Success,FailReason,PathLength,ExecSteps,SensingRatio,ReplansCounter,ReplansInferredFromPath,PlanCalls,PlanFailures,PlanningEffortTotal,AvgPlanningEffortPerCall,AvgPlanningEffortPerSuccess,FinalActiveVirt,MaxActiveVirt,UniqueVirtSeen,SmoothnessRad,BlockedSteps,PlanFailCount,BacktrackTries,BacktrackFail,DebugStatus,AgentVirtualTotalSeenRaw,AgentVirtualMaxActiveRaw,AgentVirtualTotalCreatedRaw,ComputeTime,CollisionCount,FinalGoalDist,RocksSensed,TotalRocks,Scenario,Seed
True,None,37.7,377,0.4375,3,2,3,0,158.0,52.667,52.667,0,0,0,1.857,0,0,0,False,moving to wp 37 (d=0.56),0,0,0,1.0396,0,0.4519,35,80,A,5000
True,None,41.0,410,0.6125,10,9,10,0,404.0,40.4,40.4,0,0,0,20.459,0,0,0,False,moving to wp 17 (d=0.33),0,0,0,2.6246,0,0.4298,49,80,A,5001
True,None,37.3,373,0.475,6,5,6,1,235.0,39.167,47.0,1,1,1,6.467,0,0,0,False,moving to wp 20 (d=0.64),3,1,1,1.7097,0,0.4916,38,80,A,5002
True,None,45.951,460,0.4875,14,11,14,1,490.0,35.0,37.692,3,3,3,23.22,0,2,2,False,moving to wp 18 (d=0.26),32,3,3,2.9614,0,0.4011,39,80,A,5003
True,None,40.5,405,0.45,9,8,9,0,430.0,47.778,47.778,0,0,0,9.736,0,0,0,False,moving to wp 25 (d=0.35),0,0,0,1.9046,0,0.4386,36,80,A,5004
True,None,43.5,435,0.6,15,13,15,2,612.0,40.8,47.077,3,3,3,21.993,0,1,1,False,moving to wp 23 (d=0.37),30,3,3,3.6108,0,0.4423,48,80,A,5005
True,None,38.4,384,0.4875,9,8,9,0,349.0,38.778,38.778,0,0,0,12.477,0,0,0,False,moving to wp 13 (d=0.13),0,0,0,1.6885,0,0.4171,39,80,A,5006
True,None,37.9,379,0.3875,7,6,7,0,276.0,39.429,39.429,0,0,0,7.709,0,0,0,False,moving to wp 15 (d=0.31),0,0,0,1.4469,0,0.4046,31,80,A,5007
True,None,38.6,386,0.3375,7,6,7,4,343.0,49.0,114.333,4,4,4,9.242,0,0,0,False,moving to wp 24 (d=0.48),16,4,4,1.7171,0,0.4789,27,80,A,5008
True,None,38.4,384,0.425,7,6,7,1,339.0,48.429,56.5,1,1,1,4.847,0,0,0,False,moving to wp 23 (d=0.29),2,1,1,1.5931,0,0.4891,34,80,A,5009
True,None,39.7,397,0.3625,5,4,5,1,201.0,40.2,50.25,1,1,1,9.122,0,0,0,False,moving to wp 19 (d=0.50),2,1,1,1.3582,0,0.4156,29,80,A,5010
True,None,37.4,374,0.425,4,3,4,0,181.0,45.25,45.25,0,0,0,5.725,0,0,0,False,moving to wp 28 (d=0.40),0,0,0,1.2247,0,0.4558,34,80,A,5011
True,None,35.5,355,0.45,7,6,7,0,342.0,48.857,48.857,0,0,0,6.329,0,0,0,False,moving to wp 17 (d=0.19),0,0,0,1.2941,0,0.4426,36,80,A,5012
True,None,36.3,363,0.45,7,6,7,1,314.0,44.857,52.333,1,1,1,7.342,0,0,0,False,moving to wp 23 (d=0.18),5,1,1,1.5598,0,0.4625,36,80,A,5013
True,None,43.401,435,0.475,14,11,14,3,502.0,35.857,45.636,5,5,5,21.233,0,2,2,False,moving to wp 18 (d=0.48),41,5,5,2.86,0,0.4493,38,80,A,5014
True,None,38.6,386,0.3875,3,2,3,0,163.0,54.333,54.333,0,0,0,3.864,0,0,0,False,moving to wp 41 (d=0.35),0,0,0,1.0265,0,0.4084,31,80,A,5015
True,None,35.8,358,0.425,9,8,9,0,372.0,41.333,41.333,0,0,0,6.674,0,0,0,False,moving to wp 31 (d=0.14),0,0,0,2.0803,0,0.447,34,80,A,5016
True,None,38.6,386,0.5875,8,7,8,2,301.0,37.625,50.167,2,2,2,11.267,0,0,0,False,moving to wp 14 (d=0.24),11,2,2,2.2815,0,0.4733,47,80,A,5017
True,None,51.494,517,0.45,13,7,13,5,356.0,27.385,44.5,10,10,10,28.129,0,5,5,False,moving to wp 17 (d=0.37),58,10,10,2.5759,0,0.4327,36,80,A,5018
True,None,38.3,383,0.5375,7,6,7,2,307.0,43.857,61.4,2,2,2,8.368,0,0,0,False,moving to wp 17 (d=0.26),6,2,2,1.874,0,0.4152,43,80,A,5019
True,None,38.4,384,0.3875,8,7,8,0,304.0,38.0,38.0,0,0,0,7.411,0,0,0,False,moving to wp 14 (d=0.14),0,0,0,1.47,0,0.4311,31,80,A,5020
True,None,37.2,372,0.475,6,5,6,0,255.0,42.5,42.5,0,0,0,5.614,0,0,0,False,moving to wp 15 (d=0.32),0,0,0,1.5104,0,0.4373,38,80,A,5021
True,None,37.4,374,0.475,6,5,6,0,289.0,48.167,48.167,0,0,0,7.255,0,0,0,False,moving to wp 19 (d=0.56),0,0,0,1.3149,0,0.4561,38,80,A,5022
True,None,36.4,364,0.4625,8,7,8,0,338.0,42.25,42.25,0,0,0,5.821,0,0,0,False,moving to wp 16 (d=0.21),0,0,0,1.7252,0,0.4897,37,80,A,5023
True,None,36.9,369,0.45,6,5,6,0,253.0,42.167,42.167,0,0,0,5.478,0,0,0,False,moving to wp 23 (d=0.29),0,0,0,1.812,0,0.4831,36,80,A,5024
True,None,37.1,371,0.4875,6,5,6,0,236.0,39.333,39.333,0,0,0,8.671,0,0,0,False,moving to wp 17 (d=0.55),0,0,0,1.8124,0,0.4505,39,80,A,5025
True,None,40.8,408,0.45,8,7,8,3,365.0,45.625,73.0,3,3,3,13.149,0,0,0,False,moving to wp 23 (d=0.34),11,3,3,2.048,0,0.4848,36,80,A,5026
True,None,38.5,385,0.45,9,8,9,0,365.0,40.556,40.556,0,0,0,10.487,0,0,0,False,moving to wp 16 (d=0.67),0,0,0,1.805,0,0.4963,36,80,A,5027
True,None,36.4,364,0.4,8,7,8,0,306.0,38.25,38.25,0,0,0,11.089,0,0,0,False,moving to wp 18 (d=0.33),0,0,0,1.4931,0,0.4351,32,80,A,5028
True,None,44.648,448,0.575,16,13,16,2,506.0,31.625,36.143,4,4,4,15.721,0,2,2,False,moving to wp 14 (d=0.33),34,4,4,3.1987,0,0.4918,46,80,A,5029
True,None,39.0,390,0.5375,10,9,10,0,462.0,46.2,46.2,0,0,0,10.221,0,0,0,False,moving to wp 27 (d=0.12),0,0,0,2.355,0,0.4682,43,80,A,5030
True,None,37.2,372,0.4375,11,10,11,0,396.0,36.0,36.0,0,0,0,11.773,0,0,0,False,moving to wp 17 (d=0.35),0,0,0,2.264,0,0.4706,35,80,A,5031
True,None,37.3,373,0.4875,8,7,8,0,318.0,39.75,39.75,0,0,0,10.324,0,0,0,False,moving to wp 14 (d=0.14),0,0,0,1.8766,0,0.4374,39,80,A,5032
True,None,40.167,402,0.4875,9,7,9,2,367.0,40.778,52.429,3,3,3,15.413,0,1,1,False,moving to wp 20 (d=0.56),17,3,3,1.983,0,0.4423,39,80,A,5033
True,None,39.5,395,0.5,6,5,6,1,303.0,50.5,60.6,1,1,1,9.947,0,0,0,False,moving to wp 37 (d=0.23),3,1,1,1.6407,0,0.4806,40,80,A,5034
True,None,37.3,373,0.4375,6,5,6,0,244.0,40.667,40.667,0,0,0,6.79,0,0,0,False,moving to wp 15 (d=0.17),0,0,0,1.4343,0,0.4966,35,80,A,5035
True,None,36.8,368,0.4625,11,10,11,1,466.0,42.364,46.6,1,1,1,10.257,0,0,0,False,moving to wp 25 (d=0.62),6,1,1,2.2529,0,0.4893,37,80,A,5036
True,None,44.5,445,0.45,15,13,15,2,563.0,37.533,43.308,3,3,3,17.783,0,1,1,False,moving to wp 18 (d=0.36),19,3,3,2.9239,0,0.4484,36,80,A,5037
True,None,36.8,368,0.35,7,6,7,0,344.0,49.143,49.143,0,0,0,8.324,0,0,0,False,moving to wp 24 (d=0.48),0,0,0,1.388,0,0.4041,28,80,A,5038
True,None,42.4,424,0.4625,11,9,11,2,421.0,38.273,46.778,3,3,3,17.728,0,1,1,False,moving to wp 24 (d=0.51),5,3,3,2.2577,0,0.4066,37,80,A,5039
True,None,37.6,376,0.475,7,6,7,0,283.0,40.429,40.429,0,0,0,5.817,0,0,0,False,moving to wp 15 (d=0.51),0,0,0,1.4991,0,0.4876,38,80,A,5040
True,None,44.017,441,0.4125,11,9,11,1,408.0,37.091,40.8,2,2,2,18.818,0,1,1,False,moving to wp 26 (d=0.51),4,2,2,2.0621,0,0.4089,33,80,A,5041
True,None,38.5,385,0.4375,6,5,6,1,271.0,45.167,54.2,1,1,1,5.724,0,0,0,False,moving to wp 23 (d=0.48),3,1,1,1.476,0,0.4514,35,80,A,5042
True,None,38.6,386,0.475,14,13,14,1,611.0,43.643,47.0,1,1,1,13.243,0,0,0,False,moving to wp 21 (d=0.53),4,1,1,2.5223,0,0.4583,38,80,A,5043
True,None,36.7,367,0.45,6,5,6,0,252.0,42.0,42.0,0,0,0,5.711,0,0,0,False,moving to wp 16 (d=0.10),0,0,0,1.3585,0,0.4454,36,80,A,5044
True,None,43.6,436,0.4625,12,10,12,2,496.0,41.333,49.6,3,3,3,18.64,0,1,1,False,moving to wp 16 (d=0.11),24,3,3,2.6552,0,0.4415,37,80,A,5045
True,None,42.2,422,0.4,8,6,8,1,267.0,33.375,38.143,2,2,2,14.322,0,1,1,False,moving to wp 27 (d=0.64),8,2,2,1.7265,0,0.48,32,80,A,5046
True,None,41.6,416,0.475,10,8,10,0,392.0,39.2,39.2,1,1,1,14.705,0,1,1,False,moving to wp 13 (d=0.36),6,1,1,1.9693,0,0.4067,38,80,A,5047
True,None,41.4,414,0.4875,9,7,9,1,332.0,36.889,41.5,2,2,2,13.72,0,1,1,False,moving to wp 18 (d=0.34),9,2,2,2.0233,0,0.4713,39,80,A,5048
True,None,69.173,694,0.4625,23,12,23,13,613.0,26.652,61.3,23,23,23,41.301,0,10,10,False,moving to wp 37 (d=0.33),217,23,23,4.7141,0,0.474,37,80,A,5049
True,None,61.961,623,0.5875,22,12,22,8,599.0,27.227,42.786,17,17,17,41.385,0,9,9,False,moving to wp 16 (d=0.50),180,17,17,5.1289,0,0.4346,47,80,A,5050
True,None,42.2,422,0.375,8,6,8,4,315.0,39.375,78.75,5,5,5,17.473,0,1,1,False,moving to wp 29 (d=0.51),13,5,5,1.7781,0,0.4113,30,80,A,5051
True,None,42.5,425,0.5375,19,17,19,2,774.0,40.737,45.529,3,3,3,25.565,0,1,1,False,moving to wp 17 (d=0.54),38,3,3,3.481,0,0.4391,43,80,A,5052
True,None,38.2,382,0.4125,6,5,6,0,222.0,37.0,37.0,0,0,0,6.547,0,0,0,False,moving to wp 19 (d=0.25),0,0,0,1.5142,0,0.4503,33,80,A,5053
True,None,39.7,397,0.4375,11,10,11,2,482.0,43.818,53.556,2,2,2,12.08,0,0,0,False,moving to wp 21 (d=0.28),10,2,2,1.9418,0,0.4608,35,80,A,5054
True,None,36.7,367,0.4125,5,4,5,0,254.0,50.8,50.8,0,0,0,3.718,0,0,0,False,moving to wp 31 (d=0.65),0,0,0,1.3045,0,0.4799,33,80,A,5055
True,None,37.9,379,0.3875,6,5,6,0,286.0,47.667,47.667,0,0,0,9.209,0,0,0,False,moving to wp 20 (d=0.60),0,0,0,1.3927,0,0.4734,31,80,A,5056
True,None,49.139,493,0.5,14,10,14,4,512.0,36.571,51.2,7,7,7,19.45,0,3,3,False,moving to wp 16 (d=0.41),63,7,7,3.0361,0,0.4778,40,80,A,5057
True,None,43.2,432,0.5,10,8,10,4,350.0,35.0,58.333,5,5,5,20.069,0,1,1,False,moving to wp 13 (d=0.55),37,5,5,2.4959,0,0.4245,40,80,A,5058
True,None,44.073,441,0.4125,10,7,10,1,355.0,35.5,39.444,3,3,3,17.764,0,2,2,False,moving to wp 18 (d=0.58),9,3,3,1.7864,0,0.4315,33,80,A,5059
True,None,40.7,407,0.475,11,10,11,2,490.0,44.545,54.444,2,2,2,13.062,0,0,0,False,moving to wp 15 (d=0.38),11,2,2,2.2786,0,0.4449,38,80,A,5060
True,None,37.5,375,0.4375,4,3,4,0,149.0,37.25,37.25,0,0,0,5.535,0,0,0,False,moving to wp 20 (d=0.48),0,0,0,1.2217,0,0.4583,35,80,A,5061
True,None,36.2,362,0.425,4,3,4,0,122.0,30.5,30.5,0,0,0,5.531,0,0,0,False,moving to wp 14 (d=0.60),0,0,0,1.2718,0,0.4985,34,80,A,5062
True,None,39.9,399,0.3125,11,10,11,1,450.0,40.909,45.0,1,1,1,15.732,0,0,0,False,moving to wp 19 (d=0.25),3,1,1,1.777,0,0.4625,25,80,A,5063
True,None,38.4,384,0.375,5,4,5,1,213.0,42.6,53.25,1,1,1,7.333,0,0,0,False,moving to wp 23 (d=0.50),1,1,1,1.3934,0,0.4796,30,80,A,5064
True,None,36.6,366,0.45,7,6,7,0,223.0,31.857,31.857,0,0,0,5.639,0,0,0,False,moving to wp 14 (d=0.54),0,0,0,1.633,0,0.4925,36,80,A,5065
True,None,36.9,369,0.4125,5,4,5,0,215.0,43.0,43.0,0,0,0,5.646,0,0,0,False,moving to wp 20 (d=0.22),0,0,0,1.3074,0,0.4748,33,80,A,5066
True,None,36.4,364,0.45,8,7,8,0,331.0,41.375,41.375,0,0,0,9.346,0,0,0,False,moving to wp 19 (d=0.35),0,0,0,1.6161,0,0.4173,36,80,A,5067
True,None,42.2,422,0.525,9,7,9,0,374.0,41.556,41.556,1,1,1,15.163,0,1,1,False,moving to wp 19 (d=0.13),6,1,1,2.0148,0,0.4069,42,80,A,5068
True,None,38.6,386,0.3875,5,4,5,0,210.0,42.0,42.0,0,0,0,5.724,0,0,0,False,moving to wp 19 (d=0.54),0,0,0,1.2538,0,0.4826,31,80,A,5069
True,None,43.131,432,0.6,9,7,9,3,369.0,41.0,61.5,4,4,4,17.556,0,1,1,False,moving to wp 23 (d=0.56),11,4,4,2.5718,0,0.4565,48,80,A,5070
True,None,40.983,410,0.425,7,5,7,2,301.0,43.0,60.2,3,3,3,12.905,0,1,1,False,moving to wp 34 (d=0.49),11,3,3,1.6028,0,0.4236,34,80,A,5071
True,None,37.2,372,0.475,8,7,8,0,363.0,45.375,45.375,0,0,0,9.444,0,0,0,False,moving to wp 23 (d=0.27),0,0,0,1.8692,0,0.4569,38,80,A,5072
True,None,40.2,402,0.575,7,6,7,1,316.0,45.143,52.667,1,1,1,10.125,0,0,0,False,moving to wp 23 (d=0.38),3,1,1,1.9648,0,0.4875,46,80,A,5073
True,None,39.1,391,0.5625,12,11,12,1,500.0,41.667,45.455,1,1,1,15.091,0,0,0,False,moving to wp 23 (d=0.46),3,1,1,2.6076,0,0.4626,45,80,A,5074
True,None,40.967,410,0.4375,12,10,12,2,448.0,37.333,44.8,3,3,3,19.157,0,1,1,False,moving to wp 25 (d=0.14),17,3,3,2.4265,0,0.4216,35,80,A,5075
True,None,35.7,357,0.475,8,7,8,0,340.0,42.5,42.5,0,0,0,7.624,0,0,0,False,moving to wp 17 (d=0.19),0,0,0,1.8561,0,0.4081,38,80,A,5076
True,None,46.59,467,0.375,9,5,9,4,272.0,30.222,54.4,7,7,7,22.939,0,3,3,False,moving to wp 19 (d=0.45),32,7,7,2.0332,0,0.4244,30,80,A,5077
True,None,48.9,489,0.4,11,8,11,3,437.0,39.727,54.625,5,5,5,21.94,0,2,2,False,moving to wp 29 (d=0.10),22,5,5,2.0707,0,0.4076,32,80,A,5078
True,None,37.4,374,0.4875,14,13,14,0,533.0,38.071,38.071,0,0,0,12.353,0,0,0,False,moving to wp 18 (d=0.53),0,0,0,2.8017,0,0.4738,39,80,A,5079
True,None,38.8,388,0.45,12,11,12,1,538.0,44.833,48.909,1,1,1,9.442,0,0,0,False,moving to wp 14 (d=0.23),6,1,1,2.4217,0,0.4968,36,80,A,5080
True,None,49.779,498,0.475,13,9,13,6,436.0,33.538,62.286,9,9,9,30.208,0,3,3,False,moving to wp 22 (d=0.57),47,9,9,2.7415,0,0.4737,38,80,A,5081
True,None,37.4,374,0.5,7,6,7,0,259.0,37.0,37.0,0,0,0,8.562,0,0,0,False,moving to wp 15 (d=0.61),0,0,0,1.6596,0,0.445,40,80,A,5082
True,None,36.2,362,0.3625,6,5,6,0,231.0,38.5,38.5,0,0,0,4.722,0,0,0,False,moving to wp 15 (d=0.12),0,0,0,1.2633,0,0.4718,29,80,A,5083
True,None,36.4,364,0.5,4,3,4,0,197.0,49.25,49.25,0,0,0,3.823,0,0,0,False,moving to wp 33 (d=0.61),0,0,0,1.4299,0,0.4902,40,80,A,5084
True,None,51.227,515,0.55,17,12,17,3,542.0,31.882,38.714,7,7,7,28.337,0,4,4,False,moving to wp 19 (d=0.62),62,7,7,3.345,0,0.4858,44,80,A,5085
True,None,52.743,528,0.55,16,11,16,9,540.0,33.75,77.143,13,13,13,30.248,0,4,4,False,moving to wp 19 (d=0.36),78,13,13,3.6628,0,0.4033,44,80,A,5086
True,None,45.4,454,0.4375,11,8,11,2,337.0,30.636,37.444,4,4,4,21.213,0,2,2,False,moving to wp 15 (d=0.21),27,4,4,2.1679,0,0.4991,35,80,A,5087
True,None,42.6,426,0.375,14,12,14,0,471.0,33.643,33.643,1,1,1,18.484,0,1,1,False,moving to wp 19 (d=0.24),3,1,1,2.0722,0,0.4665,30,80,A,5088
True,None,38.2,382,0.425,8,7,8,0,343.0,42.875,42.875,0,0,0,7.538,0,0,0,False,moving to wp 21 (d=0.48),0,0,0,1.627,0,0.4298,34,80,A,5089
True,None,38.0,380,0.4375,3,2,3,0,140.0,46.667,46.667,0,0,0,1.939,0,0,0,False,moving to wp 33 (d=0.61),0,0,0,1.1443,0,0.4598,35,80,A,5090
True,None,38.5,385,0.4625,11,10,11,0,425.0,38.636,38.636,0,0,0,10.383,0,0,0,False,moving to wp 14 (d=0.62),0,0,0,2.0742,0,0.4924,37,80,A,5091
True,None,37.8,378,0.4375,5,4,5,0,221.0,44.2,44.2,0,0,0,4.643,0,0,0,False,moving to wp 20 (d=0.54),0,0,0,1.3304,0,0.4747,35,80,A,5092
True,None,37.5,375,0.4625,7,6,7,0,282.0,40.286,40.286,0,0,0,6.64,0,0,0,False,moving to wp 15 (d=0.51),0,0,0,1.6458,0,0.4129,37,80,A,5093
True,None,38.8,388,0.4125,6,5,6,0,261.0,43.5,43.5,0,0,0,5.824,0,0,0,False,moving to wp 29 (d=0.35),0,0,0,1.6428,0,0.4074,33,80,A,5094
True,None,42.71,428,0.4125,8,5,8,2,268.0,33.5,44.667,4,4,4,17.448,0,2,2,False,moving to wp 36 (d=0.56),12,4,4,1.4023,0,0.4335,33,80,A,5095
True,None,37.3,373,0.5125,8,7,8,0,352.0,44.0,44.0,0,0,0,9.415,0,0,0,False,moving to wp 19 (d=0.15),0,0,0,1.7371,0,0.4075,41,80,A,5096
True,None,37.4,374,0.4125,8,7,8,1,362.0,45.25,51.714,1,1,1,7.537,0,0,0,False,moving to wp 29 (d=0.55),1,1,1,1.9095,0,0.4574,33,80,A,5097
True,None,38.4,384,0.475,11,10,11,1,478.0,43.455,47.8,1,1,1,13.721,0,0,0,False,moving to wp 22 (d=0.34),9,1,1,2.1415,0,0.4988,38,80,A,5098
True,None,42.183,422,0.5625,9,7,9,4,368.0,40.889,73.6,5,5,5,17.344,0,1,1,False,moving to wp 18 (d=0.47),17,5,5,2.5228,0,0.4716,45,80,A,5099
True,None,41.2,412,0.55,9,7,9,1,352.0,39.111,44.0,2,2,2,13.974,0,1,1,False,moving to wp 13 (d=0.26),12,2,2,2.3394,0,0.4142,44,80,A,5100
True,None,36.9,369,0.4625,6,5,6,0,207.0,34.5,34.5,0,0,0,4.89,0,0,0,False,moving to wp 18 (d=0.52),0,0,0,1.3456,0,0.4165,37,80,A,5101
True,None,36.3,363,0.325,3,2,3,0,125.0,41.667,41.667,0,0,0,1.874,0,0,0,False,moving to wp 21 (d=0.43),0,0,0,0.9439,0,0.461,26,80,A,5102
True,None,37.3,373,0.4875,8,7,8,0,382.0,47.75,47.75,0,0,0,8.342,0,0,0,False,moving to wp 25 (d=0.28),0,0,0,1.7059,0,0.4143,39,80,A,5103
True,None,35.9,359,0.425,7,6,7,0,309.0,44.143,44.143,0,0,0,3.851,0,0,0,False,moving to wp 22 (d=0.50),0,0,0,1.4398,0,0.4928,34,80,A,5104
True,None,37.3,373,0.5625,4,3,4,0,202.0,50.5,50.5,0,0,0,3.752,0,0,0,False,moving to wp 22 (d=0.51),0,0,0,1.3702,0,0.4313,45,80,A,5105
True,None,36.8,368,0.3875,6,5,6,0,289.0,48.167,48.167,0,0,0,5.71,0,0,0,False,moving to wp 21 (d=0.22),0,0,0,1.3394,0,0.4128,31,80,A,5106
True,None,38.5,385,0.4125,4,3,4,1,166.0,41.5,55.333,1,1,1,6.519,0,0,0,False,moving to wp 20 (d=0.18),2,1,1,1.2291,0,0.4546,33,80,A,5107
True,None,39.0,390,0.3625,4,3,4,1,222.0,55.5,74.0,1,1,1,5.728,0,0,0,False,moving to wp 42 (d=0.43),1,1,1,1.0114,0,0.4514,29,80,A,5108
True,None,49.3,493,0.5,15,12,15,5,535.0,35.667,53.5,7,7,7,31.545,0,2,2,False,moving to wp 29 (d=0.16),38,7,7,3.6037,0,0.4502,40,80,A,5109
True,None,36.7,367,0.4375,7,6,7,1,319.0,45.571,53.167,1,1,1,8.56,0,0,0,False,moving to wp 25 (d=0.25),4,1,1,1.6332,0,0.4457,35,80,A,5110
True,None,40.4,404,0.475,8,7,8,1,365.0,45.625,52.143,1,1,1,11.224,0,0,0,False,moving to wp 24 (d=0.36),6,1,1,2.0427,0,0.4814,38,80,A,5111
True,None,39.0,390,0.4125,8,7,8,1,355.0,44.375,50.714,1,1,1,11.287,0,0,0,False,moving to wp 26 (d=0.22),4,1,1,1.5979,0,0.4815,33,80,A,5112
True,None,38.3,383,0.425,5,4,5,0,230.0,46.0,46.0,0,0,0,4.84,0,0,0,False,moving to wp 20 (d=0.52),0,0,0,1.1933,0,0.4215,34,80,A,5113
True,None,37.5,375,0.3875,5,4,5,1,185.0,37.0,46.25,1,1,1,4.612,0,0,0,False,moving to wp 18 (d=0.52),1,1,1,1.272,0,0.4677,31,80,A,5114
True,None,42.794,428,0.5,10,7,10,2,299.0,29.9,37.375,4,4,4,15.575,0,2,2,False,moving to wp 16 (d=0.52),18,4,4,2.3799,0,0.4157,40,80,A,5115
True,None,38.9,389,0.5,12,11,12,1,521.0,43.417,47.364,1,1,1,12.133,0,0,0,False,moving to wp 16 (d=0.27),5,1,1,2.6534,0,0.4801,40,80,A,5116
True,None,37.7,377,0.4625,10,9,10,0,452.0,45.2,45.2,0,0,0,13.852,0,0,0,False,moving to wp 14 (d=0.44),0,0,0,1.879,0,0.4516,37,80,A,5117
True,None,37.6,376,0.4375,11,10,11,0,450.0,40.909,40.909,0,0,0,12.091,0,0,0,False,moving to wp 18 (d=0.43),0,0,0,1.9531,0,0.4764,35,80,A,5118
True,None,38.3,383,0.3875,8,7,8,0,338.0,42.25,42.25,0,0,0,6.7,0,0,0,False,moving to wp 15 (d=0.31),0,0,0,1.6267,0,0.4213,31,80,A,5119
True,None,38.0,380,0.5125,6,5,6,0,255.0,42.5,42.5,0,0,0,8.287,0,0,0,False,moving to wp 30 (d=0.42),0,0,0,1.8425,0,0.488,41,80,A,5120
True,None,40.867,409,0.425,7,5,7,2,246.0,35.143,49.2,3,3,3,15.592,0,1,1,False,moving to wp 25 (d=0.38),5,3,3,1.7366,0,0.4334,34,80,A,5121
True,None,53.409,536,0.475,15,9,15,3,382.0,25.467,31.833,8,8,8,26.972,0,5,5,False,moving to wp 22 (d=0.14),37,8,8,2.7818,0,0.4508,38,80,A,5122
True,None,37.9,379,0.625,9,8,9,0,339.0,37.667,37.667,0,0,0,11.983,0,0,0,False,moving to wp 16 (d=0.52),0,0,0,2.5725,0,0.4169,50,80,A,5123
True,None,38.7,387,0.5,12,11,12,0,495.0,41.25,41.25,0,0,0,14.885,0,0,0,False,moving to wp 21 (d=0.36),0,0,0,2.5618,0,0.4909,40,80,A,5124
True,None,38.5,385,0.475,9,8,9,0,403.0,44.778,44.778,0,0,0,12.271,0,0,0,False,moving to wp 13 (d=0.12),0,0,0,1.8097,0,0.4475,38,80,A,5125
True,None,37.5,375,0.2875,2,1,2,0,94.0,47.0,47.0,0,0,0,0.967,0,0,0,False,moving to wp 26 (d=0.33),0,0,0,0.8108,0,0.4661,23,80,A,5126
True,None,40.0,400,0.475,12,11,12,0,481.0,40.083,40.083,0,0,0,15.203,0,0,0,False,moving to wp 17 (d=0.22),0,0,0,2.4451,0,0.4301,38,80,A,5127
True,None,46.517,466,0.4375,9,5,9,1,315.0,35.0,39.375,4,4,4,19.826,0,3,3,False,moving to wp 41 (d=0.18),17,4,4,1.9694,0,0.4577,35,80,A,5128
True,None,38.9,389,0.4875,10,9,10,1,404.0,40.4,44.889,1,1,1,15.169,0,0,0,False,moving to wp 17 (d=0.28),7,1,1,2.5367,0,0.4079,39,80,A,5129
True,None,37.5,375,0.5125,9,8,9,0,319.0,35.444,35.444,0,0,0,9.323,0,0,0,False,moving to wp 17 (d=0.37),0,0,0,2.0382,0,0.4417,41,80,A,5130
True,None,39.1,391,0.5,13,12,13,1,553.0,42.538,46.083,1,1,1,12.371,0,0,0,False,moving to wp 13 (d=0.16),9,1,1,2.6716,0,0.4753,40,80,A,5131
True,None,51.0,510,0.45,12,7,12,2,267.0,22.25,26.7,6,6,6,33.457,0,4,4,False,moving to wp 24 (d=0.55),48,6,6,2.6299,0,0.4546,36,80,A,5132
True,None,41.1,411,0.4,9,7,9,3,308.0,34.222,51.333,4,4,4,16.535,0,1,1,False,moving to wp 19 (d=0.34),14,4,4,2.0107,0,0.4682,32,80,A,5133
True,None,36.4,364,0.4125,6,5,6,0,243.0,40.5,40.5,0,0,0,7.525,0,0,0,False,moving to wp 23 (d=0.49),0,0,0,1.4097,0,0.4661,33,80,A,5134
True,None,39.3,393,0.5125,10,9,10,0,472.0,47.2,47.2,0,0,0,10.442,0,0,0,False,moving to wp 26 (d=0.42),0,0,0,2.1755,0,0.4487,41,80,A,5135
True,None,36.1,361,0.4375,4,3,4,0,177.0,44.25,44.25,0,0,0,2.901,0,0,0,False,moving to wp 22 (d=0.37),0,0,0,1.1881,0,0.4478,35,80,A,5136
True,None,35.8,358,0.425,7,6,7,0,275.0,39.286,39.286,0,0,0,6.626,0,0,0,False,moving to wp 14 (d=0.43),0,0,0,1.6467,0,0.4502,34,80,A,5137
True,None,43.5,435,0.3125,8,6,8,4,370.0,46.25,92.5,5,5,5,16.694,0,1,1,False,moving to wp 32 (d=0.12),23,5,5,1.7315,0,0.477,25,80,A,5138
True,None,43.983,440,0.5875,12,10,12,4,457.0,38.083,57.125,5,5,5,19.185,0,1,1,False,moving to wp 14 (d=0.50),37,5,5,2.7805,0,0.4016,47,80,A,5139
True,None,43.3,433,0.5125,11,9,11,3,433.0,39.364,54.125,4,4,4,21.334,0,1,1,False,moving to wp 15 (d=0.12),21,4,4,2.5561,0,0.4016,41,80,A,5140
True,None,59.803,601,0.5625,19,10,19,6,548.0,28.842,42.154,14,14,14,43.272,0,8,8,False,moving to wp 21 (d=0.28),148,14,14,3.6025,0,0.4755,45,80,A,5141
True,None,37.2,372,0.4125,5,4,5,1,190.0,38.0,47.5,1,1,1,4.653,0,0,0,False,moving to wp 17 (d=0.49),4,1,1,1.4679,0,0.4882,33,80,A,5142
True,None,37.7,377,0.5125,8,7,8,2,312.0,39.0,52.0,2,2,2,9.91,0,0,0,False,moving to wp 23 (d=0.33),10,2,2,2.2453,0,0.4719,41,80,A,5143
True,None,38.8,388,0.55,14,13,14,2,571.0,40.786,47.583,2,2,2,10.286,0,0,0,False,moving to wp 23 (d=0.52),12,2,2,3.2862,0,0.4222,44,80,A,5144
True,None,40.6,406,0.425,9,7,9,0,384.0,42.667,42.667,1,1,1,15.708,0,1,1,False,moving to wp 21 (d=0.33),5,1,1,1.6945,0,0.4736,34,80,A,5145
True,None,64.665,650,0.4875,21,10,21,8,569.0,27.095,43.769,18,18,18,44.411,0,10,10,False,moving to wp 26 (d=0.22),170,18,18,4.0023,0,0.4046,39,80,A,5146
True,None,49.807,500,0.4625,14,9,14,6,504.0,36.0,63.0,10,10,10,19.88,0,4,4,False,moving to wp 31 (d=0.15),88,10,10,2.9836,0,0.4777,37,80,A,5147
True,None,37.8,378,0.475,7,6,7,0,305.0,43.571,43.571,0,0,0,8.399,0,0,0,False,moving to wp 17 (d=0.49),0,0,0,1.725,0,0.4809,38,80,A,5148
True,None,44.643,447,0.45,12,9,12,3,511.0,42.583,56.778,5,5,5,23.892,0,2,2,False,moving to wp 20 (d=0.17),34,5,5,2.443,0,0.4011,36,80,A,5149
True,None,36.0,360,0.4125,7,6,7,1,300.0,42.857,50.0,1,1,1,5.664,0,0,0,False,moving to wp 22 (d=0.21),4,1,1,1.6682,0,0.4294,33,80,A,5150
True,None,39.6,396,0.525,8,7,8,0,281.0,35.125,35.125,0,0,0,8.404,0,0,0,False,moving to wp 20 (d=0.37),0,0,0,2.0482,0,0.4094,42,80,A,5151
True,None,37.7,377,0.425,7,6,7,0,268.0,38.286,38.286,0,0,0,8.642,0,0,0,False,moving to wp 15 (d=0.31),0,0,0,1.7227,0,0.405,34,80,A,5152
True,None,38.8,388,0.5,5,4,5,1,226.0,45.2,56.5,1,1,1,6.646,0,0,0,False,moving to wp 20 (d=0.52),2,1,1,1.4168,0,0.415,40,80,A,5153
True,None,37.9,379,0.4375,9,8,9,0,393.0,43.667,43.667,0,0,0,8.298,0,0,0,False,moving to wp 16 (d=0.61),0,0,0,1.773,0,0.487,35,80,A,5154
True,None,36.6,366,0.4875,8,7,8,0,370.0,46.25,46.25,0,0,0,8.61,0,0,0,False,moving to wp 22 (d=0.38),0,0,0,1.7728,0,0.4408,39,80,A,5155
True,None,38.8,388,0.45,11,10,11,0,455.0,41.364,41.364,0,0,0,10.202,0,0,0,False,moving to wp 18 (d=0.66),0,0,0,2.1854,0,0.4772,36,80,A,5156
True,None,38.7,387,0.3625,5,4,5,0,239.0,47.8,47.8,0,0,0,5.27,0,0,0,False,moving to wp 38 (d=0.59),0,0,0,1.2261,0,0.4262,29,80,A,5157
True,None,39.7,397,0.5625,9,7,9,2,383.0,42.556,54.714,3,3,3,15.91,0,1,1,False,moving to wp 22 (d=0.59),14,3,3,2.1136,0,0.4541,45,80,A,5158
True,None,37.4,374,0.4375,3,2,3,0,141.0,47.0,47.0,0,0,0,2.828,0,0,0,False,moving to wp 35 (d=0.65),0,0,0,1.2004,0,0.4961,35,80,A,5159
True,None,36.5,365,0.4125,5,4,5,0,261.0,52.2,52.2,0,0,0,2.908,0,0,0,False,moving to wp 21 (d=0.52),0,0,0,1.0866,0,0.4557,33,80,A,5160
True,None,40.2,402,0.4,10,9,10,0,429.0,42.9,42.9,0,0,0,11.893,0,0,0,False,moving to wp 16 (d=0.20),0,0,0,1.9629,0,0.4867,32,80,A,5161
True,None,39.8,398,0.35,7,6,7,1,321.0,45.857,53.5,1,1,1,9.545,0,0,0,False,moving to wp 22 (d=0.47),2,1,1,1.4146,0,0.4349,28,80,A,5162
True,None,38.1,381,0.4,8,7,8,0,303.0,37.875,37.875,0,0,0,8.28,0,0,0,False,moving to wp 16 (d=0.24),0,0,0,1.702,0,0.427,32,80,A,5163
True,None,35.6,356,0.325,5,4,5,1,222.0,44.4,55.5,1,1,1,4.794,0,0,0,False,moving to wp 23 (d=0.39),3,1,1,1.2075,0,0.4797,26,80,A,5164
True,None,42.3,423,0.4375,8,6,8,2,304.0,38.0,50.667,3,3,3,17.089,0,1,1,False,moving to wp 19 (d=0.40),11,3,3,1.7096,0,0.4125,35,80,A,5165
True,None,37.8,378,0.425,8,7,8,0,341.0,42.625,42.625,0,0,0,8.576,0,0,0,False,moving to wp 19 (d=0.14),0,0,0,1.7476,0,0.4796,34,80,A,5166
True,None,42.6,426,0.45,11,9,11,1,445.0,40.455,44.5,2,2,2,18.435,0,1,1,False,moving to wp 14 (d=0.30),18,2,2,2.0386,0,0.4625,36,80,A,5167
True,None,39.4,394,0.5,13,12,13,1,598.0,46.0,49.833,1,1,1,11.915,0,0,0,False,moving to wp 16 (d=0.11),9,1,1,2.6052,0,0.452,40,80,A,5168
True,None,37.4,374,0.3625,4,3,4,0,182.0,45.5,45.5,0,0,0,3.839,0,0,0,False,moving to wp 26 (d=0.24),0,0,0,1.1912,0,0.4528,29,80,A,5169
True,None,41.5,415,0.4625,6,4,6,3,254.0,42.333,84.667,4,4,4,16.122,0,1,1,False,moving to wp 36 (d=0.25),15,4,4,1.5862,0,0.4883,37,80,A,5170
True,None,45.0,450,0.4625,9,7,9,4,365.0,40.556,73.0,5,5,5,19.381,0,1,1,False,moving to wp 15 (d=0.61),27,5,5,2.054,0,0.4563,37,80,A,5171
True,None,39.1,391,0.55,9,8,9,1,352.0,39.111,44.0,1,1,1,9.87,0,0,0,False,moving to wp 17 (d=0.45),3,1,1,2.4631,0,0.4001,44,80,A,5172
True,None,39.9,399,0.5,6,5,6,2,277.0,46.167,69.25,2,2,2,11.721,0,0,0,False,moving to wp 16 (d=0.60),6,2,2,1.4868,0,0.4449,40,80,A,5173
True,None,50.965,510,0.5,14,10,14,7,446.0,31.857,63.714,10,10,10,29.52,0,3,3,False,moving to wp 17 (d=0.15),66,10,10,2.9153,0,0.4669,40,80,A,5174
True,None,37.3,373,0.475,4,3,4,0,232.0,58.0,58.0,0,0,0,1.851,0,0,0,False,moving to wp 51 (d=0.22),0,0,0,1.1685,0,0.448,38,80,A,5175
True,None,62.373,627,0.55,22,13,22,12,669.0,30.409,66.9,20,20,20,46.11,0,8,8,False,moving to wp 22 (d=0.56),179,20,20,4.5745,0,0.4295,44,80,A,5176
True,None,38.2,382,0.3875,4,3,4,1,198.0,49.5,66.0,1,1,1,4.904,0,0,0,False,moving to wp 18 (d=0.47),3,1,1,1.0538,0,0.4842,31,80,A,5177
True,None,53.463,537,0.425,15,8,15,17,378.0,25.2,0.0,23,23,23,18.323,0,6,6,False,moving to wp 15 (d=0.58),180,23,23,3.4009,0,0.4452,34,80,A,5178
True,None,44.813,449,0.375,12,9,12,3,449.0,37.417,49.889,5,5,5,20.867,0,2,2,False,moving to wp 15 (d=0.52),38,5,5,2.1868,0,0.4181,30,80,A,5179
True,None,38.4,384,0.4625,4,3,4,0,226.0,56.5,56.5,0,0,0,3.844,0,0,0,False,moving to wp 46 (d=0.19),0,0,0,1.1428,0,0.4715,37,80,A,5180
True,None,38.0,380,0.45,6,5,6,1,222.0,37.0,44.4,1,1,1,9.405,0,0,0,False,moving to wp 19 (d=0.56),2,1,1,1.6222,0,0.4101,36,80,A,5181
True,None,40.4,404,0.4625,10,9,10,0,401.0,40.1,40.1,0,0,0,11.38,0,0,0,False,moving to wp 16 (d=0.40),0,0,0,2.1886,0,0.4034,37,80,A,5182
True,None,58.921,592,0.4375,20,11,20,8,533.0,26.65,44.417,16,16,16,38.101,0,8,8,False,moving to wp 20 (d=0.22),202,16,16,4.2323,0,0.4367,35,80,A,5183
True,None,44.6,446,0.4125,11,9,11,5,447.0,40.636,74.5,6,6,6,18.661,0,1,1,False,moving to wp 23 (d=0.65),24,6,6,2.469,0,0.4837,33,80,A,5184
True,None,46.209,463,0.475,12,8,12,3,402.0,33.5,44.667,6,6,6,19.132,0,3,3,False,moving to wp 26 (d=0.54),25,6,6,2.2585,0,0.4873,38,80,A,5185
True,None,37.8,378,0.3625,2,1,2,0,125.0,62.5,62.5,0,0,0,1.949,0,0,0,False,moving to wp 58 (d=0.47),0,0,0,0.8202,0,0.4596,29,80,A,5186
True,None,36.4,364,0.3875,4,3,4,0,143.0,35.75,35.75,0,0,0,3.878,0,0,0,False,moving to wp 19 (d=0.54),0,0,0,1.1679,0,0.4006,31,80,A,5187
True,None,36.8,368,0.45,9,8,9,0,390.0,43.333,43.333,0,0,0,8.286,0,0,0,False,moving to wp 14 (d=0.51),0,0,0,1.7553,0,0.4071,36,80,A,5188
True,None,36.8,368,0.5375,6,5,6,0,287.0,47.833,47.833,0,0,0,4.753,0,0,0,False,moving to wp 31 (d=0.34),0,0,0,1.8386,0,0.435,43,80,A,5189
True,None,38.6,386,0.375,5,4,5,0,204.0,40.8,40.8,0,0,0,4.801,0,0,0,False,moving to wp 17 (d=0.52),0,0,0,1.3757,0,0.4235,30,80,A,5190
True,None,45.924,461,0.525,12,8,12,3,366.0,30.5,40.667,6,6,6,25.681,0,3,3,False,moving to wp 17 (d=0.44),53,6,6,2.443,0,0.4901,42,80,A,5191
True,None,40.5,405,0.425,12,11,12,2,467.0,38.917,46.7,2,2,2,13.953,0,0,0,False,moving to wp 17 (d=0.34),6,2,2,2.0993,0,0.4154,34,80,A,5192
True,None,39.1,391,0.475,6,5,6,1,252.0,42.0,50.4,1,1,1,10.942,0,0,0,False,moving to wp 25 (d=0.53),1,1,1,1.7153,0,0.4306,38,80,A,5193
True,None,46.117,462,0.4875,10,7,10,7,399.0,39.9,133.0,9,9,9,20.256,0,2,2,False,moving to wp 23 (d=0.59),34,9,9,2.7198,0,0.4293,39,80,A,5194
True,None,36.3,363,0.4125,7,6,7,0,328.0,46.857,46.857,0,0,0,5.71,0,0,0,False,moving to wp 35 (d=0.39),0,0,0,1.454,0,0.4384,33,80,A,5195
True,None,36.0,360,0.45,8,7,8,0,353.0,44.125,44.125,0,0,0,5.808,0,0,0,False,moving to wp 20 (d=0.53),0,0,0,1.5835,0,0.4901,36,80,A,5196
True,None,51.952,520,0.5,19,14,19,7,538.0,28.316,44.833,11,11,11,30.644,0,4,4,False,moving to wp 20 (d=0.28),74,11,11,3.6966,0,0.4292,40,80,A,5197
True,None,44.154,443,0.4375,7,4,7,1,223.0,31.857,37.167,3,3,3,15.13,0,2,2,False,moving to wp 27 (d=0.62),8,3,3,1.5934,0,0.4405,35,80,A,5198
True,None,36.4,364,0.4625,6,5,6,0,248.0,41.333,41.333,0,0,0,6.375,0,0,0,False,moving to wp 15 (d=0.63),0,0,0,1.523,0,0.487,37,80,A,5199
True,None,42.7,427,0.4,9,7,9,1,395.0,43.889,49.375,2,2,2,14.79,0,1,1,False,moving to wp 32 (d=0.63),11,2,2,1.7565,0,0.4932,32,80,A,5200
True,None,39.4,394,0.4875,9,8,9,1,380.0,42.222,47.5,1,1,1,12.158,0,0,0,False,moving to wp 21 (d=0.51),3,1,1,1.8925,0,0.4728,39,80,A,5201
True,None,54.378,545,0.6,24,18,24,4,764.0,31.833,38.2,9,9,9,39.798,0,5,5,False,moving to wp 24 (d=0.61),79,9,9,4.9004,0,0.4685,48,80,A,5202
True,None,43.4,434,0.475,11,9,11,4,458.0,41.636,65.429,5,5,5,18.048,0,1,1,False,moving to wp 25 (d=0.50),33,5,5,2.4738,0,0.4005,38,80,A,5203
True,None,36.4,364,0.4125,4,3,4,0,197.0,49.25,49.25,0,0,0,4.469,0,0,0,False,moving to wp 23 (d=0.59),0,0,0,1.1456,0,0.4441,33,80,A,5204
True,None,39.9,399,0.4625,6,4,6,1,241.0,40.167,48.2,2,2,2,10.106,0,1,1,False,moving to wp 26 (d=0.43),8,2,2,1.3158,0,0.4056,37,80,A,5205
True,None,40.8,408,0.4375,12,10,12,1,444.0,37.0,40.364,2,2,2,17.457,0,1,1,False,moving to wp 21 (d=0.62),7,2,2,2.3141,0,0.4681,35,80,A,5206
True,None,36.6,366,0.4125,8,7,8,1,357.0,44.625,51.0,1,1,1,7.607,0,0,0,False,moving to wp 26 (d=0.63),7,1,1,1.9326,0,0.4898,33,80,A,5207
True,None,34.8,348,0.4375,6,5,6,0,243.0,40.5,40.5,0,0,0,5.718,0,0,0,False,moving to wp 20 (d=0.50),0,0,0,1.542,0,0.4797,35,80,A,5208
True,None,37.3,373,0.4625,9,8,9,0,341.0,37.889,37.889,0,0,0,6.654,0,0,0,False,moving to wp 16 (d=0.38),0,0,0,1.7259,0,0.4375,37,80,A,5209
True,None,37.4,374,0.475,7,6,7,0,308.0,44.0,44.0,0,0,0,5.619,0,0,0,False,moving to wp 19 (d=0.35),0,0,0,1.4456,0,0.4437,38,80,A,5210
True,None,37.5,375,0.3625,5,4,5,0,217.0,43.4,43.4,0,0,0,6.78,0,0,0,False,moving to wp 17 (d=0.39),0,0,0,1.1558,0,0.4599,29,80,A,5211
True,None,41.6,416,0.425,8,6,8,2,269.0,33.625,44.833,3,3,3,13.827,0,1,1,False,moving to wp 17 (d=0.45),20,3,3,1.8234,0,0.47,34,80,A,5212
True,None,37.0,370,0.4125,9,8,9,0,339.0,37.667,37.667,0,0,0,8.609,0,0,0,False,moving to wp 17 (d=0.59),0,0,0,1.7784,0,0.4764,33,80,A,5213
True,None,67.488,679,0.5375,20,9,20,6,378.0,18.9,27.0,16,16,16,34.281,0,10,10,False,moving to wp 16 (d=0.31),149,16,16,4.1209,0,0.4847,43,80,A,5214
True,None,38.7,387,0.4625,9,8,9,0,390.0,43.333,43.333,0,0,0,8.617,0,0,0,False,moving to wp 22 (d=0.50),0,0,0,1.7234,0,0.4237,37,80,A,5215
True,None,41.7,417,0.45,11,9,11,1,418.0,38.0,41.8,2,2,2,15.828,0,1,1,False,moving to wp 18 (d=0.26),6,2,2,2.1167,0,0.4274,36,80,A,5216
True,None,36.6,366,0.475,7,6,7,0,265.0,37.857,37.857,0,0,0,7.708,0,0,0,False,moving to wp 13 (d=0.36),0,0,0,1.7587,0,0.4099,38,80,A,5217
True,None,40.0,400,0.45,7,6,7,1,251.0,35.857,41.833,1,1,1,9.495,0,0,0,False,moving to wp 17 (d=0.33),1,1,1,1.9121,0,0.4449,36,80,A,5218
True,None,37.3,373,0.3625,7,6,7,0,327.0,46.714,46.714,0,0,0,8.293,0,0,0,False,moving to wp 28 (d=0.30),0,0,0,1.4708,0,0.4185,29,80,A,5219
True,None,41.0,410,0.5375,10,8,10,0,365.0,36.5,36.5,1,1,1,19.193,0,1,1,False,moving to wp 18 (d=0.68),8,1,1,2.2707,0,0.4976,43,80,A,5220
True,None,42.5,425,0.525,6,4,6,1,234.0,39.0,46.8,2,2,2,14.623,0,1,1,False,moving to wp 13 (d=0.53),8,2,2,1.4915,0,0.4265,42,80,A,5221
True,None,44.139,442,0.4,7,4,7,2,266.0,38.0,53.2,4,4,4,12.734,0,2,2,False,moving to wp 35 (d=0.18),14,4,4,1.5334,0,0.4396,32,80,A,5222
True,None,39.4,394,0.45,7,6,7,0,287.0,41.0,41.0,0,0,0,5.724,0,0,0,False,moving to wp 13 (d=0.15),0,0,0,1.6196,0,0.4702,36,80,A,5223
True,None,38.8,388,0.4375,6,5,6,0,234.0,39.0,39.0,0,0,0,9.026,0,0,0,False,moving to wp 20 (d=0.27),0,0,0,1.4477,0,0.4492,35,80,A,5224
True,None,37.0,370,0.3625,7,6,7,0,270.0,38.571,38.571,0,0,0,9.462,0,0,0,False,moving to wp 16 (d=0.38),0,0,0,1.5036,0,0.407,29,80,A,5225
True,None,39.0,390,0.5,8,7,8,0,327.0,40.875,40.875,0,0,0,8.634,0,0,0,False,moving to wp 13 (d=0.46),0,0,0,1.9001,0,0.4277,40,80,A,5226
True,None,41.1,411,0.45,9,7,9,2,369.0,41.0,52.714,3,3,3,13.759,0,1,1,False,moving to wp 16 (d=0.19),13,3,3,2.0144,0,0.4522,36,80,A,5227
True,None,52.203,524,0.4625,13,8,13,5,421.0,32.385,52.625,9,9,9,31.46,0,4,4,False,moving to wp 19 (d=0.25),76,9,9,2.8201,0,0.472,37,80,A,5228
True,None,38.2,382,0.4125,7,6,7,0,296.0,42.286,42.286,0,0,0,8.698,0,0,0,False,moving to wp 21 (d=0.12),0,0,0,1.6538,0,0.4357,33,80,A,5229
True,None,36.6,366,0.4625,7,6,7,0,276.0,39.429,39.429,0,0,0,3.876,0,0,0,False,moving to wp 24 (d=0.50),0,0,0,1.736,0,0.4016,37,80,A,5230
True,None,41.2,412,0.45,10,8,10,1,439.0,43.9,48.778,2,2,2,14.39,0,1,1,False,moving to wp 23 (d=0.49),12,2,2,1.9775,0,0.4943,36,80,A,5231
True,None,38.2,382,0.475,8,7,8,1,393.0,49.125,56.143,1,1,1,6.606,0,0,0,False,moving to wp 20 (d=0.33),4,1,1,1.8885,0,0.4053,38,80,A,5232
True,None,37.2,372,0.3625,5,4,5,0,228.0,45.6,45.6,0,0,0,4.733,0,0,0,False,moving to wp 26 (d=0.43),0,0,0,1.1669,0,0.4157,29,80,A,5233
True,None,37.1,371,0.4375,5,4,5,0,225.0,45.0,45.0,0,0,0,3.844,0,0,0,False,moving to wp 20 (d=0.14),0,0,0,1.3479,0,0.4455,35,80,A,5234
True,None,37.9,379,0.35,8,7,8,0,390.0,48.75,48.75,0,0,0,7.419,0,0,0,False,moving to wp 22 (d=0.21),0,0,0,1.3328,0,0.4014,28,80,A,5235
True,None,38.5,385,0.5375,11,10,11,0,498.0,45.273,45.273,0,0,0,12.165,0,0,0,False,moving to wp 26 (d=0.21),0,0,0,2.487,0,0.4135,43,80,A,5236
True,None,37.8,378,0.425,5,4,5,1,246.0,49.2,61.5,1,1,1,7.354,0,0,0,False,moving to wp 36 (d=0.11),4,1,1,1.3316,0,0.4127,34,80,A,5237
True,None,39.0,390,0.4,6,5,6,0,249.0,41.5,41.5,0,0,0,6.869,0,0,0,False,moving to wp 18 (d=0.18),0,0,0,1.4109,0,0.4401,32,80,A,5238
True,None,53.623,538,0.6375,15,9,15,11,519.0,34.6,129.75,16,16,16,31.833,0,5,5,False,moving to wp 30 (d=0.46),112,16,16,4.308,0,0.4011,51,80,A,5239
True,None,40.2,402,0.475,11,10,11,1,441.0,40.091,44.1,1,1,1,13.922,0,0,0,False,moving to wp 13 (d=0.45),6,1,1,2.2055,0,0.4265,38,80,A,5240
True,None,41.733,418,0.475,9,7,9,2,344.0,38.222,49.143,3,3,3,15.821,0,1,1,False,moving to wp 23 (d=0.65),10,3,3,2.1624,0,0.4893,38,80,A,5241
True,None,37.3,373,0.3875,6,5,6,0,205.0,34.167,34.167,0,0,0,6.529,0,0,0,False,moving to wp 15 (d=0.51),0,0,0,1.4186,0,0.4735,31,80,A,5242
True,None,38.5,385,0.4875,7,6,7,1,318.0,45.429,53.0,1,1,1,9.655,0,0,0,False,moving to wp 25 (d=0.65),5,1,1,1.732,0,0.4892,39,80,A,5243
True,None,39.7,397,0.4875,10,9,10,1,439.0,43.9,48.778,1,1,1,8.629,0,0,0,False,moving to wp 23 (d=0.27),8,1,1,2.0091,0,0.4328,39,80,A,5244
True,None,37.5,375,0.4125,7,6,7,0,285.0,40.714,40.714,0,0,0,5.617,0,0,0,False,moving to wp 17 (d=0.19),0,0,0,1.5462,0,0.4869,33,80,A,5245
True,None,37.5,375,0.4625,6,5,6,1,282.0,47.0,56.4,1,1,1,9.446,0,0,0,False,moving to wp 23 (d=0.28),2,1,1,1.4838,0,0.4756,37,80,A,5246
True,None,40.5,405,0.475,11,10,11,2,443.0,40.273,49.222,2,2,2,11.483,0,0,0,False,moving to wp 20 (d=0.52),5,2,2,2.1842,0,0.4155,38,80,A,5247
True,None,36.9,369,0.525,10,9,10,0,381.0,38.1,38.1,0,0,0,10.175,0,0,0,False,moving to wp 24 (d=0.24),0,0,0,2.0663,0,0.466,42,80,A,5248
True,None,37.6,376,0.45,10,9,10,0,401.0,40.1,40.1,0,0,0,12.087,0,0,0,False,moving to wp 13 (d=0.56),0,0,0,2.1184,0,0.4465,36,80,A,5249
True,None,36.5,365,0.325,8,7,8,0,294.0,36.75,36.75,0,0,0,10.473,0,0,0,False,moving to wp 17 (d=0.57),0,0,0,1.3705,0,0.4665,26,80,A,5250
True,None,37.2,372,0.4125,7,6,7,1,337.0,48.143,56.167,1,1,1,5.752,0,0,0,False,moving to wp 24 (d=0.55),1,1,1,1.482,0,0.4725,33,80,A,5251
True,None,50.195,503,0.475,13,9,13,6,518.0,39.846,74.0,9,9,9,26.551,0,3,3,False,moving to wp 19 (d=0.52),51,9,9,2.558,0,0.4189,38,80,A,5252
True,None,36.9,369,0.475,10,9,10,0,341.0,34.1,34.1,0,0,0,10.187,0,0,0,False,moving to wp 16 (d=0.15),0,0,0,1.7885,0,0.448,38,80,A,5253
True,None,47.4,474,0.4875,12,9,12,3,331.0,27.583,36.778,5,5,5,23.886,0,2,2,False,moving to wp 13 (d=0.26),35,5,5,2.59,0,0.4713,39,80,A,5254
True,None,48.6,486,0.4625,14,11,14,3,493.0,35.214,44.818,5,5,5,25.482,0,2,2,False,moving to wp 26 (d=0.41),28,5,5,2.7644,0,0.4668,37,80,A,5255
True,None,40.4,404,0.475,10,9,10,3,464.0,46.4,66.286,3,3,3,11.863,0,0,0,False,moving to wp 33 (d=0.45),12,3,3,2.1989,0,0.4862,38,80,A,5256
True,None,46.641,467,0.3125,8,4,8,2,250.0,31.25,41.667,5,5,5,18.893,0,3,3,False,moving to wp 17 (d=0.27),28,5,5,1.5096,0,0.4716,25,80,A,5257
True,None,46.555,467,0.575,15,11,15,3,514.0,34.267,42.833,6,6,6,27.321,0,3,3,False,moving to wp 24 (d=0.41),34,6,6,3.2765,0,0.4316,46,80,A,5258
True,None,39.5,395,0.5,8,7,8,0,363.0,45.375,45.375,0,0,0,10.38,0,0,0,False,moving to wp 19 (d=0.34),0,0,0,1.9116,0,0.4709,40,80,A,5259
True,None,37.4,374,0.5,7,6,7,1,326.0,46.571,54.333,1,1,1,7.618,0,0,0,False,moving to wp 17 (d=0.29),5,1,1,1.6713,0,0.4837,40,80,A,5260
True,None,38.7,387,0.4,8,7,8,0,352.0,44.0,44.0,0,0,0,9.279,0,0,0,False,moving to wp 22 (d=0.35),0,0,0,1.4799,0,0.4821,32,80,A,5261
True,None,45.2,452,0.5875,14,11,14,3,474.0,33.857,43.091,5,5,5,26.689,0,2,2,False,moving to wp 17 (d=0.27),41,5,5,3.4445,0,0.4025,47,80,A,5262
True,None,37.3,373,0.35,8,7,8,0,382.0,47.75,47.75,0,0,0,7.158,0,0,0,False,moving to wp 28 (d=0.11),0,0,0,1.4834,0,0.4341,28,80,A,5263
True,None,40.717,408,0.4625,9,7,9,3,325.0,36.111,54.167,4,4,4,14.466,0,1,1,False,moving to wp 26 (d=0.27),15,4,4,2.126,0,0.4025,37,80,A,5264
True,None,39.1,391,0.375,6,5,6,0,302.0,50.333,50.333,0,0,0,9.225,0,0,0,False,moving to wp 29 (d=0.35),0,0,0,1.2422,0,0.4325,30,80,A,5265
True,None,38.767,388,0.4,8,6,8,0,328.0,41.0,41.0,1,1,1,11.868,0,1,1,False,moving to wp 39 (d=0.27),2,1,1,1.6847,0,0.4871,32,80,A,5266
True,None,39.5,395,0.475,9,8,9,1,435.0,48.333,54.375,1,1,1,7.597,0,0,0,False,moving to wp 32 (d=0.52),1,1,1,2.0022,0,0.4008,38,80,A,5267
True,None,37.2,372,0.4375,10,9,10,1,364.0,36.4,40.444,1,1,1,8.364,0,0,0,False,moving to wp 13 (d=0.26),7,1,1,2.2062,0,0.456,35,80,A,5268
True,None,38.1,381,0.4625,10,9,10,0,369.0,36.9,36.9,0,0,0,13.19,0,0,0,False,moving to wp 16 (d=0.36),0,0,0,1.9604,0,0.4082,37,80,A,5269
True,None,38.9,389,0.5,12,11,12,0,507.0,42.25,42.25,0,0,0,12.984,0,0,0,False,moving to wp 17 (d=0.58),0,0,0,2.5058,0,0.4686,40,80,A,5270
True,None,36.4,364,0.4375,5,4,5,0,240.0,48.0,48.0,0,0,0,4.817,0,0,0,False,moving to wp 23 (d=0.49),0,0,0,1.5467,0,0.4577,35,80,A,5271
True,None,41.6,416,0.475,12,10,12,2,456.0,38.0,45.6,3,3,3,15.453,0,1,1,False,moving to wp 28 (d=0.48),8,3,3,2.5317,0,0.4397,38,80,A,5272
True,None,39.1,391,0.55,12,11,12,1,508.0,42.333,46.182,1,1,1,15.244,0,0,0,False,moving to wp 22 (d=0.53),2,1,1,2.5812,0,0.4305,44,80,A,5273
True,None,51.0,510,0.5,17,13,17,5,601.0,35.353,50.083,8,8,8,38.542,0,3,3,False,moving to wp 18 (d=0.57),82,8,8,3.7972,0,0.4784,40,80,A,5274
True,None,36.0,360,0.45,7,6,7,0,254.0,36.286,36.286,0,0,0,5.566,0,0,0,False,moving to wp 19 (d=0.45),0,0,0,1.5866,0,0.409,36,80,A,5275
True,None,46.239,463,0.5375,12,9,12,2,423.0,35.25,42.3,4,4,4,19.213,0,2,2,False,moving to wp 15 (d=0.52),23,4,4,2.6231,0,0.4274,43,80,A,5276
True,None,47.124,473,0.55,11,6,11,5,315.0,28.636,52.5,9,9,9,19.561,0,4,4,False,moving to wp 24 (d=0.55),51,9,9,2.4916,0,0.4387,44,80,A,5277
True,None,38.0,380,0.525,7,6,7,1,307.0,43.857,51.167,1,1,1,7.666,0,0,0,False,moving to wp 20 (d=0.20),5,1,1,1.8399,0,0.451,42,80,A,5278
True,None,40.6,406,0.375,13,11,13,1,506.0,38.923,42.167,2,2,2,18.077,0,1,1,False,moving to wp 20 (d=0.63),22,2,2,2.156,0,0.4604,30,80,A,5279
True,None,41.5,415,0.375,10,8,10,1,341.0,34.1,37.889,2,2,2,16.808,0,1,1,False,moving to wp 18 (d=0.43),14,2,2,1.8959,0,0.4097,30,80,A,5280
True,None,40.3,403,0.5125,9,8,9,1,433.0,48.111,54.125,1,1,1,14.067,0,0,0,False,moving to wp 18 (d=0.54),3,1,1,2.1698,0,0.4766,41,80,A,5281
True,None,37.8,378,0.3625,7,6,7,0,258.0,36.857,36.857,0,0,0,5.8,0,0,0,False,moving to wp 15 (d=0.11),0,0,0,1.6014,0,0.4312,29,80,A,5282
True,None,44.323,444,0.4,12,9,12,2,432.0,36.0,43.2,4,4,4,16.416,0,2,2,False,moving to wp 17 (d=0.57),32,4,4,2.1153,0,0.4625,32,80,A,5283
True,None,42.0,420,0.4625,8,6,8,1,298.0,37.25,42.571,2,2,2,13.619,0,1,1,False,moving to wp 17 (d=0.55),12,2,2,1.6314,0,0.4463,37,80,A,5284
True,None,37.9,379,0.4875,7,6,7,0,297.0,42.429,42.429,0,0,0,7.527,0,0,0,False,moving to wp 22 (d=0.51),0,0,0,1.726,0,0.4348,39,80,A,5285
True,None,36.1,361,0.5375,5,4,5,0,206.0,41.2,41.2,0,0,0,3.732,0,0,0,False,moving to wp 24 (d=0.58),0,0,0,1.5976,0,0.4435,43,80,A,5286
True,None,38.2,382,0.4,4,3,4,2,197.0,49.25,98.5,2,2,2,6.835,0,0,0,False,moving to wp 30 (d=0.33),4,2,2,1.3153,0,0.4652,32,80,A,5287
True,None,39.6,396,0.4375,20,19,20,0,713.0,35.65,35.65,0,0,0,11.447,0,0,0,False,moving to wp 17 (d=0.32),0,0,0,2.9774,0,0.4078,35,80,A,5288
True,None,46.9,469,0.5125,13,10,13,6,510.0,39.231,72.857,8,8,8,29.072,0,2,2,False,moving to wp 21 (d=0.22),53,8,8,3.1625,0,0.4228,41,80,A,5289
True,None,46.85,469,0.55,11,8,11,2,422.0,38.364,46.889,4,4,4,17.632,0,2,2,False,moving to wp 24 (d=0.54),22,4,4,2.5007,0,0.4814,44,80,A,5290
True,None,44.3,443,0.425,10,8,10,4,345.0,34.5,57.5,5,5,5,18.643,0,1,1,False,moving to wp 23 (d=0.22),12,5,5,2.4204,0,0.4513,34,80,A,5291
True,None,36.6,366,0.425,9,8,9,1,402.0,44.667,50.25,1,1,1,7.662,0,0,0,False,moving to wp 20 (d=0.60),1,1,1,1.876,0,0.4394,34,80,A,5292
True,None,39.6,396,0.4875,11,10,11,1,396.0,36.0,39.6,1,1,1,13.413,0,0,0,False,moving to wp 16 (d=0.36),6,1,1,2.5479,0,0.4034,39,80,A,5293
True,None,38.8,388,0.4375,5,4,5,1,202.0,40.4,50.5,1,1,1,3.816,0,0,0,False,moving to wp 20 (d=0.23),2,1,1,1.4611,0,0.4158,35,80,A,5294
True,None,37.2,372,0.3375,5,4,5,0,274.0,54.8,54.8,0,0,0,3.773,0,0,0,False,moving to wp 39 (d=0.12),0,0,0,1.0981,0,0.4848,27,80,A,5295
True,None,66.988,672,0.675,23,13,23,9,613.0,26.652,43.786,18,18,18,40.96,0,9,9,False,moving to wp 25 (d=0.20),180,18,18,6.2826,0,0.4691,54,80,A,5296
True,None,39.5,395,0.425,8,6,8,0,250.0,31.25,31.25,1,1,1,13.468,0,1,1,False,moving to wp 19 (d=0.27),4,1,1,1.6278,0,0.4278,34,80,A,5297
True,None,42.349,424,0.4875,9,6,9,1,292.0,32.444,36.5,3,3,3,13.69,0,2,2,False,moving to wp 18 (d=0.27),10,3,3,2.1093,0,0.4977,39,80,A,5298
True,None,37.7,377,0.3875,4,3,4,0,161.0,40.25,40.25,0,0,0,3.859,0,0,0,False,moving to wp 22 (d=0.41),0,0,0,1.414,0,0.406,31,80,A,5299
True,None,40.7,407,0.475,10,9,10,1,380.0,38.0,42.222,1,1,1,11.558,0,0,0,False,moving to wp 16 (d=0.60),7,1,1,2.5546,0,0.4183,38,80,A,5300
True,None,47.477,475,0.475,16,12,16,1,625.0,39.062,41.667,4,4,4,27.493,0,3,3,False,moving to wp 16 (d=0.57),32,4,4,2.6607,0,0.4359,38,80,A,5301
True,None,40.881,409,0.45,10,8,10,0,431.0,43.1,43.1,1,1,1,13.739,0,1,1,False,moving to wp 28 (d=0.51),6,1,1,1.7812,0,0.4119,36,80,A,5302
True,None,44.029,441,0.4875,12,9,12,3,434.0,36.167,48.222,5,5,5,20.957,0,2,2,False,moving to wp 19 (d=0.26),20,5,5,2.6568,0,0.4846,39,80,A,5303
True,None,37.5,375,0.3625,4,3,4,1,153.0,38.25,51.0,1,1,1,3.795,0,0,0,False,moving to wp 17 (d=0.38),2,1,1,1.2962,0,0.4471,29,80,A,5304
True,None,46.511,466,0.4625,12,8,12,9,379.0,31.583,126.333,12,12,12,15.492,0,3,3,False,moving to wp 31 (d=0.41),35,12,12,2.7864,0,0.4048,37,80,A,5305
True,None,37.9,379,0.425,10,9,10,0,438.0,43.8,43.8,0,0,0,12.835,0,0,0,False,moving to wp 22 (d=0.14),0,0,0,1.8649,0,0.4165,34,80,A,5306
True,None,46.183,462,0.4875,15,12,15,1,557.0,37.133,39.786,3,3,3,21.505,0,2,2,False,moving to wp 17 (d=0.15),23,3,3,2.76,0,0.4173,39,80,A,5307
True,None,39.2,392,0.425,5,4,5,0,196.0,39.2,39.2,0,0,0,8.388,0,0,0,False,moving to wp 20 (d=0.23),0,0,0,1.391,0,0.4342,34,80,A,5308
True,None,45.351,454,0.6625,16,13,16,3,568.0,35.5,43.692,5,5,5,24.495,0,2,2,False,moving to wp 13 (d=0.26),24,5,5,3.8292,0,0.4747,53,80,A,5309
True,None,39.4,394,0.4375,7,6,7,0,309.0,44.143,44.143,0,0,0,7.762,0,0,0,False,moving to wp 15 (d=0.43),0,0,0,1.5918,0,0.4733,35,80,A,5310
True,None,54.84,551,0.4875,15,9,15,7,451.0,30.067,56.375,12,12,12,30.471,0,5,5,False,moving to wp 26 (d=0.58),76,12,12,3.172,0,0.4273,39,80,A,5311
True,None,36.3,363,0.5375,12,11,12,3,522.0,43.5,58.0,3,3,3,9.534,0,0,0,False,moving to wp 21 (d=0.46),7,3,3,2.5685,0,0.4046,43,80,A,5312
True,None,38.8,388,0.3625,9,8,9,0,412.0,45.778,45.778,0,0,0,7.634,0,0,0,False,moving to wp 19 (d=0.15),0,0,0,1.5457,0,0.4077,29,80,A,5313
True,None,36.8,368,0.4375,9,8,9,0,405.0,45.0,45.0,0,0,0,6.776,0,0,0,False,moving to wp 18 (d=0.31),0,0,0,1.6448,0,0.444,35,80,A,5314
True,None,37.8,378,0.375,5,4,5,0,273.0,54.6,54.6,0,0,0,1.922,0,0,0,False,moving to wp 39 (d=0.42),0,0,0,0.9724,0,0.4337,30,80,A,5315
True,None,36.0,360,0.3375,9,8,9,0,379.0,42.111,42.111,0,0,0,6.608,0,0,0,False,moving to wp 27 (d=0.51),0,0,0,1.4541,0,0.4078,27,80,A,5316
True,None,41.617,417,0.475,9,6,9,1,293.0,32.556,36.625,3,3,3,14.652,0,2,2,False,moving to wp 12 (d=0.38),19,3,3,1.8841,0,0.4903,38,80,A,5317
True,None,42.364,424,0.425,11,9,11,2,411.0,37.364,45.667,3,3,3,14.635,0,1,1,False,moving to wp 27 (d=0.58),7,3,3,2.1476,0,0.4129,34,80,A,5318
True,None,37.9,379,0.375,9,8,9,0,426.0,47.333,47.333,0,0,0,8.739,0,0,0,False,moving to wp 29 (d=0.58),0,0,0,1.402,0,0.4643,30,80,A,5319
True,None,38.6,386,0.45,6,5,6,0,231.0,38.5,38.5,0,0,0,4.784,0,0,0,False,moving to wp 19 (d=0.53),0,0,0,1.4522,0,0.426,36,80,A,5320
True,None,38.5,385,0.5125,8,7,8,1,391.0,48.875,55.857,1,1,1,8.667,0,0,0,False,moving to wp 29 (d=0.14),6,1,1,1.8586,0,0.4753,41,80,A,5321
True,None,43.9,439,0.4125,7,5,7,2,213.0,30.429,42.6,3,3,3,14.543,0,1,1,False,moving to wp 19 (d=0.51),12,3,3,1.6731,0,0.496,33,80,A,5322
True,None,38.4,384,0.4125,7,6,7,0,336.0,48.0,48.0,0,0,0,8.347,0,0,0,False,moving to wp 22 (d=0.31),0,0,0,1.5331,0,0.418,33,80,A,5323
True,None,38.1,381,0.4625,10,9,10,0,400.0,40.0,40.0,0,0,0,11.875,0,0,0,False,moving to wp 17 (d=0.39),0,0,0,2.3107,0,0.4605,37,80,A,5324
True,None,38.4,384,0.425,4,3,4,0,179.0,44.75,44.75,0,0,0,5.774,0,0,0,False,moving to wp 16 (d=0.10),0,0,0,1.2319,0,0.4715,34,80,A,5325
True,None,51.264,514,0.475,17,13,17,2,688.0,40.471,45.867,5,5,5,28.18,0,3,3,False,moving to wp 15 (d=0.52),47,5,5,3.2247,0,0.4376,38,80,A,5326
True,None,36.2,362,0.4625,8,7,8,0,327.0,40.875,40.875,0,0,0,7.546,0,0,0,False,moving to wp 18 (d=0.47),0,0,0,1.7304,0,0.4687,37,80,A,5327
True,None,43.317,434,0.5125,11,9,11,3,461.0,41.909,57.625,4,4,4,21.376,0,1,1,False,moving to wp 18 (d=0.66),18,4,4,2.722,0,0.4921,41,80,A,5328
True,None,38.7,387,0.4625,11,10,11,0,454.0,41.273,41.273,0,0,0,9.317,0,0,0,False,moving to wp 15 (d=0.43),0,0,0,1.9493,0,0.4329,37,80,A,5329
True,None,48.5,485,0.4625,16,13,16,5,570.0,35.625,51.818,7,7,7,29.644,0,2,2,False,moving to wp 16 (d=0.41),31,7,7,3.2314,0,0.4431,37,80,A,5330
True,None,37.7,377,0.375,5,4,5,1,206.0,41.2,51.5,1,1,1,8.267,0,0,0,False,moving to wp 20 (d=0.28),2,1,1,1.2386,0,0.4422,30,80,A,5331
True,None,48.304,484,0.525,16,11,16,3,525.0,32.812,40.385,7,7,7,31.792,0,4,4,False,moving to wp 25 (d=0.59),46,7,7,3.4083,0,0.4394,42,80,A,5332
True,None,38.4,384,0.4375,6,5,6,0,252.0,42.0,42.0,0,0,0,5.64,0,0,0,False,moving to wp 21 (d=0.53),0,0,0,1.5077,0,0.4116,35,80,A,5333
True,None,43.018,431,0.4,14,11,14,0,543.0,38.786,38.786,2,2,2,22.087,0,2,2,False,moving to wp 23 (d=0.57),7,2,2,2.0178,0,0.4709,32,80,A,5334
True,None,37.3,373,0.425,6,5,6,0,266.0,44.333,44.333,0,0,0,7.437,0,0,0,False,moving to wp 14 (d=0.34),0,0,0,1.4209,0,0.4102,34,80,A,5335
True,None,40.167,402,0.475,14,12,14,1,543.0,38.786,41.769,2,2,2,17.424,0,1,1,False,moving to wp 19 (d=0.56),17,2,2,2.7915,0,0.4012,38,80,A,5336
True,None,38.5,385,0.4625,9,8,9,0,363.0,40.333,40.333,0,0,0,10.218,0,0,0,False,moving to wp 21 (d=0.65),0,0,0,1.9284,0,0.498,37,80,A,5337
True,None,38.3,383,0.475,6,5,6,1,260.0,43.333,52.0,1,1,1,8.212,0,0,0,False,moving to wp 26 (d=0.50),4,1,1,1.6315,0,0.451,38,80,A,5338
True,None,46.033,461,0.475,13,10,13,1,501.0,38.538,41.75,3,3,3,22.228,0,2,2,False,moving to wp 20 (d=0.52),15,3,3,2.3806,0,0.4583,38,80,A,5339
True,None,52.343,525,0.4375,11,6,11,8,338.0,30.727,112.667,12,12,12,18.555,0,4,4,False,moving to wp 40 (d=0.14),49,12,12,2.4572,0,0.4262,35,80,A,5340
True,None,37.6,376,0.4125,9,8,9,1,359.0,39.889,44.875,1,1,1,10.534,0,0,0,False,moving to wp 16 (d=0.47),6,1,1,2.0293,0,0.4662,33,80,A,5341
True,None,39.1,391,0.4375,9,8,9,0,326.0,36.222,36.222,0,0,0,9.43,0,0,0,False,moving to wp 17 (d=0.45),0,0,0,1.9272,0,0.401,35,80,A,5342
True,None,36.9,369,0.325,6,5,6,0,253.0,42.167,42.167,0,0,0,8.305,0,0,0,False,moving to wp 20 (d=0.20),0,0,0,1.1853,0,0.4857,26,80,A,5343
True,None,44.642,447,0.4375,12,9,12,4,363.0,30.25,45.375,6,6,6,26.515,0,2,2,False,moving to wp 20 (d=0.54),30,6,6,2.3082,0,0.4744,35,80,A,5344
True,None,58.272,584,0.5375,16,9,16,8,478.0,29.875,59.75,14,14,14,30.163,0,6,6,False,moving to wp 38 (d=0.34),89,14,14,3.2932,0,0.4215,43,80,A,5345
True,None,37.9,379,0.45,5,4,5,0,174.0,34.8,34.8,0,0,0,5.658,0,0,0,False,moving to wp 19 (d=0.30),0,0,0,1.3968,0,0.4456,36,80,A,5346
True,None,38.8,388,0.4875,8,7,8,0,344.0,43.0,43.0,0,0,0,7.421,0,0,0,False,moving to wp 18 (d=0.47),0,0,0,1.8393,0,0.4352,39,80,A,5347
True,None,37.3,373,0.5625,10,9,10,0,454.0,45.4,45.4,0,0,0,10.07,0,0,0,False,moving to wp 14 (d=0.24),0,0,0,2.1452,0,0.4559,45,80,A,5348
True,None,37.5,375,0.45,7,6,7,1,270.0,38.571,45.0,1,1,1,5.588,0,0,0,False,moving to wp 18 (d=0.57),2,1,1,1.8515,0,0.4827,36,80,A,5349
True,None,36.9,369,0.325,5,4,5,0,175.0,35.0,35.0,0,0,0,2.716,0,0,0,False,moving to wp 15 (d=0.33),0,0,0,1.1431,0,0.4529,26,80,A,5350
True,None,52.556,526,0.4625,15,10,15,6,479.0,31.933,53.222,10,10,10,28.494,0,4,4,False,moving to wp 17 (d=0.51),61,10,10,2.8333,0,0.4509,37,80,A,5351
True,None,40.7,407,0.425,10,8,10,1,383.0,38.3,42.556,2,2,2,19.048,0,1,1,False,moving to wp 21 (d=0.54),12,2,2,1.8317,0,0.4934,34,80,A,5352
True,None,37.3,373,0.4375,4,3,4,0,169.0,42.25,42.25,0,0,0,4.818,0,0,0,False,moving to wp 19 (d=0.12),0,0,0,1.2539,0,0.4697,35,80,A,5353
True,None,48.618,488,0.425,11,7,11,4,351.0,31.909,50.143,7,7,7,26.101,0,3,3,False,moving to wp 21 (d=0.29),45,7,7,2.2711,0,0.4201,34,80,A,5354
True,None,41.7,417,0.5125,7,5,7,1,209.0,29.857,34.833,2,2,2,12.976,0,1,1,False,moving to wp 18 (d=0.35),4,2,2,1.9045,0,0.4454,41,80,A,5355
True,None,38.9,389,0.4125,7,6,7,0,285.0,40.714,40.714,0,0,0,7.634,0,0,0,False,moving to wp 16 (d=0.51),0,0,0,1.636,0,0.4486,33,80,A,5356
True,None,40.3,403,0.4375,8,7,8,1,323.0,40.375,46.143,1,1,1,9.747,0,0,0,False,moving to wp 19 (d=0.40),1,1,1,1.7775,0,0.4846,35,80,A,5357
True,None,39.1,391,0.4,6,5,6,0,231.0,38.5,38.5,0,0,0,6.767,0,0,0,False,moving to wp 17 (d=0.51),0,0,0,1.3687,0,0.4069,32,80,A,5358
True,None,37.1,371,0.4875,6,5,6,0,237.0,39.5,39.5,0,0,0,8.241,0,0,0,False,moving to wp 24 (d=0.50),0,0,0,1.8144,0,0.4018,39,80,A,5359
True,None,38.1,381,0.525,8,7,8,0,325.0,40.625,40.625,0,0,0,7.591,0,0,0,False,moving to wp 18 (d=0.46),0,0,0,1.903,0,0.449,42,80,A,5360
True,None,40.9,409,0.375,8,6,8,2,291.0,36.375,48.5,3,3,3,14.036,0,1,1,False,moving to wp 24 (d=0.22),13,3,3,1.6445,0,0.4726,30,80,A,5361
True,None,35.5,355,0.425,8,7,8,0,335.0,41.875,41.875,0,0,0,6.626,0,0,0,False,moving to wp 21 (d=0.32),0,0,0,1.6776,0,0.4455,34,80,A,5362
True,None,70.065,706,0.5875,25,13,25,13,579.0,23.16,48.25,24,24,24,36.638,0,11,11,False,moving to wp 31 (d=0.51),164,24,24,5.5077,0,0.406,47,80,A,5363
True,None,52.673,529,0.425,11,4,11,6,251.0,22.818,50.2,12,12,12,15.703,0,6,6,False,moving to wp 18 (d=0.48),66,12,12,1.9913,0,0.4577,34,80,A,5364
True,None,37.6,376,0.4375,8,7,8,0,363.0,45.375,45.375,0,0,0,6.757,0,0,0,False,moving to wp 26 (d=0.23),0,0,0,2.0513,0,0.4239,35,80,A,5365
True,None,38.1,381,0.4875,7,6,7,0,331.0,47.286,47.286,0,0,0,6.541,0,0,0,False,moving to wp 31 (d=0.54),0,0,0,1.7922,0,0.4209,39,80,A,5366
True,None,41.417,415,0.45,11,9,11,2,423.0,38.455,47.0,3,3,3,16.693,0,1,1,False,moving to wp 21 (d=0.52),20,3,3,2.5564,0,0.45,36,80,A,5367
True,None,48.321,484,0.3625,10,6,10,3,326.0,32.6,46.571,6,6,6,26.183,0,3,3,False,moving to wp 19 (d=0.45),31,6,6,1.7524,0,0.4378,29,80,A,5368
True,None,38.9,389,0.475,7,6,7,0,314.0,44.857,44.857,0,0,0,9.147,0,0,0,False,moving to wp 26 (d=0.64),0,0,0,1.828,0,0.4652,38,80,A,5369
True,None,41.2,412,0.4125,8,6,8,0,255.0,31.875,31.875,1,1,1,14.765,0,1,1,False,moving to wp 18 (d=0.12),5,1,1,1.6957,0,0.4077,33,80,A,5370
True,None,40.094,401,0.45,13,11,13,2,555.0,42.692,50.455,3,3,3,22.469,0,1,1,False,moving to wp 23 (d=0.53),28,3,3,2.5398,0,0.4285,36,80,A,5371
True,None,58.67,589,0.4625,14,6,14,7,320.0,22.857,45.714,14,14,14,27.787,0,7,7,False,moving to wp 20 (d=0.53),100,14,14,2.5707,0,0.4614,37,80,A,5372
True,None,46.929,470,0.4,16,13,16,2,608.0,38.0,43.429,4,4,4,20.583,0,2,2,False,moving to wp 14 (d=0.24),26,4,4,2.5046,0,0.4899,32,80,A,5373
True,None,37.2,372,0.425,4,3,4,0,146.0,36.5,36.5,0,0,0,2.886,0,0,0,False,moving to wp 16 (d=0.20),0,0,0,1.2897,0,0.4473,34,80,A,5374
True,None,38.8,388,0.45,10,9,10,0,484.0,48.4,48.4,0,0,0,9.252,0,0,0,False,moving to wp 18 (d=0.17),0,0,0,1.8231,0,0.4517,36,80,A,5375
True,None,62.151,624,0.575,27,17,27,19,829.0,30.704,103.625,28,28,28,45.592,0,9,9,False,moving to wp 14 (d=0.10),392,28,28,6.6454,0,0.4061,46,80,A,5376
True,None,43.3,433,0.3875,9,7,9,3,388.0,43.111,64.667,4,4,4,15.362,0,1,1,False,moving to wp 22 (d=0.11),26,4,4,1.8494,0,0.468,31,80,A,5377
True,None,38.0,380,0.4125,8,7,8,0,373.0,46.625,46.625,0,0,0,11.258,0,0,0,False,moving to wp 21 (d=0.11),0,0,0,1.6251,0,0.4259,33,80,A,5378
True,None,38.3,383,0.525,7,6,7,1,289.0,41.286,48.167,1,1,1,8.431,0,0,0,False,moving to wp 24 (d=0.20),5,1,1,2.1687,0,0.4022,42,80,A,5379
True,None,40.2,402,0.5,10,9,10,3,497.0,49.7,71.0,3,3,3,12.246,0,0,0,False,moving to wp 22 (d=0.13),9,3,3,2.0819,0,0.4079,40,80,A,5380
True,None,37.3,373,0.475,6,5,6,0,266.0,44.333,44.333,0,0,0,4.749,0,0,0,False,moving to wp 24 (d=0.56),0,0,0,1.4936,0,0.4606,38,80,A,5381
True,None,37.1,371,0.4125,7,6,7,0,262.0,37.429,37.429,0,0,0,5.436,0,0,0,False,moving to wp 23 (d=0.48),0,0,0,1.7169,0,0.4289,33,80,A,5382
True,None,38.3,383,0.425,6,5,6,0,234.0,39.0,39.0,0,0,0,6.607,0,0,0,False,moving to wp 17 (d=0.62),0,0,0,1.4169,0,0.4614,34,80,A,5383
True,None,46.347,464,0.4875,10,6,10,7,414.0,41.4,138.0,10,10,10,16.697,0,3,3,False,moving to wp 40 (d=0.10),41,10,10,2.495,0,0.4649,39,80,A,5384
True,None,36.1,361,0.4375,5,4,5,0,258.0,51.6,51.6,0,0,0,3.793,0,0,0,False,moving to wp 28 (d=0.30),0,0,0,1.3187,0,0.469,35,80,A,5385
True,None,38.8,388,0.3875,8,7,8,0,268.0,33.5,33.5,0,0,0,8.159,0,0,0,False,moving to wp 16 (d=0.20),0,0,0,1.5489,0,0.4399,31,80,A,5386
True,None,37.7,377,0.4,8,7,8,0,382.0,47.75,47.75,0,0,0,6.636,0,0,0,False,moving to wp 24 (d=0.47),0,0,0,1.6096,0,0.4904,32,80,A,5387
True,None,37.9,379,0.5,7,6,7,0,279.0,39.857,39.857,0,0,0,6.883,0,0,0,False,moving to wp 19 (d=0.62),0,0,0,1.66,0,0.4958,40,80,A,5388
True,None,39.0,390,0.5,10,9,10,1,380.0,38.0,42.222,1,1,1,10.953,0,0,0,False,moving to wp 23 (d=0.50),6,1,1,2.4009,0,0.4914,40,80,A,5389
True,None,43.6,436,0.4625,10,8,10,1,375.0,37.5,41.667,2,2,2,15.078,0,1,1,False,moving to wp 19 (d=0.45),12,2,2,1.9243,0,0.4274,37,80,A,5390
True,None,36.8,368,0.45,9,8,9,0,338.0,37.556,37.556,0,0,0,10.251,0,0,0,False,moving to wp 23 (d=0.51),0,0,0,1.8647,0,0.45,36,80,A,5391
True,None,35.5,355,0.4625,5,4,5,0,237.0,47.4,47.4,0,0,0,3.888,0,0,0,False,moving to wp 24 (d=0.58),0,0,0,1.3649,0,0.4843,37,80,A,5392
True,None,40.141,402,0.375,10,8,10,2,363.0,36.3,45.375,3,3,3,16.654,0,1,1,False,moving to wp 25 (d=0.63),13,3,3,1.9437,0,0.4982,30,80,A,5393
True,None,41.0,410,0.3875,11,9,11,4,415.0,37.727,59.286,5,5,5,14.824,0,1,1,False,moving to wp 29 (d=0.43),12,5,5,2.2079,0,0.4272,31,80,A,5394
True,None,39.2,392,0.475,9,8,9,0,334.0,37.111,37.111,0,0,0,9.492,0,0,0,False,moving to wp 15 (d=0.11),0,0,0,1.8693,0,0.4222,38,80,A,5395
True,None,37.8,378,0.45,9,8,9,0,345.0,38.333,38.333,0,0,0,8.584,0,0,0,False,moving to wp 16 (d=0.16),0,0,0,1.8693,0,0.4232,36,80,A,5396
True,None,36.9,369,0.575,10,9,10,0,415.0,41.5,41.5,0,0,0,7.655,0,0,0,False,moving to wp 16 (d=0.17),0,0,0,2.1814,0,0.4988,46,80,A,5397
True,None,36.9,369,0.4,7,6,7,0,303.0,43.286,43.286,0,0,0,7.59,0,0,0,False,moving to wp 17 (d=0.45),0,0,0,1.4167,0,0.4696,32,80,A,5398
True,None,37.3,373,0.425,10,9,10,2,430.0,43.0,53.75,2,2,2,9.455,0,0,0,False,moving to wp 18 (d=0.50),4,2,2,1.9115,0,0.4474,34,80,A,5399
True,None,36.2,362,0.4125,4,3,4,0,159.0,39.75,39.75,0,0,0,3.832,0,0,0,False,moving to wp 18 (d=0.47),0,0,0,1.1479,0,0.439,33,80,A,5400
True,None,38.3,383,0.2875,2,1,2,0,122.0,61.0,61.0,0,0,0,1.943,0,0,0,False,moving to wp 55 (d=0.54),0,0,0,0.7965,0,0.4376,23,80,A,5401
True,None,37.7,377,0.3875,2,1,2,0,122.0,61.0,61.0,0,0,0,0.951,0,0,0,False,moving to wp 54 (d=0.27),0,0,0,0.9,0,0.47,31,80,A,5402
True,None,37.5,375,0.4125,7,6,7,0,248.0,35.429,35.429,0,0,0,6.705,0,0,0,False,moving to wp 16 (d=0.50),0,0,0,1.608,0,0.4027,33,80,A,5403
True,None,57.95,580,0.55,23,16,23,5,786.0,34.174,43.667,11,11,11,40.428,0,6,6,False,moving to wp 19 (d=0.50),131,11,11,4.5903,0,0.4326,44,80,A,5404
True,None,44.5,445,0.5125,12,10,12,0,474.0,39.5,39.5,1,1,1,21.156,0,1,1,False,moving to wp 20 (d=0.51),7,1,1,2.3415,0,0.4942,41,80,A,5405
True,None,35.8,358,0.3625,8,7,8,0,289.0,36.125,36.125,0,0,0,10.241,0,0,0,False,moving to wp 14 (d=0.52),0,0,0,1.4046,0,0.4245,29,80,A,5406
True,None,38.7,387,0.375,10,9,10,2,407.0,40.7,50.875,2,2,2,10.213,0,0,0,False,moving to wp 17 (d=0.49),8,2,2,1.998,0,0.472,30,80,A,5407
True,None,82.336,829,0.5625,30,12,30,27,521.0,17.367,173.667,44,44,44,59.516,0,17,17,False,moving to wp 43 (d=0.49),463,44,44,7.1145,0,0.4751,45,80,A,5408
True,None,40.1,401,0.5375,8,7,8,0,309.0,38.625,38.625,0,0,0,11.248,0,0,0,False,moving to wp 25 (d=0.45),0,0,0,2.3365,0,0.4311,43,80,A,5409
True,None,41.817,419,0.4125,11,9,11,1,376.0,34.182,37.6,2,2,2,15.688,0,1,1,False,moving to wp 18 (d=0.46),6,2,2,2.1274,0,0.4691,33,80,A,5410
True,None,58.131,584,0.55,19,12,19,6,543.0,28.579,41.769,12,12,12,26.511,0,6,6,False,moving to wp 23 (d=0.25),109,12,12,4.2468,0,0.4678,44,80,A,5411
True,None,36.8,368,0.4625,5,4,5,0,212.0,42.4,42.4,0,0,0,4.668,0,0,0,False,moving to wp 21 (d=0.54),0,0,0,1.3287,0,0.4391,37,80,A,5412
True,None,51.718,519,0.4875,18,12,18,4,517.0,28.722,36.929,9,9,9,34.64,0,5,5,False,moving to wp 17 (d=0.18),52,9,9,3.1442,0,0.4462,39,80,A,5413
True,None,44.61,447,0.425,9,6,9,2,305.0,33.889,43.571,4,4,4,19.147,0,2,2,False,moving to wp 25 (d=0.33),17,4,4,1.9801,0,0.4628,34,80,A,5414
True,None,38.3,383,0.525,9,8,9,0,372.0,41.333,41.333,0,0,0,11.16,0,0,0,False,moving to wp 19 (d=0.42),0,0,0,2.1111,0,0.4074,42,80,A,5415
True,None,37.0,370,0.425,9,8,9,1,360.0,40.0,45.0,1,1,1,11.114,0,0,0,False,moving to wp 20 (d=0.50),7,1,1,1.7655,0,0.4021,34,80,A,5416
True,None,38.0,380,0.4,7,6,7,1,353.0,50.429,58.833,1,1,1,6.719,0,0,0,False,moving to wp 26 (d=0.53),3,1,1,1.6072,0,0.4552,32,80,A,5417
True,None,50.403,505,0.5375,19,14,19,3,621.0,32.684,38.812,7,7,7,40.221,0,4,4,False,moving to wp 21 (d=0.38),71,7,7,3.676,0,0.4371,43,80,A,5418
True,None,39.2,392,0.475,9,8,9,1,421.0,46.778,52.625,1,1,1,11.07,0,0,0,False,moving to wp 20 (d=0.53),2,1,1,2.3118,0,0.4698,38,80,A,5419
True,None,44.93,451,0.4875,15,12,15,2,472.0,31.467,36.308,4,4,4,24.757,0,2,2,False,moving to wp 19 (d=0.15),42,4,4,3.3932,0,0.4589,39,80,A,5420
True,None,38.5,385,0.425,8,7,8,2,392.0,49.0,65.333,2,2,2,10.905,0,0,0,False,moving to wp 32 (d=0.26),7,2,2,1.8341,0,0.4245,34,80,A,5421
True,None,38.7,387,0.4875,12,11,12,0,501.0,41.75,41.75,0,0,0,13.972,0,0,0,False,moving to wp 18 (d=0.66),0,0,0,2.2767,0,0.4866,39,80,A,5422
True,None,41.8,418,0.4375,9,7,9,0,257.0,28.556,28.556,1,1,1,16.797,0,1,1,False,moving to wp 16 (d=0.57),6,1,1,1.8654,0,0.4277,35,80,A,5423
True,None,42.3,423,0.45,10,8,10,1,341.0,34.1,37.889,2,2,2,17.635,0,1,1,False,moving to wp 19 (d=0.23),14,2,2,2.1684,0,0.4729,36,80,A,5424
True,None,39.0,390,0.475,9,8,9,0,369.0,41.0,41.0,0,0,0,10.148,0,0,0,False,moving to wp 22 (d=0.31),0,0,0,2.0332,0,0.4235,38,80,A,5425
True,None,37.7,377,0.4,13,12,13,1,540.0,41.538,45.0,1,1,1,14.499,0,0,0,False,moving to wp 19 (d=0.42),3,1,1,2.4405,0,0.4536,32,80,A,5426
True,None,43.4,434,0.475,11,9,11,1,354.0,32.182,35.4,2,2,2,22.518,0,1,1,False,moving to wp 17 (d=0.14),4,2,2,2.2293,0,0.4763,38,80,A,5427
True,None,39.9,399,0.4625,10,9,10,0,454.0,45.4,45.4,0,0,0,13.197,0,0,0,False,moving to wp 19 (d=0.15),0,0,0,1.9565,0,0.4822,37,80,A,5428
True,None,36.0,360,0.425,4,3,4,0,149.0,37.25,37.25,0,0,0,4.807,0,0,0,False,moving to wp 21 (d=0.21),0,0,0,1.178,0,0.4449,34,80,A,5429
True,None,37.6,376,0.4875,7,6,7,0,283.0,40.429,40.429,0,0,0,6.731,0,0,0,False,moving to wp 14 (d=0.14),0,0,0,1.5589,0,0.4821,39,80,A,5430
True,None,43.11,432,0.425,12,9,12,5,436.0,36.333,62.286,7,7,7,14.832,0,2,2,False,moving to wp 14 (d=0.53),43,7,7,2.655,0,0.437,34,80,A,5431
True,None,39.8,398,0.375,9,8,9,0,355.0,39.444,39.444,0,0,0,12.199,0,0,0,False,moving to wp 17 (d=0.18),0,0,0,1.9048,0,0.4419,30,80,A,5432
True,None,61.124,613,0.525,19,10,19,19,443.0,23.316,0.0,27,27,27,33.531,0,8,8,False,moving to wp 18 (d=0.55),203,27,27,4.8257,0,0.4983,42,80,A,5433
True,None,47.76,479,0.475,12,8,12,3,415.0,34.583,46.111,6,6,6,24.662,0,3,3,False,moving to wp 19 (d=0.35),34,6,6,2.4008,0,0.4749,38,80,A,5434
True,None,36.7,367,0.55,10,9,10,0,428.0,42.8,42.8,0,0,0,8.302,0,0,0,False,moving to wp 23 (d=0.38),0,0,0,2.3398,0,0.4437,44,80,A,5435
True,None,37.1,371,0.3125,8,7,8,1,305.0,38.125,43.571,1,1,1,10.319,0,0,0,False,moving to wp 19 (d=0.43),1,1,1,1.3249,0,0.4383,25,80,A,5436
True,None,46.247,464,0.4125,10,6,10,4,290.0,29.0,48.333,7,7,7,22.403,0,3,3,False,moving to wp 30 (d=0.22),33,7,7,2.2336,0,0.4133,33,80,A,5437
True,None,38.0,380,0.375,7,6,7,0,294.0,42.0,42.0,0,0,0,5.786,0,0,0,False,moving to wp 17 (d=0.37),0,0,0,1.4427,0,0.4054,30,80,A,5438
True,None,40.379,404,0.3875,16,14,16,0,687.0,42.938,42.938,1,1,1,20.216,0,1,1,False,moving to wp 17 (d=0.44),12,1,1,2.2784,0,0.4236,31,80,A,5439
True,None,45.702,458,0.4375,14,11,14,4,615.0,43.929,61.5,6,6,6,21.937,0,2,2,False,moving to wp 14 (d=0.50),48,6,6,2.5576,0,0.4008,35,80,A,5440
True,None,37.5,375,0.4125,5,4,5,0,202.0,40.4,40.4,0,0,0,4.494,0,0,0,False,moving to wp 21 (d=0.52),0,0,0,1.3893,0,0.4197,33,80,A,5441
True,None,50.07,502,0.4875,14,9,14,1,435.0,31.071,33.462,5,5,5,21.149,0,4,4,False,moving to wp 21 (d=0.49),44,5,5,2.9281,0,0.4592,39,80,A,5442
True,None,39.0,390,0.4375,7,6,7,0,283.0,40.429,40.429,0,0,0,8.395,0,0,0,False,moving to wp 16 (d=0.11),0,0,0,1.6363,0,0.4462,35,80,A,5443
True,None,38.2,382,0.425,7,6,7,0,331.0,47.286,47.286,0,0,0,8.684,0,0,0,False,moving to wp 19 (d=0.23),0,0,0,1.4248,0,0.4226,34,80,A,5444
True,None,41.64,417,0.5875,7,5,7,0,258.0,36.857,36.857,1,1,1,13.824,0,1,1,False,moving to wp 17 (d=0.18),3,1,1,2.0122,0,0.4394,47,80,A,5445
True,None,39.0,390,0.6,9,8,9,1,419.0,46.556,52.375,1,1,1,10.205,0,0,0,False,moving to wp 22 (d=0.21),7,1,1,2.3462,0,0.4482,48,80,A,5446
True,None,38.0,380,0.5125,7,6,7,0,273.0,39.0,39.0,0,0,0,7.678,0,0,0,False,moving to wp 16 (d=0.19),0,0,0,1.7461,0,0.4679,41,80,A,5447
True,None,41.6,416,0.375,6,4,6,0,280.0,46.667,46.667,1,1,1,13.412,0,1,1,False,moving to wp 36 (d=0.58),4,1,1,1.232,0,0.4803,30,80,A,5448
True,None,43.319,434,0.45,10,7,10,8,423.0,42.3,211.5,10,10,10,16.511,0,2,2,False,moving to wp 35 (d=0.51),38,10,10,2.1546,0,0.4114,36,80,A,5449
True,None,37.6,376,0.45,7,6,7,1,295.0,42.143,49.167,1,1,1,6.822,0,0,0,False,moving to wp 19 (d=0.21),5,1,1,1.961,0,0.4012,36,80,A,5450
True,None,42.983,430,0.4875,10,8,10,2,403.0,40.3,50.375,3,3,3,18.531,0,1,1,False,moving to wp 17 (d=0.18),14,3,3,2.0878,0,0.4236,39,80,A,5451
True,None,48.983,490,0.4375,14,10,14,3,485.0,34.643,44.091,6,6,6,23.729,0,3,3,False,moving to wp 24 (d=0.11),43,6,6,2.3017,0,0.4335,35,80,A,5452
True,None,37.2,372,0.35,7,6,7,0,278.0,39.714,39.714,0,0,0,9.326,0,0,0,False,moving to wp 24 (d=0.23),0,0,0,1.3707,0,0.4697,28,80,A,5453
True,None,37.7,377,0.5,8,7,8,0,331.0,41.375,41.375,0,0,0,7.632,0,0,0,False,moving to wp 16 (d=0.19),0,0,0,1.9229,0,0.4712,40,80,A,5454
True,None,36.1,361,0.5375,6,5,6,0,219.0,36.5,36.5,0,0,0,7.257,0,0,0,False,moving to wp 16 (d=0.20),0,0,0,1.8473,0,0.4346,43,80,A,5455
True,None,38.1,381,0.35,4,3,4,0,158.0,39.5,39.5,0,0,0,5.068,0,0,0,False,moving to wp 21 (d=0.49),0,0,0,1.135,0,0.4568,28,80,A,5456
True,None,38.8,388,0.45,6,5,6,0,228.0,38.0,38.0,0,0,0,6.709,0,0,0,False,moving to wp 26 (d=0.59),0,0,0,1.6978,0,0.4632,36,80,A,5457
True,None,41.9,419,0.425,10,8,10,2,390.0,39.0,48.75,3,3,3,17.432,0,1,1,False,moving to wp 20 (d=0.42),24,3,3,1.9993,0,0.438,34,80,A,5458
True,None,38.7,387,0.35,5,4,5,0,232.0,46.4,46.4,0,0,0,7.651,0,0,0,False,moving to wp 23 (d=0.58),0,0,0,1.2061,0,0.4756,28,80,A,5459
True,None,38.4,384,0.45,10,9,10,0,419.0,41.9,41.9,0,0,0,7.637,0,0,0,False,moving to wp 19 (d=0.25),0,0,0,1.6532,0,0.4629,36,80,A,5460
True,None,37.6,376,0.425,8,7,8,0,356.0,44.5,44.5,0,0,0,7.78,0,0,0,False,moving to wp 24 (d=0.17),0,0,0,1.9015,0,0.4741,34,80,A,5461
True,None,44.53,446,0.4375,13,9,13,2,397.0,30.538,36.091,5,5,5,20.43,0,3,3,False,moving to wp 15 (d=0.18),41,5,5,2.324,0,0.4518,35,80,A,5462
True,None,39.7,397,0.55,9,8,9,1,364.0,40.444,45.5,1,1,1,10.429,0,0,0,False,moving to wp 23 (d=0.47),4,1,1,2.1994,0,0.4287,44,80,A,5463
True,None,46.217,463,0.475,11,8,11,2,428.0,38.909,47.556,4,4,4,22.713,0,2,2,False,moving to wp 20 (d=0.44),18,4,4,2.0309,0,0.4114,38,80,A,5464
True,None,47.954,481,0.55,15,11,15,2,480.0,32.0,36.923,5,5,5,23.079,0,3,3,False,moving to wp 23 (d=0.38),24,5,5,3.5044,0,0.4766,44,80,A,5465
True,None,38.2,382,0.4625,13,12,13,1,467.0,35.923,38.917,1,1,1,10.926,0,0,0,False,moving to wp 15 (d=0.31),7,1,1,2.3507,0,0.4571,37,80,A,5466
True,None,37.4,374,0.575,9,8,9,1,360.0,40.0,45.0,1,1,1,11.3,0,0,0,False,moving to wp 15 (d=0.42),8,1,1,2.3086,0,0.4561,46,80,A,5467
True,None,51.682,518,0.5125,12,7,12,4,391.0,32.583,48.875,8,8,8,19.053,0,4,4,False,moving to wp 14 (d=0.42),33,8,8,2.3372,0,0.4635,41,80,A,5468
True,None,36.4,364,0.3125,5,4,5,0,186.0,37.2,37.2,0,0,0,8.084,0,0,0,False,moving to wp 18 (d=0.56),0,0,0,1.0121,0,0.4885,25,80,A,5469
True,None,43.389,434,0.425,10,7,10,1,429.0,42.9,47.667,3,3,3,19.032,0,2,2,False,moving to wp 42 (d=0.58),13,3,3,1.723,0,0.4096,34,80,A,5470
True,None,39.5,395,0.4125,11,10,11,1,455.0,41.364,45.5,1,1,1,15.605,0,0,0,False,moving to wp 23 (d=0.39),1,1,1,2.0213,0,0.4596,33,80,A,5471
True,None,52.03,522,0.4125,12,6,12,6,269.0,22.417,44.833,11,11,11,18.789,0,5,5,False,moving to wp 17 (d=0.59),55,11,11,2.2191,0,0.475,33,80,A,5472
True,None,39.8,398,0.4375,10,9,10,0,399.0,39.9,39.9,0,0,0,10.256,0,0,0,False,moving to wp 24 (d=0.32),0,0,0,2.1719,0,0.4504,35,80,A,5473
True,None,40.1,401,0.35,8,7,8,0,374.0,46.75,46.75,0,0,0,11.1,0,0,0,False,moving to wp 21 (d=0.31),0,0,0,1.4384,0,0.4727,28,80,A,5474
True,None,41.7,417,0.4625,14,13,14,0,614.0,43.857,43.857,0,0,0,19.192,0,0,0,False,moving to wp 16 (d=0.31),0,0,0,2.8847,0,0.4724,37,80,A,5475
True,None,36.4,364,0.375,7,6,7,0,261.0,37.286,37.286,0,0,0,7.543,0,0,0,False,moving to wp 14 (d=0.54),0,0,0,1.3613,0,0.4049,30,80,A,5476
True,None,38.1,381,0.4,8,7,8,1,403.0,50.375,57.571,1,1,1,8.626,0,0,0,False,moving to wp 34 (d=0.19),3,1,1,1.6899,0,0.4986,32,80,A,5477
True,None,51.431,516,0.425,16,11,16,2,562.0,35.125,40.143,6,6,6,23.731,0,4,4,False,moving to wp 19 (d=0.45),42,6,6,2.9856,0,0.4218,34,80,A,5478
True,None,39.7,397,0.4,11,10,11,0,439.0,39.909,39.909,0,0,0,14.813,0,0,0,False,moving to wp 16 (d=0.50),0,0,0,1.7763,0,0.4064,32,80,A,5479
True,None,36.4,364,0.4375,1,0,1,0,64.0,64.0,64.0,0,0,0,0.0,0,0,0,False,moving to wp 62 (d=0.45),0,0,0,0.9507,0,0.4051,35,80,A,5480
True,None,38.6,386,0.4875,9,8,9,0,422.0,46.889,46.889,0,0,0,12.776,0,0,0,False,moving to wp 15 (d=0.12),0,0,0,1.7505,0,0.4989,39,80,A,5481
True,None,47.195,473,0.4875,15,11,15,1,447.0,29.8,31.929,4,4,4,16.734,0,3,3,False,moving to wp 22 (d=0.16),25,4,4,3.1035,0,0.4082,39,80,A,5482
True,None,51.492,516,0.425,14,9,14,3,472.0,33.714,42.909,7,7,7,26.387,0,4,4,False,moving to wp 25 (d=0.26),57,7,7,2.5874,0,0.495,34,80,A,5483
True,None,36.2,362,0.475,5,4,5,0,193.0,38.6,38.6,0,0,0,4.819,0,0,0,False,moving to wp 14 (d=0.10),0,0,0,1.4405,0,0.4403,38,80,A,5484
True,None,38.6,386,0.425,8,7,8,0,404.0,50.5,50.5,0,0,0,6.594,0,0,0,False,moving to wp 26 (d=0.44),0,0,0,1.6192,0,0.451,34,80,A,5485
True,None,41.9,419,0.4875,8,6,8,2,280.0,35.0,46.667,3,3,3,14.041,0,1,1,False,moving to wp 20 (d=0.18),9,3,3,2.1944,0,0.4592,39,80,A,5486
True,None,43.6,436,0.4625,11,9,11,3,411.0,37.364,51.375,4,4,4,17.892,0,1,1,False,moving to wp 25 (d=0.63),9,4,4,2.2639,0,0.4517,37,80,A,5487
True,None,38.6,386,0.375,9,8,9,0,352.0,39.111,39.111,0,0,0,12.265,0,0,0,False,moving to wp 21 (d=0.36),0,0,0,1.5838,0,0.452,30,80,A,5488
True,None,39.4,394,0.475,12,11,12,0,503.0,41.917,41.917,0,0,0,11.857,0,0,0,False,moving to wp 18 (d=0.48),0,0,0,2.0066,0,0.4856,38,80,A,5489
True,None,37.1,371,0.4375,8,7,8,0,361.0,45.125,45.125,0,0,0,8.421,0,0,0,False,moving to wp 17 (d=0.28),0,0,0,1.533,0,0.4167,35,80,A,5490
True,None,36.7,367,0.3875,8,7,8,0,355.0,44.375,44.375,0,0,0,8.612,0,0,0,False,moving to wp 19 (d=0.35),0,0,0,1.4561,0,0.4325,31,80,A,5491
True,None,46.3,463,0.4875,13,10,13,2,531.0,40.846,48.273,4,4,4,31.611,0,2,2,False,moving to wp 28 (d=0.49),36,4,4,2.9687,0,0.4168,39,80,A,5492
True,None,54.752,549,0.3625,15,9,15,11,524.0,34.933,131.0,16,16,16,34.179,0,5,5,False,moving to wp 24 (d=0.37),100,16,16,3.1457,0,0.4088,29,80,A,5493
True,None,44.317,444,0.425,10,7,10,1,366.0,36.6,40.667,3,3,3,16.698,0,2,2,False,moving to wp 16 (d=0.30),19,3,3,2.0221,0,0.4207,34,80,A,5494
True,None,37.6,376,0.5375,7,6,7,0,235.0,33.571,33.571,0,0,0,7.514,0,0,0,False,moving to wp 13 (d=0.52),0,0,0,2.1343,0,0.4171,43,80,A,5495
True,None,37.6,376,0.4625,7,6,7,0,295.0,42.143,42.143,0,0,0,6.677,0,0,0,False,moving to wp 25 (d=0.34),0,0,0,1.5632,0,0.4587,37,80,A,5496
True,None,40.5,405,0.425,9,8,9,2,352.0,39.111,50.286,2,2,2,11.911,0,0,0,False,moving to wp 25 (d=0.49),7,2,2,1.9791,0,0.4558,34,80,A,5497
True,None,39.4,394,0.4,12,11,12,1,447.0,37.25,40.636,1,1,1,12.089,0,0,0,False,moving to wp 20 (d=0.34),3,1,1,2.0236,0,0.4919,32,80,A,5498
True,None,46.42,465,0.425,13,10,13,2,532.0,40.923,48.364,4,4,4,26.039,0,2,2,False,moving to wp 26 (d=0.53),28,4,4,2.0878,0,0.487,34,80,A,5499
True,None,37.7,377,0.4333,3,2,3,0,126.0,42.0,42.0,0,0,0,1.878,0,0,0,False,moving to wp 19 (d=0.56),0,0,0,1.7197,0,0.4547,52,120,B,5000
True,None,41.3,413,0.5,13,11,13,1,550.0,42.308,45.833,2,2,2,16.221,0,1,1,False,moving to wp 19 (d=0.36),12,2,2,3.7027,0,0.4405,60,120,B,5001
True,None,41.017,411,0.4583,10,8,10,3,377.0,37.7,53.857,4,4,4,14.95,0,1,1,False,moving to wp 26 (d=0.32),14,4,4,3.055,0,0.4189,55,120,B,5002
True,None,42.9,429,0.45,12,10,12,1,462.0,38.5,42.0,2,2,2,18.471,0,1,1,False,moving to wp 15 (d=0.18),10,2,2,3.1826,0,0.4889,54,120,B,5003
True,None,38.5,385,0.4167,12,11,12,1,509.0,42.417,46.273,1,1,1,10.404,0,0,0,False,moving to wp 16 (d=0.52),3,1,1,3.147,0,0.421,50,120,B,5004
True,None,52.639,527,0.5167,16,10,16,6,557.0,34.812,55.7,11,11,11,25.102,0,5,5,False,moving to wp 12 (d=0.48),90,11,11,4.3119,0,0.4828,62,120,B,5005
True,None,37.8,378,0.4583,10,9,10,0,414.0,41.4,41.4,0,0,0,10.205,0,0,0,False,moving to wp 19 (d=0.53),0,0,0,2.8278,0,0.4298,55,120,B,5006
True,None,39.2,392,0.4417,8,7,8,1,338.0,42.25,48.286,1,1,1,10.477,0,0,0,False,moving to wp 13 (d=0.56),4,1,1,2.6085,0,0.4566,53,120,B,5007
True,None,37.6,376,0.4167,6,5,6,0,299.0,49.833,49.833,0,0,0,5.643,0,0,0,False,moving to wp 21 (d=0.21),0,0,0,1.8676,0,0.4986,50,120,B,5008
True,None,46.614,467,0.4917,12,8,12,3,397.0,33.083,44.111,6,6,6,18.59,0,3,3,False,moving to wp 26 (d=0.52),30,6,6,3.855,0,0.4946,59,120,B,5009
True,None,37.9,379,0.35,6,5,6,0,242.0,40.333,40.333,0,0,0,3.789,0,0,0,False,moving to wp 17 (d=0.59),0,0,0,2.081,0,0.477,42,120,B,5010
True,None,64.963,652,0.4833,21,11,21,11,534.0,25.429,53.4,20,20,20,45.155,0,9,9,False,moving to wp 22 (d=0.14),269,20,20,5.6563,0,0.4186,58,120,B,5011
True,None,46.127,462,0.5167,17,13,17,2,657.0,38.647,43.8,5,5,5,21.236,0,3,3,False,moving to wp 17 (d=0.19),26,5,5,4.3499,0,0.45,62,120,B,5012
True,None,41.944,421,0.4167,10,7,10,3,346.0,34.6,49.429,5,5,5,13.89,0,2,2,False,moving to wp 25 (d=0.46),17,5,5,2.7067,0,0.4046,50,120,B,5013
True,None,49.032,492,0.45,10,5,10,5,251.0,25.1,50.2,9,9,9,17.458,0,4,4,False,moving to wp 24 (d=0.67),39,9,9,3.3511,0,0.4981,54,120,B,5014
True,None,42.4,424,0.375,9,7,9,2,369.0,41.0,52.714,3,3,3,14.528,0,1,1,False,moving to wp 30 (d=0.52),9,3,3,2.4692,0,0.4181,45,120,B,5015
True,None,36.9,369,0.425,10,9,10,1,483.0,48.3,53.667,1,1,1,8.509,0,0,0,False,moving to wp 32 (d=0.33),2,1,1,2.5931,0,0.4379,51,120,B,5016
True,None,39.1,391,0.5667,8,7,8,1,362.0,45.25,51.714,1,1,1,7.744,0,0,0,False,moving to wp 18 (d=0.15),4,1,1,2.918,0,0.4542,68,120,B,5017
True,None,38.5,385,0.3583,5,4,5,1,200.0,40.0,50.0,1,1,1,4.785,0,0,0,False,moving to wp 27 (d=0.28),1,1,1,1.9742,0,0.4768,43,120,B,5018
True,None,39.683,397,0.475,9,7,9,1,347.0,38.556,43.375,2,2,2,14.007,0,1,1,False,moving to wp 15 (d=0.54),12,2,2,2.5677,0,0.4423,57,120,B,5019
True,None,38.6,386,0.3833,10,9,10,0,360.0,36.0,36.0,0,0,0,9.562,0,0,0,False,moving to wp 15 (d=0.18),0,0,0,2.4584,0,0.4894,46,120,B,5020
True,None,47.451,475,0.4917,16,12,16,8,545.0,34.062,68.125,11,11,11,24.589,0,3,3,False,moving to wp 17 (d=0.17),118,11,11,4.7463,0,0.4716,59,120,B,5021
True,None,50.947,510,0.525,15,11,15,4,466.0,31.067,42.364,7,7,7,30.501,0,3,3,False,moving to wp 19 (d=0.33),44,7,7,4.2946,0,0.4829,63,120,B,5022
True,None,36.5,365,0.45,9,8,9,0,370.0,41.111,41.111,0,0,0,6.635,0,0,0,False,moving to wp 16 (d=0.41),0,0,0,2.6517,0,0.4957,54,120,B,5023
True,None,38.6,386,0.425,6,5,6,1,304.0,50.667,60.8,1,1,1,7.305,0,0,0,False,moving to wp 28 (d=0.51),3,1,1,2.2912,0,0.4648,51,120,B,5024
True,None,36.8,368,0.475,8,7,8,1,307.0,38.375,43.857,1,1,1,6.796,0,0,0,False,moving to wp 22 (d=0.45),2,1,1,2.9082,0,0.4133,57,120,B,5025
True,None,38.1,381,0.3667,8,7,8,1,366.0,45.75,52.286,1,1,1,6.578,0,0,0,False,moving to wp 15 (d=0.33),6,1,1,2.3398,0,0.4008,44,120,B,5026
True,None,42.4,424,0.4417,11,9,11,1,360.0,32.727,36.0,2,2,2,14.709,0,1,1,False,moving to wp 20 (d=0.53),10,2,2,3.1058,0,0.4316,53,120,B,5027
True,None,75.345,760,0.4833,29,14,29,18,579.0,19.966,52.636,32,32,32,54.161,0,14,14,False,moving to wp 23 (d=0.27),409,32,32,7.8055,0,0.4408,58,120,B,5028
True,None,46.035,461,0.475,15,12,15,4,572.0,38.133,52.0,6,6,6,24.321,0,2,2,False,moving to wp 17 (d=0.11),68,6,6,3.8246,0,0.4693,57,120,B,5029
True,None,39.0,390,0.4417,11,10,11,1,527.0,47.909,52.7,1,1,1,10.39,0,0,0,False,moving to wp 32 (d=0.19),4,1,1,3.042,0,0.4787,53,120,B,5030
True,None,37.9,379,0.375,12,11,12,1,510.0,42.5,46.364,1,1,1,11.656,0,0,0,False,moving to wp 20 (d=0.53),3,1,1,3.1683,0,0.433,45,120,B,5031
True,None,37.8,378,0.3917,8,7,8,0,366.0,45.75,45.75,0,0,0,7.669,0,0,0,False,moving to wp 18 (d=0.26),0,0,0,2.0982,0,0.4142,47,120,B,5032
True,None,41.2,412,0.4167,11,9,11,1,416.0,37.818,41.6,2,2,2,14.894,0,1,1,False,moving to wp 19 (d=0.56),10,2,2,2.7174,0,0.4006,50,120,B,5033
True,None,44.819,449,0.4667,13,10,13,0,415.0,31.923,31.923,2,2,2,15.496,0,2,2,False,moving to wp 17 (d=0.57),13,2,2,3.4941,0,0.4961,56,120,B,5034
True,None,41.4,414,0.5,9,7,9,1,341.0,37.889,42.625,2,2,2,14.789,0,1,1,False,moving to wp 24 (d=0.35),12,2,2,2.8798,0,0.4353,60,120,B,5035
True,None,49.121,492,0.4917,14,10,14,7,510.0,36.429,72.857,10,10,10,25.712,0,3,3,False,moving to wp 26 (d=0.40),75,10,10,4.6644,0,0.4635,59,120,B,5036
True,None,38.2,382,0.45,13,12,13,0,503.0,38.692,38.692,0,0,0,11.667,0,0,0,False,moving to wp 12 (d=0.38),0,0,0,3.5216,0,0.4382,54,120,B,5037
True,None,36.6,366,0.3917,8,7,8,1,326.0,40.75,46.571,1,1,1,11.1,0,0,0,False,moving to wp 22 (d=0.38),4,1,1,2.6057,0,0.4426,47,120,B,5038
True,None,38.9,389,0.4167,8,7,8,1,417.0,52.125,59.571,1,1,1,9.425,0,0,0,False,moving to wp 34 (d=0.58),6,1,1,2.1637,0,0.424,50,120,B,5039
True,None,42.467,425,0.4833,12,10,12,2,496.0,41.333,49.6,3,3,3,20.077,0,1,1,False,moving to wp 19 (d=0.55),29,3,3,3.3131,0,0.4418,58,120,B,5040
True,None,45.695,458,0.4,14,11,14,2,519.0,37.071,43.25,4,4,4,19.697,0,2,2,False,moving to wp 19 (d=0.24),43,4,4,3.1333,0,0.4679,48,120,B,5041
True,None,68.383,687,0.4917,30,20,30,11,1024.0,34.133,53.895,20,20,20,48.331,0,9,9,False,moving to wp 29 (d=0.28),342,20,20,8.0388,0,0.4813,59,120,B,5042
True,None,47.267,474,0.475,16,12,16,3,605.0,37.812,46.538,6,6,6,33.831,0,3,3,False,moving to wp 15 (d=0.63),46,6,6,3.7597,0,0.4638,57,120,B,5043
True,None,71.695,720,0.5833,29,16,29,14,740.0,25.517,49.333,26,26,26,45.076,0,12,12,False,moving to wp 32 (d=0.57),328,26,26,8.4017,0,0.469,70,120,B,5044
True,None,38.9,389,0.45,7,6,7,1,313.0,44.714,52.167,1,1,1,8.261,0,0,0,False,moving to wp 14 (d=0.22),5,1,1,2.4785,0,0.4708,54,120,B,5045
True,None,37.9,379,0.3833,8,7,8,0,327.0,40.875,40.875,0,0,0,6.431,0,0,0,False,moving to wp 27 (d=0.59),0,0,0,2.4866,0,0.4735,46,120,B,5046
True,None,41.6,416,0.475,9,7,9,2,285.0,31.667,40.714,3,3,3,15.545,0,1,1,False,moving to wp 13 (d=0.25),18,3,3,2.8219,0,0.4597,57,120,B,5047
True,None,39.8,398,0.4583,9,8,9,0,338.0,37.556,37.556,0,0,0,12.212,0,0,0,False,moving to wp 22 (d=0.42),0,0,0,2.8369,0,0.4116,55,120,B,5048
True,None,43.7,437,0.4917,10,8,10,0,327.0,32.7,32.7,1,1,1,19.33,0,1,1,False,moving to wp 13 (d=0.46),8,1,1,2.9707,0,0.4273,59,120,B,5049
True,None,44.117,442,0.4667,14,11,14,3,530.0,37.857,48.182,5,5,5,15.595,0,2,2,False,moving to wp 25 (d=0.35),37,5,5,4.0615,0,0.498,56,120,B,5050
True,None,39.3,393,0.475,11,10,11,0,415.0,37.727,37.727,0,0,0,12.02,0,0,0,False,moving to wp 13 (d=0.36),0,0,0,3.276,0,0.4741,57,120,B,5051
True,None,38.5,385,0.4167,14,13,14,2,622.0,44.429,51.833,2,2,2,15.005,0,0,0,False,moving to wp 15 (d=0.18),19,2,2,3.5738,0,0.401,50,120,B,5052
True,None,44.405,445,0.4167,9,5,9,2,223.0,24.778,31.857,5,5,5,17.316,0,3,3,False,moving to wp 19 (d=0.25),23,5,5,2.4989,0,0.494,50,120,B,5053
True,None,38.7,387,0.475,12,11,12,2,562.0,46.833,56.2,2,2,2,13.807,0,0,0,False,moving to wp 19 (d=0.11),13,2,2,3.1029,0,0.4775,57,120,B,5054
True,None,37.6,376,0.4417,10,9,10,0,464.0,46.4,46.4,0,0,0,10.085,0,0,0,False,moving to wp 17 (d=0.39),0,0,0,3.0494,0,0.4765,53,120,B,5055
True,None,41.4,414,0.35,9,7,9,1,385.0,42.778,48.125,2,2,2,13.727,0,1,1,False,moving to wp 20 (d=0.44),12,2,2,2.1836,0,0.4514,42,120,B,5056
True,None,39.7,397,0.5,9,8,9,0,375.0,41.667,41.667,0,0,0,9.639,0,0,0,False,moving to wp 13 (d=0.66),0,0,0,3.3297,0,0.4982,60,120,B,5057
True,None,37.9,379,0.5,10,9,10,0,371.0,37.1,37.1,0,0,0,9.561,0,0,0,False,moving to wp 19 (d=0.50),0,0,0,3.2288,0,0.4744,60,120,B,5058
True,None,36.8,368,0.4333,11,10,11,0,450.0,40.909,40.909,0,0,0,9.479,0,0,0,False,moving to wp 19 (d=0.44),0,0,0,2.8278,0,0.4353,52,120,B,5059
True,None,42.4,424,0.5,11,9,11,1,438.0,39.818,43.8,2,2,2,16.659,0,1,1,False,moving to wp 14 (d=0.22),10,2,2,3.4036,0,0.4701,60,120,B,5060
True,None,36.3,363,0.4417,4,3,4,0,154.0,38.5,38.5,0,0,0,2.85,0,0,0,False,moving to wp 16 (d=0.21),0,0,0,1.7958,0,0.4916,53,120,B,5061
True,None,36.1,361,0.4,8,7,8,0,252.0,31.5,31.5,0,0,0,5.758,0,0,0,False,moving to wp 12 (d=0.37),0,0,0,2.1791,0,0.4439,48,120,B,5062
True,None,40.8,408,0.425,10,8,10,2,355.0,35.5,44.375,3,3,3,14.943,0,1,1,False,moving to wp 15 (d=0.41),13,3,3,2.6975,0,0.4566,51,120,B,5063
True,None,50.876,510,0.3833,16,11,16,5,481.0,30.062,43.727,9,9,9,30.799,0,4,4,False,moving to wp 13 (d=0.14),76,9,9,3.4942,0,0.4712,46,120,B,5064
True,None,37.2,372,0.45,9,8,9,0,357.0,39.667,39.667,0,0,0,10.844,0,0,0,False,moving to wp 17 (d=0.59),0,0,0,2.5745,0,0.4892,54,120,B,5065
True,None,43.106,432,0.375,6,3,6,2,169.0,28.167,42.25,4,4,4,11.681,0,2,2,False,moving to wp 33 (d=0.14),10,4,4,2.1148,0,0.4964,45,120,B,5066
True,None,52.937,533,0.4833,15,8,15,1,378.0,25.2,27.0,7,7,7,30.06,0,6,6,False,moving to wp 18 (d=0.16),48,7,7,3.5575,0,0.4659,58,120,B,5067
True,None,42.5,425,0.5,13,11,13,2,534.0,41.077,48.545,3,3,3,20.287,0,1,1,False,moving to wp 15 (d=0.39),31,3,3,3.6205,0,0.4306,60,120,B,5068
True,None,50.649,507,0.425,16,12,16,3,546.0,34.125,42.0,6,6,6,26.742,0,3,3,False,moving to wp 23 (d=0.38),38,6,6,3.9263,0,0.4243,51,120,B,5069
True,None,40.3,403,0.475,12,11,12,2,585.0,48.75,58.5,2,2,2,10.087,0,0,0,False,moving to wp 18 (d=0.28),12,2,2,3.051,0,0.4921,57,120,B,5070
True,None,40.2,402,0.475,11,10,11,0,473.0,43.0,43.0,0,0,0,13.989,0,0,0,False,moving to wp 17 (d=0.59),0,0,0,3.1285,0,0.4463,57,120,B,5071
True,None,39.033,391,0.425,9,7,9,1,336.0,37.333,42.0,2,2,2,16.948,0,1,1,False,moving to wp 16 (d=0.21),14,2,2,2.6163,0,0.4472,51,120,B,5072
True,None,51.986,521,0.4917,14,9,14,8,414.0,29.571,69.0,12,12,12,24.726,0,4,4,False,moving to wp 22 (d=0.46),81,12,12,4.2996,0,0.4403,59,120,B,5073
True,None,37.2,372,0.45,12,11,12,0,477.0,39.75,39.75,0,0,0,13.157,0,0,0,False,moving to wp 19 (d=0.52),0,0,0,3.1777,0,0.4286,54,120,B,5074
True,None,39.0,390,0.4,8,7,8,0,361.0,45.125,45.125,0,0,0,13.073,0,0,0,False,moving to wp 14 (d=0.56),0,0,0,2.3325,0,0.4579,48,120,B,5075
True,None,71.805,723,0.475,27,14,27,18,677.0,25.074,75.222,30,30,30,41.63,0,12,12,False,moving to wp 14 (d=0.34),335,30,30,8.0937,0,0.4587,57,120,B,5076
True,None,46.744,469,0.3917,13,9,13,5,348.0,26.769,43.5,8,8,8,25.492,0,3,3,False,moving to wp 14 (d=0.58),72,8,8,3.2726,0,0.4344,47,120,B,5077
True,None,45.8,458,0.45,15,12,15,1,611.0,40.733,43.643,3,3,3,30.744,0,2,2,False,moving to wp 16 (d=0.10),25,3,3,3.4412,0,0.4508,54,120,B,5078
True,None,36.4,364,0.45,6,5,6,0,213.0,35.5,35.5,0,0,0,4.636,0,0,0,False,moving to wp 17 (d=0.17),0,0,0,2.3017,0,0.4253,54,120,B,5079
True,None,38.9,389,0.4333,9,8,9,1,418.0,46.444,52.25,1,1,1,8.493,0,0,0,False,moving to wp 16 (d=0.56),1,1,1,2.5704,0,0.4585,52,120,B,5080
True,None,37.3,373,0.4083,8,7,8,0,335.0,41.875,41.875,0,0,0,8.492,0,0,0,False,moving to wp 26 (d=0.55),0,0,0,2.0965,0,0.4459,49,120,B,5081
True,None,37.3,373,0.4083,7,6,7,0,293.0,41.857,41.857,0,0,0,7.408,0,0,0,False,moving to wp 19 (d=0.51),0,0,0,1.9441,0,0.4486,49,120,B,5082
True,None,50.529,507,0.425,12,6,12,8,247.0,20.583,61.75,13,13,13,25.308,0,5,5,False,moving to wp 16 (d=0.31),96,13,13,3.5512,0,0.4327,51,120,B,5083
True,None,40.7,407,0.525,9,7,9,1,335.0,37.222,41.875,2,2,2,14.02,0,1,1,False,moving to wp 17 (d=0.39),9,2,2,3.2873,0,0.455,63,120,B,5084
True,None,47.647,477,0.4583,13,9,13,3,461.0,35.462,46.1,6,6,6,17.538,0,3,3,False,moving to wp 32 (d=0.55),25,6,6,3.3763,0,0.4522,55,120,B,5085
True,None,43.913,440,0.4833,16,13,16,2,520.0,32.5,37.143,4,4,4,20.951,0,2,2,False,moving to wp 20 (d=0.57),33,4,4,4.2284,0,0.4838,58,120,B,5086
True,None,43.8,438,0.3917,10,8,10,2,368.0,36.8,46.0,3,3,3,14.855,0,1,1,False,moving to wp 17 (d=0.36),24,3,3,2.3757,0,0.4043,47,120,B,5087
True,None,42.8,428,0.475,15,14,15,1,610.0,40.667,43.571,1,1,1,16.847,0,0,0,False,moving to wp 16 (d=0.50),9,1,1,3.9519,0,0.4773,57,120,B,5088
True,None,38.5,385,0.4,8,7,8,0,334.0,41.75,41.75,0,0,0,8.449,0,0,0,False,moving to wp 19 (d=0.35),0,0,0,2.2186,0,0.4605,48,120,B,5089
True,None,38.3,383,0.4,5,4,5,0,167.0,33.4,33.4,0,0,0,3.944,0,0,0,False,moving to wp 16 (d=0.39),0,0,0,1.9973,0,0.4341,48,120,B,5090
True,None,49.821,500,0.4917,16,11,16,7,613.0,38.312,68.111,11,11,11,22.862,0,4,4,False,moving to wp 16 (d=0.10),73,11,11,3.718,0,0.4758,59,120,B,5091
True,None,43.3,433,0.5083,18,16,18,1,722.0,40.111,42.471,2,2,2,20.27,0,1,1,False,moving to wp 13 (d=0.56),21,2,2,4.6159,0,0.4169,61,120,B,5092
True,None,38.1,381,0.425,9,8,9,1,361.0,40.111,45.125,1,1,1,7.528,0,0,0,False,moving to wp 16 (d=0.20),4,1,1,2.7032,0,0.4251,51,120,B,5093
True,None,41.5,415,0.4,8,6,8,2,327.0,40.875,54.5,3,3,3,14.379,0,1,1,False,moving to wp 27 (d=0.13),10,3,3,2.5927,0,0.4892,48,120,B,5094
True,None,37.1,371,0.3667,8,7,8,0,327.0,40.875,40.875,0,0,0,5.651,0,0,0,False,moving to wp 20 (d=0.14),0,0,0,2.185,0,0.4459,44,120,B,5095
True,None,36.5,365,0.4333,17,16,17,0,789.0,46.412,46.412,0,0,0,7.599,0,0,0,False,moving to wp 17 (d=0.65),0,0,0,3.2968,0,0.4829,52,120,B,5096
True,None,35.9,359,0.4167,5,4,5,0,236.0,47.2,47.2,0,0,0,3.83,0,0,0,False,moving to wp 22 (d=0.50),0,0,0,1.8661,0,0.4544,50,120,B,5097
True,None,37.3,373,0.4583,11,10,11,0,438.0,39.818,39.818,0,0,0,9.431,0,0,0,False,moving to wp 22 (d=0.44),0,0,0,3.0004,0,0.432,55,120,B,5098
True,None,39.1,391,0.4833,10,9,10,1,472.0,47.2,52.444,1,1,1,10.355,0,0,0,False,moving to wp 19 (d=0.16),8,1,1,2.9592,0,0.431,58,120,B,5099
True,None,45.702,458,0.5,13,10,13,4,454.0,34.923,50.444,6,6,6,24.004,0,2,2,False,moving to wp 13 (d=0.36),30,6,6,3.9623,0,0.4553,60,120,B,5100
True,None,43.4,434,0.5083,8,6,8,0,298.0,37.25,37.25,1,1,1,20.01,0,1,1,False,moving to wp 25 (d=0.28),3,1,1,2.8435,0,0.4856,61,120,B,5101
True,None,42.167,422,0.425,10,8,10,2,357.0,35.7,44.625,3,3,3,15.848,0,1,1,False,moving to wp 25 (d=0.33),8,3,3,2.9731,0,0.4158,51,120,B,5102
True,None,38.7,387,0.3917,12,11,12,1,474.0,39.5,43.091,1,1,1,10.378,0,0,0,False,moving to wp 22 (d=0.27),3,1,1,3.0527,0,0.4449,47,120,B,5103
True,None,36.8,368,0.425,7,6,7,0,363.0,51.857,51.857,0,0,0,7.759,0,0,0,False,moving to wp 38 (d=0.26),0,0,0,1.9634,0,0.474,51,120,B,5104
True,None,38.5,385,0.5167,11,10,11,0,436.0,39.636,39.636,0,0,0,11.953,0,0,0,False,moving to wp 18 (d=0.17),0,0,0,3.1502,0,0.4609,62,120,B,5105
True,None,37.8,378,0.4833,9,8,9,1,342.0,38.0,42.75,1,1,1,9.156,0,0,0,False,moving to wp 20 (d=0.51),7,1,1,3.0315,0,0.4934,58,120,B,5106
True,None,37.9,379,0.4667,8,7,8,0,328.0,41.0,41.0,0,0,0,11.144,0,0,0,False,moving to wp 21 (d=0.48),0,0,0,2.4374,0,0.4689,56,120,B,5107
True,None,40.483,405,0.2917,11,9,11,3,438.0,39.818,54.75,4,4,4,16.425,0,1,1,False,moving to wp 24 (d=0.46),10,4,4,1.9383,0,0.4368,35,120,B,5108
True,None,38.3,383,0.4083,7,6,7,0,315.0,45.0,45.0,0,0,0,7.37,0,0,0,False,moving to wp 18 (d=0.26),0,0,0,2.0441,0,0.4918,49,120,B,5109
True,None,41.883,419,0.3917,10,7,10,2,401.0,40.1,50.125,4,4,4,13.848,0,2,2,False,moving to wp 25 (d=0.34),28,4,4,2.3399,0,0.457,47,120,B,5110
True,None,37.9,379,0.45,5,4,5,1,233.0,46.6,58.25,1,1,1,4.761,0,0,0,False,moving to wp 27 (d=0.42),2,1,1,2.1548,0,0.4173,54,120,B,5111
True,None,37.3,373,0.4,10,9,10,0,381.0,38.1,38.1,0,0,0,7.705,0,0,0,False,moving to wp 19 (d=0.43),0,0,0,2.4888,0,0.4576,48,120,B,5112
True,None,45.098,451,0.525,15,12,15,4,503.0,33.533,45.727,6,6,6,19.282,0,2,2,False,moving to wp 16 (d=0.20),62,6,6,4.7626,0,0.4362,63,120,B,5113
True,None,41.2,412,0.35,7,5,7,1,257.0,36.714,42.833,2,2,2,14.696,0,1,1,False,moving to wp 15 (d=0.52),6,2,2,1.9124,0,0.4685,42,120,B,5114
True,None,36.3,363,0.475,9,8,9,0,316.0,35.111,35.111,0,0,0,7.591,0,0,0,False,moving to wp 19 (d=0.21),0,0,0,3.0955,0,0.4829,57,120,B,5115
True,None,44.317,444,0.5083,13,10,13,1,475.0,36.538,39.583,3,3,3,19.509,0,2,2,False,moving to wp 15 (d=0.28),25,3,3,4.1068,0,0.4343,61,120,B,5116
True,None,64.059,644,0.5,22,11,22,6,556.0,25.273,34.75,16,16,16,41.331,0,10,10,False,moving to wp 18 (d=0.28),173,16,16,5.8402,0,0.4437,60,120,B,5117
True,None,36.6,366,0.45,11,10,11,1,475.0,43.182,47.5,1,1,1,10.831,0,0,0,False,moving to wp 21 (d=0.10),8,1,1,3.0415,0,0.4598,54,120,B,5118
True,None,37.7,377,0.45,6,5,6,0,295.0,49.167,49.167,0,0,0,4.655,0,0,0,False,moving to wp 25 (d=0.26),0,0,0,1.9723,0,0.4545,54,120,B,5119
True,None,37.8,378,0.475,8,7,8,0,290.0,36.25,36.25,0,0,0,10.361,0,0,0,False,moving to wp 13 (d=0.35),0,0,0,2.5492,0,0.4213,57,120,B,5120
True,None,37.3,373,0.4167,7,6,7,0,283.0,40.429,40.429,0,0,0,5.41,0,0,0,False,moving to wp 28 (d=0.30),0,0,0,2.2177,0,0.4971,50,120,B,5121
True,None,39.7,397,0.425,9,8,9,0,332.0,36.889,36.889,0,0,0,10.675,0,0,0,False,moving to wp 19 (d=0.30),0,0,0,2.6028,0,0.4285,51,120,B,5122
True,None,37.3,373,0.5583,9,8,9,1,385.0,42.778,48.125,1,1,1,9.543,0,0,0,False,moving to wp 13 (d=0.46),2,1,1,3.2345,0,0.4164,67,120,B,5123
True,None,38.0,380,0.4833,14,13,14,1,597.0,42.643,45.923,1,1,1,14.824,0,0,0,False,moving to wp 22 (d=0.47),3,1,1,3.7985,0,0.4835,58,120,B,5124
True,None,38.0,380,0.475,8,7,8,1,374.0,46.75,53.429,1,1,1,8.366,0,0,0,False,moving to wp 19 (d=0.51),2,1,1,2.5205,0,0.4054,57,120,B,5125
True,None,40.0,400,0.375,8,7,8,2,351.0,43.875,58.5,2,2,2,11.146,0,0,0,False,moving to wp 26 (d=0.48),5,2,2,2.3401,0,0.4342,45,120,B,5126
True,None,44.287,443,0.475,13,10,13,1,507.0,39.0,42.25,3,3,3,16.647,0,2,2,False,moving to wp 23 (d=0.31),15,3,3,3.4098,0,0.4535,57,120,B,5127
True,None,37.0,370,0.4,10,9,10,1,487.0,48.7,54.111,1,1,1,8.671,0,0,0,False,moving to wp 30 (d=0.46),5,1,1,2.7502,0,0.4013,48,120,B,5128
True,None,38.3,383,0.45,12,11,12,1,482.0,40.167,43.818,1,1,1,14.817,0,0,0,False,moving to wp 22 (d=0.29),10,1,1,3.6069,0,0.4688,54,120,B,5129
True,None,55.092,553,0.5083,14,7,14,9,346.0,24.714,69.2,15,15,15,31.034,0,6,6,False,moving to wp 36 (d=0.65),49,15,15,4.385,0,0.472,61,120,B,5130
True,None,45.035,451,0.4583,16,13,16,2,609.0,38.062,43.5,4,4,4,29.606,0,2,2,False,moving to wp 19 (d=0.57),45,4,4,4.0309,0,0.4767,55,120,B,5131
True,None,42.3,423,0.45,10,8,10,1,324.0,32.4,36.0,2,2,2,16.874,0,1,1,False,moving to wp 20 (d=0.15),8,2,2,3.2864,0,0.4768,54,120,B,5132
True,None,41.4,414,0.4083,15,13,15,2,546.0,36.4,42.0,3,3,3,20.022,0,1,1,False,moving to wp 15 (d=0.59),19,3,3,3.6659,0,0.4791,49,120,B,5133
True,None,44.726,448,0.4083,16,12,16,2,601.0,37.562,42.929,5,5,5,18.461,0,3,3,False,moving to wp 17 (d=0.19),39,5,5,3.5569,0,0.423,49,120,B,5134
True,None,39.0,390,0.3667,13,12,13,2,652.0,50.154,59.273,2,2,2,11.148,0,0,0,False,moving to wp 16 (d=0.50),8,2,2,2.7056,0,0.4641,44,120,B,5135
True,None,36.7,367,0.4833,7,6,7,0,311.0,44.429,44.429,0,0,0,5.59,0,0,0,False,moving to wp 18 (d=0.54),0,0,0,2.2014,0,0.4266,58,120,B,5136
True,None,40.3,403,0.3917,14,12,14,1,498.0,35.571,38.308,2,2,2,20.347,0,1,1,False,moving to wp 14 (d=0.51),20,2,2,3.1782,0,0.41,47,120,B,5137
True,None,37.5,375,0.525,15,14,15,2,620.0,41.333,47.692,2,2,2,12.086,0,0,0,False,moving to wp 17 (d=0.14),8,2,2,4.2347,0,0.445,63,120,B,5138
True,None,39.3,393,0.3417,9,8,9,0,359.0,39.889,39.889,0,0,0,9.425,0,0,0,False,moving to wp 13 (d=0.21),0,0,0,2.2701,0,0.4805,41,120,B,5139
True,None,40.4,404,0.45,12,10,12,0,475.0,39.583,39.583,1,1,1,15.618,0,1,1,False,moving to wp 14 (d=0.24),6,1,1,3.1481,0,0.4896,54,120,B,5140
True,None,48.064,481,0.5167,18,14,18,2,656.0,36.444,41.0,5,5,5,29.486,0,3,3,False,moving to wp 18 (d=0.13),61,5,5,4.7575,0,0.4413,62,120,B,5141
True,None,38.2,382,0.4083,12,11,12,0,423.0,35.25,35.25,0,0,0,12.956,0,0,0,False,moving to wp 14 (d=0.13),0,0,0,3.3548,0,0.4563,49,120,B,5142
True,None,39.766,398,0.4583,13,11,13,1,495.0,38.077,41.25,2,2,2,19.473,0,1,1,False,moving to wp 20 (d=0.64),15,2,2,3.6775,0,0.4825,55,120,B,5143
True,None,37.9,379,0.4583,9,8,9,1,351.0,39.0,43.875,1,1,1,9.42,0,0,0,False,moving to wp 17 (d=0.47),6,1,1,2.7369,0,0.4691,55,120,B,5144
True,None,41.3,413,0.4417,12,10,12,2,500.0,41.667,50.0,3,3,3,18.282,0,1,1,False,moving to wp 24 (d=0.51),23,3,3,3.0473,0,0.4083,53,120,B,5145
True,None,39.7,397,0.4417,12,10,12,1,477.0,39.75,43.364,2,2,2,15.43,0,1,1,False,moving to wp 22 (d=0.44),6,2,2,3.4141,0,0.4865,53,120,B,5146
True,None,72.621,731,0.5,28,14,28,9,724.0,25.857,38.105,22,22,22,56.415,0,13,13,False,moving to wp 25 (d=0.39),304,22,22,7.9991,0,0.4901,60,120,B,5147
True,None,38.5,385,0.4667,10,9,10,1,416.0,41.6,46.222,1,1,1,12.374,0,0,0,False,moving to wp 17 (d=0.19),5,1,1,3.0592,0,0.4621,56,120,B,5148
True,None,39.6,396,0.525,17,16,17,1,768.0,45.176,48.0,1,1,1,14.176,0,0,0,False,moving to wp 13 (d=0.14),14,1,1,4.7312,0,0.4693,63,120,B,5149
True,None,36.0,360,0.425,8,7,8,0,358.0,44.75,44.75,0,0,0,8.301,0,0,0,False,moving to wp 20 (d=0.41),0,0,0,2.4777,0,0.4694,51,120,B,5150
True,None,38.9,389,0.5167,9,8,9,0,354.0,39.333,39.333,0,0,0,5.701,0,0,0,False,moving to wp 16 (d=0.20),0,0,0,2.8301,0,0.4548,62,120,B,5151
True,None,38.0,380,0.4167,7,6,7,0,256.0,36.571,36.571,0,0,0,9.681,0,0,0,False,moving to wp 14 (d=0.42),0,0,0,2.3166,0,0.4307,50,120,B,5152
True,None,40.3,403,0.4833,10,9,10,2,451.0,45.1,56.375,2,2,2,9.405,0,0,0,False,moving to wp 18 (d=0.44),4,2,2,3.024,0,0.4325,58,120,B,5153
True,None,38.5,385,0.4417,14,13,14,0,568.0,40.571,40.571,0,0,0,12.0,0,0,0,False,moving to wp 16 (d=0.39),0,0,0,3.5404,0,0.427,53,120,B,5154
True,None,38.0,380,0.45,10,9,10,0,448.0,44.8,44.8,0,0,0,12.643,0,0,0,False,moving to wp 25 (d=0.52),0,0,0,3.0128,0,0.481,54,120,B,5155
True,None,42.1,421,0.4667,14,12,14,0,535.0,38.214,38.214,1,1,1,15.659,0,1,1,False,moving to wp 19 (d=0.31),5,1,1,3.4284,0,0.4828,56,120,B,5156
True,None,39.1,391,0.4,10,9,10,0,440.0,44.0,44.0,0,0,0,9.26,0,0,0,False,moving to wp 21 (d=0.31),0,0,0,2.6211,0,0.436,48,120,B,5157
True,None,36.7,367,0.5333,13,12,13,2,493.0,37.923,44.818,2,2,2,11.205,0,0,0,False,moving to wp 19 (d=0.34),5,2,2,3.8835,0,0.4557,64,120,B,5158
True,None,46.7,467,0.4833,12,9,12,2,419.0,34.917,41.9,4,4,4,23.997,0,2,2,False,moving to wp 25 (d=0.62),20,4,4,3.7005,0,0.4661,58,120,B,5159
True,None,53.941,542,0.5,15,8,15,7,381.0,25.4,47.625,13,13,13,25.508,0,6,6,False,moving to wp 25 (d=0.33),77,13,13,4.4857,0,0.4649,60,120,B,5160
True,None,40.2,402,0.3917,8,7,8,2,389.0,48.625,64.833,2,2,2,9.162,0,0,0,False,moving to wp 19 (d=0.42),13,2,2,2.2614,0,0.4132,47,120,B,5161
True,None,40.0,400,0.4,10,9,10,0,454.0,45.4,45.4,0,0,0,9.36,0,0,0,False,moving to wp 18 (d=0.17),0,0,0,2.5664,0,0.4353,48,120,B,5162
True,None,43.4,434,0.45,9,7,9,1,326.0,36.222,40.75,2,2,2,13.173,0,1,1,False,moving to wp 26 (d=0.32),10,2,2,3.0451,0,0.4196,54,120,B,5163
True,None,38.5,385,0.3333,9,8,9,0,344.0,38.222,38.222,0,0,0,11.415,0,0,0,False,moving to wp 22 (d=0.37),0,0,0,2.4261,0,0.4331,40,120,B,5164
True,None,41.8,418,0.4083,12,10,12,0,471.0,39.25,39.25,1,1,1,13.89,0,1,1,False,moving to wp 13 (d=0.54),7,1,1,2.5555,0,0.4426,49,120,B,5165
True,None,37.7,377,0.4417,11,10,11,1,496.0,45.091,49.6,1,1,1,11.286,0,0,0,False,moving to wp 16 (d=0.40),7,1,1,2.8471,0,0.453,53,120,B,5166
True,None,45.0,450,0.4917,15,13,15,2,534.0,35.6,41.077,3,3,3,19.538,0,1,1,False,moving to wp 19 (d=0.31),13,3,3,4.2555,0,0.4961,59,120,B,5167
True,None,36.7,367,0.425,6,5,6,0,257.0,42.833,42.833,0,0,0,5.533,0,0,0,False,moving to wp 20 (d=0.44),0,0,0,2.1672,0,0.4734,51,120,B,5168
True,None,39.4,394,0.3417,10,9,10,0,474.0,47.4,47.4,0,0,0,12.945,0,0,0,False,moving to wp 28 (d=0.60),0,0,0,2.3044,0,0.4923,41,120,B,5169
True,None,36.3,363,0.3917,4,3,4,0,186.0,46.5,46.5,0,0,0,3.852,0,0,0,False,moving to wp 21 (d=0.11),0,0,0,1.6363,0,0.4498,47,120,B,5170
True,None,37.6,376,0.375,5,4,5,0,249.0,49.8,49.8,0,0,0,3.792,0,0,0,False,moving to wp 26 (d=0.33),0,0,0,1.7712,0,0.4565,45,120,B,5171
True,None,37.1,371,0.4917,9,8,9,0,369.0,41.0,41.0,0,0,0,10.172,0,0,0,False,moving to wp 15 (d=0.61),0,0,0,2.9172,0,0.4959,59,120,B,5172
True,None,39.817,399,0.4167,9,7,9,4,377.0,41.889,75.4,5,5,5,12.934,0,1,1,False,moving to wp 20 (d=0.13),29,5,5,2.2634,0,0.4304,50,120,B,5173
True,None,43.817,439,0.4333,12,10,12,4,462.0,38.5,57.75,5,5,5,19.29,0,1,1,False,moving to wp 23 (d=0.54),16,5,5,3.264,0,0.4376,52,120,B,5174
True,None,37.5,375,0.375,5,4,5,0,219.0,43.8,43.8,0,0,0,4.667,0,0,0,False,moving to wp 23 (d=0.47),0,0,0,1.7784,0,0.4781,45,120,B,5175
True,None,37.1,371,0.4,8,7,8,0,320.0,40.0,40.0,0,0,0,9.442,0,0,0,False,moving to wp 17 (d=0.49),0,0,0,2.1869,0,0.4778,48,120,B,5176
True,None,39.5,395,0.45,12,11,12,1,431.0,35.917,39.182,1,1,1,10.535,0,0,0,False,moving to wp 16 (d=0.62),10,1,1,3.2424,0,0.4478,54,120,B,5177
True,None,36.2,362,0.3417,6,5,6,0,241.0,40.167,40.167,0,0,0,5.664,0,0,0,False,moving to wp 16 (d=0.51),0,0,0,1.7654,0,0.4184,41,120,B,5178
True,None,63.48,638,0.5417,20,10,20,15,406.0,20.3,81.2,24,24,24,37.493,0,9,9,False,moving to wp 23 (d=0.17),215,24,24,6.8318,0,0.4502,65,120,B,5179
True,None,39.0,390,0.4167,6,5,6,0,305.0,50.833,50.833,0,0,0,6.587,0,0,0,False,moving to wp 21 (d=0.29),0,0,0,1.8565,0,0.4732,50,120,B,5180
True,None,37.2,372,0.4583,5,4,5,1,191.0,38.2,47.75,1,1,1,4.929,0,0,0,False,moving to wp 21 (d=0.41),3,1,1,2.2827,0,0.4508,55,120,B,5181
True,None,43.7,437,0.4667,14,12,14,2,567.0,40.5,47.25,3,3,3,18.525,0,1,1,False,moving to wp 15 (d=0.63),19,3,3,3.7386,0,0.4739,56,120,B,5182
True,None,38.3,383,0.3917,11,10,11,1,527.0,47.909,52.7,1,1,1,10.458,0,0,0,False,moving to wp 18 (d=0.18),9,1,1,2.7371,0,0.4659,47,120,B,5183
True,None,42.5,425,0.4333,8,6,8,1,359.0,44.875,51.286,2,2,2,15.927,0,1,1,False,moving to wp 20 (d=0.24),8,2,2,2.1907,0,0.4036,52,120,B,5184
True,None,42.4,424,0.4917,17,15,17,2,724.0,42.588,48.267,3,3,3,24.575,0,1,1,False,moving to wp 20 (d=0.56),27,3,3,4.1688,0,0.4602,59,120,B,5185
True,None,38.3,383,0.375,6,5,6,0,309.0,51.5,51.5,0,0,0,8.159,0,0,0,False,moving to wp 41 (d=0.54),0,0,0,1.5965,0,0.4411,45,120,B,5186
True,None,53.241,535,0.5167,15,8,15,8,400.0,26.667,57.143,14,14,14,25.38,0,6,6,False,moving to wp 24 (d=0.23),120,14,14,4.4128,0,0.4461,62,120,B,5187
True,None,42.4,424,0.4167,10,7,10,1,401.0,40.1,44.556,3,3,3,20.786,0,2,2,False,moving to wp 17 (d=0.59),25,3,3,2.6239,0,0.4295,50,120,B,5188
True,None,38.5,385,0.5417,9,8,9,0,368.0,40.889,40.889,0,0,0,11.351,0,0,0,False,moving to wp 21 (d=0.53),0,0,0,3.3872,0,0.4325,65,120,B,5189
True,None,39.5,395,0.3833,6,5,6,1,290.0,48.333,58.0,1,1,1,6.759,0,0,0,False,moving to wp 29 (d=0.48),3,1,1,2.1929,0,0.4228,46,120,B,5190
True,None,46.2,462,0.4333,20,16,20,1,595.0,29.75,31.316,4,4,4,38.869,0,3,3,False,moving to wp 22 (d=0.37),16,4,4,4.5385,0,0.4586,52,120,B,5191
True,None,38.6,386,0.4167,11,10,11,0,414.0,37.636,37.636,0,0,0,11.844,0,0,0,False,moving to wp 13 (d=0.14),0,0,0,2.5904,0,0.4168,50,120,B,5192
True,None,39.2,392,0.4833,10,9,10,2,389.0,38.9,48.625,2,2,2,8.327,0,0,0,False,moving to wp 19 (d=0.22),14,2,2,3.3017,0,0.4766,58,120,B,5193
True,None,38.8,388,0.45,10,9,10,1,452.0,45.2,50.222,1,1,1,10.372,0,0,0,False,moving to wp 14 (d=0.52),8,1,1,3.0016,0,0.4241,54,120,B,5194
True,None,39.6,396,0.475,10,8,10,2,410.0,41.0,51.25,3,3,3,14.841,0,1,1,False,moving to wp 27 (d=0.51),17,3,3,3.0174,0,0.4759,57,120,B,5195
True,None,37.2,372,0.375,11,10,11,0,439.0,39.909,39.909,0,0,0,13.9,0,0,0,False,moving to wp 17 (d=0.16),0,0,0,2.6079,0,0.4304,45,120,B,5196
True,None,39.6,396,0.525,13,12,13,1,491.0,37.769,40.917,1,1,1,13.29,0,0,0,False,moving to wp 18 (d=0.12),1,1,1,3.5668,0,0.4624,63,120,B,5197
True,None,39.0,390,0.4167,7,6,7,0,267.0,38.143,38.143,0,0,0,6.676,0,0,0,False,moving to wp 16 (d=0.30),0,0,0,2.1347,0,0.4237,50,120,B,5198
True,None,53.396,534,0.5083,20,15,20,4,714.0,35.7,44.625,8,8,8,34.983,0,4,4,False,moving to wp 30 (d=0.59),65,8,8,5.261,0,0.4966,61,120,B,5199
True,None,38.0,380,0.375,3,2,3,0,145.0,48.333,48.333,0,0,0,2.901,0,0,0,False,moving to wp 25 (d=0.45),0,0,0,1.4806,0,0.4514,45,120,B,5200
True,None,38.4,384,0.4333,11,10,11,0,440.0,40.0,40.0,0,0,0,13.808,0,0,0,False,moving to wp 22 (d=0.34),0,0,0,2.9406,0,0.4539,52,120,B,5201
True,None,39.8,398,0.5,14,12,14,1,500.0,35.714,38.462,2,2,2,20.338,0,1,1,False,moving to wp 17 (d=0.55),19,2,2,3.6745,0,0.4149,60,120,B,5202
True,None,40.7,407,0.4417,12,11,12,0,500.0,41.667,41.667,0,0,0,14.097,0,0,0,False,moving to wp 17 (d=0.35),0,0,0,3.2967,0,0.4831,53,120,B,5203
True,None,36.2,362,0.3667,4,3,4,0,168.0,42.0,42.0,0,0,0,3.593,0,0,0,False,moving to wp 20 (d=0.42),0,0,0,1.5159,0,0.4162,44,120,B,5204
True,None,37.0,370,0.5083,7,6,7,0,295.0,42.143,42.143,0,0,0,7.315,0,0,0,False,moving to wp 19 (d=0.25),0,0,0,2.2545,0,0.4108,61,120,B,5205
True,None,44.221,443,0.4417,13,10,13,0,402.0,30.923,30.923,2,2,2,18.307,0,2,2,False,moving to wp 20 (d=0.49),7,2,2,3.2784,0,0.4637,53,120,B,5206
True,None,42.767,428,0.4333,8,5,8,3,291.0,36.375,58.2,5,5,5,15.242,0,2,2,False,moving to wp 18 (d=0.48),28,5,5,2.3453,0,0.4523,52,120,B,5207
True,None,35.4,354,0.325,10,9,10,0,393.0,39.3,39.3,0,0,0,10.545,0,0,0,False,moving to wp 15 (d=0.52),0,0,0,2.3032,0,0.4901,39,120,B,5208
True,None,40.883,409,0.4417,13,11,13,1,436.0,33.538,36.333,2,2,2,16.644,0,1,1,False,moving to wp 13 (d=0.11),18,2,2,2.9878,0,0.4729,53,120,B,5209
True,None,37.2,372,0.4667,6,5,6,0,277.0,46.167,46.167,0,0,0,4.652,0,0,0,False,moving to wp 23 (d=0.58),0,0,0,2.0343,0,0.4689,56,120,B,5210
True,None,37.1,371,0.3667,7,6,7,0,316.0,45.143,45.143,0,0,0,6.664,0,0,0,False,moving to wp 20 (d=0.43),0,0,0,2.0038,0,0.4241,44,120,B,5211
True,None,36.4,364,0.4167,7,6,7,0,303.0,43.286,43.286,0,0,0,7.5,0,0,0,False,moving to wp 19 (d=0.45),0,0,0,2.3137,0,0.4017,50,120,B,5212
True,None,36.9,369,0.3917,10,9,10,0,407.0,40.7,40.7,0,0,0,7.512,0,0,0,False,moving to wp 24 (d=0.25),0,0,0,2.6674,0,0.4114,47,120,B,5213
True,None,38.0,380,0.3917,6,5,6,0,283.0,47.167,47.167,0,0,0,5.729,0,0,0,False,moving to wp 32 (d=0.42),0,0,0,1.9497,0,0.4716,47,120,B,5214
True,None,39.3,393,0.3833,6,5,6,1,250.0,41.667,50.0,1,1,1,8.46,0,0,0,False,moving to wp 15 (d=0.52),5,1,1,1.9881,0,0.4539,46,120,B,5215
True,None,37.3,373,0.4167,8,7,8,0,332.0,41.5,41.5,0,0,0,6.561,0,0,0,False,moving to wp 15 (d=0.21),0,0,0,2.2589,0,0.4005,50,120,B,5216
True,None,40.1,401,0.4583,9,7,9,0,294.0,32.667,32.667,1,1,1,19.509,0,1,1,False,moving to wp 16 (d=0.51),3,1,1,2.997,0,0.4529,55,120,B,5217
True,None,40.0,400,0.45,12,11,12,0,465.0,38.75,38.75,0,0,0,13.903,0,0,0,False,moving to wp 16 (d=0.19),0,0,0,3.5751,0,0.4054,54,120,B,5218
True,None,36.5,365,0.375,11,10,11,0,428.0,38.909,38.909,0,0,0,9.389,0,0,0,False,moving to wp 14 (d=0.34),0,0,0,2.7105,0,0.42,45,120,B,5219
True,None,54.55,547,0.4667,15,9,15,6,415.0,27.667,46.111,11,11,11,36.537,0,5,5,False,moving to wp 28 (d=0.49),78,11,11,4.4219,0,0.4899,56,120,B,5220
True,None,41.933,420,0.5167,7,5,7,1,248.0,35.429,41.333,2,2,2,12.912,0,1,1,False,moving to wp 12 (d=0.16),10,2,2,2.5153,0,0.4847,62,120,B,5221
True,None,42.3,423,0.4,13,11,13,1,634.0,48.769,52.833,2,2,2,17.316,0,1,1,False,moving to wp 35 (d=0.58),16,2,2,2.895,0,0.4373,48,120,B,5222
True,None,44.4,444,0.4917,12,10,12,1,409.0,34.083,37.182,2,2,2,20.491,0,1,1,False,moving to wp 16 (d=0.12),7,2,2,3.4121,0,0.4193,59,120,B,5223
True,None,39.0,390,0.425,10,9,10,0,423.0,42.3,42.3,0,0,0,10.171,0,0,0,False,moving to wp 20 (d=0.41),0,0,0,2.5361,0,0.4908,51,120,B,5224
True,None,37.9,379,0.3417,12,11,12,1,542.0,45.167,49.273,1,1,1,14.579,0,0,0,False,moving to wp 15 (d=0.11),11,1,1,2.7534,0,0.4955,41,120,B,5225
True,None,37.8,378,0.4333,8,7,8,0,312.0,39.0,39.0,0,0,0,6.633,0,0,0,False,moving to wp 13 (d=0.46),0,0,0,2.476,0,0.4584,52,120,B,5226
True,None,38.2,382,0.4083,10,9,10,1,387.0,38.7,43.0,1,1,1,13.826,0,0,0,False,moving to wp 16 (d=0.54),1,1,1,2.9635,0,0.446,49,120,B,5227
True,None,76.609,771,0.6583,28,13,28,16,699.0,24.964,58.25,30,30,30,51.367,0,14,14,False,moving to wp 25 (d=0.46),297,30,30,8.2119,0,0.4274,79,120,B,5228
True,None,46.354,465,0.4417,12,8,12,2,381.0,31.75,38.1,5,5,5,17.792,0,3,3,False,moving to wp 29 (d=0.23),15,5,5,3.2471,0,0.4518,53,120,B,5229
True,None,40.967,410,0.4917,10,8,10,0,402.0,40.2,40.2,1,1,1,12.911,0,1,1,False,moving to wp 27 (d=0.12),4,1,1,3.3806,0,0.4078,59,120,B,5230
True,None,55.74,559,0.475,21,14,21,4,610.0,29.048,35.882,10,10,10,33.652,0,6,6,False,moving to wp 19 (d=0.51),105,10,10,5.5074,0,0.4247,57,120,B,5231
True,None,38.5,385,0.4667,10,9,10,0,433.0,43.3,43.3,0,0,0,11.138,0,0,0,False,moving to wp 20 (d=0.42),0,0,0,2.9506,0,0.4401,56,120,B,5232
True,None,85.786,863,0.4333,33,14,33,8,766.0,23.212,30.64,26,26,26,76.459,0,18,18,False,moving to wp 28 (d=0.19),527,26,26,7.7949,0,0.4912,52,120,B,5233
True,None,38.2,382,0.4083,10,9,10,0,462.0,46.2,46.2,0,0,0,9.475,0,0,0,False,moving to wp 30 (d=0.41),0,0,0,2.6779,0,0.4645,49,120,B,5234
True,None,48.2,482,0.4333,18,15,18,6,744.0,41.333,62.0,8,8,8,32.023,0,2,2,False,moving to wp 22 (d=0.37),53,8,8,3.7868,0,0.4791,52,120,B,5235
True,None,40.5,405,0.5083,16,14,16,3,739.0,46.188,56.846,4,4,4,19.869,0,1,1,False,moving to wp 28 (d=0.29),35,4,4,4.3487,0,0.4739,61,120,B,5236
True,None,37.4,374,0.4333,8,7,8,0,327.0,40.875,40.875,0,0,0,7.642,0,0,0,False,moving to wp 20 (d=0.14),0,0,0,2.5095,0,0.4808,52,120,B,5237
True,None,53.391,536,0.4,13,7,13,6,337.0,25.923,48.143,11,11,11,25.428,0,5,5,False,moving to wp 23 (d=0.18),72,11,11,3.5042,0,0.402,48,120,B,5238
True,None,38.5,385,0.5167,18,17,18,0,624.0,34.667,34.667,0,0,0,13.391,0,0,0,False,moving to wp 16 (d=0.56),0,0,0,5.3222,0,0.4427,62,120,B,5239
True,None,43.1,431,0.4167,12,10,12,2,447.0,37.25,44.7,3,3,3,23.671,0,1,1,False,moving to wp 24 (d=0.33),14,3,3,3.4085,0,0.4909,50,120,B,5240
True,None,36.5,365,0.3833,8,7,8,0,340.0,42.5,42.5,0,0,0,8.286,0,0,0,False,moving to wp 14 (d=0.23),0,0,0,2.288,0,0.4877,46,120,B,5241
True,None,38.2,382,0.4083,7,6,7,0,301.0,43.0,43.0,0,0,0,6.766,0,0,0,False,moving to wp 25 (d=0.51),0,0,0,2.1423,0,0.4143,49,120,B,5242
True,None,37.2,372,0.425,6,5,6,0,266.0,44.333,44.333,0,0,0,5.628,0,0,0,False,moving to wp 23 (d=0.58),0,0,0,1.9106,0,0.4708,51,120,B,5243
True,None,39.9,399,0.4917,12,11,12,0,465.0,38.75,38.75,0,0,0,14.364,0,0,0,False,moving to wp 14 (d=0.50),0,0,0,3.1799,0,0.4039,59,120,B,5244
True,None,39.7,397,0.375,10,9,10,0,471.0,47.1,47.1,0,0,0,10.916,0,0,0,False,moving to wp 34 (d=0.46),0,0,0,2.2267,0,0.4053,45,120,B,5245
True,None,39.3,393,0.3833,9,8,9,2,368.0,40.889,52.571,2,2,2,10.392,0,0,0,False,moving to wp 25 (d=0.53),8,2,2,2.8253,0,0.4348,46,120,B,5246
True,None,43.5,435,0.4667,12,10,12,2,477.0,39.75,47.7,3,3,3,16.659,0,1,1,False,moving to wp 16 (d=0.20),25,3,3,3.3062,0,0.4148,56,120,B,5247
True,None,43.545,436,0.4583,14,11,14,1,414.0,29.571,31.846,3,3,3,21.059,0,2,2,False,moving to wp 15 (d=0.51),16,3,3,3.7474,0,0.4642,55,120,B,5248
True,None,37.1,371,0.4417,7,6,7,0,291.0,41.571,41.571,0,0,0,6.61,0,0,0,False,moving to wp 21 (d=0.32),0,0,0,2.4648,0,0.4945,53,120,B,5249
True,None,51.111,512,0.5333,13,8,13,2,449.0,34.538,40.818,6,6,6,25.636,0,4,4,False,moving to wp 19 (d=0.31),27,6,6,3.3914,0,0.4244,64,120,B,5250
True,None,36.6,366,0.375,8,7,8,0,372.0,46.5,46.5,0,0,0,6.467,0,0,0,False,moving to wp 23 (d=0.49),0,0,0,2.2418,0,0.4024,45,120,B,5251
True,None,38.3,383,0.4417,11,10,11,0,496.0,45.091,45.091,0,0,0,11.05,0,0,0,False,moving to wp 22 (d=0.51),0,0,0,3.0051,0,0.4392,53,120,B,5252
True,None,36.9,369,0.4417,7,6,7,0,284.0,40.571,40.571,0,0,0,8.906,0,0,0,False,moving to wp 16 (d=0.39),0,0,0,1.9553,0,0.4431,53,120,B,5253
True,None,38.3,383,0.45,9,8,9,0,322.0,35.778,35.778,0,0,0,10.382,0,0,0,False,moving to wp 13 (d=0.56),0,0,0,2.7297,0,0.4926,54,120,B,5254
True,None,38.4,384,0.3583,6,5,6,0,256.0,42.667,42.667,0,0,0,5.492,0,0,0,False,moving to wp 17 (d=0.19),0,0,0,1.691,0,0.4546,43,120,B,5255
True,None,37.1,371,0.35,4,3,4,0,189.0,47.25,47.25,0,0,0,3.834,0,0,0,False,moving to wp 28 (d=0.51),0,0,0,1.6338,0,0.4267,42,120,B,5256
True,None,37.9,379,0.3917,10,9,10,1,405.0,40.5,45.0,1,1,1,9.545,0,0,0,False,moving to wp 16 (d=0.31),6,1,1,2.9331,0,0.4915,47,120,B,5257
True,None,37.4,374,0.5083,8,7,8,0,383.0,47.875,47.875,0,0,0,8.194,0,0,0,False,moving to wp 34 (d=0.39),0,0,0,2.6506,0,0.4843,61,120,B,5258
True,None,43.9,439,0.475,14,12,14,4,612.0,43.714,61.2,5,5,5,19.36,0,1,1,False,moving to wp 13 (d=0.31),40,5,5,3.3911,0,0.4054,57,120,B,5259
True,None,37.2,372,0.4917,11,10,11,0,469.0,42.636,42.636,0,0,0,11.454,0,0,0,False,moving to wp 16 (d=0.59),0,0,0,3.0032,0,0.4197,59,120,B,5260
True,None,39.3,393,0.4167,6,5,6,1,287.0,47.833,57.4,1,1,1,7.701,0,0,0,False,moving to wp 18 (d=0.33),1,1,1,1.7947,0,0.4006,50,120,B,5261
True,None,37.1,371,0.4833,8,7,8,0,360.0,45.0,45.0,0,0,0,6.578,0,0,0,False,moving to wp 32 (d=0.58),0,0,0,2.7675,0,0.4315,58,120,B,5262
True,None,39.1,391,0.3833,10,9,10,0,446.0,44.6,44.6,0,0,0,10.536,0,0,0,False,moving to wp 18 (d=0.59),0,0,0,2.4371,0,0.4725,46,120,B,5263
True,None,41.5,415,0.4333,10,8,10,1,378.0,37.8,42.0,2,2,2,16.91,0,1,1,False,moving to wp 24 (d=0.24),9,2,2,2.9376,0,0.4944,52,120,B,5264
True,None,38.4,384,0.3,7,6,7,0,338.0,48.286,48.286,0,0,0,6.549,0,0,0,False,moving to wp 30 (d=0.37),0,0,0,1.6303,0,0.4051,36,120,B,5265
True,None,63.077,632,0.5583,25,16,25,14,730.0,29.2,66.364,22,22,22,42.858,0,8,8,False,moving to wp 23 (d=0.55),303,22,22,8.7766,0,0.4261,67,120,B,5266
True,None,37.5,375,0.4417,7,6,7,0,278.0,39.714,39.714,0,0,0,6.675,0,0,0,False,moving to wp 14 (d=0.34),0,0,0,2.4869,0,0.4391,53,120,B,5267
True,None,36.1,361,0.4167,4,3,4,0,160.0,40.0,40.0,0,0,0,2.89,0,0,0,False,moving to wp 21 (d=0.22),0,0,0,1.8002,0,0.4918,50,120,B,5268
True,None,42.658,427,0.5,14,12,14,2,517.0,36.929,43.083,3,3,3,17.507,0,1,1,False,moving to wp 15 (d=0.12),27,3,3,3.8192,0,0.4375,60,120,B,5269
True,None,47.6,476,0.5083,18,15,18,3,621.0,34.5,41.4,5,5,5,29.517,0,2,2,False,moving to wp 16 (d=0.49),40,5,5,5.3058,0,0.4607,61,120,B,5270
True,None,39.067,391,0.4083,10,8,10,0,393.0,39.3,39.3,1,1,1,13.915,0,1,1,False,moving to wp 26 (d=0.52),7,1,1,3.0473,0,0.4184,49,120,B,5271
True,None,37.2,372,0.475,14,13,14,1,493.0,35.214,37.923,1,1,1,10.498,0,0,0,False,moving to wp 20 (d=0.54),4,1,1,3.8565,0,0.4302,57,120,B,5272
True,None,37.6,376,0.5083,10,9,10,1,443.0,44.3,49.222,1,1,1,11.013,0,0,0,False,moving to wp 16 (d=0.41),5,1,1,3.2393,0,0.4534,61,120,B,5273
True,None,37.7,377,0.4917,11,10,11,1,431.0,39.182,43.1,1,1,1,9.408,0,0,0,False,moving to wp 17 (d=0.26),8,1,1,3.0444,0,0.4211,59,120,B,5274
True,None,36.2,362,0.4083,6,5,6,0,288.0,48.0,48.0,0,0,0,5.776,0,0,0,False,moving to wp 19 (d=0.66),0,0,0,1.7864,0,0.4777,49,120,B,5275
True,None,40.3,403,0.5,8,7,8,1,355.0,44.375,50.714,1,1,1,10.522,0,0,0,False,moving to wp 24 (d=0.53),2,1,1,2.7837,0,0.4279,60,120,B,5276
True,None,42.7,427,0.5333,12,10,12,1,417.0,34.75,37.909,2,2,2,20.769,0,1,1,False,moving to wp 16 (d=0.54),8,2,2,3.7255,0,0.443,64,120,B,5277
True,None,42.0,420,0.4333,12,10,12,1,433.0,36.083,39.364,2,2,2,19.088,0,1,1,False,moving to wp 23 (d=0.58),5,2,2,3.058,0,0.4288,52,120,B,5278
True,None,49.81,499,0.425,15,10,15,1,481.0,32.067,34.357,5,5,5,30.402,0,4,4,False,moving to wp 28 (d=0.43),37,5,5,3.8429,0,0.4397,51,120,B,5279
True,None,75.962,764,0.4917,29,14,29,27,605.0,20.862,302.5,41,41,41,48.62,0,14,14,False,moving to wp 25 (d=0.51),502,41,41,8.7983,0,0.4062,59,120,B,5280
True,None,40.2,402,0.3917,13,12,13,2,553.0,42.538,50.273,2,2,2,14.954,0,0,0,False,moving to wp 14 (d=0.63),14,2,2,3.284,0,0.4744,47,120,B,5281
True,None,37.1,371,0.375,5,4,5,0,191.0,38.2,38.2,0,0,0,3.805,0,0,0,False,moving to wp 13 (d=0.52),0,0,0,1.8252,0,0.4189,45,120,B,5282
True,None,43.2,432,0.425,14,12,14,1,571.0,40.786,43.923,2,2,2,24.063,0,1,1,False,moving to wp 16 (d=0.21),8,2,2,3.7803,0,0.4744,51,120,B,5283
True,None,49.951,501,0.4333,10,5,10,5,314.0,31.4,62.8,9,9,9,21.545,0,4,4,False,moving to wp 30 (d=0.54),55,9,9,3.0177,0,0.4385,52,120,B,5284
True,None,40.0,400,0.4333,13,12,13,0,521.0,40.077,40.077,0,0,0,16.006,0,0,0,False,moving to wp 15 (d=0.10),0,0,0,3.2582,0,0.4021,52,120,B,5285
True,None,36.6,366,0.45,7,6,7,1,330.0,47.143,55.0,1,1,1,4.768,0,0,0,False,moving to wp 24 (d=0.53),4,1,1,2.428,0,0.4255,54,120,B,5286
True,None,39.226,393,0.3667,11,9,11,1,359.0,32.636,35.9,2,2,2,18.736,0,1,1,False,moving to wp 21 (d=0.35),8,2,2,2.8474,0,0.4968,44,120,B,5287
True,None,38.2,382,0.4417,10,9,10,0,411.0,41.1,41.1,0,0,0,8.615,0,0,0,False,moving to wp 17 (d=0.45),0,0,0,2.7259,0,0.4388,53,120,B,5288
True,None,46.467,465,0.45,18,15,18,2,637.0,35.389,39.812,4,4,4,24.958,0,2,2,False,moving to wp 12 (d=0.27),42,4,4,4.3736,0,0.4987,54,120,B,5289
True,None,39.7,397,0.4167,12,11,12,0,492.0,41.0,41.0,0,0,0,13.609,0,0,0,False,moving to wp 19 (d=0.21),0,0,0,3.0946,0,0.45,50,120,B,5290
True,None,44.3,443,0.4,11,9,11,5,402.0,36.545,67.0,6,6,6,13.152,0,1,1,False,moving to wp 26 (d=0.53),20,6,6,3.5178,0,0.4633,48,120,B,5291
True,None,45.052,452,0.4917,17,13,17,2,699.0,41.118,46.6,5,5,5,26.409,0,3,3,False,moving to wp 19 (d=0.25),39,5,5,4.119,0,0.4443,59,120,B,5292
True,None,38.6,386,0.4417,12,11,12,0,513.0,42.75,42.75,0,0,0,6.829,0,0,0,False,moving to wp 15 (d=0.18),0,0,0,3.0717,0,0.4186,53,120,B,5293
True,None,55.655,558,0.5083,19,13,19,6,597.0,31.421,45.923,11,11,11,39.299,0,5,5,False,moving to wp 18 (d=0.34),124,11,11,5.098,0,0.4047,61,120,B,5294
True,None,37.8,378,0.3583,7,6,7,0,346.0,49.429,49.429,0,0,0,7.425,0,0,0,False,moving to wp 34 (d=0.30),0,0,0,1.9316,0,0.4334,43,120,B,5295
True,None,37.7,377,0.5417,8,7,8,0,315.0,39.375,39.375,0,0,0,6.618,0,0,0,False,moving to wp 16 (d=0.18),0,0,0,2.85,0,0.4702,65,120,B,5296
True,None,46.867,470,0.4333,11,7,11,4,330.0,30.0,47.143,7,7,7,21.183,0,3,3,False,moving to wp 18 (d=0.58),43,7,7,3.1692,0,0.4207,52,120,B,5297
True,None,41.317,414,0.4333,15,13,15,3,555.0,37.0,46.25,4,4,4,21.07,0,1,1,False,moving to wp 17 (d=0.36),38,4,4,3.9755,0,0.4988,52,120,B,5298
True,None,38.6,386,0.35,7,6,7,0,326.0,46.571,46.571,0,0,0,6.687,0,0,0,False,moving to wp 20 (d=0.12),0,0,0,1.996,0,0.4645,42,120,B,5299
True,None,50.819,509,0.55,18,14,18,3,570.0,31.667,38.0,6,6,6,33.118,0,3,3,False,moving to wp 18 (d=0.46),66,6,6,5.7134,0,0.4803,66,120,B,5300
True,None,38.7,387,0.4583,10,9,10,0,428.0,42.8,42.8,0,0,0,12.181,0,0,0,False,moving to wp 16 (d=0.57),0,0,0,2.8086,0,0.4303,55,120,B,5301
True,None,73.901,744,0.5333,24,10,24,15,531.0,22.125,59.0,28,28,28,46.074,0,13,13,False,moving to wp 29 (d=0.49),326,28,28,7.1753,0,0.4229,64,120,B,5302
True,None,39.8,398,0.4417,13,12,13,1,599.0,46.077,49.917,1,1,1,15.171,0,0,0,False,moving to wp 17 (d=0.56),2,1,1,3.3976,0,0.4267,53,120,B,5303
True,None,37.8,378,0.3417,8,7,8,1,307.0,38.375,43.857,1,1,1,7.658,0,0,0,False,moving to wp 17 (d=0.48),7,1,1,2.4106,0,0.4566,41,120,B,5304
True,None,39.1,391,0.425,13,12,13,1,463.0,35.615,38.583,1,1,1,10.728,0,0,0,False,moving to wp 24 (d=0.44),3,1,1,3.5281,0,0.475,51,120,B,5305
True,None,37.2,372,0.4,12,11,12,1,466.0,38.833,42.364,1,1,1,11.968,0,0,0,False,moving to wp 15 (d=0.50),1,1,1,2.8644,0,0.4399,48,120,B,5306
True,None,38.7,387,0.425,11,10,11,0,466.0,42.364,42.364,0,0,0,10.846,0,0,0,False,moving to wp 19 (d=0.14),0,0,0,2.9422,0,0.4102,51,120,B,5307
True,None,44.4,444,0.3083,7,5,7,2,276.0,39.429,55.2,3,3,3,16.49,0,1,1,False,moving to wp 36 (d=0.42),6,3,3,1.9643,0,0.4458,37,120,B,5308
True,None,41.042,411,0.525,12,10,12,1,455.0,37.917,41.364,2,2,2,18.645,0,1,1,False,moving to wp 13 (d=0.25),18,2,2,3.7286,0,0.4282,63,120,B,5309
True,None,37.6,376,0.4,5,4,5,0,267.0,53.4,53.4,0,0,0,3.71,0,0,0,False,moving to wp 37 (d=0.56),0,0,0,1.6531,0,0.4689,48,120,B,5310
True,None,48.557,486,0.4167,13,10,13,5,551.0,42.385,68.875,7,7,7,28.317,0,2,2,False,moving to wp 25 (d=0.13),55,7,7,3.284,0,0.4881,50,120,B,5311
True,None,40.1,401,0.4833,11,9,11,5,397.0,36.091,66.167,6,6,6,19.427,0,1,1,False,moving to wp 16 (d=0.57),41,6,6,3.2246,0,0.4707,58,120,B,5312
True,None,37.6,376,0.3917,6,5,6,0,301.0,50.167,50.167,0,0,0,4.7,0,0,0,False,moving to wp 15 (d=0.62),0,0,0,1.7907,0,0.4807,47,120,B,5313
True,None,45.65,457,0.5083,16,13,16,5,587.0,36.688,53.364,7,7,7,18.592,0,2,2,False,moving to wp 21 (d=0.57),58,7,7,4.9635,0,0.4314,61,120,B,5314
True,None,40.5,405,0.4,14,13,14,2,574.0,41.0,47.833,2,2,2,14.519,0,0,0,False,moving to wp 20 (d=0.64),20,2,2,3.3828,0,0.4755,48,120,B,5315
True,None,41.7,417,0.425,14,12,14,4,552.0,39.429,55.2,5,5,5,16.654,0,1,1,False,moving to wp 24 (d=0.26),24,5,5,3.4633,0,0.4577,51,120,B,5316
True,None,36.7,367,0.4417,8,7,8,0,325.0,40.625,40.625,0,0,0,10.109,0,0,0,False,moving to wp 12 (d=0.48),0,0,0,2.4388,0,0.4203,53,120,B,5317
True,None,38.5,385,0.475,10,9,10,0,414.0,41.4,41.4,0,0,0,11.514,0,0,0,False,moving to wp 12 (d=0.18),0,0,0,2.8834,0,0.4791,57,120,B,5318
True,None,39.7,397,0.425,16,15,16,0,554.0,34.625,34.625,0,0,0,21.367,0,0,0,False,moving to wp 19 (d=0.49),0,0,0,3.6455,0,0.4396,51,120,B,5319
True,None,38.1,381,0.375,6,5,6,0,297.0,49.5,49.5,0,0,0,6.71,0,0,0,False,moving to wp 32 (d=0.50),0,0,0,1.9608,0,0.4769,45,120,B,5320
True,None,38.9,389,0.5083,14,13,14,1,515.0,36.786,39.615,1,1,1,15.061,0,0,0,False,moving to wp 17 (d=0.57),2,1,1,3.8931,0,0.4444,61,120,B,5321
True,None,45.4,454,0.3667,11,9,11,3,423.0,38.455,52.875,4,4,4,17.475,0,1,1,False,moving to wp 22 (d=0.50),17,4,4,2.8301,0,0.4378,44,120,B,5322
True,None,38.8,388,0.4,11,10,11,0,466.0,42.364,42.364,0,0,0,11.163,0,0,0,False,moving to wp 23 (d=0.37),0,0,0,2.9613,0,0.4214,48,120,B,5323
True,None,38.1,381,0.4,7,6,7,0,305.0,43.571,43.571,0,0,0,7.513,0,0,0,False,moving to wp 30 (d=0.44),0,0,0,2.2984,0,0.4915,48,120,B,5324
True,None,41.5,415,0.4417,14,13,14,0,503.0,35.929,35.929,0,0,0,14.287,0,0,0,False,moving to wp 17 (d=0.52),0,0,0,3.3612,0,0.4224,53,120,B,5325
True,None,51.779,519,0.45,15,10,15,4,550.0,36.667,50.0,8,8,8,25.67,0,4,4,False,moving to wp 24 (d=0.57),56,8,8,3.9872,0,0.4674,54,120,B,5326
True,None,37.7,377,0.4667,6,5,6,1,288.0,48.0,57.6,1,1,1,6.51,0,0,0,False,moving to wp 26 (d=0.34),4,1,1,2.1692,0,0.4864,56,120,B,5327
True,None,38.1,381,0.475,8,7,8,0,366.0,45.75,45.75,0,0,0,8.508,0,0,0,False,moving to wp 17 (d=0.48),0,0,0,2.5333,0,0.463,57,120,B,5328
True,None,54.263,545,0.375,16,10,16,11,541.0,33.812,108.2,16,16,16,26.109,0,5,5,False,moving to wp 23 (d=0.48),116,16,16,4.0885,0,0.4452,45,120,B,5329
True,None,39.0,390,0.3583,9,8,9,1,425.0,47.222,53.125,1,1,1,8.717,0,0,0,False,moving to wp 15 (d=0.23),6,1,1,2.2109,0,0.4078,43,120,B,5330
True,None,37.7,377,0.3333,10,9,10,0,426.0,42.6,42.6,0,0,0,10.156,0,0,0,False,moving to wp 19 (d=0.56),0,0,0,2.1414,0,0.4151,40,120,B,5331
True,None,45.6,456,0.4917,17,15,17,3,673.0,39.588,48.071,4,4,4,21.42,0,1,1,False,moving to wp 28 (d=0.17),37,4,4,5.1446,0,0.458,59,120,B,5332
True,None,42.35,424,0.3833,13,11,13,1,469.0,36.077,39.083,2,2,2,16.495,0,1,1,False,moving to wp 16 (d=0.29),21,2,2,2.824,0,0.4478,46,120,B,5333
True,None,37.9,379,0.4583,10,9,10,1,417.0,41.7,46.333,1,1,1,12.492,0,0,0,False,moving to wp 16 (d=0.45),1,1,1,2.9374,0,0.4071,55,120,B,5334
True,None,37.6,376,0.3667,9,8,9,0,403.0,44.778,44.778,0,0,0,10.276,0,0,0,False,moving to wp 21 (d=0.18),0,0,0,2.2941,0,0.449,44,120,B,5335
True,None,37.3,373,0.4417,9,8,9,0,423.0,47.0,47.0,0,0,0,9.405,0,0,0,False,moving to wp 20 (d=0.13),0,0,0,2.3186,0,0.4898,53,120,B,5336
True,None,57.523,577,0.5,23,15,23,12,805.0,35.0,73.182,19,19,19,33.788,0,7,7,False,moving to wp 34 (d=0.56),183,19,19,6.0293,0,0.4712,60,120,B,5337
True,None,52.043,523,0.5083,17,11,17,8,457.0,26.882,50.778,13,13,13,30.576,0,5,5,False,moving to wp 17 (d=0.29),110,13,13,5.5446,0,0.4837,61,120,B,5338
True,None,37.7,377,0.4333,6,5,6,0,255.0,42.5,42.5,0,0,0,5.517,0,0,0,False,moving to wp 16 (d=0.52),0,0,0,2.0948,0,0.4168,52,120,B,5339
True,None,39.9,399,0.425,10,9,10,3,443.0,44.3,63.286,3,3,3,12.371,0,0,0,False,moving to wp 30 (d=0.51),8,3,3,3.064,0,0.4847,51,120,B,5340
True,None,37.4,374,0.4333,11,10,11,1,478.0,43.455,47.8,1,1,1,14.612,0,0,0,False,moving to wp 16 (d=0.52),6,1,1,2.974,0,0.4965,52,120,B,5341
True,None,42.0,420,0.3917,9,7,9,1,315.0,35.0,39.375,2,2,2,13.908,0,1,1,False,moving to wp 20 (d=0.54),6,2,2,2.4414,0,0.4975,47,120,B,5342
True,None,37.0,370,0.3083,8,7,8,0,308.0,38.5,38.5,0,0,0,7.612,0,0,0,False,moving to wp 19 (d=0.61),0,0,0,1.9347,0,0.4741,37,120,B,5343
True,None,36.6,366,0.3833,4,3,4,0,213.0,53.25,53.25,0,0,0,2.806,0,0,0,False,moving to wp 41 (d=0.29),0,0,0,1.3963,0,0.4349,46,120,B,5344
True,None,37.9,379,0.4417,11,10,11,0,456.0,41.455,41.455,0,0,0,6.551,0,0,0,False,moving to wp 21 (d=0.52),0,0,0,3.101,0,0.4492,53,120,B,5345
True,None,38.3,383,0.4167,8,7,8,0,246.0,30.75,30.75,0,0,0,9.431,0,0,0,False,moving to wp 13 (d=0.14),0,0,0,2.5249,0,0.4292,50,120,B,5346
True,None,44.6,446,0.475,19,17,19,1,698.0,36.737,38.778,2,2,2,24.227,0,1,1,False,moving to wp 15 (d=0.17),10,2,2,4.6615,0,0.4141,57,120,B,5347
True,None,37.0,370,0.5,8,7,8,0,385.0,48.125,48.125,0,0,0,8.372,0,0,0,False,moving to wp 19 (d=0.45),0,0,0,2.4959,0,0.4754,60,120,B,5348
True,None,47.642,477,0.5,17,13,17,3,503.0,29.588,35.929,6,6,6,19.33,0,3,3,False,moving to wp 30 (d=0.42),19,6,6,4.956,0,0.4456,60,120,B,5349
True,None,37.9,379,0.3917,7,6,7,0,225.0,32.143,32.143,0,0,0,6.514,0,0,0,False,moving to wp 16 (d=0.58),0,0,0,2.2394,0,0.4772,47,120,B,5350
True,None,56.973,573,0.5667,18,11,18,11,581.0,32.278,83.0,17,17,17,30.216,0,6,6,False,moving to wp 19 (d=0.33),153,17,17,5.6334,0,0.4383,68,120,B,5351
True,None,37.2,372,0.3917,10,9,10,0,349.0,34.9,34.9,0,0,0,10.35,0,0,0,False,moving to wp 17 (d=0.48),0,0,0,2.6972,0,0.4425,47,120,B,5352
True,None,55.046,551,0.5083,23,17,23,4,784.0,34.087,41.263,9,9,9,43.135,0,5,5,False,moving to wp 22 (d=0.32),109,9,9,5.8455,0,0.4076,61,120,B,5353
True,None,40.7,407,0.4083,11,10,11,0,467.0,42.455,42.455,0,0,0,10.205,0,0,0,False,moving to wp 21 (d=0.39),0,0,0,2.8347,0,0.4548,49,120,B,5354
True,None,38.3,383,0.425,6,5,6,1,243.0,40.5,48.6,1,1,1,7.652,0,0,0,False,moving to wp 16 (d=0.23),1,1,1,2.0627,0,0.4658,51,120,B,5355
True,None,39.5,395,0.45,10,9,10,0,417.0,41.7,41.7,0,0,0,10.415,0,0,0,False,moving to wp 19 (d=0.65),0,0,0,2.7367,0,0.4936,54,120,B,5356
True,None,40.2,402,0.475,7,6,7,0,281.0,40.143,40.143,0,0,0,11.356,0,0,0,False,moving to wp 17 (d=0.47),0,0,0,2.5641,0,0.4586,57,120,B,5357
True,None,42.8,428,0.3417,7,5,7,0,263.0,37.571,37.571,1,1,1,15.75,0,1,1,False,moving to wp 18 (d=0.58),4,1,1,1.8928,0,0.493,41,120,B,5358
True,None,37.5,375,0.5083,8,7,8,0,262.0,32.75,32.75,0,0,0,10.122,0,0,0,False,moving to wp 16 (d=0.29),0,0,0,3.0638,0,0.4615,61,120,B,5359
True,None,52.594,528,0.4667,13,7,13,2,342.0,26.308,31.091,7,7,7,20.188,0,5,5,False,moving to wp 36 (d=0.38),22,7,7,3.3779,0,0.4271,56,120,B,5360
True,None,36.3,363,0.375,7,6,7,0,271.0,38.714,38.714,0,0,0,7.314,0,0,0,False,moving to wp 14 (d=0.23),0,0,0,2.0377,0,0.4511,45,120,B,5361
True,None,36.5,365,0.3917,10,9,10,1,374.0,37.4,41.556,1,1,1,12.405,0,0,0,False,moving to wp 16 (d=0.56),3,1,1,2.9235,0,0.4287,47,120,B,5362
True,None,37.7,377,0.4583,10,9,10,0,435.0,43.5,43.5,0,0,0,10.377,0,0,0,False,moving to wp 15 (d=0.42),0,0,0,2.5037,0,0.4311,55,120,B,5363
True,None,37.5,375,0.4917,6,5,6,0,242.0,40.333,40.333,0,0,0,6.644,0,0,0,False,moving to wp 22 (d=0.37),0,0,0,2.5762,0,0.4349,59,120,B,5364
True,None,47.324,474,0.4167,15,11,15,3,531.0,35.4,44.25,6,6,6,20.476,0,3,3,False,moving to wp 18 (d=0.47),33,6,6,3.977,0,0.4884,50,120,B,5365
True,None,52.5,527,0.4333,16,10,16,4,496.0,31.0,41.333,9,9,9,28.922,0,5,5,False,moving to wp 31 (d=0.29),50,9,9,4.1221,0,0.4451,52,120,B,5366
True,None,38.2,382,0.4667,8,7,8,0,338.0,42.25,42.25,0,0,0,8.555,0,0,0,False,moving to wp 28 (d=0.36),0,0,0,2.9187,0,0.4542,56,120,B,5367
True,None,39.9,399,0.475,11,10,11,1,547.0,49.727,54.7,1,1,1,12.028,0,0,0,False,moving to wp 28 (d=0.61),3,1,1,3.1072,0,0.4537,57,120,B,5368
True,None,41.0,410,0.475,16,15,16,1,777.0,48.562,51.8,1,1,1,16.084,0,0,0,False,moving to wp 22 (d=0.31),12,1,1,4.2263,0,0.4613,57,120,B,5369
True,None,38.5,385,0.3833,10,9,10,0,378.0,37.8,37.8,0,0,0,10.382,0,0,0,False,moving to wp 20 (d=0.19),0,0,0,2.2933,0,0.4294,46,120,B,5370
True,None,36.7,367,0.4417,12,11,12,0,553.0,46.083,46.083,0,0,0,11.14,0,0,0,False,moving to wp 28 (d=0.19),0,0,0,3.1942,0,0.4673,53,120,B,5371
True,None,40.7,407,0.4083,13,12,13,1,527.0,40.538,43.917,1,1,1,12.076,0,0,0,False,moving to wp 19 (d=0.61),3,1,1,3.0174,0,0.4901,49,120,B,5372
True,None,40.4,404,0.4,12,11,12,1,527.0,43.917,47.909,1,1,1,13.272,0,0,0,False,moving to wp 24 (d=0.35),5,1,1,2.7784,0,0.474,48,120,B,5373
True,None,49.376,495,0.5,17,12,17,2,583.0,34.294,38.867,6,6,6,24.559,0,4,4,False,moving to wp 18 (d=0.24),67,6,6,4.4374,0,0.4277,60,120,B,5374
True,None,61.626,619,0.5167,21,13,21,8,693.0,33.0,53.308,15,15,15,45.507,0,7,7,False,moving to wp 28 (d=0.51),161,15,15,5.8299,0,0.4086,62,120,B,5375
True,None,43.1,431,0.5083,15,13,15,2,577.0,38.467,44.385,3,3,3,20.314,0,1,1,False,moving to wp 23 (d=0.56),23,3,3,4.7072,0,0.459,61,120,B,5376
True,None,41.4,414,0.5,10,8,10,0,353.0,35.3,35.3,1,1,1,12.066,0,1,1,False,moving to wp 13 (d=0.55),7,1,1,3.0215,0,0.4467,60,120,B,5377
True,None,38.4,384,0.4417,10,9,10,1,452.0,45.2,50.222,1,1,1,10.463,0,0,0,False,moving to wp 19 (d=0.43),4,1,1,2.9791,0,0.4347,53,120,B,5378
True,None,38.1,381,0.5,11,10,11,1,420.0,38.182,42.0,1,1,1,11.064,0,0,0,False,moving to wp 19 (d=0.44),6,1,1,3.8267,0,0.4578,60,120,B,5379
True,None,41.7,417,0.4333,13,11,13,0,435.0,33.462,33.462,1,1,1,22.999,0,1,1,False,moving to wp 21 (d=0.18),2,1,1,3.5062,0,0.4395,52,120,B,5380
True,None,38.1,381,0.4167,7,6,7,1,295.0,42.143,49.167,1,1,1,8.524,0,0,0,False,moving to wp 17 (d=0.58),3,1,1,2.2011,0,0.4307,50,120,B,5381
True,None,68.472,689,0.575,22,10,22,11,527.0,23.955,47.909,22,22,22,45.638,0,11,11,False,moving to wp 23 (d=0.55),227,22,22,6.4906,0,0.4432,69,120,B,5382
True,None,56.362,566,0.475,15,8,15,8,426.0,28.4,60.857,14,14,14,28.456,0,6,6,False,moving to wp 39 (d=0.37),51,14,14,4.1136,0,0.4224,57,120,B,5383
True,None,37.1,371,0.4,5,4,5,0,249.0,49.8,49.8,0,0,0,3.707,0,0,0,False,moving to wp 37 (d=0.15),0,0,0,2.0669,0,0.4658,48,120,B,5384
True,None,36.0,360,0.4333,8,7,8,0,402.0,50.25,50.25,0,0,0,5.552,0,0,0,False,moving to wp 27 (d=0.13),0,0,0,2.3668,0,0.488,52,120,B,5385
True,None,96.489,974,0.5417,40,17,40,23,887.0,22.175,52.176,45,45,45,64.22,0,22,22,False,moving to wp 24 (d=0.45),925,45,45,11.5103,0,0.4536,65,120,B,5386
True,None,37.6,376,0.4083,9,8,9,1,437.0,48.556,54.625,1,1,1,7.294,0,0,0,False,moving to wp 16 (d=0.21),6,1,1,2.37,0,0.444,49,120,B,5387
True,None,51.031,512,0.475,16,10,16,6,409.0,25.562,40.9,11,11,11,28.421,0,5,5,False,moving to wp 29 (d=0.47),40,11,11,4.0981,0,0.4602,57,120,B,5388
True,None,47.792,479,0.55,14,10,14,4,548.0,39.143,54.8,7,7,7,18.612,0,3,3,False,moving to wp 18 (d=0.33),35,7,7,3.6146,0,0.4774,66,120,B,5389
True,None,54.419,545,0.4583,22,17,22,1,771.0,35.045,36.714,5,5,5,36.58,0,4,4,False,moving to wp 30 (d=0.44),28,5,5,4.5681,0,0.4582,55,120,B,5390
True,None,36.2,362,0.3667,10,9,10,1,416.0,41.6,46.222,1,1,1,9.282,0,0,0,False,moving to wp 24 (d=0.55),5,1,1,2.3203,0,0.4593,44,120,B,5391
True,None,35.8,358,0.4417,7,6,7,0,273.0,39.0,39.0,0,0,0,6.817,0,0,0,False,moving to wp 17 (d=0.36),0,0,0,2.4634,0,0.4641,53,120,B,5392
True,None,38.8,388,0.3917,16,15,16,1,586.0,36.625,39.067,1,1,1,16.074,0,0,0,False,moving to wp 17 (d=0.56),1,1,1,3.9166,0,0.4074,47,120,B,5393
True,None,37.9,379,0.4333,10,9,10,0,465.0,46.5,46.5,0,0,0,10.988,0,0,0,False,moving to wp 25 (d=0.24),0,0,0,2.4929,0,0.4129,52,120,B,5394
True,None,38.7,387,0.45,12,11,12,0,455.0,37.917,37.917,0,0,0,11.88,0,0,0,False,moving to wp 15 (d=0.33),0,0,0,3.1095,0,0.4056,54,120,B,5395
True,None,38.2,382,0.475,9,8,9,0,358.0,39.778,39.778,0,0,0,12.143,0,0,0,False,moving to wp 15 (d=0.11),0,0,0,2.7757,0,0.4942,57,120,B,5396
True,None,38.0,380,0.5083,15,14,15,0,638.0,42.533,42.533,0,0,0,15.354,0,0,0,False,moving to wp 15 (d=0.22),0,0,0,3.6637,0,0.4768,61,120,B,5397
True,None,36.0,360,0.4,12,11,12,0,516.0,43.0,43.0,0,0,0,10.241,0,0,0,False,moving to wp 20 (d=0.54),0,0,0,2.5858,0,0.4385,48,120,B,5398
True,None,37.2,372,0.4667,10,9,10,1,465.0,46.5,51.667,1,1,1,11.897,0,0,0,False,moving to wp 15 (d=0.32),7,1,1,2.6413,0,0.4061,56,120,B,5399
True,None,36.6,366,0.4083,5,4,5,1,187.0,37.4,46.75,1,1,1,5.603,0,0,0,False,moving to wp 19 (d=0.34),2,1,1,1.8105,0,0.4929,49,120,B,5400
True,None,44.1,441,0.4083,14,12,14,1,511.0,36.5,39.308,2,2,2,24.237,0,1,1,False,moving to wp 17 (d=0.54),24,2,2,3.6307,0,0.4954,49,120,B,5401
True,None,42.7,427,0.425,9,7,9,1,297.0,33.0,37.125,2,2,2,15.312,0,1,1,False,moving to wp 20 (d=0.52),6,2,2,2.895,0,0.4505,51,120,B,5402
True,None,37.4,374,0.35,6,5,6,0,210.0,35.0,35.0,0,0,0,5.743,0,0,0,False,moving to wp 20 (d=0.30),0,0,0,1.9637,0,0.408,42,120,B,5403
True,None,40.3,403,0.4667,10,9,10,1,468.0,46.8,52.0,1,1,1,13.829,0,0,0,False,moving to wp 22 (d=0.21),4,1,1,2.857,0,0.4608,56,120,B,5404
True,None,47.094,471,0.475,15,12,15,3,627.0,41.8,52.25,5,5,5,26.445,0,2,2,False,moving to wp 17 (d=0.29),39,5,5,3.5879,0,0.4776,57,120,B,5405
True,None,37.0,370,0.35,10,9,10,1,393.0,39.3,43.667,1,1,1,10.19,0,0,0,False,moving to wp 18 (d=0.35),1,1,1,2.343,0,0.4454,42,120,B,5406
True,None,38.8,388,0.375,8,7,8,0,330.0,41.25,41.25,0,0,0,7.425,0,0,0,False,moving to wp 25 (d=0.56),0,0,0,2.3534,0,0.4553,45,120,B,5407
True,None,50.414,505,0.4167,18,13,18,6,570.0,31.667,47.5,10,10,10,22.997,0,4,4,False,moving to wp 21 (d=0.20),62,10,10,4.4474,0,0.454,50,120,B,5408
True,None,40.6,406,0.5,15,14,15,1,582.0,38.8,41.571,1,1,1,15.889,0,0,0,False,moving to wp 19 (d=0.51),5,1,1,4.2727,0,0.438,60,120,B,5409
True,None,38.6,386,0.4583,11,10,11,0,460.0,41.818,41.818,0,0,0,13.162,0,0,0,False,moving to wp 19 (d=0.34),0,0,0,2.9581,0,0.4762,55,120,B,5410
True,None,39.0,390,0.4333,7,6,7,0,342.0,48.857,48.857,0,0,0,5.847,0,0,0,False,moving to wp 32 (d=0.14),0,0,0,2.0402,0,0.4865,52,120,B,5411
True,None,37.1,371,0.425,6,5,6,0,309.0,51.5,51.5,0,0,0,3.838,0,0,0,False,moving to wp 22 (d=0.40),0,0,0,1.8216,0,0.4338,51,120,B,5412
True,None,50.053,502,0.4,16,11,16,12,545.0,34.062,136.25,16,16,16,22.585,0,4,4,False,moving to wp 33 (d=0.41),60,16,16,3.9995,0,0.4744,48,120,B,5413
True,None,38.2,382,0.4083,6,5,6,0,239.0,39.833,39.833,0,0,0,9.356,0,0,0,False,moving to wp 13 (d=0.14),0,0,0,1.9724,0,0.4406,49,120,B,5414
True,None,37.7,377,0.45,6,5,6,0,253.0,42.167,42.167,0,0,0,5.798,0,0,0,False,moving to wp 18 (d=0.55),0,0,0,2.2035,0,0.4453,54,120,B,5415
True,None,35.9,359,0.4,7,6,7,0,250.0,35.714,35.714,0,0,0,5.712,0,0,0,False,moving to wp 19 (d=0.14),0,0,0,2.3817,0,0.4689,48,120,B,5416
True,None,38.4,384,0.4,9,8,9,0,349.0,38.778,38.778,0,0,0,9.196,0,0,0,False,moving to wp 21 (d=0.57),0,0,0,2.8312,0,0.4149,48,120,B,5417
True,None,36.9,369,0.4333,10,9,10,0,398.0,39.8,39.8,0,0,0,7.321,0,0,0,False,moving to wp 24 (d=0.18),0,0,0,2.7957,0,0.4393,52,120,B,5418
True,None,51.307,515,0.4833,19,14,19,3,684.0,36.0,42.75,7,7,7,30.314,0,4,4,False,moving to wp 17 (d=0.39),54,7,7,5.3236,0,0.4888,58,120,B,5419
True,None,46.0,460,0.5083,13,10,13,2,384.0,29.538,34.909,4,4,4,29.324,0,2,2,False,moving to wp 15 (d=0.22),15,4,4,4.1862,0,0.4979,61,120,B,5420
True,None,45.183,452,0.4083,15,12,15,1,606.0,40.4,43.286,3,3,3,28.933,0,2,2,False,moving to wp 28 (d=0.39),24,3,3,3.6244,0,0.4205,49,120,B,5421
True,None,42.684,427,0.4,12,10,12,0,417.0,34.75,34.75,1,1,1,24.038,0,1,1,False,moving to wp 19 (d=0.27),8,1,1,3.0515,0,0.4456,48,120,B,5422
True,None,37.0,370,0.4417,8,7,8,0,300.0,37.5,37.5,0,0,0,8.448,0,0,0,False,moving to wp 14 (d=0.34),0,0,0,2.5834,0,0.4925,53,120,B,5423
True,None,38.2,382,0.35,8,7,8,0,392.0,49.0,49.0,0,0,0,8.29,0,0,0,False,moving to wp 27 (d=0.43),0,0,0,1.9563,0,0.435,42,120,B,5424
True,None,43.9,439,0.45,12,10,12,4,549.0,45.75,68.625,5,5,5,19.055,0,1,1,False,moving to wp 27 (d=0.50),35,5,5,3.3646,0,0.4083,54,120,B,5425
True,None,43.0,430,0.4333,17,15,17,0,651.0,38.294,38.294,1,1,1,24.445,0,1,1,False,moving to wp 18 (d=0.21),12,1,1,4.609,0,0.4728,52,120,B,5426
True,None,40.6,406,0.4083,9,8,9,1,337.0,37.444,42.125,1,1,1,13.951,0,0,0,False,moving to wp 16 (d=0.35),1,1,1,2.4898,0,0.4335,49,120,B,5427
True,None,39.4,394,0.4583,9,8,9,2,351.0,39.0,50.143,2,2,2,11.125,0,0,0,False,moving to wp 19 (d=0.27),7,2,2,2.8319,0,0.4546,55,120,B,5428
True,None,36.6,366,0.4,9,8,9,0,296.0,32.889,32.889,0,0,0,4.871,0,0,0,False,moving to wp 17 (d=0.38),0,0,0,2.2456,0,0.4599,48,120,B,5429
True,None,37.0,370,0.4,4,3,4,0,162.0,40.5,40.5,0,0,0,3.819,0,0,0,False,moving to wp 21 (d=0.52),0,0,0,1.7453,0,0.4406,48,120,B,5430
True,None,36.7,367,0.4,8,7,8,0,295.0,36.875,36.875,0,0,0,7.52,0,0,0,False,moving to wp 20 (d=0.63),0,0,0,2.691,0,0.49,48,120,B,5431
True,None,43.4,434,0.4417,14,12,14,2,548.0,39.143,45.667,3,3,3,21.197,0,1,1,False,moving to wp 20 (d=0.50),29,3,3,3.5301,0,0.4033,53,120,B,5432
True,None,37.6,376,0.3833,10,9,10,1,370.0,37.0,41.111,1,1,1,9.39,0,0,0,False,moving to wp 20 (d=0.19),3,1,1,2.5944,0,0.4097,46,120,B,5433
True,None,61.478,619,0.4667,23,13,23,3,615.0,26.739,30.75,12,12,12,53.936,0,9,9,False,moving to wp 30 (d=0.51),105,12,12,5.469,0,0.4089,56,120,B,5434
True,None,37.4,374,0.4417,11,10,11,0,436.0,39.636,39.636,0,0,0,9.392,0,0,0,False,moving to wp 19 (d=0.46),0,0,0,3.2519,0,0.4403,53,120,B,5435
True,None,59.272,597,0.4083,21,12,21,11,485.0,23.095,48.5,19,19,19,30.539,0,8,8,False,moving to wp 28 (d=0.53),134,19,19,4.9815,0,0.4262,49,120,B,5436
True,None,85.836,866,0.625,35,17,35,15,767.0,21.914,38.35,32,32,32,67.633,0,17,17,False,moving to wp 27 (d=0.15),600,32,32,11.6602,0,0.4955,75,120,B,5437
True,None,39.2,392,0.4083,9,8,9,1,415.0,46.111,51.875,1,1,1,8.351,0,0,0,False,moving to wp 19 (d=0.45),7,1,1,2.5979,0,0.4243,49,120,B,5438
True,None,45.433,455,0.4917,16,13,16,1,622.0,38.875,41.467,3,3,3,25.81,0,2,2,False,moving to wp 15 (d=0.43),22,3,3,3.6888,0,0.4387,59,120,B,5439
True,None,38.5,385,0.4333,12,11,12,0,431.0,35.917,35.917,0,0,0,13.89,0,0,0,False,moving to wp 14 (d=0.50),0,0,0,3.1198,0,0.4674,52,120,B,5440
True,None,38.3,383,0.3667,7,6,7,0,322.0,46.0,46.0,0,0,0,7.527,0,0,0,False,moving to wp 21 (d=0.22),0,0,0,2.1495,0,0.4926,44,120,B,5441
True,None,44.246,443,0.4917,14,11,14,4,518.0,37.0,51.8,6,6,6,21.593,0,2,2,False,moving to wp 20 (d=0.24),59,6,6,4.2706,0,0.4537,59,120,B,5442
True,None,38.7,387,0.4167,10,9,10,0,371.0,37.1,37.1,0,0,0,6.789,0,0,0,False,moving to wp 14 (d=0.23),0,0,0,2.7043,0,0.4609,50,120,B,5443
True,None,37.0,370,0.4333,11,10,11,0,439.0,39.909,39.909,0,0,0,7.521,0,0,0,False,moving to wp 17 (d=0.38),0,0,0,2.6546,0,0.4414,52,120,B,5444
True,None,44.863,450,0.45,11,7,11,3,411.0,37.364,51.375,6,6,6,22.063,0,3,3,False,moving to wp 31 (d=0.55),46,6,6,2.7898,0,0.4153,54,120,B,5445
True,None,36.7,367,0.5083,13,12,13,0,626.0,48.154,48.154,0,0,0,8.189,0,0,0,False,moving to wp 29 (d=0.49),0,0,0,3.2485,0,0.428,61,120,B,5446
True,None,38.7,387,0.4583,6,5,6,0,238.0,39.667,39.667,0,0,0,7.773,0,0,0,False,moving to wp 19 (d=0.64),0,0,0,2.1478,0,0.4655,55,120,B,5447
True,None,42.0,420,0.4417,10,8,10,0,435.0,43.5,43.5,1,1,1,17.33,0,1,1,False,moving to wp 26 (d=0.55),8,1,1,2.8857,0,0.4537,53,120,B,5448
True,None,73.111,736,0.5167,25,11,25,15,525.0,21.0,52.5,28,28,28,40.368,0,13,13,False,moving to wp 20 (d=0.43),345,28,28,7.7566,0,0.4463,62,120,B,5449
True,None,46.017,461,0.4333,14,10,14,5,492.0,35.143,54.667,8,8,8,17.542,0,3,3,False,moving to wp 23 (d=0.49),45,8,8,4.1144,0,0.4043,52,120,B,5450
True,None,49.554,497,0.4333,17,12,17,8,534.0,31.412,59.333,12,12,12,21.338,0,4,4,False,moving to wp 13 (d=0.25),140,12,12,4.1138,0,0.4027,52,120,B,5451
True,None,42.978,430,0.3833,9,7,9,2,358.0,39.778,51.143,3,3,3,19.141,0,1,1,False,moving to wp 23 (d=0.44),18,3,3,2.1177,0,0.4658,46,120,B,5452
True,None,37.2,372,0.4,11,10,11,0,397.0,36.091,36.091,0,0,0,9.671,0,0,0,False,moving to wp 20 (d=0.63),0,0,0,2.9279,0,0.4671,48,120,B,5453
True,None,43.6,437,0.5083,17,14,17,3,558.0,32.824,39.857,5,5,5,18.466,0,2,2,False,moving to wp 15 (d=0.40),39,5,5,4.889,0,0.4148,61,120,B,5454
True,None,40.7,407,0.4833,10,8,10,0,442.0,44.2,44.2,1,1,1,16.614,0,1,1,False,moving to wp 30 (d=0.48),6,1,1,2.8023,0,0.4174,58,120,B,5455
True,None,38.3,383,0.4167,11,10,11,2,395.0,35.909,43.889,2,2,2,9.544,0,0,0,False,moving to wp 14 (d=0.23),12,2,2,2.8291,0,0.494,50,120,B,5456
True,None,42.2,422,0.4417,6,4,6,1,262.0,43.667,52.4,2,2,2,15.219,0,1,1,False,moving to wp 45 (d=0.63),4,2,2,2.105,0,0.4856,53,120,B,5457
True,None,38.6,386,0.4167,10,9,10,0,424.0,42.4,42.4,0,0,0,10.158,0,0,0,False,moving to wp 24 (d=0.57),0,0,0,2.7315,0,0.4157,50,120,B,5458
True,None,38.4,384,0.4,7,6,7,0,315.0,45.0,45.0,0,0,0,9.661,0,0,0,False,moving to wp 22 (d=0.20),0,0,0,2.1415,0,0.47,48,120,B,5459
True,None,41.5,415,0.3833,13,11,13,1,515.0,39.615,42.917,2,2,2,13.939,0,1,1,False,moving to wp 25 (d=0.55),6,2,2,2.6351,0,0.4485,46,120,B,5460
True,None,49.146,493,0.5083,14,9,14,4,399.0,28.5,39.9,8,8,8,25.752,0,4,4,False,moving to wp 28 (d=0.59),39,8,8,4.3105,0,0.4313,61,120,B,5461
True,None,59.721,600,0.45,24,15,24,4,652.0,27.167,32.6,12,12,12,46.071,0,8,8,False,moving to wp 21 (d=0.29),141,12,12,5.8768,0,0.4445,54,120,B,5462
True,None,58.435,587,0.4667,20,12,20,7,501.0,25.05,38.538,14,14,14,38.145,0,7,7,False,moving to wp 19 (d=0.44),99,14,14,4.9839,0,0.4443,56,120,B,5463
True,None,39.7,397,0.375,9,8,9,0,353.0,39.222,39.222,0,0,0,7.807,0,0,0,False,moving to wp 16 (d=0.20),0,0,0,2.2473,0,0.41,45,120,B,5464
True,None,38.8,388,0.4833,8,7,8,1,340.0,42.5,48.571,1,1,1,10.121,0,0,0,False,moving to wp 26 (d=0.42),3,1,1,3.2749,0,0.4881,58,120,B,5465
True,None,41.0,410,0.4667,11,10,11,4,464.0,42.182,66.286,4,4,4,9.546,0,0,0,False,moving to wp 23 (d=0.28),18,4,4,3.6181,0,0.466,56,120,B,5466
True,None,36.7,367,0.525,9,8,9,0,326.0,36.222,36.222,0,0,0,6.466,0,0,0,False,moving to wp 15 (d=0.43),0,0,0,3.064,0,0.411,63,120,B,5467
True,None,42.117,422,0.4333,8,6,8,1,280.0,35.0,40.0,2,2,2,13.978,0,1,1,False,moving to wp 20 (d=0.14),6,2,2,2.6939,0,0.4456,52,120,B,5468
True,None,36.0,360,0.325,5,4,5,0,170.0,34.0,34.0,0,0,0,4.75,0,0,0,False,moving to wp 18 (d=0.31),0,0,0,1.5724,0,0.4017,39,120,B,5469
True,None,41.3,413,0.375,11,9,11,0,505.0,45.909,45.909,1,1,1,15.512,0,1,1,False,moving to wp 29 (d=0.59),8,1,1,2.7359,0,0.4681,45,120,B,5470
True,None,53.024,533,0.425,16,10,16,3,477.0,29.812,36.692,8,8,8,30.88,0,5,5,False,moving to wp 20 (d=0.23),43,8,8,3.9936,0,0.4101,51,120,B,5471
True,None,37.3,373,0.3833,7,6,7,0,257.0,36.714,36.714,0,0,0,5.636,0,0,0,False,moving to wp 20 (d=0.50),0,0,0,2.0991,0,0.4924,46,120,B,5472
True,None,38.2,382,0.45,11,10,11,0,434.0,39.455,39.455,0,0,0,7.692,0,0,0,False,moving to wp 14 (d=0.54),0,0,0,3.1816,0,0.4332,54,120,B,5473
True,None,38.9,389,0.3917,11,10,11,0,437.0,39.727,39.727,0,0,0,9.141,0,0,0,False,moving to wp 20 (d=0.37),0,0,0,2.7403,0,0.4207,47,120,B,5474
True,None,51.522,516,0.4417,23,19,23,1,805.0,35.0,36.591,4,4,4,31.645,0,3,3,False,moving to wp 16 (d=0.31),35,4,4,5.9828,0,0.4562,53,120,B,5475
True,None,36.9,369,0.425,9,8,9,0,366.0,40.667,40.667,0,0,0,9.359,0,0,0,False,moving to wp 15 (d=0.27),0,0,0,2.4676,0,0.4373,51,120,B,5476
True,None,44.717,448,0.3917,14,11,14,2,561.0,40.071,46.75,4,4,4,19.461,0,2,2,False,moving to wp 20 (d=0.51),25,4,4,2.9839,0,0.4312,47,120,B,5477
True,None,38.9,389,0.4333,8,7,8,0,320.0,40.0,40.0,0,0,0,9.98,0,0,0,False,moving to wp 17 (d=0.23),0,0,0,2.4555,0,0.4969,52,120,B,5478
True,None,38.3,383,0.3333,12,11,12,0,498.0,41.5,41.5,0,0,0,11.139,0,0,0,False,moving to wp 15 (d=0.22),0,0,0,2.4201,0,0.4476,40,120,B,5479
True,None,36.4,364,0.4,1,0,1,0,64.0,64.0,64.0,0,0,0,0.0,0,0,0,False,moving to wp 62 (d=0.45),0,0,0,1.2934,0,0.4051,48,120,B,5480
True,None,50.242,504,0.475,13,9,13,6,464.0,35.692,66.286,9,9,9,20.307,0,3,3,False,moving to wp 21 (d=0.46),40,9,9,3.8015,0,0.4096,57,120,B,5481
True,None,46.581,466,0.4,18,15,18,3,740.0,41.111,49.333,5,5,5,31.787,0,2,2,False,moving to wp 29 (d=0.34),42,5,5,4.2362,0,0.4901,48,120,B,5482
True,None,46.841,469,0.4333,12,8,12,2,370.0,30.833,37.0,5,5,5,25.621,0,3,3,False,moving to wp 34 (d=0.49),20,5,5,3.6053,0,0.4483,52,120,B,5483
True,None,47.229,473,0.5667,18,14,18,2,591.0,32.833,36.938,5,5,5,28.079,0,3,3,False,moving to wp 14 (d=0.43),44,5,5,5.1844,0,0.4087,68,120,B,5484
True,None,42.551,426,0.475,13,11,13,0,543.0,41.769,41.769,1,1,1,18.957,0,1,1,False,moving to wp 22 (d=0.40),7,1,1,3.6567,0,0.4245,57,120,B,5485
True,None,38.4,384,0.4167,11,10,11,0,445.0,40.455,40.455,0,0,0,11.749,0,0,0,False,moving to wp 19 (d=0.55),0,0,0,3.287,0,0.4422,50,120,B,5486
True,None,40.1,401,0.3833,15,14,15,2,636.0,42.4,48.923,2,2,2,13.259,0,0,0,False,moving to wp 21 (d=0.11),10,2,2,3.3914,0,0.4225,46,120,B,5487
True,None,40.717,408,0.4,11,9,11,1,358.0,32.545,35.8,2,2,2,15.777,0,1,1,False,moving to wp 18 (d=0.15),6,2,2,2.7903,0,0.4926,48,120,B,5488
True,None,39.3,393,0.45,13,12,13,1,553.0,42.538,46.083,1,1,1,10.388,0,0,0,False,moving to wp 17 (d=0.29),5,1,1,3.3884,0,0.4035,54,120,B,5489
True,None,41.973,420,0.5,11,9,11,0,480.0,43.636,43.636,1,1,1,18.985,0,1,1,False,moving to wp 25 (d=0.13),5,1,1,3.0106,0,0.4349,60,120,B,5490
True,None,39.0,390,0.3667,12,11,12,1,488.0,40.667,44.364,1,1,1,15.774,0,0,0,False,moving to wp 20 (d=0.29),1,1,1,2.7227,0,0.4371,44,120,B,5491
True,None,42.0,420,0.4083,9,7,9,2,413.0,45.889,59.0,3,3,3,16.572,0,1,1,False,moving to wp 33 (d=0.34),5,3,3,2.6391,0,0.483,49,120,B,5492
True,None,41.7,417,0.3833,11,9,11,4,460.0,41.818,65.714,5,5,5,15.643,0,1,1,False,moving to wp 19 (d=0.15),37,5,5,3.15,0,0.4717,46,120,B,5493
True,None,46.0,460,0.475,17,14,17,1,616.0,36.235,38.5,3,3,3,32.181,0,2,2,False,moving to wp 27 (d=0.17),15,3,3,4.6052,0,0.4278,57,120,B,5494
True,None,38.0,380,0.5167,7,6,7,0,235.0,33.571,33.571,0,0,0,5.917,0,0,0,False,moving to wp 15 (d=0.41),0,0,0,2.8197,0,0.4507,62,120,B,5495
True,None,38.3,383,0.3583,8,7,8,1,390.0,48.75,55.714,1,1,1,6.478,0,0,0,False,moving to wp 34 (d=0.18),2,1,1,2.0772,0,0.4971,43,120,B,5496
True,None,49.773,499,0.45,15,11,15,1,493.0,32.867,35.214,4,4,4,22.612,0,3,3,False,moving to wp 28 (d=0.56),21,4,4,4.1472,0,0.4718,54,120,B,5497
True,None,56.545,567,0.5667,22,15,22,2,635.0,28.864,31.75,8,8,8,36.319,0,6,6,False,moving to wp 22 (d=0.46),98,8,8,6.2349,0,0.4369,68,120,B,5498
True,None,48.457,486,0.45,14,9,14,4,431.0,30.786,43.1,8,8,8,20.89,0,4,4,False,moving to wp 21 (d=0.28),44,8,8,3.8278,0,0.4721,54,120,B,5499
True,None,38.6,386,0.4037,8,7,8,0,359.0,44.875,44.875,0,0,0,7.348,0,0,0,False,moving to wp 13 (d=0.46),0,0,0,2.7558,0,0.4166,65,161,C,5000
True,None,60.027,601,0.5093,24,17,24,7,811.0,33.792,47.706,13,13,13,44.681,0,6,6,False,moving to wp 25 (d=0.13),200,13,13,8.9017,0,0.4641,82,161,C,5001
True,None,37.1,371,0.4161,8,7,8,0,319.0,39.875,39.875,0,0,0,6.572,0,0,0,False,moving to wp 21 (d=0.32),0,0,0,2.9824,0,0.4407,67,161,C,5002
True,None,47.989,481,0.4907,14,10,14,2,458.0,32.714,38.167,5,5,5,30.201,0,3,3,False,moving to wp 21 (d=0.24),20,5,5,4.9123,0,0.4158,79,161,C,5003
True,None,50.088,503,0.4783,17,12,17,0,554.0,32.588,32.588,4,4,4,25.164,0,4,4,False,moving to wp 17 (d=0.29),34,4,4,5.5576,0,0.4088,77,161,C,5004
True,None,56.149,563,0.5714,24,18,24,7,844.0,35.167,49.647,12,12,12,41.314,0,5,5,False,moving to wp 21 (d=0.11),141,12,12,10.1493,0,0.4203,92,161,C,5005
True,None,45.445,455,0.4969,15,12,15,5,504.0,33.6,50.4,7,7,7,23.355,0,2,2,False,moving to wp 16 (d=0.19),62,7,7,5.7086,0,0.4537,80,161,C,5006
True,None,38.4,384,0.3354,9,8,9,1,350.0,38.889,43.75,1,1,1,10.254,0,0,0,False,moving to wp 13 (d=0.44),5,1,1,3.0049,0,0.4649,54,161,C,5007
True,None,51.529,516,0.4286,17,12,17,3,500.0,29.412,35.714,7,7,7,31.712,0,4,4,False,moving to wp 20 (d=0.28),70,7,7,5.7367,0,0.4937,69,161,C,5008
True,None,38.6,386,0.4596,10,9,10,1,413.0,41.3,45.889,1,1,1,7.473,0,0,0,False,moving to wp 21 (d=0.57),6,1,1,4.029,0,0.4735,74,161,C,5009
True,None,88.972,896,0.4969,40,22,40,13,1183.0,29.575,43.815,30,30,30,80.798,0,17,17,False,moving to wp 23 (d=0.58),616,30,30,14.3404,0,0.4502,80,161,C,5010
True,None,37.8,378,0.3913,11,10,11,0,503.0,45.727,45.727,0,0,0,8.453,0,0,0,False,moving to wp 17 (d=0.39),0,0,0,3.0985,0,0.4367,63,161,C,5011
True,None,62.116,623,0.441,23,13,23,5,622.0,27.043,34.556,14,14,14,48.504,0,9,9,False,moving to wp 37 (d=0.48),119,14,14,7.0062,0,0.4665,71,161,C,5012
True,None,68.096,684,0.4969,30,18,30,12,831.0,27.7,46.167,23,23,23,50.7,0,11,11,False,moving to wp 16 (d=0.52),367,23,23,9.9991,0,0.4235,80,161,C,5013
True,None,36.5,365,0.4348,7,6,7,0,310.0,44.286,44.286,0,0,0,7.598,0,0,0,False,moving to wp 29 (d=0.26),0,0,0,2.9439,0,0.4044,70,161,C,5014
True,None,41.083,411,0.3665,9,7,9,2,339.0,37.667,48.429,3,3,3,12.843,0,1,1,False,moving to wp 16 (d=0.60),20,3,3,2.9146,0,0.4543,59,161,C,5015
True,None,45.143,452,0.4099,11,7,11,2,344.0,31.273,38.222,5,5,5,18.339,0,3,3,False,moving to wp 19 (d=0.45),28,5,5,3.879,0,0.4932,66,161,C,5016
True,None,46.756,469,0.4658,14,10,14,1,461.0,32.929,35.462,4,4,4,21.662,0,3,3,False,moving to wp 16 (d=0.31),33,4,4,5.0892,0,0.4965,75,161,C,5017
True,None,38.1,381,0.3478,8,7,8,0,282.0,35.25,35.25,0,0,0,8.474,0,0,0,False,moving to wp 16 (d=0.19),0,0,0,3.0862,0,0.4468,56,161,C,5018
True,None,39.0,390,0.5031,12,11,12,0,443.0,36.917,36.917,0,0,0,12.353,0,0,0,False,moving to wp 18 (d=0.54),0,0,0,4.7284,0,0.443,81,161,C,5019
True,None,38.1,381,0.4037,11,10,11,0,465.0,42.273,42.273,0,0,0,8.681,0,0,0,False,moving to wp 13 (d=0.35),0,0,0,3.3438,0,0.4621,65,161,C,5020
True,None,42.7,427,0.441,16,14,16,4,634.0,39.625,52.833,5,5,5,23.532,0,1,1,False,moving to wp 21 (d=0.55),44,5,5,4.994,0,0.4071,71,161,C,5021
True,None,50.064,502,0.4845,22,17,22,7,720.0,32.727,48.0,11,11,11,32.244,0,4,4,False,moving to wp 13 (d=0.35),125,11,11,6.8356,0,0.4394,78,161,C,5022
True,None,42.833,429,0.4037,17,15,17,1,738.0,43.412,46.125,2,2,2,15.856,0,1,1,False,moving to wp 19 (d=0.13),23,2,2,4.4753,0,0.427,65,161,C,5023
True,None,43.1,431,0.4348,18,16,18,2,677.0,37.611,42.312,3,3,3,22.028,0,1,1,False,moving to wp 19 (d=0.45),21,3,3,6.2592,0,0.4858,70,161,C,5024
True,None,54.844,550,0.4596,17,10,17,7,478.0,28.118,47.8,13,13,13,36.416,0,6,6,False,moving to wp 18 (d=0.47),81,13,13,6.3074,0,0.4579,74,161,C,5025
True,None,42.817,429,0.4658,13,11,13,2,509.0,39.154,46.273,3,3,3,21.133,0,1,1,False,moving to wp 18 (d=0.51),27,3,3,4.8733,0,0.4806,75,161,C,5026
True,None,62.656,629,0.4348,28,19,28,9,885.0,31.607,46.579,17,17,17,36.494,0,8,8,False,moving to wp 20 (d=0.49),280,17,17,8.1008,0,0.4856,70,161,C,5027
True,None,61.888,623,0.4161,22,12,22,5,557.0,25.318,32.765,14,14,14,43.456,0,9,9,False,moving to wp 30 (d=0.49),120,14,14,5.5351,0,0.4152,67,161,C,5028
True,None,41.2,412,0.5031,22,21,22,3,918.0,41.727,48.316,3,3,3,20.61,0,0,0,False,moving to wp 17 (d=0.16),45,3,3,7.2716,0,0.4239,81,161,C,5029
True,None,39.3,393,0.4348,10,9,10,0,491.0,49.1,49.1,0,0,0,9.281,0,0,0,False,moving to wp 36 (d=0.45),0,0,0,3.4181,0,0.4017,70,161,C,5030
True,None,42.0,420,0.3789,11,9,11,3,415.0,37.727,51.875,4,4,4,15.905,0,1,1,False,moving to wp 18 (d=0.57),30,4,4,3.7989,0,0.4446,61,161,C,5031
True,None,42.6,426,0.4037,18,17,18,3,789.0,43.833,52.6,3,3,3,16.172,0,0,0,False,moving to wp 27 (d=0.62),30,3,3,6.2828,0,0.478,65,161,C,5032
True,None,64.876,653,0.5342,24,13,24,10,617.0,25.708,44.071,20,20,20,39.316,0,10,10,False,moving to wp 31 (d=0.39),238,20,20,9.0031,0,0.4705,86,161,C,5033
True,None,58.261,585,0.4472,17,9,17,4,514.0,30.235,39.538,11,11,11,31.242,0,7,7,False,moving to wp 32 (d=0.43),88,11,11,5.0477,0,0.4336,72,161,C,5034
True,None,37.8,378,0.4286,10,9,10,0,360.0,36.0,36.0,0,0,0,11.203,0,0,0,False,moving to wp 12 (d=0.37),0,0,0,3.6408,0,0.4988,69,161,C,5035
True,None,48.869,489,0.5093,20,16,20,6,615.0,30.75,43.929,9,9,9,34.345,0,3,3,False,moving to wp 17 (d=0.11),85,9,9,7.8164,0,0.4906,82,161,C,5036
True,None,45.437,456,0.3975,14,10,14,2,491.0,35.071,40.917,5,5,5,16.173,0,3,3,False,moving to wp 27 (d=0.42),22,5,5,4.4427,0,0.4693,64,161,C,5037
True,None,53.321,535,0.4658,18,11,18,7,524.0,29.111,47.636,13,13,13,35.488,0,6,6,False,moving to wp 19 (d=0.46),119,13,13,6.5435,0,0.4412,75,161,C,5038
True,None,44.0,440,0.472,17,15,17,1,662.0,38.941,41.375,2,2,2,24.244,0,1,1,False,moving to wp 17 (d=0.15),6,2,2,5.5258,0,0.4646,76,161,C,5039
True,None,37.8,378,0.4037,10,9,10,0,415.0,41.5,41.5,0,0,0,8.538,0,0,0,False,moving to wp 14 (d=0.42),0,0,0,3.3112,0,0.4318,65,161,C,5040
True,None,38.5,385,0.3727,10,9,10,0,418.0,41.8,41.8,0,0,0,7.427,0,0,0,False,moving to wp 19 (d=0.34),0,0,0,3.1836,0,0.4842,60,161,C,5041
True,None,47.4,474,0.4224,15,12,15,2,569.0,37.933,43.769,4,4,4,27.914,0,2,2,False,moving to wp 24 (d=0.30),33,4,4,4.5053,0,0.4914,68,161,C,5042
True,None,37.5,375,0.4286,9,8,9,2,452.0,50.222,64.571,2,2,2,9.523,0,0,0,False,moving to wp 15 (d=0.53),10,2,2,2.8245,0,0.4169,69,161,C,5043
True,None,53.506,536,0.4907,28,23,28,3,1031.0,36.821,41.24,7,7,7,34.294,0,4,4,False,moving to wp 17 (d=0.55),131,7,7,8.3083,0,0.4008,79,161,C,5044
True,None,47.47,476,0.4969,18,15,18,3,636.0,35.333,42.4,5,5,5,29.894,0,2,2,False,moving to wp 14 (d=0.22),63,5,5,6.9196,0,0.4327,80,161,C,5045
True,None,40.605,407,0.4161,12,10,12,0,410.0,34.167,34.167,1,1,1,18.007,0,1,1,False,moving to wp 18 (d=0.37),4,1,1,4.2024,0,0.4187,67,161,C,5046
True,None,42.1,421,0.4286,13,11,13,1,416.0,32.0,34.667,2,2,2,18.279,0,1,1,False,moving to wp 15 (d=0.53),12,2,2,4.4992,0,0.4159,69,161,C,5047
True,None,38.5,385,0.4596,9,8,9,0,367.0,40.778,40.778,0,0,0,10.282,0,0,0,False,moving to wp 25 (d=0.14),0,0,0,3.5336,0,0.4548,74,161,C,5048
True,None,55.9,559,0.4596,20,15,20,3,590.0,29.5,34.706,7,7,7,47.786,0,4,4,False,moving to wp 14 (d=0.67),81,7,7,6.7122,0,0.4898,74,161,C,5049
True,None,37.3,373,0.3727,11,10,11,0,449.0,40.818,40.818,0,0,0,9.261,0,0,0,False,moving to wp 14 (d=0.30),0,0,0,3.569,0,0.4089,60,161,C,5050
True,None,39.4,394,0.3913,9,8,9,0,372.0,41.333,41.333,0,0,0,12.938,0,0,0,False,moving to wp 18 (d=0.32),0,0,0,3.3721,0,0.4208,63,161,C,5051
True,None,40.3,403,0.4907,13,11,13,1,503.0,38.692,41.917,2,2,2,20.143,0,1,1,False,moving to wp 16 (d=0.30),6,2,2,4.941,0,0.444,79,161,C,5052
True,None,66.287,668,0.4534,20,8,20,1,356.0,17.8,18.737,12,12,12,41.733,0,11,11,False,moving to wp 38 (d=0.24),93,12,12,5.4328,0,0.4465,73,161,C,5053
True,None,37.7,377,0.441,9,8,9,1,438.0,48.667,54.75,1,1,1,7.674,0,0,0,False,moving to wp 20 (d=0.12),6,1,1,3.0118,0,0.4766,71,161,C,5054
True,None,36.9,369,0.4099,7,6,7,0,337.0,48.143,48.143,0,0,0,5.666,0,0,0,False,moving to wp 29 (d=0.29),0,0,0,3.2333,0,0.4333,66,161,C,5055
True,None,48.674,487,0.3789,19,15,19,5,720.0,37.895,51.429,8,8,8,27.589,0,3,3,False,moving to wp 19 (d=0.34),61,8,8,4.8626,0,0.4231,61,161,C,5056
True,None,64.09,643,0.528,26,17,26,8,771.0,29.654,42.833,16,16,16,41.261,0,8,8,False,moving to wp 21 (d=0.62),230,16,16,10.1591,0,0.4993,85,161,C,5057
True,None,45.983,460,0.4596,21,18,21,1,640.0,30.476,32.0,3,3,3,29.759,0,2,2,False,moving to wp 15 (d=0.41),28,3,3,7.0396,0,0.4543,74,161,C,5058
True,None,38.2,382,0.4037,14,13,14,1,582.0,41.571,44.769,1,1,1,14.781,0,0,0,False,moving to wp 18 (d=0.55),4,1,1,4.1116,0,0.415,65,161,C,5059
True,None,58.0,580,0.4099,20,14,20,3,735.0,36.75,43.235,8,8,8,49.663,0,5,5,False,moving to wp 25 (d=0.16),77,8,8,5.7231,0,0.4343,66,161,C,5060
True,None,37.0,370,0.4224,9,8,9,0,279.0,31.0,31.0,0,0,0,8.153,0,0,0,False,moving to wp 17 (d=0.64),0,0,0,3.6662,0,0.4712,68,161,C,5061
True,None,58.233,585,0.5093,23,16,23,11,708.0,30.783,59.0,17,17,17,44.187,0,6,6,False,moving to wp 12 (d=0.56),233,17,17,8.5392,0,0.4559,82,161,C,5062
True,None,96.4,974,0.5776,41,17,41,26,723.0,17.634,48.2,49,49,49,64.533,0,23,23,False,moving to wp 18 (d=0.14),924,49,49,13.8568,0,0.4742,93,161,C,5063
True,None,38.3,383,0.3975,11,10,11,1,414.0,37.636,41.4,1,1,1,10.262,0,0,0,False,moving to wp 14 (d=0.50),6,1,1,3.6873,0,0.4149,64,161,C,5064
True,None,44.417,445,0.4286,11,8,11,1,377.0,34.273,37.7,3,3,3,15.521,0,2,2,False,moving to wp 24 (d=0.17),13,3,3,3.7234,0,0.4303,69,161,C,5065
True,None,37.6,376,0.4037,9,8,9,0,381.0,42.333,42.333,0,0,0,9.627,0,0,0,False,moving to wp 18 (d=0.18),0,0,0,3.225,0,0.4546,65,161,C,5066
True,None,39.0,390,0.3851,10,8,10,1,353.0,35.3,39.222,2,2,2,18.925,0,1,1,False,moving to wp 19 (d=0.46),12,2,2,3.4883,0,0.4057,62,161,C,5067
True,None,43.3,433,0.4348,13,11,13,2,495.0,38.077,45.0,3,3,3,19.457,0,1,1,False,moving to wp 14 (d=0.30),16,3,3,4.5026,0,0.4117,70,161,C,5068
True,None,69.605,700,0.4907,24,13,24,12,671.0,27.958,55.917,22,22,22,44.186,0,10,10,False,moving to wp 22 (d=0.41),257,22,22,8.4306,0,0.4894,79,161,C,5069
True,None,72.153,725,0.5776,30,18,30,18,805.0,26.833,67.083,29,29,29,52.614,0,11,11,False,moving to wp 15 (d=0.22),528,29,29,13.0259,0,0.4816,93,161,C,5070
True,None,95.302,961,0.5652,40,17,40,38,869.0,21.725,434.5,60,60,60,75.916,0,22,22,False,moving to wp 21 (d=0.52),920,60,60,16.8846,0,0.4477,91,161,C,5071
True,None,41.4,414,0.4534,14,12,14,2,511.0,36.5,42.583,3,3,3,19.357,0,1,1,False,moving to wp 24 (d=0.21),6,3,3,4.9479,0,0.4517,73,161,C,5072
True,None,74.418,749,0.4534,22,8,22,13,439.0,19.955,48.778,26,26,26,37.327,0,13,13,False,moving to wp 24 (d=0.26),200,26,26,7.5822,0,0.4342,73,161,C,5073
True,None,53.836,540,0.441,17,10,17,7,497.0,29.235,49.7,13,13,13,27.898,0,6,6,False,moving to wp 22 (d=0.14),100,13,13,5.5085,0,0.4408,71,161,C,5074
True,None,44.242,443,0.4348,14,11,14,2,598.0,42.714,49.833,4,4,4,24.612,0,2,2,False,moving to wp 26 (d=0.63),31,4,4,4.2626,0,0.4472,70,161,C,5075
True,None,49.16,493,0.4658,16,11,16,5,526.0,32.875,47.818,9,9,9,25.08,0,4,4,False,moving to wp 14 (d=0.34),78,9,9,6.602,0,0.4472,75,161,C,5076
True,None,41.5,415,0.4099,12,10,12,3,424.0,35.333,47.111,4,4,4,15.495,0,1,1,False,moving to wp 13 (d=0.66),10,4,4,4.2586,0,0.4938,66,161,C,5077
True,None,48.99,491,0.4161,18,14,18,4,631.0,35.056,45.071,7,7,7,31.518,0,3,3,False,moving to wp 33 (d=0.55),46,7,7,5.5192,0,0.4469,67,161,C,5078
True,None,43.1,431,0.4224,15,13,15,2,497.0,33.133,38.231,3,3,3,23.545,0,1,1,False,moving to wp 16 (d=0.48),17,3,3,4.9995,0,0.494,68,161,C,5079
True,None,39.2,392,0.3727,8,7,8,1,432.0,54.0,61.714,1,1,1,9.052,0,0,0,False,moving to wp 31 (d=0.44),6,1,1,2.5334,0,0.4318,60,161,C,5080
True,None,38.1,381,0.4348,10,9,10,0,360.0,36.0,36.0,0,0,0,11.086,0,0,0,False,moving to wp 15 (d=0.25),0,0,0,3.4229,0,0.4859,70,161,C,5081
True,None,36.9,369,0.3789,10,9,10,0,356.0,35.6,35.6,0,0,0,8.388,0,0,0,False,moving to wp 14 (d=0.31),0,0,0,3.107,0,0.4811,61,161,C,5082
True,None,38.4,384,0.441,9,8,9,1,362.0,40.222,45.25,1,1,1,9.584,0,0,0,False,moving to wp 22 (d=0.40),1,1,1,3.6722,0,0.455,71,161,C,5083
True,None,41.1,411,0.4658,12,10,12,0,413.0,34.417,34.417,1,1,1,18.135,0,1,1,False,moving to wp 21 (d=0.17),2,1,1,4.4347,0,0.4886,75,161,C,5084
True,None,41.1,411,0.4161,11,10,11,0,453.0,41.182,41.182,0,0,0,14.938,0,0,0,False,moving to wp 19 (d=0.50),0,0,0,3.8503,0,0.479,67,161,C,5085
True,None,39.1,391,0.4534,12,11,12,1,525.0,43.75,47.727,1,1,1,10.421,0,0,0,False,moving to wp 24 (d=0.43),6,1,1,4.3024,0,0.4818,73,161,C,5086
True,None,53.299,535,0.4534,23,18,23,6,734.0,31.913,43.176,10,10,10,38.039,0,4,4,False,moving to wp 17 (d=0.31),136,10,10,7.1357,0,0.422,73,161,C,5087
True,None,45.35,454,0.4161,18,15,18,2,706.0,39.222,44.125,4,4,4,24.725,0,2,2,False,moving to wp 16 (d=0.61),32,4,4,4.6788,0,0.4816,67,161,C,5088
True,None,43.1,431,0.441,11,9,11,3,392.0,35.636,49.0,4,4,4,18.54,0,1,1,False,moving to wp 14 (d=0.26),21,4,4,3.9884,0,0.4687,71,161,C,5089
True,None,39.8,398,0.4161,8,7,8,0,337.0,42.125,42.125,0,0,0,7.377,0,0,0,False,moving to wp 28 (d=0.59),0,0,0,3.1773,0,0.4428,67,161,C,5090
True,None,47.243,473,0.4783,21,18,21,1,795.0,37.857,39.75,3,3,3,32.257,0,2,2,False,moving to wp 18 (d=0.62),46,3,3,6.556,0,0.4823,77,161,C,5091
True,None,38.6,386,0.3913,7,6,7,0,285.0,40.714,40.714,0,0,0,8.516,0,0,0,False,moving to wp 21 (d=0.42),0,0,0,2.9546,0,0.4446,63,161,C,5092
True,None,39.7,397,0.4348,8,7,8,3,379.0,47.375,75.8,3,3,3,9.476,0,0,0,False,moving to wp 31 (d=0.41),5,3,3,3.4746,0,0.4804,70,161,C,5093
True,None,38.2,382,0.4099,12,11,12,1,455.0,37.917,41.364,1,1,1,12.563,0,0,0,False,moving to wp 15 (d=0.58),2,1,1,4.2383,0,0.413,66,161,C,5094
True,None,52.523,526,0.4099,19,13,19,10,495.0,26.053,55.0,15,15,15,30.12,0,5,5,False,moving to wp 25 (d=0.10),114,15,15,6.5213,0,0.4852,66,161,C,5095
True,None,49.444,495,0.5031,18,14,18,3,622.0,34.556,41.467,6,6,6,27.597,0,3,3,False,moving to wp 21 (d=0.38),55,6,6,6.2541,0,0.417,81,161,C,5096
True,None,47.498,475,0.4596,17,13,17,5,523.0,30.765,43.583,8,8,8,28.744,0,3,3,False,moving to wp 13 (d=0.55),98,8,8,6.7388,0,0.4457,74,161,C,5097
True,None,44.313,444,0.3975,20,17,20,7,754.0,37.7,58.0,9,9,9,23.924,0,2,2,False,moving to wp 22 (d=0.56),88,9,9,6.458,0,0.459,64,161,C,5098
True,None,52.666,528,0.5093,22,16,22,1,716.0,32.545,34.095,6,6,6,31.689,0,5,5,False,moving to wp 16 (d=0.12),81,6,6,7.5074,0,0.4011,82,161,C,5099
True,None,35.8,358,0.4472,9,8,9,0,291.0,32.333,32.333,0,0,0,5.547,0,0,0,False,moving to wp 13 (d=0.24),0,0,0,3.7567,0,0.4352,72,161,C,5100
True,None,41.5,415,0.4783,11,9,11,2,357.0,32.455,39.667,3,3,3,21.027,0,1,1,False,moving to wp 17 (d=0.18),17,3,3,4.1929,0,0.4085,77,161,C,5101
True,None,40.45,405,0.3602,16,14,16,2,555.0,34.688,39.643,3,3,3,20.013,0,1,1,False,moving to wp 16 (d=0.63),38,3,3,4.6367,0,0.459,58,161,C,5102
True,None,45.15,452,0.3913,12,9,12,1,394.0,32.833,35.818,3,3,3,32.807,0,2,2,False,moving to wp 17 (d=0.59),19,3,3,3.9454,0,0.4562,63,161,C,5103
True,None,46.505,467,0.4534,15,11,15,2,483.0,32.2,37.154,5,5,5,23.152,0,3,3,False,moving to wp 25 (d=0.39),19,5,5,5.1407,0,0.4499,73,161,C,5104
True,None,38.3,383,0.472,14,13,14,0,547.0,39.071,39.071,0,0,0,12.888,0,0,0,False,moving to wp 16 (d=0.17),0,0,0,4.5629,0,0.4013,76,161,C,5105
True,None,75.507,762,0.5155,28,13,28,21,600.0,21.429,85.714,35,35,35,44.683,0,14,14,False,moving to wp 20 (d=0.33),401,35,35,9.9786,0,0.4303,83,161,C,5106
True,None,40.0,400,0.5093,13,12,13,1,537.0,41.308,44.75,1,1,1,14.686,0,0,0,False,moving to wp 21 (d=0.58),10,1,1,4.9494,0,0.4767,82,161,C,5107
True,None,38.1,381,0.3043,10,9,10,0,438.0,43.8,43.8,0,0,0,9.33,0,0,0,False,moving to wp 22 (d=0.59),0,0,0,2.5232,0,0.4314,49,161,C,5108
True,None,53.701,539,0.4845,17,11,17,12,535.0,31.471,107.0,17,17,17,19.761,0,5,5,False,moving to wp 16 (d=0.60),151,17,17,6.2182,0,0.4263,78,161,C,5109
True,None,37.0,370,0.4224,13,12,13,1,479.0,36.846,39.917,1,1,1,11.023,0,0,0,False,moving to wp 19 (d=0.52),10,1,1,4.5827,0,0.4414,68,161,C,5110
True,None,72.801,733,0.4845,27,14,27,9,637.0,23.593,35.389,21,21,21,55.733,0,12,12,False,moving to wp 21 (d=0.19),244,21,21,8.8802,0,0.4915,78,161,C,5111
True,None,44.958,450,0.472,20,18,20,2,746.0,37.3,41.444,3,3,3,31.779,0,1,1,False,moving to wp 13 (d=0.34),30,3,3,6.032,0,0.4865,76,161,C,5112
True,None,58.151,583,0.5031,24,17,24,7,822.0,34.25,48.353,13,13,13,45.11,0,6,6,False,moving to wp 34 (d=0.57),137,13,13,6.9267,0,0.4727,81,161,C,5113
True,None,43.2,432,0.3975,12,10,12,2,438.0,36.5,43.8,3,3,3,20.216,0,1,1,False,moving to wp 16 (d=0.49),12,3,3,3.9643,0,0.4731,64,161,C,5114
True,None,36.0,360,0.4596,6,5,6,0,250.0,41.667,41.667,0,0,0,5.7,0,0,0,False,moving to wp 24 (d=0.55),0,0,0,3.2762,0,0.4938,74,161,C,5115
True,None,42.2,422,0.4658,18,16,18,0,741.0,41.167,41.167,1,1,1,21.075,0,1,1,False,moving to wp 15 (d=0.48),10,1,1,6.2242,0,0.4,75,161,C,5116
True,None,41.3,413,0.472,13,11,13,2,445.0,34.231,40.455,3,3,3,19.282,0,1,1,False,moving to wp 14 (d=0.33),17,3,3,4.8008,0,0.4154,76,161,C,5117
True,None,46.0,460,0.5031,15,12,15,4,585.0,39.0,53.182,6,6,6,28.064,0,2,2,False,moving to wp 24 (d=0.46),42,6,6,5.818,0,0.4264,81,161,C,5118
True,None,38.3,383,0.441,8,7,8,0,331.0,41.375,41.375,0,0,0,8.549,0,0,0,False,moving to wp 14 (d=0.24),0,0,0,3.0463,0,0.4724,71,161,C,5119
True,None,45.122,452,0.441,10,7,10,2,310.0,31.0,38.75,4,4,4,15.129,0,2,2,False,moving to wp 18 (d=0.23),21,4,4,4.1973,0,0.4051,71,161,C,5120
True,None,48.231,483,0.4596,23,19,23,1,816.0,35.478,37.091,4,4,4,25.893,0,3,3,False,moving to wp 19 (d=0.21),42,4,4,6.7729,0,0.4287,74,161,C,5121
True,None,40.0,400,0.4224,10,9,10,1,358.0,35.8,39.778,1,1,1,11.359,0,0,0,False,moving to wp 18 (d=0.32),2,1,1,3.8366,0,0.4906,68,161,C,5122
True,None,78.078,787,0.5031,35,20,35,10,987.0,28.2,39.48,24,24,24,59.704,0,14,14,False,moving to wp 18 (d=0.13),452,24,24,12.4877,0,0.4821,81,161,C,5123
True,None,40.7,407,0.4224,12,10,12,2,490.0,40.833,49.0,3,3,3,22.482,0,1,1,False,moving to wp 12 (d=0.28),15,3,3,3.8939,0,0.4925,68,161,C,5124
True,None,37.0,370,0.4472,9,8,9,0,348.0,38.667,38.667,0,0,0,9.404,0,0,0,False,moving to wp 13 (d=0.55),0,0,0,3.6651,0,0.4951,72,161,C,5125
True,None,41.0,410,0.3416,12,11,12,0,526.0,43.833,43.833,0,0,0,12.459,0,0,0,False,moving to wp 16 (d=0.40),0,0,0,3.2964,0,0.4961,55,161,C,5126
True,None,38.2,382,0.4907,10,9,10,1,467.0,46.7,51.889,1,1,1,7.746,0,0,0,False,moving to wp 18 (d=0.35),1,1,1,3.973,0,0.4216,79,161,C,5127
True,None,36.8,368,0.4037,9,8,9,0,381.0,42.333,42.333,0,0,0,10.312,0,0,0,False,moving to wp 14 (d=0.44),0,0,0,3.4531,0,0.4521,65,161,C,5128
True,None,65.864,664,0.5031,25,13,25,14,541.0,21.64,49.182,25,25,25,36.574,0,11,11,False,moving to wp 22 (d=0.59),279,25,25,10.5478,0,0.437,81,161,C,5129
True,None,38.1,381,0.5031,7,6,7,0,237.0,33.857,33.857,0,0,0,10.818,0,0,0,False,moving to wp 16 (d=0.29),0,0,0,3.4718,0,0.4935,81,161,C,5130
True,None,43.0,430,0.4348,15,13,15,1,559.0,37.267,39.929,2,2,2,18.919,0,1,1,False,moving to wp 20 (d=0.48),10,2,2,4.9013,0,0.4335,70,161,C,5131
True,None,45.0,450,0.4161,13,11,13,1,506.0,38.923,42.167,2,2,2,20.423,0,1,1,False,moving to wp 19 (d=0.15),18,2,2,4.4468,0,0.4672,67,161,C,5132
True,None,72.124,724,0.3478,25,12,25,10,641.0,25.64,42.733,22,22,22,65.6,0,12,12,False,moving to wp 26 (d=0.34),315,22,22,7.3659,0,0.4044,56,161,C,5133
True,None,37.0,370,0.4286,10,9,10,0,444.0,44.4,44.4,0,0,0,8.573,0,0,0,False,moving to wp 23 (d=0.39),0,0,0,3.5142,0,0.4312,69,161,C,5134
True,None,42.749,428,0.4161,16,14,16,1,699.0,43.688,46.6,2,2,2,22.776,0,1,1,False,moving to wp 21 (d=0.50),10,2,2,4.5769,0,0.4007,67,161,C,5135
True,None,74.793,753,0.5342,32,17,32,18,826.0,25.812,59.0,32,32,32,68.237,0,14,14,False,moving to wp 32 (d=0.10),564,32,32,11.5349,0,0.4184,86,161,C,5136
True,None,35.6,356,0.4099,6,5,6,0,257.0,42.833,42.833,0,0,0,5.645,0,0,0,False,moving to wp 13 (d=0.16),0,0,0,2.4886,0,0.4751,66,161,C,5137
True,None,60.895,612,0.472,26,17,26,9,773.0,29.731,45.471,17,17,17,50.081,0,8,8,False,moving to wp 19 (d=0.24),295,17,17,8.75,0,0.4013,76,161,C,5138
True,None,54.817,550,0.4224,14,8,14,10,390.0,27.857,97.5,15,15,15,24.073,0,5,5,False,moving to wp 20 (d=0.12),63,15,15,5.2857,0,0.4489,68,161,C,5139
True,None,66.601,668,0.4845,26,16,26,4,698.0,26.846,31.727,13,13,13,60.87,0,9,9,False,moving to wp 17 (d=0.43),162,13,13,7.79,0,0.4307,78,161,C,5140
True,None,38.8,388,0.4534,19,18,19,3,741.0,39.0,46.312,3,3,3,18.712,0,0,0,False,moving to wp 14 (d=0.61),24,3,3,5.8996,0,0.4622,73,161,C,5141
True,None,38.2,382,0.3913,10,9,10,1,340.0,34.0,37.778,1,1,1,7.803,0,0,0,False,moving to wp 20 (d=0.39),4,1,1,3.6924,0,0.4899,63,161,C,5142
True,None,46.773,470,0.4969,18,13,18,6,511.0,28.389,42.583,10,10,10,27.209,0,4,4,False,moving to wp 20 (d=0.29),53,10,10,7.0316,0,0.4446,80,161,C,5143
True,None,40.3,403,0.4037,12,11,12,0,530.0,44.167,44.167,0,0,0,16.285,0,0,0,False,moving to wp 19 (d=0.14),0,0,0,3.5705,0,0.4786,65,161,C,5144
True,None,42.237,423,0.4907,17,15,17,3,683.0,40.176,48.786,4,4,4,26.143,0,1,1,False,moving to wp 20 (d=0.49),24,4,4,5.6966,0,0.4721,79,161,C,5145
True,None,45.2,452,0.4783,16,13,16,2,605.0,37.812,43.214,4,4,4,27.412,0,2,2,False,moving to wp 24 (d=0.40),46,4,4,5.6487,0,0.4892,77,161,C,5146
True,None,48.405,486,0.4534,13,8,13,4,431.0,33.154,47.889,8,8,8,18.354,0,4,4,False,moving to wp 17 (d=0.35),29,8,8,4.6027,0,0.4859,73,161,C,5147
True,None,38.0,380,0.4658,10,9,10,0,448.0,44.8,44.8,0,0,0,6.754,0,0,0,False,moving to wp 24 (d=0.38),0,0,0,3.8852,0,0.4424,75,161,C,5148
True,None,39.2,392,0.5093,15,14,15,1,766.0,51.067,54.714,1,1,1,10.533,0,0,0,False,moving to wp 13 (d=0.56),12,1,1,4.867,0,0.4291,82,161,C,5149
True,None,37.4,374,0.4534,9,8,9,1,368.0,40.889,46.0,1,1,1,12.856,0,0,0,False,moving to wp 17 (d=0.12),5,1,1,4.0834,0,0.4104,73,161,C,5150
True,None,50.435,506,0.354,15,11,15,4,538.0,35.867,48.909,7,7,7,30.824,0,3,3,False,moving to wp 22 (d=0.61),34,7,7,4.2791,0,0.4938,57,161,C,5151
True,None,45.614,457,0.472,14,11,14,3,484.0,34.571,44.0,5,5,5,21.743,0,2,2,False,moving to wp 24 (d=0.52),31,5,5,5.4722,0,0.423,76,161,C,5152
True,None,39.1,391,0.4472,5,4,5,2,205.0,41.0,68.333,2,2,2,4.764,0,0,0,False,moving to wp 22 (d=0.39),4,2,2,2.9641,0,0.4425,72,161,C,5153
True,None,50.823,509,0.4534,15,11,15,6,539.0,35.933,59.889,9,9,9,27.618,0,3,3,False,moving to wp 16 (d=0.61),76,9,9,5.2236,0,0.4755,73,161,C,5154
True,None,38.7,387,0.4658,9,7,9,0,312.0,34.667,34.667,1,1,1,12.961,0,1,1,False,moving to wp 23 (d=0.38),4,1,1,4.0232,0,0.4467,75,161,C,5155
True,None,47.758,478,0.4224,17,13,17,5,610.0,35.882,50.833,8,8,8,36.112,0,3,3,False,moving to wp 22 (d=0.47),89,8,8,5.3685,0,0.4066,68,161,C,5156
True,None,39.1,391,0.3851,8,7,8,1,353.0,44.125,50.429,1,1,1,7.652,0,0,0,False,moving to wp 27 (d=0.55),1,1,1,2.9823,0,0.4457,62,161,C,5157
True,None,45.256,453,0.472,14,11,14,2,519.0,37.071,43.25,4,4,4,30.926,0,2,2,False,moving to wp 26 (d=0.40),26,4,4,5.0394,0,0.4202,76,161,C,5158
True,None,38.9,389,0.441,8,7,8,1,352.0,44.0,50.286,1,1,1,10.015,0,0,0,False,moving to wp 21 (d=0.56),7,1,1,3.5879,0,0.4984,71,161,C,5159
True,None,84.858,856,0.5466,27,8,27,27,427.0,15.815,0.0,45,45,45,49.057,0,18,18,False,moving to wp 35 (d=0.14),484,45,45,11.2036,0,0.4087,88,161,C,5160
True,None,51.825,519,0.4907,16,11,16,7,594.0,37.125,66.0,11,11,11,19.073,0,4,4,False,moving to wp 19 (d=0.46),103,11,11,5.5432,0,0.4496,79,161,C,5161
True,None,56.432,567,0.4534,20,14,20,8,717.0,35.85,59.75,13,13,13,30.334,0,5,5,False,moving to wp 24 (d=0.46),70,13,13,6.0529,0,0.4813,73,161,C,5162
True,None,44.482,445,0.4969,11,8,11,2,329.0,29.909,36.556,4,4,4,18.625,0,2,2,False,moving to wp 15 (d=0.22),27,4,4,4.4768,0,0.4277,80,161,C,5163
True,None,35.8,358,0.3354,10,9,10,1,443.0,44.3,49.222,1,1,1,8.421,0,0,0,False,moving to wp 21 (d=0.61),6,1,1,2.8583,0,0.4772,54,161,C,5164
True,None,41.339,414,0.4224,10,8,10,1,366.0,36.6,40.667,2,2,2,19.038,0,1,1,False,moving to wp 12 (d=0.26),16,2,2,3.4058,0,0.4642,68,161,C,5165
True,None,42.0,420,0.4286,17,15,17,0,607.0,35.706,35.706,1,1,1,19.467,0,1,1,False,moving to wp 20 (d=0.40),2,1,1,5.2203,0,0.4797,69,161,C,5166
True,None,38.9,389,0.4658,13,12,13,1,509.0,39.154,42.417,1,1,1,14.709,0,0,0,False,moving to wp 13 (d=0.24),3,1,1,4.7983,0,0.4159,75,161,C,5167
True,None,86.879,876,0.5963,38,19,38,22,858.0,22.579,53.625,40,40,40,62.55,0,18,18,False,moving to wp 16 (d=0.40),755,40,40,17.3219,0,0.4966,96,161,C,5168
True,None,38.0,380,0.3106,8,7,8,0,289.0,36.125,36.125,0,0,0,5.592,0,0,0,False,moving to wp 18 (d=0.44),0,0,0,2.6501,0,0.4066,50,161,C,5169
True,None,60.162,604,0.4596,25,16,25,7,617.0,24.68,34.278,15,15,15,40.381,0,8,8,False,moving to wp 20 (d=0.47),212,15,15,8.6506,0,0.4471,74,161,C,5170
True,None,39.0,390,0.3851,11,10,11,0,465.0,42.273,42.273,0,0,0,12.783,0,0,0,False,moving to wp 18 (d=0.46),0,0,0,3.4073,0,0.4464,62,161,C,5171
True,None,37.5,375,0.4658,12,11,12,0,477.0,39.75,39.75,0,0,0,13.91,0,0,0,False,moving to wp 14 (d=0.13),0,0,0,4.5145,0,0.4827,75,161,C,5172
True,None,40.7,407,0.441,12,10,12,2,444.0,37.0,44.4,3,3,3,17.368,0,1,1,False,moving to wp 20 (d=0.24),17,3,3,4.0363,0,0.4166,71,161,C,5173
True,None,46.325,464,0.441,21,18,21,1,746.0,35.524,37.3,3,3,3,30.826,0,2,2,False,moving to wp 20 (d=0.51),29,3,3,6.1104,0,0.4141,71,161,C,5174
True,None,43.0,430,0.3478,9,7,9,1,371.0,41.222,46.375,2,2,2,14.789,0,1,1,False,moving to wp 28 (d=0.36),6,2,2,3.0755,0,0.4813,56,161,C,5175
True,None,43.552,436,0.3975,12,9,12,4,425.0,35.417,53.125,6,6,6,22.063,0,2,2,False,moving to wp 16 (d=0.46),26,6,6,3.8552,0,0.4013,64,161,C,5176
True,None,38.1,381,0.3665,8,7,8,1,307.0,38.375,43.857,1,1,1,5.8,0,0,0,False,moving to wp 14 (d=0.32),1,1,1,2.7247,0,0.4386,59,161,C,5177
True,None,37.9,379,0.3789,7,6,7,0,256.0,36.571,36.571,0,0,0,10.617,0,0,0,False,moving to wp 14 (d=0.63),0,0,0,2.9874,0,0.4548,61,161,C,5178
True,None,46.955,470,0.4348,16,12,16,1,573.0,35.812,38.2,4,4,4,29.236,0,3,3,False,moving to wp 14 (d=0.34),34,4,4,4.9403,0,0.4896,70,161,C,5179
True,None,68.373,689,0.4783,24,12,24,13,571.0,23.792,51.909,24,24,24,43.103,0,11,11,False,moving to wp 21 (d=0.21),310,24,24,8.4549,0,0.4722,77,161,C,5180
True,None,71.965,726,0.5031,23,9,23,6,434.0,18.87,25.529,19,19,19,29.812,0,13,13,False,moving to wp 49 (d=0.24),181,19,19,8.0909,0,0.4578,81,161,C,5181
True,None,48.3,483,0.4969,16,13,16,5,492.0,30.75,44.727,7,7,7,27.633,0,2,2,False,moving to wp 15 (d=0.60),78,7,7,6.5621,0,0.4428,80,161,C,5182
True,None,38.0,380,0.3851,13,12,13,0,547.0,42.077,42.077,0,0,0,12.761,0,0,0,False,moving to wp 20 (d=0.55),0,0,0,4.1727,0,0.4501,62,161,C,5183
True,None,44.8,448,0.4099,15,13,15,1,621.0,41.4,44.357,2,2,2,27.752,0,1,1,False,moving to wp 18 (d=0.36),19,2,2,4.6486,0,0.4288,66,161,C,5184
True,None,37.1,371,0.441,14,13,14,0,550.0,39.286,39.286,0,0,0,9.334,0,0,0,False,moving to wp 16 (d=0.20),0,0,0,4.3793,0,0.4458,71,161,C,5185
True,None,39.4,394,0.4161,10,9,10,0,356.0,35.6,35.6,0,0,0,13.733,0,0,0,False,moving to wp 13 (d=0.32),0,0,0,3.6107,0,0.4182,67,161,C,5186
True,None,36.2,362,0.3851,6,5,6,0,195.0,32.5,32.5,0,0,0,3.859,0,0,0,False,moving to wp 15 (d=0.52),0,0,0,2.5089,0,0.4198,62,161,C,5187
True,None,38.4,384,0.4224,12,11,12,1,507.0,42.25,46.091,1,1,1,15.865,0,0,0,False,moving to wp 18 (d=0.56),6,1,1,4.4514,0,0.481,68,161,C,5188
True,None,39.0,390,0.5031,12,11,12,0,513.0,42.75,42.75,0,0,0,14.52,0,0,0,False,moving to wp 26 (d=0.18),0,0,0,5.0896,0,0.4028,81,161,C,5189
True,None,40.2,402,0.4472,8,7,8,0,320.0,40.0,40.0,0,0,0,9.402,0,0,0,False,moving to wp 15 (d=0.23),0,0,0,3.549,0,0.4115,72,161,C,5190
True,None,37.9,379,0.4224,15,14,15,0,526.0,35.067,35.067,0,0,0,16.549,0,0,0,False,moving to wp 15 (d=0.18),0,0,0,4.604,0,0.4384,68,161,C,5191
True,None,38.9,389,0.3789,12,11,12,0,580.0,48.333,48.333,0,0,0,12.871,0,0,0,False,moving to wp 18 (d=0.35),0,0,0,3.0148,0,0.4129,61,161,C,5192
True,None,45.617,457,0.4783,14,11,14,1,462.0,33.0,35.538,3,3,3,19.809,0,2,2,False,moving to wp 19 (d=0.21),30,3,3,4.9604,0,0.4235,77,161,C,5193
True,None,56.854,572,0.4472,18,9,18,3,492.0,27.333,32.8,11,11,11,32.069,0,8,8,False,moving to wp 15 (d=0.31),114,11,11,4.4011,0,0.4657,72,161,C,5194
True,None,37.1,371,0.4161,13,12,13,0,503.0,38.692,38.692,0,0,0,12.319,0,0,0,False,moving to wp 12 (d=0.47),0,0,0,4.0565,0,0.4164,67,161,C,5195
True,None,43.717,438,0.3913,12,9,12,2,454.0,37.833,45.4,4,4,4,16.644,0,2,2,False,moving to wp 21 (d=0.33),25,4,4,3.9627,0,0.485,63,161,C,5196
True,None,38.5,385,0.4969,14,13,14,0,543.0,38.786,38.786,0,0,0,10.169,0,0,0,False,moving to wp 16 (d=0.10),0,0,0,4.5163,0,0.4221,80,161,C,5197
True,None,38.9,389,0.4472,9,8,9,0,323.0,35.889,35.889,0,0,0,8.574,0,0,0,False,moving to wp 15 (d=0.62),0,0,0,3.4022,0,0.4658,72,161,C,5198
True,None,36.8,368,0.4037,7,6,7,0,298.0,42.571,42.571,0,0,0,8.217,0,0,0,False,moving to wp 15 (d=0.31),0,0,0,2.8833,0,0.4573,65,161,C,5199
True,None,72.774,733,0.5155,26,12,26,10,548.0,21.077,34.25,23,23,23,42.52,0,13,13,False,moving to wp 17 (d=0.48),327,23,23,8.6812,0,0.4334,83,161,C,5200
True,None,38.1,381,0.3975,11,10,11,0,480.0,43.636,43.636,0,0,0,7.632,0,0,0,False,moving to wp 32 (d=0.64),0,0,0,3.9841,0,0.471,64,161,C,5201
True,None,37.2,372,0.4969,13,12,13,0,464.0,35.692,35.692,0,0,0,11.945,0,0,0,False,moving to wp 16 (d=0.11),0,0,0,4.8026,0,0.4285,80,161,C,5202
True,None,56.746,569,0.4037,22,16,22,4,741.0,33.682,41.167,9,9,9,38.671,0,5,5,False,moving to wp 22 (d=0.39),102,9,9,7.3688,0,0.4334,65,161,C,5203
True,None,36.7,367,0.4286,7,6,7,1,337.0,48.143,56.167,1,1,1,5.5,0,0,0,False,moving to wp 38 (d=0.19),3,1,1,2.9627,0,0.4868,69,161,C,5204
True,None,38.6,386,0.4286,10,9,10,0,424.0,42.4,42.4,0,0,0,10.875,0,0,0,False,moving to wp 22 (d=0.40),0,0,0,3.4044,0,0.4326,69,161,C,5205
True,None,39.0,390,0.3851,10,9,10,2,432.0,43.2,54.0,2,2,2,12.698,0,0,0,False,moving to wp 21 (d=0.46),6,2,2,3.6129,0,0.4713,62,161,C,5206
True,None,40.2,402,0.4658,12,10,12,0,525.0,43.75,43.75,1,1,1,20.087,0,1,1,False,moving to wp 18 (d=0.58),5,1,1,4.0062,0,0.4857,75,161,C,5207
True,None,36.4,364,0.3478,12,11,12,2,510.0,42.5,51.0,2,2,2,11.372,0,0,0,False,moving to wp 14 (d=0.24),12,2,2,3.4916,0,0.4202,56,161,C,5208
True,None,51.693,518,0.4845,17,12,17,7,573.0,33.706,57.3,11,11,11,28.165,0,4,4,False,moving to wp 20 (d=0.34),92,11,11,5.9971,0,0.4516,78,161,C,5209
True,None,52.775,529,0.3975,20,15,20,5,685.0,34.25,45.667,9,9,9,43.305,0,4,4,False,moving to wp 18 (d=0.27),66,9,9,5.9986,0,0.4587,64,161,C,5210
True,None,36.9,369,0.3851,5,4,5,1,264.0,52.8,66.0,1,1,1,5.464,0,0,0,False,moving to wp 38 (d=0.51),2,1,1,2.2046,0,0.4097,62,161,C,5211
True,None,37.7,377,0.4037,9,8,9,2,382.0,42.444,54.571,2,2,2,11.015,0,0,0,False,moving to wp 19 (d=0.55),11,2,2,3.4982,0,0.4023,65,161,C,5212
True,None,45.066,451,0.4969,19,16,19,3,692.0,36.421,43.25,5,5,5,29.561,0,2,2,False,moving to wp 19 (d=0.32),69,5,5,6.8904,0,0.4827,80,161,C,5213
True,None,45.258,453,0.3727,9,6,9,3,262.0,29.111,43.667,5,5,5,16.83,0,2,2,False,moving to wp 20 (d=0.36),16,5,5,3.5443,0,0.4773,60,161,C,5214
True,None,44.8,448,0.472,16,14,16,1,652.0,40.75,43.467,2,2,2,24.218,0,1,1,False,moving to wp 27 (d=0.24),21,2,2,5.5893,0,0.4313,76,161,C,5215
True,None,38.3,383,0.3851,10,9,10,0,429.0,42.9,42.9,0,0,0,12.125,0,0,0,False,moving to wp 18 (d=0.36),0,0,0,3.4424,0,0.4626,62,161,C,5216
True,None,41.2,412,0.441,9,7,9,1,307.0,34.111,38.375,2,2,2,20.214,0,1,1,False,moving to wp 27 (d=0.65),7,2,2,3.942,0,0.4651,71,161,C,5217
True,None,41.4,414,0.3789,8,6,8,2,295.0,36.875,49.167,3,3,3,13.558,0,1,1,False,moving to wp 21 (d=0.52),12,3,3,3.3281,0,0.4806,61,161,C,5218
True,None,36.0,360,0.3913,9,8,9,0,376.0,41.778,41.778,0,0,0,5.682,0,0,0,False,moving to wp 25 (d=0.54),0,0,0,3.5972,0,0.4138,63,161,C,5219
True,None,37.0,370,0.3602,10,9,10,1,410.0,41.0,45.556,1,1,1,9.246,0,0,0,False,moving to wp 15 (d=0.43),7,1,1,2.958,0,0.4953,58,161,C,5220
True,None,47.201,473,0.4658,12,8,12,4,387.0,32.25,48.375,7,7,7,15.506,0,3,3,False,moving to wp 12 (d=0.28),56,7,7,4.4328,0,0.436,75,161,C,5221
True,None,43.517,436,0.4224,13,10,13,2,529.0,40.692,48.091,4,4,4,24.279,0,2,2,False,moving to wp 24 (d=0.33),26,4,4,3.8745,0,0.4162,68,161,C,5222
True,None,37.5,375,0.4161,10,9,10,0,352.0,35.2,35.2,0,0,0,5.509,0,0,0,False,moving to wp 14 (d=0.14),0,0,0,3.4936,0,0.4997,67,161,C,5223
True,None,55.154,553,0.441,18,13,18,4,575.0,31.944,41.071,8,8,8,20.695,0,4,4,False,moving to wp 18 (d=0.14),56,8,8,6.0854,0,0.4882,71,161,C,5224
True,None,37.0,370,0.3665,9,8,9,0,432.0,48.0,48.0,0,0,0,8.407,0,0,0,False,moving to wp 16 (d=0.56),0,0,0,2.8054,0,0.4568,59,161,C,5225
True,None,39.2,392,0.3975,8,7,8,1,352.0,44.0,50.286,1,1,1,10.317,0,0,0,False,moving to wp 13 (d=0.46),7,1,1,3.0817,0,0.4632,64,161,C,5226
True,None,45.5,455,0.4037,16,13,16,4,546.0,34.125,45.5,6,6,6,29.18,0,2,2,False,moving to wp 22 (d=0.12),46,6,6,5.6353,0,0.498,65,161,C,5227
True,None,38.7,387,0.4534,10,9,10,0,408.0,40.8,40.8,0,0,0,10.374,0,0,0,False,moving to wp 20 (d=0.17),0,0,0,3.7833,0,0.4597,73,161,C,5228
True,None,40.3,403,0.4348,14,13,14,0,638.0,45.571,45.571,0,0,0,15.582,0,0,0,False,moving to wp 20 (d=0.43),0,0,0,4.0794,0,0.4894,70,161,C,5229
True,None,36.2,362,0.4037,7,6,7,0,308.0,44.0,44.0,0,0,0,6.519,0,0,0,False,moving to wp 20 (d=0.12),0,0,0,2.7682,0,0.4945,65,161,C,5230
True,None,38.5,385,0.4161,14,13,14,1,548.0,39.143,42.154,1,1,1,10.302,0,0,0,False,moving to wp 17 (d=0.35),11,1,1,4.5218,0,0.4089,67,161,C,5231
True,None,56.546,568,0.441,18,11,18,8,495.0,27.5,49.5,14,14,14,32.492,0,6,6,False,moving to wp 15 (d=0.52),121,14,14,5.842,0,0.4285,71,161,C,5232
True,None,38.5,385,0.4037,6,5,6,0,247.0,41.167,41.167,0,0,0,8.293,0,0,0,False,moving to wp 21 (d=0.43),0,0,0,3.0471,0,0.4746,65,161,C,5233
True,None,44.3,443,0.3789,12,10,12,1,488.0,40.667,44.364,2,2,2,16.691,0,1,1,False,moving to wp 29 (d=0.54),4,2,2,4.0288,0,0.4778,61,161,C,5234
True,None,37.9,379,0.3602,11,10,11,0,477.0,43.364,43.364,0,0,0,12.953,0,0,0,False,moving to wp 14 (d=0.53),0,0,0,3.0126,0,0.4715,58,161,C,5235
True,None,37.6,376,0.3851,12,11,12,0,481.0,40.083,40.083,0,0,0,12.147,0,0,0,False,moving to wp 17 (d=0.58),0,0,0,3.6033,0,0.4265,62,161,C,5236
True,None,49.489,496,0.3354,19,16,19,3,726.0,38.211,45.375,5,5,5,30.104,0,2,2,False,moving to wp 16 (d=0.41),35,5,5,4.6002,0,0.4549,54,161,C,5237
True,None,63.65,640,0.4907,24,14,24,10,664.0,27.667,47.429,19,19,19,35.65,0,9,9,False,moving to wp 25 (d=0.46),177,19,19,7.4093,0,0.4841,79,161,C,5238
True,None,56.183,563,0.4472,21,14,21,3,644.0,30.667,35.778,9,9,9,41.812,0,6,6,False,moving to wp 23 (d=0.46),78,9,9,6.7833,0,0.4243,72,161,C,5239
True,None,44.954,450,0.3665,15,12,15,2,521.0,34.733,40.077,4,4,4,23.546,0,2,2,False,moving to wp 17 (d=0.37),30,4,4,4.3166,0,0.4849,59,161,C,5240
True,None,38.3,383,0.3789,10,9,10,1,387.0,38.7,43.0,1,1,1,11.5,0,0,0,False,moving to wp 18 (d=0.24),1,1,1,3.354,0,0.4961,61,161,C,5241
True,None,44.783,448,0.4472,12,10,12,5,512.0,42.667,73.143,6,6,6,23.528,0,1,1,False,moving to wp 30 (d=0.11),32,6,6,4.3255,0,0.4991,72,161,C,5242
True,None,41.9,419,0.3975,13,11,13,1,530.0,40.769,44.167,2,2,2,19.003,0,1,1,False,moving to wp 14 (d=0.24),20,2,2,3.4177,0,0.4791,64,161,C,5243
True,None,43.2,432,0.4224,12,10,12,2,387.0,32.25,38.7,3,3,3,20.133,0,1,1,False,moving to wp 13 (d=0.21),14,3,3,4.154,0,0.4571,68,161,C,5244
True,None,42.4,424,0.4534,15,13,15,1,485.0,32.333,34.643,2,2,2,22.117,0,1,1,False,moving to wp 17 (d=0.54),18,2,2,5.0573,0,0.4181,73,161,C,5245
True,None,50.184,503,0.3602,19,14,19,5,695.0,36.579,49.643,9,9,9,32.931,0,4,4,False,moving to wp 24 (d=0.46),96,9,9,4.8686,0,0.4027,58,161,C,5246
True,None,42.983,430,0.441,13,11,13,2,556.0,42.769,50.545,3,3,3,22.64,0,1,1,False,moving to wp 20 (d=0.33),20,3,3,4.6083,0,0.4117,71,161,C,5247
True,None,38.0,380,0.4845,8,7,8,0,336.0,42.0,42.0,0,0,0,7.803,0,0,0,False,moving to wp 25 (d=0.34),0,0,0,3.5686,0,0.4123,78,161,C,5248
True,None,39.3,393,0.4969,13,12,13,2,509.0,39.154,46.273,2,2,2,18.193,0,0,0,False,moving to wp 17 (d=0.47),11,2,2,5.3969,0,0.4455,80,161,C,5249
True,None,36.2,362,0.3913,14,13,14,0,582.0,41.571,41.571,0,0,0,11.013,0,0,0,False,moving to wp 15 (d=0.31),0,0,0,3.6791,0,0.4918,63,161,C,5250
True,None,40.3,403,0.3602,10,9,10,1,463.0,46.3,51.444,1,1,1,11.217,0,0,0,False,moving to wp 27 (d=0.50),2,1,1,3.6588,0,0.4715,58,161,C,5251
True,None,42.9,429,0.4658,14,12,14,5,567.0,40.5,63.0,6,6,6,19.561,0,1,1,False,moving to wp 30 (d=0.52),13,6,6,5.7406,0,0.4249,75,161,C,5252
True,None,40.6,406,0.4472,12,10,12,1,433.0,36.083,39.364,2,2,2,19.617,0,1,1,False,moving to wp 16 (d=0.13),6,2,2,3.7323,0,0.4804,72,161,C,5253
True,None,43.8,438,0.4224,16,14,16,0,611.0,38.188,38.188,1,1,1,28.171,0,1,1,False,moving to wp 17 (d=0.12),5,1,1,5.0275,0,0.4015,68,161,C,5254
True,None,65.29,656,0.3851,23,14,23,3,595.0,25.87,29.75,11,11,11,37.153,0,8,8,False,moving to wp 25 (d=0.50),93,11,11,5.9808,0,0.4103,62,161,C,5255
True,None,39.2,392,0.3727,10,9,10,2,434.0,43.4,54.25,2,2,2,8.623,0,0,0,False,moving to wp 21 (d=0.32),8,2,2,3.5891,0,0.4014,60,161,C,5256
True,None,37.5,375,0.354,9,8,9,1,411.0,45.667,51.375,1,1,1,7.613,0,0,0,False,moving to wp 14 (d=0.24),3,1,1,3.0734,0,0.4598,57,161,C,5257
True,None,37.5,375,0.4969,10,9,10,1,414.0,41.4,46.0,1,1,1,10.166,0,0,0,False,moving to wp 22 (d=0.31),5,1,1,4.5743,0,0.4557,80,161,C,5258
True,None,39.8,398,0.4161,19,18,19,0,841.0,44.263,44.263,0,0,0,15.659,0,0,0,False,moving to wp 13 (d=0.54),0,0,0,4.9567,0,0.4433,67,161,C,5259
True,None,39.917,400,0.3727,11,9,11,2,431.0,39.182,47.889,3,3,3,16.612,0,1,1,False,moving to wp 17 (d=0.49),16,3,3,3.6017,0,0.487,60,161,C,5260
True,None,63.401,635,0.472,25,18,25,5,810.0,32.4,40.5,11,11,11,55.153,0,6,6,False,moving to wp 17 (d=0.53),138,11,11,8.5339,0,0.4581,76,161,C,5261
True,None,54.906,550,0.4783,23,17,23,1,872.0,37.913,39.636,6,6,6,41.065,0,5,5,False,moving to wp 12 (d=0.27),84,6,6,6.3002,0,0.4234,77,161,C,5262
True,None,38.3,383,0.4099,13,12,13,0,511.0,39.308,39.308,0,0,0,12.154,0,0,0,False,moving to wp 13 (d=0.66),0,0,0,3.9647,0,0.498,66,161,C,5263
True,None,37.5,375,0.3975,6,5,6,0,220.0,36.667,36.667,0,0,0,9.282,0,0,0,False,moving to wp 19 (d=0.14),0,0,0,2.8563,0,0.4223,64,161,C,5264
True,None,45.791,458,0.3665,10,7,10,2,429.0,42.9,53.625,4,4,4,21.89,0,2,2,False,moving to wp 39 (d=0.21),13,4,4,3.0873,0,0.4354,59,161,C,5265
True,None,37.3,373,0.4224,8,7,8,1,343.0,42.875,49.0,1,1,1,6.64,0,0,0,False,moving to wp 20 (d=0.34),3,1,1,3.305,0,0.4192,68,161,C,5266
True,None,47.942,480,0.4534,18,15,18,2,711.0,39.5,44.438,4,4,4,29.499,0,2,2,False,moving to wp 14 (d=0.34),44,4,4,5.5849,0,0.4244,73,161,C,5267
True,None,44.143,442,0.4596,13,11,13,2,543.0,41.769,49.364,3,3,3,24.767,0,1,1,False,moving to wp 19 (d=0.59),26,3,3,4.6569,0,0.496,74,161,C,5268
True,None,40.1,401,0.4534,14,12,14,1,499.0,35.643,38.385,2,2,2,16.358,0,1,1,False,moving to wp 15 (d=0.23),15,2,2,4.389,0,0.4086,73,161,C,5269
True,None,42.9,429,0.4534,15,13,15,2,523.0,34.867,40.231,3,3,3,20.923,0,1,1,False,moving to wp 15 (d=0.22),22,3,3,5.2141,0,0.4754,73,161,C,5270
True,None,40.2,402,0.4099,10,8,10,2,409.0,40.9,51.125,3,3,3,17.779,0,1,1,False,moving to wp 24 (d=0.66),17,3,3,3.9754,0,0.492,66,161,C,5271
True,None,38.6,386,0.4472,9,8,9,2,391.0,43.444,55.857,2,2,2,10.181,0,0,0,False,moving to wp 20 (d=0.33),4,2,2,3.5448,0,0.4729,72,161,C,5272
True,None,39.3,393,0.5031,16,15,16,3,598.0,37.375,46.0,3,3,3,17.746,0,0,0,False,moving to wp 13 (d=0.21),18,3,3,6.0078,0,0.4503,81,161,C,5273
True,None,53.709,538,0.3851,20,15,20,3,782.0,39.1,46.0,7,7,7,32.046,0,4,4,False,moving to wp 27 (d=0.51),88,7,7,6.0213,0,0.4402,62,161,C,5274
True,None,41.8,418,0.4472,11,9,11,2,343.0,31.182,38.111,3,3,3,16.433,0,1,1,False,moving to wp 18 (d=0.55),13,3,3,4.296,0,0.4155,72,161,C,5275
True,None,39.4,394,0.4658,12,11,12,1,490.0,40.833,44.545,1,1,1,11.315,0,0,0,False,moving to wp 13 (d=0.24),8,1,1,4.0057,0,0.4342,75,161,C,5276
True,None,41.6,416,0.4845,12,10,12,1,410.0,34.167,37.273,2,2,2,18.716,0,1,1,False,moving to wp 18 (d=0.53),6,2,2,4.5347,0,0.4289,78,161,C,5277
True,None,42.233,423,0.4472,17,15,17,0,656.0,38.588,38.588,1,1,1,23.351,0,1,1,False,moving to wp 22 (d=0.16),4,1,1,5.207,0,0.4945,72,161,C,5278
True,None,37.9,379,0.4224,10,9,10,1,494.0,49.4,54.889,1,1,1,9.517,0,0,0,False,moving to wp 26 (d=0.43),8,1,1,3.4157,0,0.4859,68,161,C,5279
True,None,36.3,363,0.4161,9,8,9,0,393.0,43.667,43.667,0,0,0,6.635,0,0,0,False,moving to wp 26 (d=0.41),0,0,0,3.0448,0,0.4054,67,161,C,5280
True,None,39.8,398,0.3975,12,11,12,0,560.0,46.667,46.667,0,0,0,12.161,0,0,0,False,moving to wp 23 (d=0.55),0,0,0,3.6394,0,0.4685,64,161,C,5281
True,None,37.6,376,0.3789,5,4,5,1,178.0,35.6,44.5,1,1,1,5.809,0,0,0,False,moving to wp 13 (d=0.55),4,1,1,2.4246,0,0.4498,61,161,C,5282
True,None,46.448,465,0.4472,17,14,17,1,617.0,36.294,38.562,3,3,3,24.734,0,2,2,False,moving to wp 16 (d=0.20),33,3,3,5.5059,0,0.4825,72,161,C,5283
True,None,52.764,528,0.5031,15,10,15,6,529.0,35.267,58.778,10,10,10,32.919,0,4,4,False,moving to wp 28 (d=0.44),96,10,10,6.1614,0,0.4511,81,161,C,5284
True,None,38.0,380,0.3975,10,9,10,0,434.0,43.4,43.4,0,0,0,9.493,0,0,0,False,moving to wp 15 (d=0.53),0,0,0,3.0463,0,0.4544,64,161,C,5285
True,None,42.2,422,0.3789,9,7,9,4,419.0,46.556,83.8,5,5,5,16.797,0,1,1,False,moving to wp 30 (d=0.53),28,5,5,3.3498,0,0.4255,61,161,C,5286
True,None,45.801,459,0.472,14,10,14,3,449.0,32.071,40.818,6,6,6,19.046,0,3,3,False,moving to wp 21 (d=0.16),39,6,6,5.1688,0,0.4831,76,161,C,5287
True,None,37.5,375,0.4037,12,11,12,0,406.0,33.833,33.833,0,0,0,6.58,0,0,0,False,moving to wp 14 (d=0.53),0,0,0,4.0483,0,0.4064,65,161,C,5288
True,None,43.1,431,0.4037,18,16,18,1,673.0,37.389,39.588,2,2,2,28.308,0,1,1,False,moving to wp 12 (d=0.17),16,2,2,5.6139,0,0.4228,65,161,C,5289
True,None,38.4,384,0.4596,10,9,10,0,453.0,45.3,45.3,0,0,0,11.15,0,0,0,False,moving to wp 19 (d=0.55),0,0,0,3.5597,0,0.4817,74,161,C,5290
True,None,41.1,411,0.3975,14,13,14,0,594.0,42.429,42.429,0,0,0,13.007,0,0,0,False,moving to wp 22 (d=0.14),0,0,0,4.0893,0,0.4847,64,161,C,5291
True,None,42.383,424,0.4534,19,16,19,1,750.0,39.474,41.667,3,3,3,23.517,0,2,2,False,moving to wp 21 (d=0.30),11,3,3,5.7342,0,0.4904,73,161,C,5292
True,None,41.9,419,0.3851,14,13,14,4,591.0,42.214,59.1,4,4,4,19.896,0,0,0,False,moving to wp 24 (d=0.63),30,4,4,5.7676,0,0.4842,62,161,C,5293
True,None,39.2,392,0.3975,5,4,5,0,183.0,36.6,36.6,0,0,0,6.499,0,0,0,False,moving to wp 18 (d=0.47),0,0,0,2.6803,0,0.4745,64,161,C,5294
True,None,38.1,381,0.3665,7,6,7,0,303.0,43.286,43.286,0,0,0,7.754,0,0,0,False,moving to wp 28 (d=0.57),0,0,0,2.9817,0,0.4928,59,161,C,5295
True,None,38.6,386,0.5217,10,9,10,0,371.0,37.1,37.1,0,0,0,7.752,0,0,0,False,moving to wp 16 (d=0.21),0,0,0,4.6989,0,0.4462,84,161,C,5296
True,None,41.084,411,0.3851,9,7,9,1,322.0,35.778,40.25,2,2,2,17.713,0,1,1,False,moving to wp 19 (d=0.14),14,2,2,3.054,0,0.4793,62,161,C,5297
True,None,40.678,407,0.4348,11,9,11,2,381.0,34.636,42.333,3,3,3,19.167,0,1,1,False,moving to wp 17 (d=0.18),18,3,3,4.2835,0,0.4845,70,161,C,5298
True,None,41.2,412,0.4534,10,9,10,1,412.0,41.2,45.778,1,1,1,11.452,0,0,0,False,moving to wp 23 (d=0.53),2,1,1,4.5788,0,0.4776,73,161,C,5299
True,None,38.6,386,0.4596,10,9,10,1,410.0,41.0,45.556,1,1,1,9.286,0,0,0,False,moving to wp 18 (d=0.48),2,1,1,4.0875,0,0.4036,74,161,C,5300
True,None,45.3,453,0.4224,16,14,16,1,645.0,40.312,43.0,2,2,2,17.865,0,1,1,False,moving to wp 16 (d=0.37),11,2,2,5.7377,0,0.4304,68,161,C,5301
True,None,56.533,567,0.4783,20,13,20,3,638.0,31.9,37.529,9,9,9,37.52,0,6,6,False,moving to wp 17 (d=0.39),106,9,9,6.6341,0,0.4244,77,161,C,5302
True,None,36.5,365,0.4161,12,11,12,0,464.0,38.667,38.667,0,0,0,11.217,0,0,0,False,moving to wp 14 (d=0.10),0,0,0,3.9652,0,0.4244,67,161,C,5303
True,None,37.8,378,0.3292,6,5,6,1,258.0,43.0,51.6,1,1,1,6.625,0,0,0,False,moving to wp 18 (d=0.28),5,1,1,2.4898,0,0.4721,53,161,C,5304
True,None,42.2,422,0.441,13,11,13,3,549.0,42.231,54.9,4,4,4,21.864,0,1,1,False,moving to wp 22 (d=0.23),23,4,4,4.0722,0,0.4838,71,161,C,5305
True,None,37.9,379,0.3975,12,11,12,1,572.0,47.667,52.0,1,1,1,14.01,0,0,0,False,moving to wp 15 (d=0.62),4,1,1,3.3156,0,0.4712,64,161,C,5306
True,None,38.7,387,0.4161,12,11,12,0,458.0,38.167,38.167,0,0,0,12.008,0,0,0,False,moving to wp 15 (d=0.28),0,0,0,3.9521,0,0.455,67,161,C,5307
True,None,39.2,392,0.3913,10,9,10,0,381.0,38.1,38.1,0,0,0,11.796,0,0,0,False,moving to wp 22 (d=0.54),0,0,0,3.2841,0,0.4501,63,161,C,5308
True,None,44.634,447,0.4845,19,16,19,5,715.0,37.632,51.071,7,7,7,20.385,0,2,2,False,moving to wp 14 (d=0.13),101,7,7,6.7404,0,0.4486,78,161,C,5309
True,None,39.7,397,0.3975,9,8,9,0,375.0,41.667,41.667,0,0,0,9.939,0,0,0,False,moving to wp 18 (d=0.62),0,0,0,3.1208,0,0.469,64,161,C,5310
True,None,45.383,454,0.441,13,10,13,1,492.0,37.846,41.0,3,3,3,21.873,0,2,2,False,moving to wp 21 (d=0.51),29,3,3,4.1077,0,0.4055,71,161,C,5311
True,None,40.667,407,0.4658,14,12,14,3,519.0,37.071,47.182,4,4,4,19.436,0,1,1,False,moving to wp 16 (d=0.46),26,4,4,4.8321,0,0.4875,75,161,C,5312
True,None,50.826,509,0.3851,17,12,17,4,644.0,37.882,49.538,8,8,8,29.568,0,4,4,False,moving to wp 22 (d=0.43),51,8,8,4.6747,0,0.4367,62,161,C,5313
True,None,37.4,374,0.441,8,7,8,1,348.0,43.5,49.714,1,1,1,9.529,0,0,0,False,moving to wp 17 (d=0.36),1,1,1,3.2486,0,0.4197,71,161,C,5314
True,None,39.1,391,0.4224,14,13,14,0,560.0,40.0,40.0,0,0,0,9.352,0,0,0,False,moving to wp 13 (d=0.46),0,0,0,4.0074,0,0.4484,68,161,C,5315
True,None,54.365,546,0.4658,18,11,18,5,525.0,29.167,40.385,11,11,11,30.905,0,6,6,False,moving to wp 15 (d=0.33),73,11,11,5.2125,0,0.4363,75,161,C,5316
True,None,59.563,599,0.5031,30,21,30,6,1051.0,35.033,43.792,14,14,14,44.62,0,8,8,False,moving to wp 17 (d=0.19),237,14,14,9.4016,0,0.4946,81,161,C,5317
True,None,44.983,450,0.4969,16,13,16,2,601.0,37.562,42.929,4,4,4,23.833,0,2,2,False,moving to wp 24 (d=0.54),14,4,4,5.6398,0,0.4267,80,161,C,5318
True,None,42.0,420,0.3789,13,11,13,3,444.0,34.154,44.4,4,4,4,20.454,0,1,1,False,moving to wp 19 (d=0.20),22,4,4,4.0498,0,0.4253,61,161,C,5319
True,None,44.8,448,0.4286,12,10,12,3,543.0,45.25,60.333,4,4,4,21.931,0,1,1,False,moving to wp 20 (d=0.33),18,4,4,4.3154,0,0.4477,69,161,C,5320
True,None,46.115,462,0.4658,17,14,17,2,660.0,38.824,44.0,4,4,4,22.128,0,2,2,False,moving to wp 34 (d=0.40),10,4,4,5.5427,0,0.4881,75,161,C,5321
True,None,39.1,391,0.3851,11,10,11,0,404.0,36.727,36.727,0,0,0,9.302,0,0,0,False,moving to wp 22 (d=0.57),0,0,0,3.5096,0,0.4602,62,161,C,5322
True,None,39.7,397,0.4099,15,14,15,0,642.0,42.8,42.8,0,0,0,14.196,0,0,0,False,moving to wp 14 (d=0.13),0,0,0,4.6618,0,0.4073,66,161,C,5323
True,None,45.854,459,0.472,14,11,14,0,526.0,37.571,37.571,2,2,2,26.205,0,2,2,False,moving to wp 19 (d=0.46),15,2,2,5.3506,0,0.4523,76,161,C,5324
True,None,39.7,397,0.4534,9,8,9,0,376.0,41.778,41.778,0,0,0,11.199,0,0,0,False,moving to wp 14 (d=0.43),0,0,0,3.5528,0,0.4312,73,161,C,5325
True,None,50.075,501,0.3665,19,15,19,4,773.0,40.684,51.533,7,7,7,24.867,0,3,3,False,moving to wp 19 (d=0.35),82,7,7,5.3416,0,0.4795,59,161,C,5326
True,None,42.7,427,0.5155,12,10,12,2,470.0,39.167,47.0,3,3,3,21.545,0,1,1,False,moving to wp 26 (d=0.48),26,3,3,5.0289,0,0.4887,83,161,C,5327
True,None,38.7,387,0.4286,10,9,10,0,433.0,43.3,43.3,0,0,0,12.028,0,0,0,False,moving to wp 22 (d=0.24),0,0,0,3.6907,0,0.4758,69,161,C,5328
True,None,43.5,435,0.5031,16,14,16,1,679.0,42.438,45.267,2,2,2,24.103,0,1,1,False,moving to wp 25 (d=0.18),4,2,2,5.1865,0,0.4524,81,161,C,5329
True,None,36.8,368,0.3789,7,6,7,0,277.0,39.571,39.571,0,0,0,6.665,0,0,0,False,moving to wp 16 (d=0.40),0,0,0,2.8756,0,0.4736,61,161,C,5330
True,None,38.1,381,0.354,11,10,11,0,365.0,33.182,33.182,0,0,0,11.07,0,0,0,False,moving to wp 18 (d=0.20),0,0,0,3.4476,0,0.4909,57,161,C,5331
True,None,48.697,487,0.4037,13,9,13,1,477.0,36.692,39.75,4,4,4,26.359,0,3,3,False,moving to wp 20 (d=0.34),31,4,4,3.9718,0,0.4931,65,161,C,5332
True,None,41.4,414,0.472,10,9,10,2,470.0,47.0,58.75,2,2,2,13.11,0,0,0,False,moving to wp 22 (d=0.59),9,2,2,4.2896,0,0.4717,76,161,C,5333
True,None,37.5,375,0.3975,11,10,11,0,471.0,42.818,42.818,0,0,0,11.566,0,0,0,False,moving to wp 14 (d=0.24),0,0,0,3.5798,0,0.4824,64,161,C,5334
True,None,44.883,449,0.3416,16,13,16,1,635.0,39.688,42.333,3,3,3,21.026,0,2,2,False,moving to wp 22 (d=0.46),27,3,3,3.9933,0,0.4208,55,161,C,5335
True,None,40.3,403,0.441,11,9,11,1,480.0,43.636,48.0,2,2,2,17.286,0,1,1,False,moving to wp 20 (d=0.54),18,2,2,3.7998,0,0.4424,71,161,C,5336
True,None,42.5,425,0.3851,12,10,12,1,489.0,40.75,44.455,2,2,2,21.903,0,1,1,False,moving to wp 18 (d=0.56),14,2,2,3.7162,0,0.4611,62,161,C,5337
True,None,41.1,411,0.3665,14,12,14,1,497.0,35.5,38.231,2,2,2,21.421,0,1,1,False,moving to wp 17 (d=0.18),8,2,2,4.578,0,0.405,59,161,C,5338
True,None,40.2,402,0.3913,10,9,10,1,376.0,37.6,41.778,1,1,1,10.369,0,0,0,False,moving to wp 20 (d=0.22),3,1,1,3.6991,0,0.4711,63,161,C,5339
True,None,38.9,389,0.4037,11,10,11,1,458.0,41.636,45.8,1,1,1,12.144,0,0,0,False,moving to wp 23 (d=0.51),4,1,1,3.9009,0,0.4087,65,161,C,5340
True,None,37.2,372,0.3913,12,11,12,0,467.0,38.917,38.917,0,0,0,14.607,0,0,0,False,moving to wp 15 (d=0.50),0,0,0,3.7954,0,0.4721,63,161,C,5341
True,None,42.783,428,0.4286,10,8,10,2,309.0,30.9,38.625,3,3,3,15.882,0,1,1,False,moving to wp 21 (d=0.36),9,3,3,4.07,0,0.4044,69,161,C,5342
True,None,37.9,379,0.3602,11,10,11,0,428.0,38.909,38.909,0,0,0,14.359,0,0,0,False,moving to wp 16 (d=0.24),0,0,0,3.2431,0,0.4326,58,161,C,5343
True,None,36.6,366,0.3727,4,3,4,0,193.0,48.25,48.25,0,0,0,1.947,0,0,0,False,moving to wp 16 (d=0.40),0,0,0,1.8373,0,0.4409,60,161,C,5344
True,None,38.1,381,0.3665,12,11,12,0,490.0,40.833,40.833,0,0,0,10.12,0,0,0,False,moving to wp 17 (d=0.58),0,0,0,3.9971,0,0.4318,59,161,C,5345
True,None,40.2,402,0.4596,13,12,13,1,515.0,39.615,42.917,1,1,1,12.269,0,0,0,False,moving to wp 15 (d=0.42),6,1,1,4.9558,0,0.4925,74,161,C,5346
True,None,39.6,396,0.4596,13,12,13,0,538.0,41.385,41.385,0,0,0,11.83,0,0,0,False,moving to wp 15 (d=0.13),0,0,0,4.5005,0,0.4585,74,161,C,5347
True,None,54.588,547,0.4596,16,10,16,4,522.0,32.625,43.5,9,9,9,29.784,0,5,5,False,moving to wp 19 (d=0.44),76,9,9,4.6994,0,0.4476,74,161,C,5348
True,None,49.935,501,0.4783,12,7,12,1,408.0,34.0,37.091,5,5,5,20.459,0,4,4,False,moving to wp 27 (d=0.42),26,5,5,3.6877,0,0.4677,77,161,C,5349
True,None,37.7,377,0.3665,9,8,9,0,350.0,38.889,38.889,0,0,0,9.296,0,0,0,False,moving to wp 15 (d=0.43),0,0,0,2.9713,0,0.4603,59,161,C,5350
True,None,39.5,395,0.4037,7,6,7,1,288.0,41.143,48.0,1,1,1,8.482,0,0,0,False,moving to wp 24 (d=0.11),6,1,1,2.8896,0,0.4307,65,161,C,5351
True,None,51.058,512,0.5404,21,16,21,8,726.0,34.571,55.846,12,12,12,27.385,0,4,4,False,moving to wp 15 (d=0.31),158,12,12,6.9652,0,0.4171,87,161,C,5352
True,None,42.7,427,0.4596,10,8,10,3,348.0,34.8,49.714,4,4,4,20.86,0,1,1,False,moving to wp 16 (d=0.36),26,4,4,4.1436,0,0.465,74,161,C,5353
True,None,39.6,396,0.3354,10,9,10,0,398.0,39.8,39.8,0,0,0,10.323,0,0,0,False,moving to wp 20 (d=0.33),0,0,0,3.1114,0,0.4687,54,161,C,5354
True,None,37.3,373,0.3975,8,7,8,0,285.0,35.625,35.625,0,0,0,8.445,0,0,0,False,moving to wp 14 (d=0.23),0,0,0,2.8287,0,0.4708,64,161,C,5355
True,None,43.6,436,0.4348,14,12,14,1,503.0,35.929,38.692,2,2,2,20.152,0,1,1,False,moving to wp 19 (d=0.41),18,2,2,4.6667,0,0.4791,70,161,C,5356
True,None,39.7,397,0.4224,9,8,9,0,330.0,36.667,36.667,0,0,0,9.547,0,0,0,False,moving to wp 18 (d=0.55),0,0,0,3.5178,0,0.4486,68,161,C,5357
True,None,40.4,404,0.4286,12,11,12,2,497.0,41.417,49.7,2,2,2,14.618,0,0,0,False,moving to wp 15 (d=0.62),16,2,2,4.1347,0,0.4756,69,161,C,5358
True,None,39.617,397,0.4783,10,8,10,0,292.0,29.2,29.2,1,1,1,13.77,0,1,1,False,moving to wp 13 (d=0.25),4,1,1,4.2515,0,0.4166,77,161,C,5359
True,None,38.5,385,0.4286,14,13,14,0,621.0,44.357,44.357,0,0,0,15.144,0,0,0,False,moving to wp 16 (d=0.37),0,0,0,3.7694,0,0.4676,69,161,C,5360
True,None,45.917,460,0.4286,14,10,14,0,416.0,29.714,29.714,3,3,3,20.008,0,3,3,False,moving to wp 24 (d=0.41),12,3,3,4.2315,0,0.4125,69,161,C,5361
True,None,38.417,385,0.3789,12,10,12,1,451.0,37.583,41.0,2,2,2,15.951,0,1,1,False,moving to wp 15 (d=0.29),10,2,2,3.6316,0,0.4572,61,161,C,5362
True,None,41.5,415,0.4472,14,12,14,2,561.0,40.071,46.75,3,3,3,18.655,0,1,1,False,moving to wp 13 (d=0.36),19,3,3,3.929,0,0.4989,72,161,C,5363
True,None,37.7,377,0.4845,8,7,8,0,297.0,37.125,37.125,0,0,0,9.388,0,0,0,False,moving to wp 16 (d=0.40),0,0,0,3.7814,0,0.4052,78,161,C,5364
True,None,44.7,447,0.3789,18,16,18,3,659.0,36.611,43.933,4,4,4,20.303,0,1,1,False,moving to wp 21 (d=0.52),19,4,4,5.6447,0,0.4801,61,161,C,5365
True,None,37.8,378,0.441,11,10,11,0,467.0,42.455,42.455,0,0,0,9.017,0,0,0,False,moving to wp 16 (d=0.61),0,0,0,3.649,0,0.4662,71,161,C,5366
True,None,36.2,362,0.4286,7,6,7,0,288.0,41.143,41.143,0,0,0,4.503,0,0,0,False,moving to wp 20 (d=0.24),0,0,0,3.0399,0,0.4764,69,161,C,5367
True,None,45.9,459,0.3975,18,15,18,0,696.0,38.667,38.667,2,2,2,30.971,0,2,2,False,moving to wp 13 (d=0.45),14,2,2,5.1945,0,0.421,64,161,C,5368
True,None,76.322,768,0.5093,28,14,28,15,624.0,22.286,48.0,28,28,28,60.074,0,13,13,False,moving to wp 19 (d=0.15),363,28,28,10.3367,0,0.4951,82,161,C,5369
True,None,38.6,386,0.4099,10,9,10,2,377.0,37.7,47.125,2,2,2,12.329,0,0,0,False,moving to wp 17 (d=0.58),10,2,2,3.4748,0,0.4772,66,161,C,5370
True,None,41.4,414,0.4224,10,8,10,0,458.0,45.8,45.8,1,1,1,20.282,0,1,1,False,moving to wp 24 (d=0.37),7,1,1,3.3201,0,0.4359,68,161,C,5371
True,None,46.4,464,0.3913,14,11,14,2,444.0,31.714,37.0,4,4,4,28.043,0,2,2,False,moving to wp 18 (d=0.23),20,4,4,4.1712,0,0.4305,63,161,C,5372
True,None,38.9,389,0.4658,14,13,14,0,547.0,39.071,39.071,0,0,0,12.306,0,0,0,False,moving to wp 18 (d=0.51),0,0,0,4.5216,0,0.4653,75,161,C,5373
True,None,40.8,408,0.472,12,11,12,1,508.0,42.333,46.182,1,1,1,14.534,0,0,0,False,moving to wp 18 (d=0.24),3,1,1,4.6228,0,0.4136,76,161,C,5374
True,None,63.484,637,0.4907,28,19,28,3,990.0,35.357,39.6,11,11,11,57.227,0,8,8,False,moving to wp 23 (d=0.58),135,11,11,7.7412,0,0.4179,79,161,C,5375
True,None,41.5,415,0.4783,11,9,11,4,503.0,45.727,71.857,5,5,5,18.486,0,1,1,False,moving to wp 23 (d=0.37),23,5,5,3.9745,0,0.4144,77,161,C,5376
True,None,39.7,397,0.4969,8,7,8,0,336.0,42.0,42.0,0,0,0,9.637,0,0,0,False,moving to wp 12 (d=0.17),0,0,0,3.2004,0,0.4512,80,161,C,5377
True,None,43.3,433,0.4534,17,15,17,1,684.0,40.235,42.75,2,2,2,19.486,0,1,1,False,moving to wp 20 (d=0.32),28,2,2,5.7692,0,0.4351,73,161,C,5378
True,None,36.5,365,0.4286,9,8,9,0,371.0,41.222,41.222,0,0,0,6.616,0,0,0,False,moving to wp 15 (d=0.31),0,0,0,3.3477,0,0.4554,69,161,C,5379
True,None,49.8,498,0.4534,19,16,19,6,845.0,44.474,65.0,8,8,8,36.405,0,2,2,False,moving to wp 20 (d=0.14),66,8,8,5.5809,0,0.4347,73,161,C,5380
True,None,38.0,380,0.4037,12,11,12,0,355.0,29.583,29.583,0,0,0,8.734,0,0,0,False,moving to wp 14 (d=0.52),0,0,0,3.6702,0,0.4517,65,161,C,5381
True,None,39.3,393,0.4224,20,19,20,0,780.0,39.0,39.0,0,0,0,14.382,0,0,0,False,moving to wp 18 (d=0.64),0,0,0,5.8621,0,0.4995,68,161,C,5382
True,None,41.1,411,0.4286,18,17,18,1,660.0,36.667,38.824,1,1,1,20.46,0,0,0,False,moving to wp 13 (d=0.26),15,1,1,5.5211,0,0.4257,69,161,C,5383
True,None,37.1,371,0.4161,6,5,6,0,263.0,43.833,43.833,0,0,0,4.555,0,0,0,False,moving to wp 18 (d=0.17),0,0,0,3.0873,0,0.4507,67,161,C,5384
False,Timeout,98.68,1000,0.4969,49,15,49,27,804.0,16.408,36.545,60,60,60,98.167,0,33,33,False,moving to wp 0 (d=0.48),1326,60,60,16.7854,0,20.1878,80,161,C,5385
True,None,60.81,611,0.3727,23,15,23,15,709.0,30.826,88.625,22,22,22,35.432,0,7,7,False,moving to wp 19 (d=0.50),315,22,22,7.5493,0,0.4009,60,161,C,5386
True,None,39.9,399,0.3727,10,9,10,1,405.0,40.5,45.0,1,1,1,10.502,0,0,0,False,moving to wp 15 (d=0.28),3,1,1,3.3025,0,0.4111,60,161,C,5387
True,None,45.6,456,0.472,12,9,12,2,404.0,33.667,40.4,4,4,4,24.82,0,2,2,False,moving to wp 27 (d=0.30),14,4,4,4.4838,0,0.4718,76,161,C,5388
True,None,38.4,384,0.4907,12,11,12,1,519.0,43.25,47.182,1,1,1,11.217,0,0,0,False,moving to wp 15 (d=0.32),6,1,1,4.0291,0,0.4397,79,161,C,5389
True,None,39.5,395,0.4286,10,9,10,1,430.0,43.0,47.778,1,1,1,9.261,0,0,0,False,moving to wp 15 (d=0.53),6,1,1,3.5605,0,0.4039,69,161,C,5390
True,None,42.617,427,0.3478,14,11,14,1,471.0,33.643,36.231,3,3,3,24.747,0,2,2,False,moving to wp 19 (d=0.24),19,3,3,3.6122,0,0.4234,56,161,C,5391
True,None,48.126,482,0.4907,16,11,16,4,487.0,30.438,40.583,8,8,8,25.523,0,4,4,False,moving to wp 16 (d=0.20),69,8,8,6.0703,0,0.4849,79,161,C,5392
True,None,40.517,406,0.4161,13,11,13,2,519.0,39.923,47.182,3,3,3,19.965,0,1,1,False,moving to wp 18 (d=0.50),16,3,3,4.0031,0,0.4035,67,161,C,5393
True,None,38.2,382,0.4348,12,11,12,0,520.0,43.333,43.333,0,0,0,11.134,0,0,0,False,moving to wp 13 (d=0.16),0,0,0,3.5192,0,0.4014,70,161,C,5394
True,None,71.646,721,0.5466,28,14,28,10,625.0,22.321,34.722,23,23,23,49.695,0,13,13,False,moving to wp 15 (d=0.52),371,23,23,8.8538,0,0.4297,88,161,C,5395
True,None,45.3,453,0.4845,16,13,16,3,545.0,34.062,41.923,5,5,5,25.633,0,2,2,False,moving to wp 15 (d=0.31),34,5,5,6.0915,0,0.4984,78,161,C,5396
True,None,40.2,402,0.4596,16,14,16,2,646.0,40.375,46.143,3,3,3,17.412,0,1,1,False,moving to wp 15 (d=0.23),34,3,3,5.0856,0,0.4172,74,161,C,5397
True,None,37.0,370,0.3665,12,11,12,0,445.0,37.083,37.083,0,0,0,12.845,0,0,0,False,moving to wp 19 (d=0.52),0,0,0,3.437,0,0.4953,59,161,C,5398
True,None,78.096,786,0.4099,31,15,31,16,819.0,26.419,54.6,31,31,31,54.089,0,15,15,False,moving to wp 20 (d=0.48),517,31,31,8.5492,0,0.4121,66,161,C,5399
True,None,36.1,361,0.3975,6,5,6,0,180.0,30.0,30.0,0,0,0,3.006,0,0,0,False,moving to wp 17 (d=0.18),0,0,0,2.5213,0,0.4392,64,161,C,5400
True,None,97.286,979,0.5652,38,16,38,15,736.0,19.368,32.0,36,36,36,73.582,0,21,21,False,moving to wp 16 (d=0.41),689,36,36,12.7742,0,0.4774,91,161,C,5401
True,None,38.2,382,0.4161,7,6,7,0,233.0,33.286,33.286,0,0,0,3.964,0,0,0,False,moving to wp 13 (d=0.15),0,0,0,3.136,0,0.4474,67,161,C,5402
True,None,37.5,375,0.3602,8,7,8,0,285.0,35.625,35.625,0,0,0,7.51,0,0,0,False,moving to wp 16 (d=0.50),0,0,0,2.8612,0,0.4964,58,161,C,5403
True,None,38.0,380,0.4534,14,13,14,1,588.0,42.0,45.231,1,1,1,12.062,0,0,0,False,moving to wp 13 (d=0.35),6,1,1,4.5041,0,0.4887,73,161,C,5404
True,None,45.684,457,0.3851,14,11,14,2,624.0,44.571,52.0,4,4,4,24.552,0,2,2,False,moving to wp 21 (d=0.11),37,4,4,3.4116,0,0.4199,62,161,C,5405
True,None,36.9,369,0.3727,12,11,12,3,533.0,44.417,59.222,3,3,3,14.34,0,0,0,False,moving to wp 18 (d=0.15),12,3,3,3.4761,0,0.4347,60,161,C,5406
True,None,41.8,418,0.4596,10,9,10,2,429.0,42.9,53.625,2,2,2,12.94,0,0,0,False,moving to wp 23 (d=0.19),11,2,2,4.3453,0,0.4093,74,161,C,5407
True,None,42.6,426,0.4224,10,8,10,1,374.0,37.4,41.556,2,2,2,16.545,0,1,1,False,moving to wp 23 (d=0.47),12,2,2,3.8327,0,0.4299,68,161,C,5408
True,None,38.4,384,0.4224,13,12,13,0,558.0,42.923,42.923,0,0,0,12.734,0,0,0,False,moving to wp 25 (d=0.29),0,0,0,4.1511,0,0.4661,68,161,C,5409
True,None,58.254,587,0.4783,21,13,21,8,596.0,28.381,45.846,15,15,15,38.984,0,7,7,False,moving to wp 18 (d=0.36),129,15,15,6.6736,0,0.4966,77,161,C,5410
True,None,39.9,399,0.4286,10,9,10,1,454.0,45.4,50.444,1,1,1,11.116,0,0,0,False,moving to wp 20 (d=0.43),4,1,1,3.417,0,0.4197,69,161,C,5411
True,None,48.328,484,0.4658,22,18,22,3,769.0,34.955,40.474,6,6,6,31.131,0,3,3,False,moving to wp 17 (d=0.50),50,6,6,6.5623,0,0.4013,75,161,C,5412
True,None,46.067,461,0.4658,21,18,21,2,789.0,37.571,41.526,4,4,4,33.256,0,2,2,False,moving to wp 17 (d=0.32),18,4,4,6.0946,0,0.4419,75,161,C,5413
True,None,41.542,416,0.4099,15,13,15,0,525.0,35.0,35.0,1,1,1,24.192,0,1,1,False,moving to wp 13 (d=0.56),6,1,1,4.8046,0,0.4471,66,161,C,5414
True,None,41.667,417,0.4969,11,9,11,2,407.0,37.0,45.222,3,3,3,16.21,0,1,1,False,moving to wp 24 (d=0.37),16,3,3,4.7597,0,0.4124,80,161,C,5415
True,None,36.7,367,0.4161,11,10,11,0,469.0,42.636,42.636,0,0,0,9.335,0,0,0,False,moving to wp 14 (d=0.14),0,0,0,3.6232,0,0.4024,67,161,C,5416
True,None,38.7,387,0.441,8,7,8,1,376.0,47.0,53.714,1,1,1,10.996,0,0,0,False,moving to wp 26 (d=0.26),1,1,1,3.5555,0,0.4066,71,161,C,5417
True,None,39.2,392,0.3975,14,13,14,2,578.0,41.286,48.167,2,2,2,16.113,0,0,0,False,moving to wp 17 (d=0.27),13,2,2,4.6191,0,0.44,64,161,C,5418
True,None,62.633,629,0.5901,22,13,22,6,593.0,26.955,37.062,14,14,14,48.606,0,8,8,False,moving to wp 21 (d=0.40),172,14,14,8.9165,0,0.4316,95,161,C,5419
True,None,37.9,379,0.441,6,5,6,0,261.0,43.5,43.5,0,0,0,5.63,0,0,0,False,moving to wp 27 (d=0.51),0,0,0,2.9314,0,0.409,71,161,C,5420
True,None,50.62,507,0.3665,18,13,18,5,675.0,37.5,51.923,9,9,9,29.019,0,4,4,False,moving to wp 17 (d=0.28),83,9,9,5.1258,0,0.4669,59,161,C,5421
True,None,39.7,397,0.4472,13,12,13,0,610.0,46.923,46.923,0,0,0,16.246,0,0,0,False,moving to wp 18 (d=0.17),0,0,0,3.5767,0,0.4044,72,161,C,5422
True,None,63.748,641,0.5093,26,17,26,9,850.0,32.692,50.0,17,17,17,45.388,0,8,8,False,moving to wp 24 (d=0.48),257,17,17,9.6006,0,0.4494,82,161,C,5423
True,None,59.077,594,0.3602,17,9,17,6,468.0,27.529,42.545,13,13,13,32.435,0,7,7,False,moving to wp 17 (d=0.17),102,13,13,4.3053,0,0.4965,58,161,C,5424
True,None,44.0,440,0.4907,14,12,14,1,537.0,38.357,41.308,2,2,2,21.591,0,1,1,False,moving to wp 15 (d=0.41),15,2,2,4.8166,0,0.4374,79,161,C,5425
True,None,47.432,475,0.472,20,16,20,7,724.0,36.2,55.692,10,10,10,32.396,0,3,3,False,moving to wp 18 (d=0.45),112,10,10,7.0694,0,0.4155,76,161,C,5426
True,None,38.6,386,0.3913,10,9,10,0,340.0,34.0,34.0,0,0,0,7.631,0,0,0,False,moving to wp 19 (d=0.33),0,0,0,3.5226,0,0.4364,63,161,C,5427
True,None,48.413,485,0.4224,12,8,12,4,382.0,31.833,47.75,7,7,7,22.07,0,3,3,False,moving to wp 28 (d=0.25),23,7,7,3.9335,0,0.4653,68,161,C,5428
True,None,42.934,430,0.5031,17,14,17,4,505.0,29.706,38.846,6,6,6,18.531,0,2,2,False,moving to wp 17 (d=0.47),72,6,6,6.1339,0,0.4726,81,161,C,5429
True,None,55.373,555,0.5031,23,17,23,3,734.0,31.913,36.7,8,8,8,32.65,0,5,5,False,moving to wp 14 (d=0.13),106,8,8,6.9957,0,0.4222,81,161,C,5430
True,None,43.617,437,0.3602,11,8,11,3,399.0,36.273,49.875,5,5,5,18.427,0,2,2,False,moving to wp 14 (d=0.24),35,5,5,3.5236,0,0.4715,58,161,C,5431
True,None,48.405,486,0.4037,12,7,12,3,356.0,29.667,39.556,7,7,7,16.881,0,4,4,False,moving to wp 27 (d=0.31),41,7,7,3.8909,0,0.4297,65,161,C,5432
True,None,37.6,376,0.3665,10,9,10,1,361.0,36.1,40.111,1,1,1,9.081,0,0,0,False,moving to wp 20 (d=0.39),5,1,1,3.2975,0,0.4385,59,161,C,5433
True,None,46.826,469,0.4161,16,12,16,1,585.0,36.562,39.0,4,4,4,27.392,0,3,3,False,moving to wp 18 (d=0.18),29,4,4,4.58,0,0.4737,67,161,C,5434
True,None,60.421,607,0.4037,28,20,28,13,924.0,33.0,61.6,20,20,20,41.752,0,7,7,False,moving to wp 24 (d=0.61),310,20,20,9.3286,0,0.4382,65,161,C,5435
True,None,47.764,478,0.3354,16,11,16,4,397.0,24.812,33.083,8,8,8,26.659,0,4,4,False,moving to wp 17 (d=0.35),69,8,8,4.3439,0,0.4547,54,161,C,5436
True,None,35.9,359,0.3727,6,5,6,0,267.0,44.5,44.5,0,0,0,4.61,0,0,0,False,moving to wp 23 (d=0.19),0,0,0,2.7175,0,0.4253,60,161,C,5437
True,None,40.0,400,0.4037,12,11,12,2,515.0,42.917,51.5,2,2,2,13.775,0,0,0,False,moving to wp 16 (d=0.40),18,2,2,4.345,0,0.4261,65,161,C,5438
True,None,44.8,448,0.4596,20,18,20,7,868.0,43.4,66.769,8,8,8,24.445,0,1,1,False,moving to wp 14 (d=0.13),53,8,8,6.809,0,0.4382,74,161,C,5439
True,None,52.976,531,0.4224,24,18,24,3,826.0,34.417,39.333,8,8,8,41.921,0,5,5,False,moving to wp 18 (d=0.43),109,8,8,6.2214,0,0.4504,68,161,C,5440
True,None,42.0,420,0.4161,10,8,10,2,362.0,36.2,45.25,3,3,3,15.371,0,1,1,False,moving to wp 28 (d=0.16),14,3,3,4.2066,0,0.4601,67,161,C,5441
True,None,65.692,661,0.5217,26,15,26,15,661.0,25.423,60.091,25,25,25,33.024,0,10,10,False,moving to wp 16 (d=0.59),396,25,25,10.8419,0,0.4801,84,161,C,5442
True,None,39.5,395,0.4472,8,7,8,1,347.0,43.375,49.571,1,1,1,9.489,0,0,0,False,moving to wp 13 (d=0.25),3,1,1,3.0062,0,0.4995,72,161,C,5443
True,None,38.9,389,0.4596,10,9,10,1,405.0,40.5,45.0,1,1,1,11.145,0,0,0,False,moving to wp 14 (d=0.42),5,1,1,3.5518,0,0.4004,74,161,C,5444
True,None,42.1,421,0.3727,12,10,12,2,465.0,38.75,46.5,3,3,3,22.579,0,1,1,False,moving to wp 18 (d=0.40),17,3,3,4.1178,0,0.4392,60,161,C,5445
True,None,38.6,386,0.4845,7,6,7,1,343.0,49.0,57.167,1,1,1,9.23,0,0,0,False,moving to wp 34 (d=0.55),2,1,1,3.3398,0,0.4204,78,161,C,5446
True,None,40.4,404,0.4783,15,14,15,0,572.0,38.133,38.133,0,0,0,16.746,0,0,0,False,moving to wp 16 (d=0.34),0,0,0,4.982,0,0.4767,77,161,C,5447
True,None,45.1,451,0.5093,16,14,16,1,608.0,38.0,40.533,2,2,2,24.097,0,1,1,False,moving to wp 20 (d=0.11),30,2,2,6.5725,0,0.448,82,161,C,5448
True,None,38.0,380,0.472,14,13,14,0,593.0,42.357,42.357,0,0,0,14.289,0,0,0,False,moving to wp 18 (d=0.54),0,0,0,4.6828,0,0.4371,76,161,C,5449
True,None,37.8,378,0.3851,10,9,10,0,454.0,45.4,45.4,0,0,0,11.022,0,0,0,False,moving to wp 20 (d=0.53),0,0,0,3.4589,0,0.4303,62,161,C,5450
True,None,59.482,597,0.5342,22,15,22,8,727.0,33.045,51.929,14,14,14,37.291,0,6,6,False,moving to wp 32 (d=0.44),123,14,14,8.6437,0,0.4998,86,161,C,5451
True,None,38.8,388,0.4037,10,9,10,0,385.0,38.5,38.5,0,0,0,10.165,0,0,0,False,moving to wp 24 (d=0.24),0,0,0,3.4485,0,0.4775,65,161,C,5452
True,None,36.9,369,0.3727,8,7,8,0,328.0,41.0,41.0,0,0,0,10.149,0,0,0,False,moving to wp 19 (d=0.15),0,0,0,2.7627,0,0.4185,60,161,C,5453
True,None,51.952,522,0.5031,22,16,22,4,700.0,31.818,38.889,9,9,9,35.404,0,5,5,False,moving to wp 16 (d=0.53),108,9,9,6.9605,0,0.4253,81,161,C,5454
True,None,37.3,373,0.4472,12,11,12,0,505.0,42.083,42.083,0,0,0,12.264,0,0,0,False,moving to wp 16 (d=0.53),0,0,0,3.9537,0,0.4354,72,161,C,5455
True,None,51.888,520,0.4658,17,12,17,9,576.0,33.882,72.0,13,13,13,27.421,0,4,4,False,moving to wp 22 (d=0.34),99,13,13,6.0861,0,0.4928,75,161,C,5456
True,None,37.8,378,0.4472,5,4,5,0,221.0,44.2,44.2,0,0,0,3.863,0,0,0,False,moving to wp 27 (d=0.32),0,0,0,2.766,0,0.4963,72,161,C,5457
True,None,57.51,577,0.4534,19,12,19,10,540.0,28.421,60.0,16,16,16,35.564,0,6,6,False,moving to wp 24 (d=0.33),167,16,16,7.7627,0,0.4278,73,161,C,5458
True,None,50.978,511,0.4472,15,10,15,4,524.0,34.933,47.636,8,8,8,23.047,0,4,4,False,moving to wp 16 (d=0.11),51,8,8,5.2141,0,0.49,72,161,C,5459
True,None,43.3,433,0.4099,13,11,13,3,527.0,40.538,52.7,4,4,4,18.075,0,1,1,False,moving to wp 19 (d=0.25),31,4,4,3.8187,0,0.4106,66,161,C,5460
True,None,37.7,377,0.4907,12,11,12,1,397.0,33.083,36.091,1,1,1,10.502,0,0,0,False,moving to wp 16 (d=0.58),6,1,1,4.9417,0,0.4918,79,161,C,5461
True,None,57.481,577,0.4224,18,10,18,6,541.0,30.056,45.083,13,13,13,36.198,0,7,7,False,moving to wp 24 (d=0.18),110,13,13,5.0407,0,0.4935,68,161,C,5462
True,None,48.554,488,0.4099,13,8,13,1,334.0,25.692,27.833,5,5,5,24.422,0,4,4,False,moving to wp 16 (d=0.40),45,5,5,4.1814,0,0.4227,66,161,C,5463
True,None,54.5,545,0.4534,19,15,19,4,752.0,39.579,50.133,7,7,7,45.261,0,3,3,False,moving to wp 23 (d=0.51),65,7,7,5.8096,0,0.4775,73,161,C,5464
True,None,36.6,366,0.4596,11,10,11,0,452.0,41.091,41.091,0,0,0,9.647,0,0,0,False,moving to wp 18 (d=0.17),0,0,0,4.5008,0,0.4876,74,161,C,5465
True,None,38.2,382,0.4099,13,12,13,0,507.0,39.0,39.0,0,0,0,13.286,0,0,0,False,moving to wp 15 (d=0.42),0,0,0,4.0088,0,0.4522,66,161,C,5466
True,None,37.5,375,0.5155,10,9,10,0,371.0,37.1,37.1,0,0,0,11.204,0,0,0,False,moving to wp 15 (d=0.53),0,0,0,4.3275,0,0.4331,83,161,C,5467
True,None,43.3,433,0.4845,13,11,13,1,533.0,41.0,44.417,2,2,2,17.512,0,1,1,False,moving to wp 13 (d=0.35),10,2,2,4.6593,0,0.4425,78,161,C,5468
True,None,47.895,480,0.3975,15,10,15,2,378.0,25.2,29.077,6,6,6,26.344,0,4,4,False,moving to wp 15 (d=0.28),55,6,6,4.1422,0,0.462,64,161,C,5469
True,None,39.05,391,0.3913,8,6,8,1,354.0,44.25,50.571,2,2,2,12.681,0,1,1,False,moving to wp 30 (d=0.38),9,2,2,2.7317,0,0.492,63,161,C,5470
True,None,38.8,388,0.4596,15,14,15,0,595.0,39.667,39.667,0,0,0,13.686,0,0,0,False,moving to wp 15 (d=0.32),0,0,0,4.7837,0,0.4065,74,161,C,5471
True,None,39.8,398,0.4224,11,10,11,1,418.0,38.0,41.8,1,1,1,12.071,0,0,0,False,moving to wp 20 (d=0.24),9,1,1,4.4517,0,0.4968,68,161,C,5472
True,None,38.3,383,0.4099,10,9,10,0,416.0,41.6,41.6,0,0,0,8.497,0,0,0,False,moving to wp 21 (d=0.55),0,0,0,3.5289,0,0.4824,66,161,C,5473
True,None,44.3,443,0.4596,16,14,16,2,618.0,38.625,44.143,3,3,3,24.837,0,1,1,False,moving to wp 17 (d=0.64),17,3,3,5.5308,0,0.4926,74,161,C,5474
True,None,41.65,417,0.4596,15,13,15,2,594.0,39.6,45.692,3,3,3,22.817,0,1,1,False,moving to wp 22 (d=0.31),6,3,3,5.1041,0,0.4063,74,161,C,5475
True,None,45.3,453,0.4286,15,12,15,2,538.0,35.867,41.385,4,4,4,28.993,0,2,2,False,moving to wp 23 (d=0.17),22,4,4,4.8044,0,0.448,69,161,C,5476
True,None,46.383,464,0.4161,20,17,20,1,766.0,38.3,40.316,3,3,3,27.609,0,2,2,False,moving to wp 22 (d=0.60),23,3,3,6.2311,0,0.467,67,161,C,5477
True,None,38.7,387,0.3975,7,6,7,0,292.0,41.714,41.714,0,0,0,6.74,0,0,0,False,moving to wp 15 (d=0.32),0,0,0,2.792,0,0.4707,64,161,C,5478
True,None,43.813,439,0.3478,11,8,11,4,386.0,35.091,55.143,6,6,6,25.975,0,2,2,False,moving to wp 23 (d=0.32),31,6,6,3.4272,0,0.4298,56,161,C,5479
True,None,39.3,393,0.4596,15,14,15,1,532.0,35.467,38.0,1,1,1,13.919,0,0,0,False,moving to wp 16 (d=0.54),9,1,1,5.7618,0,0.4574,74,161,C,5480
True,None,38.1,381,0.4845,9,8,9,0,372.0,41.333,41.333,0,0,0,9.274,0,0,0,False,moving to wp 14 (d=0.40),0,0,0,3.5831,0,0.4468,78,161,C,5481
True,None,56.862,571,0.4534,22,15,22,8,734.0,33.364,52.429,14,14,14,39.363,0,6,6,False,moving to wp 23 (d=0.50),98,14,14,6.6845,0,0.4006,73,161,C,5482
True,None,38.1,381,0.4161,13,12,13,0,632.0,48.615,48.615,0,0,0,11.118,0,0,0,False,moving to wp 29 (d=0.50),0,0,0,3.7005,0,0.4415,67,161,C,5483
True,None,40.7,407,0.4969,13,11,13,1,451.0,34.692,37.583,2,2,2,14.117,0,1,1,False,moving to wp 15 (d=0.13),7,2,2,4.5922,0,0.4537,80,161,C,5484
True,None,44.7,447,0.4907,14,12,14,2,556.0,39.714,46.333,3,3,3,22.784,0,1,1,False,moving to wp 21 (d=0.59),19,3,3,4.9726,0,0.4822,79,161,C,5485
True,None,45.7,457,0.4472,14,11,14,2,554.0,39.571,46.167,4,4,4,30.718,0,2,2,False,moving to wp 17 (d=0.47),36,4,4,4.6237,0,0.4779,72,161,C,5486
True,None,79.738,802,0.5093,32,15,32,16,715.0,22.344,44.688,32,32,32,49.857,0,16,16,False,moving to wp 16 (d=0.18),399,32,32,9.844,0,0.4483,82,161,C,5487
True,None,46.983,470,0.3851,13,10,13,4,474.0,36.462,52.667,6,6,6,26.263,0,2,2,False,moving to wp 18 (d=0.46),44,6,6,4.1672,0,0.4112,62,161,C,5488
True,None,43.7,437,0.4658,12,10,12,1,481.0,40.083,43.727,2,2,2,16.707,0,1,1,False,moving to wp 17 (d=0.43),12,2,2,4.1132,0,0.491,75,161,C,5489
True,None,37.5,375,0.4348,12,11,12,0,533.0,44.417,44.417,0,0,0,11.945,0,0,0,False,moving to wp 14 (d=0.14),0,0,0,3.6044,0,0.4676,70,161,C,5490
True,None,38.6,386,0.3851,11,10,11,0,373.0,33.909,33.909,0,0,0,14.327,0,0,0,False,moving to wp 15 (d=0.23),0,0,0,3.731,0,0.4725,62,161,C,5491
True,None,43.3,433,0.3727,15,13,15,1,654.0,43.6,46.714,2,2,2,18.53,0,1,1,False,moving to wp 22 (d=0.30),12,2,2,4.4896,0,0.4618,60,161,C,5492
True,None,46.711,468,0.4534,16,13,16,3,552.0,34.5,42.462,5,5,5,30.985,0,2,2,False,moving to wp 17 (d=0.15),33,5,5,5.6581,0,0.4199,73,161,C,5493
True,None,40.9,409,0.4224,16,14,16,1,580.0,36.25,38.667,2,2,2,20.857,0,1,1,False,moving to wp 15 (d=0.27),24,2,2,4.8986,0,0.4552,68,161,C,5494
True,None,42.852,429,0.4783,11,8,11,0,370.0,33.636,33.636,2,2,2,16.446,0,2,2,False,moving to wp 23 (d=0.18),13,2,2,4.2303,0,0.4439,77,161,C,5495
True,None,54.002,543,0.4099,17,10,17,3,488.0,28.706,34.857,9,9,9,29.111,0,6,6,False,moving to wp 22 (d=0.29),104,9,9,5.4916,0,0.4963,66,161,C,5496
True,None,39.1,391,0.4658,11,10,11,1,436.0,39.636,43.6,1,1,1,12.766,0,0,0,False,moving to wp 23 (d=0.26),3,1,1,4.6475,0,0.425,75,161,C,5497
True,None,45.068,451,0.4534,12,9,12,3,388.0,32.333,43.111,5,5,5,19.224,0,2,2,False,moving to wp 13 (d=0.14),41,5,5,4.3282,0,0.478,73,161,C,5498
True,None,41.4,414,0.4099,13,11,13,2,470.0,36.154,42.727,3,3,3,19.258,0,1,1,False,moving to wp 17 (d=0.29),16,3,3,4.54,0,0.4525,66,161,C,5499
True,None,44.346,444,0.44,10,8,10,2,365.0,36.5,45.625,3,3,3,16.731,0,1,1,False,moving to wp 24 (d=0.51),8,3,3,2.5173,0,0.4375,44,100,D,5000
True,None,37.6,376,0.54,9,8,9,0,348.0,38.667,38.667,0,0,0,9.329,0,0,0,False,moving to wp 16 (d=0.20),0,0,0,2.8988,0,0.4762,54,100,D,5001
True,None,85.066,857,0.58,31,13,31,7,577.0,18.613,24.042,24,24,24,64.682,0,17,17,False,moving to wp 30 (d=0.53),332,24,24,7.444,0,0.4692,58,100,D,5002
True,None,42.0,420,0.49,16,14,16,1,597.0,37.312,39.8,2,2,2,19.33,0,1,1,False,moving to wp 16 (d=0.29),9,2,2,3.5877,0,0.4577,49,100,D,5003
True,None,43.4,434,0.44,11,9,11,1,469.0,42.636,46.9,2,2,2,18.629,0,1,1,False,moving to wp 25 (d=0.11),14,2,2,2.7066,0,0.4437,44,100,D,5004
True,None,41.5,415,0.52,12,11,12,2,510.0,42.5,51.0,2,2,2,17.465,0,0,0,False,moving to wp 13 (d=0.19),13,2,2,3.5072,0,0.4052,52,100,D,5005
True,None,37.0,370,0.45,8,7,8,0,272.0,34.0,34.0,0,0,0,8.53,0,0,0,False,moving to wp 13 (d=0.12),0,0,0,2.0448,0,0.4091,45,100,D,5006
True,None,43.549,436,0.44,15,13,15,4,573.0,38.2,52.091,5,5,5,23.137,0,1,1,False,moving to wp 13 (d=0.35),32,5,5,3.6453,0,0.4166,44,100,D,5007
True,None,40.2,402,0.45,12,11,12,1,480.0,40.0,43.636,1,1,1,14.973,0,0,0,False,moving to wp 14 (d=0.64),8,1,1,3.0379,0,0.4741,45,100,D,5008
True,None,39.5,395,0.48,6,5,6,1,294.0,49.0,58.8,1,1,1,10.681,0,0,0,False,moving to wp 27 (d=0.32),1,1,1,2.1009,0,0.4569,48,100,D,5009
True,None,37.9,379,0.35,4,3,4,0,170.0,42.5,42.5,0,0,0,2.906,0,0,0,False,moving to wp 20 (d=0.64),0,0,0,1.4379,0,0.4645,35,100,D,5010
True,None,38.4,384,0.43,7,6,7,0,290.0,41.429,41.429,0,0,0,7.495,0,0,0,False,moving to wp 17 (d=0.29),0,0,0,1.9037,0,0.4274,43,100,D,5011
True,None,38.7,387,0.48,13,12,13,1,616.0,47.385,51.333,1,1,1,13.913,0,0,0,False,moving to wp 27 (d=0.44),1,1,1,2.7871,0,0.4525,48,100,D,5012
True,None,59.887,600,0.48,22,14,22,5,605.0,27.5,35.588,12,12,12,46.741,0,7,7,False,moving to wp 22 (d=0.63),97,12,12,4.7408,0,0.474,48,100,D,5013
True,None,38.6,386,0.43,9,8,9,1,388.0,43.111,48.5,1,1,1,14.05,0,0,0,False,moving to wp 27 (d=0.63),2,1,1,2.2573,0,0.4863,43,100,D,5014
True,None,61.926,621,0.43,23,15,23,5,745.0,32.391,41.389,12,12,12,43.489,0,7,7,False,moving to wp 17 (d=0.19),174,12,12,5.1613,0,0.4243,43,100,D,5015
True,None,38.5,385,0.47,12,11,12,2,523.0,43.583,52.3,2,2,2,13.725,0,0,0,False,moving to wp 19 (d=0.36),12,2,2,3.0419,0,0.4088,47,100,D,5016
True,None,47.134,472,0.45,10,6,10,3,338.0,33.8,48.286,6,6,6,15.485,0,3,3,False,moving to wp 22 (d=0.56),35,6,6,2.5764,0,0.4838,45,100,D,5017
True,None,38.7,387,0.36,7,6,7,0,292.0,41.714,41.714,0,0,0,7.45,0,0,0,False,moving to wp 16 (d=0.21),0,0,0,1.9575,0,0.4862,36,100,D,5018
True,None,39.0,390,0.5,9,8,9,1,416.0,46.222,52.0,1,1,1,10.268,0,0,0,False,moving to wp 21 (d=0.55),1,1,1,2.3589,0,0.4464,50,100,D,5019
True,None,39.1,391,0.39,11,10,11,0,403.0,36.636,36.636,0,0,0,9.533,0,0,0,False,moving to wp 16 (d=0.56),0,0,0,2.22,0,0.4356,39,100,D,5020
True,None,54.868,551,0.55,21,14,21,9,702.0,33.429,58.5,15,15,15,41.001,0,6,6,False,moving to wp 23 (d=0.55),173,15,15,5.5393,0,0.4703,55,100,D,5021
True,None,39.0,390,0.5,13,12,13,1,556.0,42.769,46.333,1,1,1,13.802,0,0,0,False,moving to wp 20 (d=0.51),2,1,1,2.8348,0,0.4058,50,100,D,5022
True,None,39.0,390,0.44,9,8,9,1,341.0,37.889,42.625,1,1,1,8.653,0,0,0,False,moving to wp 18 (d=0.14),1,1,1,2.298,0,0.4668,44,100,D,5023
True,None,40.7,407,0.43,8,6,8,0,328.0,41.0,41.0,1,1,1,14.567,0,1,1,False,moving to wp 34 (d=0.14),3,1,1,2.2692,0,0.4986,43,100,D,5024
True,None,39.9,399,0.44,5,3,5,1,157.0,31.4,39.25,2,2,2,12.027,0,1,1,False,moving to wp 18 (d=0.34),6,2,2,1.8907,0,0.4135,44,100,D,5025
True,None,52.176,524,0.49,14,9,14,7,478.0,34.143,68.286,11,11,11,29.882,0,4,4,False,moving to wp 32 (d=0.60),77,11,11,3.5967,0,0.4403,49,100,D,5026
True,None,45.91,460,0.4,10,7,10,2,315.0,31.5,39.375,4,4,4,16.59,0,2,2,False,moving to wp 25 (d=0.41),14,4,4,2.3459,0,0.4746,40,100,D,5027
True,None,36.9,369,0.39,8,7,8,0,306.0,38.25,38.25,0,0,0,10.489,0,0,0,False,moving to wp 18 (d=0.33),0,0,0,1.766,0,0.4327,39,100,D,5028
True,None,46.1,461,0.53,16,13,16,1,530.0,33.125,35.333,3,3,3,28.386,0,2,2,False,moving to wp 14 (d=0.54),27,3,3,3.3414,0,0.4191,53,100,D,5029
True,None,43.8,438,0.52,14,12,14,0,600.0,42.857,42.857,1,1,1,19.98,0,1,1,False,moving to wp 28 (d=0.51),4,1,1,3.5925,0,0.4054,52,100,D,5030
True,None,40.467,405,0.39,11,9,11,1,427.0,38.818,42.7,2,2,2,18.616,0,1,1,False,moving to wp 20 (d=0.53),14,2,2,2.7562,0,0.4344,39,100,D,5031
True,None,37.8,378,0.44,7,6,7,2,317.0,45.286,63.4,2,2,2,9.356,0,0,0,False,moving to wp 14 (d=0.34),8,2,2,1.976,0,0.4148,44,100,D,5032
True,None,37.6,376,0.48,12,11,12,1,469.0,39.083,42.636,1,1,1,8.578,0,0,0,False,moving to wp 19 (d=0.12),4,1,1,2.7127,0,0.4244,48,100,D,5033
True,None,44.7,447,0.41,11,9,11,0,410.0,37.273,37.273,1,1,1,18.066,0,1,1,False,moving to wp 22 (d=0.50),5,1,1,2.6722,0,0.4077,41,100,D,5034
True,None,37.2,372,0.4,7,6,7,0,274.0,39.143,39.143,0,0,0,6.674,0,0,0,False,moving to wp 13 (d=0.44),0,0,0,1.7193,0,0.48,40,100,D,5035
True,None,59.645,599,0.55,21,13,21,12,595.0,28.333,66.111,19,19,19,36.817,0,7,7,False,moving to wp 21 (d=0.51),203,19,19,5.8961,0,0.4622,55,100,D,5036
True,None,74.935,753,0.59,31,16,31,10,770.0,24.839,36.667,24,24,24,58.507,0,14,14,False,moving to wp 17 (d=0.38),374,24,24,7.7191,0,0.4491,59,100,D,5037
True,None,65.615,659,0.49,24,14,24,10,693.0,28.875,49.5,19,19,19,54.822,0,9,9,False,moving to wp 36 (d=0.17),215,19,19,6.0794,0,0.496,49,100,D,5038
True,None,37.9,379,0.49,12,11,12,0,512.0,42.667,42.667,0,0,0,10.005,0,0,0,False,moving to wp 15 (d=0.43),0,0,0,2.715,0,0.4897,49,100,D,5039
True,None,37.6,376,0.45,13,12,13,0,432.0,33.231,33.231,0,0,0,7.453,0,0,0,False,moving to wp 14 (d=0.23),0,0,0,2.6524,0,0.4804,45,100,D,5040
True,None,48.817,489,0.39,13,10,13,3,489.0,37.615,48.9,5,5,5,25.033,0,2,2,False,moving to wp 25 (d=0.14),34,5,5,2.6219,0,0.4982,39,100,D,5041
True,None,39.0,390,0.4,10,9,10,0,425.0,42.5,42.5,0,0,0,11.232,0,0,0,False,moving to wp 21 (d=0.12),0,0,0,2.1548,0,0.423,40,100,D,5042
True,None,63.085,634,0.48,21,11,21,5,539.0,25.667,33.688,14,14,14,43.844,0,9,9,False,moving to wp 37 (d=0.51),114,14,14,4.4279,0,0.4082,48,100,D,5043
True,None,39.4,394,0.45,11,10,11,3,460.0,41.818,57.5,3,3,3,11.075,0,0,0,False,moving to wp 22 (d=0.60),22,3,3,2.7429,0,0.4689,45,100,D,5044
True,None,45.551,457,0.46,10,7,10,5,400.0,40.0,80.0,7,7,7,19.116,0,2,2,False,moving to wp 32 (d=0.60),51,7,7,2.8923,0,0.4855,46,100,D,5045
True,None,42.1,421,0.42,10,8,10,2,358.0,35.8,44.75,3,3,3,17.862,0,1,1,False,moving to wp 16 (d=0.30),13,3,3,2.5221,0,0.4683,42,100,D,5046
True,None,41.1,411,0.44,8,6,8,2,329.0,41.125,54.833,3,3,3,12.93,0,1,1,False,moving to wp 19 (d=0.45),17,3,3,2.0233,0,0.4191,44,100,D,5047
True,None,81.826,824,0.59,32,14,32,19,672.0,21.0,51.692,36,36,36,48.971,0,17,17,False,moving to wp 16 (d=0.53),781,36,36,9.8933,0,0.4348,59,100,D,5048
True,None,39.2,392,0.44,11,10,11,0,431.0,39.182,39.182,0,0,0,10.307,0,0,0,False,moving to wp 13 (d=0.36),0,0,0,2.2718,0,0.4492,44,100,D,5049
True,None,38.1,381,0.46,7,6,7,0,262.0,37.429,37.429,0,0,0,10.975,0,0,0,False,moving to wp 15 (d=0.39),0,0,0,2.2541,0,0.4158,46,100,D,5050
True,None,46.412,465,0.5,10,7,10,5,353.0,35.3,70.6,7,7,7,16.702,0,2,2,False,moving to wp 28 (d=0.60),29,7,7,3.087,0,0.4321,50,100,D,5051
True,None,39.8,398,0.38,12,11,12,1,525.0,43.75,47.727,1,1,1,12.416,0,0,0,False,moving to wp 21 (d=0.31),4,1,1,2.5223,0,0.4828,38,100,D,5052
True,None,40.7,407,0.45,9,7,9,1,286.0,31.778,35.75,2,2,2,16.274,0,1,1,False,moving to wp 21 (d=0.22),14,2,2,2.3504,0,0.4322,45,100,D,5053
True,None,39.8,398,0.45,10,9,10,1,487.0,48.7,54.111,1,1,1,10.306,0,0,0,False,moving to wp 21 (d=0.51),4,1,1,2.2105,0,0.4066,45,100,D,5054
True,None,38.0,380,0.4,11,10,11,0,485.0,44.091,44.091,0,0,0,12.68,0,0,0,False,moving to wp 26 (d=0.40),0,0,0,2.6659,0,0.4139,40,100,D,5055
True,None,38.9,389,0.39,8,7,8,0,381.0,47.625,47.625,0,0,0,8.694,0,0,0,False,moving to wp 21 (d=0.40),0,0,0,1.9204,0,0.4081,39,100,D,5056
True,None,46.636,467,0.49,15,12,15,2,613.0,40.867,47.154,4,4,4,20.854,0,2,2,False,moving to wp 21 (d=0.11),42,4,4,3.7737,0,0.4655,49,100,D,5057
True,None,41.983,420,0.43,11,9,11,0,404.0,36.727,36.727,1,1,1,14.855,0,1,1,False,moving to wp 17 (d=0.59),6,1,1,2.7177,0,0.4223,43,100,D,5058
True,None,40.133,402,0.46,13,11,13,1,468.0,36.0,39.0,2,2,2,18.371,0,1,1,False,moving to wp 17 (d=0.19),13,2,2,2.9419,0,0.4039,46,100,D,5059
True,None,49.362,495,0.52,18,14,18,5,575.0,31.944,44.231,8,8,8,22.801,0,3,3,False,moving to wp 20 (d=0.17),60,8,8,4.7006,0,0.4537,52,100,D,5060
True,None,37.0,370,0.41,5,4,5,0,185.0,37.0,37.0,0,0,0,3.818,0,0,0,False,moving to wp 18 (d=0.13),0,0,0,1.6497,0,0.4161,41,100,D,5061
True,None,36.0,360,0.41,7,6,7,0,179.0,25.571,25.571,0,0,0,3.802,0,0,0,False,moving to wp 13 (d=0.55),0,0,0,1.8828,0,0.4048,41,100,D,5062
True,None,37.6,376,0.39,6,5,6,0,273.0,45.5,45.5,0,0,0,8.54,0,0,0,False,moving to wp 25 (d=0.23),0,0,0,1.6151,0,0.4677,39,100,D,5063
True,None,41.9,419,0.4,6,4,6,0,174.0,29.0,29.0,1,1,1,14.339,0,1,1,False,moving to wp 21 (d=0.22),2,1,1,1.8559,0,0.4965,40,100,D,5064
True,None,40.9,409,0.45,12,10,12,1,402.0,33.5,36.545,2,2,2,19.987,0,1,1,False,moving to wp 17 (d=0.31),8,2,2,2.7844,0,0.4843,45,100,D,5065
True,None,37.1,371,0.42,8,7,8,0,289.0,36.125,36.125,0,0,0,7.493,0,0,0,False,moving to wp 16 (d=0.39),0,0,0,1.9017,0,0.4074,42,100,D,5066
True,None,37.1,371,0.47,8,7,8,0,305.0,38.125,38.125,0,0,0,9.658,0,0,0,False,moving to wp 18 (d=0.26),0,0,0,2.2291,0,0.4347,47,100,D,5067
True,None,44.5,445,0.46,13,11,13,3,537.0,41.308,53.7,4,4,4,22.105,0,1,1,False,moving to wp 23 (d=0.42),20,4,4,3.2802,0,0.4059,46,100,D,5068
True,None,43.233,433,0.43,15,13,15,2,539.0,35.933,41.462,3,3,3,21.459,0,1,1,False,moving to wp 17 (d=0.57),33,3,3,3.2787,0,0.4728,43,100,D,5069
True,None,40.2,402,0.54,11,10,11,1,417.0,37.909,41.7,1,1,1,14.493,0,0,0,False,moving to wp 16 (d=0.34),4,1,1,3.1886,0,0.4154,54,100,D,5070
True,None,37.4,374,0.43,5,4,5,0,261.0,52.2,52.2,0,0,0,4.731,0,0,0,False,moving to wp 36 (d=0.18),0,0,0,1.5202,0,0.4308,43,100,D,5071
True,None,36.6,366,0.41,7,6,7,0,288.0,41.143,41.143,0,0,0,9.507,0,0,0,False,moving to wp 17 (d=0.59),0,0,0,2.0863,0,0.4389,41,100,D,5072
True,None,39.7,397,0.43,8,7,8,0,378.0,47.25,47.25,0,0,0,6.491,0,0,0,False,moving to wp 30 (d=0.53),0,0,0,2.0617,0,0.4302,43,100,D,5073
True,None,37.0,370,0.46,10,9,10,0,441.0,44.1,44.1,0,0,0,9.824,0,0,0,False,moving to wp 20 (d=0.30),0,0,0,2.2956,0,0.4177,46,100,D,5074
True,None,39.7,397,0.48,13,12,13,2,623.0,47.923,56.636,2,2,2,15.648,0,0,0,False,moving to wp 32 (d=0.44),16,2,2,3.2296,0,0.4733,48,100,D,5075
True,None,68.697,692,0.56,27,15,27,3,740.0,27.407,30.833,14,14,14,46.657,0,11,11,False,moving to wp 24 (d=0.36),155,14,14,5.5875,0,0.443,56,100,D,5076
True,None,38.6,386,0.48,9,8,9,1,304.0,33.778,38.0,1,1,1,13.155,0,0,0,False,moving to wp 14 (d=0.47),7,1,1,2.5845,0,0.404,48,100,D,5077
True,None,38.6,386,0.4,10,9,10,0,358.0,35.8,35.8,0,0,0,10.205,0,0,0,False,moving to wp 17 (d=0.22),0,0,0,2.3072,0,0.4517,40,100,D,5078
True,None,38.2,382,0.45,11,10,11,0,429.0,39.0,39.0,0,0,0,14.191,0,0,0,False,moving to wp 20 (d=0.62),0,0,0,2.7946,0,0.4821,45,100,D,5079
True,None,39.0,390,0.49,13,12,13,1,595.0,45.769,49.583,1,1,1,9.208,0,0,0,False,moving to wp 14 (d=0.43),8,1,1,3.4563,0,0.429,49,100,D,5080
True,None,36.8,368,0.38,6,5,6,0,296.0,49.333,49.333,0,0,0,5.622,0,0,0,False,moving to wp 27 (d=0.13),0,0,0,1.5107,0,0.4461,38,100,D,5081
True,None,37.3,373,0.44,7,6,7,0,258.0,36.857,36.857,0,0,0,5.851,0,0,0,False,moving to wp 14 (d=0.54),0,0,0,1.8445,0,0.4741,44,100,D,5082
True,None,36.1,361,0.37,2,1,2,0,81.0,40.5,40.5,0,0,0,1.954,0,0,0,False,moving to wp 16 (d=0.49),0,0,0,1.1312,0,0.4357,37,100,D,5083
True,None,37.1,371,0.5,6,5,6,1,251.0,41.833,50.2,1,1,1,7.396,0,0,0,False,moving to wp 21 (d=0.46),1,1,1,2.1494,0,0.4849,50,100,D,5084
True,None,52.782,530,0.51,17,12,17,2,551.0,32.412,36.733,6,6,6,26.117,0,4,4,False,moving to wp 18 (d=0.33),29,6,6,3.9927,0,0.4886,51,100,D,5085
True,None,48.915,491,0.49,18,14,18,6,631.0,35.056,52.583,9,9,9,23.531,0,3,3,False,moving to wp 22 (d=0.49),51,9,9,4.1033,0,0.4789,49,100,D,5086
True,None,44.883,449,0.45,11,8,11,2,349.0,31.727,38.778,4,4,4,21.974,0,2,2,False,moving to wp 16 (d=0.30),24,4,4,2.6557,0,0.4918,45,100,D,5087
True,None,39.0,390,0.37,9,8,9,0,396.0,44.0,44.0,0,0,0,10.226,0,0,0,False,moving to wp 16 (d=0.37),0,0,0,1.747,0,0.4889,37,100,D,5088
True,None,38.1,381,0.4,9,8,9,0,377.0,41.889,41.889,0,0,0,8.484,0,0,0,False,moving to wp 21 (d=0.58),0,0,0,2.1045,0,0.4913,40,100,D,5089
True,None,38.3,383,0.42,3,2,3,0,128.0,42.667,42.667,0,0,0,3.849,0,0,0,False,moving to wp 22 (d=0.58),0,0,0,1.4164,0,0.4827,42,100,D,5090
True,None,41.1,411,0.47,12,11,12,3,546.0,45.5,60.667,3,3,3,12.268,0,0,0,False,moving to wp 26 (d=0.43),9,3,3,2.9804,0,0.455,47,100,D,5091
True,None,37.8,378,0.39,5,4,5,0,219.0,43.8,43.8,0,0,0,4.644,0,0,0,False,moving to wp 19 (d=0.26),0,0,0,1.5323,0,0.4748,39,100,D,5092
True,None,38.5,385,0.43,6,5,6,0,242.0,40.333,40.333,0,0,0,5.776,0,0,0,False,moving to wp 16 (d=0.31),0,0,0,1.8562,0,0.4442,43,100,D,5093
True,None,48.485,486,0.48,10,5,10,1,254.0,25.4,28.222,5,5,5,23.521,0,4,4,False,moving to wp 33 (d=0.25),21,5,5,2.7146,0,0.4099,48,100,D,5094
True,None,37.2,372,0.35,8,7,8,0,311.0,38.875,38.875,0,0,0,7.351,0,0,0,False,moving to wp 16 (d=0.20),0,0,0,1.615,0,0.4759,35,100,D,5095
True,None,43.583,436,0.52,14,11,14,3,507.0,36.214,46.091,5,5,5,18.054,0,2,2,False,moving to wp 19 (d=0.36),34,5,5,3.2865,0,0.4894,52,100,D,5096
True,None,36.2,362,0.42,5,4,5,0,206.0,41.2,41.2,0,0,0,4.766,0,0,0,False,moving to wp 24 (d=0.35),0,0,0,1.7151,0,0.4091,42,100,D,5097
True,None,37.8,378,0.45,8,7,8,1,377.0,47.125,53.857,1,1,1,7.674,0,0,0,False,moving to wp 15 (d=0.61),6,1,1,1.8612,0,0.4729,45,100,D,5098
True,None,42.4,424,0.53,15,13,15,2,662.0,44.133,50.923,3,3,3,17.751,0,1,1,False,moving to wp 32 (d=0.34),19,3,3,3.87,0,0.437,53,100,D,5099
True,None,61.133,614,0.5,24,15,24,13,756.0,31.5,68.727,21,21,21,38.379,0,8,8,False,moving to wp 39 (d=0.47),149,21,21,5.7727,0,0.4598,50,100,D,5100
True,None,37.3,373,0.46,11,10,11,0,400.0,36.364,36.364,0,0,0,10.268,0,0,0,False,moving to wp 16 (d=0.26),0,0,0,2.4716,0,0.4666,46,100,D,5101
True,None,37.7,377,0.37,10,9,10,0,309.0,30.9,30.9,0,0,0,9.292,0,0,0,False,moving to wp 15 (d=0.17),0,0,0,2.24,0,0.4747,37,100,D,5102
True,None,38.4,384,0.35,10,9,10,1,487.0,48.7,54.111,1,1,1,9.586,0,0,0,False,moving to wp 20 (d=0.32),5,1,1,2.0897,0,0.45,35,100,D,5103
True,None,36.4,364,0.41,25,24,25,1,738.0,29.52,30.75,1,1,1,4.849,0,0,0,False,moving to wp 19 (d=0.57),20,1,1,4.6971,0,0.4476,41,100,D,5104
True,None,37.4,374,0.5,6,5,6,0,240.0,40.0,40.0,0,0,0,5.752,0,0,0,False,moving to wp 15 (d=0.11),0,0,0,1.8477,0,0.4163,50,100,D,5105
True,None,42.786,429,0.47,12,9,12,1,364.0,30.333,33.091,3,3,3,16.667,0,2,2,False,moving to wp 20 (d=0.43),14,3,3,2.8836,0,0.4626,47,100,D,5106
True,None,48.206,483,0.56,13,9,13,5,382.0,29.385,47.75,8,8,8,19.285,0,3,3,False,moving to wp 31 (d=0.17),28,8,8,3.6697,0,0.4024,56,100,D,5107
True,None,37.7,377,0.29,5,4,5,0,241.0,48.2,48.2,0,0,0,3.792,0,0,0,False,moving to wp 31 (d=0.35),0,0,0,1.1584,0,0.4322,29,100,D,5108
True,None,38.2,382,0.41,9,8,9,1,355.0,39.444,44.375,1,1,1,11.736,0,0,0,False,moving to wp 21 (d=0.59),1,1,1,2.2344,0,0.4725,41,100,D,5109
True,None,44.683,447,0.38,15,12,15,3,626.0,41.733,52.167,5,5,5,22.924,0,2,2,False,moving to wp 25 (d=0.14),57,5,5,2.9313,0,0.4607,38,100,D,5110
True,None,55.192,554,0.49,14,7,14,2,361.0,25.786,30.083,8,8,8,25.61,0,6,6,False,moving to wp 15 (d=0.52),54,8,8,3.2027,0,0.4193,49,100,D,5111
True,None,38.0,380,0.42,8,7,8,0,361.0,45.125,45.125,0,0,0,10.945,0,0,0,False,moving to wp 24 (d=0.53),0,0,0,1.9563,0,0.4427,42,100,D,5112
True,None,38.9,389,0.46,7,6,7,0,268.0,38.286,38.286,0,0,0,7.445,0,0,0,False,moving to wp 13 (d=0.26),0,0,0,1.8907,0,0.4928,46,100,D,5113
True,None,38.1,381,0.4,7,6,7,0,324.0,46.286,46.286,0,0,0,7.591,0,0,0,False,moving to wp 29 (d=0.48),0,0,0,1.7013,0,0.4666,40,100,D,5114
True,None,37.3,373,0.49,11,10,11,1,430.0,39.091,43.0,1,1,1,14.674,0,0,0,False,moving to wp 19 (d=0.50),3,1,1,3.131,0,0.4092,49,100,D,5115
True,None,45.817,459,0.47,16,13,16,2,631.0,39.438,45.071,4,4,4,21.336,0,2,2,False,moving to wp 23 (d=0.35),39,4,4,4.4988,0,0.4808,47,100,D,5116
True,None,37.3,373,0.44,8,7,8,0,359.0,44.875,44.875,0,0,0,13.106,0,0,0,False,moving to wp 14 (d=0.12),0,0,0,2.1144,0,0.4824,44,100,D,5117
True,None,40.883,409,0.42,12,10,12,1,477.0,39.75,43.364,2,2,2,16.483,0,1,1,False,moving to wp 22 (d=0.59),18,2,2,2.56,0,0.4049,42,100,D,5118
True,None,38.3,383,0.39,8,7,8,0,302.0,37.75,37.75,0,0,0,6.729,0,0,0,False,moving to wp 15 (d=0.32),0,0,0,1.93,0,0.4055,39,100,D,5119
True,None,49.573,497,0.53,14,9,14,5,392.0,28.0,43.556,9,9,9,19.576,0,4,4,False,moving to wp 21 (d=0.42),48,9,9,3.9991,0,0.4049,53,100,D,5120
True,None,40.8,408,0.41,9,7,9,1,301.0,33.444,37.625,2,2,2,15.733,0,1,1,False,moving to wp 25 (d=0.18),4,2,2,2.2514,0,0.4519,41,100,D,5121
True,None,39.5,395,0.4,7,6,7,1,279.0,39.857,46.5,1,1,1,9.616,0,0,0,False,moving to wp 19 (d=0.51),3,1,1,1.8934,0,0.448,40,100,D,5122
True,None,37.0,370,0.63,10,9,10,1,436.0,43.6,48.444,1,1,1,10.675,0,0,0,False,moving to wp 19 (d=0.35),2,1,1,3.2755,0,0.4147,63,100,D,5123
True,None,50.039,502,0.48,14,8,14,7,393.0,28.071,56.143,12,12,12,21.931,0,5,5,False,moving to wp 12 (d=0.17),84,12,12,3.3346,0,0.4587,48,100,D,5124
True,None,37.5,375,0.52,8,7,8,0,363.0,45.375,45.375,0,0,0,11.783,0,0,0,False,moving to wp 13 (d=0.25),0,0,0,2.1796,0,0.4195,52,100,D,5125
True,None,38.1,381,0.3,6,5,6,0,237.0,39.5,39.5,0,0,0,6.467,0,0,0,False,moving to wp 23 (d=0.63),0,0,0,1.4079,0,0.4889,30,100,D,5126
True,None,37.7,377,0.46,10,9,10,0,431.0,43.1,43.1,0,0,0,10.203,0,0,0,False,moving to wp 17 (d=0.55),0,0,0,2.452,0,0.4531,46,100,D,5127
True,None,41.0,410,0.41,10,8,10,1,419.0,41.9,46.556,2,2,2,16.621,0,1,1,False,moving to wp 34 (d=0.46),4,2,2,2.4736,0,0.4207,41,100,D,5128
True,None,38.4,384,0.54,11,10,11,1,438.0,39.818,43.8,1,1,1,13.073,0,0,0,False,moving to wp 21 (d=0.19),5,1,1,3.3243,0,0.4323,54,100,D,5129
True,None,37.1,371,0.5,8,7,8,0,292.0,36.5,36.5,0,0,0,5.482,0,0,0,False,moving to wp 19 (d=0.44),0,0,0,2.2917,0,0.4374,50,100,D,5130
True,None,48.594,487,0.49,18,13,18,2,622.0,34.556,38.875,6,6,6,25.972,0,4,4,False,moving to wp 21 (d=0.53),65,6,6,3.8646,0,0.4875,49,100,D,5131
True,None,47.94,481,0.49,14,10,14,1,379.0,27.071,29.154,4,4,4,19.293,0,3,3,False,moving to wp 22 (d=0.45),31,4,4,3.6125,0,0.4431,49,100,D,5132
True,None,36.5,365,0.4,6,5,6,0,222.0,37.0,37.0,0,0,0,6.328,0,0,0,False,moving to wp 15 (d=0.26),0,0,0,1.7637,0,0.4579,40,100,D,5133
True,None,36.0,360,0.4,6,5,6,1,253.0,42.167,50.6,1,1,1,4.652,0,0,0,False,moving to wp 17 (d=0.29),3,1,1,1.6822,0,0.4561,40,100,D,5134
True,None,39.5,395,0.4,9,8,9,1,428.0,47.556,53.5,1,1,1,8.624,0,0,0,False,moving to wp 15 (d=0.33),2,1,1,1.9538,0,0.4849,40,100,D,5135
True,None,36.2,362,0.46,4,3,4,0,177.0,44.25,44.25,0,0,0,2.931,0,0,0,False,moving to wp 21 (d=0.42),0,0,0,1.5336,0,0.4379,46,100,D,5136
True,None,36.6,366,0.43,8,7,8,0,304.0,38.0,38.0,0,0,0,11.84,0,0,0,False,moving to wp 16 (d=0.10),0,0,0,2.2005,0,0.4761,43,100,D,5137
True,None,49.12,493,0.4,16,11,16,5,587.0,36.688,53.364,9,9,9,26.407,0,4,4,False,moving to wp 17 (d=0.58),104,9,9,3.5905,0,0.4446,40,100,D,5138
True,None,39.9,399,0.43,10,9,10,0,373.0,37.3,37.3,0,0,0,10.637,0,0,0,False,moving to wp 13 (d=0.11),0,0,0,2.4667,0,0.4931,43,100,D,5139
True,None,37.4,374,0.47,12,11,12,0,513.0,42.75,42.75,0,0,0,8.433,0,0,0,False,moving to wp 14 (d=0.14),0,0,0,2.5947,0,0.4274,47,100,D,5140
True,None,39.1,391,0.54,11,10,11,2,494.0,44.909,54.889,2,2,2,13.253,0,0,0,False,moving to wp 22 (d=0.13),16,2,2,3.1956,0,0.42,54,100,D,5141
True,None,37.7,377,0.45,7,6,7,0,286.0,40.857,40.857,0,0,0,6.523,0,0,0,False,moving to wp 17 (d=0.49),0,0,0,2.1572,0,0.4508,45,100,D,5142
True,None,36.5,365,0.51,9,8,9,0,334.0,37.111,37.111,0,0,0,6.769,0,0,0,False,moving to wp 15 (d=0.32),0,0,0,2.6406,0,0.4772,51,100,D,5143
True,None,56.618,568,0.56,16,9,16,16,443.0,27.688,0.0,22,22,22,22.715,0,6,6,False,moving to wp 20 (d=0.50),183,22,22,5.0726,0,0.4018,56,100,D,5144
True,None,52.958,531,0.48,17,10,17,4,458.0,26.941,35.231,10,10,10,30.95,0,6,6,False,moving to wp 33 (d=0.18),40,10,10,3.7493,0,0.4192,48,100,D,5145
True,None,37.2,372,0.53,10,9,10,1,478.0,47.8,53.111,1,1,1,11.188,0,0,0,False,moving to wp 31 (d=0.54),8,1,1,2.8528,0,0.4382,53,100,D,5146
True,None,35.8,358,0.46,5,4,5,0,226.0,45.2,45.2,0,0,0,5.689,0,0,0,False,moving to wp 26 (d=0.16),0,0,0,1.869,0,0.4491,46,100,D,5147
True,None,38.7,387,0.48,10,9,10,0,424.0,42.4,42.4,0,0,0,10.329,0,0,0,False,moving to wp 22 (d=0.20),0,0,0,2.9058,0,0.4872,48,100,D,5148
True,None,43.2,432,0.55,14,12,14,2,632.0,45.143,52.667,3,3,3,18.237,0,1,1,False,moving to wp 22 (d=0.60),27,3,3,3.8052,0,0.4319,55,100,D,5149
True,None,35.7,357,0.41,6,5,6,0,275.0,45.833,45.833,0,0,0,6.389,0,0,0,False,moving to wp 17 (d=0.49),0,0,0,1.6253,0,0.4537,41,100,D,5150
True,None,40.7,407,0.49,8,7,8,1,335.0,41.875,47.857,1,1,1,9.484,0,0,0,False,moving to wp 28 (d=0.56),4,1,1,2.412,0,0.4542,49,100,D,5151
True,None,38.6,386,0.46,7,6,7,0,269.0,38.429,38.429,0,0,0,8.722,0,0,0,False,moving to wp 19 (d=0.30),0,0,0,2.1865,0,0.4389,46,100,D,5152
True,None,61.98,623,0.52,17,7,17,5,369.0,21.706,30.75,14,14,14,40.204,0,9,9,False,moving to wp 25 (d=0.45),122,14,14,3.4957,0,0.416,52,100,D,5153
True,None,38.2,382,0.41,10,9,10,0,456.0,45.6,45.6,0,0,0,10.169,0,0,0,False,moving to wp 16 (d=0.51),0,0,0,2.198,0,0.4437,41,100,D,5154
True,None,36.2,362,0.42,10,9,10,0,471.0,47.1,47.1,0,0,0,9.089,0,0,0,False,moving to wp 26 (d=0.52),0,0,0,2.2997,0,0.4158,42,100,D,5155
True,None,38.9,389,0.48,11,10,11,1,443.0,40.273,44.3,1,1,1,10.141,0,0,0,False,moving to wp 24 (d=0.21),4,1,1,2.7916,0,0.4341,48,100,D,5156
True,None,38.5,385,0.36,7,6,7,0,277.0,39.571,39.571,0,0,0,7.567,0,0,0,False,moving to wp 19 (d=0.44),0,0,0,1.7117,0,0.4404,36,100,D,5157
True,None,42.657,427,0.57,12,9,12,0,427.0,35.583,35.583,2,2,2,25.542,0,2,2,False,moving to wp 15 (d=0.12),12,2,2,2.9618,0,0.4787,57,100,D,5158
True,None,38.0,380,0.46,6,5,6,0,265.0,44.167,44.167,0,0,0,6.48,0,0,0,False,moving to wp 22 (d=0.59),0,0,0,1.8129,0,0.4746,46,100,D,5159
True,None,37.9,379,0.46,6,5,6,1,296.0,49.333,59.2,1,1,1,6.541,0,0,0,False,moving to wp 37 (d=0.28),1,1,1,1.9727,0,0.4573,46,100,D,5160
True,None,40.4,404,0.42,11,10,11,1,479.0,43.545,47.9,1,1,1,15.898,0,0,0,False,moving to wp 22 (d=0.25),5,1,1,2.5049,0,0.4469,42,100,D,5161
True,None,39.5,395,0.35,8,7,8,0,357.0,44.625,44.625,0,0,0,10.354,0,0,0,False,moving to wp 20 (d=0.52),0,0,0,1.7405,0,0.4717,35,100,D,5162
True,None,52.118,523,0.54,12,6,12,4,311.0,25.917,38.875,9,9,9,26.698,0,5,5,False,moving to wp 20 (d=0.24),63,9,9,3.2427,0,0.453,54,100,D,5163
True,None,37.5,375,0.4,8,7,8,1,360.0,45.0,51.429,1,1,1,10.937,0,0,0,False,moving to wp 17 (d=0.58),5,1,1,2.07,0,0.4298,40,100,D,5164
True,None,38.1,381,0.42,10,9,10,1,392.0,39.2,43.556,1,1,1,8.456,0,0,0,False,moving to wp 12 (d=0.17),8,1,1,2.1422,0,0.4998,42,100,D,5165
True,None,42.0,420,0.44,14,12,14,3,556.0,39.714,50.545,4,4,4,21.104,0,1,1,False,moving to wp 23 (d=0.44),11,4,4,3.3203,0,0.4394,44,100,D,5166
True,None,37.7,377,0.43,11,10,11,0,420.0,38.182,38.182,0,0,0,10.411,0,0,0,False,moving to wp 13 (d=0.55),0,0,0,2.3135,0,0.4309,43,100,D,5167
True,None,36.8,368,0.44,8,7,8,0,310.0,38.75,38.75,0,0,0,6.594,0,0,0,False,moving to wp 20 (d=0.43),0,0,0,2.2597,0,0.4903,44,100,D,5168
True,None,43.0,430,0.37,8,6,8,1,378.0,47.25,54.0,2,2,2,15.69,0,1,1,False,moving to wp 36 (d=0.54),8,2,2,1.7268,0,0.4929,37,100,D,5169
True,None,36.1,361,0.39,5,4,5,0,188.0,37.6,37.6,0,0,0,2.884,0,0,0,False,moving to wp 20 (d=0.13),0,0,0,1.578,0,0.4201,39,100,D,5170
True,None,45.217,453,0.37,10,7,10,5,393.0,39.3,78.6,7,7,7,18.186,0,2,2,False,moving to wp 21 (d=0.23),41,7,7,2.1586,0,0.4396,37,100,D,5171
True,None,39.1,391,0.49,9,8,9,1,336.0,37.333,42.0,1,1,1,13.458,0,0,0,False,moving to wp 15 (d=0.41),4,1,1,2.7161,0,0.4552,49,100,D,5172
True,None,41.217,413,0.46,14,12,14,3,517.0,36.929,47.0,4,4,4,20.157,0,1,1,False,moving to wp 17 (d=0.49),46,4,4,2.8814,0,0.4196,46,100,D,5173
True,None,38.4,384,0.44,8,7,8,0,348.0,43.5,43.5,0,0,0,6.691,0,0,0,False,moving to wp 24 (d=0.52),0,0,0,2.0179,0,0.419,44,100,D,5174
True,None,37.3,373,0.39,3,2,3,0,164.0,54.667,54.667,0,0,0,1.856,0,0,0,False,moving to wp 36 (d=0.38),0,0,0,1.2316,0,0.4486,39,100,D,5175
True,None,36.4,364,0.41,6,5,6,0,276.0,46.0,46.0,0,0,0,6.727,0,0,0,False,moving to wp 16 (d=0.29),0,0,0,1.6326,0,0.4423,41,100,D,5176
True,None,39.6,396,0.44,9,8,9,1,350.0,38.889,43.75,1,1,1,12.015,0,0,0,False,moving to wp 15 (d=0.31),8,1,1,2.2848,0,0.4849,44,100,D,5177
True,None,36.2,362,0.39,5,4,5,1,208.0,41.6,52.0,1,1,1,4.688,0,0,0,False,moving to wp 16 (d=0.51),2,1,1,1.5212,0,0.445,39,100,D,5178
True,None,46.2,462,0.37,11,8,11,2,415.0,37.727,46.111,4,4,4,21.606,0,2,2,False,moving to wp 14 (d=0.14),16,4,4,2.3668,0,0.4088,37,100,D,5179
True,None,38.4,384,0.45,5,4,5,0,282.0,56.4,56.4,0,0,0,3.76,0,0,0,False,moving to wp 41 (d=0.59),0,0,0,1.5106,0,0.4404,45,100,D,5180
True,None,37.8,378,0.5,9,8,9,1,373.0,41.444,46.625,1,1,1,9.187,0,0,0,False,moving to wp 16 (d=0.41),2,1,1,2.4283,0,0.4776,50,100,D,5181
True,None,40.4,404,0.46,9,8,9,0,379.0,42.111,42.111,0,0,0,10.578,0,0,0,False,moving to wp 21 (d=0.32),0,0,0,2.4758,0,0.476,46,100,D,5182
True,None,37.4,374,0.36,8,7,8,0,324.0,40.5,40.5,0,0,0,9.467,0,0,0,False,moving to wp 21 (d=0.55),0,0,0,2.0692,0,0.448,36,100,D,5183
True,None,39.9,399,0.43,9,8,9,1,432.0,48.0,54.0,1,1,1,9.673,0,0,0,False,moving to wp 19 (d=0.55),5,1,1,2.1183,0,0.4017,43,100,D,5184
True,None,41.4,414,0.4,10,8,10,1,416.0,41.6,46.222,2,2,2,13.876,0,1,1,False,moving to wp 16 (d=0.27),8,2,2,2.018,0,0.4788,40,100,D,5185
True,None,37.5,375,0.37,3,2,3,0,164.0,54.667,54.667,0,0,0,2.834,0,0,0,False,moving to wp 38 (d=0.63),0,0,0,1.1612,0,0.4587,37,100,D,5186
True,None,37.3,373,0.43,7,6,7,0,253.0,36.143,36.143,0,0,0,9.498,0,0,0,False,moving to wp 15 (d=0.42),0,0,0,1.9211,0,0.4129,43,100,D,5187
True,None,37.8,378,0.4,10,9,10,1,370.0,37.0,41.111,1,1,1,8.859,0,0,0,False,moving to wp 14 (d=0.64),7,1,1,2.4036,0,0.4559,40,100,D,5188
True,None,38.6,386,0.54,7,6,7,1,315.0,45.0,52.5,1,1,1,10.043,0,0,0,False,moving to wp 26 (d=0.28),1,1,1,2.5158,0,0.4172,54,100,D,5189
True,None,39.6,396,0.4,8,7,8,2,352.0,44.0,58.667,2,2,2,9.122,0,0,0,False,moving to wp 16 (d=0.20),11,2,2,2.2789,0,0.4475,40,100,D,5190
True,None,49.354,495,0.47,16,11,16,4,432.0,27.0,36.0,8,8,8,29.551,0,4,4,False,moving to wp 26 (d=0.64),26,8,8,3.6226,0,0.4648,47,100,D,5191
True,None,39.2,392,0.42,9,8,9,0,331.0,36.778,36.778,0,0,0,14.772,0,0,0,False,moving to wp 14 (d=0.47),0,0,0,2.031,0,0.4231,42,100,D,5192
True,None,51.344,515,0.53,17,12,17,0,482.0,28.353,28.353,4,4,4,19.94,0,4,4,False,moving to wp 24 (d=0.43),34,4,4,4.1359,0,0.4254,53,100,D,5193
True,None,37.4,374,0.46,6,5,6,0,253.0,42.167,42.167,0,0,0,7.562,0,0,0,False,moving to wp 17 (d=0.65),0,0,0,1.9552,0,0.4996,46,100,D,5194
True,None,36.3,363,0.43,9,8,9,0,421.0,46.778,46.778,0,0,0,5.755,0,0,0,False,moving to wp 35 (d=0.39),0,0,0,2.1353,0,0.4198,43,100,D,5195
True,None,37.8,378,0.42,10,9,10,1,432.0,43.2,48.0,1,1,1,11.999,0,0,0,False,moving to wp 20 (d=0.52),3,1,1,2.3375,0,0.496,42,100,D,5196
True,None,42.822,429,0.5,15,13,15,1,548.0,36.533,39.143,2,2,2,20.441,0,1,1,False,moving to wp 19 (d=0.50),6,2,2,3.2598,0,0.4221,50,100,D,5197
True,None,43.3,433,0.45,9,7,9,5,317.0,35.222,79.25,6,6,6,15.555,0,1,1,False,moving to wp 21 (d=0.51),13,6,6,2.6375,0,0.4141,45,100,D,5198
True,None,36.4,364,0.42,6,5,6,0,247.0,41.167,41.167,0,0,0,6.375,0,0,0,False,moving to wp 15 (d=0.63),0,0,0,1.7275,0,0.487,42,100,D,5199
True,None,42.3,423,0.4,8,6,8,1,314.0,39.25,44.857,2,2,2,14.786,0,1,1,False,moving to wp 26 (d=0.33),12,2,2,2.0104,0,0.4962,40,100,D,5200
True,None,41.8,418,0.4,8,6,8,2,356.0,44.5,59.333,3,3,3,16.523,0,1,1,False,moving to wp 36 (d=0.10),10,3,3,1.954,0,0.4536,40,100,D,5201
True,None,42.0,420,0.48,8,6,8,2,283.0,35.375,47.167,3,3,3,14.912,0,1,1,False,moving to wp 16 (d=0.40),15,3,3,2.5531,0,0.4075,48,100,D,5202
True,None,38.1,381,0.42,13,12,13,1,493.0,37.923,41.083,1,1,1,12.85,0,0,0,False,moving to wp 18 (d=0.42),10,1,1,2.8662,0,0.4593,42,100,D,5203
True,None,36.3,363,0.35,6,5,6,0,239.0,39.833,39.833,0,0,0,4.524,0,0,0,False,moving to wp 21 (d=0.30),0,0,0,1.5014,0,0.4533,35,100,D,5204
True,None,40.6,406,0.53,11,9,11,1,400.0,36.364,40.0,2,2,2,15.66,0,1,1,False,moving to wp 16 (d=0.51),18,2,2,2.7401,0,0.4158,53,100,D,5205
True,None,42.3,423,0.43,12,10,12,3,429.0,35.75,47.667,4,4,4,17.229,0,1,1,False,moving to wp 25 (d=0.53),7,4,4,2.8178,0,0.4959,43,100,D,5206
True,None,44.0,440,0.38,15,13,15,4,741.0,49.4,67.364,5,5,5,19.204,0,1,1,False,moving to wp 21 (d=0.51),39,5,5,3.1146,0,0.4152,38,100,D,5207
True,None,36.1,361,0.35,5,4,5,0,180.0,36.0,36.0,0,0,0,6.567,0,0,0,False,moving to wp 20 (d=0.28),0,0,0,1.5701,0,0.4179,35,100,D,5208
True,None,37.9,379,0.45,14,13,14,0,562.0,40.143,40.143,0,0,0,12.679,0,0,0,False,moving to wp 17 (d=0.50),0,0,0,2.8279,0,0.4013,45,100,D,5209
True,None,37.1,371,0.49,4,3,4,0,185.0,46.25,46.25,0,0,0,2.879,0,0,0,False,moving to wp 26 (d=0.64),0,0,0,1.5164,0,0.4629,49,100,D,5210
True,None,41.3,413,0.4,12,10,12,1,507.0,42.25,46.091,2,2,2,21.088,0,1,1,False,moving to wp 21 (d=0.57),12,2,2,2.4349,0,0.4668,40,100,D,5211
True,None,42.333,424,0.41,10,7,10,3,365.0,36.5,52.143,5,5,5,16.53,0,2,2,False,moving to wp 19 (d=0.56),38,5,5,2.4761,0,0.4044,41,100,D,5212
True,None,36.9,369,0.37,8,7,8,0,345.0,43.125,43.125,0,0,0,6.439,0,0,0,False,moving to wp 24 (d=0.15),0,0,0,1.8198,0,0.4357,37,100,D,5213
True,None,67.332,678,0.51,26,15,26,5,608.0,23.385,28.952,15,15,15,57.25,0,10,10,False,moving to wp 16 (d=0.61),141,15,15,5.7329,0,0.443,51,100,D,5214
True,None,37.6,376,0.4,10,9,10,0,460.0,46.0,46.0,0,0,0,9.112,0,0,0,False,moving to wp 18 (d=0.38),0,0,0,1.9613,0,0.446,40,100,D,5215
True,None,37.5,375,0.37,8,7,8,0,348.0,43.5,43.5,0,0,0,7.523,0,0,0,False,moving to wp 19 (d=0.14),0,0,0,1.8079,0,0.478,37,100,D,5216
True,None,37.1,371,0.47,8,7,8,0,289.0,36.125,36.125,0,0,0,9.586,0,0,0,False,moving to wp 16 (d=0.59),0,0,0,2.4319,0,0.4203,47,100,D,5217
True,None,50.393,505,0.44,14,9,14,5,400.0,28.571,44.444,9,9,9,24.436,0,4,4,False,moving to wp 24 (d=0.59),49,9,9,3.6976,0,0.4751,44,100,D,5218
True,None,48.2,482,0.41,10,6,10,7,340.0,34.0,113.333,10,10,10,32.437,0,3,3,False,moving to wp 34 (d=0.60),44,10,10,2.7873,0,0.4269,41,100,D,5219
True,None,48.459,486,0.54,18,13,18,3,530.0,29.444,35.333,7,7,7,32.137,0,4,4,False,moving to wp 15 (d=0.32),44,7,7,4.2393,0,0.4842,54,100,D,5220
True,None,38.8,388,0.5,8,7,8,0,307.0,38.375,38.375,0,0,0,8.713,0,0,0,False,moving to wp 12 (d=0.18),0,0,0,2.4865,0,0.4212,50,100,D,5221
True,None,40.817,409,0.42,10,8,10,2,475.0,47.5,59.375,3,3,3,14.873,0,1,1,False,moving to wp 29 (d=0.18),15,3,3,2.1837,0,0.4097,42,100,D,5222
True,None,40.1,401,0.46,10,9,10,2,391.0,39.1,48.875,2,2,2,12.058,0,0,0,False,moving to wp 15 (d=0.20),6,2,2,2.5612,0,0.4365,46,100,D,5223
True,None,44.85,449,0.47,11,8,11,0,378.0,34.364,34.364,2,2,2,17.459,0,2,2,False,moving to wp 16 (d=0.46),13,2,2,2.194,0,0.442,47,100,D,5224
True,None,39.3,393,0.4,10,8,10,0,357.0,35.7,35.7,1,1,1,15.485,0,1,1,False,moving to wp 13 (d=0.16),4,1,1,2.2635,0,0.427,40,100,D,5225
True,None,59.829,601,0.59,19,10,19,8,456.0,24.0,41.455,16,16,16,38.982,0,8,8,False,moving to wp 28 (d=0.53),118,16,16,4.9211,0,0.4015,59,100,D,5226
True,None,37.7,377,0.48,23,22,23,0,765.0,33.261,33.261,0,0,0,13.652,0,0,0,False,moving to wp 14 (d=0.24),0,0,0,5.187,0,0.4643,48,100,D,5227
True,None,60.929,611,0.48,22,14,22,9,704.0,32.0,54.154,16,16,16,40.364,0,7,7,False,moving to wp 21 (d=0.21),256,16,16,5.8497,0,0.4197,48,100,D,5228
True,None,39.3,393,0.4,8,7,8,1,329.0,41.125,47.0,1,1,1,13.449,0,0,0,False,moving to wp 18 (d=0.21),2,1,1,2.1103,0,0.4796,40,100,D,5229
True,None,40.9,409,0.48,6,4,6,1,244.0,40.667,48.8,2,2,2,14.584,0,1,1,False,moving to wp 28 (d=0.59),8,2,2,2.0433,0,0.4635,48,100,D,5230
True,None,49.995,500,0.5,20,16,20,2,752.0,37.6,41.778,5,5,5,37.532,0,3,3,False,moving to wp 21 (d=0.39),48,5,5,4.2414,0,0.4969,50,100,D,5231
True,None,38.2,382,0.47,8,7,8,0,370.0,46.25,46.25,0,0,0,8.452,0,0,0,False,moving to wp 20 (d=0.42),0,0,0,2.1506,0,0.4309,47,100,D,5232
True,None,41.5,415,0.34,7,5,7,2,274.0,39.143,54.8,3,3,3,12.045,0,1,1,False,moving to wp 33 (d=0.51),12,3,3,1.8735,0,0.4448,34,100,D,5233
True,None,39.5,395,0.48,11,10,11,2,465.0,42.273,51.667,2,2,2,12.384,0,0,0,False,moving to wp 20 (d=0.51),4,2,2,2.8175,0,0.425,48,100,D,5234
True,None,41.5,415,0.4,13,11,13,2,558.0,42.923,50.727,3,3,3,16.495,0,1,1,False,moving to wp 18 (d=0.55),20,3,3,2.2676,0,0.4125,40,100,D,5235
True,None,37.0,370,0.43,8,7,8,0,381.0,47.625,47.625,0,0,0,7.518,0,0,0,False,moving to wp 17 (d=0.59),0,0,0,1.9514,0,0.4843,43,100,D,5236
True,None,38.0,380,0.42,9,8,9,0,380.0,42.222,42.222,0,0,0,9.251,0,0,0,False,moving to wp 17 (d=0.39),0,0,0,2.1202,0,0.4966,42,100,D,5237
True,None,37.7,377,0.38,5,4,5,0,197.0,39.4,39.4,0,0,0,3.874,0,0,0,False,moving to wp 21 (d=0.28),0,0,0,1.4974,0,0.4686,38,100,D,5238
True,None,54.082,543,0.53,14,7,14,3,396.0,28.286,36.0,9,9,9,28.418,0,6,6,False,moving to wp 23 (d=0.49),46,9,9,3.4107,0,0.4587,53,100,D,5239
True,None,52.307,524,0.44,17,11,17,5,505.0,29.706,42.083,10,10,10,38.314,0,5,5,False,moving to wp 26 (d=0.46),63,10,10,3.6645,0,0.4096,44,100,D,5240
True,None,37.9,379,0.45,10,9,10,0,411.0,41.1,41.1,0,0,0,13.2,0,0,0,False,moving to wp 19 (d=0.65),0,0,0,2.7105,0,0.4959,45,100,D,5241
True,None,37.6,376,0.4,9,8,9,0,380.0,42.222,42.222,0,0,0,7.485,0,0,0,False,moving to wp 15 (d=0.52),0,0,0,1.9294,0,0.4512,40,100,D,5242
True,None,37.6,376,0.44,6,5,6,0,238.0,39.667,39.667,0,0,0,6.808,0,0,0,False,moving to wp 15 (d=0.28),0,0,0,1.7202,0,0.4229,44,100,D,5243
True,None,39.1,391,0.52,11,10,11,1,507.0,46.091,50.7,1,1,1,13.98,0,0,0,False,moving to wp 23 (d=0.17),8,1,1,2.6548,0,0.4873,52,100,D,5244
True,None,48.433,485,0.52,12,9,12,4,459.0,38.25,57.375,6,6,6,27.571,0,2,2,False,moving to wp 22 (d=0.50),38,6,6,3.1336,0,0.4623,52,100,D,5245
True,None,37.1,371,0.44,7,6,7,0,293.0,41.857,41.857,0,0,0,9.404,0,0,0,False,moving to wp 30 (d=0.35),0,0,0,2.1246,0,0.4911,44,100,D,5246
True,None,44.2,442,0.52,15,13,15,1,597.0,39.8,42.643,2,2,2,21.164,0,1,1,False,moving to wp 17 (d=0.57),22,2,2,3.59,0,0.4191,52,100,D,5247
True,None,41.357,414,0.5,14,12,14,1,445.0,31.786,34.231,2,2,2,21.197,0,1,1,False,moving to wp 15 (d=0.43),9,2,2,3.4038,0,0.4731,50,100,D,5248
True,None,37.3,373,0.46,10,9,10,0,378.0,37.8,37.8,0,0,0,8.623,0,0,0,False,moving to wp 15 (d=0.42),0,0,0,2.5597,0,0.4114,46,100,D,5249
True,None,52.252,525,0.45,17,10,17,6,467.0,27.471,42.455,12,12,12,29.184,0,6,6,False,moving to wp 15 (d=0.32),87,12,12,3.3587,0,0.4869,45,100,D,5250
True,None,37.7,377,0.41,11,10,11,0,440.0,40.0,40.0,0,0,0,9.367,0,0,0,False,moving to wp 14 (d=0.14),0,0,0,2.495,0,0.4141,41,100,D,5251
True,None,38.0,380,0.5,7,6,7,0,294.0,42.0,42.0,0,0,0,9.115,0,0,0,False,moving to wp 18 (d=0.56),0,0,0,2.3127,0,0.4308,50,100,D,5252
True,None,40.4,404,0.43,11,9,11,1,375.0,34.091,37.5,2,2,2,16.51,0,1,1,False,moving to wp 15 (d=0.27),16,2,2,2.0976,0,0.4421,43,100,D,5253
True,None,43.8,438,0.43,13,11,13,2,436.0,33.538,39.636,3,3,3,18.568,0,1,1,False,moving to wp 19 (d=0.30),27,3,3,3.0086,0,0.4383,43,100,D,5254
True,None,67.696,682,0.43,22,10,22,12,452.0,20.545,45.2,23,23,23,35.831,0,11,11,False,moving to wp 29 (d=0.66),225,23,23,4.9563,0,0.4788,43,100,D,5255
True,None,37.1,371,0.38,7,6,7,0,309.0,44.143,44.143,0,0,0,6.62,0,0,0,False,moving to wp 16 (d=0.51),0,0,0,1.6966,0,0.4116,38,100,D,5256
True,None,41.1,411,0.37,7,5,7,1,277.0,39.571,46.167,2,2,2,16.383,0,1,1,False,moving to wp 30 (d=0.45),8,2,2,2.0296,0,0.4576,37,100,D,5257
True,None,38.8,388,0.5,10,9,10,0,423.0,42.3,42.3,0,0,0,13.279,0,0,0,False,moving to wp 26 (d=0.53),0,0,0,2.5878,0,0.427,50,100,D,5258
True,None,49.163,492,0.51,14,10,14,7,500.0,35.714,71.429,10,10,10,28.456,0,3,3,False,moving to wp 17 (d=0.56),63,10,10,3.6348,0,0.4535,51,100,D,5259
True,None,37.4,374,0.52,11,10,11,0,479.0,43.545,43.545,0,0,0,11.02,0,0,0,False,moving to wp 19 (d=0.65),0,0,0,2.6286,0,0.4802,52,100,D,5260
True,None,38.5,385,0.37,6,5,6,0,292.0,48.667,48.667,0,0,0,5.839,0,0,0,False,moving to wp 22 (d=0.51),0,0,0,1.409,0,0.4773,37,100,D,5261
True,None,41.033,411,0.49,14,12,14,1,505.0,36.071,38.846,2,2,2,17.543,0,1,1,False,moving to wp 17 (d=0.38),6,2,2,3.1879,0,0.4708,49,100,D,5262
True,None,39.9,399,0.43,11,10,11,1,513.0,46.636,51.3,1,1,1,11.204,0,0,0,False,moving to wp 18 (d=0.57),5,1,1,2.637,0,0.4071,43,100,D,5263
True,None,36.6,366,0.36,6,5,6,1,277.0,46.167,55.4,1,1,1,7.358,0,0,0,False,moving to wp 25 (d=0.54),4,1,1,1.637,0,0.4434,36,100,D,5264
True,None,38.6,386,0.33,5,4,5,0,262.0,52.4,52.4,0,0,0,7.305,0,0,0,False,moving to wp 31 (d=0.25),0,0,0,1.2536,0,0.4834,33,100,D,5265
False,Timeout,98.749,1000,0.5,49,14,49,62,867.0,17.694,0.0,96,96,96,96.807,0,34,34,False,moving to wp 16 (d=0.54),2068,96,96,17.4587,0,24.4362,50,100,D,5266
True,None,38.0,380,0.45,8,7,8,0,301.0,37.625,37.625,0,0,0,7.699,0,0,0,False,moving to wp 14 (d=0.24),0,0,0,2.3187,0,0.4952,45,100,D,5267
True,None,36.1,361,0.44,5,4,5,0,190.0,38.0,38.0,0,0,0,2.878,0,0,0,False,moving to wp 16 (d=0.51),0,0,0,1.8136,0,0.433,44,100,D,5268
True,None,37.7,377,0.41,11,10,11,1,476.0,43.273,47.6,1,1,1,9.043,0,0,0,False,moving to wp 25 (d=0.54),7,1,1,2.4235,0,0.445,41,100,D,5269
True,None,46.642,467,0.43,15,12,15,2,569.0,37.933,43.769,4,4,4,21.164,0,2,2,False,moving to wp 19 (d=0.50),32,4,4,3.0558,0,0.4921,43,100,D,5270
True,None,45.467,457,0.39,18,14,18,4,640.0,35.556,45.714,7,7,7,25.79,0,3,3,False,moving to wp 21 (d=0.21),81,7,7,3.9216,0,0.4733,39,100,D,5271
True,None,40.8,408,0.43,13,11,13,2,481.0,37.0,43.727,3,3,3,16.396,0,1,1,False,moving to wp 27 (d=0.19),8,3,3,2.8667,0,0.4985,43,100,D,5272
True,None,38.7,387,0.54,13,12,13,0,532.0,40.923,40.923,0,0,0,15.751,0,0,0,False,moving to wp 21 (d=0.52),0,0,0,3.6121,0,0.4931,54,100,D,5273
True,None,41.488,415,0.49,10,8,10,0,393.0,39.3,39.3,1,1,1,19.363,0,1,1,False,moving to wp 17 (d=0.36),7,1,1,2.3417,0,0.4558,49,100,D,5274
True,None,36.6,366,0.43,7,6,7,0,252.0,36.0,36.0,0,0,0,6.637,0,0,0,False,moving to wp 17 (d=0.59),0,0,0,1.8107,0,0.494,43,100,D,5275
True,None,45.66,457,0.47,9,6,9,4,324.0,36.0,64.8,6,6,6,23.093,0,2,2,False,moving to wp 27 (d=0.59),18,6,6,2.7103,0,0.4635,47,100,D,5276
True,None,38.6,386,0.55,9,8,9,1,380.0,42.222,47.5,1,1,1,11.286,0,0,0,False,moving to wp 23 (d=0.24),1,1,1,2.7799,0,0.4618,55,100,D,5277
True,None,43.1,431,0.48,12,10,12,1,441.0,36.75,40.091,2,2,2,20.149,0,1,1,False,moving to wp 20 (d=0.40),6,2,2,2.7852,0,0.4798,48,100,D,5278
True,None,36.4,364,0.45,8,7,8,0,324.0,40.5,40.5,0,0,0,7.38,0,0,0,False,moving to wp 19 (d=0.35),0,0,0,2.2277,0,0.4081,45,100,D,5279
True,None,37.2,372,0.38,10,9,10,0,402.0,40.2,40.2,0,0,0,12.763,0,0,0,False,moving to wp 17 (d=0.25),0,0,0,2.043,0,0.4353,38,100,D,5280
True,None,38.5,385,0.44,11,10,11,0,460.0,41.818,41.818,0,0,0,10.394,0,0,0,False,moving to wp 14 (d=0.52),0,0,0,2.6242,0,0.4616,44,100,D,5281
True,None,37.6,376,0.39,5,4,5,0,181.0,36.2,36.2,0,0,0,6.464,0,0,0,False,moving to wp 13 (d=0.44),0,0,0,1.6509,0,0.4482,39,100,D,5282
True,None,55.975,563,0.49,20,13,20,4,608.0,30.4,38.0,10,10,10,32.212,0,6,6,False,moving to wp 19 (d=0.56),75,10,10,4.5822,0,0.4435,49,100,D,5283
True,None,39.1,391,0.43,8,7,8,0,381.0,47.625,47.625,0,0,0,6.475,0,0,0,False,moving to wp 30 (d=0.57),0,0,0,2.1439,0,0.422,43,100,D,5284
True,None,44.586,447,0.52,15,12,15,1,610.0,40.667,43.571,3,3,3,22.083,0,2,2,False,moving to wp 17 (d=0.58),26,3,3,3.363,0,0.4182,52,100,D,5285
True,None,36.6,366,0.43,8,7,8,0,383.0,47.875,47.875,0,0,0,5.599,0,0,0,False,moving to wp 41 (d=0.32),0,0,0,2.1075,0,0.465,43,100,D,5286
True,None,50.898,510,0.44,14,9,14,8,429.0,30.643,71.5,12,12,12,27.469,0,4,4,False,moving to wp 18 (d=0.33),89,12,12,3.5194,0,0.4537,44,100,D,5287
True,None,43.3,433,0.44,11,9,11,0,379.0,34.455,34.455,1,1,1,17.743,0,1,1,False,moving to wp 19 (d=0.20),2,1,1,2.4006,0,0.4719,44,100,D,5288
True,None,38.1,381,0.4,13,12,13,0,534.0,41.077,41.077,0,0,0,18.283,0,0,0,False,moving to wp 12 (d=0.27),0,0,0,2.8122,0,0.4872,40,100,D,5289
True,None,43.2,432,0.49,14,12,14,2,577.0,41.214,48.083,3,3,3,20.202,0,1,1,False,moving to wp 19 (d=0.51),23,3,3,3.1737,0,0.4651,49,100,D,5290
True,None,55.31,554,0.41,16,10,16,1,399.0,24.938,26.6,6,6,6,27.63,0,5,5,False,moving to wp 34 (d=0.27),26,6,6,3.3762,0,0.448,41,100,D,5291
True,None,36.7,367,0.46,9,8,9,0,403.0,44.778,44.778,0,0,0,9.712,0,0,0,False,moving to wp 18 (d=0.17),0,0,0,2.3021,0,0.4504,46,100,D,5292
True,None,38.7,387,0.46,10,9,10,1,449.0,44.9,49.889,1,1,1,7.633,0,0,0,False,moving to wp 20 (d=0.14),8,1,1,2.5095,0,0.475,46,100,D,5293
True,None,48.4,484,0.46,12,9,12,3,445.0,37.083,49.444,5,5,5,27.415,0,2,2,False,moving to wp 20 (d=0.60),31,5,5,2.7895,0,0.4398,46,100,D,5294
True,None,37.4,374,0.39,7,6,7,0,360.0,51.429,51.429,0,0,0,4.742,0,0,0,False,moving to wp 28 (d=0.10),0,0,0,1.6465,0,0.4001,39,100,D,5295
True,None,38.2,382,0.56,9,8,9,0,375.0,41.667,41.667,0,0,0,10.157,0,0,0,False,moving to wp 18 (d=0.30),0,0,0,2.5019,0,0.4499,56,100,D,5296
True,None,36.4,364,0.39,5,4,5,0,175.0,35.0,35.0,0,0,0,5.45,0,0,0,False,moving to wp 18 (d=0.11),0,0,0,1.6159,0,0.4382,39,100,D,5297
True,None,37.1,371,0.47,9,8,9,0,383.0,42.556,42.556,0,0,0,8.387,0,0,0,False,moving to wp 18 (d=0.38),0,0,0,2.4595,0,0.4537,47,100,D,5298
True,None,38.4,384,0.41,6,5,6,0,245.0,40.833,40.833,0,0,0,8.325,0,0,0,False,moving to wp 25 (d=0.25),0,0,0,2.0319,0,0.4189,41,100,D,5299
True,None,38.8,388,0.55,7,6,7,0,281.0,40.143,40.143,0,0,0,9.774,0,0,0,False,moving to wp 14 (d=0.53),0,0,0,2.4265,0,0.4833,55,100,D,5300
True,None,41.9,419,0.46,7,5,7,0,273.0,39.0,39.0,1,1,1,13.781,0,1,1,False,moving to wp 19 (d=0.11),2,1,1,2.0254,0,0.4317,46,100,D,5301
True,None,38.3,383,0.43,10,9,10,1,396.0,39.6,44.0,1,1,1,7.506,0,0,0,False,moving to wp 17 (d=0.18),9,1,1,2.5725,0,0.4475,43,100,D,5302
True,None,37.6,376,0.44,18,17,18,0,716.0,39.778,39.778,0,0,0,14.15,0,0,0,False,moving to wp 15 (d=0.51),0,0,0,3.6123,0,0.4062,44,100,D,5303
True,None,38.1,381,0.34,5,4,5,1,202.0,40.4,50.5,1,1,1,8.38,0,0,0,False,moving to wp 17 (d=0.49),4,1,1,1.6179,0,0.4016,34,100,D,5304
True,None,36.9,369,0.43,8,7,8,0,321.0,40.125,40.125,0,0,0,9.253,0,0,0,False,moving to wp 22 (d=0.60),0,0,0,2.1077,0,0.4497,43,100,D,5305
True,None,37.2,372,0.38,11,10,11,1,494.0,44.909,49.4,1,1,1,12.086,0,0,0,False,moving to wp 18 (d=0.46),4,1,1,2.1881,0,0.4361,38,100,D,5306
True,None,38.6,386,0.42,10,9,10,1,451.0,45.1,50.111,1,1,1,11.93,0,0,0,False,moving to wp 19 (d=0.15),3,1,1,2.2861,0,0.4269,42,100,D,5307
True,None,47.6,476,0.45,11,8,11,2,336.0,30.545,37.333,4,4,4,24.651,0,2,2,False,moving to wp 16 (d=0.30),27,4,4,2.8158,0,0.4427,45,100,D,5308
True,None,46.066,461,0.63,17,14,17,2,615.0,36.176,41.0,4,4,4,31.502,0,2,2,False,moving to wp 14 (d=0.38),44,4,4,4.9767,0,0.4916,63,100,D,5309
True,None,43.1,431,0.45,12,10,12,3,466.0,38.833,51.778,4,4,4,17.326,0,1,1,False,moving to wp 21 (d=0.48),22,4,4,2.6771,0,0.467,45,100,D,5310
True,None,41.2,412,0.46,8,6,8,2,306.0,38.25,51.0,3,3,3,14.704,0,1,1,False,moving to wp 13 (d=0.16),18,3,3,1.8629,0,0.4584,46,100,D,5311
True,None,36.3,363,0.52,9,8,9,1,384.0,42.667,48.0,1,1,1,10.346,0,0,0,False,moving to wp 21 (d=0.16),4,1,1,2.5882,0,0.4801,52,100,D,5312
True,None,38.5,385,0.37,10,9,10,0,399.0,39.9,39.9,0,0,0,7.556,0,0,0,False,moving to wp 16 (d=0.11),0,0,0,2.0464,0,0.4532,37,100,D,5313
True,None,36.8,368,0.43,8,7,8,0,339.0,42.375,42.375,0,0,0,6.741,0,0,0,False,moving to wp 18 (d=0.56),0,0,0,2.112,0,0.4513,43,100,D,5314
True,None,44.0,440,0.36,12,10,12,3,471.0,39.25,52.333,4,4,4,15.839,0,1,1,False,moving to wp 18 (d=0.25),24,4,4,2.3199,0,0.4696,36,100,D,5315
True,None,37.9,379,0.44,8,7,8,0,287.0,35.875,35.875,0,0,0,9.676,0,0,0,False,moving to wp 16 (d=0.48),0,0,0,2.1363,0,0.477,44,100,D,5316
True,None,37.3,373,0.47,12,11,12,1,483.0,40.25,43.909,1,1,1,12.118,0,0,0,False,moving to wp 12 (d=0.38),3,1,1,2.8771,0,0.4736,47,100,D,5317
True,None,38.7,387,0.5,6,5,6,1,274.0,45.667,54.8,1,1,1,11.103,0,0,0,False,moving to wp 24 (d=0.31),2,1,1,2.0252,0,0.444,50,100,D,5318
True,None,40.777,408,0.43,9,7,9,0,308.0,34.222,34.222,1,1,1,14.773,0,1,1,False,moving to wp 18 (d=0.38),3,1,1,2.0202,0,0.4009,43,100,D,5319
True,None,39.1,391,0.39,8,7,8,2,360.0,45.0,60.0,2,2,2,7.616,0,0,0,False,moving to wp 22 (d=0.52),5,2,2,1.9998,0,0.424,39,100,D,5320
True,None,42.731,428,0.51,12,9,12,1,449.0,37.417,40.818,3,3,3,19.344,0,2,2,False,moving to wp 27 (d=0.17),8,3,3,2.7386,0,0.4813,51,100,D,5321
True,None,42.1,421,0.4,8,6,8,0,243.0,30.375,30.375,1,1,1,11.795,0,1,1,False,moving to wp 19 (d=0.45),4,1,1,1.9914,0,0.4944,40,100,D,5322
True,None,39.8,398,0.46,10,9,10,0,446.0,44.6,44.6,0,0,0,9.49,0,0,0,False,moving to wp 20 (d=0.40),0,0,0,2.5727,0,0.458,46,100,D,5323
True,None,57.639,577,0.47,18,11,18,8,497.0,27.611,49.7,14,14,14,34.189,0,6,6,False,moving to wp 19 (d=0.54),105,14,14,4.3489,0,0.4152,47,100,D,5324
True,None,41.4,414,0.54,14,13,14,0,563.0,40.214,40.214,0,0,0,14.956,0,0,0,False,moving to wp 15 (d=0.26),0,0,0,3.735,0,0.4517,54,100,D,5325
True,None,49.364,495,0.4,16,12,16,2,558.0,34.875,39.857,5,5,5,29.193,0,3,3,False,moving to wp 13 (d=0.22),47,5,5,3.1524,0,0.4548,40,100,D,5326
True,None,43.1,431,0.56,16,14,16,4,615.0,38.438,51.25,5,5,5,23.14,0,1,1,False,moving to wp 18 (d=0.57),34,5,5,4.2192,0,0.4255,56,100,D,5327
True,None,45.1,451,0.52,19,17,19,3,736.0,38.737,46.0,4,4,4,24.635,0,1,1,False,moving to wp 23 (d=0.61),37,4,4,5.4865,0,0.4777,52,100,D,5328
True,None,38.3,383,0.42,10,9,10,1,441.0,44.1,49.0,1,1,1,9.265,0,0,0,False,moving to wp 15 (d=0.53),6,1,1,2.1572,0,0.4513,42,100,D,5329
True,None,59.654,599,0.45,20,11,20,5,497.0,24.85,33.133,13,13,13,36.708,0,8,8,False,moving to wp 34 (d=0.14),84,13,13,3.9852,0,0.4943,45,100,D,5330
True,None,38.5,385,0.41,10,9,10,1,438.0,43.8,48.667,1,1,1,10.867,0,0,0,False,moving to wp 19 (d=0.45),5,1,1,2.0871,0,0.4004,41,100,D,5331
True,None,42.5,425,0.54,16,14,16,2,625.0,39.062,44.643,3,3,3,26.737,0,1,1,False,moving to wp 24 (d=0.26),16,3,3,4.6074,0,0.4579,54,100,D,5332
True,None,39.4,394,0.45,8,7,8,0,313.0,39.125,39.125,0,0,0,10.204,0,0,0,False,moving to wp 22 (d=0.50),0,0,0,2.2669,0,0.4021,45,100,D,5333
True,None,38.3,383,0.44,10,9,10,0,441.0,44.1,44.1,0,0,0,12.362,0,0,0,False,moving to wp 25 (d=0.38),0,0,0,2.4711,0,0.4808,44,100,D,5334
True,None,37.0,370,0.36,9,8,9,0,437.0,48.556,48.556,0,0,0,9.035,0,0,0,False,moving to wp 24 (d=0.54),0,0,0,1.7643,0,0.4361,36,100,D,5335
True,None,40.3,403,0.44,10,8,10,1,404.0,40.4,44.889,2,2,2,20.064,0,1,1,False,moving to wp 20 (d=0.29),10,2,2,2.2403,0,0.4435,44,100,D,5336
True,None,42.514,426,0.45,10,7,10,1,301.0,30.1,33.444,3,3,3,13.874,0,2,2,False,moving to wp 17 (d=0.19),14,3,3,2.4653,0,0.4827,45,100,D,5337
True,None,37.9,379,0.45,7,6,7,0,266.0,38.0,38.0,0,0,0,9.416,0,0,0,False,moving to wp 16 (d=0.39),0,0,0,2.1144,0,0.4235,45,100,D,5338
True,None,40.6,406,0.45,11,10,11,2,452.0,41.091,50.222,2,2,2,11.314,0,0,0,False,moving to wp 20 (d=0.19),11,2,2,2.9915,0,0.4897,45,100,D,5339
True,None,43.3,433,0.42,8,6,8,3,305.0,38.125,61.0,4,4,4,21.707,0,1,1,False,moving to wp 32 (d=0.51),12,4,4,2.4812,0,0.4798,42,100,D,5340
True,None,38.9,389,0.46,8,7,8,2,334.0,41.75,55.667,2,2,2,14.711,0,0,0,False,moving to wp 15 (d=0.32),10,2,2,2.639,0,0.4115,46,100,D,5341
True,None,38.9,389,0.41,7,6,7,1,282.0,40.286,47.0,1,1,1,9.054,0,0,0,False,moving to wp 22 (d=0.11),3,1,1,2.0153,0,0.4467,41,100,D,5342
True,None,37.3,373,0.34,13,12,13,0,530.0,40.769,40.769,0,0,0,8.93,0,0,0,False,moving to wp 17 (d=0.36),0,0,0,2.1873,0,0.4604,34,100,D,5343
True,None,36.8,368,0.42,8,7,8,0,312.0,39.0,39.0,0,0,0,5.64,0,0,0,False,moving to wp 16 (d=0.10),0,0,0,1.784,0,0.4105,42,100,D,5344
True,None,37.6,376,0.4,6,5,6,1,314.0,52.333,62.8,1,1,1,2.816,0,0,0,False,moving to wp 44 (d=0.31),3,1,1,1.6551,0,0.4446,40,100,D,5345
True,None,39.4,394,0.44,7,6,7,0,271.0,38.714,38.714,0,0,0,11.067,0,0,0,False,moving to wp 17 (d=0.59),0,0,0,1.9058,0,0.4969,44,100,D,5346
True,None,43.265,433,0.51,9,7,9,4,384.0,42.667,76.8,5,5,5,16.835,0,1,1,False,moving to wp 30 (d=0.44),24,5,5,2.75,0,0.4151,51,100,D,5347
True,None,37.1,371,0.49,9,8,9,0,417.0,46.333,46.333,0,0,0,9.36,0,0,0,False,moving to wp 19 (d=0.56),0,0,0,2.2552,0,0.425,49,100,D,5348
True,None,43.7,437,0.49,11,9,11,3,418.0,38.0,52.25,4,4,4,20.707,0,1,1,False,moving to wp 23 (d=0.47),20,4,4,3.0803,0,0.4928,49,100,D,5349
True,None,43.3,433,0.46,8,6,8,2,270.0,33.75,45.0,3,3,3,15.876,0,1,1,False,moving to wp 19 (d=0.24),13,3,3,2.4731,0,0.4491,46,100,D,5350
True,None,50.83,510,0.5,16,11,16,5,451.0,28.188,41.0,9,9,9,22.144,0,4,4,False,moving to wp 16 (d=0.54),106,9,9,3.6609,0,0.4112,50,100,D,5351
True,None,40.9,409,0.39,8,6,8,2,263.0,32.875,43.833,3,3,3,18.435,0,1,1,False,moving to wp 24 (d=0.35),16,3,3,2.1247,0,0.4843,39,100,D,5352
True,None,37.7,377,0.46,6,5,6,0,233.0,38.833,38.833,0,0,0,6.903,0,0,0,False,moving to wp 14 (d=0.40),0,0,0,1.8039,0,0.4479,46,100,D,5353
True,None,55.783,561,0.47,17,10,17,9,448.0,26.353,56.0,15,15,15,24.91,0,6,6,False,moving to wp 22 (d=0.39),90,15,15,3.9929,0,0.4059,47,100,D,5354
True,None,38.3,383,0.4,8,7,8,1,294.0,36.75,42.0,1,1,1,8.517,0,0,0,False,moving to wp 15 (d=0.41),6,1,1,1.8858,0,0.4852,40,100,D,5355
True,None,39.4,394,0.47,11,10,11,0,441.0,40.091,40.091,0,0,0,13.457,0,0,0,False,moving to wp 17 (d=0.55),0,0,0,2.5253,0,0.455,47,100,D,5356
True,None,42.867,429,0.44,10,8,10,0,353.0,35.3,35.3,1,1,1,17.632,0,1,1,False,moving to wp 20 (d=0.15),4,1,1,2.3826,0,0.4339,44,100,D,5357
True,None,43.9,439,0.34,10,8,10,1,341.0,34.1,37.889,2,2,2,16.81,0,1,1,False,moving to wp 17 (d=0.27),12,2,2,2.0536,0,0.4094,34,100,D,5358
True,None,38.4,384,0.47,12,11,12,0,401.0,33.417,33.417,0,0,0,10.319,0,0,0,False,moving to wp 19 (d=0.65),0,0,0,3.4721,0,0.487,47,100,D,5359
True,None,37.5,375,0.49,6,5,6,0,252.0,42.0,42.0,0,0,0,6.637,0,0,0,False,moving to wp 18 (d=0.57),0,0,0,1.9146,0,0.4492,49,100,D,5360
True,None,36.3,363,0.36,10,9,10,0,388.0,38.8,38.8,0,0,0,6.561,0,0,0,False,moving to wp 14 (d=0.23),0,0,0,2.0022,0,0.4696,36,100,D,5361
True,None,35.8,358,0.39,9,8,9,0,376.0,41.778,41.778,0,0,0,8.345,0,0,0,False,moving to wp 21 (d=0.22),0,0,0,2.2405,0,0.4996,39,100,D,5362
True,None,38.7,387,0.46,11,10,11,1,491.0,44.636,49.1,1,1,1,10.564,0,0,0,False,moving to wp 15 (d=0.63),2,1,1,2.5258,0,0.4903,46,100,D,5363
True,None,38.4,384,0.48,6,5,6,0,258.0,43.0,43.0,0,0,0,10.333,0,0,0,False,moving to wp 22 (d=0.50),0,0,0,2.0328,0,0.4466,48,100,D,5364
True,None,37.1,371,0.42,6,5,6,0,301.0,50.167,50.167,0,0,0,4.82,0,0,0,False,moving to wp 24 (d=0.48),0,0,0,1.7815,0,0.4564,42,100,D,5365
True,None,66.692,671,0.39,19,7,19,12,407.0,21.421,58.143,23,23,23,38.176,0,11,11,False,moving to wp 32 (d=0.51),174,23,23,3.896,0,0.4291,39,100,D,5366
True,None,80.768,814,0.64,27,10,27,27,532.0,19.704,0.0,43,43,43,45.592,0,16,16,False,moving to wp 33 (d=0.26),582,43,43,9.2436,0,0.4265,64,100,D,5367
True,None,38.8,388,0.47,12,11,12,1,553.0,46.083,50.273,1,1,1,10.313,0,0,0,False,moving to wp 24 (d=0.43),4,1,1,2.8456,0,0.4158,47,100,D,5368
True,None,38.7,387,0.43,9,8,9,1,410.0,45.556,51.25,1,1,1,8.649,0,0,0,False,moving to wp 22 (d=0.31),5,1,1,2.2749,0,0.479,43,100,D,5369
True,None,37.0,370,0.37,5,4,5,0,225.0,45.0,45.0,0,0,0,4.85,0,0,0,False,moving to wp 20 (d=0.63),0,0,0,1.3694,0,0.4546,37,100,D,5370
True,None,37.7,377,0.47,13,12,13,0,620.0,47.692,47.692,0,0,0,12.429,0,0,0,False,moving to wp 17 (d=0.39),0,0,0,2.8262,0,0.4313,47,100,D,5371
True,None,40.8,408,0.38,13,12,13,0,511.0,39.308,39.308,0,0,0,16.573,0,0,0,False,moving to wp 16 (d=0.24),0,0,0,2.0868,0,0.42,38,100,D,5372
True,None,43.1,431,0.36,15,13,15,2,601.0,40.067,46.231,3,3,3,19.465,0,1,1,False,moving to wp 21 (d=0.13),15,3,3,2.6668,0,0.4725,36,100,D,5373
True,None,39.5,395,0.44,8,7,8,0,340.0,42.5,42.5,0,0,0,12.065,0,0,0,False,moving to wp 25 (d=0.57),0,0,0,2.2821,0,0.4647,44,100,D,5374
True,None,43.273,433,0.44,14,12,14,5,636.0,45.429,70.667,6,6,6,27.437,0,1,1,False,moving to wp 15 (d=0.53),31,6,6,2.8961,0,0.4308,44,100,D,5375
True,None,49.028,491,0.53,14,9,14,2,449.0,32.071,37.417,6,6,6,20.981,0,4,4,False,moving to wp 19 (d=0.56),44,6,6,3.4227,0,0.4048,53,100,D,5376
True,None,42.7,427,0.5,12,10,12,0,442.0,36.833,36.833,1,1,1,14.944,0,1,1,False,moving to wp 17 (d=0.51),9,1,1,2.8813,0,0.4113,50,100,D,5377
True,None,44.58,447,0.45,18,15,18,1,682.0,37.889,40.118,3,3,3,21.702,0,2,2,False,moving to wp 22 (d=0.51),14,3,3,4.0447,0,0.4863,45,100,D,5378
True,None,41.6,416,0.45,8,6,8,3,327.0,40.875,65.4,4,4,4,13.506,0,1,1,False,moving to wp 27 (d=0.12),10,4,4,2.5438,0,0.4301,45,100,D,5379
True,None,38.4,384,0.48,11,10,11,2,370.0,33.636,41.111,2,2,2,12.202,0,0,0,False,moving to wp 16 (d=0.14),10,2,2,2.9874,0,0.4157,48,100,D,5380
True,None,38.6,386,0.46,8,7,8,0,293.0,36.625,36.625,0,0,0,8.753,0,0,0,False,moving to wp 20 (d=0.11),0,0,0,2.2024,0,0.4694,46,100,D,5381
True,None,38.0,380,0.39,8,7,8,1,317.0,39.625,45.286,1,1,1,7.294,0,0,0,False,moving to wp 24 (d=0.61),2,1,1,2.1273,0,0.4545,39,100,D,5382
True,None,38.3,383,0.4,6,5,6,0,243.0,40.5,40.5,0,0,0,5.636,0,0,0,False,moving to wp 17 (d=0.62),0,0,0,1.6237,0,0.4431,40,100,D,5383
True,None,47.145,472,0.52,13,10,13,2,536.0,41.231,48.727,4,4,4,21.95,0,2,2,False,moving to wp 28 (d=0.30),20,4,4,3.5072,0,0.4208,52,100,D,5384
True,None,38.7,387,0.49,10,9,10,1,435.0,43.5,48.333,1,1,1,10.241,0,0,0,False,moving to wp 23 (d=0.48),4,1,1,2.8186,0,0.4497,49,100,D,5385
True,None,38.6,386,0.39,5,4,5,0,174.0,34.8,34.8,0,0,0,4.893,0,0,0,False,moving to wp 16 (d=0.20),0,0,0,1.6134,0,0.4287,39,100,D,5386
True,None,80.453,812,0.48,32,14,32,12,793.0,24.781,39.65,29,29,29,48.147,0,17,17,False,moving to wp 23 (d=0.29),479,29,29,6.6203,0,0.4692,48,100,D,5387
True,None,37.8,378,0.48,10,9,10,0,377.0,37.7,37.7,0,0,0,9.678,0,0,0,False,moving to wp 16 (d=0.61),0,0,0,2.3475,0,0.4734,48,100,D,5388
True,None,37.4,374,0.47,7,6,7,0,296.0,42.286,42.286,0,0,0,9.946,0,0,0,False,moving to wp 17 (d=0.55),0,0,0,1.9373,0,0.4485,47,100,D,5389
True,None,41.2,412,0.37,17,16,17,5,670.0,39.412,55.833,5,5,5,13.482,0,0,0,False,moving to wp 19 (d=0.50),28,5,5,3.064,0,0.4267,37,100,D,5390
True,None,42.6,426,0.45,12,10,12,1,418.0,34.833,38.0,2,2,2,18.432,0,1,1,False,moving to wp 26 (d=0.18),12,2,2,2.8126,0,0.4529,45,100,D,5391
True,None,35.7,357,0.46,7,6,7,0,278.0,39.714,39.714,0,0,0,6.736,0,0,0,False,moving to wp 17 (d=0.53),0,0,0,2.0913,0,0.4278,46,100,D,5392
True,None,36.9,369,0.35,8,7,8,0,340.0,42.5,42.5,0,0,0,10.433,0,0,0,False,moving to wp 17 (d=0.25),0,0,0,1.8085,0,0.4474,35,100,D,5393
True,None,38.2,382,0.48,10,9,10,0,393.0,39.3,39.3,0,0,0,10.37,0,0,0,False,moving to wp 22 (d=0.53),0,0,0,2.4567,0,0.4324,48,100,D,5394
True,None,39.1,391,0.43,7,6,7,0,272.0,38.857,38.857,0,0,0,8.584,0,0,0,False,moving to wp 23 (d=0.34),0,0,0,1.9742,0,0.4994,43,100,D,5395
True,None,38.0,380,0.5,10,9,10,0,385.0,38.5,38.5,0,0,0,9.438,0,0,0,False,moving to wp 16 (d=0.60),0,0,0,2.7089,0,0.4376,50,100,D,5396
True,None,36.9,369,0.42,8,7,8,0,321.0,40.125,40.125,0,0,0,8.672,0,0,0,False,moving to wp 17 (d=0.39),0,0,0,2.0555,0,0.4013,42,100,D,5397
True,None,38.7,387,0.42,9,7,9,1,378.0,42.0,47.25,2,2,2,13.944,0,1,1,False,moving to wp 20 (d=0.53),12,2,2,1.9153,0,0.4735,42,100,D,5398
True,None,45.688,458,0.5,16,12,16,1,518.0,32.375,34.533,4,4,4,21.745,0,3,3,False,moving to wp 21 (d=0.11),22,4,4,3.4363,0,0.4088,50,100,D,5399
True,None,36.3,363,0.44,5,4,5,0,183.0,36.6,36.6,0,0,0,3.76,0,0,0,False,moving to wp 18 (d=0.48),0,0,0,1.6305,0,0.416,44,100,D,5400
True,None,39.1,391,0.34,9,8,9,1,391.0,43.444,48.875,1,1,1,10.263,0,0,0,False,moving to wp 19 (d=0.16),6,1,1,1.989,0,0.4148,34,100,D,5401
True,None,39.3,393,0.41,7,6,7,0,319.0,45.571,45.571,0,0,0,8.733,0,0,0,False,moving to wp 20 (d=0.53),0,0,0,1.8227,0,0.4978,41,100,D,5402
True,None,37.1,371,0.38,6,5,6,0,207.0,34.5,34.5,0,0,0,5.76,0,0,0,False,moving to wp 14 (d=0.23),0,0,0,1.6754,0,0.4571,38,100,D,5403
True,None,64.415,648,0.52,25,15,25,4,712.0,28.48,33.905,13,13,13,48.283,0,9,9,False,moving to wp 14 (d=0.15),193,13,13,5.2619,0,0.422,52,100,D,5404
True,None,45.646,457,0.49,15,12,15,1,540.0,36.0,38.571,3,3,3,24.16,0,2,2,False,moving to wp 18 (d=0.47),20,3,3,3.1949,0,0.4656,49,100,D,5405
True,None,39.3,393,0.41,12,10,12,0,438.0,36.5,36.5,1,1,1,19.06,0,1,1,False,moving to wp 13 (d=0.53),5,1,1,2.2154,0,0.4344,41,100,D,5406
True,None,37.6,376,0.4,8,7,8,0,327.0,40.875,40.875,0,0,0,7.461,0,0,0,False,moving to wp 22 (d=0.57),0,0,0,2.0384,0,0.4118,40,100,D,5407
True,None,45.185,453,0.44,10,6,10,7,327.0,32.7,109.0,10,10,10,12.016,0,3,3,False,moving to wp 23 (d=0.48),56,10,10,2.6546,0,0.4406,44,100,D,5408
True,None,39.6,396,0.54,12,11,12,0,497.0,41.417,41.417,0,0,0,13.305,0,0,0,False,moving to wp 17 (d=0.19),0,0,0,3.1566,0,0.448,54,100,D,5409
True,None,38.7,387,0.42,8,7,8,0,352.0,44.0,44.0,0,0,0,10.55,0,0,0,False,moving to wp 25 (d=0.64),0,0,0,1.9944,0,0.4965,42,100,D,5410
True,None,42.158,422,0.41,10,8,10,1,333.0,33.3,37.0,2,2,2,16.976,0,1,1,False,moving to wp 21 (d=0.50),12,2,2,2.379,0,0.4032,41,100,D,5411
True,None,37.2,372,0.4,6,5,6,0,265.0,44.167,44.167,0,0,0,6.589,0,0,0,False,moving to wp 20 (d=0.14),0,0,0,1.5348,0,0.4485,40,100,D,5412
True,None,42.5,425,0.41,14,12,14,3,567.0,40.5,51.545,4,4,4,24.652,0,1,1,False,moving to wp 25 (d=0.52),16,4,4,3.0988,0,0.454,41,100,D,5413
True,None,37.0,370,0.4,7,6,7,0,262.0,37.429,37.429,0,0,0,4.832,0,0,0,False,moving to wp 13 (d=0.45),0,0,0,1.8361,0,0.483,40,100,D,5414
True,None,39.6,396,0.48,9,8,9,1,369.0,41.0,46.125,1,1,1,11.356,0,0,0,False,moving to wp 22 (d=0.56),3,1,1,2.6568,0,0.4594,48,100,D,5415
True,None,37.2,372,0.43,9,8,9,1,323.0,35.889,40.375,1,1,1,8.409,0,0,0,False,moving to wp 14 (d=0.14),3,1,1,2.463,0,0.4494,43,100,D,5416
True,None,53.45,537,0.45,13,6,13,4,300.0,23.077,33.333,10,10,10,24.302,0,6,6,False,moving to wp 27 (d=0.39),50,10,10,3.0724,0,0.452,45,100,D,5417
True,None,39.5,395,0.46,13,12,13,0,534.0,41.077,41.077,0,0,0,13.892,0,0,0,False,moving to wp 21 (d=0.20),0,0,0,2.9205,0,0.4874,46,100,D,5418
True,None,39.7,397,0.49,8,7,8,0,351.0,43.875,43.875,0,0,0,10.329,0,0,0,False,moving to wp 16 (d=0.20),0,0,0,2.5102,0,0.4865,49,100,D,5419
True,None,52.338,525,0.48,18,13,18,1,530.0,29.444,31.176,5,5,5,31.444,0,4,4,False,moving to wp 23 (d=0.15),32,5,5,4.5674,0,0.4544,48,100,D,5420
True,None,38.3,383,0.4,10,9,10,0,484.0,48.4,48.4,0,0,0,15.331,0,0,0,False,moving to wp 26 (d=0.12),0,0,0,2.1713,0,0.415,40,100,D,5421
True,None,42.267,423,0.43,11,9,11,1,456.0,41.455,45.6,2,2,2,18.572,0,1,1,False,moving to wp 18 (d=0.28),6,2,2,2.3285,0,0.4515,43,100,D,5422
True,None,70.26,706,0.55,28,16,28,9,736.0,26.286,38.737,20,20,20,42.014,0,11,11,False,moving to wp 17 (d=0.19),309,20,20,6.8108,0,0.4062,55,100,D,5423
True,None,38.8,388,0.38,8,7,8,0,367.0,45.875,45.875,0,0,0,8.731,0,0,0,False,moving to wp 18 (d=0.18),0,0,0,1.7731,0,0.4713,38,100,D,5424
True,None,54.743,549,0.47,16,10,16,4,429.0,26.812,35.75,9,9,9,39.043,0,5,5,False,moving to wp 18 (d=0.11),74,9,9,3.8267,0,0.41,47,100,D,5425
True,None,49.198,494,0.44,14,8,14,6,424.0,30.286,53.0,11,11,11,24.178,0,5,5,False,moving to wp 21 (d=0.43),77,11,11,3.3172,0,0.4337,44,100,D,5426
True,None,39.6,396,0.46,12,11,12,0,408.0,34.0,34.0,0,0,0,13.753,0,0,0,False,moving to wp 15 (d=0.36),0,0,0,2.6499,0,0.4825,46,100,D,5427
True,None,38.6,386,0.44,12,11,12,0,499.0,41.583,41.583,0,0,0,11.239,0,0,0,False,moving to wp 20 (d=0.59),0,0,0,2.5406,0,0.4671,44,100,D,5428
True,None,36.6,366,0.44,6,5,6,1,234.0,39.0,46.8,1,1,1,3.907,0,0,0,False,moving to wp 18 (d=0.54),4,1,1,1.6953,0,0.4412,44,100,D,5429
True,None,37.2,372,0.41,5,4,5,0,174.0,34.8,34.8,0,0,0,4.725,0,0,0,False,moving to wp 14 (d=0.14),0,0,0,1.5729,0,0.4289,41,100,D,5430
True,None,39.167,392,0.4,8,6,8,1,274.0,34.25,39.143,2,2,2,14.725,0,1,1,False,moving to wp 20 (d=0.64),10,2,2,2.2996,0,0.4742,40,100,D,5431
True,None,39.1,391,0.37,8,7,8,0,309.0,38.625,38.625,0,0,0,8.659,0,0,0,False,moving to wp 17 (d=0.19),0,0,0,2.1165,0,0.4171,37,100,D,5432
True,None,44.455,446,0.43,10,7,10,1,308.0,30.8,34.222,3,3,3,18.765,0,2,2,False,moving to wp 21 (d=0.55),20,3,3,2.4096,0,0.4773,43,100,D,5433
True,None,51.551,516,0.42,15,10,15,2,516.0,34.4,39.692,6,6,6,35.762,0,4,4,False,moving to wp 36 (d=0.51),25,6,6,3.1851,0,0.4198,42,100,D,5434
True,None,37.3,373,0.47,9,8,9,0,375.0,41.667,41.667,0,0,0,8.617,0,0,0,False,moving to wp 20 (d=0.60),0,0,0,2.5672,0,0.4632,47,100,D,5435
True,None,38.0,380,0.31,10,9,10,2,352.0,35.2,44.0,2,2,2,12.277,0,0,0,False,moving to wp 17 (d=0.36),10,2,2,1.9118,0,0.4713,31,100,D,5436
True,None,36.6,366,0.4,8,7,8,0,289.0,36.125,36.125,0,0,0,8.656,0,0,0,False,moving to wp 13 (d=0.15),0,0,0,1.9638,0,0.4645,40,100,D,5437
True,None,38.5,385,0.39,7,6,7,0,300.0,42.857,42.857,0,0,0,7.568,0,0,0,False,moving to wp 19 (d=0.55),0,0,0,1.8177,0,0.4474,39,100,D,5438
True,None,43.933,440,0.47,13,10,13,5,530.0,40.769,66.25,7,7,7,21.798,0,2,2,False,moving to wp 16 (d=0.37),19,7,7,3.0507,0,0.4854,47,100,D,5439
True,None,38.8,388,0.38,8,7,8,1,334.0,41.75,47.714,1,1,1,9.155,0,0,0,False,moving to wp 13 (d=0.15),4,1,1,1.9273,0,0.4302,38,100,D,5440
True,None,38.5,385,0.38,7,6,7,0,330.0,47.143,47.143,0,0,0,8.124,0,0,0,False,moving to wp 22 (d=0.10),0,0,0,1.7342,0,0.423,38,100,D,5441
True,None,52.372,524,0.45,16,11,16,5,568.0,35.5,51.636,9,9,9,34.559,0,4,4,False,moving to wp 19 (d=0.45),91,9,9,4.0998,0,0.4491,45,100,D,5442
True,None,38.8,388,0.44,6,5,6,0,279.0,46.5,46.5,0,0,0,6.431,0,0,0,False,moving to wp 34 (d=0.36),0,0,0,1.7784,0,0.4665,44,100,D,5443
True,None,37.3,373,0.51,9,8,9,0,382.0,42.444,42.444,0,0,0,7.543,0,0,0,False,moving to wp 17 (d=0.39),0,0,0,2.3089,0,0.4486,51,100,D,5444
True,None,38.5,385,0.52,8,7,8,1,287.0,35.875,41.0,1,1,1,7.761,0,0,0,False,moving to wp 17 (d=0.14),7,1,1,2.4345,0,0.4669,52,100,D,5445
True,None,40.5,405,0.5,16,14,16,1,606.0,37.875,40.4,2,2,2,18.637,0,1,1,False,moving to wp 21 (d=0.32),18,2,2,3.9259,0,0.4324,50,100,D,5446
True,None,38.3,383,0.45,6,5,6,0,249.0,41.5,41.5,0,0,0,6.594,0,0,0,False,moving to wp 20 (d=0.52),0,0,0,1.8683,0,0.4615,45,100,D,5447
True,None,46.559,467,0.4,15,11,15,5,592.0,39.467,59.2,8,8,8,23.585,0,3,3,False,moving to wp 27 (d=0.59),76,8,8,3.2959,0,0.4863,40,100,D,5448
True,None,47.553,477,0.51,15,10,15,4,433.0,28.867,39.364,8,8,8,22.835,0,4,4,False,moving to wp 16 (d=0.30),72,8,8,3.4228,0,0.4883,51,100,D,5449
True,None,42.7,427,0.41,10,8,10,3,421.0,42.1,60.143,4,4,4,19.599,0,1,1,False,moving to wp 19 (d=0.34),23,4,4,2.5558,0,0.4607,41,100,D,5450
True,None,39.4,394,0.47,13,12,13,2,585.0,45.0,53.182,2,2,2,14.651,0,0,0,False,moving to wp 22 (d=0.29),10,2,2,3.035,0,0.4628,47,100,D,5451
True,None,49.255,494,0.44,15,11,15,3,541.0,36.067,45.083,6,6,6,28.941,0,3,3,False,moving to wp 24 (d=0.23),45,6,6,2.877,0,0.4418,44,100,D,5452
True,None,37.1,371,0.4,7,6,7,0,284.0,40.571,40.571,0,0,0,8.993,0,0,0,False,moving to wp 24 (d=0.60),0,0,0,1.8919,0,0.4219,40,100,D,5453
True,None,44.443,445,0.49,16,13,16,3,568.0,35.5,43.692,5,5,5,28.838,0,2,2,False,moving to wp 15 (d=0.21),41,5,5,3.5728,0,0.4378,49,100,D,5454
True,None,36.3,363,0.47,7,6,7,0,291.0,41.571,41.571,0,0,0,5.779,0,0,0,False,moving to wp 17 (d=0.48),0,0,0,2.1166,0,0.4005,47,100,D,5455
True,None,39.3,393,0.47,9,8,9,0,358.0,39.778,39.778,0,0,0,10.633,0,0,0,False,moving to wp 17 (d=0.15),0,0,0,2.2166,0,0.4234,47,100,D,5456
True,None,51.444,515,0.49,15,10,15,6,519.0,34.6,57.667,10,10,10,34.135,0,4,4,False,moving to wp 25 (d=0.13),75,10,10,3.3804,0,0.4603,49,100,D,5457
True,None,38.2,382,0.38,10,9,10,0,435.0,43.5,43.5,0,0,0,9.577,0,0,0,False,moving to wp 20 (d=0.53),0,0,0,2.0777,0,0.4238,38,100,D,5458
True,None,38.2,382,0.37,5,4,5,0,225.0,45.0,45.0,0,0,0,5.804,0,0,0,False,moving to wp 20 (d=0.34),0,0,0,1.5496,0,0.4318,37,100,D,5459
True,None,39.5,395,0.42,9,8,9,0,374.0,41.556,41.556,0,0,0,12.782,0,0,0,False,moving to wp 20 (d=0.62),0,0,0,2.0039,0,0.4457,42,100,D,5460
True,None,43.3,433,0.36,13,11,13,4,562.0,43.231,62.444,5,5,5,19.24,0,1,1,False,moving to wp 27 (d=0.21),44,5,5,3.1109,0,0.4378,36,100,D,5461
True,None,51.325,514,0.43,16,10,16,5,450.0,28.125,40.909,10,10,10,40.08,0,5,5,False,moving to wp 29 (d=0.52),84,10,10,3.557,0,0.4214,43,100,D,5462
True,None,41.1,411,0.53,12,11,12,2,443.0,36.917,44.3,2,2,2,17.577,0,0,0,False,moving to wp 17 (d=0.55),16,2,2,3.2009,0,0.4483,53,100,D,5463
True,None,38.7,387,0.38,6,5,6,0,213.0,35.5,35.5,0,0,0,6.604,0,0,0,False,moving to wp 16 (d=0.20),0,0,0,1.6705,0,0.4308,38,100,D,5464
True,None,40.4,404,0.48,8,6,8,1,262.0,32.75,37.429,2,2,2,13.906,0,1,1,False,moving to wp 22 (d=0.27),8,2,2,2.831,0,0.471,48,100,D,5465
True,None,38.7,387,0.46,10,9,10,1,417.0,41.7,46.333,1,1,1,11.733,0,0,0,False,moving to wp 20 (d=0.25),2,1,1,2.3634,0,0.4933,46,100,D,5466
True,None,37.2,372,0.58,10,9,10,0,391.0,39.1,39.1,0,0,0,7.54,0,0,0,False,moving to wp 15 (d=0.32),0,0,0,2.9448,0,0.4142,58,100,D,5467
True,None,38.6,386,0.47,7,6,7,0,264.0,37.714,37.714,0,0,0,7.655,0,0,0,False,moving to wp 14 (d=0.22),0,0,0,2.2095,0,0.4708,47,100,D,5468
True,None,35.6,356,0.37,5,4,5,0,188.0,37.6,37.6,0,0,0,5.46,0,0,0,False,moving to wp 16 (d=0.38),0,0,0,1.395,0,0.4686,37,100,D,5469
True,None,36.6,366,0.43,7,6,7,0,348.0,49.714,49.714,0,0,0,6.751,0,0,0,False,moving to wp 29 (d=0.29),0,0,0,1.7757,0,0.4023,43,100,D,5470
True,None,38.1,381,0.41,10,9,10,0,432.0,43.2,43.2,0,0,0,9.334,0,0,0,False,moving to wp 25 (d=0.21),0,0,0,2.2899,0,0.4122,41,100,D,5471
True,None,37.8,378,0.4,8,7,8,0,310.0,38.75,38.75,0,0,0,9.396,0,0,0,False,moving to wp 17 (d=0.27),0,0,0,1.9052,0,0.4544,40,100,D,5472
True,None,47.533,477,0.45,11,7,11,7,392.0,35.636,98.0,10,10,10,18.426,0,3,3,False,moving to wp 23 (d=0.14),56,10,10,2.9243,0,0.4168,45,100,D,5473
True,None,39.3,393,0.4,9,8,9,0,394.0,43.778,43.778,0,0,0,8.517,0,0,0,False,moving to wp 22 (d=0.45),0,0,0,2.0057,0,0.4079,40,100,D,5474
True,None,39.6,396,0.5,15,14,15,1,623.0,41.533,44.5,1,1,1,12.503,0,0,0,False,moving to wp 18 (d=0.57),3,1,1,3.8362,0,0.4452,50,100,D,5475
True,None,41.2,412,0.37,4,2,4,3,165.0,41.25,165.0,4,4,4,10.93,0,1,1,False,moving to wp 47 (d=0.22),6,4,4,1.4729,0,0.4071,37,100,D,5476
True,None,37.3,373,0.43,11,10,11,1,544.0,49.455,54.4,1,1,1,11.998,0,0,0,False,moving to wp 33 (d=0.38),5,1,1,2.5529,0,0.4838,43,100,D,5477
True,None,42.8,428,0.47,11,10,11,1,520.0,47.273,52.0,1,1,1,14.643,0,0,0,False,moving to wp 22 (d=0.46),3,1,1,2.8455,0,0.4678,47,100,D,5478
True,None,39.3,393,0.42,12,11,12,1,488.0,40.667,44.364,1,1,1,14.039,0,0,0,False,moving to wp 16 (d=0.50),3,1,1,2.5014,0,0.4039,42,100,D,5479
True,None,36.5,365,0.42,3,2,3,0,162.0,54.0,54.0,0,0,0,1.855,0,0,0,False,moving to wp 43 (d=0.26),0,0,0,1.4103,0,0.4317,42,100,D,5480
True,None,39.1,391,0.46,11,10,11,2,506.0,46.0,56.222,2,2,2,13.738,0,0,0,False,moving to wp 15 (d=0.30),9,2,2,2.4212,0,0.4406,46,100,D,5481
True,None,93.166,941,0.53,37,15,37,15,660.0,17.838,30.0,36,36,36,83.159,0,21,21,False,moving to wp 39 (d=0.19),501,36,36,8.4859,0,0.443,53,100,D,5482
True,None,43.867,439,0.38,13,10,13,4,488.0,37.538,54.222,6,6,6,24.169,0,2,2,False,moving to wp 22 (d=0.34),38,6,6,2.6805,0,0.4811,38,100,D,5483
True,None,71.596,720,0.51,25,12,25,14,609.0,24.36,55.364,26,26,26,43.595,0,12,12,False,moving to wp 19 (d=0.15),294,26,26,6.418,0,0.4197,51,100,D,5484
True,None,39.9,399,0.5,11,10,11,0,458.0,41.636,41.636,0,0,0,12.878,0,0,0,False,moving to wp 23 (d=0.53),0,0,0,3.1329,0,0.476,50,100,D,5485
True,None,39.8,398,0.4,10,9,10,1,442.0,44.2,49.111,1,1,1,13.218,0,0,0,False,moving to wp 19 (d=0.56),9,1,1,2.5277,0,0.435,40,100,D,5486
True,None,41.6,416,0.47,15,14,15,1,607.0,40.467,43.357,1,1,1,14.799,0,0,0,False,moving to wp 24 (d=0.39),2,1,1,3.2024,0,0.4981,47,100,D,5487
True,None,38.2,382,0.36,10,9,10,0,320.0,32.0,32.0,0,0,0,11.075,0,0,0,False,moving to wp 16 (d=0.54),0,0,0,2.0341,0,0.4062,36,100,D,5488
True,None,53.389,534,0.52,20,16,20,5,725.0,36.25,48.333,8,8,8,44.779,0,3,3,False,moving to wp 26 (d=0.46),56,8,8,4.5591,0,0.4556,52,100,D,5489
True,None,38.3,383,0.45,10,9,10,1,426.0,42.6,47.333,1,1,1,9.528,0,0,0,False,moving to wp 15 (d=0.20),8,1,1,2.2844,0,0.4246,45,100,D,5490
True,None,36.3,363,0.35,7,6,7,0,319.0,45.571,45.571,0,0,0,6.645,0,0,0,False,moving to wp 19 (d=0.56),0,0,0,1.4491,0,0.4066,35,100,D,5491
True,None,40.3,403,0.31,7,6,7,2,388.0,55.429,77.6,2,2,2,9.33,0,0,0,False,moving to wp 37 (d=0.13),6,2,2,1.7791,0,0.4393,31,100,D,5492
True,None,49.276,494,0.37,13,9,13,8,502.0,38.615,100.4,11,11,11,21.618,0,3,3,False,moving to wp 24 (d=0.47),69,11,11,3.3716,0,0.4874,37,100,D,5493
True,None,41.9,419,0.44,12,10,12,2,473.0,39.417,47.3,3,3,3,22.021,0,1,1,False,moving to wp 21 (d=0.50),10,3,3,3.0075,0,0.4648,44,100,D,5494
True,None,43.768,439,0.48,9,6,9,2,246.0,27.333,35.143,4,4,4,14.668,0,2,2,False,moving to wp 17 (d=0.28),23,4,4,2.8046,0,0.4878,48,100,D,5495
True,None,39.9,399,0.46,10,9,10,1,412.0,41.2,45.778,1,1,1,12.252,0,0,0,False,moving to wp 22 (d=0.55),4,1,1,2.3975,0,0.4521,46,100,D,5496
True,None,50.614,507,0.38,13,9,13,4,415.0,31.923,46.111,7,7,7,32.078,0,3,3,False,moving to wp 30 (d=0.31),42,7,7,2.9852,0,0.4913,38,100,D,5497
True,None,38.8,388,0.46,9,8,9,1,406.0,45.111,50.75,1,1,1,8.359,0,0,0,False,moving to wp 19 (d=0.34),5,1,1,2.061,0,0.4588,46,100,D,5498
True,None,79.615,803,0.53,37,20,37,7,955.0,25.811,31.833,23,23,23,68.159,0,16,16,False,moving to wp 23 (d=0.29),500,23,23,8.3628,0,0.417,53,100,D,5499
True,None,38.5,385,0.45,7,6,7,0,247.0,35.286,35.286,0,0,0,5.774,0,0,0,False,moving to wp 14 (d=0.23),0,0,0,2.7511,0,0.473,63,140,E,5000
True,None,38.9,389,0.5143,10,9,10,0,409.0,40.9,40.9,0,0,0,11.23,0,0,0,False,moving to wp 21 (d=0.38),0,0,0,4.1622,0,0.4043,72,140,E,5001
True,None,43.8,438,0.3643,13,11,13,2,482.0,37.077,43.818,3,3,3,21.271,0,1,1,False,moving to wp 25 (d=0.10),10,3,3,4.0119,0,0.4733,51,140,E,5002
True,None,40.0,400,0.4857,12,11,12,0,485.0,40.417,40.417,0,0,0,15.686,0,0,0,False,moving to wp 16 (d=0.54),0,0,0,3.9052,0,0.444,68,140,E,5003
True,None,37.8,378,0.3786,7,6,7,0,331.0,47.286,47.286,0,0,0,4.592,0,0,0,False,moving to wp 30 (d=0.12),0,0,0,2.4522,0,0.4429,53,140,E,5004
True,None,38.4,384,0.4857,17,16,17,1,719.0,42.294,44.938,1,1,1,13.06,0,0,0,False,moving to wp 12 (d=0.37),13,1,1,4.8191,0,0.4992,68,140,E,5005
True,None,37.2,372,0.45,13,12,13,0,443.0,34.077,34.077,0,0,0,13.02,0,0,0,False,moving to wp 13 (d=0.11),0,0,0,3.7617,0,0.4499,63,140,E,5006
True,None,41.6,416,0.3929,12,10,12,0,422.0,35.167,35.167,1,1,1,18.403,0,1,1,False,moving to wp 16 (d=0.30),7,1,1,3.3651,0,0.4377,55,140,E,5007
True,None,38.4,384,0.4,8,7,8,0,389.0,48.625,48.625,0,0,0,10.501,0,0,0,False,moving to wp 23 (d=0.29),0,0,0,2.5459,0,0.4814,56,140,E,5008
True,None,40.389,404,0.4143,11,9,11,1,421.0,38.273,42.1,2,2,2,16.69,0,1,1,False,moving to wp 25 (d=0.26),18,2,2,3.6483,0,0.4203,58,140,E,5009
True,None,46.784,469,0.45,10,7,10,3,356.0,35.6,50.857,5,5,5,23.625,0,2,2,False,moving to wp 15 (d=0.23),26,5,5,3.8599,0,0.4041,63,140,E,5010
True,None,37.6,376,0.4071,9,8,9,0,336.0,37.333,37.333,0,0,0,8.4,0,0,0,False,moving to wp 17 (d=0.39),0,0,0,2.9644,0,0.4575,57,140,E,5011
True,None,41.7,417,0.4714,13,11,13,1,536.0,41.231,44.667,2,2,2,21.768,0,1,1,False,moving to wp 27 (d=0.26),9,2,2,4.1955,0,0.4013,66,140,E,5012
True,None,56.181,565,0.4714,17,9,17,12,426.0,25.059,85.2,19,19,19,22.181,0,7,7,False,moving to wp 15 (d=0.43),196,19,19,5.5785,0,0.424,66,140,E,5013
True,None,35.6,356,0.4214,3,2,3,0,102.0,34.0,34.0,0,0,0,1.928,0,0,0,False,moving to wp 15 (d=0.12),0,0,0,1.8963,0,0.4596,59,140,E,5014
True,None,40.1,401,0.3429,12,11,12,0,461.0,38.417,38.417,0,0,0,11.087,0,0,0,False,moving to wp 21 (d=0.18),0,0,0,3.1608,0,0.4302,48,140,E,5015
True,None,37.5,375,0.3714,10,9,10,1,445.0,44.5,49.444,1,1,1,10.227,0,0,0,False,moving to wp 20 (d=0.34),8,1,1,3.0058,0,0.4067,52,140,E,5016
True,None,80.898,815,0.6143,33,16,33,17,710.0,21.515,44.375,33,33,33,55.267,0,16,16,False,moving to wp 17 (d=0.18),616,33,33,11.5101,0,0.4908,86,140,E,5017
True,None,41.8,418,0.3429,8,6,8,0,281.0,35.125,35.125,1,1,1,16.426,0,1,1,False,moving to wp 24 (d=0.20),3,1,1,2.6503,0,0.4941,48,140,E,5018
True,None,41.1,411,0.5214,6,4,6,2,251.0,41.833,62.75,3,3,3,13.987,0,1,1,False,moving to wp 20 (d=0.41),7,3,3,2.6316,0,0.4613,73,140,E,5019
True,None,47.226,473,0.4143,16,13,16,2,603.0,37.688,43.071,4,4,4,21.233,0,2,2,False,moving to wp 14 (d=0.20),37,4,4,4.2359,0,0.4919,58,140,E,5020
True,None,40.3,403,0.4643,11,10,11,3,470.0,42.727,58.75,3,3,3,11.468,0,0,0,False,moving to wp 19 (d=0.29),15,3,3,3.6218,0,0.4639,65,140,E,5021
True,None,40.8,408,0.45,18,16,18,1,736.0,40.889,43.294,2,2,2,19.25,0,1,1,False,moving to wp 13 (d=0.36),24,2,2,4.2653,0,0.4223,63,140,E,5022
True,None,41.7,417,0.5143,13,11,13,4,513.0,39.462,57.0,5,5,5,19.283,0,1,1,False,moving to wp 17 (d=0.45),39,5,5,4.6816,0,0.4141,72,140,E,5023
True,None,38.7,387,0.3929,9,8,9,1,411.0,45.667,51.375,1,1,1,9.361,0,0,0,False,moving to wp 14 (d=0.64),2,1,1,2.971,0,0.4829,55,140,E,5024
True,None,37.3,373,0.4786,12,11,12,0,439.0,36.583,36.583,0,0,0,12.263,0,0,0,False,moving to wp 15 (d=0.21),0,0,0,4.3295,0,0.454,67,140,E,5025
True,None,39.4,394,0.4786,17,16,17,0,688.0,40.471,40.471,0,0,0,15.503,0,0,0,False,moving to wp 18 (d=0.57),0,0,0,5.094,0,0.4074,67,140,E,5026
True,None,43.4,434,0.45,14,12,14,2,519.0,37.071,43.25,3,3,3,15.84,0,1,1,False,moving to wp 20 (d=0.26),14,3,3,4.1527,0,0.415,63,140,E,5027
True,None,37.2,372,0.3714,8,7,8,0,301.0,37.625,37.625,0,0,0,9.38,0,0,0,False,moving to wp 23 (d=0.55),0,0,0,2.3529,0,0.4537,52,140,E,5028
True,None,38.4,384,0.4786,10,9,10,1,399.0,39.9,44.333,1,1,1,10.413,0,0,0,False,moving to wp 18 (d=0.62),3,1,1,3.538,0,0.4525,67,140,E,5029
True,None,39.5,395,0.4643,8,7,8,1,393.0,49.125,56.143,1,1,1,10.773,0,0,0,False,moving to wp 26 (d=0.53),4,1,1,2.9438,0,0.4756,65,140,E,5030
True,None,64.962,653,0.4786,22,10,22,21,519.0,23.591,519.0,32,32,32,33.215,0,11,11,False,moving to wp 20 (d=0.41),363,32,32,7.8795,0,0.461,67,140,E,5031
True,None,49.035,491,0.4571,20,16,20,5,808.0,40.4,53.867,8,8,8,33.12,0,3,3,False,moving to wp 22 (d=0.50),71,8,8,5.7153,0,0.4058,64,140,E,5032
True,None,47.338,475,0.4857,20,15,20,3,642.0,32.1,37.765,7,7,7,25.878,0,4,4,False,moving to wp 20 (d=0.52),61,7,7,5.558,0,0.4566,68,140,E,5033
True,None,57.08,573,0.4571,19,12,19,7,643.0,33.842,53.583,13,13,13,25.506,0,6,6,False,moving to wp 15 (d=0.42),137,13,13,5.5182,0,0.4647,64,140,E,5034
True,None,37.7,377,0.4714,14,13,14,0,505.0,36.071,36.071,0,0,0,12.976,0,0,0,False,moving to wp 19 (d=0.28),0,0,0,4.2804,0,0.4993,66,140,E,5035
True,None,38.7,387,0.5,16,15,16,1,592.0,37.0,39.467,1,1,1,18.507,0,0,0,False,moving to wp 16 (d=0.30),5,1,1,5.3709,0,0.49,70,140,E,5036
True,None,38.1,381,0.4214,9,8,9,1,415.0,46.111,51.875,1,1,1,12.951,0,0,0,False,moving to wp 29 (d=0.55),6,1,1,3.3301,0,0.4991,59,140,E,5037
True,None,42.656,427,0.3643,13,10,13,3,466.0,35.846,46.6,5,5,5,18.627,0,2,2,False,moving to wp 16 (d=0.50),47,5,5,3.905,0,0.4554,51,140,E,5038
True,None,46.716,468,0.4929,20,17,20,1,697.0,34.85,36.684,3,3,3,28.677,0,2,2,False,moving to wp 14 (d=0.21),34,3,3,5.6448,0,0.4321,69,140,E,5039
True,None,45.634,458,0.4214,14,11,14,6,568.0,40.571,71.0,8,8,8,18.669,0,2,2,False,moving to wp 15 (d=0.23),67,8,8,4.1031,0,0.4726,59,140,E,5040
True,None,42.8,428,0.3571,9,7,9,2,377.0,41.889,53.857,3,3,3,13.914,0,1,1,False,moving to wp 19 (d=0.34),21,3,3,2.4252,0,0.4537,50,140,E,5041
True,None,42.0,420,0.3786,10,8,10,0,430.0,43.0,43.0,1,1,1,19.318,0,1,1,False,moving to wp 21 (d=0.33),6,1,1,2.6086,0,0.4213,53,140,E,5042
True,None,41.5,415,0.4571,18,16,18,2,757.0,42.056,47.312,3,3,3,25.562,0,1,1,False,moving to wp 16 (d=0.29),19,3,3,4.5873,0,0.4963,64,140,E,5043
True,None,39.5,395,0.4071,12,11,12,0,432.0,36.0,36.0,0,0,0,16.466,0,0,0,False,moving to wp 16 (d=0.35),0,0,0,3.5862,0,0.4921,57,140,E,5044
True,None,42.6,426,0.4429,11,9,11,1,458.0,41.636,45.8,2,2,2,15.408,0,1,1,False,moving to wp 19 (d=0.14),17,2,2,3.7804,0,0.4366,62,140,E,5045
True,None,38.8,388,0.4571,9,8,9,0,348.0,38.667,38.667,0,0,0,10.952,0,0,0,False,moving to wp 20 (d=0.47),0,0,0,3.4793,0,0.4185,64,140,E,5046
True,None,49.754,499,0.4429,20,15,20,7,530.0,26.5,40.769,11,11,11,26.41,0,4,4,False,moving to wp 13 (d=0.34),112,11,11,6.0468,0,0.4761,62,140,E,5047
True,None,47.32,474,0.4071,12,9,12,2,473.0,39.417,47.3,4,4,4,20.361,0,2,2,False,moving to wp 28 (d=0.15),15,4,4,3.5283,0,0.427,57,140,E,5048
True,None,45.422,455,0.4643,14,11,14,0,433.0,30.929,30.929,2,2,2,18.391,0,2,2,False,moving to wp 13 (d=0.46),13,2,2,4.1476,0,0.4476,65,140,E,5049
True,None,37.3,373,0.3929,7,6,7,0,310.0,44.286,44.286,0,0,0,8.179,0,0,0,False,moving to wp 14 (d=0.54),0,0,0,2.4493,0,0.4236,55,140,E,5050
True,None,44.3,443,0.4429,12,10,12,3,523.0,43.583,58.111,4,4,4,22.076,0,1,1,False,moving to wp 28 (d=0.21),11,4,4,3.6618,0,0.4982,62,140,E,5051
True,None,41.6,416,0.3571,10,8,10,1,391.0,39.1,43.444,2,2,2,17.341,0,1,1,False,moving to wp 15 (d=0.51),16,2,2,2.5404,0,0.4914,50,140,E,5052
True,None,58.084,584,0.4357,17,9,17,14,392.0,23.059,130.667,21,21,21,36.443,0,7,7,False,moving to wp 17 (d=0.25),139,21,21,5.331,0,0.4044,61,140,E,5053
True,None,55.626,558,0.4929,23,17,23,11,813.0,35.348,67.75,16,16,16,31.221,0,5,5,False,moving to wp 14 (d=0.43),203,16,16,6.7822,0,0.455,69,140,E,5054
True,None,37.5,375,0.4357,8,7,8,0,368.0,46.0,46.0,0,0,0,8.556,0,0,0,False,moving to wp 27 (d=0.52),0,0,0,3.3294,0,0.4453,61,140,E,5055
True,None,67.161,677,0.5571,32,20,32,19,923.0,28.844,71.0,30,30,30,50.667,0,11,11,False,moving to wp 16 (d=0.40),342,30,30,10.4762,0,0.4511,78,140,E,5056
True,None,39.7,397,0.4786,6,5,6,0,255.0,42.5,42.5,0,0,0,8.631,0,0,0,False,moving to wp 13 (d=0.56),0,0,0,3.0046,0,0.403,67,140,E,5057
True,None,55.927,560,0.5143,20,13,20,7,596.0,29.8,45.846,13,13,13,32.036,0,6,6,False,moving to wp 18 (d=0.53),107,13,13,6.2731,0,0.401,72,140,E,5058
True,None,36.7,367,0.4,9,8,9,0,383.0,42.556,42.556,0,0,0,10.236,0,0,0,False,moving to wp 21 (d=0.32),0,0,0,2.5453,0,0.4119,56,140,E,5059
True,None,40.4,404,0.4929,15,14,15,1,708.0,47.2,50.571,1,1,1,13.991,0,0,0,False,moving to wp 14 (d=0.32),12,1,1,4.4482,0,0.4361,69,140,E,5060
True,None,36.8,368,0.45,5,4,5,0,206.0,41.2,41.2,0,0,0,6.293,0,0,0,False,moving to wp 30 (d=0.51),0,0,0,2.3811,0,0.497,63,140,E,5061
True,None,35.8,358,0.3714,4,3,4,0,157.0,39.25,39.25,0,0,0,2.898,0,0,0,False,moving to wp 12 (d=0.58),0,0,0,1.7526,0,0.4017,52,140,E,5062
True,None,39.6,396,0.35,10,9,10,0,416.0,41.6,41.6,0,0,0,13.82,0,0,0,False,moving to wp 22 (d=0.12),0,0,0,2.9617,0,0.4623,49,140,E,5063
True,None,37.7,377,0.4071,9,8,9,0,298.0,33.111,33.111,0,0,0,8.223,0,0,0,False,moving to wp 14 (d=0.56),0,0,0,3.179,0,0.4959,57,140,E,5064
True,None,81.123,818,0.6143,32,15,32,27,608.0,19.0,121.6,43,43,43,56.827,0,16,16,False,moving to wp 18 (d=0.65),770,43,43,12.51,0,0.471,86,140,E,5065
True,None,37.1,371,0.3929,6,5,6,0,223.0,37.167,37.167,0,0,0,5.786,0,0,0,False,moving to wp 18 (d=0.18),0,0,0,2.3763,0,0.4467,55,140,E,5066
True,None,36.3,363,0.4286,11,10,11,0,420.0,38.182,38.182,0,0,0,10.85,0,0,0,False,moving to wp 19 (d=0.35),0,0,0,3.446,0,0.4542,60,140,E,5067
True,None,51.085,511,0.4429,16,11,16,1,550.0,34.375,36.667,5,5,5,37.382,0,4,4,False,moving to wp 23 (d=0.17),42,5,5,4.6137,0,0.494,62,140,E,5068
True,None,38.8,388,0.3857,10,9,10,0,446.0,44.6,44.6,0,0,0,11.54,0,0,0,False,moving to wp 31 (d=0.35),0,0,0,2.9426,0,0.4556,54,140,E,5069
True,None,39.3,393,0.4857,12,11,12,0,443.0,36.917,36.917,0,0,0,12.095,0,0,0,False,moving to wp 18 (d=0.34),0,0,0,4.2645,0,0.4784,68,140,E,5070
True,None,37.6,376,0.4571,8,7,8,0,378.0,47.25,47.25,0,0,0,6.484,0,0,0,False,moving to wp 24 (d=0.18),0,0,0,2.5138,0,0.4123,64,140,E,5071
True,None,36.8,368,0.4286,30,29,30,0,843.0,28.1,28.1,0,0,0,15.698,0,0,0,False,moving to wp 17 (d=0.54),0,0,0,6.9353,0,0.402,60,140,E,5072
True,None,40.2,402,0.45,11,10,11,2,415.0,37.727,46.111,2,2,2,10.696,0,0,0,False,moving to wp 19 (d=0.33),9,2,2,3.7716,0,0.4711,63,140,E,5073
True,None,42.3,423,0.3643,10,8,10,4,461.0,46.1,76.833,5,5,5,17.179,0,1,1,False,moving to wp 25 (d=0.52),25,5,5,2.8325,0,0.4241,51,140,E,5074
True,None,56.333,564,0.4857,23,17,23,3,789.0,34.304,39.45,8,8,8,47.608,0,5,5,False,moving to wp 22 (d=0.50),126,8,8,7.2459,0,0.412,68,140,E,5075
True,None,37.9,379,0.4571,13,12,13,1,605.0,46.538,50.417,1,1,1,14.255,0,0,0,False,moving to wp 26 (d=0.52),7,1,1,4.3425,0,0.4202,64,140,E,5076
True,None,48.946,490,0.5,12,8,12,7,385.0,32.083,77.0,10,10,10,19.221,0,3,3,False,moving to wp 22 (d=0.38),72,10,10,4.6964,0,0.4746,70,140,E,5077
True,None,38.3,383,0.4214,9,8,9,0,391.0,43.444,43.444,0,0,0,10.627,0,0,0,False,moving to wp 19 (d=0.52),0,0,0,2.8731,0,0.4721,59,140,E,5078
True,None,66.153,665,0.5714,24,12,24,7,461.0,19.208,27.118,18,18,18,46.473,0,11,11,False,moving to wp 16 (d=0.26),238,18,18,7.7512,0,0.4326,80,140,E,5079
True,None,39.2,392,0.3857,11,10,11,0,463.0,42.091,42.091,0,0,0,10.349,0,0,0,False,moving to wp 15 (d=0.43),0,0,0,3.1437,0,0.4073,54,140,E,5080
True,None,38.1,381,0.3786,11,10,11,2,455.0,41.364,50.556,2,2,2,11.925,0,0,0,False,moving to wp 21 (d=0.45),8,2,2,3.1824,0,0.4719,53,140,E,5081
True,None,38.0,380,0.3786,13,12,13,1,498.0,38.308,41.5,1,1,1,12.899,0,0,0,False,moving to wp 14 (d=0.33),8,1,1,3.2325,0,0.4304,53,140,E,5082
True,None,36.5,365,0.4071,9,8,9,1,270.0,30.0,33.75,1,1,1,6.628,0,0,0,False,moving to wp 17 (d=0.48),2,1,1,3.2095,0,0.4345,57,140,E,5083
True,None,37.3,373,0.5071,7,6,7,0,292.0,41.714,41.714,0,0,0,7.731,0,0,0,False,moving to wp 17 (d=0.18),0,0,0,3.1431,0,0.4472,71,140,E,5084
True,None,41.0,410,0.4857,13,12,13,0,514.0,39.538,39.538,0,0,0,15.179,0,0,0,False,moving to wp 16 (d=0.44),0,0,0,4.2358,0,0.4077,68,140,E,5085
True,None,38.3,383,0.4786,12,11,12,1,542.0,45.167,49.273,1,1,1,9.453,0,0,0,False,moving to wp 23 (d=0.27),3,1,1,3.7796,0,0.443,67,140,E,5086
True,None,50.288,504,0.4071,13,8,13,1,402.0,30.923,33.5,5,5,5,25.776,0,4,4,False,moving to wp 24 (d=0.51),37,5,5,3.3042,0,0.4696,57,140,E,5087
True,None,40.3,403,0.4214,16,15,16,0,628.0,39.25,39.25,0,0,0,15.863,0,0,0,False,moving to wp 16 (d=0.46),0,0,0,4.3227,0,0.4006,59,140,E,5088
True,None,40.0,400,0.4071,11,10,11,1,490.0,44.545,49.0,1,1,1,9.387,0,0,0,False,moving to wp 18 (d=0.58),7,1,1,3.4813,0,0.4974,57,140,E,5089
True,None,48.851,490,0.4357,10,6,10,4,264.0,26.4,44.0,7,7,7,15.361,0,3,3,False,moving to wp 14 (d=0.64),33,7,7,3.956,0,0.4895,61,140,E,5090
True,None,38.7,387,0.4714,9,8,9,1,402.0,44.667,50.25,1,1,1,7.573,0,0,0,False,moving to wp 25 (d=0.48),6,1,1,2.9823,0,0.4838,66,140,E,5091
True,None,38.8,388,0.3786,10,9,10,0,390.0,39.0,39.0,0,0,0,10.379,0,0,0,False,moving to wp 14 (d=0.51),0,0,0,2.9814,0,0.4085,53,140,E,5092
True,None,39.5,395,0.4714,10,9,10,0,386.0,38.6,38.6,0,0,0,10.352,0,0,0,False,moving to wp 18 (d=0.29),0,0,0,3.6504,0,0.4404,66,140,E,5093
True,None,38.6,386,0.3929,11,10,11,2,456.0,41.455,50.667,2,2,2,10.916,0,0,0,False,moving to wp 27 (d=0.25),10,2,2,3.8912,0,0.4577,55,140,E,5094
True,None,37.2,372,0.3571,4,3,4,0,169.0,42.25,42.25,0,0,0,3.835,0,0,0,False,moving to wp 20 (d=0.14),0,0,0,1.8625,0,0.4266,50,140,E,5095
True,None,42.817,429,0.4286,9,6,9,2,296.0,32.889,42.286,4,4,4,14.849,0,2,2,False,moving to wp 17 (d=0.55),18,4,4,2.8727,0,0.4084,60,140,E,5096
True,None,36.3,363,0.4143,8,7,8,0,308.0,38.5,38.5,0,0,0,6.377,0,0,0,False,moving to wp 20 (d=0.39),0,0,0,3.0468,0,0.471,58,140,E,5097
True,None,39.633,397,0.4357,15,13,15,0,552.0,36.8,36.8,1,1,1,16.435,0,1,1,False,moving to wp 21 (d=0.62),7,1,1,4.0581,0,0.4936,61,140,E,5098
True,None,37.8,378,0.5071,10,9,10,0,461.0,46.1,46.1,0,0,0,9.13,0,0,0,False,moving to wp 20 (d=0.13),0,0,0,3.5032,0,0.4641,71,140,E,5099
True,None,35.8,358,0.4571,6,5,6,0,221.0,36.833,36.833,0,0,0,3.828,0,0,0,False,moving to wp 13 (d=0.36),0,0,0,2.7049,0,0.4135,64,140,E,5100
True,None,40.0,400,0.4786,10,9,10,1,453.0,45.3,50.333,1,1,1,12.561,0,0,0,False,moving to wp 20 (d=0.51),3,1,1,3.3299,0,0.4097,67,140,E,5101
True,None,37.0,370,0.3857,9,8,9,1,397.0,44.111,49.625,1,1,1,8.224,0,0,0,False,moving to wp 20 (d=0.14),7,1,1,2.7247,0,0.4945,54,140,E,5102
True,None,37.5,375,0.4429,10,9,10,1,446.0,44.6,49.556,1,1,1,12.324,0,0,0,False,moving to wp 17 (d=0.59),6,1,1,3.0321,0,0.4227,62,140,E,5103
True,None,36.2,362,0.3786,6,5,6,0,270.0,45.0,45.0,0,0,0,5.61,0,0,0,False,moving to wp 23 (d=0.29),0,0,0,2.1614,0,0.4404,53,140,E,5104
True,None,39.0,390,0.5214,12,11,12,1,503.0,41.917,45.727,1,1,1,13.145,0,0,0,False,moving to wp 15 (d=0.45),7,1,1,3.7513,0,0.4474,73,140,E,5105
True,None,38.2,382,0.4286,9,8,9,2,391.0,43.444,55.857,2,2,2,9.465,0,0,0,False,moving to wp 17 (d=0.55),6,2,2,3.0065,0,0.446,60,140,E,5106
True,None,37.9,379,0.4714,9,8,9,1,363.0,40.333,45.375,1,1,1,7.497,0,0,0,False,moving to wp 17 (d=0.47),3,1,1,3.2546,0,0.448,66,140,E,5107
True,None,46.022,461,0.3,16,13,16,0,530.0,33.125,33.125,2,2,2,19.198,0,2,2,False,moving to wp 24 (d=0.44),5,2,2,3.0502,0,0.4234,42,140,E,5108
True,None,38.0,380,0.4357,4,3,4,1,203.0,50.75,67.667,1,1,1,6.648,0,0,0,False,moving to wp 33 (d=0.17),1,1,1,2.1103,0,0.4836,61,140,E,5109
True,None,35.8,358,0.3929,5,4,5,0,229.0,45.8,45.8,0,0,0,4.809,0,0,0,False,moving to wp 30 (d=0.35),0,0,0,2.1151,0,0.444,55,140,E,5110
True,None,40.0,400,0.4786,9,8,9,1,409.0,45.444,51.125,1,1,1,12.747,0,0,0,False,moving to wp 27 (d=0.66),3,1,1,3.559,0,0.4976,67,140,E,5111
True,None,40.1,401,0.4143,10,9,10,1,416.0,41.6,46.222,1,1,1,13.657,0,0,0,False,moving to wp 23 (d=0.66),2,1,1,3.1835,0,0.4761,58,140,E,5112
True,None,40.9,409,0.4286,14,13,14,0,547.0,39.071,39.071,0,0,0,16.173,0,0,0,False,moving to wp 19 (d=0.48),0,0,0,3.9967,0,0.4409,60,140,E,5113
True,None,43.3,433,0.4286,11,9,11,2,443.0,40.273,49.222,3,3,3,20.247,0,1,1,False,moving to wp 20 (d=0.33),10,3,3,3.5485,0,0.4506,60,140,E,5114
True,None,36.3,363,0.4571,13,12,13,1,512.0,39.385,42.667,1,1,1,11.279,0,0,0,False,moving to wp 15 (d=0.31),2,1,1,4.0579,0,0.4516,64,140,E,5115
True,None,38.1,381,0.4429,12,11,12,0,505.0,42.083,42.083,0,0,0,12.966,0,0,0,False,moving to wp 14 (d=0.12),0,0,0,4.0452,0,0.4687,62,140,E,5116
True,None,38.3,383,0.4571,13,12,13,1,491.0,37.769,40.917,1,1,1,13.996,0,0,0,False,moving to wp 14 (d=0.44),6,1,1,4.3514,0,0.4139,64,140,E,5117
True,None,39.2,392,0.4429,11,10,11,1,467.0,42.455,46.7,1,1,1,14.63,0,0,0,False,moving to wp 18 (d=0.53),7,1,1,3.7903,0,0.4092,62,140,E,5118
True,None,46.683,467,0.4429,16,13,16,3,562.0,35.125,43.231,5,5,5,24.622,0,2,2,False,moving to wp 15 (d=0.50),34,5,5,4.8651,0,0.4045,62,140,E,5119
True,None,37.6,376,0.4929,13,12,13,0,479.0,36.846,36.846,0,0,0,12.082,0,0,0,False,moving to wp 13 (d=0.45),0,0,0,3.8135,0,0.4973,69,140,E,5120
True,None,48.469,485,0.45,18,14,18,3,661.0,36.722,44.067,6,6,6,34.543,0,3,3,False,moving to wp 24 (d=0.10),39,6,6,4.8195,0,0.4176,63,140,E,5121
True,None,39.4,394,0.4143,12,11,12,0,489.0,40.75,40.75,0,0,0,10.415,0,0,0,False,moving to wp 19 (d=0.40),0,0,0,3.2968,0,0.4966,58,140,E,5122
True,None,56.517,567,0.5571,25,18,25,8,905.0,36.2,53.235,14,14,14,48.167,0,6,6,False,moving to wp 21 (d=0.33),243,14,14,8.4602,0,0.4847,78,140,E,5123
True,None,41.1,411,0.4357,14,12,14,2,546.0,39.0,45.5,3,3,3,25.419,0,1,1,False,moving to wp 12 (d=0.28),21,3,3,3.9042,0,0.4536,61,140,E,5124
True,None,40.283,403,0.4643,14,12,14,2,599.0,42.786,49.917,3,3,3,18.404,0,1,1,False,moving to wp 13 (d=0.55),32,3,3,3.8099,0,0.4855,65,140,E,5125
True,None,43.6,436,0.3714,18,16,18,0,687.0,38.167,38.167,1,1,1,22.846,0,1,1,False,moving to wp 15 (d=0.51),13,1,1,4.1742,0,0.408,52,140,E,5126
True,None,41.5,415,0.5214,12,10,12,0,455.0,37.917,37.917,1,1,1,16.799,0,1,1,False,moving to wp 12 (d=0.27),6,1,1,4.4944,0,0.4414,73,140,E,5127
True,None,42.0,420,0.45,16,14,16,1,635.0,39.688,42.333,2,2,2,22.298,0,1,1,False,moving to wp 22 (d=0.58),19,2,2,4.9598,0,0.4008,63,140,E,5128
True,None,49.146,493,0.4429,17,12,17,5,556.0,32.706,46.333,9,9,9,35.451,0,4,4,False,moving to wp 26 (d=0.51),72,9,9,5.8921,0,0.4431,62,140,E,5129
True,None,67.29,675,0.5286,26,16,26,8,728.0,28.0,40.444,17,17,17,59.27,0,9,9,False,moving to wp 16 (d=0.20),190,17,17,7.3295,0,0.4805,74,140,E,5130
True,None,38.9,389,0.4071,5,4,5,2,283.0,56.6,94.333,2,2,2,8.37,0,0,0,False,moving to wp 48 (d=0.42),3,2,2,2.1123,0,0.4832,57,140,E,5131
True,None,51.085,512,0.4429,16,11,16,8,425.0,26.562,53.125,12,12,12,27.176,0,4,4,False,moving to wp 18 (d=0.17),80,12,12,5.1621,0,0.4722,62,140,E,5132
True,None,37.6,376,0.3929,6,5,6,0,249.0,41.5,41.5,0,0,0,8.004,0,0,0,False,moving to wp 28 (d=0.34),0,0,0,2.6643,0,0.4449,55,140,E,5133
True,None,38.1,381,0.4214,9,8,9,0,427.0,47.444,47.444,0,0,0,10.803,0,0,0,False,moving to wp 23 (d=0.18),0,0,0,2.7681,0,0.4788,59,140,E,5134
True,None,39.5,395,0.3714,11,10,11,1,564.0,51.273,56.4,1,1,1,12.942,0,0,0,False,moving to wp 28 (d=0.40),4,1,1,2.8231,0,0.4393,52,140,E,5135
True,None,37.3,373,0.4143,10,9,10,0,478.0,47.8,47.8,0,0,0,10.162,0,0,0,False,moving to wp 33 (d=0.19),0,0,0,2.7844,0,0.4445,58,140,E,5136
True,None,41.4,414,0.3857,13,11,13,3,520.0,40.0,52.0,4,4,4,20.211,0,1,1,False,moving to wp 14 (d=0.51),33,4,4,3.5628,0,0.4079,54,140,E,5137
True,None,39.917,400,0.4,8,6,8,3,316.0,39.5,63.2,4,4,4,12.855,0,1,1,False,moving to wp 22 (d=0.40),14,4,4,2.8624,0,0.4448,56,140,E,5138
True,None,39.8,398,0.3429,9,8,9,0,380.0,42.222,42.222,0,0,0,9.548,0,0,0,False,moving to wp 13 (d=0.21),0,0,0,2.4277,0,0.4135,48,140,E,5139
True,None,38.1,381,0.4786,11,10,11,0,456.0,41.455,41.455,0,0,0,13.549,0,0,0,False,moving to wp 17 (d=0.27),0,0,0,3.5925,0,0.4642,67,140,E,5140
True,None,54.236,544,0.4571,19,12,19,6,635.0,33.421,48.846,12,12,12,40.223,0,6,6,False,moving to wp 23 (d=0.43),118,12,12,5.0227,0,0.4333,64,140,E,5141
True,None,37.2,372,0.3857,10,9,10,0,344.0,34.4,34.4,0,0,0,8.38,0,0,0,False,moving to wp 17 (d=0.38),0,0,0,3.2462,0,0.4005,54,140,E,5142
True,None,37.3,373,0.4643,11,10,11,1,404.0,36.727,40.4,1,1,1,13.049,0,0,0,False,moving to wp 15 (d=0.42),7,1,1,4.093,0,0.4822,65,140,E,5143
True,None,39.0,390,0.3929,15,14,15,1,674.0,44.933,48.143,1,1,1,17.01,0,0,0,False,moving to wp 23 (d=0.19),12,1,1,3.7175,0,0.4152,55,140,E,5144
True,None,50.533,507,0.4143,14,9,14,5,431.0,30.786,47.889,9,9,9,22.196,0,4,4,False,moving to wp 28 (d=0.16),33,9,9,4.3111,0,0.4906,58,140,E,5145
True,None,35.1,351,0.4429,10,9,10,0,404.0,40.4,40.4,0,0,0,7.185,0,0,0,False,moving to wp 24 (d=0.48),0,0,0,3.6755,0,0.4168,62,140,E,5146
True,None,36.6,366,0.4,11,10,11,0,522.0,47.455,47.455,0,0,0,11.606,0,0,0,False,moving to wp 26 (d=0.51),0,0,0,3.4592,0,0.4421,56,140,E,5147
True,None,38.1,381,0.4786,8,7,8,0,350.0,43.75,43.75,0,0,0,9.406,0,0,0,False,moving to wp 27 (d=0.31),0,0,0,3.064,0,0.496,67,140,E,5148
True,None,39.1,391,0.5214,18,17,18,2,776.0,43.111,48.5,2,2,2,14.329,0,0,0,False,moving to wp 13 (d=0.45),26,2,2,5.446,0,0.4793,73,140,E,5149
True,None,42.4,424,0.4714,10,8,10,3,441.0,44.1,63.0,4,4,4,16.105,0,1,1,False,moving to wp 33 (d=0.60),9,4,4,3.8892,0,0.4518,66,140,E,5150
True,None,39.6,396,0.4857,8,7,8,0,352.0,44.0,44.0,0,0,0,9.477,0,0,0,False,moving to wp 16 (d=0.19),0,0,0,2.8595,0,0.458,68,140,E,5151
True,None,45.117,452,0.4429,10,7,10,2,314.0,31.4,39.25,4,4,4,16.856,0,2,2,False,moving to wp 18 (d=0.27),13,4,4,3.5707,0,0.4866,62,140,E,5152
True,None,54.36,546,0.5429,16,9,16,8,376.0,23.5,47.0,14,14,14,26.264,0,6,6,False,moving to wp 16 (d=0.19),130,14,14,5.7816,0,0.4408,76,140,E,5153
True,None,42.2,422,0.4,11,9,11,1,452.0,41.091,45.2,2,2,2,17.388,0,1,1,False,moving to wp 23 (d=0.47),7,2,2,3.3825,0,0.4282,56,140,E,5154
True,None,37.5,375,0.5,13,12,13,1,578.0,44.462,48.167,1,1,1,13.803,0,0,0,False,moving to wp 19 (d=0.46),3,1,1,4.3597,0,0.4897,70,140,E,5155
True,None,38.4,384,0.4857,7,6,7,1,344.0,49.143,57.333,1,1,1,8.428,0,0,0,False,moving to wp 25 (d=0.46),3,1,1,2.655,0,0.4746,68,140,E,5156
True,None,38.9,389,0.3857,7,6,7,1,321.0,45.857,53.5,1,1,1,8.384,0,0,0,False,moving to wp 26 (d=0.33),5,1,1,2.6205,0,0.4669,54,140,E,5157
True,None,63.431,637,0.5714,25,16,25,16,731.0,29.24,81.222,24,24,24,37.929,0,8,8,False,moving to wp 30 (d=0.42),247,24,24,9.219,0,0.4203,80,140,E,5158
True,None,38.1,381,0.4429,8,7,8,0,332.0,41.5,41.5,0,0,0,5.715,0,0,0,False,moving to wp 20 (d=0.22),0,0,0,3.0244,0,0.466,62,140,E,5159
True,None,37.0,370,0.3714,3,2,3,0,121.0,40.333,40.333,0,0,0,3.827,0,0,0,False,moving to wp 21 (d=0.51),0,0,0,1.8476,0,0.4557,52,140,E,5160
True,None,40.5,405,0.4786,14,13,14,0,631.0,45.071,45.071,0,0,0,14.669,0,0,0,False,moving to wp 29 (d=0.14),0,0,0,4.2508,0,0.4345,67,140,E,5161
True,None,42.2,422,0.4214,12,11,12,0,532.0,44.333,44.333,0,0,0,16.792,0,0,0,False,moving to wp 18 (d=0.38),0,0,0,3.8298,0,0.4843,59,140,E,5162
True,None,42.317,424,0.5071,12,10,12,1,481.0,40.083,43.727,2,2,2,20.253,0,1,1,False,moving to wp 15 (d=0.33),18,2,2,3.7781,0,0.466,71,140,E,5163
True,None,36.3,363,0.35,8,7,8,0,384.0,48.0,48.0,0,0,0,9.105,0,0,0,False,moving to wp 36 (d=0.54),0,0,0,2.6364,0,0.4035,49,140,E,5164
True,None,39.0,390,0.4143,14,13,14,1,517.0,36.929,39.769,1,1,1,13.502,0,0,0,False,moving to wp 13 (d=0.52),3,1,1,3.8062,0,0.4197,58,140,E,5165
True,None,41.0,410,0.4,12,10,12,3,519.0,43.25,57.667,4,4,4,19.679,0,1,1,False,moving to wp 16 (d=0.49),31,4,4,3.0987,0,0.4279,56,140,E,5166
True,None,37.9,379,0.45,11,10,11,0,466.0,42.364,42.364,0,0,0,8.544,0,0,0,False,moving to wp 13 (d=0.24),0,0,0,3.378,0,0.4495,63,140,E,5167
True,None,36.8,368,0.4,8,7,8,0,339.0,42.375,42.375,0,0,0,6.444,0,0,0,False,moving to wp 22 (d=0.61),0,0,0,2.9059,0,0.4763,56,140,E,5168
True,None,39.6,396,0.35,8,7,8,0,298.0,37.25,37.25,0,0,0,11.633,0,0,0,False,moving to wp 15 (d=0.35),0,0,0,2.3713,0,0.4954,49,140,E,5169
True,None,54.106,544,0.4929,17,11,17,4,512.0,30.118,39.385,9,9,9,25.312,0,5,5,False,moving to wp 17 (d=0.39),60,9,9,5.0991,0,0.4412,69,140,E,5170
True,None,43.3,433,0.3929,12,10,12,3,545.0,45.417,60.556,4,4,4,20.124,0,1,1,False,moving to wp 22 (d=0.22),15,4,4,3.2244,0,0.4993,55,140,E,5171
True,None,43.5,435,0.5214,15,13,15,5,597.0,39.8,59.7,6,6,6,26.26,0,1,1,False,moving to wp 16 (d=0.52),23,6,6,5.3523,0,0.4062,73,140,E,5172
True,None,39.4,394,0.4714,17,16,17,0,612.0,36.0,36.0,0,0,0,16.231,0,0,0,False,moving to wp 17 (d=0.15),0,0,0,4.6467,0,0.4191,66,140,E,5173
True,None,62.29,624,0.4429,23,15,23,12,628.0,27.304,57.091,19,19,19,42.783,0,7,7,False,moving to wp 24 (d=0.13),144,19,19,6.818,0,0.4211,62,140,E,5174
True,None,39.2,392,0.4071,6,5,6,0,260.0,43.333,43.333,0,0,0,7.732,0,0,0,False,moving to wp 23 (d=0.55),0,0,0,2.3435,0,0.4601,57,140,E,5175
True,None,41.7,417,0.3857,12,10,12,1,413.0,34.417,37.545,2,2,2,17.533,0,1,1,False,moving to wp 20 (d=0.37),4,2,2,3.2841,0,0.4469,54,140,E,5176
True,None,38.6,386,0.35,9,8,9,0,320.0,35.556,35.556,0,0,0,9.209,0,0,0,False,moving to wp 15 (d=0.55),0,0,0,2.4628,0,0.4302,49,140,E,5177
True,None,37.9,379,0.3786,10,9,10,0,405.0,40.5,40.5,0,0,0,14.161,0,0,0,False,moving to wp 14 (d=0.52),0,0,0,2.8199,0,0.4704,53,140,E,5178
False,Timeout,99.042,1000,0.5857,50,22,50,40,1084.0,21.68,108.4,67,67,67,86.9,0,27,27,False,moving to wp 0 (d=0.38),1249,67,67,17.2287,0,14.1283,82,140,E,5179
True,None,53.966,542,0.4714,16,10,16,11,422.0,26.375,84.4,16,16,16,19.153,0,5,5,False,moving to wp 19 (d=0.52),125,16,16,6.2334,0,0.4249,66,140,E,5180
True,None,37.8,378,0.4357,12,11,12,0,428.0,35.667,35.667,0,0,0,11.77,0,0,0,False,moving to wp 18 (d=0.31),0,0,0,4.2349,0,0.4536,61,140,E,5181
True,None,50.31,504,0.45,14,9,14,2,457.0,32.643,38.083,6,6,6,21.046,0,4,4,False,moving to wp 16 (d=0.50),33,6,6,3.7774,0,0.4454,63,140,E,5182
True,None,44.917,450,0.4071,15,12,15,3,625.0,41.667,52.083,5,5,5,28.666,0,2,2,False,moving to wp 31 (d=0.19),42,5,5,4.3205,0,0.4321,57,140,E,5183
True,None,47.8,478,0.3714,15,12,15,4,628.0,41.867,57.091,6,6,6,26.66,0,2,2,False,moving to wp 18 (d=0.58),42,6,6,4.0354,0,0.4277,52,140,E,5184
True,None,42.6,426,0.4143,20,18,20,5,901.0,45.05,60.067,6,6,6,19.219,0,1,1,False,moving to wp 16 (d=0.37),34,6,6,4.3867,0,0.4288,58,140,E,5185
True,None,39.8,398,0.4143,11,10,11,1,423.0,38.455,42.3,1,1,1,12.689,0,0,0,False,moving to wp 13 (d=0.66),2,1,1,3.1076,0,0.4852,58,140,E,5186
True,None,35.8,358,0.4,2,1,2,0,90.0,45.0,45.0,0,0,0,1.88,0,0,0,False,moving to wp 26 (d=0.33),0,0,0,1.6015,0,0.4172,56,140,E,5187
True,None,36.3,363,0.4143,5,4,5,0,228.0,45.6,45.6,0,0,0,5.352,0,0,0,False,moving to wp 16 (d=0.41),0,0,0,2.3334,0,0.4692,58,140,E,5188
True,None,41.617,417,0.5071,16,14,16,1,668.0,41.75,44.533,2,2,2,21.728,0,1,1,False,moving to wp 20 (d=0.33),16,2,2,5.0017,0,0.4061,71,140,E,5189
True,None,39.1,391,0.4143,7,6,7,1,308.0,44.0,51.333,1,1,1,7.343,0,0,0,False,moving to wp 15 (d=0.12),2,1,1,2.8121,0,0.429,58,140,E,5190
True,None,37.8,378,0.4143,14,13,14,1,503.0,35.929,38.692,1,1,1,13.892,0,0,0,False,moving to wp 17 (d=0.52),2,1,1,3.7369,0,0.4349,58,140,E,5191
True,None,39.2,392,0.3714,16,15,16,1,613.0,38.312,40.867,1,1,1,16.306,0,0,0,False,moving to wp 13 (d=0.24),14,1,1,3.55,0,0.4522,52,140,E,5192
True,None,63.407,636,0.5071,23,13,23,11,568.0,24.696,47.333,20,20,20,37.434,0,9,9,False,moving to wp 18 (d=0.36),239,20,20,7.379,0,0.4048,71,140,E,5193
True,None,38.8,388,0.4643,9,8,9,0,417.0,46.333,46.333,0,0,0,11.981,0,0,0,False,moving to wp 26 (d=0.54),0,0,0,3.2462,0,0.415,65,140,E,5194
True,None,45.478,456,0.4357,15,11,15,1,514.0,34.267,36.714,4,4,4,17.276,0,3,3,False,moving to wp 31 (d=0.54),13,4,4,4.0202,0,0.464,61,140,E,5195
True,None,37.3,373,0.3857,16,15,16,0,679.0,42.438,42.438,0,0,0,13.511,0,0,0,False,moving to wp 18 (d=0.29),0,0,0,3.656,0,0.4618,54,140,E,5196
True,None,38.3,383,0.5357,13,12,13,0,499.0,38.385,38.385,0,0,0,12.141,0,0,0,False,moving to wp 17 (d=0.36),0,0,0,3.9372,0,0.4598,75,140,E,5197
True,None,38.8,388,0.4571,12,11,12,0,476.0,39.667,39.667,0,0,0,11.202,0,0,0,False,moving to wp 16 (d=0.59),0,0,0,3.4725,0,0.494,64,140,E,5198
True,None,39.4,394,0.4429,8,7,8,0,347.0,43.375,43.375,0,0,0,10.123,0,0,0,False,moving to wp 24 (d=0.14),0,0,0,3.2385,0,0.4383,62,140,E,5199
True,None,38.8,388,0.3571,4,3,4,0,185.0,46.25,46.25,0,0,0,4.828,0,0,0,False,moving to wp 32 (d=0.56),0,0,0,1.766,0,0.4833,50,140,E,5200
True,None,38.5,385,0.4286,11,10,11,0,465.0,42.273,42.273,0,0,0,11.546,0,0,0,False,moving to wp 30 (d=0.64),0,0,0,3.6316,0,0.4863,60,140,E,5201
True,None,47.392,475,0.4143,16,12,16,1,538.0,33.625,35.867,4,4,4,25.303,0,3,3,False,moving to wp 23 (d=0.48),23,4,4,4.4644,0,0.467,58,140,E,5202
True,None,39.6,396,0.4429,13,12,13,0,596.0,45.846,45.846,0,0,0,13.109,0,0,0,False,moving to wp 16 (d=0.21),0,0,0,3.7608,0,0.4336,62,140,E,5203
True,None,36.3,363,0.3857,5,4,5,0,228.0,45.6,45.6,0,0,0,4.734,0,0,0,False,moving to wp 24 (d=0.27),0,0,0,1.8933,0,0.4973,54,140,E,5204
True,None,37.3,373,0.4429,11,10,11,0,452.0,41.091,41.091,0,0,0,7.558,0,0,0,False,moving to wp 20 (d=0.40),0,0,0,3.0756,0,0.4079,62,140,E,5205
True,None,42.0,420,0.45,12,10,12,3,463.0,38.583,51.444,4,4,4,18.271,0,1,1,False,moving to wp 24 (d=0.12),8,4,4,3.936,0,0.4373,63,140,E,5206
True,None,37.5,375,0.3714,10,9,10,1,436.0,43.6,48.444,1,1,1,11.959,0,0,0,False,moving to wp 15 (d=0.22),8,1,1,2.9539,0,0.4665,52,140,E,5207
True,None,41.684,417,0.4071,11,8,11,0,371.0,33.727,33.727,2,2,2,18.927,0,2,2,False,moving to wp 23 (d=0.19),5,2,2,3.2289,0,0.4341,57,140,E,5208
True,None,56.669,568,0.45,17,10,17,3,552.0,32.471,39.429,9,9,9,40.175,0,6,6,False,moving to wp 16 (d=0.46),85,9,9,4.411,0,0.4961,63,140,E,5209
True,None,39.5,395,0.4786,6,5,6,2,257.0,42.833,64.25,2,2,2,6.848,0,0,0,False,moving to wp 21 (d=0.16),4,2,2,2.7415,0,0.4477,67,140,E,5210
True,None,38.1,381,0.3714,10,9,10,0,370.0,37.0,37.0,0,0,0,8.651,0,0,0,False,moving to wp 19 (d=0.51),0,0,0,2.8549,0,0.4449,52,140,E,5211
True,None,45.7,457,0.4357,15,12,15,3,581.0,38.733,48.417,5,5,5,24.159,0,2,2,False,moving to wp 15 (d=0.22),45,5,5,4.6181,0,0.4317,61,140,E,5212
True,None,45.2,452,0.5071,20,18,20,3,909.0,45.45,53.471,4,4,4,23.392,0,1,1,False,moving to wp 21 (d=0.37),32,4,4,5.5709,0,0.4083,71,140,E,5213
True,None,38.1,381,0.4214,7,6,7,0,306.0,43.714,43.714,0,0,0,6.512,0,0,0,False,moving to wp 20 (d=0.14),0,0,0,2.5691,0,0.4748,59,140,E,5214
True,None,40.8,408,0.4286,14,13,14,1,674.0,48.143,51.846,1,1,1,15.081,0,0,0,False,moving to wp 23 (d=0.41),7,1,1,3.8983,0,0.4786,60,140,E,5215
True,None,38.3,383,0.4071,12,11,12,0,519.0,43.25,43.25,0,0,0,12.898,0,0,0,False,moving to wp 18 (d=0.54),0,0,0,3.4342,0,0.4122,57,140,E,5216
True,None,40.1,401,0.4857,12,10,12,2,409.0,34.083,40.9,3,3,3,15.591,0,1,1,False,moving to wp 21 (d=0.51),14,3,3,4.4282,0,0.4108,68,140,E,5217
True,None,38.7,387,0.4286,12,11,12,0,468.0,39.0,39.0,0,0,0,9.262,0,0,0,False,moving to wp 23 (d=0.25),0,0,0,4.0016,0,0.4518,60,140,E,5218
True,None,36.2,362,0.4071,5,4,5,0,219.0,43.8,43.8,0,0,0,6.413,0,0,0,False,moving to wp 14 (d=0.34),0,0,0,2.119,0,0.4209,57,140,E,5219
True,None,42.0,420,0.4071,11,9,11,1,394.0,35.818,39.4,2,2,2,18.366,0,1,1,False,moving to wp 20 (d=0.50),4,2,2,3.2946,0,0.4029,57,140,E,5220
True,None,39.1,391,0.4857,12,11,12,2,496.0,41.333,49.6,2,2,2,9.621,0,0,0,False,moving to wp 15 (d=0.52),15,2,2,4.3059,0,0.416,68,140,E,5221
True,None,44.117,442,0.4357,13,10,13,2,532.0,40.923,48.364,4,4,4,23.675,0,2,2,False,moving to wp 23 (d=0.51),26,4,4,3.5567,0,0.4127,61,140,E,5222
True,None,52.968,531,0.4286,17,11,17,4,512.0,30.118,39.385,9,9,9,26.333,0,5,5,False,moving to wp 19 (d=0.24),83,9,9,4.4847,0,0.487,60,140,E,5223
True,None,38.9,389,0.4286,10,9,10,0,428.0,42.8,42.8,0,0,0,9.276,0,0,0,False,moving to wp 20 (d=0.34),0,0,0,3.0776,0,0.455,60,140,E,5224
True,None,37.4,374,0.4,9,8,9,1,411.0,45.667,51.375,1,1,1,10.414,0,0,0,False,moving to wp 20 (d=0.34),7,1,1,2.8811,0,0.4273,56,140,E,5225
True,None,38.8,388,0.4,8,7,8,3,391.0,48.875,78.2,3,3,3,5.628,0,0,0,False,moving to wp 26 (d=0.13),13,3,3,2.9366,0,0.4581,56,140,E,5226
True,None,37.4,374,0.4,10,9,10,0,392.0,39.2,39.2,0,0,0,8.748,0,0,0,False,moving to wp 16 (d=0.47),0,0,0,3.1196,0,0.4483,56,140,E,5227
True,None,38.3,383,0.4214,9,8,9,0,364.0,40.444,40.444,0,0,0,11.916,0,0,0,False,moving to wp 25 (d=0.19),0,0,0,3.2007,0,0.4008,59,140,E,5228
True,None,45.017,451,0.4143,14,11,14,0,504.0,36.0,36.0,2,2,2,21.811,0,2,2,False,moving to wp 14 (d=0.56),23,2,2,3.5087,0,0.4626,58,140,E,5229
True,None,40.1,401,0.4357,9,7,9,2,339.0,37.667,48.429,3,3,3,14.52,0,1,1,False,moving to wp 22 (d=0.59),11,3,3,3.3492,0,0.4392,61,140,E,5230
True,None,43.4,434,0.4857,14,12,14,3,535.0,38.214,48.636,4,4,4,22.094,0,1,1,False,moving to wp 19 (d=0.47),40,4,4,4.9103,0,0.4555,68,140,E,5231
True,None,38.3,383,0.45,8,7,8,0,399.0,49.875,49.875,0,0,0,9.179,0,0,0,False,moving to wp 25 (d=0.62),0,0,0,2.7908,0,0.438,63,140,E,5232
True,None,37.7,377,0.3929,8,7,8,1,303.0,37.875,43.286,1,1,1,9.191,0,0,0,False,moving to wp 15 (d=0.53),4,1,1,3.0568,0,0.4676,55,140,E,5233
True,None,39.0,390,0.3929,12,11,12,0,477.0,39.75,39.75,0,0,0,15.451,0,0,0,False,moving to wp 18 (d=0.52),0,0,0,3.3692,0,0.4222,55,140,E,5234
True,None,37.9,379,0.3357,9,8,9,0,399.0,44.333,44.333,0,0,0,11.579,0,0,0,False,moving to wp 14 (d=0.43),0,0,0,2.1484,0,0.4544,47,140,E,5235
True,None,39.726,398,0.4214,13,11,13,0,538.0,41.385,41.385,1,1,1,16.615,0,1,1,False,moving to wp 26 (d=0.54),8,1,1,3.693,0,0.4093,59,140,E,5236
True,None,39.6,396,0.3929,14,13,14,1,599.0,42.786,46.077,1,1,1,19.354,0,0,0,False,moving to wp 24 (d=0.21),4,1,1,3.6048,0,0.4228,55,140,E,5237
True,None,38.0,380,0.4214,10,9,10,0,381.0,38.1,38.1,0,0,0,7.722,0,0,0,False,moving to wp 14 (d=0.34),0,0,0,2.9226,0,0.4839,59,140,E,5238
True,None,56.923,573,0.4571,20,12,20,2,552.0,27.6,30.667,9,9,9,48.625,0,7,7,False,moving to wp 17 (d=0.38),96,9,9,5.7104,0,0.4469,64,140,E,5239
True,None,37.3,373,0.4429,10,9,10,0,469.0,46.9,46.9,0,0,0,8.155,0,0,0,False,moving to wp 29 (d=0.46),0,0,0,2.6889,0,0.412,62,140,E,5240
True,None,37.0,370,0.3714,8,7,8,0,324.0,40.5,40.5,0,0,0,10.308,0,0,0,False,moving to wp 20 (d=0.11),0,0,0,2.6049,0,0.4803,52,140,E,5241
True,None,53.876,540,0.4643,15,8,15,9,367.0,24.467,61.167,15,15,15,23.882,0,6,6,False,moving to wp 23 (d=0.19),105,15,15,4.6308,0,0.462,65,140,E,5242
True,None,38.5,385,0.4286,11,10,11,3,442.0,40.182,55.25,3,3,3,9.312,0,0,0,False,moving to wp 21 (d=0.61),15,3,3,3.5592,0,0.4822,60,140,E,5243
True,None,46.616,467,0.5,15,12,15,4,609.0,40.6,55.364,6,6,6,19.293,0,2,2,False,moving to wp 27 (d=0.49),40,6,6,4.449,0,0.4861,70,140,E,5244
True,None,45.769,458,0.4786,15,12,15,0,531.0,35.4,35.4,2,2,2,19.419,0,2,2,False,moving to wp 31 (d=0.47),5,2,2,4.2439,0,0.476,67,140,E,5245
True,None,36.9,369,0.4,12,11,12,0,487.0,40.583,40.583,0,0,0,12.267,0,0,0,False,moving to wp 14 (d=0.12),0,0,0,3.072,0,0.4813,56,140,E,5246
True,None,39.2,392,0.3857,8,7,8,0,372.0,46.5,46.5,0,0,0,10.028,0,0,0,False,moving to wp 20 (d=0.33),0,0,0,2.4999,0,0.4013,54,140,E,5247
True,None,37.5,375,0.4786,9,8,9,1,373.0,41.444,46.625,1,1,1,8.367,0,0,0,False,moving to wp 27 (d=0.43),1,1,1,3.5156,0,0.4681,67,140,E,5248
True,None,50.164,503,0.5,15,10,15,2,539.0,35.933,41.462,6,6,6,29.874,0,4,4,False,moving to wp 18 (d=0.57),43,6,6,3.8723,0,0.4227,70,140,E,5249
True,None,36.3,363,0.45,11,10,11,1,493.0,44.818,49.3,1,1,1,9.357,0,0,0,False,moving to wp 15 (d=0.33),5,1,1,3.3142,0,0.4916,63,140,E,5250
True,None,36.8,368,0.3571,9,8,9,0,413.0,45.889,45.889,0,0,0,7.483,0,0,0,False,moving to wp 23 (d=0.59),0,0,0,2.8137,0,0.4915,50,140,E,5251
True,None,39.2,392,0.4643,12,11,12,0,494.0,41.167,41.167,0,0,0,14.903,0,0,0,False,moving to wp 17 (d=0.49),0,0,0,3.9421,0,0.4933,65,140,E,5252
True,None,36.9,369,0.4643,11,10,11,2,382.0,34.727,42.444,2,2,2,11.743,0,0,0,False,moving to wp 16 (d=0.14),11,2,2,3.3435,0,0.4746,65,140,E,5253
True,None,47.6,476,0.4429,20,17,20,0,753.0,37.65,37.65,2,2,2,32.869,0,2,2,False,moving to wp 16 (d=0.10),16,2,2,5.3108,0,0.4745,62,140,E,5254
True,None,60.786,611,0.4214,17,8,17,6,334.0,19.647,30.364,14,14,14,27.556,0,8,8,False,moving to wp 30 (d=0.49),100,14,14,4.6312,0,0.4788,59,140,E,5255
True,None,37.2,372,0.3571,3,2,3,0,153.0,51.0,51.0,0,0,0,2.919,0,0,0,False,moving to wp 28 (d=0.50),0,0,0,1.671,0,0.4019,50,140,E,5256
True,None,39.5,395,0.3214,11,10,11,1,496.0,45.091,49.6,1,1,1,13.181,0,0,0,False,moving to wp 21 (d=0.52),5,1,1,3.1113,0,0.4186,45,140,E,5257
True,None,38.7,387,0.5214,14,13,14,0,497.0,35.5,35.5,0,0,0,13.809,0,0,0,False,moving to wp 16 (d=0.40),0,0,0,5.3912,0,0.4473,73,140,E,5258
True,None,40.8,408,0.4214,15,14,15,2,645.0,43.0,49.615,2,2,2,15.07,0,0,0,False,moving to wp 13 (d=0.55),20,2,2,4.1629,0,0.4469,59,140,E,5259
True,None,48.441,486,0.4929,17,12,17,4,498.0,29.294,38.308,8,8,8,26.223,0,4,4,False,moving to wp 18 (d=0.35),38,8,8,5.2368,0,0.4326,69,140,E,5260
True,None,38.7,387,0.3929,6,5,6,1,208.0,34.667,41.6,1,1,1,5.61,0,0,0,False,moving to wp 17 (d=0.41),3,1,1,2.285,0,0.4488,55,140,E,5261
True,None,52.995,531,0.5429,18,13,18,7,593.0,32.944,53.909,11,11,11,32.861,0,4,4,False,moving to wp 17 (d=0.27),153,11,11,6.4175,0,0.4091,76,140,E,5262
True,None,41.417,415,0.4286,16,14,16,1,617.0,38.562,41.133,2,2,2,20.109,0,1,1,False,moving to wp 17 (d=0.38),8,2,2,4.2461,0,0.4045,60,140,E,5263
True,None,40.5,405,0.3357,6,4,6,1,233.0,38.833,46.6,2,2,2,12.835,0,1,1,False,moving to wp 22 (d=0.30),9,2,2,2.1915,0,0.4444,47,140,E,5264
True,None,38.1,381,0.2929,7,6,7,0,381.0,54.429,54.429,0,0,0,6.281,0,0,0,False,moving to wp 43 (d=0.22),0,0,0,1.7538,0,0.4619,41,140,E,5265
True,None,46.3,463,0.4357,16,13,16,3,561.0,35.062,43.154,5,5,5,25.324,0,2,2,False,moving to wp 21 (d=0.62),41,5,5,5.5176,0,0.4687,61,140,E,5266
True,None,40.2,402,0.4286,9,8,9,1,403.0,44.778,50.375,1,1,1,11.892,0,0,0,False,moving to wp 16 (d=0.41),7,1,1,2.9122,0,0.4506,60,140,E,5267
True,None,37.5,375,0.4,10,9,10,0,403.0,40.3,40.3,0,0,0,9.749,0,0,0,False,moving to wp 23 (d=0.48),0,0,0,3.0815,0,0.493,56,140,E,5268
True,None,38.1,381,0.4786,10,9,10,1,441.0,44.1,49.0,1,1,1,10.191,0,0,0,False,moving to wp 15 (d=0.23),8,1,1,3.2369,0,0.4308,67,140,E,5269
True,None,43.2,432,0.5,18,16,18,4,671.0,37.278,47.929,5,5,5,20.413,0,1,1,False,moving to wp 16 (d=0.52),44,5,5,5.9315,0,0.4179,70,140,E,5270
True,None,36.9,369,0.4,9,8,9,0,433.0,48.111,48.111,0,0,0,6.703,0,0,0,False,moving to wp 26 (d=0.50),0,0,0,3.2207,0,0.4391,56,140,E,5271
True,None,41.3,413,0.45,14,12,14,1,475.0,33.929,36.538,2,2,2,20.325,0,1,1,False,moving to wp 22 (d=0.18),7,2,2,4.3089,0,0.4775,63,140,E,5272
True,None,37.6,376,0.5357,13,12,13,0,524.0,40.308,40.308,0,0,0,12.444,0,0,0,False,moving to wp 13 (d=0.35),0,0,0,4.4279,0,0.4879,75,140,E,5273
True,None,56.126,563,0.5071,23,17,23,10,763.0,33.174,58.692,15,15,15,34.434,0,5,5,False,moving to wp 12 (d=0.38),219,15,15,6.8884,0,0.4967,71,140,E,5274
True,None,42.2,422,0.4714,13,11,13,1,483.0,37.154,40.25,2,2,2,17.954,0,1,1,False,moving to wp 19 (d=0.55),14,2,2,4.192,0,0.4341,66,140,E,5275
True,None,41.0,410,0.5214,13,12,13,1,513.0,39.462,42.75,1,1,1,14.848,0,0,0,False,moving to wp 14 (d=0.61),5,1,1,4.2607,0,0.4501,73,140,E,5276
True,None,37.1,371,0.4214,10,9,10,0,445.0,44.5,44.5,0,0,0,7.851,0,0,0,False,moving to wp 15 (d=0.21),0,0,0,2.7429,0,0.401,59,140,E,5277
True,None,41.4,414,0.4143,13,11,13,2,494.0,38.0,44.909,3,3,3,12.968,0,1,1,False,moving to wp 19 (d=0.64),16,3,3,3.4368,0,0.4746,58,140,E,5278
True,None,38.4,384,0.4143,11,10,11,1,532.0,48.364,53.2,1,1,1,12.147,0,0,0,False,moving to wp 27 (d=0.34),8,1,1,2.9244,0,0.4938,58,140,E,5279
True,None,38.6,386,0.4643,6,5,6,1,254.0,42.333,50.8,1,1,1,6.954,0,0,0,False,moving to wp 33 (d=0.49),1,1,1,2.7494,0,0.4753,65,140,E,5280
True,None,40.4,404,0.4357,13,12,13,1,543.0,41.769,45.25,1,1,1,15.705,0,0,0,False,moving to wp 16 (d=0.55),1,1,1,3.9916,0,0.4457,61,140,E,5281
True,None,37.3,373,0.3857,5,4,5,0,178.0,35.6,35.6,0,0,0,4.844,0,0,0,False,moving to wp 12 (d=0.38),0,0,0,2.155,0,0.4612,54,140,E,5282
True,None,38.8,388,0.3929,10,9,10,0,450.0,45.0,45.0,0,0,0,12.89,0,0,0,False,moving to wp 22 (d=0.38),0,0,0,3.0369,0,0.4764,55,140,E,5283
True,None,38.9,389,0.4,10,9,10,1,410.0,41.0,45.556,1,1,1,10.177,0,0,0,False,moving to wp 16 (d=0.22),5,1,1,3.4048,0,0.445,56,140,E,5284
True,None,41.417,415,0.4643,12,10,12,1,475.0,39.583,43.182,2,2,2,20.218,0,1,1,False,moving to wp 16 (d=0.51),11,2,2,3.5641,0,0.414,65,140,E,5285
True,None,40.2,402,0.3571,9,7,9,5,426.0,47.333,106.5,6,6,6,14.397,0,1,1,False,moving to wp 30 (d=0.53),38,6,6,2.6788,0,0.4289,50,140,E,5286
True,None,42.693,427,0.3857,14,11,14,1,421.0,30.071,32.385,3,3,3,20.456,0,2,2,False,moving to wp 20 (d=0.37),15,3,3,4.0677,0,0.489,54,140,E,5287
True,None,38.1,381,0.4643,11,10,11,1,380.0,34.545,38.0,1,1,1,10.306,0,0,0,False,moving to wp 14 (d=0.43),4,1,1,3.7372,0,0.4066,65,140,E,5288
True,None,43.431,435,0.4214,11,8,11,3,436.0,39.636,54.5,5,5,5,15.555,0,2,2,False,moving to wp 33 (d=0.62),20,5,5,3.6979,0,0.4545,59,140,E,5289
True,None,50.724,508,0.4929,21,16,21,3,788.0,37.524,43.778,7,7,7,36.0,0,4,4,False,moving to wp 14 (d=0.23),92,7,7,5.3775,0,0.4043,69,140,E,5290
True,None,40.2,402,0.3929,9,8,9,0,306.0,34.0,34.0,0,0,0,12.247,0,0,0,False,moving to wp 17 (d=0.53),0,0,0,3.0172,0,0.4265,55,140,E,5291
True,None,44.9,449,0.4286,19,16,19,3,771.0,40.579,48.188,5,5,5,30.87,0,2,2,False,moving to wp 19 (d=0.24),42,5,5,5.0239,0,0.4297,60,140,E,5292
True,None,52.915,530,0.4143,16,11,16,6,516.0,32.25,51.6,10,10,10,35.295,0,4,4,False,moving to wp 16 (d=0.54),92,10,10,5.2178,0,0.4787,58,140,E,5293
True,None,39.5,395,0.4429,6,5,6,1,240.0,40.0,48.0,1,1,1,7.496,0,0,0,False,moving to wp 17 (d=0.53),2,1,1,2.7227,0,0.4707,62,140,E,5294
True,None,55.139,553,0.4357,20,14,20,10,632.0,31.6,63.2,15,15,15,28.307,0,5,5,False,moving to wp 20 (d=0.53),113,15,15,6.1395,0,0.4867,61,140,E,5295
True,None,44.383,444,0.4929,14,11,14,2,440.0,31.429,36.667,4,4,4,25.419,0,2,2,False,moving to wp 16 (d=0.64),36,4,4,5.1907,0,0.4562,69,140,E,5296
True,None,36.0,360,0.3929,4,3,4,0,147.0,36.75,36.75,0,0,0,2.908,0,0,0,False,moving to wp 15 (d=0.22),0,0,0,1.8294,0,0.4557,55,140,E,5297
True,None,40.783,408,0.4571,13,11,13,2,502.0,38.615,45.636,3,3,3,19.2,0,1,1,False,moving to wp 18 (d=0.48),17,3,3,4.2845,0,0.4942,64,140,E,5298
True,None,49.127,492,0.4357,15,10,15,6,493.0,32.867,54.778,10,10,10,21.835,0,4,4,False,moving to wp 21 (d=0.42),91,10,10,4.9404,0,0.4429,61,140,E,5299
True,None,37.4,374,0.45,8,7,8,0,325.0,40.625,40.625,0,0,0,8.293,0,0,0,False,moving to wp 13 (d=0.15),0,0,0,2.7425,0,0.4631,63,140,E,5300
True,None,41.2,412,0.4357,9,7,9,1,364.0,40.444,45.5,2,2,2,15.783,0,1,1,False,moving to wp 15 (d=0.33),8,2,2,2.9309,0,0.4554,61,140,E,5301
True,None,41.5,415,0.4071,8,6,8,0,329.0,41.125,41.125,1,1,1,14.647,0,1,1,False,moving to wp 31 (d=0.63),6,1,1,2.8643,0,0.4613,57,140,E,5302
True,None,38.3,383,0.4429,12,11,12,1,485.0,40.417,44.091,1,1,1,13.626,0,0,0,False,moving to wp 15 (d=0.32),3,1,1,4.0429,0,0.467,62,140,E,5303
True,None,37.7,377,0.35,7,6,7,1,285.0,40.714,47.5,1,1,1,5.79,0,0,0,False,moving to wp 22 (d=0.60),6,1,1,2.6051,0,0.4972,49,140,E,5304
True,None,37.0,370,0.4286,9,8,9,0,379.0,42.111,42.111,0,0,0,8.611,0,0,0,False,moving to wp 21 (d=0.12),0,0,0,2.7993,0,0.4791,60,140,E,5305
True,None,37.3,373,0.3929,12,11,12,0,524.0,43.667,43.667,0,0,0,12.115,0,0,0,False,moving to wp 15 (d=0.52),0,0,0,2.8335,0,0.4048,55,140,E,5306
True,None,38.4,384,0.4214,11,10,11,0,429.0,39.0,39.0,0,0,0,10.29,0,0,0,False,moving to wp 13 (d=0.26),0,0,0,3.3637,0,0.4407,59,140,E,5307
True,None,38.5,385,0.3857,10,9,10,0,338.0,33.8,33.8,0,0,0,8.329,0,0,0,False,moving to wp 16 (d=0.41),0,0,0,2.7892,0,0.4676,54,140,E,5308
True,None,42.6,426,0.4929,15,13,15,4,589.0,39.267,53.545,5,5,5,19.193,0,1,1,False,moving to wp 24 (d=0.54),23,5,5,5.2524,0,0.444,69,140,E,5309
True,None,37.9,379,0.3929,7,6,7,0,329.0,47.0,47.0,0,0,0,4.707,0,0,0,False,moving to wp 26 (d=0.12),0,0,0,2.2628,0,0.4215,55,140,E,5310
True,None,38.6,386,0.4143,16,15,16,1,609.0,38.062,40.6,1,1,1,12.255,0,0,0,False,moving to wp 21 (d=0.51),8,1,1,4.5564,0,0.4377,58,140,E,5311
True,None,37.5,375,0.5,11,10,11,1,460.0,41.818,46.0,1,1,1,11.301,0,0,0,False,moving to wp 15 (d=0.12),4,1,1,3.6338,0,0.4833,70,140,E,5312
True,None,37.9,379,0.3643,8,7,8,0,359.0,44.875,44.875,0,0,0,7.471,0,0,0,False,moving to wp 19 (d=0.55),0,0,0,2.3426,0,0.4905,51,140,E,5313
True,None,37.4,374,0.4571,10,9,10,0,370.0,37.0,37.0,0,0,0,11.986,0,0,0,False,moving to wp 16 (d=0.47),0,0,0,3.3925,0,0.4072,64,140,E,5314
True,None,48.9,489,0.4429,16,13,16,1,605.0,37.812,40.333,3,3,3,26.748,0,2,2,False,moving to wp 15 (d=0.19),26,3,3,4.4678,0,0.445,62,140,E,5315
True,None,77.055,777,0.5714,34,18,34,20,724.0,21.294,51.714,35,35,35,48.224,0,15,15,False,moving to wp 15 (d=0.23),550,35,35,12.2615,0,0.4968,80,140,E,5316
True,None,37.1,371,0.4214,8,7,8,0,380.0,47.5,47.5,0,0,0,8.497,0,0,0,False,moving to wp 24 (d=0.47),0,0,0,2.7895,0,0.4188,59,140,E,5317
True,None,56.72,569,0.4571,22,16,22,8,741.0,33.682,52.929,13,13,13,30.593,0,5,5,False,moving to wp 20 (d=0.50),101,13,13,6.7735,0,0.4364,64,140,E,5318
True,None,69.256,697,0.55,28,15,28,18,698.0,24.929,69.8,30,30,30,49.612,0,12,12,False,moving to wp 19 (d=0.45),358,30,30,8.3493,0,0.4078,77,140,E,5319
True,None,39.7,397,0.3714,10,9,10,1,433.0,43.3,48.111,1,1,1,10.382,0,0,0,False,moving to wp 23 (d=0.36),4,1,1,3.1211,0,0.4262,52,140,E,5320
True,None,45.924,460,0.4929,17,14,17,1,550.0,32.353,34.375,3,3,3,26.835,0,2,2,False,moving to wp 18 (d=0.33),22,3,3,5.0994,0,0.4915,69,140,E,5321
True,None,39.1,391,0.3643,9,8,9,1,347.0,38.556,43.375,1,1,1,9.581,0,0,0,False,moving to wp 16 (d=0.59),3,1,1,2.5649,0,0.4788,51,140,E,5322
False,Timeout,99.135,1000,0.5571,43,17,43,11,943.0,21.93,29.469,36,36,36,94.866,0,25,25,False,moving to wp 17 (d=0.57),697,36,36,12.2499,0,7.0662,78,140,E,5323
True,None,39.1,391,0.4143,17,16,17,2,665.0,39.118,44.333,2,2,2,16.077,0,0,0,False,moving to wp 15 (d=0.31),24,2,2,4.9026,0,0.405,58,140,E,5324
True,None,40.2,402,0.4071,14,13,14,1,567.0,40.5,43.615,1,1,1,17.571,0,0,0,False,moving to wp 15 (d=0.10),9,1,1,3.6639,0,0.4976,57,140,E,5325
True,None,40.5,405,0.3929,11,10,11,0,512.0,46.545,46.545,0,0,0,12.967,0,0,0,False,moving to wp 23 (d=0.58),0,0,0,3.2768,0,0.4432,55,140,E,5326
True,None,61.327,616,0.5143,22,14,22,15,725.0,32.955,103.571,22,22,22,41.089,0,7,7,False,moving to wp 16 (d=0.30),301,22,22,7.3016,0,0.4638,72,140,E,5327
True,None,38.5,385,0.4286,8,7,8,1,380.0,47.5,54.286,1,1,1,10.384,0,0,0,False,moving to wp 17 (d=0.28),3,1,1,2.7835,0,0.47,60,140,E,5328
True,None,38.6,386,0.4929,10,9,10,0,441.0,44.1,44.1,0,0,0,12.143,0,0,0,False,moving to wp 15 (d=0.63),0,0,0,3.2507,0,0.4635,69,140,E,5329
True,None,37.1,371,0.3786,8,7,8,0,323.0,40.375,40.375,0,0,0,7.583,0,0,0,False,moving to wp 15 (d=0.23),0,0,0,2.7267,0,0.4304,53,140,E,5330
True,None,44.067,441,0.3857,14,11,14,2,409.0,29.214,34.083,4,4,4,15.898,0,2,2,False,moving to wp 14 (d=0.56),22,4,4,3.7402,0,0.4566,54,140,E,5331
True,None,46.732,468,0.4929,19,15,19,5,703.0,37.0,50.214,8,8,8,22.083,0,3,3,False,moving to wp 22 (d=0.37),82,8,8,5.9175,0,0.4326,69,140,E,5332
True,None,43.2,432,0.3571,10,8,10,2,373.0,37.3,46.625,3,3,3,14.517,0,1,1,False,moving to wp 16 (d=0.40),20,3,3,2.4915,0,0.4421,50,140,E,5333
True,None,38.0,380,0.4286,10,9,10,2,410.0,41.0,51.25,2,2,2,11.341,0,0,0,False,moving to wp 16 (d=0.60),7,2,2,3.2941,0,0.4983,60,140,E,5334
True,None,46.553,466,0.3929,13,10,13,3,502.0,38.615,50.2,5,5,5,29.919,0,2,2,False,moving to wp 22 (d=0.44),39,5,5,3.6154,0,0.4403,55,140,E,5335
True,None,37.1,371,0.4786,10,9,10,1,421.0,42.1,46.778,1,1,1,9.337,0,0,0,False,moving to wp 21 (d=0.59),3,1,1,3.5126,0,0.4355,67,140,E,5336
True,None,42.679,427,0.4286,21,19,21,1,865.0,41.19,43.25,2,2,2,25.02,0,1,1,False,moving to wp 20 (d=0.60),20,2,2,6.0698,0,0.4858,60,140,E,5337
True,None,46.04,461,0.4286,11,7,11,2,346.0,31.455,38.444,5,5,5,14.903,0,3,3,False,moving to wp 25 (d=0.24),33,5,5,3.7201,0,0.4431,60,140,E,5338
True,None,37.9,379,0.3929,7,6,7,0,282.0,40.286,40.286,0,0,0,7.531,0,0,0,False,moving to wp 16 (d=0.50),0,0,0,2.5906,0,0.4828,55,140,E,5339
True,None,42.917,430,0.4214,15,13,15,2,650.0,43.333,50.0,3,3,3,22.904,0,1,1,False,moving to wp 25 (d=0.50),8,3,3,3.7984,0,0.4093,59,140,E,5340
True,None,43.3,433,0.4214,16,14,16,2,621.0,38.812,44.357,3,3,3,22.299,0,1,1,False,moving to wp 15 (d=0.38),32,3,3,4.6075,0,0.4316,59,140,E,5341
True,None,51.634,517,0.4143,14,10,14,7,453.0,32.357,64.714,10,10,10,26.666,0,3,3,False,moving to wp 21 (d=0.48),87,10,10,4.4794,0,0.4303,58,140,E,5342
True,None,36.9,369,0.3214,8,7,8,0,291.0,36.375,36.375,0,0,0,7.553,0,0,0,False,moving to wp 17 (d=0.56),0,0,0,2.2246,0,0.4189,45,140,E,5343
True,None,36.6,366,0.3643,4,3,4,0,185.0,46.25,46.25,0,0,0,2.825,0,0,0,False,moving to wp 20 (d=0.44),0,0,0,1.6828,0,0.4374,51,140,E,5344
True,None,37.8,378,0.4214,9,8,9,0,436.0,48.444,48.444,0,0,0,5.743,0,0,0,False,moving to wp 35 (d=0.66),0,0,0,2.8276,0,0.4807,59,140,E,5345
True,None,41.3,413,0.4214,7,5,7,0,255.0,36.429,36.429,1,1,1,13.909,0,1,1,False,moving to wp 23 (d=0.22),2,1,1,2.6503,0,0.4409,59,140,E,5346
True,None,43.0,430,0.4786,15,13,15,1,587.0,39.133,41.929,2,2,2,19.282,0,1,1,False,moving to wp 15 (d=0.51),8,2,2,4.3836,0,0.4385,67,140,E,5347
True,None,37.4,374,0.4286,12,11,12,1,541.0,45.083,49.182,1,1,1,11.76,0,0,0,False,moving to wp 19 (d=0.19),4,1,1,3.5087,0,0.4867,60,140,E,5348
True,None,38.9,389,0.4714,11,10,11,1,396.0,36.0,39.6,1,1,1,11.156,0,0,0,False,moving to wp 16 (d=0.29),4,1,1,3.7401,0,0.4568,66,140,E,5349
True,None,38.6,386,0.3929,8,7,8,2,337.0,42.125,56.167,2,2,2,8.535,0,0,0,False,moving to wp 21 (d=0.41),8,2,2,2.6862,0,0.4981,55,140,E,5350
True,None,53.268,534,0.4429,16,10,16,5,488.0,30.5,44.364,10,10,10,33.378,0,5,5,False,moving to wp 19 (d=0.46),95,10,10,4.8317,0,0.4499,62,140,E,5351
True,None,45.571,457,0.4571,13,9,13,3,498.0,38.308,49.8,6,6,6,23.527,0,3,3,False,moving to wp 27 (d=0.31),40,6,6,3.5157,0,0.413,64,140,E,5352
True,None,49.7,497,0.5071,21,18,21,6,769.0,36.619,51.267,8,8,8,29.259,0,2,2,False,moving to wp 15 (d=0.18),104,8,8,7.3076,0,0.4534,71,140,E,5353
True,None,44.4,444,0.35,11,9,11,4,427.0,38.818,61.0,5,5,5,17.93,0,1,1,False,moving to wp 22 (d=0.43),12,5,5,3.2601,0,0.4092,49,140,E,5354
True,None,39.0,390,0.3929,9,8,9,0,308.0,34.222,34.222,0,0,0,12.245,0,0,0,False,moving to wp 16 (d=0.36),0,0,0,2.803,0,0.4221,55,140,E,5355
True,None,51.722,518,0.4,18,13,18,4,638.0,35.444,45.571,8,8,8,36.17,0,4,4,False,moving to wp 20 (d=0.30),93,8,8,4.1483,0,0.4578,56,140,E,5356
True,None,39.5,395,0.45,9,8,9,0,329.0,36.556,36.556,0,0,0,10.306,0,0,0,False,moving to wp 18 (d=0.54),0,0,0,3.1656,0,0.4524,63,140,E,5357
True,None,40.8,408,0.3786,12,11,12,0,463.0,38.583,38.583,0,0,0,13.061,0,0,0,False,moving to wp 15 (d=0.62),0,0,0,3.2064,0,0.4502,53,140,E,5358
True,None,60.888,612,0.5571,22,12,22,14,571.0,25.955,71.375,23,23,23,24.865,0,9,9,False,moving to wp 17 (d=0.11),297,23,23,8.3262,0,0.476,78,140,E,5359
True,None,43.7,437,0.45,16,14,16,2,614.0,38.375,43.857,3,3,3,18.655,0,1,1,False,moving to wp 16 (d=0.50),15,3,3,4.2966,0,0.4764,63,140,E,5360
True,None,43.318,435,0.4357,14,11,14,3,444.0,31.714,40.364,5,5,5,23.019,0,2,2,False,moving to wp 16 (d=0.50),28,5,5,3.9128,0,0.4001,61,140,E,5361
True,None,37.5,375,0.3786,10,9,10,1,446.0,44.6,49.556,1,1,1,12.013,0,0,0,False,moving to wp 19 (d=0.14),3,1,1,3.0396,0,0.4574,53,140,E,5362
True,None,41.9,419,0.4143,14,12,14,1,504.0,36.0,38.769,2,2,2,20.4,0,1,1,False,moving to wp 22 (d=0.14),10,2,2,4.067,0,0.4835,58,140,E,5363
True,None,37.2,372,0.4786,8,7,8,0,301.0,37.625,37.625,0,0,0,8.346,0,0,0,False,moving to wp 27 (d=0.59),0,0,0,3.4399,0,0.4536,67,140,E,5364
True,None,38.4,384,0.4071,10,9,10,0,421.0,42.1,42.1,0,0,0,10.869,0,0,0,False,moving to wp 19 (d=0.40),0,0,0,3.137,0,0.4928,57,140,E,5365
True,None,44.0,440,0.4857,13,11,13,2,429.0,33.0,39.0,3,3,3,20.342,0,1,1,False,moving to wp 13 (d=0.41),23,3,3,4.6589,0,0.4471,68,140,E,5366
True,None,36.1,361,0.4714,9,8,9,0,336.0,37.333,37.333,0,0,0,4.412,0,0,0,False,moving to wp 20 (d=0.34),0,0,0,3.2892,0,0.48,66,140,E,5367
True,None,38.0,380,0.4214,12,11,12,0,517.0,43.083,43.083,0,0,0,10.207,0,0,0,False,moving to wp 13 (d=0.24),0,0,0,3.1754,0,0.4018,59,140,E,5368
True,None,38.9,389,0.45,14,13,14,0,583.0,41.643,41.643,0,0,0,11.302,0,0,0,False,moving to wp 20 (d=0.50),0,0,0,4.1866,0,0.4323,63,140,E,5369
True,None,41.2,412,0.3857,15,13,15,2,505.0,33.667,38.846,3,3,3,19.27,0,1,1,False,moving to wp 14 (d=0.64),21,3,3,3.5251,0,0.4785,54,140,E,5370
True,None,45.938,460,0.4643,17,13,17,2,602.0,35.412,40.133,5,5,5,32.257,0,3,3,False,moving to wp 16 (d=0.50),32,5,5,4.625,0,0.4236,65,140,E,5371
True,None,42.2,422,0.4071,16,15,16,0,596.0,37.25,37.25,0,0,0,17.0,0,0,0,False,moving to wp 17 (d=0.55),0,0,0,3.8235,0,0.4116,57,140,E,5372
True,None,40.8,408,0.4929,14,13,14,2,649.0,46.357,54.083,2,2,2,16.077,0,0,0,False,moving to wp 18 (d=0.38),11,2,2,4.5965,0,0.4932,69,140,E,5373
True,None,70.828,711,0.4786,28,16,28,14,770.0,27.5,55.0,25,25,25,65.533,0,11,11,False,moving to wp 25 (d=0.37),417,25,25,9.0773,0,0.4202,67,140,E,5374
True,None,47.4,474,0.4857,19,16,19,4,779.0,41.0,51.933,6,6,6,35.317,0,2,2,False,moving to wp 14 (d=0.54),55,6,6,5.4975,0,0.4626,68,140,E,5375
True,None,43.9,439,0.5,12,9,12,2,426.0,35.5,42.6,4,4,4,21.874,0,2,2,False,moving to wp 13 (d=0.56),20,4,4,4.0564,0,0.4133,70,140,E,5376
True,None,62.52,628,0.5929,21,13,21,19,642.0,30.571,321.0,26,26,26,34.951,0,7,7,False,moving to wp 15 (d=0.53),235,26,26,8.406,0,0.4925,83,140,E,5377
True,None,43.7,437,0.45,14,12,14,2,571.0,40.786,47.583,3,3,3,21.449,0,1,1,False,moving to wp 16 (d=0.49),29,3,3,4.463,0,0.434,63,140,E,5378
True,None,41.8,418,0.5071,11,9,11,2,401.0,36.455,44.556,3,3,3,14.906,0,1,1,False,moving to wp 19 (d=0.56),12,3,3,4.4507,0,0.4612,71,140,E,5379
True,None,43.5,435,0.4857,15,13,15,5,624.0,41.6,62.4,6,6,6,26.782,0,1,1,False,moving to wp 15 (d=0.56),50,6,6,4.6824,0,0.4921,68,140,E,5380
True,None,38.4,384,0.3929,5,4,5,1,228.0,45.6,57.0,1,1,1,8.279,0,0,0,False,moving to wp 24 (d=0.51),1,1,1,2.1027,0,0.4116,55,140,E,5381
True,None,39.4,394,0.4357,13,12,13,1,529.0,40.692,44.083,1,1,1,14.199,0,0,0,False,moving to wp 17 (d=0.27),6,1,1,4.0326,0,0.4896,61,140,E,5382
True,None,74.084,745,0.6071,28,14,28,18,750.0,26.786,75.0,31,31,31,51.851,0,13,13,False,moving to wp 30 (d=0.24),363,31,31,9.611,0,0.4953,85,140,E,5383
True,None,37.3,373,0.4357,6,5,6,0,292.0,48.667,48.667,0,0,0,5.308,0,0,0,False,moving to wp 38 (d=0.61),0,0,0,2.7873,0,0.4588,61,140,E,5384
True,None,44.354,444,0.4929,18,15,18,2,663.0,36.833,41.438,4,4,4,25.067,0,2,2,False,moving to wp 18 (d=0.44),25,4,4,5.6115,0,0.4583,69,140,E,5385
True,None,42.9,429,0.4357,14,13,14,4,628.0,44.857,62.8,4,4,4,16.358,0,0,0,False,moving to wp 16 (d=0.30),34,4,4,4.4177,0,0.4818,61,140,E,5386
True,None,38.8,388,0.4,8,7,8,2,392.0,49.0,65.333,2,2,2,12.847,0,0,0,False,moving to wp 16 (d=0.61),10,2,2,2.8418,0,0.4331,56,140,E,5387
True,None,46.827,470,0.5286,15,11,15,4,510.0,34.0,46.364,7,7,7,24.265,0,3,3,False,moving to wp 16 (d=0.47),62,7,7,4.5744,0,0.4533,74,140,E,5388
True,None,40.567,406,0.45,11,9,11,2,417.0,37.909,46.333,3,3,3,15.55,0,1,1,False,moving to wp 18 (d=0.54),15,3,3,3.5632,0,0.4425,63,140,E,5389
True,None,45.87,459,0.4714,17,14,17,2,652.0,38.353,43.467,4,4,4,23.715,0,2,2,False,moving to wp 19 (d=0.42),37,4,4,4.4884,0,0.4686,66,140,E,5390
True,None,40.1,401,0.4357,14,12,14,0,441.0,31.5,31.5,1,1,1,20.203,0,1,1,False,moving to wp 13 (d=0.24),4,1,1,3.6947,0,0.4014,61,140,E,5391
True,None,36.7,367,0.4357,11,10,11,1,393.0,35.727,39.3,1,1,1,10.558,0,0,0,False,moving to wp 14 (d=0.23),10,1,1,3.6117,0,0.4406,61,140,E,5392
True,None,36.8,368,0.45,8,7,8,0,329.0,41.125,41.125,0,0,0,9.519,0,0,0,False,moving to wp 16 (d=0.36),0,0,0,2.8371,0,0.4087,63,140,E,5393
True,None,38.6,386,0.4429,13,12,13,0,541.0,41.615,41.615,0,0,0,13.902,0,0,0,False,moving to wp 17 (d=0.49),0,0,0,3.524,0,0.4844,62,140,E,5394
True,None,42.4,424,0.4929,11,9,11,1,396.0,36.0,39.6,2,2,2,19.203,0,1,1,False,moving to wp 18 (d=0.18),14,2,2,3.6072,0,0.4342,69,140,E,5395
True,None,37.5,375,0.4786,9,8,9,1,344.0,38.222,43.0,1,1,1,5.457,0,0,0,False,moving to wp 22 (d=0.36),6,1,1,3.4038,0,0.4144,67,140,E,5396
True,None,42.3,423,0.4357,19,17,19,0,692.0,36.421,36.421,1,1,1,27.596,0,1,1,False,moving to wp 15 (d=0.24),7,1,1,4.9266,0,0.4234,61,140,E,5397
True,None,43.232,433,0.4,15,12,15,0,486.0,32.4,32.4,2,2,2,18.632,0,2,2,False,moving to wp 22 (d=0.46),5,2,2,3.807,0,0.4098,56,140,E,5398
True,None,40.4,404,0.4571,14,12,14,0,540.0,38.571,38.571,1,1,1,18.516,0,1,1,False,moving to wp 14 (d=0.53),11,1,1,3.6035,0,0.4475,64,140,E,5399
True,None,36.9,369,0.3714,5,4,5,0,169.0,33.8,33.8,0,0,0,4.476,0,0,0,False,moving to wp 22 (d=0.24),0,0,0,2.0518,0,0.4187,52,140,E,5400
True,None,39.6,396,0.3071,9,8,9,0,419.0,46.556,46.556,0,0,0,11.701,0,0,0,False,moving to wp 19 (d=0.16),0,0,0,2.3894,0,0.4547,43,140,E,5401
True,None,46.2,462,0.4714,10,8,10,4,388.0,38.8,64.667,5,5,5,22.239,0,1,1,False,moving to wp 21 (d=0.50),29,5,5,4.3711,0,0.445,66,140,E,5402
True,None,37.8,378,0.3286,5,4,5,1,222.0,44.4,55.5,1,1,1,4.826,0,0,0,False,moving to wp 19 (d=0.42),1,1,1,1.894,0,0.4777,46,140,E,5403
True,None,43.779,439,0.4857,12,9,12,2,477.0,39.75,47.7,4,4,4,18.483,0,2,2,False,moving to wp 18 (d=0.58),30,4,4,3.3472,0,0.4949,68,140,E,5404
True,None,39.8,398,0.45,10,9,10,0,407.0,40.7,40.7,0,0,0,12.058,0,0,0,False,moving to wp 18 (d=0.24),0,0,0,3.2985,0,0.4983,63,140,E,5405
True,None,40.909,410,0.3643,11,8,11,1,355.0,32.273,35.5,3,3,3,23.488,0,2,2,False,moving to wp 17 (d=0.36),11,3,3,2.6686,0,0.4669,51,140,E,5406
True,None,39.0,390,0.4071,13,12,13,0,488.0,37.538,37.538,0,0,0,13.869,0,0,0,False,moving to wp 16 (d=0.19),0,0,0,3.8251,0,0.4999,57,140,E,5407
True,None,37.5,375,0.4143,11,10,11,1,430.0,39.091,43.0,1,1,1,11.16,0,0,0,False,moving to wp 21 (d=0.23),8,1,1,3.3979,0,0.4019,58,140,E,5408
True,None,39.3,393,0.4571,11,10,11,0,476.0,43.273,43.273,0,0,0,13.05,0,0,0,False,moving to wp 25 (d=0.40),0,0,0,3.4661,0,0.4177,64,140,E,5409
True,None,42.8,428,0.3929,14,12,14,2,536.0,38.286,44.667,3,3,3,21.292,0,1,1,False,moving to wp 17 (d=0.23),20,3,3,4.0704,0,0.4221,55,140,E,5410
True,None,60.281,606,0.4929,18,9,18,4,424.0,23.556,30.286,12,12,12,35.829,0,8,8,False,moving to wp 16 (d=0.21),132,12,12,5.0468,0,0.4196,69,140,E,5411
True,None,37.5,375,0.4429,9,8,9,0,385.0,42.778,42.778,0,0,0,6.685,0,0,0,False,moving to wp 17 (d=0.56),0,0,0,2.8434,0,0.458,62,140,E,5412
True,None,43.71,438,0.3929,14,11,14,2,529.0,37.786,44.083,4,4,4,21.901,0,2,2,False,moving to wp 18 (d=0.33),37,4,4,3.3851,0,0.4299,55,140,E,5413
True,None,38.8,388,0.3643,8,7,8,1,286.0,35.75,40.857,1,1,1,9.287,0,0,0,False,moving to wp 16 (d=0.30),4,1,1,2.7432,0,0.4366,51,140,E,5414
True,None,37.8,378,0.4643,8,7,8,0,303.0,37.875,37.875,0,0,0,9.234,0,0,0,False,moving to wp 15 (d=0.22),0,0,0,3.148,0,0.4887,65,140,E,5415
True,None,37.0,370,0.3857,11,10,11,0,408.0,37.091,37.091,0,0,0,10.274,0,0,0,False,moving to wp 15 (d=0.38),0,0,0,3.0227,0,0.4275,54,140,E,5416
True,None,38.0,380,0.4214,9,8,9,0,427.0,47.444,47.444,0,0,0,9.139,0,0,0,False,moving to wp 25 (d=0.54),0,0,0,3.1355,0,0.4631,59,140,E,5417
True,None,37.4,374,0.4286,10,9,10,1,450.0,45.0,50.0,1,1,1,8.019,0,0,0,False,moving to wp 30 (d=0.17),3,1,1,3.1747,0,0.4809,60,140,E,5418
True,None,69.623,701,0.5571,25,13,25,12,614.0,24.56,47.231,23,23,23,36.969,0,11,11,False,moving to wp 17 (d=0.39),223,23,23,8.7237,0,0.4056,78,140,E,5419
True,None,37.8,378,0.4357,9,8,9,0,371.0,41.222,41.222,0,0,0,8.166,0,0,0,False,moving to wp 22 (d=0.60),0,0,0,3.2562,0,0.4644,61,140,E,5420
True,None,39.7,397,0.4,15,14,15,1,690.0,46.0,49.286,1,1,1,19.086,0,0,0,False,moving to wp 21 (d=0.18),10,1,1,4.1564,0,0.4961,56,140,E,5421
True,None,39.0,390,0.4357,15,14,15,0,627.0,41.8,41.8,0,0,0,17.173,0,0,0,False,moving to wp 21 (d=0.21),0,0,0,3.9043,0,0.4543,61,140,E,5422
True,None,36.9,369,0.4357,8,7,8,0,302.0,37.75,37.75,0,0,0,9.262,0,0,0,False,moving to wp 20 (d=0.51),0,0,0,2.9316,0,0.4146,61,140,E,5423
True,None,52.572,526,0.35,16,11,16,2,567.0,35.438,40.5,6,6,6,30.989,0,4,4,False,moving to wp 25 (d=0.55),40,6,6,3.7189,0,0.411,49,140,E,5424
True,None,44.3,443,0.4214,16,14,16,2,642.0,40.125,45.857,3,3,3,29.725,0,1,1,False,moving to wp 16 (d=0.51),38,3,3,4.1067,0,0.4099,59,140,E,5425
True,None,38.4,384,0.4,9,8,9,2,372.0,41.333,53.143,2,2,2,10.442,0,0,0,False,moving to wp 20 (d=0.18),10,2,2,3.3527,0,0.4744,56,140,E,5426
True,None,42.7,427,0.4214,10,8,10,2,365.0,36.5,45.625,3,3,3,15.7,0,1,1,False,moving to wp 14 (d=0.24),25,3,3,3.1127,0,0.4152,59,140,E,5427
True,None,46.894,469,0.4357,12,9,12,3,440.0,36.667,48.889,5,5,5,24.66,0,2,2,False,moving to wp 20 (d=0.15),36,5,5,3.537,0,0.4933,61,140,E,5428
True,None,40.283,403,0.4857,8,6,8,2,291.0,36.375,48.5,3,3,3,17.216,0,1,1,False,moving to wp 24 (d=0.56),14,3,3,2.9044,0,0.4517,68,140,E,5429
True,None,38.7,387,0.3786,9,8,9,0,342.0,38.0,38.0,0,0,0,10.2,0,0,0,False,moving to wp 14 (d=0.12),0,0,0,2.4706,0,0.4699,53,140,E,5430
True,None,36.6,366,0.3643,7,6,7,0,287.0,41.0,41.0,0,0,0,7.438,0,0,0,False,moving to wp 14 (d=0.14),0,0,0,2.2741,0,0.4532,51,140,E,5431
True,None,41.7,417,0.4571,10,8,10,0,367.0,36.7,36.7,1,1,1,17.333,0,1,1,False,moving to wp 22 (d=0.17),4,1,1,3.3799,0,0.4079,64,140,E,5432
True,None,37.3,373,0.3571,6,5,6,0,264.0,44.0,44.0,0,0,0,3.793,0,0,0,False,moving to wp 36 (d=0.35),0,0,0,2.2687,0,0.4556,50,140,E,5433
True,None,37.7,377,0.4286,9,8,9,0,396.0,44.0,44.0,0,0,0,8.659,0,0,0,False,moving to wp 14 (d=0.54),0,0,0,2.6742,0,0.444,60,140,E,5434
True,None,40.3,403,0.4571,11,9,11,1,377.0,34.273,37.7,2,2,2,14.165,0,1,1,False,moving to wp 20 (d=0.19),4,2,2,3.4947,0,0.4621,64,140,E,5435
True,None,39.9,399,0.3643,9,7,9,0,356.0,39.556,39.556,1,1,1,14.863,0,1,1,False,moving to wp 26 (d=0.63),4,1,1,2.3907,0,0.4555,51,140,E,5436
True,None,42.5,425,0.4071,13,11,13,1,568.0,43.692,47.333,2,2,2,21.979,0,1,1,False,moving to wp 25 (d=0.55),22,2,2,3.631,0,0.4759,57,140,E,5437
True,None,39.8,398,0.3857,10,9,10,1,476.0,47.6,52.889,1,1,1,10.97,0,0,0,False,moving to wp 28 (d=0.39),8,1,1,3.095,0,0.4316,54,140,E,5438
True,None,41.377,414,0.3714,15,13,15,2,675.0,45.0,51.923,3,3,3,19.14,0,1,1,False,moving to wp 14 (d=0.14),28,3,3,3.6597,0,0.4036,52,140,E,5439
True,None,39.1,391,0.4071,11,10,11,0,503.0,45.727,45.727,0,0,0,12.249,0,0,0,False,moving to wp 14 (d=0.43),0,0,0,3.051,0,0.4961,57,140,E,5440
True,None,45.707,458,0.4357,9,6,9,2,298.0,33.111,42.571,4,4,4,20.887,0,2,2,False,moving to wp 29 (d=0.52),20,4,4,3.7385,0,0.4623,61,140,E,5441
True,None,38.4,384,0.4214,17,16,17,1,703.0,41.353,43.938,1,1,1,14.848,0,0,0,False,moving to wp 20 (d=0.14),13,1,1,4.64,0,0.4151,59,140,E,5442
True,None,39.0,390,0.4143,9,8,9,1,360.0,40.0,45.0,1,1,1,8.444,0,0,0,False,moving to wp 13 (d=0.16),8,1,1,2.8641,0,0.4201,58,140,E,5443
True,None,46.232,463,0.4714,14,11,14,2,483.0,34.5,40.25,4,4,4,21.208,0,2,2,False,moving to wp 14 (d=0.53),29,4,4,3.9767,0,0.4642,66,140,E,5444
True,None,37.0,370,0.45,10,9,10,0,404.0,40.4,40.4,0,0,0,10.941,0,0,0,False,moving to wp 17 (d=0.55),0,0,0,3.3712,0,0.4191,63,140,E,5445
True,None,36.8,368,0.4357,5,4,5,0,250.0,50.0,50.0,0,0,0,4.691,0,0,0,False,moving to wp 34 (d=0.20),0,0,0,2.1885,0,0.4558,61,140,E,5446
True,None,44.772,449,0.4786,16,13,16,2,526.0,32.875,37.571,4,4,4,22.853,0,2,2,False,moving to wp 17 (d=0.54),21,4,4,4.4054,0,0.4434,67,140,E,5447
True,None,42.2,422,0.45,12,10,12,2,487.0,40.583,48.7,3,3,3,19.94,0,1,1,False,moving to wp 14 (d=0.34),30,3,3,3.9915,0,0.4306,63,140,E,5448
True,None,67.804,683,0.6214,31,19,31,12,874.0,28.194,46.0,23,23,23,48.278,0,11,11,False,moving to wp 19 (d=0.15),344,23,23,10.4437,0,0.4797,87,140,E,5449
True,None,43.347,435,0.3929,8,5,8,2,297.0,37.125,49.5,4,4,4,12.914,0,2,2,False,moving to wp 18 (d=0.52),18,4,4,2.5382,0,0.4153,55,140,E,5450
True,None,57.793,580,0.5286,23,15,23,3,791.0,34.391,39.55,10,10,10,33.675,0,7,7,False,moving to wp 30 (d=0.57),137,10,10,7.0912,0,0.4995,74,140,E,5451
True,None,39.6,396,0.4286,10,9,10,3,416.0,41.6,59.429,3,3,3,9.438,0,0,0,False,moving to wp 17 (d=0.52),14,3,3,3.1695,0,0.4386,60,140,E,5452
True,None,37.8,378,0.4357,9,8,9,1,364.0,40.444,45.5,1,1,1,8.551,0,0,0,False,moving to wp 17 (d=0.29),2,1,1,2.9134,0,0.4246,61,140,E,5453
True,None,41.4,414,0.4643,13,11,13,2,411.0,31.615,37.364,3,3,3,17.439,0,1,1,False,moving to wp 14 (d=0.42),11,3,3,4.2671,0,0.4566,65,140,E,5454
True,None,37.0,370,0.45,13,12,13,1,568.0,43.692,47.333,1,1,1,11.258,0,0,0,False,moving to wp 18 (d=0.57),10,1,1,4.0136,0,0.4709,63,140,E,5455
True,None,38.6,386,0.3786,11,10,11,1,421.0,38.273,42.1,1,1,1,12.311,0,0,0,False,moving to wp 18 (d=0.32),1,1,1,3.0422,0,0.4762,53,140,E,5456
True,None,45.715,458,0.4357,11,8,11,3,404.0,36.727,50.5,5,5,5,19.336,0,2,2,False,moving to wp 20 (d=0.32),23,5,5,3.5234,0,0.4354,61,140,E,5457
True,None,60.741,610,0.5214,22,13,22,4,572.0,26.0,31.778,12,12,12,37.644,0,8,8,False,moving to wp 19 (d=0.32),180,12,12,6.9747,0,0.4534,73,140,E,5458
True,None,38.4,384,0.3929,7,6,7,1,273.0,39.0,45.5,1,1,1,8.391,0,0,0,False,moving to wp 15 (d=0.28),5,1,1,2.4153,0,0.4413,55,140,E,5459
True,None,40.7,407,0.4429,8,7,8,3,368.0,46.0,73.6,3,3,3,12.855,0,0,0,False,moving to wp 28 (d=0.43),12,3,3,2.95,0,0.4708,62,140,E,5460
True,None,41.5,415,0.4643,11,9,11,0,380.0,34.545,34.545,1,1,1,17.713,0,1,1,False,moving to wp 23 (d=0.22),2,1,1,3.8832,0,0.4119,65,140,E,5461
True,None,37.1,371,0.45,13,12,13,1,478.0,36.769,39.833,1,1,1,14.018,0,0,0,False,moving to wp 13 (d=0.34),3,1,1,4.0971,0,0.484,63,140,E,5462
True,None,44.79,449,0.45,11,8,11,1,378.0,34.364,37.8,3,3,3,19.322,0,2,2,False,moving to wp 18 (d=0.58),20,3,3,3.6341,0,0.4728,63,140,E,5463
True,None,50.57,507,0.4786,18,14,18,5,692.0,38.444,53.231,8,8,8,27.778,0,3,3,False,moving to wp 24 (d=0.26),40,8,8,4.9629,0,0.434,67,140,E,5464
True,None,39.7,397,0.4714,15,14,15,2,652.0,43.467,50.154,2,2,2,16.956,0,0,0,False,moving to wp 14 (d=0.51),17,2,2,4.6052,0,0.4052,66,140,E,5465
True,None,38.2,382,0.4214,12,11,12,0,445.0,37.083,37.083,0,0,0,14.013,0,0,0,False,moving to wp 15 (d=0.41),0,0,0,3.3708,0,0.432,59,140,E,5466
True,None,47.361,476,0.5071,13,8,13,5,338.0,26.0,42.25,9,9,9,25.431,0,4,4,False,moving to wp 14 (d=0.24),44,9,9,4.6564,0,0.4062,71,140,E,5467
True,None,38.8,388,0.4643,8,7,8,0,333.0,41.625,41.625,0,0,0,8.619,0,0,0,False,moving to wp 13 (d=0.35),0,0,0,3.0651,0,0.4464,65,140,E,5468
True,None,42.4,424,0.4,13,11,13,2,448.0,34.462,40.727,3,3,3,17.753,0,1,1,False,moving to wp 16 (d=0.49),12,3,3,3.527,0,0.4229,56,140,E,5469
True,None,98.413,995,0.6429,49,24,49,27,1184.0,24.163,53.818,51,51,51,80.377,0,24,24,False,moving to wp 17 (d=0.49),1169,51,51,18.5218,0,0.4048,90,140,E,5470
True,None,58.497,588,0.4786,20,12,20,4,536.0,26.8,33.5,11,11,11,30.0,0,7,7,False,moving to wp 20 (d=0.53),87,11,11,5.8196,0,0.4009,67,140,E,5471
True,None,37.5,375,0.4071,8,7,8,0,307.0,38.375,38.375,0,0,0,5.809,0,0,0,False,moving to wp 20 (d=0.40),0,0,0,2.7779,0,0.4147,57,140,E,5472
True,None,38.6,386,0.45,8,7,8,0,321.0,40.125,40.125,0,0,0,6.547,0,0,0,False,moving to wp 18 (d=0.14),0,0,0,2.8399,0,0.4135,63,140,E,5473
True,None,46.148,462,0.3857,14,11,14,1,515.0,36.786,39.615,3,3,3,21.777,0,2,2,False,moving to wp 17 (d=0.54),23,3,3,3.6037,0,0.4982,54,140,E,5474
True,None,42.5,425,0.4214,15,13,15,2,595.0,39.667,45.769,3,3,3,25.048,0,1,1,False,moving to wp 16 (d=0.31),17,3,3,4.3553,0,0.496,59,140,E,5475
True,None,39.617,397,0.3857,14,12,14,1,543.0,38.786,41.769,2,2,2,17.611,0,1,1,False,moving to wp 15 (d=0.42),16,2,2,3.7761,0,0.45,54,140,E,5476
True,None,51.83,520,0.4571,20,15,20,7,652.0,32.6,50.154,11,11,11,37.782,0,4,4,False,moving to wp 20 (d=0.59),109,11,11,6.887,0,0.4564,64,140,E,5477
True,None,38.9,389,0.4429,8,7,8,0,339.0,42.375,42.375,0,0,0,10.838,0,0,0,False,moving to wp 15 (d=0.33),0,0,0,2.8493,0,0.4654,62,140,E,5478
True,None,40.2,402,0.3857,8,7,8,1,339.0,42.375,48.429,1,1,1,13.046,0,0,0,False,moving to wp 17 (d=0.38),3,1,1,2.5434,0,0.4028,54,140,E,5479
True,None,38.8,388,0.4,8,7,8,1,321.0,40.125,45.857,1,1,1,12.855,0,0,0,False,moving to wp 20 (d=0.11),3,1,1,2.9931,0,0.4979,56,140,E,5480
True,None,39.5,395,0.4429,13,12,13,0,588.0,45.231,45.231,0,0,0,12.626,0,0,0,False,moving to wp 15 (d=0.32),0,0,0,3.6437,0,0.4311,62,140,E,5481
True,None,58.872,591,0.4857,21,14,21,11,678.0,32.286,67.8,17,17,17,31.24,0,6,6,False,moving to wp 21 (d=0.19),137,17,17,6.7306,0,0.4277,68,140,E,5482
True,None,58.895,590,0.4786,21,13,21,4,569.0,27.095,33.471,11,11,11,56.623,0,7,7,False,moving to wp 29 (d=0.37),86,11,11,6.0482,0,0.4204,67,140,E,5483
True,None,45.217,453,0.5143,16,13,16,0,564.0,35.25,35.25,2,2,2,17.465,0,2,2,False,moving to wp 21 (d=0.54),19,2,2,5.3366,0,0.4417,72,140,E,5484
True,None,43.5,435,0.4143,19,17,19,2,717.0,37.737,42.176,3,3,3,20.052,0,1,1,False,moving to wp 21 (d=0.12),13,3,3,5.3142,0,0.452,58,140,E,5485
True,None,38.4,384,0.4143,9,8,9,0,385.0,42.778,42.778,0,0,0,9.474,0,0,0,False,moving to wp 18 (d=0.48),0,0,0,3.0913,0,0.4476,58,140,E,5486
True,None,63.442,637,0.5,24,15,24,19,781.0,32.542,156.2,27,27,27,40.46,0,8,8,False,moving to wp 24 (d=0.64),216,27,27,8.0111,0,0.4623,70,140,E,5487
True,None,37.9,379,0.3857,8,7,8,1,319.0,39.875,45.571,1,1,1,9.443,0,0,0,False,moving to wp 18 (d=0.18),3,1,1,2.5223,0,0.4666,54,140,E,5488
True,None,40.0,400,0.4786,11,10,11,1,457.0,41.545,45.7,1,1,1,8.5,0,0,0,False,moving to wp 16 (d=0.29),1,1,1,3.6206,0,0.444,67,140,E,5489
True,None,38.1,381,0.4429,12,11,12,0,507.0,42.25,42.25,0,0,0,14.174,0,0,0,False,moving to wp 14 (d=0.14),0,0,0,3.3345,0,0.4441,62,140,E,5490
True,None,43.1,431,0.3857,15,13,15,2,622.0,41.467,47.846,3,3,3,22.234,0,1,1,False,moving to wp 18 (d=0.42),28,3,3,3.7405,0,0.4756,54,140,E,5491
True,None,38.8,388,0.3929,9,8,9,0,423.0,47.0,47.0,0,0,0,10.113,0,0,0,False,moving to wp 26 (d=0.29),0,0,0,2.9636,0,0.4745,55,140,E,5492
True,None,56.951,571,0.4214,18,11,18,7,586.0,32.556,53.273,13,13,13,42.76,0,6,6,False,moving to wp 24 (d=0.44),85,13,13,5.1604,0,0.4962,59,140,E,5493
True,None,46.572,466,0.5071,14,11,14,5,544.0,38.857,60.444,7,7,7,21.104,0,2,2,False,moving to wp 24 (d=0.58),43,7,7,5.3383,0,0.4871,71,140,E,5494
True,None,52.044,522,0.5,15,9,15,6,399.0,26.6,44.333,11,11,11,28.006,0,5,5,False,moving to wp 15 (d=0.51),99,11,11,5.0999,0,0.4501,70,140,E,5495
True,None,38.3,383,0.4,9,8,9,0,391.0,43.444,43.444,0,0,0,9.276,0,0,0,False,moving to wp 16 (d=0.20),0,0,0,2.8395,0,0.4039,56,140,E,5496
True,None,47.326,474,0.4786,15,12,15,6,525.0,35.0,58.333,8,8,8,22.645,0,2,2,False,moving to wp 19 (d=0.54),55,8,8,5.6236,0,0.4027,67,140,E,5497
True,None,44.38,445,0.4571,13,10,13,2,488.0,37.538,44.364,4,4,4,18.758,0,2,2,False,moving to wp 21 (d=0.31),23,4,4,3.6725,0,0.4197,64,140,E,5498
True,None,38.5,385,0.4143,8,7,8,0,349.0,43.625,43.625,0,0,0,9.3,0,0,0,False,moving to wp 23 (d=0.56),0,0,0,2.9884,0,0.4786,58,140,E,5499
