Scenario,Seed,Success,FailReason,PathLength,Steps,SensingRatio,Replans,PlanFails,MaxActiveVirt,TotalVirtCreated,SmoothnessRad,ComputeTime,BacktrackTries,BacktrackFail
A,5000,True,None,37.78,264,0.438,3,0,0,0,1.96,0.919,0,False
A,5001,True,None,47.03,333,0.6,18,12,8,81,21.36,2.95,2,False
A,5002,True,None,37.38,262,0.475,6,0,1,3,6.95,1.494,0,False
A,5003,True,None,43.09,302,0.487,14,3,3,29,23.0,2.576,1,False
A,5004,True,None,40.46,283,0.45,10,0,0,0,9.91,1.87,0,False
A,5005,True,None,43.71,305,0.6,13,1,3,26,20.05,3.02,1,False
A,5006,True,None,38.56,269,0.487,10,0,0,0,12.04,1.653,0,False
A,5007,True,None,37.81,265,0.388,8,0,0,0,7.09,1.388,0,False
A,5008,True,None,38.55,270,0.35,7,0,3,14,9.84,1.551,0,False
A,5009,True,None,38.55,270,0.438,7,0,1,2,4.95,1.481,0,False
A,5010,True,None,39.43,275,0.362,5,0,1,2,7.03,1.218,0,False
A,5011,True,None,37.36,262,0.438,4,0,0,0,4.94,1.159,0,False
A,5012,True,None,36.63,257,0.487,7,0,0,0,11.76,1.233,0,False
A,5013,True,None,36.23,254,0.438,7,0,1,5,6.88,1.449,0,False
A,5014,True,None,50.5,373,0.475,36,48,31,632,29.89,3.392,4,False
A,5015,True,None,38.51,269,0.412,3,0,0,0,2.97,0.896,0,False
A,5016,True,None,36.05,252,0.425,5,0,0,0,6.87,1.232,0,False
A,5017,True,None,38.83,271,0.588,6,0,0,0,9.92,1.616,0,False
A,5018,True,None,42.63,297,0.388,9,1,4,15,17.39,1.883,1,False
A,5019,True,None,38.41,268,0.537,7,0,1,3,9.84,1.76,0,False
A,5020,True,None,38.86,272,0.388,8,0,0,0,9.91,1.364,0,False
A,5021,True,None,37.38,261,0.475,6,0,0,0,5.94,1.37,0,False
A,5022,True,None,37.36,262,0.487,6,0,0,0,6.87,1.164,0,False
A,5023,True,None,36.36,255,0.463,8,0,0,0,4.91,1.531,0,False
A,5024,True,None,36.93,259,0.45,5,0,0,0,3.97,1.412,0,False
A,5025,True,None,37.2,260,0.475,6,0,0,0,9.02,1.618,0,False
A,5026,True,None,45.53,317,0.463,8,2,5,20,25.47,1.834,2,False
A,5027,True,None,38.83,272,0.425,9,0,0,0,11.97,1.531,0,False
A,5028,True,None,36.36,254,0.4,8,0,0,0,8.98,1.312,0,False
A,5029,True,None,47.79,345,0.537,26,27,18,239,26.44,2.854,3,False
A,5030,True,None,38.85,271,0.525,7,0,0,0,6.88,1.556,0,False
A,5031,True,None,37.4,261,0.45,10,0,0,0,11.86,1.95,0,False
A,5032,True,None,37.38,262,0.487,7,0,0,0,9.89,1.51,0,False
A,5033,True,None,41.63,291,0.487,10,1,2,16,18.11,1.89,1,False
A,5034,True,None,57.99,450,0.55,63,102,60,1984,28.72,6.245,6,False
A,5035,True,None,37.51,262,0.438,6,0,0,0,6.92,1.268,0,False
A,5036,True,None,37.73,264,0.525,14,0,1,9,16.76,2.7,0,False
A,5037,True,None,44.86,313,0.5,12,1,4,12,16.31,2.334,1,False
A,5038,True,None,37.38,261,0.4,7,0,0,0,9.84,1.33,0,False
A,5039,True,None,48.79,349,0.5,27,21,15,133,29.38,3.09,3,False
A,5040,True,None,37.66,264,0.475,7,0,0,0,6.01,1.318,0,False
A,5041,True,None,54.05,398,0.487,38,48,31,574,35.35,3.478,4,False
A,5042,True,None,38.66,270,0.438,6,0,1,3,5.97,1.325,0,False
A,5043,True,None,38.01,266,0.5,11,0,1,2,14.74,1.942,0,False
A,5044,True,None,36.8,257,0.45,6,0,0,0,5.93,1.204,0,False
A,5045,True,None,48.93,352,0.487,25,25,15,181,31.26,2.844,3,False
A,5046,True,None,42.18,295,0.412,7,1,2,6,13.27,1.414,1,False
A,5047,True,None,41.48,289,0.463,8,1,1,5,13.2,1.526,1,False
A,5048,True,None,37.81,264,0.5,7,0,2,6,8.9,1.557,0,False
A,5049,True,None,89.52,779,0.637,193,340,195,17909,66.61,11.613,18,False
A,5050,True,None,57.24,457,0.575,78,127,75,2981,34.12,5.642,7,False
A,5051,True,None,42.79,298,0.4,9,1,3,9,21.11,1.69,1,False
A,5052,True,None,38.88,272,0.425,10,0,0,0,11.85,1.694,0,False
A,5053,True,None,38.38,269,0.412,5,0,0,0,5.98,1.24,0,False
A,5054,True,None,41.21,287,0.45,10,0,0,0,13.83,2.019,0,False
A,5055,True,None,36.78,258,0.412,5,0,0,0,3.93,1.278,0,False
A,5056,True,None,37.96,266,0.388,6,0,0,0,7.91,1.436,0,False
A,5057,True,None,42.94,301,0.487,15,5,4,45,15.22,3.105,1,False
A,5058,True,None,39.41,275,0.4,5,0,3,8,8.91,1.532,0,False
A,5059,True,None,38.55,269,0.425,8,0,1,2,11.84,1.649,0,False
A,5060,True,None,40.91,285,0.475,11,0,2,11,12.96,2.308,0,False
A,5061,True,None,37.95,265,0.438,4,0,1,1,5.08,1.224,0,False
A,5062,True,None,36.48,255,0.425,4,0,0,0,6.02,1.249,0,False
A,5063,True,None,39.15,274,0.412,9,0,0,0,12.81,1.658,0,False
A,5064,True,None,38.1,266,0.388,5,0,1,1,3.18,1.469,0,False
A,5065,True,None,36.63,257,0.45,8,0,0,0,6.04,1.849,0,False
A,5066,True,None,37.08,259,0.412,5,0,0,0,5.96,1.335,0,False
A,5067,True,None,36.51,256,0.45,8,0,0,0,9.92,1.629,0,False
A,5068,True,None,43.08,300,0.525,9,1,1,6,16.27,2.015,1,False
A,5069,True,None,38.68,271,0.388,6,0,0,0,5.99,1.303,0,False
A,5070,True,None,43.19,302,0.6,9,1,4,11,16.3,2.676,1,False
A,5071,True,None,39.11,274,0.425,6,0,1,3,6.89,1.553,0,False
A,5072,True,None,37.08,260,0.487,7,0,0,0,8.85,1.821,0,False
A,5073,True,None,40.75,284,0.588,8,0,0,0,10.89,2.194,0,False
A,5074,True,None,38.86,271,0.562,12,0,1,3,9.18,2.776,0,False
A,5075,True,None,38.41,268,0.463,12,0,0,0,12.74,2.553,0,False
A,5076,True,None,35.8,250,0.475,8,0,0,0,7.91,1.806,0,False
A,5077,True,None,42.48,297,0.375,8,3,7,25,14.29,1.844,1,False
A,5078,True,None,50.13,349,0.4,12,2,5,22,23.49,2.151,2,False
A,5079,True,None,37.88,265,0.487,12,0,0,0,13.86,2.448,0,False
A,5080,True,None,39.01,272,0.45,11,0,2,12,9.89,2.687,0,False
A,5081,True,None,49.96,348,0.487,14,2,6,59,32.68,3.644,2,False
A,5082,True,None,37.53,263,0.5,7,0,0,0,8.89,1.85,0,False
A,5083,True,None,36.63,256,0.362,6,0,0,0,6.02,1.325,0,False
A,5084,True,None,36.46,256,0.5,4,0,0,0,3.95,1.341,0,False
A,5085,True,None,51.75,369,0.575,26,21,14,175,33.6,3.611,3,False
A,5086,True,None,50.29,357,0.55,23,17,17,172,27.53,3.775,3,False
A,5087,True,None,43.34,303,0.438,9,1,2,14,16.25,1.924,1,False
A,5088,True,None,46.45,334,0.412,25,22,16,145,26.16,2.572,2,False
A,5089,True,None,38.55,270,0.425,8,0,0,0,8.85,1.618,0,False
A,5090,True,None,38.21,268,0.438,3,0,0,0,2.95,1.074,0,False
A,5091,True,None,38.71,270,0.475,10,0,0,0,10.89,2.105,0,False
A,5092,True,None,37.95,265,0.438,6,0,0,0,4.95,1.518,0,False
A,5093,True,None,37.5,263,0.463,7,0,0,0,6.91,1.612,0,False
A,5094,True,None,38.85,272,0.412,9,0,0,0,5.99,2.119,0,False
A,5095,True,None,41.76,293,0.412,8,3,4,12,15.12,1.375,1,False
A,5096,True,None,37.53,262,0.512,8,0,0,0,9.86,1.768,0,False
A,5097,True,None,37.36,261,0.425,6,0,1,1,5.95,1.786,0,False
A,5098,True,None,38.41,269,0.487,11,0,1,9,13.84,2.224,0,False
A,5099,True,None,43.39,302,0.55,13,1,4,25,24.02,3.328,1,False
A,5100,True,None,41.18,288,0.55,9,1,2,12,16.14,2.347,1,False
A,5101,True,None,37.1,259,0.475,7,0,0,0,6.04,1.855,0,False
A,5102,True,None,36.33,255,0.325,3,0,0,0,1.97,0.973,0,False
A,5103,True,None,37.4,262,0.5,9,0,0,0,9.8,1.989,0,False
A,5104,True,None,36.06,252,0.425,7,0,0,0,5.92,1.362,0,False
A,5105,True,None,37.35,262,0.562,4,0,0,0,3.93,1.265,0,False
A,5106,True,None,36.93,258,0.388,6,0,0,0,5.86,1.247,0,False
A,5107,True,None,38.38,269,0.412,4,0,1,2,5.13,1.168,0,False
A,5108,True,None,37.8,264,0.3,6,0,0,0,5.9,1.017,0,False
A,5109,True,None,44.21,321,0.425,19,26,17,166,14.13,1.908,2,False
A,5110,True,None,37.25,261,0.438,7,0,1,4,10.82,1.759,0,False
A,5111,True,None,40.0,280,0.475,8,0,0,0,9.95,2.042,0,False
A,5112,True,None,38.83,272,0.4,8,0,1,4,12.79,1.757,0,False
A,5113,True,None,38.83,272,0.425,8,0,0,0,7.9,1.762,0,False
A,5114,True,None,37.5,263,0.388,5,0,1,1,4.0,1.36,0,False
A,5115,True,None,40.75,286,0.487,11,3,4,22,14.32,2.48,1,False
A,5116,True,None,39.31,275,0.5,13,0,1,6,13.92,3.096,0,False
A,5117,True,None,37.53,262,0.463,9,0,1,1,13.84,1.799,0,False
A,5118,True,None,37.38,262,0.412,9,0,0,0,10.86,1.539,0,False
A,5119,True,None,38.31,268,0.388,22,0,0,0,6.96,2.782,0,False
A,5120,True,None,38.08,266,0.512,6,0,0,0,6.93,1.777,0,False
A,5121,True,None,43.21,302,0.425,8,1,2,3,21.1,1.745,1,False
A,5122,True,None,41.03,286,0.45,9,0,0,0,15.86,1.75,0,False
A,5123,True,None,36.93,258,0.6,8,0,0,0,7.95,2.073,0,False
A,5124,True,None,38.85,272,0.5,12,0,0,0,13.82,2.462,0,False
A,5125,True,None,41.63,291,0.475,12,1,1,8,20.99,2.238,1,False
A,5126,True,None,37.78,264,0.3,2,0,0,0,1.95,0.737,0,False
A,5127,True,None,40.03,280,0.475,12,0,0,0,16.78,2.319,0,False
A,5128,True,None,39.28,274,0.512,8,0,0,0,13.79,2.101,0,False
A,5129,True,None,37.66,264,0.525,9,0,0,0,13.79,2.325,0,False
A,5130,True,None,37.55,262,0.512,10,0,0,0,9.89,1.971,0,False
A,5131,True,None,37.53,262,0.512,10,0,1,9,11.88,2.017,0,False
A,5132,True,None,48.94,351,0.487,21,25,17,180,25.47,2.431,3,False
A,5133,True,None,44.56,313,0.425,12,6,6,31,22.53,2.034,2,False
A,5134,True,None,36.63,256,0.412,6,0,1,1,7.88,1.324,0,False
A,5135,True,None,39.26,274,0.425,5,0,0,0,6.9,0.999,0,False
A,5136,True,None,36.2,253,0.438,4,0,0,0,3.0,1.026,0,False
A,5137,True,None,36.36,254,0.438,8,0,0,0,8.93,1.649,0,False
A,5138,True,None,43.66,304,0.3,8,1,5,23,17.13,1.639,1,False
A,5139,True,None,44.11,309,0.588,14,3,4,40,20.18,2.757,1,False
A,5140,True,None,42.36,296,0.5,13,1,4,15,23.05,2.625,1,False
A,5141,True,None,46.31,323,0.45,14,2,5,47,29.3,2.557,2,False
A,5142,True,None,38.96,272,0.45,5,0,2,7,6.98,1.54,0,False
A,5143,True,None,38.71,270,0.512,8,0,2,10,14.77,2.162,0,False
A,5144,True,None,39.3,275,0.562,11,0,2,8,12.85,2.513,0,False
A,5145,True,None,40.6,284,0.425,9,1,1,5,16.12,1.561,1,False
A,5146,True,None,42.96,300,0.55,13,1,5,42,23.94,3.201,1,False
A,5147,True,None,44.09,320,0.438,23,26,20,304,22.02,3.108,2,False
A,5148,True,None,37.83,265,0.475,9,0,0,0,8.88,1.805,0,False
A,5149,True,None,40.3,281,0.55,11,0,1,8,12.92,2.281,0,False
A,5150,True,None,36.2,254,0.463,6,0,0,0,5.85,1.39,0,False
A,5151,True,None,39.71,277,0.525,8,0,0,0,8.99,1.88,0,False
A,5152,True,None,41.18,288,0.5,9,0,1,2,17.0,2.052,0,False
A,5153,True,None,43.39,302,0.487,8,1,4,13,13.36,1.931,1,False
A,5154,True,None,38.56,269,0.45,10,0,0,0,12.76,1.77,0,False
A,5155,True,None,36.8,258,0.487,8,0,0,0,10.92,1.615,0,False
A,5156,True,None,39.13,274,0.45,11,0,0,0,10.9,2.073,0,False
A,5157,True,None,39.1,273,0.375,4,0,0,0,7.82,0.965,0,False
A,5158,True,None,40.0,280,0.55,8,1,3,14,16.13,1.745,1,False
A,5159,True,None,37.36,262,0.438,3,0,0,0,1.98,1.056,0,False
A,5160,True,None,36.48,256,0.412,4,0,0,0,2.95,0.935,0,False
A,5161,True,None,40.73,284,0.412,10,0,0,0,13.73,1.877,0,False
A,5162,True,None,44.54,310,0.325,9,1,2,12,21.08,1.438,1,False
A,5163,True,None,38.13,266,0.4,9,0,0,0,8.9,1.604,0,False
A,5164,True,None,36.05,252,0.35,5,0,0,0,5.92,1.105,0,False
A,5165,True,None,42.36,295,0.438,9,1,2,10,14.29,1.581,1,False
A,5166,True,None,38.53,270,0.45,8,0,0,0,13.86,1.611,0,False
A,5167,True,None,42.93,299,0.45,10,1,2,16,19.06,1.712,1,False
A,5168,True,None,47.49,331,0.5,16,4,9,65,29.31,3.145,2,False
A,5169,True,None,37.5,263,0.362,4,0,0,0,3.91,1.013,0,False
A,5170,True,None,41.76,292,0.463,6,1,4,15,14.19,1.423,1,False
A,5171,True,None,45.43,316,0.475,9,1,5,27,20.21,1.9,1,False
A,5172,True,None,48.33,361,0.637,39,51,30,582,23.31,4.52,3,False
A,5173,True,None,40.15,280,0.5,6,0,2,6,12.79,1.31,0,False
A,5174,True,None,48.49,338,0.512,14,2,4,28,29.82,2.486,2,False
A,5175,True,None,37.26,261,0.475,15,0,0,0,1.95,2.035,0,False
A,5176,True,None,52.88,384,0.537,34,38,29,406,33.34,4.098,4,False
A,5177,True,None,38.53,269,0.388,4,0,1,3,5.91,0.897,0,False
A,5178,True,None,37.08,260,0.475,7,0,1,5,8.85,1.458,0,False
A,5179,True,None,43.94,308,0.425,11,5,5,33,15.19,1.974,1,False
A,5180,True,None,38.81,272,0.438,7,0,0,0,7.85,1.436,0,False
A,5181,True,None,38.1,266,0.438,7,0,1,2,11.03,1.576,0,False
A,5182,True,None,40.9,285,0.475,10,0,0,0,13.88,2.136,0,False
A,5183,True,None,53.31,401,0.438,47,65,42,1171,30.28,5.085,5,False
A,5184,True,None,48.84,339,0.412,12,2,6,25,24.47,2.258,2,False
A,5185,True,None,36.53,256,0.475,9,0,1,5,7.87,1.687,0,False
A,5186,True,None,37.93,265,0.362,2,0,0,0,1.98,0.681,0,False
A,5187,True,None,36.5,255,0.388,4,0,0,0,4.12,1.015,0,False
A,5188,True,None,37.4,262,0.45,9,0,0,0,11.77,1.599,0,False
A,5189,True,None,36.91,258,0.537,6,0,0,0,4.93,1.581,0,False
A,5190,True,None,38.55,270,0.375,5,0,0,0,4.97,1.182,0,False
A,5191,True,None,44.26,309,0.525,11,2,5,41,25.37,2.126,2,False
A,5192,True,None,40.48,283,0.425,14,0,2,10,13.03,2.195,0,False
A,5193,True,None,39.25,274,0.487,6,0,1,1,10.04,1.501,0,False
A,5194,True,None,43.78,308,0.487,11,5,6,32,19.22,2.205,1,False
A,5195,True,None,36.33,254,0.412,7,0,0,0,4.96,1.298,0,False
A,5196,True,None,36.2,253,0.45,6,0,0,0,6.0,1.32,0,False
A,5197,True,None,46.29,325,0.525,13,6,9,42,24.43,2.437,2,False
A,5198,True,None,44.34,322,0.438,19,26,16,147,12.31,1.568,2,False
A,5199,True,None,74.07,610,0.512,121,206,129,8142,48.84,13.315,12,False
A,5200,True,None,44.58,311,0.412,9,1,1,6,20.05,1.598,1,False
A,5201,True,None,39.01,272,0.475,10,0,0,0,12.82,1.795,0,False
A,5202,True,None,43.39,302,0.588,13,1,3,12,21.24,2.498,1,False
A,5203,True,None,39.15,274,0.512,8,0,0,0,8.87,1.819,0,False
A,5204,True,None,36.35,254,0.4,5,0,0,0,3.96,1.054,0,False
A,5205,True,None,40.73,285,0.463,6,1,2,8,13.14,1.184,1,False
A,5206,True,None,41.05,286,0.425,10,1,2,7,16.17,1.874,1,False
A,5207,True,None,40.46,283,0.512,10,1,1,4,21.06,2.061,1,False
A,5208,True,None,34.86,245,0.438,5,0,0,0,4.94,1.225,0,False
A,5209,True,None,37.71,264,0.463,10,0,0,0,8.93,1.678,0,False
A,5210,True,None,37.51,262,0.475,6,0,0,0,5.89,1.146,0,False
A,5211,True,None,37.65,264,0.362,5,0,0,0,7.91,1.02,0,False
A,5212,True,None,40.58,283,0.45,7,1,3,17,13.15,1.537,1,False
A,5213,True,None,37.4,262,0.425,10,0,0,0,10.85,1.819,0,False
A,5214,True,None,56.74,440,0.562,62,96,57,1750,28.76,4.988,6,False
A,5215,True,None,38.53,270,0.463,9,0,0,0,7.05,1.523,0,False
A,5216,True,None,39.26,275,0.45,9,0,1,2,12.83,1.677,0,False
A,5217,True,None,36.5,256,0.487,7,0,0,0,6.98,1.574,0,False
A,5218,True,None,39.86,278,0.45,7,0,0,0,8.97,1.654,0,False
A,5219,True,None,37.38,261,0.375,5,0,0,0,7.87,1.107,0,False
A,5220,True,None,41.78,292,0.537,12,3,6,49,18.14,2.573,1,False
A,5221,True,None,42.76,298,0.512,6,1,2,8,14.2,1.311,1,False
A,5222,True,None,38.68,271,0.4,5,0,1,2,6.91,1.184,0,False
A,5223,True,None,39.58,277,0.438,7,0,0,0,6.08,1.43,0,False
A,5224,True,None,39.11,274,0.425,6,0,1,1,8.95,1.313,0,False
A,5225,True,None,36.8,258,0.362,8,0,0,0,9.04,1.501,0,False
A,5226,True,None,42.21,294,0.537,11,1,2,6,16.17,2.219,1,False
A,5227,True,None,43.38,315,0.475,22,26,15,152,17.18,2.195,2,False
A,5228,True,None,43.04,312,0.463,20,26,15,179,16.13,1.933,2,False
A,5229,True,None,38.23,268,0.412,7,0,0,0,7.89,1.482,0,False
A,5230,True,None,36.63,257,0.475,7,0,0,0,5.02,1.552,0,False
A,5231,True,None,42.85,299,0.463,11,1,1,6,17.95,1.902,1,False
A,5232,True,None,38.53,270,0.475,8,0,1,4,8.84,1.677,0,False
A,5233,True,None,37.23,261,0.362,5,0,0,0,4.92,1.013,0,False
A,5234,True,None,37.23,260,0.438,5,0,0,0,3.96,1.185,0,False
A,5235,True,None,37.83,265,0.388,8,0,0,0,7.87,1.225,0,False
A,5236,True,None,43.68,316,0.525,23,26,15,194,14.3,2.47,2,False
A,5237,True,None,38.23,268,0.425,5,0,0,0,9.82,1.115,0,False
A,5238,True,None,39.25,274,0.388,6,0,0,0,7.91,1.208,0,False
A,5239,True,None,39.86,279,0.55,11,0,2,10,13.93,2.521,0,False
A,5240,True,None,45.89,319,0.487,12,1,3,16,21.09,2.435,1,False
A,5241,True,None,48.18,334,0.463,54,1,4,160,17.19,10.031,1,False
A,5242,True,None,37.36,262,0.388,6,0,0,0,6.96,1.264,0,False
A,5243,True,None,38.11,266,0.487,8,0,0,0,8.94,1.622,0,False
A,5244,True,None,39.15,274,0.463,9,0,0,0,9.91,1.594,0,False
A,5245,True,None,37.66,263,0.412,7,0,0,0,5.95,1.375,0,False
A,5246,True,None,37.53,262,0.45,6,0,1,2,8.97,1.273,0,False
A,5247,True,None,43.53,303,0.487,12,1,3,17,19.17,2.137,1,False
A,5248,True,None,36.96,259,0.525,10,0,0,0,8.83,1.855,0,False
A,5249,True,None,41.48,291,0.4,8,3,2,9,14.15,1.404,1,False
A,5250,True,None,36.78,257,0.338,7,0,0,0,9.94,1.185,0,False
A,5251,True,None,37.51,262,0.4,6,0,1,1,6.01,1.255,0,False
A,5252,True,None,55.05,385,0.4,21,8,13,137,45.53,3.96,4,False
A,5253,True,None,36.81,258,0.475,9,0,0,0,9.9,1.5,0,False
A,5254,True,None,45.26,315,0.487,10,1,4,21,19.4,2.122,1,False
A,5255,True,None,47.16,331,0.45,16,6,8,58,26.39,2.59,2,False
A,5256,True,None,40.9,286,0.45,12,0,4,21,13.85,2.248,0,False
A,5257,True,None,49.21,376,0.35,43,70,38,856,24.85,2.429,4,False
A,5258,True,None,56.66,449,0.613,75,116,65,2244,28.9,5.364,6,False
A,5259,True,None,39.73,278,0.5,9,0,0,0,9.85,1.801,0,False
A,5260,True,None,37.66,264,0.487,6,0,1,4,9.82,1.305,0,False
A,5261,True,None,38.25,268,0.375,6,0,1,4,5.98,1.055,0,False
A,5262,True,None,45.56,318,0.575,13,2,7,54,29.41,3.065,2,False
A,5263,True,None,37.4,262,0.35,8,0,0,0,7.83,1.333,0,False
A,5264,True,None,40.48,282,0.475,10,1,3,14,14.33,1.954,1,False
A,5265,True,None,39.13,274,0.375,7,0,0,0,8.88,1.179,0,False
A,5266,True,None,37.08,260,0.475,8,0,0,0,7.86,1.687,0,False
A,5267,True,None,62.0,453,0.5,45,54,35,862,47.36,5.506,6,False
A,5268,True,None,37.38,262,0.438,8,0,1,6,8.92,1.729,0,False
A,5269,True,None,37.83,265,0.463,9,0,0,0,10.89,1.635,0,False
A,5270,True,None,39.45,276,0.512,11,0,0,0,12.97,2.154,0,False
A,5271,True,None,36.5,256,0.438,5,0,0,0,4.94,1.361,0,False
A,5272,True,None,37.98,265,0.475,10,0,0,0,9.82,1.992,0,False
A,5273,True,None,38.86,272,0.512,12,0,0,0,16.74,2.253,0,False
A,5274,True,None,44.13,314,0.55,21,16,12,143,16.2,2.947,2,False
A,5275,True,None,36.05,252,0.45,7,0,0,0,5.92,1.406,0,False
A,5276,True,None,48.46,349,0.562,24,25,17,202,26.5,2.917,3,False
A,5277,True,None,46.76,326,0.562,14,5,8,71,34.53,2.654,3,False
A,5278,True,None,39.41,275,0.537,8,0,0,0,10.84,1.779,0,False
A,5279,True,None,37.23,261,0.4,7,0,1,5,9.8,1.243,0,False
A,5280,True,None,42.06,294,0.388,9,1,3,18,17.32,1.638,1,False
A,5281,True,None,40.45,282,0.512,10,0,2,5,12.89,2.035,0,False
A,5282,True,None,42.06,295,0.425,11,3,5,37,15.2,2.076,1,False
A,5283,True,None,41.65,292,0.45,10,3,7,16,14.38,1.839,1,False
A,5284,True,None,39.41,276,0.412,7,0,1,5,9.84,1.405,0,False
A,5285,True,None,37.93,265,0.487,7,0,1,2,6.98,1.575,0,False
A,5286,True,None,36.18,253,0.537,5,0,0,0,3.93,1.399,0,False
A,5287,True,None,38.4,268,0.4,5,0,2,5,7.05,1.25,0,False
A,5288,True,None,39.86,278,0.438,9,0,1,1,10.91,1.615,0,False
A,5289,True,None,37.98,266,0.425,9,0,0,0,11.76,1.761,0,False
A,5290,True,None,46.18,321,0.537,10,1,5,26,20.18,2.171,1,False
A,5291,True,None,40.46,282,0.412,9,0,1,1,10.92,1.928,0,False
A,5292,True,None,40.9,287,0.463,14,3,6,49,21.08,2.333,1,False
A,5293,True,None,38.56,270,0.487,8,0,0,0,8.96,1.795,0,False
A,5294,True,None,38.81,272,0.438,5,0,1,2,4.02,1.275,0,False
A,5295,True,None,37.36,262,0.338,5,0,0,0,4.88,0.921,0,False
A,5296,True,None,53.37,371,0.575,14,3,8,45,38.29,3.673,3,False
A,5297,True,None,38.98,273,0.4,9,1,2,10,11.24,1.575,1,False
A,5298,True,None,41.33,289,0.475,8,1,3,7,14.18,1.845,1,False
A,5299,True,None,37.8,264,0.388,4,0,0,0,3.96,1.223,0,False
A,5300,True,None,39.28,275,0.475,10,0,2,9,8.92,2.243,0,False
A,5301,True,None,61.8,469,0.5,63,89,59,1870,40.0,6.303,7,False
A,5302,True,None,38.58,270,0.425,13,0,3,20,9.9,2.292,0,False
A,5303,True,None,41.74,292,0.487,12,3,5,20,20.11,2.331,1,False
A,5304,True,None,37.65,263,0.362,4,0,1,2,4.01,1.117,0,False
A,5305,True,None,36.65,257,0.475,7,0,0,0,6.92,1.457,0,False
A,5306,True,None,37.35,261,0.412,30,0,1,4,9.88,4.352,0,False
A,5307,True,None,40.78,284,0.5,14,0,2,6,19.71,2.721,0,False
A,5308,True,None,39.26,275,0.425,5,0,0,0,7.92,1.196,0,False
A,5309,True,None,51.43,364,0.688,28,17,14,134,34.3,4.635,3,False
A,5310,True,None,39.56,276,0.438,7,0,0,0,7.94,1.379,0,False
A,5311,True,None,57.09,456,0.575,81,125,73,2979,32.65,5.862,7,False
A,5312,True,None,39.41,276,0.537,12,1,3,12,17.19,2.315,1,False
A,5313,True,None,38.7,271,0.35,8,0,0,0,8.99,1.28,0,False
A,5314,True,None,37.1,260,0.438,9,0,0,0,8.87,1.457,0,False
A,5315,True,None,37.93,266,0.35,4,0,0,0,2.93,0.71,0,False
A,5316,True,None,36.23,254,0.338,11,0,0,0,7.95,1.545,0,False
A,5317,True,None,40.18,282,0.463,10,3,3,22,14.23,1.831,1,False
A,5318,True,None,39.15,274,0.438,8,0,2,4,9.85,1.538,0,False
A,5319,True,None,38.68,270,0.438,10,0,0,0,11.91,1.479,0,False
A,5320,True,None,38.68,270,0.45,5,0,0,0,4.97,1.144,0,False
A,5321,True,None,39.16,273,0.562,9,0,1,7,11.9,1.99,0,False
A,5322,True,None,38.53,270,0.388,5,0,0,0,4.04,1.089,0,False
A,5323,True,None,38.55,270,0.425,7,0,0,0,8.85,1.365,0,False
A,5324,True,None,38.13,267,0.475,10,0,0,0,10.91,2.094,0,False
A,5325,True,None,38.51,270,0.425,4,0,0,0,5.92,1.043,0,False
A,5326,True,None,42.94,299,0.463,13,0,1,7,12.75,2.272,0,False
A,5327,True,None,36.36,254,0.463,8,0,0,0,7.86,1.533,0,False
A,5328,True,None,44.67,311,0.525,11,1,2,10,22.78,2.354,1,False
A,5329,True,None,39.58,276,0.475,11,0,0,0,14.78,1.846,0,False
A,5330,True,None,48.38,348,0.45,26,25,18,208,32.39,2.883,3,False
A,5331,True,None,37.66,263,0.388,6,0,1,2,6.0,1.186,0,False
A,5332,True,None,45.03,324,0.55,25,22,15,182,24.09,3.492,2,False
A,5333,True,None,38.38,269,0.438,5,0,0,0,5.9,1.168,0,False
A,5334,True,None,37.25,261,0.412,10,0,0,0,11.86,1.446,0,False
A,5335,True,None,37.23,261,0.425,6,0,0,0,7.95,1.241,0,False
A,5336,True,None,44.13,308,0.388,14,4,6,34,23.52,2.102,2,False
A,5337,True,None,39.01,273,0.475,9,0,0,0,11.84,1.763,0,False
A,5338,True,None,38.56,270,0.475,6,0,2,8,8.82,1.43,0,False
A,5339,True,None,38.43,269,0.388,10,0,0,0,7.93,1.436,0,False
A,5340,True,None,56.24,419,0.55,43,63,37,810,31.33,3.573,5,False
A,5341,True,None,37.68,264,0.4,8,0,1,5,10.01,1.657,0,False
A,5342,True,None,39.28,274,0.45,8,0,0,0,9.99,1.649,0,False
A,5343,True,None,37.11,259,0.338,7,0,1,3,7.91,1.206,0,False
A,5344,True,None,38.4,269,0.425,8,0,0,0,10.03,1.409,0,False
A,5345,True,None,49.25,351,0.525,22,21,19,176,22.54,2.861,3,False
A,5346,True,None,37.95,266,0.45,5,0,0,0,4.95,1.209,0,False
A,5347,True,None,38.98,272,0.487,8,0,0,0,7.9,1.642,0,False
A,5348,True,None,37.55,263,0.425,9,0,0,0,9.85,1.606,0,False
A,5349,True,None,37.65,264,0.45,6,0,0,0,5.99,1.457,0,False
A,5350,True,None,36.95,258,0.325,5,0,0,0,2.95,1.0,0,False
A,5351,True,None,41.91,293,0.425,9,1,3,17,16.17,1.576,1,False
A,5352,True,None,40.43,283,0.438,10,1,2,12,17.03,1.681,1,False
A,5353,True,None,37.36,261,0.438,4,0,0,0,4.0,1.061,0,False
A,5354,True,None,52.74,379,0.438,28,30,21,309,27.89,2.864,4,False
A,5355,True,None,38.98,273,0.487,6,0,1,1,7.92,1.528,0,False
A,5356,True,None,42.34,295,0.412,9,1,1,4,14.23,1.653,1,False
A,5357,True,None,40.45,283,0.438,8,0,1,1,10.08,1.585,0,False
A,5358,True,None,39.13,274,0.4,6,0,0,0,7.07,1.208,0,False
A,5359,True,None,37.06,260,0.475,5,0,0,0,6.84,1.418,0,False
A,5360,True,None,57.87,437,0.562,54,78,50,1406,36.62,5.253,6,False
A,5361,True,None,36.78,257,0.375,8,0,0,0,7.94,1.311,0,False
A,5362,True,None,35.76,250,0.438,7,0,0,0,7.9,1.407,0,False
A,5363,True,None,66.62,540,0.662,102,165,101,4639,42.95,7.353,9,False
A,5364,True,None,42.04,294,0.425,6,1,5,12,12.21,1.349,1,False
A,5365,True,None,37.68,264,0.438,7,0,0,0,6.92,1.671,0,False
A,5366,True,None,37.51,263,0.45,4,0,0,0,3.98,1.076,0,False
A,5367,True,None,61.61,484,0.525,73,122,70,2542,40.34,4.462,8,False
A,5368,True,None,40.56,284,0.362,8,1,2,10,16.08,1.384,1,False
A,5369,True,None,38.81,271,0.475,7,0,0,0,7.91,1.581,0,False
A,5370,True,None,41.2,288,0.438,8,1,1,5,14.28,1.521,1,False
A,5371,True,None,37.68,264,0.463,9,0,2,11,11.77,1.762,0,False
A,5372,True,None,49.48,358,0.463,23,29,21,243,23.73,2.108,3,False
A,5373,True,None,40.75,285,0.4,13,0,1,9,14.8,1.912,0,False
A,5374,True,None,37.2,261,0.425,4,0,0,0,3.05,1.088,0,False
A,5375,True,None,39.16,274,0.45,11,0,0,0,10.76,1.687,0,False
A,5376,True,None,51.79,361,0.637,21,4,10,132,36.37,4.493,2,False
A,5377,True,None,49.06,353,0.388,23,25,18,270,27.28,2.63,3,False
A,5378,True,None,37.85,265,0.4,8,0,0,0,8.92,1.378,0,False
A,5379,True,None,41.76,291,0.562,11,1,2,6,17.22,2.594,1,False
A,5380,True,None,43.98,307,0.5,11,1,4,22,21.1,1.991,1,False
A,5381,True,None,37.53,263,0.5,7,0,0,0,6.89,1.461,0,False
A,5382,True,None,37.08,259,0.425,6,0,0,0,3.95,1.4,0,False
A,5383,True,None,38.25,268,0.425,7,0,0,0,5.95,1.354,0,False
A,5384,True,None,47.58,352,0.487,31,43,29,439,13.94,3.151,3,False
A,5385,True,None,36.21,253,0.438,5,0,0,0,3.94,1.109,0,False
A,5386,True,None,39.26,275,0.388,8,0,0,0,9.89,1.388,0,False
A,5387,True,None,37.68,264,0.4,8,0,0,0,6.89,1.42,0,False
A,5388,True,None,37.93,265,0.5,6,0,0,0,7.09,1.283,0,False
A,5389,True,None,44.14,309,0.5,13,5,8,52,20.16,2.666,1,False
A,5390,True,None,43.66,305,0.463,10,1,2,12,15.28,1.716,1,False
A,5391,True,None,36.1,252,0.5,10,0,0,0,8.89,1.782,0,False
A,5392,True,None,35.6,250,0.463,5,0,0,0,3.96,1.175,0,False
A,5393,True,None,41.06,287,0.375,11,1,3,14,20.18,1.953,1,False
A,5394,True,None,46.01,322,0.412,15,6,9,38,24.47,2.424,2,False
A,5395,True,None,39.13,274,0.475,9,0,0,0,9.93,1.683,0,False
A,5396,True,None,38.7,271,0.45,10,0,0,0,13.8,1.868,0,False
A,5397,True,None,36.96,259,0.588,10,0,0,0,9.93,1.94,0,False
A,5398,True,None,37.51,262,0.4,7,0,0,0,10.86,1.245,0,False
A,5399,True,None,40.62,284,0.425,11,1,3,8,17.51,1.807,1,False
A,5400,True,None,36.33,254,0.412,4,0,0,0,3.97,0.96,0,False
A,5401,True,None,38.36,268,0.287,2,0,0,0,1.98,0.651,0,False
A,5402,True,None,37.78,264,0.388,2,0,0,0,0.98,0.717,0,False
A,5403,True,None,37.51,263,0.4,7,0,0,0,7.07,1.369,0,False
A,5404,True,None,46.56,326,0.562,21,7,8,79,24.49,3.801,1,False
A,5405,True,None,44.56,311,0.512,10,1,1,6,22.19,1.858,1,False
A,5406,True,None,35.91,252,0.362,8,0,0,0,10.85,1.253,0,False
A,5407,True,None,38.83,272,0.375,10,0,2,8,9.96,1.83,0,False
A,5408,True,None,53.34,381,0.463,28,25,20,291,41.02,3.445,5,False
A,5409,True,None,56.34,449,0.525,71,120,68,2485,23.14,4.355,6,False
A,5410,True,None,39.26,275,0.412,7,0,1,1,9.01,1.5,0,False
A,5411,True,None,40.31,281,0.425,8,0,1,4,10.89,1.689,0,False
A,5412,True,None,36.78,258,0.463,5,0,0,0,4.91,1.156,0,False
A,5413,True,None,49.82,379,0.487,49,68,40,934,28.32,3.553,4,False
A,5414,True,None,42.19,297,0.412,10,5,4,21,19.1,1.648,1,False
A,5415,True,None,38.56,269,0.525,9,0,0,0,11.85,1.865,0,False
A,5416,True,None,36.8,258,0.425,9,0,1,6,10.89,1.45,0,False
A,5417,True,None,38.15,266,0.463,10,0,0,0,10.78,1.928,0,False
A,5418,True,None,39.3,275,0.512,14,0,0,0,13.91,2.496,0,False
A,5419,True,None,40.03,280,0.487,9,0,0,0,13.83,2.039,0,False
A,5420,True,None,40.61,284,0.512,10,0,1,8,14.84,2.444,0,False
A,5421,True,None,39.0,273,0.425,9,0,2,8,11.86,1.796,0,False
A,5422,True,None,39.01,273,0.487,12,0,0,0,14.74,2.044,0,False
A,5423,True,None,41.91,293,0.425,8,1,2,7,15.29,1.572,1,False
A,5424,True,None,42.79,299,0.45,9,1,2,12,17.23,1.807,1,False
A,5425,True,None,39.28,274,0.475,9,0,0,0,10.85,1.825,0,False
A,5426,True,None,37.11,260,0.4,13,0,1,3,11.87,2.195,0,False
A,5427,True,None,45.29,315,0.487,12,1,4,10,21.22,2.281,1,False
A,5428,True,None,55.66,421,0.487,54,73,42,1055,32.72,4.426,5,False
A,5429,True,None,36.33,254,0.425,5,0,0,0,5.87,1.151,0,False
A,5430,True,None,37.51,263,0.487,6,0,1,4,6.92,1.334,0,False
A,5431,True,None,41.33,290,0.438,12,3,6,36,14.22,2.332,1,False
A,5432,True,None,40.01,280,0.375,9,0,0,0,11.97,1.711,0,False
A,5433,True,None,38.1,266,0.412,7,0,0,0,9.88,1.439,0,False
A,5434,True,None,40.26,281,0.412,7,1,2,8,13.12,1.231,1,False
A,5435,True,None,40.6,284,0.537,13,1,1,3,18.13,2.423,1,False
A,5436,True,None,37.23,260,0.312,7,0,0,0,9.98,1.083,0,False
A,5437,True,None,43.81,308,0.4,12,7,8,42,17.2,2.21,1,False
A,5438,True,None,38.56,269,0.362,9,0,0,0,8.91,1.528,0,False
A,5439,True,None,38.88,271,0.412,14,0,0,0,13.78,1.916,0,False
A,5440,True,None,43.82,306,0.425,12,1,3,25,22.34,2.024,1,False
A,5441,True,None,37.96,266,0.4,5,0,0,0,6.87,1.235,0,False
A,5442,True,None,47.19,337,0.475,22,20,13,179,24.98,3.359,2,False
A,5443,True,None,39.11,274,0.438,7,0,0,0,8.89,1.439,0,False
A,5444,True,None,38.25,268,0.425,6,0,0,0,9.0,1.201,0,False
A,5445,True,None,36.65,257,0.475,6,0,0,0,6.89,1.504,0,False
A,5446,True,None,42.48,297,0.6,11,3,3,26,21.03,2.265,1,False
A,5447,True,None,38.11,267,0.512,7,0,0,0,7.95,1.55,0,False
A,5448,True,None,41.59,290,0.375,6,1,1,4,11.18,1.065,1,False
A,5449,True,None,43.19,314,0.45,22,26,16,166,18.02,1.851,2,False
A,5450,True,None,37.81,264,0.45,7,0,1,5,7.91,1.748,0,False
A,5451,True,None,44.14,308,0.487,11,1,3,14,19.17,1.966,1,False
A,5452,True,None,39.26,274,0.438,7,0,1,2,6.87,1.276,0,False
A,5453,True,None,37.23,261,0.338,7,0,0,0,8.96,1.206,0,False
A,5454,True,None,37.83,264,0.5,9,0,0,0,7.98,1.871,0,False
A,5455,True,None,36.2,254,0.537,7,0,0,0,6.97,1.766,0,False
A,5456,True,None,38.51,270,0.362,4,0,0,0,7.98,0.974,0,False
A,5457,True,None,38.96,272,0.45,6,0,0,0,6.86,1.493,0,False
A,5458,True,None,42.81,298,0.425,9,1,3,21,17.1,1.656,1,False
A,5459,True,None,38.68,270,0.35,5,0,0,0,8.85,1.046,0,False
A,5460,True,None,39.58,277,0.463,11,0,0,0,10.88,1.687,0,False
A,5461,True,None,38.11,267,0.425,8,0,0,0,10.87,1.704,0,False
A,5462,True,None,39.9,279,0.438,11,3,4,27,18.02,1.857,1,False
A,5463,True,None,46.61,324,0.487,11,2,5,32,26.45,2.116,2,False
A,5464,True,None,39.75,278,0.475,17,0,0,0,9.79,2.432,0,False
A,5465,True,None,49.38,374,0.55,45,66,40,741,27.06,3.492,4,False
A,5466,True,None,38.41,269,0.463,10,0,1,6,10.0,1.846,0,False
A,5467,True,None,37.41,261,0.588,9,0,1,8,9.86,2.08,0,False
A,5468,True,None,48.04,334,0.438,15,2,6,33,30.27,2.724,2,False
A,5469,True,None,36.36,255,0.312,5,0,0,0,7.93,0.862,0,False
A,5470,True,None,42.54,296,0.425,10,1,3,11,10.48,1.57,1,False
A,5471,True,None,39.43,276,0.412,11,0,1,1,15.74,1.782,0,False
A,5472,True,None,49.04,376,0.412,46,72,41,934,16.29,2.34,4,False
A,5473,True,None,40.03,279,0.425,9,0,0,0,9.96,1.777,0,False
A,5474,True,None,40.28,282,0.375,7,0,0,0,10.81,1.284,0,False
A,5475,True,None,40.93,286,0.512,15,0,1,2,17.69,2.814,0,False
A,5476,True,None,36.48,255,0.375,7,0,0,0,7.9,1.192,0,False
A,5477,True,None,38.41,268,0.4,9,0,1,4,7.99,1.625,0,False
A,5478,True,None,61.05,477,0.55,74,115,66,2364,38.7,5.991,7,False
A,5479,True,None,37.96,266,0.362,7,0,0,0,7.87,1.104,0,False
A,5480,True,None,36.31,255,0.438,1,0,0,0,0.0,0.749,0,False
A,5481,True,None,38.7,271,0.475,9,0,0,0,10.88,1.524,0,False
A,5482,True,None,45.73,328,0.45,22,22,13,103,19.15,2.296,2,False
A,5483,True,None,41.5,289,0.362,9,1,4,22,16.18,1.492,1,False
A,5484,True,None,36.21,254,0.475,5,0,0,0,5.01,1.232,0,False
A,5485,True,None,38.7,271,0.425,8,0,0,0,6.88,1.407,0,False
A,5486,True,None,46.48,325,0.5,14,6,5,20,20.66,2.616,2,False
A,5487,True,None,39.61,277,0.4,9,0,0,0,13.98,1.57,0,False
A,5488,True,None,38.43,269,0.362,9,0,0,0,11.86,1.388,0,False
A,5489,True,None,39.76,278,0.475,11,0,0,0,13.73,1.785,0,False
A,5490,True,None,37.25,260,0.45,8,0,0,0,8.95,1.389,0,False
A,5491,True,None,37.38,261,0.388,8,0,0,0,9.88,1.236,0,False
A,5492,True,None,43.56,303,0.475,12,1,2,16,20.98,2.434,1,False
A,5493,True,None,50.82,375,0.362,35,46,29,568,30.85,3.336,4,False
A,5494,True,None,38.28,267,0.438,10,0,0,0,12.83,1.995,0,False
A,5495,True,None,37.5,263,0.537,7,0,0,0,7.0,1.869,0,False
A,5496,True,None,37.66,264,0.463,7,0,0,0,6.97,1.361,0,False
A,5497,True,None,40.58,283,0.425,7,0,2,5,8.14,1.522,0,False
A,5498,True,None,40.33,281,0.412,10,0,1,2,15.83,1.71,0,False
A,5499,True,None,46.49,324,0.438,13,2,4,28,24.79,1.924,2,False
B,5000,True,None,37.78,264,0.433,3,0,0,0,1.98,1.457,0,False
B,5001,True,None,49.93,371,0.508,36,50,31,638,27.32,4.048,4,False
B,5002,True,None,51.43,357,0.508,15,3,6,39,43.55,3.894,3,False
B,5003,True,None,43.54,304,0.45,12,1,2,10,20.23,2.912,1,False
B,5004,True,None,38.43,269,0.408,12,0,0,0,11.81,2.756,0,False
B,5005,True,None,50.51,386,0.475,50,74,50,1271,24.95,5.174,4,False
B,5006,True,None,42.5,297,0.475,12,1,2,6,24.52,3.01,1,False
B,5007,True,None,43.24,301,0.442,9,1,2,10,19.16,2.574,1,False
B,5008,True,None,37.8,264,0.417,6,0,0,0,5.93,1.613,0,False
B,5009,True,None,44.11,308,0.492,8,1,4,18,17.21,2.948,1,False
B,5010,True,None,37.93,266,0.35,6,0,0,0,3.96,1.799,0,False
B,5011,True,None,48.68,340,0.442,17,4,9,105,37.22,4.501,2,False
B,5012,True,None,43.83,312,0.517,21,14,8,68,22.34,3.864,2,False
B,5013,True,None,39.86,279,0.417,10,3,5,17,13.21,2.36,1,False
B,5014,True,None,58.36,464,0.467,71,123,71,2559,31.47,4.929,7,False
B,5015,True,None,39.73,277,0.383,10,0,0,0,7.88,2.412,0,False
B,5016,True,None,42.71,297,0.408,14,1,2,15,19.09,3.233,1,False
B,5017,True,None,44.45,310,0.583,17,1,3,24,27.38,4.686,1,False
B,5018,True,None,38.66,270,0.35,5,0,1,1,5.06,1.721,0,False
B,5019,True,None,42.06,293,0.475,9,1,2,12,17.21,2.299,1,False
B,5020,True,None,39.28,274,0.425,9,0,0,0,10.02,2.216,0,False
B,5021,True,None,64.61,519,0.542,96,151,88,4486,56.28,10.227,9,False
B,5022,True,None,55.31,408,0.517,45,52,30,488,38.32,4.77,4,False
B,5023,True,None,36.66,256,0.442,9,0,0,0,6.95,2.32,0,False
B,5024,True,None,41.76,293,0.45,8,3,5,22,15.07,2.297,1,False
B,5025,True,None,36.93,258,0.475,8,0,1,2,8.07,2.566,0,False
B,5026,True,None,38.81,272,0.367,6,0,0,0,9.83,1.672,0,False
B,5027,True,None,39.28,274,0.45,10,0,2,8,9.9,2.762,0,False
B,5028,True,None,42.25,296,0.425,15,5,7,38,13.44,3.063,1,False
B,5029,True,None,43.23,302,0.45,13,1,2,22,22.04,2.826,1,False
B,5030,True,None,39.43,275,0.467,10,0,1,3,11.76,2.499,0,False
B,5031,True,None,38.58,269,0.383,12,0,1,3,13.8,2.976,0,False
B,5032,True,None,38.11,266,0.408,9,0,1,2,8.94,2.05,0,False
B,5033,True,None,41.8,291,0.425,11,1,2,10,17.03,2.439,1,False
B,5034,True,None,41.8,291,0.467,13,1,1,6,17.17,3.035,1,False
B,5035,True,None,42.53,297,0.492,9,1,2,12,16.17,2.602,1,False
B,5036,True,None,38.18,267,0.517,15,0,1,11,14.92,4.033,0,False
B,5037,True,None,38.46,269,0.442,13,0,0,0,12.91,3.162,0,False
B,5038,True,None,36.8,258,0.392,8,0,1,4,11.87,2.388,0,False
B,5039,True,None,39.56,277,0.417,10,0,2,12,10.87,2.352,0,False
B,5040,True,None,43.98,306,0.483,11,1,3,26,22.02,2.89,1,False
B,5041,True,None,39.01,273,0.392,9,0,1,7,5.87,2.142,0,False
B,5042,True,None,63.63,499,0.508,83,121,70,3081,46.78,11.463,7,False
B,5043,True,None,46.49,323,0.475,15,2,4,32,32.33,3.392,2,False
B,5044,True,None,56.08,419,0.417,48,65,41,867,31.82,4.711,5,False
B,5045,True,None,43.26,302,0.442,9,1,2,11,15.18,2.294,1,False
B,5046,True,None,38.4,269,0.383,7,0,0,0,9.82,2.044,0,False
B,5047,True,None,39.71,278,0.408,7,0,2,5,10.86,2.18,0,False
B,5048,True,None,40.45,282,0.45,9,0,0,0,14.87,2.531,0,False
B,5049,True,None,40.05,280,0.467,10,0,0,0,12.83,2.648,0,False
B,5050,True,None,38.86,271,0.475,10,0,3,14,10.77,3.061,0,False
B,5051,True,None,39.01,272,0.475,10,0,1,4,10.89,2.741,0,False
B,5052,True,None,40.18,280,0.417,14,1,4,33,18.2,3.188,1,False
B,5053,True,None,40.6,284,0.417,8,3,4,16,17.22,2.08,1,False
B,5054,True,None,38.71,270,0.475,11,0,1,8,13.76,2.551,0,False
B,5055,True,None,41.5,289,0.433,8,1,1,6,13.15,2.103,1,False
B,5056,True,None,43.26,302,0.35,9,1,2,12,12.24,1.964,1,False
B,5057,True,None,45.71,319,0.483,9,1,6,32,19.09,3.322,1,False
B,5058,True,None,38.56,270,0.508,11,0,0,0,12.88,3.058,0,False
B,5059,True,None,37.7,263,0.408,9,0,2,8,9.89,2.278,0,False
B,5060,True,None,43.11,300,0.5,12,1,3,14,19.16,3.423,1,False
B,5061,True,None,36.35,255,0.442,4,0,0,0,2.99,1.537,0,False
B,5062,True,None,36.21,254,0.4,8,0,0,0,5.99,1.931,0,False
B,5063,True,None,42.25,295,0.442,13,1,3,14,20.2,3.057,1,False
B,5064,True,None,47.35,329,0.383,13,2,8,59,21.69,2.945,2,False
B,5065,True,None,36.8,257,0.45,9,0,0,0,8.87,2.292,0,False
B,5066,True,None,42.78,299,0.375,6,1,3,8,14.29,2.017,1,False
B,5067,True,None,37.36,262,0.433,7,0,0,0,10.95,2.027,0,False
B,5068,True,None,47.53,332,0.517,18,4,6,65,29.42,4.144,2,False
B,5069,True,None,45.44,317,0.392,12,1,3,11,20.1,2.804,1,False
B,5070,True,None,46.75,326,0.508,19,3,3,10,27.17,4.562,1,False
B,5071,True,None,40.15,280,0.483,10,0,0,0,13.79,2.635,0,False
B,5072,True,None,40.91,286,0.458,15,1,4,39,21.14,3.502,1,False
B,5073,True,None,44.99,314,0.542,11,1,4,20,25.1,3.36,1,False
B,5074,True,None,37.98,266,0.433,12,0,0,0,15.75,2.863,0,False
B,5075,True,None,40.16,281,0.508,9,0,1,3,14.79,2.686,0,False
B,5076,True,None,63.04,490,0.433,76,114,73,2640,53.49,9.539,8,False
B,5077,True,None,45.99,323,0.508,12,6,9,53,22.52,3.112,2,False
B,5078,True,None,43.66,305,0.45,10,1,4,21,23.98,2.532,1,False
B,5079,True,None,36.5,255,0.45,6,0,0,0,4.99,2.024,0,False
B,5080,True,None,39.01,273,0.433,9,0,1,1,9.89,2.282,0,False
B,5081,True,None,37.4,261,0.4,8,0,0,0,7.02,1.836,0,False
B,5082,True,None,37.36,262,0.425,7,0,0,0,7.96,1.711,0,False
B,5083,True,None,49.48,368,0.442,31,50,31,508,20.62,2.75,4,False
B,5084,True,None,40.88,286,0.525,9,1,2,9,14.19,2.924,1,False
B,5085,True,None,42.94,299,0.45,11,1,1,4,17.14,2.746,1,False
B,5086,True,None,44.65,311,0.483,18,1,3,32,23.18,4.623,1,False
B,5087,True,None,45.88,319,0.45,10,1,5,38,22.09,2.716,1,False
B,5088,True,None,58.86,465,0.533,75,119,67,2545,31.47,5.921,7,False
B,5089,True,None,38.7,270,0.4,8,0,0,0,8.9,1.958,0,False
B,5090,True,None,38.23,267,0.4,4,0,0,0,3.04,1.556,0,False
B,5091,True,None,39.28,274,0.45,9,0,0,0,8.9,2.066,0,False
B,5092,True,None,44.91,312,0.5,16,1,2,19,24.39,4.032,1,False
B,5093,True,None,38.23,267,0.408,7,0,0,0,8.89,1.958,0,False
B,5094,True,None,41.48,290,0.4,8,1,3,10,13.19,2.248,1,False
B,5095,True,None,37.2,260,0.367,6,0,0,0,4.93,1.662,0,False
B,5096,True,None,36.35,254,0.417,8,0,0,0,7.94,2.097,0,False
B,5097,True,None,35.9,252,0.417,5,0,0,0,3.96,1.59,0,False
B,5098,True,None,37.25,261,0.458,11,0,0,0,8.91,2.655,0,False
B,5099,True,None,38.98,272,0.475,10,0,1,8,7.91,2.533,0,False
B,5100,True,None,46.64,326,0.508,18,4,5,33,28.36,4.233,2,False
B,5101,True,None,43.78,306,0.508,8,1,1,3,20.2,2.446,1,False
B,5102,True,None,42.66,298,0.417,11,1,3,8,18.23,2.786,1,False
B,5103,True,None,37.81,264,0.425,10,0,1,3,11.81,2.395,0,False
B,5104,True,None,36.65,256,0.425,8,0,1,2,7.86,1.811,0,False
B,5105,True,None,38.85,272,0.5,11,0,0,0,11.97,2.856,0,False
B,5106,True,None,37.81,265,0.483,8,0,1,6,7.94,2.492,0,False
B,5107,True,None,38.13,266,0.475,10,0,0,0,10.89,2.529,0,False
B,5108,True,None,42.36,296,0.3,11,1,4,10,19.16,1.822,1,False
B,5109,True,None,38.4,268,0.408,5,0,0,0,4.94,1.44,0,False
B,5110,True,None,37.53,263,0.467,10,0,1,5,10.84,2.639,0,False
B,5111,True,None,38.1,266,0.45,6,0,1,3,5.94,2.093,0,False
B,5112,True,None,37.38,262,0.4,10,0,0,0,7.99,2.238,0,False
B,5113,True,None,44.11,307,0.525,14,1,6,56,19.16,4.39,1,False
B,5114,True,None,41.74,291,0.342,7,1,2,6,15.25,1.686,1,False
B,5115,True,None,36.51,255,0.492,9,0,1,2,9.93,2.851,0,False
B,5116,True,None,43.28,304,0.517,15,5,4,40,17.33,4.107,1,False
B,5117,True,None,47.14,341,0.6,29,27,20,312,26.25,6.083,3,False
B,5118,True,None,36.8,258,0.45,9,0,1,8,11.83,2.681,0,False
B,5119,True,None,37.83,264,0.45,6,0,0,0,4.91,1.694,0,False
B,5120,True,None,37.83,265,0.475,8,0,0,0,10.96,2.242,0,False
B,5121,True,None,37.25,261,0.417,6,0,0,0,4.94,1.763,0,False
B,5122,True,None,39.31,275,0.4,12,0,1,4,11.04,2.682,0,False
B,5123,True,None,51.77,369,0.542,35,22,19,382,42.54,7.499,4,False
B,5124,True,None,39.18,273,0.45,16,0,1,9,16.79,3.691,0,False
B,5125,True,None,38.13,266,0.475,8,0,1,2,9.89,2.229,0,False
B,5126,True,None,43.23,303,0.367,10,3,4,18,18.17,2.194,1,False
B,5127,True,None,41.95,293,0.492,13,3,3,18,16.21,3.157,1,False
B,5128,True,None,36.96,259,0.4,11,0,1,6,9.8,2.689,0,False
B,5129,True,None,38.28,267,0.442,11,0,1,9,10.97,3.054,0,False
B,5130,True,None,47.74,353,0.492,33,45,26,350,19.12,3.603,3,False
B,5131,True,None,38.73,271,0.492,12,0,1,8,17.81,3.038,0,False
B,5132,True,None,42.96,299,0.45,10,1,2,8,14.29,3.024,1,False
B,5133,True,None,41.95,292,0.4,15,1,3,19,22.07,3.33,1,False
B,5134,True,None,37.68,264,0.4,9,0,0,0,9.87,2.049,0,False
B,5135,True,None,48.65,361,0.392,38,47,31,657,24.46,5.207,3,False
B,5136,True,None,36.93,259,0.475,6,0,0,0,6.89,1.726,0,False
B,5137,True,None,37.38,262,0.392,11,0,0,0,12.85,2.455,0,False
B,5138,True,None,38.71,271,0.542,12,0,3,24,15.81,3.533,0,False
B,5139,True,None,39.56,276,0.35,9,0,0,0,11.02,2.085,0,False
B,5140,True,None,38.15,267,0.442,11,0,1,6,12.82,2.763,0,False
B,5141,True,None,43.58,305,0.517,17,3,4,46,26.82,4.239,1,False
B,5142,True,None,38.45,269,0.408,11,0,0,0,12.9,2.941,0,False
B,5143,True,None,41.77,293,0.467,15,3,4,41,22.66,3.732,1,False
B,5144,True,None,38.0,266,0.467,10,0,0,0,9.93,2.607,0,False
B,5145,True,None,43.84,307,0.45,17,5,4,45,25.04,3.63,1,False
B,5146,True,None,39.75,277,0.433,11,1,2,6,15.2,2.963,1,False
B,5147,True,None,37.1,259,0.408,10,0,0,0,11.78,2.944,0,False
B,5148,True,None,38.4,269,0.483,8,0,1,4,10.86,2.556,0,False
B,5149,True,None,39.91,279,0.5,16,0,1,14,14.93,4.032,0,False
B,5150,True,None,36.08,253,0.425,8,0,0,0,8.91,2.205,0,False
B,5151,True,None,39.0,273,0.517,9,0,0,0,5.97,2.496,0,False
B,5152,True,None,38.1,267,0.417,8,0,0,0,9.84,2.169,0,False
B,5153,True,None,48.51,358,0.508,36,45,27,532,22.08,4.943,3,False
B,5154,True,None,38.4,269,0.442,10,0,0,0,10.9,2.453,0,False
B,5155,True,None,37.86,265,0.442,11,0,0,0,11.87,2.919,0,False
B,5156,True,None,39.61,276,0.5,15,0,0,0,13.83,3.48,0,False
B,5157,True,None,39.13,274,0.408,9,0,0,0,7.92,2.201,0,False
B,5158,True,None,40.92,286,0.533,13,1,1,2,20.11,3.357,1,False
B,5159,True,None,38.1,266,0.45,7,0,0,0,6.89,2.087,0,False
B,5160,True,None,52.44,397,0.533,47,71,43,1075,23.47,5.225,5,False
B,5161,True,None,40.13,281,0.417,7,0,2,12,8.89,2.023,0,False
B,5162,True,None,40.16,281,0.408,9,0,0,0,9.87,2.219,0,False
B,5163,True,None,43.81,305,0.45,10,1,2,12,16.32,2.989,1,False
B,5164,True,None,38.31,268,0.333,21,0,0,0,10.93,4.085,0,False
B,5165,True,None,41.93,293,0.408,12,1,1,7,14.28,2.303,1,False
B,5166,True,None,40.61,283,0.45,13,1,1,6,22.05,2.776,1,False
B,5167,True,None,49.14,345,0.483,18,8,9,79,30.45,3.991,2,False
B,5168,True,None,36.8,258,0.425,6,0,0,0,5.89,1.893,0,False
B,5169,True,None,39.56,277,0.333,8,0,0,0,11.73,1.775,0,False
B,5170,True,None,36.35,255,0.392,4,0,0,0,3.98,1.391,0,False
B,5171,True,None,47.16,339,0.442,22,25,19,204,23.37,3.154,3,False
B,5172,True,None,37.68,263,0.483,9,0,0,0,13.76,2.59,0,False
B,5173,True,None,41.08,286,0.45,14,1,4,46,21.1,2.991,1,False
B,5174,True,None,43.51,303,0.425,11,1,4,15,19.2,2.738,1,False
B,5175,True,None,37.51,262,0.375,5,0,0,0,3.93,1.55,0,False
B,5176,True,None,37.1,260,0.408,7,0,0,0,9.93,1.771,0,False
B,5177,True,None,39.86,279,0.433,12,0,2,14,12.88,3.033,0,False
B,5178,True,None,36.2,254,0.333,6,0,1,2,5.92,1.573,0,False
B,5179,True,None,49.94,359,0.433,24,25,18,194,29.43,3.617,3,False
B,5180,True,None,39.11,273,0.425,7,0,0,0,5.99,1.773,0,False
B,5181,True,None,40.86,285,0.45,6,1,2,6,16.19,2.087,1,False
B,5182,True,None,51.84,362,0.483,19,5,7,30,33.78,4.593,3,False
B,5183,True,None,38.9,271,0.392,12,0,1,10,11.83,2.591,0,False
B,5184,True,None,42.19,294,0.433,7,1,2,8,14.11,1.873,1,False
B,5185,True,None,44.18,307,0.483,18,1,3,21,24.18,4.018,1,False
B,5186,True,None,38.55,269,0.375,9,0,0,0,10.86,1.874,0,False
B,5187,True,None,46.84,336,0.458,20,23,17,205,24.43,3.007,3,False
B,5188,True,None,39.85,278,0.417,7,1,2,12,14.12,1.901,1,False
B,5189,True,None,45.83,342,0.583,32,47,28,426,15.2,3.52,3,False
B,5190,True,None,39.73,278,0.392,8,0,1,4,8.79,2.342,0,False
B,5191,True,None,40.6,284,0.408,15,1,2,4,23.04,3.215,1,False
B,5192,True,None,37.98,266,0.375,10,0,0,0,6.97,1.963,0,False
B,5193,True,None,39.9,279,0.5,14,0,2,20,9.94,4.134,0,False
B,5194,True,None,42.04,293,0.408,8,1,2,12,17.32,2.028,1,False
B,5195,True,None,40.01,279,0.475,11,1,3,20,17.11,2.965,1,False
B,5196,True,None,43.3,302,0.358,13,1,1,2,20.24,2.824,1,False
B,5197,True,None,39.86,278,0.525,13,0,1,1,13.89,3.318,0,False
B,5198,True,None,39.31,274,0.425,9,0,1,1,7.95,2.243,0,False
B,5199,True,None,46.75,328,0.433,21,6,6,61,29.34,4.273,2,False
B,5200,True,None,38.08,267,0.375,3,0,0,0,2.98,1.247,0,False
B,5201,True,None,42.7,298,0.45,15,1,1,8,24.95,3.332,1,False
B,5202,True,None,39.45,276,0.592,13,0,3,21,15.82,4.011,0,False
B,5203,True,None,40.45,283,0.433,11,0,0,0,11.98,2.822,0,False
B,5204,True,None,36.2,254,0.367,4,0,0,0,3.97,1.282,0,False
B,5205,True,None,37.08,260,0.508,7,0,0,0,7.87,1.985,0,False
B,5206,True,None,41.5,290,0.433,12,3,2,7,18.21,2.667,1,False
B,5207,True,None,40.73,286,0.433,8,3,5,28,16.1,2.061,1,False
B,5208,True,None,36.21,253,0.367,7,0,1,2,10.82,1.744,0,False
B,5209,True,None,45.94,321,0.467,19,4,5,68,25.36,4.078,2,False
B,5210,True,None,37.68,263,0.475,7,0,0,0,6.92,1.967,0,False
B,5211,True,None,42.18,299,0.358,14,9,6,47,17.09,2.211,1,False
B,5212,True,None,36.5,255,0.417,7,0,0,0,7.87,2.046,0,False
B,5213,True,None,36.96,259,0.408,9,0,0,0,7.91,2.234,0,False
B,5214,True,None,38.23,267,0.392,6,0,0,0,6.89,1.696,0,False
B,5215,True,None,42.36,295,0.433,11,1,2,20,21.23,2.823,1,False
B,5216,True,None,37.96,266,0.417,8,0,0,0,9.87,2.03,0,False
B,5217,True,None,37.71,264,0.442,10,0,1,4,12.99,2.925,0,False
B,5218,True,None,40.2,281,0.45,12,0,0,0,14.85,3.258,0,False
B,5219,True,None,36.55,255,0.367,11,0,0,0,8.86,2.449,0,False
B,5220,True,None,43.13,301,0.417,11,1,4,20,15.26,2.934,1,False
B,5221,True,None,42.16,295,0.517,7,1,2,10,13.31,2.198,1,False
B,5222,True,None,42.36,295,0.4,13,1,2,16,18.07,2.606,1,False
B,5223,True,None,44.56,311,0.442,13,1,3,27,19.21,3.253,1,False
B,5224,True,None,44.29,309,0.442,12,1,2,6,17.17,2.799,1,False
B,5225,True,None,38.28,267,0.35,12,0,1,11,15.78,2.598,0,False
B,5226,True,None,37.8,264,0.425,5,0,0,0,3.96,1.589,0,False
B,5227,True,None,37.71,264,0.408,11,0,0,0,13.84,2.701,0,False
B,5228,True,None,45.03,315,0.475,17,4,7,82,31.32,4.163,2,False
B,5229,True,None,44.38,311,0.492,14,5,9,36,19.29,3.715,1,False
B,5230,True,None,40.88,286,0.492,9,1,1,4,13.16,2.789,1,False
B,5231,True,None,55.82,396,0.483,26,21,19,268,42.87,5.749,5,False
B,5232,True,None,38.41,269,0.458,9,0,0,0,10.86,2.403,0,False
B,5233,True,None,38.26,267,0.4,7,0,0,0,7.82,2.074,0,False
B,5234,True,None,38.58,269,0.425,9,0,0,0,10.91,2.274,0,False
B,5235,True,None,47.23,330,0.408,17,4,7,46,33.25,3.167,2,False
B,5236,True,None,43.28,301,0.508,15,1,4,32,21.05,3.844,1,False
B,5237,True,None,37.25,261,0.433,8,0,0,0,5.93,2.231,0,False
B,5238,True,None,70.56,570,0.642,103,172,106,5500,50.21,12.488,10,False
B,5239,True,None,45.94,320,0.508,17,4,5,32,26.25,4.606,2,False
B,5240,True,None,43.81,305,0.433,12,1,3,14,27.08,3.242,1,False
B,5241,True,None,36.66,257,0.392,8,0,0,0,8.87,2.049,0,False
B,5242,True,None,38.11,267,0.408,6,0,0,0,5.92,1.713,0,False
B,5243,True,None,37.36,261,0.425,6,0,0,0,5.93,1.667,0,False
B,5244,True,None,39.31,275,0.492,12,0,1,4,11.75,3.086,0,False
B,5245,True,None,39.88,278,0.383,9,0,0,0,13.7,1.866,0,False
B,5246,True,None,39.41,276,0.383,9,0,2,8,10.85,2.581,0,False
B,5247,True,None,42.51,298,0.467,16,3,5,58,22.04,3.898,1,False
B,5248,True,None,42.66,298,0.458,10,1,1,2,15.48,2.643,1,False
B,5249,True,None,37.1,259,0.458,7,0,1,3,6.01,2.201,0,False
B,5250,True,None,38.13,267,0.425,9,0,0,0,14.78,2.255,0,False
B,5251,True,None,36.8,257,0.375,9,0,0,0,7.83,2.084,0,False
B,5252,True,None,38.41,268,0.442,11,0,0,0,10.82,2.827,0,False
B,5253,True,None,39.56,276,0.442,8,1,1,2,14.25,1.804,1,False
B,5254,True,None,38.41,268,0.458,9,0,0,0,10.89,2.451,0,False
B,5255,True,None,38.83,272,0.35,6,0,0,0,7.84,1.476,0,False
B,5256,True,None,37.21,260,0.35,4,0,0,0,3.94,1.392,0,False
B,5257,True,None,38.58,269,0.4,10,0,1,6,11.72,2.71,0,False
B,5258,True,None,37.51,262,0.5,7,0,0,0,7.88,2.148,0,False
B,5259,True,None,52.34,382,0.475,37,39,23,375,28.88,4.597,3,False
B,5260,True,None,37.98,266,0.517,15,0,1,3,11.99,3.644,0,False
B,5261,True,None,39.13,273,0.417,8,0,0,0,8.98,1.743,0,False
B,5262,True,None,37.25,260,0.483,7,0,0,0,6.9,2.18,0,False
B,5263,True,None,39.28,275,0.383,11,0,0,0,12.88,2.321,0,False
B,5264,True,None,41.91,293,0.433,10,1,2,9,17.24,2.615,1,False
B,5265,True,None,38.85,272,0.292,7,0,0,0,10.8,1.42,0,False
B,5266,True,None,42.55,297,0.492,10,1,3,14,20.94,3.08,1,False
B,5267,True,None,37.53,263,0.442,7,0,0,0,6.94,2.211,0,False
B,5268,True,None,36.18,254,0.417,4,0,0,0,2.99,1.559,0,False
B,5269,True,None,40.61,283,0.5,13,0,3,25,10.93,3.42,0,False
B,5270,True,None,39.01,273,0.508,14,0,3,14,12.91,3.987,0,False
B,5271,True,None,38.15,267,0.425,9,0,0,0,12.75,2.611,0,False
B,5272,True,None,37.38,262,0.483,11,0,0,0,11.8,2.903,0,False
B,5273,True,None,38.11,267,0.508,13,0,1,8,14.8,3.662,0,False
B,5274,True,None,40.9,286,0.5,9,1,2,14,14.19,2.381,1,False
B,5275,True,None,36.63,256,0.408,7,0,0,0,7.9,1.744,0,False
B,5276,True,None,44.94,325,0.542,23,26,16,150,23.17,3.173,2,False
B,5277,True,None,43.41,303,0.542,14,1,2,8,23.19,3.854,1,False
B,5278,True,None,38.71,271,0.433,10,0,1,2,11.8,2.41,0,False
B,5279,True,None,38.28,268,0.425,11,0,1,6,14.9,2.808,0,False
B,5280,True,None,47.38,329,0.425,14,2,5,27,20.83,3.299,2,False
B,5281,True,None,40.78,284,0.383,15,0,1,6,17.71,3.047,0,False
B,5282,True,None,37.36,261,0.375,5,0,0,0,4.95,1.629,0,False
B,5283,True,None,42.06,294,0.433,15,1,3,10,21.11,3.436,1,False
B,5284,True,None,46.11,331,0.425,18,20,14,153,15.19,2.865,2,False
B,5285,True,None,40.2,281,0.442,14,0,1,9,16.88,3.249,0,False
B,5286,True,None,37.48,263,0.458,6,0,1,3,8.79,1.997,0,False
B,5287,True,None,39.16,274,0.383,13,3,3,14,17.24,2.884,1,False
B,5288,True,None,38.28,268,0.442,11,0,0,0,8.91,2.626,0,False
B,5289,True,None,48.81,349,0.442,27,21,15,233,32.46,4.454,3,False
B,5290,True,None,41.36,288,0.433,12,0,2,11,15.84,3.045,0,False
B,5291,True,None,59.33,458,0.483,63,98,61,1966,29.51,5.717,6,False
B,5292,True,None,46.21,347,0.492,42,53,31,590,27.9,4.491,3,False
B,5293,True,None,38.56,270,0.442,10,0,0,0,6.04,2.505,0,False
B,5294,True,None,51.01,362,0.483,27,18,17,240,26.08,5.844,2,False
B,5295,True,None,37.83,265,0.367,8,0,0,0,8.87,2.056,0,False
B,5296,True,None,37.81,265,0.542,7,0,0,0,7.97,2.474,0,False
B,5297,True,None,45.88,319,0.417,10,2,6,36,24.41,2.715,2,False
B,5298,True,None,42.38,298,0.5,15,5,6,50,22.11,3.706,1,False
B,5299,True,None,39.11,273,0.358,7,0,0,0,9.83,1.799,0,False
B,5300,True,None,43.43,302,0.525,16,1,3,24,26.11,4.628,1,False
B,5301,True,None,39.15,273,0.45,11,0,0,0,15.85,2.656,0,False
B,5302,True,None,79.62,656,0.542,131,225,128,8500,70.68,9.117,15,False
B,5303,True,None,43.68,314,0.4,22,20,11,99,17.21,2.866,2,False
B,5304,True,None,38.25,267,0.342,7,0,1,6,8.92,1.992,0,False
B,5305,True,None,39.45,276,0.425,10,0,1,2,13.83,2.701,0,False
B,5306,True,None,41.21,287,0.408,14,1,1,4,21.13,2.993,1,False
B,5307,True,None,38.58,269,0.425,10,0,1,4,10.88,2.535,0,False
B,5308,True,None,44.54,311,0.317,7,1,3,6,17.28,1.732,1,False
B,5309,True,None,41.18,287,0.55,13,1,2,20,21.04,3.735,1,False
B,5310,True,None,37.8,265,0.408,6,0,0,0,4.94,1.558,0,False
B,5311,True,None,44.53,310,0.417,9,1,5,27,22.11,2.218,1,False
B,5312,True,None,37.4,261,0.492,9,0,1,6,11.84,2.428,0,False
B,5313,True,None,37.8,264,0.383,6,0,0,0,4.96,1.529,0,False
B,5314,True,None,46.93,329,0.492,18,6,7,62,27.41,4.314,2,False
B,5315,True,None,41.03,287,0.392,13,0,3,20,13.95,2.938,0,False
B,5316,True,None,42.1,294,0.45,14,3,8,27,22.06,3.267,1,False
B,5317,True,None,36.95,259,0.442,9,0,0,0,11.84,2.372,0,False
B,5318,True,None,38.85,271,0.475,10,0,0,0,12.87,2.6,0,False
B,5319,True,None,39.61,277,0.433,15,0,0,0,16.87,3.203,0,False
B,5320,True,None,38.25,268,0.375,6,0,0,0,6.86,1.707,0,False
B,5321,True,None,39.16,273,0.508,14,0,0,0,13.96,3.506,0,False
B,5322,True,None,59.93,450,0.4,51,74,45,1072,36.76,4.655,6,False
B,5323,True,None,39.15,273,0.4,12,0,1,6,10.85,2.969,0,False
B,5324,True,None,38.4,269,0.4,8,0,0,0,8.91,2.236,0,False
B,5325,True,None,40.16,281,0.458,10,0,0,0,13.82,2.435,0,False
B,5326,True,None,40.75,285,0.383,9,0,0,0,11.81,2.172,0,False
B,5327,True,None,39.73,277,0.542,9,0,1,7,12.88,2.931,0,False
B,5328,True,None,44.69,322,0.492,21,22,15,190,17.2,3.171,2,False
B,5329,True,None,54.93,414,0.375,49,71,47,1179,25.44,4.707,5,False
B,5330,True,None,39.01,273,0.35,8,0,1,4,9.92,1.817,0,False
B,5331,True,None,37.56,262,0.35,10,0,0,0,9.84,1.947,0,False
B,5332,True,None,51.59,368,0.492,26,22,20,233,43.56,4.792,4,False
B,5333,True,None,43.24,302,0.392,15,1,2,25,22.08,3.031,1,False
B,5334,True,None,39.13,273,0.45,11,0,1,1,15.81,2.937,0,False
B,5335,True,None,37.96,265,0.375,8,0,0,0,9.89,1.858,0,False
B,5336,True,None,37.26,260,0.442,10,0,0,0,8.89,2.077,0,False
B,5337,True,None,50.59,380,0.5,48,62,38,881,21.05,5.981,4,False
B,5338,True,None,64.65,541,0.608,115,194,112,6323,36.06,10.642,10,False
B,5339,True,None,37.81,264,0.433,7,0,0,0,5.91,2.025,0,False
B,5340,True,None,42.63,299,0.425,12,3,4,16,20.17,3.134,1,False
B,5341,True,None,37.4,262,0.4,10,0,1,6,13.75,2.526,0,False
B,5342,True,None,39.73,278,0.4,9,0,1,3,9.03,2.28,0,False
B,5343,True,None,36.96,258,0.308,9,0,0,0,7.98,1.85,0,False
B,5344,True,None,36.63,257,0.383,4,0,0,0,2.93,1.173,0,False
B,5345,True,None,38.0,266,0.392,12,0,0,0,6.97,2.97,0,False
B,5346,True,None,38.66,270,0.417,7,0,0,0,10.08,2.098,0,False
B,5347,True,None,41.55,290,0.467,15,0,1,2,17.89,3.616,0,False
B,5348,True,None,37.98,266,0.5,9,0,1,2,10.87,2.494,0,False
B,5349,True,None,48.36,358,0.492,40,45,29,462,22.21,4.944,3,False
B,5350,True,None,37.96,266,0.392,7,0,0,0,7.91,1.986,0,False
B,5351,True,None,57.33,436,0.567,56,79,46,1353,28.95,6.509,5,False
B,5352,True,None,37.25,260,0.392,10,0,0,0,8.94,2.41,0,False
B,5353,True,None,45.31,315,0.483,19,1,6,56,26.94,4.809,1,False
B,5354,True,None,40.9,286,0.408,11,0,0,0,10.89,2.511,0,False
B,5355,True,None,38.4,269,0.425,6,0,1,1,8.92,1.786,0,False
B,5356,True,None,39.7,277,0.45,9,0,0,0,10.85,2.287,0,False
B,5357,True,None,40.3,282,0.475,7,0,0,0,10.87,2.204,0,False
B,5358,True,None,43.49,303,0.392,9,1,3,14,18.03,2.404,1,False
B,5359,True,None,37.38,262,0.508,8,0,0,0,8.05,2.718,0,False
B,5360,True,None,42.79,300,0.458,9,3,4,14,17.26,2.342,1,False
B,5361,True,None,36.36,255,0.375,7,0,0,0,7.92,1.796,0,False
B,5362,True,None,36.1,253,0.392,10,0,1,2,8.98,2.427,0,False
B,5363,True,None,37.41,261,0.475,9,0,0,0,8.9,2.093,0,False
B,5364,True,None,37.51,262,0.492,6,0,0,0,5.94,2.245,0,False
B,5365,True,None,48.67,358,0.433,36,41,25,437,24.39,4.924,3,False
B,5366,True,None,42.51,298,0.392,11,3,4,20,12.37,2.617,1,False
B,5367,True,None,38.55,269,0.467,7,0,0,0,9.96,2.331,0,False
B,5368,True,None,40.03,280,0.408,12,0,1,2,14.81,2.738,0,False
B,5369,True,None,40.93,286,0.483,14,0,1,10,12.84,3.406,0,False
B,5370,True,None,38.28,268,0.375,10,0,0,0,7.98,2.016,0,False
B,5371,True,None,37.3,260,0.425,12,0,0,0,14.75,2.954,0,False
B,5372,True,None,44.58,310,0.4,13,1,3,10,18.24,2.812,1,False
B,5373,True,None,41.18,287,0.417,13,0,0,0,14.98,2.778,0,False
B,5374,True,None,45.79,324,0.5,23,14,12,177,21.19,4.887,2,False
B,5375,True,None,81.82,663,0.517,133,210,118,7934,58.32,17.958,14,False
B,5376,True,None,44.56,317,0.475,18,16,11,127,17.26,3.73,2,False
B,5377,True,None,42.66,298,0.508,11,1,1,8,18.03,3.114,1,False
B,5378,True,None,43.28,302,0.442,12,1,2,10,17.22,3.095,1,False
B,5379,True,None,37.98,266,0.5,9,0,1,4,9.93,2.975,0,False
B,5380,True,None,39.16,273,0.442,14,0,0,0,12.97,3.509,0,False
B,5381,True,None,38.25,267,0.417,7,0,1,3,8.88,1.924,0,False
B,5382,True,None,43.64,315,0.475,23,24,15,208,16.26,3.716,2,False
B,5383,True,None,49.05,354,0.467,24,27,17,171,27.27,3.196,3,False
B,5384,True,None,37.21,260,0.4,5,0,0,0,3.93,1.812,0,False
B,5385,True,None,36.36,255,0.458,7,0,0,0,5.9,2.012,0,False
B,5386,True,None,40.35,282,0.417,13,0,1,9,13.8,2.743,0,False
B,5387,True,None,37.71,264,0.408,9,0,1,6,7.88,2.144,0,False
B,5388,True,None,44.09,311,0.475,13,7,11,41,20.16,3.309,1,False
B,5389,True,None,38.08,266,0.492,7,0,2,2,9.91,2.082,0,False
B,5390,True,None,47.13,328,0.467,23,3,4,25,33.02,4.763,1,False
B,5391,True,None,38.73,270,0.45,11,0,0,0,14.83,2.414,0,False
B,5392,True,None,35.95,251,0.442,7,0,0,0,7.02,2.164,0,False
B,5393,True,None,39.01,272,0.408,15,0,0,0,15.93,3.447,0,False
B,5394,True,None,37.81,264,0.433,7,0,0,0,7.87,1.8,0,False
B,5395,True,None,38.71,270,0.45,10,0,0,0,9.86,2.498,0,False
B,5396,True,None,38.0,266,0.483,9,0,0,0,9.91,2.489,0,False
B,5397,True,None,37.26,260,0.517,15,0,0,0,10.94,3.459,0,False
B,5398,True,None,36.98,259,0.408,12,0,0,0,14.79,2.405,0,False
B,5399,True,None,37.38,262,0.467,10,0,1,8,12.83,2.564,0,False
B,5400,True,None,36.76,258,0.408,5,0,1,2,5.97,1.604,0,False
B,5401,True,None,47.94,333,0.367,11,2,5,29,26.38,2.619,2,False
B,5402,True,None,38.66,271,0.417,6,0,0,0,6.92,1.888,0,False
B,5403,True,None,37.53,262,0.35,6,0,0,0,6.03,1.723,0,False
B,5404,True,None,42.79,299,0.5,12,1,1,8,23.09,2.805,1,False
B,5405,True,None,47.78,344,0.475,26,24,15,221,28.94,4.01,2,False
B,5406,True,None,36.95,259,0.35,8,0,0,0,10.85,1.768,0,False
B,5407,True,None,38.98,272,0.375,8,0,0,0,8.0,2.108,0,False
B,5408,True,None,47.76,354,0.408,39,47,30,489,22.2,3.957,3,False
B,5409,True,None,40.78,284,0.508,12,0,2,5,13.79,3.434,0,False
B,5410,True,None,39.28,274,0.458,11,0,0,0,13.83,2.769,0,False
B,5411,True,None,39.26,274,0.425,6,0,0,0,5.93,1.522,0,False
B,5412,True,None,37.21,260,0.425,6,0,0,0,3.97,1.569,0,False
B,5413,True,None,43.22,301,0.383,13,1,3,6,20.11,2.737,1,False
B,5414,True,None,37.96,266,0.408,6,0,0,0,8.05,1.714,0,False
B,5415,True,None,38.1,267,0.45,6,0,0,0,7.88,1.965,0,False
B,5416,True,None,35.9,251,0.4,6,0,0,0,4.96,1.933,0,False
B,5417,True,None,38.25,267,0.383,6,0,0,0,7.91,1.968,0,False
B,5418,True,None,36.93,259,0.433,8,0,0,0,7.88,2.126,0,False
B,5419,True,None,40.46,283,0.508,14,0,1,6,8.98,3.822,0,False
B,5420,True,None,40.16,281,0.5,11,0,1,5,13.9,3.42,0,False
B,5421,False,Collision,9.15,1000,0.108,8,938,1,1,6.39,2.169,1,False
B,5422,True,None,42.48,297,0.45,12,1,2,6,22.33,2.863,1,False
B,5423,True,None,37.25,260,0.442,8,0,0,0,8.91,2.335,0,False
B,5424,True,None,38.23,268,0.35,8,0,0,0,8.81,1.748,0,False
B,5425,True,None,43.96,306,0.458,12,1,2,18,19.15,2.826,1,False
B,5426,True,None,45.74,332,0.483,28,28,18,278,22.09,4.843,2,False
B,5427,True,None,44.44,309,0.45,13,1,3,33,21.14,3.086,1,False
B,5428,True,None,39.56,276,0.458,9,0,2,7,9.98,2.595,0,False
B,5429,True,None,36.65,257,0.408,7,0,0,0,5.03,1.737,0,False
B,5430,True,None,37.06,259,0.408,4,0,0,0,3.95,1.535,0,False
B,5431,True,None,37.98,266,0.35,11,0,0,0,10.84,2.899,0,False
B,5432,True,None,40.31,281,0.442,10,0,1,6,13.88,2.627,0,False
B,5433,True,None,37.53,262,0.383,9,0,1,2,7.92,2.21,0,False
B,5434,True,None,42.91,299,0.425,12,1,3,8,22.05,3.038,1,False
B,5435,True,None,37.98,265,0.467,10,0,0,0,9.93,2.559,0,False
B,5436,True,None,47.04,348,0.4,36,45,28,440,22.22,3.385,3,False
B,5437,True,None,53.04,378,0.467,24,22,21,258,34.56,4.724,4,False
B,5438,True,None,38.81,272,0.392,7,0,0,0,7.85,1.796,0,False
B,5439,True,None,41.8,292,0.433,13,1,3,8,19.04,2.764,1,False
B,5440,True,None,38.25,268,0.433,11,0,0,0,10.94,2.619,0,False
B,5441,True,None,38.55,269,0.367,7,0,0,0,9.83,1.866,0,False
B,5442,True,None,45.27,322,0.492,24,16,11,165,26.0,4.931,2,False
B,5443,True,None,38.85,272,0.417,9,0,0,0,7.04,2.274,0,False
B,5444,True,None,37.23,260,0.442,8,0,0,0,8.9,2.038,0,False
B,5445,True,None,43.21,303,0.475,11,4,5,38,21.37,2.487,2,False
B,5446,True,None,38.28,268,0.517,12,0,0,0,12.67,2.944,0,False
B,5447,True,None,38.81,271,0.467,6,0,0,0,7.97,1.902,0,False
B,5448,True,None,42.96,299,0.442,11,1,1,9,20.04,2.745,1,False
B,5449,True,None,57.83,457,0.492,73,117,69,2721,37.14,7.388,7,False
B,5450,True,None,42.5,297,0.4,10,1,3,5,15.1,2.536,1,False
B,5451,True,None,43.54,305,0.408,12,3,7,46,18.05,2.709,1,False
B,5452,True,None,44.24,309,0.392,10,1,4,25,21.2,2.123,1,False
B,5453,True,None,37.98,265,0.4,10,0,0,0,12.77,2.489,0,False
B,5454,True,None,39.16,274,0.475,12,0,1,7,13.89,3.432,0,False
B,5455,True,None,47.15,330,0.492,17,5,6,70,29.03,3.511,3,False
B,5456,True,None,38.55,269,0.417,11,0,2,12,10.04,2.6,0,False
B,5457,True,None,81.35,715,0.625,181,320,196,17278,55.32,21.289,16,False
B,5458,True,None,38.7,270,0.417,11,0,0,0,14.77,2.532,0,False
B,5459,True,None,38.66,271,0.4,7,0,0,0,10.84,1.876,0,False
B,5460,True,None,40.31,281,0.408,8,0,0,0,9.98,1.838,0,False
B,5461,True,None,45.83,323,0.517,17,10,11,82,20.1,4.066,2,False
B,5462,True,None,48.53,340,0.492,21,6,8,90,34.53,5.243,2,False
B,5463,True,None,49.08,353,0.517,26,25,15,203,32.39,4.345,3,False
B,5464,True,None,39.75,278,0.375,9,0,0,0,7.97,2.021,0,False
B,5465,True,None,39.0,273,0.483,7,0,1,3,12.73,2.713,0,False
B,5466,True,None,41.48,289,0.483,11,0,3,14,14.79,3.345,0,False
B,5467,True,None,36.8,257,0.525,9,0,0,0,7.01,2.725,0,False
B,5468,True,None,42.49,296,0.425,9,1,2,8,16.21,2.547,1,False
B,5469,True,None,36.2,254,0.325,5,0,0,0,6.96,1.381,0,False
B,5470,True,None,42.71,297,0.367,13,1,1,10,16.17,2.855,1,False
B,5471,True,None,48.21,337,0.45,13,4,5,23,32.28,3.139,2,False
B,5472,True,None,37.38,262,0.383,7,0,0,0,5.91,1.86,0,False
B,5473,True,None,46.18,330,0.475,21,20,11,99,20.1,3.221,2,False
B,5474,True,None,39.55,277,0.4,9,0,0,0,11.85,2.163,0,False
B,5475,True,None,40.51,282,0.492,15,0,2,11,16.67,4.198,0,False
B,5476,True,None,37.13,259,0.417,9,0,0,0,10.88,2.19,0,False
B,5477,False,Timeout,106.86,1000,0.525,310,563,315,47910,80.96,25.503,27,False
B,5478,True,None,38.86,272,0.442,9,0,0,0,9.86,2.371,0,False
B,5479,True,None,38.26,268,0.342,9,0,0,0,8.93,1.782,0,False
B,5480,True,None,36.31,255,0.4,1,0,0,0,0.0,1.024,0,False
B,5481,True,None,50.83,364,0.5,24,23,16,181,31.39,3.912,3,False
B,5482,True,None,47.36,330,0.4,21,4,5,48,31.61,4.289,2,False
B,5483,True,None,45.39,325,0.45,18,18,12,77,20.67,3.012,2,False
B,5484,True,None,45.33,321,0.583,20,14,15,170,20.19,4.875,2,False
B,5485,True,None,39.13,274,0.475,10,0,1,8,9.86,2.855,0,False
B,5486,True,None,38.66,270,0.417,8,0,0,0,12.74,2.379,0,False
B,5487,True,None,41.5,290,0.383,16,1,3,13,21.01,3.045,1,False
B,5488,True,None,41.31,289,0.4,9,1,2,4,17.24,2.195,1,False
B,5489,True,None,39.43,276,0.45,12,0,1,3,9.88,2.916,0,False
B,5490,True,None,39.26,274,0.492,8,0,2,6,9.01,2.509,0,False
B,5491,True,None,38.75,270,0.367,12,0,0,0,17.83,2.411,0,False
B,5492,True,None,39.56,277,0.417,8,0,1,1,8.79,2.128,0,False
B,5493,True,None,44.28,312,0.467,18,7,13,166,24.96,5.077,1,False
B,5494,True,None,43.43,303,0.483,14,1,2,4,24.19,3.593,1,False
B,5495,True,None,38.26,268,0.525,6,0,0,0,8.98,2.338,0,False
B,5496,True,None,38.41,268,0.358,8,0,1,2,5.94,1.851,0,False
B,5497,True,None,45.44,317,0.45,14,1,4,23,20.09,3.859,1,False
B,5498,True,None,46.91,336,0.558,26,20,14,239,20.46,5.653,2,False
B,5499,True,None,47.05,349,0.45,34,45,26,404,20.98,3.541,3,False
C,5000,True,None,39.01,273,0.379,10,0,0,0,9.89,2.716,0,False
C,5001,True,None,48.94,341,0.497,16,4,7,73,30.74,5.743,2,False
C,5002,True,None,37.38,261,0.416,9,0,0,0,7.86,2.948,0,False
C,5003,True,None,40.33,281,0.472,10,0,3,12,13.93,3.774,0,False
C,5004,True,None,39.5,276,0.41,24,0,0,0,14.73,7.267,0,False
C,5005,True,None,54.08,376,0.503,21,4,10,127,50.92,7.614,4,False
C,5006,True,None,42.93,301,0.484,13,3,7,52,22.16,4.446,1,False
C,5007,True,None,38.68,271,0.335,7,0,1,4,10.89,2.257,0,False
C,5008,True,None,47.79,334,0.422,17,6,7,70,26.53,5.118,2,False
C,5009,True,None,38.7,270,0.46,9,0,1,6,7.9,3.435,0,False
C,5010,True,None,64.89,518,0.559,103,146,86,4735,39.33,21.156,8,False
C,5011,True,None,53.29,417,0.491,65,100,54,1705,26.52,5.999,6,False
C,5012,True,None,38.88,272,0.416,12,0,1,8,15.97,3.876,0,False
C,5013,True,None,54.18,413,0.491,58,77,49,1584,36.14,9.531,5,False
C,5014,True,None,40.45,283,0.429,12,1,1,3,16.62,3.892,1,False
C,5015,True,None,42.63,297,0.366,9,1,3,20,13.31,2.667,1,False
C,5016,True,None,40.63,285,0.41,10,3,6,27,19.06,3.372,1,False
C,5017,True,None,43.71,307,0.497,17,5,4,41,24.08,5.493,1,False
C,5018,True,None,38.13,267,0.348,9,0,0,0,8.93,3.03,0,False
C,5019,True,None,39.11,273,0.503,10,0,1,1,12.01,3.815,0,False
C,5020,True,None,38.16,266,0.398,14,0,0,0,9.89,3.564,0,False
C,5021,True,None,42.53,298,0.429,16,3,5,48,19.34,4.005,1,False
C,5022,True,None,44.2,307,0.484,22,1,4,52,25.02,6.575,1,False
C,5023,True,None,91.95,801,0.696,211,351,198,21134,66.14,29.457,19,False
C,5024,True,None,86.03,734,0.59,179,296,175,15534,66.94,26.975,16,False
C,5025,True,None,41.8,291,0.466,11,1,3,23,17.25,3.954,1,False
C,5026,True,None,48.96,346,0.46,21,12,15,161,29.42,5.878,2,False
C,5027,True,None,47.58,331,0.391,17,1,7,72,25.98,4.666,1,False
C,5028,True,None,43.66,315,0.385,23,22,17,198,23.26,3.808,2,False
C,5029,True,None,43.13,301,0.46,15,1,2,18,17.22,4.921,1,False
C,5030,True,None,47.64,332,0.441,14,2,3,15,25.38,3.79,2,False
C,5031,True,None,43.83,306,0.391,14,3,3,27,25.5,3.798,1,False
C,5032,True,None,42.08,294,0.404,16,0,2,14,16.67,5.119,0,False
C,5033,True,None,72.8,623,0.553,143,248,151,10131,37.14,17.173,12,False
C,5034,True,None,49.09,342,0.447,15,2,4,26,38.12,4.865,2,False
C,5035,True,None,37.68,264,0.435,9,0,0,0,10.84,3.072,0,False
C,5036,True,None,47.54,330,0.491,20,2,7,60,35.49,7.086,2,False
C,5037,True,None,37.96,266,0.391,12,0,1,4,8.89,3.836,0,False
C,5038,True,None,99.85,933,0.559,284,513,290,42201,77.14,31.772,25,False
C,5039,True,None,44.59,311,0.466,20,1,4,12,32.93,6.095,1,False
C,5040,True,None,37.83,265,0.404,10,0,0,0,8.93,3.001,0,False
C,5041,True,None,38.85,272,0.348,10,0,0,0,9.85,2.804,0,False
C,5042,True,None,49.63,344,0.429,17,2,7,46,33.19,4.776,2,False
C,5043,True,None,38.75,271,0.422,14,0,1,11,16.73,3.553,0,False
C,5044,True,None,44.74,312,0.447,18,1,4,40,25.06,5.351,1,False
C,5045,True,None,44.38,310,0.416,16,3,5,54,18.77,5.357,1,False
C,5046,True,None,39.0,272,0.398,11,0,0,0,12.85,3.706,0,False
C,5047,True,None,41.05,287,0.404,10,0,2,10,16.99,3.582,0,False
C,5048,True,None,38.28,267,0.447,9,0,0,0,8.91,3.178,0,False
C,5049,True,None,56.43,425,0.472,53,71,40,1026,32.56,6.795,5,False
C,5050,True,None,42.68,298,0.398,11,1,2,14,15.2,3.45,1,False
C,5051,True,None,38.71,271,0.391,11,0,0,0,10.87,3.502,0,False
C,5052,True,None,40.51,283,0.491,13,1,2,8,18.24,4.626,1,False
C,5053,True,None,46.01,322,0.435,19,4,7,27,26.6,3.899,2,False
C,5054,True,None,37.8,265,0.441,10,0,1,7,7.89,2.898,0,False
C,5055,True,None,37.83,265,0.435,8,0,1,6,6.88,3.306,0,False
C,5056,True,None,39.9,278,0.391,13,0,1,9,14.98,3.596,0,False
C,5057,True,None,40.88,285,0.484,14,0,1,11,12.89,5.001,0,False
C,5058,True,None,46.79,326,0.46,19,2,5,56,31.53,5.744,2,False
C,5059,True,None,37.66,264,0.404,11,0,2,13,12.89,3.444,0,False
C,5060,True,None,53.36,370,0.422,18,3,7,69,44.32,5.037,3,False
C,5061,True,None,36.78,257,0.429,5,0,0,0,5.89,2.375,0,False
C,5062,True,None,67.71,543,0.522,100,158,91,4888,47.22,15.828,10,False
C,5063,True,None,91.76,839,0.602,245,429,240,29267,70.87,22.663,21,False
C,5064,True,None,38.58,270,0.398,11,0,0,0,12.85,3.269,0,False
C,5065,True,None,38.85,272,0.429,8,0,1,2,8.95,2.895,0,False
C,5066,True,None,37.53,263,0.422,9,0,0,0,9.84,2.964,0,False
C,5067,True,None,41.93,293,0.435,12,3,2,7,19.14,3.764,1,False
C,5068,True,None,47.68,333,0.435,15,4,3,19,27.37,3.981,2,False
C,5069,True,None,38.83,271,0.404,6,0,1,4,8.91,2.25,0,False
C,5070,True,None,39.46,276,0.46,14,0,1,9,10.83,4.766,0,False
C,5071,True,None,68.11,554,0.553,107,176,101,5199,46.79,10.288,10,False
C,5072,True,None,38.6,269,0.441,15,0,1,14,16.85,4.388,0,False
C,5073,True,None,90.96,813,0.714,218,387,232,24723,56.32,28.121,19,False
C,5074,True,None,40.91,286,0.453,12,0,1,6,13.91,4.151,0,False
C,5075,True,None,58.32,439,0.54,58,75,46,1291,46.28,8.856,7,False
C,5076,True,None,50.14,349,0.447,14,3,9,73,34.66,5.028,3,False
C,5077,True,None,42.08,293,0.416,11,1,4,10,16.18,3.731,1,False
C,5078,True,None,42.82,300,0.416,17,5,9,35,19.85,4.74,1,False
C,5079,True,None,39.01,272,0.416,12,0,0,0,13.83,3.77,0,False
C,5080,True,None,39.13,274,0.373,8,0,1,6,8.85,2.391,0,False
C,5081,True,None,38.28,267,0.441,9,0,0,0,12.81,2.917,0,False
C,5082,True,None,37.23,261,0.385,10,0,0,0,7.95,2.768,0,False
C,5083,True,None,38.83,272,0.441,9,0,1,1,11.82,3.242,0,False
C,5084,True,None,38.56,270,0.472,13,0,0,0,12.96,4.375,0,False
C,5085,True,None,48.08,336,0.441,19,6,5,58,26.49,5.111,2,False
C,5086,True,None,39.6,276,0.46,12,0,1,6,13.97,3.921,0,False
C,5087,True,None,44.88,313,0.472,15,1,2,15,21.08,4.387,1,False
C,5088,True,None,44.89,313,0.404,15,3,3,25,21.04,3.667,1,False
C,5089,True,None,51.69,392,0.46,47,68,38,924,20.2,5.27,4,False
C,5090,True,None,40.15,280,0.422,8,0,0,0,8.91,2.836,0,False
C,5091,True,None,44.14,308,0.484,19,3,3,40,23.17,5.51,1,False
C,5092,True,None,38.7,271,0.398,7,0,0,0,8.9,2.637,0,False
C,5093,True,None,39.58,277,0.453,10,0,0,0,11.84,3.481,0,False
C,5094,True,None,38.28,267,0.404,11,0,0,0,10.96,3.612,0,False
C,5095,True,None,54.96,405,0.422,42,53,38,818,35.73,6.608,5,False
C,5096,True,None,54.23,411,0.534,58,75,42,1212,30.34,9.749,5,False
C,5097,True,None,41.05,287,0.453,15,3,7,88,21.1,5.637,1,False
C,5098,True,None,41.95,293,0.453,13,1,1,10,22.01,4.034,1,False
C,5099,True,None,40.36,282,0.466,18,0,1,13,15.83,5.164,0,False
C,5100,True,None,35.78,251,0.447,7,0,0,0,4.96,2.919,0,False
C,5101,True,None,42.98,301,0.484,16,3,3,12,23.23,4.759,1,False
C,5102,True,None,42.81,299,0.385,10,1,2,12,19.08,3.103,1,False
C,5103,True,None,51.38,405,0.404,59,99,57,1677,20.09,4.558,5,False
C,5104,True,None,38.83,272,0.422,11,0,0,0,12.94,3.651,0,False
C,5105,True,None,38.15,266,0.472,14,0,0,0,11.88,4.183,0,False
C,5106,True,None,54.36,403,0.441,41,55,38,789,37.74,5.531,5,False
C,5107,True,None,40.31,282,0.509,12,0,1,9,16.7,4.172,0,False
C,5108,True,None,44.24,309,0.329,15,3,2,17,22.75,3.141,1,False
C,5109,True,None,42.51,299,0.509,15,5,4,41,16.19,4.616,1,False
C,5110,True,None,37.01,258,0.422,14,0,1,11,8.98,4.465,0,False
C,5111,True,None,78.52,635,0.559,123,199,115,7055,77.8,14.038,13,False
C,5112,True,None,42.08,294,0.398,13,1,3,15,16.21,3.465,1,False
C,5113,True,None,60.13,442,0.478,55,56,35,1027,50.35,10.998,6,False
C,5114,True,None,60.81,462,0.509,59,88,51,1437,34.64,7.063,6,False
C,5115,True,None,36.06,253,0.46,6,0,0,0,6.02,2.82,0,False
C,5116,True,None,43.68,305,0.497,13,1,1,7,25.07,4.498,1,False
C,5117,True,None,37.98,265,0.46,12,0,1,6,12.83,4.064,0,False
C,5118,True,None,41.03,287,0.46,11,1,5,26,21.08,3.894,1,False
C,5119,True,None,38.26,268,0.429,8,0,0,0,6.98,2.645,0,False
C,5120,True,None,42.94,301,0.441,11,3,4,25,17.29,4.024,1,False
C,5121,True,None,39.93,278,0.484,17,0,1,15,14.79,5.148,0,False
C,5122,True,None,39.71,278,0.435,11,0,0,0,12.92,3.62,0,False
C,5123,True,None,66.91,521,0.484,82,125,78,3307,45.2,9.539,9,False
C,5124,True,None,37.55,263,0.429,14,0,1,7,13.74,4.105,0,False
C,5125,True,None,37.23,261,0.447,8,0,0,0,8.92,3.049,0,False
C,5126,True,None,43.81,305,0.379,11,1,2,16,21.92,2.845,1,False
C,5127,True,None,39.5,276,0.484,24,0,1,1,11.82,6.17,0,False
C,5128,True,None,36.98,259,0.398,12,0,0,0,10.88,3.851,0,False
C,5129,True,None,39.18,274,0.398,13,0,2,19,16.78,4.696,0,False
C,5130,True,None,38.25,268,0.497,9,0,0,0,11.04,3.525,0,False
C,5131,True,None,43.41,302,0.422,16,1,4,18,23.21,4.777,1,False
C,5132,True,None,44.88,313,0.416,13,1,2,18,19.22,4.047,1,False
C,5133,True,None,58.56,442,0.36,53,76,52,1508,44.37,8.588,6,False
C,5134,True,None,37.11,259,0.422,12,0,0,0,8.85,3.611,0,False
C,5135,True,None,44.56,310,0.422,14,1,2,10,26.89,4.114,1,False
C,5136,True,None,36.66,257,0.416,7,0,0,0,7.86,2.102,0,False
C,5137,True,None,35.75,250,0.41,6,0,0,0,5.93,2.164,0,False
C,5138,True,None,61.11,467,0.503,67,95,60,2168,45.62,10.523,7,False
C,5139,True,None,54.81,402,0.422,42,48,33,514,23.78,6.602,4,False
C,5140,True,None,51.29,387,0.416,49,64,39,1015,25.92,7.636,4,False
C,5141,True,None,42.7,298,0.453,20,1,3,25,27.06,5.707,1,False
C,5142,True,None,42.79,299,0.422,11,1,1,2,16.32,3.752,1,False
C,5143,True,None,41.76,293,0.491,16,3,6,28,22.06,5.98,1,False
C,5144,True,None,39.28,275,0.416,11,0,1,9,10.95,3.233,0,False
C,5145,True,None,37.7,264,0.453,12,0,1,3,11.81,3.513,0,False
C,5146,True,None,40.91,285,0.441,14,1,5,57,22.05,4.527,1,False
C,5147,True,None,46.46,342,0.447,30,39,23,297,15.25,4.234,3,False
C,5148,True,None,38.15,266,0.466,12,0,0,0,6.93,3.463,0,False
C,5149,True,None,45.36,316,0.497,18,1,4,45,24.08,5.43,1,False
C,5150,True,None,37.4,262,0.453,8,0,1,4,11.75,3.389,0,False
C,5151,True,None,70.13,547,0.528,85,129,83,3364,47.23,10.348,9,False
C,5152,True,None,47.04,348,0.478,36,45,25,500,21.18,5.908,3,False
C,5153,True,None,41.16,287,0.46,8,1,2,10,16.29,3.108,1,False
C,5154,True,None,44.81,314,0.404,10,3,5,22,21.04,3.118,1,False
C,5155,True,None,36.65,256,0.466,8,0,2,8,8.94,3.491,0,False
C,5156,True,None,55.14,393,0.491,34,24,19,388,43.57,8.018,4,False
C,5157,True,None,41.61,291,0.373,9,1,2,4,14.12,2.789,1,False
C,5158,True,None,47.91,351,0.503,32,37,26,417,20.59,5.528,3,False
C,5159,True,None,38.41,269,0.441,9,0,1,8,8.88,3.36,0,False
C,5160,True,None,69.74,590,0.559,129,224,124,7988,40.05,11.349,12,False
C,5161,True,None,49.23,361,0.491,34,41,26,495,18.21,5.443,3,False
C,5162,True,None,48.23,336,0.422,18,4,8,45,31.29,4.685,2,False
C,5163,True,None,39.41,276,0.491,9,0,1,6,11.84,3.643,0,False
C,5164,True,None,35.93,252,0.342,10,0,1,6,8.88,2.607,0,False
C,5165,True,None,41.93,293,0.422,9,1,3,17,17.11,2.926,1,False
C,5166,True,None,46.19,321,0.447,14,2,3,15,28.43,4.243,2,False
C,5167,True,None,39.16,274,0.46,14,0,1,3,14.88,4.531,0,False
C,5168,True,None,84.13,727,0.609,181,307,180,15989,61.67,27.414,17,False
C,5169,True,None,38.1,266,0.311,7,0,0,0,6.01,2.17,0,False
C,5170,True,None,59.79,436,0.503,44,50,35,808,43.14,8.391,6,False
C,5171,True,None,39.31,274,0.404,11,0,0,0,14.8,3.346,0,False
C,5172,True,None,37.7,263,0.466,13,0,0,0,12.8,4.459,0,False
C,5173,True,None,37.55,263,0.447,11,0,1,10,11.84,3.311,0,False
C,5174,True,None,43.71,304,0.435,15,1,3,17,17.81,4.146,1,False
C,5175,True,None,49.81,358,0.416,24,25,17,186,26.52,4.067,3,False
C,5176,True,None,44.16,309,0.435,16,5,6,37,19.17,4.867,1,False
C,5177,True,None,38.11,267,0.366,8,0,1,1,6.03,2.418,0,False
C,5178,True,None,44.71,322,0.373,25,24,14,230,26.07,4.802,2,False
C,5179,True,None,39.88,279,0.41,12,0,0,0,15.69,3.801,0,False
C,5180,True,None,40.63,283,0.391,12,0,1,8,9.84,3.813,0,False
C,5181,True,None,50.83,355,0.559,18,5,10,94,39.27,7.057,3,False
C,5182,True,None,48.83,340,0.503,15,2,6,61,27.67,5.68,2,False
C,5183,True,None,38.16,266,0.398,14,0,0,0,12.83,4.059,0,False
C,5184,True,None,40.93,286,0.41,15,0,1,9,14.81,4.302,0,False
C,5185,True,None,51.89,387,0.422,42,56,37,777,27.4,5.674,4,False
C,5186,True,None,39.63,277,0.416,12,0,0,0,14.83,3.364,0,False
C,5187,True,None,36.05,252,0.391,4,0,0,0,4.0,1.822,0,False
C,5188,True,None,43.83,316,0.416,24,22,13,132,21.22,4.511,2,False
C,5189,True,None,43.54,304,0.503,13,1,4,10,22.34,5.202,1,False
C,5190,True,None,40.03,280,0.422,12,0,0,0,11.89,3.962,0,False
C,5191,True,None,37.0,259,0.41,16,0,1,2,10.94,4.508,0,False
C,5192,True,None,39.18,273,0.379,11,0,0,0,13.76,2.656,0,False
C,5193,True,None,48.37,336,0.484,16,2,4,38,28.45,5.344,2,False
C,5194,True,None,37.65,263,0.41,6,0,0,0,6.85,2.112,0,False
C,5195,True,None,37.1,260,0.435,10,0,1,7,12.85,3.201,0,False
C,5196,True,None,41.65,292,0.398,14,5,4,29,17.19,3.745,1,False
C,5197,True,None,39.03,273,0.509,14,0,0,0,12.85,4.189,0,False
C,5198,True,None,39.01,273,0.447,9,0,0,0,9.91,3.007,0,False
C,5199,True,None,36.5,256,0.398,7,0,0,0,5.91,2.397,0,False
C,5200,True,None,63.83,506,0.522,88,136,77,3555,39.31,11.058,8,False
C,5201,True,None,38.11,267,0.429,12,0,0,0,9.87,3.895,0,False
C,5202,True,None,37.23,260,0.503,11,0,0,0,12.78,3.908,0,False
C,5203,True,None,64.22,529,0.416,109,177,96,5424,36.36,12.659,9,False
C,5204,True,None,36.8,258,0.429,5,0,1,2,5.92,2.116,0,False
C,5205,True,None,37.38,261,0.398,11,0,0,0,10.81,3.185,0,False
C,5206,True,None,39.41,275,0.385,8,0,2,4,12.94,2.829,0,False
C,5207,True,None,37.55,263,0.46,10,0,0,0,11.79,3.187,0,False
C,5208,True,None,40.06,279,0.342,13,1,1,7,17.18,3.22,1,False
C,5209,True,None,49.01,354,0.472,31,29,22,480,26.44,6.886,3,False
C,5210,True,None,54.8,394,0.466,36,30,22,503,37.0,8.903,4,False
C,5211,True,None,37.23,260,0.385,7,0,1,3,7.85,2.195,0,False
C,5212,True,None,36.81,258,0.422,8,0,2,10,8.91,3.141,0,False
C,5213,True,None,62.61,439,0.571,35,18,20,351,54.49,10.685,6,False
C,5214,True,None,43.66,305,0.385,9,1,4,15,12.45,3.426,1,False
C,5215,True,None,46.16,322,0.478,16,1,2,22,31.48,5.116,1,False
C,5216,True,None,38.7,270,0.385,10,0,0,0,12.84,3.114,0,False
C,5217,True,None,38.25,268,0.447,8,0,1,4,11.82,3.339,0,False
C,5218,True,None,42.34,296,0.41,7,1,3,9,14.2,2.826,1,False
C,5219,True,None,36.18,253,0.379,7,0,0,0,5.9,2.692,0,False
C,5220,True,None,37.4,261,0.36,8,0,1,6,10.03,2.421,0,False
C,5221,True,None,43.94,310,0.472,13,7,7,61,19.08,4.0,1,False
C,5222,True,None,43.34,303,0.429,12,2,3,14,20.53,3.152,2,False
C,5223,True,None,38.13,267,0.429,10,0,1,2,9.89,3.308,0,False
C,5224,True,None,41.91,293,0.429,14,0,2,11,13.94,4.58,0,False
C,5225,True,None,37.21,261,0.366,8,0,0,0,10.87,2.258,0,False
C,5226,True,None,39.15,273,0.391,9,0,2,13,9.89,2.875,0,False
C,5227,True,None,46.44,324,0.404,10,2,6,27,28.54,3.533,2,False
C,5228,True,None,38.23,267,0.472,8,0,0,0,8.04,3.02,0,False
C,5229,True,None,41.51,290,0.435,17,0,0,0,20.73,4.442,0,False
C,5230,True,None,36.21,254,0.398,7,0,0,0,4.95,2.407,0,False
C,5231,True,None,39.03,272,0.404,15,0,2,13,10.89,4.36,0,False
C,5232,True,None,43.83,307,0.416,13,3,4,33,24.06,3.957,1,False
C,5233,True,None,41.91,293,0.404,7,1,2,10,13.25,2.734,1,False
C,5234,True,None,44.74,312,0.379,12,1,2,4,18.18,3.579,1,False
C,5235,True,None,37.11,260,0.379,12,0,0,0,8.83,3.006,0,False
C,5236,True,None,37.71,263,0.36,11,0,0,0,11.84,2.9,0,False
C,5237,True,None,50.28,362,0.373,33,29,20,305,34.41,5.186,3,False
C,5238,True,None,38.85,271,0.41,8,0,0,0,10.83,2.472,0,False
C,5239,True,None,46.49,325,0.441,19,4,6,57,32.21,6.002,2,False
C,5240,True,None,38.28,268,0.354,13,0,0,0,12.91,3.381,0,False
C,5241,True,None,37.71,264,0.379,15,0,0,0,13.95,3.839,0,False
C,5242,True,None,57.23,408,0.447,27,25,22,278,46.28,5.132,5,False
C,5243,True,None,42.18,294,0.404,11,1,2,18,20.09,2.737,1,False
C,5244,True,None,45.19,315,0.41,11,1,4,16,23.07,3.702,1,False
C,5245,True,None,40.05,279,0.447,15,0,1,10,16.85,4.751,0,False
C,5246,True,None,52.63,368,0.366,21,8,11,136,45.83,4.818,4,False
C,5247,True,None,43.53,303,0.435,12,1,3,15,20.98,4.057,1,False
C,5248,True,None,38.0,266,0.484,8,0,0,0,8.1,3.171,0,False
C,5249,True,None,45.91,319,0.522,18,1,4,43,27.22,6.961,1,False
C,5250,True,None,39.88,278,0.391,12,1,2,16,19.12,3.365,1,False
C,5251,True,None,42.53,299,0.366,16,5,5,27,18.33,4.298,1,False
C,5252,True,None,42.81,299,0.453,13,3,7,22,18.22,4.73,1,False
C,5253,True,None,37.68,264,0.441,10,0,0,0,11.93,2.936,0,False
C,5254,True,None,40.6,284,0.429,15,0,1,4,18.76,4.499,0,False
C,5255,True,None,83.04,727,0.478,187,322,187,18089,50.81,20.27,16,False
C,5256,True,None,39.41,276,0.373,10,0,2,8,9.91,3.222,0,False
C,5257,True,None,37.7,263,0.354,9,0,1,3,7.9,2.727,0,False
C,5258,True,None,37.28,260,0.491,11,0,1,6,8.83,4.5,0,False
C,5259,True,None,40.03,280,0.435,14,0,1,8,14.83,3.569,0,False
C,5260,True,None,41.46,291,0.404,13,3,3,17,26.97,3.701,1,False
C,5261,True,None,39.58,276,0.416,9,0,1,1,10.94,2.804,0,False
C,5262,True,None,43.43,302,0.491,18,1,1,12,24.93,4.614,1,False
C,5263,True,None,39.18,274,0.422,11,0,1,1,12.9,3.292,0,False
C,5264,True,None,37.8,265,0.404,5,0,1,1,10.91,2.307,0,False
C,5265,True,None,46.0,342,0.373,33,47,28,455,19.08,3.241,3,False
C,5266,True,None,37.56,263,0.441,8,0,1,3,7.88,3.122,0,False
C,5267,True,None,40.91,286,0.441,12,0,3,19,14.78,4.21,0,False
C,5268,True,None,42.93,300,0.391,8,1,4,16,19.47,2.675,1,False
C,5269,True,None,41.06,287,0.466,14,1,1,3,20.07,4.144,1,False
C,5270,True,None,41.91,292,0.472,12,1,1,4,20.12,3.688,1,False
C,5271,True,None,40.75,285,0.422,10,1,3,17,18.09,3.595,1,False
C,5272,True,None,38.88,271,0.46,10,0,2,4,10.94,3.527,0,False
C,5273,True,None,42.98,299,0.46,17,1,4,29,22.33,5.813,1,False
C,5274,True,None,38.9,272,0.472,12,0,1,3,15.75,3.737,0,False
C,5275,True,None,41.94,293,0.441,12,1,3,16,16.26,4.091,1,False
C,5276,True,None,43.71,304,0.491,13,0,3,23,15.95,4.71,0,False
C,5277,True,None,42.43,296,0.484,15,1,2,8,21.23,4.931,1,False
C,5278,True,None,40.16,281,0.435,15,0,0,0,16.72,4.404,0,False
C,5279,True,None,37.7,264,0.416,9,0,0,0,9.79,2.716,0,False
C,5280,True,None,44.21,332,0.46,37,49,27,458,18.0,4.366,3,False
C,5281,True,None,44.73,311,0.478,19,1,3,34,27.96,5.717,1,False
C,5282,True,None,41.33,288,0.385,8,1,2,12,12.36,2.688,1,False
C,5283,True,None,42.25,295,0.41,16,1,2,19,25.91,4.478,1,False
C,5284,True,None,44.26,308,0.441,13,1,2,8,23.08,4.436,1,False
C,5285,True,None,37.98,266,0.398,11,0,0,0,8.92,2.858,0,False
C,5286,True,None,41.61,291,0.404,11,1,6,46,18.12,3.558,1,False
C,5287,True,None,60.09,464,0.516,71,103,64,2260,30.34,11.077,7,False
C,5288,True,None,37.46,261,0.404,24,0,0,0,6.0,6.576,0,False
C,5289,True,None,46.8,325,0.391,17,2,4,38,32.8,4.753,2,False
C,5290,True,None,39.03,273,0.441,13,0,0,0,13.7,3.993,0,False
C,5291,True,None,41.48,289,0.391,15,0,0,0,15.85,3.872,0,False
C,5292,True,None,45.61,318,0.46,18,2,5,15,31.34,5.438,2,False
C,5293,True,None,43.36,302,0.447,10,1,2,14,19.12,3.578,1,False
C,5294,True,None,39.55,276,0.398,5,0,0,0,7.91,2.307,0,False
C,5295,True,None,38.25,268,0.366,7,0,0,0,7.91,2.657,0,False
C,5296,True,None,38.71,271,0.516,10,0,0,0,7.93,4.225,0,False
C,5297,True,None,41.18,289,0.385,11,3,2,17,17.23,3.118,1,False
C,5298,True,None,38.31,267,0.441,15,0,0,0,12.82,4.802,0,False
C,5299,True,None,41.48,289,0.46,10,0,1,2,11.87,4.124,0,False
C,5300,True,None,49.68,346,0.422,15,3,6,54,31.61,5.04,3,False
C,5301,True,None,38.71,271,0.453,10,0,0,0,12.77,3.512,0,False
C,5302,True,None,44.81,312,0.484,15,1,4,30,28.05,5.365,1,False
C,5303,True,None,36.81,258,0.422,11,0,0,0,12.87,3.572,0,False
C,5304,True,None,38.83,272,0.354,11,0,1,10,13.79,3.512,0,False
C,5305,True,None,41.8,293,0.441,14,3,2,13,22.02,3.825,1,False
C,5306,True,None,37.83,265,0.373,12,0,1,4,12.84,2.852,0,False
C,5307,True,None,38.88,271,0.422,10,0,0,0,10.89,3.229,0,False
C,5308,True,None,39.33,274,0.398,12,0,0,0,10.89,3.476,0,False
C,5309,True,None,41.96,293,0.429,13,1,5,49,19.09,4.289,1,False
C,5310,True,None,39.73,278,0.404,9,0,0,0,9.89,2.759,0,False
C,5311,True,None,40.31,282,0.435,12,0,1,8,16.73,3.676,0,False
C,5312,True,None,37.15,260,0.484,14,0,2,20,14.83,4.468,0,False
C,5313,True,None,50.74,363,0.478,33,23,19,341,38.2,8.615,3,False
C,5314,True,None,37.53,262,0.441,8,0,1,1,9.98,2.854,0,False
C,5315,True,None,39.2,274,0.41,13,0,0,0,10.91,3.631,0,False
C,5316,True,None,42.55,297,0.453,15,1,3,17,19.19,4.33,1,False
C,5317,True,None,53.78,409,0.503,59,76,48,1635,37.66,10.957,6,False
C,5318,True,None,76.0,605,0.578,110,169,99,5436,62.73,19.958,11,False
C,5319,True,None,37.71,264,0.41,11,0,0,0,9.84,3.236,0,False
C,5320,True,None,47.03,327,0.422,11,1,2,8,30.99,3.537,1,False
C,5321,True,None,43.39,303,0.478,15,1,1,6,20.11,4.464,1,False
C,5322,True,None,39.28,275,0.385,9,0,0,0,9.86,2.786,0,False
C,5323,True,None,39.45,276,0.404,15,0,0,0,14.8,4.27,0,False
C,5324,True,None,44.31,310,0.509,17,3,4,16,22.05,5.841,1,False
C,5325,True,None,39.58,277,0.453,11,0,0,0,10.93,3.285,0,False
C,5326,True,None,41.08,287,0.391,14,0,1,9,14.77,3.872,0,False
C,5327,True,None,39.61,277,0.509,13,0,0,0,13.9,4.911,0,False
C,5328,True,None,39.45,276,0.435,10,0,0,0,14.78,3.382,0,False
C,5329,True,None,45.66,318,0.497,17,1,2,6,23.14,5.249,1,False
C,5330,True,None,37.25,260,0.385,8,0,0,0,8.85,2.851,0,False
C,5331,True,None,38.58,269,0.36,12,0,1,4,9.97,3.461,0,False
C,5332,True,None,47.31,330,0.391,11,2,7,54,32.69,3.573,2,False
C,5333,True,None,42.76,299,0.466,8,1,2,9,17.07,2.913,1,False
C,5334,True,None,37.83,265,0.404,11,0,0,0,11.9,3.404,0,False
C,5335,True,None,39.18,274,0.329,14,0,1,5,13.92,3.535,0,False
C,5336,True,None,41.21,288,0.441,13,1,2,22,21.0,3.77,1,False
C,5337,True,None,42.96,299,0.385,12,1,2,14,21.12,3.396,1,False
C,5338,True,None,38.13,267,0.391,13,0,0,0,13.7,4.011,0,False
C,5339,True,None,40.3,281,0.391,10,0,1,3,9.93,3.328,0,False
C,5340,True,None,39.41,275,0.404,10,0,1,3,14.79,3.265,0,False
C,5341,True,None,37.41,261,0.391,12,0,0,0,13.84,3.431,0,False
C,5342,True,None,42.64,298,0.429,10,1,3,18,14.25,3.662,1,False
C,5343,True,None,37.96,266,0.348,10,0,0,0,13.02,2.629,0,False
C,5344,True,None,36.63,257,0.373,4,0,0,0,2.96,1.536,0,False
C,5345,True,None,38.16,267,0.379,12,0,0,0,9.93,3.537,0,False
C,5346,True,None,40.78,284,0.466,16,0,1,8,13.83,5.373,0,False
C,5347,True,None,39.91,279,0.46,13,0,0,0,12.84,4.176,0,False
C,5348,True,None,50.43,351,0.453,18,2,11,120,29.0,6.228,2,False
C,5349,True,None,39.11,274,0.478,8,0,0,0,9.83,2.778,0,False
C,5350,True,None,38.11,266,0.366,9,0,0,0,10.81,2.692,0,False
C,5351,True,None,39.58,277,0.41,7,0,1,6,8.99,2.576,0,False
C,5352,True,None,46.83,336,0.391,28,24,17,283,22.15,5.292,2,False
C,5353,True,None,39.41,275,0.478,8,0,0,0,14.86,3.127,0,False
C,5354,True,None,39.9,279,0.329,11,0,0,0,10.92,3.004,0,False
C,5355,True,None,37.38,262,0.398,8,0,0,0,8.9,2.497,0,False
C,5356,True,None,40.03,280,0.429,11,0,0,0,13.8,3.497,0,False
C,5357,True,None,40.01,280,0.422,9,0,0,0,10.92,3.187,0,False
C,5358,True,None,40.18,281,0.429,11,0,2,14,11.87,3.512,0,False
C,5359,True,None,36.66,256,0.478,7,0,0,0,5.98,2.989,0,False
C,5360,True,None,38.28,268,0.422,12,0,0,0,12.79,2.971,0,False
C,5361,True,None,46.81,326,0.435,15,4,5,36,27.54,4.315,2,False
C,5362,True,None,35.83,250,0.379,12,0,1,1,9.96,3.308,0,False
C,5363,True,None,37.56,262,0.429,14,0,0,0,10.92,3.446,0,False
C,5364,True,None,38.68,270,0.484,8,0,1,5,9.89,3.474,0,False
C,5365,True,None,55.65,427,0.441,59,85,51,1390,29.27,6.406,5,False
C,5366,True,None,37.98,265,0.447,10,0,0,0,9.89,3.181,0,False
C,5367,True,None,36.35,254,0.429,7,0,0,0,4.91,2.694,0,False
C,5368,True,None,102.27,902,0.689,247,416,237,28719,102.28,43.669,22,False
C,5369,True,None,51.18,355,0.447,18,3,6,44,33.73,5.87,3,False
C,5370,True,None,41.18,288,0.41,13,3,6,46,19.15,3.62,1,False
C,5371,True,None,40.21,280,0.429,10,1,1,6,15.55,2.803,1,False
C,5372,True,None,54.65,401,0.478,37,47,28,434,30.08,4.47,5,False
C,5373,True,None,39.18,274,0.472,13,0,0,0,13.83,3.893,0,False
C,5374,True,None,39.33,274,0.466,15,0,1,6,15.71,5.106,0,False
C,5375,True,None,48.83,340,0.453,13,2,5,18,27.31,3.832,2,False
C,5376,True,None,37.23,261,0.466,8,0,1,3,9.82,2.699,0,False
C,5377,True,None,40.9,285,0.503,8,0,0,0,11.84,2.917,0,False
C,5378,True,None,44.44,310,0.46,15,1,1,6,25.95,4.86,1,False
C,5379,True,None,36.51,256,0.422,8,0,0,0,6.85,2.74,0,False
C,5380,True,None,79.16,684,0.584,174,287,161,13973,67.06,20.462,15,False
C,5381,True,None,38.43,268,0.404,9,0,0,0,8.93,2.788,0,False
C,5382,True,None,40.63,284,0.429,12,0,1,6,15.96,3.821,0,False
C,5383,True,None,39.88,279,0.441,15,0,0,0,14.79,4.326,0,False
C,5384,True,None,37.36,261,0.398,6,0,0,0,5.92,2.762,0,False
C,5385,True,None,73.59,628,0.634,146,249,143,10454,55.2,14.698,13,False
C,5386,True,None,51.71,370,0.335,28,23,21,408,28.46,6.101,3,False
C,5387,True,None,40.16,281,0.373,9,0,2,8,12.98,2.794,0,False
C,5388,True,None,42.98,299,0.491,16,1,1,2,26.08,4.957,1,False
C,5389,True,None,38.7,271,0.491,10,0,1,5,10.95,3.217,0,False
C,5390,True,None,44.45,309,0.435,17,1,4,36,19.67,4.666,1,False
C,5391,True,None,36.83,257,0.36,14,0,0,0,8.92,3.449,0,False
C,5392,True,None,53.61,412,0.516,61,86,49,1477,26.37,8.555,6,False
C,5393,True,None,38.41,269,0.435,13,0,3,13,11.1,3.694,0,False
C,5394,True,None,42.25,295,0.435,12,1,3,17,17.16,3.067,1,False
C,5395,True,None,58.69,465,0.534,77,121,71,2793,32.52,9.021,7,False
C,5396,True,None,42.94,300,0.466,10,1,2,13,22.01,3.675,1,False
C,5397,True,None,45.48,317,0.46,18,2,2,26,28.42,4.863,2,False
C,5398,True,None,37.11,259,0.36,13,0,0,0,12.92,3.284,0,False
C,5399,True,None,62.24,495,0.516,86,134,76,3346,38.34,10.13,8,False
C,5400,True,None,36.08,253,0.398,6,0,0,0,3.04,2.269,0,False
C,5401,True,None,71.04,545,0.522,81,117,77,3107,56.82,12.089,9,False
C,5402,True,None,38.25,268,0.416,7,0,0,0,4.11,2.8,0,False
C,5403,True,None,37.66,264,0.36,8,0,0,0,7.92,2.567,0,False
C,5404,True,None,37.83,264,0.472,12,0,0,0,11.85,3.809,0,False
C,5405,True,None,48.59,338,0.366,18,2,4,42,32.23,4.098,2,False
C,5406,True,None,39.58,277,0.366,13,1,2,12,21.02,2.968,1,False
C,5407,True,None,51.88,360,0.491,17,3,8,76,37.63,6.512,3,False
C,5408,True,None,41.65,291,0.447,12,1,2,18,21.11,4.003,1,False
C,5409,True,None,38.43,268,0.422,12,0,0,0,11.8,3.562,0,False
C,5410,True,None,42.93,300,0.422,14,3,4,28,22.25,4.042,1,False
C,5411,True,None,46.21,321,0.416,13,1,3,19,24.0,3.994,1,False
C,5412,True,None,44.89,314,0.46,19,3,2,19,26.02,5.235,1,False
C,5413,True,None,38.33,268,0.429,18,0,2,11,18.69,4.876,0,False
C,5414,True,None,41.21,288,0.435,14,0,2,12,18.74,4.61,0,False
C,5415,True,None,41.5,290,0.497,9,1,2,9,16.07,3.645,1,False
C,5416,True,None,40.8,286,0.46,17,3,3,32,23.01,4.979,1,False
C,5417,True,None,38.85,271,0.447,8,0,1,1,11.83,3.189,0,False
C,5418,True,None,38.85,271,0.41,9,0,0,0,10.85,2.782,0,False
C,5419,True,None,60.17,458,0.466,63,88,54,1552,50.48,8.361,6,False
C,5420,True,None,37.93,266,0.441,6,0,0,0,5.93,2.575,0,False
C,5421,True,None,42.52,297,0.373,14,3,5,47,23.34,3.779,1,False
C,5422,True,None,39.75,277,0.447,13,0,0,0,16.66,3.238,0,False
C,5423,True,None,48.39,338,0.472,22,6,6,80,30.38,6.189,2,False
C,5424,True,None,56.38,431,0.453,63,86,49,1667,41.23,9.716,6,False
C,5425,True,None,44.91,313,0.497,14,1,1,11,25.06,4.625,1,False
C,5426,True,None,39.43,275,0.391,10,0,0,0,14.81,2.953,0,False
C,5427,True,None,39.58,277,0.398,11,0,0,0,13.99,3.469,0,False
C,5428,True,None,41.05,287,0.41,10,0,0,0,19.84,3.044,0,False
C,5429,True,None,40.76,286,0.497,13,3,7,65,16.17,4.687,1,False
C,5430,True,None,50.29,351,0.478,18,4,5,32,33.4,5.637,2,False
C,5431,True,None,58.71,451,0.491,65,95,57,2096,42.54,10.007,7,False
C,5432,True,None,43.24,303,0.491,13,3,5,37,17.29,4.621,1,False
C,5433,True,None,37.68,263,0.366,10,0,1,5,9.92,2.96,0,False
C,5434,True,None,46.93,339,0.416,26,26,15,194,23.0,4.415,2,False
C,5435,True,None,55.7,412,0.41,47,55,41,1154,39.48,9.169,5,False
C,5436,True,None,44.29,309,0.335,13,4,5,33,27.33,3.265,2,False
C,5437,True,None,36.06,253,0.373,6,0,0,0,5.89,2.354,0,False
C,5438,True,None,40.16,281,0.41,10,0,1,8,13.78,3.459,0,False
C,5439,True,None,46.34,324,0.478,20,4,9,72,31.35,6.197,2,False
C,5440,True,None,49.31,343,0.404,15,2,4,24,24.49,4.017,2,False
C,5441,True,None,42.94,299,0.422,10,1,2,10,19.1,3.867,1,False
C,5442,True,None,58.11,462,0.453,73,122,77,2904,24.19,9.174,6,False
C,5443,True,None,43.54,304,0.46,11,1,4,24,18.06,3.617,1,False
C,5444,True,None,39.45,276,0.46,12,0,0,0,15.78,3.671,0,False
C,5445,True,None,45.41,316,0.379,14,2,5,30,31.35,4.435,2,False
C,5446,True,None,39.16,273,0.484,9,0,1,4,12.86,3.574,0,False
C,5447,True,None,46.46,325,0.509,15,5,7,59,24.17,4.698,1,False
C,5448,True,None,43.73,305,0.516,17,0,2,27,22.69,6.596,0,False
C,5449,True,None,46.28,321,0.472,21,2,4,56,29.51,6.211,2,False
C,5450,True,None,38.58,270,0.422,12,0,0,0,13.82,3.748,0,False
C,5451,True,None,50.71,371,0.503,35,39,29,520,29.31,6.151,3,False
C,5452,True,None,38.98,273,0.404,8,0,0,0,10.83,2.654,0,False
C,5453,True,None,37.1,260,0.373,8,0,0,0,10.84,2.441,0,False
C,5454,True,None,43.56,304,0.472,17,1,2,10,18.29,4.959,1,False
C,5455,True,None,37.25,260,0.447,11,0,0,0,10.82,3.234,0,False
C,5456,True,None,43.94,307,0.41,11,1,3,12,24.15,3.277,1,False
C,5457,True,None,37.95,265,0.447,5,0,0,0,3.96,2.376,0,False
C,5458,True,None,57.13,432,0.478,53,76,50,1493,33.65,8.319,6,False
C,5459,True,None,45.71,331,0.416,24,26,20,266,17.23,4.788,2,False
C,5460,True,None,44.03,306,0.41,13,1,4,31,15.17,3.5,1,False
C,5461,True,None,37.98,266,0.491,9,0,2,8,10.99,3.765,0,False
C,5462,True,None,52.28,395,0.435,46,67,42,910,23.44,5.53,5,False
C,5463,True,None,48.77,351,0.453,28,25,17,320,27.75,6.48,3,False
C,5464,True,None,43.56,304,0.46,17,0,1,5,22.58,4.384,0,False
C,5465,True,None,36.81,257,0.472,11,0,0,0,9.95,3.968,0,False
C,5466,True,None,41.93,292,0.404,14,1,2,11,16.75,3.767,1,False
C,5467,True,None,37.4,262,0.516,10,0,0,0,9.83,3.908,0,False
C,5468,True,None,44.58,311,0.497,13,1,2,12,17.21,4.364,1,False
C,5469,True,None,41.93,292,0.416,12,1,2,12,20.18,3.469,1,False
C,5470,True,None,42.55,296,0.404,9,1,2,9,13.16,2.613,1,False
C,5471,True,None,38.75,270,0.453,14,0,0,0,13.84,4.129,0,False
C,5472,True,None,40.01,280,0.422,12,0,1,10,12.86,4.217,0,False
C,5473,True,None,38.1,266,0.41,9,0,0,0,6.87,2.953,0,False
C,5474,True,None,46.06,321,0.466,17,1,3,14,24.06,5.159,1,False
C,5475,True,None,45.29,316,0.466,17,2,3,19,29.32,5.118,2,False
C,5476,True,None,39.71,278,0.429,10,0,2,13,15.96,3.434,0,False
C,5477,True,None,44.6,310,0.435,17,1,2,12,25.62,4.977,1,False
C,5478,True,None,38.85,272,0.398,7,0,0,0,7.95,2.468,0,False
C,5479,True,None,37.8,265,0.342,7,0,0,0,7.86,2.145,0,False
C,5480,True,None,37.83,264,0.435,8,0,0,0,8.81,3.117,0,False
C,5481,True,None,38.28,267,0.478,10,0,0,0,9.95,3.413,0,False
C,5482,True,None,47.5,333,0.422,20,8,8,55,29.85,4.696,2,False
C,5483,True,None,42.41,295,0.41,12,1,3,19,16.18,3.265,1,False
C,5484,True,None,38.48,268,0.472,15,0,0,0,14.0,4.358,0,False
C,5485,True,None,46.31,323,0.491,15,1,2,10,26.93,5.029,1,False
C,5486,True,None,39.61,277,0.441,11,0,0,0,13.78,3.573,0,False
C,5487,True,None,39.3,274,0.398,13,0,2,9,10.89,3.382,0,False
C,5488,True,None,61.39,493,0.522,90,142,85,4063,37.28,12.484,8,False
C,5489,True,None,44.58,311,0.472,12,1,3,17,16.13,3.699,1,False
C,5490,True,None,61.69,474,0.54,74,100,62,2524,54.7,12.718,8,False
C,5491,True,None,38.98,272,0.385,10,0,0,0,13.86,3.176,0,False
C,5492,True,None,42.85,298,0.366,14,1,2,10,17.14,3.764,1,False
C,5493,True,None,63.39,485,0.366,68,100,64,2106,55.58,10.023,8,False
C,5494,True,None,38.31,267,0.435,16,0,1,6,15.79,4.729,0,False
C,5495,True,None,37.38,262,0.478,8,0,1,3,5.95,3.376,0,False
C,5496,True,None,48.51,353,0.398,32,35,22,445,28.35,6.425,3,False
C,5497,True,None,39.3,274,0.466,11,0,1,3,11.85,4.287,0,False
C,5498,True,None,45.89,323,0.435,17,8,7,83,21.66,4.421,2,False
C,5499,True,None,41.74,292,0.41,11,1,3,13,19.1,3.66,1,False
D,5000,True,None,42.93,299,0.4,11,1,4,14,19.26,2.232,1,False
D,5001,True,None,37.81,264,0.54,9,0,0,0,8.95,2.622,0,False
D,5002,True,None,57.84,446,0.51,61,94,54,1590,29.49,4.615,6,False
D,5003,True,None,39.15,273,0.48,12,0,1,3,12.79,2.67,0,False
D,5004,True,None,42.36,296,0.48,13,3,2,15,18.11,2.599,1,False
D,5005,True,None,41.91,292,0.57,12,0,1,9,17.82,3.338,0,False
D,5006,True,None,36.95,259,0.45,8,0,0,0,8.96,1.805,0,False
D,5007,True,None,44.25,309,0.41,14,1,2,12,29.06,3.064,1,False
D,5008,True,None,40.33,281,0.43,12,0,1,8,15.83,2.693,0,False
D,5009,True,None,39.43,275,0.49,6,0,2,4,7.97,1.863,0,False
D,5010,True,None,37.93,266,0.35,4,0,0,0,2.99,1.211,0,False
D,5011,True,None,38.56,269,0.44,8,0,0,0,7.9,1.756,0,False
D,5012,True,None,35.93,252,0.41,10,0,0,0,8.96,1.706,0,False
D,5013,True,None,43.39,306,0.43,18,10,10,52,19.57,2.965,2,False
D,5014,True,None,41.31,288,0.42,9,1,2,4,21.21,1.951,1,False
D,5015,True,None,73.46,590,0.43,104,173,98,5319,56.45,9.221,11,False
D,5016,True,None,38.71,270,0.47,11,0,2,12,14.7,2.721,0,False
D,5017,True,None,46.89,326,0.56,13,2,4,36,23.53,3.315,2,False
D,5018,True,None,38.83,272,0.36,7,0,0,0,7.82,1.755,0,False
D,5019,True,None,42.94,299,0.51,11,1,3,8,17.23,2.497,1,False
D,5020,True,None,39.3,274,0.39,10,0,0,0,8.05,1.848,0,False
D,5021,True,None,47.39,330,0.45,16,2,7,56,30.39,3.604,2,False
D,5022,True,None,39.9,278,0.5,14,0,1,2,17.8,2.753,0,False
D,5023,True,None,43.24,301,0.5,15,1,2,21,24.21,3.207,1,False
D,5024,True,None,37.78,264,0.44,4,0,1,2,3.96,1.448,0,False
D,5025,True,None,40.0,279,0.44,5,1,2,6,12.36,1.633,1,False
D,5026,True,None,50.66,364,0.48,24,25,20,261,27.45,3.672,3,False
D,5027,True,None,40.73,285,0.41,9,0,1,5,10.99,1.941,0,False
D,5028,True,None,37.1,260,0.41,8,0,0,0,9.94,1.608,0,False
D,5029,True,None,43.38,303,0.51,13,1,2,16,20.29,2.354,1,False
D,5030,True,None,40.01,279,0.52,10,0,1,4,14.67,2.536,0,False
D,5031,True,None,41.95,293,0.39,13,1,2,14,20.06,2.864,1,False
D,5032,True,None,45.41,338,0.43,31,45,30,540,21.05,2.771,3,False
D,5033,True,None,37.7,264,0.48,13,0,1,5,9.97,2.649,0,False
D,5034,True,None,56.89,401,0.51,22,16,15,150,39.68,4.48,4,False
D,5035,True,None,37.4,261,0.4,9,0,0,0,6.08,1.669,0,False
D,5036,True,None,56.96,453,0.5,74,123,71,2804,31.24,5.158,7,False
D,5037,True,None,46.78,334,0.56,24,18,13,166,20.25,4.328,2,False
D,5038,True,None,54.51,388,0.48,29,24,20,296,41.4,5.203,4,False
D,5039,True,None,37.83,265,0.49,11,0,0,0,9.82,2.305,0,False
D,5040,True,None,38.55,269,0.45,9,0,0,0,9.97,1.986,0,False
D,5041,True,None,39.26,275,0.37,6,0,1,3,4.97,1.329,0,False
D,5042,True,None,39.45,275,0.39,10,0,0,0,14.69,1.92,0,False
D,5043,True,None,51.28,378,0.48,37,46,31,550,30.49,3.813,4,False
D,5044,True,None,43.98,307,0.46,11,1,3,22,20.17,2.436,1,False
D,5045,True,None,43.38,303,0.46,10,3,7,52,18.98,2.578,1,False
D,5046,True,None,42.46,297,0.41,9,1,3,10,17.25,2.126,1,False
D,5047,True,None,44.43,310,0.45,14,1,3,22,23.05,2.965,1,False
D,5048,True,None,55.81,423,0.62,52,77,49,1395,29.33,6.439,5,False
D,5049,True,None,39.46,276,0.45,11,0,0,0,11.86,2.101,0,False
D,5050,True,None,38.4,268,0.47,7,0,0,0,10.93,2.025,0,False
D,5051,True,None,43.94,307,0.47,8,3,5,11,15.61,2.11,1,False
D,5052,True,None,44.0,307,0.39,12,1,2,16,20.22,2.374,1,False
D,5053,True,None,49.61,357,0.46,24,28,20,247,38.62,2.855,4,False
D,5054,True,None,42.49,297,0.47,10,1,3,13,15.21,2.067,1,False
D,5055,True,None,38.1,267,0.4,11,0,0,0,12.8,2.437,0,False
D,5056,True,None,39.0,273,0.39,8,0,0,0,9.03,1.683,0,False
D,5057,True,None,46.04,321,0.45,14,1,5,45,21.66,3.255,1,False
D,5058,True,None,49.93,381,0.44,47,72,42,1057,17.15,3.978,4,False
D,5059,True,None,41.8,292,0.48,12,1,2,8,20.06,2.585,1,False
D,5060,True,None,46.46,332,0.49,26,20,13,129,22.19,4.026,2,False
D,5061,True,None,37.06,260,0.41,5,0,0,0,4.04,1.44,0,False
D,5062,True,None,36.18,254,0.41,4,0,0,0,5.05,1.249,0,False
D,5063,True,None,37.66,264,0.39,6,0,0,0,8.87,1.418,0,False
D,5064,True,None,38.41,269,0.41,7,0,1,6,9.9,1.881,0,False
D,5065,True,None,37.68,263,0.46,8,0,1,2,9.97,1.956,0,False
D,5066,True,None,37.81,265,0.42,9,0,0,0,10.06,1.885,0,False
D,5067,True,None,45.29,317,0.48,15,6,7,66,28.4,3.125,2,False
D,5068,True,None,40.46,283,0.49,8,0,1,4,10.97,2.046,0,False
D,5069,True,None,43.24,302,0.43,16,3,4,46,21.23,3.151,1,False
D,5070,True,None,46.46,323,0.57,12,2,5,30,28.47,3.204,2,False
D,5071,True,None,37.5,262,0.43,5,0,0,0,4.89,1.296,0,False
D,5072,True,None,36.8,258,0.41,7,0,0,0,9.81,1.864,0,False
D,5073,True,None,39.73,277,0.43,8,0,0,0,8.81,1.837,0,False
D,5074,True,None,36.35,255,0.45,6,0,0,0,5.91,1.362,0,False
D,5075,True,None,41.35,289,0.4,9,1,2,10,17.05,1.645,1,False
D,5076,True,None,61.93,513,0.53,104,175,96,5028,35.28,7.711,9,False
D,5077,True,None,39.0,272,0.47,10,0,1,7,13.93,2.422,0,False
D,5078,True,None,38.4,269,0.4,8,0,0,0,12.76,1.735,0,False
D,5079,True,None,39.0,272,0.45,12,0,0,0,17.76,2.743,0,False
D,5080,True,None,39.03,273,0.49,12,0,1,7,8.93,2.93,0,False
D,5081,True,None,36.93,258,0.38,6,0,0,0,5.89,1.302,0,False
D,5082,True,None,37.81,264,0.44,6,0,0,0,8.9,1.489,0,False
D,5083,True,None,36.18,253,0.37,2,0,0,0,2.05,0.929,0,False
D,5084,True,None,36.91,259,0.48,6,0,1,1,6.93,1.834,0,False
D,5085,True,None,45.31,316,0.52,17,0,2,11,26.66,4.222,0,False
D,5086,True,None,40.93,286,0.49,13,0,2,13,15.9,2.881,0,False
D,5087,True,None,43.18,302,0.46,9,1,2,14,16.32,2.082,1,False
D,5088,True,None,39.58,276,0.36,9,0,0,0,10.92,1.575,0,False
D,5089,True,None,38.25,268,0.4,9,0,0,0,8.83,1.899,0,False
D,5090,True,None,38.38,269,0.42,3,0,0,0,3.94,1.204,0,False
D,5091,True,None,44.59,311,0.48,14,1,3,15,23.85,3.1,1,False
D,5092,True,None,37.95,265,0.39,5,0,0,0,4.95,1.312,0,False
D,5093,True,None,39.01,272,0.43,16,0,0,0,7.92,3.067,0,False
D,5094,True,None,38.96,273,0.41,8,0,0,0,7.94,2.178,0,False
D,5095,True,None,37.53,262,0.35,8,0,0,0,8.87,1.437,0,False
D,5096,True,None,43.99,309,0.54,17,7,10,102,19.14,3.768,1,False
D,5097,True,None,36.2,254,0.42,5,0,0,0,4.99,1.452,0,False
D,5098,True,None,37.95,266,0.45,6,0,1,5,7.98,1.502,0,False
D,5099,True,None,44.73,311,0.53,12,1,2,12,17.07,2.848,1,False
D,5100,True,None,52.83,372,0.49,24,13,13,170,33.69,4.881,3,False
D,5101,True,None,37.85,265,0.49,11,0,0,0,13.93,2.293,0,False
D,5102,True,None,38.13,266,0.37,10,0,0,0,11.94,2.07,0,False
D,5103,True,None,38.83,272,0.35,9,0,1,5,11.9,1.77,0,False
D,5104,True,None,36.63,257,0.42,7,0,1,3,6.91,1.653,0,False
D,5105,True,None,37.53,263,0.5,6,0,0,0,6.95,1.605,0,False
D,5106,True,None,40.46,284,0.46,12,3,3,14,13.45,2.546,1,False
D,5107,True,None,38.1,267,0.49,7,0,0,0,6.99,1.802,0,False
D,5108,True,None,37.8,264,0.29,5,0,0,0,3.99,1.002,0,False
D,5109,True,None,38.55,269,0.41,9,0,1,1,12.86,2.031,0,False
D,5110,True,None,38.41,269,0.49,12,0,2,14,16.64,3.013,0,False
D,5111,True,None,43.08,303,0.46,12,5,4,37,19.09,2.587,1,False
D,5112,True,None,38.11,266,0.41,8,0,0,0,10.77,1.694,0,False
D,5113,True,None,39.28,275,0.46,7,0,0,0,8.94,1.677,0,False
D,5114,True,None,38.4,269,0.39,8,0,0,0,9.88,1.616,0,False
D,5115,True,None,37.71,263,0.49,11,0,0,0,15.8,2.693,0,False
D,5116,True,None,38.15,266,0.48,9,0,0,0,10.85,2.381,0,False
D,5117,True,None,38.56,269,0.43,11,0,0,0,16.76,2.213,0,False
D,5118,True,None,42.11,294,0.42,12,1,2,18,16.19,2.329,1,False
D,5119,True,None,41.76,291,0.44,9,1,4,14,16.25,2.16,1,False
D,5120,True,None,44.69,318,0.53,18,16,10,86,16.29,3.085,2,False
D,5121,True,None,40.75,285,0.41,8,1,3,7,13.26,1.895,1,False
D,5122,True,None,40.3,282,0.41,8,0,1,3,12.87,1.775,0,False
D,5123,True,None,43.98,309,0.44,15,5,8,34,21.2,3.164,1,False
D,5124,True,None,50.71,375,0.53,40,48,29,670,33.28,5.746,4,False
D,5125,True,None,37.66,263,0.47,7,0,1,4,8.93,1.638,0,False
D,5126,True,None,38.23,267,0.31,5,0,0,0,4.99,1.153,0,False
D,5127,True,None,38.1,266,0.46,9,0,0,0,10.86,2.045,0,False
D,5128,True,None,40.9,287,0.4,11,3,3,8,19.98,2.206,1,False
D,5129,True,None,39.0,273,0.54,12,0,1,5,14.81,3.219,0,False
D,5130,True,None,37.23,260,0.5,8,0,0,0,6.0,2.06,0,False
D,5131,True,None,43.66,314,0.49,24,22,15,230,24.91,3.797,2,False
D,5132,True,None,46.29,333,0.49,24,24,13,169,18.29,3.457,2,False
D,5133,True,None,36.63,257,0.4,6,0,0,0,6.95,1.551,0,False
D,5134,True,None,36.06,253,0.4,6,0,1,3,4.94,1.484,0,False
D,5135,True,None,48.09,346,0.4,26,23,15,168,29.37,2.939,3,False
D,5136,True,None,36.2,254,0.46,4,0,0,0,3.03,1.302,0,False
D,5137,True,None,36.78,258,0.43,8,0,0,0,10.89,1.976,0,False
D,5138,True,None,37.68,264,0.41,9,0,0,0,9.83,2.019,0,False
D,5139,True,None,40.01,280,0.42,10,0,0,0,12.05,2.263,0,False
D,5140,True,None,42.7,298,0.5,17,3,6,60,22.06,3.496,1,False
D,5141,True,None,43.28,302,0.5,14,1,4,43,25.06,3.194,1,False
D,5142,True,None,37.83,264,0.45,6,0,0,0,6.92,1.719,0,False
D,5143,True,None,36.78,258,0.5,8,0,0,0,8.03,2.147,0,False
D,5144,True,None,38.11,267,0.51,8,0,1,3,7.91,2.186,0,False
D,5145,True,None,48.76,361,0.49,35,46,27,400,27.37,3.056,4,False
D,5146,True,None,52.31,420,0.5,77,120,68,2747,24.11,8.01,6,False
D,5147,True,None,49.96,379,0.46,45,66,39,974,25.02,5.253,4,False
D,5148,True,None,39.01,273,0.49,9,0,0,0,11.8,2.446,0,False
D,5149,True,None,43.86,307,0.43,17,3,6,55,22.11,3.625,1,False
D,5150,True,None,35.76,251,0.41,6,0,0,0,6.87,1.394,0,False
D,5151,True,None,40.6,284,0.5,9,0,1,5,10.01,2.311,0,False
D,5152,True,None,39.26,274,0.45,7,0,0,0,10.17,1.936,0,False
D,5153,True,None,46.89,328,0.43,11,4,7,38,25.35,2.235,2,False
D,5154,True,None,38.11,266,0.41,11,0,0,0,9.86,2.122,0,False
D,5155,True,None,36.8,258,0.44,9,0,0,0,9.78,1.834,0,False
D,5156,True,None,39.01,272,0.48,10,0,1,3,10.83,2.338,0,False
D,5157,True,None,38.68,270,0.36,7,0,0,0,7.88,1.509,0,False
D,5158,True,None,40.45,283,0.53,9,1,1,6,15.23,1.975,1,False
D,5159,True,None,37.65,264,0.46,5,0,0,0,3.96,1.429,0,False
D,5160,True,None,40.43,282,0.46,7,1,2,4,14.19,1.845,1,False
D,5161,True,None,51.28,380,0.47,39,50,29,522,28.34,3.544,4,False
D,5162,True,None,40.03,279,0.34,9,0,0,0,11.88,1.718,0,False
D,5163,True,None,42.64,298,0.5,7,1,2,6,15.17,1.897,1,False
D,5164,True,None,37.51,263,0.41,8,0,1,5,12.79,1.848,0,False
D,5165,True,None,38.43,269,0.41,9,0,1,7,8.9,1.847,0,False
D,5166,True,None,42.85,299,0.44,14,1,3,11,23.16,3.056,1,False
D,5167,True,None,37.55,263,0.43,11,0,0,0,9.85,2.132,0,False
D,5168,True,None,37.1,259,0.44,8,0,0,0,7.87,1.908,0,False
D,5169,True,None,57.17,418,0.45,46,47,34,933,49.08,7.86,5,False
D,5170,True,None,36.18,253,0.39,5,0,0,0,3.01,1.384,0,False
D,5171,True,None,45.56,328,0.37,20,24,15,177,19.06,2.028,2,False
D,5172,True,None,40.46,283,0.54,15,0,1,5,21.84,3.832,0,False
D,5173,True,None,42.7,297,0.47,15,1,5,56,27.03,2.863,1,False
D,5174,True,None,38.83,271,0.44,8,0,0,0,8.92,1.828,0,False
D,5175,True,None,37.35,261,0.39,3,0,0,0,1.96,1.027,0,False
D,5176,True,None,36.65,256,0.41,6,0,0,0,6.99,1.406,0,False
D,5177,True,None,39.28,275,0.43,9,0,2,11,12.87,2.04,0,False
D,5178,True,None,36.35,255,0.4,5,0,0,0,4.97,1.301,0,False
D,5179,True,None,48.96,363,0.39,35,47,25,388,27.25,2.797,3,False
D,5180,True,None,38.38,269,0.45,5,0,0,0,3.9,1.238,0,False
D,5181,True,None,38.13,267,0.5,8,0,1,2,9.99,1.959,0,False
D,5182,True,None,41.03,287,0.47,11,0,0,0,13.83,2.583,0,False
D,5183,True,None,37.55,262,0.37,8,0,0,0,9.89,1.871,0,False
D,5184,True,None,38.81,271,0.4,5,0,1,4,6.93,1.409,0,False
D,5185,True,None,43.56,304,0.45,13,1,2,16,25.06,2.632,1,False
D,5186,True,None,37.63,263,0.37,3,0,0,0,2.95,0.979,0,False
D,5187,True,None,37.08,259,0.43,7,0,0,0,8.0,1.701,0,False
D,5188,True,None,37.96,266,0.41,10,0,1,7,9.98,2.202,0,False
D,5189,True,None,39.13,274,0.55,7,0,1,1,9.86,2.265,0,False
D,5190,True,None,43.22,302,0.41,9,1,2,13,16.73,2.204,1,False
D,5191,True,None,41.65,290,0.44,12,1,2,6,24.04,2.734,1,False
D,5192,True,None,39.28,274,0.42,9,0,0,0,13.87,1.829,0,False
D,5193,True,None,42.81,299,0.41,10,1,4,24,16.23,2.268,1,False
D,5194,True,None,38.1,266,0.5,7,0,0,0,9.89,2.017,0,False
D,5195,True,None,36.38,254,0.43,11,0,0,0,5.93,2.155,0,False
D,5196,True,None,38.86,271,0.42,10,0,1,3,13.88,2.137,0,False
D,5197,True,None,51.31,365,0.51,26,19,15,137,34.01,3.812,3,False
D,5198,True,None,40.03,280,0.46,7,0,0,0,7.99,1.829,0,False
D,5199,True,None,36.5,256,0.42,6,0,0,0,6.9,1.483,0,False
D,5200,True,None,40.0,279,0.4,6,0,0,0,8.87,1.5,0,False
D,5201,True,None,41.91,293,0.38,10,1,2,10,16.14,2.044,1,False
D,5202,True,None,37.53,262,0.56,8,0,2,8,10.0,2.397,0,False
D,5203,True,None,38.41,269,0.44,9,0,1,6,10.86,2.045,0,False
D,5204,True,None,36.35,255,0.35,6,0,0,0,4.95,1.328,0,False
D,5205,True,None,41.68,291,0.53,14,1,2,22,17.15,2.947,1,False
D,5206,True,None,57.89,437,0.53,54,76,45,1124,34.99,5.092,6,False
D,5207,True,None,42.55,297,0.38,14,1,5,51,21.07,2.601,1,False
D,5208,True,None,35.9,252,0.35,5,0,0,0,5.98,1.344,0,False
D,5209,True,None,38.28,267,0.45,12,0,0,0,13.84,2.296,0,False
D,5210,True,None,37.21,260,0.49,4,0,0,0,2.99,1.285,0,False
D,5211,True,None,43.5,305,0.45,13,5,3,21,19.13,2.18,1,False
D,5212,True,None,39.43,277,0.41,11,3,4,34,17.08,2.238,1,False
D,5213,True,None,36.96,259,0.37,9,0,0,0,6.92,1.786,0,False
D,5214,True,None,55.66,419,0.53,53,71,40,994,32.71,5.347,5,False
D,5215,True,None,37.81,264,0.39,11,0,0,0,9.85,1.919,0,False
D,5216,True,None,37.38,262,0.36,6,0,0,0,6.9,1.335,0,False
D,5217,True,None,50.43,385,0.49,50,75,45,1114,26.5,4.039,5,False
D,5218,True,None,61.46,497,0.5,89,151,86,3798,33.72,5.034,9,False
D,5219,True,None,37.23,260,0.43,7,0,0,0,9.84,1.73,0,False
D,5220,True,None,38.28,268,0.5,10,0,1,8,15.77,2.418,0,False
D,5221,True,None,39.13,274,0.47,8,0,0,0,10.92,2.137,0,False
D,5222,True,None,42.1,294,0.41,10,1,3,15,15.6,1.958,1,False
D,5223,True,None,42.81,299,0.45,10,1,5,23,15.25,2.402,1,False
D,5224,True,None,40.16,280,0.46,8,0,1,1,12.87,1.688,0,False
D,5225,True,None,36.66,257,0.4,10,0,1,4,11.84,2.117,0,False
D,5226,True,None,52.04,370,0.57,21,18,18,146,29.93,3.897,4,False
D,5227,True,None,38.0,265,0.48,11,0,0,0,12.87,2.555,0,False
D,5228,True,None,46.16,334,0.47,28,26,16,311,22.1,5.059,2,False
D,5229,True,None,39.86,278,0.4,9,0,1,3,16.84,2.082,0,False
D,5230,True,None,37.96,265,0.47,8,0,0,0,9.81,2.162,0,False
D,5231,True,None,38.28,268,0.34,13,0,1,8,12.84,2.133,0,False
D,5232,True,None,38.71,271,0.47,8,0,0,0,10.82,1.91,0,False
D,5233,True,None,38.98,272,0.39,7,0,2,9,8.96,1.816,0,False
D,5234,True,None,38.11,267,0.45,8,0,1,2,10.86,1.975,0,False
D,5235,True,None,42.68,298,0.41,11,1,4,19,16.16,1.906,1,False
D,5236,True,None,37.1,260,0.43,9,0,0,0,7.88,1.857,0,False
D,5237,True,None,38.13,267,0.42,11,0,0,0,9.87,2.142,0,False
D,5238,True,None,37.81,265,0.37,6,0,0,0,4.96,1.416,0,False
D,5239,True,None,37.98,266,0.49,11,0,0,0,12.95,2.65,0,False
D,5240,True,None,56.05,426,0.48,55,78,45,1275,39.07,5.621,6,False
D,5241,True,None,37.26,260,0.5,11,0,1,7,9.9,2.836,0,False
D,5242,True,None,37.66,264,0.4,9,0,0,0,8.95,1.707,0,False
D,5243,True,None,37.66,264,0.44,6,0,0,0,7.01,1.504,0,False
D,5244,True,None,39.6,276,0.52,11,0,1,8,15.73,2.434,0,False
D,5245,True,None,42.04,294,0.46,10,1,2,12,20.01,2.025,1,False
D,5246,True,None,37.08,259,0.46,7,0,0,0,7.95,1.925,0,False
D,5247,True,None,44.58,311,0.53,14,1,2,20,23.11,3.08,1,False
D,5248,True,None,39.01,273,0.46,11,0,1,7,14.97,2.449,0,False
D,5249,True,None,37.53,263,0.46,10,0,0,0,9.91,2.378,0,False
D,5250,True,None,36.63,257,0.37,8,0,0,0,11.77,1.526,0,False
D,5251,True,None,38.0,265,0.41,9,0,0,0,10.86,1.955,0,False
D,5252,True,None,37.98,265,0.49,7,0,0,0,7.94,2.06,0,False
D,5253,True,None,79.14,660,0.58,140,240,149,10138,53.79,11.648,14,False
D,5254,True,None,49.51,366,0.46,36,45,25,450,22.31,3.482,3,False
D,5255,True,None,49.86,355,0.42,23,20,14,108,23.5,2.998,2,False
D,5256,True,None,37.08,260,0.37,7,0,0,0,5.94,1.457,0,False
D,5257,True,None,38.38,268,0.37,6,0,0,0,7.91,1.669,0,False
D,5258,True,None,39.28,275,0.5,11,0,3,7,10.9,2.644,0,False
D,5259,True,None,40.75,284,0.47,12,0,3,25,17.8,2.945,0,False
D,5260,True,None,37.83,265,0.52,11,0,1,3,12.83,2.431,0,False
D,5261,True,None,38.51,269,0.39,6,0,0,0,4.99,1.296,0,False
D,5262,True,None,44.56,311,0.49,16,2,5,31,29.33,3.44,2,False
D,5263,True,None,40.16,280,0.43,10,0,1,5,11.95,2.329,0,False
D,5264,True,None,36.8,257,0.36,8,0,1,6,8.94,1.792,0,False
D,5265,True,None,38.55,270,0.33,5,0,0,0,6.89,1.086,0,False
D,5266,False,Timeout,110.22,1000,0.68,293,520,314,44462,102.15,38.861,28,False
D,5267,True,None,38.55,270,0.45,8,0,0,0,9.88,2.085,0,False
D,5268,True,None,36.2,253,0.45,4,0,0,0,2.96,1.456,0,False
D,5269,True,None,37.38,262,0.46,8,0,1,6,7.98,1.875,0,False
D,5270,True,None,44.88,313,0.43,14,1,4,26,24.01,2.751,1,False
D,5271,True,None,45.46,316,0.39,16,2,5,51,27.45,3.387,2,False
D,5272,True,None,42.38,295,0.44,14,1,3,8,18.12,2.844,1,False
D,5273,True,None,39.18,274,0.57,13,0,0,0,16.77,3.384,0,False
D,5274,True,None,38.86,271,0.49,11,0,1,9,13.92,2.324,0,False
D,5275,True,None,36.76,257,0.43,7,0,0,0,6.94,1.627,0,False
D,5276,True,None,42.91,300,0.52,8,1,3,8,19.21,2.136,1,False
D,5277,True,None,38.56,270,0.54,10,0,0,0,9.98,2.59,0,False
D,5278,True,None,43.53,304,0.49,11,1,2,6,19.23,2.448,1,False
D,5279,True,None,36.51,255,0.45,8,0,0,0,7.89,1.982,0,False
D,5280,True,None,37.4,261,0.39,8,0,0,0,10.9,1.631,0,False
D,5281,True,None,38.71,271,0.45,11,0,0,0,11.88,2.348,0,False
D,5282,True,None,37.65,264,0.39,5,0,0,0,7.01,1.446,0,False
D,5283,True,None,38.56,270,0.41,11,0,2,9,10.83,2.449,0,False
D,5284,True,None,42.76,300,0.43,9,3,3,18,14.13,1.919,1,False
D,5285,True,None,45.59,319,0.51,18,4,4,43,30.37,3.353,2,False
D,5286,True,None,36.78,257,0.44,7,0,0,0,5.87,1.882,0,False
D,5287,True,None,46.01,322,0.39,15,6,9,78,31.22,2.782,2,False
D,5288,True,None,39.43,276,0.43,10,0,1,1,9.9,2.013,0,False
D,5289,True,None,38.26,268,0.4,10,0,1,1,14.75,2.213,0,False
D,5290,True,None,47.34,330,0.45,14,2,6,31,30.22,3.007,2,False
D,5291,True,None,45.29,316,0.4,11,1,2,4,21.17,2.502,1,False
D,5292,True,None,36.38,255,0.41,9,0,1,7,7.9,1.809,0,False
D,5293,True,None,44.13,307,0.45,14,1,1,8,19.75,2.647,1,False
D,5294,True,None,49.98,347,0.44,14,2,3,30,32.38,2.822,2,False
D,5295,True,None,37.38,262,0.39,8,0,0,0,4.94,1.583,0,False
D,5296,True,None,37.96,266,0.6,8,0,0,0,7.92,2.505,0,False
D,5297,True,None,36.48,256,0.39,5,0,0,0,5.94,1.418,0,False
D,5298,True,None,37.25,261,0.47,8,0,0,0,8.87,2.031,0,False
D,5299,True,None,38.11,266,0.41,6,0,0,0,5.92,1.787,0,False
D,5300,True,None,39.11,274,0.55,7,0,0,0,9.06,2.148,0,False
D,5301,True,None,41.63,291,0.46,8,1,1,2,15.3,1.79,1,False
D,5302,True,None,38.98,273,0.43,9,0,1,8,11.82,2.15,0,False
D,5303,True,None,37.7,264,0.46,14,0,1,11,14.9,2.823,0,False
D,5304,True,None,38.38,268,0.34,5,0,1,4,8.88,1.426,0,False
D,5305,True,None,37.23,261,0.43,8,0,0,0,10.97,1.81,0,False
D,5306,True,None,41.89,295,0.43,16,7,7,27,19.09,2.682,1,False
D,5307,True,None,38.56,270,0.43,10,0,0,0,11.78,1.976,0,False
D,5308,True,None,46.74,326,0.46,12,4,6,57,21.55,2.501,2,False
D,5309,True,None,42.18,296,0.48,14,3,5,52,22.08,3.201,1,False
D,5310,True,None,43.23,302,0.47,11,1,4,22,20.18,2.48,1,False
D,5311,True,None,41.48,290,0.46,8,1,2,12,16.17,1.594,1,False
D,5312,True,None,36.51,255,0.53,10,0,1,5,10.9,2.493,0,False
D,5313,True,None,38.58,270,0.37,8,0,0,0,7.95,1.6,0,False
D,5314,True,None,36.95,258,0.43,8,0,0,0,6.9,1.853,0,False
D,5315,True,None,49.13,343,0.41,15,4,4,35,28.35,2.548,2,False
D,5316,True,None,40.18,281,0.44,10,1,2,12,16.21,2.257,1,False
D,5317,True,None,37.58,262,0.48,11,0,1,3,12.97,2.465,0,False
D,5318,True,None,38.25,267,0.48,8,0,0,0,9.93,2.045,0,False
D,5319,True,None,37.66,263,0.41,9,0,0,0,9.92,1.784,0,False
D,5320,True,None,39.15,274,0.39,7,0,0,0,7.96,1.542,0,False
D,5321,True,None,38.61,269,0.51,13,0,2,7,15.83,2.86,0,False
D,5322,True,None,45.54,331,0.41,22,28,17,174,15.32,2.287,2,False
D,5323,True,None,40.03,279,0.44,9,0,0,0,9.89,2.081,0,False
D,5324,True,None,58.7,444,0.56,54,80,54,1289,41.09,5.181,6,False
D,5325,True,None,40.16,280,0.49,11,0,1,3,12.77,2.738,0,False
D,5326,True,None,47.21,331,0.43,19,5,5,62,26.09,3.629,1,False
D,5327,True,None,42.81,299,0.55,16,3,4,34,23.27,3.646,1,False
D,5328,True,None,42.1,294,0.52,14,0,3,22,18.83,3.909,0,False
D,5329,True,None,38.26,268,0.41,10,0,1,6,7.94,1.887,0,False
D,5330,True,None,48.36,355,0.44,32,39,23,318,23.2,2.913,3,False
D,5331,True,None,38.43,268,0.38,12,0,0,0,9.94,2.02,0,False
D,5332,True,None,62.56,492,0.65,85,126,73,3214,43.66,10.506,8,False
D,5333,True,None,42.18,295,0.45,9,1,1,4,16.12,2.103,1,False
D,5334,True,None,39.6,277,0.45,11,0,0,0,17.85,2.538,0,False
D,5335,True,None,37.4,261,0.35,8,0,0,0,9.79,1.475,0,False
D,5336,True,None,37.55,263,0.44,10,0,2,10,10.9,2.002,0,False
D,5337,True,None,56.54,453,0.55,79,127,72,2835,33.36,5.386,7,False
D,5338,True,None,37.95,265,0.47,7,0,0,0,8.98,1.888,0,False
D,5339,True,None,41.2,287,0.45,11,0,2,11,12.93,2.733,0,False
D,5340,True,None,40.58,284,0.44,7,0,2,6,12.08,2.064,0,False
D,5341,True,None,39.01,272,0.46,8,0,1,7,15.71,2.298,0,False
D,5342,True,None,41.59,290,0.42,8,1,2,8,15.24,1.924,1,False
D,5343,True,None,41.2,287,0.34,11,1,2,16,20.09,1.782,1,False
D,5344,True,None,36.8,258,0.42,7,0,0,0,5.91,1.44,0,False
D,5345,True,None,37.81,265,0.4,6,0,1,3,3.92,1.445,0,False
D,5346,True,None,41.16,288,0.47,8,0,1,2,14.09,1.945,0,False
D,5347,True,None,44.68,311,0.51,11,1,3,18,22.99,2.835,1,False
D,5348,True,None,37.25,261,0.48,8,0,0,0,9.85,1.874,0,False
D,5349,True,None,49.11,342,0.48,13,2,2,14,31.38,3.067,2,False
D,5350,True,None,55.93,424,0.49,49,76,48,1230,34.62,4.283,6,False
D,5351,True,None,49.5,347,0.42,18,6,6,61,22.94,3.592,2,False
D,5352,True,None,41.01,287,0.4,8,1,3,16,15.39,1.956,1,False
D,5353,True,None,37.65,264,0.44,6,0,0,0,6.08,1.516,0,False
D,5354,True,None,44.86,312,0.41,11,1,2,3,16.57,2.366,1,False
D,5355,True,None,38.7,271,0.4,7,0,1,5,8.94,1.556,0,False
D,5356,True,None,45.74,318,0.48,11,1,3,5,21.13,2.538,1,False
D,5357,True,None,49.7,348,0.42,17,6,10,53,28.98,3.408,2,False
D,5358,True,None,44.84,312,0.37,9,1,2,10,18.35,1.818,1,False
D,5359,True,None,39.0,272,0.46,10,0,1,8,12.82,2.822,0,False
D,5360,True,None,37.66,263,0.49,6,0,0,0,6.9,1.673,0,False
D,5361,True,None,36.36,255,0.36,8,0,0,0,6.95,1.542,0,False
D,5362,True,None,36.08,253,0.39,9,0,0,0,9.83,2.064,0,False
D,5363,True,None,40.9,285,0.43,11,1,2,6,16.18,2.213,1,False
D,5364,True,None,44.24,311,0.45,15,5,11,122,22.11,3.71,1,False
D,5365,True,None,37.23,261,0.42,5,0,0,0,5.93,1.442,0,False
D,5366,True,None,49.39,346,0.49,18,6,7,70,37.19,3.8,2,False
D,5367,True,None,63.77,501,0.62,78,126,88,3609,32.31,8.969,8,False
D,5368,True,None,42.19,295,0.48,12,1,2,13,17.23,2.58,1,False
D,5369,True,None,39.41,276,0.45,9,0,1,5,10.89,2.1,0,False
D,5370,True,None,37.21,260,0.37,5,0,0,0,5.9,1.195,0,False
D,5371,True,None,38.15,266,0.46,12,0,0,0,13.86,2.472,0,False
D,5372,True,None,40.3,281,0.32,8,0,0,0,10.82,1.294,0,False
D,5373,True,None,40.33,282,0.39,14,0,2,6,15.87,2.621,0,False
D,5374,True,None,39.6,276,0.43,8,0,0,0,12.85,2.004,0,False
D,5375,True,None,42.63,298,0.44,12,1,3,15,21.14,2.326,1,False
D,5376,True,None,45.13,314,0.52,11,2,3,18,24.42,2.597,2,False
D,5377,True,None,38.4,269,0.5,7,0,1,5,5.98,1.954,0,False
D,5378,True,None,43.84,305,0.43,16,1,3,13,22.08,3.456,1,False
D,5379,True,None,41.78,292,0.45,8,1,4,10,14.23,2.301,1,False
D,5380,True,None,37.7,264,0.48,11,0,1,3,10.92,2.685,0,False
D,5381,True,None,38.68,270,0.46,7,0,0,0,8.93,1.824,0,False
D,5382,True,None,38.4,268,0.39,7,0,0,0,8.9,1.679,0,False
D,5383,True,None,38.66,271,0.41,6,0,0,0,6.93,1.467,0,False
D,5384,True,None,46.05,321,0.53,13,1,4,17,19.96,3.361,1,False
D,5385,True,None,38.73,271,0.5,11,0,1,5,9.93,2.728,0,False
D,5386,True,None,38.68,271,0.39,5,0,0,0,5.05,1.407,0,False
D,5387,True,None,48.19,337,0.4,17,4,4,37,33.17,2.86,2,False
D,5388,True,None,37.5,263,0.49,9,0,0,0,8.0,1.976,0,False
D,5389,True,None,37.66,264,0.48,7,0,0,0,10.81,1.628,0,False
D,5390,True,None,44.85,312,0.38,16,1,5,23,16.7,2.724,1,False
D,5391,True,None,37.26,261,0.43,11,0,0,0,10.85,2.164,0,False
D,5392,True,None,35.78,251,0.46,7,0,0,0,7.01,1.841,0,False
D,5393,True,None,37.11,260,0.35,9,0,0,0,10.87,1.741,0,False
D,5394,True,None,41.92,292,0.49,9,1,2,6,15.38,2.062,1,False
D,5395,True,None,43.98,307,0.48,10,1,2,7,18.29,2.311,1,False
D,5396,True,None,38.71,270,0.49,11,0,1,8,10.92,2.578,0,False
D,5397,True,None,37.11,260,0.42,8,0,0,0,10.88,1.835,0,False
D,5398,True,None,39.71,278,0.43,13,1,2,20,17.19,2.483,1,False
D,5399,True,None,41.18,287,0.5,13,1,3,17,21.15,2.883,1,False
D,5400,True,None,36.48,256,0.43,6,0,0,0,4.9,1.563,0,False
D,5401,True,None,39.41,276,0.34,7,0,1,3,9.81,1.531,0,False
D,5402,True,None,39.7,277,0.42,7,0,0,0,9.83,1.611,0,False
D,5403,True,None,36.93,259,0.38,6,0,0,0,5.0,1.49,0,False
D,5404,True,None,49.44,354,0.58,28,23,16,249,30.26,4.572,3,False
D,5405,True,None,43.66,304,0.48,13,1,1,7,19.22,2.508,1,False
D,5406,True,None,36.51,256,0.39,9,0,0,0,8.96,1.671,0,False
D,5407,True,None,41.01,286,0.41,8,1,2,6,11.57,1.817,1,False
D,5408,True,None,41.16,290,0.44,10,5,5,33,12.26,2.067,1,False
D,5409,True,None,39.73,277,0.53,10,0,0,0,12.81,2.446,0,False
D,5410,True,None,38.85,271,0.42,8,0,0,0,10.84,1.782,0,False
D,5411,True,None,42.78,298,0.41,11,1,2,14,20.07,2.336,1,False
D,5412,True,None,37.36,261,0.4,6,0,0,0,6.86,1.336,0,False
D,5413,True,None,45.15,314,0.4,14,1,3,4,24.66,2.737,1,False
D,5414,True,None,37.06,260,0.4,7,0,0,0,4.98,1.651,0,False
D,5415,True,None,39.6,277,0.48,11,0,1,5,11.93,2.81,0,False
D,5416,True,None,38.28,267,0.45,13,0,2,13,11.99,2.835,0,False
D,5417,True,None,50.06,370,0.46,33,48,30,448,23.41,2.812,4,False
D,5418,True,None,41.23,288,0.5,13,1,2,14,18.09,2.745,1,False
D,5419,True,None,39.71,278,0.48,8,0,1,4,11.82,2.236,0,False
D,5420,True,None,44.16,308,0.47,12,1,3,9,21.17,3.318,1,False
D,5421,True,None,39.61,276,0.4,16,0,2,23,16.74,3.005,0,False
D,5422,True,None,40.03,280,0.42,11,0,0,0,13.8,2.14,0,False
D,5423,True,None,57.86,448,0.5,65,99,57,1990,36.65,5.911,7,False
D,5424,True,None,38.81,272,0.38,9,0,0,0,11.83,1.686,0,False
D,5425,True,None,51.27,364,0.48,24,17,15,195,28.46,4.306,3,False
D,5426,True,None,38.71,270,0.4,9,0,1,6,10.93,2.126,0,False
D,5427,True,None,43.65,305,0.45,12,1,3,7,19.76,2.485,1,False
D,5428,True,None,39.15,273,0.44,13,0,0,0,12.85,2.51,0,False
D,5429,True,None,36.63,257,0.44,6,0,1,4,4.02,1.485,0,False
D,5430,True,None,37.23,261,0.41,4,0,0,0,4.96,1.244,0,False
D,5431,True,None,40.58,284,0.42,8,1,2,10,14.21,2.11,1,False
D,5432,True,None,39.16,274,0.37,9,0,1,6,11.97,2.077,0,False
D,5433,True,None,42.78,300,0.43,10,3,3,20,20.2,2.136,1,False
D,5434,True,None,48.03,346,0.41,25,27,17,168,28.25,2.559,3,False
D,5435,True,None,37.55,262,0.47,9,0,0,0,8.91,2.311,0,False
D,5436,True,None,38.1,266,0.3,8,0,2,6,11.99,1.519,0,False
D,5437,True,None,36.53,256,0.4,8,0,0,0,7.97,1.763,0,False
D,5438,True,None,39.11,274,0.38,8,0,0,0,9.9,1.661,0,False
D,5439,True,None,42.53,299,0.47,15,5,9,41,18.21,2.902,1,False
D,5440,True,None,38.4,269,0.39,9,0,1,5,9.02,1.836,0,False
D,5441,True,None,38.66,270,0.38,6,0,0,0,8.84,1.38,0,False
D,5442,True,None,56.86,405,0.45,28,25,21,359,46.88,5.172,5,False
D,5443,True,None,39.11,273,0.44,6,0,0,0,8.83,1.558,0,False
D,5444,True,None,37.83,264,0.51,8,0,0,0,10.81,1.918,0,False
D,5445,True,None,41.63,290,0.53,12,1,2,18,15.32,2.586,1,False
D,5446,True,None,36.93,259,0.5,7,0,0,0,6.88,1.792,0,False
D,5447,True,None,38.53,270,0.45,6,0,0,0,7.91,1.628,0,False
D,5448,True,None,48.36,345,0.41,24,21,16,221,30.23,3.424,3,False
D,5449,True,None,48.03,358,0.5,37,50,31,644,24.64,3.611,4,False
D,5450,True,None,42.1,293,0.44,12,1,3,23,18.55,2.753,1,False
D,5451,True,None,40.33,282,0.51,13,0,2,13,17.81,2.899,0,False
D,5452,True,None,44.99,313,0.41,12,1,1,6,20.15,2.051,1,False
D,5453,True,None,37.25,261,0.4,7,0,0,0,9.87,1.654,0,False
D,5454,True,None,38.7,270,0.5,11,0,0,0,11.89,2.405,0,False
D,5455,True,None,36.2,253,0.48,5,0,0,0,5.95,1.571,0,False
D,5456,True,None,39.01,273,0.46,9,0,0,0,9.98,1.95,0,False
D,5457,True,None,46.33,335,0.52,26,26,16,211,16.12,3.383,2,False
D,5458,True,None,37.96,266,0.39,10,0,0,0,7.95,1.877,0,False
D,5459,True,None,38.4,269,0.38,4,0,0,0,7.83,1.229,0,False
D,5460,True,None,39.3,275,0.43,8,0,0,0,12.81,1.738,0,False
D,5461,True,None,42.83,302,0.41,14,7,7,62,22.94,2.891,1,False
D,5462,True,None,41.2,288,0.37,10,1,1,8,20.05,1.844,1,False
D,5463,True,None,41.76,291,0.53,13,0,1,9,15.88,3.067,0,False
D,5464,True,None,38.68,270,0.38,6,0,0,0,5.05,1.494,0,False
D,5465,True,None,39.58,276,0.49,7,0,1,5,9.98,2.564,0,False
D,5466,True,None,38.71,271,0.46,10,0,1,2,10.83,2.16,0,False
D,5467,True,None,37.4,261,0.59,10,0,0,0,8.0,2.66,0,False
D,5468,True,None,38.7,271,0.47,7,0,0,0,7.99,1.95,0,False
D,5469,True,None,35.75,250,0.37,5,0,0,0,5.94,1.221,0,False
D,5470,True,None,40.88,286,0.44,7,1,2,6,17.06,1.565,1,False
D,5471,True,None,39.01,273,0.41,11,0,0,0,15.75,2.191,0,False
D,5472,True,None,37.98,265,0.4,8,0,0,0,9.9,1.708,0,False
D,5473,True,None,52.31,370,0.48,19,14,16,197,24.16,4.141,2,False
D,5474,True,None,39.41,276,0.4,11,0,0,0,9.88,2.105,0,False
D,5475,True,None,39.78,278,0.5,15,0,1,3,13.77,3.522,0,False
D,5476,True,None,57.24,436,0.44,51,83,53,1279,35.02,3.849,7,False
D,5477,True,None,36.81,258,0.45,10,0,0,0,8.87,2.099,0,False
D,5478,True,None,48.24,344,0.4,25,18,14,176,25.09,4.205,2,False
D,5479,True,None,39.58,277,0.42,11,0,1,3,15.76,2.104,0,False
D,5480,True,None,36.48,256,0.42,3,0,0,0,1.96,1.17,0,False
D,5481,True,None,42.23,295,0.45,12,1,3,26,17.31,2.29,1,False
D,5482,True,None,57.89,424,0.52,41,49,28,487,41.96,4.715,5,False
D,5483,True,None,48.04,356,0.43,36,48,29,601,24.58,3.585,4,False
D,5484,True,None,73.06,616,0.73,137,232,137,9606,48.92,13.916,12,False
D,5485,True,None,40.48,283,0.51,14,0,0,0,14.83,3.392,0,False
D,5486,True,None,49.88,353,0.44,21,15,12,170,33.32,3.598,3,False
D,5487,True,None,41.65,290,0.47,15,0,1,2,14.95,2.944,0,False
D,5488,True,None,38.41,269,0.36,11,0,0,0,11.94,1.971,0,False
D,5489,True,None,54.25,398,0.56,43,46,26,534,39.45,5.055,4,False
D,5490,True,None,38.55,269,0.46,8,0,1,6,8.97,1.832,0,False
D,5491,True,None,36.36,255,0.35,10,0,0,0,6.89,1.666,0,False
D,5492,True,None,40.43,283,0.33,8,0,1,4,8.89,1.731,0,False
D,5493,True,None,54.03,395,0.51,38,44,28,610,31.79,5.648,4,False
D,5494,True,None,42.04,294,0.46,10,1,2,6,17.24,2.39,1,False
D,5495,True,None,41.59,291,0.47,8,3,5,24,12.34,2.298,1,False
D,5496,True,None,44.88,317,0.46,17,9,8,65,19.31,3.068,1,False
D,5497,True,None,47.63,333,0.39,14,6,7,48,20.73,2.65,2,False
D,5498,True,None,41.59,291,0.47,10,1,1,5,22.02,1.92,1,False
D,5499,True,None,57.26,433,0.48,56,78,50,1513,37.58,6.983,6,False
E,5000,True,None,38.85,272,0.443,7,0,0,0,6.98,2.417,0,False
E,5001,True,None,39.01,272,0.521,14,0,0,0,11.95,4.896,0,False
E,5002,True,None,43.09,300,0.379,12,1,3,9,18.34,3.414,1,False
E,5003,True,None,39.0,272,0.443,9,0,1,6,11.81,2.775,0,False
E,5004,True,None,38.1,266,0.393,9,0,0,0,6.95,2.587,0,False
E,5005,True,None,42.86,299,0.486,22,1,2,34,27.04,5.577,1,False
E,5006,True,None,37.25,261,0.443,11,0,0,0,12.97,3.058,0,False
E,5007,True,None,42.64,297,0.393,9,1,2,7,20.24,2.684,1,False
E,5008,True,None,42.79,298,0.4,9,1,2,13,15.19,2.427,1,False
E,5009,True,None,40.73,285,0.414,9,1,2,14,17.14,2.902,1,False
E,5010,True,None,44.39,310,0.457,10,1,2,11,17.13,3.449,1,False
E,5011,True,None,37.7,264,0.407,8,0,0,0,8.93,2.469,0,False
E,5012,True,None,37.98,266,0.479,11,0,2,8,13.91,3.421,0,False
E,5013,True,None,53.89,420,0.464,61,97,59,1984,32.88,6.768,5,False
E,5014,True,None,35.6,250,0.421,3,0,0,0,2.0,1.582,0,False
E,5015,True,None,40.6,284,0.343,12,0,0,0,11.99,2.867,0,False
E,5016,True,None,37.26,261,0.393,10,0,0,0,11.73,2.543,0,False
E,5017,True,None,50.16,351,0.414,15,6,9,81,21.57,4.501,2,False
E,5018,True,None,42.06,294,0.35,8,1,1,3,17.15,2.4,1,False
E,5019,True,None,42.93,299,0.521,8,1,2,10,15.28,2.797,1,False
E,5020,True,None,44.42,310,0.414,13,1,5,37,23.17,3.407,1,False
E,5021,True,None,45.29,316,0.443,14,4,7,44,27.45,3.676,2,False
E,5022,True,None,37.71,264,0.493,12,0,0,0,7.94,3.052,0,False
E,5023,True,None,42.81,298,0.514,14,1,3,25,23.07,4.309,1,False
E,5024,True,None,38.96,272,0.393,9,0,1,2,9.87,2.629,0,False
E,5025,True,None,37.41,262,0.479,12,0,0,0,12.89,3.934,0,False
E,5026,True,None,39.61,277,0.357,13,0,1,5,12.77,3.206,0,False
E,5027,True,None,59.33,465,0.493,76,115,68,2241,30.71,6.698,7,False
E,5028,True,None,37.08,259,0.357,7,0,0,0,8.9,1.985,0,False
E,5029,True,None,38.55,270,0.479,10,0,1,3,10.95,3.151,0,False
E,5030,True,None,39.88,278,0.464,10,0,1,5,12.76,2.991,0,False
E,5031,True,None,46.86,349,0.457,34,47,25,425,22.16,4.111,3,False
E,5032,True,None,51.14,379,0.45,43,51,33,761,30.8,7.225,3,False
E,5033,True,None,45.04,327,0.493,34,28,17,271,25.23,5.881,2,False
E,5034,True,None,50.59,372,0.464,38,43,26,576,22.01,6.627,3,False
E,5035,True,None,41.08,287,0.457,15,1,2,8,23.06,4.177,1,False
E,5036,True,None,46.76,335,0.5,26,20,18,163,26.04,5.853,2,False
E,5037,True,None,41.78,292,0.464,15,3,6,39,21.04,4.594,1,False
E,5038,True,None,42.81,307,0.364,20,18,13,174,17.12,3.862,2,False
E,5039,True,None,43.84,307,0.507,18,3,3,28,24.17,4.661,1,False
E,5040,True,None,42.19,296,0.45,11,3,3,26,19.08,3.018,1,False
E,5041,True,None,41.76,291,0.429,13,0,1,10,13.83,3.417,0,False
E,5042,True,None,47.33,351,0.379,34,47,25,475,21.98,3.651,3,False
E,5043,True,None,43.0,299,0.436,17,1,3,24,24.57,4.0,1,False
E,5044,True,None,39.13,274,0.4,10,0,0,0,13.86,2.681,0,False
E,5045,True,None,48.04,347,0.479,26,27,15,168,25.39,4.481,3,False
E,5046,True,None,38.68,271,0.45,8,0,0,0,9.85,2.783,0,False
E,5047,True,None,39.3,275,0.414,10,0,0,0,12.87,2.869,0,False
E,5048,True,None,49.34,363,0.407,32,43,25,372,18.32,3.746,3,False
E,5049,True,None,39.88,279,0.464,11,0,0,0,13.8,3.247,0,False
E,5050,True,None,38.41,268,0.4,9,0,0,0,12.87,2.676,0,False
E,5051,True,None,39.63,277,0.436,15,0,4,17,12.86,4.139,0,False
E,5052,True,None,41.8,292,0.364,10,1,2,16,18.15,2.329,1,False
E,5053,True,None,59.12,463,0.471,69,113,65,2089,41.84,5.3,7,False
E,5054,True,None,53.99,397,0.5,45,48,35,883,36.24,8.041,4,False
E,5055,True,None,42.38,295,0.436,9,1,1,7,17.12,3.03,1,False
E,5056,True,None,63.55,521,0.557,110,169,98,5000,37.33,12.693,9,False
E,5057,True,None,39.85,278,0.486,7,0,1,5,9.92,2.97,0,False
E,5058,True,None,44.11,308,0.514,13,1,6,14,23.13,4.1,1,False
E,5059,True,None,40.01,280,0.414,12,3,4,18,19.22,2.884,1,False
E,5060,True,None,40.33,282,0.493,15,0,1,12,13.82,4.052,0,False
E,5061,True,None,36.93,258,0.45,5,0,0,0,5.85,2.064,0,False
E,5062,True,None,35.75,251,0.371,4,0,0,0,3.02,1.469,0,False
E,5063,True,None,40.15,281,0.35,10,0,0,0,15.87,2.699,0,False
E,5064,True,None,38.11,267,0.4,8,0,0,0,10.93,2.578,0,False
E,5065,True,None,45.73,328,0.486,19,20,14,135,20.22,3.531,2,False
E,5066,True,None,37.23,261,0.393,6,0,0,0,5.88,2.11,0,False
E,5067,True,None,36.51,255,0.443,13,0,0,0,10.93,3.643,0,False
E,5068,True,None,45.63,327,0.436,21,20,11,88,30.94,3.313,2,False
E,5069,True,None,38.26,267,0.386,8,0,0,0,9.83,2.275,0,False
E,5070,True,None,39.58,277,0.5,10,0,0,0,11.86,3.416,0,False
E,5071,True,None,37.81,264,0.45,7,0,0,0,6.91,2.19,0,False
E,5072,True,None,37.41,262,0.443,13,0,1,12,15.81,3.503,0,False
E,5073,True,None,40.18,281,0.436,11,0,2,10,11.83,3.367,0,False
E,5074,True,None,45.76,319,0.371,14,4,5,39,23.35,3.055,2,False
E,5075,True,None,44.71,312,0.471,14,1,4,36,23.17,4.633,1,False
E,5076,True,None,38.45,269,0.464,14,0,1,8,16.82,4.172,0,False
E,5077,True,None,43.96,309,0.507,13,7,8,71,16.2,3.91,1,False
E,5078,True,None,39.16,273,0.421,10,0,0,0,13.78,2.695,0,False
E,5079,True,None,38.56,270,0.45,8,0,1,4,8.99,2.976,0,False
E,5080,True,None,39.31,275,0.386,11,0,0,0,10.86,2.882,0,False
E,5081,True,None,38.43,268,0.386,11,0,1,4,12.81,2.889,0,False
E,5082,True,None,38.3,267,0.379,12,0,1,7,13.82,2.746,0,False
E,5083,True,None,37.81,264,0.436,7,0,0,0,7.03,2.543,0,False
E,5084,True,None,45.44,318,0.536,14,4,4,29,25.52,4.597,2,False
E,5085,True,None,41.5,289,0.486,12,0,0,0,15.74,3.689,0,False
E,5086,True,None,38.41,268,0.486,12,0,0,0,8.88,3.42,0,False
E,5087,True,None,43.15,301,0.421,13,1,3,28,17.68,2.933,1,False
E,5088,True,None,41.05,287,0.4,15,0,1,11,20.84,3.478,0,False
E,5089,True,None,40.3,281,0.421,11,0,1,7,10.96,3.131,0,False
E,5090,True,None,104.76,968,0.686,282,515,286,40704,60.91,26.826,25,False
E,5091,True,None,39.15,273,0.479,10,0,0,0,10.75,2.793,0,False
E,5092,True,None,38.55,270,0.386,10,0,0,0,8.05,2.661,0,False
E,5093,True,None,43.83,305,0.457,12,1,2,4,18.21,3.732,1,False
E,5094,True,None,43.11,300,0.393,11,1,1,6,17.14,3.376,1,False
E,5095,True,None,37.21,261,0.357,4,0,0,0,3.95,1.597,0,False
E,5096,True,None,36.85,257,0.414,24,0,0,0,9.89,3.593,0,False
E,5097,True,None,36.38,255,0.414,9,0,0,0,6.97,2.897,0,False
E,5098,True,None,36.81,257,0.414,11,0,0,0,9.91,2.854,0,False
E,5099,True,None,39.15,273,0.507,12,0,1,6,13.76,3.861,0,False
E,5100,True,None,35.78,251,0.457,6,0,0,0,4.01,2.323,0,False
E,5101,True,None,39.86,278,0.464,8,0,3,6,11.02,2.868,0,False
E,5102,True,None,37.25,260,0.386,8,0,1,7,9.82,2.389,0,False
E,5103,True,None,37.53,262,0.443,8,0,0,0,9.89,2.533,0,False
E,5104,True,None,36.81,257,0.386,7,0,0,0,7.87,2.116,0,False
E,5105,True,None,42.52,297,0.521,16,1,1,9,23.08,4.202,1,False
E,5106,True,None,38.55,269,0.436,9,0,1,5,10.95,2.641,0,False
E,5107,True,None,37.96,266,0.471,9,0,1,3,8.92,2.909,0,False
E,5108,True,None,42.25,295,0.314,16,3,2,5,15.37,2.642,1,False
E,5109,True,None,37.95,265,0.429,4,0,1,1,6.87,1.779,0,False
E,5110,True,None,36.21,253,0.393,6,0,0,0,6.92,2.032,0,False
E,5111,True,None,42.63,298,0.471,11,1,4,18,20.77,3.582,1,False
E,5112,True,None,49.84,348,0.429,19,5,11,105,41.96,4.816,3,False
E,5113,True,None,40.9,286,0.414,12,0,0,0,15.76,3.114,0,False
E,5114,True,None,43.98,307,0.436,12,1,4,16,22.1,3.451,1,False
E,5115,True,None,36.38,255,0.464,12,0,0,0,12.81,3.457,0,False
E,5116,True,None,38.7,270,0.436,11,0,0,0,14.84,3.414,0,False
E,5117,True,None,39.3,275,0.457,12,0,2,6,14.89,3.873,0,False
E,5118,True,None,39.88,279,0.443,12,0,3,25,15.89,3.82,0,False
E,5119,True,None,47.36,330,0.414,13,2,4,26,27.0,3.787,2,False
E,5120,True,None,37.83,264,0.486,11,0,0,0,12.79,3.08,0,False
E,5121,True,None,47.48,330,0.464,15,2,5,44,34.26,3.919,2,False
E,5122,True,None,40.05,279,0.407,13,0,0,0,12.87,3.145,0,False
E,5123,True,None,46.83,330,0.557,24,10,13,207,28.38,7.263,2,False
E,5124,True,None,37.7,264,0.429,13,0,1,6,11.82,3.28,0,False
E,5125,True,None,40.61,284,0.493,16,3,2,23,17.17,3.733,1,False
E,5126,True,None,41.48,290,0.407,10,0,0,0,12.81,2.661,0,False
E,5127,True,None,42.85,298,0.521,19,1,1,5,17.21,5.111,1,False
E,5128,True,None,38.03,265,0.421,11,0,1,6,9.92,3.311,0,False
E,5129,True,None,44.78,311,0.486,16,2,4,25,29.96,4.837,2,False
E,5130,True,None,54.11,384,0.436,28,22,20,257,32.75,4.973,4,False
E,5131,True,None,46.54,348,0.407,32,51,32,544,20.09,2.458,3,False
E,5132,True,None,46.64,328,0.436,17,8,9,72,23.5,4.372,2,False
E,5133,True,None,37.8,265,0.393,6,0,0,0,8.85,2.317,0,False
E,5134,True,None,37.55,263,0.379,10,0,0,0,10.81,2.569,0,False
E,5135,True,None,58.74,432,0.393,44,53,37,879,45.38,7.53,5,False
E,5136,True,None,37.56,263,0.429,10,0,0,0,10.82,2.564,0,False
E,5137,True,None,41.36,288,0.393,15,1,4,41,19.2,3.65,1,False
E,5138,True,None,40.43,283,0.4,9,1,3,14,18.14,2.781,1,False
E,5139,True,None,40.45,282,0.343,9,0,0,0,13.88,2.187,0,False
E,5140,True,None,37.68,263,0.471,10,0,0,0,10.78,2.92,0,False
E,5141,True,None,51.26,370,0.464,32,32,24,436,37.58,5.679,4,False
E,5142,True,None,36.95,259,0.379,14,0,0,0,4.97,3.941,0,False
E,5143,True,None,37.83,264,0.471,10,0,1,6,11.85,3.567,0,False
E,5144,True,None,38.98,272,0.393,14,0,1,11,12.8,3.281,0,False
E,5145,True,None,65.29,530,0.429,99,165,93,4324,40.08,8.301,9,False
E,5146,True,None,35.8,251,0.457,11,0,1,3,9.85,3.685,0,False
E,5147,True,None,36.93,259,0.407,11,0,0,0,12.73,3.246,0,False
E,5148,True,None,38.26,267,0.479,8,0,0,0,9.88,2.748,0,False
E,5149,True,None,43.91,306,0.443,14,1,3,28,19.09,3.742,1,False
E,5150,True,None,42.88,300,0.493,13,3,2,9,18.08,4.072,1,False
E,5151,True,None,39.58,276,0.486,8,0,0,0,7.95,2.612,0,False
E,5152,True,None,41.31,290,0.414,9,3,4,9,15.28,2.726,1,False
E,5153,True,None,44.43,309,0.493,11,1,3,14,17.19,3.774,1,False
E,5154,True,None,44.68,311,0.393,12,2,4,17,23.39,3.231,2,False
E,5155,True,None,42.58,296,0.493,15,1,2,8,22.98,4.216,1,False
E,5156,True,None,38.53,270,0.493,7,0,1,3,8.83,2.338,0,False
E,5157,True,None,39.13,273,0.386,7,0,1,5,8.84,2.327,0,False
E,5158,True,None,59.83,451,0.579,59,80,53,1507,37.32,8.969,6,False
E,5159,True,None,38.25,267,0.443,8,0,0,0,5.99,2.66,0,False
E,5160,True,None,37.2,261,0.379,3,0,0,0,4.99,1.581,0,False
E,5161,True,None,40.78,285,0.479,13,0,0,0,17.7,3.66,0,False
E,5162,True,None,42.81,299,0.4,12,0,1,1,15.71,2.859,0,False
E,5163,True,None,42.38,295,0.5,12,1,2,18,18.24,3.423,1,False
E,5164,True,None,36.5,255,0.336,8,0,0,0,9.73,1.965,0,False
E,5165,True,None,38.73,270,0.407,12,0,1,2,11.9,3.143,0,False
E,5166,True,None,37.83,264,0.414,9,0,1,5,11.83,2.32,0,False
E,5167,True,None,38.13,266,0.45,10,0,0,0,9.92,2.88,0,False
E,5168,True,None,36.95,258,0.393,7,0,0,0,6.9,2.375,0,False
E,5169,True,None,38.98,272,0.314,6,0,0,0,7.97,1.579,0,False
E,5170,True,None,39.28,275,0.407,10,0,0,0,12.81,2.826,0,False
E,5171,True,None,42.51,297,0.364,10,1,3,11,15.26,2.591,1,False
E,5172,True,None,37.83,264,0.464,13,0,0,0,13.73,3.458,0,False
E,5173,True,None,43.28,302,0.479,18,3,4,37,26.06,4.409,1,False
E,5174,True,None,58.76,420,0.514,32,31,25,373,42.56,5.887,5,False
E,5175,True,None,39.56,277,0.407,6,0,0,0,9.88,2.012,0,False
E,5176,True,None,42.13,294,0.386,13,1,2,4,20.08,3.07,1,False
E,5177,True,None,38.85,271,0.35,9,0,0,0,9.99,2.212,0,False
E,5178,True,None,37.95,266,0.379,10,0,0,0,11.96,2.432,0,False
E,5179,False,Collision,10.15,1000,0.086,7,931,3,8,6.74,2.475,1,False
E,5180,True,None,39.56,276,0.436,7,0,0,0,6.06,2.258,0,False
E,5181,True,None,37.25,261,0.414,9,0,0,0,6.96,3.024,0,False
E,5182,True,None,42.93,301,0.45,13,5,4,23,16.17,3.161,1,False
E,5183,True,None,45.16,315,0.407,15,2,4,36,31.11,3.909,2,False
E,5184,True,None,49.76,345,0.479,17,2,5,48,32.12,4.469,2,False
E,5185,True,None,43.18,301,0.414,25,1,3,14,20.02,4.29,1,False
E,5186,True,None,48.49,337,0.429,15,2,5,47,29.09,3.422,2,False
E,5187,True,None,35.75,251,0.4,2,0,0,0,1.97,1.326,0,False
E,5188,True,None,36.5,255,0.414,6,0,0,0,5.89,2.238,0,False
E,5189,True,None,37.85,265,0.493,11,0,0,0,11.78,3.425,0,False
E,5190,True,None,38.96,273,0.407,7,0,1,2,6.0,2.435,0,False
E,5191,True,None,37.25,261,0.421,13,0,0,0,14.9,3.154,0,False
E,5192,True,None,39.43,276,0.379,12,0,1,10,15.79,2.64,0,False
E,5193,True,None,52.16,375,0.479,28,30,25,389,32.79,5.334,4,False
E,5194,True,None,42.68,297,0.486,11,1,3,7,18.09,3.453,1,False
E,5195,True,None,37.56,262,0.429,14,0,0,0,11.93,3.425,0,False
E,5196,True,None,36.98,259,0.4,15,0,1,7,13.85,3.338,0,False
E,5197,True,None,38.41,268,0.529,12,0,0,0,11.87,3.377,0,False
E,5198,True,None,39.88,278,0.457,13,0,0,0,14.82,3.416,0,False
E,5199,True,None,37.06,259,0.443,6,0,0,0,7.89,2.173,0,False
E,5200,True,None,42.79,299,0.379,6,1,2,6,12.25,1.911,1,False
E,5201,True,None,38.56,270,0.421,9,0,0,0,11.81,2.81,0,False
E,5202,True,None,42.66,297,0.507,15,1,4,25,27.0,4.264,1,False
E,5203,True,None,39.58,276,0.443,12,0,0,0,11.89,3.319,0,False
E,5204,True,None,36.93,259,0.407,6,0,0,0,4.87,1.947,0,False
E,5205,True,None,37.81,264,0.443,9,0,0,0,9.87,2.509,0,False
E,5206,True,None,37.98,266,0.464,12,0,1,1,11.93,3.331,0,False
E,5207,True,None,37.55,263,0.371,8,0,1,6,10.82,2.291,0,False
E,5208,True,None,40.16,280,0.386,10,1,2,4,13.33,2.859,1,False
E,5209,True,None,47.59,352,0.464,36,45,28,634,22.4,5.102,3,False
E,5210,True,None,40.3,282,0.443,9,0,1,6,10.93,3.119,0,False
E,5211,True,None,38.25,267,0.371,9,0,1,5,8.92,2.454,0,False
E,5212,True,None,43.26,303,0.436,13,5,6,43,20.08,3.802,1,False
E,5213,True,None,44.44,311,0.507,19,3,4,31,24.05,4.595,1,False
E,5214,True,None,38.08,267,0.421,5,0,0,0,5.9,1.919,0,False
E,5215,True,None,39.58,277,0.393,13,0,1,9,14.97,3.131,0,False
E,5216,True,None,42.38,295,0.407,12,1,2,11,17.15,3.031,1,False
E,5217,True,None,40.46,282,0.479,12,1,2,12,20.06,4.008,1,False
E,5218,True,None,43.26,301,0.443,10,1,5,12,15.21,3.347,1,False
E,5219,True,None,36.06,253,0.407,7,0,0,0,6.94,2.259,0,False
E,5220,True,None,88.07,748,0.671,174,298,182,15493,78.82,19.804,18,False
E,5221,True,None,47.03,338,0.529,23,22,17,198,21.11,5.092,2,False
E,5222,True,None,44.24,308,0.436,13,2,3,17,25.33,3.153,2,False
E,5223,True,None,42.21,294,0.45,12,0,4,19,16.82,3.758,0,False
E,5224,True,None,40.61,283,0.421,12,0,1,7,10.82,2.888,0,False
E,5225,True,None,38.28,267,0.393,11,0,1,9,13.69,3.06,0,False
E,5226,True,None,51.43,369,0.457,25,26,18,222,29.4,4.184,4,False
E,5227,True,None,38.43,268,0.407,10,0,2,9,11.03,2.962,0,False
E,5228,True,None,42.04,294,0.471,12,1,4,20,22.13,3.828,1,False
E,5229,True,None,42.66,299,0.414,14,3,2,23,21.17,3.208,1,False
E,5230,True,None,39.98,281,0.436,10,3,3,14,15.13,3.003,1,False
E,5231,True,None,50.24,359,0.521,23,21,17,218,32.37,5.046,3,False
E,5232,True,None,38.55,269,0.45,7,0,0,0,9.85,2.329,0,False
E,5233,True,None,37.68,263,0.386,8,0,1,4,8.92,2.706,0,False
E,5234,True,None,38.13,266,0.371,11,0,1,2,12.79,2.782,0,False
E,5235,True,None,37.98,266,0.336,10,0,0,0,11.86,2.079,0,False
E,5236,True,None,40.88,285,0.407,15,1,2,10,23.99,3.886,1,False
E,5237,True,None,39.46,276,0.393,13,0,2,5,16.72,3.163,0,False
E,5238,True,None,38.26,268,0.429,9,0,0,0,8.86,2.463,0,False
E,5239,True,None,40.18,280,0.486,15,0,3,27,19.72,5.036,0,False
E,5240,True,None,37.41,262,0.45,10,0,0,0,9.79,2.399,0,False
E,5241,True,None,38.56,270,0.429,11,0,1,7,11.73,3.424,0,False
E,5242,True,None,45.11,325,0.479,21,22,14,130,18.03,3.512,2,False
E,5243,True,None,38.71,270,0.429,10,0,2,8,8.89,2.969,0,False
E,5244,True,None,50.24,386,0.471,54,78,44,1236,21.11,6.186,4,False
E,5245,True,None,43.26,301,0.471,13,1,1,2,19.19,3.611,1,False
E,5246,True,None,37.13,259,0.4,12,0,0,0,12.86,2.895,0,False
E,5247,True,None,38.83,271,0.393,8,0,0,0,7.87,2.215,0,False
E,5248,True,None,37.25,261,0.471,10,0,1,1,5.99,3.352,0,False
E,5249,True,None,45.73,318,0.493,12,2,8,52,28.33,3.361,2,False
E,5250,True,None,36.98,259,0.45,14,0,1,7,12.78,3.636,0,False
E,5251,True,None,37.1,259,0.364,11,0,1,5,7.9,3.021,0,False
E,5252,True,None,44.43,318,0.471,23,20,12,118,17.25,4.284,2,False
E,5253,True,None,36.95,258,0.45,9,0,0,0,9.91,2.482,0,False
E,5254,True,None,39.0,272,0.471,11,0,1,4,9.01,3.066,0,False
E,5255,True,None,40.03,280,0.35,11,0,0,0,9.99,2.75,0,False
E,5256,True,None,37.2,261,0.357,3,0,0,0,2.99,1.396,0,False
E,5257,True,None,41.89,294,0.343,11,3,3,8,18.11,2.594,1,False
E,5258,True,None,37.83,265,0.5,9,0,0,0,10.85,3.389,0,False
E,5259,True,None,40.91,285,0.436,11,0,0,0,14.72,2.833,0,False
E,5260,True,None,37.25,260,0.479,13,0,0,0,13.88,3.606,0,False
E,5261,True,None,38.81,272,0.4,4,0,0,0,6.0,1.582,0,False
E,5262,True,None,55.65,422,0.486,58,78,47,1536,43.13,9.824,6,False
E,5263,True,None,38.86,271,0.436,14,0,1,3,14.83,3.566,0,False
E,5264,True,None,40.56,285,0.357,7,3,4,22,15.23,2.116,1,False
E,5265,True,None,38.4,268,0.293,6,0,0,0,6.87,1.454,0,False
E,5266,True,None,47.24,329,0.436,14,2,4,28,28.34,4.586,2,False
E,5267,True,None,40.31,281,0.436,9,0,1,7,12.81,2.657,0,False
E,5268,True,None,37.71,263,0.4,10,0,0,0,10.81,2.815,0,False
E,5269,True,None,41.98,293,0.471,13,1,1,10,15.12,3.291,1,False
E,5270,True,None,46.48,324,0.536,16,2,7,34,25.33,4.875,2,False
E,5271,True,None,37.4,262,0.393,9,0,0,0,9.82,2.911,0,False
E,5272,True,None,37.85,265,0.471,13,0,1,4,12.94,3.782,0,False
E,5273,True,None,38.0,266,0.536,13,0,0,0,15.77,4.072,0,False
E,5274,True,None,49.39,344,0.514,17,2,5,47,34.85,4.717,2,False
E,5275,True,None,36.5,256,0.421,8,0,0,0,7.91,2.359,0,False
E,5276,True,None,42.63,297,0.507,13,1,2,12,18.21,3.572,1,False
E,5277,True,None,37.25,261,0.421,8,0,0,0,8.01,2.179,0,False
E,5278,True,None,49.42,343,0.421,13,2,5,24,30.23,3.392,2,False
E,5279,True,None,38.6,270,0.407,11,0,0,0,14.71,2.75,0,False
E,5280,True,None,38.83,271,0.457,5,0,1,1,7.07,2.255,0,False
E,5281,True,None,43.24,302,0.443,13,1,2,14,22.98,3.505,1,False
E,5282,True,None,37.36,262,0.386,5,0,0,0,4.98,1.858,0,False
E,5283,True,None,39.11,274,0.4,9,0,0,0,12.82,2.563,0,False
E,5284,True,None,38.85,271,0.407,11,0,2,6,8.85,3.499,0,False
E,5285,True,None,44.63,310,0.5,17,1,1,10,25.99,4.409,1,False
E,5286,True,None,40.3,281,0.4,9,1,3,21,13.19,2.346,1,False
E,5287,True,None,36.81,258,0.371,9,0,1,3,10.98,2.718,0,False
E,5288,True,None,37.68,263,0.45,7,0,0,0,7.91,2.447,0,False
E,5289,True,None,41.76,292,0.421,13,3,3,20,18.14,3.591,1,False
E,5290,True,None,46.94,327,0.479,16,2,5,45,31.3,3.825,2,False
E,5291,True,None,39.73,277,0.393,10,0,0,0,8.84,2.855,0,False
E,5292,True,None,50.56,370,0.486,44,42,26,604,33.92,8.286,4,False
E,5293,True,None,40.03,280,0.457,11,0,0,0,13.94,3.458,0,False
E,5294,True,None,40.01,279,0.443,6,0,1,2,8.96,2.4,0,False
E,5295,True,None,62.63,483,0.464,67,103,64,2095,34.32,7.767,7,False
E,5296,True,None,41.35,289,0.493,12,1,4,30,18.16,4.34,1,False
E,5297,True,None,36.2,253,0.393,4,0,0,0,3.98,1.609,0,False
E,5298,True,None,40.9,286,0.464,14,1,4,26,22.04,4.221,1,False
E,5299,True,None,44.54,321,0.436,25,22,17,261,15.19,5.334,2,False
E,5300,True,None,37.53,263,0.45,8,0,0,0,8.94,2.447,0,False
E,5301,True,None,38.56,270,0.45,11,0,0,0,13.76,3.277,0,False
E,5302,True,None,48.31,336,0.486,22,4,5,45,26.72,6.302,2,False
E,5303,True,None,41.51,290,0.436,12,3,5,22,26.0,3.518,1,False
E,5304,True,None,37.81,265,0.35,7,0,1,6,5.97,2.349,0,False
E,5305,True,None,37.26,261,0.429,10,0,0,0,10.82,2.757,0,False
E,5306,True,None,37.55,263,0.407,11,0,0,0,12.81,2.47,0,False
E,5307,True,None,38.58,269,0.414,12,0,0,0,11.79,3.263,0,False
E,5308,True,None,39.3,274,0.4,9,0,0,0,9.96,2.44,0,False
E,5309,True,None,43.73,305,0.479,16,1,3,20,20.9,4.941,1,False
E,5310,True,None,37.95,265,0.4,6,0,0,0,4.93,1.79,0,False
E,5311,True,None,45.13,316,0.464,15,3,7,30,27.03,4.328,1,False
E,5312,True,None,40.75,285,0.507,12,1,2,10,21.11,3.467,1,False
E,5313,True,None,38.4,269,0.371,8,0,0,0,9.83,2.076,0,False
E,5314,True,None,37.68,264,0.464,9,0,0,0,12.75,2.857,0,False
E,5315,True,None,42.78,298,0.429,10,1,2,14,19.03,2.765,1,False
E,5316,True,None,61.33,491,0.543,89,140,81,3702,36.69,10.294,8,False
E,5317,True,None,37.11,259,0.414,9,0,0,0,8.86,2.59,0,False
E,5318,True,None,42.53,297,0.464,12,1,2,10,18.16,3.46,1,False
E,5319,True,None,65.46,524,0.55,95,150,92,4340,48.32,9.404,10,False
E,5320,True,None,42.79,298,0.371,15,1,1,4,21.0,3.672,1,False
E,5321,True,None,41.93,293,0.471,13,1,3,17,20.14,3.634,1,False
E,5322,True,None,39.43,275,0.364,8,0,1,3,9.96,2.166,0,False
E,5323,True,None,39.15,273,0.429,8,0,1,4,12.7,2.468,0,False
E,5324,True,None,39.76,278,0.436,13,0,0,0,17.71,3.714,0,False
E,5325,True,None,40.63,283,0.429,14,0,1,9,18.88,3.472,0,False
E,5326,True,None,40.93,285,0.407,12,0,0,0,13.71,3.273,0,False
E,5327,True,None,52.14,371,0.543,23,19,21,277,26.84,5.539,3,False
E,5328,True,None,65.74,538,0.529,106,176,105,5845,42.4,12.775,10,False
E,5329,True,None,38.7,271,0.486,10,0,0,0,11.82,2.83,0,False
E,5330,True,None,37.25,260,0.371,7,0,1,2,6.91,2.27,0,False
E,5331,True,None,43.24,302,0.407,14,1,3,19,27.07,3.697,1,False
E,5332,True,None,41.38,289,0.457,14,1,1,5,21.09,4.058,1,False
E,5333,True,None,43.79,306,0.35,9,1,2,12,18.05,1.954,1,False
E,5334,True,None,38.13,266,0.429,10,0,2,7,11.96,3.021,0,False
E,5335,True,None,48.08,335,0.4,15,2,6,58,35.32,3.682,2,False
E,5336,True,None,37.1,260,0.479,9,0,1,2,9.83,2.839,0,False
E,5337,True,None,41.95,293,0.464,15,1,5,39,16.25,4.37,1,False
E,5338,True,None,40.88,285,0.407,8,1,3,15,13.22,2.678,1,False
E,5339,True,None,37.96,265,0.393,7,0,0,0,6.93,2.261,0,False
E,5340,True,None,53.52,373,0.471,22,5,7,68,39.72,5.836,3,False
E,5341,True,None,41.81,293,0.493,15,3,4,38,16.22,4.282,1,False
E,5342,True,None,50.16,349,0.429,15,2,6,48,27.54,4.103,2,False
E,5343,True,None,36.8,258,0.343,5,0,0,0,5.95,1.529,0,False
E,5344,True,None,36.66,256,0.371,14,0,0,0,2.95,3.061,0,False
E,5345,True,None,37.98,265,0.429,8,0,0,0,5.94,2.317,0,False
E,5346,True,None,38.56,270,0.414,9,0,0,0,10.94,2.686,0,False
E,5347,True,None,41.51,289,0.464,13,0,1,1,16.79,3.808,0,False
E,5348,True,None,38.61,269,0.429,16,0,0,0,13.83,4.141,0,False
E,5349,True,None,39.3,275,0.471,11,0,1,3,12.97,3.459,0,False
E,5350,True,None,45.16,315,0.386,13,2,5,41,23.5,3.255,2,False
E,5351,True,None,46.61,326,0.457,17,6,9,88,23.5,4.621,2,False
E,5352,True,None,43.13,300,0.557,18,1,4,46,25.98,5.408,1,False
E,5353,True,None,58.01,436,0.493,53,72,43,1281,37.61,7.801,6,False
E,5354,True,None,47.16,351,0.357,37,49,30,512,25.94,3.7,3,False
E,5355,True,None,39.28,274,0.4,9,0,0,0,13.05,2.589,0,False
E,5356,True,None,48.28,337,0.421,21,4,4,69,30.41,4.538,2,False
E,5357,True,None,39.86,278,0.436,9,0,0,0,11.84,2.807,0,False
E,5358,True,None,43.99,307,0.386,14,3,5,31,20.18,3.236,1,False
E,5359,True,None,51.88,393,0.579,50,70,43,1229,26.26,8.456,4,False
E,5360,True,None,46.44,324,0.45,16,2,4,23,30.42,3.801,2,False
E,5361,True,None,41.98,293,0.429,16,1,4,20,23.13,3.956,1,False
E,5362,True,None,37.08,260,0.379,12,0,0,0,12.79,3.088,0,False
E,5363,True,None,42.53,297,0.421,14,1,2,7,18.16,3.753,1,False
E,5364,True,None,37.23,261,0.479,8,0,0,0,8.88,3.063,0,False
E,5365,True,None,38.71,271,0.407,10,0,0,0,11.85,2.847,0,False
E,5366,True,None,60.05,464,0.507,65,101,61,1904,35.7,7.113,7,False
E,5367,True,None,36.06,253,0.471,6,0,0,0,3.92,2.17,0,False
E,5368,True,None,38.16,266,0.429,12,0,0,0,10.96,2.867,0,False
E,5369,True,None,43.88,305,0.457,14,1,2,11,23.05,3.996,1,False
E,5370,True,None,38.26,267,0.386,12,0,1,2,10.92,2.776,0,False
E,5371,True,None,41.41,289,0.421,15,1,4,22,19.09,3.985,1,False
E,5372,True,None,54.91,424,0.464,65,89,49,1368,36.41,5.841,5,False
E,5373,True,None,39.6,277,0.5,14,0,1,8,14.9,4.091,0,False
E,5374,True,None,51.58,379,0.471,40,46,37,819,29.47,7.571,4,False
E,5375,True,None,48.36,336,0.5,16,2,6,54,30.33,4.885,2,False
E,5376,True,None,40.6,284,0.486,8,1,3,10,17.2,2.669,1,False
E,5377,True,None,53.93,376,0.471,16,6,10,83,43.99,4.195,4,False
E,5378,True,None,39.0,272,0.421,11,0,1,5,11.89,3.174,0,False
E,5379,True,None,43.69,304,0.514,12,1,3,14,16.26,4.452,1,False
E,5380,True,None,43.45,303,0.436,19,1,3,28,27.04,4.644,1,False
E,5381,True,None,38.68,270,0.414,5,0,0,0,7.85,1.759,0,False
E,5382,True,None,39.58,277,0.436,13,0,1,6,14.89,3.675,0,False
E,5383,True,None,61.77,464,0.621,62,78,48,1601,35.83,12.69,6,False
E,5384,True,None,37.38,262,0.436,7,0,0,0,5.88,2.732,0,False
E,5385,True,None,40.2,281,0.457,15,0,0,0,17.79,4.173,0,False
E,5386,True,None,49.2,352,0.436,23,21,20,283,25.44,4.473,3,False
E,5387,True,None,45.32,315,0.407,15,1,3,31,29.65,3.897,1,False
E,5388,True,None,39.01,272,0.521,10,0,0,0,13.8,3.196,0,False
E,5389,True,None,41.5,290,0.457,11,1,3,16,16.17,3.358,1,False
E,5390,True,None,43.51,304,0.464,14,1,3,25,22.16,3.541,1,False
E,5391,True,None,36.55,255,0.379,12,0,0,0,10.89,2.927,0,False
E,5392,True,None,36.8,258,0.436,11,0,2,20,10.89,3.407,0,False
E,5393,True,None,36.81,258,0.45,8,0,0,0,9.82,2.52,0,False
E,5394,True,None,38.86,272,0.421,14,0,1,10,15.82,3.052,0,False
E,5395,True,None,46.31,322,0.45,12,2,4,21,24.49,3.354,2,False
E,5396,True,None,43.54,303,0.493,10,1,2,14,15.33,3.565,1,False
E,5397,True,None,39.18,274,0.421,15,0,1,5,20.61,3.722,0,False
E,5398,True,None,37.25,260,0.4,11,0,0,0,14.87,2.78,0,False
E,5399,True,None,42.85,298,0.429,16,1,2,4,27.24,4.024,1,False
E,5400,True,None,42.66,301,0.386,13,9,7,47,13.4,3.034,1,False
E,5401,True,None,42.66,297,0.307,10,1,1,4,16.12,2.223,1,False
E,5402,True,None,46.29,322,0.464,10,1,6,31,20.23,3.973,1,False
E,5403,True,None,38.1,267,0.336,5,0,0,0,5.06,1.65,0,False
E,5404,True,None,48.06,344,0.507,27,23,17,311,33.27,5.382,3,False
E,5405,True,None,40.5,283,0.45,14,0,0,0,16.79,3.622,0,False
E,5406,True,None,36.66,257,0.364,7,0,0,0,10.82,1.802,0,False
E,5407,True,None,42.98,300,0.429,16,3,7,44,16.36,4.385,1,False
E,5408,True,None,37.71,264,0.421,12,0,2,12,12.82,3.392,0,False
E,5409,True,None,39.6,277,0.45,15,0,1,9,16.75,4.118,0,False
E,5410,True,None,38.25,267,0.393,7,0,0,0,7.88,1.955,0,False
E,5411,True,None,46.28,331,0.443,19,20,15,168,13.32,3.51,2,False
E,5412,True,None,37.51,262,0.443,9,0,0,0,5.96,2.522,0,False
E,5413,True,None,41.51,290,0.4,15,1,2,22,24.01,3.373,1,False
E,5414,True,None,38.85,271,0.364,8,0,2,10,9.91,2.529,0,False
E,5415,True,None,38.11,267,0.464,6,0,0,0,9.81,2.39,0,False
E,5416,True,None,37.55,262,0.421,10,0,1,2,10.85,2.694,0,False
E,5417,True,None,59.99,475,0.436,77,124,68,2684,41.46,8.328,8,False
E,5418,True,None,42.38,295,0.414,15,1,2,15,20.12,4.134,1,False
E,5419,True,None,39.11,274,0.45,9,0,0,0,8.89,3.046,0,False
E,5420,True,None,37.98,265,0.436,10,0,0,0,7.87,3.2,0,False
E,5421,True,None,46.38,323,0.421,16,4,5,49,26.31,3.983,2,False
E,5422,True,None,41.06,287,0.464,15,0,0,0,22.6,3.758,0,False
E,5423,True,None,36.8,258,0.436,7,0,0,0,8.9,2.38,0,False
E,5424,False,Timeout,35.86,1000,0.336,40,779,26,518,23.79,6.077,4,False
E,5425,True,None,48.82,339,0.457,17,2,3,32,32.23,4.467,2,False
E,5426,True,None,37.08,260,0.386,9,0,1,8,9.86,2.867,0,False
E,5427,True,None,43.08,301,0.421,9,1,4,30,18.1,2.789,1,False
E,5428,True,None,63.63,480,0.6,62,84,54,1586,39.44,8.247,6,False
E,5429,True,None,38.41,269,0.443,8,0,0,0,12.83,2.394,0,False
E,5430,True,None,38.73,271,0.371,11,0,0,0,9.94,2.507,0,False
E,5431,True,None,37.25,261,0.379,10,0,0,0,12.84,2.733,0,False
E,5432,True,None,42.21,295,0.45,10,1,1,4,20.06,3.019,1,False
E,5433,True,None,37.06,259,0.364,8,0,0,0,5.95,2.365,0,False
E,5434,True,None,38.11,266,0.429,9,0,0,0,10.92,2.393,0,False
E,5435,True,None,40.3,282,0.457,11,1,2,4,17.2,3.127,1,False
E,5436,True,None,37.23,260,0.35,9,0,0,0,12.77,2.126,0,False
E,5437,True,None,42.64,298,0.407,11,1,2,18,20.08,3.031,1,False
E,5438,True,None,56.81,443,0.493,66,102,62,2096,28.45,5.87,6,False
E,5439,True,None,41.5,289,0.371,14,1,3,26,20.15,3.195,1,False
E,5440,True,None,39.45,275,0.407,11,0,0,0,12.83,2.74,0,False
E,5441,True,None,45.88,321,0.443,10,4,4,21,22.49,3.36,2,False
E,5442,True,None,38.11,266,0.464,11,0,0,0,10.82,3.234,0,False
E,5443,True,None,43.68,305,0.436,9,1,2,14,16.23,2.599,1,False
E,5444,True,None,46.31,325,0.421,15,6,6,36,23.93,3.474,2,False
E,5445,True,None,37.51,262,0.443,9,0,0,0,11.87,2.84,0,False
E,5446,True,None,38.13,266,0.414,12,0,0,0,13.82,3.444,0,False
E,5447,True,None,43.3,302,0.45,16,1,2,10,19.21,3.863,1,False
E,5448,True,None,39.3,275,0.45,11,0,3,22,9.91,3.407,0,False
E,5449,True,None,60.05,459,0.629,68,90,62,1861,37.87,11.221,6,False
E,5450,True,None,42.66,298,0.393,9,1,2,10,15.14,2.499,1,False
E,5451,True,None,58.29,464,0.536,81,125,69,2901,31.3,9.913,7,False
E,5452,True,None,43.06,300,0.443,11,1,4,19,16.74,2.985,1,False
E,5453,True,None,47.36,330,0.407,14,4,4,27,28.46,3.21,2,False
E,5454,True,None,41.63,291,0.443,11,1,3,16,17.23,3.585,1,False
E,5455,True,None,41.18,288,0.457,12,1,2,13,20.12,3.453,1,False
E,5456,True,None,38.86,271,0.386,12,0,1,1,13.02,3.01,0,False
E,5457,True,None,43.38,303,0.429,12,3,5,28,17.24,3.365,1,False
E,5458,True,None,41.63,290,0.429,11,1,2,18,18.17,3.428,1,False
E,5459,True,None,38.56,270,0.407,7,0,1,5,9.04,2.16,0,False
E,5460,True,None,38.38,269,0.386,6,0,0,0,6.86,1.848,0,False
E,5461,True,None,50.53,396,0.514,59,95,50,1325,23.12,4.314,5,False
E,5462,True,None,41.95,301,0.464,23,20,12,135,22.15,4.257,2,False
E,5463,True,None,43.98,306,0.457,9,1,2,10,20.39,3.03,1,False
E,5464,True,None,41.8,292,0.457,15,0,1,11,17.63,3.69,0,False
E,5465,True,None,39.9,279,0.464,15,0,2,17,16.92,4.254,0,False
E,5466,True,None,38.13,267,0.414,10,0,0,0,11.85,2.653,0,False
E,5467,True,None,45.71,330,0.507,25,25,20,242,23.58,5.001,3,False
E,5468,True,None,43.11,301,0.486,11,1,1,9,19.18,3.509,1,False
E,5469,True,None,45.48,317,0.379,16,2,3,17,31.31,3.725,2,False
E,5470,True,None,82.73,694,0.421,156,258,160,11232,50.53,18.92,14,False
E,5471,True,None,41.06,287,0.443,14,0,2,13,11.97,4.254,0,False
E,5472,True,None,37.53,263,0.407,8,0,0,0,5.93,2.513,0,False
E,5473,True,None,38.7,271,0.45,8,0,0,0,6.97,2.529,0,False
E,5474,True,None,43.95,308,0.379,15,3,4,30,21.03,3.35,1,False
E,5475,True,None,46.31,323,0.421,17,2,4,33,31.39,4.425,2,False
E,5476,True,None,39.88,279,0.393,14,1,2,16,18.21,3.478,1,False
E,5477,True,None,66.78,543,0.514,106,172,100,5089,54.28,11.883,10,False
E,5478,True,None,38.73,270,0.421,9,0,0,0,7.93,2.73,0,False
E,5479,True,None,41.35,289,0.379,10,0,0,0,21.66,2.496,0,False
E,5480,True,None,42.55,298,0.429,14,3,7,52,21.16,4.101,1,False
E,5481,True,None,39.73,277,0.457,12,0,2,12,12.79,3.247,0,False
E,5482,True,None,59.79,467,0.493,72,112,63,2153,32.11,6.305,6,False
E,5483,True,None,46.68,325,0.429,16,2,5,30,29.43,4.612,2,False
E,5484,True,None,39.15,273,0.521,12,0,0,0,13.01,3.911,0,False
E,5485,True,None,44.56,313,0.421,15,5,8,41,22.11,4.079,1,False
E,5486,True,None,38.11,267,0.407,9,0,0,0,9.88,2.725,0,False
E,5487,True,None,63.78,486,0.5,69,97,67,2100,50.68,9.746,7,False
E,5488,True,None,38.26,268,0.386,7,0,0,0,10.85,2.039,0,False
E,5489,True,None,55.39,416,0.529,54,69,40,992,28.31,7.548,5,False
E,5490,True,None,38.1,267,0.443,11,0,0,0,13.87,2.992,0,False
E,5491,True,None,42.98,300,0.379,14,1,2,19,25.14,3.264,1,False
E,5492,True,None,40.31,281,0.421,9,0,0,0,11.85,2.832,0,False
E,5493,True,None,42.53,296,0.386,14,1,3,19,22.0,3.871,1,False
E,5494,True,None,43.13,301,0.464,15,3,5,42,24.1,4.65,1,False
E,5495,True,None,47.48,346,0.5,29,33,25,437,23.6,5.287,3,False
E,5496,True,None,38.38,269,0.4,7,0,0,0,9.9,2.12,0,False
E,5497,True,None,39.0,272,0.486,10,0,1,4,10.81,3.442,0,False
E,5498,True,None,39.43,276,0.429,11,0,1,3,10.87,2.949,0,False
E,5499,True,None,38.86,272,0.414,10,0,1,4,10.87,3.156,0,False
