collision_count,executed_path_length,execution_steps,failed_planner_calls,failure_reason,final_goal_distance,maximum_planning_time_s,planner,planner_backtrack_failed,planner_backtrack_tries,planner_blocked_steps,planner_changed_cells,planner_changed_edges,planner_expanded_nodes,planner_map_update_time_s,planner_max_active_virtual_obstacles,planner_planning_effort,planner_search_time_s,planner_state_reused,planner_updated_vertices,planner_virtual_obstacles_created,planning_calls,replans,scenario,seed,sensed_obstacle_ratio,success,total_planning_time_s
0,38.555886922372515,566,0,,0.465026880943456,1.0434601690000136,dstar_lite,False,0,0,3565,14697,80,0.0719142239999826,0,0.0,0.026859630000018342,True,467,0,4,4,A,5000,0.4375,True,2.0180968230000076
0,39.72001397189443,621,0,,0.475657439761009,3.176395991000021,dstar_lite,False,0,0,1709,7271,1920,0.0649278019999997,0,0.0,0.12537832799998228,True,9059,0,6,6,A,5001,0.325,True,6.886826565999996
0,44.14637543737354,694,0,,0.465026880943456,3.5914610050000135,dstar_lite,False,0,0,3086,13172,721,0.07750782599998729,0,0.0,0.07227659100001915,True,2021,0,7,7,A,5002,0.55,True,7.78343851799994
0,45.870454833410555,728,0,,0.465026880943456,9.97482164600001,dstar_lite,False,0,0,3639,15235,2646,0.11595111899998756,0,0.0,0.1783427290000077,True,10268,0,7,7,A,5003,0.5375,True,14.61877099900002
0,39.662383860321306,597,0,,0.465026880943456,2.3067266289999964,dstar_lite,False,0,0,960,4134,503,0.034161068999992494,0,0.0,0.04726047799999833,True,2272,0,7,7,A,5004,0.5,True,4.568924640000006
0,42.152152334514895,644,0,,0.475657439761009,5.47869599400002,dstar_lite,False,0,0,3649,14970,4436,0.10764909799996758,0,0.0,0.1716244450000204,True,13110,0,5,5,A,5005,0.4875,True,7.383374706999973
0,37.64197240888254,572,0,,0.465026880943456,1.384049288999961,dstar_lite,False,0,0,1022,4397,367,0.03763659399999142,0,0.0,0.03895412299999634,True,1619,0,7,7,A,5006,0.5375,True,3.9180517839999425
0,40.34095258520011,639,0,,0.465026880943456,4.083915435999984,dstar_lite,False,0,0,1228,5158,1447,0.03984482499998876,0,0.0,0.11280552300002,True,6208,0,7,7,A,5007,0.425,True,9.190021564999995
0,38.94109553209622,593,0,,0.465026880943456,2.225488299999995,dstar_lite,False,0,0,670,2826,358,0.03339025700000775,0,0.0,0.03377077000004647,True,1911,0,6,6,A,5008,0.375,True,4.4152421840000216
0,37.932368185034655,566,0,,0.465026880943456,1.4560941650000245,dstar_lite,False,0,0,7441,30927,183,0.17305591199999526,0,0.0,0.08131309200001624,True,996,0,4,4,A,5009,0.3875,True,3.323710220999999
0,38.8550637769362,575,0,,0.465026880943456,1.48464700400001,dstar_lite,False,0,0,4697,19598,3095,0.10135575299995025,0,0.0,0.22195330599998897,True,16817,0,3,3,A,5010,0.3625,True,2.615750925000043
0,37.59523277768931,552,0,,0.465026880943456,0.6590384190000123,dstar_lite,False,0,0,1951,8325,198,0.06487709300000688,0,0.0,0.031590781000033985,True,991,0,5,5,A,5011,0.3875,True,1.8640155040000081
0,36.471568142230645,551,0,,0.465026880943456,2.7026694510000198,dstar_lite,False,0,0,4090,17234,2263,0.09908720399999993,0,0.0,0.13260956400000623,True,8266,0,5,5,A,5012,0.4625,True,3.9964830619999816
0,36.28043095097089,535,0,,0.465026880943456,2.0730625219999865,dstar_lite,False,0,0,3875,16244,1685,0.08370954200000824,0,0.0,0.13802585600001294,True,10110,0,4,4,A,5013,0.4375,True,2.907205393999959
0,37.27815275868358,564,0,,0.465026880943456,1.6351633169999786,dstar_lite,False,0,0,2155,9171,477,0.061195961999999327,0,0.0,0.05521423199996889,True,2262,0,6,6,A,5014,0.45,True,3.196560242999908
0,39.50814990869879,589,0,,0.465026880943456,3.1528768840000225,dstar_lite,False,0,0,12202,50858,302,0.255219210000007,0,0.0,0.11545622599999206,True,1123,0,3,3,A,5015,0.3875,True,4.456818468000108
0,35.91507595614957,530,0,,0.465026880943456,0.9967941570000107,dstar_lite,False,0,0,2985,12128,797,0.08348880799997005,0,0.0,0.05937458099998594,True,3105,0,5,5,A,5016,0.425,True,2.3236505800000486
0,38.8103295763627,592,0,,0.465026880943456,3.632201662,dstar_lite,False,0,0,2242,9652,422,0.05891315499997063,0,0.0,0.05086715800001684,True,2342,0,6,6,A,5017,0.5875,True,5.416983296999945
0,40.62713127427543,616,0,,0.475657439761009,2.8574989720000303,dstar_lite,False,0,0,3888,16069,6483,0.09277808899997808,0,0.0,0.3547949289999792,True,29528,0,6,6,A,5018,0.4,True,4.122873994000031
0,39.98465772128351,633,0,,0.475657439761009,2.55019804799997,dstar_lite,False,0,0,1472,6286,430,0.040271244000052775,0,0.0,0.03551785600001267,True,964,0,6,6,A,5019,0.4875,True,7.191783501999964
0,38.50227361896864,572,0,,0.465026880943456,1.6506539339999904,dstar_lite,False,0,0,2183,9127,725,0.0658436520000123,0,0.0,0.07621332899998379,True,4109,0,5,5,A,5020,0.4125,True,3.3457225719999997
0,37.803538261459146,563,0,,0.465026880943456,3.2718599640000434,dstar_lite,False,0,0,2664,11242,99,0.07089296499998454,0,0.0,0.039898808999964785,True,114,0,6,6,A,5021,0.4625,True,4.038096685000085
0,37.46093956797042,551,0,,0.465026880943456,0.5914877980000028,dstar_lite,False,0,0,18856,77539,1218,0.32735152500004006,0,0.0,0.2029722359999937,True,7057,0,5,5,A,5022,0.475,True,1.9582012880000548
0,37.29315429163322,557,0,,0.465026880943456,2.343079712999952,dstar_lite,False,0,0,307,1363,116,0.011788361000014902,0,0.0,0.012546339999971678,True,749,0,5,5,A,5023,0.4625,True,3.3129540219999853
0,36.75290110922109,530,0,,0.465026880943456,1.744194868999955,dstar_lite,False,0,0,21626,89666,573,0.3903151470000239,0,0.0,0.2088788149999914,True,4304,0,2,2,A,5024,0.4125,True,2.3455915699999537
0,37.07123990599559,563,0,,0.465026880943456,1.337442909999993,dstar_lite,False,0,0,4763,20016,2459,0.10893948799997588,0,0.0,0.17507780599999023,True,12127,0,6,6,A,5025,0.4875,True,2.8947791120000375
0,42.24510386456303,659,0,,0.465026880943456,3.093987216999949,dstar_lite,False,0,0,4229,17745,652,0.10630956500000366,0,0.0,0.06461094700000558,True,1481,0,6,6,A,5026,0.5,True,7.524207192999938
0,40.6758614522947,654,0,,0.475657439761009,3.182139312000004,dstar_lite,False,0,0,4422,18161,7555,0.12941325100001677,0,0.0,0.48423007200000256,True,41418,0,6,6,A,5027,0.45,True,5.165127400000017
0,36.315937551973384,540,0,,0.465026880943456,1.3486956910000458,dstar_lite,False,0,0,5230,21606,807,0.1472164580000026,0,0.0,0.08216551900000013,True,3188,0,6,6,A,5028,0.4,True,2.6530059990000723
0,39.375372241552206,609,0,,0.465026880943456,1.5518650569999863,dstar_lite,False,0,0,509,2208,223,0.027476122999985364,0,0.0,0.02062991399998282,True,568,0,6,6,A,5029,0.5375,True,3.37587436299998
0,39.63956497963134,598,0,,0.465026880943456,1.160254770999984,dstar_lite,False,0,0,3629,15120,1202,0.08873825000000579,0,0.0,0.10532453899998018,True,5783,0,8,8,A,5030,0.5375,True,3.241375416999972
0,37.91370102133471,579,0,,0.465026880943456,2.064847998999994,dstar_lite,False,0,0,154,683,175,0.013400870999987546,0,0.0,0.02334062699998185,True,1031,0,9,9,A,5031,0.45,True,4.249661487999958
0,37.3582113721075,556,0,,0.465026880943456,1.1629474000000073,dstar_lite,False,0,0,815,3471,293,0.03441486700000951,0,0.0,0.03799231499999678,True,1307,0,5,5,A,5032,0.4875,True,3.00513358500001
0,38.1928739818977,590,0,,0.465026880943456,2.298383923000017,dstar_lite,False,0,0,5767,24204,3521,0.14107210299999906,0,0.0,0.23002752200000032,True,15996,0,6,6,A,5033,0.4875,True,4.481765569000004
0,39.52816647945982,605,0,,0.465026880943456,2.021428544999992,dstar_lite,False,0,0,6194,25540,5160,0.11293900900000153,0,0.0,0.32944778499995664,True,26069,0,4,4,A,5034,0.5,True,3.459296720999987
0,37.171193746635076,548,0,,0.465026880943456,1.1418504769999913,dstar_lite,False,0,0,2239,9431,1682,0.05765064600001324,0,0.0,0.10456410900002311,True,7343,0,5,5,A,5035,0.4375,True,2.007250866999982
0,37.93337293321136,591,0,,0.475657439761009,1.7074467740000046,dstar_lite,False,0,0,2667,11222,946,0.06395989700001792,0,0.0,0.07144522300001199,True,4603,0,8,8,A,5036,0.525,True,4.078378341999951
0,38.534421044576554,588,0,,0.465026880943456,4.761933889000034,dstar_lite,False,0,0,2530,10728,80,0.060988466999958746,0,0.0,0.02923680300000342,True,500,0,6,6,A,5037,0.4875,True,7.434349889000032
0,37.1526096352429,566,0,,0.475657439761009,4.7350025890000325,dstar_lite,False,0,0,5947,24877,3029,0.11140085900001395,0,0.0,0.174892348999947,True,11469,0,4,4,A,5038,0.3375,True,5.308267103000048
0,44.66784100055587,717,0,,0.475657439761009,2.0531563170000027,dstar_lite,False,0,0,1923,8022,23529,0.05907107600000927,0,0.0,1.9909638149999864,True,184172,0,7,7,A,5039,0.5,True,5.636352780999971
0,38.38729997152826,575,0,,0.465026880943456,2.1383228799999756,dstar_lite,False,0,0,2828,12104,333,0.08337184399999842,0,0.0,0.04334397700000636,True,827,0,5,5,A,5040,0.475,True,3.4975134169999365
0,39.166068578542216,581,0,,0.465026880943456,0.8845332429999644,dstar_lite,False,0,0,4661,19437,5846,0.07848569499998348,0,0.0,0.4207390900000405,True,37325,0,4,4,A,5041,0.375,True,2.180164235999996
0,38.33992616808339,578,0,,0.465026880943456,1.6137679429999707,dstar_lite,False,0,0,1751,7398,174,0.058696495999981835,0,0.0,0.038008057000013196,True,317,0,5,5,A,5042,0.3875,True,4.085491856000033
0,41.53121901231045,639,0,,0.465026880943456,4.511073909000004,dstar_lite,False,0,0,4222,17778,3090,0.11213344000003644,0,0.0,0.169977767999967,True,11385,0,7,7,A,5043,0.5,True,8.475030154999956
0,37.83123709244976,571,0,,0.465026880943456,2.1570408439999937,dstar_lite,False,0,0,21326,88034,1646,0.3661225239999908,0,0.0,0.2709568789999821,True,10156,0,4,4,A,5044,0.4125,True,4.218395721000036
0,39.42903532043385,592,0,,0.465026880943456,3.7812834329999987,dstar_lite,False,0,0,695,3064,228,0.03443939800001772,0,0.0,0.02756875099998979,True,504,0,6,6,A,5045,0.4125,True,4.800949937000041
0,40.193820538337825,615,0,,0.465026880943456,2.7560267499999895,dstar_lite,False,0,0,2169,9246,200,0.07820705800003225,0,0.0,0.049784651999971175,True,476,0,6,6,A,5046,0.4,True,5.013260973999991
0,38.07375851304799,567,0,,0.4962358310319797,2.548041751000028,dstar_lite,False,0,0,1776,7548,259,0.04368761500001028,0,0.0,0.03266278999996075,True,1416,0,6,6,A,5047,0.4375,True,3.6832907739999996
0,38.808758129918125,583,0,,0.465026880943456,2.1139761079999744,dstar_lite,False,0,0,4397,18514,17118,0.10707309700001133,0,0.0,1.3988109730000247,True,127661,0,4,4,A,5048,0.5125,True,4.6797673759999725
0,39.757143881180234,591,0,,0.465026880943456,1.3545250779999947,dstar_lite,False,0,0,423,1804,386,0.03326823200001172,0,0.0,0.03357024100000672,True,1999,0,8,8,A,5049,0.4875,True,2.689604220999911
0,37.49206701791446,552,0,,0.465026880943456,1.3927544080000303,dstar_lite,False,0,0,9000,37497,1790,0.15780714099997795,0,0.0,0.13679070900002444,True,6847,0,4,4,A,5050,0.4875,True,2.6517408660000683
0,41.678883554704925,643,0,,0.475657439761009,4.267969598999969,dstar_lite,False,0,0,453,1944,466,0.02054913099999567,0,0.0,0.03448390799997014,True,2224,0,4,4,A,5051,0.4125,True,6.0950002659999996
0,37.356767031790504,570,0,,0.465026880943456,2.9106150609999872,dstar_lite,False,0,0,1537,6622,872,0.049530680999964716,0,0.0,0.07362345899997536,True,3673,0,6,6,A,5052,0.5625,True,4.93574959
0,39.18502297036369,599,0,,0.475657439761009,4.297899864999977,dstar_lite,False,0,0,6034,25067,1314,0.13251714000000447,0,0.0,0.08600232300000243,True,2136,0,4,4,A,5053,0.4,True,5.572212055999898
0,40.817116064812524,660,0,,0.475657439761009,2.3516422239999883,dstar_lite,False,0,0,1359,5706,3177,0.06537174999994022,0,0.0,0.27967410600001585,True,23296,0,8,8,A,5054,0.4375,True,4.8991463419999945
0,38.192472728022736,578,0,,0.475657439761009,3.7796355579999954,dstar_lite,False,0,0,13212,54877,494,0.302659263999999,0,0.0,0.13408229999993182,True,1703,0,3,3,A,5055,0.4125,True,6.594397564999895
0,38.88421095879567,592,0,,0.465026880943456,0.9452096989999745,dstar_lite,False,0,0,6424,26416,3802,0.1431328769999709,0,0.0,0.22638436199997614,True,16270,0,7,7,A,5056,0.3625,True,2.895865963999995
0,42.240192848350326,654,0,,0.465026880943456,4.139511528999947,dstar_lite,False,0,0,380,1670,97,0.019414354999980787,0,0.0,0.019744180000088818,True,112,0,10,10,A,5057,0.475,True,7.213633668000057
0,40.624799571539484,630,0,,0.475657439761009,4.007559450000031,dstar_lite,False,0,0,896,3836,444,0.1252202360000183,0,0.0,0.03541819699989901,True,1347,0,4,4,A,5058,0.4125,True,7.487828537999917
0,38.88031249123493,620,0,,0.475657439761009,1.6061524589999863,dstar_lite,False,0,0,1022,4388,587,0.033924597999998696,0,0.0,0.03531473499992899,True,2075,0,7,7,A,5059,0.3625,True,4.693254009999919
0,41.655743341025214,653,0,,0.475657439761009,2.9866391470000053,dstar_lite,False,0,0,1132,4689,2185,0.04634335100001863,0,0.0,0.1370176550000224,True,11744,0,7,7,A,5060,0.4625,True,5.402898992999894
0,38.382132351328764,588,0,,0.475657439761009,3.4507124770000246,dstar_lite,False,0,0,16285,67427,8469,0.34866315900001155,0,0.0,0.7446515080000609,True,58872,0,3,3,A,5061,0.4125,True,4.848428340999931
0,35.90055320740574,516,0,,0.465026880943456,0.6463491509999812,dstar_lite,False,0,0,17124,71368,2464,0.32317945199997666,0,0.0,0.3210123639998983,True,18600,0,2,2,A,5062,0.425,True,0.9781509129999222
0,39.264442516302154,608,0,,0.475657439761009,3.8513410399999657,dstar_lite,False,0,0,3487,14619,1124,0.07452143700004399,0,0.0,0.10136464500010334,True,7010,0,3,3,A,5063,0.375,True,6.183967116999952
0,39.36338430774306,595,0,,0.475657439761009,3.0454589870000746,dstar_lite,False,0,0,5830,24109,12873,0.13823409600001924,0,0.0,1.00533627599998,True,88714,0,4,4,A,5064,0.3625,True,4.794386267000164
0,37.532867636885854,563,0,,0.4962358310319797,2.7767789829999856,dstar_lite,False,0,0,552,2341,59,0.03798848399992494,0,0.0,0.02092625099999168,True,59,0,5,5,A,5065,0.4625,True,4.390529519000097
0,37.222932073795256,549,0,,0.465026880943456,1.3322615119999455,dstar_lite,False,0,0,10405,43115,1596,0.21919831599996087,0,0.0,0.15952809700002035,True,7378,0,4,4,A,5066,0.4375,True,2.4997821939999767
0,36.256736367438684,545,0,,0.465026880943456,0.8517210219999924,dstar_lite,False,0,0,4871,20256,532,0.11947365800006082,0,0.0,0.07787780500007102,True,2367,0,6,6,A,5067,0.4375,True,2.4623623470000666
0,39.35030409266696,609,0,,0.475657439761009,3.3184267800000953,dstar_lite,False,0,0,7335,30008,2241,0.16665751599998657,0,0.0,0.11755716299990127,True,6598,0,4,4,A,5068,0.55,True,5.641220424999915
0,40.59342228964189,626,0,,0.475657439761009,7.219619590999969,dstar_lite,False,0,0,3167,13228,1547,0.12483975500003908,0,0.0,0.10564053500002046,True,7863,0,3,3,A,5069,0.3625,True,9.22256324
0,46.53408307617825,734,0,,0.47565743976100916,2.2890066009999828,dstar_lite,False,0,0,2171,8848,20375,0.0736647210000001,0,0.0,1.62321689099997,True,148009,0,5,5,A,5070,0.5375,True,6.517792545999782
0,38.50197828855392,573,0,,0.465026880943456,1.7626670380000178,dstar_lite,False,0,0,4983,20982,120,0.09212442500006546,0,0.0,0.06148676499992689,True,793,0,6,6,A,5071,0.3625,True,3.9175477609999234
0,37.70062494043288,579,0,,0.465026880943456,5.328634092000016,dstar_lite,False,0,0,5214,21578,3061,0.0949886340000603,0,0.0,0.21979568500000823,True,14181,0,7,7,A,5072,0.475,True,6.349692625000216
0,41.28745311360329,643,0,,0.475657439761009,3.361921448999965,dstar_lite,False,0,0,931,3944,22,0.04202409399999851,0,0.0,0.026892239000062546,True,146,0,6,6,A,5073,0.575,True,5.865994186999956
0,40.23762163736522,635,0,,0.475657439761009,2.0085114799999246,dstar_lite,False,0,0,5058,20864,380,0.13598354300006577,0,0.0,0.07120410499999252,True,1265,0,6,6,A,5074,0.575,True,5.823366437999994
0,39.16957041535122,600,0,,0.475657439761009,3.184081239999955,dstar_lite,False,0,0,4166,17520,2351,0.08655676900002618,0,0.0,0.14117069199994603,True,8784,0,5,5,A,5075,0.4625,True,5.63355373599984
0,36.063229615929906,534,0,,0.465026880943456,0.9130004740000004,dstar_lite,False,0,0,1771,7526,18,0.052309966000052555,0,0.0,0.028325474999974176,True,18,0,8,8,A,5076,0.475,True,2.1591553789999125
0,41.0262083740853,639,0,,0.475657439761009,6.254106051000008,dstar_lite,False,0,0,17581,72526,70036,0.3035518480000974,0,0.0,5.945095803000072,True,541428,0,2,2,A,5077,0.4375,True,9.286441005999905
0,40.888993703550796,644,0,,0.475657439761009,3.7470595469999353,dstar_lite,False,0,0,6551,26916,16026,0.14586922599994523,0,0.0,1.1328540889999204,True,100717,0,7,7,A,5078,0.4,True,7.054850881999755
0,37.82073940804484,572,0,,0.465026880943456,1.3121265549999634,dstar_lite,False,0,0,839,3567,786,0.051174994000007246,0,0.0,0.0638935639999545,True,3755,0,8,8,A,5079,0.4875,True,2.9082048530000293
0,39.82548116425672,614,0,,0.465026880943456,1.3321765570000252,dstar_lite,False,0,0,2811,11925,475,0.06983746599996721,0,0.0,0.06332000300005802,True,2626,0,8,8,A,5080,0.525,True,3.8230368779998116
0,42.0474126109568,652,0,,0.475657439761009,3.89984755699993,dstar_lite,False,0,0,7863,32341,44833,0.22058102800008328,0,0.0,3.6749899920000644,True,333210,0,4,4,A,5081,0.425,True,8.898777139999993
0,37.893385625200374,571,0,,0.465026880943456,2.1720146659999955,dstar_lite,False,0,0,772,3299,1096,0.03349212600005558,0,0.0,0.08578344799991555,True,5714,0,5,5,A,5082,0.5,True,3.573242944999947
0,37.46689382742867,565,0,,0.465026880943456,1.9983322950000684,dstar_lite,False,0,0,1219,5193,1288,0.036511044999997466,0,0.0,0.09054917899993598,True,6672,0,7,7,A,5083,0.375,True,3.2426738160000923
0,37.092802618083404,548,0,,0.465026880943456,2.2118339500000275,dstar_lite,False,0,0,14839,61130,2328,0.24476545300001362,0,0.0,0.22643902300001173,True,11795,0,3,3,A,5084,0.4375,True,3.1686737279999306
0,39.57440484567265,595,0,,0.4596194077712549,1.1925186040000426,dstar_lite,False,0,0,1866,7865,322,0.059672347000059744,0,0.0,0.02747051099993314,True,560,0,8,8,A,5085,0.4875,True,2.8975599509999483
0,44.41596308623524,682,0,,0.475657439761009,4.823755019000032,dstar_lite,False,0,0,564,2334,17664,0.0630463919999329,0,0.0,1.48425407000002,True,133726,0,5,5,A,5086,0.5625,True,8.679438592999986
0,39.755949314931875,596,0,,0.465026880943456,3.6153335340000012,dstar_lite,False,0,0,3658,15341,1071,0.07242153900006087,0,0.0,0.08209460300008686,True,3483,0,5,5,A,5087,0.4125,True,4.964506011000026
0,43.153365412507256,672,0,,0.475657439761009,1.9715883199999098,dstar_lite,False,0,0,3475,14299,22531,0.08239251200006947,0,0.0,1.8862066340000183,True,173260,0,4,4,A,5088,0.425,True,5.543267660999959
0,38.41436072962214,564,0,,0.465026880943456,0.6625263249999307,dstar_lite,False,0,0,1557,6617,699,0.04162527500000124,0,0.0,0.045422281000014664,True,2045,0,7,7,A,5089,0.4375,True,1.9325075000001561
0,38.49466805936737,558,0,,0.4596194077712549,0.9498448580000058,dstar_lite,False,0,0,5138,21150,94,0.13161116000003403,0,0.0,0.033303576000093926,True,372,0,4,4,A,5090,0.45,True,1.6453059489998623
0,38.727071112047206,576,0,,0.465026880943456,1.1141789550000567,dstar_lite,False,0,0,584,2484,291,0.023056291999978384,0,0.0,0.036840460000007624,True,1534,0,7,7,A,5091,0.4875,True,3.01070148600013
0,38.27025536694334,566,0,,0.465026880943456,1.6741787729999942,dstar_lite,False,0,0,4094,17287,972,0.08375974700004463,0,0.0,0.09976337499995225,True,6033,0,4,4,A,5092,0.3875,True,2.6737031049999587
0,38.5927376476124,581,0,,0.465026880943456,3.075656706000018,dstar_lite,False,0,0,10743,44453,557,0.22615363399995658,0,0.0,0.10530252799992468,True,2383,0,5,5,A,5093,0.475,True,4.849860799999874
0,39.044005373926076,599,0,,0.465026880943456,2.7943198939999547,dstar_lite,False,0,0,10302,42866,568,0.22684661499999947,0,0.0,0.11995857900001283,True,2467,0,4,4,A,5094,0.5,True,5.862154253999961
0,38.400513499361246,581,0,,0.465026880943456,4.5901281229999995,dstar_lite,False,0,0,8899,36220,2123,0.18076862099997015,0,0.0,0.14255136799999946,True,6404,0,4,4,A,5095,0.375,True,6.0688345530001016
0,37.4241246906551,575,0,,0.465026880943456,1.755601325999919,dstar_lite,False,0,0,1219,5260,48,0.0659924349999983,0,0.0,0.027039865000006102,True,48,0,6,6,A,5096,0.525,True,3.821168701999909
0,37.65466599982403,566,0,,0.475657439761009,1.675566611000022,dstar_lite,False,0,0,11736,47905,16917,0.2476139160000912,0,0.0,1.424394602999996,True,123821,0,4,4,A,5097,0.425,True,3.2654562540000143
0,39.634498708593846,617,0,,0.465026880943456,2.9186773640000183,dstar_lite,False,0,0,879,3790,395,0.03669798499993249,0,0.0,0.041100383999946644,True,1823,0,8,8,A,5098,0.45,True,6.583508484000163
0,40.730149737100106,617,0,,0.475657439761009,3.7492734800000562,dstar_lite,False,0,0,6339,26252,42525,0.14637260799997875,0,0.0,3.5976480680000122,True,331479,0,4,4,A,5099,0.575,True,7.462198638000132
0,39.27723770334469,591,0,,0.465026880943456,8.286159064000003,dstar_lite,False,0,0,1724,7292,248,0.09597304700002951,0,0.0,0.047542828000018744,True,966,0,6,6,A,5100,0.5625,True,9.26569721699991
0,37.84843547639801,574,0,,0.475657439761009,3.0509623130000136,dstar_lite,False,0,0,3583,15004,4664,0.10484371799998371,0,0.0,0.3218242799999871,True,26020,0,5,5,A,5101,0.4625,True,4.6669825879998825
0,37.96094659457274,574,0,,0.465026880943456,4.8093227399999705,dstar_lite,False,0,0,2264,9608,697,0.05708683499995004,0,0.0,0.06548450100001446,True,3149,0,5,5,A,5102,0.375,True,6.37529881599994
0,37.972498037253125,578,0,,0.465026880943456,3.821637805000023,dstar_lite,False,0,0,2022,8581,166,0.07810673599999518,0,0.0,0.04495679999990898,True,1065,0,7,7,A,5103,0.475,True,6.328639702000032
0,36.47592534006652,537,0,,0.465026880943456,1.4577865300000212,dstar_lite,False,0,0,8153,33757,2045,0.16781577999995534,0,0.0,0.19054959499999313,True,12068,0,4,4,A,5104,0.425,True,2.636279066000043
0,39.18444762582352,604,0,,0.475657439761009,3.2267678399999795,dstar_lite,False,0,0,5675,23415,11708,0.12464667399990503,0,0.0,0.8803522009999369,True,78699,0,4,4,A,5105,0.475,True,5.891386516000011
0,37.587858588954454,558,0,,0.465026880943456,3.6932868190000363,dstar_lite,False,0,0,4253,17770,303,0.11274383499994656,0,0.0,0.0564127530000178,True,1149,0,4,4,A,5106,0.45,True,4.920994405999977
0,38.69347432828758,587,0,,0.475657439761009,1.4833832709999797,dstar_lite,False,0,0,5972,24693,7770,0.10225412199997663,0,0.0,0.4959394910000583,True,42064,0,4,4,A,5107,0.4125,True,2.2853683609998825
0,39.90628914456145,616,0,,0.465026880943456,2.4775447160000112,dstar_lite,False,0,0,1469,6096,941,0.07090295699993021,0,0.0,0.05810566299999209,True,3055,0,5,5,A,5108,0.3375,True,5.138220622999938
0,40.484136590335595,617,0,,0.4596194077712549,5.363818851000019,dstar_lite,False,0,0,5519,22842,1128,0.141495931999998,0,0.0,0.1128028659999245,True,3658,0,5,5,A,5109,0.5375,True,8.281418315999872
0,36.33327696467094,545,0,,0.465026880943456,2.025260263000064,dstar_lite,False,0,0,4077,17159,572,0.09997207399999297,0,0.0,0.07006509300003927,True,2643,0,5,5,A,5110,0.4375,True,3.7362810299999865
0,40.452836079933284,623,0,,0.465026880943456,7.534494317999929,dstar_lite,False,0,0,7727,31769,2198,0.1327546169999323,0,0.0,0.12026528799992775,True,5455,0,3,3,A,5111,0.3625,True,11.056487855999876
0,40.04237519143361,634,0,,0.475657439761009,2.812908036999943,dstar_lite,False,0,0,1726,7251,536,0.053956156999902305,0,0.0,0.043236732999957894,True,1370,0,8,8,A,5112,0.4625,True,5.448987720999867
0,38.59999301601125,568,0,,0.465026880943456,1.7447906590000457,dstar_lite,False,0,0,3562,15111,3431,0.0780881059999956,0,0.0,0.28356915599999866,True,23902,0,5,5,A,5113,0.4375,True,2.8060541570000623
0,38.734576445170255,577,0,,0.465026880943456,2.968449812000017,dstar_lite,False,0,0,15275,63480,4623,0.28505327899995336,0,0.0,0.4504808570000023,True,32001,0,3,3,A,5114,0.4,True,4.171211902999971
0,38.483953029451186,596,0,,0.475657439761009,2.8393219849999696,dstar_lite,False,0,0,3786,15653,32798,0.0957047850000663,0,0.0,2.7395112030000064,True,254406,0,4,4,A,5115,0.5125,True,4.793544497000198
0,43.1809187513396,681,0,,0.465026880943456,5.016056682999988,dstar_lite,False,0,0,3578,15126,1256,0.12139770300007058,0,0.0,0.10107385900005283,True,4723,0,8,8,A,5116,0.5125,True,10.639281816000334
0,37.46089011468206,571,0,,0.475657439761009,1.2951542199999722,dstar_lite,False,0,0,8547,35033,8772,0.13631346299996494,0,0.0,0.5860396729999593,True,47867,0,5,5,A,5117,0.4625,True,3.446404560000019
0,37.53567399751329,580,0,,0.465026880943456,3.4442990339999824,dstar_lite,False,0,0,1110,4691,165,0.037459718000036446,0,0.0,0.039159351999956016,True,944,0,8,8,A,5118,0.4375,True,4.82353662100013
0,40.58199679823093,626,0,,0.475657439761009,1.584088004000023,dstar_lite,False,0,0,7445,30457,5938,0.14474341000004642,0,0.0,0.340266235999934,True,27213,0,5,5,A,5119,0.45,True,4.064530748000152
0,40.208849754062044,629,0,,0.475657439761009,1.8238367590000735,dstar_lite,False,0,0,2680,10960,3402,0.058447490000048674,0,0.0,0.13086695699996653,True,9961,0,6,6,A,5120,0.475,True,5.493032106000101
0,39.127796122890665,597,0,,0.465026880943456,1.375476717999959,dstar_lite,False,0,0,1318,5423,85,0.039216099999975995,0,0.0,0.022413351999944098,True,506,0,8,8,A,5121,0.425,True,3.995916714000032
0,39.794378391780164,608,0,,0.465026880943456,2.1128667530000484,dstar_lite,False,0,0,7638,31735,3886,0.14656278100005693,0,0.0,0.32544990100007,True,23364,0,6,6,A,5122,0.45,True,3.882335451000131
0,37.227794736804405,564,0,,0.465026880943456,1.5029962510000132,dstar_lite,False,0,0,3720,15433,2049,0.11631588300008389,0,0.0,0.12224595500003943,True,7335,0,5,5,A,5123,0.5875,True,3.2610557059998655
0,37.988974549123974,586,0,,0.465026880943456,2.4301968490000263,dstar_lite,False,0,0,863,3726,1374,0.033543060999932095,0,0.0,0.10013930100001289,True,7517,0,7,7,A,5124,0.4375,True,4.18389110399994
0,38.27773535038791,586,0,,0.465026880943456,1.4655468079999991,dstar_lite,False,0,0,12651,52269,15453,0.24707746000001407,0,0.0,1.1878445439999723,True,102518,0,4,4,A,5125,0.475,True,4.298612353999943
0,37.904514829566985,547,0,,0.465026880943456,1.3394845320000286,dstar_lite,False,0,0,3154,13250,877,0.05911542900003042,0,0.0,0.09390035199999147,True,6147,0,3,3,A,5126,0.2875,True,1.7009951410000212
0,38.869273263706795,597,0,,0.465026880943456,1.4081562629999098,dstar_lite,False,0,0,4533,18737,3132,0.08093194999992193,0,0.0,0.23438532199998008,True,18712,0,7,7,A,5127,0.425,True,3.310285571999998
0,37.73544530187497,571,0,,0.465026880943456,2.9721635780000497,dstar_lite,False,0,0,3452,14506,278,0.06738057099994421,0,0.0,0.053495254000040404,True,1498,0,5,5,A,5128,0.375,True,4.728400382000018
0,37.69684705361889,582,0,,0.465026880943456,1.082237206000059,dstar_lite,False,0,0,1447,6131,373,0.050187324000035005,0,0.0,0.03443593999998029,True,1546,0,7,7,A,5129,0.525,True,2.982775490000108
0,38.39737580731575,583,0,,0.465026880943456,4.774380747999999,dstar_lite,False,0,0,2009,8542,1245,0.07373036699993918,0,0.0,0.11686675299995386,True,7624,0,6,6,A,5130,0.5125,True,6.259243910000009
0,39.33917345906034,619,0,,0.465026880943456,4.4825302919999785,dstar_lite,False,0,0,1371,5781,520,0.0444487150000441,0,0.0,0.05834195199997794,True,3102,0,8,8,A,5131,0.5,True,6.552865721000103
0,42.29513655620923,652,0,,0.475657439761009,3.872816317999991,dstar_lite,False,0,0,5560,22845,7925,0.11360283700003038,0,0.0,0.3589332139999897,True,29453,0,3,3,A,5132,0.5,True,4.439840638999954
0,42.13952359282115,681,0,,0.475657439761009,3.314511883000023,dstar_lite,False,0,0,1832,7613,12008,0.05937351200009289,0,0.0,0.988064439000027,True,91214,0,6,6,A,5133,0.475,True,7.912455488999967
0,36.51742111295352,537,0,,0.465026880943456,1.3054089109999722,dstar_lite,False,0,0,5747,23686,2076,0.1217052380000041,0,0.0,0.12105354800007717,True,7236,0,5,5,A,5134,0.4125,True,2.2034342109999443
0,40.05928222949778,619,0,,0.475657439761009,4.703101534999973,dstar_lite,False,0,0,6842,28280,1951,0.2037732789999609,0,0.0,0.11734266500002377,True,5950,0,5,5,A,5135,0.4875,True,6.184028279000017
0,36.296363734016886,526,0,,0.465026880943456,0.753559672999927,dstar_lite,False,0,0,15772,64952,3040,0.3201551860000791,0,0.0,0.29440520900004685,True,17952,0,3,3,A,5136,0.4375,True,1.4576304349999418
0,36.10304277121542,533,0,,0.465026880943456,1.3209498639999993,dstar_lite,False,0,0,3925,16264,440,0.08853971199994248,0,0.0,0.05805163800005175,True,2011,0,4,4,A,5137,0.4125,True,2.3100207779999664
0,41.05944176215978,648,0,,0.475657439761009,8.906457234999948,dstar_lite,False,0,0,3374,14079,542,0.07278623299998799,0,0.0,0.05983565299993643,True,1252,0,6,6,A,5138,0.325,True,10.356777534999765
0,43.418786114801264,674,0,,0.475657439761009,8.640841172000023,dstar_lite,False,0,0,3883,16074,880,0.06719433400007802,0,0.0,0.06579827800010207,True,3475,0,4,4,A,5139,0.3,True,12.696155981999937
0,38.45755893246952,584,0,,0.465026880943456,2.013323209000191,dstar_lite,False,0,0,816,3530,829,0.03248037100001966,0,0.0,0.08194451299982575,True,4760,0,5,5,A,5140,0.4625,True,4.114682146000405
0,40.55774729064157,630,0,,0.475657439761009,6.761533476000068,dstar_lite,False,0,0,3347,13889,2399,0.0695024399999511,0,0.0,0.07725288900019223,True,4466,0,5,5,A,5141,0.3875,True,10.893606352999996
0,37.81620491026065,560,0,,0.4596194077712549,1.872919020000154,dstar_lite,False,0,0,1230,5300,407,0.04445751699995526,0,0.0,0.03582219499980965,True,982,0,4,4,A,5142,0.4,True,3.3749552290003066
0,39.50911646400474,625,0,,0.465026880943456,2.01980191299981,dstar_lite,False,0,0,1966,8197,2446,0.06991656500008503,0,0.0,0.13888275600015731,True,9883,0,5,5,A,5143,0.5,True,5.1662293710000995
0,39.33928253285104,603,0,,0.465026880943456,1.895383025000001,dstar_lite,False,0,0,3720,15451,5720,0.08452502100021775,0,0.0,0.34514110600002823,True,28791,0,5,5,A,5144,0.5625,True,3.8432524980000835
0,37.38809955888812,567,0,,0.465026880943456,2.9810106229999747,dstar_lite,False,0,0,2476,10580,1555,0.05514652900001238,0,0.0,0.1494528949999676,True,11394,0,7,7,A,5145,0.425,True,4.508669664999843
0,37.630121662729465,575,0,,0.475657439761009,5.753153526999995,dstar_lite,False,0,0,744,3179,383,0.036231415999964156,0,0.0,0.033021813999994265,True,1947,0,5,5,A,5146,0.3625,True,6.784220117999894
0,37.655558136658165,574,0,,0.465026880943456,2.7590765639999972,dstar_lite,False,0,0,9702,40538,914,0.19563337099998535,0,0.0,0.10563320899996143,True,2157,0,5,5,A,5147,0.4625,True,6.035423567999715
0,38.043339861053106,565,0,,0.465026880943456,1.0672845240001152,dstar_lite,False,0,0,611,2668,252,0.0333244260000356,0,0.0,0.02992867800003296,True,1401,0,6,6,A,5148,0.475,True,2.866859785000088
0,38.761590860671724,586,0,,0.465026880943456,3.7097747860000254,dstar_lite,False,0,0,2043,8585,117,0.0678571229998397,0,0.0,0.034275437999895075,True,647,0,7,7,A,5149,0.4,True,5.551873154999839
0,36.007793001918934,529,0,,0.465026880943456,0.537501544999941,dstar_lite,False,0,0,6720,28114,4448,0.12685675200009427,0,0.0,0.38755691000005754,True,31766,0,4,4,A,5150,0.4125,True,1.6100369749999572
0,39.82397605122604,600,0,,0.475657439761009,1.1052458170001955,dstar_lite,False,0,0,3704,15335,2510,0.0799535769999693,0,0.0,0.15591018999998596,True,10663,0,5,5,A,5151,0.525,True,2.8436706230002073
0,38.97100379624165,601,0,,0.475657439761009,1.1634943739998107,dstar_lite,False,0,0,3391,14041,4162,0.12954191499989065,0,0.0,0.26183687100001407,True,21258,0,6,6,A,5152,0.4875,True,3.4948989769998207
0,40.152771595896766,599,0,,0.475657439761009,2.27489495299983,dstar_lite,False,0,0,21728,89674,21129,0.42028974099980587,0,0.0,1.8511978389999513,True,156439,0,2,2,A,5153,0.4875,True,4.298072413999762
0,38.34013940835312,570,0,,0.465026880943456,0.8985944119999658,dstar_lite,False,0,0,390,1672,29,0.029185614999960308,0,0.0,0.013029338000023927,True,29,0,6,6,A,5154,0.4375,True,2.7237352879999435
0,37.13309686686622,558,0,,0.465026880943456,0.8060657610001272,dstar_lite,False,0,0,2901,12197,2684,0.06518236000010802,0,0.0,0.17909511899983954,True,13713,0,6,6,A,5155,0.5,True,2.9952425199999198
0,38.96152686669213,587,0,,0.465026880943456,1.2964182769999297,dstar_lite,False,0,0,568,2453,140,0.026794112000061432,0,0.0,0.022239758999830883,True,171,0,8,8,A,5156,0.475,True,3.40807132899954
0,38.619860550833174,569,0,,0.465026880943456,1.264912410000079,dstar_lite,False,0,0,7411,30470,5050,0.14386244699994677,0,0.0,0.4040800749999107,True,33854,0,3,3,A,5157,0.375,True,2.368000775999917
0,36.88945465691709,559,0,,0.465026880943456,2.0283870099999604,dstar_lite,False,0,0,3281,13717,1592,0.08812466000017594,0,0.0,0.13354511300008198,True,9269,0,7,7,A,5158,0.5375,True,3.8960909979998632
0,38.745447641103304,577,0,,0.465026880943456,2.3265954860000875,dstar_lite,False,0,0,10308,42607,250,0.22033561800003554,0,0.0,0.09528468200005591,True,1430,0,5,5,A,5159,0.4375,True,4.045581873999936
0,37.37259752532618,550,0,,0.465026880943456,1.5819585209999332,dstar_lite,False,0,0,3616,14995,492,0.07159875899992585,0,0.0,0.040724121000039304,True,1935,0,5,5,A,5160,0.4625,True,2.939040169000009
0,40.17919628789742,605,0,,0.465026880943456,6.647214117999965,dstar_lite,False,0,0,2031,8461,486,0.059203058999855784,0,0.0,0.037371255999914865,True,1000,0,7,7,A,5161,0.4,True,7.485729427999786
0,39.87488123968051,592,0,,0.465026880943456,3.128351221999992,dstar_lite,False,0,0,4243,17683,6045,0.10041406100003769,0,0.0,0.43450362799990216,True,36361,0,5,5,A,5162,0.3375,True,3.974037070000122
0,38.199053868665395,562,0,,0.465026880943456,0.9308117430000493,dstar_lite,False,0,0,5033,21042,4994,0.10330891100011286,0,0.0,0.4342317739999544,True,36705,0,6,6,A,5163,0.4,True,2.088661187000298
0,35.91266414179558,535,0,,0.465026880943456,0.7480646910000814,dstar_lite,False,0,0,3693,15507,127,0.07987287599985393,0,0.0,0.029204332999825056,True,258,0,5,5,A,5164,0.3125,True,2.393394857999965
0,39.25191395169597,601,0,,0.475657439761009,1.692238017000136,dstar_lite,False,0,0,8418,35294,3072,0.17198750400007157,0,0.0,0.2340076080001836,True,13871,0,5,5,A,5165,0.4375,True,3.892333921000045
0,38.24103999576147,601,0,,0.475657439761009,3.340760659999887,dstar_lite,False,0,0,759,3091,684,0.07313029100009771,0,0.0,0.07692397000005258,True,4653,0,6,6,A,5166,0.475,True,5.866765368999722
0,39.34387248933847,613,0,,0.465026880943456,1.9125587720000112,dstar_lite,False,0,0,1576,6651,585,0.052652682999905664,0,0.0,0.048493764999875566,True,2851,0,9,9,A,5167,0.425,True,4.526028805000124
0,37.68832381665022,565,0,,0.465026880943456,2.819692454999995,dstar_lite,False,0,0,1799,7618,439,0.07193743899983929,0,0.0,0.06838291999997637,True,2905,0,5,5,A,5168,0.4875,True,4.467774290000307
0,37.50526260780719,541,0,,0.465026880943456,0.48689928599992527,dstar_lite,False,0,0,3899,16365,14,0.08426096500011226,0,0.0,0.03144700300003933,True,14,0,4,4,A,5169,0.3625,True,1.4757107039999937
0,38.737288168411744,590,0,,0.465026880943456,3.793527504999929,dstar_lite,False,0,0,3022,12729,502,0.10089136200008397,0,0.0,0.05324146899988591,True,1100,0,6,6,A,5170,0.4625,True,5.805276953999737
0,42.4254038765892,654,0,,0.475657439761009,11.55769198300004,dstar_lite,False,0,0,9336,39529,1482,0.19080448499994418,0,0.0,0.2231978509998953,True,8463,0,4,4,A,5171,0.4125,True,13.401503966000064
0,41.621969056236566,678,0,,0.47565743976100916,2.4791297759998088,dstar_lite,False,0,0,3184,13143,8256,0.07415187199990214,0,0.0,0.6697096460000012,True,57670,0,6,6,A,5172,0.5125,True,6.791641538000022
0,41.38541196421264,653,0,,0.465026880943456,5.709878147999916,dstar_lite,False,0,0,1453,6219,1740,0.044986599999901955,0,0.0,0.10361567000018113,True,7280,0,8,8,A,5173,0.525,True,11.366359611999542
0,42.21392659614768,659,0,,0.465026880943456,2.943763077999847,dstar_lite,False,0,0,6452,26906,4912,0.13879697700008364,0,0.0,0.32562473200005115,True,25414,0,6,6,A,5174,0.5125,True,7.0095263410000825
0,37.55160771820416,539,0,,0.465026880943456,0.6669257089999974,dstar_lite,False,0,0,1276,5437,2,0.04947467500005587,0,0.0,0.016552981999893746,True,2,0,5,5,A,5175,0.475,True,1.6630475730000853
0,40.624651402958065,624,0,,0.475657439761009,2.377111639000077,dstar_lite,False,0,0,12845,52878,25514,0.2554453550001199,0,0.0,2.11867423700005,True,183961,0,7,7,A,5176,0.4875,True,6.53436800500026
0,39.022884596821946,573,0,,0.465026880943456,3.56709769400004,dstar_lite,False,0,0,4997,21203,2110,0.09778100199991968,0,0.0,0.19754146500008574,True,14029,0,4,4,A,5177,0.3875,True,4.26755055700005
0,37.96784218910168,576,0,,0.465026880943456,2.808079477000092,dstar_lite,False,0,0,13158,54329,1269,0.24364601299998867,0,0.0,0.1257478350000838,True,2852,0,3,3,A,5178,0.475,True,5.106409740000117
0,37.96648389794494,559,0,,0.465026880943456,1.1045386220000637,dstar_lite,False,0,0,4607,18838,144,0.1004826220000723,0,0.0,0.04064494099998228,True,664,0,5,5,A,5179,0.375,True,2.631735929000115
0,38.71690193077655,564,0,,0.465026880943456,0.6262957260000803,dstar_lite,False,0,0,2502,10530,548,0.056486918000018704,0,0.0,0.0477846920000502,True,2873,0,5,5,A,5180,0.4375,True,1.6827565460002916
0,38.168973926152646,595,0,,0.475657439761009,1.2233009889998812,dstar_lite,False,0,0,5400,22505,8156,0.11492392000013751,0,0.0,0.6016820869999719,True,51206,0,5,5,A,5181,0.3625,True,3.8722950719998153
0,40.64337336035825,630,0,,0.465026880943456,4.289199351999969,dstar_lite,False,0,0,1821,7641,111,0.05340331200000037,0,0.0,0.03360530099985226,True,111,0,7,7,A,5182,0.475,True,6.049504587999991
0,46.17669086639761,733,0,,0.475657439761009,10.68763891499998,dstar_lite,False,0,0,4665,19264,2432,0.08548211500010439,0,0.0,0.1250878969999576,True,8810,0,7,7,A,5183,0.475,True,16.22632139500024
0,43.080211441410086,683,0,,0.475657439761009,2.724925591999863,dstar_lite,False,0,0,3880,16199,2964,0.08696633200020187,0,0.0,0.145767239999941,True,9810,0,8,8,A,5184,0.4125,True,7.386876804000167
0,37.2092070210328,556,0,,0.465026880943456,1.559735579999824,dstar_lite,False,0,0,1225,5320,123,0.052167824000207474,0,0.0,0.033385723000037615,True,764,0,7,7,A,5185,0.475,True,3.3446256350000567
0,37.839368486244716,551,0,,0.465026880943456,2.3063863760000913,dstar_lite,False,0,0,11988,50326,122,0.23852107700008673,0,0.0,0.09212349400013409,True,723,0,3,3,A,5186,0.375,True,3.1672553079999943
0,37.243395280675735,562,0,,0.465026880943456,1.404454319000024,dstar_lite,False,0,0,5274,22143,3491,0.12981425399993896,0,0.0,0.2636851190000016,True,20113,0,4,4,A,5187,0.4,True,2.8804559950001476
0,37.02406403017785,552,0,,0.465026880943456,1.5330263719999948,dstar_lite,False,0,0,5226,21915,2548,0.10776873999998315,0,0.0,0.20908483099992736,True,15049,0,4,4,A,5188,0.4375,True,2.9564717519999704
0,37.852617821697656,567,0,,0.465026880943456,1.8060161779999362,dstar_lite,False,0,0,4048,17107,912,0.0929915820001952,0,0.0,0.07136159700007738,True,3748,0,5,5,A,5189,0.5375,True,3.986916939999901
0,38.628262213876205,560,0,,0.465026880943456,0.5079060350001328,dstar_lite,False,0,0,2732,11527,927,0.05550873199990747,0,0.0,0.08302528700005496,True,5800,0,4,4,A,5190,0.3875,True,1.3056824060001873
0,38.52997190267236,593,0,,0.475657439761009,5.8031657879998875,dstar_lite,False,0,0,2497,10544,3466,0.06187052500013124,0,0.0,0.2360786829999597,True,19006,0,4,4,A,5191,0.4875,True,7.022208417000002
0,40.168184212194475,617,0,,0.475657439761009,1.7254307820001031,dstar_lite,False,0,0,5190,21788,4379,0.1105271989999892,0,0.0,0.3470854260001488,True,27070,0,5,5,A,5192,0.4375,True,4.271860454999796
0,39.99701532207874,629,0,,0.475657439761009,3.0494811360001677,dstar_lite,False,0,0,18178,75083,21469,0.35028648599995904,0,0.0,1.6941812929999287,True,145631,0,3,3,A,5193,0.4375,True,6.121849932000032
0,43.225905015058416,689,0,,0.47565743976100916,7.004443894000133,dstar_lite,False,0,0,9480,38515,80237,0.19665696999982174,0,0.0,6.802011782000136,True,629504,0,5,5,A,5194,0.4625,True,10.587620184999878
0,37.058441531545874,564,0,,0.465026880943456,1.9093899950000832,dstar_lite,False,0,0,4734,19530,4250,0.10114598199993452,0,0.0,0.23921275799989417,True,19213,0,5,5,A,5195,0.4375,True,3.4760851860003186
0,35.52062171033888,516,0,,0.465026880943456,0.7567535359999056,dstar_lite,False,0,0,4954,20790,598,0.11874654600001122,0,0.0,0.06978883600004337,True,2683,0,5,5,A,5196,0.4125,True,1.514654346000043
0,39.060121771798926,592,0,,0.465026880943456,1.9558786820000478,dstar_lite,False,0,0,2830,11880,3535,0.07648620800000572,0,0.0,0.26739347700004146,True,21839,0,7,7,A,5197,0.475,True,3.678943144999721
0,39.78062241005023,601,0,,0.475657439761009,1.0538354909999725,dstar_lite,False,0,0,12310,50923,9313,0.22342220500013354,0,0.0,0.630518802999859,True,50103,0,3,3,A,5198,0.425,True,2.947855206999975
0,36.56706689276161,534,0,,0.465026880943456,0.8836133330000848,dstar_lite,False,0,0,5849,24648,1394,0.1489763629999743,0,0.0,0.1556705589998728,True,9695,0,4,4,A,5199,0.4625,True,1.8478264639998088
0,39.60994964816414,595,0,,0.465026880943456,3.0902028220000375,dstar_lite,False,0,0,2656,10969,613,0.09515173400018284,0,0.0,0.06835632000002079,True,3029,0,6,6,A,5200,0.4125,True,4.058083398000008
0,38.59341917214146,583,0,,0.465026880943456,1.1685836840001684,dstar_lite,False,0,0,4195,17263,3421,0.08972608799990667,0,0.0,0.21800199300014356,True,16757,0,7,7,A,5201,0.4875,True,2.7653907320000144
0,41.931846653544,676,0,,0.475657439761009,5.8499652660000265,dstar_lite,False,0,0,884,3675,324,0.0367055099998197,0,0.0,0.033946344000014506,True,978,0,8,8,A,5202,0.525,True,9.532537633999937
0,38.76630549915465,581,0,,0.465026880943456,4.082163021000042,dstar_lite,False,0,0,422,1799,81,0.03995811999993748,0,0.0,0.019340026999998372,True,214,0,5,5,A,5203,0.525,True,5.471220938000215
0,37.32544601381746,558,0,,0.465026880943456,2.1957262559999435,dstar_lite,False,0,0,12587,51236,10507,0.1900311120000424,0,0.0,0.7705899210000098,True,66445,0,3,3,A,5204,0.4125,True,3.6971653610000885
0,37.38757559371549,555,0,,0.465026880943456,3.6146705280000333,dstar_lite,False,0,0,8247,34089,2197,0.15222601400000713,0,0.0,0.21086320099993827,True,13633,0,5,5,A,5205,0.475,True,4.727189973999884
0,40.47976130862893,631,0,,0.465026880943456,2.046699632999889,dstar_lite,False,0,0,3134,13213,309,0.09857160199999271,0,0.0,0.06752748200005954,True,1498,0,8,8,A,5206,0.525,True,6.490246600000091
0,37.2526960659439,560,0,,0.465026880943456,2.1273494069998833,dstar_lite,False,0,0,4398,18645,538,0.09651922400007606,0,0.0,0.06400374999998348,True,2129,0,6,6,A,5207,0.4875,True,3.7478831730002184
0,35.54006318740468,528,0,,0.4596194077712549,1.0906914360000428,dstar_lite,False,0,0,2008,8496,2449,0.05465054899991628,0,0.0,0.18766139600006682,True,13730,0,4,4,A,5208,0.4125,True,1.9050199749999592
0,39.45000317278695,617,0,,0.475657439761009,1.8035782889999155,dstar_lite,False,0,0,7347,30347,2637,0.14898158799996963,0,0.0,0.1853580189999775,True,11442,0,7,7,A,5209,0.5125,True,4.07563740500018
0,38.48896648047336,579,0,,0.465026880943456,2.428734480000003,dstar_lite,False,0,0,16118,66334,4068,0.3243964840000899,0,0.0,0.32607363500005704,True,19670,0,4,4,A,5210,0.4625,True,4.410816831000375
0,37.95963719780405,573,0,,0.465026880943456,1.9102110920000541,dstar_lite,False,0,0,1117,4786,180,0.0382192730000952,0,0.0,0.025091754999948535,True,888,0,5,5,A,5211,0.3625,True,3.769026100999554
0,37.607213859657,571,0,,0.465026880943456,2.375110478000124,dstar_lite,False,0,0,862,3726,190,0.04247742300003665,0,0.0,0.035510347999888836,True,1011,0,5,5,A,5212,0.45,True,5.089022656999987
0,37.92807500583244,575,0,,0.4962358310319797,3.8428403030000027,dstar_lite,False,0,0,262,1137,426,0.008933890999969663,0,0.0,0.02455567400011205,True,1766,0,7,7,A,5213,0.4125,True,5.092164054999785
0,39.34278870171,597,0,,0.465026880943456,2.619308315999888,dstar_lite,False,0,0,2979,12500,1603,0.06333615899984579,0,0.0,0.08665797499998007,True,5329,0,4,4,A,5214,0.4375,True,3.5362017529998866
0,38.89566455206211,598,0,,0.465026880943456,2.357812830999819,dstar_lite,False,0,0,2590,10915,1463,0.07435027399992578,0,0.0,0.1270266009998977,True,7723,0,6,6,A,5215,0.4375,True,4.58415743799992
0,38.42671442070651,590,0,,0.465026880943456,3.7264656439999726,dstar_lite,False,0,0,2638,11242,1946,0.08391987699997117,0,0.0,0.13618803600002138,True,8143,0,6,6,A,5216,0.375,True,5.817807438000045
0,37.90677533995013,576,0,,0.475657439761009,2.5582158960000925,dstar_lite,False,0,0,5307,21959,29635,0.09625344799997038,0,0.0,2.457618338999964,True,226686,0,4,4,A,5217,0.475,True,4.30656166000017
0,40.95406850142008,633,0,,0.475657439761009,2.0714419369999177,dstar_lite,False,0,0,1904,8026,1322,0.05412508799986426,0,0.0,0.06848527700003615,True,4136,0,4,4,A,5218,0.45,True,4.832514150999941
0,38.097127244877186,592,0,,0.475657439761009,2.7362675320000562,dstar_lite,False,0,0,1618,6845,280,0.039220265000039944,0,0.0,0.041374983999958204,True,1598,0,6,6,A,5219,0.3625,True,4.9264921779999895
0,38.27855911579507,590,0,,0.465026880943456,1.783732814999894,dstar_lite,False,0,0,4112,17336,2282,0.08535510799993062,0,0.0,0.15794953999989048,True,9670,0,6,6,A,5220,0.5125,True,5.103161710000222
0,39.89920379658404,604,0,,0.465026880943456,3.7570937049999884,dstar_lite,False,0,0,907,3862,970,0.03688028799979293,0,0.0,0.06386672999997245,True,4300,0,5,5,A,5221,0.5375,True,5.978696949999858
0,39.42327251409481,591,0,,0.465026880943456,2.9465884680000727,dstar_lite,False,0,0,6048,25045,1783,0.12834889500004465,0,0.0,0.16981575399995563,True,10019,0,5,5,A,5222,0.4,True,6.4449159509999845
0,39.269631767194696,597,0,,0.475657439761009,2.0153278380000756,dstar_lite,False,0,0,1881,7986,2206,0.05532250200008093,0,0.0,0.14270163600008345,True,11068,0,5,5,A,5223,0.375,True,3.9560481899998194
0,38.57621753087816,568,0,,0.4596194077712549,2.2349941349998517,dstar_lite,False,0,0,4314,17906,1214,0.12787363699999332,0,0.0,0.09562510799992197,True,4408,0,4,4,A,5224,0.4375,True,2.84001323099983
0,37.946491745415955,587,0,,0.475657439761009,1.044000485999959,dstar_lite,False,0,0,888,3676,2606,0.03709009099998184,0,0.0,0.20799903199986147,True,17746,0,8,8,A,5225,0.375,True,2.8601255900000524
0,39.21393281169802,596,0,,0.465026880943456,1.4489006229998722,dstar_lite,False,0,0,3408,14214,777,0.06826827099985167,0,0.0,0.07476082299990594,True,4296,0,7,7,A,5226,0.525,True,3.3891663690001224
0,40.007714832965675,620,0,,0.475657439761009,3.442491329999939,dstar_lite,False,0,0,4810,20114,276,0.10628047599993806,0,0.0,0.04695091300004606,True,1377,0,6,6,A,5227,0.5125,True,8.872186912000416
0,44.02559746543966,689,0,,0.475657439761009,8.277866860000131,dstar_lite,False,0,0,1931,8106,1342,0.04817156800004341,0,0.0,0.056679336999877705,True,2982,0,6,6,A,5228,0.4125,True,15.037790076999954
0,38.550109989466485,578,0,,0.465026880943456,1.067957098000079,dstar_lite,False,0,0,1095,4632,528,0.03241286399997989,0,0.0,0.04327050599999893,True,2333,0,7,7,A,5229,0.4125,True,2.879500087999986
0,37.5731952169894,570,0,,0.465026880943456,0.8150164769999719,dstar_lite,False,0,0,2558,10787,151,0.0648778659999607,0,0.0,0.03210644399996454,True,822,0,6,6,A,5230,0.4875,True,2.7874085269997977
0,38.63763933136267,591,0,,0.465026880943456,1.2147520179998992,dstar_lite,False,0,0,3070,12923,2181,0.07903556199994455,0,0.0,0.15599642400002267,True,10650,0,7,7,A,5231,0.35,True,3.067140555000151
0,38.02041148780001,563,0,,0.465026880943456,2.7846103659999244,dstar_lite,False,0,0,2236,9368,2726,0.05152165300000888,0,0.0,0.20973751499991522,True,18396,0,4,4,A,5232,0.4625,True,3.9605859590001273
0,37.932310278646334,565,0,,0.465026880943456,2.1571419570000216,dstar_lite,False,0,0,3716,15642,2090,0.0715974439999627,0,0.0,0.1587663990001147,True,11603,0,4,4,A,5233,0.35,True,3.2858994440000515
0,37.34677947517371,547,0,,0.465026880943456,2.1817126470000403,dstar_lite,False,0,0,6487,27043,648,0.1345009989997834,0,0.0,0.09884913900009451,True,4075,0,3,3,A,5234,0.4625,True,3.194767402000025
0,36.822251562329335,535,0,,0.465026880943456,1.1990945089999059,dstar_lite,False,0,0,10653,44818,1110,0.18965826399994512,0,0.0,0.1596714110000903,True,7605,0,3,3,A,5235,0.35,True,1.9919100080001044
0,39.66086628023531,628,0,,0.4962358310319797,3.543666036000104,dstar_lite,False,0,0,4141,17286,1672,0.08670254999992721,0,0.0,0.17338394800003698,True,11929,0,7,7,A,5236,0.4875,True,7.014430407000418
0,37.92611618659124,568,0,,0.465026880943456,2.1649977939998735,dstar_lite,False,0,0,2691,11229,8992,0.05954797599997619,0,0.0,0.6643804909999744,True,59619,0,3,3,A,5237,0.4125,True,3.553003695000143
0,39.64693549976497,607,0,,0.465026880943456,1.4486835919999521,dstar_lite,False,0,0,1721,7273,1277,0.05424681500016959,0,0.0,0.10088491199985583,True,6491,0,6,6,A,5238,0.375,True,3.0228325319999385
0,40.6364327058681,630,0,,0.475657439761009,4.802334528000074,dstar_lite,False,0,0,6281,26050,3594,0.13481085099988377,0,0.0,0.18680452400008107,True,10589,0,7,7,A,5239,0.5625,True,8.155772643000091
0,39.99645844834294,625,0,,0.465026880943456,4.6213002380000034,dstar_lite,False,0,0,4769,20096,3184,0.122738604999995,0,0.0,0.20243674600010308,True,14184,0,3,3,A,5240,0.4375,True,8.749476646000176
0,38.4465511433391,588,0,,0.465026880943456,1.7264458029999332,dstar_lite,False,0,0,334,1436,725,0.019461337000166168,0,0.0,0.05495052099990971,True,3621,0,8,8,A,5241,0.4625,True,4.115544677999878
0,38.51597075812158,580,0,,0.475657439761009,2.714614318000031,dstar_lite,False,0,0,2833,12013,1123,0.0812926679998327,0,0.0,0.06677864200014483,True,3786,0,4,4,A,5242,0.3875,True,4.7452896349998355
0,39.09142056356917,598,0,,0.475657439761009,2.458335184000134,dstar_lite,False,0,0,4049,16744,1519,0.11575845100014703,0,0.0,0.10359904799997821,True,5794,0,5,5,A,5243,0.4625,True,4.538502690999849
0,39.138606481583075,592,0,,0.465026880943456,1.5796598070000982,dstar_lite,False,0,0,7332,30509,4310,0.16407980299982228,0,0.0,0.25543922999986535,True,17814,0,5,5,A,5244,0.4625,True,3.485899950000203
0,37.72938879588087,551,0,,0.465026880943456,0.804735090000122,dstar_lite,False,0,0,3806,15960,236,0.08215439700006755,0,0.0,0.052175432000012734,True,1081,0,5,5,A,5245,0.4,True,1.9003090900007464
0,38.505173280444254,602,0,,0.475657439761009,2.647205273000054,dstar_lite,False,0,0,2722,11292,629,0.07679004500005249,0,0.0,0.07084047000012106,True,3145,0,7,7,A,5246,0.4125,True,4.480527416999848
0,40.67556676070708,625,0,,0.465026880943456,2.7517357670001275,dstar_lite,False,0,0,2836,12018,593,0.07474475499998334,0,0.0,0.06013290800001414,True,2054,0,8,8,A,5247,0.475,True,5.195040345999814
0,37.991317569853,583,0,,0.465026880943456,2.178607087000046,dstar_lite,False,0,0,3388,14214,1359,0.08263043400006609,0,0.0,0.09599644600007196,True,5760,0,6,6,A,5248,0.5375,True,4.93242695500021
0,38.06548730641151,579,0,,0.4962358310319797,3.3893949000000703,dstar_lite,False,0,0,216,942,114,0.018170914999927845,0,0.0,0.023512460000119972,True,711,0,9,9,A,5249,0.45,True,5.031830626999863
0,36.80633829661821,559,0,,0.475657439761009,1.2607955409998794,dstar_lite,False,0,0,15875,65574,7105,0.28056901599984485,0,0.0,0.5156968979999874,True,36955,0,4,4,A,5250,0.3,True,3.2488778849999562
0,37.944845155938275,572,0,,0.465026880943456,3.1681487460000426,dstar_lite,False,0,0,3150,13372,2527,0.06889739400003236,0,0.0,0.22354410100001587,True,16573,0,6,6,A,5251,0.4,True,4.841210537000279
0,41.39566819947726,660,0,,0.475657439761009,7.493810136000093,dstar_lite,False,0,0,7572,31599,2677,0.12779991399997925,0,0.0,0.2209474510000291,True,14316,0,4,4,A,5252,0.3625,True,13.026187852000248
0,37.7896340412513,583,0,,0.465026880943456,1.8991264470000715,dstar_lite,False,0,0,3154,13158,1826,0.09413786899995102,0,0.0,0.12278830500008553,True,6474,0,5,5,A,5253,0.4875,True,4.552862382000285
0,40.580793244272854,621,0,,0.4596194077712549,1.469624789000136,dstar_lite,False,0,0,306,1319,71,0.02007614800004376,0,0.0,0.011556552999991254,True,71,0,7,7,A,5254,0.475,True,4.4980084629999055
0,43.509519067231196,683,0,,0.475657439761009,2.7991732010000305,dstar_lite,False,0,0,634,2771,93,0.044497631000012916,0,0.0,0.030753459999914412,True,660,0,8,8,A,5255,0.5375,True,6.612360457000477
0,40.02563627770357,616,0,,0.475657439761009,3.0270786349999526,dstar_lite,False,0,0,3565,14929,2889,0.10115324099979262,0,0.0,0.1671942069999659,True,12242,0,5,5,A,5256,0.3875,True,6.088250307000408
0,44.692640309776124,730,0,,0.47565743976100916,7.158379746000037,dstar_lite,False,0,0,4565,19144,1551,0.1115518990000055,0,0.0,0.11477275700008249,True,5497,0,7,7,A,5257,0.5625,True,11.400191444999791
0,41.86019852014488,668,0,,0.475657439761009,7.049644476999902,dstar_lite,False,0,0,2884,11986,6951,0.07626838400005909,0,0.0,0.462176953999915,True,38363,0,6,6,A,5258,0.5875,True,8.47012416299981
0,41.130894222937485,641,0,,0.475657439761009,1.4379911440000797,dstar_lite,False,0,0,4066,17011,4206,0.10008530300001439,0,0.0,0.23146057799999653,True,17676,0,7,7,A,5259,0.4375,True,4.8504654329997265
0,39.667616591644325,616,0,,0.465026880943456,2.458509561000028,dstar_lite,False,0,0,1739,7393,277,0.058398161000013715,0,0.0,0.046758194999938496,True,1341,0,9,9,A,5260,0.5625,True,6.512442439000097
0,38.10133997908121,558,0,,0.465026880943456,1.0656200010000703,dstar_lite,False,0,0,4167,17199,1676,0.08454992999986644,0,0.0,0.14927160900015224,True,11104,0,5,5,A,5261,0.3875,True,1.8152198530001442
0,40.68170276067283,618,0,,0.465026880943456,7.529775898000025,dstar_lite,False,0,0,1170,4963,412,0.03742312400004266,0,0.0,0.04791673199997604,True,1507,0,6,6,A,5262,0.5875,True,9.083121096000013
0,38.02389465702203,565,0,,0.465026880943456,2.667330346999961,dstar_lite,False,0,0,5414,22408,999,0.13309513599983802,0,0.0,0.09293468299983942,True,5358,0,5,5,A,5263,0.35,True,3.726293231999989
0,37.27557383383734,566,0,,0.475657439761009,1.529934429999912,dstar_lite,False,0,0,12241,50411,9055,0.21361038600002757,0,0.0,0.5602732019999621,True,45490,0,4,4,A,5264,0.425,True,2.6946960069999477
0,39.51689743947474,600,0,,0.465026880943456,3.7629882359999556,dstar_lite,False,0,0,5498,22888,155,0.12081308699998772,0,0.0,0.060970574000066335,True,863,0,5,5,A,5265,0.425,True,5.02081348899992
0,37.59260489338728,563,0,,0.465026880943456,2.827711946999898,dstar_lite,False,0,0,3025,12590,1105,0.0656434850000096,0,0.0,0.07479266399991502,True,4426,0,4,4,A,5266,0.4,True,4.066877379000061
0,42.437420079932025,667,0,,0.475657439761009,3.9373351459998958,dstar_lite,False,0,0,2613,11063,623,0.06864592099987021,0,0.0,0.05362063500001568,True,1660,0,6,6,A,5267,0.4625,True,9.760163914999566
0,37.22815507768764,546,0,,0.465026880943456,0.8050414309998359,dstar_lite,False,0,0,5362,21965,3717,0.10191553000004205,0,0.0,0.34762187299998004,True,27904,0,4,4,A,5268,0.425,True,2.200803816000189
0,38.029641337707595,574,0,,0.465026880943456,4.379949075000013,dstar_lite,False,0,0,255,1108,838,0.02932734099999834,0,0.0,0.07595819600010145,True,5130,0,8,8,A,5269,0.475,True,5.926334528000325
0,39.44623180117683,609,0,,0.465026880943456,1.3080925230001412,dstar_lite,False,0,0,2112,8876,960,0.053135499000063646,0,0.0,0.0623279689998526,True,3212,0,6,6,A,5270,0.5375,True,4.347746145000428
0,36.71800620973742,548,0,,0.465026880943456,1.212864596999907,dstar_lite,False,0,0,8520,35726,1381,0.16332887999988088,0,0.0,0.17041937899989534,True,8705,0,4,4,A,5271,0.45,True,3.200368344000026
0,38.4841636083086,605,0,,0.465026880943456,1.8588621589999548,dstar_lite,False,0,0,5312,22089,2444,0.12513214900013736,0,0.0,0.15665188200000557,True,10136,0,6,6,A,5272,0.525,True,4.146489787999826
0,39.91418384052932,638,0,,0.475657439761009,2.7740884099998766,dstar_lite,False,0,0,1925,8160,3910,0.06480690900002628,0,0.0,0.3627494190000107,True,29569,0,8,8,A,5273,0.5375,True,5.4911414689997855
0,42.90501444460634,698,0,,0.47565743976100916,4.442468183000074,dstar_lite,False,0,0,10434,42989,7637,0.19121886900006757,0,0.0,0.28389279199996054,True,19523,0,4,4,A,5274,0.3875,True,10.009758891000274
0,36.50784778966723,536,0,,0.465026880943456,0.8658031329998721,dstar_lite,False,0,0,622,2721,84,0.034375192999959836,0,0.0,0.01956655799995133,True,480,0,7,7,A,5275,0.45,True,2.199256983999476
0,44.8131832868886,684,0,,0.475657439761009,6.923716064000018,dstar_lite,False,0,0,9570,39671,1117,0.19707082900004025,0,0.0,0.1728927350000049,True,6780,0,5,5,A,5276,0.5125,True,10.997768582999925
0,39.45393340051135,601,0,,0.465026880943456,7.125356422000095,dstar_lite,False,0,0,2214,9484,165,0.066161270000066,0,0.0,0.04944125399993027,True,185,0,6,6,A,5277,0.525,True,8.684763810999812
0,39.062406598955064,585,0,,0.475657439761009,1.0356509559999267,dstar_lite,False,0,0,6927,28865,8109,0.14676482400000168,0,0.0,0.7035662759999468,True,60882,0,7,7,A,5278,0.475,True,2.600772723999853
0,37.674657769788624,571,0,,0.475657439761009,3.0540869689998544,dstar_lite,False,0,0,5326,22309,3238,0.12673062899989418,0,0.0,0.2473044299999856,True,18298,0,6,6,A,5279,0.375,True,4.824874525999803
0,38.74040898725146,590,0,,0.465026880943456,4.659392152999999,dstar_lite,False,0,0,6542,27338,2451,0.12969460399995114,0,0.0,0.2066174899998714,True,10395,0,5,5,A,5280,0.4125,True,5.935864199999969
0,40.53411769971629,628,0,,0.475657439761009,2.416645156999948,dstar_lite,False,0,0,1302,5359,2606,0.03817308299994693,0,0.0,0.1555821259998993,True,13068,0,8,8,A,5281,0.4625,True,4.058757507000109
0,39.201062632300285,606,0,,0.465026880943456,3.7866395620001185,dstar_lite,False,0,0,3031,12679,2741,0.06685666599992146,0,0.0,0.17092883700001948,True,12366,0,6,6,A,5282,0.45,True,5.558678179000026
0,38.32113639649584,579,0,,0.465026880943456,1.8942099579999194,dstar_lite,False,0,0,12183,50800,2661,0.25226082699987273,0,0.0,0.25559232700015855,True,15083,0,4,4,A,5283,0.4375,True,3.188382590000174
0,40.07760580015992,611,0,,0.465026880943456,1.8905954130000282,dstar_lite,False,0,0,5221,21836,1912,0.171101077000003,0,0.0,0.1424509589999161,True,8427,0,5,5,A,5284,0.475,True,3.9052741759999208
0,38.4814011704166,587,0,,0.475657439761009,2.508319048999965,dstar_lite,False,0,0,3176,13445,698,0.07231077300002653,0,0.0,0.061689101999945706,True,2388,0,5,5,A,5285,0.4875,True,4.3290623840000535
0,36.90089252435374,542,0,,0.465026880943456,1.5103370719998566,dstar_lite,False,0,0,8802,36134,495,0.1730245040000682,0,0.0,0.07437294099986502,True,2113,0,4,4,A,5286,0.525,True,2.5640982029997303
0,42.08010866023474,681,0,,0.475657439761009,2.84680167800002,dstar_lite,False,0,0,2125,8985,362,0.05574142099999335,0,0.0,0.04669270999988839,True,1800,0,7,7,A,5287,0.4875,True,7.019446250000101
0,40.00322237324564,619,0,,0.465026880943456,2.1870713680000335,dstar_lite,False,0,0,1670,6917,1215,0.05498237599999811,0,0.0,0.06469942800003992,True,3175,0,7,7,A,5288,0.45,True,4.564330208000456
0,38.00809233562661,578,0,,0.465026880943456,1.5161471259998507,dstar_lite,False,0,0,2269,9551,814,0.06533878300001561,0,0.0,0.05099858499988841,True,1769,0,6,6,A,5289,0.4125,True,4.099028979999957
0,41.77874340956974,648,0,,0.475657439761009,6.2995827920001375,dstar_lite,False,0,0,1544,6478,833,0.05232742899988807,0,0.0,0.05363864600008128,True,2854,0,8,8,A,5290,0.4875,True,9.173161428999947
0,40.826980511566084,615,0,,0.465026880943456,1.0841756939998959,dstar_lite,False,0,0,5421,22213,11071,0.09682063900004323,0,0.0,0.8566292399998474,True,76580,0,6,6,A,5291,0.425,True,2.9214875860002394
0,36.672508092928574,550,0,,0.465026880943456,4.750429252999993,dstar_lite,False,0,0,1719,7293,406,0.0799297819999083,0,0.0,0.053649139000071955,True,1331,0,5,5,A,5292,0.45,True,5.89575747899994
0,39.29221427530937,597,0,,0.465026880943456,1.3571539760000633,dstar_lite,False,0,0,1558,6639,676,0.04532615499988424,0,0.0,0.06183332099999461,True,3315,0,6,6,A,5293,0.4875,True,3.431034700000282
0,38.7814670505142,562,0,,0.465026880943456,0.8884382170001572,dstar_lite,False,0,0,3297,13818,328,0.07701410699996813,0,0.0,0.04670959200007019,True,1752,0,4,4,A,5294,0.4375,True,1.6589182240002174
0,37.48234553951281,544,0,,0.465026880943456,0.7459475089999614,dstar_lite,False,0,0,5710,23883,21,0.10752865599988581,0,0.0,0.04030795699986811,True,140,0,5,5,A,5295,0.325,True,1.8288185179997072
0,43.57545612193205,698,0,,0.47565743976100916,4.538584485000001,dstar_lite,False,0,0,25,103,81,0.01482867000004262,0,0.0,0.013327339000170468,True,359,0,8,8,A,5296,0.55,True,8.053572201999941
0,37.278850426509784,557,0,,0.465026880943456,1.9260667099999864,dstar_lite,False,0,0,1804,7705,1082,0.0769450660000075,0,0.0,0.0959495600000082,True,5965,0,5,5,A,5297,0.4125,True,3.445426939000299
0,39.424822470129584,605,0,,0.475657439761009,3.000036841999872,dstar_lite,False,0,0,8877,36535,33358,0.17903443099999095,0,0.0,2.8166954460000397,True,256481,0,5,5,A,5298,0.4625,True,5.1881399429998964
0,37.67527931235801,542,0,,0.465026880943456,0.6554952789999788,dstar_lite,False,0,0,3244,13556,176,0.08007772100017974,0,0.0,0.03567117800002961,True,1015,0,4,4,A,5299,0.3875,True,1.208616100999734
0,40.428436770042175,638,0,,0.465026880943456,2.4892038599998614,dstar_lite,False,0,0,2114,8765,1510,0.054851851999956125,0,0.0,0.10474709200002508,True,5289,0,7,7,A,5300,0.6375,True,7.3610632279996935
0,40.24406738903517,638,0,,0.465026880943456,2.4483000269999593,dstar_lite,False,0,0,3106,13109,4709,0.08286915000007866,0,0.0,0.36853701100017133,True,30964,0,7,7,A,5301,0.5,True,6.145267472999876
0,38.79316627976241,590,0,,0.465026880943456,3.528581433999989,dstar_lite,False,0,0,1601,6847,3148,0.03715781300002163,0,0.0,0.21377928400011115,True,18207,0,5,5,A,5302,0.4,True,4.862504796000167
0,40.33257274485126,636,0,,0.475657439761009,6.660994229999915,dstar_lite,False,0,0,7432,30467,76735,0.14422017099991535,0,0.0,6.511399196999946,True,599264,0,4,4,A,5303,0.475,True,8.038857853000081
0,37.161731513100584,534,0,,0.4962358310319797,0.8706191839999065,dstar_lite,False,0,0,999,4335,157,0.04121543600012956,0,0.0,0.02535938999994869,True,949,0,4,4,A,5304,0.3125,True,1.3855884739996327
0,37.2267139000564,562,0,,0.465026880943456,1.0664798969999083,dstar_lite,False,0,0,5720,23899,3000,0.11146029399992585,0,0.0,0.24119587400014098,True,18461,0,4,4,A,5305,0.475,True,2.586938302999897
0,37.75877858709412,581,0,,0.465026880943456,3.149389853999992,dstar_lite,False,0,0,1462,6056,2313,0.047750762000077884,0,0.0,0.1270151490000444,True,8579,0,6,6,A,5306,0.3625,True,4.298969826999837
0,41.09867457124272,643,0,,0.465026880943456,1.3642178610000428,dstar_lite,False,0,0,2895,12053,3112,0.07567545599999903,0,0.0,0.22621813900013876,True,18154,0,8,8,A,5307,0.475,True,4.482304178000049
0,39.27232002152147,589,0,,0.465026880943456,3.4078554139998687,dstar_lite,False,0,0,1705,7411,509,0.049605582999902254,0,0.0,0.062477683999986766,True,2360,0,5,5,A,5308,0.425,True,4.3378593239999645
0,38.75276339775444,600,0,,0.465026880943456,3.8527705860001333,dstar_lite,False,0,0,10283,42801,4282,0.19160106399999677,0,0.0,0.3746978379999746,True,27152,0,5,5,A,5309,0.6,True,7.0222952579999856
0,39.51381342743115,603,0,,0.465026880943456,2.429657636999991,dstar_lite,False,0,0,1373,5780,466,0.03770452000003388,0,0.0,0.060375880000037796,True,2693,0,7,7,A,5310,0.4375,True,4.999840228999574
0,43.41165255918376,691,0,,0.465026880943456,3.516156864999857,dstar_lite,False,0,0,1781,7480,627,0.05560820999994576,0,0.0,0.05956540900001528,True,2911,0,8,8,A,5311,0.5,True,10.280207537999786
0,37.15614552700167,569,0,,0.475657439761009,1.7512465699999211,dstar_lite,False,0,0,10721,44420,8510,0.23282302600000548,0,0.0,0.49538525799994204,True,37851,0,5,5,A,5312,0.5125,True,3.920482557999776
0,40.70592753612286,630,0,,0.475657439761009,4.437794080000003,dstar_lite,False,0,0,339,1496,273,0.023508287000140626,0,0.0,0.024489620999929684,True,1469,0,7,7,A,5313,0.3625,True,8.136709293000195
0,37.33592531291135,560,0,,0.465026880943456,2.9327213550000124,dstar_lite,False,0,0,10767,44342,1171,0.20751904500002638,0,0.0,0.1532794500003547,True,6582,0,4,4,A,5314,0.425,True,4.159598200999881
0,37.988043191911366,546,0,,0.465026880943456,0.6141623829998935,dstar_lite,False,0,0,926,3870,3475,0.015306186999623606,0,0.0,0.28346145600016825,True,26350,0,3,3,A,5315,0.3625,True,1.0289426360000107
0,36.743996717332664,553,0,,0.475657439761009,1.339320797000255,dstar_lite,False,0,0,5036,20694,3803,0.11239997900020171,0,0.0,0.21343590699962078,True,15986,0,6,6,A,5316,0.3375,True,3.2465711050008395
0,37.41884479468393,568,0,,0.465026880943456,4.777122987999974,dstar_lite,False,0,0,1020,4371,746,0.0313677369999823,0,0.0,0.044283494999945106,True,2408,0,5,5,A,5317,0.4375,True,5.896025914000802
0,38.86733552165747,599,0,,0.465026880943456,4.131637453999701,dstar_lite,False,0,0,1794,7520,335,0.03988282599993909,0,0.0,0.02924444400014181,True,1140,0,4,4,A,5318,0.425,True,5.75520244900008
0,38.14758594639974,579,0,,0.465026880943456,2.010065998999835,dstar_lite,False,0,0,3735,15573,5130,0.07480739299990091,0,0.0,0.40195135500016477,True,33147,0,5,5,A,5319,0.375,True,4.082830040998942
0,39.5540141410312,603,0,,0.475657439761009,2.0601985650000643,dstar_lite,False,0,0,2583,10749,3282,0.06533624999974563,0,0.0,0.22718596400000024,True,18505,0,5,5,A,5320,0.4125,True,4.266291884999646
0,39.68517406580724,617,0,,0.465026880943456,5.0142857939999885,dstar_lite,False,0,0,2264,9501,2649,0.06871105700020053,0,0.0,0.13616476200013494,True,10437,0,6,6,A,5321,0.5625,True,6.6438815409997005
0,39.207070832030745,581,0,,0.465026880943456,1.1323473219999869,dstar_lite,False,0,0,4551,18868,1236,0.07637990400007766,0,0.0,0.11209040399990045,True,7146,0,4,4,A,5322,0.375,True,2.2920783700005813
0,38.35866985457002,576,0,,0.465026880943456,2.508054468999944,dstar_lite,False,0,0,2903,12518,335,0.08269537600017429,0,0.0,0.03693981099968369,True,816,0,4,4,A,5323,0.35,True,4.597947581999961
0,39.100829020216814,605,0,,0.465026880943456,2.980559276999884,dstar_lite,False,0,0,3530,14703,386,0.08009578800010786,0,0.0,0.06032047899998361,True,1941,0,8,8,A,5324,0.5125,True,5.56486482299988
0,38.939717200357265,579,0,,0.475657439761009,2.0836861789998693,dstar_lite,False,0,0,4175,17563,2012,0.07722155300007216,0,0.0,0.12442882499999541,True,8178,0,4,4,A,5325,0.4,True,4.308416203999968
0,40.95075207203441,624,0,,0.465026880943456,1.3912738049998552,dstar_lite,False,0,0,2234,9424,566,0.05375642099988909,0,0.0,0.04872681400001966,True,1294,0,7,7,A,5326,0.4,True,3.922580885000116
0,36.46267826662646,533,0,,0.465026880943456,0.724055319999934,dstar_lite,False,0,0,4257,17738,94,0.10143350799990003,0,0.0,0.037671643999601656,True,677,0,6,6,A,5327,0.475,True,1.8141572680001445
0,43.71869232581891,712,0,,0.47565743976100916,6.746133337999709,dstar_lite,False,0,0,5724,23713,115,0.11249304200009647,0,0.0,0.039820749000227806,True,195,0,6,6,A,5328,0.475,True,12.085109715999351
0,40.19249490083512,629,0,,0.465026880943456,4.809638414999881,dstar_lite,False,0,0,5565,23074,1754,0.1403463329997976,0,0.0,0.11425412199969287,True,4815,0,5,5,A,5329,0.45,True,7.958511259000261
0,43.64587721982693,702,0,,0.475657439761009,3.389882196999679,dstar_lite,False,0,0,2482,10336,27478,0.06917372199995953,0,0.0,2.258550181999908,True,205772,0,7,7,A,5330,0.475,True,8.572098326999367
0,38.23492777358684,572,0,,0.465026880943456,2.494395187000009,dstar_lite,False,0,0,2266,9440,365,0.05265030000009574,0,0.0,0.038782344999617635,True,1734,0,5,5,A,5331,0.375,True,3.9431559629997537
0,39.40611565146503,610,0,,0.475657439761009,3.7042859260000114,dstar_lite,False,0,0,259,1124,317,0.032198311000229296,0,0.0,0.027224242000102095,True,1586,0,6,6,A,5332,0.5,True,5.474849144000473
0,38.692619564242925,567,0,,0.465026880943456,0.6817810060001648,dstar_lite,False,0,0,2374,10042,690,0.05756701099971906,0,0.0,0.04991388600001301,True,2575,0,5,5,A,5333,0.425,True,1.6760759719995804
0,38.670199820019974,604,0,,0.475657439761009,1.3561806430002434,dstar_lite,False,0,0,4584,18852,7436,0.11502068000027066,0,0.0,0.46207477600000857,True,39235,0,6,6,A,5334,0.4,True,3.808660721000706
0,37.75706040697125,568,0,,0.475657439761009,3.5984012359999724,dstar_lite,False,0,0,5187,21631,26,0.11908571699996173,0,0.0,0.050137200000335724,True,150,0,5,5,A,5335,0.3125,True,4.881197972999871
0,39.66318187408483,609,0,,0.475657439761009,3.600064869000107,dstar_lite,False,0,0,5603,23209,41021,0.09785084499981167,0,0.0,3.4977711719998297,True,320747,0,4,4,A,5336,0.4125,True,5.778543218000777
0,40.43877306001547,632,0,,0.465026880943456,2.0908628669999416,dstar_lite,False,0,0,1427,6007,627,0.056200450000233104,0,0.0,0.041777710000133084,True,1739,0,6,6,A,5337,0.4875,True,4.571511938000185
0,39.56099215605034,603,0,,0.465026880943456,2.6154962929999783,dstar_lite,False,0,0,4257,17805,4055,0.09912123399999473,0,0.0,0.2793178130000342,True,21548,0,4,4,A,5338,0.5,True,5.266299442000218
0,39.05884636898775,587,0,,0.465026880943456,0.8651537340001596,dstar_lite,False,0,0,1378,5897,534,0.03329770800019105,0,0.0,0.04129389399986394,True,2161,0,6,6,A,5339,0.3875,True,3.078515511000205
0,45.54758582176929,726,0,,0.47565743976100916,8.459564408000006,dstar_lite,False,0,0,1756,7443,233,0.05229495000003226,0,0.0,0.045930778999718314,True,1439,0,6,6,A,5340,0.375,True,11.949154750000162
0,37.563724547907064,572,0,,0.465026880943456,2.1256618499996875,dstar_lite,False,0,0,4982,20900,178,0.10004541299986158,0,0.0,0.058355979999760166,True,1032,0,6,6,A,5341,0.5,True,4.5874938689999
0,39.81279697827694,611,0,,0.465026880943456,1.454497948000153,dstar_lite,False,0,0,1010,4339,635,0.04038513200021043,0,0.0,0.04469113599998309,True,2591,0,6,6,A,5342,0.45,True,3.751941684999565
0,39.230858896609156,591,0,,0.465026880943456,3.868836164000186,dstar_lite,False,0,0,1286,5465,561,0.030489794999994047,0,0.0,0.034039960999962204,True,1637,0,5,5,A,5343,0.325,True,6.770609510999748
0,39.4559598045751,619,0,,0.475657439761009,5.075508865999836,dstar_lite,False,0,0,2280,9438,2295,0.11056025000016234,0,0.0,0.22767917399960425,True,17110,0,6,6,A,5344,0.425,True,6.940347144999123
0,40.46359430013829,625,0,,0.465026880943456,3.044324571999823,dstar_lite,False,0,0,10638,43682,186,0.20204528600015692,0,0.0,0.10311822100038626,True,896,0,7,7,A,5345,0.4625,True,7.289601324999694
0,37.54882492286246,550,0,,0.465026880943456,1.2902448270001514,dstar_lite,False,0,0,2564,10805,1590,0.0681025519998002,0,0.0,0.13244512399978703,True,9714,0,5,5,A,5346,0.4625,True,2.309978473000683
0,39.15520657901856,582,0,,0.465026880943456,2.336873996000122,dstar_lite,False,0,0,4057,17084,2045,0.09449329800008854,0,0.0,0.11457230300038646,True,7154,0,4,4,A,5347,0.4875,True,2.9255536220002796
0,37.42511399297189,557,0,,0.4596194077712549,2.1024936109997725,dstar_lite,False,0,0,3154,13165,192,0.06779340499997488,0,0.0,0.03749052400007713,True,225,0,7,7,A,5348,0.4125,True,3.7009544839997943
0,40.425072842637775,643,0,,0.475657439761009,3.2879461980000997,dstar_lite,False,0,0,5201,21766,19295,0.12014071200019316,0,0.0,1.5407409129998086,True,139630,0,5,5,A,5349,0.4625,True,6.170599036000567
0,37.34054446271091,541,0,,0.4962358310319797,1.5876666309995926,dstar_lite,False,0,0,5039,20691,75,0.10215789499989114,0,0.0,0.03607615100008843,True,381,0,4,4,A,5350,0.325,True,2.2173992749999343
0,39.97838553745702,599,0,,0.4962358310319797,4.6828587869999865,dstar_lite,False,0,0,10749,44485,428,0.2091886989996965,0,0.0,0.10914397099986672,True,801,0,5,5,A,5351,0.45,True,6.21280243900037
0,39.446781783348364,622,0,,0.465026880943456,2.2020744659998854,dstar_lite,False,0,0,391,1667,42,0.03612346300042191,0,0.0,0.014545804000135831,True,42,0,7,7,A,5352,0.4375,True,5.926434532999792
0,37.589536922229904,551,0,,0.465026880943456,0.8206011240004045,dstar_lite,False,0,0,7043,29353,1420,0.18608671600031812,0,0.0,0.12892874499993923,True,6687,0,4,4,A,5353,0.4375,True,1.9265101629998753
0,40.76301653036391,627,0,,0.475657439761009,5.211869384999773,dstar_lite,False,0,0,10523,43895,965,0.18210146299998087,0,0.0,0.13958464600000298,True,5316,0,4,4,A,5354,0.3875,True,7.928141344999858
0,38.299916079108236,580,0,,0.465026880943456,4.141141101999892,dstar_lite,False,0,0,4486,19073,1474,0.12145647399984227,0,0.0,0.1332599890001802,True,7297,0,4,4,A,5355,0.425,True,5.9655482009998195
0,40.46632096987511,627,0,,0.475657439761009,0.9730134480000743,dstar_lite,False,0,0,1609,6910,576,0.04577155800006949,0,0.0,0.06010120000019015,True,3079,0,7,7,A,5356,0.3875,True,3.75876893899931
0,40.92026107913325,626,0,,0.465026880943456,1.2376188440002807,dstar_lite,False,0,0,1534,6448,333,0.04432387499991819,0,0.0,0.03151678999984142,True,711,0,7,7,A,5357,0.4375,True,3.503727945000719
0,39.411111060877964,588,0,,0.465026880943456,0.8023091999998542,dstar_lite,False,0,0,2045,8723,2673,0.060474583999621245,0,0.0,0.21456402100011474,True,17278,0,5,5,A,5358,0.4,True,2.2502838959994733
0,37.5217955763977,564,0,,0.465026880943456,2.1504993509997803,dstar_lite,False,0,0,4481,18917,314,0.11322893000033218,0,0.0,0.06394774499995037,True,1356,0,6,6,A,5359,0.5,True,3.7193700229995557
0,42.28045338089888,656,0,,0.475657439761009,3.6867463519997727,dstar_lite,False,0,0,894,3820,547,0.040043622000212054,0,0.0,0.0481528730001628,True,3072,0,5,5,A,5360,0.5375,True,5.953838778000318
0,37.085352348037894,555,0,,0.465026880943456,1.148503263999828,dstar_lite,False,0,0,3171,13160,1349,0.10135099900026034,0,0.0,0.09371280000004845,True,5793,0,4,4,A,5361,0.375,True,2.611007275999782
0,36.48795209857516,552,0,,0.465026880943456,1.0699620360001063,dstar_lite,False,0,0,4057,16827,576,0.08771470300007422,0,0.0,0.06471540800021103,True,2624,0,6,6,A,5362,0.3875,True,3.203892751999774
0,45.50574505673287,729,0,,0.465026880943456,3.2509047080002347,dstar_lite,False,0,0,709,3076,234,0.03571375199999238,0,0.0,0.03533015999983036,True,872,0,9,9,A,5363,0.5875,True,9.966936200999953
0,38.72164575417332,598,0,,0.475657439761009,3.9756533770000715,dstar_lite,False,0,0,3383,14030,5335,0.08267182800000228,0,0.0,0.44088912299957883,True,37474,0,3,3,A,5364,0.425,True,7.104389716000242
0,37.75015907888291,570,0,,0.465026880943456,1.2336896480001087,dstar_lite,False,0,0,7926,32990,978,0.14692859099977795,0,0.0,0.08316899100009323,True,2082,0,5,5,A,5365,0.4875,True,3.5803614370001924
0,38.132953979702165,564,0,,0.465026880943456,1.8974298029997954,dstar_lite,False,0,0,11200,46588,76,0.23559704199988118,0,0.0,0.09315077300016128,True,425,0,5,5,A,5366,0.4875,True,3.510697945999709
0,38.1702084865184,578,0,,0.465026880943456,2.7896627719997014,dstar_lite,False,0,0,2093,8830,639,0.07299405899993872,0,0.0,0.0629567149999275,True,3421,0,5,5,A,5367,0.55,True,5.294316970999262
0,39.171494837693764,581,0,,0.465026880943456,5.190501891999702,dstar_lite,False,0,0,4879,20368,1755,0.11149267500013593,0,0.0,0.11247250599990366,True,7219,0,3,3,A,5368,0.3875,True,6.470789324999714
0,38.77971276395612,578,0,,0.465026880943456,1.3660813860001326,dstar_lite,False,0,0,6929,28582,494,0.1457872099999804,0,0.0,0.0879116639998756,True,2121,0,6,6,A,5369,0.4625,True,3.0846635450002395
0,38.90731480813123,603,0,,0.475657439761009,3.2891926420002164,dstar_lite,False,0,0,7216,29743,5269,0.144224007000048,0,0.0,0.3772525979998136,True,28478,0,5,5,A,5370,0.3625,True,5.669087336999837
0,37.10117139650412,572,0,,0.465026880943456,3.0375111020002805,dstar_lite,False,0,0,1584,6833,1438,0.04765778099999807,0,0.0,0.09061420999978509,True,6351,0,7,7,A,5371,0.4625,True,5.070246882999982
0,44.72167572156189,692,0,,0.465026880943456,3.764040389999991,dstar_lite,False,0,0,3360,14168,3328,0.08682950299998993,0,0.0,0.1879027390000374,True,11944,0,7,7,A,5372,0.4875,True,6.341850163999879
0,41.089894015058945,644,0,,0.475657439761009,3.5271895020000557,dstar_lite,False,0,0,1991,8217,661,0.056707052999627194,0,0.0,0.031423311999787984,True,1226,0,8,8,A,5373,0.45,True,6.3887312099991505
0,37.52080816741623,548,0,,0.465026880943456,1.45056275800016,dstar_lite,False,0,0,4002,16984,2147,0.10811145699972258,0,0.0,0.19911700400007248,True,14082,0,4,4,A,5374,0.425,True,1.8924345930004165
0,42.582254909870606,662,0,,0.465026880943456,3.234062989999984,dstar_lite,False,0,0,7872,32585,22391,0.17336215199975413,0,0.0,1.6817451080000865,True,149407,0,6,6,A,5375,0.5375,True,7.381480532000296
0,45.56643913807138,723,0,,0.465026880943456,7.486824521000017,dstar_lite,False,0,0,3403,14137,615,0.08057989999997517,0,0.0,0.07249187900015386,True,2554,0,9,9,A,5376,0.625,True,13.816208808000283
0,42.3578662364164,649,0,,0.475657439761009,7.332299827000043,dstar_lite,False,0,0,5745,23881,2677,0.15235802300003343,0,0.0,0.16492216899996492,True,8271,0,6,6,A,5377,0.4375,True,8.575303188000362
0,37.644115681562845,562,0,,0.465026880943456,2.17408898199983,dstar_lite,False,0,0,6206,25809,526,0.12767187800000102,0,0.0,0.07880471199996464,True,2600,0,6,6,A,5378,0.375,True,3.7212867830003233
0,37.6068922177195,570,0,,0.465026880943456,2.9158536340000865,dstar_lite,False,0,0,2956,12186,1236,0.060951248000037594,0,0.0,0.08000141000002259,True,5033,0,6,6,A,5379,0.4625,True,4.608613424000396
0,39.30056363782473,617,0,,0.465026880943456,2.119136884999989,dstar_lite,False,0,0,531,2251,1146,0.03608096900006785,0,0.0,0.0723847209997075,True,5504,0,7,7,A,5380,0.45,True,5.732755390999955
0,38.859174192416695,592,0,,0.465026880943456,2.012571654000112,dstar_lite,False,0,0,2901,12056,1212,0.0702840640001341,0,0.0,0.08971782199978406,True,4417,0,6,6,A,5381,0.4875,True,4.781687092001448
0,38.73958480487665,584,0,,0.465026880943456,1.4065674580001541,dstar_lite,False,0,0,6552,26657,16781,0.12516319399992426,0,0.0,1.2774936020000496,True,116764,0,4,4,A,5382,0.375,True,3.639004651000505
0,38.37359547505391,558,0,,0.465026880943456,0.640906207000171,dstar_lite,False,0,0,833,3548,2605,0.021722565999880317,0,0.0,0.20377897600019423,True,18128,0,4,4,A,5383,0.425,True,1.0808745730000737
0,44.55922689582436,680,0,,0.465026880943456,10.44105130700018,dstar_lite,False,0,0,1422,6182,1059,0.04870039400020687,0,0.0,0.0760872770001697,True,4879,0,5,5,A,5384,0.525,True,14.960463104000155
0,37.42302937972941,566,0,,0.4962358310319797,1.1080753920000461,dstar_lite,False,0,0,2056,8666,646,0.047612814999865805,0,0.0,0.0496682130001318,True,2843,0,6,6,A,5385,0.425,True,2.749074039000334
0,38.51940892410541,568,0,,0.465026880943456,0.7412678450000385,dstar_lite,False,0,0,9612,39616,3701,0.18398924400025862,0,0.0,0.3012725070002489,True,21524,0,3,3,A,5386,0.325,True,1.730219149000277
0,37.77305782995739,560,0,,0.4962358310319797,1.5199652449996393,dstar_lite,False,0,0,5492,23078,485,0.11495863099980852,0,0.0,0.06524914499959777,True,2289,0,5,5,A,5387,0.4,True,2.833003789999566
0,38.433271079728414,590,0,,0.475657439761009,2.195254427999771,dstar_lite,False,0,0,4003,16763,3832,0.09981041399987589,0,0.0,0.27716154199970333,True,21717,0,6,6,A,5388,0.5125,True,3.432153290999395
0,40.18615325541964,648,0,,0.475657439761009,2.2274673820002135,dstar_lite,False,0,0,7038,28784,10363,0.14537857699997403,0,0.0,0.5823059340000327,True,49997,0,5,5,A,5389,0.475,True,4.844487303999813
0,41.3897710607619,634,0,,0.475657439761009,2.6524268799998936,dstar_lite,False,0,0,2668,11209,522,0.07898160599961557,0,0.0,0.04533509800012325,True,2120,0,5,5,A,5390,0.475,True,5.793408777999957
0,36.659052187111406,550,0,,0.465026880943456,0.7654020379995927,dstar_lite,False,0,0,1284,5453,212,0.04725262700003441,0,0.0,0.021776904000034847,True,473,0,6,6,A,5391,0.475,True,2.2884683929996754
0,35.96388938311389,530,0,,0.465026880943456,1.7506402470003195,dstar_lite,False,0,0,17079,70437,661,0.31126467600006436,0,0.0,0.15225824099979945,True,2460,0,4,4,A,5392,0.4625,True,2.6721857670004283
0,40.85139347616581,639,0,,0.475657439761009,3.0041903000001184,dstar_lite,False,0,0,9058,37081,35814,0.18548787800000355,0,0.0,2.8147168130003593,True,256832,0,5,5,A,5393,0.375,True,7.371350010000697
0,40.005083264730416,637,0,,0.475657439761009,1.5552359979997163,dstar_lite,False,0,0,5751,23590,18397,0.13311476399985622,0,0.0,1.418621575999623,True,130004,0,6,6,A,5394,0.375,True,4.281087351999304
0,39.13888508875942,591,0,,0.465026880943456,0.9708333339999626,dstar_lite,False,0,0,417,1827,80,0.030721078000169655,0,0.0,0.014465029000348295,True,100,0,7,7,A,5395,0.4625,True,3.039635805999751
0,39.21237785443854,598,0,,0.4962358310319797,2.162243526000111,dstar_lite,False,0,0,1319,5604,599,0.05159666000008656,0,0.0,0.0678357000001597,True,4256,0,7,7,A,5396,0.525,True,4.533790995000345
0,38.088066325617426,590,0,,0.465026880943456,2.4386673200001496,dstar_lite,False,0,0,3924,16722,1176,0.0926870019998205,0,0.0,0.12390754499983814,True,6392,0,8,8,A,5397,0.5875,True,6.0744643130010445
0,36.93829105375303,564,0,,0.465026880943456,3.4069900929998767,dstar_lite,False,0,0,3516,14720,624,0.07473962500034759,0,0.0,0.06924844100012706,True,3119,0,6,6,A,5398,0.4375,True,4.370214885999758
0,37.66709844136521,574,0,,0.475657439761009,1.4708089229998222,dstar_lite,False,0,0,4535,18719,6340,0.11277290699990772,0,0.0,0.3948024629999054,True,33522,0,6,6,A,5399,0.425,True,3.6418847639993146
0,36.708009226318275,539,0,,0.465026880943456,0.6565501469999617,dstar_lite,False,0,0,12031,49632,4431,0.22380409700008386,0,0.0,0.4300277279999136,True,32728,0,4,4,A,5400,0.425,True,1.7915664580004886
0,38.6960828051271,567,0,,0.465026880943456,2.407710986999973,dstar_lite,False,0,0,10589,44161,576,0.18778710400010823,0,0.0,0.1064932479998788,True,3046,0,3,3,A,5401,0.3,True,2.8838823689998208
0,38.36237190502887,557,0,,0.465026880943456,0.8533897059996889,dstar_lite,False,0,0,6010,25125,248,0.13784653499988053,0,0.0,0.05966169000021182,True,1466,0,4,4,A,5402,0.3625,True,2.0640790749998814
0,37.59528858359054,554,0,,0.465026880943456,0.7420260710000548,dstar_lite,False,0,0,1571,6611,1441,0.03262545300003694,0,0.0,0.08681318700018892,True,6814,0,5,5,A,5403,0.4,True,1.5561903459997666
0,42.42745524199845,664,0,,0.465026880943456,4.147699930000272,dstar_lite,False,0,0,9750,40646,1672,0.19527803299979496,0,0.0,0.20709644900034618,True,10136,0,7,7,A,5404,0.5625,True,10.113048251000691
0,41.375179311785416,652,0,,0.475657439761009,4.1750075220002145,dstar_lite,False,0,0,837,3480,890,0.05644536899990271,0,0.0,0.04254612300019289,True,2592,0,7,7,A,5405,0.5,True,7.088932370000293
0,35.90629165660908,539,0,,0.465026880943456,0.9723910499997146,dstar_lite,False,0,0,2786,11687,952,0.0795189210002718,0,0.0,0.08001688500007731,True,4771,0,6,6,A,5406,0.3625,True,1.8112704219993248
0,38.599129521205825,590,0,,0.465026880943456,2.1728695110000444,dstar_lite,False,0,0,3066,12794,106,0.07031229699987307,0,0.0,0.03558015799990244,True,106,0,5,5,A,5407,0.3625,True,4.857346045999748
0,37.77837472464697,564,0,,0.4596194077712549,1.7494672829998308,dstar_lite,False,0,0,2923,12082,615,0.09115039900007105,0,0.0,0.06612033999999767,True,2966,0,5,5,A,5408,0.4375,True,3.4844125239997084
0,40.65148444228576,640,0,,0.475657439761009,1.6553336070001023,dstar_lite,False,0,0,3381,14017,10447,0.07856944000013755,0,0.0,0.8616326299998036,True,76548,0,7,7,A,5409,0.475,True,4.415197959000125
0,39.19510791053609,603,0,,0.465026880943456,2.304624951000278,dstar_lite,False,0,0,801,3429,752,0.03374804699978995,0,0.0,0.047723307000069326,True,2916,0,6,6,A,5410,0.45,True,4.60502107999946
0,41.25009674178328,642,0,,0.475657439761009,3.1687364599997636,dstar_lite,False,0,0,2259,9638,1619,0.07264763900002436,0,0.0,0.13211308800009647,True,9667,0,4,4,A,5411,0.4375,True,6.061110076999739
0,37.36376650743848,550,0,,0.465026880943456,2.914144153000052,dstar_lite,False,0,0,10032,41450,73,0.19503452699973423,0,0.0,0.07628563600019334,True,465,0,3,3,A,5412,0.4,True,3.7088429250002264
0,39.68189286244592,625,0,,0.475657439761009,2.2543602139999166,dstar_lite,False,0,0,613,2610,368,0.039003628000045865,0,0.0,0.029700577000312478,True,1458,0,8,8,A,5413,0.5125,True,5.903478532999998
0,40.12365624395001,616,0,,0.475657439761009,1.8879005050002888,dstar_lite,False,0,0,1057,4403,19979,0.031484266000006755,0,0.0,1.686787736000042,True,159171,0,4,4,A,5414,0.375,True,4.7939505420004025
0,38.26359770194414,572,0,,0.465026880943456,0.8279804530002366,dstar_lite,False,0,0,510,2212,17,0.023820925000109128,0,0.0,0.014689837000332773,True,17,0,7,7,A,5415,0.525,True,2.7403970140003366
0,36.36938446681669,538,0,,0.465026880943456,0.8162554799996542,dstar_lite,False,0,0,2436,10292,39,0.060526078999828314,0,0.0,0.026223557000321307,True,224,0,7,7,A,5416,0.45,True,2.318960328999765
0,39.182410379956515,592,0,,0.465026880943456,2.186375147000035,dstar_lite,False,0,0,903,3937,394,0.0339211619998423,0,0.0,0.046091973000329745,True,2213,0,7,7,A,5417,0.425,True,5.55350825800042
0,45.76008900143073,748,0,,0.47565743976100916,5.574661051000021,dstar_lite,False,0,0,619,2709,55,0.020962710999810952,0,0.0,0.03756036300001142,True,55,0,7,7,A,5418,0.425,True,14.915880257000481
0,38.19732878417485,559,0,,0.465026880943456,1.4037519630001043,dstar_lite,False,0,0,3149,13351,888,0.06479496900010417,0,0.0,0.07379403999993883,True,3506,0,4,4,A,5419,0.475,True,2.1411943809998775
0,40.11510045322007,621,0,,0.465026880943456,1.983007230000112,dstar_lite,False,0,0,2430,10096,1845,0.06988148699974772,0,0.0,0.1300262869999642,True,9649,0,6,6,A,5420,0.5,True,3.992197278000276
0,37.67384901222163,568,0,,0.465026880943456,0.8392008670002724,dstar_lite,False,0,0,9572,39038,7997,0.15024246399980257,0,0.0,0.6854540530002851,True,57985,0,5,5,A,5421,0.4375,True,3.160642179000206
0,39.78481006183241,606,0,,0.465026880943456,1.827529143999982,dstar_lite,False,0,0,3383,14305,9909,0.08233530300003622,0,0.0,0.7871987140001693,True,67697,0,7,7,A,5422,0.475,True,4.325222586999644
0,37.245955509129125,550,0,,0.465026880943456,1.1570955080001113,dstar_lite,False,0,0,13447,55912,10386,0.23514801700002863,0,0.0,0.9190643619999719,True,77723,0,3,3,A,5423,0.425,True,2.4866337510002268
0,43.74984403996653,705,0,,0.475657439761009,4.293535365000025,dstar_lite,False,0,0,802,3361,1238,0.04310349400020641,0,0.0,0.08079928500001188,True,5208,0,8,8,A,5424,0.475,True,9.050244636000116
0,38.96145925284753,580,0,,0.4962358310319797,1.6836275420000675,dstar_lite,False,0,0,4716,19989,838,0.12090228299985029,0,0.0,0.08113105999973413,True,4005,0,5,5,A,5425,0.45,True,3.270348426000055
0,37.89366122312271,590,0,,0.465026880943456,1.4337299400003758,dstar_lite,False,0,0,4503,18802,463,0.0965809689996604,0,0.0,0.07413641599987386,True,2120,0,6,6,A,5426,0.4,True,4.404822516000422
0,41.63406035039306,647,0,,0.475657439761009,1.0602320940001846,dstar_lite,False,0,0,586,2506,2687,0.025415268999950058,0,0.0,0.2445298110001204,True,20816,0,6,6,A,5427,0.4875,True,3.671968142999958
0,42.167551101825495,670,0,,0.475657439761009,1.835117753999839,dstar_lite,False,0,0,3759,15589,2035,0.12261562799994863,0,0.0,0.10948499699998138,True,5371,0,7,7,A,5428,0.5125,True,6.492314137999529
0,35.98360714647219,524,0,,0.465026880943456,0.637217259999943,dstar_lite,False,0,0,6095,25144,234,0.12633934199993746,0,0.0,0.06532776900030512,True,1434,0,4,4,A,5429,0.425,True,1.4905228450002141
0,38.523614612369194,580,0,,0.4596194077712549,2.981350814000052,dstar_lite,False,0,0,1463,6229,30,0.040576467999926535,0,0.0,0.02332780200003981,True,30,0,6,6,A,5430,0.4375,True,4.999224677000711
0,41.70907954522785,628,0,,0.475657439761009,7.574673983000139,dstar_lite,False,0,0,758,3247,967,0.031824185000004945,0,0.0,0.09650525899996865,True,7176,0,5,5,A,5431,0.4375,True,8.646427149000374
0,41.592504270120116,665,0,,0.475657439761009,3.9921920519996092,dstar_lite,False,0,0,8139,33048,20008,0.12007165900013206,0,0.0,1.2321346039998389,True,110625,0,7,7,A,5432,0.425,True,7.602815092000128
0,37.97711157356574,568,0,,0.465026880943456,3.3694391429999087,dstar_lite,False,0,0,1994,8293,1870,0.08573678299990206,0,0.0,0.17016279100016618,True,11913,0,5,5,A,5433,0.4125,True,4.786543483999594
0,37.666750709747326,559,0,,0.465026880943456,1.7697813629997654,dstar_lite,False,0,0,5495,22616,135,0.13985464200004571,0,0.0,0.059912991000146576,True,861,0,7,7,A,5434,0.4,True,3.583036873999845
0,38.3658365105367,593,0,,0.465026880943456,2.8622915579999244,dstar_lite,False,0,0,2878,12030,242,0.0723025150000467,0,0.0,0.038090009999905305,True,1256,0,7,7,A,5435,0.6,True,5.143633024000337
0,38.73709922059048,609,0,,0.475657439761009,0.913256397999703,dstar_lite,False,0,0,7118,29188,11941,0.16918176600029255,0,0.0,0.7412046949998512,True,63964,0,6,6,A,5436,0.35,True,3.69701518599868
0,44.88743801921227,732,0,,0.47565743976100916,4.603755572999944,dstar_lite,False,0,0,189,772,468,0.029535750999912125,0,0.0,0.04232941100008247,True,2626,0,5,5,A,5437,0.45,True,8.165670569000213
0,38.343987157652,564,0,,0.465026880943456,0.9731782759999987,dstar_lite,False,0,0,1405,5971,1433,0.04823004999980185,0,0.0,0.1177756700003556,True,9452,0,6,6,A,5438,0.3625,True,2.0404937399998744
0,37.859813965013636,575,0,,0.465026880943456,2.0617779039998823,dstar_lite,False,0,0,1589,6658,716,0.04416550699988875,0,0.0,0.06095833400013362,True,3468,0,9,9,A,5439,0.4125,True,3.5268440029994963
0,43.83841706824616,685,0,,0.475657439761009,11.773430971999915,dstar_lite,False,0,0,6593,27682,2932,0.15403594500003237,0,0.0,0.17600131499966665,True,9995,0,5,5,A,5440,0.4125,True,14.634442070999285
0,37.745607527545296,550,0,,0.4962358310319797,0.9760629839997819,dstar_lite,False,0,0,11653,48320,262,0.2061685049998232,0,0.0,0.09334965100015324,True,1430,0,4,4,A,5441,0.4125,True,2.0015234630000123
0,41.64226964990347,665,0,,0.475657439761009,6.0375113069999315,dstar_lite,False,0,0,4790,19803,1363,0.11326876500015715,0,0.0,0.08663798399993539,True,3146,0,7,7,A,5442,0.5,True,11.06923094800004
0,39.94221564165688,606,0,,0.465026880943456,0.9430430440002056,dstar_lite,False,0,0,1450,6181,1985,0.05023728800006211,0,0.0,0.1285554430000957,True,9957,0,7,7,A,5443,0.4375,True,2.448179153000183
0,39.34495076052615,606,0,,0.465026880943456,3.185978212000009,dstar_lite,False,0,0,253,1099,66,0.018168165999668417,0,0.0,0.013506850999874587,True,74,0,9,9,A,5444,0.5125,True,6.785978589000933
0,37.6773875575287,577,0,,0.465026880943456,3.0123711169999297,dstar_lite,False,0,0,3298,13912,1349,0.0903357799998048,0,0.0,0.1377323649999198,True,7535,0,4,4,A,5445,0.475,True,5.231726757999695
0,39.22354928672996,607,0,,0.475657439761009,5.59024751700008,dstar_lite,False,0,0,6378,26314,8674,0.15772970600028202,0,0.0,0.5740683379999609,True,47286,0,4,4,A,5446,0.4875,True,7.0812947919998805
0,38.608921450057046,578,0,,0.465026880943456,1.7553388540000014,dstar_lite,False,0,0,1082,4647,1253,0.07317088299987518,0,0.0,0.11328686399974686,True,6911,0,6,6,A,5447,0.5,True,2.957210278000275
0,38.92003249832894,573,0,,0.465026880943456,4.762888087999727,dstar_lite,False,0,0,6538,27250,87,0.14188429100022404,0,0.0,0.07751822699992772,True,569,0,4,4,A,5448,0.375,True,5.387463835999824
0,43.36176724866935,717,0,,0.47565743976100916,6.528500531999725,dstar_lite,False,0,0,1862,7847,1246,0.08320357699994929,0,0.0,0.07161564099988027,True,4896,0,6,6,A,5449,0.4625,True,11.23330271399982
0,37.83483291334159,567,0,,0.465026880943456,2.0285789129998193,dstar_lite,False,0,0,2678,11204,184,0.06788816899961603,0,0.0,0.04286700500006191,True,996,0,6,6,A,5450,0.475,True,3.7932346329998836
0,41.12770492446448,644,0,,0.475657439761009,4.264369535999776,dstar_lite,False,0,0,577,2533,360,0.02735849500004406,0,0.0,0.03191491899997345,True,1402,0,5,5,A,5451,0.375,True,7.297781848999875
0,40.1558824977594,604,0,,0.465026880943456,2.934581807000086,dstar_lite,False,0,0,7948,32873,462,0.18836480500021935,0,0.0,0.10134174799986795,True,1802,0,4,4,A,5452,0.4125,True,6.077657266999722
0,39.737436856648245,616,0,,0.475657439761009,1.6328740849999122,dstar_lite,False,0,0,6855,28226,19737,0.1401515800002926,0,0.0,1.4895074420001038,True,136747,0,6,6,A,5453,0.4875,True,4.645931429999564
0,38.727468861072474,587,0,,0.465026880943456,2.2983592250002403,dstar_lite,False,0,0,2288,9620,1310,0.06547180699999444,0,0.0,0.09891436299994893,True,5956,0,8,8,A,5454,0.5,True,3.7891480749999573
0,36.70256904342556,548,0,,0.465026880943456,1.3199678159999166,dstar_lite,False,0,0,2049,8790,762,0.05796929600001022,0,0.0,0.06625615400025708,True,3931,0,6,6,A,5455,0.525,True,2.934933724000075
0,38.31097943351324,582,0,,0.475657439761009,2.0598688469999615,dstar_lite,False,0,0,16807,69626,11915,0.31692836999991414,0,0.0,0.9692266990000462,True,80785,0,3,3,A,5456,0.3625,True,3.594239628000196
0,38.91495527334011,578,0,,0.475657439761009,0.9710586870000952,dstar_lite,False,0,0,6764,27871,6095,0.11877119299970218,0,0.0,0.5023221020001074,True,43028,0,4,4,A,5457,0.45,True,2.2410744640001212
0,38.24094827421316,582,0,,0.465026880943456,3.1685755799999242,dstar_lite,False,0,0,6175,25639,2949,0.1143417030002638,0,0.0,0.2509675880000941,True,18007,0,6,6,A,5458,0.4375,True,4.931429440000102
0,38.8610236513,588,0,,0.475657439761009,4.458909294000023,dstar_lite,False,0,0,5921,24763,1136,0.11434051800006273,0,0.0,0.10240203800003655,True,3780,0,5,5,A,5459,0.3375,True,5.089303478000147
0,38.86912127372678,585,0,,0.465026880943456,1.9376776740000423,dstar_lite,False,0,0,1449,6112,575,0.06329388099993594,0,0.0,0.06753019500001756,True,2842,0,6,6,A,5460,0.4625,True,4.2728778060004515
0,37.90967945712416,574,0,,0.465026880943456,2.9164732290000757,dstar_lite,False,0,0,3657,15226,898,0.09061549500029287,0,0.0,0.08737623900015024,True,3905,0,5,5,A,5461,0.4,True,4.968219382999905
0,37.35225797330157,569,0,,0.465026880943456,3.9777287810002235,dstar_lite,False,0,0,874,3664,1879,0.0344464429999789,0,0.0,0.11179642099978082,True,9291,0,7,7,A,5462,0.4125,True,5.349537561000034
0,38.04662168025475,566,0,,0.465026880943456,1.8366207029998805,dstar_lite,False,0,0,20632,85403,75,0.4082221170001503,0,0.0,0.16458479700031603,True,90,0,3,3,A,5463,0.525,True,3.7173332559996197
0,39.05452617538558,578,0,,0.4596194077712549,2.2219028670001535,dstar_lite,False,0,0,4043,16919,10,0.13023193600020022,0,0.0,0.05712157500011017,True,16,0,4,4,A,5464,0.45,True,3.9048193160001574
0,39.01211674298301,607,0,,0.475657439761009,1.7514111079999566,dstar_lite,False,0,0,2087,8855,19895,0.08983158599994567,0,0.0,1.6578766100001303,True,152783,0,5,5,A,5465,0.5375,True,4.790044382999895
0,39.44834404988894,616,0,,0.465026880943456,1.877600548999908,dstar_lite,False,0,0,1217,5157,550,0.0677033259999007,0,0.0,0.07348331599996527,True,3222,0,8,8,A,5466,0.4625,True,5.235419586000262
0,37.871410291408374,576,0,,0.465026880943456,1.4157566459998634,dstar_lite,False,0,0,1434,6175,164,0.05023053800005073,0,0.0,0.023617223000201193,True,274,0,7,7,A,5467,0.575,True,3.5590846489994874
0,40.77173340577687,622,0,,0.475657439761009,3.3694215559999066,dstar_lite,False,0,0,11402,46951,3614,0.1964647810000315,0,0.0,0.1952501040000243,True,12069,0,4,4,A,5468,0.4625,True,5.253635393999502
0,36.41625051501894,543,0,,0.465026880943456,1.9883069200000136,dstar_lite,False,0,0,13594,56111,1924,0.22868810199997824,0,0.0,0.17203747299981842,True,6863,0,4,4,A,5469,0.325,True,2.6908072880000873
0,36.1433781466398,528,0,,0.465026880943456,1.046557550000216,dstar_lite,False,0,0,2500,10531,3174,0.04502441600016027,0,0.0,0.263354106999941,True,22817,0,4,4,A,5470,0.4375,True,1.9153485040001215
0,39.476367987161474,606,0,,0.465026880943456,2.3943789859999924,dstar_lite,False,0,0,4253,17519,2527,0.08457685000030324,0,0.0,0.11759332900010122,True,7898,0,7,7,A,5471,0.4,True,3.5988272829999914
0,41.16466246889469,650,0,,0.475657439761009,3.3933776610001587,dstar_lite,False,0,0,4099,16913,19431,0.0982846110000537,0,0.0,1.478621251000277,True,135339,0,6,6,A,5472,0.3375,True,6.377512048000426
0,40.993860379594935,646,0,,0.475657439761009,1.701571745000365,dstar_lite,False,0,0,5118,21056,14381,0.11262559699980557,0,0.0,1.046704482000223,True,94386,0,6,6,A,5473,0.425,True,5.073202848000619
0,40.599986661577645,619,0,,0.475657439761009,3.8596867960000054,dstar_lite,False,0,0,1775,7418,862,0.04319709799983684,0,0.0,0.05512998099993638,True,2933,0,6,6,A,5474,0.3375,True,5.86312895699939
0,38.56391712299773,578,0,,0.465026880943456,1.2448377330001676,dstar_lite,False,0,0,2454,10331,2719,0.06854063099990526,0,0.0,0.17921498299983796,True,13636,0,5,5,A,5475,0.5,True,2.978724073000194
0,36.87875565295817,551,0,,0.465026880943456,2.292236769000283,dstar_lite,False,0,0,1261,5366,387,0.044035561999862693,0,0.0,0.02775928799974281,True,1067,0,6,6,A,5476,0.3875,True,2.944604058001005
0,38.63669252941086,611,0,,0.465026880943456,2.2225608809999358,dstar_lite,False,0,0,1996,8525,344,0.0637283800001569,0,0.0,0.043085618000077375,True,1567,0,6,6,A,5477,0.4125,True,5.084241508999639
0,44.66671354514523,727,0,,0.47565743976100916,4.522658949999823,dstar_lite,False,0,0,1639,6959,1615,0.04781148900019616,0,0.0,0.08774099199990815,True,5816,0,8,8,A,5478,0.4875,True,10.586433170999953
0,40.41158876867539,641,0,,0.475657439761009,2.9090243589998863,dstar_lite,False,0,0,1051,4459,1707,0.03844245599975693,0,0.0,0.12936229199976879,True,9772,0,7,7,A,5479,0.3875,True,5.429520261000107
0,37.241233938557606,545,0,,0.465026880943456,2.0005440499999168,dstar_lite,False,0,0,2258,9590,124,0.06348479399957796,0,0.0,0.028341929000362143,True,236,0,4,4,A,5480,0.4125,True,3.2113735759999145
0,38.63138471683697,583,0,,0.465026880943456,1.1229498859997875,dstar_lite,False,0,0,2181,9316,707,0.06158109099987996,0,0.0,0.07603532099983568,True,3577,0,7,7,A,5481,0.4625,True,2.9976086520005083
0,41.039097769249125,645,0,,0.475657439761009,2.6265299090000553,dstar_lite,False,0,0,13711,56523,23413,0.27377040100009253,0,0.0,1.62812882299977,True,144534,0,5,5,A,5482,0.425,True,6.828031259999989
0,39.80372944553583,608,0,,0.465026880943456,8.587056004999795,dstar_lite,False,0,0,3284,13903,1570,0.08038230000011026,0,0.0,0.09290944399981527,True,4789,0,6,6,A,5483,0.3875,True,10.451279159999103
0,36.46097903450353,539,0,,0.4596194077712549,1.9731701740001881,dstar_lite,False,0,0,1436,6198,425,0.04937151899957826,0,0.0,0.05407058099990536,True,1345,0,6,6,A,5484,0.475,True,3.300637757000459
0,38.343471634508916,562,0,,0.4962358310319797,1.2930688619999273,dstar_lite,False,0,0,7988,33372,71,0.16423661699991499,0,0.0,0.05726733600022271,True,486,0,5,5,A,5485,0.425,True,2.5447421430003487
0,40.678539103376266,631,0,,0.475657439761009,1.5885480580000149,dstar_lite,False,0,0,136,580,910,0.014586667999992642,0,0.0,0.08686727699978292,True,6780,0,7,7,A,5486,0.5,True,4.111655406999489
0,39.74237990009479,626,0,,0.475657439761009,1.6705778330001522,dstar_lite,False,0,0,10561,43305,10920,0.21903207400009705,0,0.0,0.5248994739999944,True,42998,0,5,5,A,5487,0.4,True,4.45737644700057
0,38.99336843485081,599,0,,0.475657439761009,1.0879297780002162,dstar_lite,False,0,0,1733,7195,3171,0.05145578600013323,0,0.0,0.20716134900021643,True,16664,0,7,7,A,5488,0.35,True,3.172202628999912
0,39.87321156113007,608,0,,0.465026880943456,3.0771691910003938,dstar_lite,False,0,0,3664,15449,418,0.077883090999876,0,0.0,0.06682478999982777,True,2417,0,8,8,A,5489,0.475,True,4.720268395999483
0,38.37802685659643,590,0,,0.465026880943456,3.6293174620000173,dstar_lite,False,0,0,3157,13044,3487,0.07925552000006064,0,0.0,0.2416534829999364,True,20078,0,7,7,A,5490,0.475,True,5.2425571699996
0,37.22203160374338,561,0,,0.465026880943456,0.8558706820003863,dstar_lite,False,0,0,7556,30896,4292,0.13929829300013807,0,0.0,0.27057373099978577,True,21365,0,6,6,A,5491,0.3875,True,2.408696764000524
0,39.323684451679874,589,0,,0.465026880943456,1.326077721999809,dstar_lite,False,0,0,2609,10934,1016,0.06299392199980502,0,0.0,0.08173109500012288,True,5483,0,6,6,A,5492,0.45,True,2.781686255000295
0,43.560014715908366,703,0,,0.47565743976100916,6.555768220000118,dstar_lite,False,0,0,296,1277,335,0.008983036000245193,0,0.0,0.01762878499994258,True,1270,0,5,5,A,5493,0.4,True,12.826323235000018
0,39.092961395886284,619,0,,0.465026880943456,3.085022762000335,dstar_lite,False,0,0,1572,6709,595,0.07687712000006286,0,0.0,0.053273010999873804,True,2175,0,7,7,A,5494,0.45,True,6.29574897700104
0,38.972517929484724,603,0,,0.4962358310319797,3.1994535120002183,dstar_lite,False,0,0,3590,15167,207,0.08149319600033778,0,0.0,0.046599187000083475,True,460,0,6,6,A,5495,0.5625,True,5.861903429999529
0,38.149053627791695,573,0,,0.465026880943456,4.12964157200031,dstar_lite,False,0,0,6322,25854,772,0.18386752300011722,0,0.0,0.07727980799973011,True,3260,0,4,4,A,5496,0.5125,True,5.553932949000682
0,41.797378466207775,663,0,,0.475657439761009,2.6700586160000057,dstar_lite,False,0,0,2849,11943,522,0.07435733399961464,0,0.0,0.05582825600004071,True,2635,0,5,5,A,5497,0.4625,True,7.186981792999632
0,40.18844904809926,635,0,,0.475657439761009,1.3327432159999262,dstar_lite,False,0,0,8929,36619,8542,0.16558495700019193,0,0.0,0.421750670000165,True,33452,0,6,6,A,5498,0.4,True,4.404093556999214
0,41.62123229571825,632,0,,0.465026880943456,5.7771561960003055,dstar_lite,False,0,0,4538,19149,229,0.1193993390002106,0,0.0,0.07336667600020519,True,791,0,6,6,A,5499,0.5,True,9.04574513200032
0,37.88503579582328,567,0,,0.465026880943456,1.347459195999818,dstar_lite,False,0,0,10675,43967,2787,0.23007739599961496,0,0.0,0.2600366699998631,True,17189,0,4,4,A,5500,0.4875,True,2.8282454360000884
0,40.12257477539421,621,0,,0.475657439761009,3.2533836769998743,dstar_lite,False,0,0,4314,17955,242,0.132804866999777,0,0.0,0.06922799199992369,True,894,0,5,5,A,5501,0.4875,True,6.711442858999817
0,38.70186709739751,584,0,,0.475657439761009,0.7173240150000311,dstar_lite,False,0,0,2812,11673,7074,0.053122499999972206,0,0.0,0.6185505869998451,True,55859,0,5,5,A,5502,0.4625,True,2.519397657999889
0,38.77601147751165,588,0,,0.465026880943456,1.3625255010001638,dstar_lite,False,0,0,10830,44970,1795,0.21306991100027517,0,0.0,0.15940252899963525,True,7181,0,5,5,A,5503,0.3875,True,3.9682973550002316
0,41.307557222631566,630,0,,0.465026880943456,2.3910797540002022,dstar_lite,False,0,0,2877,12223,1371,0.09473400199976822,0,0.0,0.0920766989997901,True,5425,0,6,6,A,5504,0.5,True,6.758842394000567
0,38.99358034737817,590,0,,0.475657439761009,1.6000742320002246,dstar_lite,False,0,0,4247,17780,1188,0.0903505309997854,0,0.0,0.10157538500016017,True,5243,0,4,4,A,5505,0.45,True,4.151835787999971
0,39.327256475219386,606,0,,0.475657439761009,2.1682154150003043,dstar_lite,False,0,0,1873,7956,1334,0.049865525999848614,0,0.0,0.11685282899998128,True,8613,0,6,6,A,5506,0.5,True,5.091129297999942
0,40.307986596740356,615,0,,0.465026880943456,3.9103398449997258,dstar_lite,False,0,0,4065,16982,66,0.08333010000023933,0,0.0,0.04644412400011788,True,451,0,6,6,A,5507,0.425,True,6.390714755999852
0,38.43528836309659,581,0,,0.475657439761009,3.9103231389999564,dstar_lite,False,0,0,5450,22827,1261,0.10082079699986934,0,0.0,0.10928127699980905,True,5471,0,4,4,A,5508,0.3875,True,5.480979364000177
0,36.706345224996475,559,0,,0.465026880943456,2.2150833119999334,dstar_lite,False,0,0,556,2349,571,0.04298836299994946,0,0.0,0.05487726599994858,True,2686,0,6,6,A,5509,0.4875,True,3.3410225910006375
0,40.60368410404921,625,0,,0.475657439761009,3.4822305050001887,dstar_lite,False,0,0,8635,35358,37007,0.17476062299965633,0,0.0,2.9944754319999447,True,274030,0,5,5,A,5510,0.4875,True,7.210962273999485
0,36.2139994271598,541,0,,0.465026880943456,1.326414646000103,dstar_lite,False,0,0,5262,22026,561,0.11481317900006616,0,0.0,0.06466623699998308,True,2302,0,7,7,A,5511,0.425,True,2.388223982999989
0,39.18939815080636,598,0,,0.465026880943456,3.43677644599984,dstar_lite,False,0,0,3149,13289,889,0.07464018300015596,0,0.0,0.09585716499987029,True,5145,0,6,6,A,5512,0.4125,True,5.648193732000436
0,39.53909188435822,591,0,,0.465026880943456,1.2268846709998797,dstar_lite,False,0,0,8924,36949,2122,0.1670257450000463,0,0.0,0.2098134799998661,True,13311,0,5,5,A,5513,0.4625,True,2.9971452220001993
0,39.057475082496474,590,0,,0.465026880943456,1.7682252180002251,dstar_lite,False,0,0,219,956,126,0.013079428999844822,0,0.0,0.010746746000222629,True,186,0,7,7,A,5514,0.375,True,3.499146871000903
0,35.263746609291864,507,0,,0.4962358310319797,0.7353843280002366,dstar_lite,False,0,0,4224,17851,359,0.09933078599988221,0,0.0,0.056738662000043405,True,2258,0,3,3,A,5515,0.425,True,1.0569224740002028
0,38.94709035154812,584,0,,0.465026880943456,1.8849500129999797,dstar_lite,False,0,0,2989,12330,816,0.07224976500037883,0,0.0,0.058574630999828514,True,2711,0,6,6,A,5516,0.5125,True,3.9665945519996058
0,39.536834387689986,591,0,,0.465026880943456,2.8815709100003915,dstar_lite,False,0,0,5131,21320,2895,0.11952609699983441,0,0.0,0.23582785600001444,True,16595,0,4,4,A,5517,0.4875,True,3.9059245220000776
0,40.506133443365094,610,0,,0.465026880943456,1.1970560539998587,dstar_lite,False,0,0,4556,18620,11043,0.12708990100009032,0,0.0,0.837606937000146,True,73752,0,5,5,A,5518,0.475,True,3.6802299490000223
0,40.68323045568237,628,0,,0.4962358310319797,2.6685240140000133,dstar_lite,False,0,0,6182,25755,3963,0.12800144099992394,0,0.0,0.285725182999613,True,20892,0,6,6,A,5519,0.5,True,6.603096808999908
0,39.049567732627516,591,0,,0.465026880943456,1.936212173000058,dstar_lite,False,0,0,4608,19514,3920,0.10299940300001253,0,0.0,0.3070524409999962,True,24513,0,6,6,A,5520,0.3875,True,3.609753418999844
0,40.30179761883913,637,0,,0.475657439761009,2.5700498149999476,dstar_lite,False,0,0,8161,33643,22882,0.14787151399968934,0,0.0,1.748420421999981,True,155297,0,5,5,A,5521,0.4625,True,6.15429114600056
0,39.791028790674396,613,0,,0.465026880943456,2.041949078000016,dstar_lite,False,0,0,11115,46241,2422,0.22176855899988368,0,0.0,0.24271004799993534,True,12853,0,5,5,A,5522,0.5125,True,5.900228094000795
0,37.79565481951865,559,0,,0.465026880943456,0.6198510169997462,dstar_lite,False,0,0,5261,21782,5494,0.13940369200008718,0,0.0,0.47792608100007783,True,40666,0,7,7,A,5523,0.45,True,2.247573549999288
0,37.66559754080625,555,0,,0.465026880943456,2.0232059150002897,dstar_lite,False,0,0,2616,11169,22,0.07926373899999817,0,0.0,0.02834780300008788,True,146,0,4,4,A,5524,0.425,True,2.845940466000684
0,39.25270472655298,593,0,,0.475657439761009,1.3444783460004146,dstar_lite,False,0,0,9488,38824,5009,0.15978350000023056,0,0.0,0.4198571809997702,True,32589,0,4,4,A,5525,0.3375,True,3.612889923000239
0,40.28050273400913,633,0,,0.475657439761009,2.6301441410000734,dstar_lite,False,0,0,4495,18394,1405,0.0849733500003822,0,0.0,0.12328523199994379,True,5993,0,7,7,A,5526,0.4625,True,7.021886495999752
0,37.00497295806441,560,0,,0.465026880943456,1.6635848209998585,dstar_lite,False,0,0,5223,21755,280,0.13623673399979452,0,0.0,0.05070704099989598,True,1476,0,4,4,A,5527,0.4875,True,3.5070902519996707
0,38.98132275459633,598,0,,0.465026880943456,1.2472367979999035,dstar_lite,False,0,0,2125,8876,2096,0.06733338799995181,0,0.0,0.1565788100001555,True,12133,0,6,6,A,5528,0.4375,True,3.402205750999201
0,40.96048041871782,618,0,,0.475657439761009,7.598737406000055,dstar_lite,False,0,0,1896,8096,1105,0.04019556000002922,0,0.0,0.09186128300007113,True,6922,0,4,4,A,5529,0.4375,True,8.312492350000412
0,36.185323827391834,538,0,,0.465026880943456,2.489827455000068,dstar_lite,False,0,0,8963,36780,806,0.15011151100043207,0,0.0,0.11901098099997398,True,4585,0,6,6,A,5530,0.4625,True,4.260211899999376
0,39.621713635231394,617,0,,0.465026880943456,3.466921839999941,dstar_lite,False,0,0,770,3335,153,0.038683458999912546,0,0.0,0.03007907700020951,True,605,0,8,8,A,5531,0.4875,True,8.321308630999283
0,38.11271532876095,568,0,,0.465026880943456,3.2816701440001452,dstar_lite,False,0,0,2860,12104,1412,0.07479809099959311,0,0.0,0.13894874399966284,True,10089,0,4,4,A,5532,0.4625,True,4.664748091001002
0,38.52187592112417,592,0,,0.465026880943456,3.348388206999971,dstar_lite,False,0,0,11486,47529,1263,0.21233203500014497,0,0.0,0.14766564100000323,True,5025,0,5,5,A,5533,0.4625,True,5.563846071000171
0,38.17369171798835,595,0,,0.475657439761009,1.7840228840000236,dstar_lite,False,0,0,6150,25589,1080,0.14048398800014184,0,0.0,0.11109128900034193,True,4576,0,5,5,A,5534,0.5125,True,4.779070108000269
0,37.872747816929724,585,0,,0.465026880943456,1.4225366050000048,dstar_lite,False,0,0,2131,9127,589,0.05365492200007793,0,0.0,0.08193092700003035,True,4165,0,7,7,A,5535,0.475,True,3.756796832999953
0,37.60551238253022,573,0,,0.475657439761009,2.0399104520001856,dstar_lite,False,0,0,3125,13145,23378,0.07736032399998294,0,0.0,1.9588527500000055,True,183118,0,5,5,A,5536,0.425,True,3.6743549789998724
0,38.9771748727916,578,0,,0.465026880943456,2.6565361000002667,dstar_lite,False,0,0,3660,15172,9923,0.10119173300017792,0,0.0,0.7550958689998879,True,66667,0,6,6,A,5537,0.5375,True,4.396265392000714
0,38.08893777659083,566,0,,0.465026880943456,1.2473079050000706,dstar_lite,False,0,0,13135,53565,2944,0.2382200100000773,0,0.0,0.19883961000005002,True,10500,0,5,5,A,5538,0.45,True,2.244505530000424
0,39.84800488618464,627,0,,0.475657439761009,3.1674546169997484,dstar_lite,False,0,0,7982,32694,2020,0.14133193500038033,0,0.0,0.14329435599984208,True,8133,0,6,6,A,5539,0.4625,True,5.683041739000146
0,37.21135797483962,558,0,,0.465026880943456,0.9024034469998696,dstar_lite,False,0,0,7021,28728,7203,0.11429704400006813,0,0.0,0.5416978110001764,True,46331,0,4,4,A,5540,0.3875,True,2.322292800000014
0,38.834841794871394,607,0,,0.475657439761009,4.6662672480001675,dstar_lite,False,0,0,6383,26393,6973,0.12208909099990706,0,0.0,0.41964814500033754,True,35825,0,5,5,A,5541,0.375,True,6.180846289999863
0,38.74637559786088,588,0,,0.465026880943456,2.921331750000263,dstar_lite,False,0,0,7569,31470,2225,0.18111740500035012,0,0.0,0.15590289200008556,True,8527,0,3,3,A,5542,0.3625,True,5.887327227000242
0,38.499356318398696,582,0,,0.475657439761009,2.0333720529997663,dstar_lite,False,0,0,8823,36513,21572,0.18120155299993712,0,0.0,1.8486050529995737,True,168557,0,3,3,A,5543,0.4375,True,3.309141616999568
0,38.771470684386635,562,0,,0.465026880943456,0.778320409999651,dstar_lite,False,0,0,791,3329,536,0.029601018999983353,0,0.0,0.045815546000085305,True,2569,0,6,6,A,5544,0.45,True,1.6571188159996382
0,39.84194539033273,590,0,,0.465026880943456,5.493700269999863,dstar_lite,False,0,0,5180,21816,917,0.08866969800010338,0,0.0,0.06305186200006574,True,2272,0,4,4,A,5545,0.4,True,7.075800163999702
0,39.0857373824042,597,0,,0.465026880943456,2.1847284460000083,dstar_lite,False,0,0,2780,11992,4418,0.06547061699984624,0,0.0,0.3819188600000416,True,32025,0,5,5,A,5546,0.425,True,4.691180508999878
0,38.109634061476676,564,0,,0.465026880943456,2.160102112000004,dstar_lite,False,0,0,1418,6072,1952,0.06692289100010385,0,0.0,0.17072993800002223,True,13498,0,6,6,A,5547,0.4625,True,3.5598568950003937
0,38.79303429563723,599,0,,0.475657439761009,2.051645027000177,dstar_lite,False,0,0,2754,11603,149,0.05719436399976985,0,0.0,0.04224372799990306,True,955,0,7,7,A,5548,0.3625,True,4.3632974929996635
0,39.16751609776997,589,0,,0.465026880943456,3.020523441000023,dstar_lite,False,0,0,4191,17527,4,0.1139753610000298,0,0.0,0.047138059999724646,True,4,0,7,7,A,5549,0.4125,True,5.286173720999614
0,35.272548639287756,511,0,,0.465026880943456,0.44434539799976847,dstar_lite,False,0,0,4281,18054,1172,0.09384115000011661,0,0.0,0.1259085899996535,True,8267,0,4,4,A,5550,0.4625,True,1.1553324539995629
0,40.8479580032308,651,0,,0.475657439761009,3.05937201200004,dstar_lite,False,0,0,5899,24859,923,0.13714243999993414,0,0.0,0.10736155299991879,True,3990,0,4,4,A,5551,0.4625,True,7.0820386410005085
0,39.403963759746965,610,0,,0.465026880943456,1.0248130840000158,dstar_lite,False,0,0,2455,10107,12324,0.05886628799999016,0,0.0,0.9621892069999376,True,87300,0,6,6,A,5552,0.3625,True,3.694184815000426
0,37.04571997879136,546,0,,0.465026880943456,0.9340173779996803,dstar_lite,False,0,0,1683,7249,1033,0.04229681900005744,0,0.0,0.07758918899980927,True,5472,0,6,6,A,5553,0.3375,True,2.094538057999216
0,46.240367012874884,746,0,,0.475657439761009,3.049526508999861,dstar_lite,False,0,0,2687,10985,35033,0.08665951500006486,0,0.0,2.958483462000004,True,272573,0,5,5,A,5554,0.4,True,7.701631477000319
0,39.257867667045865,601,0,,0.465026880943456,2.954771950000122,dstar_lite,False,0,0,962,4098,38,0.042431262000263814,0,0.0,0.014774181000120734,True,38,0,7,7,A,5555,0.475,True,5.219058598000174
0,35.23799675196015,512,0,,0.465026880943456,1.2970482999999149,dstar_lite,False,0,0,4999,20973,709,0.09009620999995605,0,0.0,0.08723292300010144,True,4014,0,3,3,A,5556,0.3125,True,1.5981753169999138
0,35.850429450973216,530,0,,0.465026880943456,1.0972776230000818,dstar_lite,False,0,0,3665,15568,216,0.10124632299994119,0,0.0,0.04212034700003642,True,1294,0,4,4,A,5557,0.45,True,2.6783262390003983
0,37.858724106576766,565,0,,0.465026880943456,0.4348359589998836,dstar_lite,False,0,0,3963,16528,2654,0.08326596699998845,0,0.0,0.2005336939996596,True,15579,0,6,6,A,5558,0.4625,True,1.9425964319998457
0,38.1054985725561,583,0,,0.475657439761009,0.8569909920001919,dstar_lite,False,0,0,6697,27575,8878,0.12442180400012148,0,0.0,0.6663903650000975,True,56734,0,5,5,A,5559,0.3375,True,2.8100978070001474
0,38.71862299273079,569,0,,0.465026880943456,1.0022298740000224,dstar_lite,False,0,0,589,2488,126,0.04381702399996357,0,0.0,0.017395573999692715,True,660,0,7,7,A,5560,0.4625,True,2.158431147000101
0,40.38696294100353,638,0,,0.4962358310319797,3.490948788999958,dstar_lite,False,0,0,697,3037,307,0.032079467000130535,0,0.0,0.038440351000190276,True,1564,0,8,8,A,5561,0.5,True,7.428274073999546
0,38.1084757580394,567,0,,0.465026880943456,1.0430291150000812,dstar_lite,False,0,0,8665,36132,399,0.18992168900012985,0,0.0,0.08724030400026095,True,1243,0,5,5,A,5562,0.4,True,2.6991185070005486
0,41.49194310574911,617,0,,0.465026880943456,8.914213473000018,dstar_lite,False,0,0,1091,4697,932,0.024871929000255477,0,0.0,0.03872154500004399,True,2890,0,4,4,A,5563,0.4,True,9.348532627000168
0,41.18644302028734,644,0,,0.475657439761009,5.329799085000104,dstar_lite,False,0,0,6583,27425,392,0.11389542500000971,0,0.0,0.09281138699998337,True,2541,0,5,5,A,5564,0.275,True,9.283475080000244
0,40.930338332488915,625,0,,0.475657439761009,2.277051220999965,dstar_lite,False,0,0,17582,71692,23804,0.29361000999961107,0,0.0,1.979878959999951,True,177121,0,3,3,A,5565,0.4125,True,3.5254769220000526
0,39.41859396002051,603,0,,0.465026880943456,4.872642650999751,dstar_lite,False,0,0,6155,25644,901,0.14725107600042975,0,0.0,0.10706200699996771,True,3351,0,4,4,A,5566,0.5125,True,6.326155810999353
0,39.75827021339323,632,0,,0.475657439761009,3.519828370999676,dstar_lite,False,0,0,4098,17107,733,0.09985653400008232,0,0.0,0.07150614300007874,True,2225,0,5,5,A,5567,0.375,True,8.228093809999791
0,38.36163160662668,586,0,,0.465026880943456,3.3083691739998358,dstar_lite,False,0,0,2870,12035,233,0.0799007350001375,0,0.0,0.04605173599975387,True,1084,0,6,6,A,5568,0.4,True,5.412257811000018
0,40.82795185349942,627,0,,0.465026880943456,2.9007519120000325,dstar_lite,False,0,0,2536,10660,1017,0.05431979199966008,0,0.0,0.04937561499991716,True,1983,0,5,5,A,5569,0.475,True,6.454379405000509
0,38.38530275084555,558,0,,0.465026880943456,0.5699519459999465,dstar_lite,False,0,0,6591,27709,4983,0.1224282499997571,0,0.0,0.445446377999815,True,37546,0,3,3,A,5570,0.325,True,1.132975162999628
0,37.37372802228611,580,0,,0.465026880943456,3.947994351000034,dstar_lite,False,0,0,1585,6767,2042,0.04561493099981817,0,0.0,0.1633335689998603,True,12269,0,7,7,A,5571,0.4375,True,5.896286151000822
0,37.791197065781994,566,0,,0.465026880943456,1.3930688979999104,dstar_lite,False,0,0,2893,12156,333,0.06425196500003949,0,0.0,0.045340912000028766,True,788,0,5,5,A,5572,0.4375,True,3.652990687000056
0,41.91490608842458,647,0,,0.465026880943456,4.508237810000082,dstar_lite,False,0,0,2270,9679,542,0.05423913300001004,0,0.0,0.056946308000078716,True,2134,0,7,7,A,5573,0.4875,True,6.6079264849995525
0,37.19279452311465,567,0,,0.465026880943456,3.1005753039999036,dstar_lite,False,0,0,2731,11529,184,0.0677325120000205,0,0.0,0.04349326400006248,True,1021,0,7,7,A,5574,0.4875,True,4.576098092999928
0,37.104677394174566,549,0,,0.465026880943456,0.9165137850000065,dstar_lite,False,0,0,1664,6982,7639,0.05249081100009789,0,0.0,0.5755577449999691,True,54110,0,3,3,A,5575,0.4,True,2.3105866550004066
0,37.73829892829192,566,0,,0.4596194077712549,1.7563513840000269,dstar_lite,False,0,0,724,3191,795,0.03829555799984519,0,0.0,0.06616659299970706,True,4486,0,6,6,A,5576,0.4625,True,2.6811400040005537
0,40.2680593044241,643,0,,0.475657439761009,3.2637455449998924,dstar_lite,False,0,0,1904,8037,484,0.07038656699978674,0,0.0,0.05177728900025613,True,1236,0,7,7,A,5577,0.3625,True,7.464869504000035
0,37.74043903089943,558,0,,0.465026880943456,3.430164109999623,dstar_lite,False,0,0,6133,25334,328,0.10169826500032286,0,0.0,0.06009541599996737,True,1992,0,3,3,A,5578,0.4,True,4.239907987999686
0,38.459174712464524,573,0,,0.4596194077712549,1.0806980529996508,dstar_lite,False,0,0,1700,7272,251,0.04614076300003944,0,0.0,0.02531910500010781,True,1057,0,5,5,A,5579,0.475,True,2.3704068840002037
0,38.60094083923877,576,0,,0.465026880943456,1.8373085250000258,dstar_lite,False,0,0,1208,5091,663,0.03488776999984111,0,0.0,0.06307574299989938,True,3864,0,6,6,A,5580,0.45,True,4.356902411000192
0,38.63284003218668,584,0,,0.475657439761009,1.12661008699979,dstar_lite,False,0,0,5696,23449,5409,0.10290633800013893,0,0.0,0.3648696010000094,True,30225,0,6,6,A,5581,0.3875,True,2.7686921369995616
0,38.01564022712176,582,0,,0.465026880943456,1.8612513090001812,dstar_lite,False,0,0,4831,20226,882,0.1127537930001381,0,0.0,0.08065232299986747,True,3348,0,5,5,A,5582,0.4,True,4.106593578000229
0,39.42571081141918,613,0,,0.475657439761009,1.2516975469998215,dstar_lite,False,0,0,689,3012,235,0.03476172399996358,0,0.0,0.026793014999839215,True,1264,0,6,6,A,5583,0.475,True,4.0666659960006655
0,37.16929865882251,567,0,,0.475657439761009,2.2328188589999627,dstar_lite,False,0,0,9322,38282,3149,0.18005455000002257,0,0.0,0.1523319289999563,True,6875,0,7,7,A,5584,0.4375,True,3.824322309999843
0,39.9096084944985,606,0,,0.4962358310319797,1.840610118999848,dstar_lite,False,0,0,4438,18210,3534,0.09318487299970002,0,0.0,0.1849728709998999,True,13952,0,7,7,A,5585,0.4875,True,4.444372570999803
0,36.94675587234364,559,0,,0.465026880943456,1.314632311999958,dstar_lite,False,0,0,5963,24776,171,0.13304507600014404,0,0.0,0.043701017999865144,True,221,0,5,5,A,5586,0.375,True,3.082116235999365
0,38.47672985731192,567,0,,0.465026880943456,1.5751905290003378,dstar_lite,False,0,0,1568,6670,54,0.05072631300026842,0,0.0,0.01887075000013283,True,54,0,7,7,A,5587,0.425,True,2.9431001100006142
0,40.02650306636866,623,0,,0.475657439761009,1.6541727830003765,dstar_lite,False,0,0,9889,40517,5882,0.206942314999651,0,0.0,0.25704213600010917,True,16182,0,5,5,A,5588,0.4875,True,4.877210416000253
0,37.5866475883638,563,0,,0.465026880943456,2.370744683999874,dstar_lite,False,0,0,5214,21674,575,0.1278945570002179,0,0.0,0.06913942300025155,True,1917,0,5,5,A,5589,0.4625,True,3.71904408599994
0,43.217734059189645,662,0,,0.465026880943456,8.869931389999692,dstar_lite,False,0,0,1611,6833,360,0.044873771000311535,0,0.0,0.04675902200006021,True,1723,0,7,7,A,5590,0.4375,True,13.476175939999393
0,38.477016099914515,587,0,,0.465026880943456,1.756733279999935,dstar_lite,False,0,0,4703,19474,10121,0.14910780999980489,0,0.0,0.9120696499999212,True,78554,0,5,5,A,5591,0.5125,True,4.781299052000122
0,37.55854627086945,581,0,,0.465026880943456,1.9487290950000897,dstar_lite,False,0,0,1217,5197,1042,0.041100130999893736,0,0.0,0.080574150999837,True,4838,0,7,7,A,5592,0.425,True,4.465991351000412
0,38.456459059742876,574,0,,0.465026880943456,1.7923610379998536,dstar_lite,False,0,0,388,1694,273,0.03329023300011613,0,0.0,0.02678319200003898,True,1592,0,7,7,A,5593,0.45,True,3.557477888999074
0,38.00597443934264,551,0,,0.4962358310319797,0.5237191470000653,dstar_lite,False,0,0,1779,7642,293,0.05367744800014407,0,0.0,0.03576685100006216,True,1738,0,6,6,A,5594,0.5,True,1.4915827180007
0,38.4211484326453,597,0,,0.465026880943456,2.7600071990000288,dstar_lite,False,0,0,5564,23446,1029,0.11538172000018676,0,0.0,0.09404277799967531,True,4148,0,5,5,A,5595,0.35,True,4.955891450000308
0,38.56243436804623,577,0,,0.465026880943456,4.335161487999812,dstar_lite,False,0,0,6834,28011,51250,0.10287928199977614,0,0.0,4.226298621000296,True,396473,0,3,3,A,5596,0.4625,True,6.335310332000063
0,40.845135289476865,614,0,,0.465026880943456,4.679916408000281,dstar_lite,False,0,0,3461,14606,1653,0.11259881400019367,0,0.0,0.13032278800028507,True,7492,0,6,6,A,5597,0.4625,True,6.541485978000765
0,38.5426197025045,599,0,,0.465026880943456,1.71167434400013,dstar_lite,False,0,0,4451,18633,564,0.11782184799994866,0,0.0,0.06041046600012123,True,1457,0,7,7,A,5598,0.45,True,4.027257530999577
0,36.734135894708324,550,0,,0.465026880943456,0.8296534000000975,dstar_lite,False,0,0,2093,8861,4207,0.07423827599996002,0,0.0,0.3052587180000046,True,26391,0,6,6,A,5599,0.475,True,2.199951424000119
0,44.039172828746985,716,0,,0.475657439761009,2.400388701999873,dstar_lite,False,0,0,1422,5903,26649,0.05720120499972836,0,0.0,2.189632552999683,True,202620,0,7,7,A,5600,0.5125,True,8.813132322000456
0,38.563346866226745,571,0,,0.465026880943456,1.635255614000016,dstar_lite,False,0,0,606,2607,994,0.03366016199970545,0,0.0,0.06207428200013965,True,4850,0,4,4,A,5601,0.45,True,2.775802191999901
0,37.85747427897632,579,0,,0.465026880943456,1.5592307029996846,dstar_lite,False,0,0,844,3651,574,0.028815359999953216,0,0.0,0.058158208999884664,True,3127,0,7,7,A,5602,0.525,True,4.805896484000186
0,37.780072697544604,573,0,,0.465026880943456,1.4011458680001851,dstar_lite,False,0,0,6554,26981,659,0.11658610900030908,0,0.0,0.07167244099991876,True,1766,0,8,8,A,5603,0.475,True,3.638345909000236
0,39.430998835974115,617,0,,0.465026880943456,5.128859261000343,dstar_lite,False,0,0,2728,11410,319,0.07028480500002843,0,0.0,0.03873464900016188,True,905,0,7,7,A,5604,0.475,True,8.396480635999978
0,37.31808904489593,538,0,,0.465026880943456,0.42438528299999234,dstar_lite,False,0,0,2159,9105,142,0.09088926100002936,0,0.0,0.031259658000180934,True,831,0,5,5,A,5605,0.4375,True,1.367309144999581
0,39.54889410422122,596,0,,0.475657439761009,3.5911690900002213,dstar_lite,False,0,0,8604,35845,307,0.1593297800000073,0,0.0,0.09613468399993508,True,1630,0,4,4,A,5606,0.525,True,4.368632874000468
0,38.44986225136046,586,0,,0.475657439761009,3.4731792640000094,dstar_lite,False,0,0,6074,24883,9071,0.10708574399995996,0,0.0,0.7127218210002866,True,64008,0,3,3,A,5607,0.35,True,4.594595737999953
0,38.36068218107396,575,0,,0.465026880943456,3.2423380129998804,dstar_lite,False,0,0,5633,23085,709,0.0950523639999119,0,0.0,0.08492763499998546,True,2768,0,6,6,A,5608,0.375,True,4.584074595999937
0,37.12805674482653,555,0,,0.4596194077712549,2.5073067260000244,dstar_lite,False,0,0,5085,21057,633,0.10655317700002342,0,0.0,0.0657971489999909,True,2313,0,5,5,A,5609,0.3875,True,3.7794412200005354
0,39.56445703744138,613,0,,0.465026880943456,2.269653596000353,dstar_lite,False,0,0,3110,12924,6195,0.06458247399996253,0,0.0,0.4737953799999559,True,40506,0,6,6,A,5610,0.4375,True,4.359125531000245
0,37.266685229992866,566,0,,0.465026880943456,2.9519117579998237,dstar_lite,False,0,0,1813,7527,680,0.057851266999932704,0,0.0,0.053714374999799475,True,2708,0,7,7,A,5611,0.525,True,4.983242159999008
0,39.70356166338897,612,0,,0.475657439761009,3.732253645000128,dstar_lite,False,0,0,4474,18531,2752,0.09840344399981404,0,0.0,0.12579952600026445,True,7154,0,6,6,A,5612,0.4625,True,6.764335302000745
0,38.10007976882023,567,0,,0.465026880943456,0.7950466510001206,dstar_lite,False,0,0,2471,10619,1932,0.050887431999854016,0,0.0,0.13812710599995626,True,10913,0,5,5,A,5613,0.325,True,2.1060403880001104
0,37.46291655523289,553,0,,0.465026880943456,2.2592585430002146,dstar_lite,False,0,0,1106,4800,740,0.03311275800024305,0,0.0,0.06646335999994335,True,4613,0,5,5,A,5614,0.375,True,3.093976844000281
0,36.95814619663259,551,0,,0.465026880943456,1.1424849639997774,dstar_lite,False,0,0,4993,20858,3210,0.12365441399970223,0,0.0,0.24654532500017012,True,19277,0,6,6,A,5615,0.475,True,2.3531458969991945
0,36.64831928557666,543,0,,0.4962358310319797,1.415054218000023,dstar_lite,False,0,0,1914,8215,1589,0.05388329400011571,0,0.0,0.11627138099993317,True,8725,0,3,3,A,5616,0.425,True,2.8813389849997293
0,37.87418986332486,553,0,,0.4962358310319797,0.838675258999956,dstar_lite,False,0,0,471,2051,291,0.018380114000137837,0,0.0,0.024751660999754677,True,1582,0,5,5,A,5617,0.4375,True,1.871637118000308
0,39.5252276907938,593,0,,0.475657439761009,1.5639640859999417,dstar_lite,False,0,0,7656,31867,18078,0.14846429900035218,0,0.0,1.4002822920001563,True,127329,0,3,3,A,5618,0.4,True,3.4800720809998893
0,37.25650631866582,561,0,,0.465026880943456,1.119027501000346,dstar_lite,False,0,0,5605,23727,360,0.1358958780001558,0,0.0,0.08558254599984139,True,1734,0,6,6,A,5619,0.575,True,3.268200424000497
0,41.935941870935835,667,0,,0.475657439761009,2.7385929390002275,dstar_lite,False,0,0,2785,11340,30895,0.08774053899969658,0,0.0,2.6474132150001424,True,241603,0,7,7,A,5620,0.4,True,6.771973181000703
0,37.48234140976593,563,0,,0.465026880943456,1.7539150249999693,dstar_lite,False,0,0,1874,7896,264,0.0524350340001547,0,0.0,0.04429733500001021,True,1375,0,7,7,A,5621,0.4125,True,2.810988852999799
0,40.15288321610754,625,0,,0.475657439761009,1.8491013299999395,dstar_lite,False,0,0,1282,5514,1289,0.039151600999957736,0,0.0,0.08131451799999923,True,5300,0,5,5,A,5622,0.4125,True,5.0609231530002035
0,41.63015326087404,650,0,,0.475657439761009,2.9532256120000966,dstar_lite,False,0,0,1616,6779,7691,0.04515879700011283,0,0.0,0.5982611760000509,True,52992,0,5,5,A,5623,0.3125,True,5.502367935000166
0,37.214281507803015,555,0,,0.465026880943456,3.2870172769999044,dstar_lite,False,0,0,2563,10820,49,0.0521205000000009,0,0.0,0.022923018999790656,True,313,0,4,4,A,5624,0.2875,True,4.327242865999324
0,37.49264543696044,567,0,,0.465026880943456,1.89969146500016,dstar_lite,False,0,0,4745,19738,5923,0.08825283299984221,0,0.0,0.4254703189999418,True,37767,0,4,4,A,5625,0.4,True,3.252123699000549
0,38.407745517952186,564,0,,0.465026880943456,0.6862380759998814,dstar_lite,False,0,0,11419,47293,2308,0.22699668099994597,0,0.0,0.1668833970002197,True,8427,0,4,4,A,5626,0.3625,True,1.9731740269999136
0,38.67490819430429,587,0,,0.465026880943456,3.2469538779996583,dstar_lite,False,0,0,1523,6470,623,0.04766945800020039,0,0.0,0.03991891300029238,True,1478,0,6,6,A,5627,0.3875,True,5.681857291999677
0,39.66356169656785,583,0,,0.465026880943456,3.2276881379998485,dstar_lite,False,0,0,6000,25392,1367,0.12961026299990408,0,0.0,0.1294592819999707,True,7248,0,4,4,A,5628,0.4375,True,3.757269097999597
0,38.12435777042016,546,0,,0.4962358310319797,0.2874171489997934,dstar_lite,False,0,0,3078,12739,176,0.062471139000081166,0,0.0,0.032048567999936495,True,1015,0,5,5,A,5629,0.425,True,0.884807603000354
0,37.57801221542676,565,0,,0.465026880943456,2.759428501000002,dstar_lite,False,0,0,10678,44200,333,0.21285498299994288,0,0.0,0.10603327700027876,True,1779,0,6,6,A,5630,0.3875,True,4.793209685999955
0,38.846281506849635,581,0,,0.475657439761009,0.9017961239997021,dstar_lite,False,0,0,2445,10245,3528,0.07438523700011501,0,0.0,0.23583849800024836,True,19283,0,5,5,A,5631,0.425,True,2.754169376000391
0,39.32388128927618,595,0,,0.465026880943456,6.481424390000029,dstar_lite,False,0,0,4327,18390,589,0.13370138799973574,0,0.0,0.08197489300027883,True,1758,0,6,6,A,5632,0.625,True,7.6203338969999095
0,42.730749082102506,679,0,,0.475657439761009,2.965456581000126,dstar_lite,False,0,0,4460,18150,26679,0.1332989710003858,0,0.0,1.9456587800000307,True,177225,0,5,5,A,5633,0.425,True,8.03555603400082
0,37.63186516096548,585,0,,0.465026880943456,1.3349843229998442,dstar_lite,False,0,0,6696,28298,7,0.13166797800022323,0,0.0,0.06011778199990658,True,7,0,7,7,A,5634,0.5125,True,3.890061345000504
0,39.29774469293678,591,0,,0.465026880943456,0.9345536820001143,dstar_lite,False,0,0,759,3289,1122,0.030137899000237667,0,0.0,0.09898289000011573,True,6265,0,6,6,A,5635,0.475,True,2.7932273950009403
0,38.04109968017801,586,0,,0.475657439761009,0.933388720000039,dstar_lite,False,0,0,5872,24179,11512,0.1134547480000947,0,0.0,0.8170455409999704,True,73777,0,6,6,A,5636,0.425,True,3.5404446960001223
0,37.97632221221166,576,0,,0.465026880943456,1.808420061999641,dstar_lite,False,0,0,112,477,3,0.019616987999597768,0,0.0,0.011912438000308612,True,3,0,5,5,A,5637,0.45,True,3.5980172969993873
0,38.3759804473301,568,0,,0.465026880943456,0.8611840049998136,dstar_lite,False,0,0,4940,20470,1345,0.09720349799999894,0,0.0,0.11786511199989036,True,6891,0,5,5,A,5638,0.375,True,2.2737839690003057
0,37.768987693745565,559,0,,0.465026880943456,1.5355040900003587,dstar_lite,False,0,0,2963,12740,1026,0.08327296800007389,0,0.0,0.10659729199960566,True,6406,0,5,5,A,5639,0.475,True,2.3272125720000076
0,39.08258039797474,604,0,,0.475657439761009,3.8203801429999658,dstar_lite,False,0,0,12648,52649,11084,0.22558412099988345,0,0.0,0.7624322399997254,True,62653,0,3,3,A,5640,0.375,True,5.634784496000066
0,38.08509235261641,590,0,,0.465026880943456,1.7853323060003277,dstar_lite,False,0,0,2571,10908,1191,0.06680343900006847,0,0.0,0.07270820199983064,True,3644,0,6,6,A,5641,0.5,True,4.328095337000832
0,40.60862272955894,622,0,,0.465026880943456,2.330194499999834,dstar_lite,False,0,0,2137,8971,962,0.05904415800023344,0,0.0,0.06052596800009269,True,2948,0,7,7,A,5642,0.425,True,5.539083381999717
0,39.3330527298713,611,0,,0.475657439761009,2.2959509050001543,dstar_lite,False,0,0,2808,11707,23,0.057729050000034476,0,0.0,0.03823502799968992,True,145,0,6,6,A,5643,0.4875,True,5.770581700999628
0,37.98470871015683,569,0,,0.465026880943456,2.2580293940000047,dstar_lite,False,0,0,10435,42921,851,0.19690898399994694,0,0.0,0.127672056999927,True,3022,0,4,4,A,5644,0.4125,True,3.881156610000289
0,35.82031460118528,532,0,,0.465026880943456,0.49113591600007567,dstar_lite,False,0,0,4970,20582,339,0.09986632400023154,0,0.0,0.052047039000171935,True,1705,0,6,6,A,5645,0.375,True,1.9842061469989858
0,41.05167518468512,634,0,,0.465026880943456,2.1486758490000284,dstar_lite,False,0,0,3694,15616,1049,0.09893899199960288,0,0.0,0.07197529299992311,True,3540,0,7,7,A,5646,0.4625,True,5.355630697999459
0,37.8050913164052,564,0,,0.465026880943456,3.763541044000249,dstar_lite,False,0,0,14254,59357,239,0.2657223639998847,0,0.0,0.09990813700005674,True,660,0,3,3,A,5647,0.4875,True,5.179153688000042
0,35.63070446510448,517,0,,0.465026880943456,0.571059410000089,dstar_lite,False,0,0,16571,69114,1854,0.33313554500000464,0,0.0,0.22052635699992607,True,11322,0,3,3,A,5648,0.5,True,1.4812330069999007
0,37.945311184627116,582,0,,0.475657439761009,2.5715121080002064,dstar_lite,False,0,0,5248,21403,7630,0.09795632099985596,0,0.0,0.49284706400021605,True,42574,0,5,5,A,5649,0.425,True,3.992261876000157
0,39.93218006989671,619,0,,0.465026880943456,2.9210216149999724,dstar_lite,False,0,0,1013,4347,54,0.034082749999925,0,0.0,0.023902007000287995,True,54,0,6,6,A,5650,0.4875,True,6.133565201000238
0,36.40011033491609,547,0,,0.4596194077712549,1.8242669830001432,dstar_lite,False,0,0,5863,24253,304,0.12918356199998016,0,0.0,0.0614636549998977,True,1093,0,6,6,A,5651,0.4375,True,3.7134259829995244
0,37.632171460194265,576,0,,0.465026880943456,1.6679572429998188,dstar_lite,False,0,0,324,1396,802,0.03130043100009061,0,0.0,0.060830691999854025,True,4652,0,7,7,A,5652,0.45,True,4.16341268899987
0,39.15014305409856,584,0,,0.465026880943456,2.777530491000107,dstar_lite,False,0,0,3436,14349,1026,0.08269329299992023,0,0.0,0.12667419700028404,True,7227,0,6,6,A,5653,0.4125,True,4.5487061540006835
0,36.15915341786708,532,0,,0.465026880943456,0.9987941130002582,dstar_lite,False,0,0,1683,7153,1492,0.0823561619999964,0,0.0,0.10439322600041123,True,7940,0,5,5,A,5654,0.4625,True,2.278783769999791
0,38.421725897688994,572,0,,0.465026880943456,0.7586610060002386,dstar_lite,False,0,0,3699,15596,6215,0.08841870300011578,0,0.0,0.4980103269999745,True,43451,0,5,5,A,5655,0.3875,True,1.897072935000324
0,38.32413682162515,578,0,,0.465026880943456,1.613269713000136,dstar_lite,False,0,0,1863,7848,1135,0.06937844999993104,0,0.0,0.08978422600011982,True,5170,0,6,6,A,5656,0.525,True,3.0747885559999304
0,38.40440959702368,579,0,,0.465026880943456,1.9713569529999404,dstar_lite,False,0,0,3540,14908,7808,0.0635149170002478,0,0.0,0.5964308140000867,True,53923,0,5,5,A,5657,0.3875,True,3.3679666339994583
0,38.3073115280927,571,0,,0.475657439761009,2.2379198150001685,dstar_lite,False,0,0,3831,16218,533,0.0841919509998661,0,0.0,0.07113812600027813,True,2165,0,6,6,A,5658,0.4375,True,3.8798672520001674
0,36.224810079552476,542,0,,0.465026880943456,1.126341512000181,dstar_lite,False,0,0,6228,26019,2096,0.1552453740000601,0,0.0,0.1831742630001827,True,11185,0,5,5,A,5659,0.3375,True,2.745421880000322
0,39.65835385422373,609,0,,0.475657439761009,1.745728395000242,dstar_lite,False,0,0,2229,9242,3011,0.0495039799998267,0,0.0,0.15764970500003983,True,12929,0,5,5,A,5660,0.4,True,3.860770478000177
0,37.98047421320039,566,0,,0.465026880943456,2.7727004139997007,dstar_lite,False,0,0,3737,15679,8271,0.08563494999998511,0,0.0,0.7073035019998315,True,63363,0,4,4,A,5661,0.4875,True,4.149537290999888
0,39.30419010627209,600,0,,0.475657439761009,3.870292974000222,dstar_lite,False,0,0,14820,61352,12828,0.28209010299997317,0,0.0,1.0102223220001179,True,82730,0,4,4,A,5662,0.45,True,6.22909275100028
0,37.850553565151294,561,0,,0.465026880943456,1.7205149619999247,dstar_lite,False,0,0,2662,11250,7474,0.06036431799975617,0,0.0,0.6155732180000086,True,54653,0,6,6,A,5663,0.3625,True,3.2085776560006707
0,40.0852907422442,623,0,,0.475657439761009,3.4273667410002417,dstar_lite,False,0,0,2819,11626,3357,0.08215370600009919,0,0.0,0.16225999700009197,True,11386,0,6,6,A,5664,0.45,True,6.498993418000737
0,39.536964348420454,605,0,,0.475657439761009,5.992128530000173,dstar_lite,False,0,0,11395,47250,1146,0.2356923369998185,0,0.0,0.17811238500007676,True,6429,0,5,5,A,5665,0.4625,True,7.078080838000005
0,44.67207094623903,681,0,,0.475657439761009,7.823786426999959,dstar_lite,False,0,0,4746,19893,343,0.10983212499968431,0,0.0,0.08814261099996656,True,2252,0,6,6,A,5666,0.5625,True,10.570662063999862
0,36.865467417182636,549,0,,0.465026880943456,1.2334564930001761,dstar_lite,False,0,0,3448,14301,316,0.09794058700026653,0,0.0,0.058743639000113035,True,1352,0,7,7,A,5667,0.425,True,2.8725370879992624
0,38.71440829936136,607,0,,0.465026880943456,2.935131415000342,dstar_lite,False,0,0,1630,6940,1265,0.04787068999985422,0,0.0,0.09148279599958187,True,5091,0,7,7,A,5668,0.55,True,6.210859929001344
0,38.8141663986543,575,0,,0.465026880943456,1.2266816629999084,dstar_lite,False,0,0,5271,21899,265,0.10975342800020371,0,0.0,0.05778580600008354,True,1193,0,6,6,A,5669,0.425,True,2.9626422390001608
0,37.202559617533744,557,0,,0.465026880943456,0.7698987870003293,dstar_lite,False,0,0,5951,24334,6667,0.1515783630002261,0,0.0,0.4802023490001375,True,40020,0,5,5,A,5670,0.4125,True,2.60915963799971
0,39.71789287926758,606,0,,0.475657439761009,2.3241759430002276,dstar_lite,False,0,0,3443,14366,5176,0.07435059899989938,0,0.0,0.34155754799985516,True,29091,0,5,5,A,5671,0.3875,True,4.853669160000209
0,38.65990370319596,587,0,,0.465026880943456,3.9704994530002296,dstar_lite,False,0,0,7740,32255,1428,0.16866189800020948,0,0.0,0.12062521500001822,True,5237,0,5,5,A,5672,0.475,True,5.791327864999857
0,38.41173125859526,599,0,,0.465026880943456,2.647789836999891,dstar_lite,False,0,0,5150,21554,2237,0.11102339699982622,0,0.0,0.19924089100004494,True,13847,0,6,6,A,5673,0.4,True,5.012825883000005
0,36.09718136130858,546,0,,0.465026880943456,2.2876580399997692,dstar_lite,False,0,0,2149,9082,559,0.055625000999953045,0,0.0,0.05753386700007468,True,1912,0,7,7,A,5674,0.5,True,3.736250431999906
0,39.15477119258667,607,0,,0.465026880943456,4.463309150999976,dstar_lite,False,0,0,4441,18702,1872,0.10067609099996844,0,0.0,0.17657688700001017,True,10916,0,4,4,A,5675,0.45,True,7.860611204999714
0,38.12498601844158,579,0,,0.465026880943456,1.8589417160001176,dstar_lite,False,0,0,3440,14575,1676,0.08102408000013384,0,0.0,0.1259999339999922,True,8351,0,6,6,A,5676,0.4125,True,3.7672322760004135
0,39.11237823735869,593,0,,0.465026880943456,2.8520249230000445,dstar_lite,False,0,0,4658,19556,1325,0.11715929999991204,0,0.0,0.1390496539997912,True,7484,0,8,8,A,5677,0.55,True,4.44554155699916
0,39.38084797168571,621,0,,0.475657439761009,1.5118297270000767,dstar_lite,False,0,0,7591,30942,17781,0.16701902200020413,0,0.0,1.3412517859997024,True,120469,0,5,5,A,5678,0.5125,True,4.321380817999852
0,37.92754438524562,551,0,,0.465026880943456,1.368868425999608,dstar_lite,False,0,0,14346,59577,248,0.2728390849997595,0,0.0,0.11884805600038817,True,1479,0,3,3,A,5679,0.425,True,2.3751111319998017
0,41.02975382871445,655,0,,0.475657439761009,4.452279926000301,dstar_lite,False,0,0,8849,36126,16875,0.182952605000537,0,0.0,1.0196795310002926,True,86062,0,6,6,A,5680,0.5125,True,7.677237959999729
0,39.543407440194464,584,0,,0.465026880943456,1.4435380739996617,dstar_lite,False,0,0,4120,17295,10149,0.09108798099987325,0,0.0,0.8414410300001691,True,76495,0,3,3,A,5681,0.4125,True,2.6130470570005855
0,37.7116322771111,581,0,,0.465026880943456,2.3958726339997156,dstar_lite,False,0,0,5806,24058,2135,0.15471971100032533,0,0.0,0.1303649020001103,True,7396,0,5,5,A,5682,0.5125,True,4.2606125419997625
0,40.13318244022702,638,0,,0.475657439761009,2.674479264999718,dstar_lite,False,0,0,3947,16534,828,0.0962660440000036,0,0.0,0.07299044600040361,True,2942,0,6,6,A,5683,0.325,True,5.83338014399942
0,39.70271797099464,618,0,,0.475657439761009,0.9762678269999014,dstar_lite,False,0,0,3406,14141,10032,0.07452891900084069,0,0.0,0.7705147679998845,True,68807,0,5,5,A,5684,0.35,True,3.5591241060001266
0,45.573982078472085,697,0,,0.475657439761009,10.048644155999682,dstar_lite,False,0,0,728,3177,247,0.020130928999606112,0,0.0,0.019173384999703558,True,963,0,5,5,A,5685,0.5375,True,12.705600254000274
0,37.87335125263534,556,0,,0.465026880943456,1.0267976370005272,dstar_lite,False,0,0,945,4043,141,0.037111296000148286,0,0.0,0.0206002040004023,True,676,0,5,5,A,5686,0.5125,True,2.382790939002007
0,36.69355028955683,554,0,,0.465026880943456,1.071757744000024,dstar_lite,False,0,0,705,3026,1044,0.02695824900001753,0,0.0,0.0847915260001173,True,5958,0,5,5,A,5687,0.3875,True,2.7169548339998073
0,40.45360648764787,635,0,,0.465026880943456,2.512998303999666,dstar_lite,False,0,0,5414,22570,29,0.14534609199927218,0,0.0,0.0510255369999868,True,29,0,8,8,A,5688,0.475,True,6.106988858999102
0,39.19611750373893,603,0,,0.475657439761009,1.258148429999892,dstar_lite,False,0,0,9632,39336,10707,0.1678836749997572,0,0.0,0.7476449699997829,True,61316,0,7,7,A,5689,0.45,True,3.4749595430002955
0,40.092720825507996,617,0,,0.475657439761009,2.909940839000228,dstar_lite,False,0,0,1368,5746,4585,0.04102157600027567,0,0.0,0.3323741779995544,True,29429,0,4,4,A,5690,0.3375,True,5.3200405099996715
0,38.45796982043976,584,0,,0.475657439761009,1.6532472509998115,dstar_lite,False,0,0,6492,26934,14372,0.11469320400010474,0,0.0,1.1794377249998433,True,104299,0,4,4,A,5691,0.4375,True,3.7189021610001873
0,39.27110499145253,598,0,,0.475657439761009,1.6743801590000658,dstar_lite,False,0,0,503,2182,192,0.019621261999418493,0,0.0,0.024068132999673253,True,1222,0,5,5,A,5692,0.3625,True,4.4603175680003915
0,37.5303949442087,553,0,,0.465026880943456,2.7041065769999477,dstar_lite,False,0,0,7053,29344,41,0.1615365869993184,0,0.0,0.053713217999757035,True,188,0,4,4,A,5693,0.3625,True,3.0961510860006456
0,37.694252259674634,561,0,,0.465026880943456,0.9971175150003546,dstar_lite,False,0,0,5165,21621,1578,0.11442497000007279,0,0.0,0.13225802700071654,True,7599,0,6,6,A,5694,0.4625,True,2.8234783810003137
0,39.15536142130447,574,0,,0.465026880943456,1.055129665000095,dstar_lite,False,0,0,4555,18942,997,0.09947189100057585,0,0.0,0.08058890200027236,True,4270,0,7,7,A,5695,0.5125,True,2.3794703950006806
0,40.25985829790485,609,0,,0.465026880943456,5.108769620000203,dstar_lite,False,0,0,5001,20764,2159,0.09497052900042036,0,0.0,0.12147279800046817,True,6462,0,5,5,A,5696,0.45,True,7.9470685470005265
0,36.62000231196126,549,0,,0.475657439761009,1.4188749670001926,dstar_lite,False,0,0,2521,10788,3565,0.07542632800050342,0,0.0,0.2629848700007642,True,21258,0,5,5,A,5697,0.5,True,3.414886106999802
0,39.81823002639337,591,0,,0.465026880943456,3.992932336999729,dstar_lite,False,0,0,4961,20711,373,0.0966572030001771,0,0.0,0.05895492599938734,True,1825,0,5,5,A,5698,0.4,True,4.676239629998236
0,37.62426640610609,542,0,,0.4596194077712549,0.8191697800002657,dstar_lite,False,0,0,6531,27124,503,0.11436463100017136,0,0.0,0.07499187999928836,True,2958,0,4,4,A,5699,0.4375,True,1.426745877999565
0,40.64375008854502,605,0,,0.475657439761009,2.2957976470006543,dstar_lite,False,0,0,13417,54673,24503,0.22774484999990818,0,0.0,2.06458185000065,True,185411,0,4,4,A,5700,0.4375,True,3.4987983960018028
0,38.97303420449797,601,0,,0.465026880943456,3.689511341999605,dstar_lite,False,0,0,3397,14234,576,0.07863652800006093,0,0.0,0.06706622999990941,True,1554,0,7,7,A,5701,0.3875,True,7.424607511000431
0,39.11876288618214,603,0,,0.475657439761009,2.8822971629997483,dstar_lite,False,0,0,3461,14645,3580,0.08721983000032196,0,0.0,0.24852806699982466,True,19943,0,5,5,A,5702,0.4125,True,5.381837179001195
0,39.11714975223171,605,0,,0.475657439761009,2.939408244000333,dstar_lite,False,0,0,2017,8401,1233,0.07453351200001634,0,0.0,0.05540182400000049,True,2478,0,6,6,A,5703,0.45,True,6.020560467000905
0,39.27271268375319,614,0,,0.465026880943456,4.56262427799993,dstar_lite,False,0,0,1783,7605,3400,0.04333427499932441,0,0.0,0.2642821620001996,True,22311,0,6,6,A,5704,0.4625,True,6.831168395000532
0,40.275904448760535,620,0,,0.465026880943456,2.9044135639996966,dstar_lite,False,0,0,3231,13459,1621,0.09499417700044432,0,0.0,0.10574899699986418,True,5231,0,6,6,A,5705,0.45,True,4.679123861999869
0,37.10032686870816,553,0,,0.465026880943456,2.416758476000723,dstar_lite,False,0,0,7197,29752,809,0.15379007899991848,0,0.0,0.11294722999991791,True,4766,0,5,5,A,5706,0.4,True,3.7768710140007897
0,37.180363720766614,554,0,,0.465026880943456,1.9462699480000083,dstar_lite,False,0,0,5548,23333,26,0.12047815599999012,0,0.0,0.04947137999988627,True,35,0,4,4,A,5707,0.4125,True,3.153735260999383
0,36.693919581012544,535,0,,0.465026880943456,0.5018214969995825,dstar_lite,False,0,0,1090,4554,2214,0.03266274700035865,0,0.0,0.1384807210006329,True,12329,0,3,3,A,5708,0.375,True,0.8018480759983504
0,37.612405704523944,550,0,,0.465026880943456,0.5112814680005613,dstar_lite,False,0,0,13677,56781,1920,0.27043998099998134,0,0.0,0.2387830429997848,True,12991,0,5,5,A,5709,0.4625,True,1.6772256750009547
0,38.49174703866429,577,0,,0.465026880943456,1.6560288789996775,dstar_lite,False,0,0,4006,16840,378,0.09264507299940306,0,0.0,0.048561032000179694,True,618,0,4,4,A,5710,0.525,True,3.2294180409990076
0,38.89138535218735,587,0,,0.465026880943456,1.9428150999992795,dstar_lite,False,0,0,1792,7718,99,0.05585331200018118,0,0.0,0.03903882600025099,True,504,0,6,6,A,5711,0.4125,True,4.008257385998149
0,38.49702748657244,583,0,,0.465026880943456,1.0289736479999192,dstar_lite,False,0,0,3305,13945,676,0.07806162300039432,0,0.0,0.06102748600005725,True,2056,0,6,6,A,5712,0.425,True,3.3823921109997173
0,39.35699003370177,602,0,,0.465026880943456,4.4676981530001285,dstar_lite,False,0,0,2352,9877,329,0.06747862199972587,0,0.0,0.04578312299963727,True,1347,0,7,7,A,5713,0.4875,True,6.014062987001125
0,38.51225264995891,580,0,,0.475657439761009,4.371844035999857,dstar_lite,False,0,0,3960,16485,426,0.09009047000017745,0,0.0,0.07076524500007508,True,1595,0,5,5,A,5714,0.4625,True,6.01372322899897
0,39.41244239500492,604,0,,0.465026880943456,2.7868530400000964,dstar_lite,False,0,0,5335,22192,2205,0.12294025299979694,0,0.0,0.1344506850000471,True,7321,0,6,6,A,5715,0.4625,True,5.101009911000801
0,39.38965743869782,607,0,,0.465026880943456,2.20321083700037,dstar_lite,False,0,0,5753,23653,898,0.11191796300045098,0,0.0,0.07305437100058043,True,2871,0,6,6,A,5716,0.4125,True,4.182020906000616
0,37.49963841153068,564,0,,0.475657439761009,2.9316153589998066,dstar_lite,False,0,0,16832,69717,3065,0.31575355299992225,0,0.0,0.23288171299918758,True,9098,0,3,3,A,5717,0.4625,True,4.390268057999492
0,38.80803269275368,594,0,,0.465026880943456,3.140509179000219,dstar_lite,False,0,0,1986,8396,839,0.05678536300001724,0,0.0,0.06718875400019897,True,3753,0,6,6,A,5718,0.4875,True,5.272448664001786
0,40.77722602143798,629,0,,0.475657439761009,3.423384361999524,dstar_lite,False,0,0,11218,47065,1669,0.23609824200048024,0,0.0,0.15389846400012175,True,4875,0,4,4,A,5719,0.5125,True,7.7018058379999275
0,39.456272083608106,594,0,,0.465026880943456,1.3774357249994864,dstar_lite,False,0,0,5263,21924,722,0.11822025499986921,0,0.0,0.07242747300006158,True,2489,0,6,6,A,5720,0.475,True,3.309500654999283
0,40.28307156633335,624,0,,0.475657439761009,4.041596032999223,dstar_lite,False,0,0,2425,10194,3385,0.06457559499995114,0,0.0,0.20464444199933496,True,14777,0,5,5,A,5721,0.525,True,6.696093852997365
0,38.410904712030806,567,0,,0.465026880943456,1.127642523000759,dstar_lite,False,0,0,7847,32576,2060,0.16550651300076424,0,0.0,0.21520515300016996,True,14338,0,5,5,A,5722,0.475,True,2.4142199890002303
0,36.527773475667594,539,0,,0.465026880943456,0.6780497609997838,dstar_lite,False,0,0,6547,27084,6300,0.14477073199941515,0,0.0,0.5308425180000995,True,45586,0,4,4,A,5723,0.4,True,1.7172893339993607
0,37.31436803654724,546,0,,0.465026880943456,0.5700984109998899,dstar_lite,False,0,0,11559,47987,677,0.19383330100026797,0,0.0,0.14151480100008484,True,4628,0,5,5,A,5724,0.3375,True,1.7590356760001669
0,37.09980965323166,554,0,,0.475657439761009,2.9857197640003506,dstar_lite,False,0,0,4875,20536,3215,0.11369958999966912,0,0.0,0.25995174899981066,True,18430,0,4,4,A,5725,0.3625,True,3.7936788800016075
0,39.172265029056156,603,0,,0.465026880943456,2.6548936649996904,dstar_lite,False,0,0,3840,15765,4321,0.07947869999952673,0,0.0,0.24466399299944896,True,18450,0,6,6,A,5726,0.475,True,4.456679795000127
0,38.513449323389025,583,0,,0.475657439761009,0.8471720589996039,dstar_lite,False,0,0,10502,43291,7736,0.19333146900044085,0,0.0,0.6515597030002027,True,54341,0,5,5,A,5727,0.3125,True,2.442807888000061
0,37.611601731792085,555,0,,0.465026880943456,3.4641164320000826,dstar_lite,False,0,0,1227,5146,302,0.0544136870003058,0,0.0,0.035631533000014315,True,1679,0,4,4,A,5728,0.475,True,4.482077535000826
0,43.466124022670684,674,0,,0.475657439761009,3.452117360000557,dstar_lite,False,0,0,3006,12575,29204,0.08481700599986652,0,0.0,2.4496631060001164,True,228394,0,5,5,A,5729,0.475,True,7.027279733000796
0,38.15845410773155,564,0,,0.465026880943456,1.498731425999722,dstar_lite,False,0,0,1768,7516,722,0.045134670000152255,0,0.0,0.05807108499993774,True,3296,0,5,5,A,5730,0.3625,True,2.6099692969992248
0,37.47719506669984,567,0,,0.465026880943456,1.3196653690001767,dstar_lite,False,0,0,2615,10814,289,0.07671728900004382,0,0.0,0.036821644000156084,True,923,0,6,6,A,5731,0.525,True,3.237427881000258
0,39.6993414435704,603,0,,0.465026880943456,2.7280992180003523,dstar_lite,False,0,0,803,3436,313,0.040101227999912226,0,0.0,0.03478361499946914,True,966,0,4,4,A,5732,0.4875,True,6.127595017000203
0,38.77767594628861,589,0,,0.475657439761009,3.4058945769993443,dstar_lite,False,0,0,7291,29986,864,0.1472940829999061,0,0.0,0.09025598300013371,True,3172,0,6,6,A,5733,0.3875,True,5.142954138999812
0,39.299942679585456,609,0,,0.475657439761009,1.470237922000706,dstar_lite,False,0,0,827,3433,3106,0.03701951800030656,0,0.0,0.26183961700007785,True,22186,0,6,6,A,5734,0.425,True,3.6774408319997747
0,37.95550608053948,584,0,,0.475657439761009,2.233868676000384,dstar_lite,False,0,0,3606,15102,3227,0.07624902799943811,0,0.0,0.19019770199975028,True,13226,0,6,6,A,5735,0.525,True,4.3975357150011405
0,39.53067361561228,588,0,,0.465026880943456,0.9380799380005556,dstar_lite,False,0,0,804,3474,75,0.0321177859996169,0,0.0,0.01979166000000987,True,479,0,7,7,A,5736,0.4375,True,3.0370447980012614
0,38.205063364037905,572,0,,0.465026880943456,1.0555979090004257,dstar_lite,False,0,0,2583,10926,864,0.059021744999881776,0,0.0,0.06384406999950443,True,3019,0,6,6,A,5737,0.4375,True,2.5683202340005664
0,38.78979201733242,585,0,,0.475657439761009,2.892620552000153,dstar_lite,False,0,0,15034,61526,12741,0.238306362000003,0,0.0,0.7941258979999475,True,64202,0,3,3,A,5738,0.4,True,4.221786989000975
0,40.185398857656864,626,0,,0.475657439761009,3.195486097999492,dstar_lite,False,0,0,5039,20924,4014,0.10627205799937656,0,0.0,0.23734487399997306,True,16472,0,5,5,A,5739,0.4,True,7.616930017999948
0,43.432238521236705,664,0,,0.465026880943456,12.020454550000068,dstar_lite,False,0,0,1173,5053,937,0.03982735200042953,0,0.0,0.0770815189998757,True,4147,0,5,5,A,5740,0.475,True,12.973699528999532
0,38.98790703027509,596,0,,0.465026880943456,2.5535662739994223,dstar_lite,False,0,0,2597,10959,2595,0.0657877189996725,0,0.0,0.17288665999967634,True,13506,0,5,5,A,5741,0.3875,True,3.8334465829984765
0,40.15579797998716,640,0,,0.465026880943456,4.4869490219998625,dstar_lite,False,0,0,1947,8323,3077,0.0579233030002797,0,0.0,0.24304536399995413,True,20088,0,7,7,A,5742,0.5,True,7.903166056999908
0,39.60872559866682,598,0,,0.475657439761009,1.1597335920005207,dstar_lite,False,0,0,2898,12116,4683,0.06822842800011131,0,0.0,0.38312834200041834,True,32895,0,5,5,A,5743,0.475,True,2.8430693179998343
0,41.16007965752665,665,0,,0.475657439761009,2.339532957999836,dstar_lite,False,0,0,125,518,1286,0.01836146000005101,0,0.0,0.12359915999968507,True,9952,0,6,6,A,5744,0.4875,True,5.899641126999086
0,39.340036748339706,583,0,,0.465026880943456,4.742064691000451,dstar_lite,False,0,0,2103,8809,23,0.06483067099998152,0,0.0,0.034218703999613354,True,147,0,7,7,A,5745,0.4625,True,7.808123101000092
0,38.85367965023746,595,0,,0.465026880943456,2.524092649000522,dstar_lite,False,0,0,3577,14941,2389,0.07247165099943231,0,0.0,0.1091617749998477,True,6951,0,6,6,A,5746,0.4625,True,5.564857623000535
0,35.25769800611824,511,0,,0.465026880943456,0.5756366049999997,dstar_lite,False,0,0,10198,42054,2114,0.1577171509998152,0,0.0,0.2261589929994443,True,15571,0,3,3,A,5747,0.2875,True,1.412591913000142
0,39.72843454553526,599,0,,0.465026880943456,0.8847874450002564,dstar_lite,False,0,0,799,3461,34,0.03711208999993687,0,0.0,0.021953993999886734,True,34,0,7,7,A,5748,0.475,True,2.9107492329994784
0,39.306800926380525,596,0,,0.465026880943456,1.0721351479996883,dstar_lite,False,0,0,1164,5025,584,0.038882954000655445,0,0.0,0.0488514260005104,True,1561,0,6,6,A,5749,0.425,True,3.8653012659988235
0,38.7789807626749,593,0,,0.465026880943456,3.0668665890007105,dstar_lite,False,0,0,1607,7000,139,0.07430789400041249,0,0.0,0.03349436999997124,True,355,0,6,6,A,5750,0.4875,True,5.237173390000862
0,37.93581619863465,567,0,,0.465026880943456,3.8449017859993546,dstar_lite,False,0,0,3668,15466,505,0.10060703799990733,0,0.0,0.061680666000029305,True,2567,0,4,4,A,5751,0.475,True,5.403117619000113
0,41.981971116393126,671,0,,0.475657439761009,2.7471310290002293,dstar_lite,False,0,0,480,2046,638,0.025469920000432467,0,0.0,0.04003645400007372,True,2325,0,5,5,A,5752,0.375,True,7.480669106001187
0,38.952123173260055,603,0,,0.465026880943456,2.183336326999779,dstar_lite,False,0,0,2338,9806,2018,0.0698220919994128,0,0.0,0.15224914900045405,True,11630,0,6,6,A,5753,0.4,True,4.889169612999467
0,37.93743926190886,562,0,,0.465026880943456,3.1877748309998424,dstar_lite,False,0,0,703,3041,238,0.03335097400031373,0,0.0,0.022535577999406087,True,925,0,4,4,A,5754,0.4375,True,4.870076533000429
0,41.832625769017525,665,0,,0.47565743976100916,6.750170490000528,dstar_lite,False,0,0,2672,11163,312,0.07101796100050706,0,0.0,0.03775174799920933,True,1123,0,6,6,A,5755,0.4125,True,9.282699633000448
0,39.45598505481359,602,0,,0.465026880943456,1.9749615499995343,dstar_lite,False,0,0,2531,10530,2109,0.054617136000160826,0,0.0,0.12686425700030668,True,6623,0,6,6,A,5756,0.4875,True,4.576675948999764
0,40.81675028244407,648,0,,0.465026880943456,2.0733003769992138,dstar_lite,False,0,0,3221,13622,1167,0.11181427900010021,0,0.0,0.1098574470006497,True,5488,0,7,7,A,5757,0.5125,True,5.701434626000264
0,38.0105843964176,554,0,,0.4962358310319797,1.132830847999685,dstar_lite,False,0,0,216,944,112,0.010061863999908383,0,0.0,0.02744411899948318,True,717,0,6,6,A,5758,0.45,True,2.055785007999475
0,40.025293257877465,591,0,,0.4962358310319797,1.967350412000087,dstar_lite,False,0,0,2826,11849,246,0.07354289300019445,0,0.0,0.048869154000385606,True,1441,0,6,6,A,5759,0.4375,True,4.561458366000807
0,37.30324647954101,552,0,,0.465026880943456,0.7200226770000882,dstar_lite,False,0,0,1375,5892,397,0.042694740999650094,0,0.0,0.04741720699985308,True,2102,0,5,5,A,5760,0.4875,True,2.0571482609993836
0,36.79374170820847,560,0,,0.475657439761009,1.4210224380003638,dstar_lite,False,0,0,3157,13226,1902,0.0949547979998897,0,0.0,0.0946384830003808,True,5387,0,6,6,A,5761,0.4625,True,3.0847937760017885
0,37.570448734543724,551,0,,0.465026880943456,1.4020912239993777,dstar_lite,False,0,0,17486,72111,12044,0.3007015919993137,0,0.0,1.0980175109998527,True,93281,0,3,3,A,5762,0.3625,True,1.780875249998644
0,37.23345789318024,554,0,,0.465026880943456,1.794637345999945,dstar_lite,False,0,0,4643,19180,212,0.08946849400035717,0,0.0,0.056984182000633155,True,1150,0,6,6,A,5763,0.4125,True,2.9988944629976686
0,38.22056791760999,575,0,,0.465026880943456,2.382483786999728,dstar_lite,False,0,0,1844,7869,2286,0.041544213000634045,0,0.0,0.1754218079995553,True,14894,0,6,6,A,5764,0.475,True,4.083270863000507
0,37.918739653312464,572,0,,0.465026880943456,2.400068036000448,dstar_lite,False,0,0,12503,51245,1412,0.20759621600063838,0,0.0,0.14634433400078706,True,4186,0,4,4,A,5765,0.325,True,4.19595020000088
0,38.02831273246254,579,0,,0.475657439761009,2.525958606000131,dstar_lite,False,0,0,2630,10981,337,0.060679049999635026,0,0.0,0.04068262800046796,True,1722,0,5,5,A,5766,0.45,True,4.818697934998454
0,36.95446009454907,552,0,,0.465026880943456,1.0566714289998345,dstar_lite,False,0,0,2541,10552,5559,0.048575912000160315,0,0.0,0.4118915469998683,True,36647,0,5,5,A,5767,0.325,True,2.291137594999782
0,37.84528112284589,572,0,,0.475657439761009,1.7055281329994614,dstar_lite,False,0,0,5996,24907,18566,0.11344607099999848,0,0.0,1.5886435669999628,True,144805,0,5,5,A,5768,0.425,True,2.8596063259983566
0,38.442085390899166,587,0,,0.475657439761009,2.6597329429996535,dstar_lite,False,0,0,2439,10026,1460,0.08178081000005477,0,0.0,0.056927401999928406,True,2612,0,6,6,A,5769,0.4,True,5.503349796999828
0,38.390124364106974,575,0,,0.465026880943456,1.0393039220007267,dstar_lite,False,0,0,2101,8723,526,0.055949812999642745,0,0.0,0.04533977400024014,True,2569,0,5,5,A,5770,0.35,True,2.8730731290015683
0,40.59587411654613,618,0,,0.475657439761009,1.2051260729995192,dstar_lite,False,0,0,7350,29905,8688,0.18838775800031726,0,0.0,0.577711550999993,True,46801,0,5,5,A,5771,0.475,True,3.262341241998911
0,38.20893619976332,583,0,,0.465026880943456,3.327769470000021,dstar_lite,False,0,0,548,2372,491,0.029992710999977135,0,0.0,0.05371870700037107,True,3096,0,5,5,A,5772,0.4125,True,5.7233695630011425
0,39.61283311721726,616,0,,0.465026880943456,2.6940291020000586,dstar_lite,False,0,0,3483,14339,2576,0.07487110300007771,0,0.0,0.12851844800024992,True,8852,0,5,5,A,5773,0.4,True,5.7065184700004465
0,39.09922632186413,597,0,,0.465026880943456,4.151802373999999,dstar_lite,False,0,0,6192,25870,611,0.15788693700051226,0,0.0,0.0924977750000835,True,1731,0,7,7,A,5774,0.5,True,6.642377490999934
0,40.85402217043017,647,0,,0.475657439761009,4.233793301000333,dstar_lite,False,0,0,4024,16999,676,0.08259431299939024,0,0.0,0.06055542400008562,True,1913,0,5,5,A,5775,0.45,True,6.9143550960006905
0,38.83815641551592,577,0,,0.465026880943456,0.8361109199995553,dstar_lite,False,0,0,3708,15418,17,0.07965361599963217,0,0.0,0.029762674000266998,True,17,0,6,6,A,5776,0.4125,True,2.840801216998443
0,38.390526728108206,578,0,,0.465026880943456,1.8490711370004647,dstar_lite,False,0,0,10554,43673,6277,0.2166875090006215,0,0.0,0.5650502299995424,True,43569,0,5,5,A,5777,0.45,True,3.3264763540000786
0,38.43654154404795,575,0,,0.465026880943456,0.6154068180003378,dstar_lite,False,0,0,5876,24299,719,0.11204352299955644,0,0.0,0.078724093999881,True,3151,0,6,6,A,5778,0.45,True,2.4172093110000787
0,38.411798662717,569,0,,0.465026880943456,1.6668807690002723,dstar_lite,False,0,0,2598,10966,1518,0.0642020830000547,0,0.0,0.1142020400002366,True,7425,0,4,4,A,5779,0.3875,True,2.8764331299998958
0,42.224045317793724,685,0,,0.47565743976100916,4.7043183780006075,dstar_lite,False,0,0,3135,13005,922,0.06484289899981377,0,0.0,0.051411298999482824,True,2511,0,4,4,A,5780,0.45,True,9.851526393000313
0,38.146784629088366,578,0,,0.465026880943456,0.5848811490004664,dstar_lite,False,0,0,3338,14008,4498,0.07341325200013671,0,0.0,0.3409871280000516,True,29636,0,7,7,A,5781,0.3875,True,1.8049595140009842
0,38.65213581532851,586,0,,0.465026880943456,2.174185263000254,dstar_lite,False,0,0,2994,12342,5038,0.05846715999996377,0,0.0,0.30973579799956497,True,26504,0,4,4,A,5782,0.4375,True,3.985267238000233
0,42.3636714305989,656,0,,0.475657439761009,7.425415871000041,dstar_lite,False,0,0,3784,15711,86454,0.08810130299934826,0,0.0,7.331009499000174,True,687452,0,3,3,A,5783,0.525,True,10.044382082000084
0,38.66329850457243,576,0,,0.465026880943456,0.5198482630003127,dstar_lite,False,0,0,4571,19243,577,0.09162534999995842,0,0.0,0.06882006100022409,True,3164,0,7,7,A,5784,0.45,True,2.0427788289998716
0,36.90905196872355,547,0,,0.465026880943456,1.0697909580003397,dstar_lite,False,0,0,4720,19737,7961,0.07835717200032377,0,0.0,0.6578497650007193,True,58785,0,3,3,A,5785,0.275,True,2.3185763340006815
0,39.97796055271724,610,0,,0.465026880943456,4.317785451999953,dstar_lite,False,0,0,1848,7773,228,0.09391271300046355,0,0.0,0.04639497499920253,True,1492,0,6,6,A,5786,0.375,True,6.377064837999569
0,38.61038001442004,589,0,,0.465026880943456,1.6648085400001946,dstar_lite,False,0,0,14505,59663,5905,0.27757556799952,0,0.0,0.5435083669999585,True,39115,0,6,6,A,5787,0.4625,True,3.360368098001345
0,38.65831553903677,578,0,,0.465026880943456,1.2290269590002936,dstar_lite,False,0,0,5857,24501,209,0.11684925500048848,0,0.0,0.055185180000080436,True,827,0,6,6,A,5788,0.3625,True,3.0626559659986015
0,42.23961686327486,653,0,,0.475657439761009,9.995012450000104,dstar_lite,False,0,0,10613,44303,805,0.19802206800068234,0,0.0,0.13627667900072993,True,2677,0,5,5,A,5789,0.55,True,14.567125577001207
0,38.20073410199709,562,0,,0.465026880943456,0.9156730469994727,dstar_lite,False,0,0,4765,19923,3118,0.10058700700028567,0,0.0,0.2566978629993173,True,20660,0,5,5,A,5790,0.4,True,1.7195207399990977
0,40.07187078402549,607,0,,0.475657439761009,1.1177857539996694,dstar_lite,False,0,0,2348,9860,6208,0.06366407099994831,0,0.0,0.4922097440003199,True,42440,0,5,5,A,5791,0.475,True,3.370796019999034
0,36.5422618626068,545,0,,0.465026880943456,2.7247642009997435,dstar_lite,False,0,0,1855,7742,637,0.06628642399937235,0,0.0,0.04543745199953264,True,1339,0,6,6,A,5792,0.5625,True,4.229042299999492
0,38.914293564477276,604,0,,0.475657439761009,4.807901493999452,dstar_lite,False,0,0,5237,21551,135,0.12372383900037676,0,0.0,0.053563507000035315,True,833,0,8,8,A,5793,0.4,True,6.9558918369984895
0,39.91533537327407,617,0,,0.465026880943456,2.7160811570001897,dstar_lite,False,0,0,4809,19844,402,0.13254059300015797,0,0.0,0.08071828500033007,True,1738,0,6,6,A,5794,0.4875,True,6.30976241999997
0,39.64994871339366,601,0,,0.465026880943456,2.811277560000235,dstar_lite,False,0,0,1925,8181,434,0.07833640399985597,0,0.0,0.04882144399925892,True,1467,0,6,6,A,5795,0.4125,True,4.494620177000797
0,38.576031465270184,566,0,,0.465026880943456,1.5988728919992354,dstar_lite,False,0,0,5715,23832,683,0.14283452099971328,0,0.0,0.1038479560002088,True,2898,0,4,4,A,5796,0.425,True,2.775235451998924
0,43.32638694427268,681,0,,0.465026880943456,6.1361540099997,dstar_lite,False,0,0,4782,19901,897,0.10930380100035109,0,0.0,0.1013755800004219,True,3837,0,7,7,A,5797,0.525,True,8.97810612199828
0,37.156520847868144,554,0,,0.465026880943456,2.2748325570000816,dstar_lite,False,0,0,5957,24785,1328,0.14579742800015083,0,0.0,0.09012611800062587,True,3637,0,6,6,A,5798,0.4625,True,3.6611100580012135
0,36.95279658959206,560,0,,0.465026880943456,1.1384293680002884,dstar_lite,False,0,0,2112,8986,1509,0.07816779000040697,0,0.0,0.12965815200004727,True,9288,0,6,6,A,5799,0.5125,True,2.5369533780012716
0,40.86303032059085,640,0,,0.475657439761009,4.300706091000393,dstar_lite,False,0,0,5314,22261,4578,0.13297976400008338,0,0.0,0.24492897499931132,True,17880,0,6,6,A,5800,0.5125,True,5.689464377999684
0,36.932588638604436,552,0,,0.465026880943456,1.5083972760003235,dstar_lite,False,0,0,4559,19089,1836,0.0940419770004155,0,0.0,0.16490893999980472,True,10860,0,5,5,A,5801,0.35,True,2.7314041180006825
0,39.70324570829032,634,0,,0.465026880943456,3.9052671389999887,dstar_lite,False,0,0,10323,41985,2311,0.2598323740003252,0,0.0,0.1503421890001846,True,6706,0,7,7,A,5802,0.575,True,6.466022585999781
0,40.05300661200325,616,0,,0.465026880943456,1.5369115860003149,dstar_lite,False,0,0,2163,9181,1125,0.0774035639997237,0,0.0,0.06075033599972812,True,3029,0,7,7,A,5803,0.4625,True,3.9581982319996314
0,37.82714748009215,554,0,,0.4596194077712549,0.8597586770001726,dstar_lite,False,0,0,4306,18069,34,0.09725250100018457,0,0.0,0.032060268000350334,True,37,0,6,6,A,5804,0.3875,True,1.84837449600127
0,38.386339474042124,576,0,,0.465026880943456,2.3007942599997477,dstar_lite,False,0,0,1087,4711,135,0.029193413000029977,0,0.0,0.019240456000261474,True,790,0,4,4,A,5805,0.425,True,3.421614438000688
0,39.12324343721816,612,0,,0.465026880943456,2.2312851750002665,dstar_lite,False,0,0,252,1063,504,0.026736234000054537,0,0.0,0.03689622199999576,True,2205,0,7,7,A,5806,0.4125,True,3.9862035150008523
0,38.86876164776498,597,0,,0.465026880943456,2.705609741000444,dstar_lite,False,0,0,1347,5655,843,0.02737176999926305,0,0.0,0.06610954299958394,True,5010,0,7,7,A,5807,0.4,True,5.100080974001685
0,39.522719611299564,612,0,,0.475657439761009,2.0202408569994077,dstar_lite,False,0,0,6942,28873,3693,0.1638866599996618,0,0.0,0.19876408399977663,True,13338,0,5,5,A,5808,0.5125,True,3.968326373999844
0,37.85754717272791,561,0,,0.465026880943456,1.0369961850001346,dstar_lite,False,0,0,7335,30540,3705,0.14619261600000755,0,0.0,0.28270355299991934,True,21433,0,4,4,A,5809,0.45,True,2.22438827499991
0,40.057864164206926,621,0,,0.465026880943456,1.6415575769997304,dstar_lite,False,0,0,3279,13705,685,0.07270913499996823,0,0.0,0.0680034169999999,True,3094,0,7,7,A,5810,0.4,True,4.389075703001254
0,42.28635537254107,660,0,,0.475657439761009,2.6811530929999208,dstar_lite,False,0,0,7340,30165,8136,0.1490149979999842,0,0.0,0.6564304419998734,True,54646,0,4,4,A,5811,0.4875,True,4.8461230109996905
0,38.63028743899928,607,0,,0.465026880943456,2.833812312000191,dstar_lite,False,0,0,5390,22039,4522,0.09988839399920835,0,0.0,0.18815284500033158,True,13141,0,7,7,A,5812,0.3625,True,5.2133340190002855
0,42.939678393853725,691,0,,0.47565743976100916,2.947646677999728,dstar_lite,False,0,0,500,2171,2855,0.02135581800030195,0,0.0,0.27068746799977816,True,22118,0,6,6,A,5813,0.4875,True,7.374505929999032
0,36.34861620625616,535,0,,0.465026880943456,2.510758626999632,dstar_lite,False,0,0,6779,27947,273,0.13446656799987977,0,0.0,0.07064506700044149,True,1499,0,5,5,A,5814,0.3,True,3.3971290350000345
0,38.34663637015058,585,0,,0.475657439761009,3.063866617999338,dstar_lite,False,0,0,8393,34573,16296,0.14138277100028063,0,0.0,1.1979421610003556,True,107020,0,3,3,A,5815,0.4375,True,4.62293071699969
0,42.08692985807715,650,0,,0.465026880943456,8.29833575200064,dstar_lite,False,0,0,1949,8376,1310,0.056272363999596564,0,0.0,0.09383493999939674,True,5022,0,6,6,A,5816,0.625,True,10.487191791999976
0,42.387878786608496,669,0,,0.475657439761009,2.622911940999984,dstar_lite,False,0,0,1866,7854,1683,0.06072302499978832,0,0.0,0.14279647499915882,True,11005,0,5,5,A,5817,0.525,True,6.394769472999542
0,47.69850816441598,780,0,,0.47565743976100916,7.674988148999546,dstar_lite,False,0,0,11019,44965,90575,0.21084502700068697,0,0.0,7.457855851999739,True,688084,0,4,4,A,5818,0.45,True,13.257115697999325
0,39.82573943063542,605,0,,0.475657439761009,2.9208614100007253,dstar_lite,False,0,0,14804,60963,272,0.2614896940003746,0,0.0,0.13098332200024743,True,1528,0,5,5,A,5819,0.4375,True,5.214423909001198
0,38.88626975581269,611,0,,0.475657439761009,3.0523648460002732,dstar_lite,False,0,0,5973,24929,674,0.11160468500020215,0,0.0,0.07285084700015432,True,1765,0,6,6,A,5820,0.45,True,6.031699060000392
0,36.92317669749979,537,0,,0.465026880943456,1.4716098480002984,dstar_lite,False,0,0,15959,66572,2340,0.29076603399971646,0,0.0,0.3130600239992418,True,17387,0,2,2,A,5821,0.3875,True,2.078063490999739
0,38.22988104504224,584,0,,0.465026880943456,3.5675164479998784,dstar_lite,False,0,0,7305,30514,839,0.1598812510001153,0,0.0,0.10322122399975342,True,3666,0,5,5,A,5822,0.4375,True,6.243729096999232
0,36.8972838519638,552,0,,0.465026880943456,1.8817194459998063,dstar_lite,False,0,0,699,2952,221,0.03184841999973287,0,0.0,0.028893407999930787,True,1041,0,6,6,A,5823,0.475,True,4.105558627001301
0,39.74588635293295,600,0,,0.465026880943456,4.994114942000124,dstar_lite,False,0,0,9960,41220,3478,0.22376300299947616,0,0.0,0.16198703400004888,True,8041,0,3,3,A,5824,0.4125,True,6.421213295000598
0,38.38347937966551,584,0,,0.465026880943456,1.227063019000525,dstar_lite,False,0,0,4242,17858,682,0.09731241800000134,0,0.0,0.07471122500010097,True,2501,0,6,6,A,5825,0.5,True,3.05140068700166
0,38.39783586928677,569,0,,0.465026880943456,2.678241966999849,dstar_lite,False,0,0,1456,6116,24,0.03278701399995043,0,0.0,0.018162710000069637,True,138,0,5,5,A,5826,0.325,True,3.710399028000211
0,42.401148250052465,658,0,,0.4596194077712549,6.717406642000242,dstar_lite,False,0,0,4688,19678,387,0.10991740600002231,0,0.0,0.06417568100005155,True,1072,0,8,8,A,5827,0.525,True,9.174100084997917
0,35.281227507986024,519,0,,0.465026880943456,0.5811049230005665,dstar_lite,False,0,0,6818,27896,2060,0.1587237300000197,0,0.0,0.14773972800048796,True,9701,0,5,5,A,5828,0.45,True,1.9935192500006451
0,40.25668649603102,632,0,,0.475657439761009,2.319772968999132,dstar_lite,False,0,0,569,2456,657,0.049839274999612826,0,0.0,0.04857380699922942,True,3372,0,6,6,A,5829,0.325,True,4.760034128999905
0,38.477758795534804,589,0,,0.465026880943456,3.5644253919999755,dstar_lite,False,0,0,5537,23454,1636,0.12650999400011642,0,0.0,0.17466233800041664,True,11651,0,6,6,A,5830,0.375,True,5.235345359999883
0,38.87508766357665,587,0,,0.475657439761009,2.5495438010002545,dstar_lite,False,0,0,2758,11401,17425,0.07494723899981182,0,0.0,1.4332401929996195,True,126385,0,5,5,A,5831,0.425,True,5.354616087999602
0,38.98283998273323,596,0,,0.465026880943456,1.9523273559998415,dstar_lite,False,0,0,1326,5720,660,0.04820836399994732,0,0.0,0.05661667700042017,True,2515,0,6,6,A,5832,0.475,True,4.429280228999232
0,38.50671442951174,588,0,,0.465026880943456,1.943310475000544,dstar_lite,False,0,0,3384,14275,289,0.07256161500026792,0,0.0,0.04644037100024434,True,1110,0,5,5,A,5833,0.425,True,3.4747979980011223
0,39.9400114310406,617,0,,0.475657439761009,2.941679908999504,dstar_lite,False,0,0,908,3919,138,0.0334283680003864,0,0.0,0.03003591799915739,True,721,0,7,7,A,5834,0.425,True,5.970884872999704
0,40.4159122025109,629,0,,0.465026880943456,1.9389347579999594,dstar_lite,False,0,0,1991,8233,472,0.05216975300027116,0,0.0,0.037346909000007145,True,1624,0,6,6,A,5835,0.475,True,4.846745231000568
0,38.71964258139993,584,0,,0.465026880943456,2.6980624690004333,dstar_lite,False,0,0,3393,14234,1993,0.0824280370006818,0,0.0,0.12884112699975958,True,8615,0,5,5,A,5836,0.4375,True,3.940721255999051
0,37.209964412698135,569,0,,0.465026880943456,2.700871009000366,dstar_lite,False,0,0,3942,16472,1748,0.11482504499963397,0,0.0,0.1302470769996944,True,9204,0,4,4,A,5837,0.4375,True,4.79364433200044
0,39.389148003070964,621,0,,0.465026880943456,4.032403434999651,dstar_lite,False,0,0,1227,5162,778,0.03106092100006208,0,0.0,0.05525422100072319,True,2968,0,7,7,A,5838,0.4625,True,7.102460496999811
0,44.06807113494149,697,0,,0.47565743976100916,8.594830084000023,dstar_lite,False,0,0,2595,10955,988,0.06915286599996762,0,0.0,0.07610689000011917,True,4112,0,6,6,A,5839,0.525,True,12.351420619999772
0,40.90800340518664,644,0,,0.465026880943456,3.9421549090002372,dstar_lite,False,0,0,3168,13578,154,0.07976745799987839,0,0.0,0.05212171400035004,True,838,0,7,7,A,5840,0.5125,True,8.787078962000123
0,38.77670606442053,582,0,,0.465026880943456,1.6832820080007878,dstar_lite,False,0,0,9029,36971,2204,0.19219118100045307,0,0.0,0.16433696200056147,True,9188,0,5,5,A,5841,0.325,True,3.3765500550007346
0,38.03748404891489,584,0,,0.465026880943456,2.9199386579994098,dstar_lite,False,0,0,4279,17933,867,0.10893501299960917,0,0.0,0.08819847100039624,True,3618,0,8,8,A,5842,0.475,True,5.15898186099912
0,37.557631422222954,586,0,,0.475657439761009,5.074068644000363,dstar_lite,False,0,0,7165,30242,2896,0.15190039499975683,0,0.0,0.24589654000010341,True,15186,0,5,5,A,5843,0.425,True,6.709717186000489
0,39.538362831593254,586,0,,0.465026880943456,1.3629295459995774,dstar_lite,False,0,0,4310,17937,349,0.10406727500048873,0,0.0,0.0690277639996566,True,1871,0,5,5,A,5844,0.55,True,3.245083329999943
0,40.5995447165955,644,0,,0.475657439761009,4.861301196000568,dstar_lite,False,0,0,6179,25938,1665,0.12285495700052707,0,0.0,0.1801846629996362,True,10879,0,5,5,A,5845,0.4625,True,8.187112900001011
0,40.98981253415756,636,0,,0.465026880943456,2.897086025000135,dstar_lite,False,0,0,2782,11867,437,0.07334693300072104,0,0.0,0.049790867999945476,True,1341,0,7,7,A,5846,0.4875,True,6.502361300001212
0,37.79450956877947,577,0,,0.465026880943456,2.5336715209996328,dstar_lite,False,0,0,3130,13144,253,0.08666134099985356,0,0.0,0.0401852670001972,True,1248,0,7,7,A,5847,0.5125,True,4.746945445000165
0,39.44143873790765,602,0,,0.465026880943456,2.4356870620003974,dstar_lite,False,0,0,131,586,304,0.013104779000059352,0,0.0,0.028848480000306154,True,1780,0,7,7,A,5848,0.475,True,4.6223333190009726
0,37.26560763370713,557,0,,0.465026880943456,1.5096170770002573,dstar_lite,False,0,0,4944,20884,924,0.10753742700035218,0,0.0,0.07955303399921831,True,2870,0,4,4,A,5849,0.3875,True,3.0448930510001446
0,40.55025078196948,609,0,,0.475657439761009,1.7330664810006056,dstar_lite,False,0,0,4901,20392,19131,0.11696918000052392,0,0.0,1.6131663229998594,True,145061,0,5,5,A,5850,0.5,True,3.9172213020001436
0,37.26236769820721,540,0,,0.465026880943456,0.893554003000645,dstar_lite,False,0,0,6158,25981,1361,0.11880286799987516,0,0.0,0.15470794300017587,True,10041,0,3,3,A,5851,0.3875,True,1.6026247850004438
0,37.13942368365632,569,0,,0.465026880943456,1.477629560999958,dstar_lite,False,0,0,887,3834,240,0.040189096000176505,0,0.0,0.029878972000005888,True,503,0,7,7,A,5852,0.5,True,4.036268483999265
0,39.06083151707012,584,0,,0.465026880943456,0.954194126999937,dstar_lite,False,0,0,5571,23317,964,0.11914163699930214,0,0.0,0.10622493099981511,True,4208,0,5,5,A,5853,0.4,True,2.7672467109996433
0,38.05511149184764,581,0,,0.475657439761009,2.2571026269997674,dstar_lite,False,0,0,8852,37116,6502,0.22082575800050108,0,0.0,0.4901626149994627,True,37671,0,4,4,A,5854,0.4875,True,3.814078194999638
0,40.11752560959248,594,0,,0.4962358310319797,3.188837572999546,dstar_lite,False,0,0,1649,7170,271,0.04592299900014041,0,0.0,0.03246849000061047,True,470,0,6,6,A,5855,0.475,True,5.431849072001569
0,37.547452270240285,563,0,,0.475657439761009,1.1220438560003458,dstar_lite,False,0,0,7574,31675,6675,0.16988189499988948,0,0.0,0.5126817769996705,True,42016,0,3,3,A,5856,0.35,True,2.8357413970006746
0,36.586984567704356,545,0,,0.465026880943456,1.1126038769998559,dstar_lite,False,0,0,3650,15486,362,0.1181208419993709,0,0.0,0.06239966300017841,True,1711,0,4,4,A,5857,0.4625,True,2.7421307229997183
0,39.36236324900173,611,0,,0.475657439761009,2.6250809099992694,dstar_lite,False,0,0,4120,17226,6731,0.10358689999975468,0,0.0,0.46545867399981944,True,39505,0,5,5,A,5858,0.4,True,4.535043932000917
0,38.29124203624045,570,0,,0.475657439761009,0.7780027469998458,dstar_lite,False,0,0,10011,41196,5995,0.2014889949996359,0,0.0,0.401962394000293,True,32121,0,5,5,A,5859,0.325,True,2.2189413339992825
0,39.63959299297411,607,0,,0.465026880943456,1.798316839999643,dstar_lite,False,0,0,2237,9586,469,0.052061549000427476,0,0.0,0.048701962000450294,True,1608,0,5,5,A,5860,0.4375,True,4.782942602999356
0,41.22825037066805,643,0,,0.475657439761009,3.429869446000339,dstar_lite,False,0,0,9223,38567,6474,0.19288346499979525,0,0.0,0.36842791000071884,True,26281,0,5,5,A,5861,0.525,True,5.452696723000372
0,39.34180955709085,612,0,,0.465026880943456,3.129953196000315,dstar_lite,False,0,0,554,2438,24,0.02785866799968062,0,0.0,0.013963650000732741,True,24,0,8,8,A,5862,0.475,True,6.725587200002337
0,38.530197586911264,578,0,,0.465026880943456,0.6620930290000615,dstar_lite,False,0,0,1000,4308,376,0.03468104300009145,0,0.0,0.019315256000481895,True,469,0,7,7,A,5863,0.475,True,2.260787217000143
0,38.776210349529855,576,0,,0.465026880943456,1.7647723919999407,dstar_lite,False,0,0,17960,74057,7805,0.30857581100008247,0,0.0,0.7560595760005526,True,57499,0,2,2,A,5864,0.325,True,2.8324215180000465
0,38.27759789681353,570,0,,0.465026880943456,3.5532969319992844,dstar_lite,False,0,0,1801,7526,1091,0.05370076600047469,0,0.0,0.06904191100056778,True,4050,0,5,5,A,5865,0.525,True,4.787914605999504
0,39.58043526247538,615,0,,0.465026880943456,0.802056406999327,dstar_lite,False,0,0,4396,18392,3056,0.08613965600034135,0,0.0,0.20146423099959065,True,15323,0,7,7,A,5866,0.4625,True,2.986068883998996
0,39.044713288083614,592,0,,0.475657439761009,1.8267192769999383,dstar_lite,False,0,0,1866,7845,3084,0.05771669899968401,0,0.0,0.26083864500014897,True,22389,0,5,5,A,5867,0.3625,True,3.6180868569999802
0,38.36195441458054,586,0,,0.475657439761009,2.943873152999913,dstar_lite,False,0,0,10258,42813,666,0.22385015200052294,0,0.0,0.11222011799964093,True,2191,0,5,5,A,5868,0.55,True,6.088840072999119
0,40.205418977313556,617,0,,0.475657439761009,1.9201360340002793,dstar_lite,False,0,0,2101,8737,2226,0.0567982580005264,0,0.0,0.13506755499929568,True,9060,0,6,6,A,5869,0.525,True,3.7314483520003705
0,37.28907949571718,557,0,,0.465026880943456,2.5882398210005704,dstar_lite,False,0,0,3006,12563,368,0.09342098500019347,0,0.0,0.050558658999761974,True,1436,0,5,5,A,5870,0.45,True,4.353712641000129
0,36.81142654884011,566,0,,0.465026880943456,2.1932559380002203,dstar_lite,False,0,0,4034,16775,10102,0.09717110500059789,0,0.0,0.8560236410003199,True,73525,0,6,6,A,5871,0.475,True,4.64552457299942
0,40.52520911412277,618,0,,0.465026880943456,2.2729844169998614,dstar_lite,False,0,0,2909,12217,522,0.08935559000019566,0,0.0,0.05029514200032281,True,959,0,7,7,A,5872,0.5375,True,4.880193940999561
0,42.73365170147369,681,0,,0.475657439761009,4.155298046000098,dstar_lite,False,0,0,8099,33057,28336,0.21442942100020446,0,0.0,2.1720687589995578,True,195596,0,5,5,A,5873,0.5,True,9.100744354000199
0,38.02392654010119,570,0,,0.465026880943456,2.5488616470001944,dstar_lite,False,0,0,10436,43469,423,0.2186906539991469,0,0.0,0.10348523700031365,True,2005,0,5,5,A,5874,0.3875,True,3.6538367529992684
0,38.34701320559417,577,0,,0.465026880943456,3.813058849999834,dstar_lite,False,0,0,3532,14637,451,0.09800359200016828,0,0.0,0.0684068529999422,True,2164,0,5,5,A,5875,0.4875,True,5.132069532999594
0,37.68418598687219,572,0,,0.465026880943456,1.404527532999964,dstar_lite,False,0,0,3727,15532,2259,0.08253238099950977,0,0.0,0.17294807600046624,True,12511,0,4,4,A,5876,0.425,True,3.2960154430011244
0,38.744636830625886,589,0,,0.465026880943456,2.8310423780003475,dstar_lite,False,0,0,3281,13881,1194,0.07630822900046041,0,0.0,0.09157060000052297,True,5155,0,5,5,A,5877,0.4125,True,5.460260502000892
0,39.131011828556304,578,0,,0.465026880943456,0.6811681850003879,dstar_lite,False,0,0,7007,28846,2471,0.18535461600004055,0,0.0,0.1543060419999165,True,9307,0,5,5,A,5878,0.5125,True,2.158778885001084
0,40.93993097366373,633,0,,0.465026880943456,3.207307891999335,dstar_lite,False,0,0,3651,15075,1549,0.08375733599950763,0,0.0,0.07413373099916498,True,3812,0,6,6,A,5879,0.4625,True,6.362990645998252
0,38.474106524037786,580,0,,0.465026880943456,1.7293875530003788,dstar_lite,False,0,0,759,3241,929,0.023040334000143048,0,0.0,0.0778485949995229,True,5075,0,7,7,A,5880,0.375,True,3.2306421279999995
0,36.32363465515417,551,0,,0.465026880943456,2.357715017999908,dstar_lite,False,0,0,956,4103,284,0.036195657000462234,0,0.0,0.030275637999693572,True,360,0,8,8,A,5881,0.5625,True,4.674242744998992
0,39.42311892229022,600,0,,0.465026880943456,1.9901632270002665,dstar_lite,False,0,0,9947,41575,6100,0.21125221200054511,0,0.0,0.4878931980001653,True,38635,0,4,4,A,5882,0.4625,True,3.4448832640000546
0,38.10701238331962,574,0,,0.465026880943456,1.5162933500005238,dstar_lite,False,0,0,2992,12539,1798,0.0541036989998247,0,0.0,0.150154208999993,True,12047,0,6,6,A,5883,0.45,True,4.227794612999787
0,39.169054409870434,588,0,,0.465026880943456,7.270974051999474,dstar_lite,False,0,0,7582,31353,510,0.1711400109998067,0,0.0,0.08873136799957138,True,888,0,5,5,A,5884,0.4125,True,8.22289002100024
0,38.08771012294796,577,0,,0.465026880943456,2.05648294599996,dstar_lite,False,0,0,1581,6584,3722,0.04318256599981396,0,0.0,0.21839270200052852,True,18656,0,6,6,A,5885,0.3875,True,3.486231423999925
0,38.03100602293792,573,0,,0.465026880943456,0.9133546450002541,dstar_lite,False,0,0,2644,11000,3441,0.06921168400003808,0,0.0,0.27937960700000986,True,21547,0,7,7,A,5886,0.425,True,3.1913359629979823
0,39.2098415185552,606,0,,0.465026880943456,4.304581569999755,dstar_lite,False,0,0,2563,10680,2817,0.08950901000025624,0,0.0,0.1870890269992742,True,14104,0,6,6,A,5887,0.5625,True,6.630400994999945
0,39.79553854535672,595,0,,0.475657439761009,4.730237502999444,dstar_lite,False,0,0,3086,12812,602,0.0757684310001423,0,0.0,0.04510167399985221,True,1308,0,5,5,A,5888,0.3875,True,5.443007019001016
0,38.65700371238933,582,0,,0.465026880943456,2.440391492999879,dstar_lite,False,0,0,947,4014,215,0.03355446299974574,0,0.0,0.0344929589991807,True,1209,0,6,6,A,5889,0.4875,True,4.776065268999446
0,39.58742723056967,605,0,,0.475657439761009,1.5282946809993518,dstar_lite,False,0,0,5520,22910,17240,0.10286762800024007,0,0.0,1.4219717689993558,True,128837,0,5,5,A,5890,0.4375,True,3.7252136159995644
0,39.15865496804684,591,0,,0.465026880943456,1.2233970420002152,dstar_lite,False,0,0,2249,9310,390,0.05336555399935605,0,0.0,0.04068890700000338,True,712,0,7,7,A,5891,0.4875,True,3.320763858999271
0,42.05992433802919,649,0,,0.475657439761009,6.861393293999754,dstar_lite,False,0,0,13934,57833,1638,0.2755588419995547,0,0.0,0.19849588699980814,True,6853,0,5,5,A,5892,0.4,True,10.787391939000372
0,38.28651215756957,574,0,,0.465026880943456,2.1926012029998674,dstar_lite,False,0,0,7925,32891,299,0.16611813800045638,0,0.0,0.06455896500028757,True,959,0,4,4,A,5893,0.4625,True,4.201561166999454
0,39.088283422679616,578,0,,0.465026880943456,1.2989103199997771,dstar_lite,False,0,0,9058,38036,193,0.20826197099995625,0,0.0,0.08884465499977523,True,229,0,5,5,A,5894,0.4875,True,2.521005573998991
0,36.803690267822844,550,0,,0.475657439761009,0.8477607690001605,dstar_lite,False,0,0,2996,12692,2617,0.0693249249998189,0,0.0,0.22045062699999107,True,16331,0,4,4,A,5895,0.35,True,2.3124249030006467
0,38.961781499317304,572,0,,0.465026880943456,0.8239391679999244,dstar_lite,False,0,0,3610,15129,6254,0.08442352200017922,0,0.0,0.5306929040007162,True,46795,0,3,3,A,5896,0.3625,True,1.6215832079997199
0,38.8770486976059,568,0,,0.465026880943456,1.0760801639999045,dstar_lite,False,0,0,1070,4458,405,0.045512759999837726,0,0.0,0.04239203999986785,True,2094,0,5,5,A,5897,0.4,True,2.438888274000419
0,40.1090144287724,622,0,,0.475657439761009,2.735198598000352,dstar_lite,False,0,0,6005,24653,4218,0.12516640400008328,0,0.0,0.18005445000017062,True,11630,0,6,6,A,5898,0.425,True,5.880485371000759
0,36.98947922280771,554,0,,0.465026880943456,2.4073242610002126,dstar_lite,False,0,0,818,3541,607,0.03917672100033087,0,0.0,0.058082591999664146,True,3121,0,6,6,A,5899,0.4125,True,3.3880315879996488
0,37.10085915362763,548,0,,0.465026880943456,2.095888265999747,dstar_lite,False,0,0,3242,13636,317,0.06832954600031371,0,0.0,0.049541356999725394,True,1718,0,4,4,A,5900,0.45,True,3.3835794429996895
0,38.98235651496837,597,0,,0.4962358310319797,1.7110043450002195,dstar_lite,False,0,0,2148,9078,1625,0.06584147600005963,0,0.0,0.08429986299961456,True,5705,0,7,7,A,5901,0.4625,True,5.03302934400017
0,39.28974701010777,600,0,,0.465026880943456,2.1647557670003152,dstar_lite,False,0,0,4423,18362,353,0.119761634000497,0,0.0,0.07299566700021387,True,1852,0,6,6,A,5902,0.475,True,4.312089358000776
0,37.961088263937775,579,0,,0.465026880943456,1.9978431319996162,dstar_lite,False,0,0,4610,19314,953,0.09278776399969502,0,0.0,0.07878207599969755,True,2579,0,5,5,A,5903,0.3625,True,4.83524235799905
0,39.346487267441724,615,0,,0.465026880943456,3.3796098630000415,dstar_lite,False,0,0,1871,7786,362,0.08185973499985266,0,0.0,0.04470812199997454,True,1969,0,8,8,A,5904,0.5625,True,6.737639540999226
0,40.94380425171531,646,0,,0.475657439761009,5.239539946999685,dstar_lite,False,0,0,2927,12197,315,0.06886716500048351,0,0.0,0.056794426000124076,True,1740,0,6,6,A,5905,0.4125,True,8.91213243799848
0,39.01571990163176,589,0,,0.465026880943456,3.006772474999707,dstar_lite,False,0,0,3823,16012,1060,0.08717215100023168,0,0.0,0.09617707500001416,True,4561,0,7,7,A,5906,0.45,True,5.89432525599932
0,38.88877007795123,579,0,,0.465026880943456,1.0630969220001134,dstar_lite,False,0,0,250,1084,1105,0.017294641999797022,0,0.0,0.104279563000091,True,8531,0,5,5,A,5907,0.4,True,2.1537582370019663
0,38.4767854264444,582,0,,0.465026880943456,1.6151249880003888,dstar_lite,False,0,0,967,4156,1100,0.039886625999315584,0,0.0,0.09009840199996688,True,6518,0,6,6,A,5908,0.4625,True,2.94045495499995
0,42.554660808898966,657,0,,0.465026880943456,3.9016045870002927,dstar_lite,False,0,0,2620,10948,2865,0.06654781399993226,0,0.0,0.1281657899999118,True,9440,0,7,7,A,5909,0.4875,True,7.435502753000037
0,39.34284696721384,612,0,,0.465026880943456,2.2715790030006247,dstar_lite,False,0,0,3784,15877,1587,0.07644157300001098,0,0.0,0.13003363400002854,True,8548,0,6,6,A,5910,0.525,True,5.996630293000635
0,40.553733652284755,626,0,,0.4596194077712549,3.6685255359998337,dstar_lite,False,0,0,3060,12889,167,0.08413597300022957,0,0.0,0.04829228800008423,True,983,0,6,6,A,5911,0.4375,True,6.340185199999723
0,40.22636384088551,637,0,,0.475657439761009,5.194865684000433,dstar_lite,False,0,0,2715,11398,1718,0.06077208500028064,0,0.0,0.08009950099949492,True,4768,0,6,6,A,5912,0.4125,True,7.526719831999799
0,39.31378931902079,585,0,,0.465026880943456,1.2852789910002684,dstar_lite,False,0,0,2491,10658,2929,0.057511023999722966,0,0.0,0.2499852020000617,True,20075,0,4,4,A,5913,0.35,True,2.87428645700129
0,40.25992783099063,629,0,,0.465026880943456,2.2613731189994724,dstar_lite,False,0,0,3201,13245,5821,0.10201854600018123,0,0.0,0.3873002370000904,True,31452,0,6,6,A,5914,0.5875,True,5.461682462999306
0,36.39913777505456,542,0,,0.465026880943456,2.1636740229996576,dstar_lite,False,0,0,5012,20581,259,0.11349267500008864,0,0.0,0.059946846999991976,True,1524,0,4,4,A,5915,0.3875,True,3.2985202559993922
0,40.775778461410034,617,0,,0.465026880943456,8.941337207000288,dstar_lite,False,0,0,2120,8775,255,0.07152115000008052,0,0.0,0.04963702500026557,True,1606,0,6,6,A,5916,0.55,True,11.880269362000035
0,38.06090556879594,589,0,,0.465026880943456,1.7817216819994428,dstar_lite,False,0,0,3686,15297,903,0.08887210300053994,0,0.0,0.08744595899952401,True,3423,0,7,7,A,5917,0.4625,True,4.499187388999417
0,37.42430442953077,558,0,,0.465026880943456,2.6268338370000492,dstar_lite,False,0,0,4921,20196,291,0.11621736899996904,0,0.0,0.05102678700040997,True,1482,0,4,4,A,5918,0.3875,True,4.022372688999894
0,36.90941277368713,557,0,,0.465026880943456,1.5741317880001588,dstar_lite,False,0,0,159,706,412,0.015469986999960383,0,0.0,0.03932910000003176,True,2312,0,8,8,A,5919,0.45,True,3.0815243079996435
0,38.167653477760744,574,0,,0.465026880943456,1.473007024999788,dstar_lite,False,0,0,6816,28370,1346,0.13014239999938582,0,0.0,0.12712249400010478,True,5991,0,5,5,A,5920,0.4125,True,2.633312983999531
0,38.43999025047321,560,0,,0.465026880943456,0.7226859410002362,dstar_lite,False,0,0,15441,64360,4057,0.3200424500000736,0,0.0,0.40010839800015674,True,27481,0,4,4,A,5921,0.5625,True,1.7762258429984286
0,38.34171908574478,573,0,,0.465026880943456,1.4228440259994386,dstar_lite,False,0,0,2006,8540,101,0.05951665600059641,0,0.0,0.023581783999361505,True,622,0,4,4,A,5922,0.3875,True,2.5904796370004988
0,41.89153513152574,670,0,,0.475657439761009,2.79494681199958,dstar_lite,False,0,0,2930,12002,5177,0.06918530999973882,0,0.0,0.3409739790004096,True,29503,0,6,6,A,5923,0.3875,True,5.131094304999351
0,39.64496328659834,597,0,,0.475657439761009,2.761345218000315,dstar_lite,False,0,0,3443,14502,1365,0.07664024699988659,0,0.0,0.08481802499954938,True,4011,0,5,5,A,5924,0.45,True,5.886859364001793
0,37.451055733621104,562,0,,0.4962358310319797,1.5075135650004086,dstar_lite,False,0,0,4087,17200,481,0.08486802100014756,0,0.0,0.07056495500000892,True,2535,0,6,6,A,5925,0.475,True,3.387211771998409
0,40.62659990776737,630,0,,0.475657439761009,2.648186753999653,dstar_lite,False,0,0,8566,35697,2522,0.16268001200023718,0,0.0,0.1844782110001688,True,9149,0,7,7,A,5926,0.3875,True,4.967639346999022
0,39.41394729284989,593,0,,0.465026880943456,1.6016644690007524,dstar_lite,False,0,0,318,1369,11,0.022236488000089594,0,0.0,0.01875504999952682,True,11,0,8,8,A,5927,0.3875,True,3.652776164001807
0,36.375181528198574,549,0,,0.465026880943456,4.214780399999654,dstar_lite,False,0,0,9690,40294,686,0.2078363859991441,0,0.0,0.09735854999962612,True,2356,0,4,4,A,5928,0.35,True,4.871085738999682
0,40.55457504215109,629,0,,0.465026880943456,3.0168674309998096,dstar_lite,False,0,0,1541,6355,230,0.044831111000348756,0,0.0,0.03855902900068031,True,1176,0,8,8,A,5929,0.45,True,6.117468937999547
0,38.8171611529041,573,0,,0.465026880943456,0.6706952920003459,dstar_lite,False,0,0,1954,8266,2262,0.07412983700032783,0,0.0,0.17629097000008187,True,14130,0,7,7,A,5930,0.375,True,1.8433034990002852
0,37.06735472269485,549,0,,0.465026880943456,1.7508912149996831,dstar_lite,False,0,0,7750,32150,19775,0.17100330399989616,0,0.0,1.575565791000372,True,143174,0,5,5,A,5931,0.4375,True,3.3842938449997746
0,36.78620857356905,550,0,,0.465026880943456,0.9414528839997729,dstar_lite,False,0,0,2776,11807,1083,0.08901025199975265,0,0.0,0.0781303139992815,True,4120,0,6,6,A,5932,0.475,True,2.7906152600016867
0,37.75576006912616,560,0,,0.465026880943456,1.4046477800002322,dstar_lite,False,0,0,5080,21309,2979,0.10026600499986671,0,0.0,0.20369303400002536,True,15107,0,5,5,A,5933,0.4125,True,2.509099691001211
0,41.921155094376445,665,0,,0.475657439761009,4.0352198520004094,dstar_lite,False,0,0,15665,64141,45975,0.26871093699992343,0,0.0,3.762062787999639,True,338239,0,5,5,A,5934,0.4125,True,7.491548004998549
0,39.38382816363781,589,0,,0.465026880943456,1.4051924710001913,dstar_lite,False,0,0,8707,35828,421,0.19876132099943788,0,0.0,0.08419553499970789,True,1904,0,8,8,A,5935,0.475,True,3.225061746999927
0,38.097996455433154,586,0,,0.465026880943456,1.9265911980000965,dstar_lite,False,0,0,2480,10323,3983,0.060060869000153616,0,0.0,0.28908491899983346,True,24706,0,6,6,A,5936,0.3625,True,3.7491956989988466
0,40.9893724480271,639,0,,0.475657439761009,3.825106678999873,dstar_lite,False,0,0,3792,15707,201,0.0988868080003158,0,0.0,0.06080135999945924,True,1048,0,8,8,A,5937,0.5625,True,6.467835281999214
0,39.25697388533252,599,0,,0.465026880943456,2.881737637999322,dstar_lite,False,0,0,3401,14481,763,0.10182870500011632,0,0.0,0.0766355100004148,True,3026,0,6,6,A,5938,0.4625,True,5.504213463999804
0,38.09389537417295,558,0,,0.465026880943456,1.1029990079996423,dstar_lite,False,0,0,10405,43368,1330,0.21529029199973593,0,0.0,0.13597245500022836,True,5370,0,4,4,A,5939,0.45,True,3.0837481629996546
0,39.146799386478925,599,0,,0.465026880943456,1.8064472670002942,dstar_lite,False,0,0,7006,29284,2616,0.14828816999943228,0,0.0,0.17503872299948853,True,9505,0,7,7,A,5940,0.4625,True,5.035763251999924
0,39.900378618239934,596,0,,0.465026880943456,2.1044321760000457,dstar_lite,False,0,0,4317,17928,1665,0.09701870899971254,0,0.0,0.11547363000045152,True,7242,0,5,5,A,5941,0.475,True,3.927329080999698
0,38.642857053792135,575,0,,0.465026880943456,2.1483673020002243,dstar_lite,False,0,0,2131,8933,1020,0.043834213000081945,0,0.0,0.09564590799982398,True,6541,0,5,5,A,5942,0.5125,True,3.530285695999737
0,38.109817464468954,572,0,,0.465026880943456,1.0161533630007398,dstar_lite,False,0,0,10638,44004,9923,0.193663378000565,0,0.0,0.8194976620006855,True,69712,0,4,4,A,5943,0.5125,True,2.5703943430016807
0,39.59657982488986,606,0,,0.475657439761009,2.279883155999414,dstar_lite,False,0,0,6784,28207,8566,0.13222480399963388,0,0.0,0.6577161180002804,True,55351,0,3,3,A,5944,0.2875,True,5.1010947669992674
0,40.74279638801706,606,0,,0.465026880943456,3.7844027010005448,dstar_lite,False,0,0,5127,21167,234,0.09917762800068886,0,0.0,0.05885055899943836,True,1115,0,6,6,A,5945,0.375,True,5.328891730000578
0,39.91260052215469,616,0,,0.475657439761009,3.910565105000387,dstar_lite,False,0,0,3188,13408,1419,0.09301879100075894,0,0.0,0.12473858300018037,True,7382,0,5,5,A,5946,0.4625,True,5.742797363000136
0,38.332951910261805,577,0,,0.465026880943456,1.2763908230008383,dstar_lite,False,0,0,6559,27362,1043,0.1243796939997992,0,0.0,0.11776765000013256,True,4347,0,5,5,A,5947,0.475,True,3.052276925001024
0,38.01644238505485,571,0,,0.465026880943456,3.754134011000133,dstar_lite,False,0,0,2016,8643,417,0.045347270999627654,0,0.0,0.045684889000767726,True,2299,0,5,5,A,5948,0.475,True,4.8196497720009575
0,38.58078150464964,584,0,,0.465026880943456,2.8308527039998808,dstar_lite,False,0,0,5081,21166,741,0.10786043799998879,0,0.0,0.09503227700042771,True,3593,0,4,4,A,5949,0.45,True,4.570257668999147
0,38.578461200928515,587,0,,0.4596194077712549,2.7543406109998614,dstar_lite,False,0,0,4422,18793,702,0.09713062399987393,0,0.0,0.07307983800001239,True,2167,0,7,7,A,5950,0.5625,True,5.003415076001147
0,41.613081828566095,632,0,,0.475657439761009,3.660680345000401,dstar_lite,False,0,0,9029,37190,10804,0.1894175590005034,0,0.0,0.776595719999932,True,62341,0,5,5,A,5951,0.425,True,5.869732519000536
0,37.82657069942966,565,0,,0.465026880943456,2.1838448309999876,dstar_lite,False,0,0,2006,8457,2638,0.03424476399959531,0,0.0,0.19890505900002609,True,17282,0,3,3,A,5952,0.375,True,3.826516621999872
0,40.10747488580152,631,0,,0.475657439761009,3.1728605109992714,dstar_lite,False,0,0,3665,15376,2440,0.08585586399931344,0,0.0,0.1597891969995544,True,11502,0,5,5,A,5953,0.4,True,5.697735815998385
0,36.55197837314156,546,0,,0.465026880943456,1.698931679999987,dstar_lite,False,0,0,3346,13914,1027,0.07200831299996935,0,0.0,0.10916038200048206,True,6003,0,6,6,A,5954,0.4,True,3.4606615059983596
0,37.249986268509666,549,0,,0.465026880943456,0.817443672999616,dstar_lite,False,0,0,4057,17057,1118,0.0960112319999098,0,0.0,0.11312015200019232,True,6449,0,6,6,A,5955,0.4,True,2.334931305998907
0,37.446494166981545,564,0,,0.465026880943456,1.0164295059994402,dstar_lite,False,0,0,607,2667,306,0.029177587000049243,0,0.0,0.035130893000314245,True,1745,0,8,8,A,5956,0.375,True,2.7534443820004526
0,38.00069983082046,580,0,,0.465026880943456,2.157039750999502,dstar_lite,False,0,0,7856,32449,2148,0.16167964600026608,0,0.0,0.14421485000002576,True,8228,0,7,7,A,5957,0.45,True,3.6743602930000634
0,38.97835603449663,605,0,,0.475657439761009,2.205490512000324,dstar_lite,False,0,0,6148,25402,7065,0.1196688339996399,0,0.0,0.3953745950002485,True,32927,0,6,6,A,5958,0.4375,True,3.785247552999863
0,37.31768963113574,553,0,,0.465026880943456,1.0398769180001182,dstar_lite,False,0,0,1824,7719,214,0.06669393199990736,0,0.0,0.0289747670003635,True,785,0,5,5,A,5959,0.475,True,2.785759238000537
0,39.175625809629786,596,0,,0.465026880943456,3.9920112780000636,dstar_lite,False,0,0,1776,7416,179,0.05371748299967294,0,0.0,0.03525826899931417,True,469,0,5,5,A,5960,0.475,True,6.73841559399898
0,41.59913733479232,678,0,,0.475657439761009,5.622423046000222,dstar_lite,False,0,0,2851,11606,3797,0.07282618800036289,0,0.0,0.14432486299938319,True,10429,0,6,6,A,5961,0.4125,True,7.4936734739985695
0,37.990888335585986,572,0,,0.465026880943456,1.616541645000325,dstar_lite,False,0,0,4045,17049,1446,0.09825618299964844,0,0.0,0.11782095200032927,True,7308,0,6,6,A,5962,0.45,True,3.3401795200006745
0,39.39496793035493,578,0,,0.465026880943456,1.1688019570001416,dstar_lite,False,0,0,8374,34577,3122,0.18533943700003874,0,0.0,0.25876850900021964,True,18235,0,4,4,A,5963,0.4875,True,2.857071184002052
0,39.65671666027577,615,0,,0.465026880943456,3.487309085000561,dstar_lite,False,0,0,3245,13417,706,0.06771231800030364,0,0.0,0.05601041199952306,True,2774,0,6,6,A,5964,0.45,True,6.730282325000189
0,41.19669084391897,631,0,,0.475657439761009,1.3643908160001956,dstar_lite,False,0,0,2877,11834,15448,0.09174584199990932,0,0.0,1.2698795259993858,True,113984,0,6,6,A,5965,0.475,True,4.121100025999112
0,37.96438532955933,579,0,,0.465026880943456,2.5410277230002976,dstar_lite,False,0,0,6211,25714,1018,0.16249947199958115,0,0.0,0.08724133400028222,True,1737,0,6,6,A,5966,0.4625,True,5.166636148001089
0,37.42324626109286,579,0,,0.475657439761009,3.2165053879998595,dstar_lite,False,0,0,2589,11099,626,0.06633925599999202,0,0.0,0.05945209099991189,True,2468,0,6,6,A,5967,0.45,True,5.442177912999796
0,40.57048445767776,628,0,,0.465026880943456,2.9170300579999093,dstar_lite,False,0,0,542,2294,118,0.03443706399957591,0,0.0,0.022107170999333903,True,121,0,7,7,A,5968,0.5125,True,7.150749904000804
0,38.196844214846834,579,0,,0.475657439761009,1.4362355550001666,dstar_lite,False,0,0,4107,17579,3681,0.09728457700020954,0,0.0,0.2781884229998468,True,21772,0,5,5,A,5969,0.4625,True,3.7650594390006518
0,39.72873158872318,610,0,,0.475657439761009,3.055477654999777,dstar_lite,False,0,0,3697,15493,2603,0.07804278999992675,0,0.0,0.1970123720002448,True,14544,0,4,4,A,5970,0.55,True,5.704862993999086
0,38.73009598509355,610,0,,0.465026880943456,1.619237683999927,dstar_lite,False,0,0,2559,10739,1960,0.06102998500045942,0,0.0,0.10693482199985738,True,6871,0,8,8,A,5971,0.4375,True,5.6014486880012555
0,38.20700004358461,575,0,,0.465026880943456,1.8360250639998412,dstar_lite,False,0,0,2005,8518,463,0.056310975999622315,0,0.0,0.04179435799960629,True,2074,0,5,5,A,5972,0.4125,True,3.1601713690006363
0,35.372984777769055,522,0,,0.465026880943456,1.4028919720003614,dstar_lite,False,0,0,12409,51384,1685,0.22456669799976225,0,0.0,0.15257730599932984,True,5468,0,4,4,A,5973,0.3875,True,2.156460106999475
0,38.89837571749043,573,0,,0.465026880943456,1.7162347040002714,dstar_lite,False,0,0,5960,25026,334,0.13319576699996105,0,0.0,0.07661918900066667,True,1879,0,4,4,A,5974,0.5,True,2.9839333750005608
0,39.41913084330617,593,0,,0.465026880943456,0.7664477779999288,dstar_lite,False,0,0,1717,7326,816,0.05299041899979784,0,0.0,0.06997532700006559,True,4220,0,6,6,A,5975,0.375,True,2.5233108099992023
0,39.02697872227362,598,0,,0.465026880943456,3.8545361599999524,dstar_lite,False,0,0,991,4153,419,0.03552686700004415,0,0.0,0.04301038499943388,True,2075,0,8,8,A,5976,0.4375,True,5.77735217299869
0,36.923809632172,545,0,,0.465026880943456,2.163565445000131,dstar_lite,False,0,0,3324,13820,729,0.06387529099993117,0,0.0,0.051163768999686,True,3132,0,3,3,A,5977,0.4,True,2.677021676001459
0,40.803518275907834,635,0,,0.475657439761009,3.225427266999759,dstar_lite,False,0,0,2762,11557,239,0.09632197300015832,0,0.0,0.05141144600020198,True,1420,0,6,6,A,5978,0.475,True,5.647985954997239
0,39.785910651812515,611,0,,0.475657439761009,2.997842796000441,dstar_lite,False,0,0,2398,10004,719,0.061008943999695475,0,0.0,0.052931484000509954,True,1893,0,5,5,A,5979,0.4875,True,6.1903476450006565
0,38.37399541301537,572,0,,0.465026880943456,1.900599820000025,dstar_lite,False,0,0,823,3513,463,0.025874754999676952,0,0.0,0.04227104999972653,True,2365,0,6,6,A,5980,0.4125,True,3.4169259689988394
0,39.89702305466387,642,0,,0.465026880943456,4.564041112000268,dstar_lite,False,0,0,394,1707,820,0.05151494800065848,0,0.0,0.07273639100003493,True,4323,0,9,9,A,5981,0.4625,True,8.271560584998952
0,37.35152018300926,569,0,,0.475657439761009,1.5462801660005425,dstar_lite,False,0,0,3998,16929,1159,0.1361061690004135,0,0.0,0.08314795499973116,True,3645,0,4,4,A,5982,0.45,True,3.7177247429999625
0,38.84197384672646,584,0,,0.4596194077712549,3.413366693000171,dstar_lite,False,0,0,3178,13240,2043,0.0568800930004727,0,0.0,0.1461207039992587,True,11511,0,7,7,A,5983,0.5125,True,4.122454751999612
0,38.9900830225508,596,0,,0.465026880943456,3.3539218050000272,dstar_lite,False,0,0,4092,17107,827,0.09425428600025043,0,0.0,0.06639343799997732,True,2511,0,7,7,A,5984,0.325,True,5.92371388400079
0,37.61599166892419,547,0,,0.465026880943456,0.7990508000002592,dstar_lite,False,0,0,3416,14382,330,0.07665956799974083,0,0.0,0.041320257999359455,True,1214,0,4,4,A,5985,0.475,True,1.634881700000733
0,40.37288404234182,614,0,,0.475657439761009,3.0171946230002504,dstar_lite,False,0,0,7426,31377,2126,0.169762792000256,0,0.0,0.18154535700068664,True,9302,0,6,6,A,5986,0.475,True,4.44227283300097
0,39.79833301947329,614,0,,0.475657439761009,1.634829723000621,dstar_lite,False,0,0,1188,5067,1030,0.04712558400024136,0,0.0,0.06444119200023124,True,3443,0,6,6,A,5987,0.4125,True,4.561745354000777
0,43.65977592651154,704,0,,0.475657439761009,5.1929943879995335,dstar_lite,False,0,0,1455,5980,1232,0.0839271100003316,0,0.0,0.060751723000066704,True,3423,0,8,8,A,5988,0.5,True,8.495672693000415
0,37.82608130362487,553,0,,0.465026880943456,0.8747882289999325,dstar_lite,False,0,0,7808,32591,1740,0.18766443700042146,0,0.0,0.18328266000025906,True,11248,0,4,4,A,5989,0.375,True,1.7456691710003724
0,36.9713672229722,538,0,,0.465026880943456,1.5095435839994025,dstar_lite,False,0,0,6275,26098,193,0.10482351199971163,0,0.0,0.04808381800012285,True,1039,0,4,4,A,5990,0.35,True,2.3254484579993004
0,37.757964194266755,566,0,,0.465026880943456,2.2798685520001527,dstar_lite,False,0,0,3438,14513,1428,0.08112697699925775,0,0.0,0.1470938299999034,True,9826,0,5,5,A,5991,0.325,True,3.3520286930006478
0,38.13703600656175,569,0,,0.465026880943456,0.7860089690002496,dstar_lite,False,0,0,5273,21875,724,0.09669409799971618,0,0.0,0.07056722400011495,True,2873,0,5,5,A,5992,0.3375,True,2.4816337219999696
0,36.52726536950605,532,0,,0.465026880943456,1.3660033820005992,dstar_lite,False,0,0,331,1463,194,0.018349096000747522,0,0.0,0.020788283000001684,True,1178,0,4,4,A,5993,0.3875,True,2.0599933370012877
0,38.08687274295903,566,0,,0.475657439761009,0.8247120609994454,dstar_lite,False,0,0,6290,26206,8397,0.14108013699933508,0,0.0,0.6810646410003756,True,60152,0,5,5,A,5994,0.4875,True,2.076447036999525
0,36.41074294923492,549,0,,0.465026880943456,1.9621708539998508,dstar_lite,False,0,0,2099,8916,739,0.0640811549992577,0,0.0,0.06856798700027866,True,3797,0,5,5,A,5995,0.5125,True,3.355288353001015
0,38.25140166417035,592,0,,0.465026880943456,3.2231626160000815,dstar_lite,False,0,0,3058,12995,281,0.10115312099969742,0,0.0,0.06024847000026057,True,1994,0,6,6,A,5996,0.5125,True,6.666607419999309
0,42.00857491654316,651,0,,0.465026880943456,2.2056887050002842,dstar_lite,False,0,0,540,2255,103,0.02957997500016063,0,0.0,0.023785905999829993,True,544,0,8,8,A,5997,0.6,True,6.990760617001797
0,38.81707809530631,590,0,,0.465026880943456,2.8110834710005292,dstar_lite,False,0,0,552,2335,647,0.01928754099935759,0,0.0,0.04790078000041831,True,2939,0,7,7,A,5998,0.3875,True,4.271275151998452
0,39.29878559570726,579,0,,0.475657439761009,2.9592789279995486,dstar_lite,False,0,0,9332,38341,33117,0.16306828300002962,0,0.0,2.791878939000526,True,257104,0,3,3,A,5999,0.4,True,3.9091497150002397
0,36.400631187007,542,0,,0.465026880943456,1.1925680129998,dstar_lite,False,0,0,1744,7407,258,0.043250237999927776,0,0.0,0.024557587000344938,True,937,0,5,5,A,6000,0.4125,True,2.6077461269987907
0,36.662675266784525,552,0,,0.465026880943456,1.6485908060003567,dstar_lite,False,0,0,2373,10009,3329,0.06007101100021828,0,0.0,0.20317431900002703,True,16667,0,5,5,A,6001,0.4375,True,2.889303705000202
0,37.28581920896382,550,0,,0.465026880943456,2.0144217910001316,dstar_lite,False,0,0,17786,73539,1473,0.2946214180001334,0,0.0,0.20218681100050162,True,7489,0,3,3,A,6002,0.3875,True,3.345890987999155
0,43.7898609380748,688,0,,0.465026880943456,2.4847808680005983,dstar_lite,False,0,0,500,2135,535,0.030669859000227007,0,0.0,0.03059620800013363,True,1747,0,9,9,A,6003,0.4875,True,7.186452961002033
0,38.83692377055528,577,0,,0.465026880943456,0.9749043800002255,dstar_lite,False,0,0,6930,28979,866,0.1561194890000479,0,0.0,0.09709828399991238,True,3098,0,6,6,A,6004,0.45,True,2.6866886010002418
0,39.860841265059776,623,0,,0.475657439761009,2.1462327709996316,dstar_lite,False,0,0,1216,5231,1797,0.05323056199995335,0,0.0,0.13122540599943022,True,9779,0,7,7,A,6005,0.4125,True,5.0912193179992755
0,36.767354487952524,559,0,,0.465026880943456,1.245553806999851,dstar_lite,False,0,0,4129,17159,812,0.0896038850005425,0,0.0,0.09940016299970011,True,4658,0,7,7,A,6006,0.4,True,3.055202980001013
0,39.13889172724893,620,0,,0.475657439761009,2.004077268000401,dstar_lite,False,0,0,316,1317,1208,0.038568955000300775,0,0.0,0.10461050100002467,True,8172,0,8,8,A,6007,0.475,True,4.712884556000063
0,41.31277075485105,621,0,,0.465026880943456,2.0041221430001315,dstar_lite,False,0,0,1583,6719,120,0.048400898999716446,0,0.0,0.035647597999741265,True,447,0,7,7,A,6008,0.5125,True,6.254811661999156
0,39.11832884559421,594,0,,0.465026880943456,1.2769746249996388,dstar_lite,False,0,0,2300,9733,612,0.05536673299957329,0,0.0,0.08087925399922824,True,3436,0,6,6,A,6009,0.5125,True,3.782598534000499
0,38.475544047773894,599,0,,0.475657439761009,1.6961229930002446,dstar_lite,False,0,0,8357,34762,6273,0.177164375000757,0,0.0,0.34056965000036143,True,25184,0,5,5,A,6010,0.525,True,4.9230847700000595
0,38.262343776342966,599,0,,0.465026880943456,1.2560198070004844,dstar_lite,False,0,0,747,3137,373,0.03498682099962025,0,0.0,0.03415247399971122,True,1651,0,8,8,A,6011,0.5375,True,4.006354103999911
0,37.067017810932576,557,0,,0.465026880943456,1.4150261029999456,dstar_lite,False,0,0,1032,4406,1359,0.0393360380003287,0,0.0,0.08208926000042993,True,5952,0,5,5,A,6012,0.5,True,2.27435726099975
0,39.939247295061165,616,0,,0.475657439761009,4.6928087590004,dstar_lite,False,0,0,3867,16333,3365,0.09588262800025404,0,0.0,0.21730377600033535,True,15507,0,6,6,A,6013,0.5625,True,7.572688863001531
0,35.737606327638055,532,0,,0.465026880943456,1.1932035659992835,dstar_lite,False,0,0,2309,9624,231,0.061296699000195076,0,0.0,0.03839096400042763,True,884,0,7,7,A,6014,0.475,True,2.0517738559983627
0,36.33975169441984,537,0,,0.465026880943456,0.9437136059996192,dstar_lite,False,0,0,320,1418,830,0.02693651800018415,0,0.0,0.06673212100031378,True,4453,0,5,5,A,6015,0.3875,True,2.085619081000914
0,43.91029975623468,698,0,,0.475657439761009,1.8232791610007553,dstar_lite,False,0,0,6143,24897,23803,0.12895106700034376,0,0.0,1.6905017019998922,True,152133,0,7,7,A,6016,0.4375,True,5.859056741001041
0,36.27173953227864,539,0,,0.465026880943456,1.2590652899998531,dstar_lite,False,0,0,6561,27586,1467,0.1291151830000672,0,0.0,0.12612439500026085,True,6300,0,4,4,A,6017,0.3625,True,2.6999754279995614
0,39.746829884282,602,0,,0.465026880943456,1.2566580390002855,dstar_lite,False,0,0,1680,7103,518,0.047998555999583914,0,0.0,0.04614658400078042,True,1627,0,6,6,A,6018,0.4625,True,3.679472281000926
0,39.82694065028215,595,0,,0.465026880943456,5.066082651000215,dstar_lite,False,0,0,2307,9758,952,0.07384053999976459,0,0.0,0.05511505499998748,True,2360,0,5,5,A,6019,0.425,True,5.876331165999545
0,39.894023053119284,604,0,,0.475657439761009,4.105299431000276,dstar_lite,False,0,0,1369,5674,47996,0.04096522200052277,0,0.0,4.05834039399997,True,382471,0,3,3,A,6020,0.425,True,6.458302461999665
0,38.21708016918843,552,0,,0.465026880943456,0.845088850999673,dstar_lite,False,0,0,11181,45836,816,0.22279477399933967,0,0.0,0.1307434000000285,True,4782,0,4,4,A,6021,0.375,True,1.446080510999309
0,36.535481284466904,552,0,,0.465026880943456,0.948845053999321,dstar_lite,False,0,0,7182,30154,1836,0.1456916919996729,0,0.0,0.14498079099939787,True,7754,0,6,6,A,6022,0.425,True,2.7390385620001325
0,36.81326285752551,545,0,,0.465026880943456,1.6475995649998367,dstar_lite,False,0,0,3007,12702,569,0.0877962930007925,0,0.0,0.06669871600024635,True,2882,0,5,5,A,6023,0.4375,True,3.0547386009993716
0,37.4467032167208,555,0,,0.465026880943456,2.1896263010003167,dstar_lite,False,0,0,6594,27446,1087,0.13620318599987513,0,0.0,0.1337325710001096,True,6267,0,5,5,A,6024,0.45,True,3.5230743219999567
0,38.657417570639815,604,0,,0.465026880943456,3.071134873999654,dstar_lite,False,0,0,2034,8735,756,0.05699013799949171,0,0.0,0.05703633799930685,True,2684,0,6,6,A,6025,0.475,True,5.420437397000569
0,39.91789566662606,601,0,,0.465026880943456,1.2437815439998303,dstar_lite,False,0,0,4190,17485,1432,0.0885144969997782,0,0.0,0.1296416559998761,True,8427,0,6,6,A,6026,0.5125,True,3.7038612729993474
0,39.50470427348697,619,0,,0.465026880943456,4.262283789000321,dstar_lite,False,0,0,1347,5783,802,0.044324831000267295,0,0.0,0.08227704799992352,True,4935,0,8,8,A,6027,0.6,True,7.65517438400002
0,42.74808988307055,666,0,,0.475657439761009,8.637792567999895,dstar_lite,False,0,0,4913,20807,1101,0.13191521699991426,0,0.0,0.09821917000044778,True,2437,0,5,5,A,6028,0.425,True,11.755540367000322
0,38.988728011380914,596,0,,0.475657439761009,6.140341697999247,dstar_lite,False,0,0,7785,32656,1570,0.18892722700002196,0,0.0,0.18106874500062986,True,8781,0,3,3,A,6029,0.55,True,7.015680857998632
0,37.21551544803109,545,0,,0.465026880943456,1.1994558449996475,dstar_lite,False,0,0,3550,14924,509,0.07504138599961152,0,0.0,0.04924791699977504,True,2104,0,5,5,A,6030,0.425,True,1.9790930390008725
0,37.43132234336368,573,0,,0.465026880943456,4.149970001999463,dstar_lite,False,0,0,532,2344,476,0.04146765599944047,0,0.0,0.04026188100033323,True,2599,0,7,7,A,6031,0.4875,True,5.279103014998327
0,42.278753332675564,664,0,,0.47565743976100916,10.61668545700013,dstar_lite,False,0,0,1172,5097,465,0.047494184999777644,0,0.0,0.04071784200004913,True,1933,0,4,4,A,6032,0.3875,True,11.295786040999701
0,39.16659925183275,647,0,,0.475657439761009,2.377983896999467,dstar_lite,False,0,0,7937,32343,16005,0.1447887009999249,0,0.0,1.0152002330005416,True,89847,0,6,6,A,6033,0.4,True,5.300362766000035
0,37.70425083044197,561,0,,0.465026880943456,1.822056246000102,dstar_lite,False,0,0,6322,26440,1055,0.13459030899957725,0,0.0,0.09772775300007197,True,4339,0,6,6,A,6034,0.45,True,3.1070777369995994
0,37.885205258524344,547,0,,0.465026880943456,0.6217091130001791,dstar_lite,False,0,0,3783,15967,5435,0.06971823000003496,0,0.0,0.46915437600000587,True,41929,0,3,3,A,6035,0.2875,True,1.3059041739998065
0,39.5151395448406,590,0,,0.465026880943456,1.4959401030000663,dstar_lite,False,0,0,11474,47328,687,0.21692500399967685,0,0.0,0.11617042499983654,True,2725,0,6,6,A,6036,0.4875,True,2.872232560998782
0,38.06052800055517,566,0,,0.465026880943456,2.272084164000262,dstar_lite,False,0,0,10561,43640,1339,0.21614670399958413,0,0.0,0.11705992599945603,True,3232,0,5,5,A,6037,0.425,True,3.154451827002049
0,40.413017816734225,624,0,,0.475657439761009,2.6439518070001213,dstar_lite,False,0,0,11344,46747,25438,0.2184550109996053,0,0.0,2.0269607009995525,True,181815,0,5,5,A,6038,0.475,True,5.53018960800091
0,39.645983598981296,593,0,,0.465026880943456,4.131925252000656,dstar_lite,False,0,0,3612,14913,396,0.0942022690005615,0,0.0,0.05475966399990284,True,1767,0,5,5,A,6039,0.475,True,4.849343740001132
0,38.89833827915721,572,0,,0.465026880943456,2.117368778999662,dstar_lite,False,0,0,9409,39017,170,0.19702087999939977,0,0.0,0.08842672500031767,True,935,0,5,5,A,6040,0.3625,True,3.310031339001398
0,37.3364562050242,567,0,,0.465026880943456,2.2381358570000884,dstar_lite,False,0,0,1331,5725,2131,0.041919377999874996,0,0.0,0.17473052200057282,True,13656,0,6,6,A,6041,0.3875,True,3.8028933069999766
0,45.234562760650974,745,0,,0.47565743976100916,12.39525917300034,dstar_lite,False,0,0,5454,22605,2240,0.14928292000058718,0,0.0,0.19044667799971648,True,10180,0,6,6,A,6042,0.475,True,17.30534973200065
0,40.06506174685511,620,0,,0.475657439761009,3.0731363750001037,dstar_lite,False,0,0,3839,15888,11862,0.07841739600007713,0,0.0,0.8720379359992876,True,80478,0,4,4,A,6043,0.4,True,5.867879760999131
0,36.486240067627776,540,0,,0.4962358310319797,1.452379180999742,dstar_lite,False,0,0,2580,10822,1055,0.06826009399992472,0,0.0,0.112587462999727,True,6794,0,6,6,A,6044,0.45,True,2.7730523499985793
0,38.36754544505248,587,0,,0.465026880943456,3.71955790300035,dstar_lite,False,0,0,5308,21951,876,0.1713524070000858,0,0.0,0.1058737729999848,True,3228,0,6,6,A,6045,0.4875,True,6.062824421000187
0,35.44469796963556,522,0,,0.465026880943456,0.6332211429999006,dstar_lite,False,0,0,2780,11609,6922,0.056324158999814244,0,0.0,0.5742411609999181,True,51931,0,5,5,A,6046,0.4375,True,1.4495151119999719
0,38.19674092746015,575,0,,0.465026880943456,1.6535989889998746,dstar_lite,False,0,0,2014,8547,619,0.054302428000482905,0,0.0,0.04886068999985582,True,2392,0,5,5,A,6047,0.3875,True,3.118357073999505
0,38.63615272115731,580,0,,0.465026880943456,0.7287889869994615,dstar_lite,False,0,0,5141,21260,7795,0.11327544199957629,0,0.0,0.6126821839998229,True,53921,0,6,6,A,6048,0.5,True,2.363523059999352
0,39.222171123017176,581,0,,0.475657439761009,1.737354193000101,dstar_lite,False,0,0,16257,67066,6318,0.3053148710005189,0,0.0,0.5736662660001457,True,42306,0,3,3,A,6049,0.4375,True,3.181206704000033
0,37.33974515048022,561,0,,0.465026880943456,1.1945007080003052,dstar_lite,False,0,0,7027,29012,251,0.20155075900038355,0,0.0,0.07362196800022502,True,1345,0,6,6,A,6050,0.4125,True,3.279745359000117
0,38.292311455818236,577,0,,0.475657439761009,1.9787784069994814,dstar_lite,False,0,0,15341,62564,18720,0.3458472250003979,0,0.0,1.6290828840001268,True,143313,0,4,4,A,6051,0.4625,True,3.144577723999646
0,37.31315066655281,564,0,,0.465026880943456,1.6654279159993166,dstar_lite,False,0,0,1514,6518,640,0.04003355999975611,0,0.0,0.06050457900073525,True,3812,0,3,3,A,6052,0.4,True,3.238021652999123
0,37.18954233576607,550,0,,0.465026880943456,2.898418397999194,dstar_lite,False,0,0,8248,34369,2495,0.18157161500039365,0,0.0,0.22736944999996922,True,15868,0,4,4,A,6053,0.4,True,4.19689819299947
0,40.699913265781845,624,0,,0.475657439761009,1.550218856000356,dstar_lite,False,0,0,16359,67048,16021,0.29367421899951296,0,0.0,1.2533697769995342,True,106218,0,6,6,A,6054,0.475,True,4.192761303000225
0,40.68860349507654,637,0,,0.465026880943456,3.4306958600000144,dstar_lite,False,0,0,2405,10129,1249,0.09137318800003413,0,0.0,0.07974234100038302,True,3641,0,7,7,A,6055,0.525,True,6.211722543000178
0,37.75477395073047,576,0,,0.4596194077712549,2.0506286319996434,dstar_lite,False,0,0,1379,5784,418,0.06138850900060788,0,0.0,0.033793296000112605,True,496,0,6,6,A,6056,0.475,True,4.64652297000066
0,41.4669766321489,665,0,,0.475657439761009,5.345790332000433,dstar_lite,False,0,0,5221,21776,1714,0.12608304000059434,0,0.0,0.12453171400011342,True,6254,0,5,5,A,6057,0.4,True,10.249300661001143
0,36.581724851057324,552,0,,0.465026880943456,1.0342193329997826,dstar_lite,False,0,0,587,2530,1013,0.029538167999817233,0,0.0,0.06606353300048795,True,4631,0,7,7,A,6058,0.3875,True,2.899280240000735
0,38.66260177966113,589,0,,0.475657439761009,1.4623050899999726,dstar_lite,False,0,0,5446,22594,10562,0.12216946099943016,0,0.0,0.7246157869994931,True,64143,0,3,3,A,6059,0.425,True,3.7340656389997093
0,38.13945203920984,568,0,,0.475657439761009,1.9107191450002574,dstar_lite,False,0,0,1869,7870,4073,0.04603177399985725,0,0.0,0.2963299420007388,True,25403,0,5,5,A,6060,0.3875,True,3.948449564000839
0,40.47911835058164,635,0,,0.475657439761009,2.5537573749998046,dstar_lite,False,0,0,3515,14662,8983,0.0742148269991958,0,0.0,0.6725292620003529,True,60782,0,4,4,A,6061,0.375,True,6.0654038510001556
0,38.756307879392004,600,0,,0.465026880943456,4.274932074999924,dstar_lite,False,0,0,1011,4255,991,0.03566847599995526,0,0.0,0.07470523000029061,True,4207,0,8,8,A,6062,0.475,True,5.80258817199956
0,39.791813462177544,630,0,,0.475657439761009,4.42283516399948,dstar_lite,False,0,0,7664,31800,7113,0.17336893300034717,0,0.0,0.44347912000012,True,34740,0,5,5,A,6063,0.425,True,7.311146304999056
0,37.459220150776524,574,0,,0.465026880943456,1.5202613020001081,dstar_lite,False,0,0,1990,8444,3357,0.05121237099956488,0,0.0,0.25676470500002324,True,21621,0,7,7,A,6064,0.5375,True,3.445709992999582
0,41.38255764687787,652,0,,0.475657439761009,1.4234957479993682,dstar_lite,False,0,0,6382,26141,12481,0.11199895600020682,0,0.0,0.8345180149999578,True,68991,0,7,7,A,6065,0.5875,True,5.104679276998468
0,38.64532856663464,584,0,,0.465026880943456,1.7977824119998331,dstar_lite,False,0,0,1205,5132,945,0.04795504800040362,0,0.0,0.06287192800027697,True,4083,0,6,6,A,6066,0.475,True,3.708763161999741
0,37.603557288834544,556,0,,0.465026880943456,1.2550212910000482,dstar_lite,False,0,0,12268,50200,917,0.19382318099997065,0,0.0,0.12429476099987369,True,3636,0,5,5,A,6067,0.3625,True,2.7741385220006123
0,39.610573899770536,614,0,,0.465026880943456,2.2686766910001097,dstar_lite,False,0,0,4081,16969,5121,0.07902450399978989,0,0.0,0.23553629599973647,True,18238,0,4,4,A,6068,0.4,True,4.033784369999921
0,37.74058937343335,564,0,,0.475657439761009,2.011129068999253,dstar_lite,False,0,0,1863,7914,417,0.05026795799949468,0,0.0,0.046756800999901316,True,1634,0,5,5,A,6069,0.5125,True,2.9525251089999074
0,40.453678801845115,629,0,,0.475657439761009,2.3769938209998145,dstar_lite,False,0,0,6217,25572,9403,0.10716827399937756,0,0.0,0.6546010619995286,True,56415,0,4,4,A,6070,0.4,True,4.813559354999597
0,38.54441537251019,586,0,,0.475657439761009,2.16455225000027,dstar_lite,False,0,0,6188,25649,8804,0.13949466799931542,0,0.0,0.7251110500001232,True,61868,0,4,4,A,6071,0.4,True,4.009714498999529
0,40.471927323504424,622,0,,0.465026880943456,2.0476554350007063,dstar_lite,False,0,0,2763,11469,2623,0.0550354030001472,0,0.0,0.11283539699979883,True,8021,0,5,5,A,6072,0.425,True,3.54484832900107
0,48.22358515818087,754,0,,0.475657439761009,3.4634006629994474,dstar_lite,False,0,0,951,4035,282,0.035922990000472055,0,0.0,0.0331615929999316,True,1580,0,8,8,A,6073,0.475,True,8.671144585997354
0,38.62493285510994,585,0,,0.465026880943456,1.5095809069998722,dstar_lite,False,0,0,2245,9643,2102,0.05307282100056909,0,0.0,0.17679162400054338,True,13245,0,7,7,A,6074,0.45,True,2.8502015529993514
0,37.284879905443766,554,0,,0.465026880943456,3.1044588109998585,dstar_lite,False,0,0,1135,4842,318,0.03906695499972557,0,0.0,0.03529183400041802,True,1673,0,6,6,A,6075,0.4625,True,4.241861150001569
0,43.29319741215494,691,0,,0.475657439761009,3.966045533000397,dstar_lite,False,0,0,2336,9533,33752,0.09327427900007024,0,0.0,2.925727556000311,True,268160,0,5,5,A,6076,0.5375,True,9.276029460001155
0,36.977137356286455,543,0,,0.465026880943456,2.6157449780002935,dstar_lite,False,0,0,11243,46189,607,0.23972153700015042,0,0.0,0.11017071199967177,True,2507,0,4,4,A,6077,0.4875,True,3.412106195000888
0,41.37996511117959,658,0,,0.47565743976100916,3.9548683789998904,dstar_lite,False,0,0,1024,4352,36,0.044693152999570884,0,0.0,0.01802186100030667,True,200,0,4,4,A,6078,0.3125,True,6.866615584998726
0,37.594432005426356,562,0,,0.475657439761009,0.821431149000091,dstar_lite,False,0,0,3248,13905,1501,0.09511271599967586,0,0.0,0.13631244899988815,True,9128,0,7,7,A,6079,0.375,True,2.455386439000904
0,38.30806936614413,577,0,,0.465026880943456,1.2524257670002044,dstar_lite,False,0,0,2046,8589,51,0.05005094700027257,0,0.0,0.02805546299987327,True,51,0,6,6,A,6080,0.425,True,3.093468543999734
0,38.26756648962188,572,0,,0.465026880943456,0.7566348190002827,dstar_lite,False,0,0,4656,19080,6451,0.09499821000008524,0,0.0,0.5387964969995664,True,48074,0,5,5,A,6081,0.425,True,2.453112692001014
0,37.02745218900416,552,0,,0.4596194077712549,1.8602721459992608,dstar_lite,False,0,0,3250,13745,699,0.07747802799985948,0,0.0,0.08150634599951445,True,4160,0,4,4,A,6082,0.4375,True,3.423268597999595
0,39.489303454403206,598,0,,0.465026880943456,1.5751097709999158,dstar_lite,False,0,0,2233,9391,1150,0.06461056000080134,0,0.0,0.06525211400003172,True,3593,0,6,6,A,6083,0.4125,True,4.441639026999837
0,37.94967791933174,573,0,,0.465026880943456,1.8175658990003285,dstar_lite,False,0,0,3160,13346,281,0.08268372999918938,0,0.0,0.03981288599970867,True,441,0,6,6,A,6084,0.3875,True,3.4796005379994313
0,36.504877464588816,550,0,,0.4596194077712549,2.8995397999997294,dstar_lite,False,0,0,2157,9115,693,0.05954683199979627,0,0.0,0.045575898000606685,True,1836,0,5,5,A,6085,0.45,True,4.116319398000087
0,39.88745847764641,616,0,,0.465026880943456,1.9939340000000811,dstar_lite,False,0,0,5611,23367,5343,0.1088625910006158,0,0.0,0.3264126550002402,True,26652,0,6,6,A,6086,0.5,True,4.407547772000726
0,38.769177148631364,590,0,,0.465026880943456,3.429696313999557,dstar_lite,False,0,0,2918,12362,382,0.07545924999976705,0,0.0,0.06497668499923748,True,2066,0,6,6,A,6087,0.4375,True,5.367832593999083
0,41.15354689460659,643,0,,0.475657439761009,3.1794122199999038,dstar_lite,False,0,0,2614,11074,343,0.06714476300021488,0,0.0,0.041421136999815644,True,1598,0,4,4,A,6088,0.525,True,5.577688834000583
0,37.94252096688145,566,0,,0.465026880943456,1.8662705739998273,dstar_lite,False,0,0,1816,7588,556,0.06401585700041323,0,0.0,0.06402162900030817,True,2250,0,5,5,A,6089,0.4125,True,3.5799846740010253
0,36.37332507901288,530,0,,0.4596194077712549,1.7603552489999856,dstar_lite,False,0,0,2718,11334,473,0.053762581999762915,0,0.0,0.04076859900033014,True,1844,0,4,4,A,6090,0.425,True,2.2344041029991786
0,38.99029069967993,592,0,,0.475657439761009,2.5716436339998836,dstar_lite,False,0,0,9218,37732,4169,0.16143892499985668,0,0.0,0.29592153700014023,True,21504,0,4,4,A,6091,0.4,True,3.9494821479993334
0,38.811842811917145,610,0,,0.475657439761009,3.13404673200057,dstar_lite,False,0,0,11951,49368,956,0.21422058600001037,0,0.0,0.14311670100050833,True,4549,0,4,4,A,6092,0.3625,True,6.112709004999488
0,36.680863323182464,548,0,,0.475657439761009,1.3091377720002129,dstar_lite,False,0,0,2351,9740,14677,0.07031314899995778,0,0.0,1.2353477240003485,True,113283,0,5,5,A,6093,0.4375,True,2.5968585950004126
0,41.46475750083543,623,0,,0.475657439761009,3.3628677970000354,dstar_lite,False,0,0,4076,17073,437,0.14685491299951536,0,0.0,0.06369871500010049,True,1502,0,5,5,A,6094,0.4625,True,5.920476494000468
0,40.16066972264465,622,0,,0.465026880943456,1.830638166999961,dstar_lite,False,0,0,8340,34453,7064,0.19012878499961516,0,0.0,0.5086254910002026,True,40961,0,4,4,A,6095,0.4625,True,5.098066113999266
0,40.154318600134786,646,0,,0.475657439761009,3.5492944370007535,dstar_lite,False,0,0,2688,11287,78,0.07444069600023795,0,0.0,0.03196729400042386,True,473,0,7,7,A,6096,0.525,True,7.183825291001085
0,41.05261973049996,648,0,,0.465026880943456,4.500753979000365,dstar_lite,False,0,0,1818,7596,1264,0.03952895299971715,0,0.0,0.06957713799965859,True,4518,0,7,7,A,6097,0.525,True,8.613786397001604
0,39.497451496587836,596,0,,0.465026880943456,1.8419401629998902,dstar_lite,False,0,0,9900,40846,4389,0.20505113899980643,0,0.0,0.2903567880002811,True,19850,0,4,4,A,6098,0.3875,True,3.512385147000714
0,39.89879006586259,624,0,,0.465026880943456,2.6939282120001735,dstar_lite,False,0,0,1812,7748,114,0.05482733500048198,0,0.0,0.030264444999374973,True,213,0,7,7,A,6099,0.525,True,5.132808985998963
0,37.88920243412425,562,0,,0.465026880943456,2.6022516480006743,dstar_lite,False,0,0,1533,6497,797,0.0410691080005563,0,0.0,0.06691503500042018,True,4713,0,5,5,A,6100,0.4125,True,3.501984057998925
0,39.96446383149531,626,0,,0.475657439761009,3.2421081469992714,dstar_lite,False,0,0,4482,18668,304,0.12211227799980406,0,0.0,0.057608748999882664,True,1460,0,5,5,A,6101,0.5125,True,6.050249544999133
0,37.923280329079255,568,0,,0.465026880943456,3.746129493000808,dstar_lite,False,0,0,1796,7651,310,0.05731533000016498,0,0.0,0.052267961999859835,True,1681,0,5,5,A,6102,0.3625,True,6.207515762000185
0,39.18955294604387,596,0,,0.465026880943456,1.1928664199995183,dstar_lite,False,0,0,1474,6045,5380,0.049401846999899135,0,0.0,0.37800706200050627,True,33505,0,6,6,A,6103,0.45,True,2.9569003400001748
0,38.58337190231522,591,0,,0.475657439761009,1.590833823000139,dstar_lite,False,0,0,3185,13229,4418,0.08000813400030893,0,0.0,0.3306643919995622,True,26781,0,6,6,A,6104,0.35,True,3.377773239000817
0,39.967514761792025,609,0,,0.465026880943456,2.186101004000193,dstar_lite,False,0,0,1579,6609,596,0.06387739300043904,0,0.0,0.052807819999543426,True,2013,0,6,6,A,6105,0.45,True,5.153352278000966
0,37.50366314531345,584,0,,0.475657439761009,4.5100672849994226,dstar_lite,False,0,0,2558,10852,815,0.07602974200017343,0,0.0,0.04970670499915286,True,1584,0,6,6,A,6106,0.45,True,6.062587355998403
0,47.65750284113746,776,0,,0.475657439761009,4.449583896000149,dstar_lite,False,0,0,1276,5295,15683,0.046305353000207106,0,0.0,1.3386238180000873,True,117394,0,9,9,A,6107,0.475,True,9.682006347000424
0,37.96846338331401,564,0,,0.465026880943456,0.6753085049995207,dstar_lite,False,0,0,2457,10241,4813,0.05851794000045629,0,0.0,0.3754241639999236,True,33147,0,4,4,A,6108,0.375,True,1.7403009429999656
0,39.86552013303256,623,0,,0.475657439761009,1.6988010839995695,dstar_lite,False,0,0,2533,10420,18315,0.12576251800055616,0,0.0,1.5696322970006804,True,144794,0,6,6,A,6109,0.45,True,4.559470598999724
0,38.346430572306865,582,0,,0.465026880943456,3.387089534000552,dstar_lite,False,0,0,7547,31387,2108,0.13042123900049774,0,0.0,0.14064785899972776,True,6495,0,5,5,A,6110,0.4375,True,4.530202814999939
0,40.89351081636113,640,0,,0.475657439761009,2.1225805759995637,dstar_lite,False,0,0,3523,14713,279,0.11058423899976333,0,0.0,0.05859253499966144,True,1398,0,7,7,A,6111,0.45,True,6.168501564998223
0,38.45443713672312,566,0,,0.465026880943456,0.7302871680003591,dstar_lite,False,0,0,6581,27289,4067,0.130487463999998,0,0.0,0.3694573239999954,True,28510,0,5,5,A,6112,0.4625,True,1.9478368470008718
0,39.184594165525624,599,0,,0.475657439761009,1.451050007000049,dstar_lite,False,0,0,10601,43368,16006,0.18032325400054106,0,0.0,1.2671780759992544,True,108375,0,5,5,A,6113,0.3375,True,3.842296689998875
0,40.22808355890887,625,0,,0.465026880943456,1.9908287149992248,dstar_lite,False,0,0,4409,18063,942,0.11052983199988375,0,0.0,0.09352621600010025,True,3177,0,6,6,A,6114,0.5,True,5.41286467199825
0,37.70776668793654,563,0,,0.4596194077712549,2.7222663329994248,dstar_lite,False,0,0,1853,7803,631,0.057444009000391816,0,0.0,0.03864410900041548,True,1177,0,4,4,A,6115,0.4,True,4.059616027999255
0,37.95329807225213,568,0,,0.465026880943456,3.3875156419999257,dstar_lite,False,0,0,2046,8451,1108,0.0621244719995957,0,0.0,0.0633977910001704,True,3315,0,6,6,A,6116,0.3375,True,5.631095932999415
0,39.826316010045375,620,0,,0.475657439761009,1.6767448860000513,dstar_lite,False,0,0,9008,36811,12902,0.145644696999625,0,0.0,0.9285674799994013,True,77121,0,4,4,A,6117,0.425,True,4.325928535999992
0,41.15384279872919,652,0,,0.475657439761009,5.412530856000558,dstar_lite,False,0,0,1674,7169,2736,0.06315358500069124,0,0.0,0.20035963200007245,True,15772,0,6,6,A,6118,0.5,True,10.286849855002401
0,39.50935233917465,598,0,,0.465026880943456,2.4452750640002705,dstar_lite,False,0,0,1627,6901,186,0.05537440499938384,0,0.0,0.032785605999379186,True,212,0,7,7,A,6119,0.5375,True,5.724646693000068
0,37.78517906382647,561,0,,0.465026880943456,1.7135301719999916,dstar_lite,False,0,0,6556,27198,1222,0.1475092910004605,0,0.0,0.11396062199946755,True,4439,0,5,5,A,6120,0.3875,True,3.338123600000472
0,37.313148539275865,562,0,,0.465026880943456,2.5855795959996613,dstar_lite,False,0,0,3010,12868,88,0.0744645409995428,0,0.0,0.041828802000054566,True,519,0,5,5,A,6121,0.4375,True,3.673812247998285
0,39.54599959659274,593,0,,0.465026880943456,1.6037377450002168,dstar_lite,False,0,0,4263,17516,2299,0.09078305200000614,0,0.0,0.13996216699979414,True,9921,0,5,5,A,6122,0.4,True,3.924774307000007
0,38.53855385590819,597,0,,0.475657439761009,2.8810461719995146,dstar_lite,False,0,0,1023,4365,4322,0.04613779299961607,0,0.0,0.39895403099944815,True,34216,0,5,5,A,6123,0.4625,True,5.992169760998877
0,40.34068251336355,617,0,,0.475657439761009,5.194402461000209,dstar_lite,False,0,0,4690,19769,1678,0.10330783999961568,0,0.0,0.1082923590001883,True,6738,0,4,4,A,6124,0.4625,True,6.333491672000491
0,35.654276683095695,514,0,,0.465026880943456,0.6117955539994,dstar_lite,False,0,0,2360,9991,53,0.07908582900017791,0,0.0,0.02559886800008826,True,321,0,4,4,A,6125,0.4125,True,1.3790378140001849
0,39.0466832066305,596,0,,0.465026880943456,2.6287815989999217,dstar_lite,False,0,0,155,688,113,0.016535266000573756,0,0.0,0.011543228999471467,True,201,0,6,6,A,6126,0.45,True,4.736225991001447
0,40.050686162380856,614,0,,0.475657439761009,2.339225906000138,dstar_lite,False,0,0,2137,9104,389,0.061597621999680996,0,0.0,0.04314478800006327,True,1947,0,6,6,A,6127,0.3625,True,4.754417686000124
0,42.30367252925406,657,0,,0.475657439761009,5.911598067999876,dstar_lite,False,0,0,3382,14418,498,0.0808974860001399,0,0.0,0.0663159480000104,True,2562,0,6,6,A,6128,0.4375,True,9.661168880001242
0,36.50882568534706,552,0,,0.475657439761009,0.7381966610000745,dstar_lite,False,0,0,2562,10577,4596,0.09031623999999283,0,0.0,0.296114454000417,True,25306,0,5,5,A,6129,0.4125,True,1.9001953990000402
0,36.76734437862469,545,0,,0.465026880943456,1.3781202260006467,dstar_lite,False,0,0,3823,16252,3781,0.0714703819994611,0,0.0,0.33769055399989156,True,28389,0,4,4,A,6130,0.325,True,2.4184185800004343
0,37.55035188169642,566,0,,0.465026880943456,1.2413160769992828,dstar_lite,False,0,0,2386,9902,597,0.06494807199942443,0,0.0,0.04864676800025336,True,2502,0,5,5,A,6131,0.5,True,4.012497770000664
0,38.434571621234674,571,0,,0.465026880943456,1.0794077930004278,dstar_lite,False,0,0,1677,7081,849,0.05091214599997329,0,0.0,0.03940129600050568,True,2355,0,5,5,A,6132,0.3375,True,2.3095115430005535
0,38.39634774235878,591,0,,0.465026880943456,2.217879720000383,dstar_lite,False,0,0,810,3459,196,0.046875455000190414,0,0.0,0.01893116000064765,True,382,0,5,5,A,6133,0.525,True,4.7487033090001205
0,38.20156959195234,554,0,,0.465026880943456,1.0422975279998354,dstar_lite,False,0,0,2431,10361,27,0.05851918100051989,0,0.0,0.022303949000161083,True,27,0,4,4,A,6134,0.4,True,1.9856266570004664
0,39.99907417016293,636,0,,0.475657439761009,3.8010919640000793,dstar_lite,False,0,0,1507,6376,530,0.04435959099919273,0,0.0,0.042414106000251195,True,1844,0,7,7,A,6135,0.475,True,6.902581221999753
0,39.343874519228855,585,0,,0.465026880943456,1.1970644060002087,dstar_lite,False,0,0,8750,36039,4947,0.16717087099914352,0,0.0,0.35909036799967,True,26815,0,4,4,A,6136,0.3875,True,2.9662091559994224
0,39.63905875480989,612,0,,0.465026880943456,1.4466134679996685,dstar_lite,False,0,0,3229,13463,586,0.11526228500042635,0,0.0,0.06315327799984516,True,2277,0,7,7,A,6137,0.5,True,4.902421914001025
0,43.84961758513833,694,0,,0.475657439761009,6.956039013000009,dstar_lite,False,0,0,3381,14124,300,0.11290895500042097,0,0.0,0.06866248100050143,True,805,0,7,7,A,6138,0.45,True,12.718348864998916
0,44.12719105578792,701,0,,0.475657439761009,5.861719833999814,dstar_lite,False,0,0,3186,13247,1127,0.06409367299966107,0,0.0,0.06805988799987972,True,3073,0,6,6,A,6139,0.5625,True,12.193368944000213
0,38.98178408447846,610,0,,0.475657439761009,2.9096776079995834,dstar_lite,False,0,0,2177,9150,1771,0.060348376999172615,0,0.0,0.17860098799974367,True,13173,0,7,7,A,6140,0.475,True,5.528434927998205
0,36.74112727742405,545,0,,0.465026880943456,2.3119360670007154,dstar_lite,False,0,0,759,3248,305,0.021706649999941874,0,0.0,0.029495282000425505,True,1616,0,6,6,A,6141,0.325,True,3.8102173540000877
0,41.28521192237916,631,0,,0.465026880943456,3.2490676120005446,dstar_lite,False,0,0,199,874,20,0.013957128000583907,0,0.0,0.010342212000068685,True,20,0,9,9,A,6142,0.475,True,5.670198939000329
0,38.72065625146883,577,0,,0.465026880943456,0.9506915969996044,dstar_lite,False,0,0,7612,31218,2995,0.19572417500057782,0,0.0,0.24663471700023365,True,17062,0,6,6,A,6143,0.3875,True,2.6820561149997957
0,40.933430097147145,650,0,,0.465026880943456,3.9590247629994337,dstar_lite,False,0,0,912,3832,772,0.03837287800070044,0,0.0,0.06679760499991971,True,3909,0,8,8,A,6144,0.4,True,6.04605685199931
0,39.505657504678396,610,0,,0.475657439761009,0.7375059309997596,dstar_lite,False,0,0,788,3302,1901,0.03627434300051391,0,0.0,0.16426979700008815,True,13628,0,7,7,A,6145,0.4,True,2.5959084019996226
0,38.47720743511089,581,0,,0.465026880943456,2.850007091000407,dstar_lite,False,0,0,2973,12379,452,0.08745214400005352,0,0.0,0.062038813999606646,True,2357,0,6,6,A,6146,0.4125,True,4.59159226400061
0,40.01762808372093,610,0,,0.465026880943456,3.067975564000335,dstar_lite,False,0,0,916,3896,749,0.029890830999647733,0,0.0,0.04432731100041565,True,2322,0,6,6,A,6147,0.4125,True,6.587309264999931
0,37.46719002620363,573,0,,0.465026880943456,1.8245380549997208,dstar_lite,False,0,0,3007,12596,4532,0.07255660000009811,0,0.0,0.35413754399996833,True,28843,0,6,6,A,6148,0.5125,True,3.6012486069985243
0,36.459543521380645,538,0,,0.465026880943456,1.363703216000431,dstar_lite,False,0,0,8208,33619,9,0.15815207500054385,0,0.0,0.04527878299995791,True,9,0,4,4,A,6149,0.4625,True,3.440438678000646
0,37.398980512345965,561,0,,0.465026880943456,0.7417000730001746,dstar_lite,False,0,0,4739,19826,4870,0.09228210800029046,0,0.0,0.3114789789997303,True,25135,0,6,6,A,6150,0.425,True,2.570942069000921
0,37.587351673323475,562,0,,0.465026880943456,4.0889243840001654,dstar_lite,False,0,0,5652,23375,940,0.11528455600000598,0,0.0,0.09644234300048993,True,4355,0,6,6,A,6151,0.425,True,5.286239480000404
0,38.78477514700417,601,0,,0.475657439761009,3.4868239009992976,dstar_lite,False,0,0,13839,57478,12603,0.3120445340000515,0,0.0,0.9691108659999372,True,79289,0,4,4,A,6152,0.4125,True,5.2804030939996665
0,37.16483608295902,547,0,,0.465026880943456,1.7218403460001355,dstar_lite,False,0,0,10767,44869,106,0.20268608300011692,0,0.0,0.07569497199983743,True,648,0,3,3,A,6153,0.3125,True,3.110165273000348
0,39.29706853164846,607,0,,0.475657439761009,3.46845525200024,dstar_lite,False,0,0,2073,8700,1128,0.05286119599986705,0,0.0,0.06860680699992372,True,3445,0,5,5,A,6154,0.375,True,6.917158460000792
0,38.56159904321152,580,0,,0.465026880943456,2.1986505320001015,dstar_lite,False,0,0,4855,20086,2118,0.11590481900020677,0,0.0,0.15419229500002984,True,10579,0,7,7,A,6155,0.475,True,3.526841187998798
0,34.988880472624665,510,0,,0.465026880943456,0.4770266819996323,dstar_lite,False,0,0,6415,26434,4074,0.1210903800001688,0,0.0,0.35344925099980173,True,28018,0,4,4,A,6156,0.4125,True,1.302847355999802
0,36.9896096673646,543,0,,0.465026880943456,0.7776055880003696,dstar_lite,False,0,0,1266,5381,651,0.050049546000082046,0,0.0,0.06108885200046643,True,3834,0,6,6,A,6157,0.4,True,1.9847737719983343
0,37.45184895661324,555,0,,0.465026880943456,0.8677502250002362,dstar_lite,False,0,0,6660,27508,1823,0.13183042999935424,0,0.0,0.10504961399965396,True,5951,0,4,4,A,6158,0.3625,True,1.6939087639993886
0,38.006684529915454,569,0,,0.465026880943456,1.7130453939998915,dstar_lite,False,0,0,8641,35816,170,0.14573624700005894,0,0.0,0.06039619400053198,True,993,0,5,5,A,6159,0.4125,True,3.2733906519997618
0,41.049043336634526,637,0,,0.475657439761009,7.070755038999778,dstar_lite,False,0,0,3522,14679,281,0.0862449390006077,0,0.0,0.06328318299983948,True,1470,0,7,7,A,6160,0.45,True,10.260534577000726
0,38.957221612349,607,0,,0.475657439761009,3.6563691640003526,dstar_lite,False,0,0,3086,12932,181,0.07268719199964835,0,0.0,0.044643206999353424,True,981,0,5,5,A,6161,0.35,True,5.927727461999893
0,38.33084399809629,575,0,,0.465026880943456,1.600993453999763,dstar_lite,False,0,0,3706,15452,294,0.11247452800034807,0,0.0,0.04642782900009479,True,1380,0,5,5,A,6162,0.4125,True,2.9759038559996043
0,39.21443486105304,589,0,,0.465026880943456,1.4717642199993861,dstar_lite,False,0,0,5018,20792,421,0.1415919879991634,0,0.0,0.07000059600068198,True,1937,0,6,6,A,6163,0.55,True,3.702149252999334
0,40.285155189802666,642,0,,0.475657439761009,2.501555663000545,dstar_lite,False,0,0,1226,5233,1430,0.040563066000686376,0,0.0,0.07246899599977041,True,4655,0,6,6,A,6164,0.4625,True,6.314828459000637
0,39.811850580462824,612,0,,0.465026880943456,3.164747957000145,dstar_lite,False,0,0,2469,10640,2605,0.06977920200006338,0,0.0,0.19234188199970959,True,14275,0,7,7,A,6165,0.4625,True,5.092465794999953
0,40.820504232756086,635,0,,0.465026880943456,6.27966524599924,dstar_lite,False,0,0,7269,30317,780,0.1675520429998869,0,0.0,0.12196844499976578,True,3671,0,8,8,A,6166,0.5,True,8.35497467499954
0,36.56315167893211,531,0,,0.465026880943456,1.1371201120000478,dstar_lite,False,0,0,3748,16123,478,0.08118882400049188,0,0.0,0.06402027400054067,True,2483,0,4,4,A,6167,0.3625,True,1.5669492040005935
0,37.011763541584656,561,0,,0.475657439761009,0.8881039240004611,dstar_lite,False,0,0,1659,7058,2297,0.04491678399972443,0,0.0,0.155896913000106,True,11310,0,5,5,A,6168,0.375,True,2.893368787000327
0,38.618167887043725,585,0,,0.475657439761009,1.4158106280001448,dstar_lite,False,0,0,3688,15248,11628,0.10536159800085443,0,0.0,0.9635194309994404,True,84425,0,7,7,A,6169,0.475,True,3.2923539080011324
0,39.298949724299426,594,0,,0.465026880943456,0.8658976990000156,dstar_lite,False,0,0,1708,7194,2925,0.049526033999427455,0,0.0,0.2190613159991699,True,17595,0,7,7,A,6170,0.4875,True,2.853087148000668
0,44.28164029235282,725,0,,0.475657439761009,9.021701734999624,dstar_lite,False,0,0,6875,28222,10859,0.21760804299992742,0,0.0,0.5804666270005328,True,42345,0,7,7,A,6171,0.5375,True,15.6994844740002
0,37.61165467652717,552,0,,0.465026880943456,2.0254588309999235,dstar_lite,False,0,0,2495,10667,579,0.059537757999351015,0,0.0,0.062017148000450106,True,3223,0,4,4,A,6172,0.35,True,3.1119659999994838
0,36.65236811859178,552,0,,0.475657439761009,2.3595471150001686,dstar_lite,False,0,0,8455,34780,25,0.18928924100055156,0,0.0,0.07734484399952635,True,152,0,5,5,A,6173,0.45,True,4.328243210000437
0,35.97386942996793,528,0,,0.465026880943456,0.90216317300019,dstar_lite,False,0,0,22622,93661,3719,0.42476327199983643,0,0.0,0.4755454349997308,True,27516,0,2,2,A,6174,0.4375,True,1.7377669050001714
0,38.045340255099134,568,0,,0.475657439761009,1.5203347599999688,dstar_lite,False,0,0,8159,33902,207,0.16923103099998116,0,0.0,0.07394740100062336,True,550,0,4,4,A,6175,0.4,True,3.365378168999996
0,37.2446439666875,542,0,,0.465026880943456,1.1020854640000834,dstar_lite,False,0,0,948,4120,98,0.03409005000048637,0,0.0,0.024295911000081105,True,181,0,3,3,A,6176,0.425,True,1.393460165999386
0,42.08781802594769,655,0,,0.465026880943456,3.9623737149995577,dstar_lite,False,0,0,787,3355,524,0.031519630999355286,0,0.0,0.03867601000001741,True,1387,0,7,7,A,6177,0.55,True,8.098110226001154
0,42.676322485102794,641,0,,0.465026880943456,3.245738653999979,dstar_lite,False,0,0,1473,6278,91,0.044076561000110814,0,0.0,0.03943321000042488,True,478,0,6,6,A,6178,0.5125,True,7.533544838001035
0,43.37450292519095,706,0,,0.47565743976100916,6.11816546999944,dstar_lite,False,0,0,4510,18964,1240,0.13713219799956278,0,0.0,0.09497915900010412,True,4229,0,6,6,A,6179,0.375,True,11.31179909400089
0,36.889559593631226,557,0,,0.465026880943456,2.8263048899998466,dstar_lite,False,0,0,2721,11462,5869,0.061851223000303435,0,0.0,0.429203473000598,True,36766,0,5,5,A,6180,0.5625,True,3.770520258000033
0,38.00931418940562,565,0,,0.465026880943456,1.3713878349999504,dstar_lite,False,0,0,620,2754,383,0.038051196000196796,0,0.0,0.043293112000355904,True,2187,0,5,5,A,6181,0.375,True,2.922359807000248
0,37.99508373403821,571,0,,0.465026880943456,1.3536610539995308,dstar_lite,False,0,0,1885,7914,897,0.05289642499974434,0,0.0,0.05517300600058661,True,3120,0,5,5,A,6182,0.4125,True,2.928346996998698
0,40.81653031599416,654,0,,0.475657439761009,3.6648463780002203,dstar_lite,False,0,0,406,1726,305,0.04101836599966191,0,0.0,0.0273741950004478,True,1237,0,7,7,A,6183,0.4875,True,7.257096275001459
0,37.609382911705104,572,0,,0.465026880943456,0.7842213940002694,dstar_lite,False,0,0,6597,27028,4726,0.12218098799985455,0,0.0,0.3187694999996893,True,24287,0,7,7,A,6184,0.45,True,2.5310600359998716
0,40.94732590765809,639,0,,0.465026880943456,1.8988850660007301,dstar_lite,False,0,0,5213,21536,3110,0.10031957999945007,0,0.0,0.15111629400053062,True,9230,0,7,7,A,6185,0.4125,True,5.19991234400095
0,36.31976076040102,532,0,,0.465026880943456,1.0339030739996815,dstar_lite,False,0,0,6879,28864,4453,0.1341824519995498,0,0.0,0.4046136619999743,True,32966,0,3,3,A,6186,0.4,True,1.8521353900005124
0,36.76267898936985,549,0,,0.465026880943456,1.1281970379995983,dstar_lite,False,0,0,1000,4355,332,0.03745141200033686,0,0.0,0.04181917000005342,True,1247,0,5,5,A,6187,0.4875,True,2.7838004530003673
0,39.08202830884714,611,0,,0.475657439761009,2.9569164690001344,dstar_lite,False,0,0,6355,26374,10772,0.11540591699940705,0,0.0,0.7903416150002158,True,66172,0,5,5,A,6188,0.375,True,4.644521646001522
0,47.02103460180692,748,0,,0.47565743976100916,5.908525718999954,dstar_lite,False,0,0,466,1997,311,0.019470393000119657,0,0.0,0.03227498399974138,True,1550,0,5,5,A,6189,0.4625,True,10.06126659199981
0,39.0169702706322,600,0,,0.475657439761009,0.7947605610006576,dstar_lite,False,0,0,7104,28892,10067,0.12897595899994485,0,0.0,0.6629508019996138,True,57688,0,6,6,A,6190,0.4375,True,2.785849105000125
0,36.99209490681681,536,0,,0.465026880943456,0.9249869980003496,dstar_lite,False,0,0,13329,54802,985,0.2146969919995172,0,0.0,0.13146125500043127,True,5321,0,3,3,A,6191,0.3625,True,1.5873212500009686
0,37.82116053747646,580,0,,0.475657439761009,2.3838618479994693,dstar_lite,False,0,0,8958,37746,12016,0.17690152100021805,0,0.0,0.8611290549997648,True,70838,0,4,4,A,6192,0.5125,True,4.752094036998642
0,37.973404253416255,560,0,,0.465026880943456,1.8885792339997352,dstar_lite,False,0,0,8867,36705,81,0.15516791399932117,0,0.0,0.07800286800011236,True,478,0,5,5,A,6193,0.2875,True,3.141088004998892
0,39.30881970642026,588,0,,0.465026880943456,1.3554493520005053,dstar_lite,False,0,0,2233,9309,3124,0.0539890509999168,0,0.0,0.22349809400020604,True,17138,0,5,5,A,6194,0.4125,True,3.6024563050013967
0,38.29828809712273,599,0,,0.465026880943456,1.583828559999347,dstar_lite,False,0,0,2511,10578,1031,0.07835586799956218,0,0.0,0.09294800600036979,True,4812,0,7,7,A,6195,0.4625,True,4.588109997998799
0,37.25376370406162,539,0,,0.465026880943456,1.8355042919993139,dstar_lite,False,0,0,10784,44772,1148,0.1851255420006055,0,0.0,0.1738553539998975,True,8608,0,3,3,A,6196,0.3375,True,2.333115426999939
0,36.88994347896321,547,0,,0.465026880943456,1.3374722340004155,dstar_lite,False,0,0,4032,16636,469,0.08429250800054433,0,0.0,0.054454158000226016,True,2168,0,6,6,A,6197,0.425,True,2.7798452690003614
0,40.88076609420116,626,0,,0.465026880943456,5.763206736999564,dstar_lite,False,0,0,1238,5207,277,0.056059199999253906,0,0.0,0.04211526900053286,True,1530,0,6,6,A,6198,0.4875,True,9.868185661000098
0,36.86753319533383,555,0,,0.465026880943456,1.6397058140000809,dstar_lite,False,0,0,711,3042,386,0.034990437999113055,0,0.0,0.04000807200009149,True,2101,0,6,6,A,6199,0.4625,True,3.3313365020012498
0,38.04334377048585,592,0,,0.475657439761009,2.0257986260003236,dstar_lite,False,0,0,3143,13063,6758,0.08316523300072731,0,0.0,0.47783224299928406,True,39476,0,5,5,A,6200,0.4875,True,4.689302976000363
0,37.637494307648176,567,0,,0.465026880943456,2.440175984999769,dstar_lite,False,0,0,3252,13820,1796,0.07319350800025859,0,0.0,0.17590868800016324,True,12291,0,6,6,A,6201,0.4625,True,4.427466752000328
0,34.6374885449721,492,0,,0.4596194077712549,0.1691134009997768,dstar_lite,False,0,0,4312,18055,575,0.07822666200081585,0,0.0,0.07095599100011896,True,4485,0,2,2,A,6202,0.325,True,0.32344245100011904
0,37.566314878536296,568,0,,0.4962358310319797,2.3666123660004814,dstar_lite,False,0,0,5203,21617,1111,0.11865790900083084,0,0.0,0.10267413200017472,True,5397,0,4,4,A,6203,0.3875,True,4.176567069001067
0,36.537186922620606,545,0,,0.4962358310319797,2.718427126000279,dstar_lite,False,0,0,5558,22828,246,0.13470086899997114,0,0.0,0.07049191600071936,True,1379,0,5,5,A,6204,0.3875,True,3.711329841999941
0,37.35276813657605,577,0,,0.465026880943456,2.1419030780007233,dstar_lite,False,0,0,3686,15270,813,0.10318664999977045,0,0.0,0.06666304100053821,True,2866,0,7,7,A,6205,0.45,True,4.323169097001482
0,36.77152618343985,555,0,,0.465026880943456,1.398228521999954,dstar_lite,False,0,0,180,793,212,0.020815152999603015,0,0.0,0.016763569000431744,True,554,0,7,7,A,6206,0.4625,True,2.936180534000414
0,37.89871674352551,551,0,,0.4962358310319797,1.820491673000106,dstar_lite,False,0,0,9121,37678,154,0.18885915300052147,0,0.0,0.08165692700004001,True,913,0,5,5,A,6207,0.425,True,2.855176061999373
0,39.20614045541465,593,0,,0.465026880943456,3.325487847000659,dstar_lite,False,0,0,7258,30356,745,0.1690605020003204,0,0.0,0.0923255629995765,True,2206,0,3,3,A,6208,0.425,True,5.678694687000643
0,40.41615484078401,627,0,,0.465026880943456,2.264996697999777,dstar_lite,False,0,0,5583,23355,4954,0.11619229300049483,0,0.0,0.36313543999949616,True,28066,0,4,4,A,6209,0.45,True,6.5798484010010725
0,39.39671105556137,642,0,,0.475657439761009,2.7432093970001006,dstar_lite,False,0,0,1112,4658,3530,0.058793647999664245,0,0.0,0.29366119200039975,True,23930,0,7,7,A,6210,0.4125,True,6.518591255999127
0,38.58014900664817,600,0,,0.475657439761009,2.175039227000525,dstar_lite,False,0,0,856,3628,8866,0.04318661399975099,0,0.0,0.7916468220000752,True,70237,0,4,4,A,6211,0.4125,True,4.319557068000904
0,38.57056022271487,578,0,,0.465026880943456,4.717350267999791,dstar_lite,False,0,0,4840,20170,1041,0.12951387199973396,0,0.0,0.10321319100057735,True,4099,0,4,4,A,6212,0.4375,True,6.283552549998603
0,39.016230454676176,594,0,,0.475657439761009,2.9469627950002177,dstar_lite,False,0,0,9455,39706,804,0.20695460899969476,0,0.0,0.11567013200055953,True,2879,0,4,4,A,6213,0.475,True,5.776967700001478
0,39.67371228690612,593,0,,0.465026880943456,7.533855607999612,dstar_lite,False,0,0,3980,16464,2378,0.09649591800007329,0,0.0,0.13088879299994005,True,8162,0,4,4,A,6214,0.45,True,8.527901162999115
0,38.50379600525879,602,0,,0.475657439761009,1.6269830619994536,dstar_lite,False,0,0,6159,25390,19082,0.11076440399938292,0,0.0,1.512152187000538,True,133305,0,7,7,A,6215,0.425,True,4.638409686001069
0,39.02465376335935,596,0,,0.475657439761009,2.0918064480001703,dstar_lite,False,0,0,3926,16237,6214,0.09404677899965463,0,0.0,0.47163666899996315,True,39712,0,4,4,A,6216,0.3625,True,4.811677125000642
0,39.04144168576403,601,0,,0.475657439761009,1.7106868670007316,dstar_lite,False,0,0,5972,24635,4460,0.1663313670005664,0,0.0,0.2550280670002394,True,18637,0,5,5,A,6217,0.45,True,3.3809768790024464
0,39.17698971095919,608,0,,0.475657439761009,1.4286934840001777,dstar_lite,False,0,0,7928,32313,12678,0.24686840000049415,0,0.0,0.9521954789997835,True,81089,0,6,6,A,6218,0.4375,True,3.9266769750001913
0,36.08537018150327,527,0,,0.465026880943456,0.8298053580001579,dstar_lite,False,0,0,5656,23743,6646,0.11242310400029965,0,0.0,0.5655326440000863,True,48918,0,3,3,A,6219,0.425,True,1.7122513220001565
0,38.76885235381109,587,0,,0.465026880943456,2.765569275999951,dstar_lite,False,0,0,9437,38458,476,0.17071504799969262,0,0.0,0.08988843000042834,True,1954,0,7,7,A,6220,0.4625,True,4.439976138001839
0,35.991573520875015,533,0,,0.465026880943456,1.5125945219997448,dstar_lite,False,0,0,20966,86753,11426,0.3982387120004205,0,0.0,1.1110012509998342,True,87953,0,2,2,A,6221,0.4625,True,2.1496064820003085
0,37.17443386585939,541,0,,0.465026880943456,0.4810151159999805,dstar_lite,False,0,0,9554,39640,2974,0.18678942099995766,0,0.0,0.29198735899990425,True,20573,0,4,4,A,6222,0.4,True,1.4136599229996136
0,38.398748414764235,582,0,,0.465026880943456,1.3550956369999767,dstar_lite,False,0,0,6194,26213,171,0.14862755299964192,0,0.0,0.0677473400000963,True,318,0,6,6,A,6223,0.5125,True,3.8455557220004266
0,39.48466041109085,598,0,,0.465026880943456,2.1117904669999916,dstar_lite,False,0,0,9354,38710,2378,0.19954873499955283,0,0.0,0.19448138900042977,True,10571,0,6,6,A,6224,0.5375,True,3.7368098179995286
0,35.87404189474052,522,0,,0.465026880943456,0.773423019000802,dstar_lite,False,0,0,8690,36176,2050,0.18637498800035246,0,0.0,0.18981824299953587,True,11197,0,3,3,A,6225,0.4375,True,1.7428522460013482
0,40.2313763507075,611,0,,0.465026880943456,1.0035308509995957,dstar_lite,False,0,0,2627,11002,5105,0.11068181100017682,0,0.0,0.3931559090005976,True,32348,0,5,5,A,6226,0.5125,True,2.999653105998732
0,41.23040152717423,636,0,,0.465026880943456,3.427330937000079,dstar_lite,False,0,0,835,3484,1825,0.03341927099972963,0,0.0,0.13934731100016506,True,9262,0,6,6,A,6227,0.45,True,5.100360343999455
0,40.18893673193636,615,0,,0.465026880943456,0.9979751029995896,dstar_lite,False,0,0,8792,36359,5004,0.20299212999998417,0,0.0,0.3647769620001782,True,26267,0,6,6,A,6228,0.4625,True,3.5500257319999946
0,37.809690179314686,573,0,,0.475657439761009,1.1235992719994101,dstar_lite,False,0,0,2927,12200,12302,0.08802947699950892,0,0.0,1.032640487000208,True,92360,0,3,3,A,6229,0.45,True,2.875704660998963
0,37.8496168346742,579,0,,0.465026880943456,5.185605818000113,dstar_lite,False,0,0,634,2728,51,0.037483147999409994,0,0.0,0.015526234999924782,True,51,0,6,6,A,6230,0.4125,True,7.163808674999018
0,39.88129105336466,623,0,,0.475657439761009,3.88618734100055,dstar_lite,False,0,0,6132,25654,978,0.1258816579993436,0,0.0,0.12124976599989168,True,4988,0,6,6,A,6231,0.4,True,7.117457289000413
0,38.91759534439842,610,0,,0.475657439761009,3.710496667999905,dstar_lite,False,0,0,1378,5897,663,0.047197625000080734,0,0.0,0.05280506899998727,True,3469,0,5,5,A,6232,0.4375,True,7.6305356629991365
0,40.212617619491716,632,0,,0.465026880943456,3.5660342139999557,dstar_lite,False,0,0,2659,11021,141,0.09131478000017523,0,0.0,0.03644246500061854,True,541,0,7,7,A,6233,0.5125,True,7.719907299000624
0,37.30500641666111,553,0,,0.465026880943456,1.3034729820001303,dstar_lite,False,0,0,210,919,4,0.020212860999890836,0,0.0,0.017853495000053954,True,4,0,6,6,A,6234,0.4,True,3.0670312259999264
0,37.25919706340296,549,0,,0.465026880943456,3.7568575059995055,dstar_lite,False,0,0,1746,7402,43596,0.03519932200015319,0,0.0,3.7150917150001987,True,346924,0,2,2,A,6235,0.45,True,4.212678476999827
0,37.54299900639796,576,0,,0.475657439761009,2.5792068969994943,dstar_lite,False,0,0,4570,19183,329,0.09821999299947493,0,0.0,0.06716006399983598,True,1507,0,4,4,A,6236,0.4375,True,4.27277741999842
0,39.59450739265981,628,0,,0.465026880943456,2.1565997899997456,dstar_lite,False,0,0,712,3094,536,0.027262909000455693,0,0.0,0.03607797099994059,True,1866,0,7,7,A,6237,0.5125,True,5.819317632999628
0,37.39379787101303,557,0,,0.465026880943456,1.2466164970001046,dstar_lite,False,0,0,8610,35147,11992,0.19041045599988138,0,0.0,1.0528301760004979,True,90476,0,3,3,A,6238,0.4375,True,2.379227272999742
0,38.27352332286312,581,0,,0.465026880943456,2.277225477999309,dstar_lite,False,0,0,785,3444,144,0.034179305999714416,0,0.0,0.017261481999412354,True,230,0,6,6,A,6239,0.5375,True,4.45706336999865
0,37.04948877068173,555,0,,0.465026880943456,1.0792111139999179,dstar_lite,False,0,0,1133,4715,718,0.0379058909993546,0,0.0,0.05371797299994796,True,3396,0,7,7,A,6240,0.45,True,2.5400189579986545
0,37.00017070272161,541,0,,0.465026880943456,3.0390068400001837,dstar_lite,False,0,0,5095,21439,37,0.11976642500030721,0,0.0,0.03470278899931145,True,37,0,5,5,A,6241,0.35,True,3.784671406000598
0,41.4071599040911,634,0,,0.475657439761009,2.7324157809998724,dstar_lite,False,0,0,5013,21130,17965,0.11390898199988442,0,0.0,1.4979570999994394,True,129405,0,5,5,A,6242,0.4625,True,5.571755404999749
0,38.894161394339974,603,0,,0.475657439761009,4.196392802999981,dstar_lite,False,0,0,5241,21596,128,0.11686187400027848,0,0.0,0.041211099999600265,True,453,0,7,7,A,6243,0.425,True,7.048456882999744
0,41.53079772665828,656,0,,0.475657439761009,2.554882434999854,dstar_lite,False,0,0,2252,9438,2600,0.05571094900005846,0,0.0,0.1389176109996697,True,10209,0,7,7,A,6244,0.3375,True,6.958196850000604
0,38.09530749763989,572,0,,0.465026880943456,3.5519096570005786,dstar_lite,False,0,0,7021,29159,1842,0.12773220500002935,0,0.0,0.12841227399985655,True,6840,0,5,5,A,6245,0.3625,True,4.847138144002201
0,36.63853425555818,528,0,,0.4596194077712549,1.7599055789996783,dstar_lite,False,0,0,1745,7254,121,0.04571620100068685,0,0.0,0.021593755000139936,True,781,0,3,3,A,6246,0.4375,True,2.2414448129993616
0,44.69550566766013,711,0,,0.475657439761009,3.5010363399997004,dstar_lite,False,0,0,186,819,270,0.02411689499967906,0,0.0,0.019914931999664987,True,913,0,7,7,A,6247,0.55,True,11.36587729599978
0,37.66329692888909,557,0,,0.465026880943456,2.279773713000395,dstar_lite,False,0,0,2846,11922,258,0.06700538499990216,0,0.0,0.053173985999819706,True,1354,0,6,6,A,6248,0.45,True,3.4040985840010762
0,40.03253091289175,635,0,,0.465026880943456,3.0593538749999425,dstar_lite,False,0,0,1829,7748,312,0.06203298699983861,0,0.0,0.04979435899986129,True,1566,0,6,6,A,6249,0.5,True,7.408276165999268
0,37.73204773343636,548,0,,0.465026880943456,1.5563306899994132,dstar_lite,False,0,0,8903,37153,93,0.16652343800069502,0,0.0,0.0625730219999241,True,427,0,4,4,A,6250,0.375,True,2.3867017679995115
0,36.48192379143313,544,0,,0.475657439761009,1.2978302490000715,dstar_lite,False,0,0,7427,30487,9940,0.11361110000052577,0,0.0,0.82205892499951,True,72877,0,3,3,A,6251,0.4,True,3.212690403000124
0,37.78562819896516,570,0,,0.465026880943456,1.5456024489994888,dstar_lite,False,0,0,1811,7683,11,0.052142909000394866,0,0.0,0.02750447600010375,True,11,0,5,5,A,6252,0.4625,True,3.967762951999248
0,41.47085524820541,646,0,,0.475657439761009,4.785653979999552,dstar_lite,False,0,0,8293,34460,9488,0.17279931000030047,0,0.0,0.6378918629998225,True,50607,0,4,4,A,6253,0.45,True,8.823721679998926
0,38.53543926326491,599,0,,0.465026880943456,3.028439093000088,dstar_lite,False,0,0,2127,8933,2269,0.059294406999470084,0,0.0,0.17722856599993975,True,12703,0,8,8,A,6254,0.5,True,5.206215528001849
0,39.35679174102864,601,0,,0.465026880943456,2.607224805000442,dstar_lite,False,0,0,3919,16394,273,0.08661290500003815,0,0.0,0.04980432800039125,True,1617,0,5,5,A,6255,0.5125,True,4.222452283001076
0,38.58546740597333,583,0,,0.4596194077712549,2.5408927620001123,dstar_lite,False,0,0,2212,9318,120,0.06609774299977289,0,0.0,0.0238685730000725,True,198,0,7,7,A,6256,0.5375,True,4.552197953000359
0,39.15600280204984,590,0,,0.475657439761009,3.3811352809998425,dstar_lite,False,0,0,8665,35730,38244,0.17210015399996337,0,0.0,3.205278815999918,True,289144,0,4,4,A,6257,0.4,True,5.073961336999673
0,41.07653377134921,631,0,,0.465026880943456,6.896075738000036,dstar_lite,False,0,0,5804,24480,244,0.12217611300002318,0,0.0,0.08168491499964148,True,866,0,5,5,A,6258,0.45,True,8.953507605000596
0,36.307509547095016,532,0,,0.465026880943456,1.3129109949995836,dstar_lite,False,0,0,5143,21452,4823,0.11362046299927897,0,0.0,0.4033234270000321,True,34070,0,3,3,A,6259,0.4375,True,2.3006120129984993
0,36.52082970225525,535,0,,0.465026880943456,2.3061035769997034,dstar_lite,False,0,0,4288,18143,972,0.09894994600017526,0,0.0,0.11675188799927128,True,6388,0,3,3,A,6260,0.3875,True,3.0974749940005495
0,38.95678337313357,583,0,,0.465026880943456,1.8221734769995237,dstar_lite,False,0,0,3325,13843,1328,0.08144542399986676,0,0.0,0.07295336300012423,True,3289,0,6,6,A,6261,0.4,True,3.348806832998889
0,45.89704036517227,729,0,,0.475657439761009,6.359129442000267,dstar_lite,False,0,0,2679,11547,1574,0.06754657000055886,0,0.0,0.1262621659998331,True,8332,0,7,7,A,6262,0.5875,True,10.679650953999953
0,40.73167311496287,617,0,,0.465026880943456,6.1419757650000975,dstar_lite,False,0,0,6787,27895,3078,0.13428969200049323,0,0.0,0.11598236899953918,True,5686,0,4,4,A,6263,0.425,True,7.727321330999985
0,42.503374953434346,684,0,,0.475657439761009,1.7081549869999435,dstar_lite,False,0,0,2576,10608,2352,0.11208741599966743,0,0.0,0.20343114100069215,True,14033,0,8,8,A,6264,0.5875,True,5.8262964040013685
0,36.757705911938636,543,0,,0.465026880943456,1.034561808000035,dstar_lite,False,0,0,3942,16377,272,0.08526039699972898,0,0.0,0.0561818090000088,True,1565,0,6,6,A,6265,0.4,True,2.2184248999992633
0,39.12164491368641,606,0,,0.475657439761009,3.8104881429999296,dstar_lite,False,0,0,6048,24671,6185,0.13698129000022163,0,0.0,0.4023149040003773,True,32459,0,5,5,A,6266,0.325,True,5.487542085000314
0,38.51963262661406,565,0,,0.465026880943456,0.9463778760000423,dstar_lite,False,0,0,3013,12729,765,0.059079178000502,0,0.0,0.07394415500039031,True,4576,0,5,5,A,6267,0.4,True,2.198764052001934
0,38.10023516293224,562,0,,0.465026880943456,2.225964178999675,dstar_lite,False,0,0,8340,34602,459,0.17438984099953814,0,0.0,0.09926096100025461,True,2499,0,4,4,A,6268,0.45,True,3.411741105999681
0,38.73309670127362,580,0,,0.465026880943456,0.9634873089999019,dstar_lite,False,0,0,4386,18654,717,0.12976619600067352,0,0.0,0.09321349099991494,True,3372,0,6,6,A,6269,0.4875,True,2.898911657000099
0,37.43794296514647,553,0,,0.465026880943456,1.2588456900002711,dstar_lite,False,0,0,3460,14372,32,0.15044755700000678,0,0.0,0.028437259000384074,True,32,0,5,5,A,6270,0.425,True,2.6534295980000024
0,37.78585181500371,589,0,,0.475657439761009,4.032250571000077,dstar_lite,False,0,0,497,2111,476,0.02408590200047911,0,0.0,0.029878309999730845,True,1487,0,6,6,A,6271,0.3875,True,5.991179968999859
0,39.72500017273594,595,0,,0.465026880943456,4.118498530000579,dstar_lite,False,0,0,2364,10208,112,0.07385918499949184,0,0.0,0.043634618000396586,True,574,0,6,6,A,6272,0.4875,True,5.139108572000623
0,40.84252199446927,631,0,,0.465026880943456,2.6227585460001137,dstar_lite,False,0,0,12131,49636,8496,0.26132524399963586,0,0.0,0.6321358240002155,True,50384,0,5,5,A,6273,0.4875,True,6.22802890299954
0,36.99612925654052,555,0,,0.465026880943456,3.266781045999778,dstar_lite,False,0,0,3535,15064,309,0.07786061400020117,0,0.0,0.052711088999785716,True,1401,0,4,4,A,6274,0.5625,True,4.592856395997842
0,40.95025892253807,648,0,,0.475657439761009,3.3324527020004098,dstar_lite,False,0,0,8902,36725,1884,0.1898692499999015,0,0.0,0.1785972670004412,True,7762,0,7,7,A,6275,0.4875,True,7.97275912600162
0,39.85115772277279,597,0,,0.465026880943456,5.278791337000257,dstar_lite,False,0,0,13047,54447,1267,0.2607673610000347,0,0.0,0.1562971840003229,True,5488,0,3,3,A,6276,0.45,True,9.140886877999947
0,41.580666383600274,637,0,,0.475657439761009,9.52053531799993,dstar_lite,False,0,0,7952,33275,88,0.1621517319999839,0,0.0,0.08379347899972345,True,538,0,5,5,A,6277,0.375,True,11.537124022999706
0,38.17112007177301,582,0,,0.465026880943456,2.889892332999807,dstar_lite,False,0,0,1729,7357,2554,0.04542676900018705,0,0.0,0.17058000600081868,True,14354,0,5,5,A,6278,0.45,True,5.046844116000102
0,36.31257532768772,528,0,,0.465026880943456,0.6357527979998849,dstar_lite,False,0,0,13337,55164,3971,0.2207986349994826,0,0.0,0.41146027099966886,True,29814,0,3,3,A,6279,0.4125,True,1.5158757729996069
0,37.23884861792162,552,0,,0.475657439761009,4.721093258999645,dstar_lite,False,0,0,12794,52625,3056,0.22533197199936694,0,0.0,0.19789709399992716,True,8726,0,3,3,A,6280,0.5125,True,5.235009402000287
0,37.843392936159994,574,0,,0.465026880943456,1.5515652989997761,dstar_lite,False,0,0,8099,32977,3731,0.14292898700023215,0,0.0,0.2238255330003085,True,14844,0,5,5,A,6281,0.475,True,3.440428062999672
0,38.751835470576246,583,0,,0.465026880943456,6.425201760000164,dstar_lite,False,0,0,955,4109,67,0.03180589500061615,0,0.0,0.025324169000668917,True,465,0,5,5,A,6282,0.4125,True,7.781577247001223
0,39.54322571880084,625,0,,0.475657439761009,2.0161078240007555,dstar_lite,False,0,0,1230,5241,4631,0.07127142999979696,0,0.0,0.4375122459996419,True,36566,0,6,6,A,6283,0.4375,True,5.363693405999584
0,36.98613588700858,542,0,,0.465026880943456,3.17864886299958,dstar_lite,False,0,0,1365,5948,442,0.030024978000255942,0,0.0,0.04168196099999477,True,2769,0,3,3,A,6284,0.4375,True,3.6079523869993864
0,36.75818508289314,563,0,,0.465026880943456,1.2376512760001788,dstar_lite,False,0,0,2183,9225,278,0.10927502000049572,0,0.0,0.03814387700003863,True,1580,0,6,6,A,6285,0.3875,True,3.4310719800005245
0,38.62833739660305,578,0,,0.465026880943456,2.6520741619997352,dstar_lite,False,0,0,4391,18512,1780,0.10538845500013849,0,0.0,0.12545109999973647,True,7809,0,5,5,A,6286,0.425,True,3.421343613999852
0,41.585502743903774,663,0,,0.475657439761009,2.400496505000774,dstar_lite,False,0,0,2048,8649,477,0.056851975000427046,0,0.0,0.041808572999798344,True,2092,0,5,5,A,6287,0.4375,True,7.102140432000851
0,38.84759043258694,609,0,,0.475657439761009,1.9342794180001874,dstar_lite,False,0,0,6616,27227,14655,0.13344198199956736,0,0.0,1.216546957999526,True,99593,0,5,5,A,6288,0.4125,True,4.958960112000568
0,40.38885909534933,623,0,,0.475657439761009,2.328632887000822,dstar_lite,False,0,0,4458,18414,1170,0.08786929300003976,0,0.0,0.08140050600013637,True,3072,0,6,6,A,6289,0.475,True,5.58818206900105
0,39.22358683873852,586,0,,0.465026880943456,1.140355095000814,dstar_lite,False,0,0,2860,12090,1911,0.08158288499998889,0,0.0,0.14653559099951963,True,9822,0,5,5,A,6290,0.475,True,2.9862046800017197
0,37.31878551509469,567,0,,0.475657439761009,1.4747128310000335,dstar_lite,False,0,0,2476,10308,3163,0.06333309999990888,0,0.0,0.20700885099995503,True,16482,0,5,5,A,6291,0.4125,True,3.261808252999799
0,36.58416270448321,540,0,,0.465026880943456,0.6017117290002716,dstar_lite,False,0,0,1672,7113,31,0.03643017900049017,0,0.0,0.014342082999974082,True,31,0,6,6,A,6292,0.35,True,1.8752245510004286
0,37.527801148216604,558,0,,0.465026880943456,0.8242817000000286,dstar_lite,False,0,0,2475,10330,1204,0.08537522200003878,0,0.0,0.09230991399999766,True,4331,0,6,6,A,6293,0.5125,True,2.5426539480022257
0,38.903104103468635,592,0,,0.475657439761009,1.9361322750000909,dstar_lite,False,0,0,21027,86837,9264,0.4199910759998602,0,0.0,0.8814767069998197,True,65205,0,3,3,A,6294,0.425,True,3.3314804959991307
0,36.08825052922034,544,0,,0.465026880943456,2.5806192760001068,dstar_lite,False,0,0,4935,20426,1624,0.08595683300063683,0,0.0,0.1024409880001258,True,5308,0,6,6,A,6295,0.35,True,3.8466849490014283
0,37.500272133717296,560,0,,0.465026880943456,2.683103270999709,dstar_lite,False,0,0,3393,14220,6011,0.08012380499985738,0,0.0,0.5320594069999061,True,44855,0,5,5,A,6296,0.425,True,4.242778965998696
0,39.55560698618298,640,0,,0.47565743976100916,2.1539296990004004,dstar_lite,False,0,0,2065,8563,2361,0.07644355800039193,0,0.0,0.24159572899952764,True,18106,0,6,6,A,6297,0.3875,True,5.969261817000188
0,38.351915622208885,582,0,,0.465026880943456,1.9016060179992564,dstar_lite,False,0,0,3090,12891,661,0.08152261600025668,0,0.0,0.06002929299938842,True,2570,0,5,5,A,6298,0.45,True,3.8700800869992236
0,37.85394350695072,565,0,,0.465026880943456,1.7209001089995581,dstar_lite,False,0,0,2093,8785,302,0.05746922700018331,0,0.0,0.05231971400007751,True,1452,0,7,7,A,6299,0.5125,True,3.1600269609998577
0,39.29603290331335,593,0,,0.465026880943456,1.9143288219993337,dstar_lite,False,0,0,408,1787,36,0.023564516000078584,0,0.0,0.020155905000137864,True,36,0,8,8,A,6300,0.4875,True,3.4613657539994165
0,36.91563709222588,549,0,,0.475657439761009,2.1356237910003983,dstar_lite,False,0,0,7121,29360,24,0.15871974899982888,0,0.0,0.04707463900012954,True,158,0,5,5,A,6301,0.45,True,3.952260465999643
0,40.69264072926694,647,0,,0.475657439761009,3.223152243000186,dstar_lite,False,0,0,8077,33360,6959,0.2057344059994648,0,0.0,0.447199604999696,True,34656,0,6,6,A,6302,0.5125,True,6.563743015999535
0,38.65601749663446,610,0,,0.475657439761009,2.370763779000299,dstar_lite,False,0,0,8129,33527,8586,0.2002910780001912,0,0.0,0.42482089300028747,True,33927,0,4,4,A,6303,0.4375,True,4.605470244000571
0,41.30714784154307,634,0,,0.475657439761009,2.105009093999797,dstar_lite,False,0,0,8819,36448,23392,0.18455354899924714,0,0.0,1.9170532500002082,True,171576,0,4,4,A,6304,0.4,True,3.6381407349990695
0,39.178188678547905,598,0,,0.465026880943456,1.8058123439996052,dstar_lite,False,0,0,2462,10105,4963,0.04787736900016171,0,0.0,0.3347773209998195,True,28278,0,7,7,A,6305,0.4125,True,3.812913132999711
0,39.41920008110738,592,0,,0.475657439761009,2.8712561900001674,dstar_lite,False,0,0,10983,46048,30365,0.214974166000502,0,0.0,2.6517268449997573,True,237352,0,2,2,A,6306,0.4625,True,3.7614960250002696
0,39.021439698240215,602,0,,0.475657439761009,1.1328517940000893,dstar_lite,False,0,0,4002,16592,11826,0.1033440769997469,0,0.0,0.910960244999842,True,79189,0,5,5,A,6307,0.425,True,3.629222288001074
0,37.66231920852112,557,0,,0.465026880943456,2.2617042980000406,dstar_lite,False,0,0,1116,4834,418,0.063769544999559,0,0.0,0.04539970499990886,True,2227,0,5,5,A,6308,0.4625,True,3.26745419100007
0,36.40291833292069,543,0,,0.4596194077712549,1.259509975000583,dstar_lite,False,0,0,5794,24214,163,0.15566820399999415,0,0.0,0.07175572500000271,True,1036,0,6,6,A,6309,0.4625,True,3.023054592000335
0,37.0869231900461,560,0,,0.465026880943456,5.051833120000083,dstar_lite,False,0,0,5059,20966,1556,0.14761097800055722,0,0.0,0.13499415600017528,True,5435,0,7,7,A,6310,0.3625,True,5.85913707599957
0,39.11947183133261,603,0,,0.465026880943456,4.470109110999147,dstar_lite,False,0,0,2343,9704,2704,0.05874591000065266,0,0.0,0.13657620499998302,True,8595,0,7,7,A,6311,0.55,True,5.90240802399876
0,37.64809985006646,565,0,,0.465026880943456,3.157013710000683,dstar_lite,False,0,0,2480,10277,613,0.0637265089999346,0,0.0,0.062340874999790685,True,3595,0,6,6,A,6312,0.4375,True,4.3048027759987235
0,39.619423353716634,586,0,,0.465026880943456,2.000638548000097,dstar_lite,False,0,0,1375,5756,263,0.05657572700056335,0,0.0,0.039776538999831246,True,1605,0,7,7,A,6313,0.5375,True,3.232165148999229
0,39.597720728134156,604,0,,0.465026880943456,1.321053820999623,dstar_lite,False,0,0,7785,32143,4699,0.17433771300056833,0,0.0,0.3582794029998695,True,26732,0,6,6,A,6314,0.5375,True,3.524135229999956
0,44.73733689906003,692,0,,0.465026880943456,3.6447214509998958,dstar_lite,False,0,0,929,3950,441,0.04289374200016027,0,0.0,0.02317829999992682,True,753,0,8,8,A,6315,0.5,True,6.671693487000084
0,38.2423672834798,566,0,,0.465026880943456,2.306463409000571,dstar_lite,False,0,0,4420,18725,4083,0.11730866000016249,0,0.0,0.3564169729997957,True,27928,0,4,4,A,6316,0.525,True,3.378335120999509
0,38.93411099392551,587,0,,0.465026880943456,1.29925164100041,dstar_lite,False,0,0,2737,11471,1816,0.058756144000653876,0,0.0,0.09625417500046751,True,6223,0,5,5,A,6317,0.4625,True,3.0360397990007186
0,37.038963195280544,565,0,,0.4962358310319797,1.9374799450006321,dstar_lite,False,0,0,2830,11920,572,0.07907274399985909,0,0.0,0.07594204799988802,True,2577,0,7,7,A,6318,0.5125,True,4.01679289599997
0,42.92702224690653,685,0,,0.475657439761009,3.3583060739993016,dstar_lite,False,0,0,5744,23803,4371,0.11019429200041486,0,0.0,0.25809185299931414,True,19663,0,6,6,A,6319,0.5,True,6.921470101999148
0,37.725091245523565,577,0,,0.465026880943456,2.4916711060004673,dstar_lite,False,0,0,1368,5685,1411,0.03661156300040602,0,0.0,0.08610080899961758,True,4973,0,6,6,A,6320,0.3625,True,5.378677655999127
0,45.642584570961645,716,0,,0.475657439761009,8.154786940000122,dstar_lite,False,0,0,445,1894,173,0.028341099000499526,0,0.0,0.024403970999628655,True,975,0,8,8,A,6321,0.5375,True,10.96882606300187
0,39.374938709533644,608,0,,0.465026880943456,3.2604170990007333,dstar_lite,False,0,0,3418,14356,648,0.09301811399927828,0,0.0,0.06833265200020833,True,3159,0,7,7,A,6322,0.4625,True,5.60628185600126
0,36.900170104058645,543,0,,0.465026880943456,1.012792862000424,dstar_lite,False,0,0,685,2977,22,0.046495391000462405,0,0.0,0.025762878000023193,True,152,0,7,7,A,6323,0.475,True,2.53132356900187
0,38.04140053991722,575,0,,0.475657439761009,1.621049129000312,dstar_lite,False,0,0,9942,40922,286,0.19851991299947258,0,0.0,0.0865152609994766,True,1527,0,5,5,A,6324,0.45,True,4.3493575210004565
0,40.23548241502909,599,0,,0.465026880943456,5.061182700000245,dstar_lite,False,0,0,1755,7530,2221,0.05502710600012506,0,0.0,0.18616526599998906,True,13215,0,5,5,A,6325,0.4875,True,6.236326479000127
0,38.593488475487824,565,0,,0.465026880943456,0.8339309349994437,dstar_lite,False,0,0,10134,41851,3362,0.20605127799990441,0,0.0,0.31016766500033555,True,21794,0,5,5,A,6326,0.4875,True,2.1636699859991495
0,38.66526138572797,599,0,,0.475657439761009,1.8452668539994193,dstar_lite,False,0,0,3294,13973,1331,0.10223392699936085,0,0.0,0.1358720460002587,True,8755,0,7,7,A,6327,0.475,True,5.201166217999344
0,38.84230761860069,584,0,,0.465026880943456,1.3385933750005279,dstar_lite,False,0,0,4922,20638,612,0.11664645700057008,0,0.0,0.07446735000030458,True,1861,0,4,4,A,6328,0.425,True,3.28288271800011
0,37.96743646092299,568,0,,0.465026880943456,3.050892687000669,dstar_lite,False,0,0,12913,53525,2115,0.21936255200034793,0,0.0,0.18773222100026032,True,8842,0,3,3,A,6329,0.3875,True,4.22523127400018
0,36.429356972095285,543,0,,0.465026880943456,1.2500347349996446,dstar_lite,False,0,0,2169,9129,213,0.05514118800056167,0,0.0,0.04110991400011699,True,1006,0,6,6,A,6330,0.4,True,2.7274013250007556
0,37.42142901903395,559,0,,0.475657439761009,1.8068020959999558,dstar_lite,False,0,0,10340,42763,653,0.2049793550004324,0,0.0,0.12670256399997015,True,3723,0,4,4,A,6331,0.4375,True,3.701808906000224
0,36.48429478479444,547,0,,0.475657439761009,3.5552348910005094,dstar_lite,False,0,0,396,1737,55,0.02968366799996147,0,0.0,0.010761425999589846,True,322,0,4,4,A,6332,0.375,True,4.114581503000409
0,38.662554384922046,592,0,,0.475657439761009,2.100161749999643,dstar_lite,False,0,0,8904,37293,539,0.1869909919996644,0,0.0,0.10467726699971536,True,2309,0,5,5,A,6333,0.4125,True,6.011784526999691
0,42.223454999281486,669,0,,0.475657439761009,5.143847575999644,dstar_lite,False,0,0,4240,17770,725,0.10055054700023902,0,0.0,0.06867857799988997,True,2610,0,7,7,A,6334,0.475,True,9.82045170299898
0,41.2028720834,650,0,,0.465026880943456,2.4598459959997854,dstar_lite,False,0,0,2605,10924,1615,0.08491170500019507,0,0.0,0.09938050599976123,True,5828,0,7,7,A,6335,0.5,True,5.712655544999507
0,38.53298804078204,576,0,,0.465026880943456,0.7701426849998825,dstar_lite,False,0,0,2086,8727,959,0.053326944000218646,0,0.0,0.07092561199988268,True,4469,0,7,7,A,6336,0.325,True,2.466788756999449
0,37.46094450794316,570,0,,0.465026880943456,4.636567776999982,dstar_lite,False,0,0,5071,21145,586,0.12358369699995819,0,0.0,0.09975155699976312,True,2520,0,7,7,A,6337,0.625,True,6.609066371000154
0,39.3385379839689,585,0,,0.465026880943456,1.7470613929999672,dstar_lite,False,0,0,3511,14949,824,0.09136518800005433,0,0.0,0.09484952599996177,True,4604,0,4,4,A,6338,0.3875,True,2.5225731210002778
0,38.812531036692,600,0,,0.465026880943456,3.171359038999981,dstar_lite,False,0,0,3499,14247,361,0.09268121700006304,0,0.0,0.046821023999655154,True,1582,0,5,5,A,6339,0.5625,True,5.793299369000124
0,36.970997397653285,544,0,,0.465026880943456,1.2717880159998458,dstar_lite,False,0,0,12752,52535,1577,0.24932515300042724,0,0.0,0.18974562399944261,True,8720,0,4,4,A,6340,0.4375,True,2.665460821999659
0,39.023181608189404,581,0,,0.475657439761009,0.9269095279996691,dstar_lite,False,0,0,9689,40203,7959,0.20046976000048744,0,0.0,0.7241508710003473,True,59927,0,5,5,A,6341,0.4375,True,2.0727977129990904
0,39.10833694221501,601,0,,0.465026880943456,1.87351881900031,dstar_lite,False,0,0,5200,21672,4414,0.10593914699984452,0,0.0,0.31947633900017536,True,25585,0,6,6,A,6342,0.35,True,3.46778718600126
0,38.731958722064086,567,0,,0.465026880943456,1.7477646670004106,dstar_lite,False,0,0,3358,14027,3637,0.06854376800038153,0,0.0,0.31832842100084235,True,26041,0,3,3,A,6343,0.35,True,2.7187617470008263
0,37.648573537369835,565,0,,0.465026880943456,1.3058902630000375,dstar_lite,False,0,0,1757,7467,4792,0.04246004000015091,0,0.0,0.36589755400018475,True,31571,0,5,5,A,6344,0.35,True,2.2791362130010384
0,37.4936180088339,582,0,,0.465026880943456,2.641653689999657,dstar_lite,False,0,0,2255,9413,989,0.0677160780005579,0,0.0,0.06552324800031784,True,3288,0,7,7,A,6345,0.3875,True,4.739233512000283
0,40.233981909404434,613,0,,0.475657439761009,2.1148769119999997,dstar_lite,False,0,0,5867,24239,24174,0.1216040070003146,0,0.0,1.988809126999513,True,177858,0,4,4,A,6346,0.425,True,4.734456322999904
0,39.19329079465509,591,0,,0.465026880943456,3.0335410739999134,dstar_lite,False,0,0,2193,9119,859,0.06901147400003538,0,0.0,0.08558339299997897,True,4538,0,7,7,A,6347,0.4625,True,4.137738567998895
0,40.69831312612663,600,0,,0.465026880943456,2.4940501589999258,dstar_lite,False,0,0,1095,4680,325,0.03475812499982567,0,0.0,0.043600945999969554,True,1988,0,5,5,A,6348,0.5125,True,5.253297300999293
0,39.45585653852305,596,0,,0.475657439761009,1.4431909049999376,dstar_lite,False,0,0,1489,6235,1742,0.06606155899953592,0,0.0,0.10809562400027062,True,7701,0,7,7,A,6349,0.4875,True,3.8085968650011637
0,37.41300084823529,567,0,,0.465026880943456,1.8335195879999446,dstar_lite,False,0,0,1640,6962,174,0.04822162299933552,0,0.0,0.02368276400011382,True,352,0,6,6,A,6350,0.45,True,3.476303069000096
0,36.417796044348485,530,0,,0.465026880943456,1.429650018000757,dstar_lite,False,0,0,7779,32442,504,0.1577738350006257,0,0.0,0.07578496699989046,True,2109,0,4,4,A,6351,0.35,True,3.029576506000012
0,40.68142569600303,609,0,,0.4962358310319797,2.9326953899999353,dstar_lite,False,0,0,1308,5609,271,0.04550841499985836,0,0.0,0.042001621000054,True,617,0,8,8,A,6352,0.55,True,4.89748319499995
0,37.754772348530196,580,0,,0.475657439761009,1.1191679350004051,dstar_lite,False,0,0,7616,31644,12072,0.1542155429997365,0,0.0,0.9622692120001375,True,82019,0,4,4,A,6353,0.475,True,2.8842695790008293
0,36.7775032681134,562,0,,0.465026880943456,4.131151087999569,dstar_lite,False,0,0,2681,11178,1360,0.05895438500010641,0,0.0,0.07803359499939688,True,3632,0,4,4,A,6354,0.4125,True,5.106068426000093
0,37.55033080242061,558,0,,0.4962358310319797,1.038548935000108,dstar_lite,False,0,0,1997,8464,678,0.0684592520001388,0,0.0,0.054924418999689806,True,3262,0,5,5,A,6355,0.425,True,2.3742690790004417
0,39.26662689866627,596,0,,0.465026880943456,2.1470430879999185,dstar_lite,False,0,0,9069,37258,578,0.17657823599984113,0,0.0,0.10902630800046609,True,2789,0,5,5,A,6356,0.4125,True,3.5636934230005863
0,51.557190621570896,850,0,,0.47565743976100916,7.030104770000435,dstar_lite,False,0,0,4626,19435,742,0.09426741300012509,0,0.0,0.055472677000580006,True,781,0,6,6,A,6357,0.5375,True,16.62901212900215
0,39.186877804171765,598,0,,0.465026880943456,2.6083223189998535,dstar_lite,False,0,0,2303,9869,357,0.05970924000030209,0,0.0,0.05374265399950673,True,2017,0,6,6,A,6358,0.4625,True,4.779938105999463
0,39.94510607975502,606,0,,0.475657439761009,3.932784442999946,dstar_lite,False,0,0,4967,20513,710,0.15276793700013513,0,0.0,0.09348470700024336,True,2731,0,4,4,A,6359,0.425,True,5.289218247999088
0,42.07608296901578,651,0,,0.465026880943456,3.138677889000064,dstar_lite,False,0,0,1739,7264,1031,0.052312697999695956,0,0.0,0.082502088000183,True,5026,0,6,6,A,6360,0.45,True,7.745222560000002
0,39.79434268387157,604,0,,0.465026880943456,3.9869639549997373,dstar_lite,False,0,0,2627,11168,480,0.05895348800004285,0,0.0,0.04187681400071597,True,1304,0,4,4,A,6361,0.3875,True,6.844747834998998
0,42.69751752906783,666,0,,0.465026880943456,5.685220571999707,dstar_lite,False,0,0,8863,36149,7563,0.21803993200046534,0,0.0,0.2720270910003819,True,18988,0,6,6,A,6362,0.5,True,12.625613095000517
0,36.37053003393177,542,0,,0.475657439761009,1.1959265400000731,dstar_lite,False,0,0,7946,32304,5140,0.18333342599999014,0,0.0,0.267189271999996,True,19854,0,5,5,A,6363,0.475,True,3.079086519000157
0,36.89625094391594,554,0,,0.465026880943456,1.1230505889998312,dstar_lite,False,0,0,879,3750,63,0.036204206000547856,0,0.0,0.014967023999815865,True,66,0,7,7,A,6364,0.45,True,3.010167236999223
0,38.898568186351596,593,0,,0.475657439761009,1.1575843420005185,dstar_lite,False,0,0,1278,5517,762,0.047975656999369676,0,0.0,0.0579545649998181,True,3076,0,5,5,A,6365,0.425,True,3.443380826000066
0,41.13571752022539,667,0,,0.465026880943456,2.751417209000465,dstar_lite,False,0,0,4537,18922,4114,0.1022051449999708,0,0.0,0.2221459809998123,True,15349,0,8,8,A,6366,0.5875,True,6.624779058999593
0,40.440648692892196,639,0,,0.475657439761009,2.732637768999666,dstar_lite,False,0,0,7914,32567,17426,0.14223672499974782,0,0.0,1.2965644750001957,True,111977,0,6,6,A,6367,0.475,True,5.595365037999727
0,38.37251806716745,600,0,,0.475657439761009,3.3684583920003206,dstar_lite,False,0,0,2680,11094,1598,0.05510050999964733,0,0.0,0.07021468800030561,True,3997,0,6,6,A,6368,0.4625,True,6.754430162000062
0,38.051929117565614,559,0,,0.465026880943456,1.5712318129999403,dstar_lite,False,0,0,1024,4442,836,0.041683047999867995,0,0.0,0.07382951499948831,True,4791,0,4,4,A,6369,0.3875,True,2.94210067899985
0,39.30587524373251,614,0,,0.465026880943456,4.338148708000517,dstar_lite,False,0,0,4580,18705,12302,0.11146696800005884,0,0.0,0.8123867470003461,True,70310,0,4,4,A,6370,0.375,True,6.4396973269995215
0,40.64092194578202,628,0,,0.465026880943456,3.5444491349999225,dstar_lite,False,0,0,1669,6899,23,0.0743999000005715,0,0.0,0.038803064000603626,True,108,0,7,7,A,6371,0.55,True,9.313754353999684
0,38.454528068524944,573,0,,0.465026880943456,1.6167056049998791,dstar_lite,False,0,0,7032,29198,13636,0.16742717399938556,0,0.0,1.1742659259998618,True,100010,0,5,5,A,6372,0.4875,True,3.7674884950001797
0,38.64487234169321,570,0,,0.465026880943456,1.5476255410003432,dstar_lite,False,0,0,4407,18876,527,0.09161322899944935,0,0.0,0.0546678239998073,True,1342,0,6,6,A,6373,0.525,True,2.8830405260005136
0,38.56967808770562,577,0,,0.465026880943456,1.2869787150002594,dstar_lite,False,0,0,8852,36472,1495,0.17645256200012227,0,0.0,0.1451518539997778,True,7227,0,5,5,A,6374,0.525,True,2.671178243999748
0,38.55521023154109,584,0,,0.465026880943456,5.498771924000721,dstar_lite,False,0,0,510,2211,160,0.020089722000193433,0,0.0,0.030850213000121585,True,1023,0,5,5,A,6375,0.4125,True,7.598475132001113
0,39.99893857001394,626,0,,0.465026880943456,3.120228918999601,dstar_lite,False,0,0,2736,11740,813,0.06846176800081594,0,0.0,0.08211041200047475,True,4386,0,6,6,A,6376,0.45,True,6.369299762000082
0,39.2253643837539,622,0,,0.475657439761009,2.6425660590002735,dstar_lite,False,0,0,4531,18647,8290,0.09385921100056294,0,0.0,0.5477589010006341,True,46010,0,7,7,A,6377,0.425,True,5.355019880999862
0,38.4463347792094,578,0,,0.4962358310319797,2.747631440999612,dstar_lite,False,0,0,550,2378,360,0.02729947399984667,0,0.0,0.029442401999403955,True,1203,0,5,5,A,6378,0.5,True,4.016186513998946
0,40.52314794258844,622,0,,0.475657439761009,7.3429614599999695,dstar_lite,False,0,0,7146,29848,484,0.1795437740001944,0,0.0,0.10528318800061243,True,1857,0,5,5,A,6379,0.4125,True,10.245319784999992
0,38.933493074669414,580,0,,0.475657439761009,1.0774636890000693,dstar_lite,False,0,0,6528,27087,10929,0.12803144400004385,0,0.0,0.9468332129999908,True,81362,0,5,5,A,6380,0.525,True,2.547889503000988
0,41.32781230278016,649,0,,0.475657439761009,1.8025039550002475,dstar_lite,False,0,0,5200,21233,12028,0.10155450199999905,0,0.0,0.8323734599998716,True,73153,0,5,5,A,6381,0.3625,True,3.8792057760001626
0,39.8876805066487,614,0,,0.465026880943456,1.709890912999981,dstar_lite,False,0,0,1663,7076,1376,0.04728072499983682,0,0.0,0.10236373699990509,True,7577,0,7,7,A,6382,0.35,True,4.480714037001235
0,36.33822065444809,547,0,,0.465026880943456,2.059811928000272,dstar_lite,False,0,0,1179,4961,973,0.04311268699984794,0,0.0,0.05500813099934021,True,2957,0,6,6,A,6383,0.4125,True,4.181179319999501
0,38.54159945157331,587,0,,0.465026880943456,2.250781108999945,dstar_lite,False,0,0,1292,5545,1201,0.03657948000000033,0,0.0,0.0975896260006266,True,6026,0,6,6,A,6384,0.4125,True,4.270816463000301
0,37.77374710368732,567,0,,0.465026880943456,3.5619971159994748,dstar_lite,False,0,0,3544,14702,745,0.08651840600032301,0,0.0,0.06291716800024005,True,2193,0,5,5,A,6385,0.5,True,6.515097748999324
0,39.087958886659415,593,0,,0.465026880943456,1.4897307069995804,dstar_lite,False,0,0,5787,24138,782,0.12946414500038372,0,0.0,0.08517418099927454,True,2942,0,5,5,A,6386,0.4625,True,3.193312390999381
0,41.788762043257144,647,0,,0.465026880943456,4.5623187669998515,dstar_lite,False,0,0,2003,8332,3939,0.06603875999917364,0,0.0,0.34428911699978926,True,28372,0,7,7,A,6387,0.475,True,8.25691778700002
0,41.86667254214659,646,0,,0.475657439761009,6.376667841999733,dstar_lite,False,0,0,2125,9032,490,0.0512103279997973,0,0.0,0.05335897700024361,True,1485,0,6,6,A,6388,0.475,True,11.096153433998552
0,39.03153789845312,596,0,,0.465026880943456,1.5904765720006253,dstar_lite,False,0,0,768,3250,157,0.05628892700042343,0,0.0,0.03455099300026632,True,951,0,8,8,A,6389,0.45,True,4.678459149001355
0,37.04094540735233,555,0,,0.465026880943456,1.225645362999785,dstar_lite,False,0,0,521,2243,458,0.028146744999503426,0,0.0,0.04455944199980877,True,2147,0,6,6,A,6390,0.4625,True,2.8856123109999317
0,41.485146838258686,642,0,,0.475657439761009,4.628617364999627,dstar_lite,False,0,0,2088,9028,478,0.06525084900022193,0,0.0,0.05121070799941663,True,1891,0,6,6,A,6391,0.55,True,7.497228353999162
0,39.59436151280037,607,0,,0.465026880943456,2.1754778069998792,dstar_lite,False,0,0,760,3262,1477,0.042913715000395314,0,0.0,0.11503839399938443,True,9099,0,7,7,A,6392,0.5,True,3.8775920809994204
0,38.35747081753095,584,0,,0.475657439761009,1.7128193839998858,dstar_lite,False,0,0,11520,47944,8077,0.22076339200066286,0,0.0,0.5838378560001729,True,45547,0,5,5,A,6393,0.4375,True,3.6384935169999153
0,43.2085721198203,687,0,,0.47565743976100916,7.6744676139996955,dstar_lite,False,0,0,1094,4769,1156,0.04234404300041206,0,0.0,0.105009388000326,True,7775,0,7,7,A,6394,0.45,True,11.072593381001752
0,38.72852824829778,587,0,,0.475657439761009,3.2442411219999485,dstar_lite,False,0,0,6031,25209,590,0.11149784099961835,0,0.0,0.0755459570000312,True,2514,0,4,4,A,6395,0.4,True,5.792776828000569
0,38.812687757087204,591,0,,0.475657439761009,3.6050364829998216,dstar_lite,False,0,0,3540,14972,5661,0.08824983700014855,0,0.0,0.41509236299953045,True,34974,0,4,4,A,6396,0.4,True,5.176554464998844
0,38.654390566936065,570,0,,0.465026880943456,2.505967542999315,dstar_lite,False,0,0,4191,17677,290,0.08922338800039142,0,0.0,0.047546157000397216,True,1523,0,4,4,A,6397,0.3375,True,4.196766265000406
0,39.19401715774632,592,0,,0.465026880943456,1.6365494649999164,dstar_lite,False,0,0,5272,22379,1704,0.12929844900008902,0,0.0,0.13752202400064562,True,6733,0,4,4,A,6398,0.5375,True,3.409778278999511
0,39.492152637406356,596,0,,0.465026880943456,1.4420937049999338,dstar_lite,False,0,0,3561,14684,433,0.09116503500081308,0,0.0,0.06012227500013978,True,2227,0,7,7,A,6399,0.425,True,3.343308414000603
0,39.590914028547424,622,0,,0.465026880943456,2.996697201999268,dstar_lite,False,0,0,1929,8181,3304,0.061322227000346174,0,0.0,0.242471241000203,True,19644,0,7,7,A,6400,0.4125,True,6.089438502998746
0,38.12196430658232,577,0,,0.465026880943456,4.506641074000072,dstar_lite,False,0,0,6645,27901,3107,0.16855320800004847,0,0.0,0.24845217900019634,True,16463,0,4,4,A,6401,0.4625,True,6.096385139000631
0,39.66373643263888,609,0,,0.465026880943456,2.4879465320000236,dstar_lite,False,0,0,4495,18698,3134,0.10009337499923276,0,0.0,0.17370379000021785,True,9946,0,6,6,A,6402,0.5375,True,5.204447563998656
0,38.25848250149233,580,0,,0.465026880943456,1.972970732000249,dstar_lite,False,0,0,3468,14525,2555,0.08031807199949981,0,0.0,0.1625325929999235,True,10661,0,5,5,A,6403,0.525,True,3.5330358240007627
0,37.961008063241955,573,0,,0.465026880943456,0.7155695419987751,dstar_lite,False,0,0,3896,16465,2277,0.10275458800060733,0,0.0,0.14532140199844434,True,9224,0,6,6,A,6404,0.45,True,2.4847302219950507
0,37.49293283607812,556,0,,0.465026880943456,1.9722799800001667,dstar_lite,False,0,0,1571,6589,2665,0.03160305799974594,0,0.0,0.21252903400090872,True,17993,0,4,4,A,6405,0.35,True,2.774792444997729
0,37.52526394939862,565,0,,0.4596194077712549,1.9248103379995882,dstar_lite,False,0,0,6023,25071,743,0.10994115899848111,0,0.0,0.072133515999667,True,2466,0,5,5,A,6406,0.3875,True,3.5095841369984555
0,39.077536953715246,582,0,,0.465026880943456,1.1257369230006589,dstar_lite,False,0,0,2432,10201,112,0.06082904299910297,0,0.0,0.0299597029988945,True,661,0,6,6,A,6407,0.3875,True,3.3405021660018974
0,40.656676989324524,650,0,,0.475657439761009,3.8687799279996398,dstar_lite,False,0,0,10195,42045,12841,0.20384225800080458,0,0.0,0.7666978699999163,True,63433,0,5,5,A,6408,0.3375,True,8.0605443989989
0,39.108644247502625,604,0,,0.475657439761009,4.34015041100065,dstar_lite,False,0,0,6691,28214,6081,0.16593730400018103,0,0.0,0.4442430910003168,True,33496,0,5,5,A,6409,0.4,True,6.535359036000955
0,40.32352738233143,623,0,,0.465026880943456,1.5554808739998407,dstar_lite,False,0,0,1252,5308,670,0.07464294499914104,0,0.0,0.03146722099882027,True,1249,0,8,8,A,6410,0.6,True,4.881116534001194
0,38.28765646124877,581,0,,0.475657439761009,1.3249681790002796,dstar_lite,False,0,0,4009,16801,2180,0.0829877159994794,0,0.0,0.15098571999988053,True,9861,0,5,5,A,6411,0.4375,True,3.382506985000873
0,41.7747579794862,669,0,,0.465026880943456,3.2852981649994035,dstar_lite,False,0,0,2678,11249,1194,0.06781422899985046,0,0.0,0.07553036700119264,True,4403,0,7,7,A,6412,0.4625,True,8.406116801003009
0,38.7959141298284,613,0,,0.465026880943456,1.6591326249999838,dstar_lite,False,0,0,2318,9636,2501,0.08103484599996591,0,0.0,0.1382821179995517,True,9507,0,8,8,A,6413,0.475,True,4.255195934998483
0,39.34559226634631,599,0,,0.465026880943456,2.2847540889997617,dstar_lite,False,0,0,4321,17877,1165,0.12757729299846687,0,0.0,0.07899483700020937,True,2275,0,6,6,A,6414,0.3625,True,5.051447902998916
0,39.084803079007585,600,0,,0.475657439761009,5.337606136999966,dstar_lite,False,0,0,14038,58362,8251,0.2742377230006241,0,0.0,0.5065792210007203,True,34678,0,3,3,A,6415,0.35,True,6.440858432999448
0,40.68328019530852,613,0,,0.465026880943456,3.6958689089988184,dstar_lite,False,0,0,1242,5382,245,0.04309585200098809,0,0.0,0.04104719799943268,True,1259,0,7,7,A,6416,0.4625,True,5.4235128089985665
0,39.22402835286023,611,0,,0.475657439761009,2.8709748570017837,dstar_lite,False,0,0,2601,10986,2317,0.05713783200008038,0,0.0,0.1186202900007629,True,8114,0,6,6,A,6417,0.475,True,5.007132058000934
0,37.54068698182822,562,0,,0.465026880943456,2.9510583619994577,dstar_lite,False,0,0,4377,18374,792,0.1318181469996489,0,0.0,0.08267441699899791,True,2962,0,5,5,A,6418,0.5375,True,6.568704562998391
0,38.94273509703488,591,0,,0.465026880943456,1.6511307870005112,dstar_lite,False,0,0,990,4140,126,0.035638753999592154,0,0.0,0.025419789999432396,True,255,0,6,6,A,6419,0.45,True,3.6919739290005964
0,41.11896254011161,645,0,,0.475657439761009,3.2085453109993978,dstar_lite,False,0,0,870,3719,725,0.04785498899946106,0,0.0,0.06441886699940369,True,4668,0,7,7,A,6420,0.5,True,5.6252166840004065
0,38.68148481706545,599,0,,0.475657439761009,2.001675860999967,dstar_lite,False,0,0,1569,6690,460,0.04995563599914021,0,0.0,0.05066918499869644,True,1681,0,6,6,A,6421,0.45,True,4.353260185000181
0,43.381957873324964,696,0,,0.475657439761009,2.3770609210005205,dstar_lite,False,0,0,132,591,114,0.009420796000995324,0,0.0,0.019073486000706907,True,725,0,8,8,A,6422,0.425,True,8.822307781998461
0,39.29640496105739,604,0,,0.475657439761009,2.9017334020009002,dstar_lite,False,0,0,7942,32857,1079,0.14886255900091783,0,0.0,0.07888275299956149,True,2297,0,4,4,A,6423,0.4375,True,6.375583609002206
0,39.18902551752169,588,0,,0.465026880943456,3.172996018000049,dstar_lite,False,0,0,2029,8608,2144,0.049835976999020204,0,0.0,0.1224577520006278,True,9243,0,5,5,A,6424,0.4625,True,5.561477537998144
0,41.51726608059985,656,0,,0.475657439761009,4.035090673000013,dstar_lite,False,0,0,2332,9833,91,0.06388801300090563,0,0.0,0.039791060000425205,True,481,0,7,7,A,6425,0.4375,True,7.716569498999888
0,37.959888273233254,582,0,,0.465026880943456,1.2289501420000306,dstar_lite,False,0,0,1025,4361,153,0.03361644699907629,0,0.0,0.025938668999515357,True,295,0,4,4,A,6426,0.425,True,3.2637486860003264
0,36.19925077899092,543,0,,0.465026880943456,1.7578128629993444,dstar_lite,False,0,0,1626,6924,893,0.03980880100061768,0,0.0,0.08596687099998235,True,5937,0,5,5,A,6427,0.4,True,3.155633852999017
0,38.66145768057938,576,0,,0.465026880943456,0.6515564879991871,dstar_lite,False,0,0,2647,11196,2275,0.06939085300109582,0,0.0,0.18419723300030455,True,13618,0,6,6,A,6428,0.475,True,2.104366122001011
0,35.796668452257684,528,0,,0.465026880943456,1.0975354660004086,dstar_lite,False,0,0,13297,55276,2989,0.2324277469997469,0,0.0,0.29438320200097223,True,18161,0,4,4,A,6429,0.3875,True,2.124246581000989
0,37.494125045543576,558,0,,0.465026880943456,1.2266698109997378,dstar_lite,False,0,0,6464,27146,569,0.12261981799929345,0,0.0,0.07511989799968433,True,2465,0,6,6,A,6430,0.425,True,3.4635432550021505
0,40.99680730100923,643,0,,0.475657439761009,2.6131800039984228,dstar_lite,False,0,0,462,1984,718,0.028408347001459333,0,0.0,0.05737099700127146,True,3546,0,8,8,A,6431,0.5375,True,5.258899793998353
0,37.059651829925265,554,0,,0.465026880943456,2.005225275999692,dstar_lite,False,0,0,4814,20099,1152,0.12655135699969833,0,0.0,0.12476116300058493,True,6413,0,6,6,A,6432,0.45,True,3.690396890999182
0,42.43546459122875,662,0,,0.475657439761009,3.9902964680004516,dstar_lite,False,0,0,7767,32333,1367,0.14470020000044315,0,0.0,0.12564267499874404,True,6025,0,5,5,A,6433,0.55,True,7.510038893999081
0,40.89984502667116,651,0,,0.47565743976100916,2.669837513998573,dstar_lite,False,0,0,5635,23025,20654,0.1921945539997978,0,0.0,1.6374279009996826,True,147129,0,3,3,A,6434,0.3125,True,5.340220198999305
0,39.98893690902622,611,0,,0.475657439761009,5.197566357001051,dstar_lite,False,0,0,5722,23981,1137,0.13614539899936062,0,0.0,0.09631605299910007,True,3408,0,4,4,A,6435,0.5,True,7.185429483999542
0,37.77214237978776,568,0,,0.465026880943456,2.887486080999224,dstar_lite,False,0,0,1749,7394,469,0.0399043530014751,0,0.0,0.0387010399990686,True,2788,0,3,3,A,6436,0.4375,True,4.683528793999358
0,39.35715661586206,605,0,,0.465026880943456,3.3061189769996417,dstar_lite,False,0,0,1033,4341,362,0.04156539200084808,0,0.0,0.041277385000284994,True,1871,0,6,6,A,6437,0.45,True,5.675283722997847
0,36.610041213238496,538,0,,0.465026880943456,1.864325292999638,dstar_lite,False,0,0,10322,43115,597,0.21291625800040492,0,0.0,0.11914908299877425,True,2614,0,4,4,A,6438,0.4375,True,2.8787184649991104
0,37.57139927585242,556,0,,0.4596194077712549,1.1564773410009366,dstar_lite,False,0,0,5012,21140,269,0.11862616399957915,0,0.0,0.057452215000012075,True,943,0,6,6,A,6439,0.45,True,2.36895176500002
0,38.58801729734091,580,0,,0.475657439761009,4.107617199999368,dstar_lite,False,0,0,10119,41529,2176,0.18910654100000102,0,0.0,0.13704212400079996,True,4875,0,4,4,A,6440,0.45,True,6.571317128998999
0,38.97882324108617,575,0,,0.465026880943456,2.9978879949994734,dstar_lite,False,0,0,1332,5584,431,0.03521845700015547,0,0.0,0.026818418999027926,True,1791,0,3,3,A,6441,0.4125,True,3.9986646110010042
0,40.02549701530931,618,0,,0.475657439761009,2.0953117459994246,dstar_lite,False,0,0,5051,20853,636,0.14666797499921813,0,0.0,0.06317954199948872,True,1381,0,7,7,A,6442,0.4125,True,4.704145368999889
0,38.80730666857959,570,0,,0.465026880943456,0.7787091589998454,dstar_lite,False,0,0,562,2424,182,0.03513614500116091,0,0.0,0.01874400599990622,True,1098,0,6,6,A,6443,0.4,True,2.020033176997458
0,44.19625994411267,703,0,,0.475657439761009,7.085028837000209,dstar_lite,False,0,0,6888,28170,6612,0.15574332300093374,0,0.0,0.32933150099961495,True,22683,0,8,8,A,6444,0.5,True,12.392730003000906
0,38.81870749615609,589,0,,0.465026880943456,2.5847358479986724,dstar_lite,False,0,0,7421,30837,3253,0.13766942199981713,0,0.0,0.21940010499929485,True,14901,0,5,5,A,6445,0.5125,True,5.7603448149984615
0,39.08259982792204,580,0,,0.475657439761009,3.286662057000285,dstar_lite,False,0,0,13954,57019,746,0.2406472639995627,0,0.0,0.15564390100007586,True,4241,0,5,5,A,6446,0.3125,True,4.661358195000503
0,39.420269607804805,611,0,,0.465026880943456,2.5797731560014654,dstar_lite,False,0,0,2148,8845,3168,0.05722056299964606,0,0.0,0.16670585199972265,True,13617,0,7,7,A,6447,0.45,True,5.743630342001779
0,40.23418599232923,632,0,,0.475657439761009,2.9379166569997324,dstar_lite,False,0,0,2151,9092,2090,0.051736565999817685,0,0.0,0.13073432900091575,True,8603,0,5,5,A,6448,0.4875,True,7.188298796001618
0,39.67677215683809,611,0,,0.465026880943456,2.9122077909996733,dstar_lite,False,0,0,6120,25408,1246,0.11697906500012323,0,0.0,0.11578205299883848,True,5205,0,6,6,A,6449,0.475,True,5.2804672379988915
0,36.455101564661454,525,0,,0.465026880943456,0.6794984039988776,dstar_lite,False,0,0,20837,86784,1643,0.40483569000025454,0,0.0,0.27278054500129656,True,11398,0,2,2,A,6450,0.4,True,1.246245040998474
0,37.41772460328372,558,0,,0.465026880943456,1.163853239000673,dstar_lite,False,0,0,589,2579,124,0.01912561299832305,0,0.0,0.02404733799994574,True,749,0,5,5,A,6451,0.4125,True,2.9364725850027753
0,41.10172285842329,642,0,,0.475657439761009,3.0415489229999366,dstar_lite,False,0,0,14745,60509,33009,0.29427579999901354,0,0.0,2.743301374001021,True,239614,0,3,3,A,6452,0.4875,True,5.666995424999186
0,38.55496969287949,575,0,,0.465026880943456,0.8753471899999568,dstar_lite,False,0,0,12314,51355,3770,0.24600881399965147,0,0.0,0.3492846289991576,True,22820,0,4,4,A,6453,0.45,True,2.492181609999534
0,37.336169015985526,562,0,,0.465026880943456,1.6848445750001702,dstar_lite,False,0,0,843,3659,774,0.04084344299917575,0,0.0,0.0652575820004131,True,4215,0,5,5,A,6454,0.4375,True,4.299421257999711
0,38.153245803101676,586,0,,0.465026880943456,2.7173204499995336,dstar_lite,False,0,0,3541,14894,1957,0.08578636899983394,0,0.0,0.14066569799979334,True,9957,0,6,6,A,6455,0.45,True,5.273644754999623
0,36.862442623637826,553,0,,0.465026880943456,1.8032668089999788,dstar_lite,False,0,0,7602,31670,2263,0.16239495199988596,0,0.0,0.19172718299887492,True,10380,0,6,6,A,6456,0.4375,True,3.721119017000092
0,36.758439596795505,551,0,,0.465026880943456,0.9643944230010675,dstar_lite,False,0,0,1085,4575,914,0.04177089299992076,0,0.0,0.05974798399984138,True,3338,0,7,7,A,6457,0.4875,True,2.708811915003025
0,38.520747090755044,581,0,,0.465026880943456,3.6341831739991903,dstar_lite,False,0,0,860,3615,862,0.02847820699935255,0,0.0,0.05343095100033679,True,3692,0,4,4,A,6458,0.375,True,5.032548372000747
0,37.20259411921709,560,0,,0.465026880943456,2.4962237090003327,dstar_lite,False,0,0,1603,6710,720,0.054929243999140454,0,0.0,0.04549480700006825,True,2269,0,4,4,A,6459,0.3,True,4.038430392001828
0,39.31113864062641,606,0,,0.475657439761009,3.0563461570000072,dstar_lite,False,0,0,6349,25921,3609,0.12457635600003414,0,0.0,0.23351709899907291,True,17049,0,5,5,A,6460,0.45,True,5.187952119998954
0,43.113262815557064,681,0,,0.47565743976100916,9.677230462000807,dstar_lite,False,0,0,3111,12865,4718,0.09205559700058075,0,0.0,0.31703378000020166,True,23711,0,6,6,A,6461,0.4875,True,11.422961188001864
0,38.41605710464666,591,0,,0.465026880943456,1.8773856259995227,dstar_lite,False,0,0,629,2653,441,0.029784002001179033,0,0.0,0.04119343599995773,True,2008,0,7,7,A,6462,0.4625,True,4.846381028999531
0,37.566914152394766,561,0,,0.465026880943456,1.6612088829988352,dstar_lite,False,0,0,354,1522,132,0.026337553001212655,0,0.0,0.0131920160001755,True,178,0,5,5,A,6463,0.4,True,3.1461071299981995
0,39.48013826839744,629,0,,0.475657439761009,2.314137667999603,dstar_lite,False,0,0,2860,11811,4654,0.06043393700019806,0,0.0,0.21284778600056597,True,13755,0,7,7,A,6464,0.55,True,6.488626722000845
0,39.76428203904218,615,0,,0.465026880943456,2.124586136000289,dstar_lite,False,0,0,4329,18049,2995,0.09856779800065851,0,0.0,0.16491317500003788,True,11142,0,6,6,A,6465,0.4625,True,4.637866933000623
0,41.583081286351145,633,0,,0.475657439761009,2.275178887999573,dstar_lite,False,0,0,7573,31145,24165,0.16030041399972106,0,0.0,1.9557306959995913,True,171369,0,5,5,A,6466,0.325,True,6.517202877999807
0,39.371171149024235,608,0,,0.475657439761009,1.6171553029998904,dstar_lite,False,0,0,7651,31508,17897,0.17118907399890304,0,0.0,1.3071201529983227,True,115189,0,4,4,A,6467,0.45,True,4.876946455000507
0,39.93427465286731,611,0,,0.465026880943456,9.422886767999444,dstar_lite,False,0,0,1391,5858,1004,0.03575614399960614,0,0.0,0.05495058800079278,True,2899,0,6,6,A,6468,0.4625,True,10.430557712001246
0,38.60320522012821,587,0,,0.465026880943456,4.879140925000684,dstar_lite,False,0,0,4626,19346,2243,0.09254876299928583,0,0.0,0.11931178699887823,True,6899,0,4,4,A,6469,0.45,True,6.680060730999685
0,39.17839270958431,601,0,,0.465026880943456,3.4965555050002877,dstar_lite,False,0,0,8407,34451,2394,0.188796247000937,0,0.0,0.1364883149999514,True,7594,0,4,4,A,6470,0.55,True,6.884787106002477
0,38.22575731411137,593,0,,0.465026880943456,0.7673043019985926,dstar_lite,False,0,0,1930,8136,539,0.06729931800146005,0,0.0,0.03459872900020855,True,720,0,8,8,A,6471,0.5125,True,3.571205389998795
0,39.37946017896994,594,0,,0.465026880943456,4.488243748999594,dstar_lite,False,0,0,9636,40658,713,0.2093993500002398,0,0.0,0.12502936400051112,True,2850,0,4,4,A,6472,0.4625,True,7.177118509000138
0,41.41530775606405,653,0,,0.475657439761009,3.0626020309991873,dstar_lite,False,0,0,7537,31013,22504,0.16904262199932418,0,0.0,1.856327035000504,True,163720,0,5,5,A,6473,0.425,True,6.415672883998923
0,37.022280193707395,551,0,,0.465026880943456,2.4064276500012056,dstar_lite,False,0,0,1021,4376,919,0.04418633200111799,0,0.0,0.08969601999888255,True,5869,0,5,5,A,6474,0.4375,True,3.5201196070029255
0,40.14558724902459,615,0,,0.475657439761009,2.077917704998981,dstar_lite,False,0,0,4440,18313,97,0.09500562100038223,0,0.0,0.04848434799896495,True,656,0,7,7,A,6475,0.4,True,4.364483909997944
0,39.681178292513984,617,0,,0.465026880943456,1.9957600620000449,dstar_lite,False,0,0,4450,18416,3431,0.10138281699983054,0,0.0,0.2206014570001571,True,15429,0,6,6,A,6476,0.4375,True,4.666133541999443
0,42.01926325762761,638,0,,0.465026880943456,2.9632664089986065,dstar_lite,False,0,0,2334,9861,725,0.06489044899899454,0,0.0,0.08575576199837087,True,4398,0,6,6,A,6477,0.5375,True,5.596813637997911
0,36.49280216065535,526,0,,0.4962358310319797,0.4710885970016534,dstar_lite,False,0,0,3887,16516,191,0.09371721499883279,0,0.0,0.04899613699853944,True,1132,0,4,4,A,6478,0.4625,True,1.4214901060004195
0,38.33473975422248,597,0,,0.475657439761009,1.9620057979991543,dstar_lite,False,0,0,5312,21905,15394,0.1059111969989317,0,0.0,1.2121112509994418,True,107988,0,5,5,A,6479,0.5375,True,4.255042300997957
0,39.217533248941024,596,0,,0.475657439761009,2.4190502210003615,dstar_lite,False,0,0,6285,25891,8779,0.12489554300009331,0,0.0,0.6518357069999183,True,55016,0,4,4,A,6480,0.45,True,4.26412359599999
0,38.27474939975636,573,0,,0.475657439761009,1.8005732520014135,dstar_lite,False,0,0,3647,15242,1345,0.10076437499992608,0,0.0,0.10587379100070393,True,5695,0,5,5,A,6481,0.375,True,4.245702120002534
0,36.80495053097187,542,0,,0.465026880943456,0.8680844609989435,dstar_lite,False,0,0,7317,30110,8826,0.1306763590000628,0,0.0,0.7335906190000969,True,63196,0,4,4,A,6482,0.3875,True,1.8755754349967901
0,36.03959446956778,533,0,,0.465026880943456,0.7694090260010853,dstar_lite,False,0,0,9724,40449,2586,0.21315383200089855,0,0.0,0.26800491500034695,True,18251,0,5,5,A,6483,0.5625,True,2.16391990000011
0,40.452310080658634,618,0,,0.475657439761009,4.0406759649995365,dstar_lite,False,0,0,3190,13484,934,0.09976830499908829,0,0.0,0.07658111299861048,True,2441,0,5,5,A,6484,0.4875,True,7.241065792999507
0,38.60096014053392,578,0,,0.465026880943456,1.9831803309989482,dstar_lite,False,0,0,2017,8476,214,0.05586799000047904,0,0.0,0.031353215001217905,True,1209,0,5,5,A,6485,0.5375,True,4.488662543995815
0,42.2368678328332,687,0,,0.47565743976100916,2.580964454000423,dstar_lite,False,0,0,2108,8920,2570,0.052572906999557745,0,0.0,0.17802072600170504,True,13953,0,5,5,A,6486,0.4375,True,6.274236322000434
0,39.597268794489544,603,0,,0.465026880943456,3.870999781998762,dstar_lite,False,0,0,17203,71151,1587,0.3626450450010452,0,0.0,0.18392797199885536,True,3813,0,4,4,A,6487,0.4875,True,6.081731532998674
0,38.277013482093324,593,0,,0.475657439761009,3.053138707000471,dstar_lite,False,0,0,623,2644,474,0.030500675999064697,0,0.0,0.05308699700071884,True,3585,0,6,6,A,6488,0.55,True,5.051936869000201
0,36.065731431769144,532,0,,0.465026880943456,0.9238198160001048,dstar_lite,False,0,0,3683,15444,422,0.08618873399973381,0,0.0,0.06044483199912065,True,2484,0,5,5,A,6489,0.4625,True,2.0558201449985063
0,38.130486800326786,572,0,,0.465026880943456,1.2789050549999956,dstar_lite,False,0,0,2975,12519,426,0.07799898700068297,0,0.0,0.053320293000069796,True,1943,0,6,6,A,6490,0.3875,True,3.1987645809986134
0,37.32040032750211,557,0,,0.465026880943456,0.8599726070006,dstar_lite,False,0,0,6508,27095,2553,0.13818543499837688,0,0.0,0.23230746099943644,True,15916,0,6,6,A,6491,0.4875,True,2.4840635449982074
0,38.3842521467358,571,0,,0.465026880943456,1.041450585000348,dstar_lite,False,0,0,5476,22790,3157,0.10369709999940824,0,0.0,0.25872454899945296,True,18457,0,6,6,A,6492,0.4125,True,3.2997466300021188
0,36.44952651857222,539,0,,0.465026880943456,1.9320584819997748,dstar_lite,False,0,0,3365,14075,351,0.08094123699993361,0,0.0,0.05667248299869243,True,1637,0,5,5,A,6493,0.4125,True,3.0745855920013128
0,38.76228477937167,579,0,,0.4596194077712549,1.9983647539993399,dstar_lite,False,0,0,3392,14162,19,0.07691887300097733,0,0.0,0.029415974000585265,True,19,0,7,7,A,6494,0.475,True,3.6043613919991913
0,40.988900820803494,646,0,,0.475657439761009,1.4615876469997602,dstar_lite,False,0,0,13250,54121,11297,0.23612340100044094,0,0.0,0.546653002000312,True,40970,0,6,6,A,6495,0.5,True,5.333812943999874
0,37.30776141242091,562,0,,0.465026880943456,2.3086758900008135,dstar_lite,False,0,0,7979,33303,461,0.18590245499945013,0,0.0,0.07645093600149266,True,1958,0,5,5,A,6496,0.475,True,3.74274798100123
0,36.614481922809155,552,0,,0.465026880943456,2.0617438049994234,dstar_lite,False,0,0,2353,10050,1121,0.08699344399974507,0,0.0,0.0954867540003761,True,5677,0,6,6,A,6497,0.4875,True,3.7936973810010386
0,37.30300128642991,546,0,,0.465026880943456,2.229876392000733,dstar_lite,False,0,0,10479,43429,2266,0.25291192999975465,0,0.0,0.2588321110015386,True,15743,0,3,3,A,6498,0.375,True,2.9847337619994505
0,40.39220345174309,629,0,,0.465026880943456,2.020384720999573,dstar_lite,False,0,0,1882,7951,1433,0.05674351299967384,0,0.0,0.11973602400030359,True,8440,0,6,6,A,6499,0.4,True,4.812335621001694
0,36.23415220978377,529,0,,0.465026880943456,1.4989610689990513,dstar_lite,False,0,0,6250,26186,282,0.13651359000141383,0,0.0,0.05456644200057781,True,1440,0,3,3,A,6500,0.4,True,2.425476764998166
0,37.83444110833609,558,0,,0.465026880943456,0.9883968060003099,dstar_lite,False,0,0,15229,62676,7507,0.33190770800138125,0,0.0,0.6535354290008399,True,49248,0,4,4,A,6501,0.3875,True,2.2530839100018056
0,37.54464351986747,559,0,,0.465026880943456,1.022522655001012,dstar_lite,False,0,0,3714,15557,274,0.07437704499898246,0,0.0,0.04733210300037172,True,1583,0,5,5,A,6502,0.4375,True,2.6739491040043504
0,37.77675015133946,575,0,,0.465026880943456,1.4598833799991553,dstar_lite,False,0,0,4760,19767,3144,0.11250439700052084,0,0.0,0.2322925540011056,True,17035,0,5,5,A,6503,0.45,True,2.890108206998775
0,39.21529838580928,597,0,,0.475657439761009,1.8790145089988073,dstar_lite,False,0,0,7052,29454,346,0.12458547000096587,0,0.0,0.07105835999936971,True,1521,0,5,5,A,6504,0.3625,True,4.582414517997677
0,40.092558615731825,617,0,,0.465026880943456,1.54862708499968,dstar_lite,False,0,0,1653,7054,1169,0.061681081000642735,0,0.0,0.09130976000051305,True,5886,0,7,7,A,6505,0.5375,True,4.3675190239991935
0,36.94868465683677,539,0,,0.465026880943456,1.847471263999978,dstar_lite,False,0,0,4188,17406,366,0.10802734200115083,0,0.0,0.03806173000157287,True,933,0,4,4,A,6506,0.4125,True,2.562360287998672
0,38.127286575283,573,0,,0.465026880943456,3.3418965689998004,dstar_lite,False,0,0,5038,20622,75,0.12416310799926578,0,0.0,0.06238411400045152,True,496,0,4,4,A,6507,0.4125,True,5.512020074998873
0,38.86433586748149,610,0,,0.465026880943456,3.051114838999638,dstar_lite,False,0,0,3892,16344,51,0.10022850300083519,0,0.0,0.05599628600066353,True,319,0,7,7,A,6508,0.475,True,6.013016561999393
0,37.61210382350084,554,0,,0.465026880943456,1.2073905630004447,dstar_lite,False,0,0,10883,45165,10951,0.212137337999593,0,0.0,0.9921188240004994,True,85092,0,4,4,A,6509,0.4,True,1.6704036479986826
0,39.98242394868383,612,0,,0.4596194077712549,3.078661879999345,dstar_lite,False,0,0,2066,8759,339,0.06281007199868327,0,0.0,0.043395706999945105,True,1161,0,6,6,A,6510,0.5375,True,4.324106616002609
0,38.87332087521605,603,0,,0.475657439761009,3.1536582009994163,dstar_lite,False,0,0,7366,30466,15536,0.15063485999962722,0,0.0,1.261818666000181,True,108010,0,4,4,A,6511,0.5125,True,5.855845071999283
0,40.50125291372494,635,0,,0.475657439761009,2.044838009000159,dstar_lite,False,0,0,2242,9193,5405,0.07434418199954962,0,0.0,0.37221646399848396,True,32077,0,6,6,A,6512,0.425,True,3.9426179750007577
0,39.01860120573618,580,0,,0.465026880943456,2.63764101400011,dstar_lite,False,0,0,852,3681,71,0.029729091000262997,0,0.0,0.025905737000357476,True,463,0,6,6,A,6513,0.3625,True,4.925319575000685
0,38.12644264852009,594,0,,0.4962358310319797,1.315785347000201,dstar_lite,False,0,0,6328,26584,1100,0.13745988400114584,0,0.0,0.12030146100005368,True,6223,0,7,7,A,6514,0.525,True,4.545716156999333
0,39.25918259889559,602,0,,0.475657439761009,2.1119241880005575,dstar_lite,False,0,0,2630,10840,1368,0.09821081200061599,0,0.0,0.11293066200050816,True,6853,0,5,5,A,6515,0.45,True,5.062906980001571
0,39.31780336697514,591,0,,0.475657439761009,2.373878488000628,dstar_lite,False,0,0,4210,17557,225,0.09261148500081617,0,0.0,0.04742717699991772,True,1219,0,4,4,A,6516,0.3625,True,4.03473171600308
0,41.429215859996106,654,0,,0.475657439761009,1.4306842920013878,dstar_lite,False,0,0,568,2422,767,0.03421973600052297,0,0.0,0.043403523000961286,True,2298,0,8,8,A,6517,0.475,True,6.1937963440050225
0,37.632978023535394,562,0,,0.465026880943456,3.6277075679990958,dstar_lite,False,0,0,4190,17522,10007,0.08503906700025254,0,0.0,0.9012397120004607,True,76082,0,3,3,A,6518,0.35,True,4.75382055099908
0,40.354182829676866,598,0,,0.465026880943456,5.612119700999756,dstar_lite,False,0,0,650,2806,790,0.03049778199965658,0,0.0,0.06497793800008367,True,4083,0,5,5,A,6519,0.5375,True,7.434979584000757
0,38.53584342391058,597,0,,0.475657439761009,2.6393286750007974,dstar_lite,False,0,0,4700,19446,104,0.1142100950000895,0,0.0,0.04205398700105434,True,692,0,5,5,A,6520,0.5125,True,4.996623591003299
0,41.21949106279212,650,0,,0.465026880943456,3.051112978000674,dstar_lite,False,0,0,1425,6099,900,0.05187754100006714,0,0.0,0.08232456100085983,True,5121,0,8,8,A,6521,0.475,True,8.213996123999095
0,38.810760666164434,600,0,,0.465026880943456,4.7167314189991885,dstar_lite,False,0,0,1169,4838,109,0.06421983600012027,0,0.0,0.018516770998758147,True,140,0,7,7,A,6522,0.4875,True,6.5553673559988965
0,40.256916649490506,607,0,,0.475657439761009,4.50512198099932,dstar_lite,False,0,0,9828,40770,49541,0.18936911600030726,0,0.0,4.310732953999832,True,386516,0,3,3,A,6523,0.475,True,5.822794679999788
0,39.46013357749136,617,0,,0.475657439761009,3.7326123399998323,dstar_lite,False,0,0,1180,5007,1642,0.041040324000277906,0,0.0,0.07525593200080039,True,5083,0,6,6,A,6524,0.4,True,6.939344276999691
0,41.24992135442584,671,0,,0.475657439761009,2.3713809519995266,dstar_lite,False,0,0,1402,5879,599,0.04447404500024277,0,0.0,0.044888263999382616,True,2051,0,6,6,A,6525,0.5125,True,7.055979581000429
0,37.98033560807685,558,0,,0.465026880943456,0.9908742499992513,dstar_lite,False,0,0,413,1763,82,0.023431216999597382,0,0.0,0.014540181999109336,True,85,0,5,5,A,6526,0.5125,True,2.243751775999044
0,41.265856255192546,624,0,,0.475657439761009,6.4691992469997786,dstar_lite,False,0,0,12861,52993,896,0.23835866700028419,0,0.0,0.15260650100026396,True,3919,0,5,5,A,6527,0.45,True,8.630957659997875
0,38.804412972797614,584,0,,0.465026880943456,0.8940367590003007,dstar_lite,False,0,0,2821,11880,5664,0.07644242999958806,0,0.0,0.4180764540014934,True,35609,0,6,6,A,6528,0.4625,True,2.84958139200171
0,38.986638457450375,580,0,,0.465026880943456,1.6048749030014733,dstar_lite,False,0,0,1317,5657,342,0.04728035900006944,0,0.0,0.04384149300130957,True,1899,0,5,5,A,6529,0.3875,True,4.537434838999616
0,36.26070882530676,532,0,,0.465026880943456,0.7447205540011055,dstar_lite,False,0,0,1871,7897,914,0.05711639600121998,0,0.0,0.07966198800022539,True,4863,0,5,5,A,6530,0.45,True,2.0159256610022567
0,39.18666138932196,577,0,,0.465026880943456,1.2600846490004187,dstar_lite,False,0,0,4847,20548,46,0.11011849199894641,0,0.0,0.049584636000872706,True,305,0,5,5,A,6531,0.4125,True,2.6138378439991357
0,36.30030988174989,542,0,,0.465026880943456,1.976820284000496,dstar_lite,False,0,0,5575,23079,875,0.1295075119996909,0,0.0,0.0886399060000258,True,4127,0,5,5,A,6532,0.425,True,3.2433533070015983
0,36.02498848986594,533,0,,0.465026880943456,2.062987086999783,dstar_lite,False,0,0,9684,40175,547,0.20086525900114793,0,0.0,0.10514329299985548,True,1652,0,3,3,A,6533,0.475,True,2.587071632000516
0,40.936166061598456,649,0,,0.475657439761009,2.0831627389998175,dstar_lite,False,0,0,4918,20130,24798,0.09278176100087876,0,0.0,1.9859936110005947,True,177362,0,5,5,A,6534,0.4,True,6.179355217998818
0,40.94753707038146,635,0,,0.475657439761009,3.3338344910007436,dstar_lite,False,0,0,12867,52818,26783,0.27023736400042253,0,0.0,2.167825233000258,True,187745,0,4,4,A,6535,0.475,True,6.654713442001594
0,41.139227933195656,643,0,,0.475657439761009,1.904571756000223,dstar_lite,False,0,0,6559,27608,1030,0.1525020509998285,0,0.0,0.08102788499854796,True,2359,0,5,5,A,6536,0.4875,True,5.349774741000147
0,38.42553322419875,569,0,,0.465026880943456,1.4028199940003105,dstar_lite,False,0,0,1483,6385,247,0.03807986700121546,0,0.0,0.016317614001309266,True,372,0,5,5,A,6537,0.4,True,2.5069966050014045
0,39.93529311044994,619,0,,0.465026880943456,2.69199445599952,dstar_lite,False,0,0,4190,17257,639,0.08474310499877902,0,0.0,0.058042886999828625,True,1951,0,7,7,A,6538,0.4375,True,6.256509537000966
0,37.30849434011076,555,0,,0.465026880943456,1.9736165800004528,dstar_lite,False,0,0,2025,8584,269,0.049444292000771384,0,0.0,0.02851189700049872,True,741,0,6,6,A,6539,0.35,True,3.1241546450000897
0,40.1008551732299,624,0,,0.475657439761009,3.6284347060009168,dstar_lite,False,0,0,8048,33001,15573,0.16142666199993982,0,0.0,1.1838139060000685,True,99174,0,4,4,A,6540,0.4375,True,6.078613423000206
0,36.87986472914786,558,0,,0.465026880943456,2.6422644809990743,dstar_lite,False,0,0,1395,5998,1449,0.048820645999512635,0,0.0,0.11834129900125845,True,8299,0,7,7,A,6541,0.4875,True,4.195342592998713
0,35.452917695546326,518,0,,0.465026880943456,0.5814198049993138,dstar_lite,False,0,0,2046,8717,55,0.04714593899916508,0,0.0,0.016367305001040222,True,58,0,4,4,A,6542,0.4,True,1.3887920709985337
0,39.39815824798636,599,0,,0.4596194077712549,3.5194163369997113,dstar_lite,False,0,0,485,2105,70,0.024629662999359425,0,0.0,0.020119677999900887,True,91,0,6,6,A,6543,0.4375,True,5.130118672999743
0,40.13499312065449,616,0,,0.465026880943456,3.757362791999185,dstar_lite,False,0,0,1778,7647,633,0.05073496799923305,0,0.0,0.051558815999669605,True,2032,0,6,6,A,6544,0.5,True,5.774011474999497
0,38.871935903733025,592,0,,0.465026880943456,4.260554128999502,dstar_lite,False,0,0,3832,15995,5093,0.08674659000098472,0,0.0,0.3969827000000805,True,32432,0,5,5,A,6545,0.3875,True,5.704825600001641
0,40.63569597791546,652,0,,0.475657439761009,2.34069054199972,dstar_lite,False,0,0,1169,4941,4855,0.056768383999951766,0,0.0,0.389397850000023,True,33468,0,7,7,A,6546,0.4875,True,5.129119145998629
0,37.56179579629991,567,0,,0.465026880943456,1.7993380560001242,dstar_lite,False,0,0,5824,24257,1942,0.15174099200157798,0,0.0,0.17505654500018863,True,9696,0,6,6,A,6547,0.525,True,3.0204820449998806
0,38.50963986514639,579,0,,0.465026880943456,1.0929528130000108,dstar_lite,False,0,0,5924,24797,2847,0.13217887500104553,0,0.0,0.22652820899929793,True,15338,0,6,6,A,6548,0.4125,True,2.9042840270012675
0,38.406731461780076,586,0,,0.465026880943456,3.270721049999338,dstar_lite,False,0,0,2024,8429,1777,0.04413294199912343,0,0.0,0.083451665001121,True,6030,0,4,4,A,6549,0.375,True,4.969563996000943
0,42.711747648391366,671,0,,0.475657439761009,7.633484509000482,dstar_lite,False,0,0,10512,43303,1532,0.19296165500054485,0,0.0,0.15124770399961562,True,5805,0,5,5,A,6550,0.4375,True,11.242275500002506
0,38.19085507521714,599,0,,0.465026880943456,1.323105494999254,dstar_lite,False,0,0,553,2341,1730,0.024160794000636088,0,0.0,0.1351118000002316,True,10793,0,7,7,A,6551,0.4625,True,3.5530886349952198
0,37.92066486060988,574,0,,0.465026880943456,1.6584462629998598,dstar_lite,False,0,0,3617,15214,994,0.06969850700079405,0,0.0,0.07066959499934455,True,3415,0,5,5,A,6552,0.475,True,3.7369877029977943
0,39.23532108821169,620,0,,0.475657439761009,1.375989735000985,dstar_lite,False,0,0,612,2476,1370,0.06459734000054596,0,0.0,0.09529499800009944,True,7355,0,7,7,A,6553,0.4625,True,4.496638209002413
0,37.87312039271402,562,0,,0.465026880943456,1.9816455569998652,dstar_lite,False,0,0,8579,35655,965,0.1809243690004223,0,0.0,0.14049584600070375,True,5750,0,4,4,A,6554,0.275,True,2.7765082730020367
0,39.81202333530188,608,0,,0.465026880943456,3.3542400659989653,dstar_lite,False,0,0,4214,17418,1203,0.09918684700096492,0,0.0,0.09582248399965465,True,4587,0,4,4,A,6555,0.475,True,6.035145984997143
0,39.22718265277657,604,0,,0.465026880943456,4.466073646999575,dstar_lite,False,0,0,1824,7831,2526,0.06271294799989846,0,0.0,0.1843417469990527,True,12737,0,7,7,A,6556,0.5125,True,5.799719375001587
0,38.92940279186022,584,0,,0.465026880943456,2.009877675000098,dstar_lite,False,0,0,818,3582,2021,0.03989250999984506,0,0.0,0.18751857200004451,True,15145,0,7,7,A,6557,0.375,True,3.5824460790026933
0,40.036438548793264,603,0,,0.465026880943456,4.7820799549990625,dstar_lite,False,0,0,518,2245,283,0.0228993310010992,0,0.0,0.031456102999072755,True,1498,0,6,6,A,6558,0.4125,True,7.157759081997938
0,38.165293615852995,568,0,,0.465026880943456,2.4548586410001008,dstar_lite,False,0,0,3929,16561,507,0.09403452400147216,0,0.0,0.06350522299908334,True,2470,0,4,4,A,6559,0.4,True,3.0186432369991962
0,42.173811095623165,680,0,,0.475657439761009,2.693056271999012,dstar_lite,False,0,0,3931,16207,7796,0.13564708400008385,0,0.0,0.5795576250002341,True,47978,0,6,6,A,6560,0.475,True,5.868267387999367
0,38.68410297895358,577,0,,0.465026880943456,1.6836926500000118,dstar_lite,False,0,0,331,1383,458,0.026892525998846395,0,0.0,0.0355047539997031,True,1520,0,4,4,A,6561,0.4375,True,3.5500383530015824
0,40.37624283641888,627,0,,0.475657439761009,3.143737477999821,dstar_lite,False,0,0,5160,21335,4911,0.10790743100005784,0,0.0,0.33460784900125873,True,26773,0,6,6,A,6562,0.4,True,4.941641488998357
0,37.98124708626299,589,0,,0.465026880943456,2.0361591519995272,dstar_lite,False,0,0,3921,16290,3956,0.09452806700028304,0,0.0,0.2850510080006643,True,22206,0,8,8,A,6563,0.575,True,4.640365157001725
0,36.287014097809156,531,0,,0.465026880943456,0.7610510579997936,dstar_lite,False,0,0,773,3288,274,0.04228593799962255,0,0.0,0.02922255799967388,True,1552,0,4,4,A,6564,0.45,True,1.8533837939994555
0,37.23445906949477,553,0,,0.465026880943456,1.6370417760008422,dstar_lite,False,0,0,10700,43965,3697,0.19398235100015881,0,0.0,0.35578699100005906,True,25963,0,4,4,A,6565,0.3375,True,3.071174828999574
0,36.43647855854561,541,0,,0.465026880943456,1.7185812210009317,dstar_lite,False,0,0,1082,4619,1430,0.04506244799995329,0,0.0,0.10822504300085711,True,7161,0,4,4,A,6566,0.45,True,3.0591868669998803
0,37.133790535172245,564,0,,0.465026880943456,1.6431498969996028,dstar_lite,False,0,0,3747,15729,1111,0.07433023900011904,0,0.0,0.09855756099932478,True,6316,0,6,6,A,6567,0.475,True,3.634464584001762
0,39.383683763166125,599,0,,0.465026880943456,3.777071379001427,dstar_lite,False,0,0,917,3920,59,0.031956158998582396,0,0.0,0.021822534001330496,True,67,0,8,8,A,6568,0.4875,True,6.980394657000943
0,38.73886462769975,577,0,,0.465026880943456,2.5573966070005554,dstar_lite,False,0,0,2520,10920,280,0.05621354100003373,0,0.0,0.04095314799997141,True,1503,0,4,4,A,6569,0.3875,True,4.031626140000299
0,39.69001280846177,605,0,,0.475657439761009,2.2457140860005893,dstar_lite,False,0,0,962,4073,1398,0.034501658999943174,0,0.0,0.11158924699884665,True,9045,0,6,6,A,6570,0.3375,True,4.199929350997991
0,38.446717005859064,587,0,,0.465026880943456,3.4147550409998075,dstar_lite,False,0,0,6129,25254,1804,0.12680608200025745,0,0.0,0.13245674000063445,True,6482,0,5,5,A,6571,0.475,True,4.899604459000329
0,39.28718253671184,595,0,,0.475657439761009,2.647517228999277,dstar_lite,False,0,0,3144,13046,5960,0.06321630000093137,0,0.0,0.3655230299991672,True,30992,0,7,7,A,6572,0.375,True,3.6351307750010164
0,41.877659296406065,658,0,,0.475657439761009,2.1132791660002113,dstar_lite,False,0,0,4508,18647,4145,0.09044465600163676,0,0.0,0.18707925799935765,True,13658,0,7,7,A,6573,0.475,True,7.018599356000777
0,43.252990364760365,680,0,,0.475657439761009,2.6826253359995462,dstar_lite,False,0,0,2806,11487,2,0.05374301699885109,0,0.0,0.021878629000639194,True,2,0,7,7,A,6574,0.425,True,5.74866590399688
0,38.68206396137524,580,0,,0.465026880943456,1.6797726470013004,dstar_lite,False,0,0,3009,12633,274,0.08743476299969188,0,0.0,0.055576546999873244,True,1529,0,5,5,A,6575,0.4625,True,3.7141993770001136
0,39.01700948673937,599,0,,0.465026880943456,2.1837068360000558,dstar_lite,False,0,0,211,922,364,0.010374616000262904,0,0.0,0.028408718999344273,True,1904,0,8,8,A,6576,0.425,True,3.6565976750007394
0,38.6663467582794,606,0,,0.475657439761009,1.77116230700085,dstar_lite,False,0,0,1755,7240,3503,0.04664970299927518,0,0.0,0.20240452899997763,True,16314,0,7,7,A,6577,0.425,True,3.756281199001023
0,38.76007987204385,586,0,,0.465026880943456,1.0975138890007656,dstar_lite,False,0,0,6059,25252,7486,0.1250406449998991,0,0.0,0.576283586999125,True,48483,0,4,4,A,6578,0.4625,True,3.5784659649998503
0,37.57807932582255,549,0,,0.4596194077712549,1.0491998710003827,dstar_lite,False,0,0,5534,23041,1452,0.10425603399926331,0,0.0,0.09955737500058603,True,6732,0,3,3,A,6579,0.4,True,2.129777782000019
0,37.93109077191057,579,0,,0.465026880943456,1.1271167659997445,dstar_lite,False,0,0,925,3916,20,0.044206370001120376,0,0.0,0.025278578001234564,True,20,0,6,6,A,6580,0.45,True,3.3955477279996558
0,38.26461485224846,576,0,,0.465026880943456,1.1732572099990648,dstar_lite,False,0,0,1811,7733,548,0.05843542100046761,0,0.0,0.04319474600015383,True,2129,0,7,7,A,6581,0.375,True,2.697612723999555
0,37.215019793879,545,0,,0.465026880943456,1.791324658999656,dstar_lite,False,0,0,1761,7488,933,0.032614555000691325,0,0.0,0.07508768600018811,True,6067,0,3,3,A,6582,0.2875,True,2.1622920019999583
0,42.13375810149927,657,0,,0.475657439761009,2.2771345150013076,dstar_lite,False,0,0,5786,23906,7123,0.15995734100033587,0,0.0,0.3820765719992778,True,31515,0,6,6,A,6583,0.4625,True,5.964202141998612
0,39.270716096739825,590,0,,0.465026880943456,2.2563995310010796,dstar_lite,False,0,0,8200,34172,1427,0.1768848980009352,0,0.0,0.12658461399951193,True,5628,0,5,5,A,6584,0.4125,True,3.4156228890005877
0,39.02052473707128,588,0,,0.465026880943456,1.873893592000968,dstar_lite,False,0,0,1775,7474,443,0.044979835000049206,0,0.0,0.05803893399934168,True,2839,0,7,7,A,6585,0.35,True,3.420227523003632
0,40.98587695054256,644,0,,0.475657439761009,8.589194259999203,dstar_lite,False,0,0,1666,7177,247,0.04015602700019372,0,0.0,0.030571052000595955,True,1154,0,4,4,A,6586,0.4,True,12.43151086099715
0,37.92149813575471,579,0,,0.4962358310319797,2.4988691170001402,dstar_lite,False,0,0,3319,13998,269,0.09251243299877387,0,0.0,0.051639793999129324,True,1266,0,5,5,A,6587,0.4875,True,3.8186972530002095
0,36.36945549572527,547,0,,0.465026880943456,1.5431067350000376,dstar_lite,False,0,0,13320,54739,1105,0.28511518400046043,0,0.0,0.156097098999453,True,4422,0,6,6,A,6588,0.4625,True,3.321274704998359
0,43.58350650230369,652,0,,0.475657439761009,10.013938598000095,dstar_lite,False,0,0,9657,39560,1942,0.21230810700035363,0,0.0,0.14941598100085685,True,5229,0,5,5,A,6589,0.525,True,11.567494904998966
0,38.80937627142006,582,0,,0.465026880943456,3.9714046429999144,dstar_lite,False,0,0,3279,13783,192,0.0759630049997213,0,0.0,0.05212936999851081,True,1113,0,5,5,A,6590,0.45,True,6.6452791199990315
0,36.96575976612667,562,0,,0.465026880943456,0.799276474999715,dstar_lite,False,0,0,551,2382,493,0.029710307000641478,0,0.0,0.03181947699886223,True,1772,0,7,7,A,6591,0.425,True,2.935621358001299
0,39.106048868937464,607,0,,0.475657439761009,1.7447353370007477,dstar_lite,False,0,0,784,3290,742,0.048174793999351095,0,0.0,0.05811965000066266,True,3975,0,5,5,A,6592,0.3625,True,4.2498098779997235
0,36.023300132226616,526,0,,0.465026880943456,0.8896815259995492,dstar_lite,False,0,0,4726,19909,1116,0.09281082399866136,0,0.0,0.11109553899950697,True,7025,0,6,6,A,6593,0.3625,True,1.4798834470002475
0,38.48683200686289,589,0,,0.465026880943456,1.2278227560000232,dstar_lite,False,0,0,1608,6781,3137,0.04445255999962683,0,0.0,0.26548851799998374,True,23046,0,7,7,A,6594,0.4,True,3.6457651989985607
0,37.845963062379575,569,0,,0.465026880943456,1.3558681579997938,dstar_lite,False,0,0,4897,20490,3536,0.11366303799877642,0,0.0,0.29117894699993485,True,20672,0,5,5,A,6595,0.4375,True,2.718610607998926
0,39.36985007860678,590,0,,0.465026880943456,1.7224591140002303,dstar_lite,False,0,0,13796,57346,1462,0.2825797040004545,0,0.0,0.19818930400106183,True,7718,0,5,5,A,6596,0.475,True,3.524514774000636
0,39.22632014876694,588,0,,0.465026880943456,1.504566611998598,dstar_lite,False,0,0,4886,20184,1583,0.11542910900061543,0,0.0,0.09821370700046828,True,5301,0,6,6,A,6597,0.4375,True,3.3159357059976173
0,39.65813685293977,613,0,,0.465026880943456,2.489726792999136,dstar_lite,False,0,0,4394,18334,4226,0.07959317499989993,0,0.0,0.23593990699919232,True,19160,0,5,5,A,6598,0.4,True,4.835918111997671
0,36.96917337820622,568,0,,0.475657439761009,1.428172229001575,dstar_lite,False,0,0,7548,30885,8804,0.14179870299994946,0,0.0,0.6168102030005684,True,52242,0,5,5,A,6599,0.3625,True,2.7419935330017324
0,40.369048600646565,614,0,,0.475657439761009,1.0522798869988037,dstar_lite,False,0,0,6170,25662,11098,0.15266178800084163,0,0.0,0.8739750909990107,True,77252,0,4,4,A,6600,0.375,True,3.352868091000346
0,39.15012649731969,592,0,,0.475657439761009,2.755065196999567,dstar_lite,False,0,0,8995,36877,5125,0.16572358700068435,0,0.0,0.31007835600030376,True,22087,0,3,3,A,6601,0.5,True,5.264953889998651
0,41.710620896464874,640,0,,0.475657439761009,1.7460925440009305,dstar_lite,False,0,0,5867,24069,20458,0.1284053359995596,0,0.0,1.6146564870014117,True,147557,0,5,5,A,6602,0.4,True,4.015418272996612
0,40.228998179906625,635,0,,0.475657439761009,1.9332526310008689,dstar_lite,False,0,0,3608,15116,481,0.08415393499853963,0,0.0,0.06347824299882632,True,2041,0,6,6,A,6603,0.475,True,6.015494964000027
0,41.14278591516647,647,0,,0.475657439761009,2.6766429629988124,dstar_lite,False,0,0,1713,7103,4703,0.05579081900032179,0,0.0,0.3488478839990421,True,29389,0,7,7,A,6604,0.4625,True,4.608795464999275
0,38.40019949370862,557,0,,0.465026880943456,0.6279191699995863,dstar_lite,False,0,0,1584,6733,4,0.0514338390003104,0,0.0,0.01804131799872266,True,4,0,7,7,A,6605,0.3875,True,1.6429524180020962
0,40.23316890834087,635,0,,0.475657439761009,2.560592075000386,dstar_lite,False,0,0,2366,9982,2081,0.05917115200099943,0,0.0,0.1342885699996259,True,8927,0,7,7,A,6606,0.4625,True,5.772245281001233
0,37.441290910782676,553,0,,0.465026880943456,1.2265477460005059,dstar_lite,False,0,0,5320,21857,6970,0.1192765239993605,0,0.0,0.5790126639985829,True,50553,0,4,4,A,6607,0.425,True,2.43675707699731
0,40.088106312382166,616,0,,0.475657439761009,7.853326357000697,dstar_lite,False,0,0,8430,34544,1839,0.17632195499936643,0,0.0,0.15157029699912528,True,6555,0,5,5,A,6608,0.475,True,9.203399545998764
0,36.637187586540485,542,0,,0.465026880943456,1.466655277999962,dstar_lite,False,0,0,772,3257,262,0.03547224399881088,0,0.0,0.027239380000537494,True,1299,0,6,6,A,6609,0.45,True,2.7287183229982475
0,37.72367208099475,574,0,,0.465026880943456,2.2440920600001846,dstar_lite,False,0,0,7100,29108,533,0.12435021300007065,0,0.0,0.0795143340001232,True,2585,0,5,5,A,6610,0.4,True,4.616132159000699
0,37.42347225219473,557,0,,0.465026880943456,2.215938286000892,dstar_lite,False,0,0,4865,20564,464,0.10955646600086766,0,0.0,0.0852347149993875,True,2444,0,4,4,A,6611,0.475,True,3.396252562999507
0,36.833141096315366,538,0,,0.465026880943456,0.4329361529999005,dstar_lite,False,0,0,5371,22333,301,0.0979754670006514,0,0.0,0.06736041200019827,True,1829,0,7,7,A,6612,0.425,True,1.5591165610003372
0,37.53666710101955,560,0,,0.465026880943456,1.8071487720008008,dstar_lite,False,0,0,3070,12926,654,0.06763316800061148,0,0.0,0.05221216999962053,True,1916,0,4,4,A,6613,0.35,True,3.1572853600009694
0,39.42195423666044,615,0,,0.475657439761009,3.0091998770003556,dstar_lite,False,0,0,11801,48607,18068,0.22776288299974112,0,0.0,1.2701566779996938,True,109892,0,3,3,A,6614,0.3625,True,5.806549918999735
0,40.015816772145016,616,0,,0.475657439761009,2.8791748769999685,dstar_lite,False,0,0,9549,40117,1469,0.21315688700087776,0,0.0,0.15420668099977775,True,5413,0,4,4,A,6615,0.4125,True,6.59823586299899
0,38.370175084429704,584,0,,0.475657439761009,1.8494594290004898,dstar_lite,False,0,0,626,2706,276,0.0312593900016509,0,0.0,0.030679374000101234,True,517,0,8,8,A,6616,0.525,True,4.249424264000481
0,38.305093074351994,580,0,,0.465026880943456,2.1656961220014637,dstar_lite,False,0,0,3208,13423,438,0.07839207500001066,0,0.0,0.05731548999938241,True,2303,0,5,5,A,6617,0.4125,True,4.786085998002818
0,36.479596210755126,540,0,,0.465026880943456,1.0244099509982334,dstar_lite,False,0,0,2790,11594,358,0.12930732700078806,0,0.0,0.04077702099857561,True,1493,0,5,5,A,6618,0.4125,True,2.2811711309968814
0,37.352624428367754,556,0,,0.465026880943456,0.8656768559994816,dstar_lite,False,0,0,2122,8922,131,0.05509863899897027,0,0.0,0.021011900000303285,True,131,0,8,8,A,6619,0.425,True,2.080926696997267
0,39.76204253411033,604,0,,0.465026880943456,2.483696436000173,dstar_lite,False,0,0,5002,21008,758,0.12443254500067269,0,0.0,0.07952790600029402,True,2206,0,5,5,A,6620,0.475,True,5.933202889998938
0,38.33598350019722,593,0,,0.465026880943456,1.7778473649996158,dstar_lite,False,0,0,1201,5069,190,0.039472308999393135,0,0.0,0.025770234999072272,True,978,0,5,5,A,6621,0.4875,True,4.716211230997942
0,37.51993881631842,552,0,,0.465026880943456,1.3705880170000455,dstar_lite,False,0,0,4467,18251,397,0.0769675269984873,0,0.0,0.06671090100098809,True,2214,0,4,4,A,6622,0.45,True,2.1386431050013925
0,38.10712488922612,563,0,,0.465026880943456,2.691225453001607,dstar_lite,False,0,0,14721,61091,611,0.31128854300004605,0,0.0,0.16476179299934302,True,3697,0,3,3,A,6623,0.45,True,4.091859647001911
0,40.09604963514843,618,0,,0.475657439761009,3.408707739001329,dstar_lite,False,0,0,770,3342,342,0.030271670999354683,0,0.0,0.029990474999067374,True,1176,0,6,6,A,6624,0.4375,True,6.9287188239995885
0,35.485045384391434,527,0,,0.465026880943456,0.8575257289994624,dstar_lite,False,0,0,394,1693,1699,0.03441460900103266,0,0.0,0.14447907700014184,True,11453,0,6,6,A,6625,0.4625,True,2.109627317000559
0,37.17726262396311,560,0,,0.465026880943456,1.4412433470006363,dstar_lite,False,0,0,2585,10984,593,0.06820716699985496,0,0.0,0.057587327999499394,True,2646,0,5,5,A,6626,0.475,True,3.5141717190017516
0,39.21106395665607,591,0,,0.465026880943456,1.4798059329987154,dstar_lite,False,0,0,1159,4897,4616,0.03114607600036834,0,0.0,0.35472324100010155,True,31146,0,4,4,A,6627,0.2875,True,2.7317802289981046
0,40.90099951392409,632,0,,0.475657439761009,1.8487495829995169,dstar_lite,False,0,0,3456,14462,13383,0.08097893800004385,0,0.0,1.1240255200009415,True,99316,0,7,7,A,6628,0.5375,True,4.368841045003137
0,38.97346095591895,597,0,,0.475657439761009,1.4853831220007123,dstar_lite,False,0,0,4334,18062,16315,0.09420597300049849,0,0.0,1.3884104570006457,True,124919,0,5,5,A,6629,0.4625,True,3.6576876010003616
0,41.78601948458501,661,0,,0.475657439761009,3.1469034899982944,dstar_lite,False,0,0,4917,20493,859,0.11942871500104957,0,0.0,0.09281976700003725,True,4491,0,7,7,A,6630,0.525,True,7.464147039994714
0,38.19962737254972,575,0,,0.465026880943456,2.1854590569982975,dstar_lite,False,0,0,5910,24800,587,0.13416100299946265,0,0.0,0.09234028900027624,True,2492,0,4,4,A,6631,0.45,True,4.8205829429989535
0,37.29602763267682,554,0,,0.465026880943456,2.3539950079994014,dstar_lite,False,0,0,3214,13402,2609,0.06488284499937436,0,0.0,0.1997734800006583,True,15225,0,3,3,A,6632,0.35,True,3.190766571002314
0,40.21413278269079,614,0,,0.465026880943456,1.0736267299998872,dstar_lite,False,0,0,464,1917,825,0.025330661999760196,0,0.0,0.053052508001201204,True,3752,0,8,8,A,6633,0.4875,True,3.2690299729965773
0,39.157970525415024,601,0,,0.475657439761009,1.8454530630006047,dstar_lite,False,0,0,36,146,475,0.05707181699835928,0,0.0,0.047039411998412106,True,3424,0,4,4,A,6634,0.4125,True,4.128553294000085
0,37.05547066041674,557,0,,0.465026880943456,1.394764054000916,dstar_lite,False,0,0,6242,25856,2189,0.11306125299961423,0,0.0,0.17228770600013377,True,12339,0,5,5,A,6635,0.4375,True,3.3729602309977054
0,39.96099776007951,603,0,,0.475657439761009,1.1382782549990225,dstar_lite,False,0,0,4149,17133,3453,0.09394717200120795,0,0.0,0.21865072199943825,True,17357,0,6,6,A,6636,0.425,True,2.5577050040010363
0,38.90651252910744,585,0,,0.465026880943456,0.9779359490003117,dstar_lite,False,0,0,3488,14666,4462,0.07093054100005247,0,0.0,0.3582365580004989,True,30604,0,6,6,A,6637,0.4625,True,3.1590524689981976
0,40.942737286642824,624,0,,0.475657439761009,9.08257771299941,dstar_lite,False,0,0,2062,8668,745,0.053943524000715115,0,0.0,0.07566509699972812,True,3883,0,5,5,A,6638,0.4625,True,12.072706569997536
0,37.92276768665332,582,0,,0.465026880943456,3.6493486460003624,dstar_lite,False,0,0,1701,7169,1345,0.060652452000795165,0,0.0,0.07615803999942727,True,4264,0,5,5,A,6639,0.45,True,6.003044262999538
0,46.65241539084876,743,0,,0.475657439761009,7.599768407000738,dstar_lite,False,0,0,2374,10067,490,0.06739390499933506,0,0.0,0.05248141900119663,True,1376,0,7,7,A,6640,0.55,True,14.149999909999678
0,37.50300667870314,571,0,,0.465026880943456,1.0299164809985086,dstar_lite,False,0,0,2124,8815,8596,0.06958304500039958,0,0.0,0.703112033999787,True,63490,0,7,7,A,6641,0.4375,True,2.8572934009989694
0,38.56933988662767,592,0,,0.465026880943456,1.5899926129986852,dstar_lite,False,0,0,2154,8931,229,0.07628648299942142,0,0.0,0.034622544999365346,True,543,0,7,7,A,6642,0.475,True,3.8218595489943255
0,38.074741710490564,573,0,,0.465026880943456,4.555177378000735,dstar_lite,False,0,0,1800,7702,1965,0.06057178699848009,0,0.0,0.1661458290000155,True,12677,0,4,4,A,6643,0.475,True,6.200016050999693
0,40.459932808995106,624,0,,0.475657439761009,7.558952544999556,dstar_lite,False,0,0,5626,23886,633,0.11914744000023347,0,0.0,0.058138218000749475,True,1636,0,4,4,A,6644,0.3375,True,10.025030370001332
0,38.71363827332523,576,0,,0.475657439761009,3.415033859999312,dstar_lite,False,0,0,2424,10328,99,0.05403953300083231,0,0.0,0.030117782000161242,True,620,0,4,4,A,6645,0.45,True,5.715379268000106
0,37.766378163090614,558,0,,0.465026880943456,0.8835661350003647,dstar_lite,False,0,0,12930,53672,4676,0.21750698300093063,0,0.0,0.44131640199884714,True,31489,0,4,4,A,6646,0.3875,True,2.2875467450012366
0,39.122490711429435,591,0,,0.465026880943456,1.339568892999523,dstar_lite,False,0,0,789,3412,367,0.03702562599937664,0,0.0,0.04664717600098811,True,2128,0,6,6,A,6647,0.4625,True,3.2345936599995184
0,38.50887513478902,611,0,,0.475657439761009,2.7956760460001533,dstar_lite,False,0,0,1034,4525,595,0.03550167700086604,0,0.0,0.05067835299996659,True,2538,0,6,6,A,6648,0.5,True,6.187430595000478
0,37.93085543017926,574,0,,0.465026880943456,1.9338582960008353,dstar_lite,False,0,0,1019,4310,204,0.03619538499879127,0,0.0,0.03274196100028348,True,1069,0,6,6,A,6649,0.4625,True,4.729968174004171
0,40.29167594226977,631,0,,0.465026880943456,3.5987931239997124,dstar_lite,False,0,0,2137,9096,221,0.0825059720009449,0,0.0,0.04836647400043148,True,1332,0,8,8,A,6650,0.4375,True,6.152750564002417
0,38.92472970705341,586,0,,0.4596194077712549,1.897440534999987,dstar_lite,False,0,0,6996,29769,211,0.1452420509995136,0,0.0,0.06576278300053673,True,503,0,4,4,A,6651,0.4875,True,3.8998936970001523
0,37.582432459838955,560,0,,0.475657439761009,0.809099950000018,dstar_lite,False,0,0,4582,18945,4571,0.11056325199933781,0,0.0,0.33693871300056344,True,28155,0,5,5,A,6652,0.35,True,2.0442519089992857
0,39.04537249933333,576,0,,0.465026880943456,1.2655531340005837,dstar_lite,False,0,0,479,2108,640,0.021235291998891626,0,0.0,0.04901501199856284,True,2905,0,5,5,A,6653,0.525,True,2.487713263002661
0,38.546298546775866,577,0,,0.465026880943456,2.227944259000651,dstar_lite,False,0,0,2695,11062,3707,0.0478737600005843,0,0.0,0.22934324299967557,True,19627,0,4,4,A,6654,0.3625,True,3.196220258001631
0,37.67593988998528,576,0,,0.465026880943456,2.1168777180009783,dstar_lite,False,0,0,4680,19411,134,0.11043109699858178,0,0.0,0.06732405399998243,True,840,0,6,6,A,6655,0.3625,True,4.2492324840022775
0,36.125903036697586,532,0,,0.465026880943456,1.17360410999936,dstar_lite,False,0,0,4867,20311,516,0.11633977999917988,0,0.0,0.07578905000082159,True,2742,0,5,5,A,6656,0.525,True,2.7973878949978825
0,41.67182471649916,659,0,,0.475657439761009,3.4498323630014056,dstar_lite,False,0,0,7390,30343,20192,0.15031060000001162,0,0.0,1.4197069630008627,True,126236,0,5,5,A,6657,0.625,True,5.865300848001425
0,39.086223278469376,602,0,,0.475657439761009,3.284466003000489,dstar_lite,False,0,0,8277,34458,6796,0.18539319000046817,0,0.0,0.5387233370001923,True,44334,0,6,6,A,6658,0.5,True,4.956686520001313
0,39.84925227312758,626,0,,0.465026880943456,5.048703777998526,dstar_lite,False,0,0,3922,16231,199,0.07826357299927622,0,0.0,0.05793132800135936,True,987,0,9,9,A,6659,0.4625,True,8.21572258100423
0,41.28228763324952,643,0,,0.465026880943456,1.8768843230009224,dstar_lite,False,0,0,2154,8960,878,0.06073293100052979,0,0.0,0.060785805000705295,True,3064,0,7,7,A,6660,0.4375,True,5.052513694001391
0,39.09585915904919,599,0,,0.465026880943456,2.1737272279988247,dstar_lite,False,0,0,2054,8771,11,0.06327032100125507,0,0.0,0.02400019400010933,True,11,0,6,6,A,6661,0.5125,True,5.370116877998953
0,37.157957699881244,554,0,,0.465026880943456,2.025787059999857,dstar_lite,False,0,0,884,3812,157,0.03432364900072571,0,0.0,0.028347647999908077,True,222,0,5,5,A,6662,0.5,True,4.002445310001349
0,36.698676507830065,544,0,,0.465026880943456,1.5028156810003566,dstar_lite,False,0,0,3940,16367,2073,0.10489452300134872,0,0.0,0.1948592370008555,True,14928,0,6,6,A,6663,0.5,True,2.6763020060025156
0,36.40121143771598,540,0,,0.465026880943456,1.361221975999797,dstar_lite,False,0,0,1531,6555,1736,0.03833614100039995,0,0.0,0.15846779999992577,True,12746,0,6,6,A,6664,0.35,True,2.7300649160006287
0,39.22923550108087,605,0,,0.465026880943456,4.131597008999961,dstar_lite,False,0,0,7370,30332,1731,0.1303924090007058,0,0.0,0.15985969200119143,True,10129,0,4,4,A,6665,0.3625,True,8.61867503099711
0,39.86034995699338,609,0,,0.465026880943456,0.9431819109995558,dstar_lite,False,0,0,947,4028,74,0.051475939000738435,0,0.0,0.017928090999703272,True,74,0,7,7,A,6666,0.5125,True,3.38420675999987
0,39.236774656043615,593,0,,0.465026880943456,5.055931872999281,dstar_lite,False,0,0,5794,23690,1223,0.12557026099966606,0,0.0,0.08964122700126609,True,3703,0,6,6,A,6667,0.5,True,7.97155273700082
0,38.895345007903096,580,0,,0.465026880943456,1.1430977749987505,dstar_lite,False,0,0,8043,33165,3642,0.16115749399978085,0,0.0,0.22820493899962457,True,16343,0,5,5,A,6668,0.3125,True,2.6119570869996096
0,37.95385375140769,563,0,,0.4962358310319797,0.9244860409999092,dstar_lite,False,0,0,3481,14545,1496,0.07769327900132339,0,0.0,0.11275315500097349,True,7101,0,5,5,A,6669,0.4875,True,2.3042052799992234
0,40.683007475296236,623,0,,0.475657439761009,2.170159657000113,dstar_lite,False,0,0,21384,87730,23407,0.3591373889994429,0,0.0,1.8078077529989969,True,149878,0,4,4,A,6670,0.475,True,5.4890063679995365
0,39.50518819886082,621,0,,0.475657439761009,1.1996071749999828,dstar_lite,False,0,0,3235,13267,13453,0.0983340530001442,0,0.0,1.098147697000968,True,99301,0,5,5,A,6671,0.45,True,3.8356016620018636
0,36.46809306054781,529,0,,0.465026880943456,1.7438505989994155,dstar_lite,False,0,0,8622,36540,125,0.1751014250003209,0,0.0,0.07486188399889215,True,780,0,3,3,A,6672,0.4125,True,2.0840857599996525
0,39.45933192716058,587,0,,0.475657439761009,2.970562066000639,dstar_lite,False,0,0,4495,18825,1153,0.09010673599914298,0,0.0,0.07335956699898816,True,3777,0,5,5,A,6673,0.475,True,4.210675948001153
0,38.28602757228029,576,0,,0.475657439761009,2.3716556029994535,dstar_lite,False,0,0,2601,11134,49,0.0721236070003215,0,0.0,0.03509927699997206,True,315,0,5,5,A,6674,0.45,True,3.7482528039981844
0,37.773706671490444,570,0,,0.475657439761009,1.8750070999994932,dstar_lite,False,0,0,4338,18049,21928,0.09736886899918318,0,0.0,1.7736130789999152,True,163860,0,4,4,A,6675,0.4375,True,3.6891132619985
0,37.81123990668829,562,0,,0.465026880943456,2.725179211998693,dstar_lite,False,0,0,4335,18537,636,0.09831978200054436,0,0.0,0.07947971899920958,True,1898,0,4,4,A,6676,0.4875,True,3.136858484998811
0,40.373423492942926,627,0,,0.465026880943456,1.9025138439992588,dstar_lite,False,0,0,2139,9011,1158,0.04290279099950567,0,0.0,0.08496519500113209,True,6124,0,7,7,A,6677,0.45,True,4.239349741996193
0,43.94025902984119,686,0,,0.47565743976100916,10.373584994998964,dstar_lite,False,0,0,1903,8059,365,0.04928203200142889,0,0.0,0.0465729059997102,True,1453,0,8,8,A,6678,0.425,True,12.416811016999418
0,37.71551835949507,571,0,,0.465026880943456,2.588789330000509,dstar_lite,False,0,0,4366,18138,594,0.08652214500034461,0,0.0,0.08375243800037424,True,2612,0,6,6,A,6679,0.35,True,4.0821445980000135
0,37.216731147204975,563,0,,0.465026880943456,3.0295431559989083,dstar_lite,False,0,0,2975,12599,775,0.09770940399903338,0,0.0,0.08247218900032749,True,2811,0,5,5,A,6680,0.425,True,4.725128280997524
0,41.601541633147576,652,0,,0.475657439761009,2.100666706000993,dstar_lite,False,0,0,5126,20895,13669,0.11864053800127294,0,0.0,0.8463456890003727,True,75720,0,7,7,A,6681,0.525,True,4.76960904200314
0,38.88674626067549,585,0,,0.465026880943456,1.7433288200008974,dstar_lite,False,0,0,3363,14108,607,0.07954698299909069,0,0.0,0.04889960400032578,True,2022,0,5,5,A,6682,0.4625,True,3.5518864060013584
0,39.91297242866296,605,0,,0.465026880943456,2.385721211998316,dstar_lite,False,0,0,2814,11905,1725,0.10132017199975962,0,0.0,0.11317529299958551,True,7251,0,7,7,A,6683,0.5125,True,3.712905646998479
0,39.28510018891997,599,0,,0.475657439761009,1.6626279760002944,dstar_lite,False,0,0,6765,28147,7626,0.13440858500143804,0,0.0,0.49131499499890197,True,41953,0,4,4,A,6684,0.4,True,2.8802269650004746
0,38.357040517754406,592,0,,0.465026880943456,2.328884945000027,dstar_lite,False,0,0,2494,10538,889,0.0750186980003491,0,0.0,0.07648199600043881,True,3583,0,6,6,A,6685,0.5375,True,4.773329911999099
0,38.29809213102828,576,0,,0.465026880943456,3.215412784998989,dstar_lite,False,0,0,7781,32402,1008,0.1586858580012631,0,0.0,0.12648443699981726,True,4354,0,6,6,A,6686,0.3875,True,4.938699520998853
0,39.20734056155285,602,0,,0.465026880943456,2.1095481760003167,dstar_lite,False,0,0,1941,8141,2089,0.06584452500101179,0,0.0,0.10771185999874433,True,7372,0,7,7,A,6687,0.5125,True,3.907667517001755
0,38.57953503804783,592,0,,0.465026880943456,2.624755961998744,dstar_lite,False,0,0,1282,5369,1005,0.043585858000369626,0,0.0,0.07321724599933077,True,4135,0,8,8,A,6688,0.4,True,4.761953850998907
0,40.46843964726887,644,0,,0.465026880943456,4.351766761999897,dstar_lite,False,0,0,2307,9827,207,0.08103114999903482,0,0.0,0.03618762400037667,True,973,0,9,9,A,6689,0.5125,True,8.055039155999111
0,36.94349548129774,548,0,,0.465026880943456,1.6534626739994565,dstar_lite,False,0,0,3870,16031,3528,0.10346373100037454,0,0.0,0.25187679499867954,True,20206,0,5,5,A,6690,0.3375,True,2.606360179997864
0,38.13885799548421,562,0,,0.465026880943456,0.7487372169998707,dstar_lite,False,0,0,8575,35591,3065,0.14647500700084493,0,0.0,0.2312170570003218,True,15239,0,5,5,A,6691,0.3375,True,2.154994596998222
0,39.43537724195482,592,0,,0.465026880943456,1.1864034730006097,dstar_lite,False,0,0,6975,28832,6225,0.1269549429998733,0,0.0,0.4478712180007278,True,37810,0,6,6,A,6692,0.45,True,3.149642499998663
0,38.12338185213968,580,0,,0.465026880943456,1.6943003220003447,dstar_lite,False,0,0,4730,19599,3109,0.08459021499947994,0,0.0,0.15853285400044115,True,11633,0,5,5,A,6693,0.5,True,4.467075336999187
0,38.86645153717014,583,0,,0.465026880943456,1.0607123970003158,dstar_lite,False,0,0,4081,17440,2531,0.08218367500012391,0,0.0,0.19616156300071452,True,14849,0,5,5,A,6694,0.4875,True,2.262434533000487
0,35.5379528443036,527,0,,0.465026880943456,1.0822989749995031,dstar_lite,False,0,0,5178,21759,158,0.12534370200046396,0,0.0,0.0468083680007112,True,256,0,6,6,A,6695,0.45,True,2.2550650279990805
0,39.186947279646034,616,0,,0.475657439761009,1.2575434139998833,dstar_lite,False,0,0,1890,7825,4326,0.07289055600085703,0,0.0,0.35543872299967916,True,29276,0,7,7,A,6696,0.4875,True,3.9291894550005964
0,37.5096766577416,567,0,,0.465026880943456,2.020792885999981,dstar_lite,False,0,0,1420,5995,31,0.03569380699991598,0,0.0,0.015983189001417486,True,155,0,6,6,A,6697,0.425,True,3.5506115239986684
0,42.349369331853666,678,0,,0.475657439761009,4.14014860899988,dstar_lite,False,0,0,5803,24155,290,0.12468404100036423,0,0.0,0.07957019199966453,True,1586,0,8,8,A,6698,0.475,True,8.247888519999833
0,40.93464512260623,651,0,,0.475657439761009,2.9700669789999665,dstar_lite,False,0,0,3469,14488,739,0.06394341300074302,0,0.0,0.07821576800051844,True,3072,0,5,5,A,6699,0.3625,True,6.714297378997799
0,37.514434176013715,552,0,,0.465026880943456,0.9259178949996567,dstar_lite,False,0,0,1836,7779,1316,0.06850887199834688,0,0.0,0.09507591500005219,True,6504,0,4,4,A,6700,0.4375,True,2.0189691959967604
0,38.49352578619729,588,0,,0.465026880943456,1.8781771369995113,dstar_lite,False,0,0,3703,15708,1398,0.0736579009990237,0,0.0,0.11319987300157663,True,7346,0,5,5,A,6701,0.3625,True,4.00030857999991
0,38.0509348002168,559,0,,0.465026880943456,1.071407948000342,dstar_lite,False,0,0,8365,34313,1156,0.17636664399833535,0,0.0,0.11929522699938389,True,5004,0,4,4,A,6702,0.4,True,2.269545205999748
0,38.562460564852536,573,0,,0.465026880943456,2.2629786939996848,dstar_lite,False,0,0,2137,9109,276,0.05255504499837116,0,0.0,0.025301242998466478,True,937,0,4,4,A,6703,0.3375,True,3.581466728997839
0,36.46510885615956,541,0,,0.465026880943456,1.0403297230004682,dstar_lite,False,0,0,1914,8106,403,0.06590190099996107,0,0.0,0.0522622330008744,True,2079,0,7,7,A,6704,0.4125,True,2.399912606999351
0,38.53974338756267,570,0,,0.465026880943456,1.0940593509985774,dstar_lite,False,0,0,2437,10143,2181,0.0650707919994602,0,0.0,0.1385961200012389,True,11008,0,4,4,A,6705,0.4375,True,2.150749823998922
0,37.2765538958464,567,0,,0.465026880943456,1.271418057000119,dstar_lite,False,0,0,1797,7575,1539,0.036932605000401963,0,0.0,0.11092719800035411,True,8467,0,6,6,A,6706,0.4,True,3.076705706998837
0,37.5439924418072,563,0,,0.465026880943456,2.0428053830000863,dstar_lite,False,0,0,1927,8147,642,0.06893031899926427,0,0.0,0.07790227000077721,True,4652,0,5,5,A,6707,0.5375,True,4.349929406998854
0,39.15902983210625,593,0,,0.465026880943456,2.513001916999201,dstar_lite,False,0,0,5601,23109,598,0.10408351499972923,0,0.0,0.0796562539999286,True,2515,0,6,6,A,6708,0.45,True,4.382894218995716
0,37.34961317411334,557,0,,0.465026880943456,1.288589175999732,dstar_lite,False,0,0,5793,24122,1070,0.12372402499931923,0,0.0,0.09367068299980019,True,3565,0,4,4,A,6709,0.3625,True,3.115523974998723
0,39.90399794088257,604,0,,0.465026880943456,0.8234812089995103,dstar_lite,False,0,0,369,1625,122,0.020540547000564402,0,0.0,0.013111819000187097,True,171,0,7,7,A,6710,0.375,True,2.7163043760028813
0,38.527775582313346,587,0,,0.465026880943456,3.74301373399976,dstar_lite,False,0,0,3983,16854,582,0.07661359400117362,0,0.0,0.07398776599984558,True,3844,0,4,4,A,6711,0.4,True,5.999166278003031
0,41.240923019799276,638,0,,0.465026880943456,2.1396070729988423,dstar_lite,False,0,0,916,3944,495,0.03580668799986597,0,0.0,0.043711427999369334,True,1587,0,5,5,A,6712,0.525,True,5.904050674000246
0,38.71408293822655,584,0,,0.465026880943456,3.067816980999851,dstar_lite,False,0,0,1187,5113,81,0.05731761100105359,0,0.0,0.01890703100070823,True,89,0,5,5,A,6713,0.4875,True,4.529200995002611
0,37.16767810389148,553,0,,0.465026880943456,1.3788118550000945,dstar_lite,False,0,0,2780,11470,90,0.05355805799990776,0,0.0,0.022045403999072732,True,473,0,4,4,A,6714,0.3625,True,3.1099909800013847
0,37.6848741358228,555,0,,0.465026880943456,3.4452833569994255,dstar_lite,False,0,0,11918,49209,949,0.2205995289987186,0,0.0,0.15803845600021305,True,6459,0,4,4,A,6715,0.5,True,4.277981355999145
0,39.50646659753149,595,0,,0.465026880943456,1.7016408529998444,dstar_lite,False,0,0,4446,18430,5874,0.11799183099901711,0,0.0,0.3983523869992496,True,33658,0,5,5,A,6716,0.5,True,2.9847639259969583
0,40.52820295568732,626,0,,0.475657439761009,4.421334079999724,dstar_lite,False,0,0,4097,17132,1210,0.0707657350012596,0,0.0,0.08892645800005994,True,4608,0,5,5,A,6717,0.4875,True,6.060445240000263
0,38.17325334836135,587,0,,0.465026880943456,1.2166603040004702,dstar_lite,False,0,0,2841,12069,944,0.09784146600031818,0,0.0,0.08560202099943126,True,4318,0,6,6,A,6718,0.4625,True,3.3212447249989054
0,36.838772222527204,550,0,,0.465026880943456,1.2460834379999142,dstar_lite,False,0,0,3109,12904,2282,0.09162943200135487,0,0.0,0.18699099699915678,True,12880,0,6,6,A,6719,0.475,True,3.2568765690011787
0,37.79551517888634,585,0,,0.465026880943456,1.9926609880003525,dstar_lite,False,0,0,3149,13297,2595,0.07739798100010375,0,0.0,0.233134906999112,True,18523,0,5,5,A,6720,0.4375,True,4.487419013001272
0,36.982829338423635,551,0,,0.465026880943456,3.3592619219998596,dstar_lite,False,0,0,4509,18887,2912,0.09723005600062606,0,0.0,0.22480719200029853,True,16770,0,4,4,A,6721,0.375,True,4.5234845869999845
0,38.160347160991954,568,0,,0.465026880943456,2.7593881799984956,dstar_lite,False,0,0,9114,38086,1110,0.2250458719991002,0,0.0,0.12170990800041182,True,5051,0,3,3,A,6722,0.5,True,3.425985130996196
0,37.48418413717089,560,0,,0.465026880943456,1.2423373049987276,dstar_lite,False,0,0,5017,20604,14383,0.08458083100049407,0,0.0,1.152578478999203,True,107225,0,3,3,A,6723,0.4375,True,3.052162526997563
0,36.21031804850275,531,0,,0.465026880943456,0.6794767579995096,dstar_lite,False,0,0,1808,7563,1047,0.048005213000578806,0,0.0,0.0828152769990993,True,6120,0,5,5,A,6724,0.35,True,1.5652994609990856
0,36.238575260109435,543,0,,0.465026880943456,1.0274561590013036,dstar_lite,False,0,0,6084,25124,1273,0.12098763699941628,0,0.0,0.11773700499907136,True,6073,0,7,7,A,6725,0.375,True,2.6886460730002
0,37.808665012006536,573,0,,0.465026880943456,1.2614185319998796,dstar_lite,False,0,0,2070,8729,908,0.0655331699999806,0,0.0,0.07184080399929371,True,4411,0,5,5,A,6726,0.5,True,3.1658935239993298
0,40.01745369319887,607,0,,0.465026880943456,1.3464782890005154,dstar_lite,False,0,0,5365,22156,145,0.13377587899958598,0,0.0,0.0418027659998188,True,326,0,5,5,A,6727,0.5375,True,3.1133483670018904
0,52.89455842932398,838,0,,0.47565743976100916,10.114528678999704,dstar_lite,False,0,0,4024,16973,859,0.09305948600012925,0,0.0,0.10250116200040793,True,4635,0,6,6,A,6728,0.4625,True,20.722454974000357
0,37.83665629835833,565,0,,0.465026880943456,0.8274720659992454,dstar_lite,False,0,0,2347,9952,341,0.046988054000394186,0,0.0,0.038716496999768424,True,1595,0,7,7,A,6729,0.4625,True,2.5168253100000584
0,37.818031200997616,568,0,,0.465026880943456,2.789422439000191,dstar_lite,False,0,0,4570,19241,1149,0.10719495000012103,0,0.0,0.10697282799992536,True,4808,0,5,5,A,6730,0.4125,True,4.366852929999368
0,38.24435690110308,582,0,,0.4596194077712549,2.614741839000999,dstar_lite,False,0,0,1022,4377,940,0.045554874999652384,0,0.0,0.06346200100051647,True,3176,0,5,5,A,6731,0.4625,True,4.797174820001601
0,38.24607008494707,583,0,,0.465026880943456,2.26395883800069,dstar_lite,False,0,0,1660,7056,430,0.06204658299975563,0,0.0,0.055016412001350545,True,2511,0,7,7,A,6732,0.425,True,3.8046321499987243
0,36.2558793025275,530,0,,0.465026880943456,0.648927399999593,dstar_lite,False,0,0,9695,39737,1419,0.16784662899954128,0,0.0,0.14684924999892246,True,7727,0,5,5,A,6733,0.3125,True,1.994534694997128
0,40.25203475389888,633,0,,0.475657439761009,2.3584175819996744,dstar_lite,False,0,0,2445,10201,2415,0.07146046300113085,0,0.0,0.18736776700097835,True,14097,0,6,6,A,6734,0.4375,True,5.248944627997844
0,38.338964162607134,573,0,,0.465026880943456,3.161057945000721,dstar_lite,False,0,0,1701,7159,1927,0.041304571999717155,0,0.0,0.11802223599988793,True,8699,0,4,4,A,6735,0.375,True,4.056729570998868
0,38.551421445691865,574,0,,0.465026880943456,0.9460639919998357,dstar_lite,False,0,0,2175,9309,1860,0.0748643599999923,0,0.0,0.1738318790012272,True,13172,0,7,7,A,6736,0.5,True,2.809766280997792
0,37.967258271894885,559,0,,0.465026880943456,1.8773421890000463,dstar_lite,False,0,0,3286,13514,907,0.0919401109986211,0,0.0,0.06338329599930148,True,2555,0,6,6,A,6737,0.4375,True,2.721628913999666
0,36.127168474850215,531,0,,0.465026880943456,0.8525642209988291,dstar_lite,False,0,0,3016,12672,1310,0.08249413300109154,0,0.0,0.13379754899870022,True,9425,0,5,5,A,6738,0.5,True,1.7279809869978635
0,40.17952197621895,623,0,,0.475657439761009,3.6277976030014543,dstar_lite,False,0,0,3349,13840,1003,0.07322544000089692,0,0.0,0.07798429899958137,True,3680,0,4,4,A,6739,0.4375,True,6.898712774001979
0,40.678365032830754,625,0,,0.475657439761009,1.2888493320006091,dstar_lite,False,0,0,2703,11378,2549,0.07920494200152461,0,0.0,0.22865912999986904,True,18675,0,6,6,A,6740,0.4875,True,3.9783340120011417
0,38.592208432244625,581,0,,0.465026880943456,2.498634833000324,dstar_lite,False,0,0,4474,18710,435,0.092782914000054,0,0.0,0.04798708400085161,True,1654,0,5,5,A,6741,0.4,True,3.1285967079984403
0,35.434722024448995,516,0,,0.465026880943456,0.711036258000604,dstar_lite,False,0,0,1221,5152,52,0.025899997001033626,0,0.0,0.014225627999621793,True,321,0,4,4,A,6742,0.375,True,1.6340423240035307
0,38.45775741057067,567,0,,0.465026880943456,1.9146982929996739,dstar_lite,False,0,0,1313,5645,19,0.060203597000509035,0,0.0,0.0256975379998039,True,19,0,6,6,A,6743,0.3875,True,2.6177032889972907
0,39.454184623606324,602,0,,0.475657439761009,2.145832951999182,dstar_lite,False,0,0,5598,23143,2054,0.11059777999980724,0,0.0,0.14712380699893401,True,7287,0,6,6,A,6744,0.4,True,4.898917898997752
0,39.90606225418675,621,0,,0.475657439761009,2.1989123949988425,dstar_lite,False,0,0,6829,28197,25484,0.146791786999529,0,0.0,2.0473469349999505,True,187557,0,5,5,A,6745,0.55,True,5.0156258739989426
0,41.99006914912104,657,0,,0.475657439761009,3.642045725000571,dstar_lite,False,0,0,5863,24193,26648,0.11111906199948862,0,0.0,2.1450827669996215,True,195219,0,5,5,A,6746,0.4625,True,6.740610043003471
0,37.89571257395269,596,0,,0.475657439761009,1.559575348999715,dstar_lite,False,0,0,4903,20342,6716,0.1000360180005373,0,0.0,0.4712927149994357,True,40877,0,5,5,A,6747,0.4375,True,4.216913324997222
0,37.294765666344084,554,0,,0.465026880943456,1.1398153040008765,dstar_lite,False,0,0,177,780,74,0.013879996999094146,0,0.0,0.008357755001270561,True,84,0,7,7,A,6748,0.4,True,2.47245417799968
0,38.6066548159726,558,0,,0.465026880943456,0.6489975670010608,dstar_lite,False,0,0,550,2380,326,0.020001163000415545,0,0.0,0.022804181000537938,True,1377,0,3,3,A,6749,0.375,True,0.9974802850010747
0,39.70189303340292,623,0,,0.465026880943456,2.7177400320015295,dstar_lite,False,0,0,1732,7360,1473,0.07474371099851851,0,0.0,0.07822179999857326,True,4730,0,6,6,A,6750,0.5125,True,5.773361438003121
0,40.794595933182954,644,0,,0.465026880943456,1.8348422429990023,dstar_lite,False,0,0,4055,16847,6468,0.08973297900047328,0,0.0,0.4303764380001667,True,35788,0,7,7,A,6751,0.6,True,5.6262345209979685
0,36.983284111831786,560,0,,0.465026880943456,0.704178211000908,dstar_lite,False,0,0,3554,14731,2745,0.07048599500012642,0,0.0,0.17598461499983387,True,12787,0,7,7,A,6752,0.3875,True,2.563381822001247
0,38.0800181781727,552,0,,0.465026880943456,0.4553407950006658,dstar_lite,False,0,0,466,1982,5053,0.0238262359998771,0,0.0,0.42894929999965825,True,39032,0,4,4,A,6753,0.3875,True,1.2038157150018378
0,36.768444886809895,540,0,,0.465026880943456,3.644761273999393,dstar_lite,False,0,0,3120,13050,525,0.06066257100064831,0,0.0,0.04597175599883485,True,2257,0,5,5,A,6754,0.35,True,4.305209027999808
0,38.74270538410854,588,0,,0.465026880943456,3.1416599660005886,dstar_lite,False,0,0,7846,33007,1989,0.16071302899945294,0,0.0,0.1767225330004294,True,9938,0,3,3,A,6755,0.45,True,6.0600180120000005
0,37.77841752697268,579,0,,0.465026880943456,1.767148000000816,dstar_lite,False,0,0,5877,24415,1558,0.12685819699981948,0,0.0,0.16033941000023333,True,10475,0,5,5,A,6756,0.4375,True,3.9623941979989468
0,38.89979940343856,587,0,,0.4596194077712549,1.909400980999635,dstar_lite,False,0,0,3321,13796,82,0.08274508400063496,0,0.0,0.02866578600151115,True,82,0,8,8,A,6757,0.475,True,3.2996547679995274
0,38.79670478408023,576,0,,0.465026880943456,1.05418652499975,dstar_lite,False,0,0,9075,37839,1882,0.1974849539983552,0,0.0,0.2447188179994555,True,14594,0,4,4,A,6758,0.3625,True,2.7589931300008175
0,36.35504671267879,524,0,,0.465026880943456,0.347422082999401,dstar_lite,False,0,0,3064,12767,3108,0.07376283300072828,0,0.0,0.2713948230011738,True,23165,0,3,3,A,6759,0.375,True,0.9192841819985915
0,39.84665373193995,618,0,,0.475657439761009,1.8054782559993328,dstar_lite,False,0,0,4963,20758,179,0.09146751400112407,0,0.0,0.058143995998761966,True,995,0,7,7,A,6760,0.4375,True,6.167098629997781
0,39.478770412016836,612,0,,0.465026880943456,2.5917808989997866,dstar_lite,False,0,0,9096,37794,1736,0.16902551900057006,0,0.0,0.14471848100038187,True,7529,0,5,5,A,6761,0.4125,True,4.947155714000473
0,39.28268660226762,588,0,,0.475657439761009,5.8221588140004314,dstar_lite,False,0,0,5696,23406,1261,0.12042496699905314,0,0.0,0.08743866399890976,True,4485,0,3,3,A,6762,0.2875,True,6.608157251999728
0,38.8417988620454,606,0,,0.465026880943456,5.25518533200011,dstar_lite,False,0,0,7420,30902,4616,0.15173600600064674,0,0.0,0.26515862499945797,True,16444,0,5,5,A,6763,0.5,True,6.845713067999895
0,40.056872665304375,598,0,,0.465026880943456,3.454408665000301,dstar_lite,False,0,0,217,948,9,0.015438338999956613,0,0.0,0.011604418001297745,True,9,0,6,6,A,6764,0.425,True,5.437782020999293
0,38.724235620323064,590,0,,0.465026880943456,2.2805014040004608,dstar_lite,False,0,0,9138,38037,811,0.20190120400002343,0,0.0,0.1166294470003777,True,3119,0,5,5,A,6765,0.4875,True,4.279770600998745
0,38.3120395193273,591,0,,0.475657439761009,1.1289344300002995,dstar_lite,False,0,0,6452,26444,10701,0.10322733499924652,0,0.0,0.7631445509996411,True,67089,0,6,6,A,6766,0.4625,True,3.136055834000217
0,39.97339160844946,616,0,,0.475657439761009,1.8921872609989805,dstar_lite,False,0,0,3514,14588,16381,0.06541909099905752,0,0.0,1.3510772160007036,True,121758,0,6,6,A,6767,0.4625,True,4.548908869001025
0,40.34708383327098,612,0,,0.465026880943456,2.7483586500002275,dstar_lite,False,0,0,2908,12288,574,0.054846311000801506,0,0.0,0.05451864000133355,True,2658,0,6,6,A,6768,0.3625,True,4.511723028001143
0,39.16477731528564,574,0,,0.465026880943456,1.0465079459991102,dstar_lite,False,0,0,18670,77106,454,0.3554872439999599,0,0.0,0.18138052099857305,True,3259,0,4,4,A,6769,0.5125,True,2.7775303130001703
0,40.933440882778946,628,0,,0.465026880943456,4.434332263001124,dstar_lite,False,0,0,4452,18871,1321,0.09713536799972644,0,0.0,0.11246968599880347,True,5207,0,5,5,A,6770,0.55,True,7.664339728000414
0,41.13381928091012,663,0,,0.475657439761009,2.934960444999888,dstar_lite,False,0,0,3499,14488,4926,0.08616279700072482,0,0.0,0.2693694960016728,True,20969,0,7,7,A,6771,0.5875,True,4.736242232998848
0,39.5364549420782,611,0,,0.465026880943456,1.724946722999448,dstar_lite,False,0,0,500,2126,470,0.026100324001163244,0,0.0,0.03012821599986637,True,1425,0,7,7,A,6772,0.4,True,4.6328435359992
0,39.208141377517826,619,0,,0.465026880943456,4.305706574999931,dstar_lite,False,0,0,1921,8179,875,0.05574467500082392,0,0.0,0.0703585369992652,True,3505,0,8,8,A,6773,0.5875,True,7.362819087000389
0,38.04862411205274,566,0,,0.465026880943456,0.9894258059994172,dstar_lite,False,0,0,1719,7412,2526,0.04142139499890618,0,0.0,0.17830490300002566,True,14470,0,4,4,A,6774,0.4375,True,2.038031805999708
0,39.60866967043633,618,0,,0.475657439761009,2.374020533001385,dstar_lite,False,0,0,2840,11995,529,0.07378928899925086,0,0.0,0.050704848999885144,True,1621,0,6,6,A,6775,0.5,True,6.4008556459994
0,37.25017166217723,553,0,,0.465026880943456,2.785872546999599,dstar_lite,False,0,0,3691,15605,742,0.07601080099993851,0,0.0,0.08029545399949711,True,3659,0,6,6,A,6776,0.4125,True,3.7788589429983404
0,37.36492560698633,577,0,,0.475657439761009,2.535125786998833,dstar_lite,False,0,0,9663,39205,29350,0.17141001500021957,0,0.0,2.359207301000424,True,216394,0,4,4,A,6777,0.4625,True,4.172535428999254
0,37.64741462048724,554,0,,0.465026880943456,2.9104421570009436,dstar_lite,False,0,0,5623,23352,240,0.10834860500108334,0,0.0,0.04917041799853905,True,1090,0,4,4,A,6778,0.3375,True,3.8974440330021025
0,36.23873675099865,542,0,,0.465026880943456,2.660963508998975,dstar_lite,False,0,0,2663,11095,3,0.057889572000931366,0,0.0,0.02060327000071993,True,3,0,6,6,A,6779,0.4,True,3.6864880960019946
0,37.838897702605216,568,0,,0.465026880943456,4.243468886999835,dstar_lite,False,0,0,19715,81537,1500,0.38536240400026145,0,0.0,0.24730394700054603,True,8044,0,4,4,A,6780,0.4375,True,5.626490646000093
0,36.45905668974296,542,0,,0.465026880943456,1.249873683998885,dstar_lite,False,0,0,9878,40265,2759,0.1684062959993753,0,0.0,0.21839432600063446,True,13903,0,5,5,A,6781,0.3875,True,2.491626314000314
0,38.011110427494806,576,0,,0.465026880943456,2.808342377000372,dstar_lite,False,0,0,3068,12946,1361,0.06468395199954102,0,0.0,0.12932476199966914,True,9794,0,7,7,A,6782,0.4125,True,4.200686184000006
0,38.876555998878494,575,0,,0.465026880943456,1.2492959179999161,dstar_lite,False,0,0,5274,21818,1939,0.10441978299968468,0,0.0,0.11241319100008695,True,5949,0,6,6,A,6783,0.475,True,2.830770726000992
0,39.262866779567055,595,0,,0.465026880943456,1.501262408999537,dstar_lite,False,0,0,2996,12384,466,0.07414268600041396,0,0.0,0.04795948200080602,True,1552,0,5,5,A,6784,0.375,True,3.8064858889993047
0,39.19974341152972,589,0,,0.465026880943456,2.3893631600003573,dstar_lite,False,0,0,7062,29364,398,0.1530196950006939,0,0.0,0.07480073400074616,True,1729,0,5,5,A,6785,0.475,True,4.619875084001251
0,40.59585819833634,642,0,,0.465026880943456,4.76745797500007,dstar_lite,False,0,0,4938,20469,892,0.12133713000002899,0,0.0,0.09963706900089164,True,3771,0,5,5,A,6786,0.4125,True,10.186282743999982
0,38.50077591959671,579,0,,0.465026880943456,3.1420439169996826,dstar_lite,False,0,0,3106,13080,1029,0.06678431799991813,0,0.0,0.07699564500035194,True,3750,0,6,6,A,6787,0.4,True,4.448971624000478
0,43.02946772577877,708,0,,0.47565743976100916,7.1415333050008485,dstar_lite,False,0,0,4277,18025,532,0.0910944240004028,0,0.0,0.04290824200143106,True,1303,0,6,6,A,6788,0.425,True,12.636886838999999
0,38.768038562036416,586,0,,0.465026880943456,1.6411299160008639,dstar_lite,False,0,0,15873,65690,4603,0.28906409199953487,0,0.0,0.366964740000185,True,22442,0,5,5,A,6789,0.4375,True,4.257395512000585
0,38.64506824684491,591,0,,0.465026880943456,4.841250321998814,dstar_lite,False,0,0,3463,14407,2562,0.09500002400091034,0,0.0,0.15856574200006435,True,9082,0,6,6,A,6790,0.4875,True,5.977796680002939
0,39.007960061982196,600,0,,0.465026880943456,2.8039120039993577,dstar_lite,False,0,0,5165,21613,891,0.1022938170008274,0,0.0,0.09374040500006231,True,3768,0,6,6,A,6791,0.4375,True,6.118714710000859
0,41.65918492919277,637,0,,0.465026880943456,3.3748464380005316,dstar_lite,False,0,0,5155,21294,11149,0.08428444299897819,0,0.0,0.7684373360007157,True,69127,0,5,5,A,6792,0.3875,True,5.657918426000833
0,38.443539044663076,590,0,,0.465026880943456,3.7768680730005144,dstar_lite,False,0,0,316,1401,194,0.01633252099964011,0,0.0,0.015868594999119523,True,531,0,9,9,A,6793,0.4625,True,5.336391865997939
0,37.80255528740488,569,0,,0.465026880943456,1.5197687359996053,dstar_lite,False,0,0,1484,6231,180,0.05431269000109751,0,0.0,0.028211498998643947,True,1031,0,6,6,A,6794,0.4375,True,3.175537446000817
0,39.29891614248275,615,0,,0.475657439761009,6.137958076998984,dstar_lite,False,0,0,5305,21936,3121,0.1414243079998414,0,0.0,0.14691094899899326,True,9210,0,5,5,A,6795,0.5,True,9.005832874998305
0,37.94679875920901,558,0,,0.465026880943456,1.0887980150000658,dstar_lite,False,0,0,3264,13686,1194,0.06611559900011343,0,0.0,0.09760076100064907,True,6695,0,5,5,A,6796,0.3875,True,1.9493447879976884
0,40.22227597133388,608,0,,0.465026880943456,5.376836068000557,dstar_lite,False,0,0,4510,19071,524,0.09600927499923273,0,0.0,0.07210844399924099,True,1751,0,6,6,A,6797,0.5,True,6.853808382002171
0,40.11581424777944,628,0,,0.475657439761009,3.0975332030011486,dstar_lite,False,0,0,7524,30937,12414,0.14782170999933442,0,0.0,0.7970064820001426,True,68546,0,5,5,A,6798,0.5,True,5.62845978400037
0,40.96575955296514,652,0,,0.475657439761009,2.5884881960009807,dstar_lite,False,0,0,5875,24053,10716,0.09948762899875874,0,0.0,0.6811158769996837,True,60112,0,6,6,A,6799,0.45,True,5.016594519000137
0,38.289862291501116,577,0,,0.465026880943456,1.0383486690006976,dstar_lite,False,0,0,7420,30786,845,0.17079915400063328,0,0.0,0.0792503980010224,True,1751,0,7,7,A,6800,0.45,True,2.9593038780021743
0,37.27718466310821,558,0,,0.465026880943456,1.6339275749996887,dstar_lite,False,0,0,3249,13846,7132,0.0712167590008903,0,0.0,0.5698622680010885,True,50429,0,3,3,A,6801,0.4625,True,3.642661225001575
0,36.10777766490872,523,0,,0.465026880943456,0.7738317280000047,dstar_lite,False,0,0,3818,15982,1249,0.07540990100096678,0,0.0,0.10069154200027697,True,6326,0,3,3,A,6802,0.4,True,1.285240759001681
0,39.423480299184824,588,0,,0.465026880943456,1.7125488040001073,dstar_lite,False,0,0,1911,7987,886,0.057948773999669356,0,0.0,0.06114197399983823,True,3668,0,4,4,A,6803,0.55,True,4.399411915999735
0,36.58360514776823,535,0,,0.465026880943456,2.1467912349999096,dstar_lite,False,0,0,6066,25201,26,0.13735284999893338,0,0.0,0.04377933499927167,True,153,0,4,4,A,6804,0.4125,True,2.9149052159991697
0,36.37028933555016,543,0,,0.465026880943456,1.2364386749995901,dstar_lite,False,0,0,4071,17015,14045,0.07849679900027695,0,0.0,1.1536564840007486,True,105128,0,4,4,A,6805,0.3375,True,2.599450331999833
0,37.80060337324585,581,0,,0.475657439761009,2.014177347000441,dstar_lite,False,0,0,6693,27823,2360,0.1458275090008101,0,0.0,0.16727551599979051,True,9835,0,6,6,A,6806,0.55,True,4.9564696319994255
0,38.79340449041053,565,0,,0.465026880943456,0.4729758239991497,dstar_lite,False,0,0,1952,8279,1805,0.05049626499931037,0,0.0,0.14959464400089928,True,11817,0,5,5,A,6807,0.4375,True,1.4809182899989537
0,41.754676803420615,633,0,,0.465026880943456,5.232572828001139,dstar_lite,False,0,0,3439,14423,429,0.08266791500136605,0,0.0,0.062449704000755446,True,1343,0,7,7,A,6808,0.525,True,8.351213690000804
0,38.291525401022646,572,0,,0.465026880943456,1.350809195999318,dstar_lite,False,0,0,3348,14173,630,0.08739433499977167,0,0.0,0.07377606599948194,True,3020,0,7,7,A,6809,0.4125,True,3.3021793399984745
0,40.44506636855981,622,0,,0.475657439761009,1.9359263509995799,dstar_lite,False,0,0,2716,11142,935,0.08347780100120872,0,0.0,0.06196844299847726,True,3702,0,5,5,A,6810,0.5125,True,3.905575974000385
0,42.514976481083856,653,0,,0.465026880943456,3.979678226998658,dstar_lite,False,0,0,1857,7787,206,0.05347812800027896,0,0.0,0.04555511599937745,True,1116,0,7,7,A,6811,0.6125,True,8.360465010997359
0,38.767868796168756,582,0,,0.475657439761009,2.1755661719998898,dstar_lite,False,0,0,1330,5703,236,0.03514639300010458,0,0.0,0.024811682998915785,True,955,0,5,5,A,6812,0.3375,True,4.696403527001166
0,41.12997757657385,638,0,,0.475657439761009,2.075848529000723,dstar_lite,False,0,0,6468,26510,23370,0.14249982199908118,0,0.0,1.9302195389991539,True,172473,0,7,7,A,6813,0.5,True,5.102755002999402
0,35.51576060393959,522,0,,0.465026880943456,0.721972036999432,dstar_lite,False,0,0,7205,29698,746,0.16681147499912186,0,0.0,0.09453759200005152,True,3349,0,6,6,A,6814,0.5375,True,2.2713376289975713
0,38.40835220010041,582,0,,0.475657439761009,4.485930507000376,dstar_lite,False,0,0,689,2948,26,0.02499399699991045,0,0.0,0.014437603000260424,True,150,0,5,5,A,6815,0.3375,True,6.270444427998882
0,40.498197537892295,647,0,,0.475657439761009,2.3554157500002475,dstar_lite,False,0,0,870,3667,7560,0.0389894150011969,0,0.0,0.6655444970001554,True,59903,0,6,6,A,6816,0.3875,True,5.372783562999757
0,39.05621827181722,611,0,,0.465026880943456,2.326821495000331,dstar_lite,False,0,0,453,1915,343,0.020729217998450622,0,0.0,0.024593353000454954,True,1053,0,7,7,A,6817,0.425,True,4.33941078800126
0,38.50953839155834,581,0,,0.475657439761009,2.5659389789998386,dstar_lite,False,0,0,1961,8201,3210,0.05051671600085683,0,0.0,0.2678433729997778,True,22354,0,3,3,A,6818,0.4875,True,3.2365916759990796
0,38.161022647460655,599,0,,0.475657439761009,2.5822937930006447,dstar_lite,False,0,0,1052,4503,481,0.039691945999948075,0,0.0,0.038969213999735075,True,1278,0,8,8,A,6819,0.5125,True,6.2930826710016845
0,39.5364717984118,604,0,,0.465026880943456,3.2525856659995043,dstar_lite,False,0,0,6469,26655,2472,0.12844080200011376,0,0.0,0.12178775599932123,True,5498,0,5,5,A,6820,0.475,True,6.038177096999789
0,40.31949189754692,621,0,,0.465026880943456,3.7401346290007496,dstar_lite,False,0,0,641,2700,76,0.028530957000839408,0,0.0,0.022550493999005994,True,101,0,7,7,A,6821,0.4625,True,7.24045584400119
0,41.84333895067911,678,0,,0.475657439761009,2.3644634449992736,dstar_lite,False,0,0,10420,43122,218,0.20201484100107336,0,0.0,0.11796069900083239,True,1331,0,8,8,A,6822,0.525,True,8.095415112997216
0,36.449700577833596,546,0,,0.475657439761009,1.5264760160007427,dstar_lite,False,0,0,2145,9074,230,0.042610088999936124,0,0.0,0.032954839000012726,True,1080,0,4,4,A,6823,0.5,True,3.4489968190009677
0,38.94289108389396,602,0,,0.465026880943456,2.59042630499971,dstar_lite,False,0,0,2593,11068,245,0.0579271440001321,0,0.0,0.03753766000045289,True,1282,0,6,6,A,6824,0.4375,True,5.695486079999682
0,39.795401341307546,601,0,,0.465026880943456,0.6241979400001583,dstar_lite,False,0,0,2797,11756,1645,0.07400348400005896,0,0.0,0.1375039230006223,True,9593,0,7,7,A,6825,0.4125,True,2.5963212739970913
0,38.58028042606702,599,0,,0.475657439761009,1.339759051999863,dstar_lite,False,0,0,4282,17907,7340,0.09517493900057161,0,0.0,0.5048274170003424,True,42735,0,5,5,A,6826,0.4875,True,3.533139658999062
0,37.61328030703664,557,0,,0.465026880943456,3.954369027998837,dstar_lite,False,0,0,9896,41361,809,0.2025409039997612,0,0.0,0.14790956499928143,True,5079,0,3,3,A,6827,0.425,True,5.063998051000453
0,37.41892205079423,566,0,,0.465026880943456,1.314682060999985,dstar_lite,False,0,0,2534,10735,2432,0.07404102100008458,0,0.0,0.18986550599947805,True,14824,0,6,6,A,6828,0.5125,True,3.090289018002295
0,40.29125130305669,606,0,,0.4962358310319797,5.369343831000151,dstar_lite,False,0,0,7530,31121,1626,0.16495170500093082,0,0.0,0.12079426200034504,True,4361,0,5,5,A,6829,0.5,True,6.192672240002139
0,37.0845046772808,568,0,,0.465026880943456,1.5236070809987723,dstar_lite,False,0,0,2134,8972,1054,0.06168973700005154,0,0.0,0.09276024599967059,True,5278,0,6,6,A,6830,0.4125,True,3.9402374839992262
0,40.27156297790867,615,0,,0.475657439761009,3.387486331999753,dstar_lite,False,0,0,9688,40123,19040,0.17697011800009932,0,0.0,1.4806421639987093,True,131497,0,3,3,A,6831,0.325,True,5.838171052999314
0,35.50654712453933,523,0,,0.465026880943456,0.9423194760001934,dstar_lite,False,0,0,4138,16989,303,0.08490621200144233,0,0.0,0.0584179760007828,True,1280,0,5,5,A,6832,0.525,True,2.352827361000891
0,37.88770802291447,564,0,,0.4962358310319797,1.0090639009995357,dstar_lite,False,0,0,3610,15064,560,0.07350620800025354,0,0.0,0.05451117199845612,True,2358,0,5,5,A,6833,0.4375,True,2.4047228310009814
0,40.43153331498318,635,0,,0.465026880943456,3.286022087000674,dstar_lite,False,0,0,1488,6236,1006,0.043307694999384694,0,0.0,0.04954645200086816,True,2449,0,8,8,A,6834,0.475,True,7.7377472080024745
0,39.96602090432714,601,0,,0.475657439761009,2.7178810610002984,dstar_lite,False,0,0,9850,40880,5017,0.184914960000242,0,0.0,0.34963380100089125,True,24792,0,4,4,A,6835,0.4125,True,3.6298033550010587
0,38.83239287832428,578,0,,0.465026880943456,1.2366933950015664,dstar_lite,False,0,0,5702,24202,702,0.12361514100120985,0,0.0,0.06541786099842284,True,2066,0,6,6,A,6836,0.55,True,2.6944484890027525
0,37.62378362613543,560,0,,0.465026880943456,2.1728257029990345,dstar_lite,False,0,0,4380,18243,641,0.10955464399921766,0,0.0,0.0722243130003335,True,2767,0,6,6,A,6837,0.525,True,3.6101125270015473
0,38.77374315276892,585,0,,0.465026880943456,5.691634587001317,dstar_lite,False,0,0,670,2922,168,0.04167408800094563,0,0.0,0.020306033999077044,True,325,0,5,5,A,6838,0.375,True,6.39499826500105
0,38.37567344338097,576,0,,0.465026880943456,1.548576723998849,dstar_lite,False,0,0,1433,6019,1340,0.05697916799908853,0,0.0,0.10438735899879248,True,7681,0,7,7,A,6839,0.4625,True,3.2722867189986573
0,37.62995472898043,560,0,,0.465026880943456,0.746518580999691,dstar_lite,False,0,0,137,612,56,0.016777861999798915,0,0.0,0.009031947000039509,True,64,0,8,8,A,6840,0.3875,True,2.20971446799922
0,40.17378085115682,626,0,,0.475657439761009,2.846038020999913,dstar_lite,False,0,0,6952,28630,3498,0.16011554399847228,0,0.0,0.17921537599977455,True,9184,0,6,6,A,6841,0.5625,True,5.839187752000726
0,37.482509710549444,559,0,,0.465026880943456,4.411688600999696,dstar_lite,False,0,0,7888,32885,1612,0.15954488899842545,0,0.0,0.17899860100078513,True,9893,0,3,3,A,6842,0.4,True,5.470268559998658
0,38.21698039486731,557,0,,0.4962358310319797,1.7213701119999314,dstar_lite,False,0,0,2137,8997,119,0.04705764100071974,0,0.0,0.02737375700053235,True,745,0,6,6,A,6843,0.3625,True,2.1729974519985262
0,36.950022202075125,553,0,,0.465026880943456,1.5612292669993622,dstar_lite,False,0,0,4240,17437,1731,0.07030793499870924,0,0.0,0.1355804939994414,True,10220,0,5,5,A,6844,0.4125,True,3.217532081000172
0,38.42038599629695,574,0,,0.465026880943456,1.0495717569992848,dstar_lite,False,0,0,11109,45363,3140,0.2020906890011247,0,0.0,0.25661335999939183,True,17519,0,4,4,A,6845,0.4,True,2.5882068239970977
0,40.63206068463175,657,0,,0.475657439761009,1.2457006410004396,dstar_lite,False,0,0,2880,12039,8129,0.06549965200065344,0,0.0,0.6375760509999964,True,55715,0,9,9,A,6846,0.5125,True,4.65083173900166
0,37.34778802994307,561,0,,0.465026880943456,1.765751585999169,dstar_lite,False,0,0,9917,41429,3240,0.2061360469997453,0,0.0,0.2894495709988405,True,20811,0,4,4,A,6847,0.4125,True,3.1661029829992913
0,38.07349721405239,570,0,,0.465026880943456,1.2588876579993666,dstar_lite,False,0,0,3037,13076,544,0.08492051800021727,0,0.0,0.0666600179993111,True,2701,0,6,6,A,6848,0.45,True,3.0567751379985566
0,37.5044730260147,564,0,,0.465026880943456,5.65542509900115,dstar_lite,False,0,0,2416,10227,900,0.06024242400053481,0,0.0,0.07420176699997683,True,3002,0,6,6,A,6849,0.475,True,6.7185638540013315
0,41.07181464659634,632,0,,0.475657439761009,3.3785676969982887,dstar_lite,False,0,0,10855,45614,228,0.2586088070002006,0,0.0,0.11166759799925785,True,457,0,4,4,A,6850,0.45,True,7.322712021999905
0,38.591623767509965,600,0,,0.465026880943456,2.1365665060002357,dstar_lite,False,0,0,1227,5196,1369,0.03915011400022195,0,0.0,0.10161935399992217,True,7540,0,6,6,A,6851,0.5,True,4.456002745999285
0,37.78593038115,551,0,,0.465026880943456,0.796421929000644,dstar_lite,False,0,0,4025,16824,2869,0.08565443700172182,0,0.0,0.23570287799884682,True,18771,0,5,5,A,6852,0.3875,True,1.7913090380006906
0,37.71632301463955,558,0,,0.465026880943456,1.6669432819999201,dstar_lite,False,0,0,4755,19751,2503,0.11690265200013528,0,0.0,0.23162347700053942,True,17130,0,5,5,A,6853,0.475,True,2.7429036570010794
0,38.99664967365664,587,0,,0.465026880943456,2.4052068769997277,dstar_lite,False,0,0,505,2193,672,0.019727583001440507,0,0.0,0.05086572099935438,True,3352,0,4,4,A,6854,0.425,True,3.6973623579997366
0,37.57775817800968,554,0,,0.465026880943456,3.364862352998898,dstar_lite,False,0,0,8308,34809,4466,0.1511699629991199,0,0.0,0.4476919100015948,True,33804,0,2,2,A,6855,0.4,True,3.96773624099842
0,40.11155394241055,625,0,,0.475657439761009,1.7228061130008427,dstar_lite,False,0,0,517,2242,93,0.023513400001320406,0,0.0,0.017447326001274632,True,556,0,6,6,A,6856,0.4125,True,4.513969665998957
0,39.330199250539096,610,0,,0.475657439761009,1.6456397139991168,dstar_lite,False,0,0,4488,18695,18428,0.0955128240002523,0,0.0,1.5470087850007985,True,142786,0,4,4,A,6857,0.3,True,3.8090314739984024
0,39.458762348847195,609,0,,0.465026880943456,3.0529027660013526,dstar_lite,False,0,0,459,2000,472,0.01867089000006672,0,0.0,0.03851027099881321,True,2282,0,8,8,A,6858,0.4625,True,5.139217013002053
0,40.40938795626759,615,0,,0.465026880943456,3.562274300000354,dstar_lite,False,0,0,4190,17280,1549,0.08561667000140005,0,0.0,0.09860703599952103,True,5803,0,5,5,A,6859,0.4125,True,6.465050692999284
0,38.03691323787071,570,0,,0.465026880943456,2.674152495999806,dstar_lite,False,0,0,4805,20287,142,0.1154125800003385,0,0.0,0.04649901199991291,True,284,0,4,4,A,6860,0.3625,True,4.069790813000509
0,36.925826620797785,565,0,,0.465026880943456,1.1474779109994415,dstar_lite,False,0,0,3094,13018,565,0.06944569300139847,0,0.0,0.060749738000595244,True,2805,0,6,6,A,6861,0.425,True,3.4526263089974236
0,36.672950926290234,553,0,,0.4596194077712549,2.844277164998857,dstar_lite,False,0,0,1410,6020,29,0.04923463299928699,0,0.0,0.0246906089996628,True,29,0,6,6,A,6862,0.3625,True,3.5626297869985137
0,36.820944971035864,551,0,,0.465026880943456,1.5865126509997935,dstar_lite,False,0,0,8188,33462,162,0.15993225000056555,0,0.0,0.059582570000202395,True,989,0,4,4,A,6863,0.4375,True,2.958010505000857
0,40.27345754958901,605,0,,0.4962358310319797,2.43226820199925,dstar_lite,False,0,0,7529,31220,1451,0.17011768100019253,0,0.0,0.19567420600105834,True,10564,0,5,5,A,6864,0.4625,True,5.747782365999228
0,37.09550528083725,556,0,,0.465026880943456,0.8541584730010072,dstar_lite,False,0,0,6021,24847,7804,0.12952699100060272,0,0.0,0.6205740590012283,True,55270,0,4,4,A,6865,0.4,True,2.497722943999179
0,40.85739955906846,625,0,,0.465026880943456,3.0526810270002898,dstar_lite,False,0,0,924,4018,449,0.043267273000310524,0,0.0,0.03931545399973402,True,1498,0,6,6,A,6866,0.475,True,5.8701905100006115
0,38.40007185062342,581,0,,0.475657439761009,1.0944517139996606,dstar_lite,False,0,0,6332,26103,4130,0.14876306499900238,0,0.0,0.2725484269994922,True,21661,0,4,4,A,6867,0.4125,True,2.641747743000451
0,39.38871919555952,606,0,,0.475657439761009,1.1238938419992337,dstar_lite,False,0,0,986,4209,835,0.03428513700055191,0,0.0,0.07034941500023706,True,4041,0,6,6,A,6868,0.4,True,3.6371415499979776
0,39.63639330584531,619,0,,0.465026880943456,3.921740265999688,dstar_lite,False,0,0,1457,6238,67,0.04513887900066038,0,0.0,0.02955438599929039,True,67,0,8,8,A,6869,0.475,True,6.947702961000687
0,38.6140772538158,588,0,,0.465026880943456,3.7432910580009775,dstar_lite,False,0,0,4637,19480,439,0.1050723360003758,0,0.0,0.06345886099916243,True,1199,0,6,6,A,6870,0.5125,True,6.192018417003055
0,39.14829004536853,602,0,,0.465026880943456,1.2952677789999143,dstar_lite,False,0,0,1182,5020,1436,0.04186601899891684,0,0.0,0.1038128020009026,True,7457,0,8,8,A,6871,0.55,True,3.3869919149983616
0,42.18641506203383,662,0,,0.475657439761009,4.9079252119991,dstar_lite,False,0,0,2138,9079,1589,0.062027924999711104,0,0.0,0.08130106099997647,True,4212,0,6,6,A,6872,0.5125,True,8.496385034999548
0,47.99706261624479,761,0,,0.47565743976100916,9.702490261999628,dstar_lite,False,0,0,1443,6058,740,0.042585140001392574,0,0.0,0.05141394800011767,True,2354,0,6,6,A,6873,0.3875,True,11.142243621998205
0,42.030865443562035,662,0,,0.475657439761009,5.127632462001202,dstar_lite,False,0,0,1798,7576,1492,0.05027197699928365,0,0.0,0.10086781300014991,True,6119,0,6,6,A,6874,0.45,True,8.214930657000878
0,38.12634891715757,585,0,,0.475657439761009,2.4478509390010004,dstar_lite,False,0,0,1446,6176,247,0.04442401000051177,0,0.0,0.03697721000025922,True,1213,0,6,6,A,6875,0.425,True,4.169334221000099
0,37.32024953284988,547,0,,0.465026880943456,1.1495875789987622,dstar_lite,False,0,0,6884,28759,2021,0.14584389300034672,0,0.0,0.21167307299947424,True,14233,0,3,3,A,6876,0.4875,True,2.1491266129978612
0,37.28808259896082,562,0,,0.465026880943456,2.3540917160007666,dstar_lite,False,0,0,2333,9792,2254,0.05503236600088712,0,0.0,0.18363375700027973,True,14964,0,7,7,A,6877,0.425,True,3.983128169002157
0,38.06688617292787,563,0,,0.465026880943456,2.2769167679998645,dstar_lite,False,0,0,972,4224,72,0.03145806999964407,0,0.0,0.01916689000063343,True,75,0,6,6,A,6878,0.375,True,3.1770335679975688
0,37.512542583046304,565,0,,0.465026880943456,1.0681622580013936,dstar_lite,False,0,0,2414,10096,2148,0.06478754800082243,0,0.0,0.11737718199947267,True,9307,0,5,5,A,6879,0.5125,True,2.4943820840035187
0,39.99174357530434,609,0,,0.475657439761009,1.2940396409994719,dstar_lite,False,0,0,4501,18507,15770,0.10609362399918609,0,0.0,1.1844207280009869,True,108941,0,5,5,A,6880,0.475,True,3.6906019270008983
0,38.68105808290384,576,0,,0.465026880943456,1.1195727200010879,dstar_lite,False,0,0,1745,7324,1444,0.06161608299953514,0,0.0,0.11203713600116316,True,8295,0,6,6,A,6881,0.425,True,2.5068966040016676
0,38.55016582605737,589,0,,0.465026880943456,2.584751045998928,dstar_lite,False,0,0,569,2458,747,0.03235881099863036,0,0.0,0.06072933500036015,True,3619,0,7,7,A,6882,0.4,True,4.753893694998624
0,38.716031077680334,590,0,,0.465026880943456,3.29636230199867,dstar_lite,False,0,0,8876,36714,7160,0.17659109200030798,0,0.0,0.611103531999106,True,49883,0,5,5,A,6883,0.425,True,5.209091938000711
0,39.361308737803576,610,0,,0.465026880943456,2.8622885390013835,dstar_lite,False,0,0,5558,23469,1652,0.14459153999996488,0,0.0,0.15988648100028513,True,8214,0,6,6,A,6884,0.575,True,5.877337670999623
0,38.52835355724068,600,0,,0.475657439761009,3.8377111080008035,dstar_lite,False,0,0,6605,27107,1877,0.16853059200002463,0,0.0,0.11160685000140802,True,4070,0,6,6,A,6885,0.4375,True,5.854726918001688
0,42.25777864024412,648,0,,0.465026880943456,7.388420237999526,dstar_lite,False,0,0,7438,30349,4044,0.1566778649994376,0,0.0,0.19081241299863905,True,11653,0,6,6,A,6886,0.3875,True,9.151629398997102
0,36.75261568702568,550,0,,0.4962358310319797,1.2447578079991217,dstar_lite,False,0,0,481,2082,372,0.02465285799917183,0,0.0,0.03058742400025949,True,1768,0,6,6,A,6887,0.475,True,2.8127382549973845
0,39.77997684961376,622,0,,0.475657439761009,1.7196887059999426,dstar_lite,False,0,0,2622,11077,268,0.06143750899900624,0,0.0,0.04662898400056292,True,1566,0,8,8,A,6888,0.4625,True,4.3577619419993425
0,38.321666973769254,592,0,,0.4596194077712549,1.2707948999996006,dstar_lite,False,0,0,1975,8295,3,0.05166281299898401,0,0.0,0.033630917001573835,True,3,0,8,8,A,6889,0.475,True,4.552272983999501
0,38.93063280519228,592,0,,0.465026880943456,2.315594831999988,dstar_lite,False,0,0,1453,6192,569,0.05659100000048056,0,0.0,0.03910454600008961,True,1666,0,5,5,A,6890,0.3625,True,4.016843068002345
0,38.19993135203732,553,0,,0.465026880943456,1.5022014909991412,dstar_lite,False,0,0,15323,63395,171,0.3443178920006176,0,0.0,0.09956437999971968,True,1089,0,3,3,A,6891,0.3875,True,2.4246320529982768
0,37.664417167371234,575,0,,0.465026880943456,2.4354757979999704,dstar_lite,False,0,0,5638,23478,729,0.11371472800055926,0,0.0,0.09243040000001201,True,4038,0,6,6,A,6892,0.4,True,3.8522699599980115
0,38.633568754498256,600,0,,0.475657439761009,1.7454197369988833,dstar_lite,False,0,0,4116,17319,2949,0.13333012200018857,0,0.0,0.24109717400096997,True,16590,0,5,5,A,6893,0.475,True,4.914756899999702
0,39.58618687814599,600,0,,0.465026880943456,2.3161288120008976,dstar_lite,False,0,0,1842,7837,652,0.04885055599879706,0,0.0,0.05520991299999878,True,2357,0,6,6,A,6894,0.375,True,4.157173440002225
0,37.93734788610677,579,0,,0.465026880943456,3.0124556380014837,dstar_lite,False,0,0,3996,16634,3706,0.09259998600100516,0,0.0,0.21762903700073366,True,16733,0,5,5,A,6895,0.45,True,4.326494065002407
0,38.52682587767489,579,0,,0.465026880943456,1.5142800970006647,dstar_lite,False,0,0,2742,11594,2076,0.056331409999984317,0,0.0,0.16683680700043624,True,12797,0,5,5,A,6896,0.3125,True,2.7693238720021327
0,37.2071968053855,545,0,,0.465026880943456,1.2017166090008686,dstar_lite,False,0,0,3647,15233,503,0.0743467709999095,0,0.0,0.0531187750002573,True,2545,0,5,5,A,6897,0.375,True,2.1883842000006553
0,39.04902491755116,585,0,,0.465026880943456,1.0587476499986224,dstar_lite,False,0,0,3607,14876,1871,0.10675972500030184,0,0.0,0.15721470300013607,True,11179,0,6,6,A,6898,0.4375,True,2.8675916399988637
0,37.131446736797706,551,0,,0.465026880943456,1.4923856360001082,dstar_lite,False,0,0,5077,21581,3812,0.11357982200024708,0,0.0,0.26689131400053157,True,21277,0,4,4,A,6899,0.4375,True,2.1207642699991993
0,36.052929402429804,536,0,,0.465026880943456,1.35426653399918,dstar_lite,False,0,0,6742,27616,1756,0.12322522300019045,0,0.0,0.12543237200043222,True,7251,0,5,5,A,6900,0.375,True,2.199827403999734
0,40.42843633566908,618,0,,0.465026880943456,1.1743741820009745,dstar_lite,False,0,0,1318,5689,760,0.040663086001586635,0,0.0,0.06427693300065584,True,3129,0,8,8,A,6901,0.4375,True,3.4015241359993524
0,38.221952380268554,578,0,,0.465026880943456,2.1387116690002586,dstar_lite,False,0,0,4299,17957,2110,0.10938720000012836,0,0.0,0.1512391079995723,True,9916,0,5,5,A,6902,0.5125,True,3.8318247919996793
0,36.49311080983601,542,0,,0.475657439761009,1.2924261990010564,dstar_lite,False,0,0,8041,33606,11542,0.13102949299900502,0,0.0,0.8877150120006263,True,78998,0,3,3,A,6903,0.2875,True,2.601837128002444
0,38.268334687938044,573,0,,0.465026880943456,3.415754077999736,dstar_lite,False,0,0,2238,9511,2185,0.0593300470009126,0,0.0,0.20103362000008929,True,15549,0,5,5,A,6904,0.4,True,4.3397985420015175
0,37.26059323833052,536,0,,0.465026880943456,0.5811303279988351,dstar_lite,False,0,0,896,3904,170,0.040512714000215055,0,0.0,0.029662801000085892,True,1042,0,4,4,A,6905,0.3625,True,1.4153060559983714
0,37.62435809158945,560,0,,0.465026880943456,0.827658803000304,dstar_lite,False,0,0,2207,9254,1380,0.09506394500021997,0,0.0,0.10116719400139118,True,6503,0,7,7,A,6906,0.475,True,2.624057476998132
0,38.44166222369483,576,0,,0.465026880943456,4.914163010000266,dstar_lite,False,0,0,8981,37073,959,0.16921288799858303,0,0.0,0.11781369999880553,True,2956,0,5,5,A,6907,0.4375,True,7.111564626002291
0,38.05735252861361,567,0,,0.465026880943456,1.7196717389997502,dstar_lite,False,0,0,3239,13523,698,0.09385675699923013,0,0.0,0.0666638310012786,True,2277,0,6,6,A,6908,0.4375,True,2.585108389999732
0,40.14775699980244,627,0,,0.475657439761009,3.8618316110005253,dstar_lite,False,0,0,8290,34764,465,0.1457013149993145,0,0.0,0.08312797399958072,True,1722,0,4,4,A,6909,0.375,True,6.1933159199998045
0,36.761251426839145,549,0,,0.465026880943456,1.7665311889995792,dstar_lite,False,0,0,6753,28101,715,0.16517898200072523,0,0.0,0.08425581799929205,True,2700,0,4,4,A,6910,0.4875,True,3.417057284999828
0,37.36378620849691,544,0,,0.465026880943456,2.451563447000808,dstar_lite,False,0,0,5730,24114,2897,0.09397852000074636,0,0.0,0.299730205000742,True,21830,0,2,2,A,6911,0.2875,True,2.849638898000194
0,39.66876449552252,610,0,,0.465026880943456,2.6288564169990423,dstar_lite,False,0,0,2103,8816,1024,0.05368939399886585,0,0.0,0.09956804399917019,True,5270,0,7,7,A,6912,0.3375,True,5.849105470000723
0,40.637864168930236,625,0,,0.475657439761009,2.892180073000418,dstar_lite,False,0,0,6522,26516,23755,0.17667551900012768,0,0.0,1.8484265230017627,True,167503,0,6,6,A,6913,0.5125,True,6.085025030999532
0,38.96991465906328,605,0,,0.475657439761009,1.60616074400059,dstar_lite,False,0,0,8061,33541,4579,0.1542444089991477,0,0.0,0.29458448699915607,True,21763,0,6,6,A,6914,0.4375,True,4.30474993000098
0,37.83991663253265,570,0,,0.475657439761009,1.7311639700001251,dstar_lite,False,0,0,3342,13801,5611,0.0753986409999925,0,0.0,0.4130331779997505,True,35862,0,4,4,A,6915,0.45,True,4.067955657999846
0,38.9922292894716,599,0,,0.465026880943456,2.9735255939995113,dstar_lite,False,0,0,3638,14985,3802,0.10351387999980943,0,0.0,0.16824477599948295,True,13090,0,4,4,A,6916,0.45,True,5.345736199000385
0,41.07389568623475,656,0,,0.475657439761009,2.4661425030008104,dstar_lite,False,0,0,4327,17984,17161,0.08815124900138471,0,0.0,1.2873553819990775,True,116457,0,5,5,A,6917,0.425,True,5.62854721199983
0,40.126399664172254,630,0,,0.475657439761009,6.709843331000229,dstar_lite,False,0,0,5723,24046,923,0.10643647100005182,0,0.0,0.08919128399975307,True,2243,0,5,5,A,6918,0.475,True,9.491121994000423
0,39.908190943833446,629,0,,0.475657439761009,1.912110004999704,dstar_lite,False,0,0,2637,11108,7869,0.08744706600009522,0,0.0,0.6439801019987499,True,54692,0,6,6,A,6919,0.375,True,5.060201676998986
0,45.570671818457036,713,0,,0.465026880943456,4.0347403020005,dstar_lite,False,0,0,4903,20323,610,0.11897583800055145,0,0.0,0.07971096300025238,True,1614,0,8,8,A,6920,0.4625,True,11.37442179500249
0,38.88284358340531,584,0,,0.465026880943456,0.7926084800001263,dstar_lite,False,0,0,3249,13604,3804,0.07172862100014754,0,0.0,0.29077706600037345,True,24584,0,6,6,A,6921,0.4375,True,2.358668403001502
0,38.92776431200321,595,0,,0.465026880943456,1.6296138360012264,dstar_lite,False,0,0,717,3120,36,0.031183394001345732,0,0.0,0.018781363000016427,True,36,0,8,8,A,6922,0.4375,True,3.0713777159999154
0,37.31169650813244,566,0,,0.475657439761009,1.3761364849997335,dstar_lite,False,0,0,4886,20482,185,0.10993539300034172,0,0.0,0.043440629000542685,True,648,0,4,4,A,6923,0.4625,True,3.451843311002449
0,42.164360967909474,661,0,,0.475657439761009,3.876380818999678,dstar_lite,False,0,0,4647,19209,4621,0.13270101899979636,0,0.0,0.17957576799926755,True,12546,0,7,7,A,6924,0.4875,True,6.387352689000181
0,38.60778443113553,583,0,,0.465026880943456,3.271486472000106,dstar_lite,False,0,0,1290,5542,1322,0.04177695699945616,0,0.0,0.08630959999936749,True,6631,0,4,4,A,6925,0.45,True,5.21204139099973
0,38.94072076267618,588,0,,0.475657439761009,1.5787004470003012,dstar_lite,False,0,0,12457,50969,2093,0.20474998399913602,0,0.0,0.22186776399939845,True,13764,0,6,6,A,6926,0.4,True,3.8467571460023464
0,35.989299306914496,529,0,,0.465026880943456,1.3588870690000476,dstar_lite,False,0,0,4131,17328,533,0.09527386900117563,0,0.0,0.06778771300014341,True,3074,0,4,4,A,6927,0.4625,True,2.5259379319995787
0,38.600715690054734,572,0,,0.465026880943456,1.1884193160003633,dstar_lite,False,0,0,3939,16310,872,0.10537012900022091,0,0.0,0.08149130299898388,True,4231,0,4,4,A,6928,0.45,True,2.7046056689996476
0,37.46148044574661,559,0,,0.465026880943456,1.2181165940000938,dstar_lite,False,0,0,1305,5564,452,0.04384059999938472,0,0.0,0.04941240799962543,True,2406,0,7,7,A,6929,0.3875,True,2.9139819809970504
0,39.10128711618428,608,0,,0.475657439761009,3.3675874920008937,dstar_lite,False,0,0,3760,15800,5820,0.10711845500009076,0,0.0,0.4878740679996554,True,39326,0,5,5,A,6930,0.4875,True,6.208416223000313
0,37.90279993955594,575,0,,0.465026880943456,1.2354656170009548,dstar_lite,False,0,0,2569,10803,1413,0.06152320899855113,0,0.0,0.09422207799980242,True,5462,0,6,6,A,6931,0.4625,True,3.0018094679999194
0,38.13143546647468,568,0,,0.465026880943456,2.5552391769997485,dstar_lite,False,0,0,6282,26098,617,0.13815271000021312,0,0.0,0.08376864499950898,True,3339,0,4,4,A,6932,0.4625,True,3.949187173999235
0,40.25878116202369,634,0,,0.465026880943456,3.097360595000282,dstar_lite,False,0,0,7585,31424,3243,0.14254431900008058,0,0.0,0.19133071199939877,True,11576,0,6,6,A,6933,0.55,True,6.88234775699857
0,38.266029575275624,572,0,,0.465026880943456,1.5475341189994651,dstar_lite,False,0,0,934,4019,38,0.040047389000392286,0,0.0,0.018052408000585274,True,41,0,8,8,A,6934,0.55,True,3.0946864029974677
0,41.6018460665991,642,0,,0.465026880943456,2.3135824509990925,dstar_lite,False,0,0,7933,33032,9035,0.16260724599851528,0,0.0,0.6785068350000074,True,57385,0,6,6,A,6935,0.475,True,4.422212239998771
0,36.39877848811205,526,0,,0.465026880943456,1.1283594119995541,dstar_lite,False,0,0,8578,36407,736,0.18889639000008174,0,0.0,0.12886003700077708,True,4781,0,4,4,A,6936,0.4,True,1.8104021849994751
0,40.51753632218999,622,0,,0.465026880943456,3.4450029149993497,dstar_lite,False,0,0,6510,27253,2006,0.14460361500096042,0,0.0,0.18264378899948497,True,11524,0,7,7,A,6937,0.5375,True,5.41356829399956
0,39.40452799451605,616,0,,0.465026880943456,3.253220358999897,dstar_lite,False,0,0,3381,14046,1495,0.11652764300015406,0,0.0,0.12015063499893586,True,5654,0,9,9,A,6938,0.475,True,5.854819856998802
0,39.81763662197824,610,0,,0.475657439761009,3.5082679099996312,dstar_lite,False,0,0,7574,31455,2398,0.16258809200007818,0,0.0,0.13562351700056752,True,7416,0,5,5,A,6939,0.5125,True,7.7194007790021715
0,41.634613480723566,634,0,,0.465026880943456,5.54366268800004,dstar_lite,False,0,0,1698,7381,446,0.05649726599949645,0,0.0,0.05358814600003825,True,1743,0,7,7,A,6940,0.5125,True,7.837501277001138
0,41.52719624792719,648,0,,0.475657439761009,2.548315472999093,dstar_lite,False,0,0,5475,22842,744,0.11884568800087436,0,0.0,0.0784255030011991,True,3277,0,5,5,A,6941,0.5125,True,6.566286030998526
0,36.9753405888551,547,0,,0.465026880943456,2.678499482000916,dstar_lite,False,0,0,11339,46541,376,0.2223910229986359,0,0.0,0.10516485500011186,True,1696,0,4,4,A,6942,0.475,True,4.094439628001055
0,40.60160169997589,639,0,,0.475657439761009,2.773245382000823,dstar_lite,False,0,0,390,1678,1664,0.01900667500012787,0,0.0,0.14995808899948315,True,12232,0,7,7,A,6943,0.375,True,5.33865746900301
0,36.54633356265171,540,0,,0.4962358310319797,1.3450445419985044,dstar_lite,False,0,0,5594,23387,704,0.10852280300059647,0,0.0,0.0750995470007183,True,3179,0,3,3,A,6944,0.325,True,2.7427661459987576
0,36.17715060094205,534,0,,0.465026880943456,0.9657408839993877,dstar_lite,False,0,0,8631,35810,9466,0.16664723199937725,0,0.0,0.7951160419997905,True,69647,0,3,3,A,6945,0.25,True,2.2669036030001735
0,38.30184389545374,588,0,,0.475657439761009,2.01301077899916,dstar_lite,False,0,0,6884,28116,23442,0.11071743100001186,0,0.0,1.7691602350005269,True,161934,0,4,4,A,6946,0.3125,True,4.123567844997524
0,39.585240393955054,600,0,,0.465026880943456,1.7437088589995255,dstar_lite,False,0,0,8335,34090,556,0.1401644010002201,0,0.0,0.08762790799846698,True,2979,0,6,6,A,6947,0.375,True,4.322354493999228
0,36.85771045129257,549,0,,0.465026880943456,0.9478203210001084,dstar_lite,False,0,0,907,3862,971,0.03704411400030949,0,0.0,0.06900590799887141,True,4270,0,7,7,A,6948,0.3875,True,3.500426224001785
0,37.562354751155226,580,0,,0.475657439761009,2.241256635999889,dstar_lite,False,0,0,11054,45776,5990,0.20980551600041508,0,0.0,0.31580397200013977,True,20726,0,4,4,A,6949,0.4625,True,4.344309378999242
0,37.47641993201574,554,0,,0.465026880943456,2.5045565259988507,dstar_lite,False,0,0,728,3119,102,0.025682471999971312,0,0.0,0.01998553900011757,True,666,0,4,4,A,6950,0.375,True,3.78291314299895
0,37.049475411986634,568,0,,0.475657439761009,1.349602865999259,dstar_lite,False,0,0,2123,8729,4107,0.08493261199873814,0,0.0,0.2717547740012378,True,23035,0,6,6,A,6951,0.4125,True,2.8545492259981984
0,40.3661980415745,620,0,,0.465026880943456,2.349570196000059,dstar_lite,False,0,0,1376,5995,46,0.03844801500054018,0,0.0,0.01897960699898249,True,319,0,7,7,A,6952,0.375,True,3.298147944999073
0,37.344582192068664,568,0,,0.465026880943456,1.4868222139994032,dstar_lite,False,0,0,646,2823,286,0.022315947000606684,0,0.0,0.023811281000234885,True,860,0,7,7,A,6953,0.4875,True,2.7672707679976156
0,39.19207905129216,585,0,,0.465026880943456,0.8279185990013502,dstar_lite,False,0,0,5728,23826,448,0.14826990199981083,0,0.0,0.08064030000059574,True,2126,0,6,6,A,6954,0.55,True,2.786942168002497
0,35.68979367528021,521,0,,0.465026880943456,0.8833103469987691,dstar_lite,False,0,0,2353,9823,506,0.044254101001570234,0,0.0,0.03413457399983599,True,2374,0,3,3,A,6955,0.4,True,1.816197033998833
0,39.042809583333465,595,0,,0.475657439761009,1.5989062909993663,dstar_lite,False,0,0,304,1311,214,0.015150197999901138,0,0.0,0.02360441000018909,True,1266,0,4,4,A,6956,0.3875,True,3.294226247999177
0,38.63658473156389,598,0,,0.465026880943456,2.638407675000053,dstar_lite,False,0,0,3799,15948,371,0.10397395499967388,0,0.0,0.05902799499926914,True,1755,0,6,6,A,6957,0.4,True,4.908325127998978
0,36.555194202441506,538,0,,0.465026880943456,0.8522915670000657,dstar_lite,False,0,0,300,1295,925,0.01024013999995077,0,0.0,0.06659091099936632,True,5483,0,3,3,A,6958,0.35,True,1.4575260159999743
0,38.49061316221868,586,0,,0.4596194077712549,4.398572630001581,dstar_lite,False,0,0,3232,13641,1022,0.0757954079999763,0,0.0,0.08804889500061108,True,3493,0,7,7,A,6959,0.5,True,6.784274033998372
0,39.05134756776822,588,0,,0.475657439761009,1.3649327230014023,dstar_lite,False,0,0,3597,14877,2030,0.07053364200146461,0,0.0,0.10963789999914297,True,7046,0,6,6,A,6960,0.45,True,3.202492947999417
0,38.867840423267175,577,0,,0.465026880943456,0.8023500239996793,dstar_lite,False,0,0,5165,21579,1489,0.100540061999709,0,0.0,0.09843145299964817,True,5404,0,5,5,A,6961,0.4375,True,2.3008155029983755
0,41.72090178526008,667,0,,0.475657439761009,2.66014634900057,dstar_lite,False,0,0,8496,35165,814,0.16057528300007107,0,0.0,0.11148762199991324,True,1733,0,6,6,A,6962,0.4,True,7.919283044999247
0,39.16700301451127,595,0,,0.465026880943456,2.9080875150011707,dstar_lite,False,0,0,1016,4264,578,0.0373751839997567,0,0.0,0.05588071000056516,True,3575,0,7,7,A,6963,0.4125,True,4.029535519001001
0,38.88295642427243,585,0,,0.465026880943456,3.0664274449991353,dstar_lite,False,0,0,3944,16073,301,0.0810902539997187,0,0.0,0.052352338998389314,True,1567,0,6,6,A,6964,0.475,True,3.9240729980028846
0,38.337949726968056,588,0,,0.465026880943456,1.5129916010009765,dstar_lite,False,0,0,3466,14343,1225,0.07889821999924607,0,0.0,0.08683102299983148,True,3957,0,7,7,A,6965,0.425,True,3.6780789149997872
0,38.070289922609696,565,0,,0.465026880943456,3.197612523001226,dstar_lite,False,0,0,3469,14551,699,0.06210800400003791,0,0.0,0.06272057400019548,True,3214,0,4,4,A,6966,0.3375,True,4.18374102600319
0,38.63715372022926,574,0,,0.465026880943456,1.103953908999756,dstar_lite,False,0,0,3619,15091,2140,0.08693686299920955,0,0.0,0.17929487400033395,True,12967,0,7,7,A,6967,0.5,True,2.5866200309974374
0,36.58548833617228,523,0,,0.465026880943456,0.4855474439991667,dstar_lite,False,0,0,9300,38501,2842,0.1820410330001323,0,0.0,0.30061394499898597,True,22119,0,3,3,A,6968,0.3375,True,0.7268165429995861
0,39.50110050208205,621,0,,0.475657439761009,1.6435784749992308,dstar_lite,False,0,0,3115,12840,14634,0.10211231600078463,0,0.0,1.120711138999468,True,104452,0,6,6,A,6969,0.4625,True,4.258941074998802
0,38.285834558278424,600,0,,0.475657439761009,0.8429409279997344,dstar_lite,False,0,0,2227,9076,8522,0.07427416300015466,0,0.0,0.6779223909998109,True,61577,0,5,5,A,6970,0.4125,True,3.2010330840003007
0,39.39612665269012,600,0,,0.465026880943456,1.075676664000639,dstar_lite,False,0,0,6371,26306,461,0.12489657500009343,0,0.0,0.07416021399876627,True,2488,0,6,6,A,6971,0.525,True,3.497374184002183
0,38.35561583028045,573,0,,0.465026880943456,2.2075558560009085,dstar_lite,False,0,0,1798,7567,512,0.04115534700031276,0,0.0,0.04102249399875291,True,2244,0,5,5,A,6972,0.3125,True,3.612359707998621
0,39.93008217448486,609,0,,0.465026880943456,2.9504584899987094,dstar_lite,False,0,0,8404,34817,1342,0.13444080599947483,0,0.0,0.11749224599952868,True,4778,0,5,5,A,6973,0.425,True,4.144889715998943
0,39.134500502925256,591,0,,0.465026880943456,4.587984433999736,dstar_lite,False,0,0,928,3995,170,0.038230464999287506,0,0.0,0.02823358699970413,True,309,0,8,8,A,6974,0.475,True,7.714345569998841
0,39.80974605128366,630,0,,0.465026880943456,3.291681929000333,dstar_lite,False,0,0,1159,4949,937,0.04426065899860987,0,0.0,0.07941295300042839,True,3847,0,7,7,A,6975,0.5,True,8.226597323000533
0,37.982911611098864,561,0,,0.465026880943456,1.4989437780004664,dstar_lite,False,0,0,690,2929,612,0.04349193799862405,0,0.0,0.047638639000069816,True,3092,0,6,6,A,6976,0.475,True,2.6215519180004776
0,38.91357010591732,582,0,,0.465026880943456,1.2415134769998986,dstar_lite,False,0,0,8838,36240,1256,0.19537789599962707,0,0.0,0.14281426599882252,True,6585,0,6,6,A,6977,0.425,True,2.6768697520001297
0,39.80050504122176,587,0,,0.465026880943456,1.2450900769999862,dstar_lite,False,0,0,4016,16623,1816,0.12257775899888657,0,0.0,0.13874461500017787,True,8303,0,5,5,A,6978,0.4875,True,2.537242189002427
0,37.975116501269234,570,0,,0.465026880943456,3.8866163840011723,dstar_lite,False,0,0,1694,7252,1540,0.031882666999081266,0,0.0,0.1277075469988631,True,9466,0,4,4,A,6979,0.425,True,5.294917791001353
0,36.49802371722834,552,0,,0.465026880943456,2.244208152000283,dstar_lite,False,0,0,2918,12275,3905,0.10476154800016957,0,0.0,0.2790614040004584,True,22525,0,5,5,A,6980,0.4625,True,4.111524730002202
0,36.949316790643735,565,0,,0.475657439761009,2.99448220100021,dstar_lite,False,0,0,2649,11058,193,0.08168885500163015,0,0.0,0.03700693499922636,True,789,0,6,6,A,6981,0.4625,True,4.46949627200047
0,39.072247282070315,603,0,,0.465026880943456,2.2572989339987544,dstar_lite,False,0,0,6834,28444,1562,0.14607715599959192,0,0.0,0.1373800069995923,True,6861,0,6,6,A,6982,0.425,True,4.827471302996855
0,38.869199081588214,597,0,,0.465026880943456,1.3171514149998984,dstar_lite,False,0,0,860,3678,533,0.030995722001534887,0,0.0,0.04412697199950344,True,2277,0,9,9,A,6983,0.45,True,4.3536738469993
0,38.729038091610555,582,0,,0.465026880943456,1.9652866030010046,dstar_lite,False,0,0,2463,10094,4945,0.06690417900063039,0,0.0,0.3279608160009957,True,28507,0,5,5,A,6984,0.375,True,3.253910827001164
0,38.90700805078434,594,0,,0.475657439761009,3.435350653999194,dstar_lite,False,0,0,11639,48540,469,0.21138268600043375,0,0.0,0.11093120100122178,True,1756,0,3,3,A,6985,0.3375,True,5.946646352998869
0,37.305941431392434,549,0,,0.465026880943456,1.6317215260005469,dstar_lite,False,0,0,5111,21052,799,0.09268770800008497,0,0.0,0.10000894200129551,True,5238,0,4,4,A,6986,0.3875,True,2.975362376000703
0,38.99013612946338,608,0,,0.475657439761009,4.359810320000179,dstar_lite,False,0,0,8535,34855,5991,0.21009477599909587,0,0.0,0.1829397349993087,True,11384,0,5,5,A,6987,0.4125,True,7.6577852579976025
0,43.334786515228956,692,0,,0.475657439761009,4.3224668220009335,dstar_lite,False,0,0,1888,8022,643,0.06729499799985206,0,0.0,0.04732435000005353,True,1607,0,8,8,A,6988,0.475,True,10.326579489999858
0,37.55924138250855,567,0,,0.465026880943456,1.2832865119999042,dstar_lite,False,0,0,3669,15372,621,0.06936331599899859,0,0.0,0.059223577000011574,True,2281,0,5,5,A,6989,0.45,True,2.8066360900011205
0,38.67395262003425,587,0,,0.465026880943456,1.803520228000707,dstar_lite,False,0,0,5202,21529,4543,0.11919098899852543,0,0.0,0.3194958100011718,True,25629,0,6,6,A,6990,0.4125,True,3.4624034749977
0,39.79982090557844,618,0,,0.475657439761009,1.5799849979994178,dstar_lite,False,0,0,2258,9442,6139,0.057716135001101065,0,0.0,0.46185098299974925,True,40043,0,6,6,A,6991,0.425,True,4.417301551002311
0,38.46599066362189,582,0,,0.465026880943456,3.6455064559995662,dstar_lite,False,0,0,2649,11165,278,0.05266505200052052,0,0.0,0.03802001000076416,True,997,0,6,6,A,6992,0.4125,True,5.8436733550006466
0,41.3397133190541,636,0,,0.475657439761009,1.9557584029989812,dstar_lite,False,0,0,1560,6599,1629,0.04705866200129094,0,0.0,0.06829584600018279,True,5125,0,5,5,A,6993,0.5,True,3.7390330969974457
0,40.50563069881728,651,0,,0.465026880943456,3.8643939469984616,dstar_lite,False,0,0,1708,7205,256,0.048966280000968254,0,0.0,0.04211667200070224,True,1287,0,8,8,A,6994,0.5375,True,7.911198447000061
0,35.97638090870334,523,0,,0.465026880943456,0.5517651989994192,dstar_lite,False,0,0,12822,53424,1488,0.26430185699973663,0,0.0,0.18907637000120303,True,9503,0,4,4,A,6995,0.5,True,1.6589010980005696
0,38.03899267461599,580,0,,0.465026880943456,3.334533190000002,dstar_lite,False,0,0,1417,6024,276,0.0405182890008291,0,0.0,0.03313178499956848,True,1551,0,5,5,A,6996,0.3875,True,5.500890541001354
0,41.449452455491986,648,0,,0.465026880943456,7.270957352000551,dstar_lite,False,0,0,904,3847,998,0.03280030000132683,0,0.0,0.08092606900027022,True,5168,0,9,9,A,6997,0.4875,True,11.266389818001699
0,39.07291432075693,598,0,,0.465026880943456,2.100193059999583,dstar_lite,False,0,0,1202,5123,79,0.0434188159997575,0,0.0,0.029881959000704228,True,504,0,6,6,A,6998,0.4125,True,4.185876958998051
0,42.40150788202651,672,0,,0.475657439761009,8.47808691300088,dstar_lite,False,0,0,1203,5032,654,0.048008395000579185,0,0.0,0.046949019999374286,True,2599,0,6,6,A,6999,0.45,True,9.561633265999262
0,37.102711876986575,551,0,,0.465026880943456,1.5953173699999752,dstar_lite,False,0,0,12714,52887,676,0.22973137700137158,0,0.0,0.13050667999959842,True,3921,0,5,5,A,7000,0.425,True,3.4116049780022877
0,38.76334002153363,607,0,,0.465026880943456,1.4158897529996466,dstar_lite,False,0,0,1671,6974,287,0.04536943800121662,0,0.0,0.024346629999854486,True,410,0,8,8,A,7001,0.5,True,4.356131675001961
0,38.23892996538517,588,0,,0.475657439761009,1.6729752020000888,dstar_lite,False,0,0,6203,25891,4030,0.17099718499957817,0,0.0,0.34548888000063016,True,26737,0,5,5,A,7002,0.475,True,3.5793580070003372
0,39.24505781838386,600,0,,0.465026880943456,1.0750110039989522,dstar_lite,False,0,0,1350,5718,62,0.04350761399837211,0,0.0,0.021004510001148446,True,321,0,6,6,A,7003,0.475,True,3.5737238639994757
0,38.75256008814626,591,0,,0.465026880943456,3.2202007369996863,dstar_lite,False,0,0,2947,12431,279,0.07432361900100659,0,0.0,0.05522218899932341,True,1588,0,5,5,A,7004,0.45,True,5.2801824520011
0,37.6810199971572,564,0,,0.465026880943456,2.93972876800035,dstar_lite,False,0,0,6744,27690,268,0.1310532939987752,0,0.0,0.06597521000003326,True,1228,0,6,6,A,7005,0.3125,True,4.071313399001156
0,38.97059986914711,605,0,,0.475657439761009,1.4169568800007255,dstar_lite,False,0,0,1507,6324,1913,0.04318503699869325,0,0.0,0.10149515800003428,True,7364,0,5,5,A,7006,0.5125,True,4.035849922000125
0,42.78312893239908,685,0,,0.47565743976100916,6.005705388999559,dstar_lite,False,0,0,5150,21250,5074,0.12253617500027758,0,0.0,0.3087968820000242,True,22601,0,6,6,A,7007,0.475,True,10.00020071599829
0,36.09349150991907,542,0,,0.465026880943456,0.8308831760004978,dstar_lite,False,0,0,634,2730,650,0.03791969299891207,0,0.0,0.05328896299943153,True,3791,0,6,6,A,7008,0.45,True,2.4877227999986644
0,40.392851691279006,617,0,,0.475657439761009,5.553054768000948,dstar_lite,False,0,0,5237,21488,488,0.1087763690011343,0,0.0,0.07751728199946228,True,2232,0,6,6,A,7009,0.3625,True,6.5439278980011295
0,39.9009744689263,611,0,,0.465026880943456,1.009764690999873,dstar_lite,False,0,0,5494,22768,1950,0.10720134300026984,0,0.0,0.20306944399999338,True,14689,0,7,7,A,7010,0.475,True,3.7346314590013208
0,38.20662908718102,595,0,,0.465026880943456,1.9393685569993977,dstar_lite,False,0,0,3415,14319,915,0.09053935800147883,0,0.0,0.07899087400073768,True,3373,0,5,5,A,7011,0.55,True,4.3571249159995205
0,41.20983882978477,638,0,,0.475657439761009,3.4369190870002058,dstar_lite,False,0,0,2178,9306,461,0.07813845800046693,0,0.0,0.05259669099905295,True,2004,0,6,6,A,7012,0.5125,True,6.758542832998501
0,39.809138384686584,597,0,,0.465026880943456,4.775843416000498,dstar_lite,False,0,0,3876,15894,55671,0.08690884499992535,0,0.0,4.683552575999784,True,438672,0,3,3,A,7013,0.4,True,7.192896732000008
0,37.1472720104856,554,0,,0.465026880943456,0.7319454080006835,dstar_lite,False,0,0,1881,7881,964,0.046365117999812355,0,0.0,0.07083636599963938,True,4571,0,5,5,A,7014,0.5125,True,2.131637590999162
0,37.74912355564292,562,0,,0.465026880943456,2.4576046879992646,dstar_lite,False,0,0,6334,26725,1123,0.13783556099951966,0,0.0,0.13867067199862504,True,7816,0,6,6,A,7015,0.4375,True,3.5732023189993924
0,37.829219174157096,559,0,,0.465026880943456,1.15027851800005,dstar_lite,False,0,0,1410,6007,869,0.044311093999567674,0,0.0,0.05908537999857799,True,3061,0,5,5,A,7016,0.5,True,2.6599786979968485
0,39.336856478022135,602,0,,0.465026880943456,2.3128060110011575,dstar_lite,False,0,0,1141,4820,556,0.03966001300068456,0,0.0,0.04942976800157339,True,2407,0,7,7,A,7017,0.4875,True,3.966675108002164
0,37.49100900125935,566,0,,0.465026880943456,1.658969699001318,dstar_lite,False,0,0,813,3464,1157,0.0335058239998034,0,0.0,0.07644850299948303,True,5760,0,5,5,A,7018,0.3625,True,3.015081158000612
0,38.24182487682461,569,0,,0.4596194077712549,2.588199274001454,dstar_lite,False,0,0,3588,14612,235,0.08927862199925585,0,0.0,0.04500675599956594,True,1302,0,6,6,A,7019,0.4,True,4.508488071001921
0,41.307858341348506,645,0,,0.475657439761009,5.902186179000637,dstar_lite,False,0,0,1745,7302,1187,0.05594847400061553,0,0.0,0.06285523400038073,True,2775,0,7,7,A,7020,0.5125,True,9.726858706997518
0,39.38853819692924,619,0,,0.465026880943456,4.029472060999979,dstar_lite,False,0,0,5657,23551,678,0.13955591699959768,0,0.0,0.09913406900159316,True,2945,0,5,5,A,7021,0.5,True,7.490452107998863
0,39.73337210220096,606,0,,0.475657439761009,1.4310869269993418,dstar_lite,False,0,0,14912,61693,5996,0.3087279399987892,0,0.0,0.4616618229993037,True,33180,0,5,5,A,7022,0.4125,True,3.739459234999231
0,36.40836316624614,544,0,,0.465026880943456,0.9109645659991656,dstar_lite,False,0,0,7718,32095,4173,0.1712385910013836,0,0.0,0.30440495000038936,True,22913,0,4,4,A,7023,0.475,True,2.3735740989995975
0,39.93324187094836,610,0,,0.465026880943456,3.040576183999292,dstar_lite,False,0,0,9244,38223,3113,0.18372404199908487,0,0.0,0.1412993580015609,True,6807,0,5,5,A,7024,0.4625,True,6.161948406999727
0,36.06563204993724,540,0,,0.465026880943456,0.9423759729997983,dstar_lite,False,0,0,365,1564,1060,0.02623664800012193,0,0.0,0.0782710280000174,True,6124,0,6,6,A,7025,0.4375,True,1.9086433020002005
0,44.861489875855945,717,0,,0.465026880943456,5.513268950000565,dstar_lite,False,0,0,1884,7958,1002,0.060946535999391926,0,0.0,0.08372810099899652,True,4334,0,7,7,A,7026,0.5625,True,13.997409788000368
0,37.90499109525283,556,0,,0.465026880943456,0.9196705929989548,dstar_lite,False,0,0,2797,11756,2527,0.07615491300020949,0,0.0,0.18773623300148756,True,14583,0,5,5,A,7027,0.45,True,1.6425246989983862
0,37.724554837253,551,0,,0.465026880943456,1.3096477300005063,dstar_lite,False,0,0,5017,20874,1355,0.12079605700091633,0,0.0,0.12064488799842366,True,7959,0,4,4,A,7028,0.325,True,2.1982643340015784
0,37.75255903165661,568,0,,0.465026880943456,0.9969964920001075,dstar_lite,False,0,0,3252,13602,1371,0.07388642899968545,0,0.0,0.09291309699983685,True,5308,0,6,6,A,7029,0.425,True,2.753290927001217
0,38.6907070457215,564,0,,0.465026880943456,0.9313580210000509,dstar_lite,False,0,0,3801,15897,548,0.08839939899917226,0,0.0,0.06248142500044196,True,2838,0,4,4,A,7030,0.3625,True,1.4288854320002429
0,39.568696130096185,611,0,,0.475657439761009,3.4649347030008357,dstar_lite,False,0,0,1407,5979,4269,0.04511583399835217,0,0.0,0.34714862699911464,True,31413,0,4,4,A,7031,0.4625,True,5.259766158000275
0,36.20382386272008,534,0,,0.465026880943456,0.8315968759998213,dstar_lite,False,0,0,2051,8879,3108,0.06092364500000258,0,0.0,0.2708037519987556,True,22659,0,5,5,A,7032,0.4625,True,2.1510855359993
0,40.96408454585888,628,0,,0.475657439761009,3.734278263998931,dstar_lite,False,0,0,9022,37408,2774,0.22477594600059092,0,0.0,0.26467824400060636,True,16142,0,5,5,A,7033,0.525,True,6.209947394996561
0,38.16609074093875,571,0,,0.465026880943456,0.8329781289994571,dstar_lite,False,0,0,7010,28976,7924,0.1262277610003366,0,0.0,0.664454317999116,True,57565,0,4,4,A,7034,0.4125,True,2.555058377000023
0,41.68206837430603,657,0,,0.475657439761009,2.0981634740001027,dstar_lite,False,0,0,1591,6552,24179,0.054096714999104734,0,0.0,2.0402538429989363,True,190524,0,6,6,A,7035,0.4875,True,6.514505889999782
0,38.74316662506049,574,0,,0.465026880943456,1.1792833370000153,dstar_lite,False,0,0,8654,35100,971,0.17424063199905504,0,0.0,0.09175075200073479,True,3994,0,4,4,A,7036,0.425,True,2.8898207970014482
0,37.76726132230261,574,0,,0.465026880943456,2.359411851999539,dstar_lite,False,0,0,170,751,365,0.014445163000345929,0,0.0,0.03465312600019388,True,2209,0,7,7,A,7037,0.4625,True,4.015568790000543
0,40.57810912698019,616,0,,0.465026880943456,1.424741880999136,dstar_lite,False,0,0,658,2818,87,0.029584297000837978,0,0.0,0.014264833998822724,True,343,0,7,7,A,7038,0.45,True,4.227230297999995
0,39.99215438935901,608,0,,0.465026880943456,4.857479090000197,dstar_lite,False,0,0,8731,36397,512,0.2044506080001156,0,0.0,0.12204571599977498,True,2129,0,5,5,A,7039,0.5375,True,7.766306094999891
0,37.769131102182236,578,0,,0.465026880943456,3.5891952169986325,dstar_lite,False,0,0,492,2138,1093,0.026359519999459735,0,0.0,0.09373221400164766,True,5571,0,8,8,A,7040,0.375,True,5.141467223000291
0,36.571213267178656,543,0,,0.465026880943456,0.964755344999503,dstar_lite,False,0,0,3771,15752,10686,0.07116017199950875,0,0.0,0.8904322939997655,True,81814,0,4,4,A,7041,0.375,True,2.0171211480010243
0,43.606024618893485,706,0,,0.475657439761009,3.041482205000648,dstar_lite,False,0,0,3625,15110,6048,0.07234206800058018,0,0.0,0.3426997360002133,True,27820,0,7,7,A,7042,0.425,True,9.217941281000094
0,36.79402309610217,557,0,,0.465026880943456,1.397746668999389,dstar_lite,False,0,0,4213,17607,455,0.10329457599982561,0,0.0,0.06035777400029474,True,1798,0,6,6,A,7043,0.425,True,3.259651402999225
0,37.930687710866344,571,0,,0.465026880943456,2.7780053190017497,dstar_lite,False,0,0,3943,16400,1334,0.09776599499855365,0,0.0,0.09972214499975962,True,5479,0,6,6,A,7044,0.475,True,4.338160540000899
0,37.7038024620207,577,0,,0.465026880943456,3.958541296999101,dstar_lite,False,0,0,1978,8272,2085,0.04229359900091367,0,0.0,0.12148528499892564,True,8246,0,5,5,A,7045,0.3375,True,4.737601788996471
0,37.94636456909142,568,0,,0.465026880943456,1.3560108570000011,dstar_lite,False,0,0,1190,5066,721,0.040253323000797536,0,0.0,0.05388610300178698,True,3303,0,7,7,A,7046,0.375,True,2.182913683996958
0,37.84195029717967,551,0,,0.465026880943456,0.8542391230002977,dstar_lite,False,0,0,2532,10474,646,0.06462119299976621,0,0.0,0.0591998859999876,True,2526,0,5,5,A,7047,0.475,True,2.109585717002119
0,37.8879089356444,574,0,,0.465026880943456,2.901690962999055,dstar_lite,False,0,0,377,1655,234,0.04896888900111662,0,0.0,0.02653332599948044,True,497,0,7,7,A,7048,0.5625,True,4.837073366996265
0,39.78865333191396,617,0,,0.475657439761009,2.937800535999486,dstar_lite,False,0,0,4629,19303,203,0.1127297830007592,0,0.0,0.044047341998521006,True,1187,0,5,5,A,7049,0.4125,True,7.223582122998778
0,37.63863379983625,552,0,,0.4962358310319797,1.6588711459990009,dstar_lite,False,0,0,480,2084,277,0.013593283998488914,0,0.0,0.02118093900025997,True,1602,0,5,5,A,7050,0.325,True,2.3965415759994357
0,41.08443446737097,649,0,,0.475657439761009,4.491811010000674,dstar_lite,False,0,0,549,2376,103,0.03506184100115206,0,0.0,0.019161239000823116,True,634,0,5,5,A,7051,0.3625,True,6.228725840001061
0,37.89559483020721,575,0,,0.465026880943456,2.474217266000778,dstar_lite,False,0,0,1179,4898,4420,0.03807068099922617,0,0.0,0.32372811599998386,True,28352,0,6,6,A,7052,0.4,True,3.9302584509987355
0,38.85699294537146,591,0,,0.475657439761009,2.473682161000397,dstar_lite,False,0,0,10143,42185,20643,0.18378857899915602,0,0.0,1.6507423410002957,True,148497,0,3,3,A,7053,0.4375,True,4.767649418001383
0,40.01222001689438,625,0,,0.465026880943456,3.7395352870007628,dstar_lite,False,0,0,5520,23024,5152,0.10439457800021046,0,0.0,0.2806153820001782,True,21790,0,6,6,A,7054,0.4375,True,6.6804411619996245
0,37.94323314165613,563,0,,0.465026880943456,3.1316601500002434,dstar_lite,False,0,0,5343,22152,4202,0.0939564429991151,0,0.0,0.36750483799914946,True,32026,0,4,4,A,7055,0.3375,True,4.097185506001551
0,36.63621077786612,553,0,,0.465026880943456,1.6532951230001345,dstar_lite,False,0,0,5524,23014,409,0.12986369699865463,0,0.0,0.07122597799934738,True,953,0,5,5,A,7056,0.45,True,3.2522698459979438
0,37.68770879933057,569,0,,0.465026880943456,2.4881993290000537,dstar_lite,False,0,0,1458,6113,3079,0.06013897299999371,0,0.0,0.19093464800062065,True,16118,0,4,4,A,7057,0.3625,True,3.768725767000433
0,38.235274739453224,578,0,,0.465026880943456,5.115924866000569,dstar_lite,False,0,0,2300,9845,805,0.07373453900072491,0,0.0,0.07878876300128468,True,3485,0,4,4,A,7058,0.4,True,6.646592608001811
0,39.51683867326125,612,0,,0.475657439761009,3.282607036999252,dstar_lite,False,0,0,7306,30059,9000,0.1910602750012913,0,0.0,0.63862122700084,True,53015,0,5,5,A,7059,0.4625,True,5.330010466997919
0,40.21180556046851,621,0,,0.465026880943456,1.455896572999336,dstar_lite,False,0,0,5520,23082,2580,0.11221845200088865,0,0.0,0.17084839299968735,True,10518,0,6,6,A,7060,0.4875,True,4.566927203000887
0,36.73036557126848,560,0,,0.475657439761009,2.717859686999873,dstar_lite,False,0,0,2196,9271,253,0.08499296099944331,0,0.0,0.04985602399938216,True,1064,0,6,6,A,7061,0.4375,True,3.9221427669981495
0,41.71513417295729,658,0,,0.475657439761009,1.9759709859990835,dstar_lite,False,0,0,5143,20920,8583,0.09423290099948645,0,0.0,0.44477462400027434,True,38418,0,6,6,A,7062,0.325,True,4.955140027999732
0,36.73783572752826,534,0,,0.465026880943456,0.5206633329999022,dstar_lite,False,0,0,7679,31670,3390,0.154941366001367,0,0.0,0.3075156009999773,True,24944,0,4,4,A,7063,0.3625,True,1.2809008670010371
0,39.1321883940258,607,0,,0.475657439761009,4.064093737999428,dstar_lite,False,0,0,4620,19217,5827,0.15167975100121112,0,0.0,0.4079917330000171,True,31763,0,7,7,A,7064,0.4875,True,6.470735824001167
0,38.847352430172144,584,0,,0.465026880943456,1.9288523420000274,dstar_lite,False,0,0,10523,43333,1869,0.21171090000098047,0,0.0,0.14189470899873413,True,5973,0,5,5,A,7065,0.4375,True,3.0368853619966103
0,38.680300909879826,594,0,,0.465026880943456,3.7596702829996502,dstar_lite,False,0,0,4919,20806,598,0.10209856199981004,0,0.0,0.06856913999945391,True,2966,0,3,3,A,7066,0.325,True,6.392569563000507
0,39.45797162524102,595,0,,0.465026880943456,2.2859490509999887,dstar_lite,False,0,0,2745,11643,331,0.06028476900064561,0,0.0,0.037527309001234244,True,1711,0,5,5,A,7067,0.45,True,3.976098330000241
0,38.08177334585031,573,0,,0.4962358310319797,2.8579816490000667,dstar_lite,False,0,0,305,1355,115,0.025163776001136284,0,0.0,0.013085237000268535,True,204,0,7,7,A,7068,0.4375,True,4.159932697000841
0,37.896331614347964,561,0,,0.465026880943456,3.4942747469995084,dstar_lite,False,0,0,5153,21573,1717,0.12468994000118983,0,0.0,0.1823145559992554,True,12061,0,3,3,A,7069,0.325,True,4.274605519998659
0,39.990776398438996,626,0,,0.475657439761009,2.656322712000474,dstar_lite,False,0,0,3478,14555,3630,0.07548130900067918,0,0.0,0.2544789450003009,True,19525,0,7,7,A,7070,0.4375,True,6.759000862002722
0,39.55120067943722,613,0,,0.465026880943456,4.1511663799992675,dstar_lite,False,0,0,8366,34943,2037,0.15946802500002377,0,0.0,0.15419232100066438,True,8448,0,4,4,A,7071,0.4875,True,6.869075267999506
0,37.12462837856241,562,0,,0.465026880943456,1.0215122339996014,dstar_lite,False,0,0,677,2881,4109,0.033148337999591604,0,0.0,0.36012592000042787,True,31048,0,7,7,A,7072,0.4125,True,2.561521861000074
0,40.66972753872384,610,0,,0.465026880943456,1.8612925540001015,dstar_lite,False,0,0,2012,8452,973,0.04994920199897024,0,0.0,0.0721021200006362,True,3606,0,8,8,A,7073,0.525,True,3.928757666999445
0,41.80780074216308,664,0,,0.475657439761009,3.4154193220001616,dstar_lite,False,0,0,8948,36964,6133,0.2081525840003451,0,0.0,0.26851238299968827,True,19153,0,7,7,A,7074,0.5125,True,7.726268084001276
0,38.53096157884982,586,0,,0.465026880943456,2.935010607001459,dstar_lite,False,0,0,3150,13008,483,0.09265292000054615,0,0.0,0.05882249000023876,True,2420,0,5,5,A,7075,0.4375,True,5.241604296999867
0,41.01209142868999,630,0,,0.465026880943456,2.2041355349992955,dstar_lite,False,0,0,1411,5977,363,0.04711534600028244,0,0.0,0.042995981999411015,True,1850,0,6,6,A,7076,0.425,True,5.014710173998537
0,39.858311085797524,627,0,,0.475657439761009,1.94734883899946,dstar_lite,False,0,0,6065,24865,12070,0.12665754000045126,0,0.0,0.8347313689992006,True,73988,0,7,7,A,7077,0.5,True,4.458285443002751
0,37.24041500202625,565,0,,0.475657439761009,1.0273356969992165,dstar_lite,False,0,0,9261,38547,10000,0.2169169660010084,0,0.0,0.8079522549996909,True,68076,0,5,5,A,7078,0.5125,True,2.7856677140007378
0,38.49260754608421,591,0,,0.465026880943456,3.7116261120008858,dstar_lite,False,0,0,7205,30005,2610,0.1458927350013255,0,0.0,0.2075523039984546,True,13456,0,6,6,A,7079,0.5375,True,6.316034590001436
0,40.30480870980314,628,0,,0.475657439761009,1.6624344600004406,dstar_lite,False,0,0,10973,44592,18864,0.19867826499830699,0,0.0,1.4312604859987914,True,127089,0,5,5,A,7080,0.5,True,4.21510219800075
0,48.53211701575202,783,0,,0.475657439761009,4.627899749999415,dstar_lite,False,0,0,4918,20228,58021,0.13701218499954848,0,0.0,4.486104921999868,True,408343,0,6,6,A,7081,0.55,True,12.654780873001073
0,40.41767779087011,615,0,,0.465026880943456,3.779940420999992,dstar_lite,False,0,0,2082,8735,1363,0.046921421999286395,0,0.0,0.08794786599901272,True,5302,0,6,6,A,7082,0.3875,True,8.075014104997535
0,36.32203611692345,542,0,,0.465026880943456,1.7176118819988915,dstar_lite,False,0,0,2719,11606,720,0.06160307599930093,0,0.0,0.06723518500075443,True,3049,0,6,6,A,7083,0.45,True,3.185872627997014
0,38.83970633259897,574,0,,0.465026880943456,0.6728537150011107,dstar_lite,False,0,0,6003,25129,4293,0.14405035600066185,0,0.0,0.37472005000017816,True,29615,0,4,4,A,7084,0.475,True,1.8897215260021767
0,40.36469794577551,606,0,,0.465026880943456,1.1836110389995156,dstar_lite,False,0,0,801,3409,1572,0.029181141000663047,0,0.0,0.11037750600007712,True,8256,0,6,6,A,7085,0.45,True,3.387070340999344
0,40.53650191492948,614,0,,0.465026880943456,5.491320611999981,dstar_lite,False,0,0,471,2004,500,0.025640461999500985,0,0.0,0.05533390500022506,True,2865,0,6,6,A,7086,0.3625,True,6.340314726001452
0,41.37345682185125,633,0,,0.475657439761009,2.3645566280010826,dstar_lite,False,0,0,4748,19669,1270,0.10135609500139253,0,0.0,0.08710834199882811,True,2655,0,8,8,A,7087,0.4625,True,4.7433006950050185
0,42.053967220267445,637,0,,0.465026880943456,7.59820696099996,dstar_lite,False,0,0,4846,19945,2035,0.13647309299994959,0,0.0,0.10894371900030819,True,4848,0,4,4,A,7088,0.5375,True,10.495054589000574
0,37.40045806664525,559,0,,0.465026880943456,3.167776349999258,dstar_lite,False,0,0,2436,10127,835,0.0536458410006162,0,0.0,0.06434519800131966,True,3700,0,4,4,A,7089,0.475,True,4.346215494999342
0,40.734297136688134,612,0,,0.465026880943456,3.4863836329986952,dstar_lite,False,0,0,1915,7971,292,0.05612073900010728,0,0.0,0.046128738000334124,True,1435,0,7,7,A,7090,0.4375,True,4.69065512799898
0,38.19293962460849,572,0,,0.465026880943456,2.168238876000032,dstar_lite,False,0,0,1965,8447,21,0.05553575599878968,0,0.0,0.020164321998890955,True,21,0,6,6,A,7091,0.3875,True,4.317742445000476
0,36.38304803295352,545,0,,0.465026880943456,3.3045148109995353,dstar_lite,False,0,0,7235,29815,1669,0.14446845400016173,0,0.0,0.11955620899971109,True,4253,0,4,4,A,7092,0.325,True,4.146601777998512
0,40.083645828155426,638,0,,0.475657439761009,2.81146967299901,dstar_lite,False,0,0,3692,15408,7083,0.0765824589998374,0,0.0,0.46534170399900177,True,41477,0,6,6,A,7093,0.4875,True,6.671569001000535
0,38.26235859983695,590,0,,0.465026880943456,1.3129125779996684,dstar_lite,False,0,0,3205,13266,8916,0.07071837599869468,0,0.0,0.6509384809996845,True,56801,0,6,6,A,7094,0.5125,True,3.5769900230006897
0,36.69715446871533,542,0,,0.465026880943456,0.5996801119999873,dstar_lite,False,0,0,3121,13121,564,0.09001919200090924,0,0.0,0.06850413600113825,True,3027,0,6,6,A,7095,0.3375,True,2.0307680280002387
0,39.29909640991469,599,0,,0.465026880943456,2.3613735350008938,dstar_lite,False,0,0,3066,13014,864,0.07133386900022742,0,0.0,0.05724876900058007,True,2228,0,5,5,A,7096,0.425,True,4.719508104999477
0,37.52579485664611,558,0,,0.465026880943456,1.243884526000329,dstar_lite,False,0,0,936,4051,1736,0.03381246800017834,0,0.0,0.12052395700084162,True,9426,0,7,7,A,7097,0.45,True,2.88544001900118
0,35.7113079504992,517,0,,0.465026880943456,0.3372507329986547,dstar_lite,False,0,0,3009,12748,1012,0.06579068499922869,0,0.0,0.10566649700012931,True,7098,0,5,5,A,7098,0.35,True,1.186094606999177
0,37.15426350093322,557,0,,0.465026880943456,1.91397706799944,dstar_lite,False,0,0,5059,21156,2297,0.10083241299980727,0,0.0,0.18723998600034975,True,13588,0,5,5,A,7099,0.4,True,3.228954165999312
0,39.39925549389479,592,0,,0.465026880943456,3.7268706490012846,dstar_lite,False,0,0,3193,13416,1532,0.06956343700039724,0,0.0,0.11588912499973958,True,8096,0,5,5,A,7100,0.4625,True,5.280198540998754
0,38.11218356676312,573,0,,0.475657439761009,2.1939679459992476,dstar_lite,False,0,0,6459,26829,8023,0.13058665900098276,0,0.0,0.5947016230002191,True,51475,0,3,3,A,7101,0.3625,True,3.501563128000271
0,39.70162070821661,607,0,,0.475657439761009,3.5294101769995905,dstar_lite,False,0,0,6796,28364,2698,0.14227119399947696,0,0.0,0.19949729799918714,True,13617,0,3,3,A,7102,0.375,True,4.200418291999085
0,40.54739159976592,625,0,,0.465026880943456,5.200743539000541,dstar_lite,False,0,0,4714,19692,1113,0.10435465999944427,0,0.0,0.0853583370007982,True,3096,0,4,4,A,7103,0.4,True,8.04640494600062
0,40.31486131707963,631,0,,0.475657439761009,4.474559201999,dstar_lite,False,0,0,5533,23342,1263,0.12017752899919287,0,0.0,0.1246165779994044,True,5647,0,5,5,A,7104,0.4375,True,6.128307701999802
0,40.558585811811426,651,0,,0.475657439761009,2.1024380569997447,dstar_lite,False,0,0,7317,30162,15028,0.13393453000026057,0,0.0,1.0657198230001086,True,94108,0,8,8,A,7105,0.4125,True,5.934791800000312
0,39.41773473361298,619,0,,0.465026880943456,2.6188673990000098,dstar_lite,False,0,0,177,781,775,0.015077157000632724,0,0.0,0.07285036500070419,True,5178,0,7,7,A,7106,0.5125,True,5.790842324999176
0,39.54380544226897,587,0,,0.465026880943456,3.359569570000531,dstar_lite,False,0,0,17794,73275,974,0.3348761069992179,0,0.0,0.18624149799870793,True,4021,0,5,5,A,7107,0.5,True,5.526376846999483
0,38.6948871283221,592,0,,0.465026880943456,1.458641612000065,dstar_lite,False,0,0,1418,5963,2117,0.03806466100104444,0,0.0,0.12407589000031294,True,9608,0,7,7,A,7108,0.4375,True,3.0745916969990503
0,40.77619038877149,635,0,,0.465026880943456,2.6323297949984408,dstar_lite,False,0,0,2738,11320,598,0.0646044900004199,0,0.0,0.0609439330000896,True,2897,0,7,7,A,7109,0.4625,True,5.587691662998623
0,38.160414981253474,570,0,,0.465026880943456,1.1210511040007987,dstar_lite,False,0,0,5171,21331,3395,0.11328830200000084,0,0.0,0.2509997340002883,True,19896,0,6,6,A,7110,0.425,True,2.4554238990003796
0,43.14066050870508,699,0,,0.475657439761009,3.0867111130010016,dstar_lite,False,0,0,3103,12809,31537,0.06657303999963915,0,0.0,2.660944152999946,True,243957,0,6,6,A,7111,0.375,True,9.542031790002511
0,39.54856101231341,591,0,,0.465026880943456,3.6196618439989834,dstar_lite,False,0,0,1923,8148,216,0.05182845899980748,0,0.0,0.034273586999916006,True,1299,0,5,5,A,7112,0.3875,True,4.61559582299742
0,38.76317977862487,588,0,,0.465026880943456,1.7092116020012327,dstar_lite,False,0,0,12038,49896,3960,0.21937947999867902,0,0.0,0.3308019249998324,True,21731,0,4,4,A,7113,0.4625,True,4.465269153002737
0,40.602804895374696,620,0,,0.465026880943456,5.602770130999488,dstar_lite,False,0,0,1596,6845,541,0.053915325999696506,0,0.0,0.05601964699962991,True,2614,0,5,5,A,7114,0.6,True,6.582107296000686
0,40.1344511846692,605,0,,0.475657439761009,3.897744234998754,dstar_lite,False,0,0,4425,18272,3251,0.08375109100052214,0,0.0,0.11114185000042198,True,7771,0,3,3,A,7115,0.425,True,4.941858625999885
0,37.18815484045256,557,0,,0.465026880943456,0.7069234199989296,dstar_lite,False,0,0,787,3323,2240,0.03316195899969898,0,0.0,0.16683188200113364,True,14238,0,5,5,A,7116,0.425,True,2.057934654998462
0,38.95655274893665,587,0,,0.465026880943456,1.916316848999486,dstar_lite,False,0,0,6471,27318,2778,0.13327937000030943,0,0.0,0.23517993899986323,True,15462,0,5,5,A,7117,0.4625,True,3.8606203729996196
0,40.35988297535875,624,0,,0.465026880943456,4.338141612999607,dstar_lite,False,0,0,4213,17625,2613,0.07690361799905077,0,0.0,0.14288212599967665,True,8862,0,5,5,A,7118,0.425,True,6.501073475001249
0,39.070895894429775,596,0,,0.465026880943456,2.18892573300036,dstar_lite,False,0,0,2358,10040,1352,0.05677855500107398,0,0.0,0.11477394000030472,True,8237,0,5,5,A,7119,0.5625,True,4.510091023999848
0,36.29458533917224,530,0,,0.465026880943456,0.8170636740014743,dstar_lite,False,0,0,9295,38789,4450,0.1557782629988651,0,0.0,0.40330774699941685,True,32939,0,3,3,A,7120,0.5,True,1.8346408930028701
0,39.54632153243571,603,0,,0.475657439761009,6.365710650001347,dstar_lite,False,0,0,2812,11774,210,0.06627933999880042,0,0.0,0.04894458399940049,True,1155,0,6,6,A,7121,0.45,True,9.027452864002043
0,40.11186470759775,616,0,,0.465026880943456,2.9008185019993107,dstar_lite,False,0,0,3508,14325,6276,0.0669314269998722,0,0.0,0.402707700000974,True,34540,0,4,4,A,7122,0.4375,True,5.289084045998607
0,36.20055497651045,539,0,,0.465026880943456,1.7261724689997209,dstar_lite,False,0,0,501,2150,448,0.021077446999697713,0,0.0,0.03594766900096147,True,2230,0,4,4,A,7123,0.3125,True,2.5608268569994834
0,40.56813366104243,614,0,,0.465026880943456,4.423414612998386,dstar_lite,False,0,0,6762,28137,2833,0.14684905899957812,0,0.0,0.16024826200009556,True,8519,0,6,6,A,7124,0.4875,True,7.207194006999998
0,38.82151447461162,585,0,,0.475657439761009,1.5726165770010994,dstar_lite,False,0,0,4959,20614,1188,0.09183561999998346,0,0.0,0.09224992099916562,True,4145,0,6,6,A,7125,0.4125,True,3.9550175910007965
0,37.0329707965221,555,0,,0.465026880943456,1.9177616849992773,dstar_lite,False,0,0,3595,14964,385,0.08552309500009869,0,0.0,0.0474940530002641,True,1188,0,7,7,A,7126,0.425,True,3.1041101579976385
0,40.36018928490276,627,0,,0.475657439761009,2.33082050899975,dstar_lite,False,0,0,3108,12918,2212,0.07863180999993347,0,0.0,0.09102299999904062,True,5558,0,7,7,A,7127,0.4375,True,5.984086001997639
0,37.80429506318246,568,0,,0.465026880943456,1.2946946539996134,dstar_lite,False,0,0,10706,44417,1561,0.22829175500010024,0,0.0,0.14250147600068885,True,5509,0,5,5,A,7128,0.4375,True,3.1277194680023968
0,38.98095184503492,603,0,,0.475657439761009,3.700712941999882,dstar_lite,False,0,0,5152,21442,1150,0.11735317700004089,0,0.0,0.07611776100020506,True,2625,0,4,4,A,7129,0.4,True,7.5671959329993115
0,39.92856419480284,607,0,,0.465026880943456,2.673325699999623,dstar_lite,False,0,0,7167,29584,1170,0.152626073000647,0,0.0,0.13217539899960684,True,4824,0,6,6,A,7130,0.5125,True,6.51202646099955
0,37.824312601978114,556,0,,0.465026880943456,2.3944168909984,dstar_lite,False,0,0,4148,17547,3077,0.10055554199971084,0,0.0,0.26228034300038416,True,20860,0,3,3,A,7131,0.3875,True,3.3191984499990212
0,37.81928123548247,569,0,,0.465026880943456,1.6102955669994117,dstar_lite,False,0,0,394,1653,279,0.019921215000067605,0,0.0,0.02078970699949423,True,959,0,7,7,A,7132,0.4125,True,2.9958068509986333
0,41.35683728748592,630,0,,0.475657439761009,6.841181809999398,dstar_lite,False,0,0,5960,24935,280,0.14956351000000723,0,0.0,0.07708617200114531,True,1527,0,5,5,A,7133,0.375,True,8.200104865996764
0,38.9765719864205,601,0,,0.465026880943456,1.2246321310012718,dstar_lite,False,0,0,1137,4794,1565,0.034922152999570244,0,0.0,0.10591265199946065,True,7094,0,7,7,A,7134,0.4625,True,4.0104568770020705
0,39.45593665728586,604,0,,0.475657439761009,3.629385349999211,dstar_lite,False,0,0,2892,12223,124,0.08578418599972792,0,0.0,0.040723842999796034,True,789,0,4,4,A,7135,0.375,True,6.750930492999032
0,38.672126895636296,586,0,,0.475657439761009,3.590524301000187,dstar_lite,False,0,0,10222,42401,9891,0.21329702699949848,0,0.0,0.8322714610003459,True,69496,0,3,3,A,7136,0.5,True,4.992771760000323
0,39.494772090389866,598,0,,0.465026880943456,1.8627487199992174,dstar_lite,False,0,0,1285,5534,1334,0.04767487000026449,0,0.0,0.10786691100111057,True,8616,0,5,5,A,7137,0.4625,True,4.110880981999799
0,37.93417570473718,565,0,,0.465026880943456,1.7602145569999266,dstar_lite,False,0,0,5294,21982,409,0.09705259799920896,0,0.0,0.0576935200006119,True,2044,0,6,6,A,7138,0.3875,True,2.9617798010040133
0,39.506902437640036,611,0,,0.475657439761009,1.962836401999084,dstar_lite,False,0,0,5856,24412,22392,0.12962251499993727,0,0.0,1.8298694130007789,True,167651,0,6,6,A,7139,0.5125,True,4.285502656999597
0,41.037093691012515,639,0,,0.475657439761009,4.741234780000013,dstar_lite,False,0,0,6059,25236,234,0.12641895300112083,0,0.0,0.07611016999908315,True,1309,0,9,9,A,7140,0.5125,True,8.884943461001967
0,37.85806107037014,573,0,,0.465026880943456,1.2311355330002698,dstar_lite,False,0,0,403,1722,145,0.025906857999871136,0,0.0,0.02283093899859523,True,942,0,8,8,A,7141,0.4375,True,2.8582855259974167
0,38.220950415346024,588,0,,0.475657439761009,1.4141941190009675,dstar_lite,False,0,0,1075,4453,6273,0.037424955999085796,0,0.0,0.5213043820003804,True,47927,0,5,5,A,7142,0.4875,True,3.231132016002448
0,35.21442013107626,513,0,,0.465026880943456,0.5216052699997817,dstar_lite,False,0,0,8193,33777,1242,0.16968328899929475,0,0.0,0.14147894400048244,True,7989,0,5,5,A,7143,0.375,True,1.364440478000688
0,39.19735960566023,591,0,,0.465026880943456,0.8513646150004206,dstar_lite,False,0,0,2257,9433,2284,0.07671450999987428,0,0.0,0.19843333800054097,True,15639,0,6,6,A,7144,0.425,True,3.26250262099893
0,37.4758382684074,564,0,,0.475657439761009,1.4131719950000843,dstar_lite,False,0,0,5637,22925,1588,0.15550393800003803,0,0.0,0.10118791700006113,True,4110,0,4,4,A,7145,0.4375,True,3.035032477000641
0,39.041552498959135,599,0,,0.475657439761009,2.40033934100029,dstar_lite,False,0,0,3278,13619,1599,0.08054508500026714,0,0.0,0.14522957200097153,True,10876,0,5,5,A,7146,0.4625,True,4.208390355001029
0,37.727066875823034,564,0,,0.465026880943456,0.693820701999357,dstar_lite,False,0,0,3973,16611,1126,0.09562174100028642,0,0.0,0.08536684899991087,True,4676,0,6,6,A,7147,0.425,True,2.565441804999864
0,38.014692863326864,586,0,,0.465026880943456,2.1035720569998375,dstar_lite,False,0,0,2086,8661,3910,0.04358316100115189,0,0.0,0.24509776000013517,True,20043,0,6,6,A,7148,0.45,True,3.480682097000681
0,37.642229047915315,559,0,,0.465026880943456,3.5834201729994675,dstar_lite,False,0,0,10932,45474,4362,0.17854836999867985,0,0.0,0.3884664029992564,True,29128,0,3,3,A,7149,0.375,True,4.515510089999225
0,38.83578721078934,595,0,,0.465026880943456,2.3818374989987205,dstar_lite,False,0,0,4135,17418,1884,0.08750419199895987,0,0.0,0.1561426799999026,True,10200,0,6,6,A,7150,0.425,True,5.228419633998783
0,39.8418761992405,611,0,,0.475657439761009,1.6819833269983064,dstar_lite,False,0,0,5525,22845,6388,0.13775643100052548,0,0.0,0.43267656700118096,True,34653,0,5,5,A,7151,0.375,True,4.1370883979961945
0,50.86124815411344,836,0,,0.47565743976100916,6.278480390999903,dstar_lite,False,0,0,3531,14798,518,0.09420789400064677,0,0.0,0.057053825999901164,True,2621,0,7,7,A,7152,0.5625,True,12.841293795003367
0,39.3936355265295,583,0,,0.465026880943456,0.5337118140014354,dstar_lite,False,0,0,5086,21100,4993,0.10640243800116878,0,0.0,0.4252066039989586,True,34762,0,5,5,A,7153,0.425,True,2.0385538320006162
0,35.90217179794969,528,0,,0.4596194077712549,0.7971332800007076,dstar_lite,False,0,0,1069,4671,147,0.03394450899941148,0,0.0,0.017980427999646054,True,188,0,6,6,A,7154,0.45,True,1.7875163290009368
0,41.35291140594882,659,0,,0.475657439761009,4.423012737001045,dstar_lite,False,0,0,10706,43741,6230,0.19444987300084904,0,0.0,0.3979908349992911,True,26952,0,6,6,A,7155,0.425,True,8.73232519999874
0,36.08163847633534,525,0,,0.465026880943456,0.831509850000657,dstar_lite,False,0,0,184,811,240,0.01231689900123456,0,0.0,0.027745113999117166,True,1430,0,5,5,A,7156,0.35,True,1.4455527950012765
0,39.74112309471675,590,0,,0.465026880943456,1.1272565079998458,dstar_lite,False,0,0,1075,4606,884,0.03195725499972468,0,0.0,0.06378209499962395,True,4660,0,6,6,A,7157,0.4375,True,2.4015167350007687
0,42.53089018524331,653,0,,0.465026880943456,3.11263083599988,dstar_lite,False,0,0,1435,6054,168,0.04707363199850079,0,0.0,0.03183292699941376,True,476,0,7,7,A,7158,0.4625,True,7.753349039998284
0,37.81381878137031,570,0,,0.465026880943456,2.324594661999072,dstar_lite,False,0,0,7324,30619,994,0.15860065699962433,0,0.0,0.11517219500092324,True,4140,0,4,4,A,7159,0.5375,True,3.558912425000017
0,37.24444247878457,558,0,,0.465026880943456,2.5058680919992184,dstar_lite,False,0,0,388,1703,459,0.016789919000075315,0,0.0,0.0398088160000043,True,2665,0,6,6,A,7160,0.3625,True,3.722475004995431
0,39.08351605039606,585,0,,0.475657439761009,1.425678831001278,dstar_lite,False,0,0,4207,17848,7799,0.0782031510007073,0,0.0,0.6531678100000136,True,58116,0,4,4,A,7161,0.25,True,2.844694799003264
0,40.85694467903146,647,0,,0.475657439761009,3.156656970999393,dstar_lite,False,0,0,1881,7989,2849,0.048671854001440806,0,0.0,0.1845025579987123,True,14172,0,7,7,A,7162,0.4,True,6.834250747999249
0,39.76965328727578,598,0,,0.465026880943456,8.265158826001425,dstar_lite,False,0,0,4448,18660,676,0.10245492500143882,0,0.0,0.06733107499894686,True,2280,0,4,4,A,7163,0.4625,True,9.876152827002443
0,38.09511468180501,574,0,,0.465026880943456,1.0677409309992072,dstar_lite,False,0,0,4160,17278,663,0.0931155319995014,0,0.0,0.08169314499900793,True,3160,0,8,8,A,7164,0.5375,True,3.493478514999879
0,39.555728999763055,600,0,,0.465026880943456,3.0457190569995873,dstar_lite,False,0,0,7875,32510,3448,0.1769394460006879,0,0.0,0.18161165499986964,True,11809,0,4,4,A,7165,0.35,True,4.681380749998425
0,37.110339684961666,557,0,,0.465026880943456,2.41863844999898,dstar_lite,False,0,0,2173,9147,825,0.06146011899909354,0,0.0,0.0826586449984461,True,4720,0,7,7,A,7166,0.4,True,3.6703854399966076
0,38.184774579393824,572,0,,0.465026880943456,3.6029544319990237,dstar_lite,False,0,0,3483,14615,2000,0.08149237399993581,0,0.0,0.16194116400038183,True,11308,0,5,5,A,7167,0.4,True,5.029438380999636
0,38.65436595651709,597,0,,0.465026880943456,3.864887133000593,dstar_lite,False,0,0,3674,15301,1260,0.09008983300009277,0,0.0,0.05704677799985802,True,2709,0,6,6,A,7168,0.3875,True,6.852413238999361
0,39.1679012203746,592,0,,0.475657439761009,0.9458280479993846,dstar_lite,False,0,0,763,3256,408,0.03104002399959427,0,0.0,0.041325423000671435,True,1937,0,6,6,A,7169,0.45,True,2.469102032000592
0,37.02036481029446,546,0,,0.465026880943456,2.432676922999235,dstar_lite,False,0,0,7156,29842,4171,0.1243468410011701,0,0.0,0.37492966600075306,True,30801,0,4,4,A,7170,0.2875,True,3.342996014000164
0,40.67011756933665,618,0,,0.465026880943456,2.4499294469987944,dstar_lite,False,0,0,3651,15178,1161,0.07476454800053034,0,0.0,0.10109529200053657,True,5568,0,5,5,A,7171,0.4,True,4.025981785998738
0,36.10577647086193,527,0,,0.465026880943456,0.8575481250009034,dstar_lite,False,0,0,1151,5012,305,0.04688902700036124,0,0.0,0.04484010899977875,True,1550,0,6,6,A,7172,0.5,True,1.6599803980006982
0,41.28180863209919,652,0,,0.465026880943456,2.5454136520002066,dstar_lite,False,0,0,3480,14463,1234,0.0790448159987136,0,0.0,0.054099697999845375,True,2636,0,7,7,A,7173,0.4625,True,5.44673610800055
0,38.042658696278785,572,0,,0.465026880943456,2.4490141779988335,dstar_lite,False,0,0,2041,8550,1579,0.03862750699954631,0,0.0,0.07841383000049973,True,5865,0,5,5,A,7174,0.375,True,3.5052567859984265
0,37.79673057401907,575,0,,0.465026880943456,3.0773447129995475,dstar_lite,False,0,0,2106,8993,402,0.0645079239984625,0,0.0,0.047819104000154766,True,1337,0,6,6,A,7175,0.55,True,4.380881486000362
0,39.48789564001766,596,0,,0.465026880943456,1.1597272209983203,dstar_lite,False,0,0,807,3494,420,0.040137594000043464,0,0.0,0.048085765998621355,True,2217,0,7,7,A,7176,0.45,True,3.0053849189989705
0,40.38389324946749,625,0,,0.475657439761009,1.416227831001379,dstar_lite,False,0,0,10407,42535,12457,0.23583680400042795,0,0.0,0.8058022410004924,True,68553,0,5,5,A,7177,0.4875,True,3.7359993110003415
0,37.12384556776107,570,0,,0.465026880943456,1.0053773449999426,dstar_lite,False,0,0,2260,9714,332,0.0726531279997289,0,0.0,0.04759143999945081,True,1666,0,5,5,A,7178,0.4375,True,3.1763357010004256
0,38.468445765676584,588,0,,0.465026880943456,0.9377193069994973,dstar_lite,False,0,0,2873,12088,2795,0.05914056799883838,0,0.0,0.15331304000028467,True,11620,0,6,6,A,7179,0.425,True,3.092035580000811
0,39.88644113024081,646,0,,0.475657439761009,4.153692100000626,dstar_lite,False,0,0,2131,8817,5411,0.057881599001120776,0,0.0,0.3265303860007407,True,27568,0,7,7,A,7180,0.525,True,6.828380270002526
0,45.89452521646224,717,0,,0.475657439761009,4.857472353000048,dstar_lite,False,0,0,1835,7686,2209,0.06521698699907574,0,0.0,0.12629972799913958,True,9109,0,8,8,A,7181,0.525,True,9.814547696998488
0,37.612887704996005,556,0,,0.465026880943456,4.7616141050002625,dstar_lite,False,0,0,15008,62256,187,0.3117948620001698,0,0.0,0.1271531269994739,True,708,0,4,4,A,7182,0.4375,True,5.769947872000557
0,35.910844036774094,523,0,,0.465026880943456,1.042068869999639,dstar_lite,False,0,0,4659,19467,211,0.09977417499976582,0,0.0,0.05362727499959874,True,1274,0,5,5,A,7183,0.4,True,2.086080740000398
0,37.30415487333733,573,0,,0.465026880943456,3.6211413069995615,dstar_lite,False,0,0,733,3134,428,0.029431970999212353,0,0.0,0.04928096699950402,True,1995,0,5,5,A,7184,0.525,True,5.172796404998735
0,40.062226740267555,610,0,,0.465026880943456,1.2756970709997404,dstar_lite,False,0,0,1889,7979,899,0.04930815099942265,0,0.0,0.04375981699922704,True,2464,0,6,6,A,7185,0.3,True,3.1711093979974976
0,43.60912472809437,683,0,,0.475657439761009,3.551640095998664,dstar_lite,False,0,0,7274,29946,40477,0.16685962599876802,0,0.0,3.3810685980006383,True,307381,0,5,5,A,7186,0.425,True,7.02437741799622
0,38.53947834778787,584,0,,0.465026880943456,1.7726701079991471,dstar_lite,False,0,0,3339,14204,719,0.07643826499952411,0,0.0,0.06949319799969089,True,3462,0,5,5,A,7187,0.4,True,4.103223169999183
0,39.79634172528764,604,0,,0.465026880943456,2.3434803759992064,dstar_lite,False,0,0,1014,4354,301,0.03411628100002417,0,0.0,0.03312567099965236,True,894,0,6,6,A,7188,0.475,True,4.953033280000454
0,38.077229651544435,555,0,,0.465026880943456,1.0982754350006871,dstar_lite,False,0,0,4049,16739,524,0.0989815520006232,0,0.0,0.05569160400045803,True,2452,0,4,4,A,7189,0.475,True,1.719103196001015
0,39.422988581510204,591,0,,0.465026880943456,2.184003341000789,dstar_lite,False,0,0,6772,27943,954,0.13488341400079662,0,0.0,0.12335549400086165,True,5826,0,5,5,A,7190,0.4,True,4.235022647002552
0,38.0977863197671,563,0,,0.465026880943456,3.055694841999866,dstar_lite,False,0,0,5637,23843,443,0.1118761830002768,0,0.0,0.07220538599904103,True,1579,0,5,5,A,7191,0.4,True,4.291778100001466
0,35.6489509612748,526,0,,0.465026880943456,1.0281814299996768,dstar_lite,False,0,0,3655,15502,2235,0.08720643899869174,0,0.0,0.1715028059988981,True,12376,0,5,5,A,7192,0.45,True,2.556139084001188
0,36.70286154288373,544,0,,0.465026880943456,0.8183871389992419,dstar_lite,False,0,0,3226,13608,1801,0.0903380300005665,0,0.0,0.1677374039991264,True,12445,0,4,4,A,7193,0.475,True,2.129282724999939
0,37.828828792604114,560,0,,0.465026880943456,2.2759361130010802,dstar_lite,False,0,0,2234,9489,267,0.06145433699930436,0,0.0,0.03763963900019007,True,1397,0,6,6,A,7194,0.425,True,3.4766525750001165
0,38.76528417211249,593,0,,0.475657439761009,1.6717369289999624,dstar_lite,False,0,0,1755,7400,1957,0.04684933099997579,0,0.0,0.10565348099953553,True,7324,0,7,7,A,7195,0.4625,True,3.155098392000582
0,38.1979782197425,552,0,,0.465026880943456,0.9538870289998158,dstar_lite,False,0,0,19465,80330,104,0.3869408990012744,0,0.0,0.13700040000003355,True,652,0,3,3,A,7196,0.4,True,2.261928670999623
0,42.921582207486445,658,0,,0.465026880943456,6.7647755590005545,dstar_lite,False,0,0,4981,21011,386,0.11389604499890993,0,0.0,0.06592086199998448,True,639,0,7,7,A,7197,0.5,True,10.497937323001679
0,39.15492424610594,599,0,,0.465026880943456,3.467218203999437,dstar_lite,False,0,0,4479,18860,914,0.09903128899895819,0,0.0,0.10173180399942794,True,4147,0,6,6,A,7198,0.4875,True,6.043413721999968
0,41.34439673765898,622,0,,0.475657439761009,4.763035582000157,dstar_lite,False,0,0,2650,11058,936,0.06368493300033151,0,0.0,0.04954233999887947,True,2732,0,5,5,A,7199,0.45,True,5.866975256001751
0,37.05108482524617,566,0,,0.465026880943456,1.7204273690003902,dstar_lite,False,0,0,1858,7908,2462,0.04707237399998121,0,0.0,0.16142723800112435,True,13011,0,5,5,A,7200,0.375,True,3.0038011760007066
0,37.89691365829797,565,0,,0.465026880943456,0.986034240000663,dstar_lite,False,0,0,20093,82385,2108,0.320697540000765,0,0.0,0.2941013750005368,True,14922,0,5,5,A,7201,0.425,True,3.203026053002759
0,39.208256678278886,615,0,,0.475657439761009,2.4903810440009693,dstar_lite,False,0,0,9543,39156,18663,0.17067223100093543,0,0.0,1.2470934440007113,True,111299,0,5,5,A,7202,0.4125,True,5.3364157429969055
0,40.62151158804051,620,0,,0.465026880943456,1.8131634800010943,dstar_lite,False,0,0,2614,11096,3333,0.10217278100026306,0,0.0,0.2345243109994044,True,18526,0,6,6,A,7203,0.5375,True,4.2197515110001405
0,38.51367324580375,601,0,,0.465026880943456,1.634260725999411,dstar_lite,False,0,0,3011,12600,279,0.07135780800126668,0,0.0,0.0417835570005991,True,737,0,8,8,A,7204,0.525,True,4.038145038999573
0,39.723973405235995,613,0,,0.475657439761009,4.2499243460006255,dstar_lite,False,0,0,10871,44732,12236,0.19417463100035093,0,0.0,0.9536749830003828,True,80986,0,4,4,A,7205,0.5125,True,6.725998158000948
0,40.29550035635109,616,0,,0.465026880943456,3.603655927998261,dstar_lite,False,0,0,5019,20531,830,0.10335566499998095,0,0.0,0.06793457700041472,True,3489,0,6,6,A,7206,0.375,True,6.1594647119982255
0,38.71624305683903,601,0,,0.475657439761009,2.6603108439994685,dstar_lite,False,0,0,481,1988,1794,0.026201906001006137,0,0.0,0.14317728700007137,True,11938,0,5,5,A,7207,0.4375,True,4.724856695002018
0,38.11272718976095,559,0,,0.465026880943456,1.498615978000089,dstar_lite,False,0,0,15940,65603,3900,0.3045087890004652,0,0.0,0.39178773399908096,True,25919,0,3,3,A,7208,0.4,True,2.4258816250003292
0,36.617141303355645,546,0,,0.465026880943456,1.0441791670000384,dstar_lite,False,0,0,665,2852,97,0.026765763001094456,0,0.0,0.018157402000724687,True,641,0,7,7,A,7209,0.425,True,2.2782497230000445
0,37.84955079078359,569,0,,0.465026880943456,2.5548547620001045,dstar_lite,False,0,0,3991,16463,911,0.06993893199978629,0,0.0,0.07963481099977798,True,4538,0,7,7,A,7210,0.425,True,3.646501844999875
0,40.47885838397285,644,0,,0.475657439761009,3.2951938080004766,dstar_lite,False,0,0,2713,11250,1330,0.06286541199915519,0,0.0,0.09928051099996082,True,7158,0,7,7,A,7211,0.4625,True,5.655277157997261
0,44.992122196765756,696,0,,0.465026880943456,5.271675847001461,dstar_lite,False,0,0,1156,4919,3765,0.042342929998994805,0,0.0,0.26796357999955944,True,22084,0,6,6,A,7212,0.6625,True,10.353988492002827
0,36.95832137886201,556,0,,0.475657439761009,3.980633773999216,dstar_lite,False,0,0,2445,10255,1289,0.04371111000000383,0,0.0,0.050698241999270977,True,3351,0,4,4,A,7213,0.375,True,4.244693278997147
0,39.785842365568605,605,0,,0.465026880943456,1.3860312580000027,dstar_lite,False,0,0,3482,14877,240,0.0794852870003524,0,0.0,0.04913199600014195,True,585,0,6,6,A,7214,0.4125,True,4.155696867999723
0,38.51413923183204,582,0,,0.465026880943456,2.604169862001072,dstar_lite,False,0,0,1626,6932,19,0.04990790100055165,0,0.0,0.026073138000356266,True,19,0,7,7,A,7215,0.325,True,5.164032698001392
0,39.430000550269455,622,0,,0.475657439761009,3.9618445910000446,dstar_lite,False,0,0,3237,13322,14839,0.11912023900003987,0,0.0,1.1596834079991822,True,105472,0,6,6,A,7216,0.4125,True,6.425429512999472
0,37.4904043705717,557,0,,0.465026880943456,1.3781576789988321,dstar_lite,False,0,0,5142,21601,2965,0.12025582100068277,0,0.0,0.21711235600014334,True,16697,0,3,3,A,7217,0.425,True,2.3942260449966852
0,37.34939975938317,558,0,,0.465026880943456,1.435299065999061,dstar_lite,False,0,0,611,2636,134,0.03480339400084631,0,0.0,0.02023834099964006,True,844,0,6,6,A,7218,0.425,True,2.9879334869983722
0,39.424593702835885,592,0,,0.465026880943456,8.836032043998785,dstar_lite,False,0,0,3846,16033,453,0.08376677299929725,0,0.0,0.07600920999902883,True,2322,0,7,7,A,7219,0.475,True,10.420028383998215
0,40.21051032579214,607,0,,0.475657439761009,1.5049400009993406,dstar_lite,False,0,0,11735,47530,16178,0.20607641700007662,0,0.0,1.2954030609998881,True,116874,0,5,5,A,7220,0.375,True,2.4532375960025092
0,38.3386718103583,561,0,,0.465026880943456,0.6688278899982834,dstar_lite,False,0,0,4715,19636,312,0.1082307970009424,0,0.0,0.04570897200028412,True,1566,0,4,4,A,7221,0.4375,True,1.8748522589976346
0,37.726852523872644,564,0,,0.465026880943456,0.8239633049997792,dstar_lite,False,0,0,125,562,83,0.011617361000389792,0,0.0,0.009893579999697977,True,143,0,8,8,A,7222,0.3875,True,2.03598400699957
0,38.567701703380756,568,0,,0.465026880943456,0.8913306929989631,dstar_lite,False,0,0,5666,23263,2787,0.1180891399999382,0,0.0,0.2390810640008567,True,17592,0,4,4,A,7223,0.475,True,2.3771886530012125
0,42.84002279288356,673,0,,0.475657439761009,5.7774290869983815,dstar_lite,False,0,0,7077,29383,66401,0.1577407500008121,0,0.0,5.615192344999741,True,520357,0,5,5,A,7224,0.475,True,9.346170405997327
0,39.65869794986097,590,0,,0.465026880943456,2.168058655001005,dstar_lite,False,0,0,7665,31784,17226,0.1352733919993625,0,0.0,1.3843352509993565,True,126012,0,4,4,A,7225,0.4375,True,4.252705505999984
0,38.73683656517478,595,0,,0.465026880943456,4.630570657000135,dstar_lite,False,0,0,4207,17673,192,0.09163326399902871,0,0.0,0.04709581599854573,True,382,0,7,7,A,7226,0.475,True,7.104009992999636
0,39.334485946206286,611,0,,0.475657439761009,1.743829512000957,dstar_lite,False,0,0,161,715,206,0.014235786000426742,0,0.0,0.022579020998819033,True,1215,0,7,7,A,7227,0.475,True,4.4297013509985845
0,43.54369228169938,687,0,,0.475657439761009,3.4860485369990784,dstar_lite,False,0,0,2469,10296,619,0.060639106999587966,0,0.0,0.05549039499965147,True,2467,0,6,6,A,7228,0.5,True,7.030843599999571
0,39.29913963682898,617,0,,0.475657439761009,3.9123286769990955,dstar_lite,False,0,0,9779,40377,9636,0.19800533200032078,0,0.0,0.537975715000357,True,44173,0,5,5,A,7229,0.4375,True,6.948855648000972
0,39.73641379357972,602,0,,0.465026880943456,4.711274691999279,dstar_lite,False,0,0,7822,32718,1045,0.1621827300004952,0,0.0,0.1016366490002838,True,2482,0,5,5,A,7230,0.45,True,7.736728931999096
0,39.2745595203969,582,0,,0.465026880943456,0.7780505480004649,dstar_lite,False,0,0,3960,16545,6316,0.08998549400166667,0,0.0,0.5224465809988033,True,45625,0,7,7,A,7231,0.3625,True,2.2404979369985085
0,42.08689464404495,648,0,,0.465026880943456,8.354715888999635,dstar_lite,False,0,0,3076,12779,749,0.08308638900052756,0,0.0,0.0913851209988934,True,4543,0,6,6,A,7232,0.475,True,12.010755682000308
0,37.622498948496464,570,0,,0.465026880943456,0.8872973249999632,dstar_lite,False,0,0,3910,16260,1634,0.07259188499847369,0,0.0,0.12332056699960958,True,8620,0,6,6,A,7233,0.4375,True,2.9232771289989614
0,42.43748216941975,674,0,,0.475657439761009,2.243051354000272,dstar_lite,False,0,0,1233,5246,5632,0.04552222399979655,0,0.0,0.45244933600042714,True,39810,0,8,8,A,7234,0.4375,True,5.22800146499867
0,40.34136555436274,639,0,,0.475657439761009,3.6325530529993557,dstar_lite,False,0,0,10308,42648,5785,0.17538731100103178,0,0.0,0.28121942299912916,True,18690,0,5,5,A,7235,0.4375,True,8.793615445998512
0,39.73029359334547,607,0,,0.465026880943456,1.6041921470005036,dstar_lite,False,0,0,6749,28434,3531,0.16734486099994683,0,0.0,0.20797331200083136,True,13482,0,5,5,A,7236,0.5625,True,3.7637551280040498
0,38.54455773837356,583,0,,0.465026880943456,3.5109982949998084,dstar_lite,False,0,0,2884,12080,148,0.10096920000069076,0,0.0,0.04555041799903847,True,605,0,7,7,A,7237,0.4875,True,4.974567686000228
0,41.67265285668893,664,0,,0.475657439761009,2.3709868650003045,dstar_lite,False,0,0,2493,10560,2332,0.08672117900096055,0,0.0,0.17632659199989575,True,12415,0,7,7,A,7238,0.475,True,5.925854875002187
0,39.191217709228155,600,0,,0.475657439761009,4.417825315998925,dstar_lite,False,0,0,4978,20851,4742,0.11327630400046473,0,0.0,0.26829678700050863,True,20585,0,5,5,A,7239,0.475,True,6.597869869998249
0,40.93998927373541,626,0,,0.475657439761009,8.300930538000102,dstar_lite,False,0,0,3614,15216,1499,0.07598793699980888,0,0.0,0.08239344399953552,True,3743,0,5,5,A,7240,0.5,True,9.717860374001248
0,39.45653439341036,603,0,,0.465026880943456,1.9528295429990976,dstar_lite,False,0,0,2558,10900,67,0.059275265000906074,0,0.0,0.028237409998837393,True,454,0,5,5,A,7241,0.45,True,3.8842309879983077
0,41.201641079988974,643,0,,0.475657439761009,2.4841808960009075,dstar_lite,False,0,0,3049,12957,1779,0.08413617400037765,0,0.0,0.10122206000050937,True,6623,0,7,7,A,7242,0.4875,True,5.811260023998329
0,39.170624173817835,580,0,,0.465026880943456,1.8760707279998314,dstar_lite,False,0,0,4077,16818,2476,0.10580458599906706,0,0.0,0.1758337709998159,True,12811,0,6,6,A,7243,0.4625,True,3.290384460000496
0,38.32309911631055,572,0,,0.465026880943456,2.745139537999421,dstar_lite,False,0,0,3231,13711,117,0.07295124200027203,0,0.0,0.034725247000096715,True,734,0,4,4,A,7244,0.425,True,4.050776176998625
0,39.61695243952375,590,0,,0.465026880943456,1.0865467599996919,dstar_lite,False,0,0,1406,5973,164,0.03057697099939105,0,0.0,0.026579938999930164,True,1019,0,7,7,A,7245,0.3625,True,2.8555382669946994
0,37.490808778742114,549,0,,0.465026880943456,0.8536528530003125,dstar_lite,False,0,0,665,2844,155,0.042957497000315925,0,0.0,0.02263853300064511,True,740,0,5,5,A,7246,0.5125,True,2.3129161600008956
0,37.64012052400776,573,0,,0.465026880943456,1.9775259829984861,dstar_lite,False,0,0,1161,5014,352,0.05541647800055216,0,0.0,0.03821631200116826,True,1571,0,6,6,A,7247,0.4375,True,3.924790918998042
0,37.43335887185266,571,0,,0.475657439761009,2.934491400999832,dstar_lite,False,0,0,692,2964,1875,0.03563202300028934,0,0.0,0.14465481600018393,True,12500,0,5,5,A,7248,0.475,True,4.59145275100127
0,39.6224773943662,602,0,,0.4962358310319797,2.2808194440003717,dstar_lite,False,0,0,3031,12895,682,0.075279959000909,0,0.0,0.07668436799940537,True,3397,0,6,6,A,7249,0.5,True,5.3091390330009745
0,40.36964448422288,629,0,,0.465026880943456,4.228993939999782,dstar_lite,False,0,0,4003,17055,836,0.12707157299882965,0,0.0,0.10294528399936098,True,3554,0,6,6,A,7250,0.5,True,5.952531557999464
0,39.6642785167706,621,0,,0.465026880943456,2.6313640369990026,dstar_lite,False,0,0,2826,11918,1948,0.06444782600010512,0,0.0,0.12110654699972656,True,8061,0,8,8,A,7251,0.425,True,6.506858741002361
0,38.00219962839041,570,0,,0.465026880943456,0.5085741319999215,dstar_lite,False,0,0,2120,8830,3762,0.0691036759999406,0,0.0,0.2842619200000627,True,24512,0,7,7,A,7252,0.475,True,2.040148060003048
0,40.67068268996964,648,0,,0.475657439761009,10.23439082600089,dstar_lite,False,0,0,4486,18620,730,0.09786421799981326,0,0.0,0.05785663300048327,True,2510,0,6,6,A,7253,0.4,True,11.51916574399911
0,40.26979177079446,602,0,,0.465026880943456,2.836147099998925,dstar_lite,False,0,0,11334,46879,842,0.1964939109984698,0,0.0,0.11876875999951153,True,3922,0,4,4,A,7254,0.375,True,4.000835278999148
0,45.18121598939781,724,0,,0.47565743976100916,11.452510629000244,dstar_lite,False,0,0,3815,15990,2341,0.08829790100026003,0,0.0,0.09179351500097255,True,4991,0,5,5,A,7255,0.5,True,14.927526473999023
0,46.798005533426036,743,0,,0.47565743976100916,9.41729157699956,dstar_lite,False,0,0,6233,25752,4262,0.11355239099975734,0,0.0,0.14379407200067362,True,8924,0,6,6,A,7256,0.5125,True,12.006114821002484
0,37.899431281227244,575,0,,0.465026880943456,0.9485552400001325,dstar_lite,False,0,0,7628,31382,1450,0.1540000669992878,0,0.0,0.12275359199884406,True,5093,0,7,7,A,7257,0.4875,True,3.5750504480001837
0,37.732222107104086,576,0,,0.465026880943456,2.028012853999826,dstar_lite,False,0,0,973,4307,2315,0.03683817099954467,0,0.0,0.2055374629999278,True,16547,0,6,6,A,7258,0.5375,True,4.760256030998789
0,38.664975177715355,587,0,,0.465026880943456,3.229611857001146,dstar_lite,False,0,0,8017,33937,196,0.18760321799891244,0,0.0,0.08032978300070681,True,479,0,4,4,A,7259,0.5125,True,5.213873363001767
0,39.36354530236476,590,0,,0.465026880943456,3.896519248999539,dstar_lite,False,0,0,4313,17854,2336,0.10223413399944548,0,0.0,0.14525277900065703,True,9704,0,6,6,A,7260,0.5875,True,5.100246282001535
0,36.88208494358749,538,0,,0.465026880943456,1.8818228960008128,dstar_lite,False,0,0,3156,13004,46,0.06166390300131752,0,0.0,0.023463192001145217,True,281,0,4,4,A,7261,0.325,True,2.7801969810006995
0,37.888307320028424,572,0,,0.465026880943456,1.4527644919999148,dstar_lite,False,0,0,296,1277,1126,0.013910379999288125,0,0.0,0.09757763500056171,True,7245,0,7,7,A,7262,0.425,True,3.4007652279997274
0,38.75077780327762,580,0,,0.465026880943456,2.022266402000241,dstar_lite,False,0,0,14743,59775,2068,0.26529061300061585,0,0.0,0.17652665700006764,True,8059,0,5,5,A,7263,0.45,True,3.695753241001512
0,41.17329552887945,631,0,,0.475657439761009,2.8176077879998047,dstar_lite,False,0,0,6049,25043,5909,0.13132817199948477,0,0.0,0.2295958189988596,True,16209,0,6,6,A,7264,0.4,True,5.410339089001354
0,35.88063592320075,529,0,,0.465026880943456,2.287758534999739,dstar_lite,False,0,0,8229,33783,24794,0.16464580300089438,0,0.0,2.1182624800003396,True,195867,0,2,2,A,7265,0.375,True,2.571068300998377
0,46.687344378589756,782,0,,0.47565743976100916,4.753076879998844,dstar_lite,False,0,0,1858,7890,1787,0.06026115199892956,0,0.0,0.08827876899886178,True,6165,0,6,6,A,7266,0.45,True,10.867098088001512
0,37.15672042257419,568,0,,0.465026880943456,3.6285879900005966,dstar_lite,False,0,0,5659,23377,2311,0.15282331900016288,0,0.0,0.12620070499906433,True,5817,0,4,4,A,7267,0.4375,True,4.157651450999765
0,38.03648792485941,556,0,,0.465026880943456,1.315206606999709,dstar_lite,False,0,0,2675,11386,178,0.09114417300042987,0,0.0,0.05203077199985273,True,1041,0,5,5,A,7268,0.4375,True,2.649750435999522
0,39.42249111502249,585,0,,0.465026880943456,0.7254010939996078,dstar_lite,False,0,0,2076,8807,2693,0.05996834100005799,0,0.0,0.20485934800126415,True,16836,0,5,5,A,7269,0.375,True,2.3713678439999057
0,38.32055977011672,554,0,,0.4962358310319797,0.6892053089995898,dstar_lite,False,0,0,6759,28316,964,0.13105618999907165,0,0.0,0.10519510099948093,True,5544,0,4,4,A,7270,0.425,True,1.6014675889982755
0,38.74352877563095,595,0,,0.475657439761009,1.584095778000119,dstar_lite,False,0,0,10083,41753,4559,0.1877026410002145,0,0.0,0.33145449599942367,True,22764,0,6,6,A,7271,0.375,True,3.776810776000275
0,40.012707452175825,602,0,,0.465026880943456,2.227549978000752,dstar_lite,False,0,0,2008,8461,7640,0.0631496040005004,0,0.0,0.5927834939993772,True,53366,0,6,6,A,7272,0.475,True,4.303578487999403
0,37.92278290654678,561,0,,0.465026880943456,0.9197984429993085,dstar_lite,False,0,0,10502,43518,7924,0.19916549599838618,0,0.0,0.718158723999295,True,59931,0,5,5,A,7273,0.4625,True,2.3656101409997063
0,36.56089937698871,544,0,,0.465026880943456,1.5077487149992521,dstar_lite,False,0,0,5868,24345,153,0.12639693900018756,0,0.0,0.05413680200035742,True,927,0,6,6,A,7274,0.45,True,3.136378067998521
0,39.97855147352389,616,0,,0.475657439761009,1.2706775909991848,dstar_lite,False,0,0,3049,12760,2814,0.08856887900037691,0,0.0,0.20557153099980496,True,16258,0,6,6,A,7275,0.5625,True,3.336087056000906
0,37.75707142739058,562,0,,0.465026880943456,1.150972888999604,dstar_lite,False,0,0,5176,21873,1064,0.10706234099961875,0,0.0,0.08951815300133603,True,3964,0,5,5,A,7276,0.425,True,2.418518792002942
0,37.4623177528423,538,0,,0.465026880943456,0.5932195910008886,dstar_lite,False,0,0,4115,17459,5783,0.08391995599959046,0,0.0,0.5048993710006471,True,44674,0,2,2,A,7277,0.3375,True,0.9887800449996575
0,38.63758060861672,581,0,,0.465026880943456,3.1370008249996317,dstar_lite,False,0,0,1818,7707,991,0.05023346600137302,0,0.0,0.0916587769988837,True,6062,0,4,4,A,7278,0.3625,True,3.8013833819986758
0,37.50973082192005,563,0,,0.465026880943456,1.4265383490001113,dstar_lite,False,0,0,2798,11800,1814,0.08139728300011484,0,0.0,0.16254973199829692,True,11605,0,7,7,A,7279,0.45,True,2.857568415998685
0,39.156919654974494,596,0,,0.465026880943456,2.985325034998823,dstar_lite,False,0,0,1907,8023,886,0.04820623900013743,0,0.0,0.05421192100038752,True,3137,0,5,5,A,7280,0.4375,True,4.949901451998812
0,38.14364710284167,575,0,,0.475657439761009,2.501296717999139,dstar_lite,False,0,0,11148,46675,13886,0.24272396200103685,0,0.0,1.1003556069990736,True,94819,0,3,3,A,7281,0.375,True,4.241049635998934
0,36.722024387838026,547,0,,0.465026880943456,1.3899528740003007,dstar_lite,False,0,0,7595,31084,31,0.14836451500013936,0,0.0,0.052604655000322964,True,31,0,6,6,A,7282,0.3375,True,2.8807903950018954
0,36.95731483630073,557,0,,0.465026880943456,0.9611054190008872,dstar_lite,False,0,0,5539,22939,2896,0.10011628900065261,0,0.0,0.2179731600008381,True,15039,0,6,6,A,7283,0.4,True,3.3603119819963467
0,41.58239852559375,626,0,,0.465026880943456,6.252256102001411,dstar_lite,False,0,0,3190,13365,2430,0.11197935000018333,0,0.0,0.11492465300034382,True,7610,0,6,6,A,7284,0.5125,True,7.858085685003971
0,40.38367156016686,626,0,,0.475657439761009,8.130021676000979,dstar_lite,False,0,0,11434,47722,2260,0.22356085800129222,0,0.0,0.18543010899884393,True,7810,0,5,5,A,7285,0.475,True,11.302206179003406
0,38.01499672067151,576,0,,0.465026880943456,2.7717379120003898,dstar_lite,False,0,0,2674,11278,1207,0.05549569000140764,0,0.0,0.10667647700029192,True,7071,0,7,7,A,7286,0.4,True,4.223296823001874
0,38.120829929784556,569,0,,0.465026880943456,3.598606610999923,dstar_lite,False,0,0,6877,28851,2997,0.15419654400102445,0,0.0,0.28488628099876223,True,19981,0,3,3,A,7287,0.3625,True,4.393785516000207
0,38.26109581969731,591,0,,0.465026880943456,1.7588320770009886,dstar_lite,False,0,0,420,1792,113,0.019011327998669003,0,0.0,0.014196026999343303,True,131,0,6,6,A,7288,0.425,True,3.367593159997341
0,38.64205830128396,585,0,,0.465026880943456,2.9686841420007113,dstar_lite,False,0,0,6381,26394,704,0.13790484899982403,0,0.0,0.07968348900067213,True,2587,0,6,6,A,7289,0.5125,True,4.6061178220024885
0,38.42709487985238,569,0,,0.465026880943456,3.7463266819995624,dstar_lite,False,0,0,10416,42561,312,0.22357111000019358,0,0.0,0.07421280299968203,True,1191,0,5,5,A,7290,0.5125,True,4.812094742999761
0,41.74844521045194,641,0,,0.465026880943456,5.664747282000462,dstar_lite,False,0,0,2500,10508,4029,0.06088739200095006,0,0.0,0.28170134799984226,True,22474,0,7,7,A,7291,0.5375,True,9.03176354199968
0,38.93022567240478,580,0,,0.465026880943456,1.723413370000344,dstar_lite,False,0,0,2375,10239,69,0.06618982899999537,0,0.0,0.03514492400063318,True,325,0,5,5,A,7292,0.3625,True,3.1948604640019767
0,37.611169252033044,556,0,,0.465026880943456,2.503484001999823,dstar_lite,False,0,0,779,3349,443,0.02563040099994396,0,0.0,0.05043649100116454,True,2135,0,4,4,A,7293,0.325,True,3.815858269999808
0,38.63590753934508,576,0,,0.465026880943456,0.8768203010004072,dstar_lite,False,0,0,4765,19667,1592,0.11138042900165601,0,0.0,0.1204592269987188,True,7981,0,6,6,A,7294,0.4625,True,2.4597649610022927
0,39.25027716860415,604,0,,0.465026880943456,2.1846468039984757,dstar_lite,False,0,0,4370,17991,1541,0.12521970200032229,0,0.0,0.16683366400138766,True,11635,0,6,6,A,7295,0.4375,True,5.973499851997985
0,39.61333831029202,600,0,,0.475657439761009,1.766586459998507,dstar_lite,False,0,0,6062,25018,20455,0.12054279000039969,0,0.0,1.6420116829995095,True,148543,0,6,6,A,7296,0.4125,True,4.180718576995787
0,39.57874957533577,602,0,,0.465026880943456,3.5785347550008737,dstar_lite,False,0,0,6414,26605,1819,0.1379429410008015,0,0.0,0.17832084600013332,True,10339,0,6,6,A,7297,0.45,True,5.137625082999875
0,40.04610298807953,608,0,,0.465026880943456,4.24342919099945,dstar_lite,False,0,0,1348,5732,108,0.03984628000034718,0,0.0,0.030255985000621877,True,690,0,6,6,A,7298,0.4375,True,5.591288169998734
0,37.916723629483606,578,0,,0.465026880943456,2.3556589540003188,dstar_lite,False,0,0,12316,50874,1244,0.23757977599962032,0,0.0,0.15531939399988914,True,6033,0,6,6,A,7299,0.5375,True,3.860008811003354
0,38.40950939187649,553,0,,0.465026880943456,0.41851349500029755,dstar_lite,False,0,0,6470,26659,2626,0.1320557140006713,0,0.0,0.25190148599904205,True,18539,0,3,3,A,7300,0.375,True,1.2207931309985725
0,37.49367694203384,561,0,,0.465026880943456,4.776678984999307,dstar_lite,False,0,0,4311,18043,757,0.10939114400025574,0,0.0,0.07044158800090372,True,2408,0,5,5,A,7301,0.4,True,6.3515686159971665
0,36.714399992105875,541,0,,0.465026880943456,0.9310207429989532,dstar_lite,False,0,0,3323,13840,769,0.0852571640007227,0,0.0,0.06919295800071268,True,3032,0,4,4,A,7302,0.5125,True,1.9172062150009879
0,38.34837180426387,591,0,,0.465026880943456,1.3568396989994653,dstar_lite,False,0,0,2860,11991,185,0.09415379499841947,0,0.0,0.03640803300004336,True,1103,0,6,6,A,7303,0.525,True,4.006682923996777
0,42.4029980442284,674,0,,0.475657439761009,2.1676657589996466,dstar_lite,False,0,0,5990,24991,5048,0.14566728299905662,0,0.0,0.3101804890011408,True,22603,0,5,5,A,7304,0.4,True,5.687488491999829
0,38.86369815302706,598,0,,0.475657439761009,5.096232663001501,dstar_lite,False,0,0,9121,37330,2670,0.1661548820011376,0,0.0,0.266064348999862,True,17593,0,8,8,A,7305,0.5,True,7.2913791480023065
0,38.47984602039454,579,0,,0.465026880943456,0.9411993209996581,dstar_lite,False,0,0,1317,5564,168,0.04277250700033619,0,0.0,0.026364147999629495,True,865,0,6,6,A,7306,0.5,True,3.2776547929988737
0,36.39113253255004,549,0,,0.465026880943456,1.2092131259996677,dstar_lite,False,0,0,1398,6028,172,0.06712372900074115,0,0.0,0.026778706000186503,True,255,0,6,6,A,7307,0.4375,True,3.1386252449992753
0,40.286185814058584,634,0,,0.475657439761009,2.0150317829993583,dstar_lite,False,0,0,4453,18557,494,0.09215700599997945,0,0.0,0.061910199001431465,True,2117,0,6,6,A,7308,0.55,True,5.488400939997518
0,39.6061722119438,612,0,,0.475657439761009,2.054676395999195,dstar_lite,False,0,0,4106,17076,6415,0.09855241799959913,0,0.0,0.4195926310003415,True,35415,0,6,6,A,7309,0.4625,True,3.5339572039974883
0,39.69133393660098,596,0,,0.465026880943456,1.0782177909986785,dstar_lite,False,0,0,1089,4570,7694,0.03563823100012087,0,0.0,0.6218524019986944,True,57164,0,5,5,A,7310,0.3375,True,2.669997423996392
0,41.60802234800213,648,0,,0.465026880943456,2.377730010999585,dstar_lite,False,0,0,2507,10510,783,0.06472828400001163,0,0.0,0.06050302800031204,True,2858,0,6,6,A,7311,0.4875,True,6.226623800001107
0,39.64745247989296,622,0,,0.475657439761009,5.674086555000031,dstar_lite,False,0,0,6177,25451,9885,0.12356093299968052,0,0.0,0.5716162730004726,True,50744,0,4,4,A,7312,0.3625,True,8.290400308002063
0,39.85628534513363,619,0,,0.475657439761009,1.7818418040005781,dstar_lite,False,0,0,5366,22190,1725,0.12409251700046298,0,0.0,0.13738367399855633,True,7293,0,5,5,A,7313,0.3875,True,5.174269431996436
0,38.205769240722795,583,0,,0.465026880943456,2.6060029000000213,dstar_lite,False,0,0,3370,14243,525,0.06672845100001723,0,0.0,0.06548469600056706,True,2896,0,6,6,A,7314,0.425,True,4.360301192002225
0,42.764310032866035,681,0,,0.475657439761009,2.779588014998808,dstar_lite,False,0,0,7160,29503,7167,0.1609195440014446,0,0.0,0.4624823060003109,True,36072,0,6,6,A,7315,0.425,True,6.555453918001149
0,38.09914681025368,556,0,,0.465026880943456,1.1565111159998196,dstar_lite,False,0,0,3749,15740,1119,0.07805991600071138,0,0.0,0.11139951400036807,True,7875,0,3,3,A,7316,0.3625,True,1.859489749000204
0,37.62264395223179,552,0,,0.465026880943456,0.7471806490011659,dstar_lite,False,0,0,3972,16948,484,0.08926091400098812,0,0.0,0.0588338620000286,True,2415,0,4,4,A,7317,0.3625,True,2.13730613700136
0,38.784950749180204,580,0,,0.465026880943456,2.955380890000015,dstar_lite,False,0,0,9554,40046,490,0.2006806150002376,0,0.0,0.11041915100031474,True,2780,0,5,5,A,7318,0.5,True,6.226514731999487
0,43.33998907008154,685,0,,0.47565743976100916,3.367636732000392,dstar_lite,False,0,0,6072,25084,39873,0.11200913600077911,0,0.0,3.2507398090001516,True,300109,0,4,4,A,7319,0.5,True,7.247369848002563
0,35.463361177283396,511,0,,0.465026880943456,0.5760777769992274,dstar_lite,False,0,0,1886,8001,4,0.04347332900033507,0,0.0,0.015303442000003997,True,4,0,4,4,A,7320,0.3625,True,1.468580392000149
0,38.09735637334573,591,0,,0.475657439761009,2.342485816001499,dstar_lite,False,0,0,3634,14854,3377,0.12545167799908086,0,0.0,0.1891824070007715,True,13944,0,6,6,A,7321,0.325,True,4.505516830002307
0,37.45517641924571,569,0,,0.465026880943456,2.1305892520013003,dstar_lite,False,0,0,4207,17804,386,0.09469942600117065,0,0.0,0.07398766499863996,True,1621,0,4,4,A,7322,0.5,True,4.371113144001356
0,38.02615645477172,575,0,,0.475657439761009,1.2073884459987312,dstar_lite,False,0,0,14313,59070,4851,0.2273629239989532,0,0.0,0.4186739649994706,True,29242,0,5,5,A,7323,0.4375,True,3.294419989000744
0,39.13860488929682,617,0,,0.465026880943456,2.0452085390006687,dstar_lite,False,0,0,4798,19904,371,0.10429329799990228,0,0.0,0.06309785899975395,True,1475,0,6,6,A,7324,0.4625,True,5.098233911001444
0,39.052143456787896,600,0,,0.465026880943456,2.5773566589996335,dstar_lite,False,0,0,2567,10871,1407,0.07128258900047513,0,0.0,0.08502741199845332,True,5157,0,8,8,A,7325,0.5375,True,4.585191494001265
0,38.75704122709117,586,0,,0.465026880943456,2.6587484669998958,dstar_lite,False,0,0,1374,5789,382,0.025363060000017867,0,0.0,0.025668049000159954,True,1792,0,4,4,A,7326,0.45,True,4.753832254000372
0,37.562133519539444,584,0,,0.475657439761009,1.3368928829986544,dstar_lite,False,0,0,1296,5628,254,0.04125764099990192,0,0.0,0.03413318299863022,True,1430,0,7,7,A,7327,0.475,True,3.3620776169991586
0,40.91863101784997,637,0,,0.465026880943456,3.6244311739992554,dstar_lite,False,0,0,2861,12042,2719,0.09341148800012888,0,0.0,0.1871384490004857,True,13240,0,8,8,A,7328,0.4375,True,5.99190713599819
0,39.09096531377915,585,0,,0.475657439761009,3.2748411180000403,dstar_lite,False,0,0,14517,60052,35003,0.27796916400075133,0,0.0,2.99217121699985,True,270953,0,2,2,A,7329,0.3875,True,5.770267965999665
0,39.5152334879267,591,0,,0.465026880943456,1.547163958000965,dstar_lite,False,0,0,1802,7587,1053,0.05394154600071488,0,0.0,0.07766225600062171,True,4667,0,4,4,A,7330,0.3375,True,3.2510952430002362
0,38.455030538106215,593,0,,0.475657439761009,2.5111489959999744,dstar_lite,False,0,0,5045,20859,4076,0.10252238800057967,0,0.0,0.2613824090003618,True,20050,0,4,4,A,7331,0.4625,True,4.703390689999651
0,36.57907591272643,545,0,,0.465026880943456,1.0575936139994155,dstar_lite,False,0,0,8599,35736,322,0.1448394199996983,0,0.0,0.08325273000082234,True,1775,0,4,4,A,7332,0.375,True,2.8699563469999703
0,45.917878488313846,754,0,,0.47565743976100916,2.5522863039986987,dstar_lite,False,0,0,2831,11655,29168,0.08432947300025262,0,0.0,2.4636241469997913,True,228121,0,6,6,A,7333,0.4625,True,7.482120315995417
0,38.32714386564529,579,0,,0.465026880943456,3.371673269999519,dstar_lite,False,0,0,9384,38784,2781,0.17366179599957832,0,0.0,0.27623799800130655,True,18350,0,5,5,A,7334,0.3625,True,4.931042183001409
0,39.23096782669257,587,0,,0.465026880943456,2.9302446479996433,dstar_lite,False,0,0,908,3965,332,0.02641842500088387,0,0.0,0.027505599000505754,True,1475,0,5,5,A,7335,0.3875,True,4.469049614997857
0,40.37977558191508,624,0,,0.465026880943456,4.385062608000226,dstar_lite,False,0,0,3798,15780,861,0.08132869499968365,0,0.0,0.07237421600075322,True,3316,0,6,6,A,7336,0.4625,True,6.651862605000133
0,37.80471122036874,575,0,,0.465026880943456,2.6027282979994197,dstar_lite,False,0,0,2691,11322,196,0.059017620000304305,0,0.0,0.03108938399964245,True,743,0,7,7,A,7337,0.4,True,4.7366532369997
0,38.532755295674825,576,0,,0.465026880943456,1.0678371809990495,dstar_lite,False,0,0,1571,6589,124,0.048225087999526295,0,0.0,0.027096183999674395,True,649,0,6,6,A,7338,0.55,True,3.095431440997345
0,37.160568912446244,546,0,,0.465026880943456,0.45428590399933455,dstar_lite,False,0,0,7991,32851,211,0.1841517200009548,0,0.0,0.07075445800001035,True,805,0,6,6,A,7339,0.5125,True,1.9019715869999345
0,46.956489701541145,752,0,,0.47565743976100916,6.647030588999769,dstar_lite,False,0,0,836,3616,1317,0.02963835099944845,0,0.0,0.1036039200007508,True,8182,0,7,7,A,7340,0.425,True,10.622839366000335
0,37.638496494785436,585,0,,0.465026880943456,3.8218675480002275,dstar_lite,False,0,0,1077,4556,486,0.038013780998880975,0,0.0,0.04515194300074654,True,1658,0,6,6,A,7341,0.525,True,5.833159407000494
0,44.04374237559491,716,0,,0.465026880943456,4.22523935999925,dstar_lite,False,0,0,2679,11334,815,0.10448755399920628,0,0.0,0.08374803299921041,True,2721,0,8,8,A,7342,0.5875,True,10.098044902000765
0,37.678626108022776,580,0,,0.465026880943456,1.819476211001529,dstar_lite,False,0,0,5169,21475,1573,0.12016959699940344,0,0.0,0.13917287300137104,True,7701,0,6,6,A,7343,0.45,True,4.160622241000965
0,37.96626713698074,544,0,,0.465026880943456,0.5029638770010934,dstar_lite,False,0,0,1115,4768,549,0.0347846610002307,0,0.0,0.057373364999875776,True,3727,0,3,3,A,7344,0.35,True,1.0536709110001539
0,41.024835142224845,622,0,,0.475657439761009,3.546776848999798,dstar_lite,False,0,0,6872,28464,2558,0.11970284200106107,0,0.0,0.17301014799886616,True,10187,0,6,6,A,7345,0.4,True,6.040191815998696
0,39.122346709636425,609,0,,0.465026880943456,2.7179354729996703,dstar_lite,False,0,0,8410,34725,3182,0.15710310800022853,0,0.0,0.27250829199874715,True,19217,0,5,5,A,7346,0.45,True,6.353314322997903
0,39.57176145274196,595,0,,0.465026880943456,1.7223571730010008,dstar_lite,False,0,0,8640,35749,9600,0.18190513599984115,0,0.0,0.7313962700009142,True,63084,0,3,3,A,7347,0.5,True,4.2449200180017215
0,39.15962022583027,592,0,,0.475657439761009,3.1974144680007157,dstar_lite,False,0,0,2876,12253,1635,0.06039239999881829,0,0.0,0.13878356300119776,True,9300,0,4,4,A,7348,0.3875,True,4.614580748000662
0,44.06936639476541,695,0,,0.47565743976100916,10.823326350999196,dstar_lite,False,0,0,6540,27253,1550,0.12933330300074886,0,0.0,0.17790787299963995,True,9858,0,4,4,A,7349,0.4,True,13.844977607999681
0,37.491509595952,559,0,,0.465026880943456,5.109998715999609,dstar_lite,False,0,0,6374,26587,560,0.1558617749997211,0,0.0,0.1264797850017203,True,3295,0,6,6,A,7350,0.4875,True,6.756760637999832
0,40.01948091830259,621,0,,0.475657439761009,1.7725091089996567,dstar_lite,False,0,0,2283,9588,22,0.05859210900052858,0,0.0,0.023450907998267212,True,22,0,7,7,A,7351,0.5375,True,4.091307994001909
0,39.904705620394644,587,0,,0.465026880943456,2.9954347219991178,dstar_lite,False,0,0,1761,7399,376,0.04171621200111986,0,0.0,0.04799807699964731,True,2035,0,5,5,A,7352,0.4875,True,3.995835902996987
0,39.54334844098496,612,0,,0.475657439761009,3.0929408369993325,dstar_lite,False,0,0,1853,7879,739,0.04902505100108101,0,0.0,0.04442562299846031,True,1639,0,5,5,A,7353,0.375,True,6.2363557720000244
0,35.9280276394662,536,0,,0.465026880943456,1.1472402239996882,dstar_lite,False,0,0,7383,30686,702,0.12412080200010678,0,0.0,0.06887604800067493,True,1294,0,5,5,A,7354,0.475,True,2.817429668000841
0,42.07629752987833,649,0,,0.475657439761009,5.737950335998903,dstar_lite,False,0,0,1065,4497,1187,0.038097121001555934,0,0.0,0.05809510600010981,True,3791,0,7,7,A,7355,0.575,True,10.046342435998667
0,37.8378595860089,580,0,,0.475657439761009,2.1452802659987356,dstar_lite,False,0,0,15373,63249,6673,0.31683420300032594,0,0.0,0.5037226820004435,True,36229,0,3,3,A,7356,0.4875,True,3.912208477999229
0,38.061237200111854,583,0,,0.465026880943456,1.722736742000052,dstar_lite,False,0,0,3280,13870,700,0.09325421100038511,0,0.0,0.07850617400072224,True,3406,0,6,6,A,7357,0.5125,True,3.6641588429993135
0,41.81562036837775,683,0,,0.475657439761009,2.8845560959998693,dstar_lite,False,0,0,8781,35884,19599,0.1554532560003281,0,0.0,1.1653866140004538,True,101601,0,5,5,A,7358,0.3,True,8.857936559998052
0,38.35248753562202,581,0,,0.475657439761009,2.133786609998424,dstar_lite,False,0,0,2592,10833,4469,0.05639520299882861,0,0.0,0.31619379699986894,True,27678,0,4,4,A,7359,0.375,True,4.317323848999877
0,38.605121875515,578,0,,0.465026880943456,2.9144744079985685,dstar_lite,False,0,0,2697,11513,2677,0.05930094799987273,0,0.0,0.21090451599957305,True,17424,0,5,5,A,7360,0.425,True,4.092800647997137
0,38.90302740850233,606,0,,0.465026880943456,1.0583410350009217,dstar_lite,False,0,0,1142,4812,576,0.06733704999896872,0,0.0,0.037295710999387666,True,1556,0,7,7,A,7361,0.55,True,4.305776336002964
0,39.386789598120195,599,0,,0.465026880943456,2.3432159339990903,dstar_lite,False,0,0,9946,41244,101,0.19961749899994174,0,0.0,0.07087387100000342,True,109,0,5,5,A,7362,0.475,True,5.692410454999845
0,37.48202281136283,554,0,,0.465026880943456,1.1092209170001297,dstar_lite,False,0,0,7502,30857,1665,0.13782248399911623,0,0.0,0.15340450299845543,True,8670,0,5,5,A,7363,0.4375,True,2.3664448500003346
0,37.41037352997093,550,0,,0.465026880943456,0.5833706260000326,dstar_lite,False,0,0,3288,13983,5801,0.07656142099949648,0,0.0,0.5044879209999635,True,44523,0,5,5,A,7364,0.3875,True,1.4844493929995224
0,41.386417692566724,644,0,,0.475657439761009,2.9998033450010553,dstar_lite,False,0,0,1209,4875,28151,0.04706834299940965,0,0.0,2.182275909999589,True,197213,0,7,7,A,7365,0.4125,True,6.776965092001774
0,39.08167289460935,585,0,,0.465026880943456,1.0498468519999733,dstar_lite,False,0,0,1104,4713,610,0.02476542300064466,0,0.0,0.03713429200070095,True,2501,0,5,5,A,7366,0.3875,True,2.9636952490018302
0,37.85462850247253,560,0,,0.465026880943456,1.0008980680013337,dstar_lite,False,0,0,5194,21425,162,0.11148635800054763,0,0.0,0.05090819999895757,True,323,0,6,6,A,7367,0.425,True,2.8445342910017644
0,38.266486091516136,584,0,,0.465026880943456,2.277008405999368,dstar_lite,False,0,0,13768,56820,3218,0.23073752199888986,0,0.0,0.28076595700076723,True,16753,0,5,5,A,7368,0.4375,True,4.758273320998342
0,38.32071430830404,576,0,,0.465026880943456,2.8457893100003275,dstar_lite,False,0,0,4379,18559,242,0.09645936600099958,0,0.0,0.0660247169998911,True,1517,0,6,6,A,7369,0.425,True,5.019737723003345
0,38.794184266859155,597,0,,0.465026880943456,5.105582244999823,dstar_lite,False,0,0,3652,15301,720,0.06874679199972888,0,0.0,0.06395742600034282,True,3029,0,6,6,A,7370,0.3875,True,7.543269904999761
0,38.405078113881,583,0,,0.465026880943456,2.150314084999991,dstar_lite,False,0,0,1141,4763,1175,0.0501277539988223,0,0.0,0.08259393499974976,True,6396,0,5,5,A,7371,0.425,True,3.704555996997442
0,50.1164492098946,832,0,,0.47565743976100916,5.800149705999502,dstar_lite,False,0,0,5548,22816,13954,0.1019737829992664,0,0.0,1.1142292149997957,True,103817,0,4,4,A,7372,0.45,True,10.42949822999799
0,38.37812179082673,577,0,,0.465026880943456,2.500916031000088,dstar_lite,False,0,0,3116,12947,1052,0.07678525099981925,0,0.0,0.0973987909983407,True,5748,0,6,6,A,7373,0.4125,True,4.128140288003124
0,41.238835542479094,642,0,,0.475657439761009,2.8663504759988427,dstar_lite,False,0,0,6578,27029,18506,0.16398714099887002,0,0.0,1.3183118359993387,True,118625,0,4,4,A,7374,0.525,True,6.166424016997553
0,38.91502926916365,603,0,,0.465026880943456,5.457691637999233,dstar_lite,False,0,0,1728,7399,2229,0.05129624499932106,0,0.0,0.1589287240003614,True,11482,0,7,7,A,7375,0.4125,True,7.041049485997064
0,40.981498544693096,640,0,,0.475657439761009,2.112391568000021,dstar_lite,False,0,0,10119,42286,961,0.21368471500136366,0,0.0,0.13374124899928574,True,3224,0,5,5,A,7376,0.4875,True,7.649592107996796
0,36.29510862739928,542,0,,0.465026880943456,4.813051990999156,dstar_lite,False,0,0,7480,30856,502,0.15812305899999046,0,0.0,0.07355190299858805,True,1432,0,4,4,A,7377,0.4,True,5.36227259899897
0,40.42418526284645,640,0,,0.475657439761009,2.6936648999999306,dstar_lite,False,0,0,3539,14926,1085,0.09870116699858045,0,0.0,0.06013869200069166,True,2433,0,7,7,A,7378,0.45,True,6.659424223002134
0,37.24694548943216,563,0,,0.465026880943456,2.0936900800006697,dstar_lite,False,0,0,1023,4440,1453,0.04172349899999972,0,0.0,0.12945073199989565,True,9636,0,7,7,A,7379,0.45,True,3.434282736005116
0,37.13781426665293,548,0,,0.465026880943456,2.039866348999567,dstar_lite,False,0,0,1924,7985,5427,0.091039479999381,0,0.0,0.4212243940000917,True,35868,0,5,5,A,7380,0.475,True,3.712086478000856
0,37.276363658127785,555,0,,0.465026880943456,2.3498161179995805,dstar_lite,False,0,0,6698,28009,332,0.16078248500161862,0,0.0,0.05800763899969752,True,906,0,4,4,A,7381,0.4875,True,3.5930381680009305
0,39.09267151251286,598,0,,0.465026880943456,3.076859731998411,dstar_lite,False,0,0,6010,25048,2754,0.1338295299992751,0,0.0,0.1618091930013179,True,10447,0,5,5,A,7382,0.4125,True,5.145288720996177
0,41.38648226892288,637,0,,0.465026880943456,3.6074071990005905,dstar_lite,False,0,0,4144,17202,825,0.1290318829996977,0,0.0,0.10234482300074887,True,3084,0,6,6,A,7383,0.55,True,5.81634391300031
0,40.04139456178902,611,0,,0.475657439761009,2.1346064699991985,dstar_lite,False,0,0,6432,26503,7235,0.17345887900046364,0,0.0,0.39508297800057335,True,32937,0,5,5,A,7384,0.425,True,3.728018202000385
0,39.26756881189637,621,0,,0.475657439761009,2.4121658650001336,dstar_lite,False,0,0,938,4037,255,0.0350678760005394,0,0.0,0.029788582998662605,True,1509,0,5,5,A,7385,0.3875,True,4.501049339998644
0,46.30167895128346,714,0,,0.475657439761009,10.622334887999386,dstar_lite,False,0,0,13992,57277,124388,0.2657134769997356,0,0.0,10.350431512999421,True,960108,0,4,4,A,7386,0.525,True,13.390420056999574
0,37.07416490776063,562,0,,0.4596194077712549,1.7466933439991408,dstar_lite,False,0,0,2741,11546,508,0.09527402899948356,0,0.0,0.0503990020006313,True,1552,0,6,6,A,7387,0.5125,True,3.122919428995374
0,39.379637612251294,608,0,,0.465026880943456,2.726660805999927,dstar_lite,False,0,0,1924,7904,946,0.06871976600086782,0,0.0,0.052111660999798914,True,2786,0,6,6,A,7388,0.425,True,5.844106609998562
0,41.80519129802385,642,0,,0.465026880943456,4.821277788998486,dstar_lite,False,0,0,8901,37137,2800,0.1851775439990888,0,0.0,0.20681200500075647,True,10563,0,6,6,A,7389,0.5,True,8.78064814499885
0,40.76355689036826,621,0,,0.465026880943456,1.0549575719996938,dstar_lite,False,0,0,1925,7962,688,0.07246418599970639,0,0.0,0.06829974100037361,True,3934,0,7,7,A,7390,0.5625,True,4.100358882000364
0,42.01765915243517,645,0,,0.475657439761009,3.8465777250003157,dstar_lite,False,0,0,3124,12952,6497,0.09533993500008364,0,0.0,0.3865250290000404,True,31611,0,6,6,A,7391,0.5125,True,7.289801999997508
0,36.65494820256237,553,0,,0.465026880943456,0.8521876760005398,dstar_lite,False,0,0,1872,7881,455,0.04127895800047554,0,0.0,0.0304412269997556,True,1414,0,7,7,A,7392,0.4875,True,2.700587409999571
0,38.98406188330023,604,0,,0.475657439761009,4.2608440709991555,dstar_lite,False,0,0,7631,31821,5032,0.18565158899946255,0,0.0,0.3902973309996014,True,29037,0,5,5,A,7393,0.5125,True,6.293272951999825
0,37.72063064424345,566,0,,0.465026880943456,2.4912147159993765,dstar_lite,False,0,0,3065,12766,474,0.07066844499968283,0,0.0,0.06022964700059674,True,1720,0,5,5,A,7394,0.5,True,4.347521623998546
0,38.97777163383991,603,0,,0.475657439761009,1.288881084001332,dstar_lite,False,0,0,4173,17078,15217,0.11715666199961561,0,0.0,1.102550921999864,True,99976,0,6,6,A,7395,0.4625,True,4.411473664998994
0,39.07752143856092,592,0,,0.475657439761009,3.3742970990006143,dstar_lite,False,0,0,14605,60599,5763,0.2712565010006074,0,0.0,0.4050335169995378,True,28914,0,4,4,A,7396,0.3375,True,6.608569759999227
0,38.842985858984186,580,0,,0.465026880943456,1.3097379659993749,dstar_lite,False,0,0,2959,12374,1136,0.08202449799864553,0,0.0,0.07403196599989315,True,4305,0,6,6,A,7397,0.4625,True,2.9611576200004492
0,42.85093248953682,655,0,,0.475657439761009,3.6876403840014973,dstar_lite,False,0,0,2840,12061,642,0.09128192000025592,0,0.0,0.08506556599968462,True,3744,0,7,7,A,7398,0.4875,True,5.832416739000109
0,41.39125507044656,642,0,,0.475657439761009,6.487828299999819,dstar_lite,False,0,0,5173,22025,1233,0.10853971899996395,0,0.0,0.10974399000042467,True,5559,0,5,5,A,7399,0.3875,True,10.157045238998762
0,38.22171933970014,581,0,,0.465026880943456,3.720059417999437,dstar_lite,False,0,0,3295,13777,4294,0.07937732900063565,0,0.0,0.25770078700043086,True,21234,0,6,6,A,7400,0.45,True,5.230858696000723
0,39.849450129350494,616,0,,0.465026880943456,2.7298778950007545,dstar_lite,False,0,0,408,1743,657,0.01668263899955491,0,0.0,0.05496693199893343,True,3330,0,7,7,A,7401,0.475,True,5.954483559997243
0,39.59479128569757,598,0,,0.475657439761009,1.0903910430006363,dstar_lite,False,0,0,941,3888,2138,0.03063436500087846,0,0.0,0.14902808599981654,True,11790,0,7,7,A,7402,0.5,True,2.520681333999164
0,38.64581130305856,597,0,,0.465026880943456,2.574284037000325,dstar_lite,False,0,0,2257,9760,633,0.08104703800017887,0,0.0,0.05916221299958124,True,3013,0,5,5,A,7403,0.425,True,5.443138606999128
0,39.2361752841274,612,0,,0.475657439761009,0.776576001999274,dstar_lite,False,0,0,3808,15572,1891,0.0909824979989935,0,0.0,0.0980269829997269,True,5504,0,7,7,A,7404,0.5375,True,3.833024433997707
0,38.49128595899247,592,0,,0.4962358310319797,1.9484880219988554,dstar_lite,False,0,0,2957,12415,2929,0.07452043000012054,0,0.0,0.1791683949995786,True,13353,0,6,6,A,7405,0.5,True,5.599045893997754
0,38.346767984775134,591,0,,0.465026880943456,2.0753816979995463,dstar_lite,False,0,0,12355,50510,5167,0.21457882999857247,0,0.0,0.31794270099999267,True,22137,0,7,7,A,7406,0.5375,True,4.169138697001472
0,37.42680943344774,554,0,,0.465026880943456,2.4680801249996875,dstar_lite,False,0,0,1415,5950,593,0.05858671699934348,0,0.0,0.03772072100036894,True,2170,0,4,4,A,7407,0.3875,True,3.222389463999207
0,40.056055767196014,631,0,,0.475657439761009,2.4338371789999655,dstar_lite,False,0,0,2324,9627,10717,0.06254339000042819,0,0.0,0.8283559679985046,True,75311,0,6,6,A,7408,0.4375,True,5.196818823002104
0,36.55893768134222,550,0,,0.465026880943456,2.0135398909988,dstar_lite,False,0,0,7233,30199,320,0.15721844600011536,0,0.0,0.07587402500030294,True,1778,0,6,6,A,7409,0.5,True,3.627000030995987
0,37.35024534381186,568,0,,0.465026880943456,1.3672929369986377,dstar_lite,False,0,0,3464,14520,312,0.08174066999890783,0,0.0,0.04995586500081117,True,1857,0,9,9,A,7410,0.3875,True,3.3941610339970794
0,38.31073684113059,587,0,,0.4962358310319797,2.814655202000722,dstar_lite,False,0,0,3640,15164,1282,0.09191540800020448,0,0.0,0.08126902299954963,True,3639,0,5,5,A,7411,0.4,True,5.50195122399964
0,42.70675622611246,679,0,,0.475657439761009,5.739878622998731,dstar_lite,False,0,0,1264,5383,831,0.029961743999592727,0,0.0,0.0530053130005399,True,3521,0,4,4,A,7412,0.475,True,12.575228057996355
0,37.374960436715675,551,0,,0.465026880943456,0.7621382359993731,dstar_lite,False,0,0,18122,74668,1262,0.30193559500003175,0,0.0,0.20498593199954485,True,7685,0,4,4,A,7413,0.4,True,2.1882207639991975
0,37.43440359734608,565,0,,0.465026880943456,2.6127481369985617,dstar_lite,False,0,0,9657,40820,360,0.19293984900104988,0,0.0,0.09880793099910079,True,1709,0,5,5,A,7414,0.425,True,4.530577590998291
0,40.08799171701492,614,0,,0.465026880943456,4.390653303000363,dstar_lite,False,0,0,1805,7762,627,0.05623672399997304,0,0.0,0.06148150500121119,True,2998,0,6,6,A,7415,0.425,True,5.6836902249997365
0,38.64893488707627,599,0,,0.465026880943456,1.6995914740000444,dstar_lite,False,0,0,1872,7993,1295,0.05074292600147601,0,0.0,0.10612424700047995,True,7358,0,8,8,A,7416,0.4625,True,4.922158192997813
0,38.47125092095461,564,0,,0.465026880943456,1.062608079999336,dstar_lite,False,0,0,8108,33859,798,0.1481997840000986,0,0.0,0.11790473099972587,True,5994,0,5,5,A,7417,0.425,True,2.3350005890006287
0,37.41125952198825,565,0,,0.465026880943456,2.7700791389997903,dstar_lite,False,0,0,1202,5075,235,0.03908908899938979,0,0.0,0.03639580300114176,True,938,0,7,7,A,7418,0.5,True,4.280578670004616
0,40.613304937863965,628,0,,0.465026880943456,1.5264807690000453,dstar_lite,False,0,0,1354,5669,735,0.03955046999908518,0,0.0,0.0414119329998357,True,2664,0,6,6,A,7419,0.4875,True,4.711777870001242
0,39.68507843756651,620,0,,0.465026880943456,2.3784128349998355,dstar_lite,False,0,0,1256,5407,328,0.03879335499914305,0,0.0,0.04004700099903857,True,1682,0,7,7,A,7420,0.3625,True,5.55100316700009
0,40.00699560107183,615,0,,0.465026880943456,3.4818914370007406,dstar_lite,False,0,0,1162,5102,883,0.04900283599999966,0,0.0,0.06283262000033574,True,3733,0,9,9,A,7421,0.4625,True,5.32047184899784
0,39.046276291712495,584,0,,0.465026880943456,3.9000977329997113,dstar_lite,False,0,0,1979,8313,307,0.04831292900053086,0,0.0,0.04252113200163876,True,1625,0,6,6,A,7422,0.4375,True,5.644435886999418
0,39.152506603124586,591,0,,0.465026880943456,3.6186152740010584,dstar_lite,False,0,0,12636,52002,2174,0.26132652500018594,0,0.0,0.16640095699949597,True,6309,0,4,4,A,7423,0.4625,True,6.8677966260001995
0,37.946105291435494,588,0,,0.465026880943456,2.62753257499935,dstar_lite,False,0,0,669,2818,207,0.04642124500060163,0,0.0,0.028564154001287534,True,1018,0,7,7,A,7424,0.475,True,3.882667870999285
0,36.78688152751784,547,0,,0.465026880943456,1.8684060769992357,dstar_lite,False,0,0,5776,24323,357,0.1484579739990295,0,0.0,0.08010707900029956,True,1946,0,5,5,A,7425,0.425,True,3.5924496080006065
0,37.26434399035934,568,0,,0.465026880943456,1.7461697819999245,dstar_lite,False,0,0,1447,6076,1470,0.06078797199916153,0,0.0,0.08582035700055712,True,5062,0,7,7,A,7426,0.4125,True,4.309938497997791
0,40.314892708674726,627,0,,0.465026880943456,5.944067254000402,dstar_lite,False,0,0,9795,40315,435,0.19266003300072043,0,0.0,0.12453437499971187,True,2100,0,5,5,A,7427,0.425,True,9.472266871996908
0,40.11410007809988,607,0,,0.475657439761009,1.9400746199989953,dstar_lite,False,0,0,1002,4277,1377,0.03698387000076764,0,0.0,0.10211649499979103,True,6567,0,5,5,A,7428,0.525,True,3.4303132349996304
0,38.00670084747269,580,0,,0.465026880943456,1.1992464729992207,dstar_lite,False,0,0,4211,17672,757,0.10851786099919991,0,0.0,0.061475982000047225,True,1762,0,6,6,A,7429,0.4,True,3.91128449200005
0,39.868509674057556,607,0,,0.465026880943456,1.6685667000001558,dstar_lite,False,0,0,489,2141,171,0.02723306100051559,0,0.0,0.025078576001760666,True,1071,0,8,8,A,7430,0.475,True,3.5943920300032914
0,38.857638819627056,604,0,,0.475657439761009,2.9112984459989093,dstar_lite,False,0,0,4669,19048,7788,0.09242836000157695,0,0.0,0.5027750920016842,True,40805,0,7,7,A,7431,0.4625,True,5.005251639999187
0,38.48716316814096,588,0,,0.465026880943456,3.126774344000296,dstar_lite,False,0,0,5616,23124,1051,0.14855923100003565,0,0.0,0.0945745929984696,True,4517,0,5,5,A,7432,0.4,True,4.951442453000709
0,38.220635786918656,589,0,,0.465026880943456,3.0758358010007214,dstar_lite,False,0,0,3294,13745,1231,0.07296691699957591,0,0.0,0.11357003699959023,True,7187,0,7,7,A,7433,0.3625,True,5.335020854001414
0,37.52391206373608,573,0,,0.475657439761009,1.4487428890006413,dstar_lite,False,0,0,3459,14469,2880,0.08104002500112983,0,0.0,0.16751186799956486,True,11806,0,7,7,A,7434,0.4375,True,3.150361427999087
0,37.486036188433786,571,0,,0.475657439761009,2.2304506359996594,dstar_lite,False,0,0,13302,54984,21775,0.2764088599997194,0,0.0,1.950297192999642,True,166332,0,4,4,A,7435,0.475,True,4.207577385001059
0,37.38311709935485,564,0,,0.475657439761009,1.119779335000203,dstar_lite,False,0,0,983,4221,117,0.027343850999386632,0,0.0,0.019286262000605348,True,705,0,6,6,A,7436,0.4125,True,3.2039924020009494
0,39.211069306060274,599,0,,0.465026880943456,1.4208155139986047,dstar_lite,False,0,0,1204,5136,405,0.042963761999999406,0,0.0,0.05153924099977303,True,2384,0,8,8,A,7437,0.4875,True,3.740610179002033
0,41.76608743461011,655,0,,0.465026880943456,3.8758763910009293,dstar_lite,False,0,0,317,1405,605,0.016055551001045387,0,0.0,0.06436581900015881,True,3938,0,9,9,A,7438,0.525,True,7.069041444996401
0,41.63553587865026,656,0,,0.475657439761009,7.421548447000532,dstar_lite,False,0,0,2837,11781,1124,0.0625943159993767,0,0.0,0.07987145799961581,True,4259,0,7,7,A,7439,0.4375,True,10.593124448001618
0,37.54659909704894,577,0,,0.475657439761009,2.3665391100003035,dstar_lite,False,0,0,6329,26391,5135,0.14048938199994154,0,0.0,0.3118921509994834,True,22832,0,5,5,A,7440,0.575,True,4.012653074001719
0,39.95150813941396,631,0,,0.475657439761009,3.128732024000783,dstar_lite,False,0,0,2212,9332,423,0.07676914900002885,0,0.0,0.053917066999929375,True,1541,0,7,7,A,7441,0.575,True,7.313515741001538
0,41.224614537091185,641,0,,0.475657439761009,3.415334688001167,dstar_lite,False,0,0,1076,4652,613,0.05130438299966045,0,0.0,0.05032291899988195,True,2406,0,7,7,A,7442,0.4875,True,8.491233415001261
0,39.51647989548082,624,0,,0.465026880943456,3.0142988360003073,dstar_lite,False,0,0,4084,16726,3788,0.09623832000033872,0,0.0,0.17357596400142938,True,11224,0,6,6,A,7443,0.475,True,5.935104267999122
0,40.31235632432677,641,0,,0.475657439761009,2.9307073390009464,dstar_lite,False,0,0,3923,16245,4000,0.08130070200058981,0,0.0,0.21788091999951575,True,15278,0,7,7,A,7444,0.5125,True,6.61009577900586
0,37.91648964886423,572,0,,0.475657439761009,2.380163234000065,dstar_lite,False,0,0,6104,25945,1061,0.11415374599891948,0,0.0,0.1417282750007871,True,7136,0,4,4,A,7445,0.4125,True,4.487780013001611
0,36.70086331196011,551,0,,0.465026880943456,1.5254705799998192,dstar_lite,False,0,0,2306,9662,295,0.05647294700065686,0,0.0,0.0387964159999683,True,1709,0,5,5,A,7446,0.5125,True,2.948709268001039
0,37.905915880422306,559,0,,0.465026880943456,2.082410869999876,dstar_lite,False,0,0,10365,43310,3817,0.19865254199976334,0,0.0,0.4111002359986742,True,29334,0,4,4,A,7447,0.4,True,3.5463220109995746
0,36.80045360812594,561,0,,0.465026880943456,0.8833964170007675,dstar_lite,False,0,0,7798,31910,5042,0.1828638039987709,0,0.0,0.3183213530010107,True,23487,0,7,7,A,7448,0.5375,True,2.974534835004306
0,39.512599432646084,617,0,,0.475657439761009,3.0626650329995755,dstar_lite,False,0,0,4584,18775,5797,0.08184537799934333,0,0.0,0.3415639939994435,True,28074,0,5,5,A,7449,0.4625,True,5.148166959999799
0,39.81702355395292,605,0,,0.4596194077712549,2.96939705099976,dstar_lite,False,0,0,2068,8772,202,0.05275599699962186,0,0.0,0.030079633001150796,True,265,0,7,7,A,7450,0.5125,True,5.742692335001266
0,35.01770567296136,503,0,,0.4596194077712549,0.6123024650005391,dstar_lite,False,0,0,4995,21288,196,0.12491736999982095,0,0.0,0.04765813600170077,True,1121,0,3,3,A,7451,0.3875,True,1.093230026999663
0,36.099491798701614,534,0,,0.465026880943456,1.5133322900001076,dstar_lite,False,0,0,2723,11587,67,0.0704544000000169,0,0.0,0.03173885600153881,True,75,0,5,5,A,7452,0.3625,True,2.916092536999713
0,39.92700083349104,598,0,,0.465026880943456,1.8052089020002313,dstar_lite,False,0,0,2429,10255,589,0.07439051499932248,0,0.0,0.04758436299925961,True,1352,0,6,6,A,7453,0.4375,True,4.434158819000004
0,40.51414596318155,626,0,,0.475657439761009,9.900206084001184,dstar_lite,False,0,0,1036,4438,431,0.05462884699954884,0,0.0,0.03994917999989411,True,1362,0,7,7,A,7454,0.45,True,11.448603319002359
0,38.12890444592097,572,0,,0.465026880943456,2.548381197000708,dstar_lite,False,0,0,4128,17261,976,0.11451170899999852,0,0.0,0.06998280399966461,True,2892,0,4,4,A,7455,0.4125,True,3.5968233089988644
0,39.071320365112506,584,0,,0.465026880943456,1.1743027720003738,dstar_lite,False,0,0,5268,21945,1222,0.10178433700093592,0,0.0,0.09472010499848693,True,4629,0,4,4,A,7456,0.4,True,2.845136755000567
0,39.0657200414005,604,0,,0.465026880943456,2.8330771239998285,dstar_lite,False,0,0,3956,16608,1402,0.07811504500023148,0,0.0,0.08418613100002403,True,5581,0,4,4,A,7457,0.5125,True,6.7434317209990695
0,39.71586773796826,607,0,,0.465026880943456,1.5069788250002603,dstar_lite,False,0,0,853,3601,1123,0.03410706099930394,0,0.0,0.09255759799998486,True,5807,0,9,9,A,7458,0.4625,True,3.23802444699686
0,41.19435584358948,644,0,,0.475657439761009,1.1721625530008168,dstar_lite,False,0,0,1133,4827,7676,0.03573008300008951,0,0.0,0.6670775980001054,True,59108,0,7,7,A,7459,0.4625,True,4.042103690999284
0,38.43927955128205,586,0,,0.4962358310319797,4.021470470999702,dstar_lite,False,0,0,1878,7900,433,0.04271846699884918,0,0.0,0.03911654999865277,True,1466,0,7,7,A,7460,0.45,True,4.9062428700017335
0,41.24360888805593,665,0,,0.475657439761009,3.0921669070012285,dstar_lite,False,0,0,8617,35396,9646,0.19699236699852918,0,0.0,0.619074565000119,True,48868,0,6,6,A,7461,0.4375,True,7.595695558000443
0,37.324302706505925,552,0,,0.465026880943456,2.4849428279994754,dstar_lite,False,0,0,6610,27984,1868,0.1383049590003793,0,0.0,0.20220289199824037,True,12833,0,3,3,A,7462,0.4875,True,3.6646726340004534
0,39.18253970829066,599,0,,0.475657439761009,3.2718645080003625,dstar_lite,False,0,0,2724,11377,6499,0.0616549890000897,0,0.0,0.45005663499978255,True,38670,0,5,5,A,7463,0.325,True,5.005816914999741
0,39.771646392959596,604,0,,0.475657439761009,1.204526685998644,dstar_lite,False,0,0,11632,47755,9632,0.22327614599998924,0,0.0,0.8226189910001267,True,66336,0,5,5,A,7464,0.4875,True,3.2449212030005583
0,42.350606565924195,657,0,,0.475657439761009,5.30756690599992,dstar_lite,False,0,0,4855,20554,867,0.13248205700074323,0,0.0,0.08288342299965734,True,3121,0,5,5,A,7465,0.475,True,9.166755378000744
0,39.86795895085054,602,0,,0.465026880943456,5.278051702000084,dstar_lite,False,0,0,4397,18451,2170,0.08787067899902468,0,0.0,0.15162377299930085,True,12079,0,3,3,A,7466,0.45,True,6.1749053220009955
0,38.61782772527575,584,0,,0.465026880943456,3.1794424400013668,dstar_lite,False,0,0,10150,42047,107,0.21353935699880822,0,0.0,0.08887204799975734,True,626,0,5,5,A,7467,0.3875,True,4.862831322998318
0,37.778654600151945,557,0,,0.465026880943456,1.013103052999213,dstar_lite,False,0,0,8998,37331,674,0.16138782999951218,0,0.0,0.08770115900006203,True,2710,0,5,5,A,7468,0.4,True,2.311058707000484
0,37.28678617729983,569,0,,0.4962358310319797,1.9398664899999858,dstar_lite,False,0,0,11074,45571,632,0.2295157040007325,0,0.0,0.1289316130005318,True,2908,0,6,6,A,7469,0.575,True,4.207279848000326
0,38.600830657725865,589,0,,0.475657439761009,4.624554607000391,dstar_lite,False,0,0,5317,21849,1003,0.13357051499951922,0,0.0,0.08650804999888351,True,4029,0,6,6,A,7470,0.45,True,6.24041926100108
0,39.26643062939059,580,0,,0.465026880943456,0.7304506920008862,dstar_lite,False,0,0,7703,31902,3055,0.14717629499864415,0,0.0,0.26683617900016543,True,19485,0,5,5,A,7471,0.4625,True,2.3861007770010474
0,39.15840033079202,594,0,,0.475657439761009,3.8832605200004764,dstar_lite,False,0,0,9703,40426,3566,0.21310392000123102,0,0.0,0.2296646739996504,True,12872,0,4,4,A,7472,0.4,True,6.3982548029998725
0,38.22204051087787,567,0,,0.465026880943456,2.67908222799997,dstar_lite,False,0,0,9378,38991,211,0.21202852500027802,0,0.0,0.08810593900125241,True,1258,0,4,4,A,7473,0.4625,True,3.708976588000951
0,38.440020978477044,585,0,,0.465026880943456,2.228233554998951,dstar_lite,False,0,0,5214,21889,394,0.12893575700036308,0,0.0,0.06346272499831684,True,1263,0,5,5,A,7474,0.5125,True,4.23490686399964
0,38.757132270034596,594,0,,0.465026880943456,3.982671985999332,dstar_lite,False,0,0,962,4260,280,0.029463701999702607,0,0.0,0.0251882980010123,True,1431,0,5,5,A,7475,0.3875,True,5.791215142999135
0,40.81185502132021,630,0,,0.475657439761009,2.9253149010000925,dstar_lite,False,0,0,3114,12998,2395,0.08779118499842298,0,0.0,0.1399465300000884,True,8960,0,5,5,A,7476,0.4125,True,6.345533523002814
0,41.55025402899501,642,0,,0.475657439761009,3.6474270849994355,dstar_lite,False,0,0,1665,7042,96,0.054215344000112964,0,0.0,0.026400639000712545,True,552,0,6,6,A,7477,0.4375,True,6.137969859997611
0,42.06124620642099,664,0,,0.475657439761009,5.861118118000377,dstar_lite,False,0,0,1776,7456,1796,0.047011632999783615,0,0.0,0.08219311999891943,True,4679,0,5,5,A,7478,0.4125,True,7.878834258002826
0,38.35498512127515,580,0,,0.4962358310319797,3.352624105000359,dstar_lite,False,0,0,2814,11837,22,0.09781404099885549,0,0.0,0.03297455700158025,True,22,0,7,7,A,7479,0.525,True,4.547741725997184
0,38.59814476491329,600,0,,0.465026880943456,2.935376907000318,dstar_lite,False,0,0,2445,10349,531,0.0639993400000094,0,0.0,0.07719923900003778,True,2990,0,6,6,A,7480,0.45,True,5.944193372999507
0,42.40230318276329,648,0,,0.475657439761009,10.183193222999762,dstar_lite,False,0,0,1046,4527,509,0.03437940299954789,0,0.0,0.042460290000235545,True,1970,0,6,6,A,7481,0.4125,True,12.409683587002291
0,43.16885597346484,639,0,,0.465026880943456,8.970954222999353,dstar_lite,False,0,0,10102,42402,466,0.24170886100000644,0,0.0,0.13471822300016356,True,1727,0,4,4,A,7482,0.575,True,13.149091128998407
0,38.20826456415353,570,0,,0.465026880943456,0.9110816709999199,dstar_lite,False,0,0,7215,30059,3436,0.135675583000193,0,0.0,0.3362610139993194,True,24905,0,5,5,A,7483,0.4125,True,2.6599303889979637
0,40.82758551341682,634,0,,0.475657439761009,4.394659220999529,dstar_lite,False,0,0,2806,11815,2013,0.06018608799968206,0,0.0,0.09848431599857577,True,6903,0,4,4,A,7484,0.35,True,7.535660278999785
0,39.83861323557971,620,0,,0.465026880943456,1.562399035999988,dstar_lite,False,0,0,2115,8966,741,0.055360403001031955,0,0.0,0.06791093799984083,True,2809,0,8,8,A,7485,0.4875,True,4.141376705001676
0,37.32861973695058,562,0,,0.4962358310319797,1.963768859000993,dstar_lite,False,0,0,836,3501,898,0.037033996000900515,0,0.0,0.04776059999858262,True,2445,0,5,5,A,7486,0.5375,True,4.080031927001983
0,40.354802207624644,644,0,,0.475657439761009,4.185844014000395,dstar_lite,False,0,0,1767,7547,323,0.04474123699947086,0,0.0,0.040746616999967955,True,1675,0,5,5,A,7487,0.3375,True,8.57855680600187
0,37.551118605386826,562,0,,0.465026880943456,3.4141522879999684,dstar_lite,False,0,0,2401,10055,27,0.07570032900002843,0,0.0,0.039393940000081784,True,27,0,6,6,A,7488,0.375,True,5.176709841996853
0,39.03279933150379,585,0,,0.465026880943456,4.113188806000835,dstar_lite,False,0,0,5303,22094,1401,0.11461172399867792,0,0.0,0.12337133300025016,True,5766,0,5,5,A,7489,0.4125,True,5.681095795998772
0,41.61062201456468,680,0,,0.47565743976100916,3.1839152009997633,dstar_lite,False,0,0,2180,8953,12066,0.06101858799956972,0,0.0,1.0247227130003012,True,90978,0,5,5,A,7490,0.4,True,7.436946860001626
0,38.2506322398375,580,0,,0.475657439761009,1.6450775080011226,dstar_lite,False,0,0,14868,61584,15340,0.3362975420004659,0,0.0,1.3048948039995594,True,110494,0,4,4,A,7491,0.5,True,3.0780852290008625
0,42.47829638442147,675,0,,0.475657439761009,2.541903278999598,dstar_lite,False,0,0,2503,10346,12168,0.07854546700036735,0,0.0,1.0203468759991665,True,87840,0,6,6,A,7492,0.5,True,7.744498099002158
0,37.88147301539805,559,0,,0.465026880943456,1.231796148000285,dstar_lite,False,0,0,4145,17519,279,0.0953333899997233,0,0.0,0.05819165499997325,True,1470,0,4,4,A,7493,0.4625,True,2.70198709700162
0,38.11390848833785,576,0,,0.4596194077712549,3.5164720640004816,dstar_lite,False,0,0,6778,28621,622,0.15636692000043695,0,0.0,0.08161599500090233,True,2028,0,4,4,A,7494,0.4875,True,5.462456369001302
0,37.53180768815234,583,0,,0.475657439761009,2.077860551999038,dstar_lite,False,0,0,5787,23898,7340,0.16610136599956604,0,0.0,0.5231528180011082,True,43141,0,5,5,A,7495,0.6,True,4.073627673998999
0,38.35499246993964,573,0,,0.465026880943456,3.2750377369993657,dstar_lite,False,0,0,2418,10146,419,0.055380294999849866,0,0.0,0.03646676599964849,True,795,0,5,5,A,7496,0.425,True,4.769703992998984
0,39.95270196556702,598,0,,0.465026880943456,5.081423143999928,dstar_lite,False,0,0,832,3641,192,0.03826181099975656,0,0.0,0.027869235000252957,True,503,0,5,5,A,7497,0.5125,True,6.0868404140019265
0,41.61563544674068,653,0,,0.47565743976100916,2.622792121999737,dstar_lite,False,0,0,4634,19097,29905,0.12963642200156755,0,0.0,2.489223075999689,True,223478,0,6,6,A,7498,0.35,True,6.245569204002095
0,39.40576797338684,596,0,,0.465026880943456,1.7088459160004277,dstar_lite,False,0,0,1231,5211,1180,0.05645864800135314,0,0.0,0.09033184500003699,True,5537,0,6,6,A,7499,0.325,True,3.5537360760008596
0,38.26299370355908,556,0,,0.465026880943456,1.0761243430006289,dstar_lite,False,0,0,18277,76049,1166,0.40718212599858816,0,0.0,0.21310049900057493,True,7652,0,3,3,B,5000,0.4166666666666667,True,2.2253987380008766
0,38.27920228109836,581,0,,0.465026880943456,2.0030948679996072,dstar_lite,False,0,0,2766,11962,474,0.08346919599898683,0,0.0,0.06663105900042865,True,2334,0,7,7,B,5001,0.5083333333333333,True,3.973058473000492
0,38.55079102510193,597,0,,0.475657439761009,1.4319441309999092,dstar_lite,False,0,0,5134,21316,5523,0.15184876999956032,0,0.0,0.42800419200102624,True,34055,0,7,7,B,5002,0.45,True,3.9285033699998166
0,40.67045483341068,624,0,,0.465026880943456,2.832261405999816,dstar_lite,False,0,0,169,741,295,0.014444555001318804,0,0.0,0.038156094000441954,True,1551,0,6,6,B,5003,0.45,True,5.676564060995588
0,39.268880976066896,597,0,,0.4962358310319797,1.6457781809986045,dstar_lite,False,0,0,1149,5089,548,0.0718306559992925,0,0.0,0.06386017499971786,True,3084,0,7,7,B,5004,0.4,True,4.070020578999902
0,40.4122028408538,615,0,,0.465026880943456,5.513319210000191,dstar_lite,False,0,0,800,3507,728,0.036948741999367485,0,0.0,0.07904598299865029,True,4649,0,7,7,B,5005,0.49166666666666664,True,7.676675314998647
0,38.315626812153404,595,0,,0.465026880943456,1.5966456530004507,dstar_lite,False,0,0,5005,20535,3656,0.11331760800021584,0,0.0,0.18815565000113565,True,13409,0,8,8,B,5006,0.48333333333333334,True,4.0851986140023655
0,40.52795835370902,627,0,,0.465026880943456,4.295145558999138,dstar_lite,False,0,0,1794,7677,582,0.05818774100043811,0,0.0,0.06869891499991354,True,3370,0,7,7,B,5007,0.4166666666666667,True,8.45245388299918
0,38.79464892268948,588,0,,0.465026880943456,1.4580477449999307,dstar_lite,False,0,0,17872,73444,2550,0.33705721299884317,0,0.0,0.25113664799937396,True,11472,0,4,4,B,5008,0.36666666666666664,True,3.8402932669996517
0,38.25455072572945,577,0,,0.465026880943456,2.7096107910001592,dstar_lite,False,0,0,1957,8422,196,0.06030650300090201,0,0.0,0.036348837000332423,True,1161,0,6,6,B,5009,0.375,True,5.010714640002334
0,38.62074920188554,567,0,,0.4596194077712549,1.569482570999753,dstar_lite,False,0,0,1083,4673,130,0.03256241800045245,0,0.0,0.018252152998684323,True,372,0,6,6,B,5010,0.35,True,2.577899293999508
0,40.52538429670566,628,0,,0.465026880943456,3.2679529639990506,dstar_lite,False,0,0,1930,8102,306,0.05459869200058165,0,0.0,0.046672092999870074,True,1347,0,6,6,B,5011,0.45,True,7.280995893996078
0,37.75882644243359,590,0,,0.475657439761009,3.1631697280008666,dstar_lite,False,0,0,1079,4603,1181,0.050627316000827705,0,0.0,0.06473853399984364,True,3774,0,6,6,B,5012,0.475,True,6.063066725000681
0,38.50972027285213,580,0,,0.465026880943456,3.8197955820014613,dstar_lite,False,0,0,5331,22698,1092,0.11345174999951269,0,0.0,0.12270788400019228,True,6405,0,6,6,B,5013,0.4166666666666667,True,5.394026366002436
0,41.79114699017428,670,0,,0.47565743976100916,2.190109606999613,dstar_lite,False,0,0,774,3385,3263,0.0330699200003437,0,0.0,0.29659852199984016,True,24976,0,6,6,B,5014,0.43333333333333335,True,4.923261757998262
0,38.9324139774107,575,0,,0.465026880943456,0.9544023779999407,dstar_lite,False,0,0,289,1286,135,0.03184985599909851,0,0.0,0.01324646600005508,True,252,0,6,6,B,5015,0.35,True,2.7965670640005555
0,39.21446629070843,608,0,,0.475657439761009,2.9387568319998536,dstar_lite,False,0,0,1168,5093,48,0.03824005299975397,0,0.0,0.03584922300069593,True,300,0,7,7,B,5016,0.4083333333333333,True,7.244799148998936
0,39.94403448597244,630,0,,0.475657439761009,3.8173975680001604,dstar_lite,False,0,0,4660,19497,3182,0.11536307099959231,0,0.0,0.16491934700025013,True,10354,0,6,6,B,5017,0.5,True,6.5803872529995715
0,37.87063415852995,553,0,,0.4962358310319797,1.7144522979997419,dstar_lite,False,0,0,12672,52215,168,0.23623357799988298,0,0.0,0.0925242569992406,True,212,0,3,3,B,5018,0.375,True,2.0934864850005397
0,40.584405189589646,616,0,,0.4596194077712549,5.353677361001246,dstar_lite,False,0,0,542,2341,353,0.03227148299993132,0,0.0,0.018239139000797877,True,664,0,6,6,B,5019,0.49166666666666664,True,9.971273404004023
0,39.35166395352743,601,0,,0.465026880943456,1.7329330730008223,dstar_lite,False,0,0,1894,7958,6653,0.052984656000262476,0,0.0,0.5768207769997389,True,48474,0,6,6,B,5020,0.39166666666666666,True,3.623783620003451
0,41.1964314802727,635,0,,0.465026880943456,5.1586473869992915,dstar_lite,False,0,0,2579,10970,3394,0.06457142500039481,0,0.0,0.2361189960010961,True,17107,0,8,8,B,5021,0.49166666666666664,True,8.65789640300136
0,39.51890854629198,605,0,,0.475657439761009,4.213563606999742,dstar_lite,False,0,0,7120,29892,2144,0.19661815600011323,0,0.0,0.1453609049985971,True,5880,0,7,7,B,5022,0.44166666666666665,True,6.524377177000133
0,38.7576203857005,607,0,,0.465026880943456,2.4519011470001715,dstar_lite,False,0,0,2524,10828,839,0.08380107099947054,0,0.0,0.09643417000006593,True,5334,0,8,8,B,5023,0.48333333333333334,True,5.084720363998713
0,40.45878855952562,624,0,,0.465026880943456,4.5074625500001275,dstar_lite,False,0,0,2887,12176,37,0.1059642399995937,0,0.0,0.057204328000807436,True,37,0,6,6,B,5024,0.425,True,9.199902320999172
0,37.13337194035151,563,0,,0.475657439761009,0.851513501998852,dstar_lite,False,0,0,3734,15614,9040,0.127980622000905,0,0.0,0.7207184029994096,True,61076,0,6,6,B,5025,0.475,True,3.1283257539998885
0,38.48860674881745,576,0,,0.465026880943456,2.282329938001567,dstar_lite,False,0,0,3895,16621,139,0.09155608000037319,0,0.0,0.042606605999026215,True,817,0,5,5,B,5026,0.36666666666666664,True,3.7264799290023802
0,39.906979770499184,603,0,,0.465026880943456,2.8313900720004312,dstar_lite,False,0,0,7519,31858,17752,0.1635615630002576,0,0.0,1.5457832680003776,True,132782,0,4,4,B,5027,0.43333333333333335,True,4.81928658599827
0,39.60319585217621,619,0,,0.475657439761009,3.2390287130001525,dstar_lite,False,0,0,3673,15279,35397,0.11196133399971586,0,0.0,3.1230179549984314,True,278496,0,6,6,B,5028,0.35,True,4.7418966259992885
0,41.636642078773036,636,0,,0.4962358310319797,6.176917313001468,dstar_lite,False,0,0,2384,10249,1797,0.062057293000179925,0,0.0,0.14047672699962277,True,9059,0,7,7,B,5029,0.4583333333333333,True,8.694538180005111
0,38.878042610716385,572,0,,0.465026880943456,0.9676481430014974,dstar_lite,False,0,0,1287,5463,1047,0.03561277199878532,0,0.0,0.09896790600032546,True,6976,0,7,7,B,5030,0.44166666666666665,True,2.141761666001912
0,38.351568986978634,589,0,,0.475657439761009,2.142289604000325,dstar_lite,False,0,0,5043,20892,1136,0.11525902199900884,0,0.0,0.08062979299938888,True,2906,0,5,5,B,5031,0.35833333333333334,True,5.186110671000279
0,37.92181526903956,571,0,,0.465026880943456,0.7735484280001401,dstar_lite,False,0,0,590,2542,55,0.01854207399992447,0,0.0,0.01701774200046202,True,70,0,6,6,B,5032,0.43333333333333335,True,2.6496434540003975
0,37.829879750406604,567,0,,0.475657439761009,2.389803933001531,dstar_lite,False,0,0,7323,30309,137,0.12441739700079779,0,0.0,0.05690450499969302,True,277,0,4,4,B,5033,0.4166666666666667,True,4.709817943001326
0,38.644461569850115,572,0,,0.465026880943456,1.3792207509995933,dstar_lite,False,0,0,3370,14114,1637,0.09051514499878976,0,0.0,0.15285934700114012,True,10151,0,4,4,B,5034,0.43333333333333335,True,2.707397258000128
0,38.6392132312956,596,0,,0.475657439761009,1.9086228589985694,dstar_lite,False,0,0,1192,5055,215,0.050868328999058576,0,0.0,0.03614595500039286,True,1236,0,7,7,B,5035,0.5,True,4.461424462997456
0,40.36768750826194,643,0,,0.475657439761009,2.8450331710009777,dstar_lite,False,0,0,2399,10139,918,0.0658701199990901,0,0.0,0.06729950400040252,True,2677,0,7,7,B,5036,0.4666666666666667,True,8.63158487200235
0,40.50599391983045,644,0,,0.465026880943456,4.932869683998433,dstar_lite,False,0,0,421,1842,230,0.033293728998614824,0,0.0,0.04000559400083148,True,1105,0,10,10,B,5037,0.44166666666666665,True,9.890537086997938
0,36.89194946346302,567,0,,0.475657439761009,2.8572628340007213,dstar_lite,False,0,0,3284,13732,1686,0.09550908399978653,0,0.0,0.08007190299940703,True,3315,0,5,5,B,5038,0.4083333333333333,True,4.5469090300011885
0,38.892714734709095,587,0,,0.465026880943456,3.0755587789990386,dstar_lite,False,0,0,1061,4548,464,0.04464238800028397,0,0.0,0.04191784500108042,True,2607,0,9,9,B,5039,0.475,True,4.900993830999141
0,38.15298539647757,567,0,,0.465026880943456,2.221385671999087,dstar_lite,False,0,0,2534,10871,1009,0.08443886799977918,0,0.0,0.0909756089986331,True,4932,0,5,5,B,5040,0.4583333333333333,True,3.5925108959982026
0,39.45896179735589,591,0,,0.465026880943456,1.0886929170010262,dstar_lite,False,0,0,3985,16812,761,0.08815837899965118,0,0.0,0.09215594899978896,True,4085,0,7,7,B,5041,0.4083333333333333,True,3.2985638370028028
0,45.20819818443758,763,0,,0.47565743976100916,7.393540081000538,dstar_lite,False,0,0,4520,18790,2137,0.10684043799847132,0,0.0,0.0874124629990547,True,3856,0,6,6,B,5042,0.36666666666666664,True,13.958647936999114
0,40.673502565682675,638,0,,0.465026880943456,6.428809339000509,dstar_lite,False,0,0,163,721,199,0.019516874999681022,0,0.0,0.015517096000621677,True,507,0,7,7,B,5043,0.44166666666666665,True,10.301432462998491
0,39.99692251739901,611,0,,0.465026880943456,5.610006307000731,dstar_lite,False,0,0,7375,30061,1268,0.11712412800079619,0,0.0,0.12528216799910297,True,4984,0,6,6,B,5044,0.425,True,8.967241908001597
0,38.924010067264554,579,0,,0.465026880943456,1.421895442999812,dstar_lite,False,0,0,7286,30576,462,0.16527066699927673,0,0.0,0.07764188299915986,True,2458,0,5,5,B,5045,0.43333333333333335,True,2.8656132140004047
0,38.613059353880324,578,0,,0.465026880943456,1.1145479229999182,dstar_lite,False,0,0,2919,12314,3030,0.07978358499894966,0,0.0,0.2624178199985181,True,19697,0,6,6,B,5046,0.4,True,2.8008862549995683
0,39.11959545701375,602,0,,0.465026880943456,2.6626082109996787,dstar_lite,False,0,0,644,2845,255,0.03302058499866689,0,0.0,0.046539327999198576,True,1291,0,8,8,B,5047,0.4166666666666667,True,5.9816488530013885
0,41.14687862725635,660,0,,0.465026880943456,2.204664638000395,dstar_lite,False,0,0,8741,35652,7488,0.16195114400034072,0,0.0,0.3951383009989513,True,29624,0,7,7,B,5048,0.48333333333333334,True,6.569537012997898
0,40.22577303128184,607,0,,0.465026880943456,1.138757111000814,dstar_lite,False,0,0,519,2250,160,0.03092827599903103,0,0.0,0.020157806000497658,True,687,0,6,6,B,5049,0.48333333333333334,True,3.078581307001514
0,37.86780294920259,562,0,,0.465026880943456,1.2306202290001238,dstar_lite,False,0,0,2708,11553,4635,0.05644629100061138,0,0.0,0.40062927100007073,True,33796,0,6,6,B,5050,0.43333333333333335,True,2.783555827003511
0,39.22385830153558,591,0,,0.465026880943456,1.746931384999698,dstar_lite,False,0,0,1374,5938,1242,0.04247982899869385,0,0.0,0.10456807700029458,True,7054,0,5,5,B,5051,0.475,True,3.6331321629986633
0,38.58605635367184,595,0,,0.465026880943456,3.517605624998396,dstar_lite,False,0,0,5258,22130,1434,0.12688895000064804,0,0.0,0.16962724599943613,True,9642,0,7,7,B,5052,0.475,True,6.792438941
0,38.74065788897411,581,0,,0.475657439761009,1.786907699999574,dstar_lite,False,0,0,8625,35295,19851,0.21584923999944294,0,0.0,1.5675309279995417,True,139065,0,4,4,B,5053,0.4,True,3.6301205630006734
0,38.587574211237104,586,0,,0.465026880943456,2.4710798500000237,dstar_lite,False,0,0,556,2405,696,0.04092284400030621,0,0.0,0.0709298130004754,True,3618,0,8,8,B,5054,0.49166666666666664,True,4.701643824999337
0,38.67470577505646,598,0,,0.465026880943456,2.528155488000266,dstar_lite,False,0,0,5692,23558,560,0.15110196199930215,0,0.0,0.08795996399931028,True,2884,0,8,8,B,5055,0.4583333333333333,True,5.0997086860006675
0,38.779185705626325,587,0,,0.465026880943456,2.4190019960005884,dstar_lite,False,0,0,1072,4639,194,0.04395811200083699,0,0.0,0.03732019899871375,True,1067,0,7,7,B,5056,0.38333333333333336,True,4.202716327001326
0,39.99729962953677,605,0,,0.475657439761009,1.54633502499928,dstar_lite,False,0,0,1426,6073,594,0.057697821999681764,0,0.0,0.06258663900007377,True,3422,0,7,7,B,5057,0.49166666666666664,True,3.908772026998122
0,38.30617042143809,577,0,,0.465026880943456,0.6172169069996016,dstar_lite,False,0,0,5099,21041,2792,0.1342214900014369,0,0.0,0.19640211300065857,True,13403,0,8,8,B,5058,0.5083333333333333,True,2.8598862049966556
0,36.91437453459178,555,0,,0.465026880943456,1.6910747549991356,dstar_lite,False,0,0,4446,18783,348,0.13043927199942118,0,0.0,0.07260004499948991,True,1967,0,6,6,B,5059,0.4083333333333333,True,3.5159932959995785
0,39.306962671907364,582,0,,0.465026880943456,1.9705014069986646,dstar_lite,False,0,0,703,3023,513,0.0276203710000118,0,0.0,0.04346361900024931,True,1500,0,7,7,B,5060,0.5083333333333333,True,4.665321530001165
0,37.880660488752746,573,0,,0.465026880943456,3.66564002099949,dstar_lite,False,0,0,5906,24716,565,0.18353312799990817,0,0.0,0.10175017100118566,True,3546,0,5,5,B,5061,0.4583333333333333,True,5.902878245997272
0,35.98842117304984,519,0,,0.465026880943456,0.4396418079995783,dstar_lite,False,0,0,6442,27012,2650,0.14902886599884368,0,0.0,0.2884136979992036,True,20121,0,4,4,B,5062,0.4083333333333333,True,1.1674730489994545
