collision_count,executed_path_length,execution_steps,failed_planner_calls,failure_reason,final_goal_distance,maximum_planning_time_s,planner,planner_backtrack_failed,planner_backtrack_tries,planner_blocked_edges,planner_blocked_steps,planner_collision_checks,planner_expanded_nodes,planner_map_update_time_s,planner_max_active_virtual_obstacles,planner_planning_effort,planner_search_time_s,planner_virtual_obstacles_created,planning_calls,replans,scenario,seed,sensed_obstacle_ratio,success,total_planning_time_s
0,34.952286550832795,1000,0,max_steps,3.341079541106433,0.4935286479999377,astar,False,0,0,0,308864,38609,1.1773000096582109e-05,0,0.0,0.47335932499981936,0,1,1,A,5000,0.4375,False,0.4935286479999377
0,31.836664614922306,1000,0,max_steps,8.683263355444195,2.1954253849999077,astar,False,0,460447,0,9321,1207,0.4556014019999566,0,0.0,0.039998149999973975,0,5,5,A,5001,0.6,False,5.82685176699988
0,31.678560971487784,1000,0,max_steps,12.479996494390534,1.0681585689999338,astar,False,0,404985,0,94627,12094,0.5119807700002639,0,0.0,0.16811750399983794,0,5,5,A,5002,0.4875,False,3.670932193999761
0,32.08549908885704,1000,0,max_steps,8.903738681026075,1.7021383510000305,astar,False,0,435017,0,36640,4650,0.43748709900000904,0,0.0,0.09729457899993577,0,7,7,A,5003,0.5,False,4.522227665000173
0,32.27052098426574,1000,0,max_steps,7.8866382255052105,1.3871274539997103,astar,False,0,371026,0,6540,853,0.29546188900030756,0,0.0,0.03164481600015279,0,7,7,A,5004,0.475,False,4.658323667998957
0,33.672357886979015,1000,0,max_steps,7.683281362803262,1.2001870940002846,astar,False,0,293439,0,39642,5057,0.46586488399998416,0,0.0,0.09991939699966679,0,5,5,A,5005,0.475,False,3.9718071270008295
0,33.62626642964483,1000,0,max_steps,3.906764966055674,1.3026071410004079,astar,False,0,434702,0,7728,1001,0.4216190329998426,0,0.0,0.05851062100009585,0,5,5,A,5006,0.525,False,3.544754391999959
0,32.89086820286392,1000,0,max_steps,6.003462542566581,1.9712278450001577,astar,False,0,404211,0,9613,1244,0.3646324559999812,0,0.0,0.0368173290003142,0,5,5,A,5007,0.4,False,5.4528789800001505
0,33.80412746292775,1000,0,max_steps,4.6501680077175696,0.9626420539998435,astar,False,0,362242,0,26995,3467,0.8677679400002489,0,0.0,0.08110345500017502,0,4,4,A,5008,0.35,False,3.3094130770000447
0,33.41171207334409,1000,0,max_steps,5.108846494072802,1.226593376999972,astar,False,0,135441,0,338472,42479,0.6892906539997057,0,0.0,0.5191901019998113,0,2,2,A,5009,0.4125,False,1.8233570669999608
0,33.65431561871533,1000,0,max_steps,5.621749060568249,1.186350014999789,astar,False,0,349803,0,12720,1663,0.4474464910003917,0,0.0,0.06301904600013586,0,4,4,A,5010,0.375,False,2.5813138829998934
0,33.810578214911665,1000,0,max_steps,4.331029034767604,1.1901175449997936,astar,False,0,329212,0,5524,713,0.32190760900039095,0,0.0,0.02940074900016043,0,5,5,A,5011,0.4,False,2.326037551999434
0,32.786220542093524,1000,0,max_steps,4.0308575390355825,1.2704842919997645,astar,False,0,318632,0,22682,2901,0.29506019200016453,0,0.0,0.05129453600011402,0,6,6,A,5012,0.4625,False,3.874332962000153
0,32.05889036179664,1000,0,max_steps,5.9750784513678115,0.6765825640000003,astar,False,0,331660,0,8092,1017,0.525329180999961,0,0.0,0.03241237900010674,0,6,6,A,5013,0.4875,False,2.7286796540006435
0,33.21870558128472,1000,0,max_steps,4.224963017589618,1.1790115789999618,astar,False,0,322960,0,3772,493,0.2747018219997699,0,0.0,0.027277442000013252,0,6,6,A,5014,0.45,False,3.007042902000194
0,33.73008252941476,1000,0,max_steps,5.603821240903387,1.1518934470000204,astar,False,0,88002,0,510143,63864,0.3548125140000593,0,0.0,0.7663553410002351,0,2,2,A,5015,0.3875,False,1.5681279209998138
0,34.05606567024267,1000,0,max_steps,2.3513958620359943,0.7763418280001133,astar,False,0,296780,0,67687,8543,0.6409569530001136,0,0.0,0.13339476999999533,0,4,4,A,5016,0.425,False,2.206466748999901
0,33.2367921894038,1000,0,max_steps,5.841366492525526,1.2125480939998852,astar,False,0,327939,0,4716,613,0.17718087899993407,0,0.0,0.027419064000241633,0,6,6,A,5017,0.575,False,3.676672250000138
0,33.71716870534152,1000,0,max_steps,7.178722901742339,1.079545667000275,astar,False,0,409487,0,66743,8471,0.4705156640002315,0,0.0,0.1317478949999895,0,6,6,A,5018,0.4125,False,2.8905900810004823
0,33.13521720152795,1000,0,max_steps,6.009497691155223,1.4352665179999349,astar,False,0,401811,0,69811,8768,0.34454610700004196,0,0.0,0.14034394400005112,0,5,5,A,5019,0.5,False,4.538414952999574
0,33.540225639021216,1000,0,max_steps,5.74698290409846,0.7330035169998155,astar,False,0,279537,0,3495,452,0.2507670319996578,0,0.0,0.023754851999910898,0,5,5,A,5020,0.4,False,2.9794498269998257
0,33.10785718456345,1000,0,max_steps,5.495139898128161,1.3747586770000453,astar,False,0,422252,0,5593,727,0.20453153500011467,0,0.0,0.03238160599994444,0,7,7,A,5021,0.4625,False,4.484588211000755
0,34.203015766053944,1000,0,max_steps,3.4825008973437446,1.527426029000253,astar,False,0,382148,0,8436,1099,1.4909794160003003,0,0.0,0.036218544999883306,0,4,4,A,5022,0.475,False,2.42913647100022
0,34.40923468476231,1000,0,max_steps,2.659005923272831,0.8571566149998944,astar,False,0,152777,0,150640,18865,0.18437710699981835,0,0.0,0.23357379200024297,0,4,4,A,5023,0.4625,False,2.399529257999802
0,34.48918925365598,1000,0,max_steps,2.8461047942758526,0.7914476310002101,astar,False,0,417403,0,4475,572,0.7595994479997898,0,0.0,0.03167352399987067,0,6,6,A,5024,0.4375,False,3.75403527699973
0,32.76809713198887,1000,0,max_steps,4.649227086301547,0.5413762879998103,astar,False,0,249798,0,8414,1096,0.26319943499993315,0,0.0,0.011598720999700163,0,6,6,A,5025,0.4875,False,1.932167789999312
0,32.57515551690669,1000,0,max_steps,10.112013276296661,1.321555281000201,astar,False,0,443072,0,8631,1136,0.4210755929998413,0,0.0,0.06342899500032217,0,6,6,A,5026,0.5,False,5.398531871000614
0,31.900668796918715,1000,0,max_steps,8.792699386422804,1.0505693619998056,astar,False,0,314589,0,225221,28240,0.4370895679999194,0,0.0,0.33035500100004356,0,6,6,A,5027,0.45,False,4.264341447998959
0,33.540017372940326,1000,0,max_steps,3.1466748322634133,1.004869738999787,astar,False,0,398908,0,7446,947,0.39559793800026455,0,0.0,0.03455495299976974,0,6,6,A,5028,0.4,False,3.10851078900032
0,32.60667173046605,1000,0,max_steps,7.270337853222502,1.026786574000198,astar,False,0,424517,0,132833,16760,0.3895941109999512,0,0.0,0.22200829800021893,0,5,5,A,5029,0.55,False,3.4619937319998826
0,32.88402180630086,1000,0,max_steps,7.124188550284165,0.7072550789998786,astar,False,0,293910,0,12191,1567,0.33932542499997,0,0.0,0.05464398900039669,0,7,7,A,5030,0.5375,False,3.4064994009995644
0,33.02892400355773,1000,0,max_steps,5.161909772555114,0.8486341699999684,astar,False,0,294094,0,7841,1010,0.33919586199999685,0,0.0,0.03207627599977059,0,6,6,A,5031,0.4125,False,3.188898054999754
0,33.567857864151904,1000,0,max_steps,4.154402784998101,0.9762041220001265,astar,False,0,383398,0,16909,2161,0.371773980999933,0,0.0,0.07004774799997904,0,6,6,A,5032,0.4625,False,3.498428865999813
0,32.32215990820676,1000,0,max_steps,6.010745586031736,1.0494983610001327,astar,False,0,350076,0,48708,6160,0.45785449699997116,0,0.0,0.10600992999980008,0,5,5,A,5033,0.475,False,3.685164468000039
0,32.939996050012574,1000,0,max_steps,6.583620774315602,1.0174602080001023,astar,False,0,284149,0,290242,36352,0.466363198000181,0,0.0,0.4789302320000388,0,4,4,A,5034,0.5125,False,2.9395343190003587
0,33.24025119293796,1000,0,max_steps,4.8940333570583645,0.5895042189999913,astar,False,0,301877,0,14283,1854,0.3487971359995754,0,0.0,0.03923614199993608,0,5,5,A,5035,0.45,False,2.034931689000132
0,32.3264489063881,1000,0,max_steps,5.587513982085411,0.7028874080001515,astar,False,0,371172,0,9591,1240,0.29581273499979943,0,0.0,0.03540065600009257,0,7,7,A,5036,0.5375,False,3.0643743310006357
0,32.687540868418616,1000,0,max_steps,7.513009550107068,1.268752738999865,astar,False,0,421065,0,10807,1387,0.4324078580002606,0,0.0,0.039873941999758244,0,6,6,A,5037,0.5125,False,4.895311700000093
0,33.40833094394105,1000,0,max_steps,3.9978509852169295,1.2351574119998077,astar,False,0,183235,0,262474,32884,0.589846655999736,0,0.0,0.39580205900028886,0,4,4,A,5038,0.3625,False,2.8924438430003647
0,32.22756237304274,1000,0,max_steps,8.39346844278335,0.7939068509999743,astar,False,0,327089,0,259466,32629,0.1547018169999319,0,0.0,0.37354961300025025,0,7,7,A,5039,0.5125,False,3.5421723449994715
0,33.06572308315055,1000,0,max_steps,5.783300312105535,0.8356669370000418,astar,False,0,269185,0,4181,527,0.09627565900018453,0,0.0,0.02499265500000547,0,6,6,A,5040,0.4625,False,2.9032208019998507
0,34.37781375235173,1000,0,max_steps,4.763303737953309,0.5759018359999573,astar,False,0,123819,0,219363,27531,0.2501435600001969,0,0.0,0.3182187329998669,0,4,4,A,5041,0.3875,False,1.5333131400002458
0,32.538672559676996,1000,0,max_steps,6.4686986712939385,0.9928944379998939,astar,False,0,388167,0,6739,873,0.2260589570000775,0,0.0,0.0323307499998009,0,6,6,A,5042,0.4,False,3.745634722999057
0,32.518189281509045,1000,0,max_steps,7.760496923522355,1.283662975000425,astar,False,0,401972,0,20118,2591,0.3932515120000062,0,0.0,0.057454739999684534,0,6,6,A,5043,0.5,False,4.036214771000687
0,34.02171046967323,1000,0,max_steps,3.4117902192250886,1.591377692000151,astar,False,0,434330,0,7049,905,0.16472591399997327,0,0.0,0.010001917999943544,0,5,5,A,5044,0.45,False,3.833789603000241
0,32.647626173112634,1000,0,max_steps,7.654430906344374,1.3600739419998717,astar,False,0,350835,0,15539,1992,0.18733819899989612,0,0.0,0.044456178000018554,0,6,6,A,5045,0.425,False,4.276462035999884
0,32.6291727257072,1000,0,max_steps,7.866642390499263,0.8174906060003195,astar,False,0,371383,0,6139,793,0.20533408899973438,0,0.0,0.032381002999954944,0,6,6,A,5046,0.4125,False,3.309832440000264
0,34.2033725402549,1000,0,max_steps,3.7477076326736034,0.9586306690002857,astar,False,0,208826,0,7903,991,0.16497393400004512,0,0.0,0.024775176999810355,0,5,5,A,5047,0.4375,False,2.4963777260004463
0,32.96391676884889,1000,0,max_steps,5.954121471720238,1.1982172450002508,astar,False,0,426307,0,121026,15251,0.6703963879999719,0,0.0,0.1858345460000237,0,6,6,A,5048,0.4625,False,4.9989565050004785
0,33.46549684117348,1000,0,max_steps,6.275572683030609,1.1672460559998399,astar,False,0,379885,0,5815,744,0.27638870900000256,0,0.0,0.03266824999991513,0,5,5,A,5049,0.475,False,2.4070712919997277
0,34.23044520876957,1000,0,max_steps,3.491283789668206,0.894353042000148,astar,False,0,261985,0,125454,15727,0.6415259509999487,0,0.0,0.1848003019999851,0,4,4,A,5050,0.5,False,2.313132792000488
0,32.27876801698404,1000,0,max_steps,9.774792197279693,1.3888231509999969,astar,False,0,318017,0,312365,39078,0.11317323399998713,0,0.0,0.5007748850002827,0,4,4,A,5051,0.3875,False,2.710141580000254
0,32.89517359748049,1000,0,max_steps,5.144201833132132,1.5321008109999639,astar,False,0,456990,0,5921,772,0.36281333899978563,0,0.0,0.036654841999734344,0,5,5,A,5052,0.575,False,4.602926742999443
0,32.287671670609384,1000,0,max_steps,7.614234203122465,1.054718245999993,astar,False,0,392638,0,36363,4589,0.5729242510001313,0,0.0,0.09703736199980995,0,4,4,A,5053,0.425,False,2.8233435230004034
0,31.393673285790914,1000,0,max_steps,9.4084569670058,1.2027974559996437,astar,False,0,278739,0,231375,29052,0.4831947949996902,0,0.0,0.3431420699998853,0,5,5,A,5054,0.375,False,3.3246553969997876
0,33.89186298969511,1000,0,max_steps,3.8714096269963436,1.231376199999886,astar,False,0,263422,0,6610,833,1.14289395600008,0,0.0,0.02761652899971523,0,3,3,A,5055,0.4625,False,3.327713162999771
0,33.046819124650064,1000,0,max_steps,6.118848952213151,0.6777450320000753,astar,False,0,292039,0,28548,3638,0.603726392000226,0,0.0,0.07352856600027735,0,6,6,A,5056,0.375,False,2.6024428549999357
0,32.199905330790926,1000,0,max_steps,11.225320151336442,1.0356416600002376,astar,False,0,371566,0,16729,2148,0.3159235049997733,0,0.0,0.0447792169998138,0,8,8,A,5057,0.4625,False,4.701741654000671
0,31.20169750037608,1000,0,max_steps,9.422197859310742,1.2974311749999288,astar,False,0,293529,0,5496,689,0.13321416400003727,0,0.0,0.028681075000349665,0,5,5,A,5058,0.4,False,2.9970126059993163
0,32.578573325804065,1000,0,max_steps,6.599834278222444,1.068689550000272,astar,False,0,352899,0,303257,38044,0.3860856760002207,0,0.0,0.4495928710002772,0,5,5,A,5059,0.4,False,4.164637550999942
0,32.77505941816805,1000,0,max_steps,8.180407233139434,1.1858111390001795,astar,False,0,301475,0,212200,26591,0.16533221899999262,0,0.0,0.32157033499970566,0,7,7,A,5060,0.45,False,3.3756958269996176
0,33.07136817643603,1000,0,max_steps,5.507750221279101,1.4896512779996556,astar,False,0,310564,0,153628,19294,1.2423527660002947,0,0.0,0.2437644720002936,0,4,4,A,5061,0.4375,False,3.83008430999962
0,34.71812690601452,1000,0,max_steps,1.7854446224960316,0.9637388050000482,astar,False,0,290454,0,2104,278,0.1209142470002007,0,0.0,0.0035140300001330615,0,4,4,A,5062,0.425,False,1.7963939129999744
0,31.91470846888106,1000,0,max_steps,8.295650215625052,1.2249535509999987,astar,False,0,345197,0,19781,2516,0.37813678000020445,0,0.0,0.06743303399980505,0,7,7,A,5063,0.3625,False,4.901367400000254
0,33.827501474550594,1000,0,max_steps,5.731628259055186,1.134831012000177,astar,False,0,400354,0,4712,613,0.13690554499999052,0,0.0,0.03044626300015807,0,5,5,A,5064,0.4,False,4.297742114000357
0,33.90323626270355,1000,0,max_steps,3.4825008973437446,0.9181017239998255,astar,False,0,298550,0,6545,842,0.5697910349999802,0,0.0,0.02943889099969965,0,6,6,A,5065,0.4625,False,3.948869749000096
0,34.13114339161401,1000,0,max_steps,3.447145558284419,0.9505884800000786,astar,False,0,383487,0,7435,975,0.9158016399996995,0,0.0,0.03457356799981426,0,4,4,A,5066,0.425,False,2.607272146000014
0,33.26064918366019,1000,0,max_steps,3.4825008973437446,0.5713178390001303,astar,False,0,319833,0,5368,697,0.542823091000173,0,0.0,0.028288011999848095,0,6,6,A,5067,0.4375,False,2.459288917000322
0,31.782796289103786,1000,0,max_steps,7.954263793714662,1.1995134439998765,astar,False,0,455524,0,91577,11532,0.6614105250000648,0,0.0,0.1479638820001128,0,5,5,A,5068,0.575,False,4.0252938610001365
0,33.518688063394976,1000,0,max_steps,5.799595891094482,2.1524862730002496,astar,False,0,224161,0,452457,56571,0.49318478699979096,0,0.0,0.6964381729999332,0,3,3,A,5069,0.375,False,4.0975909990006585
0,33.68607338451832,1000,0,max_steps,9.30968917311421,1.33459434300039,astar,False,0,396803,0,215530,27008,0.23267103499983932,0,0.0,0.3354955390000214,0,5,5,A,5070,0.575,False,4.061473589999878
0,33.995345448248365,1000,0,max_steps,4.690715563749307,1.1715955869999561,astar,False,0,220775,0,190071,23808,0.3606384770000659,0,0.0,0.2848359029999301,0,4,4,A,5071,0.3625,False,2.588075907000075
0,33.52298793413992,1000,0,max_steps,5.0734911550134765,1.3792637149999791,astar,False,0,317804,0,10168,1312,0.42980828200006727,0,0.0,0.03437841400000252,0,5,5,A,5072,0.475,False,3.75045750199979
0,31.49898909252692,1000,0,max_steps,11.050240382000744,1.4066476399998464,astar,False,0,383260,0,19389,2483,0.4051811990002534,0,0.0,0.048233335000077204,0,6,6,A,5073,0.55,False,3.5993888049993075
0,31.901473315085674,1000,0,max_steps,7.75695252660476,1.3105163810000704,astar,False,0,349416,0,262943,33047,0.9181668009996429,0,0.0,0.38485043099990435,0,6,6,A,5074,0.5625,False,3.7496077100004186
0,32.69945115518689,1000,0,max_steps,7.940107839318051,1.6079102879998572,astar,False,0,261722,0,57589,7271,0.34784313999989536,0,0.0,0.10378025500040167,0,5,5,A,5075,0.4625,False,3.2686440519996722
0,33.49500633842919,1000,0,max_steps,3.164302845809796,0.7729569719999745,astar,False,0,393869,0,4640,599,0.19426440600000205,0,0.0,0.03060231300014493,0,7,7,A,5076,0.475,False,2.9227959339991685
0,33.726515201374866,1000,0,max_steps,7.18690214904864,1.3440452459999506,astar,False,0,301108,0,137776,17457,1.0918074989999695,0,0.0,0.2491319589998966,0,4,4,A,5077,0.4,False,3.525450106000335
0,32.51821055858702,1000,0,max_steps,8.263265849529466,1.1345311639997817,astar,False,0,350840,0,243026,30514,0.6543043110000326,0,0.0,0.36048762200016427,0,6,6,A,5078,0.4125,False,4.442941152000458
0,32.78757823579444,1000,0,max_steps,5.462399884666076,1.1486094350002531,astar,False,0,474449,0,5651,732,0.24108334599986847,0,0.0,0.03559747500003141,0,8,8,A,5079,0.4875,False,3.657350805000533
0,31.999673007286106,1000,0,max_steps,8.131747198480777,1.1479768640001566,astar,False,0,383925,0,5110,661,0.28988727699970696,0,0.0,0.029828051000095,0,7,7,A,5080,0.5125,False,3.692310838999674
0,33.26518374922179,1000,0,max_steps,13.047617119612298,1.4497354389995962,astar,False,0,405065,0,261646,33101,0.30145918000016536,0,0.0,0.38748257699990063,0,5,5,A,5081,0.4375,False,4.922433750999517
0,32.944535705369724,1000,0,max_steps,5.6448261709285585,1.1056496629998946,astar,False,0,395487,0,7760,1004,0.1696628029999374,0,0.0,0.033935474999907456,0,5,5,A,5082,0.5,False,3.322376181000436
0,33.972032132469636,1000,0,max_steps,3.1996581848691266,0.9178591069999129,astar,False,0,297163,0,6692,864,0.1748521209997307,0,0.0,0.02836112500017407,0,5,5,A,5083,0.35,False,2.504459936999865
0,34.30694965212776,1000,0,max_steps,2.9075870580259497,0.8381340229998386,astar,False,0,185356,0,83226,10460,0.2657130560000951,0,0.0,0.1437830690001647,0,4,4,A,5084,0.475,False,2.8776016509996225
0,32.64654757648705,1000,0,max_steps,7.760819061155851,0.8357903020000776,astar,False,0,414150,0,11569,1488,0.34449948500014216,0,0.0,0.04528131300003224,0,7,7,A,5085,0.4875,False,3.283812673999819
0,32.32023724499413,1000,0,max_steps,12.244705488495834,1.878607582999848,astar,False,0,465029,0,215539,27185,1.5030976239995653,0,0.0,0.37085057000012966,0,4,4,A,5086,0.5125,False,4.0081853089996
0,33.35727431356927,1000,0,max_steps,6.983484982442502,0.988103085000148,astar,False,0,275447,0,5029,658,0.29202422900016245,0,0.0,0.02595474899999317,0,6,6,A,5087,0.4125,False,2.948185759000353
0,32.796994019988745,1000,0,max_steps,8.175821824134866,1.1533312179999484,astar,False,0,330338,0,148941,18727,0.39083354300009887,0,0.0,0.26187620300015624,0,6,6,A,5088,0.4125,False,4.316963757999929
0,33.8284535586778,1000,0,max_steps,5.108846494072802,1.1529637630001162,astar,False,0,386906,0,2136,278,0.15701413999977376,0,0.0,0.026754115000130696,0,8,8,A,5089,0.4375,False,2.6951177399996595
0,34.79290221846342,1000,0,max_steps,3.871571063534801,0.862193527999807,astar,False,0,214226,0,12112,1520,0.830199519999951,0,0.0,0.031526558000223304,0,4,4,A,5090,0.425,False,2.056492449999496
0,33.6928305575275,1000,0,max_steps,5.501846281022395,0.6957076030003009,astar,False,0,342719,0,3304,432,0.12464440000030663,0,0.0,0.027521577999777946,0,7,7,A,5091,0.4875,False,3.2985986400008187
0,33.57459288255871,1000,0,max_steps,5.205916105739698,1.0441563440003847,astar,False,0,368857,0,8594,1127,0.5998611210002309,0,0.0,0.0342089149999083,0,5,5,A,5092,0.425,False,2.7627817680004227
0,33.72972417623438,1000,0,max_steps,4.684582425360877,1.1134706819998428,astar,False,0,347624,0,5606,729,0.2866935420001937,0,0.0,0.008112084999993385,0,4,4,A,5093,0.45,False,3.169145510999897
0,32.69303763536163,1000,0,max_steps,7.022397204658818,1.55091560999972,astar,False,0,399865,0,12060,1558,0.2984406810001019,0,0.0,0.04010462899987033,0,6,6,A,5094,0.475,False,4.400225689999843
0,34.13960704396009,1000,0,max_steps,4.662516756002059,1.24526355099988,astar,False,0,231341,0,133637,16879,0.7987119029999121,0,0.0,0.20219405599982565,0,3,3,A,5095,0.3875,False,3.005228432000422
0,32.37901998143884,1000,0,max_steps,5.356333867488095,0.8976182260003043,astar,False,0,306723,0,7662,963,0.3642565800000739,0,0.0,0.03101951700000427,0,6,6,A,5096,0.45,False,3.2128589950002606
0,33.6513446948511,1000,0,max_steps,3.9058049746499113,1.2620817980000538,astar,False,0,318136,0,103921,13175,1.0816482790000919,0,0.0,0.17724855299957198,0,4,4,A,5097,0.4125,False,2.7197770970005877
0,32.26428181222195,1000,0,max_steps,8.874348567641457,1.317984312000135,astar,False,0,339246,0,11433,1447,0.19215129600024738,0,0.0,0.03726450500016654,0,6,6,A,5098,0.4625,False,4.248291396000241
0,33.682442063156984,1000,0,max_steps,7.006804728262374,1.1509283160003179,astar,False,0,230311,0,393304,49349,0.5854150129998743,0,0.0,0.5489163029997144,0,4,4,A,5099,0.5625,False,3.4669289540006503
0,32.57675622597022,1000,0,max_steps,7.583720228225718,2.0390370340001027,astar,False,0,466791,0,6840,884,0.33285843199973897,0,0.0,0.03605076200028634,0,6,6,A,5100,0.575,False,4.686466164000649
0,33.26946903355263,1000,0,max_steps,4.591874617190673,0.9901755430000776,astar,False,0,326357,0,91664,11558,0.47727704600038123,0,0.0,0.15767725399973642,0,6,6,A,5101,0.45,False,3.9165430670000205
0,33.60906168371413,1000,0,max_steps,4.189607678530292,1.2275793490002798,astar,False,0,161385,0,8256,1065,0.20544805800000177,0,0.0,0.03198965399997178,0,5,5,A,5102,0.3375,False,3.0365188610003315
0,34.00254205531601,1000,0,max_steps,3.8105527814216122,1.202040040999691,astar,False,0,296542,0,63858,8069,0.5697169579998445,0,0.0,0.12291744799995286,0,6,6,A,5103,0.475,False,4.95163109699979
0,33.34389250836583,1000,0,max_steps,3.9951924234009044,0.8037379420002253,astar,False,0,388525,0,14190,1825,0.7388757029998487,0,0.0,0.06454603900010625,0,6,6,A,5104,0.4375,False,3.0067408150011943
0,33.36578994730146,1000,0,max_steps,5.073614342852635,1.5134729320002407,astar,False,0,324857,0,18718,2363,0.4859120480000456,0,0.0,0.06573397800002567,0,5,5,A,5105,0.5875,False,5.120672087000003
0,34.29147992664958,1000,0,max_steps,3.164302845809796,1.1305417970002054,astar,False,0,130532,0,143680,17985,0.4012513229999968,0,0.0,0.21943163299965818,0,3,3,A,5106,0.4,False,2.6503631510004197
0,32.89351537412732,1000,0,max_steps,6.391033758321102,0.9469697900003666,astar,False,0,317964,0,76705,9709,0.4392754079999577,0,0.0,0.14092184999981328,0,5,5,A,5107,0.4375,False,2.1273276520000763
0,32.75089196809295,1000,0,max_steps,6.262612274442667,1.2792271779999282,astar,False,0,368781,0,10227,1318,0.1766447820000394,0,0.0,0.013999212000271655,0,6,6,A,5108,0.275,False,4.33565998999984
0,32.410689696402336,1000,0,max_steps,8.59136557830011,1.49504619299978,astar,False,0,434446,0,3462,455,0.6974957739998899,0,0.0,0.02999276899981851,0,6,6,A,5109,0.525,False,5.652805283999896
0,33.562526445473544,1000,0,max_steps,3.1113200574675686,1.5777234229999522,astar,False,0,298302,0,8454,1059,0.360179664000043,0,0.0,0.03199159099995086,0,5,5,A,5110,0.425,False,3.3065874310000254
0,32.08739011593613,1000,0,max_steps,8.733645430174045,2.3237111920002462,astar,False,0,318930,0,19449,2481,0.5738944160002575,0,0.0,0.06580033399995955,0,5,5,A,5111,0.475,False,7.0184697930003495
0,32.22588178859034,1000,0,max_steps,8.203372020090272,0.9454773050001677,astar,False,0,399626,0,9385,1185,0.15491854400033844,0,0.0,0.012466155000311119,0,7,7,A,5112,0.4625,False,3.8377703540004404
0,33.465733992308806,1000,0,max_steps,5.85130861431868,0.7392716610002026,astar,False,0,236098,0,8575,1118,0.3232080490001863,0,0.0,0.025200859000051423,0,5,5,A,5113,0.4375,False,2.4061365400002614
0,33.65649498386017,1000,0,max_steps,5.161909772555114,0.9080309870000747,astar,False,0,304407,0,18286,2336,0.5099844319997828,0,0.0,0.043386847999954625,0,4,4,A,5114,0.3875,False,2.559569862999979
0,33.67783613392134,1000,0,max_steps,4.853896630543341,1.0559323740003492,astar,False,0,264960,0,116444,14710,0.37126671300029557,0,0.0,0.17861306899976626,0,4,4,A,5115,0.5,False,2.201520208000602
0,31.686804682306004,1000,0,max_steps,11.70263058034389,1.2501251589997082,astar,False,0,416480,0,12231,1530,0.326978439999948,0,0.0,0.0411681289997432,0,6,6,A,5116,0.45,False,5.04122114699976
0,31.844774515097733,1000,0,max_steps,6.416994039267916,1.049959772999955,astar,False,0,374435,0,7752,1000,0.1436960259998159,0,0.0,0.03441331300018646,0,7,7,A,5117,0.4625,False,3.155817420000403
0,31.77591161527284,1000,0,max_steps,6.6998367517425335,1.5358471370000188,astar,False,0,316887,0,10770,1388,0.33145839200005867,0,0.0,0.035184804999971675,0,6,6,A,5118,0.425,False,3.329765838000185
0,32.99656664539942,1000,0,max_steps,6.597466369751342,0.8768170369999098,astar,False,0,398475,0,4914,635,0.22201622800002951,0,0.0,0.03041063699993174,0,6,6,A,5119,0.45,False,3.7483695810001336
0,31.53067319614438,1000,0,max_steps,7.940107839318052,1.267403542000011,astar,False,0,361006,0,22984,2910,0.3285032339999816,0,0.0,0.07554169100012587,0,6,6,A,5120,0.5125,False,3.9193546270003026
0,33.31197857272825,1000,0,max_steps,5.568465901844061,0.9578057039998384,astar,False,0,382834,0,16382,2153,0.8897790430000896,0,0.0,0.06765339200001108,0,5,5,A,5121,0.3875,False,3.098467936000361
0,32.589627441062774,1000,0,max_steps,7.920562637843349,0.848013409000032,astar,False,0,457868,0,27490,3541,0.4528164379998998,0,0.0,0.08813501800023005,0,7,7,A,5122,0.4625,False,3.665233640999759
0,32.63883955053675,1000,0,max_steps,5.144201833132132,1.1476700460002576,astar,False,0,423858,0,3923,507,0.22693751499991777,0,0.0,0.030463458999747672,0,6,6,A,5123,0.5875,False,3.1927554110002347
0,32.48404361015278,1000,0,max_steps,6.952989464971162,1.262186615000246,astar,False,0,419017,0,84654,10682,0.5951858970001922,0,0.0,0.19284972400009792,0,7,7,A,5124,0.525,False,5.4299564020002435
0,33.477693804481774,1000,0,max_steps,4.5684037146469425,1.270993051000005,astar,False,0,347106,0,69927,8896,1.0055160860001706,0,0.0,0.1382639889998245,0,4,4,A,5125,0.475,False,3.2553784099995937
0,34.671823284783876,1000,0,max_steps,3.623922253581056,0.5606129729999338,astar,False,0,104224,0,8725,1128,0.27980353500015553,0,0.0,0.02520072400011486,0,3,3,A,5126,0.275,False,1.3681712419997893
0,33.11213557936392,1000,0,max_steps,5.462399884666076,0.6514619009999478,astar,False,0,389490,0,2833,368,0.28502172999969844,0,0.0,0.027241952999702335,0,7,7,A,5127,0.4375,False,3.438269100999605
0,32.78122718772415,1000,0,max_steps,5.5861715422997875,1.40070257699972,astar,False,0,354336,0,5558,708,0.35710215600010997,0,0.0,0.030075563000082184,0,6,6,A,5128,0.4125,False,3.564817440999832
0,32.14427452344091,1000,0,max_steps,6.031816683222391,0.9040439129998958,astar,False,0,412802,0,5601,705,0.21851437500026805,0,0.0,0.03216019999990749,0,6,6,A,5129,0.5,False,3.2958384930002467
0,32.8636557491035,1000,0,max_steps,6.063543724588781,1.235348267000063,astar,False,0,390221,0,5675,734,0.25826288900043437,0,0.0,0.03114731000005122,0,8,8,A,5130,0.5125,False,5.023988568000277
0,31.911574339935814,1000,0,max_steps,6.7882481171506965,1.5705709409999145,astar,False,0,352435,0,15956,2061,0.30489962299998297,0,0.0,0.0444863110001279,0,6,6,A,5131,0.525,False,5.3352825369997845
0,33.20093574595596,1000,0,max_steps,9.449222851642348,1.424740902999929,astar,False,0,378432,0,192418,24093,0.14799740500029657,0,0.0,0.33746894799969596,0,4,4,A,5132,0.5,False,2.945746945999872
0,32.483966349926476,1000,0,max_steps,10.731801456419138,1.3565215589997024,astar,False,0,339248,0,377396,47244,0.19705717599981654,0,0.0,0.5555735379998623,0,4,4,A,5133,0.4375,False,3.87806378499954
0,33.64401747633814,1000,0,max_steps,3.5178562364030697,0.774397098999998,astar,False,0,316834,0,5108,658,0.12446862499973577,0,0.0,0.028587665000031848,0,6,6,A,5134,0.4,False,2.4511318350000693
0,31.916288852544923,1000,0,max_steps,8.750446417183525,2.0313467659998423,astar,False,0,415693,0,9216,1190,0.45095858500008035,0,0.0,0.03749379200007752,0,5,5,A,5135,0.5625,False,3.709621032000541
0,34.7036654843862,1000,0,max_steps,1.917436439624528,1.3714921299997513,astar,False,0,341540,0,24995,3185,1.3179908899996917,0,0.0,0.05299446400022134,0,3,3,A,5136,0.4375,False,1.9702648309994402
0,33.24020149505607,1000,0,max_steps,3.6946329316997066,0.9938265670002693,astar,False,0,381409,0,6678,871,0.35599418999981935,0,0.0,0.03207560300006662,0,6,6,A,5137,0.45,False,3.02770153100073
0,31.882273550728716,1000,0,max_steps,9.295916442180404,1.857472592999784,astar,False,0,381803,0,8026,1025,0.2849559589999444,0,0.0,0.05664237000019057,0,6,6,A,5138,0.6,False,5.639559138000095
0,32.57625100483346,1000,0,max_steps,10.693879674842053,2.032263753999814,astar,False,0,234520,0,501689,62729,0.3032506739996279,0,0.0,0.7751967389999663,0,4,4,A,5139,0.2875,False,4.709413031999702
0,33.31003224046653,1000,0,max_steps,4.967425137835495,1.3785458990000734,astar,False,0,436796,0,3971,519,0.17157890900034545,0,0.0,0.031035534999773517,0,6,6,A,5140,0.4375,False,3.677584268999908
0,31.957350217049058,1000,0,max_steps,7.901997374082073,1.7392933030000677,astar,False,0,452533,0,8455,1087,0.23745967700006076,0,0.0,0.03687671699981365,0,7,7,A,5141,0.5,False,7.487835380000433
0,34.13079009947762,1000,0,max_steps,4.932069798776165,0.7548094839999067,astar,False,0,257874,0,7273,933,0.42753101400012383,0,0.0,0.02572223400011353,0,4,4,A,5142,0.425,False,2.4582946439991247
0,31.85827623388341,1000,0,max_steps,7.463431683883758,1.1880615670002044,astar,False,0,450733,0,91303,11524,0.2924690780000674,0,0.0,0.17808037800023158,0,6,6,A,5143,0.5125,False,4.170069511000747
0,33.38907992871275,1000,0,max_steps,5.899496800575452,0.9779229609998765,astar,False,0,348577,0,38996,5004,0.38208482300024116,0,0.0,0.09587024300026314,0,5,5,A,5144,0.55,False,3.2089130799995473
0,33.09483345983878,1000,0,max_steps,4.702293323475258,1.4748584379999556,astar,False,0,303316,0,6633,836,0.24394654899970192,0,0.0,0.029699351000090246,0,6,6,A,5145,0.4125,False,3.4184779219999655
0,32.57288891347322,1000,0,max_steps,5.401070495744336,1.4208414099998663,astar,False,0,355215,0,4895,615,0.22784392800031128,0,0.0,0.028377225999975053,0,5,5,A,5146,0.375,False,4.157934912999735
0,32.75405247892689,1000,0,max_steps,5.144201833132132,1.7141702620001524,astar,False,0,352426,0,5378,683,0.830879128000106,0,0.0,0.05169806599997173,0,4,4,A,5147,0.4875,False,3.0098241900004723
0,33.7258304068908,1000,0,max_steps,4.861359120657514,1.3648824889996831,astar,False,0,413833,0,3573,462,0.4333637690001524,0,0.0,0.029257366999900114,0,5,5,A,5148,0.475,False,2.904519751999487
0,32.79409877239852,1000,0,max_steps,6.275672274744752,1.2656848430001446,astar,False,0,237275,0,12343,1549,0.4864331339999808,0,0.0,0.029951398999855883,0,5,5,A,5149,0.425,False,4.214734223000505
0,34.1763859823757,1000,0,max_steps,2.138998013089305,0.5743284919999496,astar,False,0,207746,0,12427,1609,0.5327592730000106,0,0.0,0.041254314000070735,0,4,4,A,5150,0.4,False,1.353310450999743
0,32.96956567362397,1000,0,max_steps,7.135233878437342,1.103321925000273,astar,False,0,316497,0,10684,1391,0.46231327299983604,0,0.0,0.03573835199995301,0,5,5,A,5151,0.525,False,2.775908215999607
0,32.528068982429616,1000,0,max_steps,6.405685950778414,0.6711135229998035,astar,False,0,396008,0,107644,13566,0.482446482999876,0,0.0,0.18608718999985285,0,6,6,A,5152,0.4875,False,3.028407408998646
0,33.42879593810621,1000,0,max_steps,6.883699041939588,2.0042615659999683,astar,False,0,404409,0,8132,1029,0.335299741000199,0,0.0,0.03566374399997585,0,4,4,A,5153,0.5125,False,3.5520110779998504
0,33.5358693782204,1000,0,max_steps,5.214912511250788,1.4370720719998644,astar,False,0,401946,0,5284,680,0.37331389000019044,0,0.0,0.031113988000015524,0,5,5,A,5154,0.4375,False,3.0369834180000908
0,33.194689506278124,1000,0,max_steps,4.189607678530292,0.860113070999887,astar,False,0,388162,0,7895,1034,0.3145787159996871,0,0.0,0.03473632599980192,0,7,7,A,5155,0.5,False,3.6321869530002004
0,33.127808417005355,1000,0,max_steps,6.0737395811806065,0.5981463279999844,astar,False,0,369989,0,3728,476,0.5420778630000314,0,0.0,0.027602490999925067,0,6,6,A,5156,0.4875,False,3.2286247859997275
0,34.22115516513401,1000,0,max_steps,4.570728880605367,0.6518373549997705,astar,False,0,231653,0,32256,4109,0.581857232999937,0,0.0,0.06923292800001946,0,4,4,A,5157,0.3625,False,1.9692608269997436
0,32.73531790901893,1000,0,max_steps,4.5785164081828915,0.8076845820000926,astar,False,0,364433,0,7770,976,0.6064387430001261,0,0.0,0.03258205399970393,0,6,6,A,5158,0.5375,False,3.5726901050006745
0,33.85303888024746,1000,0,max_steps,4.808358607674763,1.0084374229995774,astar,False,0,332969,0,8709,1114,0.2856359410002369,0,0.0,0.03318606199991336,0,6,6,A,5159,0.475,False,3.9287853999999243
0,34.710559856615376,1000,0,max_steps,2.510291317755768,0.9849086660001376,astar,False,0,237577,0,8060,1012,0.9512288870000702,0,0.0,0.0332062039997254,0,4,4,A,5160,0.4,False,2.8929221340004005
0,33.25894588514178,1000,0,max_steps,7.323357324342432,1.904316088000087,astar,False,0,334320,0,3684,470,0.3852414940001836,0,0.0,0.02644581999993534,0,5,5,A,5161,0.4,False,3.80981456399968
0,33.5427287487334,1000,0,max_steps,7.0895389483378946,0.9371470170003704,astar,False,0,283245,0,6049,776,0.2817872430000534,0,0.0,0.05193237299999964,0,6,6,A,5162,0.3375,False,3.265892776000328
0,33.95180375504829,1000,0,max_steps,4.631853030915379,0.6282149749999917,astar,False,0,281173,0,23449,2997,0.5779082370004289,0,0.0,0.049915404000330454,0,6,6,A,5163,0.4125,False,2.36835794200033
0,34.047647453407095,1000,0,max_steps,1.9975766568519937,1.2069269160001568,astar,False,0,294229,0,4384,553,0.26499635399977706,0,0.0,0.02558515200007605,0,4,4,A,5164,0.3,False,2.0526113569999325
0,33.78080352635787,1000,0,max_steps,6.036788260325186,1.157061947999864,astar,False,0,333584,0,65124,8196,0.696831328999906,0,0.0,0.12802211700000043,0,4,4,A,5165,0.45,False,3.24585380399958
0,32.13306301129377,1000,0,max_steps,7.862509936400715,1.6087749729999814,astar,False,0,354825,0,144192,18050,0.12022191300002305,0,0.0,0.24255902899994908,0,6,6,A,5166,0.475,False,5.386761080999804
0,32.757403260986344,1000,0,max_steps,6.275572683030609,0.8706024459997934,astar,False,0,294398,0,5904,761,0.271188691000134,0,0.0,0.008859212000061234,0,7,7,A,5167,0.425,False,3.6193419419996644
0,33.64853312177265,1000,0,max_steps,6.68236952734582,1.0265556240001388,astar,False,0,383333,0,5086,653,0.2702170500001557,0,0.0,0.030533040999671357,0,6,6,A,5168,0.5125,False,3.866246391000459
0,34.866670012173856,1000,0,max_steps,2.9168154723945086,1.5586556799999016,astar,False,0,386391,0,3129,394,0.3781815759998608,0,0.0,0.027710587000001397,0,3,3,A,5169,0.3625,False,2.158976568000071
0,31.98407063437542,1000,0,max_steps,7.513009550107068,1.3892584509999324,astar,False,0,425356,0,8298,1066,0.16214686500006792,0,0.0,0.04161107099980654,0,6,6,A,5170,0.475,False,4.2215218159999495
0,31.976927609568644,1000,0,max_steps,10.608207317921345,2.6438667679999526,astar,False,0,336102,0,78224,9841,0.38722086300003866,0,0.0,0.14445488399996975,0,5,5,A,5171,0.4125,False,3.949323357999674
0,32.585942040298654,1000,0,max_steps,9.335834858222373,1.4373467700002038,astar,False,0,409655,0,318589,39944,0.4003189779996319,0,0.0,0.468981642000017,0,5,5,A,5172,0.525,False,4.736916824000673
0,31.99714828852421,1000,0,max_steps,6.615913580149001,1.8269705719999365,astar,False,0,391911,0,6732,859,0.38187075899986667,0,0.0,0.032461756999964564,0,6,6,A,5173,0.4375,False,5.443413259999488
0,33.139468628782204,1000,0,max_steps,8.62976317751536,1.2453373339999416,astar,False,0,471662,0,86187,10882,0.5652205490000597,0,0.0,0.16268979199958267,0,5,5,A,5174,0.525,False,4.579390399999738
0,34.92579355185625,1000,0,max_steps,2.987526150513159,0.287952826000037,astar,False,0,2800,0,192310,24063,0.011635099000159244,0,0.0,0.2664577979999194,0,2,2,A,5175,0.4625,False,0.4620735590001459
0,33.21008749881607,1000,0,max_steps,7.763154159231928,1.3959778850003204,astar,False,0,417240,0,182912,23052,1.0995712080002704,0,0.0,0.29197413200017763,0,7,7,A,5176,0.4875,False,4.802734008000243
0,34.407884746304724,1000,0,max_steps,5.113493179813579,0.9643572099998892,astar,False,0,205889,0,41099,5186,0.3869758319997345,0,0.0,0.09323538200032999,0,4,4,A,5177,0.3875,False,2.064086495000538
0,33.47195387695997,1000,0,max_steps,4.790648442538859,1.3969246400001794,astar,False,0,415700,0,8048,1049,1.0426910510000198,0,0.0,0.03745796599969253,0,4,4,A,5178,0.475,False,3.6989384790003896
0,34.13761921447113,1000,0,max_steps,4.04818632229298,0.8031973709998965,astar,False,0,239199,0,21552,2738,0.745981116999701,0,0.0,0.056650541000180965,0,3,3,A,5179,0.375,False,1.7136002759998519
0,34.12173414000151,1000,0,max_steps,5.091199514849126,0.5704315069997392,astar,False,0,283766,0,5844,746,0.5415709540002354,0,0.0,0.028685151999980008,0,6,6,A,5180,0.4375,False,2.070365664000292
0,32.60111708270122,1000,0,max_steps,5.415400493038346,0.9983955890002107,astar,False,0,282708,0,3451,441,0.15725293500008775,0,0.0,0.0054257259998848895,0,6,6,A,5181,0.425,False,3.3753164760005347
0,31.962045257989107,1000,0,max_steps,8.856512434361507,1.7104125669998211,astar,False,0,422448,0,7562,977,0.38404639200007296,0,0.0,0.035470448000069155,0,6,6,A,5182,0.4625,False,4.271798596000281
0,32.86685378640013,1000,0,max_steps,6.028085309615317,1.7217350949999854,astar,False,0,310328,0,7927,1024,0.18662395399996967,0,0.0,0.030895166999926005,0,6,6,A,5183,0.3625,False,4.537574003999907
0,31.382372110345806,1000,0,max_steps,11.847006478431588,1.0609601890000704,astar,False,0,358544,0,17652,2243,0.7112035499999365,0,0.0,0.04572964299995874,0,6,6,A,5184,0.375,False,3.875610935000168
0,32.77077957184078,1000,0,max_steps,5.497755223725406,1.043443168000067,astar,False,0,364960,0,11117,1441,0.2351449230000071,0,0.0,0.05980681600021853,0,8,8,A,5185,0.4625,False,3.4399702509990675
0,34.48923694874612,1000,0,max_steps,4.1542523394709665,0.8412594430001263,astar,False,0,132564,0,4435,562,0.41923304299962183,0,0.0,0.01619062200006738,0,3,3,A,5186,0.375,False,1.6088224490003995
0,33.510480907071404,1000,0,max_steps,3.7326682815380168,0.612492557999758,astar,False,0,269075,0,18745,2404,0.4570172060002733,0,0.0,0.04248864800001684,0,5,5,A,5187,0.4,False,2.7171198070000173
0,33.39320863325351,1000,0,max_steps,4.189607678530292,1.122470968000016,astar,False,0,413813,0,5013,642,0.5956240710002021,0,0.0,0.031131632000324316,0,5,5,A,5188,0.45,False,3.119500598000741
0,34.396480448454206,1000,0,max_steps,3.231340666039405,1.3359626339997703,astar,False,0,239653,0,70119,8802,0.3833060070001011,0,0.0,0.1308002050000141,0,4,4,A,5189,0.5375,False,3.41067460999966
0,34.237619216567175,1000,0,max_steps,4.967425137835495,0.43909059799989336,astar,False,0,169551,0,3087,402,0.21841168199989625,0,0.0,0.014951032000226405,0,5,5,A,5190,0.375,False,1.4875376889999643
0,32.25604936664687,1000,0,max_steps,6.382520074390678,1.8338222769998538,astar,False,0,393661,0,4513,584,0.2172694840000986,0,0.0,0.02930319999995845,0,7,7,A,5191,0.525,False,4.00416981699982
0,32.96899466286361,1000,0,max_steps,6.722838872083725,1.4603972479999356,astar,False,0,450227,0,116627,14685,0.6789517350002825,0,0.0,0.20661655599997175,0,4,4,A,5192,0.4,False,3.473501370000122
0,33.58360804376007,1000,0,max_steps,6.140363385012321,1.1988754220001283,astar,False,0,327135,0,190565,24004,0.9055187730000398,0,0.0,0.28893365100020674,0,6,6,A,5193,0.4625,False,3.966595187999701
0,33.098835571707376,1000,0,max_steps,10.350196254177984,1.1456136570000126,astar,False,0,296022,0,156794,19934,0.8985184840003058,0,0.0,0.24403810700005124,0,4,4,A,5194,0.4625,False,2.734611010000208
0,33.25399504695952,1000,0,max_steps,4.322506506646344,0.7821993130000919,astar,False,0,221327,0,55589,7103,0.3758433900002274,0,0.0,0.09766200000012759,0,5,5,A,5195,0.4375,False,2.2215116689999377
0,34.48539745199766,1000,0,max_steps,1.4496766880928982,0.9312864419998732,astar,False,0,353977,0,7276,943,0.5191030139999384,0,0.0,0.03199646999973993,0,5,5,A,5196,0.4,False,2.2743736299999
0,32.69197835049752,1000,0,max_steps,6.842080275764088,0.8113484569998946,astar,False,0,409779,0,19272,2505,0.5311852970003201,0,0.0,0.0495430139999371,0,7,7,A,5197,0.5,False,3.786001104000661
0,33.416038370902996,1000,0,max_steps,6.548974156308755,1.203171311999995,astar,False,0,321842,0,174945,22042,0.8871873349999078,0,0.0,0.31009235600004104,0,4,4,A,5198,0.4375,False,2.739324995000061
0,33.65292706270722,1000,0,max_steps,3.7653436098183626,0.8716241799997988,astar,False,0,319790,0,3845,510,0.21600741800011747,0,0.0,0.026388587999917945,0,5,5,A,5199,0.475,False,2.192370590000337
0,33.262222118165624,1000,0,max_steps,6.735192090801864,0.8327522330000647,astar,False,0,383520,0,3573,458,0.3143205299998044,0,0.0,0.02893477299994629,0,5,5,A,5200,0.4125,False,2.4610667509996347
0,33.1344472887621,1000,0,max_steps,5.905638195826086,1.4529517510000005,astar,False,0,494708,0,15255,1962,0.3984762069999306,0,0.0,0.046209409999846685,0,6,6,A,5201,0.4875,False,2.93855454200002
0,31.101781701088317,1000,0,max_steps,10.54035400259403,0.9565025100000639,astar,False,0,389404,0,117353,14691,0.32276152200029173,0,0.0,0.19758118499976263,0,8,8,A,5202,0.5375,False,4.798909034000189
0,33.07713372040038,1000,0,max_steps,5.621526705442212,1.2519672759999594,astar,False,0,259362,0,9940,1255,0.6796930509999584,0,0.0,0.029569953000191163,0,4,4,A,5203,0.5125,False,3.1623816040000747
0,33.846272165947006,1000,0,max_steps,3.5178562364030697,1.450846360000014,astar,False,0,216267,0,374059,46855,0.8455718300001536,0,0.0,0.5855598030002511,0,3,3,A,5204,0.4125,False,2.6472167970000555
0,34.243350019778745,1000,0,max_steps,4.296255637179889,1.0688175380000757,astar,False,0,270975,0,13491,1732,0.6213853670001299,0,0.0,0.03681882699993366,0,4,4,A,5205,0.475,False,2.6291982790003203
0,33.0371958011857,1000,0,max_steps,5.038135815954151,1.510867490000237,astar,False,0,327660,0,5444,691,0.450764509000237,0,0.0,0.03147055999988879,0,4,4,A,5206,0.45,False,3.4814242689999446
0,33.253655159848506,1000,0,max_steps,4.7199377644202025,1.0308081580001272,astar,False,0,327525,0,6218,796,0.37927900700015016,0,0.0,0.05021777000001748,0,6,6,A,5207,0.4875,False,2.5122938149997935
0,34.704810356942865,1000,0,max_steps,0.7126096406869599,1.185399526999845,astar,False,0,317261,0,42140,5329,1.1087137800000164,0,0.0,0.07578591399988,0,3,3,A,5208,0.425,False,1.8254223599997204
0,32.6977473742896,1000,0,max_steps,6.158251578167294,0.9102600050000547,astar,False,0,378085,0,122391,15459,0.35393045499995424,0,0.0,0.20509196200009683,0,7,7,A,5209,0.5125,False,4.855519374000323
0,33.701631411716676,1000,0,max_steps,4.684582425360877,1.2008070159999988,astar,False,0,375819,0,4747,602,1.0322582139997394,0,0.0,0.02973893600028532,0,5,5,A,5210,0.475,False,4.36038790099974
0,33.40686947886516,1000,0,max_steps,4.666938236145834,0.9838062970002284,astar,False,0,290762,0,11431,1470,0.5780442430000221,0,0.0,0.03506737499992596,0,4,4,A,5211,0.3625,False,2.643076118999943
0,33.81107809393182,1000,0,max_steps,4.985134150652315,1.1446594130002268,astar,False,0,350756,0,7066,899,0.21033882299980178,0,0.0,0.05354545000000144,0,5,5,A,5212,0.45,False,3.4737698260005345
0,33.51853266007639,1000,0,max_steps,4.543161069123566,1.1242550110000593,astar,False,0,188837,0,4978,644,0.12454991999993581,0,0.0,0.018201862000296387,0,6,6,A,5213,0.425,False,3.289015506999931
0,33.16804456429947,1000,0,max_steps,6.947414087270169,0.8218703950001327,astar,False,0,304577,0,11686,1505,0.40833790100032274,0,0.0,0.036486983000031614,0,4,4,A,5214,0.4375,False,1.9780700689998412
0,32.41209441887906,1000,0,max_steps,7.265866259435277,1.1524484890001077,astar,False,0,370170,0,13594,1756,0.31160085399960735,0,0.0,0.06381586699990294,0,6,6,A,5215,0.4625,False,4.036816896000346
0,32.204956371327874,1000,0,max_steps,6.947324125157826,2.1428831440002796,astar,False,0,407141,0,6277,804,0.6068662329998915,0,0.0,0.032375999000123556,0,5,5,A,5216,0.45,False,5.834663592000197
0,33.12020113859461,1000,0,max_steps,5.06819124540501,1.1504692550001892,astar,False,0,326718,0,176193,22075,0.3172875540003588,0,0.0,0.27822450999974535,0,5,5,A,5217,0.4875,False,2.751999448999868
0,33.75339367015155,1000,0,max_steps,6.562988077088055,1.5126360330000352,astar,False,0,334452,0,95686,11996,0.22313188499992975,0,0.0,0.16807436199997028,0,4,4,A,5218,0.45,False,3.210462899000049
0,31.649230928819556,1000,0,max_steps,6.80590276892052,1.1963834460002545,astar,False,0,268388,0,7174,903,0.34708599800023876,0,0.0,0.029493233999801305,0,5,5,A,5219,0.3875,False,2.77272994400073
0,32.17349929164598,1000,0,max_steps,7.338362385437231,1.1850110790001054,astar,False,0,406668,0,32571,4152,0.2417076189999534,0,0.0,0.09364024599972254,0,7,7,A,5220,0.5375,False,4.742147439999371
0,32.25666007702852,1000,0,max_steps,8.983196118308895,1.645966275000319,astar,False,0,332499,0,10255,1316,0.195744133000062,0,0.0,0.0361954639997748,0,5,5,A,5221,0.5625,False,4.347234140000182
0,33.226299960534895,1000,0,max_steps,5.49741416485969,1.2384514459999991,astar,False,0,206497,0,42795,5403,0.4528603439998733,0,0.0,0.08547804999989239,0,4,4,A,5222,0.3875,False,2.6718250179997085
0,33.28164060605612,1000,0,max_steps,5.727810445536757,1.161311262000254,astar,False,0,264989,0,4452,586,0.09501746200021444,0,0.0,0.023832912999750988,0,5,5,A,5223,0.3875,False,2.622225879000325
0,33.325700494414576,1000,0,max_steps,6.010433636602269,1.0390403430001243,astar,False,0,342393,0,10330,1344,0.34930633500016484,0,0.0,0.0371824949997972,0,4,4,A,5224,0.4375,False,2.2744086849997984
0,32.94113050886914,1000,0,max_steps,4.824578997176849,0.7973919010000827,astar,False,0,281513,0,109587,13827,0.2796753890002037,0,0.0,0.1794396489999599,0,6,6,A,5225,0.35,False,2.6085351779997836
0,32.60914157494475,1000,0,max_steps,7.053390142335807,0.8270104419998461,astar,False,0,314124,0,4593,593,0.274776139000096,0,0.0,0.026544423999894207,0,7,7,A,5226,0.5125,False,3.0608527399990635
0,32.12024230039327,1000,0,max_steps,6.663074553087333,1.3349989999996978,astar,False,0,428971,0,3419,436,0.6873252460000003,0,0.0,0.031208254999910423,0,6,6,A,5227,0.4375,False,5.010996454999258
0,31.98319159588798,1000,0,max_steps,13.418515659341761,1.8393639800001438,astar,False,0,348148,0,16836,2159,0.26823896199994124,0,0.0,0.04433352500018373,0,5,5,A,5228,0.3625,False,5.530352001999745
0,33.17857811768943,1000,0,max_steps,5.758390617177683,0.7354604709998966,astar,False,0,298516,0,25844,3278,0.3947766969999975,0,0.0,0.07340193499976522,0,6,6,A,5229,0.4125,False,3.082936754000002
0,33.78028416077665,1000,0,max_steps,3.6161529973163433,0.8558904659998916,astar,False,0,316014,0,52247,6605,0.6715035289998923,0,0.0,0.10660295500019856,0,4,4,A,5230,0.4625,False,2.4322165050002695
0,32.72192361017894,1000,0,max_steps,6.334849051082432,1.0940947750000305,astar,False,0,340654,0,17703,2270,0.381855971999812,0,0.0,0.06705483499990805,0,7,7,A,5231,0.35,False,3.357719515000099
0,33.201387074081865,1000,0,max_steps,5.9397232679645935,0.937715290000142,astar,False,0,326101,0,17251,2204,0.5959387510001761,0,0.0,0.06794468799989772,0,5,5,A,5232,0.45,False,3.3883584270010942
0,33.571683864206,1000,0,max_steps,4.649227086301547,0.815832243999921,astar,False,0,201995,0,7676,994,0.3545898329998636,0,0.0,0.023927972000365116,0,4,4,A,5233,0.375,False,2.4890590270001667
0,33.576040214891634,1000,0,max_steps,4.543161069123566,1.3856213650001337,astar,False,0,246351,0,7859,1012,0.189283556999726,0,0.0,0.02547914100023263,0,5,5,A,5234,0.425,False,3.53546729899972
0,34.6701787799802,1000,0,max_steps,2.8461047942758526,0.7975323689997822,astar,False,0,220958,0,4501,585,0.7776349220002885,0,0.0,0.019710707000285765,0,3,3,A,5235,0.35,False,1.6560465109996585
0,31.860036538166785,1000,0,max_steps,7.703022945571432,1.7030282349996924,astar,False,0,361904,0,41568,5277,0.5399932670002272,0,0.0,0.09918510599982255,0,7,7,A,5236,0.5625,False,6.109880231000261
0,33.59129163018101,1000,0,max_steps,4.7199377644202025,0.8624991750002664,astar,False,0,214042,0,57449,7293,0.32083609999972396,0,0.0,0.10390060300005644,0,3,3,A,5237,0.4,False,2.0912769630003822
0,32.875532031864424,1000,0,max_steps,6.942554465036625,0.9655592750000324,astar,False,0,378209,0,8861,1119,0.24970885099992302,0,0.0,0.03480352300039158,0,6,6,A,5238,0.3875,False,2.7648881049999545
0,32.287429400683166,1000,0,max_steps,8.612146219148856,0.9061747340001602,astar,False,0,472125,0,112639,14200,0.7008991010002319,0,0.0,0.20316660099979345,0,7,7,A,5239,0.575,False,4.29842967400009
0,32.20590414280066,1000,0,max_steps,6.905998298580733,1.642775179000182,astar,False,0,311139,0,33313,4198,0.4110272590000932,0,0.0,0.12635439900031997,0,4,4,A,5240,0.4375,False,3.926357194000502
0,32.80714115903784,1000,0,max_steps,6.17041834076102,1.199718691000271,astar,False,0,418224,0,3752,495,0.13407899499998166,0,0.0,0.005615246000161278,0,8,8,A,5241,0.45,False,3.6170802959995854
0,34.562992070276984,1000,0,max_steps,3.4163668567646517,0.939826653000182,astar,False,0,209161,0,61982,7842,0.34137853999982326,0,0.0,0.10726303100000223,0,4,4,A,5242,0.4,False,2.954329315999985
0,33.26931984000573,1000,0,max_steps,5.161909772555114,1.4225877819999369,astar,False,0,344937,0,6593,840,0.27266856699998243,0,0.0,0.031235766999998305,0,4,4,A,5243,0.4875,False,2.8091211289997773
0,33.51626431562202,1000,0,max_steps,5.571271174516637,1.0857686160002231,astar,False,0,355045,0,118345,14919,0.46794595599976674,0,0.0,0.1944682080002167,0,5,5,A,5244,0.4875,False,3.0573404270007813
0,34.41039846553401,1000,0,max_steps,3.6062879114125077,1.1325228000000607,astar,False,0,328009,0,5109,662,0.36303014799977973,0,0.0,0.029045392000170978,0,5,5,A,5245,0.4125,False,2.3652323370001795
0,31.747817411947544,1000,0,max_steps,7.186728219433373,0.9701915020000342,astar,False,0,372069,0,22168,2808,0.5225416700000096,0,0.0,0.05228998500024318,0,7,7,A,5246,0.5,False,3.402173335000498
0,33.394317847327066,1000,0,max_steps,6.204862004911953,0.9608676970001397,astar,False,0,428007,0,3180,410,0.4585744060000252,0,0.0,0.029875556000206416,0,7,7,A,5247,0.4875,False,3.771009886000229
0,32.56754289506574,1000,0,max_steps,5.5861715422997875,1.2567526620000535,astar,False,0,305963,0,9363,1221,0.2902336789998117,0,0.0,0.0351629580000008,0,5,5,A,5248,0.5625,False,3.362398770999789
0,32.963056203747534,1000,0,max_steps,5.320978528428769,1.107577461999881,astar,False,0,367563,0,3747,493,0.3946013919999132,0,0.0,0.028665514000294934,0,6,6,A,5249,0.45,False,3.543991935000122
0,33.590902950292644,1000,0,max_steps,2.9202418564221673,1.126909032000185,astar,False,0,371641,0,14111,1813,0.4157044999997197,0,0.0,0.04175862199963376,0,5,5,A,5250,0.3125,False,3.144309479000185
0,33.59585915879602,1000,0,max_steps,4.790648442538859,1.3859100529998614,astar,False,0,322022,0,8807,1147,0.34035531000017727,0,0.0,0.038057889999890904,0,4,4,A,5251,0.3875,False,3.2169973780000873
0,31.776636887536036,1000,0,max_steps,7.982500391481355,2.0200935030002256,astar,False,0,337689,0,16663,2146,0.3835346729997582,0,0.0,0.042979341999853204,0,7,7,A,5252,0.4875,False,7.304667530000643
0,32.62189115028683,1000,0,max_steps,7.042127696939327,1.0510650070000338,astar,False,0,438341,0,9540,1260,1.0120509530001982,0,0.0,0.03879396000002089,0,6,6,A,5253,0.45,False,3.781507002000126
0,32.48006159581589,1000,0,max_steps,8.82122794740052,0.6468167779999021,astar,False,0,285473,0,5589,727,0.14076191899994228,0,0.0,0.02934303300025931,0,5,5,A,5254,0.4375,False,2.297147519000191
0,32.318927578037766,1000,0,max_steps,9.540915181469751,0.8400795259999541,astar,False,0,396004,0,11985,1525,0.5159188640000139,0,0.0,0.06291200600026059,0,6,6,A,5255,0.4375,False,2.768899878999491
0,31.743021302306367,1000,0,max_steps,8.856512434361507,0.9819171969998024,astar,False,0,318215,0,5178,665,0.12200169900006586,0,0.0,0.049353742000221246,0,6,6,A,5256,0.4375,False,2.9996102990003237
0,30.328024499642034,1000,0,max_steps,15.263610729444064,2.1332852500004265,astar,False,0,381019,0,250654,31399,0.3233466880001288,0,0.0,0.38823897199972635,0,6,6,A,5257,0.425,False,4.567986690000453
0,31.560981201759166,1000,0,max_steps,11.139695350412413,1.57723520799982,astar,False,0,406237,0,287709,36087,0.3968426719998206,0,0.0,0.4282538980000936,0,6,6,A,5258,0.575,False,5.082841904000361
0,32.67963572996544,1000,0,max_steps,7.549689563154234,1.6513363710000704,astar,False,0,400655,0,78179,9961,0.5202547959997901,0,0.0,0.15103419499973825,0,6,6,A,5259,0.4875,False,5.846578478999618
0,32.55987705818947,1000,0,max_steps,6.569936263008949,1.9492013660001248,astar,False,0,364917,0,9825,1248,0.6652278999999908,0,0.0,0.03547788399964702,0,6,6,A,5260,0.4875,False,5.7760573489995295
0,34.16926628966185,1000,0,max_steps,4.295673695708273,0.5235517149999396,astar,False,0,260043,0,6677,860,0.3621021200001451,0,0.0,0.02447283499986952,0,5,5,A,5261,0.3875,False,1.6101257090003855
0,32.81420034448363,1000,0,max_steps,8.255547377369956,1.7888560040000812,astar,False,0,402965,0,10008,1269,0.303542650000054,0,0.0,0.037892714999998134,0,5,5,A,5262,0.5875,False,3.8562637629993333
0,33.985874518195025,1000,0,max_steps,4.101257429130728,0.8593578579998393,astar,False,0,205389,0,8755,1113,0.526585065999825,0,0.0,0.02635415999975521,0,4,4,A,5263,0.35,False,2.562970759000109
0,33.4203562456372,1000,0,max_steps,4.124810601712518,1.1202142789998106,astar,False,0,282790,0,157741,19911,0.8720118349997392,0,0.0,0.24372338900002433,0,4,4,A,5264,0.4125,False,2.1484498479994727
0,33.11706032042116,1000,0,max_steps,7.0308472106852085,1.1783914469997399,astar,False,0,309712,0,68075,8563,0.7856310780002786,0,0.0,0.14002411600040432,0,4,4,A,5265,0.4125,False,2.85253734699927
0,34.12896110873346,1000,0,max_steps,3.4117902192250886,0.9487930320001396,astar,False,0,214148,0,112101,14110,0.6206606140003714,0,0.0,0.1742296349998469,0,3,3,A,5266,0.4,False,2.6786563350001416
0,32.33293996622354,1000,0,max_steps,8.304836693156583,1.478709111000171,astar,False,0,291834,0,54799,6854,0.49244060500041087,0,0.0,0.11494253499995466,0,4,4,A,5267,0.45,False,3.6579975950003245
0,33.95617746939199,1000,0,max_steps,3.6062879114125077,1.1099873369998932,astar,False,0,310178,0,9813,1250,0.19525171399982355,0,0.0,0.03562114699980157,0,4,4,A,5268,0.4375,False,2.1409531069998593
0,33.753054092462556,1000,0,max_steps,4.331029034767604,1.3325315279998904,astar,False,0,386129,0,24233,3084,0.2687889290000385,0,0.0,0.08040105099962602,0,5,5,A,5269,0.4875,False,4.230933126000309
0,32.12289942944079,1000,0,max_steps,7.9221406513643755,1.223448488000031,astar,False,0,452817,0,5520,698,0.3286869559997285,0,0.0,0.03308246500000678,0,6,6,A,5270,0.5375,False,4.080762548000621
0,33.405949675280105,1000,0,max_steps,3.8714096269963436,1.0135393239997939,astar,False,0,263389,0,7199,906,0.615706530999887,0,0.0,0.027496641000197997,0,4,4,A,5271,0.4375,False,2.602950415000123
0,31.632984520837045,1000,0,max_steps,6.941203966171861,1.3224152540001342,astar,False,0,446915,0,34479,4390,0.5285006320000321,0,0.0,0.09686985899998035,0,5,5,A,5272,0.475,False,2.8546290810004393
0,31.809651791280366,1000,0,max_steps,8.103336504181472,1.2734310000000733,astar,False,0,410641,0,182281,22873,0.2430281599999944,0,0.0,0.29219311699989703,0,8,8,A,5273,0.5375,False,4.91712539800028
0,31.5021882343031,1000,0,max_steps,11.368116048844678,1.2714109240000653,astar,False,0,386547,0,311982,39043,0.21236022700031754,0,0.0,0.463963012000022,0,6,6,A,5274,0.4375,False,4.652287530000194
0,34.606666549572466,1000,0,max_steps,1.926865978733338,1.1223905589999958,astar,False,0,328513,0,2634,342,0.17684167800007344,0,0.0,0.024585181000020384,0,4,4,A,5275,0.4375,False,2.382489129000078
0,32.89882189069111,1000,0,max_steps,12.293710282091407,1.04593502500029,astar,False,0,390204,0,8718,1107,0.8046028420003495,0,0.0,0.036626572999921336,0,5,5,A,5276,0.45,False,3.5853246080000645
0,33.096488193436606,1000,0,max_steps,6.395726112021995,1.5206608409998807,astar,False,0,315981,0,23057,2935,0.5022598390000894,0,0.0,0.07261104799999885,0,4,4,A,5277,0.55,False,2.7582040470006177
0,33.803891257397346,1000,0,max_steps,4.5078057300642405,0.9679467020000629,astar,False,0,370709,0,5559,727,0.669635026999913,0,0.0,0.03130877900002815,0,6,6,A,5278,0.475,False,2.5693991279995316
0,33.390663250077445,1000,0,max_steps,4.017500777846842,0.9730009439999776,astar,False,0,222411,0,33842,4265,0.45990333600002486,0,0.0,0.06998567800019373,0,6,6,A,5279,0.4,False,4.376419476999217
0,32.74715808663117,1000,0,max_steps,6.729343392932178,0.7309581619997516,astar,False,0,406947,0,30616,3929,0.5818597910001699,0,0.0,0.08873052699982509,0,5,5,A,5280,0.425,False,2.6799553689993445
0,32.86384276633636,1000,0,max_steps,7.084865030471643,0.6619118260000505,astar,False,0,267998,0,66412,8356,0.21012043500013533,0,0.0,0.12016046999997343,0,7,7,A,5281,0.4625,False,2.7227464940001482
0,33.20967588557893,1000,0,max_steps,6.022587691349955,1.1690526950001185,astar,False,0,354273,0,24587,3149,0.2298189920002187,0,0.0,0.0746690790001594,0,6,6,A,5282,0.4,False,4.320258458000353
0,32.827800857146904,1000,0,max_steps,5.869225885923967,0.7566492099999778,astar,False,0,247570,0,12274,1585,0.6886753389999285,0,0.0,0.029844818000128726,0,5,5,A,5283,0.4375,False,2.7174724569995306
0,32.97774118945971,1000,0,max_steps,6.819205415589118,1.0806307240000024,astar,False,0,347976,0,20363,2616,0.7317839399997865,0,0.0,0.06869531299980736,0,6,6,A,5284,0.4875,False,3.729935722999471
0,32.46216495162591,1000,0,max_steps,6.294466816180696,1.1700757630001135,astar,False,0,356103,0,13517,1716,0.3432135580001159,0,0.0,0.03961592899986499,0,5,5,A,5285,0.4875,False,3.0904809920002663
0,34.75645232206471,1000,0,max_steps,1.9446239996462016,1.4756447279996792,astar,False,0,308757,0,9288,1162,0.37920723199977147,0,0.0,0.03429860300002474,0,3,3,A,5286,0.5375,False,2.514229902999432
0,31.575893480369793,1000,0,max_steps,8.492367897117974,1.6731654649997836,astar,False,0,407092,0,262158,32793,0.21806447000017215,0,0.0,0.4027506769998581,0,6,6,A,5287,0.425,False,4.353946358999565
0,32.77387496268203,1000,0,max_steps,7.268618335007001,1.1668331800001397,astar,False,0,351192,0,10331,1358,0.2751264489997993,0,0.0,0.036160572999961005,0,7,7,A,5288,0.4375,False,3.8543990520010993
0,31.694261657655776,1000,0,max_steps,7.866642390499263,0.8842130549996909,astar,False,0,309886,0,15217,1961,0.2517845579995992,0,0.0,0.04035014300006878,0,7,7,A,5289,0.4,False,3.389874950000376
0,32.423483879828815,1000,0,max_steps,8.06119175432516,1.757670040999983,astar,False,0,493427,0,3412,442,0.33534310100003495,0,0.0,0.032747180000114895,0,6,6,A,5290,0.525,False,4.008449585999642
0,33.251465029156606,1000,0,max_steps,8.448834978859509,0.9834698820000085,astar,False,0,376777,0,80553,10240,0.3456560059998992,0,0.0,0.15287222400002065,0,6,6,A,5291,0.425,False,3.0108772579997094
0,33.71742093190053,1000,0,max_steps,3.2579230346955694,1.656099954000183,astar,False,0,405480,0,41744,5300,0.4965468919999694,0,0.0,0.07874136300006285,0,4,4,A,5292,0.4375,False,3.555627497000387
0,32.90809450450783,1000,0,max_steps,6.618274888518909,1.064831674999823,astar,False,0,459146,0,5608,724,0.1983882170002289,0,0.0,0.03334068699996351,0,6,6,A,5293,0.4875,False,3.817931177999526
0,34.46249231837696,1000,0,max_steps,4.8260037815981836,1.122985797000183,astar,False,0,369954,0,11673,1512,0.9119311340000422,0,0.0,0.04025219400000424,0,3,3,A,5294,0.425,False,2.0924416200005
0,34.40188877365479,1000,0,max_steps,3.5532115754624,0.6631652709997979,astar,False,0,196456,0,5232,659,0.28759132000004684,0,0.0,0.030909969999811437,0,6,6,A,5295,0.3375,False,2.851044858000023
0,31.645778208263867,1000,0,max_steps,12.202522792439273,1.167926904000069,astar,False,0,389484,0,325276,40902,0.7079737730000488,0,0.0,0.4498711149999508,0,6,6,A,5296,0.5625,False,3.684945842000161
0,33.7640905479817,1000,0,max_steps,3.4648683236163524,1.1908944580000025,astar,False,0,371210,0,13351,1722,1.1491630430000441,0,0.0,0.04145311299998866,0,3,3,A,5297,0.375,False,2.63761648100035
0,33.767932201510284,1000,0,max_steps,5.317806173602042,0.8487524600000143,astar,False,0,253169,0,79461,10056,0.7190595409997513,0,0.0,0.1282469449997734,0,5,5,A,5298,0.4625,False,2.388247913000214
0,34.744555194221945,1000,0,max_steps,3.3764348801657635,1.3412352429995735,astar,False,0,276837,0,8119,1042,0.1516507320002347,0,0.0,0.049581085000227176,0,3,3,A,5299,0.4,False,1.5967271659997095
0,32.36563023455429,1000,0,max_steps,8.823282410758479,1.0893728390001343,astar,False,0,452311,0,6811,881,0.3375018370002181,0,0.0,0.03560391100018023,0,5,5,A,5300,0.475,False,4.186652196000068
0,32.08922231340763,1000,0,max_steps,7.901918279759666,1.4917958199998793,astar,False,0,404241,0,4640,603,0.7774627750000036,0,0.0,0.05479026300008627,0,6,6,A,5301,0.5125,False,5.0845701939997525
0,32.88563270539889,1000,0,max_steps,6.593770734564553,1.068378649999886,astar,False,0,176645,0,3402,438,0.09000392100006138,0,0.0,0.01657067599990114,0,6,6,A,5302,0.4125,False,2.411387150999417
0,31.738722181376808,1000,0,max_steps,8.928133203531408,0.8945436940002764,astar,False,0,400588,0,163915,20591,0.6195763099999567,0,0.0,0.26829167400001097,0,7,7,A,5303,0.5125,False,3.3173971920004988
0,35.05486676918331,1000,0,max_steps,2.386485386504598,0.9511410360000809,astar,False,0,256625,0,5909,756,0.9140698869996413,0,0.0,0.03684544599991568,0,3,3,A,5304,0.3375,False,1.6944611069998246
0,32.61221223665611,1000,0,max_steps,5.419784359178877,0.5496155109999563,astar,False,0,248529,0,4726,617,0.2290906379998887,0,0.0,0.020207061999826692,0,6,6,A,5305,0.4625,False,2.2851559150003595
0,32.563860997584655,1000,0,max_steps,5.401070495744336,1.0758878249998816,astar,False,0,350899,0,21672,2775,0.18732538699987344,0,0.0,0.0682868439998856,0,6,6,A,5306,0.3625,False,3.2568342399999892
0,32.84798182462562,1000,0,max_steps,7.393261289850371,1.0269795509998403,astar,False,0,435813,0,10400,1353,0.25015502199994444,0,0.0,0.03806747599992377,0,7,7,A,5307,0.4875,False,4.034489875999952
0,33.29230317357082,1000,0,max_steps,6.699930036948146,1.162426041999879,astar,False,0,338327,0,9442,1202,0.17222943400020085,0,0.0,0.03439243200000419,0,5,5,A,5308,0.425,False,2.9460864529996798
0,32.5672542373391,1000,0,max_steps,6.3082535221723575,1.0747261880001133,astar,False,0,424893,0,101783,12835,0.5755392199998823,0,0.0,0.18541855600005874,0,5,5,A,5309,0.5875,False,3.9230545229993368
0,33.807189241000806,1000,0,max_steps,5.869651821019708,1.2314638779998859,astar,False,0,368479,0,2815,365,0.7212971309995737,0,0.0,0.025879790000089997,0,5,5,A,5310,0.45,False,3.6624445610000294
0,32.85469211319752,1000,0,max_steps,13.0490540844921,1.1807479680001052,astar,False,0,332716,0,368618,46314,0.39352977699991243,0,0.0,0.5306903350001448,0,6,6,A,5311,0.45,False,4.799186271000053
0,33.5204943479988,1000,0,max_steps,4.0308575390355825,1.2101309579998087,astar,False,0,363747,0,161224,20366,0.9460759639996468,0,0.0,0.25977570300028674,0,5,5,A,5312,0.525,False,3.2619875309992494
0,31.661865774561814,1000,0,max_steps,10.793936376503241,1.3826244870001574,astar,False,0,292969,0,100169,12552,0.5862969529998736,0,0.0,0.1670983270000761,0,6,6,A,5313,0.5125,False,5.1757962170008796
0,33.5815051147808,1000,0,max_steps,4.065902421357401,0.9620973130004131,astar,False,0,382490,0,9796,1259,0.8674704770000972,0,0.0,0.03504999999995562,0,6,6,A,5314,0.4375,False,3.860384781999983
0,34.77912187856779,1000,0,max_steps,3.6592775926403815,0.26829079700019065,astar,False,0,18672,0,99375,12453,0.05589021000014327,0,0.0,0.14205781000009665,0,3,3,A,5315,0.3625,False,0.5424273389999144
0,33.22112191721764,1000,0,max_steps,4.193931627959615,1.3674811079999927,astar,False,0,268443,0,130697,16422,0.5982223249998242,0,0.0,0.2097767590003059,0,5,5,A,5316,0.375,False,3.6404523960000006
0,31.914208822509334,1000,0,max_steps,6.810309280788941,1.7548240970004372,astar,False,0,340129,0,7843,1027,0.21200370699989435,0,0.0,0.03205019600000014,0,7,7,A,5317,0.4625,False,4.704438014000516
0,32.16260104012191,1000,0,max_steps,7.124100820454463,1.284043999000005,astar,False,0,281541,0,5370,682,0.18690155900003447,0,0.0,0.026711394999892946,0,5,5,A,5318,0.425,False,3.769502501000261
0,33.05552839972827,1000,0,max_steps,6.2402173439712785,0.7629086140000254,astar,False,0,390175,0,4208,546,0.5416588240000237,0,0.0,0.029815799000061816,0,6,6,A,5319,0.3875,False,3.7212681489995703
0,32.88584050243244,1000,0,max_steps,7.583720228225718,0.9820875269997487,astar,False,0,325447,0,8102,1047,0.3968605069999285,0,0.0,0.03264886899978592,0,5,5,A,5320,0.45,False,3.6309049070000583
0,31.668008483528016,1000,0,max_steps,9.33382625186477,1.2340747359999114,astar,False,0,384228,0,6593,844,0.3355014400003711,0,0.0,0.033064394000120956,0,8,8,A,5321,0.5375,False,4.738922478999939
0,32.7894226499434,1000,0,max_steps,7.7430008717550844,0.9034368019997601,astar,False,0,264059,0,6749,859,0.4467175889999453,0,0.0,0.032177656999920146,0,4,4,A,5322,0.45,False,1.887679121999554
0,32.13718586033207,1000,0,max_steps,7.337595825609364,1.5245534489999955,astar,False,0,313476,0,32005,4020,0.2312065179999081,0,0.0,0.08210130800034676,0,5,5,A,5323,0.4375,False,4.629366656000457
0,33.18972695714763,1000,0,max_steps,5.320978528428769,1.123981656000069,astar,False,0,361180,0,3631,473,0.26214998499972353,0,0.0,0.026598252999974648,0,7,7,A,5324,0.4375,False,5.020615103000182
0,33.21385143720472,1000,0,max_steps,6.169607969717361,1.3062627379999867,astar,False,0,289044,0,4030,525,0.4438219579997167,0,0.0,0.02550364799981253,0,5,5,A,5325,0.425,False,3.430365449999954
0,33.09569891728913,1000,0,max_steps,8.196130946977357,0.8525327639999887,astar,False,0,297943,0,62121,7855,0.4582845370000541,0,0.0,0.12185907799994311,0,6,6,A,5326,0.4,False,2.980779140999857
0,34.053715477512775,1000,0,max_steps,2.9345463874336684,0.6285742449999816,astar,False,0,350907,0,6275,819,0.5971293960001276,0,0.0,0.03125793100025476,0,6,6,A,5327,0.45,False,2.2957714449999003
0,32.53534798835651,1000,0,max_steps,9.849444781306202,1.4437949559996923,astar,False,0,373944,0,13391,1688,0.4255871519999346,0,0.0,0.039011317000131385,0,6,6,A,5328,0.5375,False,5.614376898999581
0,32.48411148450004,1000,0,max_steps,6.989925786444371,1.9295300710000447,astar,False,0,361673,0,24001,3044,0.7372764850001658,0,0.0,0.07595015700007934,0,5,5,A,5329,0.475,False,5.396808968999267
0,31.733740058110463,1000,0,max_steps,11.850646079433812,1.0909789319998708,astar,False,0,369319,0,321101,40350,0.23355708700000832,0,0.0,0.4605459909998899,0,7,7,A,5330,0.475,False,4.552323647999856
0,33.97265884933987,1000,0,max_steps,4.419452737613558,1.0015230019998853,astar,False,0,353524,0,19803,2576,0.5120802360002017,0,0.0,0.06996278199994777,0,4,4,A,5331,0.4,False,2.9223616669996773
0,31.292413458696977,1000,0,max_steps,8.647922438366336,1.2624674140001844,astar,False,0,425388,0,8135,1031,0.21446843600006105,0,0.0,0.03739817799987577,0,7,7,A,5332,0.5125,False,3.8258482559995173
0,34.0269528301365,1000,0,max_steps,5.055844390406017,0.5178309729999455,astar,False,0,265256,0,9391,1207,0.26525289600022006,0,0.0,0.031027745999836043,0,5,5,A,5333,0.4375,False,1.881313561999832
0,32.80417094038467,1000,0,max_steps,6.2267818734880995,0.7275284879997344,astar,False,0,328383,0,24163,3110,0.524545961000058,0,0.0,0.0736477149998791,0,6,6,A,5334,0.3875,False,3.071126499000002
0,33.59830105633882,1000,0,max_steps,4.6732282739023105,1.296046997999838,astar,False,0,155803,0,152511,19080,0.2655924860000596,0,0.0,0.22407349700006307,0,4,4,A,5335,0.35,False,2.9777593090002483
0,33.85963731408112,1000,0,max_steps,6.368992267227207,0.811062058999596,astar,False,0,221724,0,192027,24159,0.41001873300001535,0,0.0,0.2776547540001957,0,4,4,A,5336,0.4125,False,1.9879455209998014
0,32.54818810143963,1000,0,max_steps,7.959448002217236,1.357764510999914,astar,False,0,370906,0,49446,6219,0.2854542869999932,0,0.0,0.08468865999975606,0,6,6,A,5337,0.4875,False,3.1961807269995006
0,32.64654019690902,1000,0,max_steps,6.45389901532399,0.7980207189998509,astar,False,0,328216,0,3114,406,0.3509608270001081,0,0.0,0.04852643499998521,0,5,5,A,5338,0.475,False,3.096600982999462
0,33.87401028096404,1000,0,max_steps,5.250386890506259,0.8205251419999513,astar,False,0,237171,0,18916,2400,0.20620136299976366,0,0.0,0.052196879999883095,0,5,5,A,5339,0.3875,False,2.389940655999908
0,31.282941354198577,1000,0,max_steps,14.356847233985599,1.2742919639999855,astar,False,0,382902,0,45279,5668,0.16673734699998022,0,0.0,0.10429937300023084,0,5,5,A,5340,0.3625,False,3.5050060880003002
0,32.63560324871542,1000,0,max_steps,5.498209935970069,1.4733507440000722,astar,False,0,354667,0,24684,3153,0.4370429639998292,0,0.0,0.054523810999853595,0,5,5,A,5341,0.4375,False,3.9856259439993664
0,32.606531176552224,1000,0,max_steps,7.318747331340246,1.0041876099999172,astar,False,0,372079,0,12066,1552,0.4448920810000345,0,0.0,0.037657094999758556,0,5,5,A,5342,0.45,False,3.1577980779998143
0,33.49801821111424,1000,0,max_steps,4.012986730603527,0.8778422890000002,astar,False,0,227547,0,16885,2132,0.337754292000227,0,0.0,0.03460881099999824,0,4,4,A,5343,0.3625,False,2.8522790369993345
0,33.00664333919159,1000,0,max_steps,5.774972943659562,1.3332589769997867,astar,False,0,283306,0,143294,18012,0.6340168690003338,0,0.0,0.20539090700003726,0,5,5,A,5344,0.4,False,4.365272445999835
0,32.22539054945724,1000,0,max_steps,8.08434057298429,1.2729178790000333,astar,False,0,186352,0,166784,20879,0.18898860899980718,0,0.0,0.25880842700007634,0,5,5,A,5345,0.45,False,3.7304558100004215
0,33.93760181047058,1000,0,max_steps,4.1188970004116365,1.1486040609997872,astar,False,0,393050,0,3859,501,0.12425204499959364,0,0.0,0.02845880600034434,0,6,6,A,5346,0.4625,False,3.145974930999728
0,33.395088693228686,1000,0,max_steps,6.2225647847169885,0.8492002150001099,astar,False,0,324236,0,3548,467,0.4195911009996962,0,0.0,0.02612618500006647,0,5,5,A,5347,0.4875,False,2.6675154879999354
0,33.09557716279128,1000,0,max_steps,5.1972649056979945,0.7643758160002108,astar,False,0,273560,0,20888,2679,0.2776229040000544,0,0.0,0.06443235300002925,0,5,5,A,5348,0.45,False,2.723560178999378
0,33.03409038598873,1000,0,max_steps,6.344214884443936,1.3193375920000108,astar,False,0,358662,0,95550,12048,0.36561494800025685,0,0.0,0.16481713700022738,0,5,5,A,5349,0.4625,False,4.122200609000629
0,34.85451011910846,1000,0,max_steps,2.810749455216522,0.6489827049999803,astar,False,0,141521,0,4175,531,0.17471953700032827,0,0.0,0.016565240000090853,0,3,3,A,5350,0.325,False,1.429159554999842
0,33.56426430555967,1000,0,max_steps,6.80590276892052,1.4130260520000775,astar,False,0,453228,0,3366,428,0.7835539020002216,0,0.0,0.03103426400002718,0,6,6,A,5351,0.4375,False,3.913377600999411
0,32.52435689811552,1000,0,max_steps,6.160179583421247,0.9281353149999632,astar,False,0,448603,0,34227,4353,0.819546100000025,0,0.0,0.09599557199999253,0,5,5,A,5352,0.4375,False,4.327773823999905
0,34.20930152640507,1000,0,max_steps,3.6946329316997066,0.8349948899999617,astar,False,0,356011,0,6591,859,0.7126385509995998,0,0.0,0.0317379749999418,0,4,4,A,5353,0.4375,False,2.3556538049992923
0,32.376725012448,1000,0,max_steps,8.999183990784942,2.0033207960000254,astar,False,0,376627,0,22432,2815,0.8197782180000104,0,0.0,0.0734246750002967,0,4,4,A,5354,0.425,False,3.9548984779999046
0,33.940803721222075,1000,0,max_steps,5.19870777212953,1.3172931849999259,astar,False,0,392556,0,8443,1097,0.7082382249996044,0,0.0,0.03483291700013069,0,4,4,A,5355,0.4875,False,4.353457395999612
0,32.36493418333558,1000,0,max_steps,9.50534389172743,0.7938718259997586,astar,False,0,375966,0,146920,18450,0.21475932500015915,0,0.0,0.23786061800001335,0,6,6,A,5356,0.4125,False,2.9132196179994025
0,32.243234795260044,1000,0,max_steps,8.548483052565523,0.925903943999856,astar,False,0,333912,0,20916,2715,0.4255942180002421,0,0.0,0.04934069199998703,0,6,6,A,5357,0.4375,False,3.0171819280003547
0,33.81471544522247,1000,0,max_steps,5.804012620592756,1.0832016010003827,astar,False,0,368740,0,12338,1586,0.26471521800021947,0,0.0,0.0604866270000457,0,5,5,A,5358,0.4,False,2.6868316660002165
0,34.41980779651092,1000,0,max_steps,2.633972759919885,1.4749202269999842,astar,False,0,305330,0,4539,588,0.3497112149998429,0,0.0,0.026884513999902993,0,4,4,A,5359,0.4875,False,2.962360514000011
0,33.20386265710169,1000,0,max_steps,9.116280080164277,1.7863598100002491,astar,False,0,462134,0,257196,32235,0.17004437900004632,0,0.0,0.39771901499989326,0,5,5,A,5360,0.5375,False,4.129204253999887
0,33.00269682386402,1000,0,max_steps,4.947379356790824,1.2471118160001424,astar,False,0,417986,0,15552,2003,0.3634657369998422,0,0.0,0.04373054500001672,0,6,6,A,5361,0.375,False,3.08007384900111
0,33.3391301319648,1000,0,max_steps,3.164302845809796,0.8543332389999705,astar,False,0,350898,0,3965,520,0.4729308199998741,0,0.0,0.03226406199974008,0,6,6,A,5362,0.425,False,3.291634106999936
0,31.620162224033816,1000,0,max_steps,12.54677498403474,0.9206480809998538,astar,False,0,442671,0,125027,15882,0.7408763549997275,0,0.0,0.17795465600011084,0,5,5,A,5363,0.525,False,4.052210346999345
0,33.91237827520434,1000,0,max_steps,3.742868218358747,1.7234134300001642,astar,False,0,198157,0,586155,73318,0.3165086170001814,0,0.0,0.9170978039996953,0,3,3,A,5364,0.4125,False,4.086482210000213
0,33.72997693905119,1000,0,max_steps,4.125719634197164,1.1147748090002096,astar,False,0,146232,0,251984,31580,0.2648860839999543,0,0.0,0.35907079899970995,0,4,4,A,5365,0.4375,False,2.689187737001248
0,33.90540106972005,1000,0,max_steps,4.5785164081828915,0.92957163400024,astar,False,0,399411,0,1800,237,0.9261828030003016,0,0.0,0.0032809890003591136,0,4,4,A,5366,0.4875,False,3.0533683750004457
0,33.72856769938558,1000,0,max_steps,5.762947379596658,1.4242551379998076,astar,False,0,438957,0,11713,1503,0.3759531559999232,0,0.0,0.042699756999809324,0,5,5,A,5367,0.5375,False,4.539326224999968
0,31.735072455561763,1000,0,max_steps,12.5336671608911,2.080641610999919,astar,False,0,311486,0,29247,3769,0.3516398140000092,0,0.0,0.05923218999987512,0,5,5,A,5368,0.375,False,4.64031882900008
0,33.489219578416645,1000,0,max_steps,5.85130861431868,0.6517836060002082,astar,False,0,305382,0,4965,655,0.6058321059999798,0,0.0,0.027537644999938493,0,6,6,A,5369,0.475,False,3.00653977400043
0,31.98372288586974,1000,0,max_steps,6.864605778921319,1.0712399029998778,astar,False,0,283154,0,30965,3938,0.26956065299964393,0,0.0,0.0786763040000551,0,5,5,A,5370,0.3875,False,3.5120293279996986
0,32.40194745076191,1000,0,max_steps,5.0734911550134765,1.6068722280001566,astar,False,0,360173,0,8355,1047,0.5732698920000985,0,0.0,0.03555492699979368,0,5,5,A,5371,0.475,False,4.409807705000276
0,32.83678243465804,1000,0,max_steps,10.342403613280617,0.9972484509999049,astar,False,0,350011,0,21920,2815,0.37027157900047314,0,0.0,0.05501033200016536,0,6,6,A,5372,0.425,False,3.192551094999544
0,33.343053140690465,1000,0,max_steps,7.249935344539287,0.9513779590006379,astar,False,0,348435,0,18307,2297,0.37681302500004676,0,0.0,0.06782356700023229,0,7,7,A,5373,0.5375,False,4.425260915000763
0,34.17544062107685,1000,0,max_steps,3.7830625820887485,1.3017119139994975,astar,False,0,316889,0,16786,2157,0.5210703550001199,0,0.0,0.06434478600021976,0,3,3,A,5374,0.425,False,1.9287351739994847
0,31.323088148070916,1000,0,max_steps,12.271982826748086,1.4532736769997427,astar,False,0,338550,0,75511,9575,0.28154013299990766,0,0.0,0.1433217270005116,0,7,7,A,5375,0.5,False,4.698545823000131
0,30.99886336320476,1000,0,max_steps,14.589518926270324,1.14479912600018,astar,False,0,371914,0,22448,2807,0.6490009439994537,0,0.0,0.07561703500050498,0,7,7,A,5376,0.5125,False,4.091860180002186
0,32.00854776807977,1000,0,max_steps,10.92996168794749,2.1929582329994446,astar,False,0,416927,0,265472,33380,0.5304034339997088,0,0.0,0.4180242759994144,0,6,6,A,5377,0.575,False,5.9208710939983575
0,33.1638872124024,1000,0,max_steps,5.020738242529675,0.9567296579998583,astar,False,0,264472,0,122362,15410,0.4029793970003084,0,0.0,0.1844217039997602,0,4,4,A,5378,0.375,False,3.195586808000371
0,32.90242585964394,1000,0,max_steps,5.568465901844061,0.9645063469997694,astar,False,0,353441,0,3915,507,0.3657306899995092,0,0.0,0.027990999000394368,0,7,7,A,5379,0.475,False,4.0020476659983615
0,32.49550542188862,1000,0,max_steps,8.310103037869023,2.167563625999719,astar,False,0,380478,0,36900,4715,0.5895496660004937,0,0.0,0.09930684600021777,0,6,6,A,5380,0.4625,False,7.125413951000155
0,33.64416428061189,1000,0,max_steps,4.89671445971684,0.9245992209998803,astar,False,0,396873,0,4017,516,0.2082105439994848,0,0.0,0.006263930000386608,0,7,7,A,5381,0.475,False,4.749047119000352
0,34.5574919283422,1000,0,max_steps,2.869723418728708,0.9401979399999618,astar,False,0,126338,0,245330,30757,0.5746769219995258,0,0.0,0.3552128380006252,0,2,2,A,5382,0.4,False,1.3922186680001687
0,34.30728619936156,1000,0,max_steps,4.5078057300642405,1.068642388000626,astar,False,0,251492,0,9055,1177,0.12270910900042509,0,0.0,0.02601264999975683,0,4,4,A,5383,0.425,False,1.3813008450006237
0,32.39905951837341,1000,0,max_steps,14.044093509372543,1.7747730999999476,astar,False,0,331238,0,317187,39688,0.22816248999970412,0,0.0,0.5054779449992566,0,5,5,A,5384,0.4875,False,5.550070923000021
0,33.417162592916064,1000,0,max_steps,4.3663843738269295,0.7093797340003221,astar,False,0,227343,0,4410,562,0.2102525059999607,0,0.0,0.020625795999876573,0,6,6,A,5385,0.425,False,2.327580324000337
0,33.547153390235565,1000,0,max_steps,5.765441223358363,0.6874074699999255,astar,False,0,383772,0,32230,4100,0.34190555199984374,0,0.0,0.06502139999975043,0,5,5,A,5386,0.3875,False,2.5064349859994763
0,34.19370823948859,1000,0,max_steps,3.7653436098183626,0.6189136419998249,astar,False,0,225932,0,4366,558,0.43416105400046945,0,0.0,0.01953575900006399,0,5,5,A,5387,0.3875,False,2.4330522800000836
0,32.40487922616366,1000,0,max_steps,7.521323852886536,1.0491572279997854,astar,False,0,372640,0,135427,17050,0.2629729549998956,0,0.0,0.2247888990004867,0,6,6,A,5388,0.5125,False,3.4212778249984694
0,32.14213836986987,1000,0,max_steps,7.826737027650792,1.1400455800003328,astar,False,0,347828,0,289726,36304,0.6075812999997652,0,0.0,0.4301375149998421,0,5,5,A,5389,0.4625,False,3.1268876690010075
0,33.18838507169955,1000,0,max_steps,8.365573052696389,1.0388621590000184,astar,False,0,293514,0,10309,1298,0.32618048200038174,0,0.0,0.0330051770006321,0,6,6,A,5390,0.475,False,4.116756774999885
0,32.48881783349829,1000,0,max_steps,5.094881009405418,0.9450649700002032,astar,False,0,392439,0,4570,576,0.1734781959994507,0,0.0,0.03434652399937477,0,7,7,A,5391,0.45,False,3.1268218259992864
0,33.779198930867565,1000,0,max_steps,2.704683438038541,1.2926077430001897,astar,False,0,398262,0,3887,504,0.27092608000020846,0,0.0,0.028587171000253875,0,5,5,A,5392,0.4625,False,2.767422066999643
0,32.490574796343004,1000,0,max_steps,8.748660611773667,1.4028936639997482,astar,False,0,336253,0,222899,27894,0.11364012499961973,0,0.0,0.34972706000007747,0,5,5,A,5393,0.4375,False,3.879631657000573
0,31.565809692587337,1000,0,max_steps,8.85714753744116,0.8641670580000209,astar,False,0,368311,0,8165,1027,0.577434791000087,0,0.0,0.03412780200051202,0,7,7,A,5394,0.475,False,3.4738018770012786
0,32.794380516337455,1000,0,max_steps,6.735192090801864,0.9926199749997977,astar,False,0,398007,0,7208,939,0.6332859219992315,0,0.0,0.034468644999833487,0,5,5,A,5395,0.45,False,3.0882128149987693
0,33.71872157738617,1000,0,max_steps,4.790648442538859,0.9788064949998443,astar,False,0,228813,0,3091,397,0.1488690129999668,0,0.0,0.017958049999833747,0,6,6,A,5396,0.475,False,3.3279070499993395
0,32.44298824839242,1000,0,max_steps,5.603821240903387,1.5084787989999313,astar,False,0,438832,0,4791,638,0.3666674670002976,0,0.0,0.03261194299921044,0,7,7,A,5397,0.5875,False,6.493355755999801
0,32.70207539037938,1000,0,max_steps,4.5078057300642405,1.0691077829997084,astar,False,0,265592,0,8587,1106,0.30011969299994234,0,0.0,0.029526522000196564,0,6,6,A,5398,0.4375,False,3.069720055000289
0,32.59844797139978,1000,0,max_steps,6.308748885476418,0.8702110160002121,astar,False,0,294815,0,154139,19412,0.4951665309999953,0,0.0,0.23896454599980643,0,6,6,A,5399,0.4375,False,3.368321683999966
0,34.2750192203773,1000,0,max_steps,2.704683438038541,1.0929185459999644,astar,False,0,299010,0,12378,1593,1.035712725999474,0,0.0,0.056896563999544014,0,3,3,A,5400,0.4125,False,1.854947951000213
0,33.59587249038791,1000,0,max_steps,5.922019292437335,0.8887985769997613,astar,False,0,245592,0,6915,897,0.11961071099995024,0,0.0,0.02313847799996438,0,4,4,A,5401,0.3125,False,1.9452680899994448
0,34.941307164856724,1000,0,max_steps,3.447145558284419,1.0642826359999162,astar,False,0,243512,0,4103,528,1.0435353480006597,0,0.0,0.02057868799965945,0,3,3,A,5402,0.3625,False,1.8884936600006768
0,33.65593129290853,1000,0,max_steps,4.490441236671513,0.6596590950002792,astar,False,0,226513,0,16262,2102,0.15043793299992103,0,0.0,0.03417244600041158,0,5,5,A,5403,0.3875,False,1.560473530001218
0,31.434844982592164,1000,0,max_steps,10.785942819243942,1.6401466750003237,astar,False,0,304588,0,289963,36278,0.41683680300047854,0,0.0,0.4918840119999004,0,6,6,A,5404,0.5375,False,5.012607550000212
0,32.357819369936486,1000,0,max_steps,9.620632125801293,1.2575000870001531,astar,False,0,428915,0,158832,19947,0.4059801620005601,0,0.0,0.2631244140002309,0,6,6,A,5405,0.5375,False,5.105523823000112
0,32.92138075134273,1000,0,max_steps,3.800698948877693,0.4560113519992228,astar,False,0,211689,0,6596,857,0.1289407879994542,0,0.0,0.02115643400065892,0,6,6,A,5406,0.3375,False,1.5668005419993278
0,33.21098119522312,1000,0,max_steps,5.1972649056979945,0.7213748379999743,astar,False,0,338677,0,8355,1051,0.2952995309997277,0,0.0,0.05477312799939682,0,5,5,A,5407,0.3875,False,3.013396069999544
0,34.005192510712334,1000,0,max_steps,3.659448387393923,1.195733988000029,astar,False,0,312824,0,26527,3393,0.7457208819996595,0,0.0,0.07706746499934525,0,3,3,A,5408,0.4125,False,2.193150069000694
0,32.87569307700518,1000,0,max_steps,8.291053159882644,1.1573160919997463,astar,False,0,376075,0,252262,31677,0.395474240999647,0,0.0,0.4016418809997049,0,5,5,A,5409,0.5,False,3.942955228999381
0,32.596979655040485,1000,0,max_steps,7.122433748375619,1.398694653000348,astar,False,0,345677,0,3250,445,0.17031562499960273,0,0.0,0.0057273009997516056,0,7,7,A,5410,0.4125,False,4.798826279999048
0,32.43934044690378,1000,0,max_steps,8.518454231842767,1.1805757909996828,astar,False,0,350410,0,111005,13943,0.3121926779995192,0,0.0,0.18915903200013418,0,5,5,A,5411,0.425,False,3.1545446990003256
0,34.58494822935515,1000,0,max_steps,2.8461047942758526,0.8763299910006026,astar,False,0,250484,0,4488,574,0.8555339989998174,0,0.0,0.020616727000742685,0,4,4,A,5412,0.4625,False,3.004627228001482
0,32.282322363373176,1000,0,max_steps,8.137970416510495,1.2148224909997225,astar,False,0,364393,0,206215,25861,0.19514939300006517,0,0.0,0.3707846879997305,0,7,7,A,5413,0.5125,False,4.408564584999112
0,31.887259301271822,1000,0,max_steps,9.050984062520493,1.017527728999994,astar,False,0,315554,0,9896,1243,0.49154818800070643,0,0.0,0.05361756700040132,0,5,5,A,5414,0.4125,False,2.3844293520014617
0,32.99408284630909,1000,0,max_steps,5.901932946077917,1.1221745249995365,astar,False,0,445642,0,16501,2116,0.40790014499998506,0,0.0,0.07227832999979,0,6,6,A,5415,0.5375,False,3.3037341499994
0,34.034873790725804,1000,0,max_steps,2.5632620818012346,0.8900711590003993,astar,False,0,270235,0,15635,2017,0.2655783740001425,0,0.0,0.05730859800041799,0,6,6,A,5416,0.45,False,2.409625111999958
0,33.46176498762825,1000,0,max_steps,5.038135815954151,0.9164847989995906,astar,False,0,326291,0,3953,512,0.315971363999779,0,0.0,0.0066695559999061516,0,6,6,A,5417,0.45,False,3.7213808409997
0,31.12055169898873,1000,0,max_steps,12.07069022467232,1.623089574000005,astar,False,0,343574,0,229602,28755,0.5152869599996848,0,0.0,0.35204036999948585,0,7,7,A,5418,0.4625,False,6.633484985998621
0,34.38448670883758,1000,0,max_steps,4.044479261907517,0.5493462590002309,astar,False,0,173141,0,83495,10502,0.2805454939998526,0,0.0,0.1402372779994039,0,5,5,A,5419,0.475,False,1.8217860659997314
0,31.84448800109108,1000,0,max_steps,8.821157095302176,1.0276956490006341,astar,False,0,407509,0,15935,2035,0.26753937899957236,0,0.0,0.06994459399993502,0,6,6,A,5420,0.5,False,3.0195247809997454
0,33.68083443154733,1000,0,max_steps,5.690370154919624,0.8802806539997619,astar,False,0,301848,0,97150,12215,0.7119277319998218,0,0.0,0.16623680400061858,0,5,5,A,5421,0.4,False,2.5955271350003386
0,32.93960586070497,1000,0,max_steps,6.275572683030609,0.8447857539995312,astar,False,0,335945,0,4965,664,0.403959541000404,0,0.0,0.028996633000133443,0,7,7,A,5422,0.5,False,3.4226861509996525
0,33.84470245961807,1000,0,max_steps,4.295673695708273,0.8191573200001585,astar,False,0,317639,0,3814,497,0.3579471100001683,0,0.0,0.02567499199994927,0,4,4,A,5423,0.45,False,2.128757807000511
0,32.5976548265312,1000,0,max_steps,9.059059691822323,1.5079017880007086,astar,False,0,393938,0,187939,23622,0.3875485630005642,0,0.0,0.29164131000015914,0,5,5,A,5424,0.4625,False,4.383294593002574
0,33.76797431420166,1000,0,max_steps,5.815953275259349,0.8989819329999591,astar,False,0,243260,0,5476,699,0.3994234450001386,0,0.0,0.020998136999878625,0,5,5,A,5425,0.45,False,2.841684959998929
0,32.09699746127407,1000,0,max_steps,5.922019292437335,0.9100678499999049,astar,False,0,368720,0,5213,662,0.41867070499938563,0,0.0,0.030516015000102925,0,5,5,A,5426,0.4125,False,2.9865533530000903
0,33.611324651221686,1000,0,max_steps,6.828730665357947,0.9671339839997017,astar,False,0,323452,0,117110,14814,0.2678578329996526,0,0.0,0.19025498000064545,0,5,5,A,5427,0.5,False,2.9750379400011298
0,31.51220576981121,1000,0,max_steps,9.723634222861325,1.4125936399996135,astar,False,0,420594,0,45208,5731,0.5497893909996492,0,0.0,0.08416604099966207,0,6,6,A,5428,0.45,False,4.525681424998766
0,34.45289987797744,1000,0,max_steps,2.032931995911324,1.2833424780001224,astar,False,0,283831,0,14812,1906,0.1940547100002732,0,0.0,0.058528595000097994,0,3,3,A,5429,0.4375,False,1.5839344780006286
0,33.11659679168005,1000,0,max_steps,5.53491756939523,1.7847961520001263,astar,False,0,400269,0,14660,1839,0.8104555809995873,0,0.0,0.04369755700008682,0,4,4,A,5430,0.475,False,4.592802926000331
0,32.354780955822186,1000,0,max_steps,10.235370657675272,0.7862237090002964,astar,False,0,307526,0,7875,988,0.23499897700003203,0,0.0,0.05210018300022057,0,6,6,A,5431,0.45,False,2.268211645999145
0,32.555481243458004,1000,0,max_steps,7.486341730110908,1.3272697649999827,astar,False,0,303959,0,216861,27337,0.5789907890002723,0,0.0,0.31895483500011323,0,6,6,A,5432,0.4375,False,4.673370853000961
0,33.2697953182567,1000,0,max_steps,5.144201833132132,1.1038913940001294,astar,False,0,366802,0,11444,1475,0.2542009480002889,0,0.0,0.04143867099992349,0,6,6,A,5433,0.425,False,4.042703093000455
0,33.52791304193623,1000,0,max_steps,4.5785164081828915,0.9723751179999454,astar,False,0,377729,0,5751,720,0.9392010500005199,0,0.0,0.03291649099992355,0,5,5,A,5434,0.4125,False,3.6077685800000836
0,33.7687876684466,1000,0,max_steps,4.469934283633259,0.9830953560003763,astar,False,0,338729,0,81404,10263,0.4537384799996289,0,0.0,0.1499724650002463,0,5,5,A,5435,0.6125,False,3.573735261001275
0,32.14516866040329,1000,0,max_steps,7.702536108321725,0.8928189140005998,astar,False,0,330241,0,53725,6761,0.17886232900036703,0,0.0,0.11233778299992991,0,7,7,A,5436,0.3625,False,3.278198898001392
0,31.661028219692618,1000,0,max_steps,13.17859296359061,1.1759741059995577,astar,False,0,363998,0,405280,50864,0.1736462280005071,0,0.0,0.5820178710000619,0,5,5,A,5437,0.4625,False,3.9091569039992464
0,33.55981982536702,1000,0,max_steps,5.42704454560675,0.48120821399970737,astar,False,0,293791,0,4523,593,0.19881075200009946,0,0.0,0.006841548999545921,0,7,7,A,5438,0.3625,False,2.23585318700043
0,33.16753458766797,1000,0,max_steps,4.684582425360877,0.8596046290003869,astar,False,0,269408,0,6999,905,0.1761845170003653,0,0.0,0.028796364000299945,0,8,8,A,5439,0.4125,False,3.5578609859994685
0,31.819319466711175,1000,0,max_steps,12.037506490133243,2.67632335899998,astar,False,0,344361,0,7779,976,0.1712883089994648,0,0.0,0.03214887300055125,0,6,6,A,5440,0.375,False,6.206452095999339
0,34.89555988854299,1000,0,max_steps,2.8461047942758526,0.8350756179997916,astar,False,0,255680,0,3144,399,0.8161353159994178,0,0.0,0.018768028999147646,0,3,3,A,5441,0.4,False,1.6458367889999863
0,31.313108157778682,1000,0,max_steps,8.64799470975786,1.7052354879997438,astar,False,0,420270,0,199560,25044,0.34438868100005493,0,0.0,0.29136311000002024,0,5,5,A,5442,0.45,False,5.306878331998632
0,33.065879327410926,1000,0,max_steps,6.907536644853936,0.6553635810005289,astar,False,0,300264,0,13398,1725,0.22234369000034349,0,0.0,0.03842873200028407,0,6,6,A,5443,0.4375,False,2.3777376409998396
0,31.832255616574315,1000,0,max_steps,7.770235678536396,1.5421137940002154,astar,False,0,344697,0,25604,3280,0.6695526079993215,0,0.0,0.055498189999525493,0,6,6,A,5444,0.4625,False,4.607987099000638
0,33.338722397549674,1000,0,max_steps,4.014232492021355,1.597695432999899,astar,False,0,251467,0,32203,4076,0.333651973999622,0,0.0,0.07085678099974757,0,4,4,A,5445,0.475,False,3.2923297769984856
0,33.61388031809033,1000,0,max_steps,6.112103770388718,1.7882459339998604,astar,False,0,311219,0,58629,7411,0.4776854319998165,0,0.0,0.1209947449997344,0,4,4,A,5446,0.4875,False,4.057981152999673
0,33.0706322035244,1000,0,max_steps,6.014799456340999,0.9271444850000989,astar,False,0,419461,0,10412,1340,0.19188978600050177,0,0.0,0.0402379409997593,0,6,6,A,5447,0.475,False,3.2418661880010404
0,33.90202633603019,1000,0,max_steps,5.497755223725406,1.3022849660001157,astar,False,0,273781,0,5957,749,0.6154636640003446,0,0.0,0.028979220000110217,0,4,4,A,5448,0.375,False,3.0603371409997635
0,31.30689378471079,1000,0,max_steps,11.819700186552957,1.279888910000409,astar,False,0,372271,0,452596,56624,0.2571474959995612,0,0.0,0.6871329840005274,0,6,6,A,5449,0.4625,False,4.856710512000063
0,34.16143872428562,1000,0,max_steps,3.3764348801657635,1.221875782999632,astar,False,0,366904,0,6567,842,0.5142483469999206,0,0.0,0.03237187800004904,0,4,4,A,5450,0.4875,False,3.1660712840002816
0,33.236448110102415,1000,0,max_steps,8.033076154251246,1.6831359140005588,astar,False,0,339451,0,144065,18204,1.4462230660001296,0,0.0,0.23169117900033598,0,4,4,A,5451,0.4875,False,3.089665642001819
0,32.73865160033928,1000,0,max_steps,7.2143303570047275,1.2302188389994626,astar,False,0,269250,0,104255,13049,0.24530856399996992,0,0.0,0.16737254899999243,0,5,5,A,5452,0.4375,False,3.8335226409990355
0,33.2514550257701,1000,0,max_steps,5.93182623649749,1.2352531959995758,astar,False,0,353410,0,210125,26437,0.5841329359991505,0,0.0,0.35585364200051117,0,5,5,A,5453,0.3625,False,3.0872567720007282
0,32.92391476723929,1000,0,max_steps,6.114659638933303,0.8286006919997817,astar,False,0,408197,0,17786,2274,0.2671099140006845,0,0.0,0.047559716000250774,0,8,8,A,5454,0.5,False,3.980657899000107
0,34.11946171285948,1000,0,max_steps,2.59861742086056,1.142164810000395,astar,False,0,385345,0,2419,317,0.24791293299949757,0,0.0,0.0043934089999311254,0,5,5,A,5455,0.5375,False,2.85238659299921
0,32.63397756984941,1000,0,max_steps,6.535312731614302,0.9500246110001171,astar,False,0,286250,0,146959,18442,0.24625399799970182,0,0.0,0.23415088300043863,0,5,5,A,5456,0.3625,False,3.364896544999283
0,33.55064498440768,1000,0,max_steps,5.869225885923967,0.7525620719998187,astar,False,0,287541,0,21284,2709,0.5074597819993869,0,0.0,0.04738273500061041,0,4,4,A,5457,0.4375,False,1.927844159000415
0,32.87776451127927,1000,0,max_steps,5.975287649979705,1.043899787000555,astar,False,0,358352,0,17054,2188,0.4947555349999675,0,0.0,0.06752284899994265,0,6,6,A,5458,0.4375,False,3.7032385700013037
0,32.480209396683584,1000,0,max_steps,7.142850446425431,1.6600510450007278,astar,False,0,310500,0,13524,1722,0.5048210669992841,0,0.0,0.057507087999510986,0,5,5,A,5459,0.3875,False,4.066011926000101
0,32.959022379216876,1000,0,max_steps,6.629126073623883,1.1744163659996047,astar,False,0,371910,0,7807,1007,0.22632810499999323,0,0.0,0.06096655199962697,0,6,6,A,5460,0.4625,False,4.129624602998774
0,32.717700388589265,1000,0,max_steps,5.992729970555986,0.9109204070000487,astar,False,0,326819,0,6972,905,0.39122639299966977,0,0.0,0.031986297000003105,0,7,7,A,5461,0.4,False,4.4869896809996135
0,32.692365611368466,1000,0,max_steps,5.054237083873291,1.1427188099996783,astar,False,0,360310,0,57321,7250,0.5853889560003154,0,0.0,0.12097026299943536,0,5,5,A,5462,0.4,False,3.7265504399993006
0,33.18863776195984,1000,0,max_steps,6.675819238116021,1.15689962200031,astar,False,0,417690,0,2888,362,0.8651491880000322,0,0.0,0.02912739200019132,0,6,6,A,5463,0.5125,False,4.99936141300077
0,33.39463867481616,1000,0,max_steps,6.965024228242138,1.1827929020000738,astar,False,0,388749,0,2836,368,0.5324597159997211,0,0.0,0.027116008000120928,0,5,5,A,5464,0.475,False,3.726742044000275
0,33.0461629730971,1000,0,max_steps,6.631859656235195,1.0142174350003188,astar,False,0,411421,0,296881,37280,0.39782553399982135,0,0.0,0.4350565779996032,0,5,5,A,5465,0.525,False,3.4498300720006227
0,33.07611598976125,1000,0,max_steps,5.79851812966037,1.4281543059996693,astar,False,0,394563,0,4291,557,0.15645084900006623,0,0.0,0.05360265200033609,0,6,6,A,5466,0.4375,False,3.6994876549988476
0,32.09089491751088,1000,0,max_steps,7.461002781128014,1.1438462959995377,astar,False,0,460496,0,6217,799,0.213640523000322,0,0.0,0.03443121800046356,0,7,7,A,5467,0.5375,False,4.076825029000247
0,33.81021093351646,1000,0,max_steps,6.814529514207125,1.3933995110000978,astar,False,0,260394,0,361393,45262,0.8094279530005224,0,0.0,0.565918490000513,0,4,4,A,5468,0.475,False,3.1728703400003724
0,33.471810667870805,1000,0,max_steps,3.323448886322758,0.7833841340006984,astar,False,0,320301,0,8546,1108,0.5715926800003217,0,0.0,0.032106243000271206,0,4,4,A,5469,0.3125,False,2.2962154850019942
0,34.049390357617206,1000,0,max_steps,2.633972759919885,0.5111289139995279,astar,False,0,109149,0,168615,21110,0.17439669299983507,0,0.0,0.2631614129995796,0,4,4,A,5470,0.4375,False,1.6008593819997259
0,32.53750861657549,1000,0,max_steps,7.311228521938019,0.7789282319999984,astar,False,0,320979,0,30487,3894,0.38608327499969164,0,0.0,0.07826053999997384,0,7,7,A,5471,0.4,False,3.388325922999684
0,32.65472946424021,1000,0,max_steps,7.549358416448379,1.2335825800000748,astar,False,0,381520,0,59718,7496,0.28048203399976046,0,0.0,0.1302061530004721,0,5,5,A,5472,0.3625,False,4.095132917000228
0,32.99428235535693,1000,0,max_steps,7.242690280551833,1.0388113569997586,astar,False,0,316746,0,170050,21391,0.49667726699954073,0,0.0,0.2637672170003498,0,6,6,A,5473,0.4375,False,4.188388112999746
0,32.23520261136956,1000,0,max_steps,9.253597273493156,1.5633106720006253,astar,False,0,351778,0,34483,4392,0.464613453000311,0,0.0,0.07485047899990604,0,5,5,A,5474,0.4375,False,3.215680206001707
0,33.89496331274941,1000,0,max_steps,5.127529863394262,0.7842696409998098,astar,False,0,282059,0,163169,20475,0.2940008739997211,0,0.0,0.2608149589996174,0,5,5,A,5475,0.5125,False,2.827826990000176
0,32.88762498660202,1000,0,max_steps,4.741604422555721,0.9148947009998665,astar,False,0,279846,0,9507,1232,0.18185662500036415,0,0.0,0.03170695600056206,0,6,6,A,5476,0.4,False,2.533708510998622
0,31.66454888146452,1000,0,max_steps,7.444062231067119,1.2596034709995365,astar,False,0,322834,0,145661,18231,0.39247253999928944,0,0.0,0.23586071800036734,0,5,5,A,5477,0.3875,False,3.673277608000717
0,30.709926285953717,1000,0,max_steps,13.258122510370763,1.160834862000229,astar,False,0,330907,0,190856,23860,0.23760566500004643,0,0.0,0.2984052120000342,0,6,6,A,5478,0.4875,False,4.038930279999477
0,31.441353833844094,1000,0,max_steps,9.037716110832426,0.9697029369999655,astar,False,0,344524,0,8380,1075,0.15908191699963936,0,0.0,0.054889777000425966,0,6,6,A,5479,0.3875,False,3.6128956489983466
0,34.51405002032566,1000,0,max_steps,2.8461047942758526,0.9156047549995492,astar,False,0,256608,0,4144,548,0.2975320430005013,0,0.0,0.02045068400002492,0,4,4,A,5480,0.4375,False,2.324037538999619
0,32.99306232822993,1000,0,max_steps,6.0823772079672915,1.1235947300001499,astar,False,0,447019,0,3052,399,0.25659394600006635,0,0.0,0.029853151000679645,0,7,7,A,5481,0.4625,False,3.9481224880009904
0,32.5450023906489,1000,0,max_steps,8.027783785080409,1.3448042489999352,astar,False,0,352709,0,209866,26367,0.19024790399998892,0,0.0,0.3209354769996935,0,6,6,A,5482,0.4625,False,5.016930544999013
0,32.8635094426847,1000,0,max_steps,5.6745319190220425,1.8849811680001949,astar,False,0,363779,0,4107,524,0.41513580399987404,0,0.0,0.029373694000241812,0,6,6,A,5483,0.375,False,5.640307753999878
0,33.69970929646274,1000,0,max_steps,3.2350135239284517,1.6175635150002563,astar,False,0,433895,0,2399,310,0.2694142689997534,0,0.0,0.053905329999906826,0,5,5,A,5484,0.4875,False,3.653023542000483
0,34.16631054848709,1000,0,max_steps,4.7199377644202025,0.740332056000625,astar,False,0,204319,0,4283,539,0.7207126969997262,0,0.0,0.019394023999666388,0,5,5,A,5485,0.425,False,1.788947791001192
0,33.484022258638745,1000,0,max_steps,6.835865892482093,1.2153986620005526,astar,False,0,422981,0,231219,29110,0.8789487630001531,0,0.0,0.3304806260002806,0,5,5,A,5486,0.5125,False,3.719452229000126
0,31.36134538496258,1000,0,max_steps,9.024151622174795,1.316402391000338,astar,False,0,380141,0,246712,31129,0.9157112130005771,0,0.0,0.3936526959996627,0,6,6,A,5487,0.4125,False,3.3747595789991465
0,32.3378631723161,1000,0,max_steps,6.995645967314239,1.0371222560006572,astar,False,0,438166,0,34344,4360,0.31980549299987615,0,0.0,0.0951830730000438,0,7,7,A,5488,0.3875,False,3.3475519800003894
0,32.585835752808244,1000,0,max_steps,7.5341928897526875,1.2372831580005368,astar,False,0,231640,0,54272,6852,0.2692768189999697,0,0.0,0.10167021599954751,0,5,5,A,5489,0.45,False,3.3291758649993426
0,32.71102244916841,1000,0,max_steps,5.978215661884402,1.1553580420004437,astar,False,0,270652,0,25254,3226,0.598668159999761,0,0.0,0.05004769299921463,0,5,5,A,5490,0.475,False,3.1215357330002007
0,33.11586717879081,1000,0,max_steps,4.596228073105161,0.7104626640002607,astar,False,0,353414,0,6358,813,0.3018052830002489,0,0.0,0.03159175000018877,0,7,7,A,5491,0.3875,False,2.7456100610006615
0,33.33806727026761,1000,0,max_steps,6.487801052745065,0.6136352309995345,astar,False,0,293274,0,19078,2408,0.27263911699992605,0,0.0,0.04593644899978244,0,6,6,A,5492,0.4625,False,2.9070701729988286
0,33.05152632786362,1000,0,max_steps,8.843518106500374,1.3028552880005009,astar,False,0,157913,0,126829,15921,0.15909551500044472,0,0.0,0.21919956900001125,0,3,3,A,5493,0.3625,False,2.7572530380002718
0,31.8261239763903,1000,0,max_steps,7.265608198905302,1.3814619069999026,astar,False,0,429735,0,7199,925,0.2420007379996605,0,0.0,0.0630826189999425,0,6,6,A,5494,0.425,False,4.636478869999337
0,33.104069167478485,1000,0,max_steps,5.410782059924421,1.3505046059999586,astar,False,0,464131,0,2418,307,0.4170595469995533,0,0.0,0.029089740999552305,0,5,5,A,5495,0.5375,False,4.045305274999919
0,33.14764336213699,1000,0,max_steps,5.745351381769436,1.2759373869994306,astar,False,0,307299,0,17184,2187,0.6656183779996354,0,0.0,0.0665652030002093,0,4,4,A,5496,0.45,False,3.7422108609989664
0,32.78492248152097,1000,0,max_steps,6.870157385387905,1.2276313929996832,astar,False,0,330990,0,206016,25837,0.8990482080007496,0,0.0,0.3215254950000599,0,4,4,A,5497,0.4125,False,3.4782475039992278
0,32.49167361434441,1000,0,max_steps,7.67603820339633,1.0061547810000775,astar,False,0,368603,0,194016,24427,0.6946927210001377,0,0.0,0.3047632119996706,0,4,4,A,5498,0.375,False,3.0661430110003494
0,33.44619959794118,1000,0,max_steps,8.34702417032561,1.6000311190000502,astar,False,0,368633,0,6494,829,0.4333958500001245,0,0.0,0.031999775000258524,0,6,6,A,5499,0.5125,False,4.9526042790002975
0,33.0371540792369,1000,0,max_steps,5.6745319190220425,0.9984385630004908,astar,False,0,370535,0,5419,701,0.2096599239994248,0,0.0,0.03098037099971407,0,5,5,A,5500,0.475,False,2.6961742510002296
0,33.11456366227614,1000,0,max_steps,7.297795043710121,0.8969601429998875,astar,False,0,287210,0,11879,1488,0.49301717300022574,0,0.0,0.035233233000326436,0,5,5,A,5501,0.475,False,2.8072082669996234
0,34.01941359528717,1000,0,max_steps,3.6437017578281545,0.5179114439997647,astar,False,0,237078,0,58084,7376,0.41034019499966234,0,0.0,0.10640614000021742,0,4,4,A,5502,0.45,False,1.616675232000489
0,32.66645449144706,1000,0,max_steps,6.4686986712939385,1.045453909000571,astar,False,0,357660,0,21737,2759,0.9233600679999654,0,0.0,0.05226471099922492,0,6,6,A,5503,0.4,False,3.540606169000057
0,32.488920542053414,1000,0,max_steps,8.568200657080807,1.129065811000146,astar,False,0,283814,0,83118,10511,0.6823814810004478,0,0.0,0.14721283800008678,0,5,5,A,5504,0.45,False,2.8006013230015014
0,33.390270997481736,1000,0,max_steps,6.9114262276320355,1.0104295430001002,astar,False,0,368776,0,140796,17767,0.5337660639997921,0,0.0,0.22629274900009477,0,5,5,A,5505,0.4625,False,3.521156272998269
0,32.297107410011385,1000,0,max_steps,7.060563893911023,1.5013946680001027,astar,False,0,469869,0,10636,1389,0.6369607469996481,0,0.0,0.04149405999942246,0,6,6,A,5506,0.55,False,4.346790704999876
0,32.12385615730723,1000,0,max_steps,7.371588193869756,1.427197076000084,astar,False,0,344652,0,8428,1078,0.38149770200016064,0,0.0,0.03363676299977669,0,6,6,A,5507,0.425,False,5.0098073209992435
0,33.9887570482456,1000,0,max_steps,3.906764966055674,1.176143669999874,astar,False,0,251390,0,18227,2338,0.3432227660005083,0,0.0,0.0519778990001214,0,4,4,A,5508,0.3625,False,3.816948472999684
0,32.54784555162386,1000,0,max_steps,4.790648442538859,0.9859167189997606,astar,False,0,407936,0,4182,541,0.17918053100038378,0,0.0,0.03158790500037867,0,6,6,A,5509,0.5,False,3.2776877249998506
0,33.94115182410837,1000,0,max_steps,5.512514172317382,1.5016746330002206,astar,False,0,280259,0,381108,47846,0.8833163810004407,0,0.0,0.606738659000257,0,4,4,A,5510,0.425,False,3.3913258539996605
0,33.62270360127803,1000,0,max_steps,2.952170811453834,0.567354007999711,astar,False,0,224417,0,6028,779,0.4735646330000236,0,0.0,0.02307347599980858,0,6,6,A,5511,0.425,False,2.352130451999983
0,32.8270778232502,1000,0,max_steps,6.406368901335605,1.2960035619998962,astar,False,0,387807,0,20906,2665,0.36256778000006307,0,0.0,0.07655081299981248,0,6,6,A,5512,0.4625,False,4.460582921999958
0,33.73984097358437,1000,0,max_steps,6.134151326793297,1.0695703420005884,astar,False,0,375989,0,9996,1294,0.6640976640001099,0,0.0,0.03830870999991021,0,5,5,A,5513,0.4625,False,3.181916869001725
0,33.047421421129556,1000,0,max_steps,6.34628336114926,0.9590028370002983,astar,False,0,411417,0,6421,830,0.6755175279995456,0,0.0,0.03295219399933558,0,6,6,A,5514,0.4,False,3.2375027840007533
0,34.50877694104287,1000,0,max_steps,1.431891231902758,1.1769695820003108,astar,False,0,326538,0,7098,930,0.41930606000005355,0,0.0,0.030400134999581496,0,3,3,A,5515,0.4125,False,1.7250398820006012
0,33.92194382550936,1000,0,max_steps,4.867141101303719,0.7624851500004297,astar,False,0,282590,0,128132,16123,0.4717482080004629,0,0.0,0.21205879300032393,0,5,5,A,5516,0.5125,False,3.1394912819996534
0,33.67452548223665,1000,0,max_steps,6.339484403324925,1.876128079999944,astar,False,0,314867,0,125619,15740,0.5585878259998935,0,0.0,0.22766000800038455,0,4,4,A,5517,0.4875,False,2.9967546550005864
0,33.44465397015344,1000,0,max_steps,7.049490229796758,1.2179194729997107,astar,False,0,412204,0,60993,7744,0.5604214879995197,0,0.0,0.1290690480000194,0,5,5,A,5518,0.45,False,3.3404653210000106
0,33.0256485711234,1000,0,max_steps,6.045788823635835,0.7894362889992408,astar,False,0,337689,0,27161,3454,0.7100338649997866,0,0.0,0.07885331099987525,0,5,5,A,5519,0.4625,False,3.3208291200007807
0,33.559067525629715,1000,0,max_steps,5.641725135098306,0.7842131449997396,astar,False,0,232103,0,19739,2548,0.40123941999991075,0,0.0,0.04312792899963824,0,5,5,A,5520,0.3875,False,2.605270950999511
0,31.77594948121438,1000,0,max_steps,7.795852262581685,1.1128756770003747,astar,False,0,308583,0,5381,680,0.26233945100011624,0,0.0,0.027642635999654885,0,7,7,A,5521,0.4875,False,4.299321471999974
0,32.90927704061527,1000,0,max_steps,7.6243237405031525,0.9876514229999884,astar,False,0,406772,0,11619,1497,0.8111448769996059,0,0.0,0.039178628000627214,0,6,6,A,5522,0.5125,False,3.8705115379989365
0,33.57898325099983,1000,0,max_steps,4.899904335800851,0.7298930340002698,astar,False,0,335627,0,3775,491,0.1105491369999072,0,0.0,0.026313683999433124,0,6,6,A,5523,0.4375,False,2.3956794729992907
0,33.960719586352845,1000,0,max_steps,4.030547419396028,1.2142812780002714,astar,False,0,373398,0,8335,1063,1.0704454039996563,0,0.0,0.057523302999470616,0,3,3,A,5524,0.425,False,2.503361531000337
0,33.68377473375059,1000,0,max_steps,5.245742321159131,0.7958948410005178,astar,False,0,331064,0,77291,9719,0.6476374149997355,0,0.0,0.14291772800061153,0,5,5,A,5525,0.3375,False,3.7054890260005777
0,31.494387460558833,1000,0,max_steps,8.33915838079599,0.8940944039995884,astar,False,0,486753,0,128118,16113,0.5044556920001924,0,0.0,0.22623394799938978,0,8,8,A,5526,0.475,False,4.868689543997789
0,33.738787895653175,1000,0,max_steps,3.906764966055674,0.9751153199995315,astar,False,0,290125,0,4253,550,0.2148062469996148,0,0.0,0.025890930000059598,0,5,5,A,5527,0.5,False,2.908912515999873
0,32.946710642610036,1000,0,max_steps,5.788917213089161,1.0186731200001304,astar,False,0,383833,0,5675,746,0.1659925910007587,0,0.0,0.008569947000069078,0,5,5,A,5528,0.425,False,3.1254737969993585
0,33.89767591140877,1000,0,max_steps,6.688259302688554,1.0429153129998667,astar,False,0,247113,0,10415,1343,0.3336715039995397,0,0.0,0.026739601000372204,0,4,4,A,5529,0.4125,False,2.30022368399932
0,34.08174470280883,1000,0,max_steps,2.504059204571647,0.8269267180003226,astar,False,0,206061,0,138490,17314,0.2656232359995556,0,0.0,0.2225136739998561,0,5,5,A,5530,0.475,False,2.3389086950001
0,31.076640468779036,1000,0,max_steps,9.316198929821109,1.3038231640002778,astar,False,0,371238,0,8299,1058,0.16980910700021923,0,0.0,0.03473503100030939,0,8,8,A,5531,0.4625,False,5.202131500001087
0,33.73509316367222,1000,0,max_steps,4.543298636453472,1.3931864559999667,astar,False,0,369513,0,4037,527,0.2441320430007181,0,0.0,0.027827384000374877,0,5,5,A,5532,0.425,False,3.951270687000033
0,33.29098186809846,1000,0,max_steps,4.89671445971684,1.1191362920008032,astar,False,0,452763,0,8114,1054,0.9773992700002054,0,0.0,0.037181712000347034,0,5,5,A,5533,0.4625,False,4.271051312000964
0,31.503242992656986,1000,0,max_steps,7.265522176691775,0.9134098269996684,astar,False,0,378353,0,4513,578,0.5208110519997717,0,0.0,0.03107780600021215,0,6,6,A,5534,0.5,False,3.228945212000326
0,32.25363434766919,1000,0,max_steps,6.363985582950354,0.8076421149999078,astar,False,0,356203,0,10304,1327,0.5145497439998508,0,0.0,0.05837444600001618,0,5,5,A,5535,0.4875,False,2.4500058580006225
0,33.3919900552917,1000,0,max_steps,4.492945859900828,0.5483151859998543,astar,False,0,189888,0,67911,8630,0.25485216200013383,0,0.0,0.11127751000003627,0,5,5,A,5536,0.4125,False,1.7471497910000835
0,32.29872981082497,1000,0,max_steps,6.257919981910921,0.9125457760001154,astar,False,0,255613,0,11598,1514,0.42275766000057047,0,0.0,0.030956966999838187,0,6,6,A,5537,0.5375,False,3.206848025999534
0,33.63668556068236,1000,0,max_steps,4.774181867084661,0.9448659049994603,astar,False,0,397658,0,3136,408,0.3071489889998702,0,0.0,0.027476715000375407,0,6,6,A,5538,0.4375,False,2.472945260000415
0,32.44502307300105,1000,0,max_steps,7.5491100468863195,1.1818307710000227,astar,False,0,437954,0,14014,1825,0.8246549949999462,0,0.0,0.04722960199978843,0,6,6,A,5539,0.5125,False,5.167732371998682
0,33.48939714757421,1000,0,max_steps,4.0226312905857995,0.8219448019999618,astar,False,0,263963,0,38532,4889,0.7352456809994692,0,0.0,0.08591584699934174,0,5,5,A,5540,0.3875,False,2.1974654799996642
0,32.74353213234815,1000,0,max_steps,4.8260037815981836,0.9653390930006935,astar,False,0,309569,0,11649,1505,0.525082705999921,0,0.0,0.03711902600025496,0,5,5,A,5541,0.4125,False,2.9785370409999814
0,33.49353164366967,1000,0,max_steps,5.144323327707927,1.2782040239999333,astar,False,0,195004,0,13696,1752,0.5185845109999718,0,0.0,0.03173509600037505,0,4,4,A,5542,0.3625,False,3.2736183939987313
0,32.761893856848225,1000,0,max_steps,6.089771136914752,1.646337541000321,astar,False,0,401362,0,15880,2008,0.5332243419998122,0,0.0,0.06930356299926643,0,3,3,A,5543,0.475,False,2.7233563920008237
0,34.53970933576254,1000,0,max_steps,4.561147059676983,0.8548356210003476,astar,False,0,340935,0,22856,2906,0.18351458899996942,0,0.0,0.07539028399969538,0,5,5,A,5544,0.45,False,2.349041462999594
0,33.0834017910682,1000,0,max_steps,6.045788823635835,0.6078498130000298,astar,False,0,321527,0,4464,582,0.17150302299978648,0,0.0,0.007302781999896979,0,6,6,A,5545,0.4375,False,2.8575593739997203
0,31.655895815220006,1000,0,max_steps,8.502959043768234,1.4485272049996638,astar,False,0,264112,0,8005,1005,0.24283263599954807,0,0.0,0.030554556000424782,0,5,5,A,5546,0.4125,False,4.621136171999751
0,33.83360157027953,1000,0,max_steps,4.737648414561804,1.2999051110000437,astar,False,0,410263,0,8582,1110,0.2722187589997702,0,0.0,0.03765897499943094,0,4,4,A,5547,0.475,False,3.3216631750010492
0,31.904805561532577,1000,0,max_steps,8.520801752182711,1.5822175889998107,astar,False,0,374674,0,7515,945,0.38090813100006926,0,0.0,0.033654615999694215,0,6,6,A,5548,0.4625,False,3.0705854749994614
0,33.897402629997664,1000,0,max_steps,4.189607678530292,1.2616327109999474,astar,False,0,275137,0,6018,791,0.4166453730003923,0,0.0,0.028144079000412603,0,4,4,A,5549,0.4375,False,2.7224393489996146
0,34.53050849171516,1000,0,max_steps,1.184403858487465,0.6812074829995254,astar,False,0,259229,0,7048,906,0.3891314450002028,0,0.0,0.02601519299969368,0,4,4,A,5550,0.4625,False,1.5127274510005009
0,31.87645341137633,1000,0,max_steps,9.461781676830213,1.5433368789999804,astar,False,0,422627,0,56527,7202,0.37069870100003754,0,0.0,0.10181125599956431,0,7,7,A,5551,0.45,False,5.947781251999004
0,32.61764090484156,1000,0,max_steps,7.201584027142915,1.0008564800000386,astar,False,0,380372,0,52325,6654,0.2951998739999908,0,0.0,0.1104719800005114,0,6,6,A,5552,0.375,False,2.8678177329984464
0,33.92077591035734,1000,0,max_steps,3.4826803614457624,0.4826787010006228,astar,False,0,228761,0,9204,1192,0.17348226499962038,0,0.0,0.04330726100033644,0,6,6,A,5553,0.3375,False,1.9172648270014179
0,32.91378343121061,1000,0,max_steps,11.430400802246611,1.3345153849995768,astar,False,0,392136,0,242990,30818,0.40903754200007825,0,0.0,0.3483812869999383,0,5,5,A,5554,0.3875,False,3.942100219999702
0,32.631463493627884,1000,0,max_steps,6.823603336947421,1.0818901839993487,astar,False,0,266513,0,12717,1645,0.28666865800005326,0,0.0,0.04016399200008891,0,6,6,A,5555,0.4625,False,3.716692973998761
0,34.650482071246074,1000,0,max_steps,1.2904698756654462,1.1877112279998983,astar,False,0,299997,0,5572,729,0.4391802709997137,0,0.0,0.02789532099995995,0,3,3,A,5556,0.3125,False,1.7245295459997578
0,33.99890037737626,1000,0,max_steps,2.138998013089305,1.2088861279999037,astar,False,0,339092,0,6095,767,0.360641370999474,0,0.0,0.03039900800013129,0,4,4,A,5557,0.45,False,2.3919137599996247
0,33.76950303652329,1000,0,max_steps,4.262078424900224,0.8320372810003391,astar,False,0,353776,0,13591,1761,0.3902487099994687,0,0.0,0.03844450399992638,0,5,5,A,5558,0.4625,False,2.4161759669996172
0,33.109367427889836,1000,0,max_steps,5.073491155013476,0.7914024660003633,astar,False,0,335480,0,6216,802,0.12476661599976069,0,0.0,0.029062937000162492,0,6,6,A,5559,0.3375,False,2.6375336730006893
0,33.94222864815165,1000,0,max_steps,5.161909772555114,0.9654381139998804,astar,False,0,290616,0,10319,1339,0.9306117820005966,0,0.0,0.03448678599943378,0,5,5,A,5560,0.4625,False,1.898066990001098
0,32.78019167195449,1000,0,max_steps,6.487704717386571,1.7777793900004326,astar,False,0,390315,0,15903,2056,0.5403704419995847,0,0.0,0.06943951199991716,0,6,6,A,5561,0.4625,False,6.250342757000908
0,33.59725086362094,1000,0,max_steps,4.8260037815981836,0.8184839340001417,astar,False,0,280153,0,6025,771,0.7899035399996137,0,0.0,0.02839304700046341,0,4,4,A,5562,0.4125,False,2.1380846100009876
0,33.35124515882854,1000,0,max_steps,8.615556424282762,1.9195563990006121,astar,False,0,299320,0,4703,607,0.7389279080007327,0,0.0,0.026683639999646402,0,4,4,A,5563,0.4125,False,3.6394324690008943
0,32.56684919255146,1000,0,max_steps,7.835516096595038,2.015932297999825,astar,False,0,166612,0,657178,82168,0.14369842899941432,0,0.0,1.0979599140000573,0,4,4,A,5564,0.2625,False,5.215974464000283
0,33.853716389947756,1000,0,max_steps,7.135146284414916,1.6977869800002736,astar,False,0,363960,0,285299,35820,1.269261010000264,0,0.0,0.41866759799995634,0,3,3,A,5565,0.4,False,2.552866476999043
0,32.45428865636086,1000,0,max_steps,7.203493076279034,1.7287361149992648,astar,False,0,426485,0,8914,1141,0.5054783730001873,0,0.0,0.03639885999928083,0,4,4,A,5566,0.5125,False,4.19581756199932
0,32.44075443810506,1000,0,max_steps,6.070033978488091,1.0851761260000785,astar,False,0,393526,0,11449,1484,0.2750909659998797,0,0.0,0.038655336999909196,0,6,6,A,5567,0.3625,False,3.8543484620004165
0,33.316568125739906,1000,0,max_steps,6.753078001918826,1.0536614200000258,astar,False,0,304834,0,5183,673,0.28199109500019404,0,0.0,0.026700096000240592,0,6,6,A,5568,0.4,False,3.368608820999725
0,33.58871549804438,1000,0,max_steps,7.035734680898645,1.2463316490002398,astar,False,0,368353,0,5765,750,0.24984754799970688,0,0.0,0.030511122999996587,0,4,4,A,5569,0.475,False,3.6443741430002774
0,34.30591326147741,1000,0,max_steps,4.80913843635219,1.0176144689994544,astar,False,0,310317,0,3855,503,0.1152808990000267,0,0.0,0.027084442999694147,0,4,4,A,5570,0.325,False,1.7518115349994332
0,32.48190507339279,1000,0,max_steps,5.320978528428769,1.5162556370005404,astar,False,0,360838,0,3735,491,0.4195742500005508,0,0.0,0.029213461999461288,0,6,6,A,5571,0.4625,False,4.791561685000488
0,33.5781410434044,1000,0,max_steps,5.495139898128161,1.122926553999605,astar,False,0,373046,0,6732,875,0.28167525000026217,0,0.0,0.031742676999783725,0,5,5,A,5572,0.4375,False,3.4135328260008464
0,31.87433239430742,1000,0,max_steps,10.399173645054686,1.3169897979996676,astar,False,0,354674,0,204513,25613,0.4259300699995947,0,0.0,0.3270796619999601,0,5,5,A,5573,0.45,False,3.3847548319999987
0,32.907687785278064,1000,0,max_steps,5.038135815954151,1.1395758690005096,astar,False,0,254400,0,10829,1356,0.4819740240000101,0,0.0,0.030091578999417834,0,5,5,A,5574,0.4875,False,3.5084936359990024
0,34.33556962362639,1000,0,max_steps,2.775394116157197,1.078941929999928,astar,False,0,132280,0,343513,43004,0.5560678700003336,0,0.0,0.5026931480006169,0,2,2,A,5575,0.3875,False,1.5113513109999985
0,32.63433935546741,1000,0,max_steps,6.028085309615317,0.9441276620000281,astar,False,0,354209,0,7164,900,0.3788085919995865,0,0.0,0.05617248999988078,0,5,5,A,5576,0.45,False,2.5807654689997435
0,32.40052296076848,1000,0,max_steps,6.911968786098501,0.988747085999421,astar,False,0,391001,0,8096,1042,0.2947663930008275,0,0.0,0.03464643799998157,0,5,5,A,5577,0.375,False,3.8868030080002427
0,34.23023196355159,1000,0,max_steps,3.5709330013317224,1.0905734950001715,astar,False,0,274311,0,9690,1237,0.5278676999996605,0,0.0,0.0336267399998178,0,4,4,A,5578,0.425,False,3.5483867480006666
0,34.56737039631396,1000,0,max_steps,3.6183991626132124,0.9554795320000267,astar,False,0,201366,0,222323,27816,0.5982546069999444,0,0.0,0.34515735000059067,0,4,4,A,5579,0.45,False,2.4686991260005016
0,33.34068165741959,1000,0,max_steps,6.202947887899753,0.8990524280006866,astar,False,0,338381,0,15915,2016,0.15540341999985685,0,0.0,0.04175869899972895,0,6,6,A,5580,0.4375,False,2.76039089599999
0,32.805302407076155,1000,0,max_steps,6.773131661203698,1.1392712859997118,astar,False,0,412878,0,123451,15552,0.9265026189996206,0,0.0,0.209828584999741,0,6,6,A,5581,0.4125,False,3.6317269250002937
0,31.939273601386063,1000,0,max_steps,7.159543456115059,0.9864276829994196,astar,False,0,369649,0,23529,3008,0.29908946300020034,0,0.0,0.07808011699944473,0,6,6,A,5582,0.4625,False,3.5899052949998804
0,32.29199385348106,1000,0,max_steps,7.2228154136735325,1.1870092959998146,astar,False,0,370622,0,251679,31543,0.7864052880004238,0,0.0,0.3898505130000558,0,5,5,A,5583,0.475,False,3.3606378460008273
0,32.60470866103719,1000,0,max_steps,5.113248722681107,1.1400116519998846,astar,False,0,343460,0,150410,18899,0.8945780980002382,0,0.0,0.24128738600029465,0,6,6,A,5584,0.4375,False,3.5876337979998425
0,33.148062143769025,1000,0,max_steps,6.80590276892052,0.8781842309999774,astar,False,0,312668,0,8220,1061,0.3956452949996674,0,0.0,0.0316541430001962,0,5,5,A,5585,0.45,False,3.2144252639991464
0,33.2705487527032,1000,0,max_steps,4.437095051945585,0.6603964810001344,astar,False,0,234569,0,3420,435,0.533024034999471,0,0.0,0.01778416399974958,0,5,5,A,5586,0.375,False,2.2419546980008818
0,33.913724716600704,1000,0,max_steps,4.879068814845717,0.8443822949993773,astar,False,0,325526,0,6524,824,0.8145063950005351,0,0.0,0.029651246999492287,0,5,5,A,5587,0.4375,False,3.1056691119993047
0,32.42512687595906,1000,0,max_steps,9.462772453145007,1.181965188000504,astar,False,0,379195,0,189919,23846,0.8791791920002652,0,0.0,0.29562998800065543,0,6,6,A,5588,0.45,False,4.001607298000636
0,33.52281724240183,1000,0,max_steps,4.224963017589618,0.7915986990001329,astar,False,0,353386,0,6290,821,0.4855424420002237,0,0.0,0.03152001600028598,0,5,5,A,5589,0.4375,False,2.8678102709991435
0,31.655892431045032,1000,0,max_steps,12.675677989756604,2.192623879000166,astar,False,0,361843,0,7446,954,0.31262015699940093,0,0.0,0.034148845999879995,0,6,6,A,5590,0.4375,False,5.9955783800014615
0,33.74562410290712,1000,0,max_steps,4.472590133244941,1.0322714389994871,astar,False,0,497358,0,8313,1076,0.663783532000707,0,0.0,0.039156857000307355,0,6,6,A,5591,0.5125,False,4.155425328998717
0,32.1347171084107,1000,0,max_steps,6.2225647847169885,1.1775605149996409,astar,False,0,367460,0,11334,1455,0.25074461799977144,0,0.0,0.037406803000521904,0,7,7,A,5592,0.425,False,3.4300784140004907
0,33.13821380154578,1000,0,max_steps,5.780597936200024,1.0268676380001125,astar,False,0,321545,0,5737,743,0.35826408799948695,0,0.0,0.030037972000172886,0,6,6,A,5593,0.475,False,3.6481115290007438
0,34.58618453416084,1000,0,max_steps,3.800698948877693,0.688795965999816,astar,False,0,282620,0,6006,783,0.5950188380002146,0,0.0,0.027952462999564887,0,5,5,A,5594,0.5,False,2.153654310001002
0,31.653126245428254,1000,0,max_steps,7.159456159513794,1.6677982900000643,astar,False,0,189690,0,669754,84048,0.5940606770000159,0,0.0,1.0340993970003183,0,3,3,A,5595,0.3625,False,2.608597027000542
0,33.10466585786691,1000,0,max_steps,4.737912251192501,0.9346056450003744,astar,False,0,357244,0,23506,3003,0.24363525199987635,0,0.0,0.05325842799993552,0,5,5,A,5596,0.425,False,2.902555546000258
0,32.15334708863604,1000,0,max_steps,8.964321641931416,1.6704420380001466,astar,False,0,364763,0,4222,552,0.31364049700005125,0,0.0,0.02898325299975113,0,6,6,A,5597,0.45,False,4.8464455179992
0,32.87822826314288,1000,0,max_steps,5.42704454560675,1.0522300490001726,astar,False,0,356623,0,6396,827,0.31257807400015736,0,0.0,0.03111822699975164,0,7,7,A,5598,0.4625,False,4.260953517999951
0,33.55822990483921,1000,0,max_steps,3.3599200139289014,1.1316943989995707,astar,False,0,355343,0,54595,6922,0.6367219939993447,0,0.0,0.1210449760001211,0,4,4,A,5599,0.4625,False,2.360754487000122
0,32.42251519157573,1000,0,max_steps,9.943355193293659,0.9297059450000233,astar,False,0,313607,0,183320,23073,0.2222982299999785,0,0.0,0.2736411659998339,0,7,7,A,5600,0.4125,False,4.928902678999293
0,33.747423088154235,1000,0,max_steps,5.126798464929158,0.897405474000152,astar,False,0,285404,0,3013,394,0.12655761099995289,0,0.0,0.006330270000034943,0,4,4,A,5601,0.45,False,2.5473534940010722
0,32.7757384211441,1000,0,max_steps,4.9679283911908385,1.3289440190001187,astar,False,0,319369,0,4309,566,0.220664055999805,0,0.0,0.025902297000357066,0,5,5,A,5602,0.5125,False,3.5521218970006885
0,32.98166704709338,1000,0,max_steps,5.214912511250788,0.68596928199986,astar,False,0,374502,0,3796,493,0.18716666899945267,0,0.0,0.027694891999999527,0,9,9,A,5603,0.4875,False,4.22993910400146
0,32.04386111246133,1000,0,max_steps,7.805626976739278,1.6843007459992805,astar,False,0,367364,0,39244,4944,0.5723637139999482,0,0.0,0.10355240599983517,0,6,6,A,5604,0.475,False,4.764137003999167
0,34.74260382766496,1000,0,max_steps,2.952170811453834,0.9301831069997206,astar,False,0,343234,0,2929,378,0.34016388500003814,0,0.0,0.026237562000460457,0,5,5,A,5605,0.4375,False,2.1517215249996298
0,32.782367463739604,1000,0,max_steps,6.523443300895623,1.0028550309998536,astar,False,0,281990,0,6749,883,0.3416470209995168,0,0.0,0.029398779000075592,0,6,6,A,5606,0.5,False,1.970963618998212
0,33.3805900086041,1000,0,max_steps,5.04792655453702,1.434233519999907,astar,False,0,221195,0,578331,72363,0.46703625499958434,0,0.0,0.9311933640001371,0,3,3,A,5607,0.35,False,2.960102600999562
0,32.79161904864682,1000,0,max_steps,6.312809398358229,1.085269325999434,astar,False,0,265991,0,96089,12035,0.26470192600027076,0,0.0,0.16195837299983395,0,5,5,A,5608,0.3875,False,4.163466150999739
0,33.60532597715802,1000,0,max_steps,3.7655095936672365,0.8653336279994619,astar,False,0,249626,0,20320,2601,0.3105230679993838,0,0.0,0.05659480299982533,0,4,4,A,5609,0.375,False,2.3721968039990315
0,31.881887692915164,1000,0,max_steps,8.34163128530625,0.8547367680002935,astar,False,0,342288,0,88945,11237,0.2911359440004162,0,0.0,0.16511200700006157,0,6,6,A,5610,0.45,False,3.469912069000202
0,33.291789895551844,1000,0,max_steps,3.9421203051149996,1.115801836999708,astar,False,0,297488,0,2710,344,0.6836094110003614,0,0.0,0.042847665999943274,0,5,5,A,5611,0.425,False,3.262208910001391
0,34.14130935361162,1000,0,max_steps,3.226114148631444,1.0994029849998697,astar,False,0,186725,0,273392,34240,0.4150849730003756,0,0.0,0.40373325000018667,0,3,3,A,5612,0.4375,False,2.587969903999692
0,33.326185633964975,1000,0,max_steps,5.411706061862561,0.662195920999693,astar,False,0,249967,0,5084,667,0.6411649849997048,0,0.0,0.020872123999652104,0,6,6,A,5613,0.325,False,2.0775992279986895
0,33.98293383956642,1000,0,max_steps,3.729988270759037,0.7447528689999672,astar,False,0,275686,0,5052,654,0.37220923000040784,0,0.0,0.02830495800026256,0,5,5,A,5614,0.3625,False,2.6378944440011765
0,33.44226869618634,1000,0,max_steps,3.97747564417433,0.6448928230001911,astar,False,0,289027,0,17095,2215,0.4602431950006576,0,0.0,0.04374852799992368,0,6,6,A,5615,0.475,False,2.3864799539996966
0,33.771665029960495,1000,0,max_steps,3.5885669145217256,0.682950952000283,astar,False,0,302739,0,5672,722,0.16691117099981057,0,0.0,0.028534742000374536,0,5,5,A,5616,0.45,False,2.506762136001271
0,33.69899952273354,1000,0,max_steps,5.243597286214872,0.5089951680001832,astar,False,0,206331,0,16334,2069,0.3138837169999533,0,0.0,0.044742111999767076,0,5,5,A,5617,0.4125,False,2.160191372000554
0,34.087776226085666,1000,0,max_steps,5.295192394993782,1.0719068130001688,astar,False,0,143071,0,357328,44772,0.5248041970007762,0,0.0,0.5210364129998197,0,3,3,A,5618,0.4,False,1.7867518009998093
0,32.82276491819538,1000,0,max_steps,5.356333867488095,0.8274420279994956,astar,False,0,417598,0,6955,894,0.2589939230001619,0,0.0,0.034226083000248764,0,7,7,A,5619,0.575,False,3.4557798570003797
0,32.4265572303954,1000,0,max_steps,8.92995310737968,1.3591364399999293,astar,False,0,404152,0,328539,41242,0.4129284970003937,0,0.0,0.4793021409996072,0,6,6,A,5620,0.4,False,4.8599797089991625
0,33.90084960918738,1000,0,max_steps,3.447145558284419,1.203585495999505,astar,False,0,313530,0,3612,469,0.25652336300026946,0,0.0,0.024956716999440687,0,5,5,A,5621,0.4,False,3.1409298029993806
0,32.68023757978422,1000,0,max_steps,7.3008775157511,1.032802151999931,astar,False,0,364801,0,5264,689,0.21215676000065287,0,0.0,0.0310106930000984,0,5,5,A,5622,0.45,False,3.824904777001393
0,32.71908676037702,1000,0,max_steps,8.072968010589411,1.404752245999589,astar,False,0,293208,0,361756,45355,0.8842644389997076,0,0.0,0.5080607849995431,0,3,3,A,5623,0.3,False,2.9323455710000417
0,34.65841783140772,1000,0,max_steps,2.163402990660778,0.9350754930001131,astar,False,0,232964,0,26063,3323,0.872902060999877,0,0.0,0.061539135000202805,0,3,3,A,5624,0.3,False,2.4195133079992956
0,34.14575479314482,1000,0,max_steps,2.7577731052427055,0.7207405119997929,astar,False,0,203385,0,9547,1196,0.5677492740005619,0,0.0,0.026307057999474637,0,4,4,A,5625,0.3875,False,2.5793207609985984
0,34.118723801677106,1000,0,max_steps,4.6141426614269285,0.9665506270002879,astar,False,0,309964,0,16881,2169,0.9248147839998637,0,0.0,0.04139427100017201,0,4,4,A,5626,0.3625,False,2.287311105000299
0,34.22062599110476,1000,0,max_steps,3.429513449456058,1.3278458240001783,astar,False,0,368114,0,10329,1313,0.799875499999871,0,0.0,0.03716215199983708,0,3,3,A,5627,0.375,False,3.2459862329997122
0,34.38386304649973,1000,0,max_steps,5.648146819975554,1.3280843279999317,astar,False,0,298520,0,14806,1902,0.5145131620001848,0,0.0,0.03996567300055176,0,4,4,A,5628,0.4625,False,2.777363058999981
0,34.95090572291637,1000,0,max_steps,3.623922253581056,0.5112976930004152,astar,False,0,240246,0,4895,618,0.26165667199984455,0,0.0,0.02140324599986343,0,5,5,A,5629,0.4375,False,1.4358093290002216
0,33.95957193049569,1000,0,max_steps,3.3764348801657635,0.9737766250000277,astar,False,0,280303,0,4183,542,0.12875677099964378,0,0.0,0.030213904999982333,0,6,6,A,5630,0.3625,False,3.6383151569998518
0,33.3442254815376,1000,0,max_steps,6.672073328433972,1.3550330450007095,astar,False,0,430565,0,26317,3369,0.25061356399965007,0,0.0,0.06241346899969358,0,6,6,A,5631,0.4125,False,3.1857733210017614
0,32.53379963328941,1000,0,max_steps,7.194811498573119,1.4858180689998335,astar,False,0,450639,0,6174,796,1.2526869360008277,0,0.0,0.03351033400031156,0,5,5,A,5632,0.6375,False,4.264458344000559
0,33.03155502362822,1000,0,max_steps,11.518205697937505,1.1345557930008,astar,False,0,389149,0,284964,35848,0.39989740799956053,0,0.0,0.42614452599991637,0,6,6,A,5633,0.475,False,5.476611422001042
0,33.422767929512126,1000,0,max_steps,3.478190980955472,0.6378740520003703,astar,False,0,214636,0,40036,5092,0.24097445300049003,0,0.0,0.07723646500016912,0,5,5,A,5634,0.5,False,2.195823303000907
0,33.326821770389124,1000,0,max_steps,6.238213887003232,0.6755944299993644,astar,False,0,410853,0,7084,917,0.21582925799975783,0,0.0,0.05875298099999782,0,7,7,A,5635,0.475,False,3.464776680999421
0,34.54551382407405,1000,0,max_steps,2.1125369819248108,1.040848601000107,astar,False,0,250565,0,169413,21349,0.7757805100000041,0,0.0,0.2591311139995014,0,4,4,A,5636,0.425,False,2.7325264169994625
0,32.78408566563195,1000,0,max_steps,6.3471696448101955,0.7986162119996152,astar,False,0,435082,0,13833,1781,0.2963862370006609,0,0.0,0.07000454299941339,0,6,6,A,5637,0.4625,False,3.694723379999232
0,32.63284345624555,1000,0,max_steps,7.071620217460777,0.6725675970001248,astar,False,0,308447,0,5301,687,0.15944296799989388,0,0.0,0.027990710999802104,0,6,6,A,5638,0.4125,False,2.5085974560006434
0,33.77925795434613,1000,0,max_steps,4.401739712886254,1.3028558599999087,astar,False,0,362175,0,5546,717,0.3023555130002933,0,0.0,0.030911654000192357,0,5,5,A,5639,0.475,False,2.330180186000689
0,33.746658993306525,1000,0,max_steps,5.020738242529676,1.1387405639998178,astar,False,0,272846,0,176054,22139,0.6436609610000232,0,0.0,0.33804846499970154,0,4,4,A,5640,0.4125,False,3.6631862810008897
0,32.60264865152655,1000,0,max_steps,5.32285755022619,0.9209744290001254,astar,False,0,317067,0,3797,496,0.11292842500006373,0,0.0,0.026390218999949866,0,8,8,A,5641,0.475,False,4.346327203999863
0,32.26148940411826,1000,0,max_steps,9.229114935897156,1.3579675259998112,astar,False,0,446837,0,8726,1126,0.3843829409997852,0,0.0,0.037307350000446604,0,7,7,A,5642,0.4875,False,5.399461644999974
0,31.693015981234474,1000,0,max_steps,8.32648260071442,1.6395184089997201,astar,False,0,427433,0,4099,522,0.4009881629999654,0,0.0,0.030428421000578965,0,6,6,A,5643,0.4875,False,4.269976262000455
0,33.26203464079602,1000,0,max_steps,5.215032358480624,1.1165904989993578,astar,False,0,354162,0,10021,1295,0.8971995740002967,0,0.0,0.03868317099932028,0,4,4,A,5644,0.4,False,3.01666911799839
0,33.64178540906707,1000,0,max_steps,2.59861742086056,0.5806977140000527,astar,False,0,208873,0,10875,1399,0.21546222100005252,0,0.0,0.028338416000224242,0,5,5,A,5645,0.4,False,1.7588837149996834
0,33.72015495308253,1000,0,max_steps,5.497755223725406,1.0215049530006581,astar,False,0,246641,0,5048,643,0.3461338799997975,0,0.0,0.021046755000497797,0,4,4,A,5646,0.4375,False,2.5154776150011458
0,33.95622691714576,1000,0,max_steps,3.8360542879370185,1.2131242889990972,astar,False,0,362905,0,2982,389,0.14431299900024896,0,0.0,0.02589901299961639,0,5,5,A,5647,0.425,False,4.167178735999187
0,33.946616313270866,1000,0,max_steps,2.492551403682579,1.454686287000186,astar,False,0,328872,0,7052,908,0.24329907900028047,0,0.0,0.03168557899971347,0,3,3,A,5648,0.5,False,2.045595103000778
0,33.32466676145669,1000,0,max_steps,5.295192394993784,0.827153694000117,astar,False,0,227139,0,151781,19123,0.5647647360001429,0,0.0,0.22371112700056983,0,5,5,A,5649,0.4375,False,2.6615464779997637
0,32.66546703082023,1000,0,max_steps,6.911968786098501,1.1609718949994203,astar,False,0,337970,0,6988,885,0.40268589300012536,0,0.0,0.03213415600021108,0,5,5,A,5650,0.475,False,4.212440593998508
0,32.887321325777606,1000,0,max_steps,3.8714096269963436,1.0524283630002174,astar,False,0,339126,0,3150,403,0.35857562399996823,0,0.0,0.026542331999735325,0,6,6,A,5651,0.4375,False,3.8607525469988104
0,33.08306578889708,1000,0,max_steps,4.31338758981847,0.9108184209999308,astar,False,0,393282,0,3975,518,0.14802470300037385,0,0.0,0.006041695999556396,0,7,7,A,5652,0.4625,False,4.235341358998994
0,33.57117426246063,1000,0,max_steps,5.798841479123221,1.1335046499998498,astar,False,0,348446,0,93824,11733,0.8377747490003458,0,0.0,0.19788600399988354,0,5,5,A,5653,0.4,False,4.107640874000026
0,33.965909722466456,1000,0,max_steps,2.5632620818012346,1.1504823929999475,astar,False,0,339142,0,6976,922,0.3512920760003908,0,0.0,0.03138262199991004,0,5,5,A,5654,0.4625,False,2.4897716969999237
0,33.84530164629121,1000,0,max_steps,4.679376293909261,0.7250180110004294,astar,False,0,265927,0,56474,7211,0.40209022399994865,0,0.0,0.10586188200068136,0,4,4,A,5655,0.3875,False,1.9372113439994791
0,33.15784366458469,1000,0,max_steps,5.376017345582134,0.9742010089994437,astar,False,0,380046,0,9171,1186,0.32625080900015746,0,0.0,0.03574333899996418,0,6,6,A,5656,0.5,False,3.391260952999801
0,33.77183727250378,1000,0,max_steps,4.473009333770719,0.8307976779997261,astar,False,0,134801,0,149102,18742,0.2770777449995876,0,0.0,0.2246900279997135,0,4,4,A,5657,0.375,False,2.2315763349997724
0,32.91434901674573,1000,0,max_steps,6.3466772802782385,0.9157078400003229,astar,False,0,378000,0,7274,938,0.15966925199973048,0,0.0,0.03307915499954106,0,6,6,A,5658,0.45,False,2.6854283950015088
0,33.50061598239589,1000,0,max_steps,3.341079541106433,0.6516994510002405,astar,False,0,274617,0,8801,1147,0.6030550069999663,0,0.0,0.04845395099982852,0,5,5,A,5659,0.3375,False,2.1661812090005697
0,32.1558639160055,1000,0,max_steps,8.11274075143536,0.8267455430004702,astar,False,0,255467,0,258827,32412,0.2319684390004113,0,0.0,0.38431819300058123,0,5,5,A,5660,0.475,False,2.8458785299999363
0,34.05815869201464,1000,0,max_steps,4.202714896349737,0.9684669700000086,astar,False,0,289137,0,163625,20514,0.6396481470001163,0,0.0,0.26954965599998104,0,3,3,A,5661,0.4875,False,2.823230045000855
0,33.747640676382204,1000,0,max_steps,5.245384876250737,1.1906831090000196,astar,False,0,311785,0,160241,20235,0.9418231560002823,0,0.0,0.24397167400002218,0,4,4,A,5662,0.45,False,3.3881080449991714
0,33.76401883684196,1000,0,max_steps,4.649227086301547,0.548701648000133,astar,False,0,274777,0,16282,2093,0.25662704299975303,0,0.0,0.059612308999930974,0,6,6,A,5663,0.375,False,2.26196308300041
0,33.31226322309496,1000,0,max_steps,5.492750904601443,1.07116038499953,astar,False,0,305209,0,49933,6309,0.3197298810000575,0,0.0,0.10616422699968098,0,6,6,A,5664,0.4375,False,4.636239360998843
0,32.776245013474586,1000,0,max_steps,7.240618930726845,1.75520714600043,astar,False,0,367990,0,143451,17993,0.9228122439999424,0,0.0,0.22881529100050102,0,5,5,A,5665,0.4875,False,5.478415345999565
0,32.72355032437703,1000,0,max_steps,12.482500250350487,1.7747039149999182,astar,False,0,375090,0,166035,20930,0.4955343649999122,0,0.0,0.2950241680000545,0,5,5,A,5666,0.5,False,4.41526003799936
0,33.42875664718395,1000,0,max_steps,3.8714096269963436,1.1024791339996227,astar,False,0,295081,0,4705,612,0.3673211879995506,0,0.0,0.04552636100015661,0,7,7,A,5667,0.4125,False,3.007457148000867
0,32.56781464736426,1000,0,max_steps,8.003924818487489,1.4802149639999698,astar,False,0,463764,0,9583,1240,0.4370914549999725,0,0.0,0.039573281000230054,0,5,5,A,5668,0.5375,False,4.68604758299989
0,33.57002012655138,1000,0,max_steps,5.6745319190220425,0.9514086030003455,astar,False,0,447002,0,3890,507,0.7101937520001229,0,0.0,0.03084231600041676,0,5,5,A,5669,0.425,False,3.3052557249993697
0,33.36915932998725,1000,0,max_steps,4.067592961445377,0.8474377459997413,astar,False,0,307239,0,70351,8944,0.6040831170003003,0,0.0,0.13743516600061412,0,5,5,A,5670,0.4125,False,2.4249429299998155
0,31.918506423482917,1000,0,max_steps,9.708195635647233,1.2886140989994601,astar,False,0,293220,0,109110,13706,0.3132313260002775,0,0.0,0.1812012810005399,0,6,6,A,5671,0.425,False,4.001464069998292
0,33.589639654345234,1000,0,max_steps,5.214912511250788,1.4864972280001894,astar,False,0,359174,0,7734,1002,0.38834604100065917,0,0.0,0.056697377000091365,0,5,5,A,5672,0.4875,False,4.852461929999663
0,32.962574110542874,1000,0,max_steps,5.552167369595406,1.025548465000611,astar,False,0,355350,0,10007,1288,0.4911742160002177,0,0.0,0.03609957799926633,0,5,5,A,5673,0.4,False,3.2775232380008674
0,32.976380416374404,1000,0,max_steps,3.4825008973437446,1.3038951409998845,astar,False,0,362704,0,6199,803,0.3480770180003674,0,0.0,0.0520121770005062,0,6,6,A,5674,0.5,False,2.9787814259998413
0,32.18998173858148,1000,0,max_steps,7.439947076424668,2.1134525320003377,astar,False,0,392335,0,22019,2798,0.44422597599987057,0,0.0,0.05346809000002395,0,5,5,A,5675,0.475,False,4.437515934999283
0,33.34071226393591,1000,0,max_steps,5.5628511125141555,0.836200552000264,astar,False,0,253716,0,9488,1229,0.26993263800068235,0,0.0,0.029529004000323766,0,6,6,A,5676,0.4125,False,3.1945594460012217
0,33.20040872865275,1000,0,max_steps,6.223769958795069,1.0892151030002424,astar,False,0,407577,0,4783,625,0.4695226029998594,0,0.0,0.03012747100001434,0,6,6,A,5677,0.5375,False,3.100428782000563
0,33.90763401521194,1000,0,max_steps,5.4839823577396745,1.1788570609996896,astar,False,0,376009,0,256876,32265,0.7004991470003006,0,0.0,0.38268712400076765,0,4,4,A,5678,0.475,False,3.073414340999989
0,34.28188764157506,1000,0,max_steps,4.1542523394709665,0.7996818639994672,astar,False,0,361533,0,3992,509,0.7709589559999586,0,0.0,0.028557337999700394,0,5,5,A,5679,0.425,False,2.8235939479982335
0,32.60775159980522,1000,0,max_steps,11.621598964858492,1.2957317990003503,astar,False,0,406501,0,243004,30621,0.4559675890004655,0,0.0,0.36156757500066306,0,7,7,A,5680,0.5375,False,4.89165950899951
0,34.25739107138126,1000,0,max_steps,5.632966580763638,0.6784107499997845,astar,False,0,95865,0,194956,24440,0.3667424029999893,0,0.0,0.3013336390004042,0,3,3,A,5681,0.4125,False,1.2420790890009812
0,32.96353222981324,1000,0,max_steps,4.863287211341725,1.0980282219998116,astar,False,0,364237,0,37607,4770,0.6745843600001535,0,0.0,0.0724424039999576,0,5,5,A,5682,0.5,False,3.80665464699905
0,31.708537294690768,1000,0,max_steps,8.212509512932085,1.0699049419999938,astar,False,0,335385,0,26265,3297,0.38778036500025337,0,0.0,0.05610771599913278,0,6,6,A,5683,0.3625,False,3.363090525002008
0,32.47268368399783,1000,0,max_steps,7.604131278456467,0.702627972999835,astar,False,0,296816,0,72332,9133,0.3216201710001769,0,0.0,0.13367031999950996,0,5,5,A,5684,0.3625,False,2.50564133700027
0,32.69773153455822,1000,0,max_steps,10.655353701309027,1.4095238030004111,astar,False,0,268024,0,13738,1759,0.42424327400021866,0,0.0,0.03768258899981447,0,6,6,A,5685,0.4625,False,3.8588192480001453
0,33.52003346959509,1000,0,max_steps,4.847583160710086,0.9968329369994535,astar,False,0,298482,0,2790,364,0.15521433499998238,0,0.0,0.024226782000368985,0,5,5,A,5686,0.5,False,2.3844192459991973
0,33.122089183613454,1000,0,max_steps,3.8894488684131048,0.8511245520003285,astar,False,0,266829,0,7011,907,0.11036228899956768,0,0.0,0.009562057000039204,0,5,5,A,5687,0.3625,False,1.883903773999009
0,31.104453467698722,1000,0,max_steps,9.192133185501609,0.8763337970003704,astar,False,0,326538,0,51484,6532,0.7659795019999365,0,0.0,0.10924905400042917,0,6,6,A,5688,0.4375,False,2.9318175999987943
0,33.02254824209195,1000,0,max_steps,6.478449853167033,0.9989070520005043,astar,False,0,371056,0,3698,475,0.36206698000023607,0,0.0,0.028719120000459952,0,8,8,A,5689,0.45,False,3.812809391999508
0,32.76828210205899,1000,0,max_steps,8.46752989365848,0.8935198590006621,astar,False,0,269871,0,176990,22231,0.17764399200041225,0,0.0,0.27240360299947497,0,5,5,A,5690,0.35,False,2.9775433270006033
0,33.43595798913665,1000,0,max_steps,5.137636859490944,0.8391075230001661,astar,False,0,305825,0,191128,24113,0.5501891049998449,0,0.0,0.2843669639996733,0,5,5,A,5691,0.4,False,3.144510705999892
0,33.97355181081742,1000,0,max_steps,4.874967948612583,1.2144183350001185,astar,False,0,304917,0,33928,4311,0.2941081449998819,0,0.0,0.08345214699966164,0,4,4,A,5692,0.375,False,2.8440045249999457
0,33.795161844404866,1000,0,max_steps,4.189607678530292,0.9726374709998709,astar,False,0,236599,0,5217,655,0.6132225350002045,0,0.0,0.0223120230002678,0,4,4,A,5693,0.3375,False,2.2467562909987464
0,33.88560101616761,1000,0,max_steps,3.9951924234009044,1.5425459200005207,astar,False,0,419217,0,8613,1111,0.5347363920000134,0,0.0,0.03630820099988341,0,4,4,A,5694,0.4375,False,2.770450232001167
0,34.00715052533515,1000,0,max_steps,5.568465901844061,0.9897338560003845,astar,False,0,458843,0,2687,357,0.4799893940007678,0,0.0,0.031087454999578767,0,7,7,A,5695,0.525,False,3.777738930000851
0,33.19148290425274,1000,0,max_steps,5.428771730327218,1.5481652170001325,astar,False,0,311684,0,84511,10671,0.469425489999594,0,0.0,0.1585600959997464,0,4,4,A,5696,0.4,False,3.7883095400002276
0,32.45695706748581,1000,0,max_steps,5.6391765799627125,0.9857904469999994,astar,False,0,431006,0,3713,471,0.155709475000549,0,0.0,0.031181002000266744,0,8,8,A,5697,0.55,False,4.448736092999752
0,33.6608161205132,1000,0,max_steps,6.664481412683208,1.0226234729998396,astar,False,0,307643,0,4569,581,0.6460543149996738,0,0.0,0.02869288100009726,0,5,5,A,5698,0.4,False,3.4514317840012154
0,34.91808986942943,1000,0,max_steps,2.987526150513159,0.5291923240001779,astar,False,0,206000,0,8790,1114,0.5017449110000598,0,0.0,0.027110536000691354,0,4,4,A,5699,0.4375,False,1.559561985000073
0,33.72701711247506,1000,0,max_steps,7.50360330108142,1.388018562999605,astar,False,0,376596,0,67558,8489,0.41570304700053384,0,0.0,0.13319874799981335,0,5,5,A,5700,0.4375,False,2.940839682999467
0,31.424368360896043,1000,0,max_steps,7.795932433006326,1.8787090819996592,astar,False,0,359606,0,17556,2249,0.24143666899999516,0,0.0,0.0705714830000943,0,4,4,A,5701,0.375,False,3.5523040879998007
0,32.367818484573434,1000,0,max_steps,7.7458254886099756,0.7173233219991744,astar,False,0,353184,0,10267,1330,0.4864999869996609,0,0.0,0.05814408700007334,0,6,6,A,5702,0.4625,False,3.5945043589990746
0,32.10708769282676,1000,0,max_steps,8.347847776522999,1.214100896000673,astar,False,0,313072,0,88734,11213,0.44159023399970465,0,0.0,0.1568342959999427,0,5,5,A,5703,0.475,False,3.7515347340004155
0,33.7998368201822,1000,0,max_steps,6.80590276892052,1.362132138000561,astar,False,0,333112,0,2455,320,0.390408722999382,0,0.0,0.024406698999882792,0,5,5,A,5704,0.4125,False,3.789964500001588
0,33.384764992912025,1000,0,max_steps,6.889416702450213,1.148236213999553,astar,False,0,355409,0,82361,10396,0.5235939630001667,0,0.0,0.15061300799970923,0,5,5,A,5705,0.4375,False,3.832396744998732
0,33.360870276133134,1000,0,max_steps,4.1366124425669835,0.7735677290002059,astar,False,0,323062,0,7394,956,0.6199137389994576,0,0.0,0.030749427000046126,0,6,6,A,5706,0.4,False,2.7130502310010343
0,33.770641234843225,1000,0,max_steps,3.4825008973437446,1.1243910889998006,astar,False,0,316493,0,3536,443,0.4552962939997087,0,0.0,0.025774024999918765,0,4,4,A,5707,0.4125,False,2.5604858639999293
0,33.939069193172784,1000,0,max_steps,3.5180338969373204,0.5460047739998117,astar,False,0,140881,0,19582,2532,0.1333896400001322,0,0.0,0.03597257699948386,0,3,3,A,5708,0.375,False,0.777484665000884
0,34.45416916394418,1000,0,max_steps,3.3764348801657635,1.1669782540002416,astar,False,0,378478,0,7474,963,1.110096250999959,0,0.0,0.0566371610002534,0,4,4,A,5709,0.475,False,2.1547294050005803
0,33.40693758455027,1000,0,max_steps,5.563188159679662,0.8283887549996507,astar,False,0,407319,0,3609,473,0.37194013699991046,0,0.0,0.028850240000792837,0,6,6,A,5710,0.525,False,3.366022540999438
0,33.062753925476144,1000,0,max_steps,6.576116825300473,0.9866994949998116,astar,False,0,406149,0,4845,621,0.23146049000024504,0,0.0,0.031877139000243915,0,6,6,A,5711,0.4125,False,3.860208793000311
0,33.10683251627535,1000,0,max_steps,6.775069187838597,0.8364424990004409,astar,False,0,261484,0,16460,2077,0.4250822829999379,0,0.0,0.03735579000021971,0,5,5,A,5712,0.4625,False,3.0161475570012044
0,32.01814049448247,1000,0,max_steps,7.318576535092052,1.5428855929994825,astar,False,0,339135,0,13232,1734,0.5324356169994644,0,0.0,0.04036699999960547,0,6,6,A,5713,0.475,False,4.366557225998804
0,32.78275338189358,1000,0,max_steps,6.7175376813234156,1.1633829070005959,astar,False,0,334529,0,7926,1009,0.4213692479997917,0,0.0,0.03293034600028477,0,5,5,A,5714,0.475,False,2.872065061000285
0,32.64085863665423,1000,0,max_steps,6.293473802281214,0.9282603749998088,astar,False,0,290171,0,14048,1809,0.3473449110006186,0,0.0,0.03789561000030517,0,6,6,A,5715,0.45,False,3.2098659349994705
0,32.68048306655895,1000,0,max_steps,6.735192090801864,0.8692875890001233,astar,False,0,302547,0,4709,601,0.5536912480001774,0,0.0,0.04823122899961163,0,6,6,A,5716,0.4125,False,2.9626319439994404
0,32.82694607316281,1000,0,max_steps,5.689381556900537,1.4964400669996394,astar,False,0,357970,0,119614,15049,1.2917773179997312,0,0.0,0.2018590679999761,0,4,4,A,5717,0.475,False,3.1002445719996103
0,32.18792221011006,1000,0,max_steps,7.548364889166393,1.3531019199999719,astar,False,0,364519,0,6569,848,0.22690747599972383,0,0.0,0.032198502000028384,0,6,6,A,5718,0.45,False,4.013057625999863
0,33.20544220826694,1000,0,max_steps,7.14363790375744,1.4708470359992134,astar,False,0,327887,0,66519,8357,0.8689674059996833,0,0.0,0.128238529000555,0,4,4,A,5719,0.525,False,4.115667228998973
0,32.82277784921735,1000,0,max_steps,7.477737792942461,1.1482251919996997,astar,False,0,364575,0,6688,854,0.22339356199972826,0,0.0,0.030998182999610435,0,7,7,A,5720,0.475,False,3.778416175999155
0,32.780089219019345,1000,0,max_steps,6.16707487387659,1.6088348350003798,astar,False,0,445685,0,183090,22972,0.31372129499959556,0,0.0,0.2893657869999515,0,5,5,A,5721,0.475,False,3.7313717629995153
0,33.95640155622705,1000,0,max_steps,4.755293103479528,0.9774898959994971,astar,False,0,395111,0,3198,420,0.24137507300019934,0,0.0,0.027911588000279153,0,5,5,A,5722,0.475,False,2.9908309029997326
0,33.280085382565815,1000,0,max_steps,4.3665275105053425,0.7175383269996018,astar,False,0,333499,0,8471,1097,0.24055481699997472,0,0.0,0.031860250999670825,0,5,5,A,5723,0.3875,False,2.2068201709998903
0,34.26620643318218,1000,0,max_steps,3.3764348801657635,0.8373942960006389,astar,False,0,302950,0,2155,284,0.8142527970003357,0,0.0,0.023034865999761678,0,5,5,A,5724,0.325,False,1.7922405270001036
0,32.512420730515295,1000,0,max_steps,6.093362167145489,0.9504559500001051,astar,False,0,350239,0,10066,1302,0.2009456069999942,0,0.0,0.01348776699978771,0,6,6,A,5725,0.3875,False,2.764817205000327
0,33.223580418525856,1000,0,max_steps,5.5574555778701455,1.3430703789999825,astar,False,0,427790,0,141928,17874,0.43361120200006553,0,0.0,0.2143527489997723,0,5,5,A,5726,0.475,False,4.380307726000865
0,33.66665578210294,1000,0,max_steps,4.548248289176833,0.9207112039994172,astar,False,0,280050,0,71604,9031,0.4209825979996822,0,0.0,0.12844123700051568,0,3,3,A,5727,0.3125,False,1.862126373999672
0,33.605576213126454,1000,0,max_steps,4.684582425360877,1.0990872169995782,astar,False,0,381162,0,5093,662,0.6529821289996107,0,0.0,0.030140343000311987,0,5,5,A,5728,0.5125,False,4.484123832000478
0,33.42798283379863,1000,0,max_steps,9.974357748747536,0.6769649230000141,astar,False,0,287239,0,61816,7888,0.31843672699960734,0,0.0,0.11762195299979794,0,5,5,A,5729,0.4625,False,2.02747837500101
0,33.61435480981855,1000,0,max_steps,5.0669579137782454,0.7167276739992303,astar,False,0,229988,0,10782,1403,0.21082299800036708,0,0.0,0.027966618000391463,0,4,4,A,5730,0.375,False,1.8174236779996136
0,33.35373867119776,1000,0,max_steps,4.475942638148972,1.1745940669998163,astar,False,0,364185,0,23164,2939,0.19105278799997905,0,0.0,0.053388674999951036,0,5,5,A,5731,0.5,False,2.798662868000065
0,32.69807562676044,1000,0,max_steps,7.937273618818992,1.5623909300002197,astar,False,0,472095,0,6689,850,0.21789841000008892,0,0.0,0.037277655999787385,0,5,5,A,5732,0.525,False,3.9761089129997345
0,32.37019668125484,1000,0,max_steps,7.161638255315609,1.0103915620002226,astar,False,0,398103,0,9841,1264,0.9395236259997546,0,0.0,0.03667509000024438,0,6,6,A,5733,0.4125,False,4.457862641000247
0,33.50209719654953,1000,0,max_steps,4.809918138596539,0.9163716759994713,astar,False,0,364694,0,157503,19772,0.6611583619996964,0,0.0,0.25082311400001345,0,5,5,A,5734,0.375,False,3.963582123001288
0,31.95741993812237,1000,0,max_steps,6.793402130008199,1.111635729000227,astar,False,0,382878,0,24887,3199,0.5611392709997745,0,0.0,0.054887233000044944,0,6,6,A,5735,0.5375,False,3.9149082419999104
0,33.77287479187741,1000,0,max_steps,5.940354576959189,1.03293950600073,astar,False,0,377469,0,12466,1580,0.6684452540002894,0,0.0,0.039394911999806936,0,5,5,A,5736,0.4125,False,2.9657212380016063
0,34.128287648727,1000,0,max_steps,3.729988270759037,1.1979191810005432,astar,False,0,295155,0,1851,243,0.175005136999971,0,0.0,0.024285080000481685,0,5,5,A,5737,0.425,False,2.713993184998799
0,34.02895291197774,1000,0,max_steps,4.876890659016252,1.1533696529995723,astar,False,0,338699,0,62887,7956,1.0169402740002624,0,0.0,0.13360065500000928,0,3,3,A,5738,0.4,False,2.3898029289994156
0,32.6072193621295,1000,0,max_steps,6.514527035787014,1.522321801999169,astar,False,0,366655,0,35094,4462,0.22372304600048665,0,0.0,0.09439857300003496,0,5,5,A,5739,0.375,False,3.7342334129989467
0,32.806173483328024,1000,0,max_steps,10.689612364346987,2.0985073129995726,astar,False,0,313490,0,19687,2510,0.3578436589996272,0,0.0,0.06717687500076863,0,4,4,A,5740,0.4125,False,3.5942538230001446
0,32.55419055959944,1000,0,max_steps,6.947414087270169,0.7669821970002886,astar,False,0,322720,0,12889,1657,0.30313970200040785,0,0.0,0.03767809600049077,0,5,5,A,5741,0.4125,False,2.239217359000577
0,31.874945387057764,1000,0,max_steps,8.14940565317496,1.2904779150003378,astar,False,0,381338,0,3979,523,0.2383837389998007,0,0.0,0.029389362999609148,0,7,7,A,5742,0.475,False,5.022700269000779
0,32.71813167870354,1000,0,max_steps,7.196982874788571,0.6412807239994436,astar,False,0,351138,0,3719,471,0.18690621899986581,0,0.0,0.027751396999519784,0,7,7,A,5743,0.4875,False,2.6814858660000027
0,32.11275400451708,1000,0,max_steps,7.38302529455236,1.425814163000723,astar,False,0,447776,0,185710,23346,1.121899509999821,0,0.0,0.29918725500010623,0,6,6,A,5744,0.45,False,4.7372384410009545
0,32.93031889190543,1000,0,max_steps,4.04818632229298,1.7038252590000411,astar,False,0,288250,0,7647,980,0.33767986399925576,0,0.0,0.03140902799987089,0,4,4,A,5745,0.4375,False,3.5427910950002115
0,33.10953731189511,1000,0,max_steps,5.42704454560675,0.9600892409998778,astar,False,0,272023,0,5028,653,0.21046003499941435,0,0.0,0.026102285999513697,0,6,6,A,5746,0.4625,False,3.445910363000621
0,34.55793594600758,1000,0,max_steps,1.184403858487465,0.7589186900004279,astar,False,0,183231,0,41378,5201,0.6767111879998993,0,0.0,0.08098775500002375,0,3,3,A,5747,0.2875,False,1.319149362000644
0,32.828677858175865,1000,0,max_steps,7.265608198905302,0.7178674930000852,astar,False,0,304842,0,5994,773,0.14073355500022444,0,0.0,0.028882309999971767,0,7,7,A,5748,0.4875,False,2.76761861399973
0,33.260555792610475,1000,0,max_steps,6.134151326793297,0.9810712210000929,astar,False,0,332499,0,3827,490,0.33310573900052987,0,0.0,0.026439852999828872,0,5,5,A,5749,0.425,False,2.8325218450008833
0,32.79096492500211,1000,0,max_steps,6.081144012437132,1.1871438050002325,astar,False,0,306984,0,6463,835,0.7259117739995418,0,0.0,0.029277786000420747,0,5,5,A,5750,0.4875,False,4.0288802370005214
0,33.300694006756274,1000,0,max_steps,5.603821240903387,1.1205328349997217,astar,False,0,349299,0,5346,689,0.3301976399998239,0,0.0,0.029955277000226488,0,5,5,A,5751,0.475,False,3.6648302609992243
0,31.280253667670884,1000,0,max_steps,10.919377843998253,0.9108383120001236,astar,False,0,321708,0,97772,12248,0.16756219499984581,0,0.0,0.16780268000002252,0,6,6,A,5752,0.3875,False,3.9419683329997497
0,33.052836796093004,1000,0,max_steps,5.427159708355742,1.5020746720001625,astar,False,0,346607,0,6180,802,0.2750751969997509,0,0.0,0.029975493000165443,0,5,5,A,5753,0.3875,False,3.566062537999642
0,34.13096623393056,1000,0,max_steps,3.9579429632070213,1.1671625059998405,astar,False,0,291057,0,72800,9122,0.14923733599971456,0,0.0,0.11709026599965,0,4,4,A,5754,0.4375,False,2.800901800000247
0,31.73957402394164,1000,0,max_steps,10.093392021515855,1.025135814999885,astar,False,0,351267,0,36324,4560,0.32080396299988934,0,0.0,0.09046799399948213,0,6,6,A,5755,0.5,False,3.4709517000010237
0,31.907275054360035,1000,0,max_steps,7.997988028248103,0.8631280700001298,astar,False,0,293971,0,44480,5640,0.3431253549997564,0,0.0,0.09697226200023579,0,6,6,A,5756,0.4625,False,3.4282930300014414
0,30.949172066802998,1000,0,max_steps,10.401096696983444,1.1836097340001288,astar,False,0,345832,0,54996,6889,0.45820880299925193,0,0.0,0.1162740780000604,0,6,6,A,5757,0.45,False,3.4209453680005026
0,34.35606290769232,1000,0,max_steps,4.0128309832336555,0.7649199039997256,astar,False,0,367434,0,2982,385,0.5298218540001471,0,0.0,0.02671304700015753,0,5,5,A,5758,0.4625,False,2.276404151999486
0,33.740371915099516,1000,0,max_steps,6.876613447039171,0.758743697000682,astar,False,0,268291,0,7405,937,0.45483677799984434,0,0.0,0.04731417200036958,0,5,5,A,5759,0.4375,False,2.8117430280008193
0,33.5498035347901,1000,0,max_steps,4.295673695708273,0.7763289999993503,astar,False,0,363337,0,13013,1683,0.22135883800001466,0,0.0,0.060164249999616004,0,5,5,A,5760,0.5,False,2.518318117999115
0,33.16052292715381,1000,0,max_steps,3.97904668230972,1.2542620660005923,astar,False,0,441410,0,79395,10011,0.37480651199985004,0,0.0,0.15410715399957553,0,6,6,A,5761,0.4875,False,3.601863791001051
0,33.655472446714754,1000,0,max_steps,4.6138717472422215,1.3367538319998857,astar,False,0,383832,0,4872,626,0.532618810000713,0,0.0,0.02905625799940026,0,3,3,A,5762,0.375,False,2.0544729890007147
0,33.85712049387498,1000,0,max_steps,3.623922253581056,0.8366315529992789,astar,False,0,307191,0,5470,701,0.36870616499982134,0,0.0,0.04700451200005773,0,6,6,A,5763,0.4125,False,3.146880534000047
0,33.722437046789274,1000,0,max_steps,5.286687289787432,0.9961669770000299,astar,False,0,228986,0,44923,5651,0.7034858830002122,0,0.0,0.08718739699997968,0,3,3,A,5764,0.5,False,2.682584330001191
0,34.32617574540294,1000,0,max_steps,4.7733963275638445,0.9187213329996666,astar,False,0,295884,0,56780,7208,0.716580561000228,0,0.0,0.11089418299980025,0,4,4,A,5765,0.425,False,3.380958479000583
0,33.095223173164015,1000,0,max_steps,5.6203035950026745,1.1183203270002195,astar,False,0,278856,0,50503,6425,0.416655799000182,0,0.0,0.10281001800012746,0,4,4,A,5766,0.45,False,3.318874549001521
0,33.86546864835659,1000,0,max_steps,3.312523584821697,0.8578380460003245,astar,False,0,239726,0,23932,3062,0.19983920999948168,0,0.0,0.058598132000042824,0,4,4,A,5767,0.325,False,2.000880047001374
0,33.976588000577266,1000,0,max_steps,3.8817280301432757,0.6388185750001867,astar,False,0,199970,0,73244,9274,0.519765214000472,0,0.0,0.11771483099983016,0,4,4,A,5768,0.425,False,1.5246920319996207
0,31.562357610863792,1000,0,max_steps,7.428261068379328,1.3255657439995048,astar,False,0,395625,0,10534,1360,0.47229630800029554,0,0.0,0.038412280000557075,0,6,6,A,5769,0.45,False,4.4215917059991625
0,32.782907691858384,1000,0,max_steps,6.487704717386571,0.7924119899998914,astar,False,0,300000,0,10636,1376,0.7253857120003886,0,0.0,0.0558415210007297,0,5,5,A,5770,0.3875,False,3.020550569999614
0,32.75078328674398,1000,0,max_steps,8.081943609058403,1.2433754369994858,astar,False,0,412433,0,60230,7572,0.39300781699967047,0,0.0,0.1284343990000707,0,5,5,A,5771,0.4875,False,3.365020109999932
0,33.87410003919675,1000,0,max_steps,3.6592775926403815,1.225390905000495,astar,False,0,353399,0,2745,357,0.1441661839999142,0,0.0,0.026072952999129484,0,5,5,A,5772,0.4,False,3.8778757489999407
0,33.96221113878817,1000,0,max_steps,4.31338758981847,0.9257213829996545,astar,False,0,284721,0,13381,1725,0.3256803829999626,0,0.0,0.04249443099979544,0,5,5,A,5773,0.325,False,3.548947789999147
0,32.940654723866274,1000,0,max_steps,5.85130861431868,1.219845066999369,astar,False,0,329977,0,2104,275,0.1653065210002751,0,0.0,0.024405434000073,0,7,7,A,5774,0.45,False,3.4707592529994145
0,31.120519343636943,1000,0,max_steps,10.57137940384319,1.5024863839998943,astar,False,0,285278,0,17847,2234,0.1982784210003956,0,0.0,0.06113928800004942,0,5,5,A,5775,0.45,False,3.1262076350003554
0,34.10317955741294,1000,0,max_steps,5.002780476894821,1.0402858869992997,astar,False,0,285010,0,5936,754,0.2065437920000477,0,0.0,0.029503916999601643,0,4,4,A,5776,0.4,False,2.3209754329991483
0,32.30106274286411,1000,0,max_steps,7.0354681791619225,1.0717882460003239,astar,False,0,392948,0,33198,4212,0.2465195530003257,0,0.0,0.06812940999952843,0,6,6,A,5777,0.4375,False,3.2190311579997797
0,33.028071833197885,1000,0,max_steps,5.9397232679645935,0.49014186000022164,astar,False,0,277845,0,6400,823,0.4574370350001118,0,0.0,0.028240466000170272,0,6,6,A,5778,0.4625,False,2.0963628609997613
0,33.84831386321476,1000,0,max_steps,4.861359120657514,0.7294700780003041,astar,False,0,340842,0,9388,1215,0.24586442300005729,0,0.0,0.03480188100002124,0,6,6,A,5779,0.4125,False,3.208697127999585
0,30.071573774953205,1000,0,max_steps,10.565879636831,1.0256627119997574,astar,False,0,369542,0,46402,5831,0.4704128180001135,0,0.0,0.10827486900052463,0,5,5,A,5780,0.5375,False,3.5473802260012235
0,32.71358980071331,1000,0,max_steps,5.88294675311616,0.3619422370002212,astar,False,0,229889,0,18985,2459,0.3117951689991969,0,0.0,0.0498293159998866,0,7,7,A,5781,0.3875,False,1.642986388999816
0,33.190175844008884,1000,0,max_steps,5.61095468703856,1.0694485700005316,astar,False,0,298395,0,29973,3836,0.32417296199946577,0,0.0,0.06665961999988212,0,4,4,A,5782,0.45,False,2.682465145000606
0,33.297287058545244,1000,0,max_steps,7.692630401884649,2.069899073999295,astar,False,0,166397,0,550184,68819,0.17690737699922465,0,0.0,0.8192250800002512,0,3,3,A,5783,0.5,False,3.6190658459991027
0,33.284783679808186,1000,0,max_steps,5.886663953378005,0.4616417070001262,astar,False,0,268429,0,5115,660,0.3960947670002497,0,0.0,0.024959480000688927,0,7,7,A,5784,0.45,False,2.21290911000051
0,34.8325272029539,1000,0,max_steps,1.5733125881400642,0.6120820639998783,astar,False,0,53058,0,254464,31828,0.22243494800022745,0,0.0,0.37404381499982264,0,2,2,A,5785,0.275,False,1.0995618630004174
0,32.8720659561741,1000,0,max_steps,6.525454964981365,1.4698120210005072,astar,False,0,392528,0,4075,540,0.29262669699983235,0,0.0,0.029375444999459432,0,6,6,A,5786,0.3625,False,3.993479236000894
0,33.161056786876955,1000,0,max_steps,5.479421730438349,1.2997169740001482,astar,False,0,422740,0,79834,10078,1.1464201460003096,0,0.0,0.1517617749996134,0,6,6,A,5787,0.4625,False,3.1637424520013155
0,33.569988042610866,1000,0,max_steps,5.745351381769436,0.5979172349998407,astar,False,0,236038,0,8271,1062,0.5239583339998717,0,0.0,0.02417576799962262,0,6,6,A,5788,0.375,False,2.4900017519994435
0,31.953039313126705,1000,0,max_steps,10.637213568411607,1.854903725999975,astar,False,0,375563,0,260606,32623,0.6906955519998519,0,0.0,0.4411472550000326,0,5,5,A,5789,0.5375,False,6.791457606998847
0,33.86584726050852,1000,0,max_steps,4.755293103479528,0.792412744000103,astar,False,0,313612,0,6858,895,0.46843655700013187,0,0.0,0.030983653000475897,0,5,5,A,5790,0.425,False,1.9635754299988548
0,33.85004599117143,1000,0,max_steps,5.567904677704169,1.4786306919995695,astar,False,0,355643,0,159094,20034,1.2180232290002095,0,0.0,0.2556832130003386,0,3,3,A,5791,0.45,False,2.6010073869992993
0,33.25632573176107,1000,0,max_steps,4.04818632229298,1.0253916179999578,astar,False,0,416052,0,5795,764,0.2676391260001765,0,0.0,0.03350477200001478,0,6,6,A,5792,0.55,False,3.8923969579991535
0,31.579998372852696,1000,0,max_steps,8.701454619774786,1.216588659000081,astar,False,0,221232,0,29384,3741,0.19646408399967186,0,0.0,0.049127708000014536,0,7,7,A,5793,0.4125,False,3.147936563001167
0,31.929181575306085,1000,0,max_steps,9.37291643513373,0.9315600869995251,astar,False,0,396882,0,9517,1228,0.3857851879993177,0,0.0,0.037190316000305756,0,6,6,A,5794,0.4875,False,3.948026547000154
0,32.635934293748505,1000,0,max_steps,7.689786245403704,1.4999313090002033,astar,False,0,352790,0,3304,427,0.40091945699987264,0,0.0,0.026730335999673116,0,6,6,A,5795,0.45,False,4.552385098000741
0,33.92796995974533,1000,0,max_steps,5.108846494072802,1.0728627440003038,astar,False,0,450865,0,17829,2298,0.549815588000456,0,0.0,0.05141007000020181,0,4,4,A,5796,0.425,False,2.9204782030001297
0,31.48925677011702,1000,0,max_steps,10.749781974533247,1.3090565329994206,astar,False,0,355730,0,21924,2790,0.2924021189992345,0,0.0,0.07371508500000346,0,6,6,A,5797,0.4375,False,5.127103265998812
0,33.59565495905566,1000,0,max_steps,4.1542523394709665,1.1356214990000808,astar,False,0,309675,0,5624,720,0.600024399999711,0,0.0,0.048239220999676036,0,4,4,A,5798,0.4625,False,2.430332353999802
0,33.30860258970897,1000,0,max_steps,3.6946329316997066,0.6944861489992036,astar,False,0,356843,0,2814,369,0.2732803529997909,0,0.0,0.027250989000094705,0,7,7,A,5799,0.5,False,2.85694555200007
0,32.02756109393069,1000,0,max_steps,8.657096077784972,1.421421470000496,astar,False,0,418694,0,100850,12690,0.699063013000341,0,0.0,0.1829151150004691,0,5,5,A,5800,0.475,False,3.976878648998536
0,33.74092860404631,1000,0,max_steps,3.305913262625017,0.7296473630003675,astar,False,0,226509,0,26282,3379,0.2939758520005853,0,0.0,0.06254958199951943,0,5,5,A,5801,0.35,False,2.4960113789993557
0,31.95392796811837,1000,0,max_steps,7.607500410778823,1.0376892029998999,astar,False,0,410779,0,53145,6752,0.50738919899959,0,0.0,0.11922727900036989,0,6,6,A,5802,0.525,False,4.713210812000398
0,32.51258975028579,1000,0,max_steps,8.538314382827558,1.1182753590001084,astar,False,0,369934,0,4453,580,0.5357646729999033,0,0.0,0.03023390299949824,0,6,6,A,5803,0.45,False,3.6511635730003036
0,34.19238193747697,1000,0,max_steps,4.0128309832336555,0.43613128299966775,astar,False,0,278535,0,2075,265,0.3458870289996412,0,0.0,0.021453471000313584,0,6,6,A,5804,0.3875,False,2.216967347998434
0,33.737066636774266,1000,0,max_steps,4.641288883489152,0.8855183480000051,astar,False,0,239365,0,24225,3090,0.42179897900041396,0,0.0,0.04436818299927836,0,4,4,A,5805,0.4375,False,2.8848856719996547
0,32.03480063312699,1000,0,max_steps,6.651057246784152,0.773386823000692,astar,False,0,286770,0,58027,7329,0.39892752099967765,0,0.0,0.11405597500015574,0,6,6,A,5806,0.4125,False,2.8638043140017544
0,33.14263390389701,1000,0,max_steps,5.332711552296823,0.9009515950001514,astar,False,0,196229,0,74969,9393,0.1212307410005451,0,0.0,0.12121651000052225,0,5,5,A,5807,0.4,False,2.9922065200007637
0,32.238068604316126,1000,0,max_steps,7.3935148948250555,1.015775973000018,astar,False,0,398921,0,5190,672,0.18837361300029443,0,0.0,0.00742733699917153,0,6,6,A,5808,0.5125,False,3.3509564050000336
0,33.44028141468708,1000,0,max_steps,4.944725725457374,0.8734427389999837,astar,False,0,314159,0,5442,708,0.32758982599989395,0,0.0,0.02733470299972396,0,6,6,A,5809,0.45,False,2.495714674998453
0,32.22579123704474,1000,0,max_steps,7.778355385298358,1.0837771379992773,astar,False,0,387630,0,6540,839,0.3461740499997177,0,0.0,0.03253547299937054,0,6,6,A,5810,0.425,False,3.5817157860001316
0,32.55211476729261,1000,0,max_steps,9.73834238974991,1.2466166760004853,astar,False,0,389731,0,323228,40456,0.7421648969993839,0,0.0,0.4907735689994297,0,4,4,A,5811,0.4625,False,3.205744353001137
0,32.335080991342664,1000,0,max_steps,5.277813230875074,1.017487224999968,astar,False,0,318372,0,2586,346,0.21144032799929846,0,0.0,0.02492010100013431,0,7,7,A,5812,0.425,False,4.308058087999598
0,33.456246863468245,1000,0,max_steps,6.3811489952829,1.599023017000036,astar,False,0,395585,0,252588,31893,1.2100529919998735,0,0.0,0.38062359600007767,0,4,4,A,5813,0.3875,False,4.317042621000837
0,33.379132161012166,1000,0,max_steps,3.8360542879370185,1.100300967000294,astar,False,0,359352,0,8203,1053,0.5370739019999746,0,0.0,0.0335313989999122,0,6,6,A,5814,0.3,False,4.008585746999415
0,31.427647324182328,1000,0,max_steps,7.813549929449479,1.5053797040000063,astar,False,0,424109,0,6333,816,0.6423662870001863,0,0.0,0.03397409199988033,0,6,6,A,5815,0.5375,False,4.419694584000354
0,32.67071822350003,1000,0,max_steps,8.679807745566714,1.0860002339995845,astar,False,0,472244,0,12683,1673,0.3141950449999058,0,0.0,0.04351744499945198,0,6,6,A,5816,0.625,False,3.906513860999439
0,32.24055070973161,1000,0,max_steps,10.194560436821199,1.481956782999987,astar,False,0,425418,0,372814,46747,0.2945408710002084,0,0.0,0.542711292999229,0,6,6,A,5817,0.5,False,4.0116203240004324
0,32.577556640185165,1000,0,max_steps,13.832265270012716,1.122211378999964,astar,False,0,335490,0,182641,23230,0.8110271220002687,0,0.0,0.30692571199961094,0,5,5,A,5818,0.45,False,3.8372369759999856
0,32.48686566852217,1000,0,max_steps,7.990326182328226,1.205991990000257,astar,False,0,353292,0,6578,834,0.9403093759992771,0,0.0,0.03213142899949162,0,5,5,A,5819,0.4375,False,3.415973866000968
0,31.0558945198688,1000,0,max_steps,8.12913356391688,1.3423291150002115,astar,False,0,395928,0,4108,516,0.16135636899980454,0,0.0,0.058001209999929415,0,7,7,A,5820,0.475,False,4.665866406001442
0,34.61032640295655,1000,0,max_steps,2.581000290585027,0.6871270310002728,astar,False,0,260291,0,7515,963,0.3855496590003895,0,0.0,0.024568317000557727,0,4,4,A,5821,0.4,False,2.4350232960005087
0,34.33755468550242,1000,0,max_steps,4.2603183566489475,1.1885370350000812,astar,False,0,418779,0,3643,469,0.2357544019996567,0,0.0,0.02927886099951138,0,4,4,A,5822,0.5625,False,3.7005957169985777
0,34.31613965463418,1000,0,max_steps,2.2804193693266117,1.114858011999786,astar,False,0,323416,0,4614,597,0.24095966500044597,0,0.0,0.04790109199984727,0,5,5,A,5823,0.4625,False,3.4336270599987984
0,33.02498004357136,1000,0,max_steps,7.11435608470647,1.557749411000259,astar,False,0,312490,0,5225,678,0.1634037130006618,0,0.0,0.02694629200050258,0,5,5,A,5824,0.4125,False,3.5318904780015146
0,32.806536394512655,1000,0,max_steps,5.886663953378005,0.8800983290002478,astar,False,0,325801,0,2532,332,0.16276304600069125,0,0.0,0.00460036599997693,0,7,7,A,5825,0.4875,False,2.704260234998401
0,33.73805215154531,1000,0,max_steps,5.1795571721914575,0.8783670379998512,astar,False,0,164722,0,5342,683,0.17114699600006134,0,0.0,0.019638160999420506,0,5,5,A,5826,0.35,False,1.9591527270004008
0,31.764449506023283,1000,0,max_steps,11.271105203128927,1.999318258999665,astar,False,0,369854,0,9745,1268,0.1446223419998205,0,0.0,0.03595889099960914,0,6,6,A,5827,0.4375,False,4.235133625999879
0,33.47295576188608,1000,0,max_steps,2.6007811326599533,0.9623764799998753,astar,False,0,416527,0,14110,1816,0.7202742709996528,0,0.0,0.04411796500062337,0,5,5,A,5828,0.475,False,2.686661732000175
0,33.94207836726305,1000,0,max_steps,4.656078016958048,0.847699578999709,astar,False,0,263832,0,122560,15377,0.6361366669998461,0,0.0,0.1987131039995802,0,4,4,A,5829,0.3125,False,2.7836067609987367
0,34.46325883282488,1000,0,max_steps,3.0226747261324682,1.1249860779998926,astar,False,0,131296,0,285174,35681,0.42299042499962525,0,0.0,0.46195972799978335,0,3,3,A,5830,0.3625,False,2.7079879499997332
0,34.34855057337866,1000,0,max_steps,3.058236828631815,1.0049606370002948,astar,False,0,221751,0,4874,630,0.563997489999565,0,0.0,0.01885215599941148,0,4,4,A,5831,0.375,False,3.384632111999963
0,33.74609221493715,1000,0,max_steps,4.6138717472422215,1.3771420430002763,astar,False,0,424775,0,3662,487,0.22541180299958796,0,0.0,0.031006537999928696,0,6,6,A,5832,0.475,False,4.458986212001037
0,33.123054354416105,1000,0,max_steps,5.144201833132132,0.9318363689999387,astar,False,0,324627,0,5374,707,0.3043659300001309,0,0.0,0.02797217300030752,0,5,5,A,5833,0.45,False,2.9991777519990137
0,32.825086506817655,1000,0,max_steps,6.823786522159082,1.1587147609998283,astar,False,0,369224,0,14667,1867,0.8712778689996412,0,0.0,0.06472472899986315,0,5,5,A,5834,0.4125,False,4.4694736599985845
0,32.21472633544448,1000,0,max_steps,6.436346984120727,1.0634678779997557,astar,False,0,304868,0,32889,4143,0.5560456880002675,0,0.0,0.08325068700014526,0,5,5,A,5835,0.45,False,3.296663764001096
0,33.255320244835346,1000,0,max_steps,6.081144012437132,0.9282799860002342,astar,False,0,287148,0,10555,1365,0.3237343460004922,0,0.0,0.034207087000140746,0,5,5,A,5836,0.4375,False,2.6315623239997876
0,32.586733940190705,1000,0,max_steps,4.7847740281020545,1.2444682259992987,astar,False,0,317862,0,7759,1005,0.1194455700006074,0,0.0,0.02950109399989742,0,7,7,A,5837,0.4375,False,3.2899565400002757
0,31.901108439513617,1000,0,max_steps,7.779801572019685,1.613126068999918,astar,False,0,295301,0,36956,4693,0.14465341600043757,0,0.0,0.0875058790006733,0,6,6,A,5838,0.475,False,4.687637646000439
0,30.36896717417461,1000,0,max_steps,14.264521110082875,1.5115279120000196,astar,False,0,395260,0,5841,735,0.17090521899990563,0,0.0,0.033813758000178495,0,9,9,A,5839,0.525,False,4.911955846000637
0,32.93110523818863,1000,0,max_steps,6.593865520315076,1.548463508000168,astar,False,0,434873,0,3986,514,0.37033382699974027,0,0.0,0.03083247299946379,0,7,7,A,5840,0.525,False,7.902594944001066
0,33.46166506436475,1000,0,max_steps,6.063440648674642,1.2833201990006273,astar,False,0,287514,0,7925,1027,1.2525542499997755,0,0.0,0.030539120999492297,0,3,3,A,5841,0.3375,False,2.913592100000642
0,32.756138089856535,1000,0,max_steps,5.692237038282926,1.0360663600004045,astar,False,0,382955,0,3715,478,0.5470204339999327,0,0.0,0.02951762799966673,0,6,6,A,5842,0.475,False,3.659885912999016
0,31.900893092315318,1000,0,max_steps,5.992729970555986,1.9113663349999115,astar,False,0,438392,0,2654,337,0.19615801500003727,0,0.0,0.005816008000692818,0,6,6,A,5843,0.45,False,4.52523913999994
0,33.559059992593575,1000,0,max_steps,6.399340786362293,1.3993391189997055,astar,False,0,368770,0,7818,994,0.42118340200067905,0,0.0,0.03438591799931601,0,5,5,A,5844,0.55,False,3.4120345760002238
0,31.879019600962412,1000,0,max_steps,8.462730794489447,1.1415358870008276,astar,False,0,449285,0,296941,37163,0.5127744979999989,0,0.0,0.4794085149997045,0,6,6,A,5845,0.4625,False,4.342811850002363
0,32.3271448884264,1000,0,max_steps,8.378189691096756,1.2157114199999342,astar,False,0,342777,0,60567,7665,0.20453357899987168,0,0.0,0.09607031799987453,0,6,6,A,5846,0.4625,False,4.499080993001371
0,33.36506200470025,1000,0,max_steps,4.224963017589618,0.9472711070002333,astar,False,0,346564,0,3433,450,0.13208053600010317,0,0.0,0.026737402999970072,0,7,7,A,5847,0.5375,False,3.2607810230010728
0,32.86684512668408,1000,0,max_steps,7.212684139763781,0.957766895999157,astar,False,0,310531,0,12979,1658,0.1963327659996139,0,0.0,0.05879202200048894,0,6,6,A,5848,0.4625,False,2.85806405799849
0,33.1844492991581,1000,0,max_steps,4.5785164081828915,1.0318521519993737,astar,False,0,332901,0,6336,817,0.24396879300002183,0,0.0,0.029963563000819704,0,6,6,A,5849,0.4,False,3.4076470549998703
0,33.150689082427064,1000,0,max_steps,7.974823665762146,0.6849286380002013,astar,False,0,297719,0,100372,12646,0.46266169600039575,0,0.0,0.16736212900013925,0,5,5,A,5850,0.5,False,2.1073239250026745
0,34.70209344637598,1000,0,max_steps,2.8461047942758526,0.6966625180002666,astar,False,0,267852,0,5542,707,0.2086737979998361,0,0.0,0.026470282000445877,0,5,5,A,5851,0.4,False,2.0489296920004563
0,32.51552729699721,1000,0,max_steps,5.2856231893694385,0.9120648130001427,astar,False,0,419214,0,7602,960,0.5522251259999393,0,0.0,0.0403774770002201,0,6,6,A,5852,0.5,False,3.1867905039989637
0,33.16273139265355,1000,0,max_steps,6.4547705226444725,0.8068036089998714,astar,False,0,335966,0,9447,1220,0.2550184570000056,0,0.0,0.03376032500000292,0,6,6,A,5853,0.4125,False,2.511303109999062
0,32.74076264603115,1000,0,max_steps,5.558355197358296,1.0072670689996812,astar,False,0,311969,0,127274,15996,0.8177460410006461,0,0.0,0.18623553999987053,0,5,5,A,5854,0.5,False,3.2432314629995744
0,32.400894061949046,1000,0,max_steps,8.930652971647703,1.039977032999559,astar,False,0,256277,0,33953,4346,0.543314714999724,0,0.0,0.07324093599982007,0,5,5,A,5855,0.4625,False,2.7654023180002696
0,33.46839536132818,1000,0,max_steps,4.755293103479528,0.7913588359997448,astar,False,0,260550,0,3158,405,0.12663680100013153,0,0.0,0.03244575200005784,0,4,4,A,5856,0.3875,False,2.113958795999679
0,33.045990378799935,1000,0,max_steps,4.278032550133295,1.2216402270005347,astar,False,0,407264,0,14076,1806,0.20500605599954724,0,0.0,0.04197263500009285,0,5,5,A,5857,0.45,False,3.183381270000609
0,32.88782125490809,1000,0,max_steps,6.361726377328717,0.9977508929996475,astar,False,0,236534,0,140252,17619,0.6984455739993791,0,0.0,0.21437168499960535,0,5,5,A,5858,0.425,False,4.152188197001124
0,33.581311677370685,1000,0,max_steps,5.0178743009366,0.9774708979994102,astar,False,0,321762,0,103520,13083,0.8183116170002904,0,0.0,0.15709951799999544,0,5,5,A,5859,0.3375,False,2.2207056600000215
0,33.29394905013702,1000,0,max_steps,6.058284616952226,1.2730496869999115,astar,False,0,270796,0,162836,20373,0.17678750899995066,0,0.0,0.28329811799994786,0,5,5,A,5860,0.425,False,3.8578409240008114
0,33.23077587853792,1000,0,max_steps,7.038399143271144,1.4791039129995625,astar,False,0,433432,0,139312,17491,0.948073922999356,0,0.0,0.2345008649999727,0,4,4,A,5861,0.5,False,4.219397056999696
0,33.05956451619977,1000,0,max_steps,5.254432652532524,1.759592903000339,astar,False,0,228802,0,193124,24173,0.13913892599975952,0,0.0,0.3131847900003777,0,5,5,A,5862,0.4875,False,4.281916979000016
0,33.20898899925213,1000,0,max_steps,5.6749724668935615,0.7209671869995873,astar,False,0,360787,0,3770,476,0.16643541299981734,0,0.0,0.027864605000104348,0,7,7,A,5863,0.5,False,2.627793764000671
0,33.105668069500624,1000,0,max_steps,6.487704717386571,1.0736707790001674,astar,False,0,335439,0,7132,915,0.24438833099975454,0,0.0,0.03089135299978807,0,5,5,A,5864,0.3625,False,2.6236622849992273
0,33.64588770845361,1000,0,max_steps,5.497755223725406,1.298195289999967,astar,False,0,402245,0,3455,435,0.24527668500013533,0,0.0,0.005707152000468341,0,5,5,A,5865,0.5375,False,3.1722785470019517
0,32.78022102651395,1000,0,max_steps,6.694797420385472,0.6531384679992698,astar,False,0,283140,0,14404,1850,0.3658437859994592,0,0.0,0.05761754600007407,0,7,7,A,5866,0.4625,False,2.8534051839988024
0,33.64475615247427,1000,0,max_steps,5.126798464929158,1.5721189699997922,astar,False,0,383678,0,3489,455,0.7722587689995635,0,0.0,0.027712100000826467,0,4,4,A,5867,0.375,False,3.085251967999284
0,33.09570618170898,1000,0,max_steps,5.401070495744336,1.3308250279997083,astar,False,0,392530,0,5970,774,0.14041739299955225,0,0.0,0.05608509200010303,0,6,6,A,5868,0.5125,False,5.511475738999252
0,32.98442708789724,1000,0,max_steps,7.079040365755796,1.5584640200004287,astar,False,0,378065,0,32829,4196,0.30913444299949333,0,0.0,0.0879271419998986,0,5,5,A,5869,0.4875,False,3.399795441999231
0,34.31186739011556,1000,0,max_steps,2.92366422490682,0.9961582360001557,astar,False,0,278899,0,114767,14390,0.7892810080002164,0,0.0,0.2020356120001452,0,3,3,A,5870,0.4,False,2.340336537999974
0,32.58701363672884,1000,0,max_steps,4.371105409390168,1.0506346060001306,astar,False,0,357309,0,43629,5552,0.43880562800040934,0,0.0,0.10167940400060616,0,6,6,A,5871,0.475,False,3.000026092000553
0,32.002377931180085,1000,0,max_steps,9.033289129658144,1.3283124179997685,astar,False,0,414980,0,14136,1836,0.3878553849999662,0,0.0,0.046365852000235463,0,7,7,A,5872,0.5,False,4.819405996000569
0,34.301365362552595,1000,0,max_steps,5.5403350530450775,1.4186916600001496,astar,False,0,279335,0,298589,37534,0.9434731680003097,0,0.0,0.4644524530003764,0,4,4,A,5873,0.475,False,4.478344617000403
0,33.88254300556116,1000,0,max_steps,4.04818632229298,0.9744334409997464,astar,False,0,195241,0,5341,691,0.2947368489994915,0,0.0,0.019542868999451457,0,5,5,A,5874,0.3125,False,3.3890014510016044
0,33.777538385580776,1000,0,max_steps,4.543161069123566,1.120879261000482,astar,False,0,228787,0,4845,627,0.36447168700033217,0,0.0,0.021171942000364652,0,4,4,A,5875,0.4875,False,2.7775233960010155
0,33.3292827078304,1000,0,max_steps,4.244444898923766,0.6686676290000833,astar,False,0,224397,0,26701,3412,0.6176861220001229,0,0.0,0.050447000999156444,0,4,4,A,5876,0.4125,False,2.2418987519995426
0,33.74813915431785,1000,0,max_steps,4.224963017589618,1.1288626220002698,astar,False,0,240582,0,9303,1205,0.3021721229997638,0,0.0,0.039590596000380174,0,4,4,A,5877,0.3875,False,3.0664339899994957
0,34.48249880901859,1000,0,max_steps,4.6261822813200935,0.7995228760000828,astar,False,0,380462,0,91621,11567,0.6240628939995077,0,0.0,0.17262523099998361,0,5,5,A,5878,0.5,False,2.7892581200003406
0,31.849084243911367,1000,0,max_steps,9.653966153866502,1.2384254779999537,astar,False,0,398747,0,10411,1322,0.5653771730003427,0,0.0,0.03777687300043908,0,6,6,A,5879,0.45,False,3.906263225998373
0,33.09233244362429,1000,0,max_steps,5.650248888323412,0.7223668360002193,astar,False,0,269103,0,5763,750,0.25862946300003387,0,0.0,0.027212735999455617,0,6,6,A,5880,0.375,False,2.6786021119996803
0,33.14342434728793,1000,0,max_steps,3.623922253581056,1.286457653999605,astar,False,0,455928,0,3522,452,0.1523926930003654,0,0.0,0.03059770900017611,0,6,6,A,5881,0.575,False,3.7473101499981567
0,32.450647378853645,1000,0,max_steps,7.424726425936511,0.8455859089999649,astar,False,0,418028,0,10601,1362,0.6111647699999594,0,0.0,0.03798562500014668,0,5,5,A,5882,0.4875,False,2.856690302000061
0,33.9848394119626,1000,0,max_steps,3.9490900850702273,1.280165852999744,astar,False,0,287162,0,234939,29389,0.5341470789999221,0,0.0,0.41111913199983974,0,5,5,A,5883,0.45,False,4.534929146999275
0,33.2852604372128,1000,0,max_steps,6.664481412683208,1.5067052190006507,astar,False,0,229142,0,217563,27324,0.4142883160002384,0,0.0,0.3217907840007683,0,4,4,A,5884,0.4125,False,3.3168786549995275
0,33.986348915896414,1000,0,max_steps,3.7083099250197504,0.8154880689999118,astar,False,0,244849,0,53100,6715,0.17845647000012832,0,0.0,0.10381764300018403,0,4,4,A,5885,0.35,False,2.220036511001126
0,32.66956494895996,1000,0,max_steps,5.851735853573706,1.0123406359998626,astar,False,0,438309,0,9529,1233,0.30011667300004774,0,0.0,0.06308459600040806,0,6,6,A,5886,0.425,False,3.045527516999755
0,33.47249635942219,1000,0,max_steps,5.0734911550134765,1.3564401370003907,astar,False,0,345523,0,6099,786,0.853537938000045,0,0.0,0.03041733200007002,0,4,4,A,5887,0.4375,False,4.273957299000358
0,33.126904380705966,1000,0,max_steps,7.326258424325474,1.0804747740003222,astar,False,0,328441,0,6517,818,0.35343826899952546,0,0.0,0.030220745999940846,0,6,6,A,5888,0.45,False,2.335003532000883
0,33.49588444478801,1000,0,max_steps,5.1972649056979945,1.3107935280004313,astar,False,0,365468,0,6950,906,0.11773859599998104,0,0.0,0.034162836999712454,0,6,6,A,5889,0.4875,False,4.159298230999411
0,33.54756817281742,1000,0,max_steps,6.089463235786875,0.7997049789992161,astar,False,0,360000,0,239114,30071,0.4468246790002013,0,0.0,0.34524656899975525,0,5,5,A,5890,0.45,False,3.139064860999497
0,32.680141049681,1000,0,max_steps,7.011619819984535,1.1156509040001765,astar,False,0,416402,0,9473,1230,0.587226290000217,0,0.0,0.06176658099957422,0,6,6,A,5891,0.4875,False,3.120243333999497
0,33.29267104473425,1000,0,max_steps,7.14180036825449,1.2865939110006366,astar,False,0,318587,0,21888,2817,0.5330832139998165,0,0.0,0.07164817200009566,0,6,6,A,5892,0.475,False,5.190627741000753
0,33.37190598081133,1000,0,max_steps,5.144201833132132,0.972849641000721,astar,False,0,275112,0,3848,495,0.2454926680002245,0,0.0,0.025189541999679932,0,5,5,A,5893,0.475,False,3.305171199001961
0,33.125130383347106,1000,0,max_steps,6.819205415589118,0.7462558360002731,astar,False,0,283511,0,71306,9006,0.3481434920004176,0,0.0,0.13434340699950553,0,6,6,A,5894,0.5,False,2.5481762050003454
0,32.282467098884545,1000,0,max_steps,5.798949258270843,0.7129584220001561,astar,False,0,298574,0,4135,539,0.1305834960003267,0,0.0,0.025772280000637693,0,6,6,A,5895,0.35,False,2.342413700999714
0,34.27686880648811,1000,0,max_steps,4.861359120657514,1.3078855780004233,astar,False,0,330006,0,7565,977,0.35655340700031957,0,0.0,0.032211912000093434,0,3,3,A,5896,0.35,False,1.7997044580006332
0,33.76615733771345,1000,0,max_steps,5.214912511250788,1.1369510949998585,astar,False,0,295103,0,11667,1514,0.3264978440001869,0,0.0,0.03530484100065223,0,3,3,A,5897,0.4,False,1.9694597299994712
0,31.86282998741959,1000,0,max_steps,8.126211448147284,1.3305257390002225,astar,False,0,314716,0,162681,20477,0.3821028579995982,0,0.0,0.25838813399968785,0,7,7,A,5898,0.45,False,5.253699950000737
0,33.081491765253105,1000,0,max_steps,4.296982953189363,1.256481784999778,astar,False,0,423323,0,5554,723,0.13070554500063736,0,0.0,0.031220044999827223,0,8,8,A,5899,0.45,False,4.330287255000258
0,34.29613877276752,1000,0,max_steps,4.031477706747239,0.9885616990004564,astar,False,0,231288,0,17285,2207,0.9514678590003314,0,0.0,0.03673835399968084,0,3,3,A,5900,0.45,False,2.2449279590000515
0,33.49952017054498,1000,0,max_steps,4.0128309832336555,0.9392951580002773,astar,False,0,324805,0,5143,650,0.3251040800005285,0,0.0,0.029369748000135587,0,5,5,A,5901,0.4375,False,3.104931397000655
0,31.305694724073263,1000,0,max_steps,9.476038861254208,0.8635472639998625,astar,False,0,378572,0,24642,3143,0.39867224099998566,0,0.0,0.055041223000444006,0,7,7,A,5902,0.4625,False,3.7890372419988125
0,33.37647252869367,1000,0,max_steps,4.932069798776165,0.9877841309998985,astar,False,0,331841,0,8226,1061,0.5201538780002011,0,0.0,0.03200044699951832,0,4,4,A,5903,0.3625,False,2.928972810999767
0,33.08464153101695,1000,0,max_steps,5.818639230954258,1.109963814999901,astar,False,0,406107,0,21035,2696,0.8153449980000005,0,0.0,0.07991669199964235,0,6,6,A,5904,0.5625,False,5.56358495800032
0,31.82234355634495,1000,0,max_steps,8.255471670352941,1.5988344289999077,astar,False,0,387864,0,4530,593,0.5729429809998692,0,0.0,0.030928502999813645,0,6,6,A,5905,0.5375,False,4.8591741319987705
0,33.164823081734205,1000,0,max_steps,5.823685473993249,1.0877523760000258,astar,False,0,314463,0,8943,1161,0.18195655199997418,0,0.0,0.051027690000410075,0,8,8,A,5906,0.45,False,4.364832237998598
0,33.68527872830085,1000,0,max_steps,5.508998320929131,0.7580275840000468,astar,False,0,271179,0,106062,13368,0.45263985200017487,0,0.0,0.17598562100010895,0,5,5,A,5907,0.4,False,2.3595366109993847
0,33.35021857788011,1000,0,max_steps,5.20231318741961,0.660056727000665,astar,False,0,330477,0,3918,511,0.1451161470004081,0,0.0,0.027957733000221197,0,6,6,A,5908,0.4875,False,2.9242307810018247
0,33.65471621122625,1000,0,max_steps,7.49326781184284,1.2369661150005413,astar,False,0,359194,0,8929,1136,0.18398037799943268,0,0.0,0.0333707259997027,0,6,6,A,5909,0.4375,False,4.680132264998974
0,34.36486138958737,1000,0,max_steps,3.0228814895724896,0.9054034250002587,astar,False,0,308832,0,5395,677,0.5405784380000114,0,0.0,0.027457223999590497,0,5,5,A,5910,0.4625,False,3.8578831210006683
0,32.43353249664029,1000,0,max_steps,9.227895886928936,1.6281677380002293,astar,False,0,397742,0,2616,330,0.36449710899978527,0,0.0,0.027124397000079625,0,6,6,A,5911,0.4375,False,5.025890185999742
0,31.45462837724878,1000,0,max_steps,8.111430977330693,1.962274460000117,astar,False,0,320541,0,20290,2548,0.35052297200036264,0,0.0,0.04602345300008892,0,5,5,A,5912,0.4625,False,4.021475216999534
0,32.97005117973023,1000,0,max_steps,6.80590276892052,1.0742875039995852,astar,False,0,230881,0,6973,896,0.20485001199995168,0,0.0,0.022545732999788015,0,5,5,A,5913,0.3625,False,2.8099205530006657
0,31.543638329814872,1000,0,max_steps,10.639328573739977,1.1276511249998293,astar,False,0,420063,0,24482,3133,0.47611507599958713,0,0.0,0.08291836399985186,0,6,6,A,5914,0.5625,False,4.026946679999128
0,32.82594445750654,1000,0,max_steps,4.437095051945585,1.1160707879998881,astar,False,0,448971,0,8860,1150,0.9468524870007968,0,0.0,0.03681662500002858,0,4,4,A,5915,0.425,False,3.318372624999938
0,32.715612578987304,1000,0,max_steps,9.1039998077768,1.1588276249995033,astar,False,0,355677,0,5210,661,0.6426529000000301,0,0.0,0.0304434930003481,0,5,5,A,5916,0.5625,False,3.565623393000351
0,32.38595155241861,1000,0,max_steps,5.680036311503648,0.8753921970001102,astar,False,0,335965,0,4561,593,0.12090098299995589,0,0.0,0.027254204000200843,0,6,6,A,5917,0.4625,False,3.2869587969998975
0,33.28343834487177,1000,0,max_steps,4.649227086301547,0.9254441220000444,astar,False,0,393707,0,2329,305,0.14240400699964084,0,0.0,0.026815101000465802,0,6,6,A,5918,0.4,False,3.37257498100098
0,32.824781398492895,1000,0,max_steps,4.596500027194602,1.1006940240004042,astar,False,0,324022,0,3079,400,0.1313822069996604,0,0.0,0.026181809999798134,0,7,7,A,5919,0.4625,False,2.9898939330005305
0,33.29917218934527,1000,0,max_steps,5.711638337640085,1.128606853000747,astar,False,0,322401,0,5752,747,0.1605688449999434,0,0.0,0.028310291000707366,0,6,6,A,5920,0.4,False,2.7139484800009086
0,34.08059737006512,1000,0,max_steps,4.89671445971684,1.4834956459999376,astar,False,0,380395,0,3778,489,0.2457620550003412,0,0.0,0.02798126499965292,0,4,4,A,5921,0.5625,False,2.389564268999493
0,33.62187214821887,1000,0,max_steps,4.89671445971684,0.7474769649998052,astar,False,0,252563,0,3204,418,0.09740930700081663,0,0.0,0.019042711000111012,0,5,5,A,5922,0.4,False,1.964601492998554
0,32.08044119209499,1000,0,max_steps,10.482500298115903,1.1654238310002256,astar,False,0,307247,0,252312,31769,0.7820523410000533,0,0.0,0.3752855049997379,0,5,5,A,5923,0.3875,False,3.076453322000816
0,32.835543075002725,1000,0,max_steps,5.957479542558243,1.2482286569993448,astar,False,0,327437,0,3286,427,0.0904618210006447,0,0.0,0.025143335000393563,0,5,5,A,5924,0.4125,False,3.5957248289987547
0,33.8191300760942,1000,0,max_steps,4.04818632229298,1.011608850999437,astar,False,0,312778,0,3186,416,0.3716793619996679,0,0.0,0.024918027999774495,0,6,6,A,5925,0.4875,False,3.1770681199996034
0,32.93007878174512,1000,0,max_steps,7.173671479793313,0.8946259090007516,astar,False,0,281313,0,26044,3315,0.6244630549999783,0,0.0,0.07353779699951701,0,7,7,A,5926,0.375,False,4.64597102299922
0,33.80755977747181,1000,0,max_steps,6.169506665852623,0.6830680690000008,astar,False,0,373230,0,5248,687,0.39501984499929677,0,0.0,0.030074521000642562,0,6,6,A,5927,0.4,False,2.9792547489987555
0,34.04615390873537,1000,0,max_steps,2.617787711026237,0.91467584899965,astar,False,0,269702,0,24625,3081,0.5616596190002383,0,0.0,0.0724569550002343,0,4,4,A,5928,0.425,False,2.5341802259999895
0,31.150660684441473,1000,0,max_steps,10.615804844664392,1.3122479379999277,astar,False,0,355553,0,12863,1652,0.4120656819995929,0,0.0,0.03990572699967743,0,7,7,A,5929,0.475,False,4.293347921998247
0,33.86107388532835,1000,0,max_steps,5.335289354852272,0.6550038889999996,astar,False,0,328238,0,10664,1380,0.19600370099942666,0,0.0,0.0345735210003113,0,7,7,A,5930,0.375,False,2.5655853489979563
0,33.94564181668311,1000,0,max_steps,3.561820110561452,0.9767859399998997,astar,False,0,210969,0,210606,26486,0.6501640369997403,0,0.0,0.3184125240004505,0,4,4,A,5931,0.4375,False,2.0990414759990017
0,33.2474036249358,1000,0,max_steps,4.1188970004116365,0.8914463630007958,astar,False,0,296035,0,9587,1257,0.28619066899955214,0,0.0,0.03341109999928449,0,6,6,A,5932,0.475,False,2.6784614720018
0,33.807617109670325,1000,0,max_steps,4.454807796078298,1.0023576339999636,astar,False,0,308942,0,14439,1859,0.42051374099992245,0,0.0,0.03921959600029368,0,5,5,A,5933,0.4375,False,2.2111188009994294
0,33.1431183593234,1000,0,max_steps,8.07219378483941,1.4122103419995256,astar,False,0,380430,0,181015,22884,1.133500981999532,0,0.0,0.27533296099954896,0,4,4,A,5934,0.4,False,3.705951071000527
0,32.91351722001032,1000,0,max_steps,7.354101746644518,0.9835039120007423,astar,False,0,370882,0,31860,4061,0.8924388919995181,0,0.0,0.09011039800043363,0,7,7,A,5935,0.45,False,3.1938738209992152
0,33.250102671604196,1000,0,max_steps,4.437095051945585,1.284617325999534,astar,False,0,307714,0,8973,1202,0.23419770100008463,0,0.0,0.03299218700067286,0,3,3,A,5936,0.375,False,2.3363286789990525
0,32.420099432261665,1000,0,max_steps,8.152166123184681,1.2269675110001117,astar,False,0,351440,0,9571,1251,0.27744565200009674,0,0.0,0.03593634299977566,0,6,6,A,5937,0.525,False,4.8507346590013185
0,32.53586501977302,1000,0,max_steps,7.424642247273599,1.1171913059997678,astar,False,0,376528,0,7382,934,0.6642445679999582,0,0.0,0.03495634599948971,0,5,5,A,5938,0.4625,False,3.600634268000249
0,34.03042637797325,1000,0,max_steps,4.490162858961798,1.3460150099999737,astar,False,0,395717,0,7791,998,0.8916566600000806,0,0.0,0.057933263999984774,0,4,4,A,5939,0.45,False,3.299147992000144
0,32.950563225127496,1000,0,max_steps,6.187411615530356,0.9078064149998681,astar,False,0,283912,0,3186,422,0.24536306599929958,0,0.0,0.023982852999324678,0,6,6,A,5940,0.425,False,3.539747016999172
0,32.81821714162764,1000,0,max_steps,8.167102454359194,0.8561411759992552,astar,False,0,334149,0,22534,2919,0.4352802490002432,0,0.0,0.07936143000006268,0,4,4,A,5941,0.475,False,2.400735424999766
0,33.012451022853824,1000,0,max_steps,6.971213129721396,1.069636342999729,astar,False,0,312160,0,12016,1581,0.25268450699968525,0,0.0,0.036540826999953424,0,6,6,A,5942,0.525,False,3.3339612839999972
0,34.18107928372107,1000,0,max_steps,3.8409390127936143,1.0868839779996051,astar,False,0,306008,0,123271,15539,0.866635123999913,0,0.0,0.2170495469999878,0,4,4,A,5943,0.5125,False,2.4633372080006666
0,34.25291584450234,1000,0,max_steps,4.510577845465033,1.0402996080001685,astar,False,0,203750,0,39441,5016,0.5060984110004938,0,0.0,0.07585688600011053,0,3,3,A,5944,0.3,False,2.3857901140008835
0,33.62759188437206,1000,0,max_steps,7.8678340412085435,1.4806727810000666,astar,False,0,352870,0,4080,529,0.17796530200030247,0,0.0,0.02797804800047743,0,6,6,A,5945,0.375,False,3.8913125820008645
0,32.409421618609535,1000,0,max_steps,7.952692154233053,1.1251975240002139,astar,False,0,359202,0,41657,5231,0.33861616299964226,0,0.0,0.10204773199984629,0,5,5,A,5946,0.4625,False,2.905101682001259
0,33.16481305689104,1000,0,max_steps,5.800457956058294,1.0780507109993778,astar,False,0,407412,0,8702,1127,0.5945434430004752,0,0.0,0.05912518800050748,0,5,5,A,5947,0.475,False,3.224751684999319
0,34.44275208883299,1000,0,max_steps,3.023915094707519,1.1875876960002643,astar,False,0,169188,0,71134,8918,0.6142249130007258,0,0.0,0.11582804099998611,0,3,3,A,5948,0.45,False,2.8668006199995943
0,32.7622246206361,1000,0,max_steps,6.204862004911953,0.9040160610002204,astar,False,0,274162,0,7282,942,0.24142112400022597,0,0.0,0.030489945000226726,0,7,7,A,5949,0.4,False,4.006038984999577
0,32.87995316333169,1000,0,max_steps,6.028085309615317,0.9325747400007458,astar,False,0,361321,0,3707,485,0.6455334810007116,0,0.0,0.027940715000113414,0,6,6,A,5950,0.5625,False,4.1632637990005605
0,33.59137381701408,1000,0,max_steps,6.457965043262466,1.4124251899993396,astar,False,0,369010,0,177402,22341,0.5504681009997512,0,0.0,0.2816476899997724,0,4,4,A,5951,0.4125,False,2.9645044329990924
0,33.69631427747768,1000,0,max_steps,4.2603183566489475,0.9291313859994261,astar,False,0,281252,0,7064,917,0.14162809000026755,0,0.0,0.029472703999999794,0,5,5,A,5952,0.375,False,2.915809795998939
0,32.58173877811082,1000,0,max_steps,6.7644521211994695,1.1408972979997998,astar,False,0,289967,0,64399,8114,0.3370826109994596,0,0.0,0.12218977599968639,0,5,5,A,5953,0.375,False,3.707420371000808
0,33.751942417279324,1000,0,max_steps,3.2527392302488667,1.0507400970000162,astar,False,0,308928,0,8304,1058,0.3516600130005827,0,0.0,0.031573078999826976,0,6,6,A,5954,0.4125,False,3.2900722429994858
0,33.25542542246418,1000,0,max_steps,4.843713709541469,0.7248369429999002,astar,False,0,418333,0,20303,2598,0.3144049039992751,0,0.0,0.07597840499965969,0,6,6,A,5955,0.4125,False,3.0197041750006974
0,32.43228572351907,1000,0,max_steps,5.9428791423013125,0.7243183930004307,astar,False,0,287420,0,18868,2400,0.17781603500043275,0,0.0,0.04431970099994942,0,7,7,A,5956,0.3875,False,2.5258255620019554
0,33.27266938509285,1000,0,max_steps,4.843713709541469,0.7702021889999742,astar,False,0,335289,0,12652,1636,0.6214331560004211,0,0.0,0.0385798839997733,0,6,6,A,5957,0.425,False,2.9167646880005123
0,31.821039867408047,1000,0,max_steps,7.632189233765104,0.9006775969992304,astar,False,0,347381,0,217796,27378,0.4783354290002535,0,0.0,0.37216737099970487,0,6,6,A,5958,0.4125,False,2.986700541998289
0,34.00331785359632,1000,0,max_steps,3.5178562364030697,1.066393430000062,astar,False,0,357017,0,9710,1259,0.290422901999591,0,0.0,0.036994211999626714,0,5,5,A,5959,0.475,False,2.8768688149993977
0,32.10478684530486,1000,0,max_steps,7.504686036071059,1.8423604079998768,astar,False,0,421772,0,12342,1602,0.46347616399998515,0,0.0,0.04129728600037197,0,5,5,A,5960,0.45,False,4.394837948001623
0,31.66646423380737,1000,0,max_steps,12.401927773535853,1.8101355809994857,astar,False,0,424364,0,310244,38919,0.4623518899998089,0,0.0,0.45590316800007713,0,6,6,A,5961,0.4625,False,4.995226507999178
0,33.046000848629745,1000,0,max_steps,5.285741433327966,0.8979950809998627,astar,False,0,334548,0,11080,1420,0.49619691299994884,0,0.0,0.03528012199967634,0,5,5,A,5962,0.475,False,3.1323182740006814
0,34.12857326564116,1000,0,max_steps,5.83387199893861,1.0627333180000278,astar,False,0,300757,0,27897,3572,0.9833019750003587,0,0.0,0.07871033500032354,0,4,4,A,5963,0.4875,False,2.507268321999618
0,32.2784720752076,1000,0,max_steps,7.14180036825449,1.6841321850006352,astar,False,0,374121,0,15254,1967,0.6144998550007585,0,0.0,0.06584296799974254,0,5,5,A,5964,0.4875,False,4.128206829000192
0,33.64116745463731,1000,0,max_steps,7.697828427550197,1.1847660630000973,astar,False,0,424497,0,155195,19557,0.329219027000363,0,0.0,0.2824408589995073,0,5,5,A,5965,0.45,False,3.621184001000074
0,32.54401296337631,1000,0,max_steps,6.188724626286094,0.9550077169997166,astar,False,0,415176,0,88244,11132,0.5397062109996114,0,0.0,0.16283729699989635,0,5,5,A,5966,0.4625,False,3.2285407690014836
0,31.8341548919685,1000,0,max_steps,6.547351563800433,1.9158929529994566,astar,False,0,351918,0,63383,8007,0.6048803009998664,0,0.0,0.12583732799976133,0,5,5,A,5967,0.475,False,4.197434784000507
0,32.35875676231723,1000,0,max_steps,7.124100820454463,1.1493091949996597,astar,False,0,346083,0,5718,735,0.437094824000269,0,0.0,0.03015731899995444,0,5,5,A,5968,0.425,False,4.088376670999423
0,32.99141336211348,1000,0,max_steps,5.342547379293888,1.530816054000752,astar,False,0,356662,0,57010,7214,0.4138738880001256,0,0.0,0.11589922100029071,0,5,5,A,5969,0.4625,False,2.72254151099969
0,32.41698315217281,1000,0,max_steps,7.372520769723201,1.2812229299997853,astar,False,0,414820,0,5373,683,0.6165419569997539,0,0.0,0.03258447400003206,0,6,6,A,5970,0.575,False,4.285962506998658
0,33.67642936072046,1000,0,max_steps,3.9337084919958154,0.8799778069997046,astar,False,0,332060,0,47707,6042,0.2342173710003408,0,0.0,0.10912521899990679,0,5,5,A,5971,0.4125,False,3.316507091000858
0,33.00245081915924,1000,0,max_steps,5.603821240903387,1.2584760529998675,astar,False,0,356565,0,7249,930,0.37583560300026875,0,0.0,0.053618715000084194,0,4,4,A,5972,0.4125,False,2.544425056000364
0,33.92080828828836,1000,0,max_steps,1.8564919875938035,0.8951188629998796,astar,False,0,390686,0,13092,1683,0.7964451029993143,0,0.0,0.04099076299917215,0,4,4,A,5973,0.3875,False,2.416317204000734
0,33.779333771321184,1000,0,max_steps,5.603821240903387,1.541195274000529,astar,False,0,367189,0,4592,575,0.6100723109993851,0,0.0,0.050478400999963924,0,4,4,A,5974,0.5,False,2.866487937000784
0,33.49224228143734,1000,0,max_steps,6.204862004911953,0.8924950080008784,astar,False,0,295392,0,6501,838,0.1945169109994822,0,0.0,0.010152498000024934,0,5,5,A,5975,0.375,False,2.4781706450021375
0,33.071862025787844,1000,0,max_steps,6.34628336114926,1.5404020050000327,astar,False,0,310651,0,3565,458,0.1441553610002302,0,0.0,0.005884498999876087,0,6,6,A,5976,0.4375,False,3.8586812570010807
0,34.01842008589777,1000,0,max_steps,3.164302845809796,0.9580278789999284,astar,False,0,164025,0,176494,22078,0.28166956800032494,0,0.0,0.2842608199998722,0,3,3,A,5977,0.4,False,1.7254734939997434
0,32.762567044288815,1000,0,max_steps,8.189112436644155,1.3323327069992956,astar,False,0,357542,0,110247,13788,0.3103648839996822,0,0.0,0.18796055500024522,0,6,6,A,5978,0.4875,False,3.5940205559991227
0,32.793273554193455,1000,0,max_steps,7.11435608470647,0.8874572439999611,astar,False,0,366513,0,20999,2698,0.23829399999976886,0,0.0,0.05038380899986805,0,5,5,A,5979,0.5,False,3.2630272019996482
0,34.26425909922867,1000,0,max_steps,3.8714096269963436,0.7201486080002724,astar,False,0,239557,0,4187,546,0.4912637329998688,0,0.0,0.019082220999735,0,4,4,A,5980,0.4125,False,2.398004261999631
0,32.18496562692823,1000,0,max_steps,6.643723541809967,1.5503643529991677,astar,False,0,366805,0,66159,8360,0.30487058899961994,0,0.0,0.22261587000048166,0,6,6,A,5981,0.475,False,5.169777355000406
0,33.206035265434785,1000,0,max_steps,8.667774368313932,1.2253532739996444,astar,False,0,372850,0,67251,8534,0.3941124969996963,0,0.0,0.13025932300024579,0,5,5,A,5982,0.475,False,4.11035295199963
0,33.38757492894307,1000,0,max_steps,6.151854395221002,0.9115875090001282,astar,False,0,217077,0,8443,1068,0.2609673169999951,0,0.0,0.03802276799979154,0,7,7,A,5983,0.5125,False,2.8824363619996802
0,32.875868776745556,1000,0,max_steps,6.576116825300473,1.0934961829998429,astar,False,0,356709,0,3677,479,0.2040283170008479,0,0.0,0.006152058999759902,0,7,7,A,5984,0.35,False,4.612384266998561
0,33.74072457714805,1000,0,max_steps,4.7199377644202025,1.1991270690004967,astar,False,0,383253,0,8260,1064,0.5546579389992985,0,0.0,0.03463451100014936,0,4,4,A,5985,0.4875,False,2.2004922300002363
0,33.73645255264921,1000,0,max_steps,6.942554465036625,1.3128668709996418,astar,False,0,343999,0,21243,2707,0.20245021000027918,0,0.0,0.047640722999858554,0,5,5,A,5986,0.4375,False,3.137001880999378
0,32.829696526065526,1000,0,max_steps,6.576116825300473,1.1463025499997457,astar,False,0,281149,0,10833,1364,0.4507901719998699,0,0.0,0.05293258299934678,0,3,3,A,5987,0.4,False,2.17274124999949
0,31.853586587047587,1000,0,max_steps,10.529259826787444,1.7083814210000128,astar,False,0,409972,0,172736,21758,0.8133653499999127,0,0.0,0.27647788699960074,0,6,6,A,5988,0.45,False,5.1210573049984305
0,34.19636948975879,1000,0,max_steps,4.1542523394709665,0.7725815369994962,astar,False,0,279632,0,5828,761,0.7452968669995244,0,0.0,0.02710693800054287,0,4,4,A,5989,0.3625,False,1.9779163989987865
0,34.86868476954501,1000,0,max_steps,2.1602227894363097,0.7250713120001819,astar,False,0,112289,0,53737,6728,0.6269245100002081,0,0.0,0.09641367299991543,0,2,2,A,5990,0.3375,False,1.4352633019998393
0,33.60296783862614,1000,0,max_steps,4.437095051945585,1.025642558999607,astar,False,0,300981,0,5698,737,0.31031853200056503,0,0.0,0.02794558400000824,0,4,4,A,5991,0.325,False,2.513142639000762
0,33.5304449641471,1000,0,max_steps,5.0734911550134765,0.7579736940006114,astar,False,0,262708,0,3191,414,0.1400723939996169,0,0.0,0.02307130600001983,0,5,5,A,5992,0.375,False,2.350327680001101
0,34.025973448482695,1000,0,max_steps,3.341079541106433,1.0186116649992982,astar,False,0,286993,0,5827,736,0.23678336399916589,0,0.0,0.02723898400017788,0,4,4,A,5993,0.425,False,1.8874128909992578
0,33.713310294679566,1000,0,max_steps,4.577697292307563,0.7942443560004904,astar,False,0,225610,0,133163,16739,0.5901592460004395,0,0.0,0.20116858300025342,0,6,6,A,5994,0.5125,False,2.221396075001394
0,33.211674577483656,1000,0,max_steps,3.8714096269963436,1.0308421930003533,astar,False,0,368304,0,5528,731,0.22076320799988025,0,0.0,0.03193947699946875,0,5,5,A,5995,0.5,False,2.9796111790001305
0,32.7143388318974,1000,0,max_steps,5.568578139884541,1.3214607179997984,astar,False,0,363331,0,20312,2613,0.573538919999919,0,0.0,0.05086330599988287,0,5,5,A,5996,0.475,False,3.429189012000279
0,32.4157094481686,1000,0,max_steps,9.952527945200654,1.0006089930002418,astar,False,0,310477,0,5510,695,0.29581825400055095,0,0.0,0.04908304499986116,0,6,6,A,5997,0.4875,False,3.5309188689998336
0,33.044032227163505,1000,0,max_steps,5.959996854026013,0.8914883759998702,astar,False,0,311847,0,8963,1164,0.13484415099992475,0,0.0,0.031880026000180806,0,6,6,A,5998,0.4125,False,3.0943041900000026
0,34.648073799413545,1000,0,max_steps,4.913787999089907,1.2088935550000315,astar,False,0,193224,0,289429,36343,0.7552915710002708,0,0.0,0.44015372800004116,0,3,3,A,5999,0.4,False,1.7216069159994731
0,34.4736408844558,1000,0,max_steps,1.8875413902746572,0.6250890820001587,astar,False,0,209151,0,52816,6697,0.4316485030003605,0,0.0,0.09304578699993726,0,4,4,A,6000,0.425,False,2.0615112769992265
0,33.18205687121424,1000,0,max_steps,3.8480920597095873,0.7392727930000547,astar,False,0,333090,0,42658,5427,0.30058467500020924,0,0.0,0.09777305199986586,0,5,5,A,6001,0.4375,False,2.562242046999927
0,34.25783159132497,1000,0,max_steps,3.128947506750471,1.1873305959998106,astar,False,0,356930,0,2719,355,0.29277490399999806,0,0.0,0.02626731199961796,0,4,4,A,6002,0.3875,False,2.6350532599999497
0,33.41219330003314,1000,0,max_steps,7.329414198965697,1.3173390439997092,astar,False,0,362189,0,6829,889,0.16866164100065362,0,0.0,0.009622301000490552,0,6,6,A,6003,0.425,False,3.938837121000688
0,33.59229166298507,1000,0,max_steps,5.815953275259349,0.7461366329998782,astar,False,0,285534,0,5725,727,0.5922803519997615,0,0.0,0.02818780899997364,0,5,5,A,6004,0.45,False,2.4105751139995846
0,32.26735458083656,1000,0,max_steps,7.440535095004927,1.1723005630001353,astar,False,0,390287,0,78799,9978,0.1515394230000311,0,0.0,0.1516284799999994,0,6,6,A,6005,0.4,False,4.751874057998975
0,33.01225804333091,1000,0,max_steps,4.3663843738269295,0.7643552300005467,astar,False,0,387955,0,8344,1079,0.4054342130002624,0,0.0,0.0560097739999037,0,6,6,A,6006,0.4,False,3.1372111000000587
0,33.05182930534121,1000,0,max_steps,5.593662708816112,1.071767895999983,astar,False,0,336695,0,166662,20946,0.7540925430002972,0,0.0,0.26631818099940574,0,3,3,A,6007,0.425,False,2.7968133249996754
0,33.46468403628675,1000,0,max_steps,6.593770734564553,1.3440523879999091,astar,False,0,387554,0,6297,797,0.668950680999842,0,0.0,0.03258901099979994,0,3,3,A,6008,0.525,False,2.572002633000011
0,32.69165979863911,1000,0,max_steps,6.876613447039171,1.1824148079995211,astar,False,0,433226,0,7236,926,0.30314900299981673,0,0.0,0.03496252100012498,0,7,7,A,6009,0.5125,False,4.0515236369992635
0,31.577311824458793,1000,0,max_steps,8.617007166064093,1.2193104079997283,astar,False,0,439731,0,272022,34328,0.6685363690003214,0,0.0,0.41107655799987697,0,5,5,A,6010,0.5875,False,4.367063516000599
0,32.075657149018035,1000,0,max_steps,6.098795987733973,0.892958045999876,astar,False,0,340743,0,8057,1010,0.36404742800004897,0,0.0,0.03288390299985622,0,6,6,A,6011,0.5375,False,3.8386240879999605
0,33.582364425447466,1000,0,max_steps,3.7578667485689246,1.2228147300002092,astar,False,0,291822,0,51568,6557,0.24548537600003328,0,0.0,0.10872378900057811,0,4,4,A,6012,0.5,False,2.1550438960002793
0,32.580242892727824,1000,0,max_steps,7.0826592816540295,1.7222390999995696,astar,False,0,448495,0,143936,18065,0.4915941090002889,0,0.0,0.24396948699995846,0,5,5,A,6013,0.575,False,4.936992033999559
0,33.360217226502826,1000,0,max_steps,3.128947506750471,0.5746408959994369,astar,False,0,274674,0,4843,627,0.11014016199987964,0,0.0,0.026394334999167768,0,7,7,A,6014,0.475,False,1.972626314000081
0,34.232534134477206,1000,0,max_steps,2.209708691207961,1.7232750550001583,astar,False,0,387879,0,7917,1018,0.11807205300010537,0,0.0,0.035941662000368524,0,3,3,A,6015,0.375,False,2.2743772930007253
0,32.628973628761024,1000,0,max_steps,8.902755893542176,1.0017558639992785,astar,False,0,375394,0,185324,23389,0.6994578909998381,0,0.0,0.2961424570003146,0,6,6,A,6016,0.475,False,3.255509218998668
0,34.04946778366109,1000,0,max_steps,2.577365418406942,1.0569639629993617,astar,False,0,313336,0,53142,6688,0.5093592769999304,0,0.0,0.10813166700063448,0,4,4,A,6017,0.3625,False,2.7303742690000945
0,33.31833836204631,1000,0,max_steps,6.506559190539958,0.9985233070001414,astar,False,0,361098,0,3845,489,0.23101070200027607,0,0.0,0.026851243000237446,0,6,6,A,6018,0.475,False,3.764400750000277
0,33.77952864464042,1000,0,max_steps,7.265522176691775,1.9271811180005898,astar,False,0,337852,0,3210,406,0.13479920999998285,0,0.0,0.026879424999606272,0,5,5,A,6019,0.425,False,4.005197506999139
0,33.47996312614118,1000,0,max_steps,6.770085856176418,1.3638060909997876,astar,False,0,346338,0,134302,16840,0.9917624399995475,0,0.0,0.2247341209995284,0,4,4,A,6020,0.425,False,3.736029891000726
0,34.66815497106811,1000,0,max_steps,3.9244824499543864,1.005494746000295,astar,False,0,279540,0,7578,971,0.976205920999746,0,0.0,0.029071648999888566,0,4,4,A,6021,0.375,False,1.8111465459996907
0,33.001137433208534,1000,0,max_steps,3.9248009503667807,0.7431128409998564,astar,False,0,341763,0,13603,1760,0.5254809960006241,0,0.0,0.06000869900071848,0,7,7,A,6022,0.425,False,2.920868273000451
0,34.52721285916054,1000,0,max_steps,2.2274565091152723,0.7523480999998355,astar,False,0,322686,0,6544,841,0.4152614690001428,0,0.0,0.030429481999817654,0,4,4,A,6023,0.375,False,2.314994537999155
0,33.97484517771701,1000,0,max_steps,3.800698948877693,0.9390342710003097,astar,False,0,410871,0,5894,760,0.2320557840002948,0,0.0,0.03320233399972494,0,6,6,A,6024,0.4625,False,4.293156400000953
0,34.0005751085073,1000,0,max_steps,3.418012946142828,1.1993067889998201,astar,False,0,327604,0,32586,4165,0.487301266999566,0,0.0,0.08452466200014896,0,5,5,A,6025,0.425,False,4.675243751998096
0,33.698887850526816,1000,0,max_steps,6.827449194245238,0.9221356710004329,astar,False,0,296973,0,55472,6962,0.45019807999960904,0,0.0,0.11392699200041534,0,4,4,A,6026,0.5125,False,2.5894626910003353
0,30.649129531648008,1000,0,max_steps,8.697575093093475,1.836520322999604,astar,False,0,478117,0,4600,576,0.2758034079997742,0,0.0,0.0335109370007558,0,8,8,A,6027,0.5875,False,5.7475083700010146
0,31.52842598664164,1000,0,max_steps,13.62310766675504,1.4801028900001256,astar,False,0,442684,0,103903,13051,0.5129307170000175,0,0.0,0.19001218100038386,0,7,7,A,6028,0.45,False,4.934623539999848
0,32.6373452414429,1000,0,max_steps,6.807371923143318,1.554396108000219,astar,False,0,368744,0,237558,29707,0.6531258009999874,0,0.0,0.3677032430005056,0,4,4,A,6029,0.575,False,2.8830890769995676
0,34.17143530955756,1000,0,max_steps,3.623922253581056,1.2024861769996278,astar,False,0,246491,0,7387,944,0.4297199019993059,0,0.0,0.02488348600036261,0,3,3,A,6030,0.475,False,1.788640714999019
0,31.304060160504864,1000,0,max_steps,7.689786245403704,1.5306593820005219,astar,False,0,325042,0,5459,702,0.1199158859999443,0,0.0,0.05055009399984556,0,7,7,A,6031,0.4625,False,5.06062192400077
0,33.938030645855505,1000,0,max_steps,2.987526150513159,1.1289364670001305,astar,False,0,417105,0,3468,450,0.27131562999966263,0,0.0,0.03235539500019513,0,5,5,A,6032,0.475,False,2.7419045300002836
0,31.06394085651488,1000,0,max_steps,8.876179499086303,0.8557779899992966,astar,False,0,356771,0,11262,1439,0.25215871399996104,0,0.0,0.03778840399991168,0,7,7,A,6033,0.425,False,3.0882145439982196
0,33.92342244860995,1000,0,max_steps,4.543161069123566,0.5279496960001779,astar,False,0,311942,0,7207,939,0.4831652029997713,0,0.0,0.03056343400021433,0,5,5,A,6034,0.4375,False,2.2691195200004586
0,34.353341417170675,1000,0,max_steps,4.1188970004116365,0.4865820229997553,astar,False,0,130893,0,8806,1137,0.2729059049997886,0,0.0,0.018881531999795698,0,3,3,A,6035,0.2875,False,1.0828696239996134
0,33.99426719205574,1000,0,max_steps,5.391689206547425,0.9546129720001773,astar,False,0,357650,0,6748,889,0.921108034000099,0,0.0,0.03324002499994094,0,7,7,A,6036,0.4875,False,3.602104056000826
0,33.75473806471,1000,0,max_steps,4.631583152659572,0.9743052069998157,astar,False,0,317707,0,8097,1049,0.9366021790001469,0,0.0,0.03739348799990694,0,4,4,A,6037,0.4125,False,2.6846074499999304
0,31.65715107406285,1000,0,max_steps,10.511318304570553,0.85814477599979,astar,False,0,340006,0,198742,25163,0.40298933900066913,0,0.0,0.3037690780001867,0,6,6,A,6038,0.45,False,3.566902514001413
0,33.66075736284537,1000,0,max_steps,6.381736636684405,1.4664159539997854,astar,False,0,266409,0,136209,17042,0.6177866810003252,0,0.0,0.23069122100059758,0,5,5,A,6039,0.4625,False,3.4222287960001267
0,34.273384110755416,1000,0,max_steps,4.818486536247661,0.9895944359996065,astar,False,0,201790,0,166354,20802,0.5654180639994593,0,0.0,0.2555677829996057,0,3,3,A,6040,0.4125,False,2.1337003389999154
0,32.95824540827946,1000,0,max_steps,4.932196518793629,1.0700805000005857,astar,False,0,297475,0,14764,1906,0.2213585300005434,0,0.0,0.0382752059995255,0,6,6,A,6041,0.4,False,2.934583424002085
0,29.533828037553008,1000,0,max_steps,13.093474042438087,2.443683460000102,astar,False,0,404653,0,317874,39785,0.21358361299917306,0,0.0,0.4798467130003701,0,7,7,A,6042,0.475,False,6.568112234997898
0,31.99236612056355,1000,0,max_steps,7.7612217143952265,1.6579296330000943,astar,False,0,416843,0,12584,1597,0.4443370680000953,0,0.0,0.06369273200016323,0,5,5,A,6043,0.475,False,4.026518227002271
0,33.34143686934304,1000,0,max_steps,4.2603183566489475,1.042416291000336,astar,False,0,382516,0,4990,644,0.3675060450004821,0,0.0,0.030542290000084904,0,6,6,A,6044,0.4875,False,2.9967166870001165
0,31.749068824519746,1000,0,max_steps,8.11720780194766,1.3764851349997116,astar,False,0,373372,0,313445,39246,0.42235515499942267,0,0.0,0.47288396900057705,0,6,6,A,6045,0.5125,False,6.206687090000742
0,33.36957556274646,1000,0,max_steps,3.058236828631815,0.4178157010001087,astar,False,0,198776,0,6615,857,0.1379117899996345,0,0.0,0.02102122500036785,0,5,5,A,6046,0.3875,False,1.2437266740007544
0,33.781014467026075,1000,0,max_steps,4.68698330485612,0.8418952279998848,astar,False,0,244247,0,248104,31160,0.47893902600026195,0,0.0,0.3540332700004001,0,4,4,A,6047,0.3875,False,1.9106395420003537
0,33.257976038775595,1000,0,max_steps,6.028085309615317,0.5658562839998922,astar,False,0,344829,0,3118,402,0.13614795499961474,0,0.0,0.025851815000351053,0,7,7,A,6048,0.525,False,2.7305874179992315
0,32.89098119445223,1000,0,max_steps,7.389540750276703,1.5730596739995235,astar,False,0,427789,0,45344,5759,0.534163178000199,0,0.0,0.11070534800001042,0,6,6,A,6049,0.4625,False,3.6167484010002227
0,33.64902228883946,1000,0,max_steps,3.7830625820887485,1.018361155999628,astar,False,0,413667,0,7088,887,0.4043283499995596,0,0.0,0.059635835999870324,0,6,6,A,6050,0.425,False,4.051123687001564
0,33.47829624770718,1000,0,max_steps,4.999406214741905,1.579339066999637,astar,False,0,352858,0,42979,5501,1.4772321389991703,0,0.0,0.1011322439999276,0,4,4,A,6051,0.475,False,2.4772728429989
0,33.43739869634044,1000,0,max_steps,3.9923755459625765,1.3085194559998854,astar,False,0,262417,0,89261,11250,1.1485524509998868,0,0.0,0.1567167450002671,0,3,3,A,6052,0.425,False,2.173381960998995
0,34.11699013400009,1000,0,max_steps,3.1996581848691266,0.8871971139997186,astar,False,0,91015,0,85656,10719,0.22349085600035323,0,0.0,0.1375269339996521,0,4,4,A,6053,0.325,False,2.555280089000007
0,33.04759198490437,1000,0,max_steps,7.783415863231258,1.5326644919996397,astar,False,0,447038,0,247657,31090,1.1670989710000867,0,0.0,0.3589200289998189,0,5,5,A,6054,0.475,False,3.61178699499942
0,32.48946260840976,1000,0,max_steps,8.779183475699774,1.393034737000562,astar,False,0,294611,0,86336,10900,0.3966386390002299,0,0.0,0.15085662199999206,0,6,6,A,6055,0.5125,False,3.776854798000386
0,34.043810169555194,1000,0,max_steps,1.820799961555357,0.9859331550005663,astar,False,0,272733,0,8521,1111,0.6996595989994603,0,0.0,0.03167752300032589,0,4,4,A,6056,0.425,False,2.1766203510014748
0,32.827900059073514,1000,0,max_steps,6.631482677350518,2.2899704550000024,astar,False,0,264283,0,2572,337,0.8610014340001726,0,0.0,0.021752949999608973,0,3,3,A,6057,0.3875,False,4.123293296000156
0,31.720736982681434,1000,0,max_steps,6.283634497645449,0.797624387999349,astar,False,0,318776,0,5269,685,0.16891708900038793,0,0.0,0.0281930339997416,0,7,7,A,6058,0.4625,False,3.563962674999857
0,31.92485300804362,1000,0,max_steps,9.375383325496616,0.8233388629996625,astar,False,0,234371,0,182626,22869,0.1010810150000907,0,0.0,0.2704208610002752,0,6,6,A,6059,0.45,False,2.772361833999639
0,33.36651224330872,1000,0,max_steps,5.5628511125141555,1.283534929999405,astar,False,0,280528,0,187975,23604,0.14327216499987117,0,0.0,0.28472763399986434,0,4,4,A,6060,0.4125,False,3.2016309289983838
0,32.288680749171654,1000,0,max_steps,7.65402263518994,1.2992496960005155,astar,False,0,297431,0,60884,7685,0.30688364499928866,0,0.0,0.12045666299945879,0,5,5,A,6061,0.425,False,3.162734347000878
0,32.297996212014276,1000,0,max_steps,6.47024439260218,1.4823774679998678,astar,False,0,369640,0,9975,1284,0.34723859499990795,0,0.0,0.03528332999940176,0,7,7,A,6062,0.4625,False,5.413306481999825
0,32.51944337383975,1000,0,max_steps,7.709430102154113,1.1714820400002282,astar,False,0,327956,0,272016,34138,0.7112271699998018,0,0.0,0.39103963500019745,0,5,5,A,6063,0.4375,False,4.768977172000632
0,33.985549270932815,1000,0,max_steps,2.952170811453834,0.7184379319996879,astar,False,0,215471,0,12889,1669,0.2956790260004709,0,0.0,0.041202976999556995,0,4,4,A,6064,0.4125,False,2.209855813998729
0,32.74939913662732,1000,0,max_steps,8.487141008608255,1.4254283360005502,astar,False,0,485147,0,187567,23615,1.107787916000234,0,0.0,0.31151374300043244,0,6,6,A,6065,0.5625,False,4.5376324450007814
0,32.29885511204405,1000,0,max_steps,6.894313780210469,1.1100763789991106,astar,False,0,452138,0,7903,1013,0.20757835899985366,0,0.0,0.011326562000249396,0,6,6,A,6066,0.45,False,3.594714652997027
0,34.16555644131356,1000,0,max_steps,3.6073276119587434,0.6524010000002818,astar,False,0,155610,0,41430,5229,0.1648844929995903,0,0.0,0.0770707970004878,0,4,4,A,6067,0.35,False,1.6870260200012126
0,32.25476520595282,1000,0,max_steps,7.412510539621512,0.6944439859998965,astar,False,0,300952,0,31605,4041,0.3680870379994303,0,0.0,0.0794774010000765,0,5,5,A,6068,0.3875,False,2.2155131940007777
0,33.43149496935334,1000,0,max_steps,4.699368308613401,1.3401706169997851,astar,False,0,304682,0,204052,25638,1.0024570499999754,0,0.0,0.331974695000099,0,4,4,A,6069,0.5,False,2.2320212479990005
0,32.93433579597856,1000,0,max_steps,7.389287008906877,1.0293157879996215,astar,False,0,343829,0,101851,12776,0.4632611569995788,0,0.0,0.1749099839998962,0,5,5,A,6070,0.3875,False,3.2668229219998466
0,33.24827497366219,1000,0,max_steps,5.461255579077028,0.7765250769998602,astar,False,0,276280,0,118874,14993,0.5811767790000886,0,0.0,0.19202620599935472,0,5,5,A,6071,0.4,False,2.756521951999275
0,33.07373403265107,1000,0,max_steps,7.32344266721601,0.7649403010000242,astar,False,0,384343,0,4683,608,0.6170963009999468,0,0.0,0.030157705999954487,0,5,5,A,6072,0.4,False,2.860719725999843
0,32.80070677089439,1000,0,max_steps,11.27980773329049,0.9354225469996891,astar,False,0,382442,0,296131,37237,0.28898683299939876,0,0.0,0.43317099900014,0,6,6,A,6073,0.4125,False,3.885269964001054
0,32.84504013807841,1000,0,max_steps,6.2402173439712785,0.53098868699999,astar,False,0,271827,0,4864,623,0.1851257930002248,0,0.0,0.026262856999892392,0,7,7,A,6074,0.45,False,2.159729815999526
0,33.29324578907095,1000,0,max_steps,4.843713709541469,1.2076358599997548,astar,False,0,284686,0,8024,1023,0.15229669700056547,0,0.0,0.030749099999411555,0,7,7,A,6075,0.4625,False,4.360073580000062
0,33.059649060027766,1000,0,max_steps,7.34347073937113,1.21311064099973,astar,False,0,304278,0,152412,19303,0.670783001000018,0,0.0,0.2320203089993811,0,4,4,A,6076,0.475,False,3.5659896329998446
0,34.02868904888045,1000,0,max_steps,3.447145558284419,1.051596743999653,astar,False,0,345418,0,6400,816,0.9473880840005222,0,0.0,0.03164972600006877,0,4,4,A,6077,0.4875,False,2.9755088160000014
0,32.10621912089466,1000,0,max_steps,8.930163072419225,1.6258701229999133,astar,False,0,407985,0,124597,15594,0.18036768599995412,0,0.0,0.21952972500002943,0,5,5,A,6078,0.325,False,4.146938417000456
0,33.465851627686064,1000,0,max_steps,4.331029034767604,0.8778232419999767,astar,False,0,248058,0,7736,1010,0.21390494800016313,0,0.0,0.01096326999959274,0,6,6,A,6079,0.3625,False,2.493117489000724
0,33.0901343915854,1000,0,max_steps,5.569475962781415,0.6971686460001365,astar,False,0,317633,0,4384,554,0.26881604499976675,0,0.0,0.026536845999544312,0,7,7,A,6080,0.425,False,2.6844400789996143
0,34.00426679374626,1000,0,max_steps,4.187966391937739,0.6217397679993155,astar,False,0,139978,0,131435,16497,0.4086251250000714,0,0.0,0.20893791099933878,0,4,4,A,6081,0.425,False,1.5775310479994005
0,34.054763800447255,1000,0,max_steps,3.2173844190584355,0.7027291940003124,astar,False,0,239997,0,8372,1066,0.24390539799969702,0,0.0,0.02537495999968087,0,5,5,A,6082,0.425,False,2.581088410999655
0,33.32085268139225,1000,0,max_steps,7.143550412784946,1.1070553079998717,astar,False,0,341460,0,4802,606,0.3976271369992901,0,0.0,0.02871388899984595,0,6,6,A,6083,0.4125,False,3.749996554000063
0,33.319982517490864,1000,0,max_steps,4.967425137835495,0.8373231499999747,astar,False,0,327331,0,6949,906,0.4298838180002349,0,0.0,0.030882831000781152,0,6,6,A,6084,0.4375,False,3.1488968060002662
0,33.73316995588073,1000,0,max_steps,3.5002232071683625,1.6270924569998897,astar,False,0,289327,0,11360,1452,0.27757539999947767,0,0.0,0.05769337199944857,0,5,5,A,6085,0.45,False,3.0184604840005704
0,33.50078750029665,1000,0,max_steps,6.021861215604355,1.3333206500001324,astar,False,0,405389,0,3434,447,0.22126027600006637,0,0.0,0.029157699999814213,0,5,5,A,6086,0.45,False,4.06010361799963
0,33.273252775816914,1000,0,max_steps,6.399340786362293,1.380113132000588,astar,False,0,305567,0,6155,795,0.3123942669999451,0,0.0,0.02861408999979176,0,5,5,A,6087,0.5,False,3.741947030999654
0,33.45794041878213,1000,0,max_steps,7.393007676176184,1.6403303880006206,astar,False,0,342572,0,130032,16478,1.4338347330003671,0,0.0,0.20419218099959835,0,3,3,A,6088,0.4,False,2.4566713980011627
0,33.722781879722746,1000,0,max_steps,5.002780476894821,0.9804378189992349,astar,False,0,386634,0,6425,827,0.32897774199955165,0,0.0,0.03328705100011575,0,5,5,A,6089,0.4125,False,3.449543151998114
0,34.53452089550067,1000,0,max_steps,2.1048307532911035,0.5420939879995785,astar,False,0,139819,0,21107,2643,0.489889444000255,0,0.0,0.05138252899996587,0,3,3,A,6090,0.425,False,0.936777479999364
0,32.97312099101025,1000,0,max_steps,6.3082535221723575,0.9198856249995515,astar,False,0,274367,0,63183,7966,0.7037021650003226,0,0.0,0.12215629900038039,0,4,4,A,6091,0.3625,False,2.7907451539995236
0,31.617900136776967,1000,0,max_steps,7.0534787516515545,1.9124302500003978,astar,False,0,347305,0,11112,1413,0.21347911700013356,0,0.0,0.037033028999758244,0,4,4,A,6092,0.4875,False,3.618303998000556
0,32.74295097000787,1000,0,max_steps,5.0734911550134765,0.7895265050001399,astar,False,0,413612,0,3291,422,0.17804668499957188,0,0.0,0.006124765000095067,0,7,7,A,6093,0.475,False,2.9559288469999956
0,32.888782035344995,1000,0,max_steps,9.02325121560959,1.3288584339998124,astar,False,0,334986,0,18567,2343,0.4185961440007304,0,0.0,0.06788550700002816,0,5,5,A,6094,0.475,False,3.267551007000293
0,33.075761017697616,1000,0,max_steps,6.873977196645327,1.4480658200000107,astar,False,0,365013,0,83461,10552,0.7352779559996634,0,0.0,0.1563942530001441,0,4,4,A,6095,0.4625,False,3.4718218179996256
0,32.04211369818441,1000,0,max_steps,7.822503595397063,1.333448135999788,astar,False,0,422317,0,21520,2693,0.3406605399995897,0,0.0,0.0529052709998723,0,6,6,A,6096,0.4875,False,5.047651776997554
0,32.652750162835765,1000,0,max_steps,6.063440648674642,0.9531163400006335,astar,False,0,316287,0,7551,969,0.3894803569992291,0,0.0,0.03162258700012899,0,7,7,A,6097,0.5,False,3.7925619330007976
0,33.82491710308237,1000,0,max_steps,5.6594224528656625,0.6818987830001788,astar,False,0,292427,0,45818,5802,0.5086853689999771,0,0.0,0.0989273659997707,0,5,5,A,6098,0.3625,False,3.0788086140000814
0,32.598665114258175,1000,0,max_steps,6.932374232541112,0.936391002000164,astar,False,0,313842,0,9527,1226,0.305114610999226,0,0.0,0.034342119000029925,0,6,6,A,6099,0.55,False,4.060553784999684
0,33.94823910973507,1000,0,max_steps,4.083541661352311,1.0105000599996856,astar,False,0,228163,0,3139,413,0.15220018299987714,0,0.0,0.005108800000016345,0,5,5,A,6100,0.3625,False,2.7742576119999285
0,32.26793984948656,1000,0,max_steps,7.974823665762146,1.730740481999419,astar,False,0,339948,0,24686,3099,0.4135591399999612,0,0.0,0.07711813300011272,0,3,3,A,6101,0.5375,False,3.0113748789990495
0,33.26330993306961,1000,0,max_steps,5.2856231893694385,1.482058362999851,astar,False,0,359571,0,5435,697,0.2837712430000465,0,0.0,0.05245480800022051,0,5,5,A,6102,0.4,False,3.6896797139997943
0,33.277488164358765,1000,0,max_steps,5.848851382964007,1.0498783540006116,astar,False,0,318657,0,34903,4435,0.4701257100005023,0,0.0,0.08728421700016042,0,4,4,A,6103,0.4625,False,2.4879186740008663
0,33.011603112137784,1000,0,max_steps,5.398060994468288,0.8199915440000041,astar,False,0,301366,0,153877,19454,0.3365264450003451,0,0.0,0.21983549099968513,0,5,5,A,6104,0.3125,False,2.582089339000049
0,33.46924333011676,1000,0,max_steps,6.127728983889544,1.4201087580004241,astar,False,0,270996,0,97681,12239,0.18963413199981005,0,0.0,0.1753363759999047,0,5,5,A,6105,0.4375,False,4.511118945000817
0,30.920897168330864,1000,0,max_steps,7.8180280442065415,1.3521519219993934,astar,False,0,360781,0,11472,1475,0.2857074530002137,0,0.0,0.03794024499984516,0,8,8,A,6106,0.4625,False,5.149344119999114
0,30.80046466077364,1000,0,max_steps,12.339127298962435,1.274160300999938,astar,False,0,404579,0,64194,8125,0.7083493769996494,0,0.0,0.13465322100000776,0,7,7,A,6107,0.4375,False,4.723211135998099
0,33.60173050359927,1000,0,max_steps,4.790257039032454,0.9017611700000998,astar,False,0,324667,0,22067,2826,0.2744766929999969,0,0.0,0.04769163800028764,0,5,5,A,6108,0.35,False,2.120839586999864
0,32.10888109123709,1000,0,max_steps,7.887589143711782,1.4745246349993977,astar,False,0,435793,0,7423,941,0.1910933639992436,0,0.0,0.03495729600035702,0,7,7,A,6109,0.5,False,4.707089597000049
0,33.07463798835774,1000,0,max_steps,5.9287698977106515,1.2873003659997266,astar,False,0,332629,0,65930,8318,0.7981858410003042,0,0.0,0.12649165599941625,0,5,5,A,6110,0.4625,False,3.4491662499995073
0,31.875891211383827,1000,0,max_steps,9.55995881267278,1.3890372670002762,astar,False,0,390865,0,7257,921,0.32388064699989627,0,0.0,0.03404223500001535,0,6,6,A,6111,0.55,False,4.950491075000173
0,33.93411356030213,1000,0,max_steps,5.020738242529677,0.8229407589997209,astar,False,0,408598,0,15335,1975,0.5935637270004008,0,0.0,0.04461866000019654,0,5,5,A,6112,0.45,False,2.5431000259995926
0,33.363569649471756,1000,0,max_steps,5.874654245144984,0.959957705999841,astar,False,0,299443,0,131578,16566,0.7478630320001685,0,0.0,0.20940372199947888,0,6,6,A,6113,0.3375,False,2.8316108259996327
0,31.961088345465747,1000,0,max_steps,8.312734959085367,1.444142180000199,astar,False,0,452427,0,7028,885,0.42451633800010313,0,0.0,0.03574017200025992,0,5,5,A,6114,0.5125,False,4.119014017999689
0,33.30207074071947,1000,0,max_steps,5.1621519253117665,1.3312829570004396,astar,False,0,317454,0,14079,1802,0.3603639309994833,0,0.0,0.04156986900034099,0,4,4,A,6115,0.4,False,3.3704956990004575
0,33.26359094370759,1000,0,max_steps,3.995505287194596,1.0289291250001042,astar,False,0,341828,0,14058,1814,0.34749918499983323,0,0.0,0.040934229000413325,0,6,6,A,6116,0.3125,False,3.3562843910012816
0,33.36037882413096,1000,0,max_steps,5.102603502134963,1.5221716999994896,astar,False,0,345695,0,11880,1507,0.21397148100004415,0,0.0,0.03632184300022345,0,5,5,A,6117,0.4,False,3.574957660000109
0,31.89145057236864,1000,0,max_steps,9.277206610828497,1.5127874170002542,astar,False,0,364532,0,43581,5459,0.7305550970004333,0,0.0,0.09892312800002401,0,5,5,A,6118,0.5,False,3.8417835659993216
0,32.711348183865454,1000,0,max_steps,7.000379454001046,1.2888728919997448,astar,False,0,376566,0,10890,1403,0.2251640700005737,0,0.0,0.038063021000198205,0,5,5,A,6119,0.4875,False,4.222787058000904
0,33.91378994826222,1000,0,max_steps,4.189607678530292,1.0872968659996332,astar,False,0,376560,0,8359,1083,0.539378463000503,0,0.0,0.034942412999953376,0,5,5,A,6120,0.3875,False,3.2240750560004017
0,33.489594123666734,1000,0,max_steps,4.112670969090526,0.9644261699995695,astar,False,0,309988,0,41188,5235,0.43643621199953486,0,0.0,0.0955934410003465,0,4,4,A,6121,0.425,False,2.375203239000257
0,33.22665879378516,1000,0,max_steps,6.241118689786308,0.7106018569993466,astar,False,0,384221,0,9816,1245,0.5916022359997442,0,0.0,0.03593778699996619,0,5,5,A,6122,0.4,False,2.847382973999629
0,31.855344705836913,1000,0,max_steps,7.088833648774667,1.3184747469995273,astar,False,0,409892,0,73905,9345,0.386047428000893,0,0.0,0.14833942400036904,0,6,6,A,6123,0.45,False,4.208305070999813
0,32.248394980930016,1000,0,max_steps,8.637943186893507,1.6862603669997043,astar,False,0,422112,0,136213,17188,0.48261334899962094,0,0.0,0.22766155400040589,0,6,6,A,6124,0.475,False,5.086857786001019
0,34.63146745730941,1000,0,max_steps,1.5026019100214134,1.1155036919999475,astar,False,0,276266,0,9534,1229,1.0610852820000218,0,0.0,0.054149543000676204,0,3,3,A,6125,0.3875,False,1.3975726859998758
0,33.02504269973592,1000,0,max_steps,6.385163466975608,1.0613772149999932,astar,False,0,278039,0,31014,3968,0.8738954089994877,0,0.0,0.05815339899982064,0,4,4,A,6126,0.45,False,2.978295612000693
0,32.920714312713294,1000,0,max_steps,7.38869491182306,0.7812093939992337,astar,False,0,223592,0,59930,7502,0.16710243200031982,0,0.0,0.10551289300019562,0,6,6,A,6127,0.375,False,2.9201184909989024
0,33.9846510806792,1000,0,max_steps,4.7199377644202025,0.9107166389994745,astar,False,0,225240,0,5158,664,0.09034359800079983,0,0.0,0.021225917999800004,0,5,5,A,6128,0.35,False,2.5657294570000886
0,33.24656308571569,1000,0,max_steps,3.407941093974482,0.6691990650006119,astar,False,0,246761,0,48740,6156,0.3540059769993604,0,0.0,0.09151633700003003,0,5,5,A,6129,0.4125,False,1.7133381870007725
0,34.40336483255509,1000,0,max_steps,2.245064030267286,0.5843854939994344,astar,False,0,101521,0,8219,1053,0.44010612499914714,0,0.0,0.017955424999854586,0,2,2,A,6130,0.35,False,1.0427670929993837
0,32.21495676935629,1000,0,max_steps,5.6391765799627125,0.9374555699996563,astar,False,0,410348,0,6277,787,0.4880996080000841,0,0.0,0.03415422200032481,0,5,5,A,6131,0.525,False,3.3889156929999444
0,33.52589354883632,1000,0,max_steps,5.5861715422997875,0.8409188830000858,astar,False,0,304346,0,4389,593,0.25087988499944913,0,0.0,0.02549048099990614,0,5,5,A,6132,0.3625,False,2.278919047999807
0,32.64209571320465,1000,0,max_steps,7.265608198905302,1.1139265649999288,astar,False,0,416009,0,10173,1308,0.2624851160007893,0,0.0,0.03892550199998368,0,6,6,A,6133,0.5625,False,4.696839882001768
0,33.98303311029444,1000,0,max_steps,4.98889391548868,0.6829569499996069,astar,False,0,218470,0,52966,6682,0.5274938789998487,0,0.0,0.09624599299968395,0,3,3,A,6134,0.4125,False,1.6505510489996595
0,31.344977591041793,1000,0,max_steps,9.537704781549907,1.1261297430000923,astar,False,0,300725,0,10975,1377,0.24653646499973547,0,0.0,0.03498794299957808,0,7,7,A,6135,0.4875,False,4.598400424000829
0,33.437957398867354,1000,0,max_steps,6.116499202975505,0.9147038549999706,astar,False,0,323849,0,2810,361,0.3198737570000958,0,0.0,0.02638203600054112,0,5,5,A,6136,0.375,False,2.600039539000136
0,32.34001617293305,1000,0,max_steps,7.740417462902111,1.323991520999698,astar,False,0,439068,0,233576,29360,0.5935757190000004,0,0.0,0.3636189310000191,0,6,6,A,6137,0.4875,False,3.8492451890006123
0,32.15908963211492,1000,0,max_steps,9.459073025407932,1.4652562760002183,astar,False,0,338605,0,168011,21038,0.347211432000222,0,0.0,0.2681647110002814,0,5,5,A,6138,0.4125,False,3.925208873999509
0,31.432888718238353,1000,0,max_steps,12.926776957153702,1.9349341360002654,astar,False,0,288745,0,109595,13717,0.21854146100031357,0,0.0,0.17540891799944802,0,7,7,A,6139,0.4625,False,4.99128947400186
0,31.491737629684565,1000,0,max_steps,6.772024254238905,1.1571648730005109,astar,False,0,370259,0,8684,1094,0.2393442660004439,0,0.0,0.0339171499999793,0,7,7,A,6140,0.475,False,4.196401501999389
0,33.56990929264571,1000,0,max_steps,3.2542760331600604,1.214077214000099,astar,False,0,226152,0,73112,9169,0.3580126580000069,0,0.0,0.12407473399980518,0,4,4,A,6141,0.3125,False,2.48394614100107
0,31.687890511116805,1000,0,max_steps,9.917235627935838,0.5936475280004743,astar,False,0,323555,0,16420,2109,0.29177314400021714,0,0.0,0.0631597370002055,0,7,7,A,6142,0.4625,False,2.701645322999866
0,32.890517232177906,1000,0,max_steps,6.558415395505228,0.8118596759995853,astar,False,0,253743,0,5837,758,0.11261025200019503,0,0.0,0.0366159310005969,0,7,7,A,6143,0.4,False,2.630247731000054
0,31.444991830677846,1000,0,max_steps,9.59812807270251,1.0913398900001994,astar,False,0,349855,0,7581,963,0.5114933329996347,0,0.0,0.032732091000070795,0,6,6,A,6144,0.3875,False,3.5948765160010225
0,32.43410155442271,1000,0,max_steps,7.103630233901535,0.8895491920002314,astar,False,0,302772,0,147025,18415,0.15951755400055845,0,0.0,0.23764819099960732,0,7,7,A,6145,0.4125,False,2.6508057390010435
0,33.16099069260031,1000,0,max_steps,5.515687853749519,1.1279056830007903,astar,False,0,390110,0,12671,1633,0.2209359280004719,0,0.0,0.0627544629996919,0,6,6,A,6146,0.4,False,4.012506025000221
0,32.96397300503494,1000,0,max_steps,7.795852262581685,1.0039463819994126,astar,False,0,316557,0,4903,618,0.22305439800038585,0,0.0,0.02907620499991026,0,4,4,A,6147,0.4625,False,2.9314594849993227
0,32.58839629250065,1000,0,max_steps,5.126554642252433,1.527552566999475,astar,False,0,473262,0,14086,1814,0.5143738189999567,0,0.0,0.0442223970003397,0,6,6,A,6148,0.5,False,3.704369162999683
0,33.75518813663848,1000,0,max_steps,3.058236828631815,1.1739501940000991,astar,False,0,235038,0,244602,30578,0.7627956070000437,0,0.0,0.39347704099964176,0,4,4,A,6149,0.4625,False,2.657686847998775
0,33.15494080059446,1000,0,max_steps,4.8260037815981836,0.47149499199986167,astar,False,0,262122,0,4826,629,0.36011221499938983,0,0.0,0.02114325400089001,0,7,7,A,6150,0.4125,False,2.5258931939988543
0,33.73253602539254,1000,0,max_steps,4.773003509321985,1.2868700500002888,astar,False,0,290164,0,8500,1093,0.5126029640005072,0,0.0,0.030348652999236947,0,5,5,A,6151,0.425,False,3.0519847779987685
0,33.221235340125695,1000,0,max_steps,6.398461729197101,1.0892872580006951,astar,False,0,316008,0,162196,20427,0.5113160589999097,0,0.0,0.2500197310000658,0,6,6,A,6152,0.425,False,4.86785733600027
0,33.78822007380666,1000,0,max_steps,3.889127472840146,0.7442983770006322,astar,False,0,249932,0,10395,1328,0.32041820800077403,0,0.0,0.040860397999495035,0,5,5,A,6153,0.3875,False,2.906911427000523
0,32.585884604500336,1000,0,max_steps,7.055605041383761,1.213722885999232,astar,False,0,312505,0,28196,3556,0.6831905890003327,0,0.0,0.07711690499945689,0,4,4,A,6154,0.45,False,3.5388836759993865
0,33.1717255261485,1000,0,max_steps,5.801535357127453,1.0649124000001393,astar,False,0,300410,0,4007,520,0.09530168499986758,0,0.0,0.024849060999258654,0,7,7,A,6155,0.475,False,3.158443326999077
0,34.24446635064928,1000,0,max_steps,1.255114536606121,0.5363734559996374,astar,False,0,296384,0,12095,1571,0.4994455160003781,0,0.0,0.036628195000048436,0,5,5,A,6156,0.4,False,1.6968435259987018
0,34.039464249368855,1000,0,max_steps,3.341079541106433,0.6134263490002922,astar,False,0,325267,0,5965,768,0.20714701999986573,0,0.0,0.009338788999230019,0,6,6,A,6157,0.4,False,2.4683721860010337
0,33.64424613934864,1000,0,max_steps,4.207619576435112,0.5570848100005605,astar,False,0,244305,0,17169,2197,0.5041566390000298,0,0.0,0.0524556489999668,0,4,4,A,6158,0.375,False,1.3599023970000417
0,33.312346319651716,1000,0,max_steps,5.038135815954151,0.9473085320005339,astar,False,0,286744,0,2457,320,0.1571573820001504,0,0.0,0.022717366000506445,0,6,6,A,6159,0.4375,False,2.9718624570004977
0,31.753066645753513,1000,0,max_steps,8.931702665225705,1.887796390999938,astar,False,0,366979,0,23059,2962,0.4217706379995434,0,0.0,0.07641449800030387,0,6,6,A,6160,0.4125,False,6.518238481999106
0,31.999567375303062,1000,0,max_steps,7.421358534661962,0.7118617000005543,astar,False,0,247996,0,36920,4616,0.31999187800010986,0,0.0,0.07770858699950622,0,6,6,A,6161,0.375,False,2.4443864360009684
0,32.794103853272425,1000,0,max_steps,6.841258107979845,1.2378776280002057,astar,False,0,336159,0,6389,822,0.7271215649998339,0,0.0,0.03074123500027781,0,4,4,A,6162,0.45,False,2.612125709000793
0,33.09804997463335,1000,0,max_steps,6.518075828033914,1.178239489000589,astar,False,0,489990,0,4327,562,0.5738262959994245,0,0.0,0.03325431200028106,0,5,5,A,6163,0.5625,False,4.41914132400052
0,31.462137187106745,1000,0,max_steps,9.1409962531444,1.246558671999992,astar,False,0,374134,0,100983,12636,0.18973441300022387,0,0.0,0.18323364599928027,0,7,7,A,6164,0.5,False,4.434989808001774
0,32.91035479377334,1000,0,max_steps,7.200368914159883,0.932847412999763,astar,False,0,302689,0,23714,3072,0.27679721000004065,0,0.0,0.07241891400008171,0,6,6,A,6165,0.4375,False,3.3708871119988544
0,31.74691548390567,1000,0,max_steps,9.49455436026357,1.654001259999859,astar,False,0,439939,0,6529,842,0.4856990379994386,0,0.0,0.035236274000453705,0,7,7,A,6166,0.5,False,5.112855588999082
0,34.48915829390096,1000,0,max_steps,2.4571960646232487,0.5023895900003481,astar,False,0,155011,0,3361,439,0.2812742440000875,0,0.0,0.015472090000002936,0,4,4,A,6167,0.35,False,1.2765107199993508
0,32.9656513425328,1000,0,max_steps,4.207322485857243,1.2370671630005745,astar,False,0,356560,0,6313,803,0.2000330450000547,0,0.0,0.031066860999999335,0,6,6,A,6168,0.375,False,2.8282855400011613
0,33.55603259990586,1000,0,max_steps,5.192572820866354,0.7453235520006274,astar,False,0,337746,0,165832,20863,0.4293058530001872,0,0.0,0.31183000599958177,0,6,6,A,6169,0.4875,False,2.9517514600011054
0,33.50591559279814,1000,0,max_steps,5.690589820045019,0.6915289090002261,astar,False,0,296386,0,8364,1099,0.25936104400079785,0,0.0,0.05110816399974283,0,6,6,A,6170,0.4875,False,2.6245302520001133
0,32.09205210417177,1000,0,max_steps,9.593177914539059,1.9637141619996328,astar,False,0,451224,0,114135,14447,0.6922757849997652,0,0.0,0.175848140999733,0,7,7,A,6171,0.525,False,7.804516707001312
0,33.780447782664666,1000,0,max_steps,4.525517926160496,1.205020644999422,astar,False,0,289822,0,7964,998,0.4312548349998906,0,0.0,0.03055813599985413,0,4,4,A,6172,0.4125,False,2.941750685999068
0,33.52129795428658,1000,0,max_steps,3.3937902852120954,1.3179749390001234,astar,False,0,218045,0,455593,57053,0.5628856060002363,0,0.0,0.7294359509996866,0,4,4,A,6173,0.45,False,2.7423521489999985
0,34.07060266842756,1000,0,max_steps,2.4047479077857585,0.832147606000035,astar,False,0,368657,0,16821,2160,0.40826511199975357,0,0.0,0.0432963169996583,0,5,5,A,6174,0.4375,False,2.5446464859978732
0,33.31962060563346,1000,0,max_steps,5.1446877942203635,1.214813986000081,astar,False,0,406963,0,3965,501,1.1848719199997504,0,0.0,0.029799562000334845,0,4,4,A,6175,0.45,False,2.600127833999977
0,34.40638197177956,1000,0,max_steps,3.190268405636113,1.5201851190004163,astar,False,0,324311,0,21530,2751,1.4686259370000698,0,0.0,0.05109896799967828,0,2,2,A,6176,0.4375,False,1.6268649559997357
0,31.932940044817123,1000,0,max_steps,10.122515127180593,1.5465660249992652,astar,False,0,452932,0,160665,20217,1.27360584500002,0,0.0,0.26915558600012446,0,6,6,A,6177,0.55,False,5.55514301599851
0,32.9991411161545,1000,0,max_steps,9.787635695100219,0.9921362950008188,astar,False,0,400499,0,74343,9403,0.6594623920000231,0,0.0,0.14722493199951714,0,6,6,A,6178,0.4875,False,4.481320001000313
0,33.36468399181041,1000,0,max_steps,5.590421495737148,1.3166100759999608,astar,False,0,366514,0,25070,3166,0.5713709829997242,0,0.0,0.07833497199953854,0,3,3,A,6179,0.45,False,3.034433514999364
0,33.0031584640355,1000,0,max_steps,4.139633135919171,1.1928566520000459,astar,False,0,312727,0,23117,2977,0.33636350899996614,0,0.0,0.05069373300011648,0,5,5,A,6180,0.5625,False,2.6996213950005767
0,33.60586169183364,1000,0,max_steps,4.8439717691167425,1.1900514489998386,astar,False,0,409268,0,4122,534,0.2614529930006029,0,0.0,0.05393615999946633,0,5,5,A,6181,0.3875,False,2.9897879710006237
0,33.81097458919959,1000,0,max_steps,5.078170192106599,1.004237197999828,astar,False,0,337066,0,48334,6114,0.9000040430000809,0,0.0,0.10329993799950898,0,4,4,A,6182,0.4375,False,2.7560187150002093
0,33.97559784337133,1000,0,max_steps,4.284455916449601,1.7062951160005468,astar,False,0,200949,0,39071,4957,0.3983193990006839,0,0.0,0.07788923500083911,0,3,3,A,6183,0.4125,False,3.3037169550007093
0,33.14408425409445,1000,0,max_steps,4.6912485011988,0.6437595589995908,astar,False,0,321932,0,35073,4454,0.5566665040005319,0,0.0,0.08646712700010539,0,7,7,A,6184,0.45,False,2.311113159999877
0,32.85839794272537,1000,0,max_steps,8.151246070387028,1.2405123649996312,astar,False,0,347458,0,19803,2521,0.5739372469997761,0,0.0,0.06908378899970558,0,5,5,A,6185,0.4,False,3.2646238539991828
0,33.71843147011391,1000,0,max_steps,3.2880940527910685,0.5629939979999108,astar,False,0,229749,0,17610,2278,0.181173451000177,0,0.0,0.04974618500000361,0,4,4,A,6186,0.425,False,1.768496158999369
0,32.77829145804853,1000,0,max_steps,4.914678270243129,1.1201912960004847,astar,False,0,418596,0,6243,809,0.15852889899997535,0,0.0,0.033374752999407065,0,5,5,A,6187,0.5,False,2.8019249370008765
0,32.50385979302707,1000,0,max_steps,6.736676665834568,1.6067005140002948,astar,False,0,381906,0,39036,4974,0.45176205299958383,0,0.0,0.07335071099987545,0,5,5,A,6188,0.4,False,3.58628269700057
0,32.71321852609426,1000,0,max_steps,11.262839894982083,1.532342933000109,astar,False,0,375919,0,25163,3152,0.3637662780001847,0,0.0,0.08106270200005383,0,5,5,A,6189,0.525,False,3.2097978799993143
0,32.89323301113523,1000,0,max_steps,6.153682840381034,1.1021482360001755,astar,False,0,354564,0,131481,16502,0.23767916799988598,0,0.0,0.2189897669995844,0,6,6,A,6190,0.4375,False,2.9875842610008476
0,34.97791346541969,1000,0,max_steps,2.138998013089305,0.8516338959998393,astar,False,0,167780,0,52804,6623,0.7448328069995114,0,0.0,0.10345946799952799,0,2,2,A,6191,0.3625,False,1.2658340359994327
0,33.57125001086916,1000,0,max_steps,4.136310251903256,0.8861065089995463,astar,False,0,225783,0,155577,19618,0.3973691789997247,0,0.0,0.23463964700022188,0,5,5,A,6192,0.45,False,2.5611345209999854
0,34.01771530982865,1000,0,max_steps,4.649227086301547,0.8632653829999981,astar,False,0,283961,0,3430,442,0.6426896029997806,0,0.0,0.024605485999927623,0,5,5,A,6193,0.2875,False,2.5593436550007027
0,33.342038296134035,1000,0,max_steps,6.664481412683208,1.3459609550000096,astar,False,0,387778,0,12652,1650,0.27935040699958336,0,0.0,0.040968129000248155,0,5,5,A,6194,0.4125,False,2.9556298379993677
0,32.179399866411394,1000,0,max_steps,8.803639162301009,1.1358519340001294,astar,False,0,356586,0,359038,44989,0.4537147270002606,0,0.0,0.529116284000338,0,6,6,A,6195,0.4625,False,5.2755787250007415
0,34.90349217161161,1000,0,max_steps,3.164302845809796,0.783505647000311,astar,False,0,232352,0,5706,728,0.7604722730002322,0,0.0,0.022730780000529194,0,3,3,A,6196,0.3375,False,1.7372802310001134
0,34.123509525419166,1000,0,max_steps,2.8461047942758526,0.7191226410004674,astar,False,0,212311,0,3547,461,0.3448444420000669,0,0.0,0.018288444000063464,0,5,5,A,6197,0.425,False,2.362815228000727
0,32.062905105273266,1000,0,max_steps,10.220277026578096,1.7902809499992145,astar,False,0,409496,0,5340,688,0.4373835060005149,0,0.0,0.03140830000029382,0,7,7,A,6198,0.525,False,6.1428321759995015
0,34.09936945824161,1000,0,max_steps,2.510291317755768,1.0685541399998328,astar,False,0,324260,0,5244,668,0.1248436590003621,0,0.0,0.028077994000341278,0,5,5,A,6199,0.4875,False,2.7478378779987906
0,32.96486937906786,1000,0,max_steps,4.827687075608773,1.1355679140006032,astar,False,0,435713,0,127893,16129,0.486225067000305,0,0.0,0.21835016200020618,0,6,6,A,6200,0.4625,False,4.673830465001629
0,33.3853347056769,1000,0,max_steps,4.8439717691167425,0.9304082550006569,astar,False,0,304983,0,10427,1347,0.2764645860006567,0,0.0,0.036161058998914086,0,7,7,A,6201,0.4625,False,3.175915881003675
0,34.56069038635139,980,0,,0.4772970773009176,0.31288392700116674,astar,False,0,70569,0,6999,879,0.29517465500066464,0,0.0,0.017299270000876277,0,2,2,A,6202,0.325,True,0.3981437660022493
0,34.5582517556848,1000,0,max_steps,3.341079541106433,0.9085567309994076,astar,False,0,181757,0,23537,3023,0.3051565739988291,0,0.0,0.04233237799962808,0,4,4,A,6203,0.375,False,2.7585912109989295
0,33.85150277788269,1000,0,max_steps,3.0935921676911455,1.0001328760008619,astar,False,0,308329,0,10583,1367,0.623977985998863,0,0.0,0.05399976100125059,0,4,4,A,6204,0.3875,False,2.790543028000684
0,32.525652023948396,1000,0,max_steps,5.762947379596658,0.697141714999816,astar,False,0,336489,0,5104,639,0.29719892000139225,0,0.0,0.028251113999431254,0,7,7,A,6205,0.4625,False,2.844716323003013
0,32.86328769201082,1000,0,max_steps,4.914678270243129,0.9084553479988244,astar,False,0,418447,0,12655,1619,0.6251178040001832,0,0.0,0.042563966000670916,0,5,5,A,6206,0.475,False,3.2329991679980594
0,34.52801053486904,1000,0,max_steps,3.9421203051149996,0.825963535999108,astar,False,0,371275,0,3417,440,0.651060841000799,0,0.0,0.027850657999806572,0,5,5,A,6207,0.425,False,3.0406183889990643
0,32.951565916221405,1000,0,max_steps,7.018034803276482,1.2380462299988721,astar,False,0,337546,0,8893,1143,0.7543095029996039,0,0.0,0.03445877599915548,0,4,4,A,6208,0.4375,False,3.248188001998642
0,32.49754689155527,1000,0,max_steps,8.003924818487489,1.0801868029993784,astar,False,0,377369,0,82312,10407,0.4814979639995727,0,0.0,0.15506369400100084,0,5,5,A,6209,0.45,False,3.6754128350003157
0,31.627424409200177,1000,0,max_steps,8.051261547111732,1.39271974499934,astar,False,0,406310,0,181631,22755,0.3130762609998783,0,0.0,0.2935165020007844,0,8,8,A,6210,0.4375,False,7.138050324996584
0,31.554803425661714,1000,0,max_steps,7.601582894371406,1.1419090729996242,astar,False,0,402993,0,10413,1315,0.2762408919988957,0,0.0,0.03838780899968697,0,5,5,A,6211,0.5,False,2.802525418001096
0,32.752595603739536,1000,0,max_steps,5.762947379596658,1.6702223810007126,astar,False,0,248836,0,8576,1099,0.4427959410004405,0,0.0,0.02736261600148282,0,4,4,A,6212,0.35,False,3.586612054001307
0,32.90514012363967,1000,0,max_steps,7.071089908917858,0.9578277910004545,astar,False,0,357637,0,10556,1350,0.2294640199997957,0,0.0,0.036825646999204764,0,7,7,A,6213,0.5375,False,4.710786951998671
0,33.04355115145784,1000,0,max_steps,7.230166837632445,1.9334837819988024,astar,False,0,350581,0,5296,672,0.5518845119986509,0,0.0,0.030840735000310815,0,4,4,A,6214,0.4375,False,3.2185619520005275
0,32.86248215416678,1000,0,max_steps,6.327642728536432,0.8177626130000135,astar,False,0,410095,0,13605,1755,0.7757765229998768,0,0.0,0.04159566199996334,0,7,7,A,6215,0.475,False,3.5595036710037675
0,31.625427191228606,1000,0,max_steps,9.579160323326882,1.0836023749998276,astar,False,0,323014,0,173659,21821,0.22387514699948952,0,0.0,0.2734688790005748,0,6,6,A,6216,0.3625,False,3.7832401960004063
0,33.954785001507126,1000,0,max_steps,4.733292986917244,0.8806742209999356,astar,False,0,201723,0,63255,8041,0.580504354000368,0,0.0,0.10504178399969533,0,3,3,A,6217,0.4375,False,1.7929349419991922
0,33.24316752469006,1000,0,max_steps,6.210802081857059,1.4012526710012025,astar,False,0,397185,0,201950,25470,1.0836087129991938,0,0.0,0.3110690560006333,0,5,5,A,6218,0.45,False,3.6954644190027466
0,34.29691882943287,1000,0,max_steps,2.1743533521486307,0.9016552949997276,astar,False,0,149845,0,164165,20611,0.6539714310001727,0,0.0,0.24253305399906822,0,2,2,A,6219,0.425,False,1.2836670050000976
0,33.35283950440826,1000,0,max_steps,5.957374631496661,0.9976431380000577,astar,False,0,418050,0,5956,772,0.22852038299970445,0,0.0,0.03302993800025433,0,6,6,A,6220,0.4875,False,3.616384900000412
0,33.83147186763594,1000,0,max_steps,2.775394116157197,1.0445285860005242,astar,False,0,375362,0,4952,628,0.29775878399959765,0,0.0,0.029839598999387817,0,5,5,A,6221,0.4625,False,2.402588277000177
0,34.532152605878025,1000,0,max_steps,2.9536523999956383,0.6604476850006904,astar,False,0,271019,0,31853,4086,0.5783500659999845,0,0.0,0.08154716699937126,0,4,4,A,6222,0.3875,False,1.695210154999586
0,32.92701062242405,1000,0,max_steps,7.106445138041943,1.5662403980004456,astar,False,0,328561,0,7249,931,0.3847149500015803,0,0.0,0.05217406900010246,0,5,5,A,6223,0.5375,False,3.3945085939994897
0,33.34310711805906,1000,0,max_steps,6.373406663629739,0.9272856690004119,astar,False,0,433183,0,44926,5695,0.8212077529988164,0,0.0,0.10528569999951287,0,6,6,A,6224,0.5125,False,3.3345166140024958
0,34.59572533510499,1000,0,max_steps,1.5557353566722043,0.785719560999496,astar,False,0,272909,0,14473,1877,0.7464832179994119,0,0.0,0.03889224200065655,0,4,4,A,6225,0.4375,False,2.010172098998737
0,33.15900472600132,1000,0,max_steps,7.143550412784946,1.1500646509994112,astar,False,0,384369,0,101849,12834,0.4991040979984973,0,0.0,0.1596258579993446,0,4,4,A,6226,0.525,False,2.6620187949993124
0,33.02626788796776,1000,0,max_steps,7.762590579181669,0.993028086000777,astar,False,0,370237,0,59085,7485,0.6217237809996732,0,0.0,0.12854403699930117,0,5,5,A,6227,0.45,False,3.50181873099973
0,33.88157042468184,1000,0,max_steps,5.550478582969217,0.9373751299990545,astar,False,0,362009,0,83483,10544,0.7780649440010166,0,0.0,0.1574059490012587,0,5,5,A,6228,0.475,False,2.8204306889983854
0,33.19063558790625,1000,0,max_steps,4.943461590828838,0.968368077001287,astar,False,0,330532,0,150819,18998,0.4381371119998221,0,0.0,0.23511485000017274,0,4,4,A,6229,0.475,False,2.5236043490003794
0,32.56883264093814,1000,0,max_steps,4.89671445971684,1.421430557000349,astar,False,0,383785,0,12909,1662,0.7807594019996031,0,0.0,0.06358952300070086,0,5,5,A,6230,0.4125,False,3.9717612140011624
0,30.209933574539132,1000,0,max_steps,11.456234656290869,2.2243203389989503,astar,False,0,319143,0,23636,3010,0.17908170699956827,0,0.0,0.07216123600119317,0,7,7,A,6231,0.3875,False,4.798800078995555
0,33.26440793278877,1000,0,max_steps,5.164693843782029,1.0400752080004168,astar,False,0,219933,0,88737,11157,0.5986966559994471,0,0.0,0.14813872799823002,0,4,4,A,6232,0.375,False,2.4287217060009425
0,31.604200401516056,1000,0,max_steps,9.1039998077768,1.5842955869993602,astar,False,0,424704,0,15267,1968,0.6527460670004075,0,0.0,0.047085507001611404,0,5,5,A,6233,0.55,False,5.230389275000562
0,33.67896917571523,1000,0,max_steps,4.6138717472422215,0.6540499339989765,astar,False,0,309784,0,6064,761,0.39080391000061354,0,0.0,0.029383045999566093,0,6,6,A,6234,0.375,False,3.083027619999484
0,34.14354253051026,1000,0,max_steps,2.987526150513159,0.7894603620006819,astar,False,0,211516,0,6906,887,0.7542318119994889,0,0.0,0.034994428999198135,0,5,5,A,6235,0.45,False,1.5908164600004966
0,31.820202821613847,1000,0,max_steps,6.416994039267916,1.0127374080002483,astar,False,0,409390,0,3949,517,0.3063477290015726,0,0.0,0.035748031999901286,0,5,5,A,6236,0.4625,False,2.7842266430016025
0,31.58813455436102,1000,0,max_steps,8.67973573906487,0.7634861919996183,astar,False,0,305880,0,4233,550,0.12803452700063644,0,0.0,0.028108791000704514,0,7,7,A,6237,0.5,False,3.684561541000221
0,33.06175954124458,1000,0,max_steps,5.0779240344849566,0.9019583690005675,astar,False,0,266529,0,4370,571,0.10371482899972762,0,0.0,0.023567260999698192,0,6,6,A,6238,0.4375,False,2.1782437120018585
0,32.50573200222136,1000,0,max_steps,6.452349378327246,0.9084391760006838,astar,False,0,381280,0,9168,1185,0.5091847750009038,0,0.0,0.03501569099898916,0,7,7,A,6239,0.525,False,4.736745059997702
0,33.582538966851025,1000,0,max_steps,3.623922253581056,0.6886478159995022,astar,False,0,372004,0,4422,579,0.14929246000065177,0,0.0,0.006988392999119242,0,8,8,A,6240,0.45,False,3.160470302998874
0,34.458372519002275,1000,0,max_steps,2.7400387770978716,0.996886626999185,astar,False,0,107613,0,230264,28803,0.4194679359989095,0,0.0,0.343300165999608,0,2,2,A,6241,0.35,False,1.7718524259998958
0,33.48186370903557,1000,0,max_steps,7.849621806176397,0.9558427310003026,astar,False,0,316681,0,114964,14591,0.4804643329989631,0,0.0,0.18774468199990224,0,5,5,A,6242,0.4625,False,3.650308930000392
0,33.039025099172385,1000,0,max_steps,6.617141565661112,1.2175636160009162,astar,False,0,312013,0,49835,6322,0.6354677880008239,0,0.0,0.10575569800130324,0,4,4,A,6243,0.4625,False,3.4510512950018892
0,31.850971951005434,1000,0,max_steps,8.308974816425911,0.8888437169989629,astar,False,0,263715,0,20484,2618,0.4103964989990345,0,0.0,0.045287238999662804,0,5,5,A,6244,0.425,False,2.8950949019945256
0,33.7064670276668,1000,0,max_steps,4.3663843738269295,1.0778477280000516,astar,False,0,204405,0,10547,1364,0.5023405050014844,0,0.0,0.027250393000940676,0,4,4,A,6245,0.3625,False,2.3901165980005317
0,34.79514797577751,1000,0,max_steps,2.245064030267286,0.7393512960006774,astar,False,0,215305,0,9787,1228,0.2086865269993723,0,0.0,0.04110561100060295,0,4,4,A,6246,0.4375,False,1.6421171370002412
0,32.80915610274776,1000,0,max_steps,8.69311868663945,1.2113222170009976,astar,False,0,356999,0,5757,738,0.18955660200117563,0,0.0,0.008571143000153825,0,6,6,A,6247,0.45,False,4.504363702000774
0,33.86395177652966,1000,0,max_steps,4.47245039100491,0.8713658099986787,astar,False,0,337402,0,3833,498,0.22051879100035876,0,0.0,0.028150416001153644,0,6,6,A,6248,0.4625,False,2.959947243996794
0,31.791092557374917,1000,0,max_steps,8.376175290668169,1.394959987999755,astar,False,0,347536,0,28212,3566,0.7784181410006568,0,0.0,0.08207317999949737,0,5,5,A,6249,0.5,False,3.3639243060006265
0,34.75162394344849,1000,0,max_steps,3.1466748322634133,0.6648617480004759,astar,False,0,202156,0,5631,723,0.6439997119996406,0,0.0,0.02068928200060327,0,4,4,A,6250,0.375,False,1.5388017899986153
0,33.48663780363184,1000,0,max_steps,3.94227884604831,1.1374582789994747,astar,False,0,285807,0,7948,1015,0.7278506990005553,0,0.0,0.031780598999830545,0,5,5,A,6251,0.4125,False,2.9740373129989166
0,33.389303308570426,1000,0,max_steps,4.47245039100491,1.1336133799995878,astar,False,0,340046,0,7515,945,0.4809594880007353,0,0.0,0.052672678999442724,0,5,5,A,6252,0.4625,False,3.251198497997393
0,31.776196216015357,1000,0,max_steps,9.170690404762338,1.623571100000845,astar,False,0,336431,0,23494,2950,0.19530885300082446,0,0.0,0.05009626499850128,0,5,5,A,6253,0.4875,False,4.971358084001622
0,33.302867689298296,1000,0,max_steps,4.985510254728195,1.081554378999499,astar,False,0,300694,0,12819,1677,0.23703666400069778,0,0.0,0.03960041199934494,0,5,5,A,6254,0.475,False,3.500181834000614
0,32.618111810581944,1000,0,max_steps,7.513009550107068,1.293558686000324,astar,False,0,311806,0,4557,577,0.3480399990003207,0,0.0,0.030004510001163,0,5,5,A,6255,0.525,False,3.3710437580029975
0,33.66368023641765,1000,0,max_steps,4.5785164081828915,1.2295457099990017,astar,False,0,318691,0,7392,978,0.3184741490003944,0,0.0,0.05443910699978005,0,5,5,A,6256,0.525,False,3.88233132699861
0,33.11100964653219,1000,0,max_steps,6.862784602477335,0.8684066710011393,astar,False,0,286965,0,8255,1048,0.35732952800026396,0,0.0,0.031199402999845915,0,5,5,A,6257,0.375,False,2.247248693001893
0,33.15745056313582,1000,0,max_steps,7.550434590141151,1.771114002000104,astar,False,0,281255,0,25222,3218,0.5861616600013804,0,0.0,0.07112493299973721,0,4,4,A,6258,0.5,False,4.1093285200004175
0,33.6745354506424,1000,0,max_steps,3.3764348801657635,1.148050741001498,astar,False,0,299816,0,3186,407,0.25657613600014884,0,0.0,0.02521958299985272,0,5,5,A,6259,0.3875,False,2.615003347003949
0,34.08670404639158,1000,0,max_steps,2.881460133335178,1.0376804649986298,astar,False,0,359966,0,4761,618,0.5932618690003437,0,0.0,0.029010012000071583,0,4,4,A,6260,0.4125,False,3.338355515998046
0,32.86694811021313,1000,0,max_steps,6.859140798963087,0.669695620001221,astar,False,0,301309,0,32770,4174,0.2662378169989097,0,0.0,0.08195669500128133,0,6,6,A,6261,0.4,False,2.971771513000931
0,32.0456870635633,1000,0,max_steps,12.42956405108401,1.44883129200025,astar,False,0,390005,0,357889,44764,0.3397515990000102,0,0.0,0.5394357810000656,0,5,5,A,6262,0.5,False,4.317517346000386
0,33.01905823950007,1000,0,max_steps,8.055064400735723,1.1403021249989251,astar,False,0,305939,0,250346,31320,0.7380332230004569,0,0.0,0.39299470400146674,0,4,4,A,6263,0.425,False,2.846948705999239
0,31.458929365100126,1000,0,max_steps,10.128811011170066,1.309729761998824,astar,False,0,457865,0,190572,23900,0.4819136920013989,0,0.0,0.35015836899947317,0,7,7,A,6264,0.5875,False,5.177016629997524
0,34.17227872240885,1000,0,max_steps,2.7400387770978716,0.6529056099989248,astar,False,0,265624,0,3632,472,0.23463314499895205,0,0.0,0.03896642899962899,0,6,6,A,6265,0.4,False,2.1175750359980157
0,33.35345478113737,1000,0,max_steps,5.19329495599855,1.230870679999498,astar,False,0,311165,0,166865,21024,0.9182374339998205,0,0.0,0.2499198850000539,0,3,3,A,6266,0.3375,False,3.0992947909981012
0,33.82803298017353,1000,0,max_steps,4.914423923513311,0.6523176710015832,astar,False,0,225278,0,3047,385,0.26345035399936023,0,0.0,0.005067757998403977,0,4,4,A,6267,0.4125,False,1.490870558003735
0,34.25172178572166,1000,0,max_steps,3.9421203051149996,0.8843016040009388,astar,False,0,375733,0,5032,653,0.6406978949999029,0,0.0,0.029608385999381426,0,5,5,A,6268,0.4875,False,3.3418408440011262
0,33.02106354747518,1000,0,max_steps,6.718095898392639,0.8979414590012311,astar,False,0,265546,0,6308,815,0.19024572200032708,0,0.0,0.04755457399915031,0,6,6,A,6269,0.5,False,2.669937858996491
0,34.22946509585628,1000,0,max_steps,3.3057242020471076,0.88070437100032,astar,False,0,313312,0,3770,476,0.6425920580004458,0,0.0,0.026143778000914608,0,4,4,A,6270,0.4375,False,2.738777749000292
0,32.00870512944117,1000,0,max_steps,7.568210653780718,1.6095003629998246,astar,False,0,395347,0,197275,24816,0.5526941110001644,0,0.0,0.3059215189987299,0,5,5,A,6271,0.4,False,3.9041288329990493
0,32.446496229954825,1000,0,max_steps,8.007984296937648,0.8308375890010211,astar,False,0,413842,0,5351,692,0.5527720949994546,0,0.0,0.03260898400003498,0,6,6,A,6272,0.5,False,3.286601542999051
0,34.113476306620036,1000,0,max_steps,4.808618564619154,1.282355612000174,astar,False,0,285941,0,174704,21930,1.002014527000938,0,0.0,0.27365001299949654,0,4,4,A,6273,0.45,False,3.648284335000426
0,33.56979897825477,1000,0,max_steps,3.906764966055674,1.204837833000056,astar,False,0,371545,0,2723,355,0.1806530499998189,0,0.0,0.026469149001059122,0,6,6,A,6274,0.5625,False,3.522362809999322
0,32.55311680509194,1000,0,max_steps,7.3255759159263345,1.6875380530000257,astar,False,0,411559,0,164210,20576,0.8204386890010937,0,0.0,0.2734822599995823,0,4,4,A,6275,0.55,False,4.747608338999271
0,34.658376885590904,1000,0,max_steps,3.6592775926403815,1.2863135249990592,astar,False,0,279049,0,10892,1402,0.7217500980004843,0,0.0,0.05171572799918067,0,4,4,A,6276,0.4125,False,4.491936562999399
0,32.48472559419636,1000,0,max_steps,8.771918974773989,2.0610781909999787,astar,False,0,339818,0,155772,19520,0.4193481160000374,0,0.0,0.2795884480001405,0,6,6,A,6277,0.4375,False,6.562239404000138
0,33.496357710383855,1000,0,max_steps,4.3663843738269295,1.0097841810002137,astar,False,0,345336,0,9053,1166,0.5439373320004961,0,0.0,0.05445744300050137,0,6,6,A,6278,0.425,False,4.305871345002743
0,34.713300946128115,1000,0,max_steps,1.7993922585139654,0.9858228800003417,astar,False,0,245602,0,97756,12276,0.8220404570001847,0,0.0,0.16081193200079724,0,3,3,A,6279,0.4125,False,1.4525850840000203
0,32.43680877820262,1000,0,max_steps,6.275572683030609,1.5407025189997512,astar,False,0,426110,0,2493,324,0.10677559099895007,0,0.0,0.028411035000317497,0,7,7,A,6280,0.5125,False,3.945316469998943
0,33.19917566224057,1000,0,max_steps,4.707075790764366,1.1333292440012883,astar,False,0,342493,0,106162,13384,0.6554009940009564,0,0.0,0.1925194499999634,0,4,4,A,6281,0.4875,False,2.7119996929995978
0,32.20675683568895,1000,0,max_steps,14.160828453872321,1.5898601260014402,astar,False,0,334210,0,342524,42874,0.29399216099955083,0,0.0,0.4768631959996128,0,6,6,A,6282,0.35,False,5.049206145000426
0,31.367764852496645,1000,0,max_steps,8.670081458671536,0.9535246309987997,astar,False,0,380567,0,122759,15423,0.4287436689992319,0,0.0,0.20524607800143713,0,8,8,A,6283,0.4875,False,3.9943130189985823
0,34.339706591239604,1000,0,max_steps,2.9168154723945086,1.0605512679994717,astar,False,0,231948,0,3850,491,0.716793684001459,0,0.0,0.01896577099978458,0,5,5,A,6284,0.425,False,3.0948844729973644
0,32.06004154245961,1000,0,max_steps,8.468267975211932,0.9026395479995699,astar,False,0,380315,0,8780,1104,0.21069661899855419,0,0.0,0.03565447700020741,0,6,6,A,6285,0.475,False,3.4203452479996486
0,32.86305232983629,1000,0,max_steps,6.593865520315076,0.805957094000405,astar,False,0,256847,0,17679,2259,0.17881894499987538,0,0.0,0.038429522999649635,0,6,6,A,6286,0.425,False,2.5179194130014366
0,32.76575760180855,1000,0,max_steps,7.008410126412408,1.1087698110004567,astar,False,0,386034,0,4020,530,0.2001964709997992,0,0.0,0.029732943999988493,0,5,5,A,6287,0.425,False,2.9507246909997775
0,32.72249445144021,1000,0,max_steps,6.509440260114536,1.00348741200105,astar,False,0,308468,0,5046,655,0.18416114499996183,0,0.0,0.027567611999984365,0,6,6,A,6288,0.425,False,3.3452538260007714
0,33.09685269057416,1000,0,max_steps,7.943649192908758,0.8297047980013303,astar,False,0,336121,0,14736,1889,0.2748986260012316,0,0.0,0.039399351000611205,0,6,6,A,6289,0.4875,False,3.3796830540013616
0,33.21392983599004,1000,0,max_steps,6.418552212142548,1.576495266001075,astar,False,0,408412,0,20040,2585,0.3966125839997403,0,0.0,0.07644036700003198,0,5,5,A,6290,0.4625,False,3.265971388998878
0,33.582984119263465,1000,0,max_steps,4.120262430962375,0.8239039569998567,astar,False,0,269388,0,192936,24234,0.531490567000219,0,0.0,0.28778755600069417,0,4,4,A,6291,0.4125,False,2.2788108160002594
0,33.789937355081385,1000,0,max_steps,3.2350135239284517,0.3044943599998078,astar,False,0,157329,0,8973,1158,0.23481092200017883,0,0.0,0.032570319999649655,0,6,6,A,6292,0.325,False,1.4388583029995061
0,33.44537481957831,1000,0,max_steps,4.525794129210913,1.0872609779999038,astar,False,0,493279,0,7938,1058,0.3880352479991416,0,0.0,0.03842399700079113,0,6,6,A,6293,0.5125,False,3.142654515999311
0,33.188328316078696,1000,0,max_steps,5.766741931108066,1.4306762349988276,astar,False,0,412778,0,162057,20348,1.1586306280005374,0,0.0,0.26794342399989546,0,4,4,A,6294,0.425,False,3.2910876569985703
0,31.266880743286304,1000,0,max_steps,7.0895389483378946,1.1697931390008307,astar,False,0,247097,0,3301,431,0.10411699099859106,0,0.0,0.005561623000176041,0,7,7,A,6295,0.3875,False,3.4903110389986978
0,33.370414480214194,1000,0,max_steps,4.47245039100491,1.0835475519998,astar,False,0,274679,0,12057,1546,0.2561778429990227,0,0.0,0.035217840000768774,0,5,5,A,6296,0.4375,False,2.6635729229983554
0,31.79168485951705,1000,0,max_steps,8.172228123345551,0.8943355350002093,astar,False,0,325098,0,25014,3164,0.1204632879998826,0,0.0,0.05382660499890335,0,7,7,A,6297,0.375,False,3.9649026560000493
0,32.59206707242702,1000,0,max_steps,6.22316740093017,0.7024123129995132,astar,False,0,264487,0,2482,331,0.1588362930015137,0,0.0,0.021625236000545556,0,7,7,A,6298,0.375,False,2.8548056109993922
0,33.54073185508543,1000,0,max_steps,4.967425137835495,0.865280473999519,astar,False,0,303852,0,3953,511,0.2772602100012591,0,0.0,0.025493989000096917,0,6,6,A,6299,0.4875,False,2.5889890779981215
0,32.96582778160275,1000,0,max_steps,6.629126073623883,1.19271099999969,astar,False,0,324595,0,9041,1164,0.18638519500018447,0,0.0,0.03474811900014174,0,6,6,A,6300,0.4875,False,2.558122716996877
0,34.39034706926149,1000,0,max_steps,2.3200888991588218,1.0825965450003423,astar,False,0,186291,0,260346,32577,0.43663716400078556,0,0.0,0.38183970499994757,0,3,3,A,6301,0.45,False,2.6838752559979184
0,33.323360172450606,1000,0,max_steps,5.347925999862,0.9858925019998424,astar,False,0,345527,0,56052,7108,0.5312271580005472,0,0.0,0.11707576499975403,0,5,5,A,6302,0.4625,False,3.659249185999215
0,32.138323696029765,1000,0,max_steps,6.838699620541904,1.220756586000789,astar,False,0,388259,0,202591,25466,0.8959263259985164,0,0.0,0.31922053699963726,0,5,5,A,6303,0.4625,False,4.037505437003347
0,33.21652491470437,1000,0,max_steps,8.20261010288798,0.7658230710003409,astar,False,0,319328,0,60814,7796,0.6478477860000567,0,0.0,0.11688205499922333,0,4,4,A,6304,0.4375,False,1.9110161999997217
0,31.821782809723818,1000,0,max_steps,8.14940565317496,0.6603466119995574,astar,False,0,284491,0,13680,1759,0.3503767229994992,0,0.0,0.05693212400001357,0,7,7,A,6305,0.4125,False,3.2100124479984515
0,34.09526952840958,1000,0,max_steps,5.509792418957359,0.870325687001241,astar,False,0,176934,0,70926,8998,0.7537642540009983,0,0.0,0.11501565199978359,0,3,3,A,6306,0.4375,False,1.3798058940010378
0,32.69654687176695,1000,0,max_steps,6.376935980547395,0.8223708980003721,astar,False,0,244931,0,159204,20021,0.5799661470009596,0,0.0,0.23863352700027463,0,5,5,A,6307,0.4125,False,2.5373854740009847
0,33.885491025454286,1000,0,max_steps,4.1202624309623745,1.1606126749993564,astar,False,0,342928,0,4975,647,0.2215736879988981,0,0.0,0.027167102998646442,0,5,5,A,6308,0.5,False,3.481516281999575
0,33.55876561305673,1000,0,max_steps,3.341079541106433,0.8681960679987242,astar,False,0,372299,0,3888,498,0.6456606240008114,0,0.0,0.02798296999935701,0,5,5,A,6309,0.475,False,2.850957712997115
0,33.60689681822941,1000,0,max_steps,3.729988270759037,0.6782316229982825,astar,False,0,369317,0,2061,273,0.13111498100079189,0,0.0,0.0036404490001586964,0,6,6,A,6310,0.3625,False,2.5547917079966282
0,32.88968703207207,1000,0,max_steps,6.682556584122573,2.2263954049994936,astar,False,0,210828,0,10849,1385,0.19631892899997183,0,0.0,0.026732278000054066,0,5,5,A,6311,0.3375,False,4.301809056998536
0,33.253467650036605,1000,0,max_steps,5.709887258081368,1.346909202000461,astar,False,0,255979,0,16682,2143,0.4670901169993158,0,0.0,0.045715743999608094,0,6,6,A,6312,0.475,False,4.92548498799988
0,33.528875867069495,1000,0,max_steps,6.540761614674545,1.020217651999701,astar,False,0,348439,0,7490,961,0.37551029499991273,0,0.0,0.03325081399998453,0,5,5,A,6313,0.5375,False,2.9942690200005018
0,32.48630167539327,1000,0,max_steps,7.566063210150967,0.7175823179986764,astar,False,0,357861,0,21959,2809,0.6660879379996913,0,0.0,0.05091156399976171,0,6,6,A,6314,0.5375,False,3.36904076099745
0,33.407500060089106,1000,0,max_steps,9.529313327832178,1.2754942089995893,astar,False,0,378844,0,121916,15398,0.30903943500015885,0,0.0,0.20501392100049998,0,6,6,A,6315,0.4625,False,3.7875986590006505
0,34.03875443247471,1000,0,max_steps,4.790648442538859,1.1397594080008275,astar,False,0,359402,0,4324,555,0.32858296599988535,0,0.0,0.028611648000151035,0,6,6,A,6316,0.525,False,3.715765104001548
0,32.81554015864441,1000,0,max_steps,6.558415395505228,0.9468197379992489,astar,False,0,324301,0,5953,786,0.38005862799946044,0,0.0,0.029403387999991537,0,6,6,A,6317,0.45,False,2.745160094997118
0,32.63519997110348,1000,0,max_steps,4.755293103479528,1.1271855710001546,astar,False,0,481310,0,2608,339,0.3353962719993433,0,0.0,0.05751826699997764,0,7,7,A,6318,0.525,False,4.037135645001399
0,32.84575361688597,1000,0,max_steps,6.841258107979845,0.9263462700000673,astar,False,0,394231,0,6963,901,0.34480446499946993,0,0.0,0.056269086000611424,0,5,5,A,6319,0.5125,False,3.6163073449988588
0,33.18925318612318,1000,0,max_steps,4.658627748597217,1.359586541999306,astar,False,0,316335,0,17595,2261,0.5354361139998218,0,0.0,0.04316006800036121,0,5,5,A,6320,0.375,False,3.3099051720000716
0,33.33003332294243,1000,0,max_steps,11.147210974050862,1.7944209249999403,astar,False,0,349589,0,61463,7829,0.6474796720012819,0,0.0,0.12292525300108537,0,6,6,A,6321,0.5,False,4.5801726980007516
0,32.965754037527496,1000,0,max_steps,6.029329357399542,0.9988239459999022,astar,False,0,355244,0,6654,864,0.3167748310006573,0,0.0,0.030649327998617082,0,5,5,A,6322,0.5,False,3.3400754949998372
0,34.25690393379541,1000,0,max_steps,2.9699010926291773,0.666952069999752,astar,False,0,295174,0,7272,910,0.6176441009993141,0,0.0,0.049067685000409256,0,5,5,A,6323,0.475,False,2.1088369760018395
0,32.76468005496299,1000,0,max_steps,5.603821240903387,1.1605020730003162,astar,False,0,407714,0,6467,835,0.29053122499863093,0,0.0,0.03382274499927007,0,6,6,A,6324,0.425,False,4.158901288001289
0,33.25290405940085,1000,0,max_steps,7.371588193869756,1.1886468769989733,astar,False,0,400451,0,6137,791,1.0581547929996304,0,0.0,0.033171450999361696,0,5,5,A,6325,0.4875,False,3.8560935920013435
0,34.10670632633377,1000,0,max_steps,4.879068814845717,0.9084026789987547,astar,False,0,342696,0,14783,1935,0.8421759720004047,0,0.0,0.06576820299960673,0,5,5,A,6326,0.4875,False,2.853384305997679
0,32.288554262473916,1000,0,max_steps,6.310928022089935,1.139140180999675,astar,False,0,343223,0,7987,1001,0.43868870500045887,0,0.0,0.0344255179988977,0,5,5,A,6327,0.4875,False,4.282249513002171
0,32.74107888143608,1000,0,max_steps,6.562797612299191,0.8023037700004352,astar,False,0,324423,0,7529,996,0.16719594999995024,0,0.0,0.010441447000630433,0,5,5,A,6328,0.425,False,2.403452433001803
0,33.49923947335784,1000,0,max_steps,4.684582425360877,0.972160385999814,astar,False,0,214359,0,4389,563,0.09103401600077632,0,0.0,0.019340300999829196,0,6,6,A,6329,0.3625,False,3.1390892589988653
0,33.209800541528296,1000,0,max_steps,3.800698948877693,0.8674712430001819,astar,False,0,385985,0,3787,496,0.2878351629988174,0,0.0,0.02862065800036362,0,6,6,A,6330,0.4,False,2.948572906001573
0,31.961126592229014,1000,0,max_steps,10.13430128326566,1.2064488980013266,astar,False,0,412983,0,287743,36134,0.41906515000118816,0,0.0,0.42894384000101127,0,6,6,A,6331,0.5125,False,5.119006139000703
0,32.111972673650044,1000,0,max_steps,5.926555702935726,1.3406957480001438,astar,False,0,246551,0,40202,5102,0.21723765800015826,0,0.0,0.0782251130003715,0,5,5,A,6332,0.3625,False,2.504486009000175
0,33.15228839418734,1000,0,max_steps,4.984005668134816,1.2295682549993217,astar,False,0,239411,0,432442,54130,0.24556725500042376,0,0.0,0.6549323010003718,0,4,4,A,6333,0.4125,False,3.395743107997987
0,32.112433814153896,1000,0,max_steps,14.330790714402328,1.1447648289995414,astar,False,0,376150,0,204034,25530,0.3869833650005603,0,0.0,0.31457259799935855,0,6,6,A,6334,0.4625,False,5.7179686359995685
0,33.030026615949495,1000,0,max_steps,5.81767242976089,0.8067380280008365,astar,False,0,367259,0,4199,545,0.1943899749985576,0,0.0,0.02803012900039903,0,7,7,A,6335,0.4125,False,3.6261436109962233
0,33.25949701213145,1000,0,max_steps,5.5861715422997875,0.5656249349995051,astar,False,0,295682,0,4137,543,0.5088048920006258,0,0.0,0.02612461200078542,0,6,6,A,6336,0.325,False,2.0546424749991274
0,32.60198035442835,1000,0,max_steps,5.161909772555114,1.4099504309997428,astar,False,0,514330,0,6144,792,0.8554876669986697,0,0.0,0.06444406000082381,0,6,6,A,6337,0.6125,False,4.345812627998384
0,33.81208973645701,1000,0,max_steps,5.78934905667295,0.911273629999414,astar,False,0,298786,0,5643,734,0.31892977400093514,0,0.0,0.02646801199989568,0,5,5,A,6338,0.375,False,2.2229294669959927
0,33.35451569262466,1000,0,max_steps,6.678908032006426,1.895972033000362,astar,False,0,374240,0,6267,822,0.6124389590004284,0,0.0,0.03063578100045561,0,5,5,A,6339,0.5125,False,5.1890469689988095
0,34.488044225840355,1000,0,max_steps,2.59861742086056,1.1641897640001844,astar,False,0,388293,0,10298,1329,0.982217574999595,0,0.0,0.03690512700086401,0,4,4,A,6340,0.45,False,2.9519286369995825
0,33.679047610156914,1000,0,max_steps,5.693115359800817,0.9999966739997035,astar,False,0,318530,0,102650,12923,0.8241404569998849,0,0.0,0.17304820899880724,0,6,6,A,6341,0.4375,False,2.1796615190014563
0,33.28787087430395,1000,0,max_steps,5.444750912576255,0.7477882910006883,astar,False,0,277334,0,2603,340,0.2434780639996461,0,0.0,0.023232764999193023,0,5,5,A,6342,0.35,False,2.5466917120011203
0,34.69172712436866,1000,0,max_steps,3.7502083275466145,1.1573099750003166,astar,False,0,201545,0,99341,12446,0.366258949999974,0,0.0,0.16521649300011632,0,3,3,A,6343,0.325,False,1.9663630039995041
0,33.41770620866683,1000,0,max_steps,4.936629670129205,0.7123124410009041,astar,False,0,251754,0,5212,688,0.05224421599996276,0,0.0,0.040125333000105456,0,6,6,A,6344,0.35,False,1.9074702340021759
0,32.177112737831536,1000,0,max_steps,5.767500541829186,1.164810797001337,astar,False,0,350040,0,4114,535,0.17068726800061995,0,0.0,0.028133640000305604,0,7,7,A,6345,0.3875,False,4.312411377004537
0,32.02318078261632,1000,0,max_steps,9.5861390820288,0.9172982950003643,astar,False,0,319762,0,175426,22062,0.6635259880004014,0,0.0,0.2492458999986411,0,6,6,A,6346,0.4875,False,3.3915938250011095
0,32.93285966896859,1000,0,max_steps,7.095883489742483,1.1707424799988075,astar,False,0,372455,0,21617,2782,0.6982585820005625,0,0.0,0.11212294600045425,0,6,6,A,6347,0.5,False,3.8029343119978876
0,33.885340374570376,1000,0,max_steps,7.71332045879075,1.3752616900001158,astar,False,0,334550,0,71540,8965,0.14688035499966645,0,0.0,0.12730450600065524,0,6,6,A,6348,0.5125,False,3.6619329579989426
0,32.88176908323635,1000,0,max_steps,7.322503840900321,1.0544390079994628,astar,False,0,336056,0,78927,9943,0.4028307809985563,0,0.0,0.14273263799987035,0,5,5,A,6349,0.5,False,3.372273450000648
0,33.981938792075795,1000,0,max_steps,2.987526150513159,1.1009028240005136,astar,False,0,414862,0,3911,510,0.21576250700127275,0,0.0,0.029806287999235792,0,6,6,A,6350,0.475,False,4.001238132997969
0,34.13097682662569,1000,0,max_steps,2.492551403682579,0.8305819819997851,astar,False,0,226745,0,5665,736,0.7635845710010472,0,0.0,0.021447306000482058,0,4,4,A,6351,0.35,False,2.0150153639988275
0,33.18887437452581,1000,0,max_steps,8.762508915829983,1.3943851619987981,astar,False,0,395025,0,51284,6509,0.27145470200048294,0,0.0,0.11429882799893676,0,6,6,A,6352,0.575,False,3.8687007299977267
0,33.23455131479414,1000,0,max_steps,5.731737302075172,0.8849881759997515,astar,False,0,384403,0,167040,21032,0.6203860659989004,0,0.0,0.2605215120001958,0,4,4,A,6353,0.475,False,2.5394016200007172
0,32.46108906915949,1000,0,max_steps,5.250267850310113,1.811377657999401,astar,False,0,346013,0,10159,1306,0.376555847000418,0,0.0,0.05806198400023277,0,5,5,A,6354,0.425,False,3.7351256649999414
0,33.47813957925667,1000,0,max_steps,4.47245039100491,1.1367140479997033,astar,False,0,407832,0,3787,496,0.49888294599986693,0,0.0,0.02952437899875804,0,4,4,A,6355,0.425,False,2.6944610359969374
0,33.38577033008328,1000,0,max_steps,6.129156752767869,0.7240396269990015,astar,False,0,222419,0,63605,8017,0.6109696020012052,0,0.0,0.11164532600014354,0,4,4,A,6356,0.4125,False,1.8836716069981776
0,33.23585672737014,1000,0,max_steps,5.144201833132132,1.695236962999843,astar,False,0,406744,0,5671,719,0.7088185720003821,0,0.0,0.03140458999951079,0,4,4,A,6357,0.5125,False,4.4010283700026775
0,33.37414123321154,1000,0,max_steps,6.416994039267916,1.0441030929996487,astar,False,0,335346,0,5216,669,0.29335514800004603,0,0.0,0.02816723799878673,0,6,6,A,6358,0.4875,False,3.8260976940000546
0,33.29079347544493,1000,0,max_steps,6.4927122606812,1.1280030609996174,astar,False,0,418117,0,23995,3018,0.540513572999771,0,0.0,0.0794707400000334,0,4,4,A,6359,0.425,False,3.089386359000855
0,32.5354229207587,1000,0,max_steps,7.174194205623372,1.0203579760000139,astar,False,0,260066,0,7877,1014,0.25879649099988455,0,0.0,0.025406057000509463,0,7,7,A,6360,0.4375,False,3.442016152999713
0,32.988318663203124,1000,0,max_steps,5.926133857752453,1.4042891039989627,astar,False,0,286616,0,14628,1877,0.16254882400062343,0,0.0,0.038703587000782136,0,6,6,A,6361,0.3875,False,4.011283468000329
0,32.96956569610616,1000,0,max_steps,6.317263054519732,1.1681234700008645,astar,False,0,344703,0,68075,8637,0.9368073259993253,0,0.0,0.16569103300025745,0,5,5,A,6362,0.475,False,4.853405676001785
0,33.66306484807039,1000,0,max_steps,2.837527532906067,1.1912548659984168,astar,False,0,333429,0,143872,18070,0.9717183070006286,0,0.0,0.21540384400032053,0,4,4,A,6363,0.4625,False,3.0626901669984363
0,33.588860394366755,1000,0,max_steps,3.447145558284419,0.859725033000359,astar,False,0,276586,0,14942,1925,0.2675096790007956,0,0.0,0.04017288700015342,0,5,5,A,6364,0.4375,False,2.447588020002513
0,33.83259877574365,1000,0,max_steps,4.532555846318935,1.025659822000307,astar,False,0,284606,0,41395,5261,0.4047010030008096,0,0.0,0.09106992400120362,0,4,4,A,6365,0.4125,False,2.4044988040004682
0,31.676010599547674,1000,0,max_steps,8.47483406917209,0.9949730620010087,astar,False,0,452434,0,18173,2338,0.44309124700157554,0,0.0,0.049533452998730354,0,7,7,A,6366,0.575,False,4.216974824999852
0,32.700688185812,1000,0,max_steps,6.652936381779099,1.2614987819997623,astar,False,0,394311,0,118081,14873,0.6734919360005733,0,0.0,0.20169996399999945,0,6,6,A,6367,0.475,False,4.381012678999468
0,31.182843015396372,1000,0,max_steps,7.677992087779197,1.6366031809993729,astar,False,0,334895,0,10297,1340,0.12321413099925849,0,0.0,0.035173338999811676,0,7,7,A,6368,0.4625,False,4.625736127998607
0,34.50366805226934,1000,0,max_steps,3.4912837896682056,0.7951873450001585,astar,False,0,188958,0,62116,7773,0.4629990980010916,0,0.0,0.11274355400018976,0,4,4,A,6369,0.4,False,2.475647930999912
0,32.10718597179851,1000,0,max_steps,7.662347062095268,1.2258312360008858,astar,False,0,295640,0,96908,12198,0.5044480790002126,0,0.0,0.17150243800097087,0,6,6,A,6370,0.4,False,4.024024709002333
0,31.928668701092047,1000,0,max_steps,9.376516544005026,1.659156816000177,astar,False,0,420677,0,22895,2953,1.115019320999636,0,0.0,0.08063353200122947,0,5,5,A,6371,0.5625,False,5.361522458999389
0,33.16264891024462,1000,0,max_steps,6.169607969717361,1.2386410599992814,astar,False,0,366173,0,16398,2097,0.16475154399995517,0,0.0,0.04550580199975229,0,6,6,A,6372,0.4875,False,2.751685355999143
0,33.04081612057493,1000,0,max_steps,6.505406405444625,0.8116623899986735,astar,False,0,334387,0,12973,1666,0.4371896869997727,0,0.0,0.05933922700023686,0,6,6,A,6373,0.5375,False,2.9324223489984433
0,33.09647161953183,1000,0,max_steps,6.063440648674642,0.7219388960002107,astar,False,0,387341,0,4801,617,0.22029392999866104,0,0.0,0.007805670999005088,0,6,6,A,6374,0.525,False,2.466892648000794
0,33.22872489089326,1000,0,max_steps,5.621526705442212,1.7382414639996568,astar,False,0,341214,0,7643,970,0.34846250800001144,0,0.0,0.03315926600043895,0,5,5,A,6375,0.4125,False,3.905304939000416
0,32.87851451857294,1000,0,max_steps,7.002164843817945,1.347167380999963,astar,False,0,393053,0,4329,557,0.33360597300088557,0,0.0,0.030266528001448023,0,6,6,A,6376,0.475,False,4.997100006001347
0,32.15655425652638,1000,0,max_steps,7.363019930707777,1.0231964069989772,astar,False,0,360637,0,177978,22404,0.7112760420004633,0,0.0,0.28398809300051653,0,7,7,A,6377,0.425,False,4.682290414000818
0,33.074825831681146,1000,0,max_steps,5.992729970555986,0.9702144729999418,astar,False,0,301283,0,5662,737,0.31726044899914996,0,0.0,0.02827408099983586,0,6,6,A,6378,0.4875,False,3.870948281002711
0,32.86787586958187,1000,0,max_steps,6.982679464217157,1.8459816350004985,astar,False,0,389923,0,7030,898,0.46069508499931544,0,0.0,0.033318959998723585,0,4,4,A,6379,0.425,False,4.026159364002524
0,33.16808102222305,1000,0,max_steps,5.842436349674677,0.7731845600010274,astar,False,0,285168,0,182403,22927,0.4866843540003174,0,0.0,0.28134183600013785,0,5,5,A,6380,0.5375,False,2.337593027003095
0,32.91643791872522,1000,0,max_steps,8.443285053816432,1.0904837880007108,astar,False,0,309360,0,307210,38506,0.27955887200005236,0,0.0,0.4716715180002211,0,5,5,A,6381,0.3875,False,2.840132249002636
0,32.744406783702765,1000,0,max_steps,6.882881845564398,0.8659099129999959,astar,False,0,287175,0,6150,785,0.19355563099998108,0,0.0,0.008736235000469605,0,6,6,A,6382,0.35,False,3.4814873410014116
0,33.310348368898495,1000,0,max_steps,3.5885669145217256,1.177984486999776,astar,False,0,282341,0,6272,810,0.17952985299962165,0,0.0,0.02968743900055415,0,6,6,A,6383,0.4125,False,3.5747631379981613
0,33.90264042109359,1000,0,max_steps,4.04818632229298,1.3174674940000841,astar,False,0,333417,0,8929,1154,0.21758292900085507,0,0.0,0.033103296998888254,0,5,5,A,6384,0.4125,False,3.5827582610018
0,32.608785710458726,1000,0,max_steps,6.045788823635835,1.5029354770013015,astar,False,0,414910,0,11637,1497,0.3748550750005961,0,0.0,0.04074285600108851,0,5,5,A,6385,0.475,False,3.746583838999868
0,32.90181098867431,1000,0,max_steps,6.416994039267916,0.761453690000053,astar,False,0,284564,0,4959,635,0.5296875620006176,0,0.0,0.026988388000972918,0,5,5,A,6386,0.475,False,2.3330039299962664
0,32.082404352478235,1000,0,max_steps,10.433195220065615,0.9862945369986846,astar,False,0,272773,0,7868,987,0.48221312500027125,0,0.0,0.053624854001100175,0,6,6,A,6387,0.45,False,3.5675257370003237
0,31.8715521029712,1000,0,max_steps,7.2480385277673545,2.2361975309995614,astar,False,0,388388,0,15165,1935,0.5868987890007702,0,0.0,0.06550942299872986,0,6,6,A,6388,0.575,False,6.928913653999189
0,32.50969907569836,1000,0,max_steps,5.904579790298373,1.0482863180004642,astar,False,0,366074,0,11845,1526,0.479636947000472,0,0.0,0.04110468999897421,0,5,5,A,6389,0.475,False,3.34332469400033
0,33.687309266945924,1000,0,max_steps,3.729988270759037,0.8790956540015031,astar,False,0,394553,0,6067,784,0.1379501250012254,0,0.0,0.03206336199946236,0,6,6,A,6390,0.4625,False,3.304323253003531
0,33.11194906578803,1000,0,max_steps,8.012119725765459,1.1291489499999443,astar,False,0,360936,0,274912,34427,0.3276893030015344,0,0.0,0.41000955300114583,0,6,6,A,6391,0.5125,False,3.8636200380005903
0,32.90252954403669,1000,0,max_steps,6.7360272045175105,0.7974780129989085,astar,False,0,366347,0,5983,790,0.1502961249989312,0,0.0,0.009028251000927412,0,6,6,A,6392,0.5125,False,3.3011636179999186
0,33.74602921931864,1000,0,max_steps,4.143556745116443,1.1358294500005286,astar,False,0,290263,0,163228,20513,0.8740561220001837,0,0.0,0.257456176001142,0,4,4,A,6393,0.4375,False,3.2167403629991895
0,30.863872054578707,1000,0,max_steps,12.750306368868157,0.8966124950002268,astar,False,0,312076,0,40706,5112,0.15557831399928546,0,0.0,0.09623913100040227,0,7,7,A,6394,0.5,False,3.3408869370014145
0,33.51183854776835,1000,0,max_steps,7.124100820454463,1.7442516770006478,astar,False,0,284357,0,4972,648,0.3880935910001426,0,0.0,0.029014132000156678,0,5,5,A,6395,0.375,False,4.087514711001859
0,32.501967528642055,1000,0,max_steps,6.719398224543621,1.0783463480001956,astar,False,0,347995,0,7877,1002,0.11024003099919355,0,0.0,0.03312264200030768,0,7,7,A,6396,0.425,False,4.525331836000987
0,33.82275398305627,1000,0,max_steps,5.214912511250788,1.015282065000065,astar,False,0,184597,0,3225,416,0.3804441209995275,0,0.0,0.016038020999985747,0,4,4,A,6397,0.3125,False,2.392947953001567
0,33.184351328320986,1000,0,max_steps,6.218043301553954,0.9152451460013253,astar,False,0,337840,0,14140,1817,0.4287778840007377,0,0.0,0.03957248900042032,0,5,5,A,6398,0.525,False,2.9988953520005452
0,33.06290641581158,1000,0,max_steps,6.682743635663421,0.7620137249996333,astar,False,0,309883,0,2570,333,0.07492485399961879,0,0.0,0.02594565999970655,0,7,7,A,6399,0.4375,False,3.238271297002939
0,32.690623027384405,1000,0,max_steps,6.650305444113075,1.10067906400036,astar,False,0,360912,0,13482,1738,0.25743736200092826,0,0.0,0.040545932000895846,0,6,6,A,6400,0.425,False,4.056313104003493
0,33.10245132312687,1000,0,max_steps,5.185466468891682,1.50385551600084,astar,False,0,363331,0,16470,2117,0.7798495369988814,0,0.0,0.06932989100096165,0,3,3,A,6401,0.4375,False,3.6746474740011763
0,32.5851233819955,1000,0,max_steps,6.405393235391561,0.8221143859991571,astar,False,0,385724,0,16108,2054,0.150032031999217,0,0.0,0.06927290199928393,0,6,6,A,6402,0.5125,False,3.071279521998804
0,33.02318588669575,1000,0,max_steps,5.700137059755666,0.7864763639990997,astar,False,0,330570,0,31070,3984,0.4624695540005632,0,0.0,0.08401408700046886,0,5,5,A,6403,0.5125,False,2.924041070002204
0,33.03569824328053,1000,0,max_steps,5.345237366104519,0.9403528309994726,astar,False,0,355399,0,20358,2609,0.4448479219990986,0,0.0,0.049262157999692135,0,6,6,A,6404,0.475,False,2.666563808999854
0,33.73547822898491,1000,0,max_steps,4.348742634371456,0.7490259509995667,astar,False,0,224265,0,10603,1361,0.09969987700060301,0,0.0,0.03946805700070399,0,5,5,A,6405,0.3875,False,2.0683113349969062
0,33.560043409949486,1000,0,max_steps,4.0128309832336555,0.8159727469992504,astar,False,0,306794,0,4092,529,0.46851358999992954,0,0.0,0.04711990000032529,0,6,6,A,6406,0.375,False,3.4601276379999035
0,33.93000044327045,1000,0,max_steps,5.161909772555114,0.8803484929994738,astar,False,0,294811,0,23392,2979,0.37271969500034174,0,0.0,0.05208123199918191,0,5,5,A,6407,0.375,False,3.212017284000467
0,34.11939586644313,1000,0,max_steps,5.487514236883579,1.4867372999997315,astar,False,0,291142,0,179894,22742,0.8198846290015354,0,0.0,0.33150756699978956,0,3,3,A,6408,0.3375,False,3.81349133799813
0,32.88217135390465,1000,0,max_steps,6.2561220016876256,1.3642562320001161,astar,False,0,314303,0,205741,25864,0.4001924339991092,0,0.0,0.33569018299931486,0,4,4,A,6409,0.4375,False,3.981135349999022
0,33.053908667044226,1000,0,max_steps,6.098795987733973,1.15251139800057,astar,False,0,389417,0,5061,641,0.4649998919994687,0,0.0,0.03119781100031105,0,6,6,A,6410,0.6,False,4.131130427998869
0,31.81935234362688,1000,0,max_steps,7.794409053930899,0.7649951799994597,astar,False,0,389035,0,106805,13439,0.385941828999421,0,0.0,0.1856291650001367,0,6,6,A,6411,0.4625,False,3.049290917999315
0,31.539968963301092,1000,0,max_steps,8.316794003701183,1.608755752999059,astar,False,0,373577,0,6203,804,0.23860072599927662,0,0.0,0.032155340999452164,0,7,7,A,6412,0.475,False,6.143153820998123
0,32.533699978180415,1000,0,max_steps,7.649121681605018,0.8798843839995243,astar,False,0,368475,0,62865,7947,0.19275002500035043,0,0.0,0.12478865299999597,0,7,7,A,6413,0.475,False,3.1401314469967474
0,32.95315079864341,1000,0,max_steps,6.2648074591323235,1.0660872049993486,astar,False,0,342340,0,132451,16737,0.6136346019993653,0,0.0,0.22481146400059515,0,5,5,A,6414,0.4375,False,3.622524522997992
0,32.69736324108957,1000,0,max_steps,6.205264901678251,1.2860129350010538,astar,False,0,334606,0,2634,340,0.26387980400068045,0,0.0,0.025498745999357197,0,5,5,A,6415,0.4125,False,3.1243845820008573
0,33.49839875798702,1000,0,max_steps,7.583720228225718,1.5311941510008182,astar,False,0,341269,0,4499,584,0.5000955300001806,0,0.0,0.029143618001398863,0,6,6,A,6416,0.4625,False,3.8317611220008985
0,31.656036228438932,1000,0,max_steps,7.778355385298358,0.956925668000622,astar,False,0,370053,0,9866,1271,0.9170457560012437,0,0.0,0.03933039000003191,0,6,6,A,6417,0.475,False,3.180659948999164
0,32.878797802095406,1000,0,max_steps,6.222163008150781,1.2503533629987942,astar,False,0,253912,0,129965,16266,0.4365368769995257,0,0.0,0.22430774300119083,0,5,5,A,6418,0.3375,False,4.272162145998664
0,32.97559958947463,1000,0,max_steps,6.470051197633601,1.0121618039993336,astar,False,0,326269,0,7081,905,0.26120906400137756,0,0.0,0.031474681998588494,0,5,5,A,6419,0.45,False,3.061001418996966
0,32.23116275417039,1000,0,max_steps,8.90970327788754,1.191312017999735,astar,False,0,357140,0,254092,31860,0.8022778979993745,0,0.0,0.37963889599996037,0,6,6,A,6420,0.4875,False,3.4507902739987912
0,32.06137560260687,1000,0,max_steps,6.99895081422923,0.9217201400006161,astar,False,0,388722,0,7601,984,0.2937741339992499,0,0.0,0.033289377999608405,0,6,6,A,6421,0.4875,False,3.0705595549989084
0,31.49828270456155,1000,0,max_steps,11.788036838252584,1.3185269559999142,astar,False,0,445499,0,301467,37720,0.515614206000464,0,0.0,0.4656043699997099,0,6,6,A,6422,0.4125,False,4.603647329000523
0,32.45669459324553,1000,0,max_steps,8.365199489551937,1.5243192319994705,astar,False,0,385960,0,10569,1346,0.4818296310004371,0,0.0,0.03761701099938364,0,6,6,A,6423,0.5125,False,5.435301632996925
0,33.206068164130556,1000,0,max_steps,6.690595078167559,1.0468068609989132,astar,False,0,239357,0,90119,11345,0.18751352000072075,0,0.0,0.17879936099961924,0,5,5,A,6424,0.45,False,2.9157173139974475
0,31.05580396251917,1000,0,max_steps,10.121218429616066,1.5111104389998218,astar,False,0,393625,0,4829,619,0.3357708330004243,0,0.0,0.03146090100017318,0,6,6,A,6425,0.425,False,3.599175251998531
0,33.030006393696944,1000,0,max_steps,5.072505544600221,0.8956140579994099,astar,False,0,351946,0,160939,20220,0.6576375320000807,0,0.0,0.23393500199927075,0,5,5,A,6426,0.4375,False,3.6355618580000737
0,32.99184115286349,1000,0,max_steps,3.800698948877693,1.2739110900001833,astar,False,0,277100,0,7341,948,0.2347405880009319,0,0.0,0.010536808000324527,0,5,5,A,6427,0.4125,False,2.2393630030001077
0,33.47082330536715,1000,0,max_steps,5.515461222780918,0.5237141199995676,astar,False,0,250325,0,13631,1774,0.20498925399988366,0,0.0,0.04631386100118107,0,6,6,A,6428,0.475,False,1.9268625729982887
0,33.88693041239198,1000,0,max_steps,2.3335193378243066,0.8741815590001352,astar,False,0,260076,0,18936,2446,0.8335291620005592,0,0.0,0.04028613300033612,0,4,4,A,6429,0.3875,False,1.6355048130008072
0,34.033288377051136,1000,0,max_steps,3.128947506750471,0.7636742349986889,astar,False,0,207791,0,5968,778,0.46334771500005445,0,0.0,0.021114154000315466,0,5,5,A,6430,0.4,False,2.308430168999621
0,32.47949264725905,1000,0,max_steps,8.892148924753787,1.0292579059987474,astar,False,0,363675,0,112578,14181,0.338723487999232,0,0.0,0.19182641500083264,0,7,7,A,6431,0.5625,False,4.20161396399817
0,33.79743092028475,1000,0,max_steps,3.3412666011559136,1.2978261019998172,astar,False,0,389882,0,17749,2263,0.7988371729989012,0,0.0,0.04700551899986749,0,5,5,A,6432,0.45,False,3.9256143200000224
0,33.06136487741434,1000,0,max_steps,7.284937371041701,1.561276528000235,astar,False,0,348466,0,5919,772,0.2947222179991513,0,0.0,0.031069951999597833,0,5,5,A,6433,0.4875,False,3.1802036650024093
0,32.735854874960424,1000,0,max_steps,7.776667827546706,1.291899341998942,astar,False,0,291434,0,336148,42135,0.5151276780015905,0,0.0,0.48484529699999257,0,4,4,A,6434,0.325,False,3.172350741999253
0,33.784720271172404,1000,0,max_steps,5.902991826184411,1.3428466430013941,astar,False,0,439203,0,126698,15888,1.1193687689992657,0,0.0,0.22034050899856084,0,5,5,A,6435,0.45,False,3.4465809100020124
0,33.40325239654506,1000,0,max_steps,4.437095051945585,0.9318818749998172,astar,False,0,298375,0,10162,1315,0.3361648879999848,0,0.0,0.033425140998588176,0,7,7,A,6436,0.475,False,3.8807294620000903
0,33.52929081539765,1000,0,max_steps,5.038135815954151,1.0598144400009915,astar,False,0,342168,0,14471,1844,1.0167730539997137,0,0.0,0.042752575000122306,0,5,5,A,6437,0.4375,False,3.713449811000828
0,34.01725453236515,1000,0,max_steps,3.0228814895724896,1.195264504998704,astar,False,0,263046,0,7057,908,0.19548250600018946,0,0.0,0.04742157000146108,0,5,5,A,6438,0.4,False,3.6711135300010937
0,34.04928102255147,1000,0,max_steps,3.906764966055674,0.6244291890016029,astar,False,0,289217,0,4917,638,0.36229710100087686,0,0.0,0.026702326998929493,0,5,5,A,6439,0.425,False,2.2050653460009926
0,33.11454466403486,1000,0,max_steps,7.759530430380436,1.5520869079991826,astar,False,0,386485,0,104453,13202,0.854387236000548,0,0.0,0.18655213199963327,0,4,4,A,6440,0.475,False,3.9199491090002994
0,32.75209433722936,1000,0,max_steps,7.937273618818992,1.6022662630002742,astar,False,0,291824,0,3579,462,0.3824411430014152,0,0.0,0.02450484400105779,0,6,6,A,6441,0.4625,False,4.435816047998742
0,32.25128572567868,1000,0,max_steps,8.91713589108072,1.0386457549993793,astar,False,0,400417,0,281971,35385,0.36206013199989684,0,0.0,0.39485931399940455,0,7,7,A,6442,0.4375,False,3.988071421999848
0,33.85708004439562,1000,0,max_steps,5.428886856437512,0.5608053010000731,astar,False,0,184867,0,37036,4690,0.4863067649985169,0,0.0,0.0736026819995459,0,5,5,A,6443,0.3875,False,1.9588110760014388
0,32.554721377865405,1000,0,max_steps,11.018237722067898,1.951788258000306,astar,False,0,471658,0,298635,37532,0.8254964230000041,0,0.0,0.4375928399986151,0,5,5,A,6444,0.4875,False,6.361955393002063
0,33.7432312584104,1000,0,max_steps,4.5819278147958595,1.2606373880007595,astar,False,0,316373,0,44219,5579,0.45243214900074236,0,0.0,0.10115784000117856,0,4,4,A,6445,0.525,False,3.2472757260002254
0,33.413068011980116,1000,0,max_steps,6.434890247704305,1.0208047160012939,astar,False,0,327052,0,20993,2646,0.9493280480000976,0,0.0,0.07063627000025008,0,5,5,A,6446,0.3625,False,2.7045426680015225
0,32.721233163383964,1000,0,max_steps,5.537175498392659,0.9101325969986647,astar,False,0,286715,0,2972,388,0.11515820599925064,0,0.0,0.023540858999695047,0,6,6,A,6447,0.4375,False,3.085120448997259
0,31.34441877412588,1000,0,max_steps,9.336638179773274,1.5802309039991087,astar,False,0,432214,0,6793,880,0.3246857899994211,0,0.0,0.03503888500017638,0,6,6,A,6448,0.4875,False,4.376308303999394
0,31.841482023903847,1000,0,max_steps,8.33098508581068,1.2057249160006904,astar,False,0,403977,0,14355,1854,0.490288689999943,0,0.0,0.043215490000875434,0,6,6,A,6449,0.5,False,4.23613696800021
0,34.7206753957581,1000,0,max_steps,2.156748130867393,0.9427874570010317,astar,False,0,340177,0,11194,1450,0.3238773709999805,0,0.0,0.035681819999808795,0,4,4,A,6450,0.4,False,2.138625301002321
0,33.7693604067334,1000,0,max_steps,4.437095051945585,0.7785721540003578,astar,False,0,213386,0,5332,679,0.08897348800019245,0,0.0,0.009255580998797086,0,5,5,A,6451,0.4,False,2.1273333540011663
0,33.13668850239757,1000,0,max_steps,8.945337472672561,1.6027322400004778,astar,False,0,327001,0,266742,33666,1.2085919660003128,0,0.0,0.38627824100149155,0,4,4,A,6452,0.475,False,3.5389180649981427
0,33.81831347071638,1000,0,max_steps,4.817708220720717,1.006751404998795,astar,False,0,334892,0,26949,3442,0.9499130019994482,0,0.0,0.05636625999977696,0,4,4,A,6453,0.45,False,2.302183159999913
0,33.25976094700044,1000,0,max_steps,4.5785164081828915,1.2273741019998852,astar,False,0,312194,0,3231,420,0.17424189300072612,0,0.0,0.02524344100129383,0,5,5,A,6454,0.4375,False,3.1549508919979417
0,32.97804141987379,1000,0,max_steps,5.216829736535397,0.9601508949999698,astar,False,0,255319,0,15078,1935,0.39425113099969167,0,0.0,0.04831944399847998,0,5,5,A,6455,0.45,False,3.3304990630003886
0,32.10769837538325,1000,0,max_steps,7.274205283053263,1.2080277140012186,astar,False,0,418985,0,48611,6164,0.5619596129999991,0,0.0,0.11062708999997994,0,7,7,A,6456,0.45,False,4.128145267999571
0,33.24238446483176,1000,0,max_steps,3.8958712119370658,1.4993842719995882,astar,False,0,388438,0,11170,1445,0.18327492000025813,0,0.0,0.04034675100047025,0,5,5,A,6457,0.4875,False,3.0426544950005336
0,34.135137295988734,1000,0,max_steps,3.906764966055674,1.4149702550002985,astar,False,0,298193,0,3912,510,1.3884466679992329,0,0.0,0.02632945900040795,0,3,3,A,6458,0.375,False,3.3956127660003403
0,34.05271279553958,1000,0,max_steps,2.8461047942758526,1.3024538560002838,astar,False,0,299608,0,5038,656,0.34266369699980714,0,0.0,0.027139650001117843,0,5,5,A,6459,0.3125,False,3.544076047000999
0,32.29325872695732,1000,0,max_steps,7.514423630592036,0.9355975970011059,astar,False,0,367607,0,54751,6905,0.5941442909988837,0,0.0,0.11852155300039158,0,4,4,A,6460,0.4625,False,3.385969587001455
0,32.65540965909297,1000,0,max_steps,12.092004072940101,2.091044631000841,astar,False,0,467250,0,321805,40372,0.4239305470000545,0,0.0,0.4891898879996006,0,6,6,A,6461,0.5125,False,5.269353786003194
0,32.03021192963061,1000,0,max_steps,6.806729207189012,1.5430446139998821,astar,False,0,372704,0,7528,942,0.49231141100062814,0,0.0,0.05542159299875493,0,6,6,A,6462,0.475,False,3.8531557070000417
0,33.411099745014745,1000,0,max_steps,4.454106251539131,1.0514024240001163,astar,False,0,364333,0,32722,4149,0.9629504969998379,0,0.0,0.08784401500088279,0,4,4,A,6463,0.3875,False,2.977914375002001
0,31.99169605145042,1000,0,max_steps,8.860463447246985,1.299858670001413,astar,False,0,441972,0,233328,29453,0.7880893559995457,0,0.0,0.36146924599961494,0,6,6,A,6464,0.5375,False,5.294937438000488
0,32.37308081436202,1000,0,max_steps,8.344028553402724,1.2287852539993764,astar,False,0,346624,0,5718,729,0.14265565299865557,0,0.0,0.029427192001094227,0,7,7,A,6465,0.4875,False,4.131641524996667
0,33.63206224558669,1000,0,max_steps,7.523068689039066,1.0009907949988701,astar,False,0,340005,0,7981,1017,0.14042751699889777,0,0.0,0.03165016999992076,0,5,5,A,6466,0.3375,False,3.482039171998622
0,33.63826976125105,1000,0,max_steps,4.687649997600077,0.9855873270007578,astar,False,0,234210,0,89283,11332,0.8391270459997031,0,0.0,0.1444731960000354,0,3,3,A,6467,0.4125,False,2.3256027870011167
0,32.57313125280885,1000,0,max_steps,6.936159780454886,1.2077612379998754,astar,False,0,342869,0,22991,2932,0.29550279499926546,0,0.0,0.04958415100009006,0,6,6,A,6468,0.425,False,3.4393449899998814
0,32.655885851326396,1000,0,max_steps,6.550691757364254,1.3480935799998406,astar,False,0,340144,0,41944,5374,0.4996198959997855,0,0.0,0.07657161999850359,0,5,5,A,6469,0.4125,False,4.309470849000718
0,32.265959997029015,1000,0,max_steps,6.77054742986119,1.0894431070009887,astar,False,0,416029,0,5203,677,0.2844552679998742,0,0.0,0.032211882000410696,0,5,5,A,6470,0.5,False,3.8358697360017686
0,32.069371487218156,1000,0,max_steps,6.612606331848282,1.042191817999992,astar,False,0,338667,0,2892,376,0.26854515699960757,0,0.0,0.026894595999692683,0,8,8,A,6471,0.4875,False,3.2209669489966473
0,32.98195760597775,1000,0,max_steps,6.979725102036612,1.0289626180001505,astar,False,0,326677,0,6186,784,0.7498517960011668,0,0.0,0.030425576000197907,0,5,5,A,6472,0.4625,False,3.023436298000888
0,33.69196572060211,1000,0,max_steps,4.2603183566489475,1.2537275100003171,astar,False,0,360617,0,7358,975,0.3696729769999365,0,0.0,0.03369143500094651,0,4,4,A,6473,0.4625,False,3.424995524001133
0,33.80054703177129,1000,0,max_steps,3.623922253581056,1.0131460070006142,astar,False,0,364161,0,6079,790,0.1772527449993504,0,0.0,0.009335691998785478,0,5,5,A,6474,0.4375,False,2.9261590810019698
0,32.72451152279793,1000,0,max_steps,7.701805794747099,1.11706497600062,astar,False,0,255143,0,100562,12633,0.15830314999948314,0,0.0,0.1626432980010577,0,4,4,A,6475,0.4,False,2.2241246870016766
0,33.24805139776419,1000,0,max_steps,5.530850974307658,1.052305624998553,astar,False,0,351464,0,76319,9640,0.5111000289998628,0,0.0,0.14841530099874944,0,4,4,A,6476,0.4375,False,3.369556976998865
0,33.34268274157793,1000,0,max_steps,6.982679464217157,0.8740473840007326,astar,False,0,348643,0,16863,2206,0.6126269630003662,0,0.0,0.04635055200014904,0,5,5,A,6477,0.5125,False,2.9061459100030334
0,34.70927045816719,1000,0,max_steps,2.2804193693266117,1.066090312000597,astar,False,0,272409,0,4372,554,0.3163379799989343,0,0.0,0.049417186999562546,0,4,4,A,6478,0.4625,False,2.037017245002062
0,32.50097104090104,1000,0,max_steps,6.28333609637428,0.8915111480000633,astar,False,0,360810,0,8872,1119,0.309350061999794,0,0.0,0.03443555900048523,0,6,6,A,6479,0.5375,False,3.2295597509983054
0,33.34515937792287,1000,0,max_steps,5.988139318686562,0.8183695430016087,astar,False,0,354154,0,8578,1101,0.2243201199999021,0,0.0,0.05499978499938152,0,5,5,A,6480,0.4625,False,3.2829380520015548
0,32.33664463320451,1000,0,max_steps,6.912511301979909,1.6317522340013966,astar,False,0,345101,0,90783,11447,0.31487709599969094,0,0.0,0.16470187499908207,0,6,6,A,6481,0.4125,False,4.315932428000451
0,34.41484159273799,1000,0,max_steps,2.5882547208495525,0.6905921420002414,astar,False,0,256310,0,58155,7397,0.5596587239997461,0,0.0,0.1297789250002097,0,4,4,A,6482,0.3875,False,1.6799156100005348
0,33.964264704251754,1000,0,max_steps,2.386485386504598,0.9813685879998957,astar,False,0,382026,0,9030,1168,0.8786255930008338,0,0.0,0.03622761999940849,0,4,4,A,6483,0.5375,False,2.750224700996114
0,32.77322045229892,1000,0,max_steps,6.532634422650632,1.145383685001434,astar,False,0,353445,0,47363,5983,1.036761019999176,0,0.0,0.10756110500005889,0,4,4,A,6484,0.575,False,3.114959328002442
0,33.24340111696777,1000,0,max_steps,6.010433636602269,0.8976128419999441,astar,False,0,353087,0,2460,318,0.20591213999978208,0,0.0,0.004336051000791485,0,8,8,A,6485,0.55,False,3.8204069759995036
0,33.18040882052616,1000,0,max_steps,6.982679464217157,0.9991094510005496,astar,False,0,269633,0,6322,810,0.3985639270013053,0,0.0,0.02786084400031541,0,5,5,A,6486,0.4875,False,2.8665934260025097
0,31.442651844949683,1000,0,max_steps,8.845991323757895,1.4159483720013668,astar,False,0,370715,0,16156,2075,0.3098291000005702,0,0.0,0.04436737499963783,0,6,6,A,6487,0.475,False,4.053290512001695
0,31.846703182739528,1000,0,max_steps,6.704406200402835,0.9387480289988162,astar,False,0,329133,0,14490,1874,0.20787469300012162,0,0.0,0.040322191000086605,0,6,6,A,6488,0.5625,False,3.309452772997247
0,33.43313073633985,1000,0,max_steps,3.4117902192250886,0.7817861330004234,astar,False,0,347031,0,4284,558,0.39136735099964426,0,0.0,0.027137947001392604,0,5,5,A,6489,0.45,False,2.7233995300011884
0,32.43570196755446,1000,0,max_steps,6.523060056445897,0.6649594050013548,astar,False,0,257859,0,6209,802,0.24801069099885353,0,0.0,0.023194609000711353,0,7,7,A,6490,0.4,False,2.8096252610030206
0,33.3529973125742,1000,0,max_steps,4.454807796078298,0.6593183940003655,astar,False,0,424418,0,14449,1874,0.16242779000094743,0,0.0,0.04410732100041059,0,7,7,A,6491,0.5,False,3.2581444069983263
0,33.396212136507984,1000,0,max_steps,5.356333867488095,1.1529068390009343,astar,False,0,407389,0,6380,822,0.4935225190001802,0,0.0,0.05889700800071296,0,6,6,A,6492,0.4125,False,3.561645079002119
0,33.80296590321354,1000,0,max_steps,3.1466748322634133,0.9935638869992545,astar,False,0,363729,0,6958,885,0.374797080999997,0,0.0,0.06628294700021797,0,5,5,A,6493,0.4125,False,3.275966218998292
0,33.70229256087722,1000,0,max_steps,5.338685465542991,1.2884671349984274,astar,False,0,299126,0,9312,1209,0.25663945700034674,0,0.0,0.032385017000706284,0,4,4,A,6494,0.5125,False,2.838108697998905
0,32.65497465783224,1000,0,max_steps,7.730802836704605,1.4106568200004403,astar,False,0,423037,0,165492,20993,1.1401153989991144,0,0.0,0.26753769899914914,0,5,5,A,6495,0.475,False,3.7555687129988655
0,33.86081277553712,1000,0,max_steps,3.2350135239284517,0.8530351630015502,astar,False,0,244891,0,9519,1200,0.6376390810000885,0,0.0,0.04197981399920536,0,5,5,A,6496,0.475,False,3.206094186001792
0,32.49863021595573,1000,0,max_steps,5.002780476894821,0.9213581960011652,astar,False,0,340621,0,21327,2715,0.1747573669999838,0,0.0,0.07278700300048513,0,6,6,A,6497,0.45,False,2.9231042340015847
0,34.265033239747424,1000,0,max_steps,3.341079541106433,1.0596224250002706,astar,False,0,268455,0,3543,459,0.2371422899996105,0,0.0,0.025025335999089293,0,4,4,A,6498,0.4,False,2.6400719880002725
0,31.541801311075314,1000,0,max_steps,9.650922883330896,0.8359014819998265,astar,False,0,347648,0,10475,1348,0.11606456099980278,0,0.0,0.035479011999996146,0,7,7,A,6499,0.3625,False,3.160068063001745
0,34.86428101651947,1000,0,max_steps,1.3653067420913128,0.9217935750002653,astar,False,0,180507,0,27528,3449,0.8708093219993316,0,0.0,0.050243985999259166,0,2,2,A,6500,0.4,False,1.507038236999506
0,34.300138230206635,1000,0,max_steps,3.873185058837234,1.5102722480005468,astar,False,0,356365,0,58120,7338,1.386135907001517,0,0.0,0.12248456599991187,0,4,4,A,6501,0.3875,False,2.5207052230016416
0,33.553409172585525,1000,0,max_steps,4.5078057300642405,0.7050994889996218,astar,False,0,250314,0,5308,680,0.40425962600056664,0,0.0,0.021979701001328067,0,5,5,A,6502,0.425,False,2.1064957850030623
0,32.869234740633665,1000,0,max_steps,5.3945864067600215,0.8689164639999944,astar,False,0,340790,0,23668,3014,0.2520755610003107,0,0.0,0.05188134899981378,0,6,6,A,6503,0.475,False,2.9676571209984104
0,32.98480941766249,1000,0,max_steps,6.594623757273796,1.0758758789997955,astar,False,0,236401,0,29069,3645,0.3440510649998032,0,0.0,0.06798665700080164,0,5,5,A,6504,0.4,False,2.934674208998331
0,32.93000131825847,1000,0,max_steps,7.426325639237749,1.0575086980006745,astar,False,0,391431,0,9058,1174,0.20048472999951628,0,0.0,0.0349820510000427,0,7,7,A,6505,0.525,False,3.7773258359993633
0,33.70267340380853,1000,0,max_steps,4.04818632229298,0.7118632530000468,astar,False,0,244744,0,2259,294,0.08947120500124583,0,0.0,0.0170423990002746,0,6,6,A,6506,0.425,False,2.531575764000081
0,32.7192581464162,1000,0,max_steps,5.951286625596182,1.1710161270002573,astar,False,0,361517,0,5772,747,0.6765692919998401,0,0.0,0.030315168000015547,0,4,4,A,6507,0.425,False,3.488965783000822
0,31.314847167713786,1000,0,max_steps,8.326257412547365,1.2445347889988625,astar,False,0,364642,0,6398,814,0.2291580740002246,0,0.0,0.03179736899983254,0,7,7,A,6508,0.475,False,4.29946574600217
0,33.47267962113939,1000,0,max_steps,4.6138717472422215,1.025727246000315,astar,False,0,321973,0,5063,652,0.2997365950013773,0,0.0,0.007450867000443395,0,4,4,A,6509,0.3875,False,1.7876484290009103
0,32.308385000290755,1000,0,max_steps,8.396967458553116,1.2963688769996224,astar,False,0,341498,0,14228,1824,0.4193198359989765,0,0.0,0.040349240000068676,0,4,4,A,6510,0.5375,False,2.306934326999908
0,33.33942116523508,1000,0,max_steps,5.104195578149408,1.2800718810012768,astar,False,0,266972,0,67304,8534,0.5951146299994434,0,0.0,0.12340967899945099,0,4,4,A,6511,0.5,False,3.18620679000378
0,32.960292050423156,1000,0,max_steps,6.646545155191528,0.9031463970004552,astar,False,0,235179,0,245163,30824,0.5458561479990749,0,0.0,0.3501017069993395,0,5,5,A,6512,0.4625,False,2.534641789001398
0,33.735514895471596,1000,0,max_steps,5.745242597140699,1.347329713000363,astar,False,0,305794,0,4845,610,0.2233943579994957,0,0.0,0.030640445000244654,0,6,6,A,6513,0.35,False,3.7426575730005425
0,32.253910027392855,1000,0,max_steps,6.2225647847169885,0.8798482099991816,astar,False,0,271350,0,9804,1250,0.5310688730005495,0,0.0,0.03347115600081452,0,6,6,A,6514,0.4875,False,3.2980185369979154
0,33.18563068510678,1000,0,max_steps,6.266702681634096,1.4334024179988774,astar,False,0,267472,0,134908,16898,0.1842255669998849,0,0.0,0.21549494800092361,0,4,4,A,6515,0.3625,False,3.3836568139977317
0,32.63159177234628,1000,0,max_steps,7.159456159513794,1.125338802999977,astar,False,0,326692,0,5827,751,0.11001968699929421,0,0.0,0.02975144499941962,0,5,5,A,6516,0.35,False,2.729004242002702
0,31.399200584108605,1000,0,max_steps,10.65265518544555,1.1405893379996996,astar,False,0,404222,0,15305,1978,0.3763268640013848,0,0.0,0.07389079699896683,0,7,7,A,6517,0.4625,False,4.645263287002308
0,34.3694766092788,1000,0,max_steps,2.953017524499302,1.146946120999928,astar,False,0,113993,0,241692,30236,0.4285428929997579,0,0.0,0.3593495989989606,0,3,3,A,6518,0.35,False,2.7605661540001165
0,33.74686274131308,1000,0,max_steps,6.593770734564553,1.5517095960003644,astar,False,0,397377,0,3752,495,0.15040049300114333,0,0.0,0.030780865999986418,0,5,5,A,6519,0.55,False,3.6987731940007507
0,32.34561461724013,1000,0,max_steps,6.310928022089935,1.2142078090000723,astar,False,0,480849,0,3297,415,0.38809414000024844,0,0.0,0.03210992099957366,0,6,6,A,6520,0.525,False,3.655632556998171
0,31.697432750192746,1000,0,max_steps,9.264465041220673,1.751246624000487,astar,False,0,419860,0,10216,1309,0.18658056999993278,0,0.0,0.03787343600015447,0,6,6,A,6521,0.45,False,4.341493777001233
0,32.75254418606856,1000,0,max_steps,6.010433636602269,1.3824863739991997,astar,False,0,381562,0,17314,2216,1.1613014659997134,0,0.0,0.04528755799947248,0,5,5,A,6522,0.425,False,4.763167320996217
0,34.26874762772837,1000,0,max_steps,6.137512729111035,0.8664936719997058,astar,False,0,198644,0,89736,11353,0.7302349340006913,0,0.0,0.13380851299916685,0,3,3,A,6523,0.475,False,1.4086381279994384
0,31.29666655961214,1000,0,max_steps,7.783977935477461,1.1167700850000983,astar,False,0,323247,0,10254,1338,0.2983809739998833,0,0.0,0.05385735700110672,0,7,7,A,6524,0.4125,False,3.568675106003866
0,32.85246898084508,1000,0,max_steps,8.516913319976902,1.0386125039985927,astar,False,0,357498,0,318582,39988,0.3411351199993078,0,0.0,0.4705081690008228,0,6,6,A,6525,0.5,False,5.3372377430005145
0,33.943243403092076,1000,0,max_steps,4.490162858961798,1.301588382000773,astar,False,0,337278,0,17718,2268,1.254880618000243,0,0.0,0.04607453399876249,0,3,3,A,6526,0.5,False,1.9597082750005939
0,32.44330831722892,1000,0,max_steps,9.599234995560842,1.21055759400042,astar,False,0,428878,0,3673,464,0.27064231999975163,0,0.0,0.058466147998842644,0,6,6,A,6527,0.475,False,3.662865330999921
0,32.91392301759959,1000,0,max_steps,6.310928022089935,1.009324270000434,astar,False,0,327520,0,18389,2362,0.3246855460001825,0,0.0,0.046504402000209666,0,6,6,A,6528,0.4625,False,2.797863651998341
0,33.5091024416686,1000,0,max_steps,5.303566017313255,0.9229284709999774,astar,False,0,336245,0,17776,2287,0.8759680530001788,0,0.0,0.04663093800081697,0,4,4,A,6529,0.4,False,3.310117470999103
0,34.230259500460974,1000,0,max_steps,2.3511300474452677,0.7988502900007006,astar,False,0,287523,0,9214,1196,0.23408543500045198,0,0.0,0.053386938001494855,0,5,5,A,6530,0.4625,False,2.008173304000593
0,34.48833519624115,1000,0,max_steps,4.842035987061639,1.4782998700011376,astar,False,0,281943,0,286505,35887,0.9946981440007221,0,0.0,0.47056361100112554,0,4,4,A,6531,0.4125,False,2.197262169001988
0,33.14457097639563,1000,0,max_steps,3.8714096269963436,0.9541718790005689,astar,False,0,274193,0,5748,739,0.2565567080000619,0,0.0,0.027992081000775215,0,6,6,A,6532,0.425,False,2.9428307189973566
0,32.82254658782522,1000,0,max_steps,4.295673695708273,1.458445722999386,astar,False,0,410695,0,14481,1862,0.30554173900054593,0,0.0,0.043771493999884115,0,4,4,A,6533,0.5,False,2.7622409829982644
0,32.92150095823896,1000,0,max_steps,7.351891763349074,0.9131588239997654,astar,False,0,297947,0,47431,6063,0.41925563999939186,0,0.0,0.09971319400028733,0,5,5,A,6534,0.4125,False,3.161088879996896
0,32.16487224717964,1000,0,max_steps,8.782528821472775,1.1647066109999287,astar,False,0,381249,0,301419,37718,0.3463754530002916,0,0.0,0.45664865500111773,0,5,5,A,6535,0.5,False,4.41350556100042
0,32.081302244700076,1000,0,max_steps,9.156299061302006,1.117992363000667,astar,False,0,223025,0,56536,7134,0.3188357239996549,0,0.0,0.10023042499960866,0,5,5,A,6536,0.45,False,2.697490980999646
0,33.5560891699746,1000,0,max_steps,5.320978528428769,0.6084851049999997,astar,False,0,187364,0,3927,503,0.08680396800082235,0,0.0,0.01797284900021623,0,5,5,A,6537,0.4125,False,1.998544147998473
0,31.37309664668944,1000,0,max_steps,8.609025060946214,1.1834442029994534,astar,False,0,322358,0,4882,616,0.3632713770002738,0,0.0,0.05395656600012444,0,6,6,A,6538,0.4125,False,4.141622550998363
0,33.13990916782027,1000,0,max_steps,4.967425137835495,1.2627167570008169,astar,False,0,227994,0,4317,561,0.12770068300051207,0,0.0,0.019412734000070486,0,5,5,A,6539,0.3875,False,3.0813104740009294
0,33.21070227080125,1000,0,max_steps,6.562988077088055,1.1367715209999005,astar,False,0,399498,0,185823,23415,0.7064104020009836,0,0.0,0.29151328400075727,0,5,5,A,6540,0.4375,False,4.23918771299941
0,33.186010580126045,1000,0,max_steps,3.6946329316997066,1.0585689389990875,astar,False,0,392539,0,6588,855,0.3079464519996691,0,0.0,0.03304719100015063,0,6,6,A,6541,0.4875,False,3.7056815560008545
0,34.22636492215206,1000,0,max_steps,1.64402326625872,0.5012936809998791,astar,False,0,182819,0,7829,1003,0.4776334010002756,0,0.0,0.02339607600151794,0,3,3,A,6542,0.3875,False,1.129511609000474
0,32.812473663021436,1000,0,max_steps,7.389287008906878,1.5779614429993671,astar,False,0,330805,0,8278,1061,0.49147084099968197,0,0.0,0.035029083001063555,0,4,4,A,6543,0.5,False,2.982676437999544
0,33.29692249158235,1000,0,max_steps,7.8312874101261265,1.6871058260003338,astar,False,0,224049,0,593538,74415,0.7557636599995021,0,0.0,0.896570832001089,0,3,3,A,6544,0.425,False,2.5666806759982137
0,33.27588267930392,1000,0,max_steps,5.453124104584453,1.2754834560000745,astar,False,0,263458,0,71217,8980,0.26293996700042044,0,0.0,0.1284356520009169,0,5,5,A,6545,0.3875,False,3.4064138240009925
0,32.284663959363996,1000,0,max_steps,8.70260377703133,0.8604094889997214,astar,False,0,342666,0,59058,7433,0.22756760499942175,0,0.0,0.12023671699898841,0,6,6,A,6546,0.4875,False,3.6578740750010184
0,32.70793915802883,1000,0,max_steps,6.023210315106056,0.8545753530015645,astar,False,0,339215,0,21066,2687,0.24048825799945917,0,0.0,0.048085575999721186,0,7,7,A,6547,0.5125,False,3.1379738010036817
0,32.61943507662315,1000,0,max_steps,6.936159780454886,1.092225589998634,astar,False,0,411588,0,29720,3804,0.600527697999496,0,0.0,0.06621969899970281,0,6,6,A,6548,0.4375,False,2.7712287089998426
0,32.91630465566301,1000,0,max_steps,5.709887258081368,1.0410223220005719,astar,False,0,202706,0,14581,1878,0.5533526130002429,0,0.0,0.04589771800056042,0,4,4,A,6549,0.3125,False,2.875146044001667
0,32.58769557807509,1000,0,max_steps,6.843541663495589,0.7162120230004803,astar,False,0,317386,0,3670,478,0.2171036859999731,0,0.0,0.005933393000304932,0,7,7,A,6550,0.4,False,3.393113294001523
0,32.34727623400396,1000,0,max_steps,5.8696518210197075,0.7727216570001474,astar,False,0,305353,0,96407,12138,0.26031877099921985,0,0.0,0.16601345600065542,0,7,7,A,6551,0.475,False,3.8412273290014127
0,32.68507617817951,1000,0,max_steps,6.275572683030609,0.8790892260003602,astar,False,0,343740,0,7265,936,0.2553328439989855,0,0.0,0.03135761299927253,0,7,7,A,6552,0.475,False,3.956790575000923
0,32.30130946807029,1000,0,max_steps,7.004485170231998,1.2234858289994008,astar,False,0,402747,0,122954,15418,0.3509621209996112,0,0.0,0.21680336799909128,0,7,7,A,6553,0.475,False,3.8001674960014498
0,33.739139871797455,1000,0,max_steps,4.455088382961665,0.6203873770009523,astar,False,0,269703,0,5752,744,0.5933661130002292,0,0.0,0.026854346000618534,0,5,5,A,6554,0.275,False,2.0348044520033
0,31.994201569928165,1000,0,max_steps,8.573669721886889,1.167162568999629,astar,False,0,328737,0,12510,1611,0.3723340010001266,0,0.0,0.04427559400028258,0,7,7,A,6555,0.475,False,4.84787034799956
0,33.37407133599177,1000,0,max_steps,4.786210661891093,1.434722990001319,astar,False,0,352141,0,67343,8512,1.1004629259987269,0,0.0,0.14103186699867365,0,3,3,A,6556,0.525,False,2.861751312000706
0,33.37772371024063,1000,0,max_steps,5.745242597140699,1.3436781319996953,astar,False,0,387880,0,5166,668,0.1678329880014644,0,0.0,0.031604019000951666,0,6,6,A,6557,0.375,False,3.464495995998732
0,32.75394268892045,1000,0,max_steps,8.183157245220205,1.1274740650005697,astar,False,0,384521,0,29625,3753,0.49933803800013266,0,0.0,0.08534957400115672,0,5,5,A,6558,0.425,False,3.4149985530002596
0,32.91917651243995,1000,0,max_steps,5.957374631496661,1.3542681170001742,astar,False,0,379228,0,4014,520,0.45334638799977256,0,0.0,0.029453003000526223,0,5,5,A,6559,0.4,False,2.9138172200036934
0,32.06918646611552,1000,0,max_steps,10.787507242176014,1.158321087999866,astar,False,0,421281,0,296193,37171,0.4558821489990805,0,0.0,0.44311122200087993,0,6,6,A,6560,0.5125,False,4.3311171179993835
0,33.188567648587565,1000,0,max_steps,6.843267677067731,1.0868496450002567,astar,False,0,358636,0,6496,845,0.34659034899959806,0,0.0,0.03310713000064425,0,5,5,A,6561,0.3625,False,3.1361674439976923
0,32.63046715484413,1000,0,max_steps,7.59368569931624,1.0602458899993508,astar,False,0,204393,0,30647,3906,0.19318242500048655,0,0.0,0.06721978000132367,0,5,5,A,6562,0.3875,False,2.0873761879956874
0,32.03771339175666,1000,0,max_steps,6.403441457528911,1.2796588040000643,astar,False,0,466676,0,27851,3546,0.724295632000576,0,0.0,0.08875706500111846,0,7,7,A,6563,0.6,False,5.045648093999262
0,34.367427080872055,1000,0,max_steps,2.4571960646232487,0.7873988920000556,astar,False,0,344468,0,2271,297,0.2863132679995033,0,0.0,0.026316634999602684,0,5,5,A,6564,0.45,False,2.4573655890017108
0,33.47584385589751,1000,0,max_steps,4.543161069123566,0.8572921220002172,astar,False,0,349850,0,5137,661,0.26610747700033244,0,0.0,0.02977968300001521,0,5,5,A,6565,0.3125,False,2.623983503002819
0,34.07222158224021,1000,0,max_steps,2.492551403682579,1.13262991999909,astar,False,0,411839,0,8485,1098,0.2134669480001321,0,0.0,0.03570405199934612,0,5,5,A,6566,0.4625,False,3.442152558001908
0,33.33392929620374,1000,0,max_steps,4.192590189846842,0.7417519119990175,astar,False,0,143988,0,297637,37340,0.2878728689993295,0,0.0,0.4371182040013082,0,5,5,A,6567,0.475,False,1.9102271280007699
0,33.183453247963314,1000,0,max_steps,6.416994039267916,1.7098345490012434,astar,False,0,313420,0,2136,278,0.3557093500003248,0,0.0,0.02390236700011883,0,6,6,A,6568,0.5,False,4.357729982002638
0,34.27757861127485,1000,0,max_steps,5.4433732648055635,1.003643005999038,astar,False,0,149344,0,292042,36580,0.2672997200006648,0,0.0,0.4307110110003123,0,3,3,A,6569,0.475,False,2.2329411589998927
0,31.554357547405356,1000,0,max_steps,9.335500120507737,1.3721371249994263,astar,False,0,372826,0,8861,1123,0.34683365799901367,0,0.0,0.05730674699952942,0,7,7,A,6570,0.3875,False,3.3427033820007637
0,32.519034439427436,1000,0,max_steps,6.558415395505228,1.2527426839988038,astar,False,0,409007,0,11242,1451,0.5633179579999705,0,0.0,0.03973374099950888,0,6,6,A,6571,0.4875,False,4.148945007998918
0,32.67208795664209,1000,0,max_steps,7.209563960462516,1.1219425090002915,astar,False,0,288138,0,152535,19187,0.47608896200108575,0,0.0,0.23791468999843346,0,6,6,A,6572,0.3875,False,3.1586741120027
0,31.668592984906635,1000,0,max_steps,10.22217259196889,0.7799431679995905,astar,False,0,327396,0,66624,8391,0.645358113999464,0,0.0,0.13019094000082987,0,5,5,A,6573,0.475,False,3.3104912680009875
0,33.111970141986234,1000,0,max_steps,7.066138443308338,0.9770290930009651,astar,False,0,333112,0,40093,5107,0.4348201009997865,0,0.0,0.09344788400085235,0,5,5,A,6574,0.525,False,3.4184967540004436
0,33.33123818482105,1000,0,max_steps,6.028085309615317,1.0095073970005615,astar,False,0,334928,0,3421,440,0.3825546680000116,0,0.0,0.04928860800100665,0,6,6,A,6575,0.45,False,4.036134770998615
0,33.67138561057497,1000,0,max_steps,4.631853030915379,0.7714636900000187,astar,False,0,253015,0,1923,251,0.06353693699929863,0,0.0,0.003488514999844483,0,6,6,A,6576,0.4375,False,2.8848684840013448
0,32.65916679250568,1000,0,max_steps,6.154901502055086,1.0764303369996924,astar,False,0,307817,0,189858,23789,0.2115419040001143,0,0.0,0.28809236500092084,0,7,7,A,6577,0.4375,False,3.427748847998373
0,33.075738475219495,1000,0,max_steps,6.229792332012358,1.1983930650003458,astar,False,0,347887,0,14344,1852,0.23449545800031046,0,0.0,0.04077580400007719,0,5,5,A,6578,0.4375,False,2.9467186450001464
0,34.84300214708659,1000,0,max_steps,2.704683438038541,0.6557466619997285,astar,False,0,160188,0,13257,1689,0.4316915269992023,0,0.0,0.03450118900036614,0,3,3,A,6579,0.4,False,1.547585121001248
0,32.86546152598923,1000,0,max_steps,5.343483180473199,0.9875526260002516,astar,False,0,404402,0,48224,6100,0.3091436110007635,0,0.0,0.10939613499976986,0,6,6,A,6580,0.45,False,3.4085828110019065
0,33.278945157031416,1000,0,max_steps,5.462399884666076,1.081436857000881,astar,False,0,401892,0,3016,389,0.30562194300000556,0,0.0,0.027858470999490237,0,7,7,A,6581,0.375,False,3.1964828930013027
0,33.870515832288454,1000,0,max_steps,3.97747564417433,0.8650491899988992,astar,False,0,166609,0,2824,369,0.11734113899910881,0,0.0,0.0145623179996619,0,4,4,A,6582,0.3,False,1.4820276659975207
0,32.635600070295176,1000,0,max_steps,8.608807263494752,0.7562793319993943,astar,False,0,354723,0,6032,787,0.45316040400030033,0,0.0,0.053146169000683585,0,6,6,A,6583,0.4375,False,3.2660465950011712
0,33.176308768792715,1000,0,max_steps,6.77054742986119,1.1572640060003323,astar,False,0,312657,0,12324,1580,0.6979578450009285,0,0.0,0.03831997700035572,0,4,4,A,6584,0.425,False,2.4875820470006147
0,33.25649409630952,1000,0,max_steps,6.399340786362293,1.3082669369996438,astar,False,0,336399,0,3390,439,0.2641910229995119,0,0.0,0.025813962000029278,0,5,5,A,6585,0.35,False,2.699038931999894
0,31.790049834417204,1000,0,max_steps,9.073260852637269,2.050140305000241,astar,False,0,334272,0,20648,2654,0.5154094219997205,0,0.0,0.06954451300043729,0,6,6,A,6586,0.4375,False,6.076959968000665
0,33.00952640242548,1000,0,max_steps,5.250267850310113,0.9780418679983995,astar,False,0,357249,0,2788,362,0.3670843949985283,0,0.0,0.05539940200105775,0,5,5,A,6587,0.475,False,3.1431901789965195
0,33.967143732501995,1000,0,max_steps,2.2108397725751154,1.546527470000001,astar,False,0,440337,0,14150,1807,1.50149822000094,0,0.0,0.04467364199990698,0,4,4,A,6588,0.475,False,3.5425740229984513
0,33.355329222268715,1000,0,max_steps,10.009448661140132,2.2669390039991413,astar,False,0,323963,0,72746,9139,0.5256913199991686,0,0.0,0.1468513769996207,0,5,5,A,6589,0.525,False,4.354559557998073
0,33.51848396996783,1000,0,max_steps,4.684582425360877,1.1100487519997841,astar,False,0,290259,0,7896,1018,0.5905282730000181,0,0.0,0.05159713300054136,0,4,4,A,6590,0.4625,False,2.4897411960009777
0,32.86564618086564,1000,0,max_steps,4.649227086301547,0.6790351629988436,astar,False,0,366937,0,9502,1234,0.5024496060013917,0,0.0,0.036353617999338894,0,6,6,A,6591,0.4375,False,2.6252040909985226
0,31.910144624492403,1000,0,max_steps,7.519744842745661,1.302444752998781,astar,False,0,349951,0,4855,635,0.20988329899955716,0,0.0,0.007822592999218614,0,6,6,A,6592,0.4,False,3.690611958001682
0,33.92625445112362,1000,0,max_steps,2.7400387770978716,0.6617289380010334,astar,False,0,250122,0,2309,300,0.08740031700108375,0,0.0,0.01783029700163752,0,7,7,A,6593,0.375,False,1.757272456001374
0,32.94204989836937,1000,0,max_steps,5.886663953378005,0.9532256419988698,astar,False,0,342568,0,6210,782,0.24934330900032364,0,0.0,0.05243718999918201,0,7,7,A,6594,0.375,False,3.2065214959984587
0,33.268338385899405,1000,0,max_steps,4.967550955954047,0.9470098339988908,astar,False,0,409058,0,19100,2452,0.4517473819996667,0,0.0,0.049102023000159534,0,6,6,A,6595,0.4375,False,2.754563443000734
0,33.55416060425321,1000,0,max_steps,6.3465788027881604,1.2103440359987871,astar,False,0,396964,0,11119,1435,1.1714375730007305,0,0.0,0.03868957700069586,0,5,5,A,6596,0.475,False,3.614055993997681
0,33.6946263694698,1000,0,max_steps,5.515461222780918,0.8084668500014232,astar,False,0,304787,0,6356,822,0.25458861799961596,0,0.0,0.04883402099949308,0,6,6,A,6597,0.425,False,3.05238160800036
0,32.824714247496765,1000,0,max_steps,7.767500402317335,1.149183080999137,astar,False,0,215367,0,140737,17671,0.2425747870001942,0,0.0,0.21892352900067635,0,5,5,A,6598,0.425,False,2.9717724160000216
0,33.35628579748375,1000,0,max_steps,3.6385522533007517,0.8334465399984765,astar,False,0,238776,0,146819,18465,0.6083732099996269,0,0.0,0.22150887599855196,0,4,4,A,6599,0.35,False,2.100581273996795
0,33.66211925524794,1000,0,max_steps,6.445080488248379,0.8596621729993785,astar,False,0,214171,0,181314,22796,0.5830669129991293,0,0.0,0.27209810499880405,0,5,5,A,6600,0.3375,False,2.614733536998756
0,33.017853632302426,1000,0,max_steps,6.181752381000066,1.1027334519985743,astar,False,0,390461,0,3661,461,0.1173694829994929,0,0.0,0.029360176999034593,0,6,6,A,6601,0.5125,False,4.143126519997168
0,33.33419814551574,1000,0,max_steps,7.799539249212094,0.8858584610006801,astar,False,0,274138,0,203593,25624,0.5429266049995931,0,0.0,0.33793850900110556,0,4,4,A,6602,0.4,False,2.1935420590016292
0,32.17956704685859,1000,0,max_steps,7.090684910500535,1.2729602399995201,astar,False,0,395385,0,199018,24887,0.5466905940011202,0,0.0,0.31287163900015,0,5,5,A,6603,0.4875,False,4.630712975000279
0,32.38799773251644,1000,0,max_steps,8.8638486279945,1.7288092159997177,astar,False,0,437728,0,158876,19947,0.2874795460011228,0,0.0,0.2633539720009139,0,7,7,A,6604,0.4625,False,4.639695467996717
0,34.47604340928556,1000,0,max_steps,4.31338758981847,0.9915032159988186,astar,False,0,340443,0,6863,886,0.3577550279987918,0,0.0,0.031103901999813388,0,6,6,A,6605,0.4,False,2.241379411998423
0,31.301686539026832,1000,0,max_steps,9.697180646971571,0.9856535449998773,astar,False,0,391221,0,171478,21551,0.3235768110007484,0,0.0,0.2763195139996242,0,8,8,A,6606,0.4625,False,4.318033233997994
0,34.63099244381021,1000,0,max_steps,2.686831312159358,1.0631490050000139,astar,False,0,220901,0,109164,13697,0.8857616580007743,0,0.0,0.1738338319992181,0,3,3,A,6607,0.4,False,2.1039796369987016
0,31.44361821232131,1000,0,max_steps,9.66218466497096,1.744227707000391,astar,False,0,368918,0,70995,8947,0.3726143599997158,0,0.0,0.1446225460003916,0,7,7,A,6608,0.475,False,5.697605124998518
0,33.81963618286278,1000,0,max_steps,3.3941585849809646,0.7266109689990117,astar,False,0,274164,0,6303,826,0.19738477200007765,0,0.0,0.00984541499929037,0,6,6,A,6609,0.45,False,2.0778354039994156
0,32.84000375064692,1000,0,max_steps,5.674642059196329,1.0314085480003996,astar,False,0,325931,0,9828,1233,0.5297139200010861,0,0.0,0.03490000399870041,0,6,6,A,6610,0.4,False,3.7496678389998124
0,33.42099884814576,1000,0,max_steps,4.89671445971684,1.3948524250008631,astar,False,0,362887,0,1957,255,0.1968983839997236,0,0.0,0.003686455000206479,0,5,5,A,6611,0.4625,False,3.1510904830010986
0,34.301881797069676,1000,0,max_steps,2.881460133335178,0.4961017450004874,astar,False,0,354432,0,3494,453,0.4480199009994976,0,0.0,0.026746126999569242,0,7,7,A,6612,0.425,False,2.3304172290008864
0,33.534590638514274,1000,0,max_steps,4.5785164081828915,1.3343960769998375,astar,False,0,269197,0,4593,586,0.27944158500031335,0,0.0,0.0255778940008895,0,5,5,A,6613,0.35,False,2.654708092999499
0,33.58534638873335,1000,0,max_steps,5.549352439699606,1.2850462129990774,astar,False,0,336455,0,234096,29414,0.9348876430012751,0,0.0,0.34347883599912166,0,3,3,A,6614,0.3625,False,2.7220698059991264
0,33.66475972211915,1000,0,max_steps,4.755293103479528,1.4240926260008564,astar,False,0,323252,0,4007,519,1.3761767949999921,0,0.0,0.04773805500008166,0,3,3,A,6615,0.3625,False,3.5917822740011616
0,33.243743555837355,1000,0,max_steps,5.385425934872744,1.5430771829996957,astar,False,0,470185,0,8441,1088,0.2064543379983661,0,0.0,0.03691686599995592,0,6,6,A,6616,0.55,False,3.7598754550017475
0,34.17386160110535,1000,0,max_steps,3.5532115754624,0.9289487679998274,astar,False,0,250958,0,5645,719,0.7796314829993207,0,0.0,0.02198816599957354,0,5,5,A,6617,0.3875,False,3.658719648998158
0,33.67680592255675,1000,0,max_steps,3.2350135239284517,0.9659758800007694,astar,False,0,362243,0,2596,340,0.07221930699961376,0,0.0,0.02738951100036502,0,6,6,A,6618,0.375,False,3.098250219001784
0,33.56721733734258,1000,0,max_steps,4.295673695708273,0.6004475650006498,astar,False,0,300026,0,5962,776,0.15429056899847637,0,0.0,0.03253691700047057,0,7,7,A,6619,0.4375,False,2.0332356150029227
0,32.757395718565604,1000,0,max_steps,6.098795987733973,1.221549653000693,astar,False,0,330843,0,6395,822,0.5677698190011142,0,0.0,0.054026801999498275,0,4,4,A,6620,0.475,False,3.96128779799983
0,32.78485407781778,1000,0,max_steps,5.530850974307658,0.910977928999273,astar,False,0,335913,0,105881,13339,0.44221906299935654,0,0.0,0.18061393000061798,0,5,5,A,6621,0.4875,False,3.2914778540016414
0,34.07877270134527,1000,0,max_steps,4.224963017589618,1.4554020559990022,astar,False,0,378976,0,3358,434,0.6729475639986049,0,0.0,0.027717410999684944,0,4,4,A,6622,0.4875,False,2.724979213999177
0,34.03236265233246,1000,0,max_steps,4.543161069123566,1.1665215570010332,astar,False,0,330890,0,4495,582,1.1390986059996067,0,0.0,0.02721414799998456,0,5,5,A,6623,0.45,False,3.6232432030028576
0,32.978245738939734,1000,0,max_steps,6.151854395221002,1.1359003299985488,astar,False,0,279081,0,9406,1186,0.33745557600013854,0,0.0,0.03168142100003024,0,5,5,A,6624,0.4375,False,3.999565051999525
0,33.40269884491336,1000,0,max_steps,2.6693280989792156,0.9364245109991316,astar,False,0,417044,0,5621,727,0.12147274500057392,0,0.0,0.008249364000221249,0,6,6,A,6625,0.45,False,2.863549545996648
0,32.867504627038066,1000,0,max_steps,4.525517926160496,1.2565716919998522,astar,False,0,294736,0,7596,966,0.3932875660011632,0,0.0,0.032338840999727836,0,5,5,A,6626,0.475,False,2.7412860599997657
0,34.67971239247453,1000,0,max_steps,3.8080917137064825,1.3225253179989522,astar,False,0,224535,0,251811,31504,0.16588519800097856,0,0.0,0.3889889670008415,0,3,3,A,6627,0.3125,False,2.5597702390004997
0,33.16781838122843,1000,0,max_steps,7.21536987963888,0.8500199589998374,astar,False,0,365281,0,148615,18697,0.29201259999899776,0,0.0,0.2681620090006618,0,6,6,A,6628,0.5375,False,3.5602999740021914
0,33.81306124328154,1000,0,max_steps,6.62705156913691,0.9134485730010056,astar,False,0,366389,0,216178,27218,0.40644388900000195,0,0.0,0.31588744199871144,0,5,5,A,6629,0.4875,False,2.843940148000911
0,32.103109108199845,1000,0,max_steps,9.087508596969798,1.0714567849991,astar,False,0,439672,0,19754,2479,0.08965201899991371,0,0.0,0.05104821300119511,0,7,7,A,6630,0.5375,False,4.661677383999631
0,32.424037769105695,1000,0,max_steps,7.742839433954442,1.1933195420006086,astar,False,0,344060,0,11663,1493,0.2734600619987759,0,0.0,0.06232291900050768,0,5,5,A,6631,0.4375,False,3.4260211450000497
0,33.365267510685875,1000,0,max_steps,5.321095986730549,0.7939747590007755,astar,False,0,251532,0,14601,1885,0.21898732199952065,0,0.0,0.0335714739994728,0,5,5,A,6632,0.3625,False,2.814545231998636
0,32.58085645332959,1000,0,max_steps,7.900494446552063,0.9078548420002335,astar,False,0,434211,0,71561,9044,0.42313866699987557,0,0.0,0.14390733799882582,0,7,7,A,6633,0.4875,False,3.5970413830000325
0,33.50429563499374,1000,0,max_steps,5.862300103201812,1.087779656998464,astar,False,0,300385,0,64006,8135,0.9645470240011491,0,0.0,0.12172206400100549,0,5,5,A,6634,0.425,False,2.8072082939997927
0,33.64744332867222,1000,0,max_steps,4.0488038357025875,1.0804287060000206,astar,False,0,274805,0,26945,3414,0.39816521600005217,0,0.0,0.07602493099875574,0,4,4,A,6635,0.4375,False,2.6882543170013378
0,33.012664776951866,1000,0,max_steps,8.213194415086006,0.9675509659991803,astar,False,0,348300,0,10841,1389,0.11659733000124106,0,0.0,0.039865768998424755,0,7,7,A,6636,0.425,False,2.974538118000055
0,33.42872378787422,1000,0,max_steps,5.6680298605423705,0.796047350999288,astar,False,0,288949,0,56009,7099,0.3041136039992125,0,0.0,0.11707716199998686,0,5,5,A,6637,0.4375,False,2.8269982319980045
0,32.54659960632343,1000,0,max_steps,9.054850219633671,1.768176367999331,astar,False,0,280541,0,26157,3271,0.7925442649993784,0,0.0,0.05607932600105414,0,4,4,A,6638,0.55,False,3.7893057579985907
0,32.05882434866607,1000,0,max_steps,6.87033932931991,1.1951116449999972,astar,False,0,366002,0,24412,3122,0.39553042000079586,0,0.0,0.07645666200005508,0,6,6,A,6639,0.475,False,3.93716868500087
0,31.06411381688542,1000,0,max_steps,15.61514689332124,1.829540786000507,astar,False,0,388856,0,29091,3712,0.32733980800003337,0,0.0,0.08443732299929252,0,6,6,A,6640,0.475,False,5.227668731999074
0,32.96399510739771,1000,0,max_steps,5.2578809895242,0.7515755590011395,astar,False,0,423514,0,24994,3197,0.2595599129999755,0,0.0,0.055675098999927286,0,7,7,A,6641,0.4375,False,3.0358926199969574
0,33.531400464374094,1000,0,max_steps,4.468675698683,1.3858514410003409,astar,False,0,351480,0,105625,13280,0.7931382770002529,0,0.0,0.18141851799919095,0,5,5,A,6642,0.5,False,4.010544767997999
0,33.945090077620854,1000,0,max_steps,3.906764966055674,1.3760838090001926,astar,False,0,281207,0,6113,792,0.21275339900057588,0,0.0,0.029904794000685797,0,4,4,A,6643,0.3875,False,3.8035401849992923
0,32.27621482032299,1000,0,max_steps,6.736676665834568,1.8158494330000394,astar,False,0,290758,0,11735,1494,0.48851592800019716,0,0.0,0.03591299600157072,0,4,4,A,6644,0.3875,False,3.5036318699985713
0,31.563041333699157,1000,0,max_steps,8.634758971737424,2.0226013869996677,astar,False,0,440831,0,95119,11974,0.41093140699922515,0,0.0,0.17327578799995536,0,6,6,A,6645,0.5625,False,6.168163323001863
0,33.2461196856174,1000,0,max_steps,5.3082777338794145,0.9613423270002386,astar,False,0,274605,0,8163,1053,0.19719062299918733,0,0.0,0.02995120599916845,0,5,5,A,6646,0.375,False,2.3148140929988585
0,33.45385941873642,1000,0,max_steps,5.603821240903387,1.3691334249997453,astar,False,0,322091,0,7122,927,0.39455992900002457,0,0.0,0.030502605999572552,0,3,3,A,6647,0.45,False,2.370913307000592
0,31.398539270304806,1000,0,max_steps,7.2372517228572315,1.4717601249994914,astar,False,0,389063,0,127521,15992,0.3114704600011464,0,0.0,0.2165321030006453,0,6,6,A,6648,0.5625,False,5.616551363998951
0,33.804060193664505,1000,0,max_steps,3.729988270759037,1.6455661370000598,astar,False,0,378426,0,6633,835,0.6564493459991354,0,0.0,0.03260372600016126,0,4,4,A,6649,0.4625,False,3.61843064599816
0,31.98870851297742,1000,0,max_steps,8.775623197243599,1.7899897959996451,astar,False,0,351343,0,87421,11018,0.898814874000891,0,0.0,0.15866497599927243,0,7,7,A,6650,0.4,False,5.679495970998687
0,33.91198311406194,1000,0,max_steps,4.7199377644202025,1.3792758880008478,astar,False,0,317569,0,3000,376,0.5498652370006312,0,0.0,0.025449881999520585,0,4,4,A,6651,0.5,False,3.0698945990006905
0,33.10566021443087,1000,0,max_steps,5.004778966148255,0.5852643210000679,astar,False,0,266771,0,25484,3271,0.4545610149998538,0,0.0,0.06916289000037068,0,5,5,A,6652,0.3375,False,1.8866768889984087
0,33.77204160676879,1000,0,max_steps,5.656881870783583,0.7199863779987936,astar,False,0,358886,0,6518,843,0.18798688999959268,0,0.0,0.03161068600093131,0,6,6,A,6653,0.525,False,2.619809896999868
0,33.61928306837505,1000,0,max_steps,5.041236207518946,1.4522791229992436,astar,False,0,325732,0,18210,2339,0.3443801710000116,0,0.0,0.06371695000052569,0,4,4,A,6654,0.4,False,2.9635462229998666
0,32.57022031537497,1000,0,max_steps,5.982604992810406,0.7792686789998697,astar,False,0,289253,0,16245,2085,0.7353989700004604,0,0.0,0.04320223400100076,0,5,5,A,6655,0.3875,False,2.2365601750007045
0,33.91288368369935,1000,0,max_steps,2.881460133335178,1.164914980001413,astar,False,0,417110,0,2890,364,0.5661277520011936,0,0.0,0.027903726999284117,0,5,5,A,6656,0.5,False,3.427639947998614
0,31.029976800923972,1000,0,max_steps,10.563276598669558,1.431500919001337,astar,False,0,413207,0,95924,12153,0.6513534949990571,0,0.0,0.17365710499871057,0,6,6,A,6657,0.6125,False,3.6993373070017697
0,33.24980318590356,1000,0,max_steps,6.174671043869461,1.034485897000195,astar,False,0,351034,0,149974,18847,0.3465060849994188,0,0.0,0.24541680100082885,0,6,6,A,6658,0.4875,False,4.070873269001822
0,32.438597917970334,1000,0,max_steps,6.7360272045175105,1.404539797000325,astar,False,0,363481,0,5228,682,0.6127190770002926,0,0.0,0.0297094109992031,0,7,7,A,6659,0.475,False,4.6041097460001765
0,31.468451242190255,1000,0,max_steps,10.482858031090563,1.009238729999197,astar,False,0,403332,0,5364,687,0.3890167739991739,0,0.0,0.03330415100026585,0,6,6,A,6660,0.45,False,3.634050646000105
0,33.47323395233063,1000,0,max_steps,7.022397204658818,1.1057375580003281,astar,False,0,372370,0,19182,2494,1.054992449000565,0,0.0,0.05040962899875012,0,5,5,A,6661,0.5125,False,4.768441272000928
0,33.48210535176403,1000,0,max_steps,4.331029034767604,1.1372421050000412,astar,False,0,467091,0,2760,356,0.8831477149997227,0,0.0,0.029594161000204622,0,6,6,A,6662,0.4875,False,4.609694538001349
0,33.940044229250226,1000,0,max_steps,3.058236828631815,0.6406406840014824,astar,False,0,306293,0,5134,653,0.42829561899998225,0,0.0,0.030051137999180355,0,7,7,A,6663,0.5125,False,3.203990497002451
0,33.87070336710578,1000,0,max_steps,3.0228814895724896,0.7090833550009847,astar,False,0,241249,0,3369,439,0.23882197600141808,0,0.0,0.031201855999825057,0,6,6,A,6664,0.35,False,2.3475058149997494
0,32.92057822460055,1000,0,max_steps,5.711638337640085,1.6980112440014636,astar,False,0,393776,0,2781,355,0.1119402460008132,0,0.0,0.027431655000327737,0,7,7,A,6665,0.45,False,6.003148955996949
0,32.752247776943044,1000,0,max_steps,7.353931771508353,1.2504555080013233,astar,False,0,411334,0,15356,1985,0.7575074279993714,0,0.0,0.06984266800100158,0,6,6,A,6666,0.525,False,3.561922290002258
0,31.704957523174606,1000,0,max_steps,8.626720842823184,1.4559377130008215,astar,False,0,313963,0,7408,952,0.29378935799832107,0,0.0,0.11315320399990014,0,6,6,A,6667,0.3875,False,4.397533136001584
0,33.72945349386853,1000,0,max_steps,5.483526465697049,0.6935509849990922,astar,False,0,281236,0,2258,300,0.24183308399915404,0,0.0,0.02233119000084116,0,5,5,A,6668,0.325,False,2.17050260400174
0,33.69879619221721,1000,0,max_steps,4.631583152659572,1.149588563001089,astar,False,0,421788,0,5585,714,0.3816768790002243,0,0.0,0.03197664300023462,0,6,6,A,6669,0.4875,False,2.9542710230016382
0,33.8141839212101,1000,0,max_steps,7.705213332543101,1.9976644329999544,astar,False,0,483202,0,276840,34833,1.5695479170008184,0,0.0,0.4188589109999157,0,3,3,A,6670,0.5,False,3.47917381499974
0,32.559833201221956,1000,0,max_steps,6.939132690761862,1.1116800339987094,astar,False,0,428941,0,177735,22389,0.7741405470005702,0,0.0,0.3330016690015327,0,6,6,A,6671,0.4625,False,3.2843373339965183
0,33.700009487833654,1000,0,max_steps,3.8360542879370185,0.7761866300006659,astar,False,0,274207,0,3931,512,0.403538042000946,0,0.0,0.02497212100024626,0,4,4,A,6672,0.4375,False,1.8650296550003986
0,33.292063445518416,1000,0,max_steps,6.847102489374609,0.8705381580002722,astar,False,0,325366,0,4188,543,0.15203784300138068,0,0.0,0.02653760599969246,0,7,7,A,6673,0.425,False,2.9729121059972385
0,33.5932271560388,1000,0,max_steps,4.790648442538859,1.0873216260006302,astar,False,0,360239,0,7237,924,0.9712052160011808,0,0.0,0.03150576400003047,0,4,4,A,6674,0.45,False,3.133776073000263
0,33.5355279565672,1000,0,max_steps,4.647882582423956,0.5765822080011276,astar,False,0,227154,0,54331,6954,0.45100773600097455,0,0.0,0.09479915699921548,0,4,4,A,6675,0.4375,False,1.6922740879999765
0,33.23803092012933,1000,0,max_steps,5.108846494072802,1.6539700190005533,astar,False,0,370619,0,5726,724,0.3214784729989333,0,0.0,0.03002994700000272,0,4,4,A,6676,0.4875,False,2.7825822940012586
0,32.398974674252976,1000,0,max_steps,8.0359543614931,0.8813876549993438,astar,False,0,228796,0,7028,906,0.25709013499908906,0,0.0,0.02329602099962358,0,6,6,A,6677,0.4625,False,2.5799695089972374
0,31.824525702209897,1000,0,max_steps,14.854723575348011,1.4143056780012557,astar,False,0,359705,0,33123,4195,0.2692643579994183,0,0.0,0.08925396599988744,0,6,6,A,6678,0.35,False,3.5424983279990556
0,32.68155680182329,1000,0,max_steps,5.911984649844753,1.330494195999563,astar,False,0,277384,0,32470,4113,0.40698284200152557,0,0.0,0.08128122199923382,0,6,6,A,6679,0.35,False,2.984123839996755
0,32.41427488834736,1000,0,max_steps,5.9943984268648665,1.1846972930015909,astar,False,0,397050,0,19476,2494,0.6105612100000144,0,0.0,0.07383962200037786,0,5,5,A,6680,0.45,False,3.679617388001134
0,32.33502740366991,1000,0,max_steps,9.22715083327459,0.9036063620005734,astar,False,0,398659,0,179791,22654,0.6151001130001532,0,0.0,0.28150348300005135,0,6,6,A,6681,0.525,False,3.112672789999124
0,33.38832570215996,1000,0,max_steps,6.416994039267916,1.106190714001059,astar,False,0,412302,0,6082,792,0.3527582890001213,0,0.0,0.03494172399950912,0,5,5,A,6682,0.4625,False,3.5548575820030237
0,32.03567819888251,1000,0,max_steps,8.893624823433916,0.9009123560008447,astar,False,0,376672,0,7106,907,0.17206215599981078,0,0.0,0.03327148700009275,0,8,8,A,6683,0.5,False,4.2406650699977035
0,33.40018080298232,1000,0,max_steps,5.660637110785321,0.829918932999135,astar,False,0,252766,0,112777,14202,0.5595975779997389,0,0.0,0.17592072399929748,0,4,4,A,6684,0.4125,False,2.1726530569976603
0,32.035053881453926,1000,0,max_steps,6.7360272045175105,1.0377791749997414,astar,False,0,473669,0,4549,591,0.29619725100019423,0,0.0,0.03370568900027138,0,8,8,A,6685,0.525,False,4.797957869997845
0,33.36370946211816,1000,0,max_steps,5.144201833132132,1.0512302330007515,astar,False,0,240128,0,5803,758,0.19064127999990887,0,0.0,0.021363162999477936,0,5,5,A,6686,0.4,False,2.976305959000456
0,32.3799313441633,1000,0,max_steps,7.3317162042730475,0.8670745930012345,astar,False,0,382064,0,27555,3510,0.2536924169999111,0,0.0,0.07896850200086192,0,7,7,A,6687,0.5,False,4.063258980002502
0,33.70134391652999,1000,0,max_steps,4.5332452503697604,0.910187441000744,astar,False,0,353959,0,27481,3534,0.6137834400014981,0,0.0,0.08173646000068402,0,6,6,A,6688,0.3875,False,3.587057836000895
0,32.52844131731512,1000,0,max_steps,7.6211260650903805,1.221537862000332,astar,False,0,369653,0,14455,1827,0.2609130130003905,0,0.0,0.04184027500014054,0,6,6,A,6689,0.55,False,4.746114327999749
0,33.873233234979566,1000,0,max_steps,3.323824980350198,0.7063134669988358,astar,False,0,248484,0,13733,1770,0.3800024680003844,0,0.0,0.046751807998589356,0,4,4,A,6690,0.3125,False,2.292001869998785
0,33.79320341674132,1000,0,max_steps,4.7967762611987625,0.8000555260005058,astar,False,0,255487,0,33501,4251,0.2652208059989789,0,0.0,0.06967572800022026,0,5,5,A,6691,0.3375,False,2.1844904630015662
0,33.58285544168907,1000,0,max_steps,6.452349378327246,1.356655003000924,astar,False,0,452198,0,3930,509,0.41092263700011245,0,0.0,0.032034103000114555,0,7,7,A,6692,0.45,False,5.4863830270005565
0,34.30230938820432,1000,0,max_steps,3.2121351932943285,1.281042021999383,astar,False,0,230660,0,73911,9277,0.3666272700011177,0,0.0,0.13370096200014814,0,3,3,A,6693,0.425,False,2.3275025289985933
0,33.636529327047796,1000,0,max_steps,5.326730939328548,0.5696736670015525,astar,False,0,264003,0,7163,932,0.1536865529997158,0,0.0,0.02775695799937239,0,6,6,A,6694,0.4625,False,2.285378025000682
0,33.29182385577195,1000,0,max_steps,2.9349723167348576,0.6015585719997034,astar,False,0,255921,0,28452,3627,0.47294691299975966,0,0.0,0.07118606099902536,0,6,6,A,6695,0.4375,False,2.3987892039986036
0,32.84512923460859,1000,0,max_steps,7.732257917322723,1.125593934999415,astar,False,0,436361,0,266540,33504,0.7088118760002544,0,0.0,0.40816883799925563,0,5,5,A,6696,0.4625,False,3.507424949999404
0,33.61573719575684,1000,0,max_steps,3.477292409332295,0.886873204000949,astar,False,0,197165,0,153140,19159,0.4241684519984119,0,0.0,0.2735044729997753,0,4,4,A,6697,0.4,False,2.1761358170006133
0,32.52337361279752,1000,0,max_steps,9.710706076285081,1.3475625179999042,astar,False,0,397220,0,176672,22090,0.6815561149996938,0,0.0,0.3208797980005329,0,5,5,A,6698,0.5,False,3.847851057000298
0,31.73955540975693,1000,0,max_steps,9.37791621310406,0.8488982610015228,astar,False,0,283798,0,334056,41777,0.2680698219992337,0,0.0,0.5243464979994314,0,5,5,A,6699,0.3875,False,3.374139361001653
0,33.24205151505965,1000,0,max_steps,5.161909772555114,1.4108077210003103,astar,False,0,364098,0,15671,2059,0.4116944830002467,0,0.0,0.06507176299965067,0,3,3,A,6700,0.4375,False,2.125081116999354
0,32.98731333887703,1000,0,max_steps,5.5386426586303585,0.769969189999756,astar,False,0,316853,0,17206,2182,0.5910450869996566,0,0.0,0.06870641299974523,0,5,5,A,6701,0.3625,False,3.168369998000344
0,32.91194473027935,1000,0,max_steps,6.313403400702349,0.8951984169998468,astar,False,0,390456,0,6996,909,0.13255269700130157,0,0.0,0.03312262500003271,0,5,5,A,6702,0.425,False,2.7238995209991117
0,34.31982125872734,1000,0,max_steps,4.102019319798479,0.7888962580000225,astar,False,0,137590,0,84766,10615,0.27698452699951304,0,0.0,0.13509993300067435,0,3,3,A,6703,0.325,False,1.79352258399922
0,33.85460716048886,1000,0,max_steps,2.881460133335178,1.0321464289991127,astar,False,0,401657,0,3110,402,0.26640182299888693,0,0.0,0.029016391001277952,0,5,5,A,6704,0.4125,False,2.7866056169968942
0,33.795137682723,1000,0,max_steps,5.140069308871232,1.390171200999248,astar,False,0,366442,0,11455,1488,0.41488926300007734,0,0.0,0.03959179900084564,0,3,3,A,6705,0.4125,False,2.323583667001003
0,32.86788328389154,1000,0,max_steps,4.740286120056466,0.7123339970003144,astar,False,0,268460,0,69859,8811,0.5918922170003498,0,0.0,0.11892666499988991,0,6,6,A,6706,0.4125,False,2.377038884000285
0,32.96192314214698,1000,0,max_steps,5.374040612053466,1.0626222360006068,astar,False,0,402589,0,4433,573,0.1271455120004248,0,0.0,0.03085810100128583,0,7,7,A,6707,0.5375,False,3.5582309900019027
0,33.45207407510675,1000,0,max_steps,6.629126073623883,1.2703375269993558,astar,False,0,391203,0,7055,915,0.46635701400009566,0,0.0,0.03414792900002794,0,6,6,A,6708,0.45,False,4.086799052001879
0,33.957097000514196,1000,0,max_steps,4.9964049575669875,0.8664829949993873,astar,False,0,232929,0,204711,25685,0.5453221939987998,0,0.0,0.3117730260000826,0,4,4,A,6709,0.375,False,2.4411149820007267
0,32.641038619686334,1000,0,max_steps,7.661041867787957,0.7099111939987779,astar,False,0,315145,0,10062,1280,0.24400604000038584,0,0.0,0.0329805170003965,0,6,6,A,6710,0.3875,False,2.50791782500346
0,31.849100557058417,1000,0,max_steps,8.396893026590252,2.76273767100065,astar,False,0,322711,0,6033,774,0.17605295199973625,0,0.0,0.02905003599880729,0,6,6,A,6711,0.475,False,6.330290221998439
0,32.89855107025545,1000,0,max_steps,8.030508234227765,1.1801283589993545,astar,False,0,424735,0,68569,8723,0.3016032119994634,0,0.0,0.14091904599990812,0,6,6,A,6712,0.5125,False,4.366836790997695
0,32.84258262062432,1000,0,max_steps,6.363985582950354,1.1614960480001173,astar,False,0,399007,0,3713,468,0.20663879700077814,0,0.0,0.03000545100076124,0,6,6,A,6713,0.5125,False,4.434324350002498
0,34.29165893456569,1000,0,max_steps,2.704683438038541,1.2856414510006289,astar,False,0,208856,0,249761,31226,0.24328388200046902,0,0.0,0.3910015530000237,0,3,3,A,6714,0.3625,False,2.4930232600017916
0,34.15470126335586,1000,0,max_steps,4.242677515437625,1.1527763989997766,astar,False,0,308575,0,8252,1055,0.8830083020002348,0,0.0,0.03148249600053532,0,5,5,A,6715,0.5125,False,3.0540841369984264
0,33.370800102743665,1000,0,max_steps,6.628654652340849,0.7120556240006408,astar,False,0,345856,0,42909,5459,0.5091386379990581,0,0.0,0.0992806689991994,0,5,5,A,6716,0.5,False,2.6736792659994535
0,33.299505927089456,1000,0,max_steps,6.779956673902864,1.1882842510003684,astar,False,0,346952,0,3782,490,0.5427142479984468,0,0.0,0.02621986099984497,0,5,5,A,6717,0.55,False,3.155548122000255
0,33.75820136005067,1000,0,max_steps,3.623922253581056,1.3210157189987513,astar,False,0,429751,0,8322,1077,0.4472537990004639,0,0.0,0.03607965700030036,0,4,4,A,6718,0.4375,False,3.289932758998475
0,33.7976005427966,1000,0,max_steps,3.5885669145217256,1.3922072120003577,astar,False,0,409741,0,9198,1199,0.5137770340006682,0,0.0,0.03722598199965432,0,5,5,A,6719,0.475,False,2.8740497270009655
0,33.64606864574233,1000,0,max_steps,3.3057242020471076,0.7764941679997719,astar,False,0,291049,0,2978,403,0.21385666499918443,0,0.0,0.04254820200003451,0,5,5,A,6720,0.4,False,2.654194964999988
0,33.322733878812784,1000,0,max_steps,4.224963017589618,1.1579562200004148,astar,False,0,237747,0,5905,757,0.42397257199991145,0,0.0,0.022010419001162518,0,6,6,A,6721,0.3875,False,3.525781862999793
0,32.767922829794244,1000,0,max_steps,6.285524043387313,1.5417034470010549,astar,False,0,391083,0,15667,2018,0.3422467809996306,0,0.0,0.06928720100040664,0,4,4,A,6722,0.5,False,2.9419853940016765
0,34.088633345681004,1000,0,max_steps,3.2703688629877825,1.4734845499988296,astar,False,0,389820,0,3770,488,1.4444237000006979,0,0.0,0.028865242000392755,0,4,4,A,6723,0.4625,False,3.2926871279996703
0,33.99124991594228,1000,0,max_steps,2.704683438038541,0.7332335309984046,astar,False,0,240603,0,8532,1092,0.21648667299996305,0,0.0,0.02579427099954046,0,5,5,A,6724,0.35,False,1.5671826249999867
0,33.448799755332935,1000,0,max_steps,3.2884741902590595,0.8545033239988697,astar,False,0,371637,0,14100,1820,0.3562392669991823,0,0.0,0.06353215200033446,0,6,6,A,6725,0.3875,False,2.6275171329980367
0,33.61719122178677,1000,0,max_steps,4.5078057300642405,0.9777042339992477,astar,False,0,337440,0,3226,416,0.3442630419995112,0,0.0,0.0258300989989948,0,5,5,A,6726,0.4875,False,2.6782054780014732
0,33.703205617744565,1000,0,max_steps,6.757796423391281,1.1746459919995687,astar,False,0,388307,0,7091,895,0.46216768600061187,0,0.0,0.0340290059994004,0,6,6,A,6727,0.5125,False,3.128394166000362
0,31.626268493522417,1000,0,max_steps,15.791859057755044,2.9444114670004637,astar,False,0,367632,0,22221,2803,0.3245974009987549,0,0.0,0.07821497599979921,0,6,6,A,6728,0.4,False,5.780988536997029
0,33.51844547943742,1000,0,max_steps,4.89671445971684,0.5718285669991019,astar,False,0,188224,0,13409,1734,0.33839580200037744,0,0.0,0.029277130000991747,0,6,6,A,6729,0.4875,False,1.9982825359984417
0,33.93613321667108,1000,0,max_steps,3.5709330013317224,1.0404216419992736,astar,False,0,308985,0,6490,831,0.9769112229987513,0,0.0,0.030180632000337937,0,4,4,A,6730,0.3875,False,3.9239151859983394
0,32.706973758453756,1000,0,max_steps,5.992729970555986,1.3003903870012437,astar,False,0,364916,0,6161,790,0.7536218490004103,0,0.0,0.030894064000676735,0,5,5,A,6731,0.45,False,3.605190438000136
0,33.56459287813017,1000,0,max_steps,4.608450119074739,0.9205200540000078,astar,False,0,292630,0,5168,668,0.2457885650001117,0,0.0,0.025672052001027623,0,6,6,A,6732,0.4,False,2.955319826998675
0,33.148124633839394,1000,0,max_steps,4.207322485857243,0.7982987499999581,astar,False,0,326326,0,5048,656,0.13805069400041248,0,0.0,0.02798242100107018,0,6,6,A,6733,0.3375,False,2.419890884002598
0,32.163804496826906,1000,0,max_steps,8.302653943167808,0.9254751789994771,astar,False,0,426461,0,49607,6302,0.39038514800085977,0,0.0,0.11583799899926817,0,7,7,A,6734,0.475,False,3.847482620001756
0,33.13264187924012,1000,0,max_steps,5.586395304666504,0.9845593409991125,astar,False,0,218684,0,11077,1440,0.7718539319994306,0,0.0,0.039390590998664265,0,3,3,A,6735,0.3875,False,2.0452160449985968
0,33.55909612164471,1000,0,max_steps,5.356333867488095,0.9204037400013476,astar,False,0,385455,0,3928,493,0.32514025999989826,0,0.0,0.02930366399959894,0,5,5,A,6736,0.4875,False,2.987080896000407
0,33.34425613833363,1000,0,max_steps,5.427159708355742,1.173379947000285,astar,False,0,419220,0,5361,687,0.29143294300047273,0,0.0,0.03155266300018411,0,7,7,A,6737,0.4375,False,3.3818020969993086
0,33.61850908028257,1000,0,max_steps,3.1996581848691266,0.9426886759993067,astar,False,0,354622,0,6202,801,0.1463307590001932,0,0.0,0.02999840900156414,0,6,6,A,6738,0.5125,False,2.2000405340004363
0,31.510213388148756,1000,0,max_steps,9.352021840222573,1.069898372001262,astar,False,0,388339,0,20294,2573,0.31754757999988215,0,0.0,0.07586306400116882,0,5,5,A,6739,0.45,False,3.0840443260021857
0,33.120572659881546,1000,0,max_steps,7.869184360529366,1.1913000690001354,astar,False,0,372040,0,18369,2341,0.363744547999886,0,0.0,0.04697239999950398,0,6,6,A,6740,0.5,False,3.452295318000324
0,33.1302808743226,1000,0,max_steps,6.310928022089935,0.7634648669991293,astar,False,0,367379,0,3484,453,0.7353820919997816,0,0.0,0.027857959999892046,0,6,6,A,6741,0.4,False,3.0133522169981006
0,34.828086151035336,1000,0,max_steps,0.7247844507162102,0.3877366670003539,astar,False,0,54375,0,115083,14391,0.20307529599995178,0,0.0,0.1798296279994247,0,3,3,A,6742,0.35,False,0.8698696790015674
0,33.79999951054622,1000,0,max_steps,5.0734911550134765,0.6847111309998581,astar,False,0,325098,0,8439,1082,0.5950143519985431,0,0.0,0.034167190999141894,0,5,5,A,6743,0.3875,False,2.3504146929990384
0,33.37530803910384,1000,0,max_steps,6.5602257964189,0.8489415889998781,astar,False,0,320708,0,7496,970,0.5387360160002572,0,0.0,0.02980858699993405,0,5,5,A,6744,0.4,False,3.102658755999073
0,33.4795607201265,1000,0,max_steps,6.1747722630069495,0.6610759209997923,astar,False,0,234729,0,95601,12091,0.5007181030014181,0,0.0,0.1575778740007081,0,4,4,A,6745,0.5625,False,2.420960699000716
0,32.73531070387498,1000,0,max_steps,10.104593633590614,1.6340259089993197,astar,False,0,380694,0,304152,38108,0.6242248130001826,0,0.0,0.4635935000005702,0,4,4,A,6746,0.4625,False,4.1485090230016795
0,31.986303043239314,1000,0,max_steps,6.126402900560817,0.9522445499987953,astar,False,0,374391,0,225469,28290,0.46795815500081517,0,0.0,0.3452075170007447,0,5,5,A,6747,0.45,False,3.0421411320003244
0,34.242229980777545,1000,0,max_steps,2.987526150513159,0.7878268599997682,astar,False,0,266054,0,4123,518,0.2201264919985988,0,0.0,0.041596828999900026,0,4,4,A,6748,0.4,False,2.146978994996971
0,34.378265828136314,1000,0,max_steps,4.782422241918835,1.1151593989998219,astar,False,0,226393,0,4415,574,0.09692948199881357,0,0.0,0.01909416200032865,0,3,3,A,6749,0.3625,False,1.3811297539996303
0,31.282023921404743,1000,0,max_steps,8.980691092560747,1.0899135780000506,astar,False,0,349947,0,10416,1351,0.2909791389993188,0,0.0,0.035632667000754736,0,7,7,A,6750,0.475,False,5.077436935998776
0,32.018109750505076,1000,0,max_steps,8.312734959085367,0.912513941000725,astar,False,0,495348,0,14228,1842,0.5903908210002555,0,0.0,0.047964265000700834,0,7,7,A,6751,0.5875,False,4.943463855999653
0,32.727464741029024,1000,0,max_steps,4.913660804329086,0.5114688940011547,astar,False,0,308436,0,141447,17811,0.2522116210002423,0,0.0,0.22604194700033986,0,6,6,A,6752,0.4125,False,2.635848485999304
0,34.71139274858923,1000,0,max_steps,3.662521330995903,0.9970495119996485,astar,False,0,254087,0,61175,7737,0.8837519909993716,0,0.0,0.11194851800064498,0,4,4,A,6753,0.3625,False,1.3775677869962237
0,34.02540224348089,1000,0,max_steps,3.6073276119587434,1.1502426309998555,astar,False,0,157148,0,253396,31708,0.5320391429995652,0,0.0,0.38411167999947793,0,3,3,A,6754,0.375,False,3.1282005659977585
0,32.54634618208614,1000,0,max_steps,6.982679464217157,1.8151689770002122,astar,False,0,401528,0,4985,644,0.36528310799985775,0,0.0,0.031046162001075572,0,4,4,A,6755,0.45,False,4.084795190003206
0,31.738143314919295,1000,0,max_steps,7.018391019314895,1.2208100909992936,astar,False,0,397120,0,4271,551,0.11267517300075269,0,0.0,0.030101821999778622,0,7,7,A,6756,0.4625,False,3.3733395880008175
0,32.96613323226468,1000,0,max_steps,6.275572683030609,0.6929151749991433,astar,False,0,305958,0,6583,866,0.3478112820012029,0,0.0,0.03125287299917545,0,7,7,A,6757,0.475,False,3.0931102270042174
0,34.22740117553719,1000,0,max_steps,4.47245039100491,0.9077521389990579,astar,False,0,413809,0,4951,635,0.8471264470008464,0,0.0,0.05479084699982195,0,4,4,A,6758,0.375,False,3.0125388569995266
0,34.618105347875556,1000,0,max_steps,2.245064030267286,0.8862031990011019,astar,False,0,227987,0,8325,1077,0.25713221300065925,0,0.0,0.037918517000434804,0,3,3,A,6759,0.375,False,1.3114857000000484
0,31.601970228363633,1000,0,max_steps,8.997933790598813,1.1309389029993326,astar,False,0,300465,0,6501,819,0.3611132509995514,0,0.0,0.03152008699908038,0,7,7,A,6760,0.5375,False,3.9986283339985675
0,32.45395265215211,1000,0,max_steps,7.389456170788213,0.8569967539988284,astar,False,0,375206,0,10929,1426,0.7825213950000034,0,0.0,0.03773796299901733,0,6,6,A,6761,0.4125,False,3.900174888998663
0,32.75910279415846,1000,0,max_steps,7.199066779798613,0.972143512999537,astar,False,0,333770,0,8777,1136,0.5065729809994082,0,0.0,0.055310619000010774,0,5,5,A,6762,0.3375,False,2.63912153199999
0,32.578427001043536,1000,0,max_steps,6.129156752767869,1.393235799998365,astar,False,0,429920,0,94750,11925,0.72686106600122,0,0.0,0.17763157399895135,0,6,6,A,6763,0.5,False,4.829908494999472
0,33.14771866339457,1000,0,max_steps,8.560392076301177,1.2166773150001973,astar,False,0,362719,0,19112,2447,0.443365328001164,0,0.0,0.04679048999969382,0,5,5,A,6764,0.4375,False,3.335427467001864
0,32.83484649830347,1000,0,max_steps,6.0725046315338425,1.405236350999985,astar,False,0,363031,0,88772,11250,0.41243829899940465,0,0.0,0.16386738199980755,0,4,4,A,6765,0.4625,False,3.2365570360016136
0,32.89962755641777,1000,0,max_steps,5.584604954694644,0.7220637519985758,astar,False,0,360226,0,136839,17264,0.49348852100047225,0,0.0,0.225427456000034,0,6,6,A,6766,0.4625,False,2.8206212489985774
0,33.42670589365263,1000,0,max_steps,4.896842094656512,0.9235429929995007,astar,False,0,230939,0,25505,3315,0.33412771499934024,0,0.0,0.03729321299942967,0,5,5,A,6767,0.4625,False,2.9649975770007586
0,33.36504971014896,1000,0,max_steps,7.11198372467204,1.3284797459982656,astar,False,0,206734,0,268240,33545,0.2694874629996775,0,0.0,0.42646527900069486,0,5,5,A,6768,0.3625,False,3.8369818959999975
0,33.78317363919621,1000,0,max_steps,5.95905298684279,1.5546676440008014,astar,False,0,402121,0,3263,428,0.14424245699956373,0,0.0,0.028367199000058463,0,5,5,A,6769,0.5125,False,2.8964691250039323
0,31.605167338334958,1000,0,max_steps,8.7657893255542,1.4481494989995554,astar,False,0,434902,0,15997,2056,0.23784959099975822,0,0.0,0.04869301600047038,0,6,6,A,6770,0.4625,False,4.494954103000055
0,31.67359773359543,1000,0,max_steps,8.396297547133496,1.5632780359992466,astar,False,0,434505,0,126795,15956,0.41001694300030067,0,0.0,0.21448113599944918,0,6,6,A,6771,0.5625,False,4.1826572760001
0,31.91465194564854,1000,0,max_steps,8.290827009412265,1.5152867970009538,astar,False,0,327554,0,6216,793,0.3152785100010078,0,0.0,0.031149316999290022,0,5,5,A,6772,0.4125,False,3.64940574400498
0,31.070572574935273,1000,0,max_steps,8.805626752253353,1.4635816539994266,astar,False,0,387590,0,22645,2887,0.4216262660011125,0,0.0,0.07922782700006792,0,7,7,A,6773,0.5625,False,4.8771978200002195
0,33.6394616473827,1000,0,max_steps,4.726421743771917,0.6778519630006485,astar,False,0,270444,0,6764,885,0.22435185200083652,0,0.0,0.027971319999778643,0,5,5,A,6774,0.45,False,1.7961646219991962
0,32.421985307147985,1000,0,max_steps,6.098795987733973,1.229224336999323,astar,False,0,385416,0,5129,651,0.63930899800107,0,0.0,0.03085138300048129,0,5,5,A,6775,0.45,False,4.1590592980010115
0,33.439514339213076,1000,0,max_steps,4.331029034767604,0.9332531700001709,astar,False,0,297453,0,5930,773,0.3405926530012948,0,0.0,0.028019201999995857,0,6,6,A,6776,0.425,False,3.235325463998379
0,33.587965703740146,1000,0,max_steps,4.240614637054396,0.8719535029995313,astar,False,0,357068,0,68272,8655,0.7410281700013002,0,0.0,0.1295005720003246,0,4,4,A,6777,0.4625,False,2.2125411740016716
0,34.21134480783626,1000,0,max_steps,4.119503914308127,0.8843984069990256,astar,False,0,140073,0,28700,3596,0.46914864999962447,0,0.0,0.05307684399849677,0,4,4,A,6778,0.3375,False,1.9735761349984386
0,33.24575820817777,1000,0,max_steps,3.7653436098183626,0.9267939089986612,astar,False,0,236602,0,9551,1234,0.21280457099965133,0,0.0,0.026097166000909056,0,5,5,A,6779,0.4,False,2.3945972259989503
0,33.75815289762973,1000,0,max_steps,4.5078057300642405,1.4506594609993044,astar,False,0,382569,0,7345,953,1.4168382200004999,0,0.0,0.03362453999943682,0,5,5,A,6780,0.425,False,4.334272808999231
0,34.05919310885629,1000,0,max_steps,2.492551403682579,0.9687667809994309,astar,False,0,400123,0,9016,1171,0.3334447560009721,0,0.0,0.03684426399922813,0,4,4,A,6781,0.425,False,2.5813274960000854
0,33.895085478019226,1000,0,max_steps,3.9244824499543864,1.0244433289990411,astar,False,0,258088,0,5721,725,0.2640723849999631,0,0.0,0.02262132299983932,0,4,4,A,6782,0.4125,False,2.4832463929997175
0,33.4874878566682,1000,0,max_steps,5.927188414417072,1.0703427209991787,astar,False,0,341767,0,33194,4229,0.36312294399976963,0,0.0,0.06694465500004299,0,6,6,A,6783,0.45,False,3.3379368339974462
0,33.62245439995822,1000,0,max_steps,6.099718231197238,1.2947585370002344,astar,False,0,344222,0,30604,3896,1.2356992429995444,0,0.0,0.05858877300124732,0,3,3,A,6784,0.4875,False,2.7773240220012667
0,33.682362481831994,1000,0,max_steps,5.8336577290752984,1.042070043999047,astar,False,0,333594,0,7378,940,0.6194415299996763,0,0.0,0.0324668239991297,0,5,5,A,6785,0.5,False,3.5719414929990307
0,32.54492530329542,1000,0,max_steps,6.858958557973649,1.7575089999991178,astar,False,0,401020,0,4735,617,0.5290800189995934,0,0.0,0.0555227200002264,0,5,5,A,6786,0.425,False,4.796086718999504
0,33.491605717849474,1000,0,max_steps,5.214912511250788,1.083028817000013,astar,False,0,198650,0,5329,690,0.21427754999967874,0,0.0,0.019095944000582676,0,6,6,A,6787,0.3375,False,3.1911102420017414
0,30.626697771224553,1000,0,max_steps,11.598935834808294,1.7157313420011633,astar,False,0,359427,0,230975,28929,0.6851641080011177,0,0.0,0.3536182869993354,0,6,6,A,6788,0.4625,False,5.242005433001395
0,32.69578064536018,1000,0,max_steps,6.7580738750031415,1.169066753000152,astar,False,0,396883,0,6689,870,0.38572368699897197,0,0.0,0.0344447110001056,0,8,8,A,6789,0.475,False,5.219440356997438
0,32.68596026892368,1000,0,max_steps,6.218043301553954,1.7018118479991244,astar,False,0,475550,0,31140,3971,0.9903240550011105,0,0.0,0.09515377699972305,0,5,5,A,6790,0.5125,False,4.082795971000451
0,33.31128249473133,1000,0,max_steps,5.038135815954151,1.0522201679996215,astar,False,0,332359,0,5883,764,0.4092050929994002,0,0.0,0.029076662000079523,0,6,6,A,6791,0.425,False,3.9095406500018726
0,32.98070103458961,1000,0,max_steps,8.981943692764943,1.109766440000385,astar,False,0,239333,0,227738,28589,0.38727438599926245,0,0.0,0.33659947699925397,0,5,5,A,6792,0.3875,False,2.61301047699817
0,33.218591379873395,1000,0,max_steps,5.783300312105535,1.6214160739982617,astar,False,0,405598,0,3403,429,0.13301690700063773,0,0.0,0.028591117999894777,0,5,5,A,6793,0.5125,False,4.596505143998002
0,33.34398169204932,1000,0,max_steps,4.844616857915595,1.2704101339986664,astar,False,0,309031,0,91030,11450,1.1033956710016355,0,0.0,0.1641195570009586,0,4,4,A,6794,0.4375,False,2.5481184229975042
0,31.552791152108075,1000,0,max_steps,7.920562637843349,1.3169118000005255,astar,False,0,441561,0,15568,2016,0.27082111399977293,0,0.0,0.04695437100053823,0,7,7,A,6795,0.525,False,4.334151364002537
0,34.46386760074643,1000,0,max_steps,3.4825008973437446,0.7887854820000939,astar,False,0,206038,0,5363,698,0.18024108200006594,0,0.0,0.007999527999345446,0,4,4,A,6796,0.4,False,1.7318073389997153
0,31.631923808760984,1000,0,max_steps,10.573152911974743,1.9893476299985196,astar,False,0,331256,0,41314,5203,0.767226711001058,0,0.0,0.09653806299866119,0,5,5,A,6797,0.35,False,5.451385698999729
0,32.22403714616103,1000,0,max_steps,8.317094594869051,1.0310304279992124,astar,False,0,409665,0,147130,18436,0.25106727899947145,0,0.0,0.24425011599851132,0,7,7,A,6798,0.4875,False,4.6346432129994355
0,32.61812255835315,1000,0,max_steps,8.54921414517147,1.0156518620005954,astar,False,0,336983,0,146858,18557,0.466342548999819,0,0.0,0.23036157700153126,0,5,5,A,6799,0.4125,False,3.4100870630009013
0,33.05092396298353,1000,0,max_steps,6.311027055876086,0.6252886040001613,astar,False,0,311579,0,16742,2156,0.49648309599979257,0,0.0,0.04287370999918494,0,5,5,A,6800,0.4375,False,2.552586705000067
0,34.29007587378959,1000,0,max_steps,2.952170811453834,0.9879537039996649,astar,False,0,130137,0,87452,11034,0.24399379399983445,0,0.0,0.13554629700047371,0,3,3,A,6801,0.4625,False,1.901005436999185
0,33.9606619368733,1000,0,max_steps,2.9699010926291773,1.0205348819999926,astar,False,0,276335,0,11898,1536,0.3346120680016611,0,0.0,0.035195929998735664,0,3,3,A,6802,0.3875,False,1.5354416830014088
0,32.22462644690884,1000,0,max_steps,9.599234995560842,1.241690288999962,astar,False,0,428488,0,7231,937,0.6800116239992349,0,0.0,0.03560671099876345,0,7,7,A,6803,0.5125,False,4.881667813002423
0,33.95207206352883,1000,0,max_steps,3.5391118236077226,0.9253050990009797,astar,False,0,105153,0,102064,12786,0.03802717800135724,0,0.0,0.15604564500063134,0,5,5,A,6804,0.4125,False,2.723118167001303
0,33.54716721211129,1000,0,max_steps,3.3764348801657635,0.8123081489993638,astar,False,0,127501,0,315800,39549,0.31378985100127466,0,0.0,0.4821551830009412,0,4,4,A,6805,0.3375,False,1.4459539819981728
0,33.436706519611725,1000,0,max_steps,3.823978621802165,0.8786022919994139,astar,False,0,427562,0,103205,12960,0.6802817690004304,0,0.0,0.16148693399918557,0,5,5,A,6806,0.5625,False,3.837901023996892
0,34.46387411562932,1000,0,max_steps,4.606008304378095,0.6350936150010966,astar,False,0,243829,0,46027,5805,0.513049717001195,0,0.0,0.07647649300088233,0,4,4,A,6807,0.4375,False,1.9813910230004694
0,32.699211291514615,1000,0,max_steps,7.654430906344374,0.9035513179987902,astar,False,0,412084,0,8266,1066,0.7262836800000514,0,0.0,0.060118105000583455,0,7,7,A,6808,0.5375,False,3.3260112300013134
0,33.69498450313091,1000,0,max_steps,4.702559143700371,1.1363437780000822,astar,False,0,401001,0,5431,705,0.475579279998783,0,0.0,0.031107163998967735,0,6,6,A,6809,0.45,False,3.710348704000353
0,33.58911322651692,1000,0,max_steps,6.6917159607980965,1.6218019830012054,astar,False,0,426577,0,185556,23235,0.41866584900162707,0,0.0,0.3044769060015824,0,4,4,A,6810,0.5125,False,3.730618643001435
0,31.65540624383854,1000,0,max_steps,11.190020665753927,1.1646516759992664,astar,False,0,468163,0,8344,1057,0.2307274819995655,0,0.0,0.039003591000437154,0,7,7,A,6811,0.6125,False,5.3149285379986395
0,34.41708720160976,1000,0,max_steps,4.153951432070432,0.8547189679993608,astar,False,0,241620,0,79746,10049,0.5895259899989469,0,0.0,0.13366957399921375,0,4,4,A,6812,0.35,False,2.8880809399997815
0,33.161791692579,1000,0,max_steps,7.796653929731651,1.130701088000933,astar,False,0,457557,0,202351,25444,0.6975344889997359,0,0.0,0.2920185010007117,0,6,6,A,6813,0.5125,False,4.270838567001192
0,33.56973445537484,1000,0,max_steps,2.704683438038541,1.1331085230012832,astar,False,0,490719,0,5597,737,0.793903613999646,0,0.0,0.03528396300134773,0,6,6,A,6814,0.55,False,3.2898273860027984
0,32.235133815514004,1000,0,max_steps,7.513092738679589,1.17957777599986,astar,False,0,278593,0,21590,2769,0.26979272499920626,0,0.0,0.06595418399956543,0,5,5,A,6815,0.4375,False,3.9199093769984756
0,32.006019752174254,1000,0,max_steps,8.185066432228878,1.402160174000528,astar,False,0,435710,0,231154,28994,0.32127229000070656,0,0.0,0.3647061309984565,0,5,5,A,6816,0.4125,False,4.408965901000556
0,32.89235707978476,1000,0,max_steps,5.457363145329434,0.8446839449989056,astar,False,0,284565,0,3321,431,0.10816911800066009,0,0.0,0.025640386000304716,0,6,6,A,6817,0.4375,False,3.258799683999314
0,33.694971413682964,1000,0,max_steps,4.703755148814613,1.5094487299993489,astar,False,0,273552,0,246396,30854,0.2617873389990564,0,0.0,0.3721409820009285,0,3,3,A,6818,0.4875,False,2.3331840479986568
0,31.887849026558975,1000,0,max_steps,6.275572683030609,1.9326815950007585,astar,False,0,264748,0,5880,740,0.2234405240014894,0,0.0,0.027707225999620277,0,6,6,A,6819,0.4625,False,4.768475438002497
0,32.73890571166216,1000,0,max_steps,6.334849051082432,1.003621777999797,astar,False,0,461432,0,10964,1394,0.6213309560007474,0,0.0,0.040365085000303225,0,6,6,A,6820,0.5,False,4.683228473999407
0,32.766205421249694,1000,0,max_steps,6.471210280928905,0.8308836209998844,astar,False,0,332648,0,7485,985,0.33415375200092967,0,0.0,0.032332499000403914,0,5,5,A,6821,0.45,False,3.0813365380017785
0,31.677291526447153,1000,0,max_steps,9.648915094454921,1.2153632640001888,astar,False,0,401889,0,9192,1156,0.8107509609999397,0,0.0,0.03627091599992127,0,7,7,A,6822,0.4875,False,6.123371528998177
0,31.580986551252472,1000,0,max_steps,6.5286148990425215,1.307653013000163,astar,False,0,379215,0,7592,986,0.44559771199965326,0,0.0,0.03314895599942247,0,7,7,A,6823,0.5,False,4.067961428998387
0,33.106083630198945,1000,0,max_steps,4.89671445971684,0.9697734300007141,astar,False,0,241432,0,11048,1425,0.42835895999996865,0,0.0,0.04226243199991586,0,4,4,A,6824,0.3875,False,2.9758180170028936
0,33.43096764022082,1000,0,max_steps,6.295261114520985,1.1717574639988015,astar,False,0,374070,0,8125,1054,0.34290661700106284,0,0.0,0.035064585999862175,0,6,6,A,6825,0.425,False,2.9242540989944246
0,32.34721143255926,1000,0,max_steps,6.294069629421013,1.0347652609998477,astar,False,0,390800,0,130622,16449,0.37024178600040614,0,0.0,0.22124355400046625,0,6,6,A,6826,0.475,False,3.4544222299991816
0,33.874602255181266,1000,0,max_steps,4.1188970004116365,1.1744414340009826,astar,False,0,374022,0,4588,593,0.8353048310000304,0,0.0,0.029726475000643404,0,3,3,A,6827,0.4125,False,3.1968455140013248
0,32.47315726905193,1000,0,max_steps,5.667478495768641,0.9411784549993172,astar,False,0,358723,0,9287,1203,0.19058583100013493,0,0.0,0.012535670999568538,0,7,7,A,6828,0.5375,False,3.2877914320015407
0,33.33380562387545,1000,0,max_steps,7.477988533021427,1.7403952980002941,astar,False,0,324964,0,22400,2857,0.5802968650004914,0,0.0,0.0729448259990022,0,5,5,A,6829,0.5125,False,4.880860812998435
0,32.474937473170364,1000,0,max_steps,4.972832442381303,0.8130221460014582,astar,False,0,211146,0,228185,28561,0.2503409559994907,0,0.0,0.328819571999702,0,5,5,A,6830,0.4375,False,2.896745746002125
0,33.45412374808891,1000,0,max_steps,4.877531394055806,1.1171979200007627,astar,False,0,365582,0,7790,1020,0.3323525020005036,0,0.0,0.033857132999401074,0,5,5,A,6831,0.3125,False,4.418797196998639
0,33.64277803373569,1000,0,max_steps,2.492551403682579,1.5747330089998286,astar,False,0,465792,0,4430,575,0.13507896800001618,0,0.0,0.03294265900149185,0,5,5,A,6832,0.525,False,2.9732074289986485
0,33.732059204922614,1000,0,max_steps,4.437095051945585,0.8791535019990988,astar,False,0,294485,0,5884,760,0.3569002790009108,0,0.0,0.03200647299854609,0,5,5,A,6833,0.425,False,2.526606574001562
0,32.45258956121515,1000,0,max_steps,6.935078406189792,1.0508344409990968,astar,False,0,354393,0,18193,2297,0.23407686800055671,0,0.0,0.04612189300132741,0,6,6,A,6834,0.4875,False,4.219950765998874
0,33.641860044543634,1000,0,max_steps,6.500600933759894,0.9655849659993692,astar,False,0,311660,0,3465,447,0.08861009000065678,0,0.0,0.025224052000339725,0,5,5,A,6835,0.4,False,2.904129329999705
0,32.79327397520949,1000,0,max_steps,7.930420070841139,0.6997482099995977,astar,False,0,251441,0,9340,1209,0.15311478300100134,0,0.0,0.012803110999811906,0,7,7,A,6836,0.525,False,2.744153440999071
0,34.13440275747172,1000,0,max_steps,3.4117902192250886,0.8394611249987065,astar,False,0,389389,0,4157,537,0.2915122190006514,0,0.0,0.029179156001191586,0,6,6,A,6837,0.525,False,3.7245613470004173
0,31.92534501271126,1000,0,max_steps,7.788794033738468,2.068919311999707,astar,False,0,279860,0,9395,1231,0.2097426029995404,0,0.0,0.03232866500002274,0,7,7,A,6838,0.4375,False,4.910290394000185
0,33.262345820819895,1000,0,max_steps,5.401070495744336,0.8965760689989111,astar,False,0,343534,0,5369,701,0.24442901300062658,0,0.0,0.029302101000212133,0,6,6,A,6839,0.3375,False,4.113328833997002
0,33.021971737107116,1000,0,max_steps,5.338685465542991,0.5518127300001652,astar,False,0,325389,0,15475,1989,0.4151778010000271,0,0.0,0.061612231000253814,0,6,6,A,6840,0.425,False,2.441939940003067
0,32.190164001104776,1000,0,max_steps,7.935698614488832,1.6829067399994528,astar,False,0,421596,0,159061,19990,0.4493620060002286,0,0.0,0.2604584889995749,0,6,6,A,6841,0.575,False,5.310111294000308
0,33.77036126375252,1000,0,max_steps,4.207322485857243,1.1553043740004796,astar,False,0,274021,0,20407,2603,0.635390888000984,0,0.0,0.04703567400065367,0,4,4,A,6842,0.4,False,2.8192143970009056
0,34.302476154970705,1000,0,max_steps,4.331029034767604,0.6074695740007883,astar,False,0,179204,0,6401,823,0.22329572099988582,0,0.0,0.021065303999421303,0,5,5,A,6843,0.35,False,1.7085440190021473
0,34.11028283777424,1000,0,max_steps,2.704683438038541,1.0372441050003545,astar,False,0,367459,0,7146,924,1.0044141039998067,0,0.0,0.0326091480001196,0,4,4,A,6844,0.4,False,3.0480885470005887
0,33.0042634898755,1000,0,max_steps,6.098795987733973,0.917329821999374,astar,False,0,343663,0,12694,1628,0.6025039790001756,0,0.0,0.041105094000158715,0,5,5,A,6845,0.3875,False,2.6200383119994513
0,31.898825230316326,1000,0,max_steps,8.11274075143536,1.3745541570006026,astar,False,0,353633,0,19914,2555,0.2879041399992275,0,0.0,0.06853459499870951,0,8,8,A,6846,0.425,False,4.601572430001397
0,33.31162493714164,1000,0,max_steps,4.300763013698846,1.1184558810000453,astar,False,0,326662,0,7794,1010,0.13037452699973073,0,0.0,0.031014460999358562,0,5,5,A,6847,0.4125,False,3.214610998002172
0,34.21590314677912,1000,0,max_steps,3.729988270759037,0.7276116289995116,astar,False,0,265889,0,5416,703,0.5079864819999784,0,0.0,0.02600313000039023,0,4,4,A,6848,0.45,False,2.385934465999526
0,33.33965350754657,1000,0,max_steps,4.702293323475258,2.1158671359989967,astar,False,0,305539,0,7541,952,0.45069763300125487,0,0.0,0.052260359001593315,0,4,4,A,6849,0.475,False,3.3584094929992716
0,32.5327415241363,1000,0,max_steps,9.244204265376224,1.5266546060011024,astar,False,0,360158,0,9940,1260,1.0194523509999271,0,0.0,0.03701474599984067,0,4,4,A,6850,0.4625,False,4.447312203001275
0,32.532854065860015,1000,0,max_steps,6.069416158083081,1.3642132709992438,astar,False,0,375644,0,53441,6744,0.21013235700047517,0,0.0,0.11664531899987196,0,6,6,A,6851,0.525,False,4.288679576002323
0,34.71334831958824,1000,0,max_steps,3.307236384052399,0.7334087720009848,astar,False,0,186678,0,189328,23751,0.3659138189996156,0,0.0,0.2865778470004443,0,5,5,A,6852,0.375,False,1.8177461240011326
0,33.592606207334846,1000,0,max_steps,5.341026352677917,0.7325061240007926,astar,False,0,388712,0,5929,770,0.36969916700036265,0,0.0,0.03215335499953653,0,6,6,A,6853,0.475,False,2.96687438799745
0,33.565549496005076,1000,0,max_steps,6.667856664626195,0.9280356359995494,astar,False,0,328054,0,3631,469,0.1111179630006518,0,0.0,0.02600425599848677,0,6,6,A,6854,0.4125,False,3.848668741997244
0,34.06940656979408,1000,0,max_steps,3.800698948877693,1.1474169109987997,astar,False,0,250885,0,8587,1100,0.3801402040007815,0,0.0,0.03908879800110299,0,5,5,A,6855,0.425,False,3.8019872509994457
0,32.99103412000526,1000,0,max_steps,7.064457693269879,0.8089664960007212,astar,False,0,321414,0,301912,37886,0.2542696889995568,0,0.0,0.47380754000005254,0,5,5,A,6856,0.4,False,2.8960384980000526
0,32.72656641838308,1000,0,max_steps,6.5364602423635985,1.4641927550001128,astar,False,0,298406,0,217482,27288,0.2704389930004254,0,0.0,0.3285009120008908,0,3,3,A,6857,0.3375,False,2.6664014939997287
0,32.60814761393006,1000,0,max_steps,7.14180036825449,1.0122350860001461,astar,False,0,326116,0,8001,1023,0.11966604700137395,0,0.0,0.03366892299891333,0,7,7,A,6858,0.4625,False,3.6925004750028165
0,34.26143929507206,1000,0,max_steps,4.304975319325301,1.0572853869998653,astar,False,0,169961,0,214227,26891,0.3416375050001079,0,0.0,0.30627581599947007,0,4,4,A,6859,0.4125,False,3.524751531998845
0,33.70574909263564,1000,0,max_steps,4.401739712886254,1.342116582000017,astar,False,0,335773,0,2925,378,0.5213470190010412,0,0.0,0.026327903999117552,0,4,4,A,6860,0.3625,False,3.2935617929997534
0,32.89828087989439,1000,0,max_steps,4.6138717472422215,0.8269203220006602,astar,False,0,397649,0,8849,1129,0.6461760359998152,0,0.0,0.0372891429997253,0,5,5,A,6861,0.4125,False,3.16810734000137
0,34.21295879987284,1000,0,max_steps,1.9975766568519937,1.291989373999968,astar,False,0,328194,0,4429,567,0.4671311530000821,0,0.0,0.028369476000079885,0,4,4,A,6862,0.3625,False,2.1828695250023884
0,33.589084467966636,1000,0,max_steps,3.5135896886232993,0.6884566230000928,astar,False,0,147852,0,38714,4909,0.4358515800013265,0,0.0,0.07075569800144876,0,5,5,A,6863,0.4,False,1.8632385569981125
0,33.281300842460745,1000,0,max_steps,7.972628957878323,1.7285190939983295,astar,False,0,401337,0,14449,1831,0.6504785799988895,0,0.0,0.04348082800061093,0,5,5,A,6864,0.4625,False,4.307219918997362
0,34.107245623297885,1000,0,max_steps,2.848299931538107,0.8249817650012119,astar,False,0,189960,0,160595,20133,0.576251233000221,0,0.0,0.24229803799971705,0,5,5,A,6865,0.4,False,2.12732296500144
0,32.33688651419203,1000,0,max_steps,10.24263454878675,1.1253488520014798,astar,False,0,302801,0,13558,1706,0.4331878279990633,0,0.0,0.03892582800108357,0,6,6,A,6866,0.4625,False,3.1258784669989836
0,33.002223806656396,1000,0,max_steps,6.045995575585546,0.7753947929995775,astar,False,0,225159,0,84944,10748,0.636494787000629,0,0.0,0.1372721410007216,0,4,4,A,6867,0.45,False,2.1453655019977305
0,33.32374858236656,1000,0,max_steps,5.358200490836452,1.1047399519993633,astar,False,0,350828,0,11962,1552,0.2861112430000503,0,0.0,0.037569067999356776,0,5,5,A,6868,0.4125,False,2.9162854429978324
0,31.494001449322663,1000,0,max_steps,8.485741717728628,1.2416442350004218,astar,False,0,383054,0,4787,604,0.2452942690015334,0,0.0,0.03129713599992101,0,6,6,A,6869,0.475,False,4.15152837900132
0,33.27069050374189,1000,0,max_steps,5.809824653119919,1.7822090140016371,astar,False,0,378678,0,110952,13941,0.20942464300060237,0,0.0,0.1925772840004356,0,5,5,A,6870,0.4125,False,6.44744793999962
0,32.473673137138285,1000,0,max_steps,6.979277362306215,0.7357433659999515,astar,False,0,344299,0,11927,1528,0.14539667099961662,0,0.0,0.03678869999930612,0,8,8,A,6871,0.5375,False,3.1446982840025157
0,32.65605117050242,1000,0,max_steps,9.197910768212527,1.696384962000593,astar,False,0,414488,0,31632,4034,0.2175732079995214,0,0.0,0.06640721000076155,0,6,6,A,6872,0.5125,False,4.473799316001532
0,32.22691680676688,1000,0,max_steps,11.715441199545152,0.9167309189997468,astar,False,0,326236,0,317658,39828,0.44048143299914955,0,0.0,0.4651976740005921,0,4,4,A,6873,0.3375,False,2.5193932149995817
0,31.414488925421498,1000,0,max_steps,11.51163813277676,1.5235357580004347,astar,False,0,321924,0,20429,2614,0.26560920200063265,0,0.0,0.06818137700065563,0,6,6,A,6874,0.4875,False,3.819657186999393
0,33.95619918295673,1000,0,max_steps,3.413438515631998,0.8793461290006235,astar,False,0,312590,0,197614,24837,0.5751741389995004,0,0.0,0.2995097379989602,0,4,4,A,6875,0.4125,False,2.370039743000234
0,33.710287187844635,1000,0,max_steps,4.2603183566489475,1.1683316679991549,astar,False,0,412750,0,6872,883,0.1718147659994429,0,0.0,0.010383177999756299,0,5,5,A,6876,0.475,False,3.0608700729972043
0,34.66857986654635,1000,0,max_steps,1.8575016823680093,0.9101082249999308,astar,False,0,168989,0,58064,7276,0.6160709609994228,0,0.0,0.10618857099871093,0,3,3,A,6877,0.4375,False,2.193877875000908
0,33.665949189008224,1000,0,max_steps,4.808358607674763,0.8371183529998234,astar,False,0,253979,0,17282,2210,0.13694381700042868,0,0.0,0.05078157500065572,0,4,4,A,6878,0.375,False,2.3995404680008505
0,33.41905552917444,1000,0,max_steps,8.437287034349369,1.2559604469988699,astar,False,0,442047,0,21784,2782,0.4396265730010782,0,0.0,0.0805508949997602,0,6,6,A,6879,0.65,False,4.510075019996293
0,33.44602189599045,1000,0,max_steps,6.38163870020859,1.0320609440004773,astar,False,0,347886,0,4545,605,0.3580315620001784,0,0.0,0.02857413299898326,0,5,5,A,6880,0.4,False,3.031941037001161
0,33.38460276159742,1000,0,max_steps,5.798302553334033,0.9209815670001262,astar,False,0,427593,0,11259,1456,0.3084517909992428,0,0.0,0.04672369099898788,0,7,7,A,6881,0.425,False,3.196863500998006
0,33.019430816587686,1000,0,max_steps,6.081041234854436,1.4196521119993122,astar,False,0,337330,0,7261,941,0.13428258299973095,0,0.0,0.032011101000534836,0,7,7,A,6882,0.4,False,3.9892261669992877
0,33.04347441311583,1000,0,max_steps,5.5813584815885084,1.0176566990012361,astar,False,0,323010,0,49490,6263,0.8119388310005888,0,0.0,0.10627123499943991,0,4,4,A,6883,0.45,False,2.9088015030010865
0,32.992078590272726,1000,0,max_steps,6.204862004911953,1.5841917710004054,astar,False,0,390106,0,5449,698,0.22387407400128723,0,0.0,0.03418576900003245,0,5,5,A,6884,0.5375,False,4.201741769000364
0,31.49598307142381,1000,0,max_steps,8.502959043768234,1.5150531449999107,astar,False,0,394948,0,10518,1363,0.17170223199900647,0,0.0,0.037648686999091296,0,6,6,A,6885,0.45,False,5.123446170000534
0,32.544022022739796,1000,0,max_steps,9.732564538702016,1.4019535639999958,astar,False,0,336014,0,97721,12340,0.797640581999076,0,0.0,0.17564683700038586,0,6,6,A,6886,0.375,False,3.923922533998848
0,33.87354873645354,1000,0,max_steps,3.1996581848691266,0.7750357439999789,astar,False,0,363874,0,3146,409,0.493939574000251,0,0.0,0.027046168001106707,0,5,5,A,6887,0.475,False,2.586193524999544
0,32.710046372349154,1000,0,max_steps,5.997838152201173,0.7612653249998402,astar,False,0,299401,0,4369,569,0.13169467400075519,0,0.0,0.025150004999886733,0,8,8,A,6888,0.425,False,3.2903877250046207
0,32.2862950871479,1000,0,max_steps,6.77054742986119,1.0462225529990974,astar,False,0,346885,0,4742,598,0.515111013999558,0,0.0,0.0292132530012168,0,6,6,A,6889,0.4875,False,4.116463604999808
0,33.7946030640765,1000,0,max_steps,5.038135815954151,1.2298328970009607,astar,False,0,245855,0,29495,3768,0.2099104429998988,0,0.0,0.06564189000164333,0,4,4,A,6890,0.3375,False,2.9050656979998166
0,34.25572637689064,1000,0,max_steps,4.614413559706151,1.077122798000346,astar,False,0,214830,0,21515,2718,0.3276805660007085,0,0.0,0.05572758099879138,0,4,4,A,6891,0.375,False,2.875472128000183
0,32.65007678519538,1000,0,max_steps,5.427159708355742,0.9590324079999846,astar,False,0,442017,0,4898,633,0.48627316700003576,0,0.0,0.05729106299986597,0,6,6,A,6892,0.4,False,3.417220361996442
0,32.06180554232291,1000,0,max_steps,7.198024902707685,1.269896621000953,astar,False,0,422993,0,14298,1830,0.2496298290006962,0,0.0,0.06610791699858964,0,6,6,A,6893,0.4875,False,3.9040133639991836
0,33.16870320930288,1000,0,max_steps,6.204862004911953,1.1067783710004733,astar,False,0,235422,0,12391,1598,0.18605188299989095,0,0.0,0.04423744700034149,0,4,4,A,6894,0.3625,False,2.3319830450018344
0,33.20985405367525,1000,0,max_steps,5.911984649844753,1.3406466400010686,astar,False,0,347790,0,8160,1061,0.2635572889994364,0,0.0,0.03285235799921793,0,6,6,A,6895,0.5125,False,4.103105340998809
0,33.503099911977216,1000,0,max_steps,5.164330789172976,0.6294406199995137,astar,False,0,238369,0,3976,518,0.14305683599923213,0,0.0,0.01899678799964022,0,6,6,A,6896,0.325,False,2.413898255001186
0,34.702749661433295,1000,0,max_steps,2.5279067427419046,0.519303162000142,astar,False,0,189927,0,6168,795,0.28511420900031226,0,0.0,0.021407345999250538,0,4,4,A,6897,0.35,False,1.7294460110006185
0,33.21832837881832,1000,0,max_steps,6.187209589144364,0.7596057009996002,astar,False,0,351671,0,7035,917,0.35084793100031675,0,0.0,0.031200561999867205,0,6,6,A,6898,0.425,False,3.1929282689998217
0,34.12659870426816,1000,0,max_steps,3.1522313525501247,0.5407029269990744,astar,False,0,218950,0,62896,7987,0.4271446980001201,0,0.0,0.11210523900081171,0,4,4,A,6899,0.4375,False,1.5005415089981398
0,33.61881520786447,1000,0,max_steps,2.810749455216522,0.9109965820007346,astar,False,0,296485,0,10283,1325,0.3124190609996731,0,0.0,0.03354150099949038,0,5,5,A,6900,0.3875,False,2.059945728002276
0,31.936690759918143,1000,0,max_steps,9.563619215548055,1.0426395020003838,astar,False,0,313516,0,11581,1496,0.13200064599914185,0,0.0,0.03518669099867111,0,5,5,A,6901,0.4,False,2.2770095830019272
0,33.829157691605786,1000,0,max_steps,4.08904787206019,1.4079673270007333,astar,False,0,355455,0,21947,2819,1.3546734749997995,0,0.0,0.052681053000924294,0,4,4,A,6902,0.55,False,3.4748442090003664
0,34.28681214208807,1000,0,max_steps,2.553735009745527,0.6685132950005936,astar,False,0,142859,0,97251,12284,0.5222409639991383,0,0.0,0.14443548799863493,0,3,3,A,6903,0.2875,False,1.2823642650000693
0,33.798221557471344,1000,0,max_steps,4.706279050375147,1.120890161000716,astar,False,0,184326,0,45913,5771,0.15510222199918644,0,0.0,0.08289093500025047,0,4,4,A,6904,0.425,False,2.65525849000187
0,34.78970505750664,1000,0,max_steps,2.9168154723945086,1.1713471349994506,astar,False,0,311382,0,2161,281,0.17289623099895834,0,0.0,0.024424625999017735,0,5,5,A,6905,0.3625,False,2.1776929199986625
0,32.28589730298375,1000,0,max_steps,6.57630690433468,0.6188153839993902,astar,False,0,356974,0,10402,1350,0.5158094650014391,0,0.0,0.03704033900066861,0,7,7,A,6906,0.4875,False,3.056973780003318
0,33.70817660698057,1000,0,max_steps,3.9421203051149996,1.1287712949997513,astar,False,0,398816,0,4761,606,0.808126132000325,0,0.0,0.03116770999986329,0,6,6,A,6907,0.425,False,5.364720059998945
0,33.161402165555764,1000,0,max_steps,5.4625143020407725,0.7220015499988222,astar,False,0,366348,0,9734,1260,0.5184422380007163,0,0.0,0.03754092799863429,0,5,5,A,6908,0.4125,False,2.465895814999385
0,31.897159568059216,1000,0,max_steps,8.568857129162557,1.7740812030006055,astar,False,0,295384,0,72639,9099,0.6583240640011354,0,0.0,0.11753684500035888,0,4,4,A,6909,0.425,False,3.9544456980020186
0,33.20426184572615,1000,0,max_steps,4.1188970004116365,1.5909907599998405,astar,False,0,448780,0,2887,380,0.26207117499870947,0,0.0,0.029225865000626072,0,5,5,A,6910,0.475,False,3.663189605998923
0,33.922670087534925,1000,0,max_steps,4.1542523394709665,1.0342456469988974,astar,False,0,184057,0,4996,669,0.2677057179989788,0,0.0,0.018999390000317362,0,4,4,A,6911,0.275,False,2.540335498000786
0,32.664138456962306,1000,0,max_steps,7.371588193869756,1.4728086689992779,astar,False,0,277503,0,4093,528,0.21483317499951227,0,0.0,0.026123628000277677,0,5,5,A,6912,0.375,False,2.793445482999232
0,32.71270309757049,1000,0,max_steps,7.285795255152313,1.0884542709991365,astar,False,0,416239,0,120711,15164,0.266334394000296,0,0.0,0.21894018200146093,0,5,5,A,6913,0.5125,False,4.3140616769997
0,33.77926084265706,1000,0,max_steps,3.8828549419209555,0.8931663680014026,astar,False,0,290833,0,157551,19813,0.6346335660000477,0,0.0,0.25434651499926986,0,5,5,A,6914,0.4625,False,3.6809016080005676
0,33.01027955356664,1000,0,max_steps,5.923707664967944,1.0180942980005057,astar,False,0,362824,0,3425,444,0.5562756310009718,0,0.0,0.029285841001183144,0,6,6,A,6915,0.475,False,3.9363132810012758
0,32.50380138048041,1000,0,max_steps,7.092271321657115,1.0839801549991535,astar,False,0,377794,0,33851,4334,0.48359015399910277,0,0.0,0.0910442360000161,0,5,5,A,6916,0.45,False,3.6895403469989105
0,32.017777916916934,1000,0,max_steps,8.947014166748591,1.0101319169989438,astar,False,0,371684,0,8424,1081,0.17838530500011984,0,0.0,0.012474896000640001,0,6,6,A,6917,0.4375,False,3.5317856589990697
0,32.968050407287734,1000,0,max_steps,5.469489235751357,1.1401559299993096,astar,False,0,383151,0,132725,16759,0.8124986490001902,0,0.0,0.2233924729989667,0,5,5,A,6918,0.5,False,4.103548066999792
0,32.467355221194275,1000,0,max_steps,7.139787286747412,1.0956635130005452,astar,False,0,401890,0,180472,22648,0.35072891999880085,0,0.0,0.3228655250004522,0,6,6,A,6919,0.3875,False,4.341449868999916
0,31.345154442610202,1000,0,max_steps,12.08398992468961,1.149690112000826,astar,False,0,374316,0,6638,866,0.24451933300042583,0,0.0,0.033181699000124354,0,7,7,A,6920,0.425,False,4.800088671001504
0,33.00435889055853,1000,0,max_steps,6.532538748449946,0.8917662120002205,astar,False,0,409711,0,13574,1740,0.32005762200060417,0,0.0,0.04298804099926201,0,6,6,A,6921,0.4375,False,2.897437769001044
0,33.03010097157549,1000,0,max_steps,5.975287649979705,0.7683942500007106,astar,False,0,269781,0,4344,546,0.1643797189990437,0,0.0,0.025150420000500162,0,7,7,A,6922,0.45,False,2.7742788340019615
0,32.92151973098017,1000,0,max_steps,4.574009455608939,0.7407238010000583,astar,False,0,267106,0,14241,1807,0.5761945640006161,0,0.0,0.05510586600030365,0,4,4,A,6923,0.4625,False,2.297407617999852
0,32.27647845519679,1000,0,max_steps,10.501740927103466,1.1286445570003707,astar,False,0,382558,0,40213,5141,0.492288079998616,0,0.0,0.09988676300054067,0,6,6,A,6924,0.5125,False,3.34853656300038
0,34.6980026631112,1000,0,max_steps,3.729988270759037,1.581777584999145,astar,False,0,272092,0,25953,3331,0.3203162979989429,0,0.0,0.05709751100039284,0,3,3,A,6925,0.45,False,3.0172457869994105
0,33.02865792167815,1000,0,max_steps,6.173152557648318,0.5267647929995292,astar,False,0,225039,0,8123,1054,0.3511010959991836,0,0.0,0.023956457000167575,0,5,5,A,6926,0.35,False,2.1663616439982434
0,33.35573248471421,1000,0,max_steps,3.0935921676911455,1.4575784749995364,astar,False,0,437642,0,5502,718,0.2978868459995283,0,0.0,0.009420184000191512,0,5,5,A,6927,0.4875,False,3.0051710669977183
0,33.612786629203704,1000,0,max_steps,5.409395761080898,0.7097538000016357,astar,False,0,275051,0,10872,1385,0.4969451239994669,0,0.0,0.05357435800033272,0,5,5,A,6928,0.45,False,2.544090330002291
0,33.1311888249633,1000,0,max_steps,4.897224979516459,0.6419239200004085,astar,False,0,268399,0,5567,727,0.15538700800061633,0,0.0,0.02652965699962806,0,7,7,A,6929,0.3875,False,2.747620565001853
0,32.752780483796215,1000,0,max_steps,5.603821240903387,1.497441751000224,astar,False,0,457639,0,7482,966,0.2347527270012506,0,0.0,0.03778979500020796,0,5,5,A,6930,0.525,False,4.046123077998345
0,32.78318623368888,1000,0,max_steps,5.568465901844061,1.375839520000227,astar,False,0,373609,0,10780,1390,0.2574418219992367,0,0.0,0.03649467600007483,0,6,6,A,6931,0.4625,False,3.118224354000631
0,33.26120492225896,1000,0,max_steps,5.621526705442212,0.9951223230000323,astar,False,0,422329,0,8111,1039,0.3503059110007598,0,0.0,0.040681580001546536,0,6,6,A,6932,0.5125,False,3.8246164999982284
0,32.02215942989195,1000,0,max_steps,8.713584939621578,1.2943867649992171,astar,False,0,489816,0,29250,3733,0.6961137729995244,0,0.0,0.09268178499951318,0,6,6,A,6933,0.55,False,5.200161142996876
0,33.68002099408059,1000,0,max_steps,4.6138717472422215,0.7492546160010534,astar,False,0,435048,0,7049,927,0.5713819440006773,0,0.0,0.03550915000050736,0,6,6,A,6934,0.55,False,3.397689284001899
0,32.67061056264207,1000,0,max_steps,9.477819501341012,0.7716674259991123,astar,False,0,252560,0,30229,3854,0.6458575750002638,0,0.0,0.05214980900018418,0,6,6,A,6935,0.4375,False,2.224186950998046
0,34.644809905099784,1000,0,max_steps,2.138998013089305,0.7004086520009878,astar,False,0,268383,0,3751,489,0.48806164400048146,0,0.0,0.024128190001647454,0,4,4,A,6936,0.4,False,2.1096835490006924
0,33.41003601836868,1000,0,max_steps,5.899496800575452,1.0681797960005497,astar,False,0,369912,0,16602,2135,0.6336656250005035,0,0.0,0.06633355899975868,0,5,5,A,6937,0.4875,False,3.6577413360009814
0,32.11154203760093,1000,0,max_steps,7.490514835443553,1.0736336760000995,astar,False,0,426434,0,7907,1025,0.6113489949984796,0,0.0,0.03546708399881027,0,7,7,A,6938,0.5,False,5.010016688001997
0,31.861975655855996,1000,0,max_steps,6.77054742986119,1.3166025650007214,astar,False,0,408039,0,6419,812,0.4375853060009831,0,0.0,0.0327459780000936,0,5,5,A,6939,0.4875,False,3.967355693002901
0,32.38482167723879,1000,0,max_steps,7.608486216061641,1.1111408600008872,astar,False,0,407883,0,36086,4583,0.3244669889991201,0,0.0,0.09573362700029975,0,6,6,A,6940,0.525,False,3.50688426600027
0,30.655348881641057,1000,0,max_steps,11.929702951037799,1.5643959479984915,astar,False,0,405494,0,272728,34169,0.3674377679999452,0,0.0,0.41816884000036225,0,7,7,A,6941,0.4625,False,4.394660977999592
0,33.42825962387155,1000,0,max_steps,4.1542523394709665,1.283206545000212,astar,False,0,437777,0,2316,303,0.2816817889997765,0,0.0,0.05370190400026331,0,5,5,A,6942,0.4625,False,4.269762713000091
0,32.82090472702114,1000,0,max_steps,7.742839433954444,1.1232721519991173,astar,False,0,406157,0,184105,23059,0.11326294799982861,0,0.0,0.29865421500107914,0,6,6,A,6943,0.4375,False,4.274184653000702
0,33.43540030992985,1000,0,max_steps,3.7123526906801274,1.2023485650006478,astar,False,0,254447,0,9285,1186,0.522046608999517,0,0.0,0.039709579999907874,0,3,3,A,6944,0.35,False,2.3132804940014466
0,34.267224853998265,1000,0,max_steps,2.38176667623006,0.9198090699992463,astar,False,0,205340,0,156255,19630,0.6785949659988546,0,0.0,0.2355014080003457,0,3,3,A,6945,0.25,False,1.7731557980005164
0,33.9455709263602,1000,0,max_steps,5.658207534193136,0.8049337739994371,astar,False,0,241381,0,273995,34407,0.3399819850001222,0,0.0,0.39017625599990424,0,4,4,A,6946,0.3125,False,2.0544661799995083
0,33.33446610088304,1000,0,max_steps,5.992729970555986,1.0404029790006462,astar,False,0,179598,0,5240,662,0.13291274400035036,0,0.0,0.018634740999914357,0,4,4,A,6947,0.375,False,2.1769664969979203
0,33.44010585591348,1000,0,max_steps,3.8540968462144276,1.0403615340001124,astar,False,0,375783,0,10276,1312,0.9819144180000876,0,0.0,0.058208193000609754,0,6,6,A,6948,0.3875,False,4.113737392000985
0,33.21669592764411,1000,0,max_steps,4.384952964399958,1.1776286830008758,astar,False,0,299335,0,135465,17033,0.8909671190012887,0,0.0,0.21845799299990176,0,4,4,A,6949,0.475,False,3.100524060999305
0,33.86235028286312,1000,0,max_steps,3.97747564417433,1.1220698640008777,astar,False,0,336311,0,5309,671,0.2219364949996816,0,0.0,0.00880387500001234,0,6,6,A,6950,0.425,False,4.429915030001212
0,33.25528577785129,1000,0,max_steps,3.8817280301432757,0.7589254239992442,astar,False,0,228256,0,173874,21885,0.49869602500075416,0,0.0,0.25563002600028994,0,5,5,A,6951,0.4125,False,1.9865680299990345
0,32.789170330499665,1000,0,max_steps,7.442298871988412,0.7978263800014247,astar,False,0,304565,0,4791,605,0.4118974970006093,0,0.0,0.027815153000119608,0,6,6,A,6952,0.375,False,2.873621250002543
0,32.58760770591031,1000,0,max_steps,4.967550955954047,0.9353119099996547,astar,False,0,316025,0,3263,422,0.16003788900161453,0,0.0,0.026552646999334684,0,6,6,A,6953,0.475,False,2.5157432349951705
0,33.62991820433864,1000,0,max_steps,6.098795987733973,0.5935172550016432,astar,False,0,372611,0,1965,257,0.5383414589996391,0,0.0,0.025166999999783002,0,6,6,A,6954,0.525,False,3.149182021003071
0,34.37285089459035,1000,0,max_steps,1.926865978733338,0.5980490229994757,astar,False,0,93565,0,53760,6733,0.18608652200055076,0,0.0,0.09143000999938522,0,3,3,A,6955,0.4,False,1.2724678169997787
0,32.60767915182311,1000,0,max_steps,6.963319072109218,2.3623659610002505,astar,False,0,336578,0,239460,30085,1.996661661998587,0,0.0,0.35850509900046745,0,3,3,A,6956,0.4125,False,3.195952934998786
0,33.57873451239711,1000,0,max_steps,4.3663843738269295,1.4829100029983238,astar,False,0,301386,0,8401,1099,0.3477107270009583,0,0.0,0.03322679099983361,0,3,3,A,6957,0.45,False,2.7438798639996094
0,33.93405186949207,1000,0,max_steps,3.058236828631815,1.005461008999191,astar,False,0,207490,0,4532,588,0.07762180900135718,0,0.0,0.018789501000355813,0,3,3,A,6958,0.3375,False,1.5154060069980915
0,33.856677060044404,1000,0,max_steps,3.6946329316997066,1.3901503140004934,astar,False,0,424367,0,3329,433,0.2910774270003458,0,0.0,0.029788296000333503,0,5,5,A,6959,0.475,False,4.812488105000739
0,34.30739815418501,1000,0,max_steps,4.34960486711149,0.7857656529995438,astar,False,0,313878,0,144370,18180,0.3969238219997351,0,0.0,0.22669476099872554,0,6,6,A,6960,0.45,False,3.5617871869981172
0,33.588005699795055,1000,0,max_steps,5.568465901844061,0.5731213790004404,astar,False,0,286125,0,4697,614,0.3602835679994314,0,0.0,0.02618577099929098,0,6,6,A,6961,0.425,False,2.3601800720007304
0,32.12553351253551,1000,0,max_steps,10.007762612092673,1.1728559940002015,astar,False,0,387742,0,52737,6619,0.8157220050015894,0,0.0,0.11619718200017815,0,5,5,A,6962,0.4375,False,4.561825932001739
0,32.916607314960686,1000,0,max_steps,6.385163466975608,0.8120783280010073,astar,False,0,353738,0,4100,530,0.137527640999906,0,0.0,0.028133156998592312,0,7,7,A,6963,0.4125,False,3.071771205002733
0,32.520344662387686,1000,0,max_steps,7.586686529704518,1.2226057179996133,astar,False,0,354354,0,73488,9315,0.6327672610004811,0,0.0,0.16987719600001583,0,6,6,A,6964,0.4875,False,3.926202888997068
0,33.02177911283778,1000,0,max_steps,5.796038517815422,0.7640912409988232,astar,False,0,338925,0,48165,6115,0.4327387160010403,0,0.0,0.10991615900093166,0,7,7,A,6965,0.425,False,3.276634826997906
0,34.082052690986465,1000,0,max_steps,4.89671445971684,1.0246283329997823,astar,False,0,191939,0,3622,473,0.2791895130012563,0,0.0,0.017946374999155523,0,4,4,A,6966,0.3625,False,2.1334600369973487
0,34.018713006512236,1000,0,max_steps,4.684582425360877,0.9197856050013797,astar,False,0,454481,0,7861,1021,0.6267647679997026,0,0.0,0.036644191000959836,0,6,6,A,6967,0.5375,False,3.2828052600016235
0,34.99207383983851,1000,0,max_steps,2.0506858608767935,0.848177231999216,astar,False,0,216811,0,9386,1199,0.8212412289994973,0,0.0,0.026657688000341295,0,3,3,A,6968,0.3375,False,1.1501150869989942
0,32.8888858816721,1000,0,max_steps,6.809024342738097,0.9741878339991672,astar,False,0,318136,0,319220,40015,0.46274295700095536,0,0.0,0.468438543000957,0,5,5,A,6969,0.45,False,3.2417872899950453
0,32.33993243478006,1000,0,max_steps,6.09490053241232,0.9832669690003968,astar,False,0,334517,0,150812,18965,0.30576396499964176,0,0.0,0.24298887100121647,0,6,6,A,6970,0.425,False,3.019269002001238
0,33.52484345444416,1000,0,max_steps,5.603821240903387,0.9419255810007598,astar,False,0,363897,0,4958,639,0.4047230909982318,0,0.0,0.03177887399942847,0,6,6,A,6971,0.5125,False,2.9869663919980667
0,33.75073920640065,1000,0,max_steps,4.684582425360877,1.1824978970016673,astar,False,0,297498,0,8561,1098,0.22111685300114914,0,0.0,0.053307840000343276,0,3,3,A,6972,0.325,False,2.3164112610011216
0,32.147741252809666,1000,0,max_steps,8.291279304184606,1.089295592999406,astar,False,0,335441,0,91259,11510,0.2751900269995531,0,0.0,0.16250855900034367,0,6,6,A,6973,0.425,False,3.261072626997702
0,31.906328527391597,1000,0,max_steps,8.138124016012535,1.6893782150000334,astar,False,0,351275,0,25248,3194,0.9290436489991407,0,0.0,0.07722485399972356,0,5,5,A,6974,0.4625,False,5.074874127001749
0,31.223920832753212,1000,0,max_steps,9.355763597911182,1.8594432919999235,astar,False,0,328375,0,63999,8045,0.171366302000024,0,0.0,0.13015516500126978,0,7,7,A,6975,0.5,False,6.145969869003238
0,33.77263648669824,1000,0,max_steps,4.6138717472422215,0.9272158900002978,astar,False,0,291925,0,2991,387,0.14419832500061602,0,0.0,0.0241322809997655,0,6,6,A,6976,0.475,False,2.662858577999941
0,33.454764829520194,1000,0,max_steps,5.725627694847087,0.8669786959999328,astar,False,0,406995,0,7523,976,0.8326025660007872,0,0.0,0.03420922999976028,0,7,7,A,6977,0.4375,False,3.2173013759984315
0,34.08084274965786,1000,0,max_steps,5.3082777338794145,0.8482136679995165,astar,False,0,440688,0,16763,2181,0.3474293529998249,0,0.0,0.07234018899907824,0,6,6,A,6978,0.5,False,2.995137211000838
0,33.56759917016773,1000,0,max_steps,4.891861864362074,1.3090936110002076,astar,False,0,140494,0,254748,31871,0.1305534559996886,0,0.0,0.3832737520006049,0,4,4,A,6979,0.4375,False,2.3126317000005656
0,33.242247374764105,1000,0,max_steps,3.447145558284419,1.465361690001373,astar,False,0,366548,0,7012,917,0.4166668199995911,0,0.0,0.05501895299858006,0,5,5,A,6980,0.4625,False,3.637302613000429
0,32.46399843881567,1000,0,max_steps,4.749506553316878,1.1253320530013298,astar,False,0,276279,0,18588,2326,0.4309525639982894,0,0.0,0.0638899429995945,0,5,5,A,6981,0.475,False,2.6658083029979025
0,32.86496015710303,1000,0,max_steps,5.941827370430748,1.3341815959993255,astar,False,0,347766,0,4596,593,0.5983554679987719,0,0.0,0.02744502499990631,0,6,6,A,6982,0.4125,False,4.416398285999094
0,32.3248930382272,1000,0,max_steps,6.826350598965745,0.933440281998628,astar,False,0,354568,0,6281,812,0.4345870619999914,0,0.0,0.02993848499863816,0,7,7,A,6983,0.45,False,3.147091425000326
0,34.171244054183106,1000,0,max_steps,4.4766407606597145,1.1773725200000627,astar,False,0,290402,0,43174,5480,1.0829622620003647,0,0.0,0.09364316499886627,0,3,3,A,6984,0.3875,False,2.734066434997658
0,32.893369651238885,1000,0,max_steps,5.923707664967944,1.391124244999446,astar,False,0,304772,0,4477,584,0.16495093099911173,0,0.0,0.026681023000492132,0,4,4,A,6985,0.3375,False,3.330490409000049
0,34.52156023159148,1000,0,max_steps,3.0228814895724896,1.108457072999954,astar,False,0,298965,0,4941,637,0.39897599200048717,0,0.0,0.028193512000143528,0,4,4,A,6986,0.3625,False,2.347037804998763
0,32.266837946111856,1000,0,max_steps,8.598201120001788,1.4663448970004538,astar,False,0,415401,0,255132,32065,1.0721765869984665,0,0.0,0.3872730679995584,0,5,5,A,6987,0.45,False,3.921479774000545
0,30.939984844568972,1000,0,max_steps,12.207131624587326,1.4783035929995094,astar,False,0,367757,0,43402,5458,0.5955640140000469,0,0.0,0.09977297699879273,0,5,5,A,6988,0.475,False,3.6524351299976843
0,33.095289899389456,1000,0,max_steps,4.934096928516908,0.6463183169998956,astar,False,0,312134,0,19692,2497,0.3909172530002252,0,0.0,0.066045583000232,0,5,5,A,6989,0.45,False,2.156560374001856
0,33.13011513830255,1000,0,max_steps,5.530398945826601,1.0082647600011114,astar,False,0,313804,0,26723,3397,0.4208481189998565,0,0.0,0.08005181499902392,0,5,5,A,6990,0.3875,False,3.468762942002286
0,34.16839740198651,1000,0,max_steps,4.442303737926975,1.2242782270004682,astar,False,0,277156,0,127106,16054,0.5220249100002547,0,0.0,0.21123620300022594,0,3,3,A,6991,0.425,False,2.627257041000121
0,33.42062209193899,1000,0,max_steps,5.056091622983108,1.501269823000257,astar,False,0,282400,0,10005,1282,0.44663629200113064,0,0.0,0.05170251600065967,0,5,5,A,6992,0.4125,False,3.6110886839996965
0,32.53850966348054,1000,0,max_steps,9.354761488140676,0.6304794789994048,astar,False,0,362238,0,17887,2307,0.584326479000083,0,0.0,0.04583802500019374,0,5,5,A,6993,0.4875,False,2.6555336199962767
0,31.606455965589355,1000,0,max_steps,7.7430008717550844,1.2050155910001195,astar,False,0,447157,0,8431,1081,0.4836985710007866,0,0.0,0.03725344400118047,0,6,6,A,6994,0.5,False,5.263141552000889
0,34.736287313656334,1000,0,max_steps,1.431891231902758,1.1134317979995103,astar,False,0,322241,0,5769,745,1.0575818320012331,0,0.0,0.05565035800100304,0,4,4,A,6995,0.5,False,2.4148289099994145
0,32.992356699485605,1000,0,max_steps,5.796038517815422,1.0998663260015746,astar,False,0,262397,0,34766,4391,0.29241826699944795,0,0.0,0.08600174300045182,0,5,5,A,6996,0.425,False,3.559307853000064
0,32.3177561378698,1000,0,max_steps,6.652090836721939,1.4533420320003643,astar,False,0,377203,0,34464,4401,0.4132080859999405,0,0.0,0.08894821600006253,0,7,7,A,6997,0.4875,False,5.845522335002897
0,32.16382117058927,1000,0,max_steps,7.619075567285049,1.115770567999789,astar,False,0,377714,0,6617,838,0.23081995800021105,0,0.0,0.033178068000779604,0,6,6,A,6998,0.4125,False,3.630856739999217
0,32.03806849352645,1000,0,max_steps,10.172834536155593,2.0794503269989946,astar,False,0,431683,0,309743,38828,0.3075821950005775,0,0.0,0.5076628259994322,0,5,5,A,6999,0.4375,False,4.603064243998233
0,34.341775702710834,1000,0,max_steps,2.881460133335178,0.888313030000063,astar,False,0,305972,0,6471,844,0.8582913280006323,0,0.0,0.029821267000443186,0,4,4,A,7000,0.4375,False,2.5109633520005445
0,31.513856186212493,1000,0,max_steps,7.809389380739059,0.9917401029997563,astar,False,0,447517,0,8838,1168,0.36078534300031606,0,0.0,0.06294265200085647,0,7,7,A,7001,0.4875,False,3.7019964480005
0,32.625871174282565,1000,0,max_steps,6.205567057086723,1.152666305000821,astar,False,0,479745,0,33997,4311,0.6684581280005659,0,0.0,0.09809132600094017,0,5,5,A,7002,0.4625,False,3.4954498000024614
0,33.772861422554946,1000,0,max_steps,5.044334693495268,1.2478437600002508,astar,False,0,397009,0,121484,15344,0.7341667179989599,0,0.0,0.18490504600049462,0,4,4,A,7003,0.475,False,3.024641291001899
0,32.60897163799129,1000,0,max_steps,6.098898466116645,1.3519344100004673,astar,False,0,394218,0,23080,2941,0.3444114029989578,0,0.0,0.07637581400013005,0,5,5,A,7004,0.45,False,3.2475388230031967
0,34.47305369566142,1000,0,max_steps,2.7577731052427055,1.0068148219997965,astar,False,0,244897,0,8222,1031,0.5035671750010806,0,0.0,0.02590554299968062,0,3,3,A,7005,0.275,False,2.1540116559990565
0,32.20038534596965,1000,0,max_steps,7.174194205623372,0.8729983399989578,astar,False,0,404835,0,16991,2146,0.2794091079995269,0,0.0,0.04563402100029634,0,6,6,A,7006,0.55,False,3.478002755999114
0,32.68097352956847,1000,0,max_steps,7.762590579181667,1.212674579999657,astar,False,0,352052,0,307573,38518,0.5394775790009589,0,0.0,0.495231730001251,0,4,4,A,7007,0.4625,False,4.39819988400086
0,33.37069734246422,1000,0,max_steps,3.0228814895724896,1.2388284469998325,astar,False,0,391555,0,4785,620,0.15090383599999768,0,0.0,0.030462957000054303,0,6,6,A,7008,0.45,False,2.8361280799999804
0,32.134119062018286,1000,0,max_steps,8.945756675653543,1.570145395999134,astar,False,0,357434,0,24401,3125,0.5908739019996574,0,0.0,0.05495592300030694,0,6,6,A,7009,0.3875,False,3.4370094829992013
0,33.25677325219824,1000,0,max_steps,6.8586851874101935,0.7905460290003248,astar,False,0,276863,0,231062,28974,0.29683465200105275,0,0.0,0.36597210800027824,0,6,6,A,7010,0.475,False,2.9308126129999437
0,31.560865202975727,1000,0,max_steps,7.107500439676382,0.7928156950001721,astar,False,0,347974,0,7088,903,0.5407360930003051,0,0.0,0.03116582000075141,0,6,6,A,7011,0.5375,False,3.114312912997775
0,33.125516440537325,1000,0,max_steps,7.739044676185813,1.0695402860001195,astar,False,0,386812,0,24215,3035,0.27447414099879097,0,0.0,0.07777536799949303,0,5,5,A,7012,0.5,False,3.363918126000499
0,33.383886976645805,1000,0,max_steps,6.94417471698401,1.0279800980006257,astar,False,0,306851,0,3034,389,0.5844197590013209,0,0.0,0.024487491999025224,0,4,4,A,7013,0.3875,False,2.8109803429997555
0,33.48721777619664,1000,0,max_steps,4.0308575390355825,0.7487160719992971,astar,False,0,282756,0,14677,1911,0.30417098500038264,0,0.0,0.039932653000505525,0,4,4,A,7014,0.5125,False,2.0585705439989397
0,34.12832552889164,1000,0,max_steps,3.6592775926403815,0.8888716399997065,astar,False,0,299912,0,6579,849,0.4929929619993345,0,0.0,0.02932043500004511,0,4,4,A,7015,0.45,False,2.914592878998519
0,34.26558467732636,1000,0,max_steps,3.7830625820887485,1.2198296429996844,astar,False,0,346080,0,6568,853,0.8215887659989676,0,0.0,0.03125519000059285,0,4,4,A,7016,0.5125,False,2.7691472850001446
0,33.0119038962351,1000,0,max_steps,6.556985778541843,0.9619327870004781,astar,False,0,348533,0,23760,3024,0.4133627540013549,0,0.0,0.0750368150002032,0,5,5,A,7017,0.5,False,2.3591712290017313
0,33.276982007738006,1000,0,max_steps,4.477478363990159,0.8053720240004623,astar,False,0,293231,0,29095,3738,0.19773418600016157,0,0.0,0.08537826700012374,0,5,5,A,7018,0.375,False,2.3286598449994926
0,33.982317537538954,1000,0,max_steps,5.232620041623506,1.0127278410000145,astar,False,0,345676,0,7969,1006,0.9781963479999831,0,0.0,0.03418058600072982,0,4,4,A,7019,0.4,False,3.332337082001686
0,32.45292662107529,1000,0,max_steps,8.647922438366336,1.7431783210013236,astar,False,0,423841,0,5851,757,0.9518205570002465,0,0.0,0.03305143499892438,0,5,5,A,7020,0.55,False,4.804123067002365
0,32.86030091752918,1000,0,max_steps,5.664058836205707,1.2419985389988142,astar,False,0,481258,0,10038,1313,0.256560043000718,0,0.0,0.013659772999744746,0,5,5,A,7021,0.5,False,4.213060684000084
0,33.09815016873642,1000,0,max_steps,6.480282594146645,1.0542640059993573,astar,False,0,382823,0,53432,6759,0.940335621999111,0,0.0,0.11303600300016114,0,5,5,A,7022,0.45,False,3.823501305996615
0,33.846496482740015,1000,0,max_steps,2.645574134285409,1.491338474001168,astar,False,0,426751,0,21583,2752,0.7123956960003852,0,0.0,0.051760951999312965,0,3,3,A,7023,0.475,False,2.5096615689999453
0,33.15839768465045,1000,0,max_steps,6.717723758833788,0.9682025700003578,astar,False,0,313746,0,12458,1590,0.6836716029993113,0,0.0,0.038329115999658825,0,4,4,A,7024,0.4625,False,3.2521153790003154
0,33.30359590776999,1000,0,max_steps,3.1996581848691266,0.699896654999975,astar,False,0,333643,0,6644,865,0.12207207400024345,0,0.0,0.02966047699919727,0,6,6,A,7025,0.4375,False,2.332057572000849
0,31.34717738809803,1000,0,max_steps,10.560732100569542,1.785484573998474,astar,False,0,416601,0,8476,1080,0.5438302550010121,0,0.0,0.03797524199944746,0,7,7,A,7026,0.4375,False,5.936132147000535
0,33.766119379441506,1000,0,max_steps,4.702293323475258,0.5435859960016387,astar,False,0,288780,0,12181,1572,0.27629496900044614,0,0.0,0.03612103799969191,0,5,5,A,7027,0.4375,False,1.8344718619991909
0,34.47607530487818,1000,0,max_steps,3.5532115754624,1.4392407229988748,astar,False,0,305327,0,5804,762,1.4099470370001654,0,0.0,0.029116421001162962,0,3,3,A,7028,0.3375,False,2.2074841809990176
0,33.098101961113095,1000,0,max_steps,5.002780476894821,0.9843979850011237,astar,False,0,389421,0,5648,743,0.31714586000089184,0,0.0,0.03175767999891832,0,6,6,A,7029,0.425,False,2.6018260950022523
0,34.2427730145054,1000,0,max_steps,4.861359120657514,0.5009802069998841,astar,False,0,204314,0,6079,782,0.338391467999827,0,0.0,0.020992308000131743,0,5,5,A,7030,0.3625,False,1.328597585999887
0,32.88752771072421,1000,0,max_steps,6.842719671300292,1.4705306899995776,astar,False,0,224261,0,327415,40962,0.2186667670011957,0,0.0,0.4922297780012741,0,4,4,A,7031,0.45,False,3.168596448998869
0,33.86011642916181,1000,0,max_steps,2.7577731052427055,1.3828655270008312,astar,False,0,380226,0,29687,3772,0.28414008500112686,0,0.0,0.08510903200112807,0,5,5,A,7032,0.4625,False,2.573971095000161
0,33.08062095187891,1000,0,max_steps,7.451447007125528,1.226687653999761,astar,False,0,394009,0,61499,7713,0.6754418170003191,0,0.0,0.10399472300014168,0,4,4,A,7033,0.5125,False,3.1064739329995064
0,32.925829472660986,1000,0,max_steps,6.116499202975505,0.5973840330007079,astar,False,0,307752,0,11565,1487,0.2786539509997965,0,0.0,0.03748602099949494,0,6,6,A,7034,0.425,False,2.3296900300028938
0,32.09954446126859,1000,0,max_steps,9.363576373373581,0.9207938220006326,astar,False,0,289963,0,306367,38467,0.2752332740001293,0,0.0,0.4710585140001058,0,5,5,A,7035,0.475,False,3.6445768930007034
0,33.735386293459456,1000,0,max_steps,5.6745319190220425,0.9398606279992237,astar,False,0,378066,0,5522,695,0.8850486609990185,0,0.0,0.05453742899953795,0,4,4,A,7036,0.45,False,2.971547823999572
0,33.754701471657654,1000,0,max_steps,3.6946329316997066,1.5107122040008107,astar,False,0,360761,0,10589,1375,0.1637651740002184,0,0.0,0.03620373000012478,0,5,5,A,7037,0.4875,False,3.817072111001835
0,33.159656643949646,1000,0,max_steps,7.5670544137068285,0.6907433889991808,astar,False,0,289242,0,4042,511,0.14062631900014821,0,0.0,0.026526671999818063,0,7,7,A,7038,0.475,False,3.2507254959982674
0,32.907896550520185,1000,0,max_steps,6.616763748238254,1.6774199940009566,astar,False,0,439885,0,3732,489,0.22633052399942244,0,0.0,0.030262436999692,0,6,6,A,7039,0.525,False,5.79884204100199
0,33.09981996458275,1000,0,max_steps,4.086448641546836,1.378620444000262,astar,False,0,239901,0,79056,9961,0.5861477959988406,0,0.0,0.1392628279991186,0,4,4,A,7040,0.4125,False,3.2233623749998515
0,32.90930693463205,1000,0,max_steps,4.932196518793629,0.6334939429998485,astar,False,0,275197,0,18288,2351,0.1821937250006158,0,0.0,0.04258263299925602,0,6,6,A,7041,0.3875,False,1.8545576130018162
0,33.519020105659365,1000,0,max_steps,5.961464794830208,1.4586636639996868,astar,False,0,349292,0,120455,15242,0.5738945439989038,0,0.0,0.1964017540012719,0,5,5,A,7042,0.5,False,5.059543125997152
0,33.176151576950815,1000,0,max_steps,4.1188970004116365,0.9506017180010531,astar,False,0,335800,0,5102,653,0.3692419909984892,0,0.0,0.02881265500036534,0,5,5,A,7043,0.4625,False,2.9570074810017104
0,33.05221514475675,1000,0,max_steps,5.214912511250788,1.0322980790006113,astar,False,0,390306,0,3429,447,0.37101927000003343,0,0.0,0.02819876200010185,0,6,6,A,7044,0.475,False,4.444114090001676
0,32.40323514580811,1000,0,max_steps,6.257919981910921,1.2220547600009013,astar,False,0,340932,0,8675,1107,0.40560673300024064,0,0.0,0.03470396099874051,0,6,6,A,7045,0.35,False,3.1161554230002366
0,33.45736411736715,1000,0,max_steps,4.7199377644202025,0.9423235609992844,astar,False,0,335608,0,7038,909,0.1788269129992841,0,0.0,0.03133677200094098,0,6,6,A,7046,0.3875,False,2.659863390001192
0,34.110770736388616,1000,0,max_steps,5.109335817892575,0.8959096210001007,astar,False,0,340597,0,2321,307,0.11940307899931213,0,0.0,0.0042445170001883525,0,6,6,A,7047,0.4625,False,2.854848070001026
0,33.548910799633134,1000,0,max_steps,4.295673695708273,0.89602935000039,astar,False,0,394324,0,2510,328,0.40501341199887975,0,0.0,0.02757982000002812,0,5,5,A,7048,0.5625,False,3.7606992950004496
0,32.962270306749204,1000,0,max_steps,6.471306861832466,0.958736119000605,astar,False,0,343133,0,27753,3471,0.6784856729991589,0,0.0,0.08069002199954411,0,5,5,A,7049,0.4375,False,3.9945589279996057
0,34.24809170180003,1000,0,max_steps,3.906764966055674,0.6456931870015978,astar,False,0,133026,0,5037,642,0.11192102700078976,0,0.0,0.017756220000592293,0,5,5,A,7050,0.3125,False,1.6536161589992844
0,31.790264892634518,1000,0,max_steps,9.366579551789435,1.2015661690002162,astar,False,0,337160,0,217216,27180,0.4847904529997322,0,0.0,0.3398765860001731,0,5,5,A,7051,0.425,False,2.941731962000631
0,32.69367844969111,1000,0,max_steps,4.95268235403806,1.73469952600135,astar,False,0,326205,0,67883,8599,0.3139474670006166,0,0.0,0.13004409600034705,0,5,5,A,7052,0.3875,False,3.2527943400000368
0,34.11038933672127,1000,0,max_steps,4.28810126979296,0.8537714100002631,astar,False,0,211698,0,44281,5627,0.7090616729983594,0,0.0,0.08275467899875366,0,3,3,A,7053,0.425,False,2.2352676909995353
0,33.697117554919664,1000,0,max_steps,5.49548109813872,1.351756068001123,astar,False,0,349811,0,94809,11960,0.4573674099992786,0,0.0,0.17023580000022775,0,6,6,A,7054,0.425,False,4.502301810001882
0,34.30882363503825,1000,0,max_steps,3.5532115754624,0.9469740099993942,astar,False,0,22790,0,367390,45975,0.09392492600090918,0,0.0,0.5177505880001263,0,2,2,A,7055,0.375,False,1.5821164369990584
0,33.06200748089293,1000,0,max_steps,4.295673695708273,0.9025643789991591,astar,False,0,388779,0,3699,486,0.6155146269993566,0,0.0,0.028145360000053188,0,5,5,A,7056,0.4625,False,2.994492468000317
0,33.55099538192573,1000,0,max_steps,4.1188970004116365,0.9169340250009554,astar,False,0,224897,0,15800,2029,0.14869252300013613,0,0.0,0.03347549499994784,0,5,5,A,7057,0.35,False,3.0168726860028983
0,33.81133811022771,1000,0,max_steps,4.1188970004116365,1.4024251160008134,astar,False,0,316224,0,7464,967,0.27836277000096743,0,0.0,0.03210071200010134,0,5,5,A,7058,0.45,False,4.7921629790016596
0,32.1128545674737,1000,0,max_steps,7.8430104233004805,1.127848089001418,astar,False,0,364362,0,232818,29325,0.7036177770005452,0,0.0,0.3460938000007445,0,5,5,A,7059,0.4875,False,4.015685930000473
0,32.257807088643574,1000,0,max_steps,7.054187586107984,1.205041078999784,astar,False,0,442626,0,14570,1867,0.49626412999896274,0,0.0,0.07054215300013311,0,6,6,A,7060,0.475,False,3.2953410229984
0,32.15457741433873,1000,0,max_steps,5.5331105627847315,1.0848671599997033,astar,False,0,374960,0,7865,1024,0.27943550199961464,0,0.0,0.011912525000298047,0,6,6,A,7061,0.475,False,2.6247866969988536
0,32.42052613237607,1000,0,max_steps,9.305660239875513,0.8986671910006407,astar,False,0,404590,0,308510,38686,0.4214133410005161,0,0.0,0.46420092699918314,0,6,6,A,7062,0.325,False,3.548892071999944
0,34.105589611951444,1000,0,max_steps,3.2703688629877825,0.7063939179988665,astar,False,0,220496,0,4944,639,0.09036512099919491,0,0.0,0.020284829999582144,0,4,4,A,7063,0.3625,False,1.40672569599883
0,32.11955784913098,1000,0,max_steps,7.956542119539114,1.244054528999186,astar,False,0,272499,0,142091,17865,0.44168490299853147,0,0.0,0.25246973899993463,0,7,7,A,7064,0.4375,False,4.500504513998749
0,33.04213294299103,1000,0,max_steps,6.310928022089935,0.7577642970009038,astar,False,0,398353,0,9100,1185,0.6528915079998114,0,0.0,0.03648805299962987,0,6,6,A,7065,0.4375,False,2.618728736999401
0,33.32722356739392,1000,0,max_steps,5.515461222780918,1.3531667560000642,astar,False,0,207277,0,17124,2194,0.20347270599995682,0,0.0,0.046930783999414416,0,4,4,A,7066,0.35,False,3.278320622001047
0,33.89521151485298,1000,0,max_steps,5.423703762190557,0.9871591779992741,astar,False,0,155228,0,294372,36808,0.22526453700083948,0,0.0,0.48721878299875243,0,4,4,A,7067,0.45,False,2.5454677429970616
0,33.98351387010017,1000,0,max_steps,3.8537725023669958,1.2910485680004058,astar,False,0,364136,0,9230,1189,0.8838794120001694,0,0.0,0.033539154999743914,0,4,4,A,7068,0.4625,False,3.204591663001338
0,33.68472028241388,1000,0,max_steps,4.6138717472422215,1.1953749669992249,astar,False,0,285723,0,7079,912,0.4527529869992577,0,0.0,0.029952042999866535,0,4,4,A,7069,0.375,False,2.8920592259964906
0,32.052644457081904,1000,0,max_steps,7.892500395945506,1.2498312949992396,astar,False,0,354292,0,96519,12158,0.4737533389998134,0,0.0,0.17021575900071184,0,6,6,A,7070,0.4625,False,3.9253458969960775
0,32.99531831022002,1000,0,max_steps,5.568465901844061,1.2589185939996241,astar,False,0,354721,0,4121,539,0.2643612640003994,0,0.0,0.032113754999954836,0,4,4,A,7071,0.475,False,3.2409235539998917
0,33.03891149050683,1000,0,max_steps,4.500173607762259,0.5726382410011865,astar,False,0,268117,0,8164,1065,0.0981246450010076,0,0.0,0.011580925000089337,0,6,6,A,7072,0.4125,False,2.3671125620057865
0,33.44812597510646,1000,0,max_steps,7.55060014171059,0.8184129199999006,astar,False,0,352300,0,8436,1071,0.5247623830000521,0,0.0,0.05459988599977805,0,6,6,A,7073,0.5125,False,2.7919255069991777
0,31.75366110968358,1000,0,max_steps,7.927897735213287,1.0956919189993641,astar,False,0,399979,0,76367,9647,0.44851862600080494,0,0.0,0.14911811499951,0,7,7,A,7074,0.5,False,4.521108399001605
0,33.14115763017686,1000,0,max_steps,5.020489268985642,1.089614533000713,astar,False,0,283816,0,12023,1539,0.54478564099918,0,0.0,0.03713124599926232,0,5,5,A,7075,0.45,False,3.4324794379972445
0,33.162725272911814,1000,0,max_steps,7.3775207556468425,0.9633743659996981,astar,False,0,355743,0,9056,1163,0.20433313300054579,0,0.0,0.0339899360005802,0,6,6,A,7076,0.4125,False,2.9165594189998956
0,33.210113182582376,1000,0,max_steps,6.95990750656932,0.8304352199993446,astar,False,0,364910,0,156966,19774,0.5764944029997423,0,0.0,0.2499029619993962,0,6,6,A,7077,0.525,False,3.298121675998118
0,32.9868097791997,1000,0,max_steps,4.4379401190191805,1.3192027850000159,astar,False,0,469158,0,6368,814,0.17260891200021433,0,0.0,0.061405148000631016,0,6,6,A,7078,0.525,False,3.4027383209995605
0,32.532305995685604,1000,0,max_steps,6.982679464217157,1.8300538579987915,astar,False,0,369568,0,3845,496,0.2102681209998991,0,0.0,0.02908584599936148,0,6,6,A,7079,0.5375,False,4.114242376999755
0,33.37421550125888,1000,0,max_steps,6.529859301700149,1.4781721359995572,astar,False,0,411533,0,221268,27851,1.1289691290003248,0,0.0,0.3431171730007918,0,5,5,A,7080,0.525,False,3.8170356919999904
0,32.18375689521214,1000,0,max_steps,11.298133142249652,1.4551577060010459,astar,False,0,454169,0,187804,23818,0.7230514809998567,0,0.0,0.2983818499997142,0,5,5,A,7081,0.5375,False,5.103752343000451
0,33.372986862029435,1000,0,max_steps,4.6138717472422215,1.2287626990000717,astar,False,0,227891,0,5657,727,0.10234225900057936,0,0.0,0.021354549000534462,0,5,5,A,7082,0.375,False,3.047409091999725
0,32.68307747595455,1000,0,max_steps,4.6138717472422215,0.867846073999317,astar,False,0,290857,0,4702,610,0.113607952998791,0,0.0,0.026735092998933396,0,8,8,A,7083,0.475,False,3.1238354639954196
0,34.20600204355532,1000,0,max_steps,4.712516578220175,0.8879117889991903,astar,False,0,383459,0,23105,2966,0.5213110849999794,0,0.0,0.052986411999881966,0,4,4,A,7084,0.4625,False,2.348629336000158
0,33.560700372020136,1000,0,max_steps,7.053744572920115,1.09942130699892,astar,False,0,361018,0,6678,868,0.16228014700027416,0,0.0,0.009416548999070073,0,6,6,A,7085,0.4625,False,2.7808465779999096
0,32.85655727467865,1000,0,max_steps,8.361537687530921,1.9078514789998735,astar,False,0,344046,0,3323,428,0.3980173360014305,0,0.0,0.04943648100015707,0,5,5,A,7086,0.3625,False,4.494698684002287
0,32.91647542753046,1000,0,max_steps,9.165577586819065,0.9345290210003441,astar,False,0,321719,0,10297,1311,0.32695926199994574,0,0.0,0.035038996998991934,0,7,7,A,7087,0.45,False,2.8756859800014354
0,32.19033759068206,1000,0,max_steps,10.606734299491052,0.9562809489998472,astar,False,0,416939,0,27111,3485,0.8157587149999017,0,0.0,0.08562691400038602,0,6,6,A,7088,0.5625,False,4.304591729001913
0,33.56274236693279,1000,0,max_steps,4.429623290980846,1.1654408630001853,astar,False,0,237271,0,77598,9764,0.3630429829991044,0,0.0,0.13583303799896385,0,4,4,A,7089,0.4375,False,3.251237297001353
0,33.25029444978646,1000,0,max_steps,8.326182348471596,0.9046881619997293,astar,False,0,309720,0,4845,626,0.29058242500104825,0,0.0,0.027583532999415183,0,6,6,A,7090,0.425,False,3.2468844120012363
0,33.39064167542701,1000,0,max_steps,5.6745319190220425,0.9057992139987618,astar,False,0,231748,0,8231,1062,0.2497419589999481,0,0.0,0.0261457069991593,0,5,5,A,7091,0.3875,False,3.0441047359963704
0,32.79461584874631,1000,0,max_steps,4.330740410137739,1.143244691000291,astar,False,0,273115,0,63947,8100,0.6590593970013288,0,0.0,0.1214960119996249,0,4,4,A,7092,0.3625,False,2.5643375210001977
0,32.128327927739896,1000,0,max_steps,8.467603704708903,1.1701678800000082,astar,False,0,287309,0,5364,688,0.12916974399922765,0,0.0,0.04714490200058208,0,5,5,A,7093,0.475,False,3.2624477999979717
0,32.28371165239247,1000,0,max_steps,6.045892200494479,0.6846507390000625,astar,False,0,371529,0,51947,6570,0.3741847239998606,0,0.0,0.1137608299995918,0,6,6,A,7094,0.5125,False,2.5282126950005477
0,33.892837802897404,1000,0,max_steps,3.128947506750471,1.0562043440004345,astar,False,0,353620,0,3991,520,0.3724022820006212,0,0.0,0.027185140999790747,0,5,5,A,7095,0.3375,False,2.2859737769995263
0,33.362687131536894,1000,0,max_steps,5.765441223358363,1.4292249630016158,astar,False,0,292483,0,34107,4327,0.31790193999950134,0,0.0,0.0658904949996213,0,5,5,A,7096,0.4125,False,3.2528181900033815
0,33.30602034442066,1000,0,max_steps,4.2783247305458225,0.6958641050005099,astar,False,0,287128,0,14755,1900,0.555178608999995,0,0.0,0.058994837998398,0,5,5,A,7097,0.45,False,2.3998503269995126
0,34.513529241256684,1000,0,max_steps,1.6617949632851807,1.1812839469985192,astar,False,0,313159,0,7337,936,0.3065367720009817,0,0.0,0.031403832999785664,0,5,5,A,7098,0.35,False,2.0037591089967464
0,32.840961004096705,1000,0,max_steps,4.985134150652315,0.8879913279997709,astar,False,0,374569,0,13338,1727,0.8239880710007128,0,0.0,0.06350948300132586,0,6,6,A,7099,0.425,False,3.8572693479982263
0,34.09666939469682,1000,0,max_steps,5.828941799332017,1.1915468890001648,astar,False,0,161670,0,340380,42570,0.3474364729991066,0,0.0,0.5202058369995939,0,4,4,A,7100,0.475,False,3.5039086420001695
0,33.94630151740808,1000,0,max_steps,3.8925008028258614,1.475751752999713,astar,False,0,306249,0,98985,12449,1.3001987499992538,0,0.0,0.1736104859992338,0,3,3,A,7101,0.35,False,2.6296610569988843
0,32.23676196909525,1000,0,max_steps,7.71639893344039,1.620943026000532,astar,False,0,337603,0,7411,933,0.1557682170005137,0,0.0,0.030391750999115175,0,4,4,A,7102,0.4,False,2.9214437390019157
0,33.0724781235485,1000,0,max_steps,7.62374989752418,2.02320439200048,astar,False,0,413838,0,20434,2619,0.43405999100104964,0,0.0,0.050378632000501966,0,5,5,A,7103,0.4625,False,4.890441221998117
0,32.45705643982241,1000,0,max_steps,11.069736333806691,1.4839691819997824,astar,False,0,409840,0,130979,16437,0.5251083790008124,0,0.0,0.22505829600049765,0,6,6,A,7104,0.45,False,5.460024659996634
0,31.86156291463365,1000,0,max_steps,8.3749813432628,1.1487581189994671,astar,False,0,336133,0,208290,26188,0.6022712159992807,0,0.0,0.30991929000083474,0,7,7,A,7105,0.4,False,5.0894279689982795
0,32.36062327300174,1000,0,max_steps,6.328630381054021,1.3610696640007518,astar,False,0,404061,0,4416,584,0.1598512460004713,0,0.0,0.03008582300026319,0,6,6,A,7106,0.55,False,4.289535804999105
0,33.53396149202924,1000,0,max_steps,6.593865520315076,1.4312288370001625,astar,False,0,422256,0,12498,1617,0.4563532039992424,0,0.0,0.04009675900124421,0,6,6,A,7107,0.5,False,3.8488780679999763
0,32.593316587927816,1000,0,max_steps,6.179426551064426,0.785904587000914,astar,False,0,331588,0,47224,5997,0.5788245969997661,0,0.0,0.10036315900106274,0,7,7,A,7108,0.4625,False,2.696781897000619
0,32.657090253417465,1000,0,max_steps,9.002655858134307,1.545106871999451,astar,False,0,313846,0,53789,6795,0.29951540600086446,0,0.0,0.1051224610000645,0,5,5,A,7109,0.4875,False,3.468562027999724
0,33.46593428431913,1000,0,max_steps,4.755293103479528,0.5871062429996527,astar,False,0,240653,0,9233,1188,0.43337191399950825,0,0.0,0.04163625899855106,0,5,5,A,7110,0.425,False,2.0335961770033464
0,33.291734177495485,1000,0,max_steps,7.180289861837052,1.0290354970002227,astar,False,0,209119,0,108187,13650,0.4200291749984899,0,0.0,0.15490970599967113,0,4,4,A,7111,0.375,False,2.8475741660004132
0,33.57689089260537,1000,0,max_steps,6.523060056445897,1.312768588999461,astar,False,0,304980,0,15757,2059,0.5290659009988303,0,0.0,0.06184976000076858,0,4,4,A,7112,0.4,False,2.932278886999484
0,32.39726691678436,1000,0,max_steps,8.90198362725971,1.3773199440001918,astar,False,0,417275,0,127541,15979,0.2795407680005155,0,0.0,0.222035834000053,0,6,6,A,7113,0.4625,False,4.093711268998959
0,32.27370835535987,1000,0,max_steps,9.228166800616467,1.8909038229994621,astar,False,0,285977,0,4116,522,0.1487007400010043,0,0.0,0.0261963389984885,0,6,6,A,7114,0.6125,False,3.213796297002773
0,33.792560992718926,1000,0,max_steps,5.325792194594149,0.9578409539990389,astar,False,0,229044,0,45303,5728,0.3749857399998291,0,0.0,0.0851404779987206,0,4,4,A,7115,0.45,False,2.2721049199990375
0,33.571055414250196,1000,0,max_steps,3.8360542879370185,0.6728961379994871,astar,False,0,267376,0,8922,1153,0.12123946199972124,0,0.0,0.029778603000522708,0,5,5,A,7116,0.4125,False,1.940330626001014
0,34.180861360127864,1000,0,max_steps,4.248860141261416,0.976511232998746,astar,False,0,265418,0,7966,1058,0.49941078899973945,0,0.0,0.02889983699969889,0,4,4,A,7117,0.45,False,2.5178666789979616
0,32.20636806843281,1000,0,max_steps,8.739225509162695,1.3250928540001041,astar,False,0,329625,0,27203,3463,0.3894282639994344,0,0.0,0.07794991599985224,0,5,5,A,7118,0.475,False,3.3028691460021946
0,31.93828507298999,1000,0,max_steps,8.02568143524274,1.7908750210008293,astar,False,0,343139,0,5551,718,0.1668699199999537,0,0.0,0.052846985001451685,0,7,7,A,7119,0.5625,False,4.09830968100141
0,34.59664819236574,1000,0,max_steps,1.8561553006146871,0.9192213650003396,astar,False,0,179088,0,103020,12888,0.19850533899989387,0,0.0,0.17218396099997335,0,3,3,A,7120,0.5,False,1.6428461620016606
0,31.922383478042974,1000,0,max_steps,8.467898942476817,1.098644461000731,astar,False,0,371367,0,7909,1018,0.32136415199965995,0,0.0,0.033960378999836394,0,6,6,A,7121,0.475,False,3.195155605000764
0,32.715879888416765,1000,0,max_steps,8.01297775486741,1.079750115999559,astar,False,0,247491,0,258980,32501,0.29893627999990713,0,0.0,0.3933156909988611,0,5,5,A,7122,0.4375,False,3.5178793109989783
0,33.80165690214855,1000,0,max_steps,2.59861742086056,0.7244519089999812,astar,False,0,212087,0,16133,2072,0.41500269399875833,0,0.0,0.04824791600003664,0,4,4,A,7123,0.2875,False,1.8114394830008678
0,32.98154705644595,1000,0,max_steps,8.122749688375237,1.1030320949994348,astar,False,0,379795,0,17589,2272,0.6201864459999342,0,0.0,0.04724709899892332,0,5,5,A,7124,0.4625,False,3.568028838999453
0,33.11210461039755,1000,0,max_steps,5.113248722681107,0.755370077000407,astar,False,0,351689,0,25006,3197,0.4722892640002101,0,0.0,0.051776071999483975,0,5,5,A,7125,0.4125,False,2.694158423000772
0,33.240339604000994,1000,0,max_steps,4.331606226332211,0.7024522779993276,astar,False,0,268462,0,11671,1535,0.44667542499882984,0,0.0,0.03520457699960389,0,7,7,A,7126,0.425,False,3.036391742998603
0,33.06074148258811,1000,0,max_steps,6.556985778541843,1.1482960800003639,astar,False,0,319448,0,118063,14914,0.38105280499985383,0,0.0,0.1742396989993722,0,4,4,A,7127,0.4375,False,3.569954365999365
0,33.93527272309913,1000,0,max_steps,3.677337691863503,0.9207493160010927,astar,False,0,394519,0,13692,1756,0.8784830650001823,0,0.0,0.04198001199983992,0,5,5,A,7128,0.45,False,3.4324813960029132
0,32.48530518654821,1000,0,max_steps,8.162356430590371,1.2054853749996255,astar,False,0,241554,0,25885,3270,0.39276269700167177,0,0.0,0.06144412699904933,0,6,6,A,7129,0.5125,False,5.3070012489970395
0,32.71488875375577,1000,0,max_steps,7.442298871988412,0.9342354570017051,astar,False,0,417135,0,7731,996,0.23025654499906523,0,0.0,0.06090777899953537,0,8,8,A,7130,0.5,False,4.651141067002754
0,34.04647454793359,1000,0,max_steps,4.31338758981847,1.2966881770007603,astar,False,0,372083,0,20991,2690,1.2243532439988485,0,0.0,0.0719811100007064,0,5,5,A,7131,0.3875,False,3.8223333160021866
0,32.94220377724057,1000,0,max_steps,5.356333867488095,0.9365915870002937,astar,False,0,348721,0,2401,314,0.1556425879989547,0,0.0,0.02522062800017011,0,6,6,A,7132,0.4125,False,2.561456046996682
0,32.56530700030586,1000,0,max_steps,9.361106371578094,1.6026440269997693,astar,False,0,216850,0,75173,9405,0.5914174070003355,0,0.0,0.12466329699964263,0,5,5,A,7133,0.3625,False,5.1548073750000185
0,33.54039384109292,1000,0,max_steps,5.78081417276148,1.225207113999204,astar,False,0,249921,0,24325,3142,0.28423534899957303,0,0.0,0.06144050999864703,0,4,4,A,7134,0.4375,False,2.432941872999436
0,32.42014003540719,1000,0,max_steps,7.972628957878323,1.5622133389988448,astar,False,0,277726,0,6220,797,0.2104374350001308,0,0.0,0.0332649419997324,0,6,6,A,7135,0.3875,False,4.937832974999765
0,33.324531311775246,1000,0,max_steps,5.398060994468288,1.1935649229999399,astar,False,0,307203,0,186002,23408,0.6789307260005444,0,0.0,0.28606569600015064,0,5,5,A,7136,0.5,False,3.760847414001546
0,33.71937192668124,1000,0,max_steps,5.683446357624919,0.9292807359997823,astar,False,0,265344,0,63630,7988,0.2649747439991188,0,0.0,0.1182593879984779,0,4,4,A,7137,0.475,False,2.826823395998872
0,33.29919874364319,1000,0,max_steps,5.144201833132132,1.0630690150010196,astar,False,0,353700,0,5146,654,0.5173127239995665,0,0.0,0.02987048499926459,0,6,6,A,7138,0.4125,False,3.723833498002932
0,33.0222447876755,1000,0,max_steps,6.449152076048445,0.9293726760006393,astar,False,0,334024,0,311916,39165,0.4645739749994391,0,0.0,0.4554268219999358,0,6,6,A,7139,0.525,False,3.7235818570006813
0,32.24879468952213,1000,0,max_steps,9.297261021397643,1.43789500299863,astar,False,0,384364,0,128872,16235,0.4961918839999271,0,0.0,0.20995860200127936,0,6,6,A,7140,0.525,False,4.59538477499882
0,33.23716458903935,1000,0,max_steps,4.7199377644202025,0.6583965569989232,astar,False,0,349162,0,1721,226,0.14162886899976002,0,0.0,0.0031109609990380704,0,7,7,A,7141,0.4375,False,2.9066938559990376
0,32.514745274970274,1000,0,max_steps,6.276269791842922,1.5605042950010102,astar,False,0,327532,0,10989,1388,0.30055519199959235,0,0.0,0.03511801400054537,0,4,4,A,7142,0.5,False,2.480947082000057
0,34.385880719347554,1000,0,max_steps,1.2197591975467905,0.928230497000186,astar,False,0,363973,0,5237,693,0.7969943280004372,0,0.0,0.05175750899979903,0,4,4,A,7143,0.375,False,2.2489427819982666
0,33.46393994372463,1000,0,max_steps,5.911984649844753,1.0073930500002461,astar,False,0,347888,0,6037,783,0.36216096300086065,0,0.0,0.030175888001394924,0,6,6,A,7144,0.425,False,3.2345472590004647
0,33.25859894534094,1000,0,max_steps,4.639133809236373,1.2279495319999114,astar,False,0,415997,0,109777,13809,0.6891691969995009,0,0.0,0.19748677700044937,0,5,5,A,7145,0.4625,False,3.768202987001132
0,32.02781837278708,1000,0,max_steps,7.548364889166393,0.8704696450004121,astar,False,0,303707,0,5206,686,0.3103317479999532,0,0.0,0.027113424001072417,0,6,6,A,7146,0.4625,False,3.1508937119997427
0,32.68066736017248,1000,0,max_steps,6.208487134560235,0.7567991680007253,astar,False,0,310523,0,6421,834,0.11583012299888651,0,0.0,0.0292906189988571,0,7,7,A,7147,0.425,False,2.619365602999096
0,31.84771625314949,1000,0,max_steps,6.638076716941432,0.8997131640007865,astar,False,0,351034,0,8418,1096,0.3900665040000604,0,0.0,0.0397737759994925,0,7,7,A,7148,0.45,False,3.065252075002718
0,34.04747846900906,1000,0,max_steps,3.6575692064539234,1.1165580819997558,astar,False,0,212729,0,121836,15305,0.7074392449994775,0,0.0,0.19024229599926912,0,4,4,A,7149,0.375,False,2.694818136000322
0,32.48891102358185,1000,0,max_steps,7.106445138041943,1.206159563998881,astar,False,0,354675,0,8505,1089,0.495926703000805,0,0.0,0.03423911200115981,0,6,6,A,7150,0.45,False,4.327801028999602
0,32.830784458957645,1000,0,max_steps,7.519661727764087,0.9414807319990359,astar,False,0,218247,0,293937,36857,0.5073036419998971,0,0.0,0.4231649630000902,0,4,4,A,7151,0.375,False,3.0149237840014393
0,32.33875367094248,1000,0,max_steps,14.99150801287182,1.3569496569998591,astar,False,0,404726,0,386126,48630,0.4056553560003522,0,0.0,0.5695514730014111,0,5,5,A,7152,0.5125,False,4.6170996020009625
0,33.55270706228559,1000,0,max_steps,6.40051267477848,1.025428416000068,astar,False,0,437328,0,19360,2483,0.4550949730000866,0,0.0,0.07450028600032965,0,6,6,A,7153,0.4375,False,2.8330561650018353
0,33.76532851791233,1000,0,max_steps,2.775394116157197,0.6517003490007482,astar,False,0,222933,0,9584,1251,0.31654358400010096,0,0.0,0.030088228999375133,0,5,5,A,7154,0.45,False,1.531565553001201
0,33.03741002975363,1000,0,max_steps,6.318252329560759,1.2317284099990502,astar,False,0,445938,0,170809,21481,0.9290915820001828,0,0.0,0.29864824099968246,0,5,5,A,7155,0.45,False,5.083322490998398
0,34.38159962315597,1000,0,max_steps,2.138998013089305,0.729399261999788,astar,False,0,266382,0,2041,265,0.1425636290005059,0,0.0,0.020790692000446143,0,5,5,A,7156,0.3375,False,1.7149550660033128
0,33.08383292180171,1000,0,max_steps,7.27102554664746,0.5938483019999694,astar,False,0,316697,0,8714,1139,0.2315175290004845,0,0.0,0.013474745001076371,0,7,7,A,7157,0.45,False,2.4671027490003326
0,32.568667702087644,1000,0,max_steps,8.043339635996977,1.456005872998503,astar,False,0,330325,0,9309,1192,0.1045566240009066,0,0.0,0.04106711200074642,0,6,6,A,7158,0.4,False,5.052769074000025
0,33.468824931251724,1000,0,max_steps,4.596228073105161,1.1789649030015426,astar,False,0,349226,0,10058,1294,0.6678947470009007,0,0.0,0.03506151700094051,0,5,5,A,7159,0.55,False,3.389557603000867
0,33.97905551565082,1000,0,max_steps,3.128947506750471,0.9765508170003159,astar,False,0,293311,0,14813,1912,0.20178858100007346,0,0.0,0.05984450600044511,0,4,4,A,7160,0.375,False,2.4692901679991337
0,33.54778495842059,1000,0,max_steps,5.978215661884402,0.6516782110011263,astar,False,0,159872,0,33876,4308,0.3126081789996533,0,0.0,0.06288638399928459,0,4,4,A,7161,0.3,False,2.1696214200019313
0,33.08728837415427,1000,0,max_steps,6.399340786362293,1.3070348740002373,astar,False,0,319180,0,9781,1250,0.23751555500166432,0,0.0,0.03486213699943619,0,5,5,A,7162,0.3875,False,4.003961423000874
0,33.4487220994958,1000,0,max_steps,5.392152863189244,1.5677782209986617,astar,False,0,260167,0,98781,12390,0.348337375000483,0,0.0,0.17130043299948738,0,4,4,A,7163,0.475,False,3.1059440869994432
0,32.52816334067099,1000,0,max_steps,6.38163870020859,0.9331231389987806,astar,False,0,349782,0,5010,643,0.4075280280012521,0,0.0,0.02958834799937904,0,7,7,A,7164,0.5875,False,3.8672534150009596
0,32.85748215222765,1000,0,max_steps,7.4953527268568205,1.3453092009985994,astar,False,0,284184,0,13457,1734,0.6980921559988928,0,0.0,0.05774091800049064,0,4,4,A,7165,0.35,False,2.7651467610012332
0,34.04836054846717,1000,0,max_steps,3.7477076326736034,0.8594989089997398,astar,False,0,359654,0,5017,651,0.32982715499929327,0,0.0,0.029227025001091533,0,6,6,A,7166,0.4,False,3.0383910729979107
0,33.273011502699376,1000,0,max_steps,6.527753250544936,1.371884479000073,astar,False,0,354805,0,6282,824,0.3519071400005487,0,0.0,0.03158803499900387,0,6,6,A,7167,0.375,False,4.485418476997438
0,32.58645582946633,1000,0,max_steps,6.045788823635835,1.5156675649996032,astar,False,0,271464,0,11535,1484,0.24374394299957203,0,0.0,0.037224732999675325,0,6,6,A,7168,0.4,False,4.571089421999204
0,32.36026980439399,1000,0,max_steps,7.682549218846565,1.2232965340008377,astar,False,0,352096,0,204033,25618,0.5514665200007585,0,0.0,0.33905119999872113,0,5,5,A,7169,0.4625,False,2.667381965000459
0,33.874647498229386,1000,0,max_steps,3.5560248171237463,0.8632323720012209,astar,False,0,159895,0,51027,6443,0.4732304650005972,0,0.0,0.08776571999987937,0,4,4,A,7170,0.2875,False,1.9803438480030309
0,33.16726509701325,1000,0,max_steps,7.658675636165824,1.299654285001452,astar,False,0,360811,0,12318,1588,0.3567429610011459,0,0.0,0.0400604589995055,0,5,5,A,7171,0.4125,False,3.523645105004107
0,34.16262352408426,1000,0,max_steps,2.421840725563923,1.1410513270002411,astar,False,0,338174,0,4856,630,0.1728668679988914,0,0.0,0.029110629000570043,0,5,5,A,7172,0.5,False,2.460274257000492
0,31.825191181645913,1000,0,max_steps,10.758964285655008,1.662768286998471,astar,False,0,370119,0,53681,6735,0.6970022000004974,0,0.0,0.12422764700022526,0,5,5,A,7173,0.4125,False,4.847331631995985
0,32.78437036645073,1000,0,max_steps,5.815953275259349,0.8652692119994754,astar,False,0,237128,0,9089,1181,0.233943482999166,0,0.0,0.02698803099883662,0,7,7,A,7174,0.375,False,3.5281279339997127
0,32.25226421046934,1000,0,max_steps,6.381736636684403,1.5441274839995458,astar,False,0,430437,0,7576,968,0.23347603399997752,0,0.0,0.035169105998647865,0,6,6,A,7175,0.55,False,3.7478300249968015
0,33.29779901612919,1000,0,max_steps,6.205264901678251,1.1075253990002238,astar,False,0,371614,0,3078,403,0.2141581630003202,0,0.0,0.027400382001360413,0,6,6,A,7176,0.45,False,3.252141164999557
0,33.230006675805086,1000,0,max_steps,6.59405508772864,1.3146296180002537,astar,False,0,357882,0,160279,20249,1.0084511449986167,0,0.0,0.29982691099939984,0,4,4,A,7177,0.45,False,3.1223611989989877
0,32.471005702838454,1000,0,max_steps,5.214912511250788,0.7649499430008291,astar,False,0,326877,0,4096,518,0.2123576720005076,0,0.0,0.027749552000386757,0,6,6,A,7178,0.4375,False,2.7896962630020425
0,32.73484445348906,1000,0,max_steps,6.736676665834572,0.8630693770010112,astar,False,0,351771,0,8867,1129,0.17672984899945732,0,0.0,0.01217417000043497,0,6,6,A,7179,0.4625,False,3.152447338001366
0,31.85431310774528,1000,0,max_steps,8.299190472570197,1.5428363130013167,astar,False,0,461053,0,189016,23743,0.24429831400084367,0,0.0,0.3031729930007714,0,7,7,A,7180,0.525,False,5.62255714800267
0,32.835076108699944,1000,0,max_steps,7.526723224617732,0.935886870000104,astar,False,0,333951,0,46272,5851,0.2420973000007507,0,0.0,0.10601395899902855,0,8,8,A,7181,0.4625,False,5.00135759299701
0,33.88946786722174,1000,0,max_steps,4.278032550133295,1.4606637979995867,astar,False,0,318915,0,8229,1064,0.21830284899988328,0,0.0,0.032645268000123906,0,4,4,A,7182,0.4375,False,3.753464888999588
0,34.710736486470985,1000,0,max_steps,1.361180553784102,1.0375415030011936,astar,False,0,322536,0,6784,866,1.0059534889987845,0,0.0,0.03134497799874225,0,4,4,A,7183,0.375,False,2.2951361930008716
0,32.77094796956388,1000,0,max_steps,5.1972649056979945,1.7612774900007935,astar,False,0,307361,0,18905,2478,0.8097201399996266,0,0.0,0.04842367099990952,0,4,4,A,7184,0.5375,False,4.020178191998639
0,32.50823065337725,1000,0,max_steps,7.8866382255052105,1.035056528999121,astar,False,0,335256,0,5608,713,0.21923405499910587,0,0.0,0.00884764200054633,0,6,6,A,7185,0.3125,False,2.6369887979999476
0,32.9194451940043,1000,0,max_steps,10.754141644036496,1.279299973999514,astar,False,0,467375,0,347290,43669,0.7208070960004989,0,0.0,0.5484264970000368,0,5,5,A,7186,0.425,False,4.387318606997724
0,33.08439080771069,1000,0,max_steps,6.328630381054021,0.8916574119994038,astar,False,0,214890,0,12447,1583,0.33227317099954234,0,0.0,0.030083974999797647,0,5,5,A,7187,0.425,False,2.728670727001372
0,31.71342560396314,1000,0,max_steps,7.7120238913011665,1.308560794999721,astar,False,0,357818,0,4406,560,0.09836306299985154,0,0.0,0.02830330500000855,0,7,7,A,7188,0.45,False,3.7323705489980057
0,34.14534639989112,1000,0,max_steps,4.401739712886254,1.096213204000378,astar,False,0,216305,0,5806,743,0.13051721499869018,0,0.0,0.021955541998977424,0,3,3,A,7189,0.4625,False,1.4099872000006144
0,32.88712389632712,1000,0,max_steps,6.346381843223742,1.2245619320001424,astar,False,0,344317,0,15486,1946,0.7525386239994987,0,0.0,0.04352028399989649,0,5,5,A,7190,0.4375,False,3.685387959001673
0,33.55259343518664,1000,0,max_steps,5.1972649056979945,0.9629137459996855,astar,False,0,368981,0,10852,1394,0.8240602539990505,0,0.0,0.037476351999430335,0,6,6,A,7191,0.5,False,4.100475268998707
0,33.414129209123786,1000,0,max_steps,2.987526150513159,1.0589130150001438,astar,False,0,394338,0,17173,2198,0.45200404600109323,0,0.0,0.07094947900077386,0,6,6,A,7192,0.45,False,3.228689886000211
0,33.220712349508496,1000,0,max_steps,4.331029034767604,1.300626320999072,astar,False,0,299182,0,4811,625,0.16569374999926367,0,0.0,0.007164127000578446,0,6,6,A,7193,0.5,False,2.6170506609996664
0,34.02557433162826,1000,0,max_steps,4.189607678530292,0.9336954779992084,astar,False,0,303495,0,3423,442,0.3049029910016543,0,0.0,0.02585173700026644,0,5,5,A,7194,0.425,False,2.667654806999053
0,32.16560287540856,1000,0,max_steps,7.070736347792922,0.9175116620008339,astar,False,0,381644,0,8638,1117,0.31106753399944864,0,0.0,0.03677219200108084,0,7,7,A,7195,0.5125,False,2.9008855989995936
0,34.20073761313504,1000,0,max_steps,4.684582425360877,1.5915736940005445,astar,False,0,334501,0,5193,677,0.16802009899947734,0,0.0,0.027899915001398767,0,4,4,A,7196,0.3875,False,2.6811257699991984
0,33.56072513690197,1000,0,max_steps,6.922630461031413,0.9407425550016342,astar,False,0,421873,0,16695,2166,0.8116848909994587,0,0.0,0.04489495900088514,0,5,5,A,7197,0.525,False,3.2505402230017353
0,33.76761559931221,1000,0,max_steps,4.384097683674484,1.6174037210003007,astar,False,0,335741,0,9607,1217,0.20099567999932333,0,0.0,0.03484872000080941,0,4,4,A,7198,0.475,False,3.947933028999614
0,33.31806379775404,1000,0,max_steps,8.640981570400434,1.5185179170002812,astar,False,0,355115,0,21817,2745,0.3277365190006094,0,0.0,0.0725475950002874,0,5,5,A,7199,0.475,False,3.004487965001317
0,32.63312606979362,1000,0,max_steps,5.126798464929158,1.057666070999403,astar,False,0,288360,0,14964,1919,0.22009977500056266,0,0.0,0.03915433800102619,0,5,5,A,7200,0.3875,False,2.149581028999819
0,34.203009476312225,1000,0,max_steps,3.5178562364030697,1.21698103000017,astar,False,0,404858,0,3252,424,1.18807088000176,0,0.0,0.028763380998498178,0,6,6,A,7201,0.425,False,3.3769130900000164
0,32.96673057390438,1000,0,max_steps,6.365262170562969,1.2281947930005117,astar,False,0,301282,0,96662,12300,0.5679354460007744,0,0.0,0.1741955899997265,0,5,5,A,7202,0.4125,False,3.155272165000497
0,32.95436394609636,1000,0,max_steps,6.765098853675383,1.0937281009992148,astar,False,0,438283,0,11561,1504,0.3615397520006809,0,0.0,0.04058905300007609,0,6,6,A,7203,0.5375,False,4.041333344999657
0,33.087873633275706,1000,0,max_steps,5.183417067919577,0.8951575470000535,astar,False,0,256557,0,51302,6534,0.29019815500032564,0,0.0,0.0976035959993169,0,5,5,A,7204,0.475,False,3.0100445589996525
0,32.61084435007231,1000,0,max_steps,8.803639162301007,1.3978787340001873,astar,False,0,434800,0,9938,1282,0.5390828020008485,0,0.0,0.039350205999653554,0,6,6,A,7205,0.5625,False,4.771350249002353
0,32.85125217679804,1000,0,max_steps,7.72222846722369,1.2809375510005339,astar,False,0,252224,0,94877,11905,0.3398292589990888,0,0.0,0.15680360800070048,0,5,5,A,7206,0.3875,False,3.748199386000124
0,32.156636122240165,1000,0,max_steps,7.046829961053408,1.3705070410014741,astar,False,0,357943,0,10567,1365,0.13152956399972027,0,0.0,0.0157945959999779,0,7,7,A,7207,0.475,False,5.524743060006585
0,33.96899295083519,1000,0,max_steps,4.5785164081828915,1.3082203130015841,astar,False,0,350438,0,10766,1392,1.250550401999135,0,0.0,0.05740684299962595,0,5,5,A,7208,0.3875,False,2.5615348980027193
0,33.861519049733324,1000,0,max_steps,3.0935921676911455,0.6720575339986681,astar,False,0,301773,0,15534,1997,0.31777299900022626,0,0.0,0.06080201599979773,0,5,5,A,7209,0.425,False,2.010376437996456
0,33.02254236195979,1000,0,max_steps,6.092438961532564,1.0670133490002627,astar,False,0,317603,0,5192,676,0.13128012900051544,0,0.0,0.027493613999467925,0,6,6,A,7210,0.4375,False,2.2384046579973074
0,32.31076934257575,1000,0,max_steps,7.450608196650792,1.070249727999908,astar,False,0,333112,0,29453,3714,0.27433150700016995,0,0.0,0.08033582199823286,0,5,5,A,7211,0.4,False,4.011634933001915
0,31.591786633601018,1000,0,max_steps,14.599026080530164,1.323122316000081,astar,False,0,368613,0,435754,54615,0.13394859899926814,0,0.0,0.636865153999679,0,6,6,A,7212,0.45,False,5.525172708999889
0,33.93063716611452,1000,0,max_steps,3.3647529627002317,1.2553106489995116,astar,False,0,148481,0,370172,46300,0.21079019700118806,0,0.0,0.5466001439999673,0,4,4,A,7213,0.3625,False,2.986091701000987
0,32.693108160066686,1000,0,max_steps,7.489263148000607,1.786666965999757,astar,False,0,242530,0,22193,2785,0.3121149399994465,0,0.0,0.05597257600129524,0,5,5,A,7214,0.45,False,4.928432253002029
0,33.743860876463025,1000,0,max_steps,4.8260037815981836,0.802416593000089,astar,False,0,278276,0,17822,2286,0.5953033420009888,0,0.0,0.04460556300000462,0,5,5,A,7215,0.3375,False,3.443580439998186
0,32.667519666680086,1000,0,max_steps,7.683850759872942,1.1898260140005732,astar,False,0,381926,0,4270,546,0.15380767799979367,0,0.0,0.054044608999902266,0,6,6,A,7216,0.4125,False,4.635895072999119
0,33.41220129298401,1000,0,max_steps,4.702293323475258,0.9439477880005143,astar,False,0,276464,0,16739,2144,0.49867590899884817,0,0.0,0.04208326600019063,0,4,4,A,7217,0.4125,False,2.2389586419994885
0,34.18919199522887,1000,0,max_steps,3.128947506750471,0.8061028080010146,astar,False,0,300982,0,10390,1322,0.3710713099990244,0,0.0,0.05685222099964449,0,5,5,A,7218,0.45,False,2.9394897160000255
0,33.16356962911257,1000,0,max_steps,7.142850446425431,1.5383374799985177,astar,False,0,409852,0,8083,1049,0.3511630079992756,0,0.0,0.03678514099919994,0,7,7,A,7219,0.4875,False,5.9494058869968285
0,33.8162384143066,1000,0,max_steps,6.323789409839639,1.177693077001095,astar,False,0,290021,0,131569,16565,0.9746160449994932,0,0.0,0.19971577800060913,0,5,5,A,7220,0.375,False,2.0235986080042494
0,34.08991684229801,1000,0,max_steps,4.7199377644202025,0.538152283999807,astar,False,0,252492,0,4090,515,0.44727386200065666,0,0.0,0.02022589400075958,0,4,4,A,7221,0.4125,False,1.7737935519999155
0,33.55838985305619,1000,0,max_steps,4.401739712886254,0.7448024229997827,astar,False,0,322764,0,5424,698,0.34342114200080687,0,0.0,0.028785582000637078,0,6,6,A,7222,0.4,False,2.282742015995609
0,33.80949946516873,1000,0,max_steps,5.281009609913617,0.9830584120009007,astar,False,0,389222,0,17696,2268,0.6750200940005016,0,0.0,0.07124346499949752,0,5,5,A,7223,0.4875,False,3.2267465490003815
0,33.89562541832854,1000,0,max_steps,3.2527392302488667,0.9699479030005023,astar,False,0,343305,0,10130,1314,0.5500426809994678,0,0.0,0.036790287000258104,0,4,4,A,7224,0.5125,False,2.850169670999094
0,33.173500125300144,1000,0,max_steps,7.583720228225718,0.7092784099986602,astar,False,0,249973,0,7374,949,0.3257690520003962,0,0.0,0.024395233998802723,0,5,5,A,7225,0.4125,False,2.5840522429989505
0,32.35127101849799,1000,0,max_steps,9.899636988294063,1.2418225230012467,astar,False,0,367561,0,20551,2632,0.2921617879983387,0,0.0,0.07168672599982528,0,6,6,A,7226,0.425,False,5.018109176000507
0,32.600987822384276,1000,0,max_steps,6.590736870790699,1.2303087479995156,astar,False,0,379434,0,276338,34572,0.19981255499988038,0,0.0,0.45445450999977766,0,5,5,A,7227,0.525,False,3.6270239819987182
0,32.007516286342565,1000,0,max_steps,11.618210382842962,0.9719005950009887,astar,False,0,374502,0,13333,1708,0.21284327900139033,0,0.0,0.01836132900098164,0,7,7,A,7228,0.5,False,3.983344307001971
0,34.180590687074485,1000,0,max_steps,4.041851370349977,1.2468685469993943,astar,False,0,277586,0,242949,30558,0.8683466260008572,0,0.0,0.36876516499978607,0,4,4,A,7229,0.45,False,4.31909200300106
0,33.66453762674806,1000,0,max_steps,7.419084343771809,1.738875110000663,astar,False,0,385620,0,6043,759,0.7703972830004204,0,0.0,0.032102514000143856,0,4,4,A,7230,0.45,False,4.19940138900165
0,33.708692636419855,1000,0,max_steps,6.2585191938668645,0.6818289220009319,astar,False,0,253560,0,15520,2001,0.3497448899997835,0,0.0,0.033710997999151004,0,6,6,A,7231,0.375,False,1.941635301000133
0,32.92252813784513,1000,0,max_steps,9.245421164014106,1.783445192999352,astar,False,0,334255,0,5624,718,0.19958613799826708,0,0.0,0.051802396001221496,0,5,5,A,7232,0.4625,False,4.1601114719996986
0,32.82379865605638,1000,0,max_steps,5.180643058540124,0.5780752930004383,astar,False,0,291971,0,4028,523,0.17644730800020625,0,0.0,0.02584461900005408,0,6,6,A,7233,0.45,False,2.4184769690018584
0,32.36001746441543,1000,0,max_steps,8.010481414996228,1.2249686010000005,astar,False,0,400203,0,39181,5034,0.5777721520007617,0,0.0,0.08336224899903755,0,7,7,A,7234,0.4,False,3.9936805340021237
0,32.28233739828568,1000,0,max_steps,6.717723758833788,1.3757693539992033,astar,False,0,387977,0,2480,320,0.11362684099913167,0,0.0,0.02710739400026796,0,7,7,A,7235,0.4875,False,4.560916811000425
0,33.1141221862503,1000,0,max_steps,6.8440896034461725,0.8306429439999192,astar,False,0,347708,0,52714,6667,0.571902310999576,0,0.0,0.11244911799985857,0,6,6,A,7236,0.5625,False,3.1623644699993747
0,33.58505275286325,1000,0,max_steps,5.144201833132132,1.1642757879999408,astar,False,0,338723,0,4275,556,0.43401098899994395,0,0.0,0.02974797200113244,0,5,5,A,7237,0.45,False,3.4018921940005384
0,32.91502077703803,1000,0,max_steps,8.210606707180656,1.0150025410002854,astar,False,0,391344,0,201807,25287,0.5046990330010885,0,0.0,0.31776249799986545,0,6,6,A,7238,0.4625,False,4.160683327005245
0,32.81142505553147,1000,0,max_steps,5.733699721820105,1.2841180230007012,astar,False,0,243853,0,7804,978,0.5521684359991923,0,0.0,0.024513571999705164,0,5,5,A,7239,0.4,False,3.354385885000738
0,31.962068534627324,1000,0,max_steps,8.786726495117504,1.7362915510002495,astar,False,0,377882,0,65446,8201,0.5421081949989457,0,0.0,0.13583075099995767,0,5,5,A,7240,0.4375,False,3.244036819998655
0,32.83636705154105,1000,0,max_steps,7.02177417039312,0.7614795480003522,astar,False,0,143266,0,112772,14145,0.331433981000373,0,0.0,0.18241505500009225,0,5,5,A,7241,0.4125,False,2.930374979003318
0,32.36001562160687,1000,0,max_steps,8.821440500281117,1.0321202490013093,astar,False,0,322862,0,21879,2751,0.3917017860003398,0,0.0,0.08070851299999049,0,5,5,A,7242,0.5375,False,3.670917287003249
0,33.81637869957301,1000,0,max_steps,5.709887258081368,1.2062048090010649,astar,False,0,415693,0,9366,1221,0.46151571799964586,0,0.0,0.0381816280005296,0,5,5,A,7243,0.475,False,2.910573965998992
0,33.80943412342613,1000,0,max_steps,4.5785164081828915,1.3511033569993742,astar,False,0,362660,0,5234,681,0.5067528600011428,0,0.0,0.029902164000304765,0,5,5,A,7244,0.425,False,4.040452225999616
0,32.61399974389709,1000,0,max_steps,7.958270069556572,0.7805726629994751,astar,False,0,377870,0,10605,1386,0.24958895800045866,0,0.0,0.06031904700103041,0,7,7,A,7245,0.3875,False,3.541227629995774
0,34.469036480029516,1000,0,max_steps,3.164302845809796,1.1252683860002435,astar,False,0,400416,0,4130,535,0.14243200000055367,0,0.0,0.030092721000983147,0,4,4,A,7246,0.4875,False,2.781832459000725
0,33.18500643204445,1000,0,max_steps,4.932069798776165,1.1112235870004952,astar,False,0,342560,0,6688,859,0.1547786350001843,0,0.0,0.03243489499982388,0,6,6,A,7247,0.425,False,3.7809085360004246
0,32.11046443568423,1000,0,max_steps,6.540952721125568,1.2747062449998339,astar,False,0,459387,0,3203,420,0.2046426570013864,0,0.0,0.03343262799899094,0,7,7,A,7248,0.525,False,3.7242859130019497
0,32.97269031165399,1000,0,max_steps,7.406943532929081,1.6618664270008594,astar,False,0,331206,0,5885,773,0.358781581000585,0,0.0,0.03136759200060624,0,5,5,A,7249,0.5125,False,4.479779865001547
0,31.22562821569525,1000,0,max_steps,9.33382625186477,1.447784693000358,astar,False,0,465092,0,6826,878,0.3114587680011027,0,0.0,0.036352536000777036,0,7,7,A,7250,0.4875,False,4.656489910001255
0,30.98099365788875,1000,0,max_steps,9.316131842132762,1.9021278569998685,astar,False,0,363945,0,6042,786,0.21501103599985072,0,0.0,0.052818066000327235,0,8,8,A,7251,0.3625,False,5.217996088003929
0,32.8461779541485,1000,0,max_steps,5.853017384221574,0.6179235039999185,astar,False,0,333216,0,3942,532,0.11349678899932769,0,0.0,0.027663441998811322,0,8,8,A,7252,0.45,False,2.8302442710009927
0,32.3791226048802,1000,0,max_steps,6.268896433982618,1.841336292998676,astar,False,0,316060,0,5817,752,0.2759332189998531,0,0.0,0.029643207999470178,0,4,4,A,7253,0.425,False,3.2923216710005363
0,32.857532544846215,1000,0,max_steps,8.396893026590252,0.9093009879998135,astar,False,0,296402,0,7692,1002,0.11976007799967192,0,0.0,0.03170866000073147,0,5,5,A,7254,0.4,False,2.584937542998887
0,31.17189205713649,1000,0,max_steps,14.227229614369763,2.206561626000621,astar,False,0,383383,0,56098,7025,0.20963743799984513,0,0.0,0.11868643600064388,0,6,6,A,7255,0.4625,False,4.6895105479998165
0,32.97816281367656,1000,0,max_steps,13.70990745774748,1.2697632979998161,astar,False,0,391527,0,429719,53769,0.5211101009990671,0,0.0,0.7310848360011732,0,6,6,A,7256,0.5,False,4.293414918996859
0,32.59170146721862,1000,0,max_steps,5.5331105627847315,0.6409891679995781,astar,False,0,362046,0,2599,335,0.16723134699896036,0,0.0,0.004647322000892018,0,6,6,A,7257,0.4375,False,2.641306590003296
0,33.1674388534532,1000,0,max_steps,6.564511596455596,1.5379923030013742,astar,False,0,438297,0,17143,2200,0.3644588560000557,0,0.0,0.04988859900004172,0,5,5,A,7258,0.55,False,4.720775987001616
0,33.421505519824834,1000,0,max_steps,5.851735853573706,1.0521074840016809,astar,False,0,229574,0,3838,500,0.10114142500060552,0,0.0,0.019169617000443395,0,5,5,A,7259,0.4875,False,3.258808891001536
0,33.236771299000786,1000,0,max_steps,6.752892898602789,1.6753939040008845,astar,False,0,368170,0,16585,2134,0.8829786750011408,0,0.0,0.06710250400101359,0,6,6,A,7260,0.5875,False,4.435996977001196
0,34.22444407823277,1000,0,max_steps,3.128947506750471,0.84146377199977,astar,False,0,218543,0,5626,705,0.4998563839999406,0,0.0,0.02134790200034331,0,3,3,A,7261,0.3375,False,2.075582356999803
0,33.387098856717344,1000,0,max_steps,4.69537671545106,0.7853140630013513,astar,False,0,259863,0,6693,869,0.19304367199947592,0,0.0,0.0230623290008225,0,6,6,A,7262,0.425,False,2.362788261001697
0,34.212330533697944,1000,0,max_steps,5.073983888425345,1.3015913990002446,astar,False,0,371857,0,23647,3018,1.222615525000947,0,0.0,0.07834038199871429,0,5,5,A,7263,0.45,False,3.2825550429988652
0,33.09729129213687,1000,0,max_steps,6.4486674980184855,1.4295600139994349,astar,False,0,296200,0,133467,16803,0.7018377530002908,0,0.0,0.2238125370004127,0,4,4,A,7264,0.4,False,3.685788083001171
0,33.9963722662565,1000,0,max_steps,2.245064030267286,1.354867505000584,astar,False,0,133472,0,362195,45373,0.7664597759994649,0,0.0,0.5662788500012539,0,2,2,A,7265,0.375,False,1.4935971000013524
0,32.20473367066171,1000,0,max_steps,13.94759163798539,1.0863763420002215,astar,False,0,369146,0,360802,45198,0.321307791999061,0,0.0,0.5252859760003048,0,5,5,A,7266,0.45,False,4.498955184000806
0,32.67245716910535,1000,0,max_steps,4.998906130344916,1.461387958001069,astar,False,0,397317,0,28597,3675,0.7751639440011786,0,0.0,0.08349329300108366,0,4,4,A,7267,0.45,False,2.838028308000503
0,34.18792246507062,1000,0,max_steps,4.224963017589618,1.2955368490002002,astar,False,0,397374,0,2929,380,0.3490623859997868,0,0.0,0.028216188999067526,0,5,5,A,7268,0.45,False,3.080328025000199
0,32.9073229611412,1000,0,max_steps,7.459913705935208,0.9401114909996977,astar,False,0,375935,0,16050,2058,0.17399088000092888,0,0.0,0.04410961400026281,0,8,8,A,7269,0.375,False,2.892352064998704
0,35.006732105932855,1000,0,max_steps,3.447145558284419,0.7582224420002603,astar,False,0,225197,0,3821,492,0.5599931470005686,0,0.0,0.019092325999736204,0,3,3,A,7270,0.4125,False,1.6705038729996886
0,32.98486847110159,1000,0,max_steps,6.338991441862022,0.9478387019989896,astar,False,0,368053,0,56744,7173,0.7939449440000317,0,0.0,0.1199347330002638,0,6,6,A,7271,0.4,False,4.116999500995007
0,33.60607712126875,1000,0,max_steps,6.6645751927636,0.9635382979995484,astar,False,0,309169,0,7474,969,0.35188799499883316,0,0.0,0.030384203999346937,0,5,5,A,7272,0.475,False,2.8343471590014815
0,34.082298922882046,1000,0,max_steps,4.207619576435112,0.9136520179999934,astar,False,0,340985,0,25173,3218,0.8362288379994425,0,0.0,0.07697836000079405,0,5,5,A,7273,0.4625,False,2.343705236002279
0,34.31651827746004,1000,0,max_steps,3.323448886322758,0.728770785000961,astar,False,0,207967,0,7890,998,0.09684290499899362,0,0.0,0.024025155000344967,0,4,4,A,7274,0.45,False,1.9462363250004273
0,32.582452146162076,1000,0,max_steps,7.38869491182306,1.317669174999537,astar,False,0,452447,0,73201,9195,0.4200199819988484,0,0.0,0.14767439299976104,0,7,7,A,7275,0.55,False,4.106581649000873
0,34.09379206611045,1000,0,max_steps,3.729988270759037,0.7896869220003282,astar,False,0,326295,0,7488,978,0.4344034620007733,0,0.0,0.053636247999747866,0,5,5,A,7276,0.375,False,2.645266988003641
0,34.80386968143711,1000,0,max_steps,3.128947506750471,0.4819824290007091,astar,False,0,67907,0,114075,14333,0.3076326580012392,0,0.0,0.170459540999218,0,2,2,A,7277,0.3375,False,0.6519625780001661
0,33.2615186034774,1000,0,max_steps,5.815953275259349,1.5254966060001607,astar,False,0,342073,0,3390,432,0.39975643399884575,0,0.0,0.027761757000916987,0,4,4,A,7278,0.3625,False,2.3694684420006524
0,33.539378530443216,1000,0,max_steps,4.2603183566489475,0.9342230259990174,astar,False,0,348813,0,6950,903,0.2733220669997536,0,0.0,0.03190572000130487,0,5,5,A,7279,0.4625,False,2.944634805999158
0,32.44191882888236,1000,0,max_steps,6.841258107979845,0.9880285489998641,astar,False,0,300118,0,4477,566,0.2268823730009899,0,0.0,0.027425856000263593,0,6,6,A,7280,0.4375,False,3.38657118899755
0,33.15623729773643,1000,0,max_steps,4.8439717691167425,0.9828970540002047,astar,False,0,259505,0,2978,389,0.06680816900006903,0,0.0,0.005161993998626713,0,4,4,A,7281,0.375,False,2.162609157001498
0,33.80055882840358,1000,0,max_steps,3.5178562364030697,0.6710821469987422,astar,False,0,268864,0,4117,518,0.6467678640001395,0,0.0,0.024168150999685167,0,5,5,A,7282,0.35,False,2.2273030599990307
0,33.35906915592134,1000,0,max_steps,3.748041155056863,1.204899899999873,astar,False,0,310321,0,24368,3131,0.4275417360004212,0,0.0,0.05384926299848303,0,6,6,A,7283,0.4,False,3.5418131869992067
0,33.592087313482736,1000,0,max_steps,6.947324125157826,1.5261592990009376,astar,False,0,151794,0,146097,18317,0.39908154000113427,0,0.0,0.2383178689997294,0,3,3,A,7284,0.4875,False,2.4208639320022485
0,32.39972932920977,1000,0,max_steps,8.05211540528326,1.8594791279992933,astar,False,0,321416,0,268307,33610,0.9826420379995398,0,0.0,0.40050317399982305,0,5,5,A,7285,0.5,False,4.425878469999589
0,33.65340547571056,1000,0,max_steps,4.543161069123566,0.9343520949987578,astar,False,0,295416,0,8076,1040,0.18823485400025675,0,0.0,0.0311430459987605,0,6,6,A,7286,0.425,False,2.9195714259985834
0,33.32165463994396,1000,0,max_steps,5.363796463327068,1.1886397569996916,astar,False,0,232648,0,17516,2244,0.21370577000016056,0,0.0,0.0361250559999462,0,5,5,A,7287,0.4,False,3.231300244000522
0,32.16571438140304,1000,0,max_steps,6.169506665852623,0.7309696000011172,astar,False,0,380717,0,9446,1222,0.31823881800119125,0,0.0,0.03579415200147196,0,6,6,A,7288,0.4125,False,2.871446315999492
0,33.66038228786612,1000,0,max_steps,5.0734911550134765,1.4599771440007316,astar,False,0,451855,0,3529,451,0.12091049200171256,0,0.0,0.030933533000279567,0,5,5,A,7289,0.575,False,4.8430540500012285
0,33.16489078160383,1000,0,max_steps,6.243621745429489,1.1210338710006909,astar,False,0,421727,0,8107,1069,0.41910784100036835,0,0.0,0.035884795999663766,0,6,6,A,7290,0.5125,False,3.968825107998782
0,33.46116636150038,1000,0,max_steps,7.247089933207672,1.3299656300005154,astar,False,0,401621,0,19436,2492,0.26360311999997066,0,0.0,0.07307867599956808,0,6,6,A,7291,0.5125,False,4.011007162000169
0,33.952932332964,1000,0,max_steps,5.0859180587186,1.1883003040002222,astar,False,0,300459,0,174763,21905,0.8683995920000598,0,0.0,0.31300987700160476,0,4,4,A,7292,0.35,False,2.8558161800028756
0,34.43845514005364,1000,0,max_steps,3.058236828631815,0.917762885999764,astar,False,0,274425,0,6853,883,0.1526709829995525,0,0.0,0.04890070200053742,0,4,4,A,7293,0.325,False,2.6698685320006916
0,32.97117600892141,1000,0,max_steps,6.862784602477335,0.6282334679999622,astar,False,0,372300,0,13026,1685,0.416681378001158,0,0.0,0.04073647100085509,0,7,7,A,7294,0.4625,False,3.4950347390022216
0,32.53516432095517,1000,0,max_steps,6.3152840395345615,1.3606219209996198,astar,False,0,375467,0,131457,16445,0.26749747100075183,0,0.0,0.21912715500002378,0,5,5,A,7295,0.425,False,4.2168259949994535
0,32.818869147153464,1000,0,max_steps,6.899297971533043,0.8560058250004658,astar,False,0,420439,0,183883,23127,0.5413444529986009,0,0.0,0.30920718100060185,0,7,7,A,7296,0.425,False,3.669757321000361
0,31.997784076566557,1000,0,max_steps,8.698293654504887,1.4684292470010405,astar,False,0,265084,0,18456,2359,0.453378801999861,0,0.0,0.059075052000480355,0,5,5,A,7297,0.4,False,2.925756557000568
0,32.23041275011754,1000,0,max_steps,8.168632841546986,1.2530801390003035,astar,False,0,349610,0,5118,660,0.3735122460002458,0,0.0,0.029481679001037264,0,6,6,A,7298,0.4625,False,3.374709713998527
0,32.78181537354248,1000,0,max_steps,5.745242597140699,1.139911332000338,astar,False,0,417502,0,11665,1509,1.0712146749992826,0,0.0,0.0640312420000555,0,5,5,A,7299,0.5375,False,3.738339300001826
0,34.708445757300126,1000,0,max_steps,4.136914611156482,1.1056492409989005,astar,False,0,336754,0,12648,1630,0.5980721330015513,0,0.0,0.038848448000862845,0,3,3,A,7300,0.3625,False,1.9494453049992444
0,33.31027269410417,1000,0,max_steps,4.295673695708273,1.5816757329994289,astar,False,0,325081,0,6040,779,0.349578866000229,0,0.0,0.05084414600059972,0,4,4,A,7301,0.425,False,3.1553244329988956
0,33.181340364188344,1000,0,max_steps,4.47245039100491,1.7442876349996368,astar,False,0,358135,0,13490,1739,0.2747822100009216,0,0.0,0.03987693800081615,0,3,3,A,7302,0.5125,False,2.3364924540001084
0,32.00910273081047,1000,0,max_steps,6.876613447039171,0.9129429179993167,astar,False,0,401377,0,8927,1154,0.20923759799916297,0,0.0,0.060485061001600116,0,7,7,A,7303,0.55,False,3.709823677998429
0,31.959969050641583,1000,0,max_steps,10.77243298888417,0.9196509239991428,astar,False,0,290059,0,70202,8912,0.4570448030008265,0,0.0,0.13166502100102662,0,5,5,A,7304,0.45,False,2.7830438599976333
0,31.98814137565016,1000,0,max_steps,7.892500395945506,1.2778445080002712,astar,False,0,472332,0,112242,14171,0.4723271830007434,0,0.0,0.23574856600134808,0,7,7,A,7305,0.4875,False,5.107572601997163
0,33.79171257072054,1000,0,max_steps,4.790648442538859,1.214436107000438,astar,False,0,336683,0,8536,1096,0.32261674700021103,0,0.0,0.03327103999981773,0,5,5,A,7306,0.4875,False,2.8180687750009383
0,33.155218377862056,1000,0,max_steps,3.729988270759037,0.7352528589999565,astar,False,0,276330,0,4126,522,0.17306303499935893,0,0.0,0.02496790300028806,0,6,6,A,7307,0.4125,False,2.6703256410037284
0,32.27724474641469,1000,0,max_steps,7.811549942232972,1.1526576950000162,astar,False,0,410451,0,6767,883,0.27328931000010925,0,0.0,0.033392896000805194,0,6,6,A,7308,0.5375,False,3.6595833909996145
0,32.5573045542383,1000,0,max_steps,7.265092050345954,0.8869727389992477,astar,False,0,364333,0,117492,14799,0.4163939529989875,0,0.0,0.19698152099954314,0,6,6,A,7309,0.45,False,2.953738025000348
0,33.152898687210204,1000,0,max_steps,7.0895389483378946,1.1516420719999587,astar,False,0,275089,0,15720,2022,0.19103250399894023,0,0.0,0.0404153210001823,0,5,5,A,7310,0.3625,False,2.103480554000271
0,32.69606535181552,1000,0,max_steps,6.877431388243722,1.034590997000123,astar,False,0,364867,0,5721,739,0.22089178199894377,0,0.0,0.02972968400172249,0,6,6,A,7311,0.45,False,3.2165101670016156
0,31.99118632719273,1000,0,max_steps,9.029344522167706,1.130347943999368,astar,False,0,361167,0,164523,20678,0.6919223859986232,0,0.0,0.25449462799952016,0,7,7,A,7312,0.4625,False,5.727595156997268
0,32.128887009258065,1000,0,max_steps,7.818747501998002,1.3862834779993136,astar,False,0,343369,0,45641,5737,0.49856127299972286,0,0.0,0.10950501000115764,0,5,5,A,7313,0.4625,False,3.510208182000497
0,32.98778184007867,1000,0,max_steps,6.366931168153145,1.176148368000213,astar,False,0,317354,0,8480,1100,0.2156414550008776,0,0.0,0.032938750000539585,0,6,6,A,7314,0.4375,False,3.2006680149988824
0,31.81370047819503,1000,0,max_steps,11.099338381182907,1.2440543379998417,astar,False,0,363170,0,308941,38786,0.5921365169997443,0,0.0,0.4972951110012218,0,6,6,A,7315,0.425,False,4.915509307998946
0,34.363655733788335,1000,0,max_steps,4.207322485857243,0.7157000679999328,astar,False,0,166214,0,9557,1223,0.17425508400083345,0,0.0,0.035843542998918565,0,4,4,A,7316,0.3625,False,1.496816299000784
0,34.00558107227755,1000,0,max_steps,4.0128309832336555,0.7582209749998583,astar,False,0,285243,0,5742,741,0.36078216199894086,0,0.0,0.03073985800074297,0,4,4,A,7317,0.375,False,2.0226676399997814
0,33.602235985948795,1000,0,max_steps,5.523614079567831,1.388027384000452,astar,False,0,259611,0,17831,2279,0.3020650130001741,0,0.0,0.03852531099983025,0,6,6,A,7318,0.4125,False,4.724896806999823
0,33.04239927270658,1000,0,max_steps,6.116499202975505,0.9423459959998581,astar,False,0,373268,0,7721,987,0.18233185700046306,0,0.0,0.011704886001098203,0,5,5,A,7319,0.4625,False,2.4645972509970306
0,34.66585477287587,1000,0,max_steps,1.2904698756654462,0.645451606998904,astar,False,0,178359,0,4820,607,0.6259219019993907,0,0.0,0.01928085700092197,0,4,4,A,7320,0.3625,False,1.5219565199986391
0,32.47631658848312,1000,0,max_steps,6.065398791505799,1.0733652409999195,astar,False,0,296411,0,209929,26313,0.4928997779989004,0,0.0,0.3149462750006933,0,6,6,A,7321,0.325,False,3.152423291996456
0,33.71726201732381,1000,0,max_steps,3.623922253581056,1.4120211549998203,astar,False,0,365839,0,5525,702,0.39959231600005296,0,0.0,0.03088698599822237,0,4,4,A,7322,0.525,False,3.1949983260019508
0,32.92930043928388,1000,0,max_steps,5.319686315940065,1.1951499949991558,astar,False,0,434287,0,55482,7042,1.0659171320003225,0,0.0,0.12820460100010678,0,5,5,A,7323,0.4625,False,2.9114559160007047
0,32.34324267459531,1000,0,max_steps,6.947324125157826,0.8606968330004747,astar,False,0,306662,0,11432,1487,0.3457035520004865,0,0.0,0.03603227399980824,0,6,6,A,7324,0.4375,False,3.2480372419995547
0,32.159971607647485,1000,0,max_steps,7.682874624774244,1.0626997939998546,astar,False,0,351989,0,15466,2024,0.24864657299985993,0,0.0,0.041633443999671726,0,7,7,A,7325,0.5,False,4.213692856003036
0,32.51026061717917,1000,0,max_steps,8.078694975056303,1.5656136369998421,astar,False,0,340744,0,15566,2007,0.8645097879998502,0,0.0,0.049556757001482765,0,4,4,A,7326,0.45,False,4.39654593799969
0,31.80600404407472,1000,0,max_steps,6.381736636684403,1.3565919289994781,astar,False,0,415303,0,10640,1338,0.2490265750002436,0,0.0,0.03941389700048603,0,6,6,A,7327,0.5,False,3.451878662999661
0,33.29262376319804,1000,0,max_steps,6.899388559865287,1.1020770520008227,astar,False,0,340355,0,12130,1566,0.33162982999965607,0,0.0,0.05826335599886079,0,7,7,A,7328,0.4375,False,4.4717758070000855
0,32.470736606385174,1000,0,max_steps,8.511554646479102,1.2548095469992404,astar,False,0,364802,0,378996,47681,0.6918964199994662,0,0.0,0.5502196889992774,0,4,4,A,7329,0.4875,False,3.5063395259985555
0,33.63838547358143,1000,0,max_steps,5.568465901844061,1.341650082000342,astar,False,0,365007,0,7009,905,0.23347395200107712,0,0.0,0.03312618900054076,0,5,5,A,7330,0.325,False,3.0840620529997977
0,31.867770571488727,1000,0,max_steps,7.053744572920115,1.9636994279990176,astar,False,0,362955,0,5994,763,0.11655805400005192,0,0.0,0.030871680999553064,0,5,5,A,7331,0.4625,False,5.664825613997891
0,34.07833372692012,1000,0,max_steps,2.5279067427419046,0.6043827480007167,astar,False,0,251508,0,4705,597,0.5697555120004836,0,0.0,0.03441933700014488,0,4,4,A,7332,0.375,False,1.955848056002651
0,32.67793386968341,1000,0,max_steps,11.99845042078351,1.4009721080001327,astar,False,0,369311,0,354035,44451,0.3295166779989813,0,0.0,0.5016699190000509,0,5,5,A,7333,0.4375,False,4.206041684996308
0,33.064996123254645,1000,0,max_steps,5.552505065283596,1.222654663000867,astar,False,0,335903,0,15605,2009,0.8164624830005778,0,0.0,0.06311941000058141,0,5,5,A,7334,0.375,False,3.8197132739987865
0,33.54637424715599,1000,0,max_steps,5.815953275259349,1.1033407200011425,astar,False,0,140418,0,6237,796,0.19484052100051485,0,0.0,0.01958366700091574,0,4,4,A,7335,0.425,False,2.7267765430024156
0,31.970421443493983,1000,0,max_steps,9.634394765630063,1.868380605999846,astar,False,0,384311,0,3333,426,0.11980644700088305,0,0.0,0.028715145999740344,0,7,7,A,7336,0.45,False,4.82710511300138
0,33.60612230499261,1000,0,max_steps,4.08904787206019,0.8852210770000966,astar,False,0,196364,0,33597,4272,0.2539013999994495,0,0.0,0.06919125199965492,0,6,6,A,7337,0.3875,False,3.6432748610004637
0,33.04465986358429,1000,0,max_steps,5.568465901844061,1.1835375699993165,astar,False,0,417332,0,4290,562,0.3076001700010238,0,0.0,0.030954458999985945,0,5,5,A,7338,0.5375,False,2.9776669689963455
0,33.6325344148668,1000,0,max_steps,4.207322485857243,0.7260958530005155,astar,False,0,378685,0,8134,1060,0.689312124000935,0,0.0,0.03651959000126226,0,6,6,A,7339,0.5125,False,2.5910946500007412
0,31.391840927922736,1000,0,max_steps,12.555140879337035,0.9874271190001309,astar,False,0,408970,0,90953,11436,0.4523345679990598,0,0.0,0.1682717359999515,0,6,6,A,7340,0.4625,False,3.886226443999476
0,33.58251285458394,1000,0,max_steps,3.3941585849809646,1.2382909409989225,astar,False,0,273957,0,6304,805,0.2756814589993155,0,0.0,0.027850067999679595,0,5,5,A,7341,0.45,False,3.1134245970006305
0,33.65087491464455,1000,0,max_steps,7.429018272961777,1.7396920659994066,astar,False,0,293992,0,112240,14206,0.9029977659993165,0,0.0,0.18363580500044918,0,4,4,A,7342,0.4875,False,4.611319337998793
0,32.61951105904163,1000,0,max_steps,5.0734911550134765,0.7134838199999649,astar,False,0,346908,0,6880,892,0.15706726200005505,0,0.0,0.03139604599891754,0,7,7,A,7343,0.4625,False,3.3188703490013722
0,34.78373028226446,1000,0,max_steps,3.729988270759037,1.3232237829997757,astar,False,0,260277,0,3257,427,0.15628991499943368,0,0.0,0.018485312000848353,0,3,3,A,7344,0.3625,False,1.7207819479990576
0,33.67937479224842,1000,0,max_steps,7.709186889679089,1.242351154998687,astar,False,0,407643,0,158289,19884,0.8298980669987941,0,0.0,0.26295920200027467,0,5,5,A,7345,0.45,False,3.0465336029974424
0,33.1843516331062,1000,0,max_steps,5.161909772555114,1.4348558520014194,astar,False,0,308291,0,7708,969,0.3149439059998258,0,0.0,0.031024101999719278,0,7,7,A,7346,0.4,False,5.787106142999619
0,34.44028773609625,1000,0,max_steps,4.7778460104946845,1.2744090100004541,astar,False,0,262697,0,149016,18752,0.6836769559995446,0,0.0,0.2391347360007785,0,3,3,A,7347,0.475,False,2.917436058000021
0,33.82856428138096,1000,0,max_steps,5.563188159679662,1.3220939289985836,astar,False,0,233662,0,75599,9464,0.22227859099984926,0,0.0,0.12683087200093723,0,4,4,A,7348,0.4625,False,3.248838920999333
0,32.91689370833199,1000,0,max_steps,9.812699042567239,1.9865351589996862,astar,False,0,305175,0,19239,2431,0.33604764499978046,0,0.0,0.044911824001246714,0,5,5,A,7349,0.4125,False,4.56644843399954
0,33.18188019920146,1000,0,max_steps,5.497868905312308,0.8977470009995159,astar,False,0,389790,0,3451,452,0.27592262199868856,0,0.0,0.05106223199982196,0,7,7,A,7350,0.4875,False,4.023052876998918
0,32.253504908120085,1000,0,max_steps,7.853044791671571,0.9443579260005208,astar,False,0,324765,0,158789,20007,0.430121011000665,0,0.0,0.2500384649993066,0,6,6,A,7351,0.525,False,3.3259584340030415
0,34.237383462291206,1000,0,max_steps,6.416994039267916,1.123741923000125,astar,False,0,363662,0,4127,529,0.4295249420010805,0,0.0,0.030109695999271935,0,5,5,A,7352,0.4875,False,2.8265414870002132
0,31.993537269353997,1000,0,max_steps,8.043417339663531,1.3441764889994374,astar,False,0,304349,0,9233,1176,0.3883249659993453,0,0.0,0.051244539999970584,0,5,5,A,7353,0.375,False,4.2698027529986575
0,32.898409409234404,1000,0,max_steps,3.85231261711715,0.756276854999669,astar,False,0,341693,0,18647,2390,0.6715461359999608,0,0.0,0.06896086800043122,0,5,5,A,7354,0.5,False,2.7600420050002867
0,32.176452718659114,1000,0,max_steps,8.621647899328755,1.106547800000044,astar,False,0,364690,0,305036,38199,0.6580839050002396,0,0.0,0.4393706190003286,0,4,4,A,7355,0.45,False,3.852056599002026
0,33.22468105291489,1000,0,max_steps,4.420583954637666,1.5430701980003505,astar,False,0,391302,0,140158,17611,1.3095405639996898,0,0.0,0.23016620700036583,0,4,4,A,7356,0.45,False,3.488043015000585
0,32.15512523546744,1000,0,max_steps,6.399340786362293,1.2057703259997652,astar,False,0,422255,0,6124,792,0.3099990919999982,0,0.0,0.033617113998843706,0,7,7,A,7357,0.5375,False,3.8374658020038623
0,31.90680099522316,1000,0,max_steps,8.998142169359182,1.571058389999962,astar,False,0,372219,0,35984,4551,0.2557143209996866,0,0.0,0.09283449499889684,0,6,6,A,7358,0.45,False,4.715333066000312
0,33.42377015433153,1000,0,max_steps,4.773003509321985,0.9699423460006074,astar,False,0,296246,0,7485,959,0.20663677300035488,0,0.0,0.03076970300026005,0,6,6,A,7359,0.4,False,3.7384090939976886
0,33.64301785926793,1000,0,max_steps,5.409395761080898,0.9566616780011827,astar,False,0,196248,0,12657,1628,0.24922572600007697,0,0.0,0.03047726899967529,0,4,4,A,7360,0.4375,False,2.145422879000762
0,31.69116086633806,1000,0,max_steps,7.483001570225677,1.0506507780009997,astar,False,0,393518,0,3812,481,0.27267326999935904,0,0.0,0.028228073999343906,0,7,7,A,7361,0.525,False,4.110141952000049
0,33.35708105155563,1000,0,max_steps,6.042996979976078,1.5448029729996051,astar,False,0,204727,0,125162,15726,0.3052624720003223,0,0.0,0.19442840899864677,0,4,4,A,7362,0.475,False,3.338864116001787
0,33.73065886728276,1000,0,max_steps,4.1719674615222,0.8640729120015749,astar,False,0,344707,0,10319,1337,0.5645810120004171,0,0.0,0.03608258799977193,0,5,5,A,7363,0.4375,False,2.5477396370006318
0,33.9345211490698,1000,0,max_steps,4.189607678530292,0.32770174899997073,astar,False,0,161087,0,4568,593,0.0598499379993882,0,0.0,0.0162975910006935,0,6,6,A,7364,0.375,False,1.228235535998465
0,32.372114076728025,1000,0,max_steps,9.094727181174813,1.0532401670006948,astar,False,0,335974,0,192173,24230,0.29248008799913805,0,0.0,0.3012827990005462,0,7,7,A,7365,0.4125,False,3.870264118000705
0,32.379095398553304,1000,0,max_steps,7.9221406513643755,1.0914773650001734,astar,False,0,399757,0,10873,1398,0.20637446799992176,0,0.0,0.03865141999995103,0,7,7,A,7366,0.4,False,4.215482695999526
0,33.57789576670529,1000,0,max_steps,4.773003509321985,1.2260867759996472,astar,False,0,398839,0,8714,1134,0.6497123979988828,0,0.0,0.036552305000441265,0,5,5,A,7367,0.45,False,3.233998857002007
0,32.81262367934533,1000,0,max_steps,5.9399337117513324,0.8881358510006976,astar,False,0,348262,0,11544,1460,0.8290859110002202,0,0.0,0.058636974999899394,0,5,5,A,7368,0.4375,False,2.6467161629989278
0,32.29552107561752,1000,0,max_steps,6.629220353857606,1.033631203999903,astar,False,0,360562,0,2897,376,0.2536628770012612,0,0.0,0.026152092999836896,0,6,6,A,7369,0.525,False,4.49933817800229
0,34.02588124082451,1000,0,max_steps,3.729988270759037,1.3325379409998277,astar,False,0,284534,0,5007,634,0.3370439009995607,0,0.0,0.02590780500031542,0,4,4,A,7370,0.375,False,3.8554871150008694
0,33.012110135406914,1000,0,max_steps,5.745242597140699,0.7883405979991949,astar,False,0,216161,0,3595,467,0.27160515600007784,0,0.0,0.018629972999406164,0,5,5,A,7371,0.425,False,1.9347087850019307
0,33.56432917795976,1000,0,max_steps,5.474286483186643,1.1861775090001174,astar,False,0,299512,0,68255,8687,0.5383905899998354,0,0.0,0.1214279739997437,0,3,3,A,7372,0.5,False,2.199484994998784
0,33.444020465909105,1000,0,max_steps,5.42704454560675,0.7572457529986423,astar,False,0,305405,0,7321,944,0.29580822800016904,0,0.0,0.03159777499968186,0,5,5,A,7373,0.4,False,2.751505902997451
0,32.50773977684917,1000,0,max_steps,9.536197486419834,0.9895840209992457,astar,False,0,380948,0,236351,29751,0.5141265290003503,0,0.0,0.3578602540001157,0,6,6,A,7374,0.575,False,4.311733618998915
0,32.50923462540608,1000,0,max_steps,6.477002586073279,1.7973718350003764,astar,False,0,366011,0,57100,7271,0.20748340399950393,0,0.0,0.11754295399987313,0,7,7,A,7375,0.4125,False,4.200712684998507
0,32.88392353351166,1000,0,max_steps,6.933185595381097,1.731391261000681,astar,False,0,402138,0,66790,8357,1.2873565959998814,0,0.0,0.1344727330015303,0,4,4,A,7376,0.4875,False,3.962503682001625
0,33.540517405202486,1000,0,max_steps,3.6946329316997066,1.3883715770007257,astar,False,0,334891,0,5674,733,0.5104626880001888,0,0.0,0.03036278199942899,0,5,5,A,7377,0.4,False,3.749044006002805
0,30.74262669763729,1000,0,max_steps,10.71268232050218,1.2710895860000164,astar,False,0,317197,0,8345,1067,0.15414717600106087,0,0.0,0.03367339200121933,0,7,7,A,7378,0.4125,False,5.644025685001907
0,33.90554509950406,1000,0,max_steps,3.0228814895724896,0.9133962780015281,astar,False,0,288832,0,7163,923,0.16700302000026568,0,0.0,0.010342695999497664,0,6,6,A,7379,0.4375,False,2.740249032001884
0,33.399470885721286,1000,0,max_steps,3.729988270759037,1.285105291999571,astar,False,0,405726,0,12105,1571,0.2478933809998125,0,0.0,0.045094727000105195,0,5,5,A,7380,0.475,False,3.4396455169990077
0,33.09438736543241,1000,0,max_steps,4.808618564619155,0.7527371310006856,astar,False,0,260339,0,4832,628,0.09484920899922145,0,0.0,0.020743769000546308,0,6,6,A,7381,0.4875,False,2.691644812000959
0,32.57827970787077,1000,0,max_steps,7.487760846875386,1.4935415779982577,astar,False,0,198052,0,127305,16026,0.44309665800028597,0,0.0,0.22223286400003417,0,4,4,A,7382,0.4375,False,4.0317786909981805
0,32.388377834708905,1000,0,max_steps,9.280776503073437,1.1950597159993777,astar,False,0,456411,0,7585,981,0.581365795000238,0,0.0,0.03678054100055306,0,5,5,A,7383,0.525,False,3.8139656800012744
0,33.468612153159384,1000,0,max_steps,6.64221819123702,0.9888974899986351,astar,False,0,375089,0,128085,16162,0.7710454919997574,0,0.0,0.21459053800026595,0,5,5,A,7384,0.425,False,3.46032854799887
0,32.90483749877265,1000,0,max_steps,6.80590276892052,0.47688466900035564,astar,False,0,280059,0,24525,3142,0.35743418499987456,0,0.0,0.07026685800155974,0,5,5,A,7385,0.4,False,1.7901310070010368
0,33.96250724023791,1000,0,max_steps,5.398060994468288,1.2549150680006278,astar,False,0,192076,0,434203,54401,0.5868242569995346,0,0.0,0.6444339770005172,0,3,3,A,7386,0.5125,False,3.0100607679996756
0,33.07233436178363,1000,0,max_steps,4.3663843738269295,1.2925519939999504,astar,False,0,438476,0,3057,400,0.3904917749987362,0,0.0,0.03014477800024906,0,6,6,A,7387,0.4875,False,3.5620422789997974
0,32.25960146676687,1000,0,max_steps,7.919773513175739,0.9955878579985438,astar,False,0,390607,0,7586,984,0.2676203130013164,0,0.0,0.011663596998914727,0,6,6,A,7388,0.45,False,3.5639649169970653
0,32.68324179078776,1000,0,max_steps,9.512311101935214,1.776804371000253,astar,False,0,312364,0,182987,22947,0.6571091099995101,0,0.0,0.28800961100023414,0,5,5,A,7389,0.475,False,5.262863932997789
0,32.77429016478761,1000,0,max_steps,7.28322129967228,0.9707709829999658,astar,False,0,387662,0,3464,450,0.12173472899849003,0,0.0,0.0284848619994591,0,7,7,A,7390,0.5375,False,4.064624897000613
0,33.00845691712152,1000,0,max_steps,9.299815186335692,1.324552878000759,astar,False,0,366736,0,153746,19381,0.453873479998947,0,0.0,0.2436475779995817,0,5,5,A,7391,0.5125,False,4.286154354998871
0,33.44275453353035,1000,0,max_steps,3.447145558284419,0.6513029919988185,astar,False,0,252261,0,9284,1229,0.42711549999876297,0,0.0,0.027041663999625598,0,5,5,A,7392,0.5,False,2.4156757289965753
0,32.92403019822389,1000,0,max_steps,6.082993711980966,1.2377733040011663,astar,False,0,351299,0,95978,12083,0.7136303120005323,0,0.0,0.16649746999974013,0,5,5,A,7393,0.5,False,3.5392372550013533
0,33.187701470510405,1000,0,max_steps,4.243561299191989,1.005234942998868,astar,False,0,325635,0,14741,1905,0.5024651359999552,0,0.0,0.04055001300002914,0,5,5,A,7394,0.5,False,3.2680329070008156
0,32.15247356457855,1000,0,max_steps,7.645770889844919,0.8528327899985015,astar,False,0,410050,0,10949,1417,0.15402644999994664,0,0.0,0.04189016099917353,0,8,8,A,7395,0.5125,False,3.416668802001368
0,33.97946333073575,1000,0,max_steps,3.6059412779467137,1.2725144420001016,astar,False,0,275227,0,23517,3002,1.199802393999562,0,0.0,0.07214617199861095,0,2,2,A,7396,0.3875,False,2.376617806001377
0,33.83649285019273,1000,0,max_steps,5.002905405861678,1.540629312999954,astar,False,0,386494,0,8139,1071,0.3828177979994507,0,0.0,0.03468372000133968,0,5,5,A,7397,0.475,False,3.175289786000576
0,33.977259407909706,1000,0,max_steps,4.1542523394709665,0.7189769060005347,astar,False,0,313969,0,2222,292,0.18092100899957586,0,0.0,0.02338952399986738,0,7,7,A,7398,0.4125,False,2.513054167999144
0,32.149914220841616,1000,0,max_steps,7.160154502522971,1.4439934409983834,astar,False,0,263148,0,24722,3096,0.44946637700013525,0,0.0,0.06806780799888656,0,5,5,A,7399,0.4,False,4.4452941229974385
0,32.38254551492826,1000,0,max_steps,6.482500482067086,1.3074896409998473,astar,False,0,308004,0,85533,10881,0.5485160730004282,0,0.0,0.15066497799853096,0,7,7,A,7400,0.4125,False,5.154865757000152
0,32.443338143323764,1000,0,max_steps,8.048311158249286,1.5008424579991697,astar,False,0,284359,0,57916,7245,0.5632228279991978,0,0.0,0.11431730000003881,0,5,5,A,7401,0.4875,False,3.581264246000501
0,33.4426059939726,1000,0,max_steps,6.367716427417288,1.0521759729999758,astar,False,0,404692,0,124576,15732,0.3989528620004421,0,0.0,0.21048796700051753,0,6,6,A,7402,0.5,False,3.0919782830005715
0,33.39846192341646,1000,0,max_steps,4.5785164081828915,1.1821880629995576,astar,False,0,319211,0,2109,277,0.42477148800026043,0,0.0,0.0240822970008594,0,6,6,A,7403,0.425,False,4.121444076999978
0,31.69840117009092,1000,0,max_steps,8.809529641246458,0.9693367310010217,astar,False,0,440366,0,135355,17004,0.33484981400033575,0,0.0,0.21966473899919947,0,7,7,A,7404,0.525,False,4.32074116500371
0,33.395707365194376,1000,0,max_steps,5.603821240903387,1.4273096180004359,astar,False,0,411722,0,10456,1360,0.3527794220008218,0,0.0,0.03828356099984376,0,5,5,A,7405,0.5,False,3.7812663259992405
0,32.749456609062214,1000,0,max_steps,6.092541546842335,1.1364498589991854,astar,False,0,413949,0,91435,11580,0.963367409998682,0,0.0,0.17135068799871078,0,7,7,A,7406,0.5375,False,4.253960847998314
0,33.74341014119748,1000,0,max_steps,4.224963017589618,1.0189610789984727,astar,False,0,311394,0,7643,980,0.9868701289997261,0,0.0,0.031845121000515064,0,4,4,A,7407,0.3875,False,2.57931341299809
0,32.48770544983365,1000,0,max_steps,7.550434590141151,0.9184151310000743,astar,False,0,291501,0,11097,1442,0.28139803600060986,0,0.0,0.03356641200116428,0,6,6,A,7408,0.425,False,3.8651819369988516
0,33.79805686010971,1000,0,max_steps,2.7577731052427055,0.9672471890007728,astar,False,0,322558,0,7112,905,0.6450562320005702,0,0.0,0.030642624999018153,0,5,5,A,7409,0.5,False,3.232141035003224
0,33.59209724369107,1000,0,max_steps,3.5532115754624,0.9679398509997554,astar,False,0,320035,0,2738,357,0.39127862300119887,0,0.0,0.04460047099928488,0,7,7,A,7410,0.4,False,3.2508246439992945
0,33.20028438039931,1000,0,max_steps,6.487704717386571,1.6794701920007356,astar,False,0,368642,0,3838,487,0.3503298220002762,0,0.0,0.029235071000584867,0,4,4,A,7411,0.4375,False,3.8118704600001365
0,31.034988725921544,1000,0,max_steps,11.454707001927197,2.180794416999561,astar,False,0,365856,0,232334,29112,0.6329064829988056,0,0.0,0.3550730510014546,0,6,6,A,7412,0.4875,False,6.449055494002096
0,34.299036199832756,1000,0,max_steps,3.164302845809796,1.117294050000055,astar,False,0,382452,0,5808,758,0.6325186240010225,0,0.0,0.05565786599981948,0,5,5,A,7413,0.45,False,3.1234744599969417
0,33.43684023722708,1000,0,max_steps,4.47245039100491,0.9561642949993256,astar,False,0,140796,0,305995,38336,0.13560663700081932,0,0.0,0.46533338999870466,0,3,3,A,7414,0.425,False,2.435865503997775
0,32.49610508814839,1000,0,max_steps,7.649530214333424,1.7086172139988776,astar,False,0,355984,0,6993,903,0.1853222680001636,0,0.0,0.032176176999200834,0,6,6,A,7415,0.4375,False,4.063106284998867
0,32.20145657916471,1000,0,max_steps,7.161638255315609,0.8039274330003536,astar,False,0,357085,0,4900,631,0.3302671580004244,0,0.0,0.00792711099893495,0,8,8,A,7416,0.4625,False,3.7073498839981767
0,34.1414898382075,1000,0,max_steps,4.649227086301547,0.8575433749992953,astar,False,0,301367,0,6416,810,0.8280889480010956,0,0.0,0.029263885000545997,0,4,4,A,7417,0.45,False,2.442340065999815
0,32.955745944908884,1000,0,max_steps,5.144201833132132,1.1583214309994219,astar,False,0,381566,0,4889,637,0.3582275030003075,0,0.0,0.031023503001051722,0,6,6,A,7418,0.5,False,2.629252047996488
0,32.7605473749005,1000,0,max_steps,7.954263793714662,0.8284435839996149,astar,False,0,328581,0,6488,815,0.2444485350006289,0,0.0,0.029052481999315205,0,6,6,A,7419,0.5,False,3.545183107999037
0,32.47477693674317,1000,0,max_steps,6.399340786362293,1.5262196450003103,astar,False,0,266330,0,6550,826,0.21682187100122974,0,0.0,0.027284400999633363,0,5,5,A,7420,0.3625,False,3.915538112001741
0,32.57646406564065,1000,0,max_steps,7.418157621673996,1.2628103220013145,astar,False,0,352009,0,40370,5090,0.6878469539988146,0,0.0,0.09519470499981253,0,7,7,A,7421,0.475,False,5.537635365999449
0,33.85900687945261,1000,0,max_steps,5.816383111522141,1.6034693100009463,astar,False,0,351317,0,4642,604,0.2238177250001172,0,0.0,0.03017971699955524,0,5,5,A,7422,0.3875,False,4.044585603000087
0,33.86397463771598,1000,0,max_steps,4.1542523394709665,1.3775005360002979,astar,False,0,333611,0,3984,509,0.20703516699904867,0,0.0,0.02712213799895835,0,5,5,A,7423,0.45,False,3.66183831699891
0,32.51373023247249,1000,0,max_steps,5.957374631496661,1.2327189999996335,astar,False,0,365805,0,5276,680,0.39944499999910477,0,0.0,0.030260683999586035,0,6,6,A,7424,0.5,False,3.018522744998336
0,34.24815956296398,1000,0,max_steps,2.59861742086056,0.9262174150007922,astar,False,0,351325,0,3584,465,0.5318211690009775,0,0.0,0.026672444999348954,0,5,5,A,7425,0.425,False,3.015919336998195
0,33.00169143174121,1000,0,max_steps,4.912515903282146,0.7779923570014944,astar,False,0,340717,0,63362,8028,0.645137771998634,0,0.0,0.12461326000084227,0,6,6,A,7426,0.4125,False,3.2163757029993576
0,32.60887610524079,1000,0,max_steps,6.522868425777113,1.9784174889991846,astar,False,0,89198,0,951397,119088,0.38794556299944816,0,0.0,1.5301977990002342,0,2,2,A,7427,0.4625,False,2.7727153479991102
0,33.0260525883949,1000,0,max_steps,7.738237040825254,0.8721642660002544,astar,False,0,384855,0,25454,3252,0.2200618469996698,0,0.0,0.0794533650005178,0,6,6,A,7428,0.525,False,2.7741930130014225
0,32.64835147703269,1000,0,max_steps,5.692237038282926,0.8544926560007298,astar,False,0,354705,0,4808,602,0.29379447999963304,0,0.0,0.006996437999987393,0,6,6,A,7429,0.3875,False,2.867821248000837
0,32.43162856304452,1000,0,max_steps,7.795932433006326,1.230819121001332,astar,False,0,392260,0,21912,2791,0.3065938540003117,0,0.0,0.07659150600011344,0,7,7,A,7430,0.475,False,3.9677293060012744
0,32.71289679864888,1000,0,max_steps,5.92138602862539,1.1771141559984244,astar,False,0,382624,0,228425,28715,0.7716730570009531,0,0.0,0.3980125530015357,0,6,6,A,7431,0.475,False,5.64448177399936
0,33.286510144131476,1000,0,max_steps,5.058439729798109,1.3805060030008462,astar,False,0,294157,0,210932,26368,0.6646969860012177,0,0.0,0.34521634499833453,0,4,4,A,7432,0.425,False,3.1247749209996982
0,32.77142651636711,1000,0,max_steps,5.391689206547425,0.9732214969990309,astar,False,0,360556,0,8190,1075,0.9083773809998092,0,0.0,0.05554526900050405,0,6,6,A,7433,0.45,False,5.036745452000105
0,32.36072710696859,1000,0,max_steps,5.774648257686348,0.7736143250003806,astar,False,0,328186,0,22184,2864,0.2053158369999437,0,0.0,0.04981608900015999,0,7,7,A,7434,0.4375,False,2.8919333100038784
0,32.488520866939936,1000,0,max_steps,5.6391765799627125,1.2732522420010355,astar,False,0,378241,0,3796,490,0.31972890999895753,0,0.0,0.028506043998277164,0,6,6,A,7435,0.5125,False,3.157810332002555
0,33.45549238011781,1000,0,max_steps,4.0128309832336555,0.6805755880013749,astar,False,0,254097,0,5800,753,0.48303035000026284,0,0.0,0.023557056001664023,0,5,5,A,7436,0.4625,False,2.1837082310012192
0,32.94669238857373,1000,0,max_steps,6.434695991264854,0.950744747000499,astar,False,0,304912,0,4297,557,0.15687398799855146,0,0.0,0.026344294999944395,0,6,6,A,7437,0.4625,False,2.9753936310025892
0,32.4762762665679,1000,0,max_steps,8.951204527883384,1.3352198049997241,astar,False,0,311998,0,3450,446,0.8907270629988489,0,0.0,0.025958407999496558,0,7,7,A,7438,0.5,False,4.657127114996911
0,31.7317291698693,1000,0,max_steps,9.582095934606372,1.7086883669999224,astar,False,0,311249,0,6658,861,0.37331998700028635,0,0.0,0.03035277599883557,0,5,5,A,7439,0.4375,False,3.853995555002257
0,32.22382757586024,1000,0,max_steps,6.116499202975505,1.164648162000958,astar,False,0,423778,0,5668,740,0.6701425729988841,0,0.0,0.03238937500100292,0,6,6,A,7440,0.575,False,3.710441304001506
0,31.29609618277372,1000,0,max_steps,9.121557569845184,1.46387224099999,astar,False,0,475810,0,4716,614,0.3546263970001746,0,0.0,0.03474199999982375,0,7,7,A,7441,0.6375,False,4.780447278999418
0,32.866824154527635,1000,0,max_steps,8.414143598727083,1.2312795279995044,astar,False,0,406367,0,7595,968,0.4587400639993575,0,0.0,0.03501502499966591,0,6,6,A,7442,0.5125,False,4.6897986980002315
0,32.66798104554933,1000,0,max_steps,6.349335595162691,0.9992809679988568,astar,False,0,300043,0,37648,4776,0.4729003760003252,0,0.0,0.0900479970005108,0,4,4,A,7443,0.4625,False,2.775276827997004
0,32.23466711329065,1000,0,max_steps,7.207309657562937,1.09727237900006,astar,False,0,426821,0,31495,3959,0.11387876399930974,0,0.0,0.06559562599977653,0,7,7,A,7444,0.5,False,4.885225964999336
0,33.07096906413583,1000,0,max_steps,5.046069014589473,1.143572495000626,astar,False,0,248161,0,10075,1297,0.5468123230002675,0,0.0,0.034118748999389936,0,4,4,A,7445,0.4375,False,2.72364726700107
0,33.199948834556686,1000,0,max_steps,4.04818632229298,0.847576766000202,astar,False,0,375237,0,6119,789,0.37166491100106214,0,0.0,0.03162118699947314,0,5,5,A,7446,0.5,False,2.6369767590022093
0,33.142342041846895,1000,0,max_steps,5.631523994444129,0.8391616649987554,astar,False,0,326505,0,5288,685,0.37126109400014684,0,0.0,0.037495512999157654,0,6,6,A,7447,0.3625,False,3.7033513770002173
0,33.24918024637832,1000,0,max_steps,3.8386602480553007,0.9401820930015674,astar,False,0,408925,0,85723,10802,0.773058939999828,0,0.0,0.16458565900029498,0,6,6,A,7448,0.525,False,3.172133603002294
0,33.0362020598874,1000,0,max_steps,5.655776913917307,1.4812595050007076,astar,False,0,306087,0,100158,12627,1.307269176999398,0,0.0,0.17163777599853347,0,4,4,A,7449,0.5,False,3.7489097110010334
0,32.54682718980971,1000,0,max_steps,6.767315752940745,0.9523373360007099,astar,False,0,295995,0,14096,1837,0.5836558209994109,0,0.0,0.03845036799975787,0,5,5,A,7450,0.4875,False,3.449856635999822
0,34.84554181132864,1000,0,max_steps,0.6187184335382291,0.868673201999627,astar,False,0,233801,0,4944,619,0.3196718029994372,0,0.0,0.021639968999807024,0,3,3,A,7451,0.3875,False,1.3612308189985924
0,34.09663643972232,1000,0,max_steps,2.7400387770978716,0.8508317880005052,astar,False,0,281418,0,2390,305,0.2769978659998742,0,0.0,0.022239486999751534,0,5,5,A,7452,0.375,False,2.4671228600018367
0,33.12169990352427,1000,0,max_steps,7.813549929449479,1.3448149690011633,astar,False,0,376942,0,13376,1724,0.3452694440002233,0,0.0,0.039901606000057654,0,5,5,A,7453,0.45,False,3.243019962004837
0,31.694784315271168,1000,0,max_steps,9.419477825230016,2.602897116999884,astar,False,0,418044,0,70918,8962,0.5701842159996886,0,0.0,0.14069362400005048,0,7,7,A,7454,0.4625,False,4.862201347999871
0,33.25219997142869,1000,0,max_steps,5.497755223725406,1.0382735889998003,astar,False,0,342281,0,6713,861,0.49163013299948943,0,0.0,0.03176660099961737,0,4,4,A,7455,0.4125,False,2.235065762999511
0,33.3574818871782,1000,0,max_steps,5.992834262684059,0.8558152629993856,astar,False,0,352342,0,6268,823,0.705347809000159,0,0.0,0.0312560249985836,0,4,4,A,7456,0.4125,False,2.5344310740001674
0,33.363669389554474,1000,0,max_steps,5.320978528428769,1.3304693859990948,astar,False,0,249002,0,174892,21905,0.3423030560006737,0,0.0,0.2785016899997572,0,4,4,A,7457,0.5125,False,3.8032866069988813
0,32.923830099491376,1000,0,max_steps,6.7175376813234156,0.7307164060002833,astar,False,0,373134,0,45263,5713,0.6211441889990965,0,0.0,0.10715187499954482,0,7,7,A,7458,0.45,False,3.1193642939979327
0,32.48995559090822,1000,0,max_steps,8.916645249195462,1.0223472190009488,astar,False,0,395420,0,173170,21774,0.28245637499821896,0,0.0,0.25519373699899006,0,7,7,A,7459,0.4625,False,4.1273337330003415
0,32.869472943336206,1000,0,max_steps,6.34628336114926,0.9647497290006868,astar,False,0,256130,0,4720,591,0.17168014900016715,0,0.0,0.02243155900032434,0,6,6,A,7460,0.475,False,2.80859350299761
0,31.9036532980915,1000,0,max_steps,8.280040005941999,1.238986547999957,astar,False,0,334819,0,251807,31507,0.13487460500073212,0,0.0,0.4172454060008022,0,6,6,A,7461,0.4625,False,5.638626926998768
0,33.66406152389912,1000,0,max_steps,4.1188970004116365,1.1187847569999576,astar,False,0,287243,0,7124,921,0.6884519859995635,0,0.0,0.031542787999569555,0,3,3,A,7462,0.4875,False,2.8146322699994926
0,32.86330544462818,1000,0,max_steps,6.260915468204309,0.9678397909992782,astar,False,0,297529,0,22680,2897,0.2131355679994158,0,0.0,0.06897448699965025,0,4,4,A,7463,0.3125,False,2.522267959000601
0,32.756504777201705,1000,0,max_steps,7.323698689869756,0.8191126169986092,astar,False,0,344281,0,6784,850,0.385451792000822,0,0.0,0.03029746399988653,0,6,6,A,7464,0.4625,False,2.7979732480016537
0,32.26110219296118,1000,0,max_steps,10.754664685614328,1.3592443790003017,astar,False,0,330105,0,6001,764,0.20821492900176963,0,0.0,0.05133080700034043,0,6,6,A,7465,0.475,False,4.543699783998818
0,32.603118091576235,1000,0,max_steps,7.70764636578508,1.6092547980006202,astar,False,0,325921,0,6626,858,0.11254501099938352,0,0.0,0.030378085999473114,0,6,6,A,7466,0.4875,False,4.502225701000498
0,34.22188556549491,1000,0,max_steps,4.0128309832336555,1.1405603800012614,astar,False,0,355276,0,7132,896,0.6357159449999017,0,0.0,0.053826604000278166,0,5,5,A,7467,0.4,False,4.684818953999638
0,33.86805879937976,1000,0,max_steps,4.490162858961798,0.6538840080011141,astar,False,0,274331,0,9524,1224,0.6192135469991626,0,0.0,0.03424898000048415,0,5,5,A,7468,0.4375,False,2.27619464500458
0,32.68431099182848,1000,0,max_steps,5.0734911550134765,0.9998691729997518,astar,False,0,424706,0,4353,551,0.9683002609999676,0,0.0,0.031378645999211585,0,6,6,A,7469,0.575,False,3.6644504819978465
0,32.772284437394234,1000,0,max_steps,6.176189156753536,1.2810612879984546,astar,False,0,352072,0,5539,720,0.3323843340003805,0,0.0,0.029160412999772234,0,6,6,A,7470,0.4625,False,3.4782538149975153
0,33.397220707791405,1000,0,max_steps,6.487704717386571,0.665070665998428,astar,False,0,295391,0,4538,592,0.2544532440006151,0,0.0,0.02534189499965578,0,6,6,A,7471,0.4625,False,2.4518727760005277
0,33.27993478256357,1000,0,max_steps,5.515461222780918,0.8989350390002073,astar,False,0,258593,0,12170,1571,0.148688356999628,0,0.0,0.031497290001425426,0,5,5,A,7472,0.4125,False,3.023815557002308
0,33.052895212910165,1000,0,max_steps,6.083610153519043,1.4483237089989416,astar,False,0,411988,0,17429,2236,0.48797414299951924,0,0.0,0.0698285210000904,0,5,5,A,7473,0.4875,False,4.072442787999535
0,32.66423226391982,1000,0,max_steps,6.692463111590527,1.0344156090013712,astar,False,0,401709,0,33326,4246,0.44115843899999163,0,0.0,0.09286222599985194,0,5,5,A,7474,0.5375,False,3.6168603770020127
0,34.263451709614756,1000,0,max_steps,3.3941585849809646,1.1431002660010563,astar,False,0,250328,0,8257,1041,0.5545011549984338,0,0.0,0.026109829001143225,0,4,4,A,7475,0.3875,False,3.1081587040007435
0,32.463434789427474,1000,0,max_steps,9.133266803285668,1.7426577690002887,astar,False,0,392211,0,181158,22742,0.4167586330004269,0,0.0,0.3461535749993345,0,5,5,A,7476,0.4375,False,4.065455738998935
0,32.63224403338842,1000,0,max_steps,9.193017051001263,1.0755376060005801,astar,False,0,355881,0,184734,23113,0.20171018600012758,0,0.0,0.33440670699928887,0,6,6,A,7477,0.425,False,3.4341897259982943
0,31.87230523812355,1000,0,max_steps,10.120539140777034,1.3945607770001516,astar,False,0,394349,0,333151,41676,0.19363929000064672,0,0.0,0.5086989689989423,0,5,5,A,7478,0.4375,False,3.5030374159996427
0,33.05847128489172,1000,0,max_steps,5.9397232679645935,1.15660894299981,astar,False,0,333532,0,8513,1088,0.30809886699898925,0,0.0,0.03375545100061572,0,6,6,A,7479,0.525,False,2.886979742999756
0,33.636562300626316,1000,0,max_steps,4.1542523394709665,1.302656271998785,astar,False,0,349467,0,5995,778,0.22941018699930282,0,0.0,0.03029988199887157,0,6,6,A,7480,0.45,False,4.475514111998564
0,32.442733759203854,1000,0,max_steps,10.46770330588329,2.363995674999387,astar,False,0,307730,0,49655,6219,0.46237956900040444,0,0.0,0.10688699399906909,0,5,5,A,7481,0.4375,False,4.466609523000443
0,33.596108057114726,1000,0,max_steps,10.625749973531276,1.8410104340000544,astar,False,0,269610,0,471756,59237,0.8232460309991438,0,0.0,0.7349712289997115,0,3,3,A,7482,0.55,False,3.5124266860002535
0,34.09563281827531,1000,0,max_steps,3.97747564417433,0.9600685149998753,astar,False,0,318408,0,11283,1454,0.6347684960001061,0,0.0,0.0581474230002641,0,4,4,A,7483,0.4125,False,2.350883082999644
0,31.047938339241625,1000,0,max_steps,11.528619279861745,1.0293382199997723,astar,False,0,399463,0,16145,2073,0.5960068809999939,0,0.0,0.046107849999316386,0,7,7,A,7484,0.4125,False,5.5518650760022865
0,32.12466809716994,1000,0,max_steps,7.921982864157178,0.7295366899998044,astar,False,0,437163,0,9166,1190,0.3070032720006566,0,0.0,0.06341264000002411,0,8,8,A,7485,0.4875,False,4.2744665070022165
0,33.231932535278474,1000,0,max_steps,4.5608729975740365,1.0967221179998887,astar,False,0,438954,0,8293,1053,0.9638917769989348,0,0.0,0.037855283999306266,0,5,5,A,7486,0.525,False,3.7659276260001207
0,31.067459857211443,1000,0,max_steps,9.419477825230016,1.358801227001095,astar,False,0,314530,0,72420,9060,0.13789279199954763,0,0.0,0.13721261600039725,0,5,5,A,7487,0.3625,False,3.884140299001956
0,33.555898141883894,1000,0,max_steps,4.5078057300642405,1.0462900710008398,astar,False,0,339559,0,6623,831,0.7401591150010063,0,0.0,0.05299209999975574,0,4,4,A,7488,0.3625,False,3.2643161510004575
0,33.153277553452924,1000,0,max_steps,5.391689206547425,1.581151268001122,astar,False,0,381820,0,6432,842,1.54831538200051,0,0.0,0.03253520100042806,0,3,3,A,7489,0.4125,False,3.2714403829995717
0,32.60310830824623,1000,0,max_steps,8.361986157606335,1.0389639550012362,astar,False,0,378191,0,340056,42685,0.3189075540012709,0,0.0,0.5064217600011034,0,5,5,A,7490,0.4,False,4.05025258400201
0,32.550931049426936,1000,0,max_steps,6.2402173439712785,1.3499413990011817,astar,False,0,382333,0,6837,874,0.6668051260003267,0,0.0,0.033053789999030414,0,5,5,A,7491,0.55,False,2.494343851998565
0,32.542269786846745,1000,0,max_steps,8.273168226260116,1.2438265969994973,astar,False,0,385453,0,281037,35241,0.37733053299962194,0,0.0,0.4227307130004192,0,5,5,A,7492,0.5375,False,4.987386005001099
0,34.830993446233784,1000,0,max_steps,2.90565182016015,0.646442612998726,astar,False,0,170981,0,46267,5803,0.3673052659996756,0,0.0,0.08918501399966772,0,4,4,A,7493,0.4625,False,2.042130225998335
0,33.88058151792543,1000,0,max_steps,4.649227086301547,1.1301439340004436,astar,False,0,305425,0,4642,602,0.5933057259990164,0,0.0,0.04767451499901654,0,4,4,A,7494,0.4875,False,3.3669850320020487
0,32.47188536327381,1000,0,max_steps,4.826133286597045,1.061476113000026,astar,False,0,417286,0,8757,1109,0.4154477379997843,0,0.0,0.036466520999965724,0,5,5,A,7495,0.5875,False,3.5442831840009603
0,32.71574138497444,1000,0,max_steps,6.487801052745065,0.9869418800008134,astar,False,0,273713,0,20233,2589,0.3031904029994621,0,0.0,0.046541488998627756,0,5,5,A,7496,0.4125,False,3.109903844002474
0,33.88249871436252,1000,0,max_steps,6.19649598563575,1.7515301759995054,astar,False,0,343368,0,96683,12158,0.842721248000089,0,0.0,0.17106428500119364,0,4,4,A,7497,0.5125,False,4.194641142999899
0,32.42247223475351,1000,0,max_steps,12.064423421780253,0.9976444599997194,astar,False,0,336285,0,284326,35857,0.5808353890006401,0,0.0,0.40963295199981076,0,6,6,A,7498,0.3875,False,3.2218709850021696
0,33.385167889061904,1000,0,max_steps,5.801535357127453,0.7741027739994024,astar,False,0,287324,0,10667,1384,0.17303026300032798,0,0.0,0.015245505999700981,0,5,5,A,7499,0.35,False,2.723462705998827
0,34.765890447765116,1000,0,max_steps,3.6592775926403815,1.0300416469999618,astar,False,0,383628,0,4885,628,0.3068842129996483,0,0.0,0.030278842999905464,0,5,5,B,5000,0.43333333333333335,False,3.1714722759988945
0,33.32783343946552,1000,0,max_steps,5.002780476894821,1.1459236640002928,astar,False,0,381697,0,4656,599,0.36824319799961813,0,0.0,0.033824688998720376,0,6,6,B,5001,0.5083333333333333,False,3.881259126997975
0,32.63125216494591,1000,0,max_steps,6.199924394700306,1.05879159199867,astar,False,0,363880,0,226832,28456,0.658601904000534,0,0.0,0.39162577299975965,0,6,6,B,5002,0.4583333333333333,False,3.1893486049993953
0,32.07514374979791,1000,0,max_steps,8.931702665225705,1.204741183000806,astar,False,0,344223,0,18514,2366,0.5011387419999664,0,0.0,0.0690758939999796,0,5,5,B,5003,0.45,False,3.195298160000675
0,33.13001412618983,1000,0,max_steps,6.134151326793297,0.7340346999990288,astar,False,0,337731,0,5025,654,0.18756376200144587,0,0.0,0.028527725999083486,0,7,7,B,5004,0.4,False,3.0636946740014537
0,33.09245889965665,1000,0,max_steps,6.38163870020859,1.0227287490015442,astar,False,0,379274,0,5599,727,0.3330845370001043,0,0.0,0.030255982999733533,0,6,6,B,5005,0.49166666666666664,False,3.6288504989988724
0,31.87621412861843,1000,0,max_steps,6.793402130008199,1.1074576449991582,astar,False,0,370977,0,26776,3428,0.28691005099972244,0,0.0,0.08287547200052359,0,7,7,B,5006,0.475,False,3.9381332369994198
0,32.3109692155416,1000,0,max_steps,9.513362313083634,1.283834249001302,astar,False,0,442809,0,6342,798,0.30097570399993856,0,0.0,0.03676524000002246,0,7,7,B,5007,0.425,False,6.275544662003085
0,33.28636050996112,1000,0,max_steps,5.476227031451489,0.9232936930002325,astar,False,0,433096,0,33970,4321,0.784347341999819,0,0.0,0.09999164500004554,0,5,5,B,5008,0.425,False,4.064303930999813
0,32.87323444225905,1000,0,max_steps,8.538314382827558,1.3666215390003345,astar,False,0,401042,0,5461,701,0.2652968329985015,0,0.0,0.03312662800090038,0,5,5,B,5009,0.475,False,4.804912877998504
0,34.36883401380876,1000,0,max_steps,4.3663843738269295,0.6087707829992723,astar,False,0,219672,0,6348,818,0.1890587139987474,0,0.0,0.03403229099967575,0,5,5,B,5010,0.35,False,2.3079683750002005
0,32.47473947625848,1000,0,max_steps,9.086339334407448,1.965268844000093,astar,False,0,344399,0,7360,930,0.34468205200028024,0,0.0,0.03233148700019228,0,6,6,B,5011,0.45,False,4.259506998998404
0,31.150076970719738,1000,0,max_steps,7.096764227449013,1.7806930040005682,astar,False,0,387728,0,3690,469,0.2729535919988848,0,0.0,0.029636860999744385,0,6,6,B,5012,0.49166666666666664,False,4.4444653219998145
0,33.01158155525454,1000,0,max_steps,6.187411615530356,0.8491723179995461,astar,False,0,310682,0,12181,1536,0.3934084369993798,0,0.0,0.0567992989999766,0,6,6,B,5013,0.425,False,2.22394040799918
0,33.229060920344104,1000,0,max_steps,7.006537126141557,1.1798670610005502,astar,False,0,389432,0,357587,44853,0.6354572260006535,0,0.0,0.5221770469997864,0,4,4,B,5014,0.44166666666666665,False,3.1326628170008917
0,34.154651430847245,1000,0,max_steps,5.208076660342087,1.158084257000155,astar,False,0,360377,0,3743,470,0.2730473270003131,0,0.0,0.005845353000040632,0,5,5,B,5015,0.35833333333333334,False,2.7482980210024834
0,32.66845023629236,1000,0,max_steps,6.534165019342562,0.807143846001054,astar,False,0,279586,0,38698,4886,0.32255897100003494,0,0.0,0.0858528179996938,0,5,5,B,5016,0.4083333333333333,False,2.9502912380030466
0,32.7397359145561,1000,0,max_steps,7.416640917558296,1.1595387349989323,astar,False,0,455289,0,39095,4960,0.22562550700058637,0,0.0,0.10408317599831207,0,7,7,B,5017,0.55,False,5.500458429998616
0,34.19351430207081,1000,0,max_steps,4.04818632229298,1.0166907570001058,astar,False,0,394044,0,3072,394,0.9862876930001221,0,0.0,0.030274085000201012,0,3,3,B,5018,0.375,False,2.026992343000529
0,33.41481135612989,1000,0,max_steps,5.657102836258147,1.269349461001184,astar,False,0,340148,0,4235,550,0.17878328199913085,0,0.0,0.04961514099886699,0,6,6,B,5019,0.49166666666666664,False,5.23348556900055
0,33.52987029996169,1000,0,max_steps,5.821431310253517,0.8173214580001513,astar,False,0,307999,0,21804,2784,0.27822345799904724,0,0.0,0.06784584199886012,0,6,6,B,5020,0.38333333333333336,False,3.0249062769999
0,32.17587666922375,1000,0,max_steps,9.587182198122656,1.440830174000439,astar,False,0,409660,0,11209,1454,0.3337792639995314,0,0.0,0.06355118100145773,0,6,6,B,5021,0.5166666666666667,False,3.2089423180004815
0,31.769511087112136,1000,0,max_steps,8.404704783631605,1.4998372120007843,astar,False,0,421117,0,161894,20424,0.7053675129991461,0,0.0,0.25989824600037537,0,6,6,B,5022,0.4583333333333333,False,5.625220979000005
0,32.648827044677155,1000,0,max_steps,5.7807060554918355,0.8972798850008985,astar,False,0,303187,0,11119,1430,0.33219928499966045,0,0.0,0.03637471100046241,0,6,6,B,5023,0.44166666666666665,False,3.4771962980030366
0,32.96695441193517,1000,0,max_steps,7.160154502522971,1.5053628719997505,astar,False,0,313750,0,102541,12820,0.700161429000218,0,0.0,0.20512637899992114,0,4,4,B,5024,0.43333333333333335,False,4.060544928999661
0,33.555102900497886,1000,0,max_steps,3.6173626442478772,1.2567010029997618,astar,False,0,435762,0,180878,22750,0.9517764969987184,0,0.0,0.2999606949997542,0,4,4,B,5025,0.475,False,3.2524704590014153
0,33.23789721670368,1000,0,max_steps,5.905638195826086,0.847347171000365,astar,False,0,260094,0,4910,636,0.10095179199925042,0,0.0,0.02059523499883653,0,6,6,B,5026,0.375,False,3.2007662799987884
0,33.195086179334815,1000,0,max_steps,7.212510831880946,0.8915650449998793,astar,False,0,226726,0,133103,16783,0.6339429969993944,0,0.0,0.19659200599926407,0,4,4,B,5027,0.44166666666666665,False,2.515713111999503
0,33.467529999524885,1000,0,max_steps,6.676661778164292,1.0045062760000292,astar,False,0,415926,0,299842,37818,0.5517381480003678,0,0.0,0.4422894119998091,0,6,6,B,5028,0.35833333333333334,False,3.218126323001343
0,32.73093579917813,1000,0,max_steps,9.758473881709167,1.4334636510011478,astar,False,0,408118,0,7641,983,0.32873138200011454,0,0.0,0.011054245000195806,0,7,7,B,5029,0.4583333333333333,False,4.529640210001162
0,34.11630715436089,1000,0,max_steps,5.025715123243655,0.5337234350008657,astar,False,0,221369,0,53033,6654,0.09889829100029601,0,0.0,0.10282275799909257,0,6,6,B,5030,0.44166666666666665,False,2.000859257999764
0,33.329228836278205,1000,0,max_steps,4.649227086301547,1.53588460300125,astar,False,0,364950,0,9086,1171,0.3709580230006395,0,0.0,0.05654757400043309,0,6,6,B,5031,0.36666666666666664,False,4.774269578001622
0,33.22613167519405,1000,0,max_steps,5.339387839443767,0.8419332819994452,astar,False,0,300365,0,14707,1896,0.23529055699873425,0,0.0,0.05867498100087687,0,6,6,B,5032,0.45,False,2.7333217949963
0,32.29109389102858,1000,0,max_steps,7.0298693088847655,0.8714291859996592,astar,False,0,311645,0,102182,12882,0.4584598429992184,0,0.0,0.17411916699893482,0,6,6,B,5033,0.45,False,3.385088511999129
0,33.82019987005537,1000,0,max_steps,5.268212457750731,1.0880857150004886,astar,False,0,414979,0,12877,1656,0.3511258099988481,0,0.0,0.04138944800070021,0,5,5,B,5034,0.4583333333333333,False,3.041461472001174
0,32.39111339007297,1000,0,max_steps,6.367716427417287,1.2257842240014725,astar,False,0,332614,0,262576,32902,0.808098492998397,0,0.0,0.40793152500009455,0,5,5,B,5035,0.5,False,3.4281480930039834
0,31.870813987777467,1000,0,max_steps,7.5337781026520805,1.3027113040006952,astar,False,0,504381,0,14224,1808,0.8595529800004442,0,0.0,0.046343327001522994,0,7,7,B,5036,0.525,False,5.378647059997093
0,31.496676876595835,1000,0,max_steps,8.697431373687289,1.2812010830002691,astar,False,0,442960,0,10477,1327,0.2980259189989738,0,0.0,0.03997778600023594,0,7,7,B,5037,0.45,False,5.661257424000723
0,31.502948557024695,1000,0,max_steps,6.204862004911953,1.1975343030007934,astar,False,0,478887,0,12074,1557,0.3307199299997592,0,0.0,0.04422339899974759,0,5,5,B,5038,0.4083333333333333,False,3.255175975999009
0,33.63588848511116,1000,0,max_steps,6.063543724588781,1.1077122289989347,astar,False,0,334212,0,3267,427,0.18943346599917277,0,0.0,0.025699525000163703,0,7,7,B,5039,0.475,False,3.8168617859973892
0,33.076078422209676,1000,0,max_steps,8.179031880363345,1.8544887520001794,astar,False,0,305481,0,10815,1403,0.2960604969994165,0,0.0,0.0353451020000648,0,6,6,B,5040,0.44166666666666665,False,4.933253672998035
0,33.12481772617281,1000,0,max_steps,6.876613447039171,0.9428717959999631,astar,False,0,454187,0,6766,868,0.39790669699868886,0,0.0,0.03472564399999101,0,8,8,B,5041,0.4083333333333333,False,3.8904352099998505
0,31.037148396074283,1000,0,max_steps,10.297891167612908,1.6428318660000514,astar,False,0,342931,0,105935,13292,0.3333525189991633,0,0.0,0.19659725499877823,0,6,6,B,5042,0.43333333333333335,False,6.31803497600049
0,30.84062435389795,1000,0,max_steps,10.861816721893257,1.0951172499990207,astar,False,0,371120,0,173276,21774,0.4808346999998321,0,0.0,0.2738435369992658,0,7,7,B,5043,0.4166666666666667,False,4.935014515998773
0,33.75247165413069,1000,0,max_steps,6.8214047306987995,1.1749135959998966,astar,False,0,256887,0,72527,9180,0.44508502000098815,0,0.0,0.1263515249993361,0,5,5,B,5044,0.43333333333333335,False,4.239152374999321
0,33.64173872280802,1000,0,max_steps,5.5331105627847315,0.7426955070004624,astar,False,0,320483,0,3110,406,0.29065866800010554,0,0.0,0.0287780210001074,0,6,6,B,5045,0.425,False,2.523373227997581
0,33.51973188480922,1000,0,max_steps,5.42704454560675,0.9611562469999626,astar,False,0,367263,0,3245,415,0.2595024820002436,0,0.0,0.02729827000075602,0,6,6,B,5046,0.4,False,3.386297717999696
0,32.46367557828778,1000,0,max_steps,6.7175376813234156,1.2723759339987737,astar,False,0,334510,0,10759,1388,0.3899313739984791,0,0.0,0.036700196000310825,0,5,5,B,5047,0.43333333333333335,False,3.978197710997847
0,31.690210064551486,1000,0,max_steps,8.128210904005874,1.3534089439999661,astar,False,0,380060,0,7846,1022,0.41893903799973486,0,0.0,0.035344531999726314,0,6,6,B,5048,0.43333333333333335,False,4.585922248001225
0,32.78204446325788,1000,0,max_steps,8.007984296937648,1.4963972610003111,astar,False,0,379246,0,4658,609,0.3140774039984535,0,0.0,0.02990525799941679,0,5,5,B,5049,0.5,False,2.873456121002164
0,33.795520968277565,1000,0,max_steps,4.217560017356006,0.5866803829994751,astar,False,0,181927,0,254734,31931,0.20333899000070232,0,0.0,0.374608502999763,0,5,5,B,5050,0.425,False,2.162166770996919
0,33.24181454950147,1000,0,max_steps,6.452349378327246,1.3001300999985688,astar,False,0,335222,0,7484,954,0.2547661370008427,0,0.0,0.0360058559999743,0,5,5,B,5051,0.4666666666666667,False,2.6725676259993634
0,33.26796580361636,1000,0,max_steps,5.6392874106574835,1.8603155550008523,astar,False,0,429082,0,12689,1613,0.6103728689995478,0,0.0,0.0415578270003607,0,6,6,B,5052,0.475,False,5.91506124100124
0,34.31731812623767,1000,0,max_steps,4.775359934078267,1.1729640490011661,astar,False,0,295635,0,199297,25133,0.8656836439986364,0,0.0,0.3008233199998358,0,3,3,B,5053,0.4,False,2.3957785830007197
0,32.7605780416223,1000,0,max_steps,6.15307341903215,1.4009813930006203,astar,False,0,442277,0,6039,784,0.20356963199992606,0,0.0,0.03411957499884011,0,8,8,B,5054,0.49166666666666664,False,5.594454751999365
0,32.44211552138929,1000,0,max_steps,6.204862004911953,0.9518640480000613,astar,False,0,339643,0,5456,704,0.30675220800003444,0,0.0,0.029452087999743526,0,7,7,B,5055,0.45,False,3.5495803190005972
0,33.20214921053982,1000,0,max_steps,6.081144012437132,0.9942145650002203,astar,False,0,368434,0,2774,361,0.20089837700106727,0,0.0,0.027493015999425552,0,6,6,B,5056,0.375,False,3.282250981999823
0,32.90406838682521,1000,0,max_steps,7.654430906344374,0.8748700669984828,astar,False,0,424544,0,3168,408,0.2084806020011456,0,0.0,0.030868517000271822,0,7,7,B,5057,0.48333333333333334,False,3.8502027749982517
0,32.37185081408037,1000,0,max_steps,6.979546009591165,0.9617616590003308,astar,False,0,474392,0,97652,12316,0.5333120039995265,0,0.0,0.18229586399866093,0,7,7,B,5058,0.5,False,4.063626442000896
0,33.7383713004486,1000,0,max_steps,3.1996581848691266,1.054552669998884,astar,False,0,370447,0,3696,476,0.36537791400041897,0,0.0,0.028166256999611505,0,6,6,B,5059,0.4166666666666667,False,4.625087586999143
0,33.8105933241009,1000,0,max_steps,6.010433636602269,1.4973726129992428,astar,False,0,464458,0,2852,370,0.1635987629997544,0,0.0,0.0308817650002311,0,7,7,B,5060,0.5166666666666667,False,4.0636583369978325
0,33.84801860588531,1000,0,max_steps,3.6946329316997066,1.1777258389993221,astar,False,0,316838,0,3806,491,0.3637292540006456,0,0.0,0.02608322699961718,0,5,5,B,5061,0.45,False,4.335787340996831
0,34.34533469987887,1000,0,max_steps,2.315774708385942,0.6521786160010379,astar,False,0,272578,0,4175,545,0.1439159000001382,0,0.0,0.0062145159990905086,0,5,5,B,5062,0.4083333333333333,False,1.6669385070017597
0,33.115927799763035,1000,0,max_steps,5.967856608532076,1.2506577689982805,astar,False,0,403918,0,5505,715,0.23006223000083992,0,0.0,0.03262201100005768,0,6,6,B,5063,0.43333333333333335,False,4.543095675000586
0,33.589328676186256,1000,0,max_steps,5.51104005610556,1.6549297370002023,astar,False,0,336294,0,4292,564,0.5532068499996967,0,0.0,0.028048741000020527,0,5,5,B,5064,0.4083333333333333,False,4.6421810849988105
0,34.13105372200874,1000,0,max_steps,3.0935921676911455,0.9389357520012709,astar,False,0,266111,0,2765,349,0.3155497040006594,0,0.0,0.023158739999416866,0,5,5,B,5065,0.425,False,3.1088067430027877
0,33.16809685909674,1000,0,max_steps,7.490598273836341,1.5233864820002054,astar,False,0,354868,0,280744,35138,0.2050348729990219,0,0.0,0.4253290329997981,0,4,4,B,5066,0.4083333333333333,False,3.0883340379987203
0,31.81090171535457,1000,0,max_steps,6.342539909216178,1.486873021000065,astar,False,0,403474,0,114804,14384,0.7640209830005915,0,0.0,0.2051548469989939,0,5,5,B,5067,0.45,False,3.586121885004104
0,33.41893986047753,1000,0,max_steps,6.272584196326103,1.0084968259998277,astar,False,0,482431,0,3723,477,0.39927326899851323,0,0.0,0.03153120200113335,0,6,6,B,5068,0.48333333333333334,False,4.13505222799904
0,33.311581282208316,1000,0,max_steps,5.9397232679645935,0.8967249010001979,astar,False,0,388189,0,6243,789,0.4719571380010166,0,0.0,0.055466592999437125,0,6,6,B,5069,0.375,False,4.182126147001327
0,31.231858027457477,1000,0,max_steps,12.1421914208268,1.2466833540001971,astar,False,0,413913,0,285100,35895,0.5162805420004588,0,0.0,0.43013232399971457,0,8,8,B,5070,0.475,False,6.547381144004248
0,31.56184076930624,1000,0,max_steps,9.139355146836126,1.5970999720011605,astar,False,0,386691,0,9112,1172,0.8886925749993679,0,0.0,0.03646884400041017,0,6,6,B,5071,0.4583333333333333,False,5.354864500000986
0,31.679737581579708,1000,0,max_steps,7.693767770085081,1.8923764680002932,astar,False,0,375477,0,10088,1300,0.2880249720001302,0,0.0,0.05830337699990196,0,7,7,B,5072,0.4666666666666667,False,4.657317551000233
0,32.05817740173062,1000,0,max_steps,11.762400371522812,1.108844145999683,astar,False,0,399568,0,6826,893,0.7526732770002127,0,0.0,0.05811581399939314,0,6,6,B,5073,0.48333333333333334,False,3.695838781997736
0,33.25802273185757,1000,0,max_steps,4.406706536632543,0.8170904260005045,astar,False,0,274482,0,79870,10075,0.40972965699984343,0,0.0,0.14609562899931916,0,5,5,B,5074,0.4166666666666667,False,2.8273599190015375
0,31.798536657025263,1000,0,max_steps,8.276113973357301,1.1148588279993419,astar,False,0,318913,0,58874,7438,0.43830923099994834,0,0.0,0.1198549170003389,0,7,7,B,5075,0.4,False,4.384529582997857
0,33.22576752288664,1000,0,max_steps,3.800698948877693,1.1747321669990924,astar,False,0,412772,0,3465,447,0.37317834599889466,0,0.0,0.028728479001074447,0,7,7,B,5076,0.4666666666666667,False,3.6050703409982816
0,32.79453468603538,1000,0,max_steps,6.462221947596661,1.6723273170009634,astar,False,0,287974,0,337118,42281,0.7056614709999849,0,0.0,0.49767485200027295,0,4,4,B,5077,0.2833333333333333,False,4.819935348998115
0,31.223793176171164,1000,0,max_steps,9.835792418509044,2.083532443999502,astar,False,0,369855,0,27361,3506,0.12504850799996348,0,0.0,0.06162100399888004,0,6,6,B,5078,0.425,False,5.331330400998922
0,34.66189460553285,1000,0,max_steps,2.2628107521399103,0.8137175690008007,astar,False,0,286228,0,16322,2086,0.514813679999861,0,0.0,0.061856311000155983,0,5,5,B,5079,0.45,False,2.0025895689996105
0,32.10322639787945,1000,0,max_steps,8.449944526445126,0.7017026119992806,astar,False,0,399236,0,3229,414,0.2832914629998413,0,0.0,0.028916590999870095,0,7,7,B,5080,0.45,False,3.2537736119993497
0,32.93381289932362,1000,0,max_steps,5.271533220989883,0.9861673350005731,astar,False,0,338301,0,14604,1856,0.4363840910009458,0,0.0,0.04286638099983975,0,5,5,B,5081,0.425,False,2.946657265001704
0,33.81438418635324,1000,0,max_steps,4.193633567683279,1.1117024309987755,astar,False,0,292780,0,53060,6714,1.0012512950015662,0,0.0,0.10924949899890635,0,4,4,B,5082,0.4166666666666667,False,2.820812380999996
0,32.61548271569772,1000,0,max_steps,8.931212823575528,1.3105831509983545,astar,False,0,412578,0,293541,36813,0.5469707970005402,0,0.0,0.4587797350013716,0,4,4,B,5083,0.43333333333333335,False,4.193835046997265
0,31.925221668482465,1000,0,max_steps,7.292911798451971,1.0408244320005906,astar,False,0,376086,0,4084,522,0.26019470899882435,0,0.0,0.05095995000010589,0,7,7,B,5084,0.525,False,4.662878231001741
0,32.874365035792245,1000,0,max_steps,7.165040997789194,0.5536384939987329,astar,False,0,318507,0,16154,2095,0.47392437899907236,0,0.0,0.04244755899890151,0,7,7,B,5085,0.4666666666666667,False,2.7248854089993984
0,32.568765382417936,1000,0,max_steps,7.371672978367934,0.8536312239994004,astar,False,0,417105,0,12436,1603,0.38453272200058564,0,0.0,0.06967669000005117,0,7,7,B,5086,0.475,False,3.782857063000847
0,32.611689901297645,1000,0,max_steps,8.299943523904243,1.3729064910003217,astar,False,0,384665,0,3811,488,0.2967593260000285,0,0.0,0.028463108999858378,0,6,6,B,5087,0.425,False,4.97164519800026
0,32.81770469810729,1000,0,max_steps,8.18483735330153,1.3773253760009538,astar,False,0,294628,0,8973,1156,0.2518016699996224,0,0.0,0.03212317700126732,0,6,6,B,5088,0.36666666666666664,False,4.447760217000905
0,34.20124576481354,1000,0,max_steps,4.47245039100491,1.0400626410009863,astar,False,0,342662,0,6346,800,0.21324257199921703,0,0.0,0.03018409300057101,0,5,5,B,5089,0.375,False,2.2602978980012267
0,34.3786886560905,1000,0,max_steps,4.5785164081828915,0.8171769020009378,astar,False,0,282372,0,2511,335,0.1604938589989615,0,0.0,0.0041752760007511824,0,4,4,B,5090,0.4,False,2.0116986869979883
0,32.59516461723899,1000,0,max_steps,7.194811498573119,1.362910792000548,astar,False,0,357912,0,6770,867,0.4475805860001856,0,0.0,0.05650749300002644,0,5,5,B,5091,0.44166666666666665,False,3.7866710360012803
0,32.34230753449885,1000,0,max_steps,8.998003250721794,1.3939241689986375,astar,False,0,428915,0,6165,781,0.18020941500071785,0,0.0,0.03351557300084096,0,7,7,B,5092,0.45,False,4.5693708439976035
0,33.51226205598811,1000,0,max_steps,5.732173453411889,1.3058486959998845,astar,False,0,338686,0,4215,545,0.35047003500039864,0,0.0,0.026328955000280985,0,5,5,B,5093,0.44166666666666665,False,3.580739763998281
0,32.69303763536143,1000,0,max_steps,6.310928022089935,1.032951006998701,astar,False,0,221287,0,7314,923,0.46477443399999174,0,0.0,0.024013230999116786,0,3,3,B,5094,0.4166666666666667,False,2.4500709129988536
0,34.06711967054503,1000,0,max_steps,3.8184175387194093,1.2252037920006842,astar,False,0,377063,0,6390,814,0.4302695340011269,0,0.0,0.03192574600143416,0,5,5,B,5095,0.35,False,3.91809021300287
0,33.62166066855794,1000,0,max_steps,3.128947506750471,1.3757606279996253,astar,False,0,401852,0,3132,405,0.3231765289983741,0,0.0,0.027489792999404017,0,6,6,B,5096,0.43333333333333335,False,3.9959949029998825
0,34.39692910712224,1000,0,max_steps,2.245064030267286,1.0268251220004458,astar,False,0,350307,0,6272,811,0.44860805700045603,0,0.0,0.03116185600083554,0,5,5,B,5097,0.4166666666666667,False,2.804927741000938
0,33.55869919463789,1000,0,max_steps,3.800698948877693,1.24098693400083,astar,False,0,415138,0,11705,1528,0.37166695699852426,0,0.0,0.04032918399934715,0,5,5,B,5098,0.45,False,3.315022090999264
0,32.63655281816494,1000,0,max_steps,6.6998367517425335,1.605286989999513,astar,False,0,368404,0,2676,348,0.19237464199977694,0,0.0,0.028499075000581797,0,9,9,B,5099,0.48333333333333334,False,5.927642709999418
0,32.21431935889395,1000,0,max_steps,7.672128941825728,1.5798092139993969,astar,False,0,421402,0,16232,2110,0.715023607999683,0,0.0,0.04728534000059881,0,7,7,B,5100,0.525,False,5.01173167199704
0,32.969164200832104,1000,0,max_steps,7.370146708173453,1.4876356320000923,astar,False,0,409320,0,277974,34815,0.26373028099988005,0,0.0,0.4288096720010799,0,5,5,B,5101,0.475,False,4.52892807399985
0,33.03951803545113,1000,0,max_steps,7.398585168800855,1.2418994950003253,astar,False,0,285095,0,325870,41016,0.7529603130005853,0,0.0,0.4713488680008595,0,6,6,B,5102,0.38333333333333336,False,4.635350729999118
0,32.697769333840846,1000,0,max_steps,6.649647547050895,0.9285233150003478,astar,False,0,299778,0,15475,1973,0.1875274529993476,0,0.0,0.06257306900079129,0,7,7,B,5103,0.425,False,4.034712549000687
0,33.46815657707763,1000,0,max_steps,3.749708321989856,1.0350057910000032,astar,False,0,379779,0,15508,1975,0.8197484680003981,0,0.0,0.06721782199929294,0,6,6,B,5104,0.4166666666666667,False,4.428415258000314
0,32.74446960374188,1000,0,max_steps,6.198714584492496,1.1537998889998562,astar,False,0,377953,0,10496,1353,0.19701959200028796,0,0.0,0.015802514000824885,0,7,7,B,5105,0.5083333333333333,False,5.246696044998316
0,32.80031110210647,1000,0,max_steps,6.861782749402663,1.141131160000441,astar,False,0,486609,0,7938,1042,0.2055190160008351,0,0.0,0.04550407800161338,0,7,7,B,5106,0.48333333333333334,False,5.310583230000702
0,33.22488622402582,1000,0,max_steps,5.374738365725346,0.8823144689995388,astar,False,0,416563,0,3240,425,0.18536721599957673,0,0.0,0.005080774999441928,0,7,7,B,5107,0.4666666666666667,False,3.2873501180001767
0,33.486121041305275,1000,0,max_steps,7.599856084163698,1.2460227820010914,astar,False,0,246724,0,246139,31112,0.8738795869994647,0,0.0,0.3644330760016601,0,5,5,B,5108,0.31666666666666665,False,3.8569363030001114
0,32.17251689803788,1000,0,max_steps,7.486592182027814,1.6861218939993705,astar,False,0,381899,0,8843,1130,0.3691243100001884,0,0.0,0.05673937999927148,0,5,5,B,5109,0.4,False,5.760613801998261
0,31.884961517862735,1000,0,max_steps,6.646827250651245,1.272581084000194,astar,False,0,442611,0,5083,640,0.29309684399959224,0,0.0,0.033338322000417975,0,6,6,B,5110,0.44166666666666665,False,4.30620751099741
0,33.44393953270798,1000,0,max_steps,5.895257627958255,1.167804138000065,astar,False,0,420283,0,16754,2165,0.28546010199897864,0,0.0,0.04654447299981257,0,7,7,B,5111,0.4666666666666667,False,5.59974755300027
0,33.11644094769257,1000,0,max_steps,5.409395761080898,0.936272065000594,astar,False,0,386568,0,6590,853,0.18395699000029708,0,0.0,0.032051317000878043,0,8,8,B,5112,0.4166666666666667,False,3.9028955480007426
0,32.51304279885042,1000,0,max_steps,10.286596254349638,1.6003136050003377,astar,False,0,343004,0,107321,13446,0.20532618499964883,0,0.0,0.1858897269994486,0,6,6,B,5113,0.5166666666666667,False,4.05081860899918
0,33.69791634009733,1000,0,max_steps,5.8141261166232,0.9457365600010235,astar,False,0,228725,0,55985,7160,0.7675495650000812,0,0.0,0.09703624299982039,0,4,4,B,5114,0.35833333333333334,False,2.373176063001665
0,33.39824197931931,1000,0,max_steps,3.729988270759037,1.2498411270007637,astar,False,0,461110,0,7307,945,0.23703484300131095,0,0.0,0.036092992000703816,0,6,6,B,5115,0.5,False,3.505337292001059
0,33.09513079437481,1000,0,max_steps,5.986573519134294,0.727465451000171,astar,False,0,381835,0,8981,1162,0.3358946250009467,0,0.0,0.03522234800038859,0,7,7,B,5116,0.48333333333333334,False,3.7806666720007343
0,30.943860016936004,1000,0,max_steps,11.742936706803794,1.815762595000706,astar,False,0,463650,0,16356,2052,0.18933534000098007,0,0.0,0.0492570970000088,0,7,7,B,5117,0.55,False,4.316335487003016
0,33.38098916946841,1000,0,max_steps,4.455649503719966,1.208989267999641,astar,False,0,386909,0,22804,2886,0.6205101379982807,0,0.0,0.1317716229987127,0,5,5,B,5118,0.45,False,3.942528184998082
0,34.35311606217109,1000,0,max_steps,4.1188970004116365,1.4419995740008744,astar,False,0,446744,0,2254,298,0.6560345130001224,0,0.0,0.03003505199922074,0,4,4,B,5119,0.44166666666666665,False,3.566529828998682
0,33.67422838142521,1000,0,max_steps,4.278032550133295,0.816744474999723,astar,False,0,276967,0,2565,326,0.12497308599995449,0,0.0,0.004113924000193947,0,6,6,B,5120,0.4666666666666667,False,3.4550913449984364
0,32.35928737927031,1000,0,max_steps,7.371588193869756,0.8269397929998377,astar,False,0,352129,0,6876,883,0.3050389269992593,0,0.0,0.03135141399980057,0,7,7,B,5121,0.4583333333333333,False,3.4384412079998583
0,32.88993227378334,1000,0,max_steps,7.0895389483378946,1.2000400250017265,astar,False,0,392846,0,11364,1460,0.28101448000052187,0,0.0,0.06007181300083175,0,7,7,B,5122,0.4,False,3.5040384820022155
0,33.32229192845225,1000,0,max_steps,3.9421203051149996,0.7922697189987957,astar,False,0,310809,0,3330,432,0.20242408199919737,0,0.0,0.03041589600070438,0,7,7,B,5123,0.5166666666666667,False,2.5812583130009443
0,32.0801853868389,1000,0,max_steps,6.997521882781072,1.1222713740007748,astar,False,0,293418,0,316655,39683,0.6339606020010251,0,0.0,0.47841642200000933,0,6,6,B,5124,0.475,False,4.559726556999522
0,33.07383558116781,1000,0,max_steps,5.455072181007321,0.9696390179997252,astar,False,0,449850,0,22296,2862,0.19794999999976426,0,0.0,0.08274988799894345,0,8,8,B,5125,0.48333333333333334,False,4.940587856997809
0,32.74573021974933,1000,0,max_steps,9.175323563776919,0.7495567869991646,astar,False,0,291606,0,12850,1646,0.333923218999189,0,0.0,0.039482456999394344,0,6,6,B,5126,0.35833333333333334,False,2.6508565149979404
0,33.52634914173707,1000,0,max_steps,5.749157546980251,0.7712728899987269,astar,False,0,470970,0,23107,2996,0.530434377000347,0,0.0,0.08526664999953937,0,6,6,B,5127,0.4666666666666667,False,3.637862881998444
0,33.806405754597336,1000,0,max_steps,3.2894243417351916,0.8237517210000078,astar,False,0,295876,0,78749,9891,0.6767610019996937,0,0.0,0.14470630800133222,0,5,5,B,5128,0.4,False,2.563864867999655
0,31.71970562200852,1000,0,max_steps,6.454673694308642,0.9230773000017507,astar,False,0,377596,0,163119,20488,0.44152494899935846,0,0.0,0.26027899799919396,0,6,6,B,5129,0.4666666666666667,False,3.577009349004584
0,32.60477227262028,1000,0,max_steps,8.403812378914703,1.341902715001197,astar,False,0,351328,0,59791,7480,0.16744520899919735,0,0.0,0.12173876199994993,0,7,7,B,5130,0.4583333333333333,False,5.50685861599959
0,31.279898657316913,1000,0,max_steps,7.725222488705421,1.712926136000533,astar,False,0,413777,0,44505,5638,0.23211274099958246,0,0.0,0.10819285400066292,0,8,8,B,5131,0.49166666666666664,False,6.645988907002902
0,32.9524076085321,1000,0,max_steps,7.524896178685788,1.2509337339997728,astar,False,0,365243,0,39338,4955,0.12398289000157092,0,0.0,0.10061471299923141,0,6,6,B,5132,0.4583333333333333,False,3.0793260959999316
0,33.37452550902878,1000,0,max_steps,4.5116862147095285,1.0530411580002692,astar,False,0,322182,0,89043,11298,0.5923470570014615,0,0.0,0.16009114000007685,0,6,6,B,5133,0.45,False,3.8994119800008775
0,33.29193594832101,1000,0,max_steps,4.7199377644202025,0.9651439720000781,astar,False,0,377535,0,3941,503,0.19583151699953305,0,0.0,0.029342228999666986,0,7,7,B,5134,0.39166666666666666,False,2.937823546997606
0,33.32461496461341,1000,0,max_steps,7.513009550107068,1.2227453070008778,astar,False,0,249135,0,3906,498,0.21707233400047699,0,0.0,0.020347908000985626,0,6,6,B,5135,0.36666666666666664,False,2.901314876995457
0,33.93737039399592,1000,0,max_steps,3.358803730496913,0.9930796989992814,astar,False,0,363477,0,14014,1783,0.9496261949989275,0,0.0,0.04313187700063281,0,6,6,B,5136,0.4583333333333333,False,4.004331486998126
0,32.494617082784494,1000,0,max_steps,5.299911555865813,0.935796900999776,astar,False,0,405321,0,2949,387,0.3874183860007179,0,0.0,0.02799175799918885,0,6,6,B,5137,0.39166666666666666,False,3.2191492809997726
0,33.11455889878886,1000,0,max_steps,4.879068814845717,0.7957608650012844,astar,False,0,460871,0,11200,1450,0.4806219149995741,0,0.0,0.04072976400129846,0,7,7,B,5138,0.5166666666666667,False,3.559041677001005
0,33.24934804368981,1000,0,max_steps,6.452349378327246,0.9317917119988124,astar,False,0,313674,0,20113,2573,0.5136325559997204,0,0.0,0.06786035699951753,0,5,5,B,5139,0.35,False,2.9710544509980537
0,33.599981734127525,1000,0,max_steps,4.932069798776165,1.1680260980010644,astar,False,0,385542,0,3295,426,0.44098689899874444,0,0.0,0.028419770998880267,0,6,6,B,5140,0.4583333333333333,False,3.8101308479999716
0,32.76506666367698,1000,0,max_steps,5.816060737303212,0.8285910920003516,astar,False,0,305632,0,7566,976,0.18605203900006018,0,0.0,0.029628247999426094,0,7,7,B,5141,0.45,False,2.9743602340004145
0,32.836372717062,1000,0,max_steps,5.8336577290752984,0.8480364240003837,astar,False,0,379314,0,17467,2231,0.4326668089997838,0,0.0,0.04594225899927551,0,6,6,B,5142,0.425,False,3.351332756999909
0,31.381930637154355,1000,0,max_steps,8.064292436413746,1.1307361620001757,astar,False,0,435704,0,7092,924,0.18465902200114215,0,0.0,0.010452817999976105,0,6,6,B,5143,0.4583333333333333,False,3.843933173999176
0,33.62725272707735,1000,0,max_steps,4.879068814845717,0.4818012420000741,astar,False,0,314997,0,5598,718,0.2928786960001162,0,0.0,0.02885226599937596,0,7,7,B,5144,0.4583333333333333,False,2.6401676589994167
0,32.73239659276226,1000,0,max_steps,5.922019292437335,1.8471877020001557,astar,False,0,412209,0,5826,737,0.9613925889989332,0,0.0,0.0331971710002108,0,6,6,B,5145,0.44166666666666665,False,5.094258557999638
0,33.31847332574473,1000,0,max_steps,4.8260037815981836,1.2690342080004484,astar,False,0,379653,0,3578,460,0.18314562100022158,0,0.0,0.030054392000238295,0,5,5,B,5146,0.45,False,3.7642841569995653
0,33.18897671941865,1000,0,max_steps,3.906764966055674,1.2412718619998486,astar,False,0,325874,0,11904,1521,0.3471173709986033,0,0.0,0.03945018999911554,0,5,5,B,5147,0.4083333333333333,False,3.2196726870006387
0,33.425525574170344,1000,0,max_steps,6.399536116000907,0.7363034270001663,astar,False,0,385062,0,4555,599,0.36770771400006197,0,0.0,0.030381903001398314,0,8,8,B,5148,0.48333333333333334,False,3.0718360520004353
0,31.83105223988103,1000,0,max_steps,11.907941152860976,1.4203843930008588,astar,False,0,378437,0,13885,1747,0.567627006001203,0,0.0,0.04299546999936865,0,8,8,B,5149,0.4,False,4.7571726300011505
0,34.176385982376004,1000,0,max_steps,2.3569710435217472,0.9896479580002051,astar,False,0,291386,0,109503,13831,0.28991879299974244,0,0.0,0.18618365799920866,0,6,6,B,5150,0.4166666666666667,False,2.788780658000178
0,33.383779235997075,1000,0,max_steps,6.34628336114926,1.1106270030013548,astar,False,0,393325,0,1814,235,0.23049849900053232,0,0.0,0.003427957999520004,0,5,5,B,5151,0.525,False,2.92697058000158
0,32.98370390103986,1000,0,max_steps,6.084945562615986,0.8355985939997481,astar,False,0,338816,0,16143,2077,0.23013340799843718,0,0.0,0.042142812000747654,0,6,6,B,5152,0.425,False,3.3586872159976338
0,33.33559788657229,1000,0,max_steps,7.152468979310568,1.4413981809993857,astar,False,0,414379,0,8397,1065,0.5476378519997525,0,0.0,0.06298939000043902,0,5,5,B,5153,0.49166666666666664,False,3.882866865998949
0,33.27698590173723,1000,0,max_steps,5.623749861080236,1.309667614999853,astar,False,0,399799,0,5496,716,0.2823740860003454,0,0.0,0.031678059000114445,0,7,7,B,5154,0.44166666666666665,False,3.4715545270028088
0,32.024536192574196,1000,0,max_steps,6.883699041939588,1.1218480839997937,astar,False,0,382140,0,29311,3680,0.23336322799877962,0,0.0,0.08727698000075179,0,6,6,B,5155,0.475,False,3.474064537000231
0,32.257959936021926,1000,0,max_steps,7.5491100468863195,1.2974547699996037,astar,False,0,399224,0,17480,2245,0.5372845340007188,0,0.0,0.07108804600102303,0,6,6,B,5156,0.49166666666666664,False,3.739859212000738
0,33.21668727637924,1000,0,max_steps,6.275572683030609,0.985881729000539,astar,False,0,386779,0,4474,569,0.37652159900062543,0,0.0,0.030559914999685134,0,6,6,B,5157,0.39166666666666666,False,3.3959899069977837
0,33.22201884480746,1000,0,max_steps,4.1719674615222,1.0338119739990361,astar,False,0,394401,0,6910,898,0.3029153679999581,0,0.0,0.010599252998872544,0,8,8,B,5158,0.525,False,3.5808907989994623
0,33.43882531787424,1000,0,max_steps,5.515461222780918,1.6320522990008612,astar,False,0,479484,0,12911,1627,0.6155074260004767,0,0.0,0.06981060599900957,0,6,6,B,5159,0.4666666666666667,False,5.625828039002954
0,33.08477162430085,1000,0,max_steps,5.356333867488095,1.4527903350008273,astar,False,0,445332,0,7945,997,0.7002539789991715,0,0.0,0.06272391799939214,0,4,4,B,5160,0.43333333333333335,False,3.866559200001575
0,32.58584884628534,1000,0,max_steps,8.567544134698108,2.057216832999984,astar,False,0,253841,0,45393,5770,0.18686146199979703,0,0.0,0.08974431100068614,0,5,5,B,5161,0.43333333333333335,False,4.35415136499978
0,31.637346361816874,1000,0,max_steps,9.740395910844692,0.8603387750008551,astar,False,0,281054,0,5164,655,0.23374666599920602,0,0.0,0.027878028999111848,0,7,7,B,5162,0.35,False,3.309150894998311
0,33.340838750548116,1000,0,max_steps,10.370526143836678,2.018577271999675,astar,False,0,453098,0,317086,39784,0.1443671559991344,0,0.0,0.4667868560009083,0,6,6,B,5163,0.45,False,4.352766976999192
0,31.655564130702455,1000,0,max_steps,6.875068181480092,1.8423396329999377,astar,False,0,360769,0,235035,29447,0.19870917799926247,0,0.0,0.36405921500045224,0,5,5,B,5164,0.3416666666666667,False,5.041014966000148
0,33.863646238832295,1000,0,max_steps,5.85130861431868,1.2202762990000338,astar,False,0,328574,0,5355,689,0.48872971200034954,0,0.0,0.030379432000700035,0,4,4,B,5165,0.4,False,2.758915512004023
0,31.283925208428904,1000,0,max_steps,7.72514158446303,1.803158684000664,astar,False,0,448637,0,7337,966,0.2910104490001686,0,0.0,0.03620552100073837,0,8,8,B,5166,0.4666666666666667,False,6.482892153000648
0,33.140550806181636,1000,0,max_steps,7.908164293943313,0.9102703420012404,astar,False,0,323786,0,173184,21862,0.6303059959991515,0,0.0,0.27619076300106826,0,6,6,B,5167,0.425,False,3.8904886490017816
0,34.39411753404434,1000,0,max_steps,2.8284823669239985,0.9693135880006594,astar,False,0,314619,0,7355,946,0.33546921299966925,0,0.0,0.03011194600003364,0,4,4,B,5168,0.425,False,3.081180139002754
0,32.909510929960895,1000,0,max_steps,7.395374398906386,0.899694919000467,astar,False,0,390412,0,21243,2708,0.6597139250006876,0,0.0,0.07561175699993328,0,6,6,B,5169,0.36666666666666664,False,3.9089193519994296
0,34.179402514952905,1000,0,max_steps,2.8461047942758526,0.853109488998598,astar,False,0,121657,0,304588,38133,0.3733669130015187,0,0.0,0.46187271300004795,0,3,3,B,5170,0.39166666666666666,False,1.4293925809979555
0,34.40007694945133,1000,0,max_steps,3.8360542879370185,1.5111170619984478,astar,False,0,310200,0,2224,284,0.16301333099909243,0,0.0,0.023636952000742895,0,5,5,B,5171,0.375,False,2.506960620998143
0,32.68949543089183,1000,0,max_steps,5.320978528428769,1.0172293999985413,astar,False,0,414179,0,1962,254,0.3945203910006967,0,0.0,0.028018314000291866,0,7,7,B,5172,0.5083333333333333,False,3.8891727270038245
0,32.85664143044844,1000,0,max_steps,5.992834262684059,1.7557644309999887,astar,False,0,492368,0,4833,650,0.2915358979989833,0,0.0,0.03373539299900585,0,7,7,B,5173,0.4666666666666667,False,5.66219243300111
0,32.83916379606157,1000,0,max_steps,8.127518840334973,1.5539323490011157,astar,False,0,371583,0,131655,16620,0.638343080998311,0,0.0,0.2213563389996125,0,6,6,B,5174,0.43333333333333335,False,4.84818619500038
0,34.408026598890025,1000,0,max_steps,3.8714096269963436,1.2949611720014218,astar,False,0,258583,0,9810,1268,1.2620886160002556,0,0.0,0.03243943599954946,0,3,3,B,5175,0.375,False,1.7927217580017896
0,32.74409724114611,1000,0,max_steps,5.29637257941697,1.5401986310007487,astar,False,0,428937,0,9004,1180,0.25844974600113346,0,0.0,0.0387557480007672,0,7,7,B,5176,0.4083333333333333,False,4.51542420500482
0,33.5276809262619,1000,0,max_steps,7.61915759779255,1.2393140050007787,astar,False,0,395901,0,10087,1299,0.2942352230002143,0,0.0,0.06271646599998348,0,6,6,B,5177,0.45,False,3.770831393001572
0,34.21753828923138,1000,0,max_steps,2.633972759919885,0.7219452989993442,astar,False,0,282625,0,7936,1018,0.5555786450004234,0,0.0,0.051231347999419086,0,5,5,B,5178,0.35833333333333334,False,2.749365518002378
0,32.397922252504216,1000,0,max_steps,9.654807740188302,1.0521906549984124,astar,False,0,371823,0,250005,31365,0.34198071799983154,0,0.0,0.37392520100002,0,6,6,B,5179,0.4166666666666667,False,3.9398100079997675
0,33.74894193386573,1000,0,max_steps,5.802827974358708,1.00223166700016,astar,False,0,399249,0,23048,2945,0.94919594699968,0,0.0,0.05262952500015672,0,5,5,B,5180,0.425,False,2.628421666000577
0,33.377767512150704,1000,0,max_steps,4.189607678530292,1.7704774500016356,astar,False,0,477741,0,3283,431,0.6425701539992588,0,0.0,0.03285315399989486,0,5,5,B,5181,0.49166666666666664,False,4.661897957999827
0,32.096664665760315,1000,0,max_steps,9.37291643513373,0.9407438550006191,astar,False,0,344822,0,17240,2211,0.44083571700139146,0,0.0,0.06613829500020074,0,7,7,B,5182,0.4666666666666667,False,4.027175505998457
0,32.09020335695055,1000,0,max_steps,7.578938744969506,1.6548570390004897,astar,False,0,342772,0,6767,893,0.19800457500059565,0,0.0,0.031876095999905374,0,6,6,B,5183,0.4083333333333333,False,5.278646261000176
0,34.63394857497479,1000,0,max_steps,4.448489912318558,1.1302142240001558,astar,False,0,232791,0,201290,25237,0.7799684739984514,0,0.0,0.3414686090000032,0,4,4,B,5184,0.43333333333333335,False,2.025886282999636
0,32.23230194075579,1000,0,max_steps,5.957374631496661,0.8826389659989218,astar,False,0,382053,0,4019,508,0.14640580199920805,0,0.0,0.0064455099982296815,0,7,7,B,5185,0.4,False,3.4352538749972155
0,33.453703042813416,1000,0,max_steps,5.745242597140699,0.8580735949999507,astar,False,0,266912,0,2216,294,0.3679132159995788,0,0.0,0.02330567799981509,0,7,7,B,5186,0.375,False,3.8744465989984747
0,31.82256064040069,1000,0,max_steps,9.939708874006318,1.5875014799985365,astar,False,0,420169,0,464195,58090,0.8744852989984793,0,0.0,0.693882768999174,0,4,4,B,5187,0.4666666666666667,False,4.3030775130009715
0,33.43462998949092,1000,0,max_steps,4.0128309832336555,1.0753048040005524,astar,False,0,236150,0,276101,34551,0.5075821760001418,0,0.0,0.44021147199964616,0,4,4,B,5188,0.425,False,3.388639158998558
0,32.646428147427685,1000,0,max_steps,5.992729970555986,1.402853462001076,astar,False,0,463643,0,7144,923,0.27189774900034536,0,0.0,0.03701226099838095,0,7,7,B,5189,0.525,False,6.090901986000972
0,32.850003782617115,1000,0,max_steps,9.846461928022672,1.2729703730001347,astar,False,0,253591,0,5662,727,0.17489294299957692,0,0.0,0.009329680000519147,0,5,5,B,5190,0.4,False,3.12233869100055
0,32.577064877486144,1000,0,max_steps,5.148452437383489,0.9065488950000145,astar,False,0,231141,0,111340,14000,0.10696199999983946,0,0.0,0.18108704800033593,0,7,7,B,5191,0.43333333333333335,False,3.2651278849989467
0,33.54889365018601,1000,0,max_steps,5.464230275162274,0.8196448409998993,astar,False,0,299337,0,3821,499,0.10793065999860119,0,0.0,0.024388091000218992,0,6,6,B,5192,0.35,False,3.666491808997307
0,32.82766829242912,1000,0,max_steps,7.954970930179441,2.0531996940007957,astar,False,0,450092,0,7981,1030,0.3527026409992686,0,0.0,0.0617216289992939,0,5,5,B,5193,0.525,False,5.20416213000135
0,33.66837921997056,1000,0,max_steps,5.621526705442212,1.5206316929998138,astar,False,0,297452,0,17396,2243,0.41956463099995744,0,0.0,0.042594835000272724,0,4,4,B,5194,0.425,False,3.022119817997009
0,30.77906901178032,1000,0,max_steps,9.358168223536053,1.0720081150011538,astar,False,0,386641,0,27343,3475,0.3954947969996283,0,0.0,0.08137218299998494,0,6,6,B,5195,0.43333333333333335,False,3.3481839890027913
0,32.19686751988595,1000,0,max_steps,5.568465901844061,0.9995182269994984,astar,False,0,259651,0,4112,530,0.1664012270011881,0,0.0,0.021310521000486915,0,7,7,B,5196,0.4,False,3.3566078189978725
0,32.20527741470903,1000,0,max_steps,8.776477795790289,0.7999414229998365,astar,False,0,357848,0,167453,21024,0.4203660809998837,0,0.0,0.2666744859998289,0,7,7,B,5197,0.5,False,4.054529267001271
0,33.34355099748783,1000,0,max_steps,6.334158389241618,0.7561758380015817,astar,False,0,387334,0,4590,596,0.28215106399875367,0,0.0,0.029653937001057784,0,6,6,B,5198,0.4166666666666667,False,2.9037478860009287
0,32.25495628969815,1000,0,max_steps,7.636773697052963,1.209639677999803,astar,False,0,402050,0,8594,1084,0.5464280920004967,0,0.0,0.05879430800086993,0,5,5,B,5199,0.36666666666666664,False,3.7551791750011034
0,34.29775602409832,1000,0,max_steps,4.543161069123566,0.7281490129989834,astar,False,0,288966,0,3569,464,0.19744133499989402,0,0.0,0.025619138999900315,0,5,5,B,5200,0.39166666666666666,False,2.2133428779980022
0,32.8341424560415,1000,0,max_steps,5.957374631496661,0.8362519700003759,astar,False,0,409194,0,7872,1010,0.3641789459998108,0,0.0,0.03493738599900098,0,7,7,B,5201,0.425,False,2.9476969030001783
0,32.67579323810625,1000,0,max_steps,4.3663843738269295,0.930200935999892,astar,False,0,467611,0,4768,617,0.30931358199995884,0,0.0,0.03222036599981948,0,7,7,B,5202,0.49166666666666664,False,4.050316631999522
0,32.53865608931518,1000,0,max_steps,7.402807744362944,1.7021629340015352,astar,False,0,353705,0,168752,21278,0.2737259069999709,0,0.0,0.26694884700009425,0,6,6,B,5203,0.4166666666666667,False,4.759848172001512
0,34.33297310173576,1000,0,max_steps,2.687063918108386,0.7729756150001776,astar,False,0,257440,0,14618,1885,0.7240997150001931,0,0.0,0.04834488400047121,0,4,4,B,5204,0.35833333333333334,False,2.724451873998987
0,33.91197916988006,1000,0,max_steps,3.6592775926403815,1.0682872670004144,astar,False,0,334315,0,3451,442,0.5436628860006749,0,0.0,0.02696730899879185,0,5,5,B,5205,0.48333333333333334,False,3.693872565001584
0,32.2087686764396,1000,0,max_steps,7.661041867787956,1.987037456001417,astar,False,0,405376,0,176550,22201,0.3718521350001538,0,0.0,0.27931499400074244,0,4,4,B,5206,0.425,False,4.747332710001501
0,32.62197947722948,1000,0,max_steps,6.399926757393398,2.190776671999629,astar,False,0,324492,0,2440,317,0.1581775499998912,0,0.0,0.024404422998486552,0,6,6,B,5207,0.39166666666666666,False,4.855114323001544
0,33.55536772135718,1000,0,max_steps,2.4571960646232487,0.8403220910004165,astar,False,0,272911,0,6215,803,0.11495975099933275,0,0.0,0.028456502999688382,0,7,7,B,5208,0.3333333333333333,False,2.020996904002459
0,33.32942305690849,1000,0,max_steps,4.89671445971684,1.3160473349998938,astar,False,0,369491,0,10758,1407,0.29484153800149215,0,0.0,0.037023102999228286,0,5,5,B,5209,0.4666666666666667,False,3.3312923710018367
0,34.27117505998,1000,0,max_steps,3.7123526906801274,1.4036394079994352,astar,False,0,401207,0,7025,892,0.648322104001636,0,0.0,0.03461507199972402,0,5,5,B,5210,0.45,False,4.032804080999995
0,33.582910242873446,1000,0,max_steps,4.295673695708273,1.4036761709994607,astar,False,0,324892,0,6024,779,0.5528651309996349,0,0.0,0.029199036000136402,0,6,6,B,5211,0.35833333333333334,False,4.351575386001059
0,33.945697501702966,1000,0,max_steps,2.881460133335178,0.8183978830002161,astar,False,0,333201,0,8107,1038,0.2164596739985427,0,0.0,0.055790989001252456,0,6,6,B,5212,0.4166666666666667,False,2.828930609000963
0,33.48746664289856,1000,0,max_steps,4.4181797722591565,1.16144423500009,astar,False,0,271846,0,33822,4280,0.9584252530003141,0,0.0,0.08174201600013475,0,4,4,B,5213,0.39166666666666666,False,3.800154434000433
0,34.079314401520534,1000,0,max_steps,4.402307633503137,0.7254408239987242,astar,False,0,266521,0,20772,2615,0.5353214189999562,0,0.0,0.06917845300085901,0,4,4,B,5214,0.4,False,2.1853655599988997
0,32.13250026427713,1000,0,max_steps,7.841815000368215,1.0669101740004407,astar,False,0,469879,0,165496,20785,0.5525479000007181,0,0.0,0.27415722200021264,0,7,7,B,5215,0.425,False,5.291139121000015
0,33.71683587398954,1000,0,max_steps,4.295673695708273,1.258566788999815,astar,False,0,396787,0,10037,1292,1.1978439209997305,0,0.0,0.060502943000756204,0,4,4,B,5216,0.4083333333333333,False,3.762347639996733
0,32.93380503552656,1000,0,max_steps,4.4372359076343875,0.5913406439995015,astar,False,0,294735,0,11264,1453,0.18316732499988575,0,0.0,0.03403753699967638,0,6,6,B,5217,0.4666666666666667,False,2.128401642998142
0,32.552174339269534,1000,0,max_steps,7.3775207556468425,0.8650247440000385,astar,False,0,317226,0,181401,22816,0.5871362130001216,0,0.0,0.2735830279998481,0,5,5,B,5218,0.43333333333333335,False,3.1323963070008176
0,33.326795856430756,1000,0,max_steps,3.906764966055674,0.8664623179993214,astar,False,0,386880,0,2691,351,0.308638112999688,0,0.0,0.0263667319995875,0,6,6,B,5219,0.38333333333333336,False,2.9416829560013866
0,33.0329924335703,1000,0,max_steps,6.477002586073279,0.900411990000066,astar,False,0,393524,0,25974,3317,0.381638181001108,0,0.0,0.08291347500016855,0,6,6,B,5220,0.4583333333333333,False,3.363211374000457
0,33.240417287664776,1000,0,max_steps,6.240617958183305,0.9167742310000904,astar,False,0,285493,0,14008,1798,0.46488497300015297,0,0.0,0.0370084139995015,0,6,6,B,5221,0.4083333333333333,False,3.1905394020013773
0,31.6005117282207,1000,0,max_steps,9.259606498118586,1.2308547440006805,astar,False,0,356534,0,35912,4558,0.28901800899984664,0,0.0,0.0893701629993302,0,6,6,B,5222,0.4083333333333333,False,3.765077342002769
0,33.01240179051366,1000,0,max_steps,6.922630461031413,1.219897620001575,astar,False,0,421380,0,68687,8743,0.705813118000151,0,0.0,0.1397672719995171,0,5,5,B,5223,0.49166666666666664,False,4.240544216001581
0,33.09788303510932,1000,0,max_steps,6.399536116000907,0.8821908509999048,astar,False,0,296005,0,17033,2196,0.2654350949997024,0,0.0,0.04233650999958627,0,5,5,B,5224,0.425,False,2.122434599999906
0,32.74437906674184,1000,0,max_steps,5.603821240903387,1.0441718740003125,astar,False,0,278117,0,3904,500,0.17756559400004335,0,0.0,0.02475007900102355,0,6,6,B,5225,0.3333333333333333,False,3.5057903099987016
0,34.14173175572521,1000,0,max_steps,4.331029034767604,1.3432186970003386,astar,False,0,399907,0,4854,631,0.2039570699998876,0,0.0,0.031129196999245323,0,5,5,B,5226,0.425,False,2.8153722650022246
0,33.20755290162284,1000,0,max_steps,4.676570591790526,1.0146966439988319,astar,False,0,330083,0,26224,3375,0.38025316200037196,0,0.0,0.07625700599965057,0,7,7,B,5227,0.4166666666666667,False,4.058172910999929
0,32.376694480142625,1000,0,max_steps,7.33623285481043,1.0143434390010952,astar,False,0,447919,0,7795,1016,0.3567940720004117,0,0.0,0.037439555999299046,0,7,7,B,5228,0.4583333333333333,False,4.438876167998387
0,32.008424803985505,1000,0,max_steps,10.481904049360496,0.8746760710000672,astar,False,0,398082,0,252170,31682,0.28264767800101254,0,0.0,0.38811592000092787,0,7,7,B,5229,0.43333333333333335,False,4.110206887997265
0,32.59977550801319,1000,0,max_steps,6.77054742986119,1.3411613470016164,astar,False,0,424047,0,4900,638,0.2628018310006155,0,0.0,0.05780077999952482,0,6,6,B,5230,0.5,False,3.315478658001666
0,31.98669453696652,1000,0,max_steps,8.40053941720411,0.8963059600009728,astar,False,0,362839,0,12371,1599,0.3371689680006966,0,0.0,0.039481064000938204,0,7,7,B,5231,0.4166666666666667,False,3.057277208999949
0,33.33600648185303,1000,0,max_steps,5.6745319190220425,0.8786419300013222,astar,False,0,411295,0,7498,972,0.23952712700156553,0,0.0,0.03439107600024727,0,7,7,B,5232,0.475,False,4.7384430860038265
0,33.76843530633336,1000,0,max_steps,4.658627748597217,1.5141591629999311,astar,False,0,327385,0,97070,12185,0.41377949100024125,0,0.0,0.1756249760001083,0,4,4,B,5233,0.39166666666666666,False,3.794603770998947
0,32.93400919321356,1000,0,max_steps,6.0004426920019815,0.9439014340005087,astar,False,0,328674,0,107619,13684,0.7611881570010155,0,0.0,0.18104689499887172,0,5,5,B,5234,0.39166666666666666,False,3.4030622290010797
0,32.44378088222511,1000,0,max_steps,10.048460703013172,1.4045232200005557,astar,False,0,395660,0,234429,29331,0.2169094889995904,0,0.0,0.362313212999652,0,7,7,B,5235,0.39166666666666666,False,4.974272547002329
0,31.7668384866327,1000,0,max_steps,6.876613447039171,1.783697051998388,astar,False,0,305468,0,6898,871,0.14771833700069692,0,0.0,0.03304762799962191,0,7,7,B,5236,0.5,False,5.912322433996451
0,33.08388001627416,1000,0,max_steps,5.3667087213673135,1.0754235080003127,astar,False,0,397377,0,30492,3856,0.9862992620001023,0,0.0,0.08826446399871202,0,4,4,B,5237,0.44166666666666665,False,3.4561508759998105
0,33.44507568012707,1000,0,max_steps,11.437506830599053,1.1514097939998464,astar,False,0,279215,0,155439,19685,0.4299200479999854,0,0.0,0.23455405599997903,0,4,4,B,5238,0.375,False,2.156587549998221
0,32.4945361818699,1000,0,max_steps,6.311819270226293,0.7183336170000985,astar,False,0,415519,0,11225,1475,0.20067957500032207,0,0.0,0.03853493599854119,0,7,7,B,5239,0.5166666666666667,False,3.410900528997445
0,31.097882863452615,1000,0,max_steps,9.40932051213051,1.2517016250003508,astar,False,0,410348,0,20507,2643,0.4645612809999875,0,0.0,0.07357859399962763,0,7,7,B,5240,0.49166666666666664,False,4.949284738002461
0,33.6148576056652,1000,0,max_steps,3.6592775926403815,0.9046361210002942,astar,False,0,404591,0,3553,461,0.12727832500058867,0,0.0,0.028662293998422683,0,6,6,B,5241,0.38333333333333336,False,2.6326140539986227
0,33.79669697988656,1000,0,max_steps,4.967425137835495,0.9392947929991351,astar,False,0,293397,0,6154,798,0.274672213001395,0,0.0,0.04823974200007797,0,6,6,B,5242,0.4,False,4.479210894996868
0,33.176121788471676,1000,0,max_steps,5.038135815954151,0.93127521399947,astar,False,0,302499,0,4843,617,0.29598482599976705,0,0.0,0.05218879799940623,0,5,5,B,5243,0.45,False,2.621020000999124
0,32.19078091602819,1000,0,max_steps,8.757585997294003,1.3881699300000037,astar,False,0,494454,0,13229,1709,0.469627455000591,0,0.0,0.045795505999194575,0,7,7,B,5244,0.4583333333333333,False,4.315098166000098
0,32.836386928516305,1000,0,max_steps,7.11198372467204,1.133715055000721,astar,False,0,357295,0,7478,970,0.5698285140006192,0,0.0,0.054984872998829815,0,7,7,B,5245,0.4166666666666667,False,4.225953387000118
0,32.54517851951553,1000,0,max_steps,7.3008775157511,0.6840249939996284,astar,False,0,387680,0,7236,930,0.2792145460007305,0,0.0,0.0343068360016332,0,7,7,B,5246,0.4166666666666667,False,3.168981613001961
0,32.17238783832624,1000,0,max_steps,8.64438040000554,1.9345350090006832,astar,False,0,309956,0,3959,508,0.2219329520012252,0,0.0,0.026405373000670807,0,6,6,B,5247,0.4583333333333333,False,3.835492822998276
0,32.86784772778618,1000,0,max_steps,5.6391765799627125,1.1351869250011077,astar,False,0,317240,0,10018,1312,0.25795674299843085,0,0.0,0.03413484799966682,0,5,5,B,5248,0.4666666666666667,False,3.204616689999966
0,33.72935129413749,1000,0,max_steps,4.224963017589618,1.3521098330002133,astar,False,0,490970,0,3378,442,0.7603367030005757,0,0.0,0.03268512999966333,0,5,5,B,5249,0.45,False,4.7767460390005
0,32.57607972247852,1000,0,max_steps,5.034661110740225,0.9539755049991072,astar,False,0,405909,0,57651,7301,0.3398739719996229,0,0.0,0.10003255900119257,0,6,6,B,5250,0.36666666666666664,False,3.5607910949984216
0,34.15504746799988,1000,0,max_steps,3.058236828631815,1.185031244000129,astar,False,0,397502,0,4488,574,0.29131929499999387,0,0.0,0.033033320998583804,0,5,5,B,5251,0.35833333333333334,False,3.469046485000945
0,32.78110477629082,1000,0,max_steps,6.5461104863880815,1.3297447719996853,astar,False,0,388264,0,4887,633,0.5478736189998017,0,0.0,0.03063164100058202,0,6,6,B,5252,0.4166666666666667,False,4.750146438995216
0,33.160368781371915,1000,0,max_steps,4.666938236145834,0.8611484819994075,astar,False,0,397146,0,11066,1445,0.8217584479989455,0,0.0,0.03918095100016217,0,5,5,B,5253,0.43333333333333335,False,3.572322804999203
0,33.670925587638514,1000,0,max_steps,5.020489268985642,0.7154612689992064,astar,False,0,335072,0,5622,717,0.20057740499942156,0,0.0,0.008277574001112953,0,6,6,B,5254,0.45,False,2.8131702689970552
0,34.10004589624231,1000,0,max_steps,5.091199514849126,0.7348715759999322,astar,False,0,306373,0,7148,919,0.3725879379999242,0,0.0,0.02932074100135651,0,5,5,B,5255,0.36666666666666664,False,2.4753901189997123
0,34.000485217239586,1000,0,max_steps,3.9421203051149996,1.2874955530005536,astar,False,0,249036,0,4399,562,0.09733151399996132,0,0.0,0.021073665000585606,0,4,4,B,5256,0.375,False,2.339331162000235
0,32.699397144228385,1000,0,max_steps,6.593770734564553,1.1177121069995337,astar,False,0,441410,0,4990,646,0.3554352540013497,0,0.0,0.03389858400078083,0,5,5,B,5257,0.325,False,3.2446782530005294
0,33.32138884184474,1000,0,max_steps,5.038135815954151,1.1578176630009693,astar,False,0,405149,0,6234,796,0.14394001200162165,0,0.0,0.009896146000755834,0,8,8,B,5258,0.475,False,3.668823328000144
0,33.218113361050506,1000,0,max_steps,6.386435821332583,1.6874501359998249,astar,False,0,445647,0,19252,2467,0.1727769499993883,0,0.0,0.05184923400156549,0,6,6,B,5259,0.45,False,4.894821555000817
0,32.98444595962187,1000,0,max_steps,4.47245039100491,0.6743501709988777,astar,False,0,346535,0,3603,469,0.20261583300089114,0,0.0,0.027458911999929114,0,7,7,B,5260,0.475,False,3.562055855998551
0,33.113021705610656,1000,0,max_steps,6.257720231841623,1.0932542840000679,astar,False,0,314571,0,95049,11968,0.45003791300041485,0,0.0,0.15930435900008888,0,5,5,B,5261,0.4,False,3.125349436997567
0,33.72547018170434,1000,0,max_steps,4.04818632229298,1.4522195890003786,astar,False,0,377301,0,5661,714,0.41792597800122167,0,0.0,0.03129957999954058,0,5,5,B,5262,0.48333333333333334,False,3.6887900400015496
0,33.22993476686406,1000,0,max_steps,6.030262224812447,1.0654862340015825,astar,False,0,424719,0,21781,2793,0.4688886599997204,0,0.0,0.07770618699942133,0,6,6,B,5263,0.375,False,4.816662551003901
0,32.28126894911112,1000,0,max_steps,6.138530972472156,1.200167696999415,astar,False,0,399996,0,152221,19158,0.555476235000242,0,0.0,0.2802749530001165,0,5,5,B,5264,0.425,False,3.582825508998212
0,33.551984560912665,1000,0,max_steps,5.391689206547425,1.0942057819993352,astar,False,0,331594,0,6921,887,0.2812026200008404,0,0.0,0.05261414300002798,0,5,5,B,5265,0.2916666666666667,False,2.3407322309994925
0,33.46621940893659,1000,0,max_steps,5.824007426162845,0.9613785580004333,astar,False,0,320239,0,71814,9049,0.7441788879987143,0,0.0,0.13567789000080666,0,4,4,B,5266,0.4583333333333333,False,3.7440975670015177
0,33.65842336581766,1000,0,max_steps,4.596500027194602,1.4016363920000003,astar,False,0,453839,0,20420,2575,0.6927650289999292,0,0.0,0.0792800380004337,0,4,4,B,5267,0.43333333333333335,False,4.127771122000922
0,34.67069586448521,1000,0,max_steps,2.1036426740299747,0.7846323960002337,astar,False,0,378297,0,3978,509,0.6937711669997952,0,0.0,0.02834710499882931,0,4,4,B,5268,0.4,False,2.3459896849999495
0,32.023712469554674,1000,0,max_steps,9.299277525700582,1.295002836999629,astar,False,0,427583,0,5844,736,0.6960279060003813,0,0.0,0.03312333599933481,0,5,5,B,5269,0.5,False,4.714179153999794
0,32.371427566864455,1000,0,max_steps,7.70529444602865,1.7922015269996336,astar,False,0,411270,0,205781,25827,0.5887908740005514,0,0.0,0.3286467369998718,0,5,5,B,5270,0.525,False,3.911913370999173
0,32.38077110840687,1000,0,max_steps,5.869225885923967,0.7266220660003455,astar,False,0,336570,0,19054,2440,0.23826181999902474,0,0.0,0.04557088700312306,0,6,6,B,5271,0.4083333333333333,False,2.939978328995494
0,32.99988927666818,1000,0,max_steps,4.6138717472422215,0.6591022519969556,astar,False,0,299509,0,3139,406,0.3666999310007668,0,0.0,0.02492805299698375,0,6,6,B,5272,0.4666666666666667,False,2.4144587789996876
0,32.74163230661996,1000,0,max_steps,5.85130861431868,0.9336937049993139,astar,False,0,401558,0,3045,384,0.162931689999823,0,0.0,0.027459811000881018,0,8,8,B,5273,0.5083333333333333,False,4.480215773000964
0,33.210819179092496,1000,0,max_steps,5.728246895866132,1.2129148400017584,astar,False,0,485514,0,75696,9599,0.42333969000173965,0,0.0,0.1526964440017764,0,6,6,B,5274,0.48333333333333334,False,4.186991591999686
0,33.840371459182435,1000,0,max_steps,3.2350135239284517,1.117831905001367,astar,False,0,398894,0,2379,309,0.19762580200040247,0,0.0,0.0275881159977871,0,6,6,B,5275,0.4166666666666667,False,4.379020065000077
0,32.28785688619087,1000,0,max_steps,9.00799991674067,1.5412751900003059,astar,False,0,459265,0,185124,23331,1.2340544859980582,0,0.0,0.300984649999009,0,5,5,B,5276,0.475,False,4.100251785002911
0,32.66156395294491,1000,0,max_steps,5.295310425272533,1.175596189998032,astar,False,0,406169,0,103466,13001,0.4137812959997973,0,0.0,0.18164008600069792,0,6,6,B,5277,0.5,False,3.798606482003379
0,33.203281591956646,1000,0,max_steps,5.597125378263379,0.7324039769991941,astar,False,0,278998,0,113615,14291,0.4303518190026807,0,0.0,0.18632233899916173,0,6,6,B,5278,0.425,False,2.114994323004794
0,33.59777003126381,1000,0,max_steps,4.5078057300642405,0.8158598160007386,astar,False,0,286612,0,5285,682,0.3211645889969077,0,0.0,0.04790122499980498,0,6,6,B,5279,0.4166666666666667,False,2.805584990997886
0,31.701268841639116,1000,0,max_steps,6.893588506721297,1.1259560210019117,astar,False,0,404000,0,3750,491,0.18517441500080167,0,0.0,0.005773806999059161,0,6,6,B,5280,0.38333333333333336,False,3.3727713209991634
0,32.47033988208163,1000,0,max_steps,8.033231759385506,0.9840660359986941,astar,False,0,346023,0,11185,1452,0.3938822909985902,0,0.0,0.03581173999918974,0,7,7,B,5281,0.39166666666666666,False,3.8661355420044856
0,33.841351568197936,1000,0,max_steps,4.3396788475646435,1.4683056710018718,astar,False,0,461247,0,7689,997,0.15500928499750444,0,0.0,0.035696530001587234,0,5,5,B,5282,0.375,False,4.066118008002377
0,33.117750350807995,1000,0,max_steps,6.873340708854755,0.9272404889998143,astar,False,0,379728,0,59716,7578,0.80335593700147,0,0.0,0.12287060499875224,0,6,6,B,5283,0.43333333333333335,False,3.6851591230006306
0,32.998451867578325,1000,0,max_steps,14.587505355611698,2.126308192000579,astar,False,0,342921,0,76780,9633,0.3169218090006325,0,0.0,0.1485751000000164,0,6,6,B,5284,0.35833333333333334,False,5.620582579005713
0,32.25505817043934,1000,0,max_steps,7.656390304836867,1.1235977309988812,astar,False,0,314313,0,4504,566,0.3188914199999999,0,0.0,0.027227389000472613,0,8,8,B,5285,0.43333333333333335,False,3.9338363649985695
0,33.77269511142821,1000,0,max_steps,3.7653436098183626,1.2146857650004677,astar,False,0,246544,0,5690,728,0.7518891610015999,0,0.0,0.03563115699944319,0,3,3,B,5286,0.475,False,2.6344268199973158
0,33.09812832209099,1000,0,max_steps,6.666731770515443,0.9851570440005162,astar,False,0,403161,0,301396,37935,0.5227731250015495,0,0.0,0.4525173750007525,0,5,5,B,5287,0.43333333333333335,False,3.4141613169995253
0,33.62301276554691,1000,0,max_steps,4.899904335800851,0.6989148130014655,astar,False,0,279022,0,6543,848,0.17210642300051404,0,0.0,0.009288902998378035,0,7,7,B,5288,0.43333333333333335,False,2.892414750993339
0,31.590708267062336,1000,0,max_steps,12.14960133090794,1.322463747997972,astar,False,0,348440,0,63019,7981,0.49165534699932323,0,0.0,0.12608654600262525,0,7,7,B,5289,0.39166666666666666,False,4.423393927991128
0,33.0551595624478,1000,0,max_steps,7.061006479249254,1.084543549000955,astar,False,0,361882,0,140814,17690,0.3175121880012739,0,0.0,0.23673654300000635,0,6,6,B,5290,0.4,False,3.75992064100501
0,33.69674460870776,1000,0,max_steps,8.713656666405898,1.548792064000736,astar,False,0,331812,0,111783,14156,1.3547723179981404,0,0.0,0.19221500400090008,0,4,4,B,5291,0.4166666666666667,False,2.4416748020048544
0,32.423003549484534,1000,0,max_steps,6.169506665852623,2.14226663899899,astar,False,0,360570,0,4641,602,0.21751764100190485,0,0.0,0.029067822000797605,0,7,7,B,5292,0.4666666666666667,False,4.183644798995374
0,32.711343062380855,1000,0,max_steps,6.876613447039171,0.9727085129998159,astar,False,0,287575,0,6333,821,0.37858326000059606,0,0.0,0.028280141999857733,0,5,5,B,5293,0.44166666666666665,False,3.2552027410019946
0,33.00238951101184,1000,0,max_steps,11.87072291395937,1.466777074001584,astar,False,0,264322,0,150129,18776,0.24698863699813955,0,0.0,0.2400754499976756,0,4,4,B,5294,0.43333333333333335,False,3.1588907900040795
0,34.29833538306176,1000,0,max_steps,3.7432021719378166,0.776112005001778,astar,False,0,215365,0,130018,16285,0.23398550399724627,0,0.0,0.21309206200021436,0,5,5,B,5295,0.3416666666666667,False,2.4595446240055026
0,33.78933339354496,1000,0,max_steps,4.473009333770719,1.1681835390008928,astar,False,0,367630,0,20230,2630,0.5771149310021428,0,0.0,0.05644738800037885,0,5,5,B,5296,0.525,False,3.26968112000759
0,33.453430376201766,1000,0,max_steps,7.779801572019685,1.4109890600011568,astar,False,0,437201,0,5411,691,0.3576413440023316,0,0.0,0.033409357001801254,0,6,6,B,5297,0.4166666666666667,False,4.938401563998923
0,32.85666236428959,1000,0,max_steps,5.434410041577649,0.7969176199985668,astar,False,0,408316,0,32649,4185,0.2763851400013664,0,0.0,0.09106959099881351,0,6,6,B,5298,0.44166666666666665,False,3.2685949379992962
0,33.315518404034904,1000,0,max_steps,6.080835674477642,1.1823763090033026,astar,False,0,349639,0,4634,582,0.1844991010002559,0,0.0,0.0501819989985961,0,5,5,B,5299,0.36666666666666664,False,3.1101646189999883
0,31.692533195697948,1000,0,max_steps,8.019994544885924,1.402863397001056,astar,False,0,379402,0,7065,920,0.27242575399941416,0,0.0,0.03229672700035735,0,6,6,B,5300,0.475,False,4.505927321002673
0,32.907294099094564,1000,0,max_steps,6.15287026516893,1.4777596129970334,astar,False,0,333462,0,25117,3211,0.2809933339995041,0,0.0,0.11972308700205758,0,6,6,B,5301,0.4583333333333333,False,3.4018084179988364
0,32.02613956347469,1000,0,max_steps,9.292621400874996,1.558572384998115,astar,False,0,361793,0,232896,29143,0.5119914870010689,0,0.0,0.34521992500231136,0,5,5,B,5302,0.43333333333333335,False,5.038629231999948
0,32.515372610826624,1000,0,max_steps,5.960940571755432,1.1669134289986687,astar,False,0,332879,0,17364,2229,0.3302256329989177,0,0.0,0.06456526699912501,0,7,7,B,5303,0.4166666666666667,False,4.500061770995671
0,34.17466294914087,1000,0,max_steps,4.914423923513311,0.8098157439999341,astar,False,0,303932,0,6700,844,0.16339361700011068,0,0.0,0.02956821800034959,0,5,5,B,5304,0.3333333333333333,False,2.541852039998048
0,32.31190740393556,1000,0,max_steps,8.498179952201527,0.9873010679984873,astar,False,0,390390,0,159401,20054,0.237692237002193,0,0.0,0.26833919899945613,0,7,7,B,5305,0.45,False,4.036903252999764
0,33.59939490351739,1000,0,max_steps,3.7653436098183626,0.8097173310015933,astar,False,0,306778,0,6935,900,0.39928360400153906,0,0.0,0.029244325000036042,0,5,5,B,5306,0.38333333333333336,False,2.5319047850025527
0,33.593566236897274,1000,0,max_steps,6.241819646545388,0.9505137270025443,astar,False,0,408008,0,5920,769,0.5622431589981716,0,0.0,0.033939501001441386,0,5,5,B,5307,0.43333333333333335,False,3.559234654007014
0,33.05413037520619,1000,0,max_steps,10.551199576351493,1.4019962679994933,astar,False,0,334376,0,214686,27067,1.0712908219975361,0,0.0,0.3215113090009254,0,4,4,B,5308,0.3,False,2.821903175001353
0,33.28177263243267,1000,0,max_steps,6.487801052745065,1.2622640209992824,astar,False,0,422838,0,5864,761,0.6844846320018405,0,0.0,0.055809120000049006,0,5,5,B,5309,0.5333333333333333,False,4.997908820998418
0,34.500996957975644,1000,0,max_steps,3.9093237906318237,1.0084457019984256,astar,False,0,225643,0,92218,11543,0.5977783170019393,0,0.0,0.1605536229981226,0,3,3,B,5310,0.39166666666666666,False,2.3894282879991806
0,31.166771846527233,1000,0,max_steps,11.757617211833356,1.6313271609978983,astar,False,0,308930,0,107701,13624,0.29238417300075525,0,0.0,0.18144346899862285,0,6,6,B,5311,0.4,False,6.069731052000861
0,32.49531578112546,1000,0,max_steps,6.246624088257589,1.5712110530002974,astar,False,0,355808,0,4492,590,0.23990093000247725,0,0.0,0.006927444999746513,0,7,7,B,5312,0.5333333333333333,False,4.657507884006918
0,33.805420959842614,1000,0,max_steps,4.7199377644202025,1.731282666001789,astar,False,0,410080,0,7486,965,1.6730075929990562,0,0.0,0.05804989899843349,0,3,3,B,5313,0.425,False,3.348674380002194
0,33.612571131958624,1000,0,max_steps,5.1795571721914575,1.3170072940010868,astar,False,0,481593,0,2917,376,0.37321724299908965,0,0.0,0.03087223200054723,0,6,6,B,5314,0.475,False,5.479189881003549
0,32.49059194645647,1000,0,max_steps,7.6195677370832495,1.232569384999806,astar,False,0,385936,0,127960,16121,0.4776458710002771,0,0.0,0.19872548999774153,0,5,5,B,5315,0.4083333333333333,False,3.649856985997758
0,32.53766953930218,1000,0,max_steps,8.909352529785764,1.4383557719993405,astar,False,0,333376,0,232932,29171,0.22015653899870813,0,0.0,0.3529664669986232,0,6,6,B,5316,0.425,False,3.9892884449982375
0,32.11096026463652,1000,0,max_steps,5.851415427056941,1.0701622939996014,astar,False,0,429208,0,21436,2771,0.39314960800038534,0,0.0,0.07700200899853371,0,7,7,B,5317,0.4666666666666667,False,3.9787729770032456
0,33.40524172724109,1000,0,max_steps,4.8645721805725115,1.3914259699995455,astar,False,0,458398,0,3018,394,0.24777710399939679,0,0.0,0.029477558000507997,0,7,7,B,5318,0.4583333333333333,False,6.138458133002132
0,31.54364889706647,1000,0,max_steps,7.371588193869756,0.7718941709972569,astar,False,0,386633,0,4058,526,0.376793634997739,0,0.0,0.029868740999518195,0,7,7,B,5319,0.44166666666666665,False,3.5788847339936183
0,32.10919007298296,1000,0,max_steps,8.02568143524274,1.0534892169998784,astar,False,0,313330,0,10684,1369,0.21626938400004292,0,0.0,0.05507508599839639,0,8,8,B,5320,0.36666666666666664,False,3.7093250770012673
0,33.014202561240644,1000,0,max_steps,5.315219891970602,1.134446449999814,astar,False,0,432677,0,101572,12763,0.9444661739980802,0,0.0,0.1862106579974352,0,7,7,B,5321,0.49166666666666664,False,3.5039153470024758
0,32.29236637509553,1000,0,max_steps,9.129228472329958,1.0572266859999218,astar,False,0,387578,0,36842,4691,0.344013433001237,0,0.0,0.09448575699934736,0,6,6,B,5322,0.4166666666666667,False,3.718927831007022
0,32.63424213517994,1000,0,max_steps,6.927233394364592,0.8796669129988004,astar,False,0,366446,0,35053,4460,0.8099706799985142,0,0.0,0.06901007700071204,0,6,6,B,5323,0.4083333333333333,False,3.8396900890038523
0,33.92495603035987,1000,0,max_steps,5.661520334680427,1.299122256001283,astar,False,0,308690,0,51880,6582,0.3296147959990776,0,0.0,0.1100483570007782,0,4,4,B,5324,0.4083333333333333,False,3.621254115998454
0,32.97567863884009,1000,0,max_steps,7.390301922113872,1.5940024400006223,astar,False,0,349151,0,23761,3040,0.27581320899844286,0,0.0,0.05209808400104521,0,6,6,B,5325,0.4583333333333333,False,4.647724748996552
0,32.66077467679725,1000,0,max_steps,8.961671858531753,1.6114342129985744,astar,False,0,258077,0,26367,3327,0.21395205200315104,0,0.0,0.05416944900207454,0,5,5,B,5326,0.35833333333333334,False,3.238096883000253
0,33.16315631841081,1000,0,max_steps,4.737648414561804,0.899116223998135,astar,False,0,251919,0,14580,1853,0.21568441900308244,0,0.0,0.035438087998045376,0,5,5,B,5327,0.49166666666666664,False,2.348883783994097
0,33.53981587711143,1000,0,max_steps,5.6391765799627125,1.0187335399969015,astar,False,0,482871,0,2773,364,0.19195783399845823,0,0.0,0.03058570800203597,0,7,7,B,5328,0.4666666666666667,False,4.451823744995636
0,32.608375553211964,1000,0,max_steps,7.943649192908759,1.607824624999921,astar,False,0,457649,0,36793,4665,0.5085051739988558,0,0.0,0.10928331800096203,0,6,6,B,5329,0.5083333333333333,False,6.0260324320042855
0,32.59323320003464,1000,0,max_steps,6.081144012437132,1.0935131820006063,astar,False,0,371092,0,2466,318,0.14942633700047736,0,0.0,0.02695084900187794,0,6,6,B,5330,0.4166666666666667,False,3.9734910740007763
0,33.320272488602065,1000,0,max_steps,5.002780476894821,0.7845263359995442,astar,False,0,247630,0,6783,871,0.23190309799974784,0,0.0,0.02406036899992614,0,6,6,B,5331,0.35,False,2.6801777820037387
0,31.924089141316053,1000,0,max_steps,8.329559562185743,1.2303011229996628,astar,False,0,357758,0,310596,39073,0.7809904530004133,0,0.0,0.44001990700053284,0,5,5,B,5332,0.44166666666666665,False,3.627043970001978
0,32.318321885347316,1000,0,max_steps,8.978254980785518,1.7826521290007804,astar,False,0,286710,0,29166,3676,0.1369620909972582,0,0.0,0.07596186299997498,0,5,5,B,5333,0.4166666666666667,False,3.7095461239987344
0,32.783460262266104,1000,0,max_steps,5.444750912576255,1.257124183997803,astar,False,0,454802,0,4054,535,0.21836424200228066,0,0.0,0.03176768900084426,0,8,8,B,5334,0.45,False,4.815325248993759
0,32.24175163956714,1000,0,max_steps,7.43776260040612,1.2985110859990527,astar,False,0,394277,0,8855,1125,0.2902713440016669,0,0.0,0.035048698002356105,0,5,5,B,5335,0.35833333333333334,False,3.1118570319995342
0,33.662885871954224,1000,0,max_steps,3.641642829822825,0.645745973000885,astar,False,0,257971,0,11065,1415,0.5737069800015888,0,0.0,0.029220497999631334,0,5,5,B,5336,0.4583333333333333,False,2.2414186310015793
0,31.78189301104919,1000,0,max_steps,15.035593187500119,1.3879099439982383,astar,False,0,432571,0,379672,47518,0.6728993310025544,0,0.0,0.6017596480014618,0,7,7,B,5337,0.4,False,5.233965926996461
0,31.911311123696716,1000,0,max_steps,12.942384343698034,1.3884102390002226,astar,False,0,387859,0,202212,25569,0.4055037510006514,0,0.0,0.3029319349989237,0,6,6,B,5338,0.525,False,4.561332664001384
0,33.83258892472669,1000,0,max_steps,4.89671445971684,1.2323754239987466,astar,False,0,413216,0,5295,685,0.16583164199983003,0,0.0,0.008179999000276439,0,5,5,B,5339,0.425,False,3.2470748519990593
0,32.152789835182546,1000,0,max_steps,9.882196744651464,1.1114751809982408,astar,False,0,406274,0,273363,34462,0.6968242180009838,0,0.0,0.40620733100149664,0,6,6,B,5340,0.425,False,3.1974356610044197
0,32.91519740331748,1000,0,max_steps,5.586395304666504,1.3541123249997327,astar,False,0,443163,0,8526,1096,0.4287576649985567,0,0.0,0.037844210000912426,0,7,7,B,5341,0.425,False,4.444418656999915
0,32.5340438031369,1000,0,max_steps,9.83566533082536,0.8727456089982297,astar,False,0,310831,0,221788,27936,0.5326879730018845,0,0.0,0.3149717900014366,0,5,5,B,5342,0.4,False,2.969598073999805
0,32.64888040824929,1000,0,max_steps,5.462399884666076,1.1087861839987454,astar,False,0,360173,0,6567,840,0.38942296100140084,0,0.0,0.03183969399833586,0,7,7,B,5343,0.325,False,4.7197206560013
0,33.75222775146312,1000,0,max_steps,4.189607678530292,1.379301116001443,astar,False,0,369792,0,6950,889,0.3791726440031198,0,0.0,0.033003806998749496,0,5,5,B,5344,0.38333333333333336,False,4.5264632729995355
0,33.73727005211924,1000,0,max_steps,4.5277270787890895,0.7877467350008374,astar,False,0,195589,0,91294,11437,0.41570190700076637,0,0.0,0.14797608800290618,0,4,4,B,5345,0.43333333333333335,False,2.4371799510008714
0,32.829580531122495,1000,0,max_steps,6.2225647847169885,1.3809761560005427,astar,False,0,368742,0,6391,823,0.19939143900046474,0,0.0,0.031425219000084326,0,5,5,B,5346,0.425,False,3.231624735002697
0,33.34331199793186,1000,0,max_steps,6.876613447039171,0.7110185179990367,astar,False,0,190630,0,6229,781,0.243734769999719,0,0.0,0.032484869996551424,0,7,7,B,5347,0.4583333333333333,False,2.6224391770047077
0,33.023089789375824,1000,0,max_steps,5.214912511250788,0.9688451900001382,astar,False,0,424887,0,7710,986,0.20047651599816163,0,0.0,0.0354554299992742,0,6,6,B,5348,0.475,False,4.363648349994037
0,32.329927329954344,1000,0,max_steps,8.143728415167095,1.1217613289991277,astar,False,0,353302,0,138228,17525,0.8797914650021994,0,0.0,0.23694952799996827,0,6,6,B,5349,0.48333333333333334,False,5.601166412994644
0,33.35298595550632,1000,0,max_steps,5.374040612053466,1.062645006000821,astar,False,0,327362,0,8023,1028,0.4103553169989027,0,0.0,0.031602715000190074,0,4,4,B,5350,0.38333333333333336,False,2.818871191000653
0,31.845278021710932,1000,0,max_steps,14.882844570175418,1.1757711230020504,astar,False,0,296505,0,53039,6653,0.3591738200011605,0,0.0,0.09446199600279215,0,6,6,B,5351,0.43333333333333335,False,3.8882367240003077
0,33.29065198850571,1000,0,max_steps,4.684582425360877,0.8259700800008432,astar,False,0,373218,0,4827,609,0.2981186590004654,0,0.0,0.02985408499807818,0,6,6,B,5352,0.38333333333333336,False,3.724685032997513
0,30.42960276975047,1000,0,max_steps,12.102388710498435,1.6990115349981352,astar,False,0,340231,0,7987,1016,0.2511049829990952,0,0.0,0.034225416002300335,0,7,7,B,5353,0.39166666666666666,False,4.876051415998518
0,31.506876531464414,1000,0,max_steps,9.902162011399327,1.9174182339993422,astar,False,0,451231,0,9302,1202,0.31353476799995406,0,0.0,0.0391177979981876,0,7,7,B,5354,0.38333333333333336,False,5.716281184999389
0,33.837250330628805,1000,0,max_steps,4.885725381148636,1.323716245002288,astar,False,0,371190,0,117138,14760,0.8447929450012452,0,0.0,0.22927061999871512,0,4,4,B,5355,0.4166666666666667,False,3.9185460480002803
0,32.882701136302025,1000,0,max_steps,6.784472160750604,0.5501785619999282,astar,False,0,374579,0,79035,10016,0.3250608630005445,0,0.0,0.15556461699816282,0,6,6,B,5356,0.39166666666666666,False,2.793442309004604
0,33.16485997154026,1000,0,max_steps,7.661041867787957,1.2811597770014487,astar,False,0,439722,0,9683,1249,0.5808617599977879,0,0.0,0.06384135299958871,0,5,5,B,5357,0.475,False,3.2971232769996277
0,33.24517179695933,1000,0,max_steps,7.623749897524181,0.896027619997767,astar,False,0,356698,0,6913,876,0.31246337099946686,0,0.0,0.03158308900310658,0,5,5,B,5358,0.35,False,2.649095988002955
0,32.628334139247485,1000,0,max_steps,5.804012620592756,1.5328116069977114,astar,False,0,351617,0,14609,1883,0.41028051899775164,0,0.0,0.04030080499796895,0,4,4,B,5359,0.5,False,3.0471282939943194
0,32.45827824483019,1000,0,max_steps,8.162050140742823,1.3286541089983075,astar,False,0,461667,0,66811,8379,0.30784498900175095,0,0.0,0.14060151900048368,0,6,6,B,5360,0.475,False,3.779236023998237
0,33.893255982965954,1000,0,max_steps,3.164302845809796,0.9711786549996759,astar,False,0,325911,0,3008,395,0.946160093000799,0,0.0,0.024890933000278892,0,5,5,B,5361,0.38333333333333336,False,2.6794647780006926
0,34.22968929106698,1000,0,max_steps,1.64402326625872,0.9152517140028067,astar,False,0,340434,0,6965,903,0.5168268859997625,0,0.0,0.05300968899973668,0,5,5,B,5362,0.39166666666666666,False,3.244517283004825
0,33.21488443917036,1000,0,max_steps,5.043591230462673,1.0687534069984395,astar,False,0,261309,0,136169,17125,0.8283095110018621,0,0.0,0.23509895299866912,0,5,5,B,5363,0.475,False,3.112144619000901
0,33.487809373771995,1000,0,max_steps,4.915059765659008,1.362088242000027,astar,False,0,386847,0,25824,3281,0.16151006799918832,0,0.0,0.0790796470027999,0,5,5,B,5364,0.48333333333333334,False,4.742186400995706
0,31.431091667880217,1000,0,max_steps,10.398692826504682,1.2911674979986856,astar,False,0,303101,0,336748,42121,0.12869700199735234,0,0.0,0.5018962560025102,0,7,7,B,5365,0.4083333333333333,False,5.643778273002681
0,31.84468859691409,1000,0,max_steps,8.273168226260115,1.0435276110001723,astar,False,0,345122,0,8223,1042,0.2763632680034789,0,0.0,0.033745810000255005,0,5,5,B,5366,0.4166666666666667,False,3.6078359839993936
0,31.170798951731474,1000,0,max_steps,8.152166123184681,1.31489433599927,astar,False,0,486032,0,12482,1598,0.30034886799694505,0,0.0,0.0436008420001599,0,5,5,B,5367,0.525,False,4.604045739994035
0,31.97324525392636,1000,0,max_steps,7.853363133078716,1.265633503000572,astar,False,0,433748,0,7622,981,0.2916345719968376,0,0.0,0.03540624800007208,0,7,7,B,5368,0.4166666666666667,False,4.077677494002273
0,32.40190897718734,1000,0,max_steps,9.335834858222373,1.9401438040003995,astar,False,0,397547,0,6861,874,0.39554523499828065,0,0.0,0.05689648699990357,0,6,6,B,5369,0.44166666666666665,False,5.794556644003023
0,33.12281018239578,1000,0,max_steps,6.034613699318291,1.1035278499984997,astar,False,0,211542,0,181699,22868,0.38005203099965,0,0.0,0.2681295490001503,0,5,5,B,5370,0.38333333333333336,False,3.0642810839963204
0,32.97149109902497,1000,0,max_steps,4.101257429130728,0.9394739750023291,astar,False,0,380284,0,10826,1399,0.33522928499951377,0,0.0,0.039487048001319636,0,7,7,B,5371,0.45,False,3.28651759600325
0,33.24064065797176,1000,0,max_steps,7.648876551494343,0.8868626510011381,astar,False,0,304729,0,12286,1555,0.4493998660000216,0,0.0,0.03651728899785667,0,6,6,B,5372,0.39166666666666666,False,2.7430268070020247
0,32.0797017754524,1000,0,max_steps,9.49797675823646,1.6200033060013084,astar,False,0,432401,0,270957,34023,0.7114710960013326,0,0.0,0.40424548399823834,0,6,6,B,5373,0.475,False,6.055268475996854
0,31.017062207981773,1000,0,max_steps,16.03808942798362,1.691507529001683,astar,False,0,274470,0,49113,6173,0.2899147999996785,0,0.0,0.10610436199931428,0,6,6,B,5374,0.35833333333333334,False,4.958130132003134
0,33.922278251962226,1000,0,max_steps,5.432684649415975,0.9413547160002054,astar,False,0,271311,0,65516,8198,0.8071971280005528,0,0.0,0.1319179720012471,0,4,4,B,5375,0.45,False,2.066583519001142
0,32.02404193007863,1000,0,max_steps,8.144495840750364,1.0066533909994178,astar,False,0,456854,0,11424,1443,0.29628152300210786,0,0.0,0.06642278599974816,0,7,7,B,5376,0.48333333333333334,False,4.201427955998952
0,31.646110901003233,1000,0,max_steps,18.10190770333337,1.3766585830016993,astar,False,0,348732,0,363671,45531,0.22972077700251248,0,0.0,0.5414447520015528,0,5,5,B,5377,0.4,False,4.598471451001387
0,32.72896297191045,1000,0,max_steps,6.51769226797338,1.6172725159995025,astar,False,0,390560,0,106912,13450,1.1322780340015015,0,0.0,0.18528407700068783,0,6,6,B,5378,0.425,False,6.399031430995819
0,32.81958314716935,1000,0,max_steps,7.064103800199993,1.0181803699997545,astar,False,0,317283,0,36090,4554,0.27109250700232224,0,0.0,0.08945331599898054,0,7,7,B,5379,0.5083333333333333,False,5.192804606995196
0,31.87418507832911,1000,0,max_steps,7.379384290033958,0.8302213530005247,astar,False,0,375029,0,135725,17019,0.35958902399943327,0,0.0,0.22865605300103198,0,7,7,B,5380,0.475,False,4.156528916009847
0,32.27725952478072,1000,0,max_steps,7.360472980726169,0.7884237849975761,astar,False,0,395228,0,105513,13280,0.45376539299832075,0,0.0,0.19154595999862067,0,6,6,B,5381,0.4166666666666667,False,4.3402161289996
0,32.62104352424758,1000,0,max_steps,13.59150699885778,1.8397055639979953,astar,False,0,376622,0,160478,20075,0.5725175839979784,0,0.0,0.2424074570008088,0,6,6,B,5382,0.4666666666666667,False,4.631891793997056
0,32.40190381244531,1000,0,max_steps,9.370782384625095,1.8452943529991899,astar,False,0,438457,0,12225,1549,0.306369124999037,0,0.0,0.06594800500170095,0,5,5,B,5383,0.4166666666666667,False,2.96704670100371
0,34.50119334741658,1000,0,max_steps,3.327207913551541,1.0414799669997592,astar,False,0,164517,0,245735,30726,0.14258143499682774,0,0.0,0.40111544700266677,0,4,4,B,5384,0.38333333333333336,False,2.4594092539991834
0,34.2248790395437,1000,0,max_steps,2.881460133335178,0.8062967229998321,astar,False,0,335042,0,4392,553,0.4361172210010409,0,0.0,0.028988704001676524,0,6,6,B,5385,0.4666666666666667,False,2.9267248320029466
0,33.24684855751503,1000,0,max_steps,10.85156958693073,1.0728375329999835,astar,False,0,400596,0,268489,33572,0.5369874669995625,0,0.0,0.41056887000013376,0,6,6,B,5386,0.4083333333333333,False,4.937115428001562
0,33.90375874582754,1000,0,max_steps,4.295673695708273,1.094798620997608,astar,False,0,314243,0,5391,681,0.7173892259997956,0,0.0,0.029499570999178104,0,4,4,B,5387,0.4166666666666667,False,2.7840694669976074
0,32.788026771358666,1000,0,max_steps,6.044341361968232,0.9661933200004569,astar,False,0,388981,0,172945,21857,0.711782319998747,0,0.0,0.24972726399937528,0,6,6,B,5388,0.4166666666666667,False,3.2543323550053174
0,33.32264702263308,1000,0,max_steps,5.754264722794737,1.5145623659991543,astar,False,0,419789,0,100345,12643,1.3305303230008576,0,0.0,0.18206625500170048,0,4,4,B,5389,0.4666666666666667,False,3.458820278996427
0,32.49457735472463,1000,0,max_steps,9.144140883647843,0.9913596489968768,astar,False,0,437415,0,199246,25115,0.36552054200001294,0,0.0,0.31222106899804203,0,7,7,B,5390,0.425,False,5.380049264000263
0,31.950340202413322,1000,0,max_steps,6.045788823635835,0.801626844000566,astar,False,0,372254,0,5282,681,0.11743509799998719,0,0.0,0.008081894997303607,0,8,8,B,5391,0.375,False,3.664880735999759
0,33.50996011532503,1000,0,max_steps,3.4117902192250886,1.0533929589983018,astar,False,0,396074,0,17713,2283,0.32353421000152593,0,0.0,0.06839197700173827,0,7,7,B,5392,0.43333333333333335,False,3.040150355995138
0,31.713924366893316,1000,0,max_steps,7.134708298171692,0.9863887629981036,astar,False,0,330764,0,4074,537,0.18105038999783574,0,0.0,0.02717023700097343,0,7,7,B,5393,0.4166666666666667,False,4.128969286997744
0,32.58063292040135,1000,0,max_steps,6.204862004911953,0.7766936529988016,astar,False,0,342918,0,6214,799,0.43736088299920084,0,0.0,0.03065229099956923,0,6,6,B,5394,0.45,False,2.6628678609959024
0,33.02219797564259,1000,0,max_steps,6.34628336114926,0.9939967719983542,astar,False,0,436388,0,4502,579,0.3327344110002741,0,0.0,0.05656174000250758,0,7,7,B,5395,0.45,False,3.4525212990010914
0,33.41841674466582,1000,0,max_steps,5.844040768167173,1.1652012660015316,astar,False,0,434350,0,149307,18854,0.6799902179991477,0,0.0,0.2508051070035435,0,4,4,B,5396,0.5,False,3.886886432006577
0,32.09090672037556,1000,0,max_steps,6.2771659608457036,1.110177422000561,astar,False,0,309335,0,6169,808,0.2501472530020692,0,0.0,0.008802926000498701,0,6,6,B,5397,0.475,False,3.5786116649978794
0,33.34410641205763,1000,0,max_steps,3.4117902192250886,0.4825763109984109,astar,False,0,283409,0,5619,725,0.16476356900238898,0,0.0,0.027789024003141094,0,7,7,B,5398,0.39166666666666666,False,2.2933239820049494
0,33.21976831495941,1000,0,max_steps,4.890584065323894,0.7638645119986904,astar,False,0,349070,0,9484,1263,0.33599220199903357,0,0.0,0.034475370001018746,0,7,7,B,5399,0.45,False,3.4689204059977783
0,33.736541589292365,1000,0,max_steps,3.729988270759037,1.0016304919990944,astar,False,0,348296,0,7261,947,0.43456103399876156,0,0.0,0.03323576700131525,0,4,4,B,5400,0.4166666666666667,False,2.5248076539974136
0,33.76155791533753,1000,0,max_steps,6.431004004041668,0.9104988489998505,astar,False,0,204163,0,98378,12341,0.1331663600030879,0,0.0,0.16115179099870147,0,5,5,B,5401,0.3416666666666667,False,2.4088866750025772
0,33.72973249491553,1000,0,max_steps,5.577661920554164,1.124994642999809,astar,False,0,356931,0,111892,14139,0.9287414799982798,0,0.0,0.1941113140019297,0,3,3,B,5402,0.425,False,2.576997879998089
0,33.94588078656962,1000,0,max_steps,4.048340709475918,0.8540549589997681,astar,False,0,336944,0,57478,7283,0.3522125820018118,0,0.0,0.1159875560006185,0,4,4,B,5403,0.36666666666666664,False,2.1589169120015868
0,33.37129338668656,1000,0,max_steps,5.780597936200024,1.0896194060005655,astar,False,0,454530,0,3133,410,0.1723014690032869,0,0.0,0.030422743999224622,0,7,7,B,5404,0.5083333333333333,False,3.8292372780015285
0,33.42441929304734,1000,0,max_steps,5.745242597140699,0.7434142040001461,astar,False,0,311038,0,5991,753,0.4973766639996029,0,0.0,0.029361239001445938,0,5,5,B,5405,0.39166666666666666,False,2.725591340997198
0,31.999755575062473,1000,0,max_steps,6.045995575585544,0.9790027030030615,astar,False,0,388275,0,10506,1345,0.23537993699937942,0,0.0,0.036856169001111994,0,7,7,B,5406,0.38333333333333336,False,3.2446051689985325
0,31.429862877018774,1000,0,max_steps,8.145723571298007,1.234813746999862,astar,False,0,379705,0,29022,3702,0.2979203180002514,0,0.0,0.0834375619997445,0,5,5,B,5407,0.4,False,3.4183579919954354
0,32.959303265720415,1000,0,max_steps,4.879068814845717,0.7376137130013376,astar,False,0,387953,0,7288,961,0.7036461759998929,0,0.0,0.03371085399703588,0,7,7,B,5408,0.38333333333333336,False,2.8133569359961257
0,33.31061731749704,1000,0,max_steps,6.480282594146645,1.2224902300004032,astar,False,0,387546,0,52196,6643,0.7523798630027159,0,0.0,0.11900484900252195,0,6,6,B,5409,0.48333333333333334,False,4.412110209992534
0,32.213832109845306,1000,0,max_steps,7.513009550107068,0.8481681980010762,astar,False,0,399546,0,8527,1101,0.48946575700028916,0,0.0,0.03584465700259898,0,6,6,B,5410,0.4666666666666667,False,3.7387205400082166
0,31.931928832996647,1000,0,max_steps,8.515372129273034,1.392475540000305,astar,False,0,411112,0,8959,1155,0.3264048230012122,0,0.0,0.036730518000695156,0,7,7,B,5411,0.4166666666666667,False,4.569390353997733
0,33.66332305307542,1000,0,max_steps,4.31338758981847,1.4004771530017024,astar,False,0,389370,0,7416,932,0.8321412789991882,0,0.0,0.03443522499946994,0,4,4,B,5412,0.425,False,4.40202113900159
0,32.30303304149178,1000,0,max_steps,5.815953275259349,1.1780359410004166,astar,False,0,314456,0,13389,1742,0.33278129199970863,0,0.0,0.05964209900048445,0,7,7,B,5413,0.4083333333333333,False,4.975337825992028
0,33.098833971213246,1000,0,max_steps,5.358200490836452,0.6946470990005764,astar,False,0,328588,0,3835,499,0.15615533500022138,0,0.0,0.02649813300013193,0,6,6,B,5414,0.4083333333333333,False,2.5252592569995613
0,32.90088479477524,1000,0,max_steps,6.086896787362173,1.4450433800011524,astar,False,0,417460,0,12626,1626,0.25280806200316874,0,0.0,0.04211845700046979,0,6,6,B,5415,0.475,False,2.991599214004964
0,34.44908735309906,1000,0,max_steps,1.8561553006146871,0.801388173000305,astar,False,0,256430,0,5781,735,0.09470773599969107,0,0.0,0.009551324998028576,0,5,5,B,5416,0.38333333333333336,False,2.317590921000374
0,32.93364269560264,1000,0,max_steps,7.115673720737903,1.0589420490032353,astar,False,0,415792,0,15266,1945,0.125525915002072,0,0.0,0.04359593800108996,0,6,6,B,5417,0.425,False,3.9544534029992064
0,33.71974180288031,1000,0,max_steps,3.9598374335318347,1.3450117319989658,astar,False,0,306583,0,7439,954,0.28060458099935204,0,0.0,0.011054264999984298,0,5,5,B,5418,0.43333333333333335,False,4.541212743999495
0,33.11078000454003,1000,0,max_steps,7.54960677783949,1.1106390850000025,astar,False,0,372351,0,11694,1503,0.5801801580018946,0,0.0,0.0389082719993894,0,6,6,B,5419,0.4666666666666667,False,3.9312516819991288
0,32.91108792420178,1000,0,max_steps,6.965024228242138,0.9224828160004108,astar,False,0,391269,0,3371,431,0.23421311400306877,0,0.0,0.029465579998941394,0,6,6,B,5420,0.48333333333333334,False,3.426846319995093
0,32.697077220911204,1000,0,max_steps,6.010433636602269,1.5893726609974692,astar,False,0,259186,0,12449,1574,0.37411375300143845,0,0.0,0.033691292999719735,0,5,5,B,5421,0.38333333333333336,False,3.276463670998055
0,31.417371018984007,1000,0,max_steps,8.557471150988473,1.1398079299979145,astar,False,0,408761,0,6190,791,0.3950123350005015,0,0.0,0.057729475000087405,0,6,6,B,5422,0.45,False,3.3353262599957816
0,33.513331609719586,1000,0,max_steps,4.189607678530292,0.9620946209979593,astar,False,0,428394,0,2481,323,0.20016371499878005,0,0.0,0.028809694002120523,0,7,7,B,5423,0.44166666666666665,False,3.5303759969938255
0,32.670142199946554,1000,0,max_steps,6.502235192608767,1.4147254179988522,astar,False,0,247545,0,100985,12722,0.8864268520010228,0,0.0,0.20146269999895594,0,4,4,B,5424,0.3333333333333333,False,4.170702515999437
0,31.88330260540407,1000,0,max_steps,8.538387581973542,1.0400261220020184,astar,False,0,433032,0,7731,992,0.23863553399860393,0,0.0,0.03683004499907838,0,8,8,B,5425,0.44166666666666665,False,4.281813164001505
0,30.95791016474773,1000,0,max_steps,9.42226419179594,1.4724522190008429,astar,False,0,470880,0,4685,598,0.6805388100001437,0,0.0,0.033336775999487145,0,7,7,B,5426,0.43333333333333335,False,5.010143489998882
0,33.714878041814906,1000,0,max_steps,6.049612590901997,0.894518249999237,astar,False,0,300299,0,15945,2048,0.21554262000063318,0,0.0,0.03944554600093397,0,5,5,B,5427,0.4,False,2.639773666003748
0,32.278500860201504,1000,0,max_steps,9.565971592054828,1.5248768769997696,astar,False,0,502496,0,95721,12142,0.4050713690012344,0,0.0,0.15214878800179577,0,6,6,B,5428,0.48333333333333334,False,4.288036891994125
0,32.25756799740023,1000,0,max_steps,6.184784757774516,0.9680750459992851,astar,False,0,346435,0,144866,18317,0.4156624909992388,0,0.0,0.23373831400022027,0,5,5,B,5429,0.425,False,2.8525223190008546
0,33.77933849147695,1000,0,max_steps,4.295673695708273,1.4834278540001833,astar,False,0,322917,0,6981,899,0.2921345079994353,0,0.0,0.03271164900070289,0,3,3,B,5430,0.39166666666666666,False,2.8832343260037305
0,33.05894401185653,1000,0,max_steps,4.6138717472422215,0.8146534810002777,astar,False,0,426690,0,7018,881,0.4822448600025382,0,0.0,0.05927405599868507,0,6,6,B,5431,0.4,False,2.662798314999236
0,32.5658365825175,1000,0,max_steps,7.0895389483378946,1.258544434000214,astar,False,0,367254,0,9280,1205,0.7260454360002768,0,0.0,0.03507846900174627,0,6,6,B,5432,0.43333333333333335,False,4.575310050004191
0,33.64258752439243,1000,0,max_steps,4.47245039100491,1.1016405819973443,astar,False,0,259870,0,5159,661,0.3213852949993452,0,0.0,0.02305556799910846,0,6,6,B,5433,0.39166666666666666,False,4.279804888999934
0,32.62699854377489,1000,0,max_steps,8.434916271072286,1.2282964379992336,astar,False,0,440115,0,345964,43317,0.2919112800009316,0,0.0,0.5593940340004337,0,5,5,B,5434,0.425,False,3.9576390569964133
0,31.97731401118279,1000,0,max_steps,7.233537343513198,1.0894683619990246,astar,False,0,391369,0,121577,15351,0.38857835000089835,0,0.0,0.2112357879996125,0,7,7,B,5435,0.4666666666666667,False,5.090210764003132
0,32.404052136886406,1000,0,max_steps,5.997838152201173,1.0142480219983554,astar,False,0,350831,0,20168,2612,0.44209102599779726,0,0.0,0.0703368109971052,0,7,7,B,5436,0.35,False,2.993145300002652
0,33.59747662378666,1000,0,max_steps,10.642970097674803,0.9093379040023137,astar,False,0,280970,0,106126,13407,0.24995138799931738,0,0.0,0.17564154800129472,0,5,5,B,5437,0.425,False,3.190105014004075
0,32.44144320695955,1000,0,max_steps,8.328058747391255,1.629958407000231,astar,False,0,343276,0,9799,1267,0.31382308199681574,0,0.0,0.03479939099997864,0,7,7,B,5438,0.39166666666666666,False,4.191921899997396
0,32.86722975494753,1000,0,max_steps,5.161909772555114,0.7979048769993824,astar,False,0,374119,0,4443,583,0.14901952299987897,0,0.0,0.02928457899906789,0,7,7,B,5439,0.45,False,3.943020764996618
0,33.61079312397496,1000,0,max_steps,4.89671445971684,0.6751029329971061,astar,False,0,253116,0,12830,1657,0.46037320899995393,0,0.0,0.03281733800031361,0,5,5,B,5440,0.4166666666666667,False,2.5426030339986028
0,32.596674617372315,1000,0,max_steps,7.619075567285049,1.0554968219985312,astar,False,0,345566,0,9547,1226,0.2426606780027214,0,0.0,0.035069171000941424,0,7,7,B,5441,0.425,False,3.8182935990007536
0,31.903362484160297,1000,0,max_steps,8.270297001921996,1.4777362099994207,astar,False,0,427104,0,38558,4899,0.2849465780018363,0,0.0,0.09943519700027537,0,6,6,B,5442,0.4666666666666667,False,5.454220238003472
0,33.21085407424149,1000,0,max_steps,6.698250704475011,0.7727800469983777,astar,False,0,295993,0,13299,1735,0.23239753600137192,0,0.0,0.05812114799846313,0,7,7,B,5443,0.4083333333333333,False,2.6012064829992596
0,33.613373934778444,1000,0,max_steps,4.295673695708273,1.1677684290007164,astar,False,0,328628,0,4251,549,0.597769365998829,0,0.0,0.027569792000576854,0,6,6,B,5444,0.43333333333333335,False,5.041141482004605
0,33.7425806208631,1000,0,max_steps,3.394158584980964,1.3693631309979537,astar,False,0,223126,0,338133,42327,0.6513447040015308,0,0.0,0.5359438060004322,0,3,3,B,5445,0.4666666666666667,False,3.2517276280013903
0,33.10646870418323,1000,0,max_steps,5.0734911550134765,1.1051509380013158,astar,False,0,390591,0,7678,982,0.7509074109984795,0,0.0,0.05852128399783396,0,5,5,B,5446,0.5083333333333333,False,3.4198493370022334
0,32.91530211763441,1000,0,max_steps,6.289897654175301,1.0797840060004091,astar,False,0,401647,0,10413,1360,0.38481354599935,0,0.0,0.06586225399951218,0,6,6,B,5447,0.45,False,2.849847702003899
0,33.1771526018773,1000,0,max_steps,6.487704717386571,1.25957296800334,astar,False,0,486104,0,2428,322,0.27370807599800173,0,0.0,0.030873519001033856,0,7,7,B,5448,0.43333333333333335,False,4.6351530400024785
0,32.32171701252487,1000,0,max_steps,12.036727649157804,1.0510696239980462,astar,False,0,436190,0,252781,31781,0.34921035500155995,0,0.0,0.38151875599942286,0,6,6,B,5449,0.4666666666666667,False,4.369348028998502
0,31.935040826530336,1000,0,max_steps,8.202457710954686,0.9493723430023238,astar,False,0,268191,0,9088,1151,0.2021895770012634,0,0.0,0.031237702001817524,0,7,7,B,5450,0.43333333333333335,False,3.2092349830054445
0,32.801523869610484,1000,0,max_steps,7.442298871988412,2.1473434829968028,astar,False,0,370160,0,12981,1669,0.5015851970019867,0,0.0,0.06476495999959297,0,6,6,B,5451,0.43333333333333335,False,4.246479680001357
0,32.50047880197493,1000,0,max_steps,7.539831728891566,0.881214455999725,astar,False,0,382898,0,6481,845,0.40755094699852634,0,0.0,0.03229475199987064,0,7,7,B,5452,0.4666666666666667,False,4.0821924319971
0,31.542824080981006,1000,0,max_steps,7.702941808166537,1.2932745719990635,astar,False,0,406329,0,7224,925,0.1465420640015509,0,0.0,0.010176834999583662,0,7,7,B,5453,0.43333333333333335,False,3.727842158998101
0,33.35883900773123,1000,0,max_steps,5.847782699451133,0.8619931680004811,astar,False,0,519403,0,9594,1238,0.527344912999979,0,0.0,0.04067628000120749,0,7,7,B,5454,0.5083333333333333,False,4.7742943610028306
0,32.95966373821497,1000,0,max_steps,4.5078057300642405,0.7926186069998948,astar,False,0,383041,0,3033,383,0.46086121299958904,0,0.0,0.026975189000950195,0,6,6,B,5455,0.48333333333333334,False,3.4040802500021528
0,32.85143969009522,1000,0,max_steps,7.346023584225684,1.5966778700021678,astar,False,0,392067,0,28303,3598,0.6690856319983141,0,0.0,0.08357308900303906,0,6,6,B,5456,0.43333333333333335,False,5.830117658002564
0,33.06394404861916,1000,0,max_steps,8.662509018754324,1.3487464739991992,astar,False,0,390118,0,32323,4077,0.6549160640024638,0,0.0,0.08894544899885659,0,4,4,B,5457,0.45,False,2.8828656659970875
0,31.552281111685208,1000,0,max_steps,7.779801572019685,1.024168653999368,astar,False,0,362219,0,8032,1029,0.19885830500061275,0,0.0,0.03334297300170874,0,7,7,B,5458,0.4083333333333333,False,4.053172296000412
0,33.73320542286191,1000,0,max_steps,5.014385555579064,1.0867911929999536,astar,False,0,270165,0,43549,5522,0.33612726499995915,0,0.0,0.09674583599917241,0,4,4,B,5459,0.39166666666666666,False,1.986970163994556
0,33.60105340089512,1000,0,max_steps,5.320978528428769,1.0092193009986659,astar,False,0,283666,0,4677,605,0.17423329599841963,0,0.0,0.007389720998617122,0,6,6,B,5460,0.4083333333333333,False,3.285710718995688
0,32.3656188605724,1000,0,max_steps,6.3855549876263655,1.0250196999986656,astar,False,0,303739,0,199814,25113,0.7127699510019738,0,0.0,0.3058756370010087,0,5,5,B,5461,0.43333333333333335,False,3.330750966000778
0,33.36546265022463,1000,0,max_steps,3.3290858354809623,0.9510409469985461,astar,False,0,310007,0,124999,15717,0.7587833889992908,0,0.0,0.18916021000040928,0,4,4,B,5462,0.4083333333333333,False,2.3901698810004746
0,32.28772326379838,1000,0,max_steps,7.071089908917858,0.8890141230003792,astar,False,0,277796,0,7696,981,0.2600292580027599,0,0.0,0.01119493400256033,0,7,7,B,5463,0.4583333333333333,False,4.0492698490015755
0,33.208242571748286,1000,0,max_steps,7.318747331340246,0.8723917919996893,astar,False,0,311702,0,5366,696,0.8022449599993706,0,0.0,0.02729137500136858,0,4,4,B,5464,0.375,False,2.6381255899941607
0,32.89083288720727,1000,0,max_steps,5.187274091466535,1.7416849260007439,astar,False,0,459470,0,5472,710,0.15435412599981646,0,0.0,0.03434508700229344,0,5,5,B,5465,0.45,False,3.241513881002902
0,31.719566572989354,1000,0,max_steps,10.695925041809145,0.915511677001632,astar,False,0,473220,0,13204,1700,0.4429071419981483,0,0.0,0.04507692200058955,0,7,7,B,5466,0.475,False,5.148470426000131
0,33.53028704675741,1000,0,max_steps,4.04818632229298,1.2062687540019397,astar,False,0,419617,0,2998,385,0.2853389629999583,0,0.0,0.028671356998529518,0,5,5,B,5467,0.525,False,3.5544910630014783
0,32.00838193719372,1000,0,max_steps,10.049331445424613,0.9637924259986903,astar,False,0,316344,0,68972,8675,0.13159851800082834,0,0.0,0.1324825259980571,0,7,7,B,5468,0.43333333333333335,False,3.5471060250019946
0,33.544298041286034,1000,0,max_steps,3.3057242020471076,1.2459418239996012,astar,False,0,321732,0,7059,918,0.1385758620017441,0,0.0,0.029789880998578155,0,4,4,B,5469,0.3333333333333333,False,2.110598822000611
0,31.90583517233629,1000,0,max_steps,7.990326182328226,1.5378475659999822,astar,False,0,271912,0,7746,980,0.4171605819974502,0,0.0,0.029843501000868855,0,5,5,B,5470,0.39166666666666666,False,3.8661917299978086
0,32.558219294694126,1000,0,max_steps,8.77099267472046,1.282307216002664,astar,False,0,370094,0,218951,27532,0.9251125760019931,0,0.0,0.3510194349983067,0,6,6,B,5471,0.39166666666666666,False,3.743444822001038
0,33.58670997957967,1000,0,max_steps,5.002780476894821,1.1340694409991556,astar,False,0,296660,0,4659,606,0.30064538000078755,0,0.0,0.026688600002671592,0,6,6,B,5472,0.39166666666666666,False,3.9173051539983135
0,33.76057744574721,1000,0,max_steps,5.409626835558989,1.2071335019973048,astar,False,0,372135,0,18663,2410,0.3754722289995698,0,0.0,0.06999015499968664,0,5,5,B,5473,0.4583333333333333,False,3.63098387399441
0,33.55033067190423,1000,0,max_steps,6.081144012437132,0.7120194000017364,astar,False,0,299767,0,5906,767,0.23005557299984503,0,0.0,0.029528513998229755,0,7,7,B,5474,0.4,False,2.369525167003303
0,32.98369347552852,1000,0,max_steps,7.124100820454463,1.3143799249992298,astar,False,0,311792,0,5356,672,0.21907550300238654,0,0.0,0.02918181600034586,0,6,6,B,5475,0.48333333333333334,False,4.1159678579970205
0,33.05331041155144,1000,0,max_steps,4.525794129210913,0.654996889999893,astar,False,0,342150,0,4538,623,0.15116661700085388,0,0.0,0.0274465720031003,0,7,7,B,5476,0.4083333333333333,False,2.5396044589979283
0,32.87612355140603,1000,0,max_steps,6.76870094626731,1.8901407829980599,astar,False,0,358584,0,150132,18877,0.19483672099886462,0,0.0,0.25105448700196575,0,5,5,B,5477,0.425,False,4.5388097549985105
0,34.044345463057496,1000,0,max_steps,4.932196518793629,1.274718368997128,astar,False,0,361362,0,15511,1991,1.207988795998972,0,0.0,0.06635057600215077,0,5,5,B,5478,0.425,False,3.162469038998097
0,33.25353816922632,1000,0,max_steps,6.657162496139026,0.9410574920002546,astar,False,0,188737,0,5979,774,0.22880072300176835,0,0.0,0.01989654600038193,0,7,7,B,5479,0.325,False,3.0540292890000273
0,34.45191798596978,1000,0,max_steps,2.952170811453834,1.0801307229994563,astar,False,0,339632,0,2261,294,0.19175813000038033,0,0.0,0.02529028899880359,0,5,5,B,5480,0.4083333333333333,False,3.038576806000492
0,32.07143715194974,1000,0,max_steps,10.730345404505856,1.2820827270006703,astar,False,0,452905,0,4984,637,0.4186152080001193,0,0.0,0.060251318998780334,0,7,7,B,5481,0.44166666666666665,False,4.08821086399621
0,30.981346192690218,1000,0,max_steps,9.829372436732672,1.6265225089991873,astar,False,0,262674,0,209202,26156,0.4585943860001862,0,0.0,0.3405101210009889,0,6,6,B,5482,0.45,False,6.707792694996897
0,31.361985279082226,1000,0,max_steps,10.23585914811258,1.2851880270027323,astar,False,0,434032,0,392048,49133,0.2747224330014433,0,0.0,0.6189743050017569,0,6,6,B,5483,0.43333333333333335,False,4.057691814003192
0,31.566509450241334,1000,0,max_steps,7.283993581820343,1.1794855560001452,astar,False,0,368105,0,16085,2064,0.36011940400203457,0,0.0,0.04361708699798328,0,7,7,B,5484,0.5166666666666667,False,3.671969581002486
0,33.234330033147565,1000,0,max_steps,6.34628336114926,1.2007312570021895,astar,False,0,378619,0,3801,489,1.1485198579975986,0,0.0,0.05202399500194588,0,6,6,B,5485,0.45,False,3.1519429049985774
0,32.76950386354515,1000,0,max_steps,6.314096332809627,1.0483870080024644,astar,False,0,285593,0,6885,893,0.30730273999870406,0,0.0,0.028528707000077702,0,6,6,B,5486,0.425,False,3.052484347997961
0,32.541854037725905,1000,0,max_steps,6.593770734564553,1.4257823519983504,astar,False,0,417711,0,3458,437,0.525391324001248,0,0.0,0.029921420999016846,0,6,6,B,5487,0.4,False,4.510306624997611
0,32.462127241028014,1000,0,max_steps,6.843267677067731,0.9397496099991258,astar,False,0,409299,0,9021,1157,0.19409140399875469,0,0.0,0.012472726000851253,0,7,7,B,5488,0.39166666666666666,False,3.2978892030005227
0,33.30035414790181,1000,0,max_steps,6.843541663495589,1.7894296560007206,astar,False,0,492660,0,11378,1469,0.26172342999780085,0,0.0,0.04273285299859708,0,7,7,B,5489,0.425,False,3.8438797930029978
0,31.323407015218784,1000,0,max_steps,10.553154149352693,1.2245191120018717,astar,False,0,427210,0,137573,17277,0.44244653699934133,0,0.0,0.24432613500175648,0,8,8,B,5490,0.44166666666666665,False,6.095708217992069
0,33.83038557388426,1000,0,max_steps,3.3057242020471076,0.6110047350011882,astar,False,0,241618,0,8312,1077,0.237543272000039,0,0.0,0.024828574001730885,0,7,7,B,5491,0.35,False,1.9729878550060675
0,32.737457604826595,1000,0,max_steps,7.795852262581685,1.08415780499854,astar,False,0,348126,0,6342,826,0.37627081100072246,0,0.0,0.032461118997161975,0,6,6,B,5492,0.4083333333333333,False,3.480852797998523
0,32.015992421930974,1000,0,max_steps,7.8522488816898806,1.3917649110007915,astar,False,0,313363,0,23849,3067,0.4084173240007658,0,0.0,0.07706691999919713,0,7,7,B,5493,0.44166666666666665,False,5.952985390005779
0,31.525819143669654,1000,0,max_steps,8.90514247499724,1.358170395000343,astar,False,0,472494,0,272454,34391,0.7968392630027665,0,0.0,0.45892933100185473,0,7,7,B,5494,0.475,False,6.5432491559949995
0,33.23868857524982,1000,0,max_steps,5.745242597140699,1.1157813979989442,astar,False,0,409290,0,5651,724,0.6358635430005961,0,0.0,0.03218372300034389,0,5,5,B,5495,0.49166666666666664,False,4.716733205998025
0,33.385816160501655,1000,0,max_steps,4.961130163581679,1.2656202069993014,astar,False,0,400065,0,22964,2946,0.7512300099988352,0,0.0,0.055081777998566395,0,5,5,B,5496,0.4,False,4.2977697029964474
0,33.48908553755542,1000,0,max_steps,5.108846494072802,1.059506543999305,astar,False,0,408869,0,2533,330,0.14552069699857384,0,0.0,0.02825984900118783,0,6,6,B,5497,0.425,False,3.9297305420041084
0,32.03603869573392,1000,0,max_steps,9.095826652921655,1.3383313330014062,astar,False,0,471160,0,108558,13591,0.16032348699809518,0,0.0,0.19685752100122045,0,6,6,B,5498,0.49166666666666664,False,4.964446517002216
0,33.98467722902624,1000,0,max_steps,5.007026313092431,1.0503040779985895,astar,False,0,363882,0,113598,14398,0.8506166179977299,0,0.0,0.19678378900061944,0,5,5,B,5499,0.4166666666666667,False,3.0576862459965923
0,32.37441237944006,1000,0,max_steps,10.058593962378634,1.8283258599985857,astar,False,0,389985,0,21473,2739,0.16795872699731262,0,0.0,0.07886355900336639,0,7,7,B,5500,0.5166666666666667,False,5.447089429002517
0,34.3364936712772,1000,0,max_steps,2.6679228811942806,1.6008759299984376,astar,False,0,322631,0,91212,11439,1.426733301999775,0,0.0,0.17125197899804334,0,3,3,B,5501,0.4583333333333333,False,1.9213558770024974
0,34.15403300305826,1000,0,max_steps,3.341079541106433,0.5860224050011311,astar,False,0,297565,0,4177,546,0.10270361000220873,0,0.0,0.027586428997892654,0,6,6,B,5502,0.4,False,2.083088030001818
0,32.80107389921841,1000,0,max_steps,7.857579939141566,1.1265189739970083,astar,False,0,402598,0,9498,1228,0.39695526899959077,0,0.0,0.036827760999585735,0,6,6,B,5503,0.35,False,3.3791551039976184
0,32.975621477841806,1000,0,max_steps,5.922019292437335,0.9421413130003202,astar,False,0,295509,0,14335,1853,0.4600410430030024,0,0.0,0.05965973400088842,0,6,6,B,5504,0.39166666666666666,False,3.3165093539973896
0,32.66539726332856,1000,0,max_steps,7.654430906344374,1.738954680000461,astar,False,0,403968,0,17694,2283,0.2634896880008455,0,0.0,0.07105908000085037,0,5,5,B,5505,0.4583333333333333,False,3.7935482160028187
0,32.110711306943344,1000,0,max_steps,9.602424823970242,0.9894036600016989,astar,False,0,263066,0,268111,33573,0.5679528289983864,0,0.0,0.409780863999913,0,6,6,B,5506,0.44166666666666665,False,4.033254348003538
0,30.974413521722035,1000,0,max_steps,9.188528853956981,1.1783599789996515,astar,False,0,334539,0,5438,686,0.29885901500165346,0,0.0,0.029313973998796428,0,7,7,B,5507,0.375,False,5.285605667002528
0,33.657386198347325,1000,0,max_steps,5.05905747150593,1.1725563620020694,astar,False,0,257878,0,80725,10159,0.692200215999037,0,0.0,0.1382520150000346,0,4,4,B,5508,0.4083333333333333,False,3.9711040430083813
0,32.568556229742576,1000,0,max_steps,7.194811498573119,1.264173744002619,astar,False,0,520926,0,3093,398,0.28347227099948213,0,0.0,0.0335129679988313,0,7,7,B,5509,0.5083333333333333,False,4.8384855250042165
0,32.75028783228575,1000,0,max_steps,6.222564784716988,1.5379649560018152,astar,False,0,376947,0,300693,37814,1.0768015130015556,0,0.0,0.4504040619976877,0,5,5,B,5510,0.43333333333333335,False,5.02516226100488
0,31.054579514565006,1000,0,max_steps,7.477654211047737,1.5801569229988672,astar,False,0,484389,0,10130,1304,0.7674082580015238,0,0.0,0.04113735000282759,0,7,7,B,5511,0.5083333333333333,False,5.1674287319947325
0,33.676215626115116,1000,0,max_steps,5.044334693495268,1.1861240329999418,astar,False,0,252442,0,104975,13280,1.0063642889981566,0,0.0,0.17762201599907712,0,3,3,B,5512,0.35833333333333334,False,1.8925079410037142
0,32.47648960834679,1000,0,max_steps,8.962578451539487,1.2357018059992697,astar,False,0,398129,0,12183,1591,0.25020244600091246,0,0.0,0.04003095300140558,0,6,6,B,5513,0.45,False,4.242982050003775
0,32.52965446816296,1000,0,max_steps,7.184118769897946,1.3017764110009011,astar,False,0,414406,0,35742,4528,0.3207974260003539,0,0.0,0.09572303700042539,0,7,7,B,5514,0.4,False,4.92614715300806
0,33.88745659748347,1000,0,max_steps,6.198916235923822,1.3578347220027354,astar,False,0,450134,0,270771,34101,0.9455584620009176,0,0.0,0.4031353690006654,0,5,5,B,5515,0.4166666666666667,False,3.1885558830072114
0,33.50773026313613,1000,0,max_steps,5.551491916593228,0.9998832669989497,astar,False,0,270162,0,24002,3031,0.6332272820000071,0,0.0,0.07333979699978954,0,5,5,B,5516,0.45,False,3.602611230999173
0,31.758787756260965,1000,0,max_steps,9.300487218420333,1.115312919999269,astar,False,0,472854,0,9836,1279,0.49190646699935314,0,0.0,0.04270285600068746,0,7,7,B,5517,0.5083333333333333,False,4.10276041799807
0,31.487494887940493,1000,0,max_steps,9.87441453960689,1.2511828230017272,astar,False,0,416187,0,11434,1468,0.6669325690018013,0,0.0,0.04037686199808377,0,7,7,B,5518,0.4583333333333333,False,4.909215322000819
0,32.84960780711498,1000,0,max_steps,6.913415400509357,1.0499902420015133,astar,False,0,365750,0,30171,3860,0.5248043299980054,0,0.0,0.08746727699690382,0,6,6,B,5519,0.45,False,4.534038481007883
0,34.29429659884202,1000,0,max_steps,4.1188970004116365,0.8151139599976887,astar,False,0,270328,0,2002,261,0.09964244499860797,0,0.0,0.022536495001986623,0,5,5,B,5520,0.39166666666666666,False,2.574287409996032
0,33.43280373070682,1000,0,max_steps,5.462399884666076,1.0165888519986765,astar,False,0,382108,0,6538,855,0.4413455750000139,0,0.0,0.030993918000604026,0,6,6,B,5521,0.44166666666666665,False,3.7407163470015803
0,32.06013923775042,1000,0,max_steps,7.68401343700022,0.9111144870003045,astar,False,0,414405,0,40529,5136,0.437091646999761,0,0.0,0.10062450099940179,0,7,7,B,5522,0.5083333333333333,False,4.099886608004454
0,31.839286289032707,1000,0,max_steps,9.777349461894055,2.2568105820027995,astar,False,0,336859,0,3872,502,0.13340152199816657,0,0.0,0.027198093997867545,0,6,6,B,5523,0.4,False,5.024986452001031
0,31.96213914790252,1000,0,max_steps,7.795932433006326,1.2343428889980714,astar,False,0,445246,0,20894,2670,0.3335665720005636,0,0.0,0.07791022500168765,0,5,5,B,5524,0.43333333333333335,False,3.195627800992952
0,32.14082921391058,1000,0,max_steps,12.547671596754514,1.1603697639984603,astar,False,0,364922,0,111871,14179,0.3048837739988812,0,0.0,0.18105695999838645,0,7,7,B,5525,0.38333333333333336,False,3.623304985994764
0,31.991443735406758,1000,0,max_steps,9.228573156236015,2.044696239998302,astar,False,0,348775,0,5691,732,0.9716657219978515,0,0.0,0.05112835600084509,0,5,5,B,5526,0.5166666666666667,False,5.992639423999208
0,31.243151182355202,1000,0,max_steps,9.1409962531444,1.36393373899773,astar,False,0,428228,0,195664,24489,0.14020477200028836,0,0.0,0.3004930780007271,0,8,8,B,5527,0.475,False,5.251810167996155
0,32.408233011524885,1000,0,max_steps,6.732036281839248,1.0126432760007447,astar,False,0,398559,0,13481,1753,0.7582117149977421,0,0.0,0.0661157699978503,0,5,5,B,5528,0.43333333333333335,False,3.811093817002984
0,33.825188537993604,1000,0,max_steps,5.144201833132132,0.4867551369970897,astar,False,0,242414,0,7512,980,0.2897174839999934,0,0.0,0.0266100250009913,0,5,5,B,5529,0.39166666666666666,False,1.6675353089958662
0,34.29920682305454,1000,0,max_steps,1.1315089482633343,1.020409141001437,astar,False,0,410114,0,10595,1378,0.9799982980002824,0,0.0,0.04005333600071026,0,5,5,B,5530,0.4166666666666667,False,2.647113856000942
0,31.884356915406627,1000,0,max_steps,6.80590276892052,1.5073724940011743,astar,False,0,374277,0,7585,998,1.030063987000176,0,0.0,0.03260455499912496,0,5,5,B,5531,0.425,False,4.855798776003212
0,32.92737671704449,1000,0,max_steps,6.028085309615317,1.75949749999927,astar,False,0,408153,0,11672,1488,0.2228886649972992,0,0.0,0.04000143500161357,0,6,6,B,5532,0.39166666666666666,False,5.622971345997939
0,33.17707313844586,1000,0,max_steps,5.235008357204408,1.5504429870015883,astar,False,0,447236,0,5209,679,0.42073565799728385,0,0.0,0.058493301999988034,0,6,6,B,5533,0.4583333333333333,False,4.7522863279991725
0,32.9944118172003,1000,0,max_steps,5.321448346080228,0.738906880000286,astar,False,0,374305,0,15613,1996,0.27440924600159633,0,0.0,0.06644424199839705,0,6,6,B,5534,0.375,False,3.078059410003334
0,32.90602070840675,1000,0,max_steps,6.005336168775232,0.9415674199990463,astar,False,0,447087,0,6621,864,0.36554859100215253,0,0.0,0.033566658003110206,0,6,6,B,5535,0.5,False,3.5126130679927883
0,32.17006004629111,1000,0,max_steps,5.999401011767757,0.9539534770010505,astar,False,0,410936,0,27224,3483,0.3964008900002227,0,0.0,0.08298260800074786,0,8,8,B,5536,0.425,False,3.7475965960038593
0,34.13162482432583,1000,0,max_steps,3.058236828631815,0.6784165099998063,astar,False,0,372259,0,3728,486,0.5330939470004523,0,0.0,0.028540382998471614,0,7,7,B,5537,0.5166666666666667,False,2.764720186998602
0,32.50795360321558,1000,0,max_steps,9.000434017312719,1.5176444989992888,astar,False,0,451364,0,254167,31808,0.21324215899949195,0,0.0,0.4113775910009281,0,7,7,B,5538,0.43333333333333335,False,4.069045821001055
0,33.61517638670501,1000,0,max_steps,4.6877833247708836,1.0429397510015406,astar,False,0,306874,0,6053,788,0.123453429001529,0,0.0,0.028053080997779034,0,5,5,B,5539,0.4,False,3.072221869006171
0,32.46421858070074,1000,0,max_steps,6.010433636602269,0.7868611079975381,astar,False,0,297401,0,5886,772,0.29732355600208393,0,0.0,0.027914485999644967,0,6,6,B,5540,0.4,False,3.206788258994493
0,32.66068941987348,1000,0,max_steps,5.851415427056941,0.7047473840029852,astar,False,0,339977,0,3153,412,0.2849052230012603,0,0.0,0.02568412699838518,0,5,5,B,5541,0.4666666666666667,False,2.4300854180000897
0,33.69028308579702,1000,0,max_steps,4.606008304378095,1.1262154590003775,astar,False,0,285947,0,29435,3749,0.35480238200034364,0,0.0,0.07562610999957542,0,4,4,B,5542,0.4,False,3.0304131740049343
0,33.26930547075528,1000,0,max_steps,5.1972649056979945,0.9658806879997428,astar,False,0,264586,0,3109,407,0.0950250949972542,0,0.0,0.022269813998718746,0,7,7,B,5543,0.4083333333333333,False,3.101663777993963
0,32.98640847686351,1000,0,max_steps,7.356480986178105,1.242374486002518,astar,False,0,401446,0,18212,2319,0.2508484780009894,0,0.0,0.04987831899779849,0,5,5,B,5544,0.4666666666666667,False,2.5735244280003826
0,33.911828915814205,1000,0,max_steps,4.984005668134816,0.9007214350021968,astar,False,0,260903,0,125369,15680,0.2516965490030998,0,0.0,0.20975046300009126,0,5,5,B,5545,0.4166666666666667,False,3.1815442200022517
0,33.55092286307701,1000,0,max_steps,6.965024228242138,1.1583970920000866,astar,False,0,412644,0,13427,1729,0.42751520100136986,0,0.0,0.06626044099903083,0,6,6,B,5546,0.45,False,4.898363216005237
0,33.181215209541904,1000,0,max_steps,7.19793807280946,0.9554613510008494,astar,False,0,418338,0,8230,1060,0.43221570099922246,0,0.0,0.03553807400021469,0,6,6,B,5547,0.475,False,4.379278099000658
0,33.126735570533256,1000,0,max_steps,5.5955618574009165,1.1298108609989868,astar,False,0,397539,0,43829,5541,0.4293521480030904,0,0.0,0.10350649499741849,0,5,5,B,5548,0.4666666666666667,False,3.19886712299558
0,33.33821432079411,1000,0,max_steps,5.214912511250788,1.525137183998595,astar,False,0,319603,0,12612,1648,0.4720970810012659,0,0.0,0.06008505299905664,0,4,4,B,5549,0.4,False,3.1164211409995914
0,31.92096304876475,1000,0,max_steps,5.907437050024316,0.9934504279990506,astar,False,0,473001,0,9247,1195,0.4201868279997143,0,0.0,0.03870612099854043,0,8,8,B,5550,0.5,False,4.2967723429937905
0,33.64721639052158,1000,0,max_steps,4.879068814845717,0.8342419960026746,astar,False,0,330112,0,9226,1185,0.8004706370011263,0,0.0,0.03356890799841494,0,4,4,B,5551,0.49166666666666664,False,2.8839603230044304
0,33.50820006394357,1000,0,max_steps,4.894161061918577,0.6419362499982526,astar,False,0,287164,0,27923,3546,0.567022002000158,0,0.0,0.07436068700189935,0,6,6,B,5552,0.375,False,2.2701758539988077
0,32.18107894839024,1000,0,max_steps,6.809207920162224,0.7704928480015951,astar,False,0,395865,0,4489,589,0.24818995399982668,0,0.0,0.052056395001272904,0,7,7,B,5553,0.4,False,2.945496832002391
0,32.91378343121045,1000,0,max_steps,4.437095051945585,1.1768237739997858,astar,False,0,336732,0,4211,544,0.1638198430009652,0,0.0,0.027337718001945177,0,6,6,B,5554,0.31666666666666665,False,3.9671648209987325
0,32.50719942491596,1000,0,max_steps,7.456561707650515,1.3843259770001168,astar,False,0,496112,0,50345,6352,0.7587549279996892,0,0.0,0.12026956699992297,0,6,6,B,5555,0.4583333333333333,False,5.087595887001953
0,32.07200264547392,1000,0,max_steps,5.483526465697049,1.226221226999769,astar,False,0,398748,0,15294,1956,0.5020371110003907,0,0.0,0.06858566099981545,0,5,5,B,5556,0.43333333333333335,False,3.0670881639962317
0,33.170473252630096,1000,0,max_steps,3.7653436098183626,1.0014102729983279,astar,False,0,365519,0,6048,782,0.4648247149998497,0,0.0,0.035086571999272564,0,6,6,B,5557,0.4083333333333333,False,3.5020059479975316
0,32.40259828069198,1000,0,max_steps,9.872515510243577,1.2580964449989551,astar,False,0,355091,0,17208,2203,0.528957407001144,0,0.0,0.04469519999838667,0,7,7,B,5558,0.4083333333333333,False,3.905197196996596
0,33.16114412318617,1000,0,max_steps,4.755293103479528,1.0836029000020062,astar,False,0,324998,0,2592,339,0.5083492820012907,0,0.0,0.02453445900027873,0,6,6,B,5559,0.4,False,3.7811945350003953
0,32.26466372054024,1000,0,max_steps,10.41880811321525,1.4730632489990967,astar,False,0,359723,0,24159,3086,0.6399058499991952,0,0.0,0.07511543099826667,0,7,7,B,5560,0.4666666666666667,False,4.256909270006872
0,32.4902421782936,1000,0,max_steps,6.882427805651141,1.7156674370016844,astar,False,0,348806,0,29064,3716,0.3111130270008289,0,0.0,0.06082528400293086,0,5,5,B,5561,0.4583333333333333,False,5.3164471720047
0,33.203747979366604,1000,0,max_steps,8.32723318395732,1.5984965979987464,astar,False,0,248424,0,210435,26338,0.2711669529999199,0,0.0,0.3600080579999485,0,4,4,B,5562,0.4166666666666667,False,3.4264021439958015
0,34.75957127089714,1000,0,max_steps,3.8360542879370185,1.6521649839996826,astar,False,0,366196,0,6546,858,1.6207809389998147,0,0.0,0.031137813999521313,0,3,3,B,5563,0.4083333333333333,False,2.3393064260017127
0,32.88786470339068,1000,0,max_steps,6.352583136016402,0.8148395869975502,astar,False,0,319068,0,19210,2443,0.3202576619987667,0,0.0,0.06695488100012881,0,5,5,B,5564,0.38333333333333336,False,2.8430772149986296
0,33.68803096499835,1000,0,max_steps,5.9246571630770335,1.3135206289989583,astar,False,0,416383,0,21642,2795,0.31182214399814256,0,0.0,0.07908908200261067,0,5,5,B,5565,0.49166666666666664,False,3.325948783000058
0,33.28271578110729,1000,0,max_steps,5.780597936200024,0.8074531729980663,astar,False,0,371993,0,5685,731,0.3657706269987102,0,0.0,0.030486681000184035,0,6,6,B,5566,0.425,False,3.0127422899968224
0,34.36684750313985,1000,0,max_steps,2.421840725563923,0.8372262269986095,astar,False,0,253035,0,4615,600,0.81661262399939,0,0.0,0.02045435300169629,0,4,4,B,5567,0.325,False,2.609922217998246
0,32.05321676050193,1000,0,max_steps,9.502910738294872,1.066517275001388,astar,False,0,401761,0,26477,3336,0.5243068439995113,0,0.0,0.08296914799939259,0,6,6,B,5568,0.4166666666666667,False,4.265073956001288
0,32.19074472503517,1000,0,max_steps,8.550018274834269,0.9727105259989912,astar,False,0,284389,0,205400,25788,0.2179749940005422,0,0.0,0.4012797869982023,0,5,5,B,5569,0.425,False,3.798925415994745
0,32.95971918376448,1000,0,max_steps,8.009076881888447,1.3446224079998501,astar,False,0,297339,0,20388,2649,0.5168339390002075,0,0.0,0.047763719001522986,0,5,5,B,5570,0.425,False,3.7339125969992892
0,34.47013017278328,1000,0,max_steps,1.078337841309484,1.475759613000264,astar,False,0,342792,0,7374,962,0.4213113660007366,0,0.0,0.05310425000061514,0,3,3,B,5571,0.39166666666666666,False,2.11406302999967
0,33.919867232362144,1000,0,max_steps,3.6592775926403815,0.6479073199989216,astar,False,0,283228,0,1733,225,0.10806623299868079,0,0.0,0.003070252001634799,0,6,6,B,5572,0.39166666666666666,False,2.4091961109988915
0,32.40245468633322,1000,0,max_steps,7.495853020170548,0.5908547089966305,astar,False,0,298954,0,4969,638,0.22590216699973098,0,0.0,0.026958550999552244,0,7,7,B,5573,0.44166666666666665,False,2.856771775004745
0,34.05713042086334,1000,0,max_steps,2.4890384689674847,0.9172115760011366,astar,False,0,306911,0,18685,2374,0.6474647439972614,0,0.0,0.06640179199894192,0,4,4,B,5574,0.4,False,2.587912946004508
0,32.844400799083296,1000,0,max_steps,5.553743107130541,1.218876562998048,astar,False,0,416997,0,180898,22712,0.9213214570008859,0,0.0,0.2928604679982527,0,5,5,B,5575,0.475,False,4.070344163996197
0,30.811799681025736,1000,0,max_steps,9.563880619288385,1.9487859829969238,astar,False,0,426465,0,21595,2763,0.5650113850024354,0,0.0,0.08025991300019086,0,7,7,B,5576,0.4583333333333333,False,6.065441301994724
0,33.270371441752125,1000,0,max_steps,5.05905747150593,1.334918099000788,astar,False,0,468603,0,7378,956,0.20558823600003961,0,0.0,0.06342646000121022,0,6,6,B,5577,0.4166666666666667,False,3.963011114003166
0,33.97134848706819,1000,0,max_steps,4.932069798776165,1.132091675997799,astar,False,0,282367,0,8085,1044,0.6212456889988971,0,0.0,0.031016696000733646,0,5,5,B,5578,0.4,False,3.2859201729952474
0,31.823205545591936,1000,0,max_steps,8.402919879422864,0.6216952440008754,astar,False,0,341875,0,4911,641,0.42104101800214266,0,0.0,0.028181343001051573,0,8,8,B,5579,0.45,False,3.2959044950002863
0,32.87469139974982,1000,0,max_steps,4.9679283911908385,0.6445832239987794,astar,False,0,377266,0,5189,676,0.15615968700149097,0,0.0,0.03115850500034867,0,8,8,B,5580,0.4583333333333333,False,2.842785367003671
0,32.712104355542145,1000,0,max_steps,6.976411147574371,1.3464247129995783,astar,False,0,380126,0,9955,1288,0.2467440340005851,0,0.0,0.036579290997906355,0,7,7,B,5581,0.43333333333333335,False,4.7371109390041966
0,32.104959026335415,1000,0,max_steps,6.669075085797128,1.001102679001633,astar,False,0,458264,0,6573,839,0.3755878069969185,0,0.0,0.034500343001127476,0,6,6,B,5582,0.475,False,3.8883106380017125
0,34.155954884159996,1000,0,max_steps,3.9648849289733463,0.5652008079996449,astar,False,0,223205,0,40925,5175,0.3641016479996324,0,0.0,0.08276433699938934,0,5,5,B,5583,0.4166666666666667,False,1.8592801139930089
0,32.40795721891002,1000,0,max_steps,8.25297294918625,1.222033474001364,astar,False,0,395127,0,280003,35236,0.7453468960011378,0,0.0,0.4654835449982784,0,6,6,B,5584,0.475,False,3.478550437001104
0,34.0593319809899,1000,0,max_steps,4.755293103479528,0.9040327170005185,astar,False,0,278248,0,13150,1680,0.16267973100184463,0,0.0,0.058253304996469524,0,6,6,B,5585,0.4083333333333333,False,3.649611596007162
0,34.01613316497462,1000,0,max_steps,2.7904412733472808,1.1797705179997138,astar,False,0,176600,0,366812,45916,0.35095850300058373,0,0.0,0.5727027860011731,0,4,4,B,5586,0.4166666666666667,False,3.111285085997224
0,33.137074287150995,1000,0,max_steps,6.204862004911953,1.2155488549979054,astar,False,0,442990,0,3039,390,0.5150279530025728,0,0.0,0.030728007001016522,0,6,6,B,5587,0.43333333333333335,False,4.278338572999928
0,33.17071128823066,1000,0,max_steps,5.745351381769436,0.980495902000257,astar,False,0,354444,0,13866,1804,0.26937410100072157,0,0.0,0.04128330000094138,0,6,6,B,5588,0.425,False,2.9651063599994814
0,31.25499798840897,1000,0,max_steps,8.414589265080025,1.7048891429985815,astar,False,0,318776,0,4914,632,0.3187508759983757,0,0.0,0.05026294399795006,0,6,6,B,5589,0.4,False,4.423578594003629
0,33.16777193370691,1000,0,max_steps,5.214912511250788,1.0672660689997429,astar,False,0,391645,0,4010,516,0.2583041450016026,0,0.0,0.05266863099677721,0,7,7,B,5590,0.425,False,4.986555586994655
0,32.73080087509293,1000,0,max_steps,7.619977854298527,0.7621811900025932,astar,False,0,375121,0,25378,3231,0.5245304749987554,0,0.0,0.07967013199959183,0,7,7,B,5591,0.49166666666666664,False,4.343874694997794
0,32.797458808207736,1000,0,max_steps,5.480106066491777,1.2934394089970738,astar,False,0,332690,0,13954,1794,0.5423307749988453,0,0.0,0.06124054099927889,0,6,6,B,5592,0.44166666666666665,False,4.215820929992333
0,32.75506625635077,1000,0,max_steps,6.329222898587153,1.350316894997377,astar,False,0,358041,0,2412,320,0.1719938189999084,0,0.0,0.02509449399803998,0,7,7,B,5593,0.4583333333333333,False,2.9109103249975306
0,34.006285546838306,1000,0,max_steps,4.790648442538859,0.7374896200017247,astar,False,0,309377,0,6872,878,0.44582900299792527,0,0.0,0.030612837002991,0,5,5,B,5594,0.4583333333333333,False,2.5065192880065297
0,32.605817438886376,1000,0,max_steps,5.706273959423959,1.2084896309970645,astar,False,0,411321,0,16714,2146,0.24167990899877623,0,0.0,0.04664298199713812,0,7,7,B,5595,0.4,False,4.230560940002761
0,33.87096094825716,1000,0,max_steps,3.2880940527910685,0.7213943229980941,astar,False,0,293155,0,13058,1667,0.24444254499758244,0,0.0,0.04050676499900874,0,6,6,B,5596,0.36666666666666664,False,2.8721366159988975
0,32.49507327759396,1000,0,max_steps,8.145186461954076,1.0490925740014063,astar,False,0,354254,0,159771,20052,0.42288888300026883,0,0.0,0.26301369900102145,0,7,7,B,5597,0.4583333333333333,False,3.1315533419983694
0,32.049801138396624,1000,0,max_steps,6.982679464217157,0.846175487000437,astar,False,0,459787,0,5446,711,0.2102112800021132,0,0.0,0.03388988100050483,0,8,8,B,5598,0.4583333333333333,False,4.1202983720031625
0,32.54340667702507,1000,0,max_steps,6.487801052745065,0.7407406790007371,astar,False,0,408158,0,7361,949,0.4316750750003848,0,0.0,0.03424626799824182,0,6,6,B,5599,0.4666666666666667,False,3.289284171001782
0,33.023124857016555,1000,0,max_steps,6.097156099363042,1.4565911129975575,astar,False,0,424784,0,36988,4695,0.5019377850003366,0,0.0,0.09999439899911522,0,5,5,B,5600,0.4583333333333333,False,4.084670445998199
0,32.235543585492294,1000,0,max_steps,11.21501504680221,1.013239343999885,astar,False,0,388107,0,104981,13286,0.7177987219984061,0,0.0,0.17767625800115638,0,5,5,B,5601,0.49166666666666664,False,3.651109054000699
0,31.450255021550152,1000,0,max_steps,7.831287410126127,1.0409831949982618,astar,False,0,415322,0,13932,1764,0.3042751760003739,0,0.0,0.04365186999712023,0,6,6,B,5602,0.5083333333333333,False,4.310221002997423
0,33.84116018901735,1000,0,max_steps,3.183207894561711,1.0565751690010075,astar,False,0,322391,0,28019,3549,0.7119718630019634,0,0.0,0.07831871599773876,0,4,4,B,5603,0.45,False,2.413748837003368
0,32.23025721552922,1000,0,max_steps,6.045788823635835,1.2600630550005008,astar,False,0,393147,0,6813,879,0.24407384100049967,0,0.0,0.032445020999148255,0,8,8,B,5604,0.4,False,5.458388903003652
0,31.190722530315618,1000,0,max_steps,9.534558851881924,1.519650840000395,astar,False,0,373611,0,388117,48571,0.81253887999992,0,0.0,0.5943526629998814,0,5,5,B,5605,0.4083333333333333,False,4.599619013002666
0,33.53830721507065,1000,0,max_steps,5.266195258438485,1.5692043509989162,astar,False,0,286518,0,85242,10733,1.417679053000029,0,0.0,0.14965468800073722,0,6,6,B,5606,0.4666666666666667,False,2.7430808219978644
0,31.71338042005214,1000,0,max_steps,8.413623624812319,1.628825613999652,astar,False,0,382034,0,64316,8121,0.36860716200317256,0,0.0,0.1336157199984882,0,5,5,B,5607,0.35833333333333334,False,3.7047454960011237
0,33.858218971757424,1000,0,max_steps,5.957374631496661,1.0082316890002403,astar,False,0,236803,0,4906,629,0.21928201299670036,0,0.0,0.021035245001257863,0,6,6,B,5608,0.375,False,3.0089881470012187
0,32.942584277361014,1000,0,max_steps,6.169506665852623,0.952490312000009,astar,False,0,387515,0,6882,876,0.45291092800107435,0,0.0,0.05723962900083279,0,5,5,B,5609,0.4166666666666667,False,3.8113233849981043
0,33.43518855181413,1000,0,max_steps,5.076569954211207,1.4119408719998319,astar,False,0,330677,0,8824,1144,0.34401310000248486,0,0.0,0.03201220799746807,0,5,5,B,5610,0.4083333333333333,False,3.754289948996302
0,34.05808498594189,1000,0,max_steps,2.633972759919885,0.8581527720016311,astar,False,0,346500,0,4723,600,0.8035621550006908,0,0.0,0.029961905998789007,0,5,5,B,5611,0.4083333333333333,False,2.9790075620003336
0,33.46821231475536,1000,0,max_steps,4.8978630544350645,1.2826028859999496,astar,False,0,350174,0,13922,1793,0.5338198079989525,0,0.0,0.041239423997467384,0,4,4,B,5612,0.425,False,3.156411064999702
0,34.08212538529578,1000,0,max_steps,3.97747564417433,0.470199422998121,astar,False,0,270098,0,17828,2273,0.35814813999968464,0,0.0,0.04407147699748748,0,5,5,B,5613,0.35,False,2.015754288997414
0,32.94739993363371,1000,0,max_steps,5.74698290409846,1.162209686001006,astar,False,0,440367,0,2721,355,0.13090534699949785,0,0.0,0.029545345998485573,0,6,6,B,5614,0.38333333333333336,False,4.529720453003392
0,32.37566877307573,1000,0,max_steps,6.084945562615986,0.6561142399987148,astar,False,0,318966,0,75157,9529,0.3685287429980235,0,0.0,0.13998154199725832,0,7,7,B,5615,0.44166666666666665,False,2.7818541130000085
0,32.62222239437535,1000,0,max_steps,6.899297971533043,0.6132710640013102,astar,False,0,309815,0,11737,1505,0.5356742209987715,0,0.0,0.03543451299992739,0,6,6,B,5616,0.4166666666666667,False,3.0196005790094205
0,32.25960739348686,1000,0,max_steps,8.162050140742823,1.0079999820009107,astar,False,0,472421,0,92854,11796,0.41404825800054823,0,0.0,0.1765952620007738,0,6,6,B,5617,0.44166666666666665,False,3.5750127599967527
0,33.16615104980533,1000,0,max_steps,7.872122490154733,0.774467815997923,astar,False,0,310070,0,202861,25416,0.4531503369980783,0,0.0,0.31527374800134567,0,6,6,B,5618,0.45,False,3.037580177995551
0,30.865605835982407,1000,0,max_steps,8.666115767747394,0.9101055809987884,astar,False,0,393491,0,40600,5204,0.5826528209981916,0,0.0,0.10198036400106503,0,6,6,B,5619,0.44166666666666665,False,3.6210934839946276
0,31.919145616488393,1000,0,max_steps,8.927293122778032,0.75490458999775,astar,False,0,438752,0,13229,1704,0.35294588200122234,0,0.0,0.04490585399980773,0,8,8,B,5620,0.475,False,4.004506751000008
0,32.03688857850827,1000,0,max_steps,9.316131842132762,3.0430507710007078,astar,False,0,427480,0,8673,1123,0.27559662999919965,0,0.0,0.06182575499769882,0,6,6,B,5621,0.4583333333333333,False,5.840058076002606
0,32.95983173438602,1000,0,max_steps,6.823603336947421,0.7478871989987965,astar,False,0,286608,0,15431,1972,0.2613443480004207,0,0.0,0.058594678001099965,0,5,5,B,5622,0.4166666666666667,False,2.6713978629995836
0,33.62000125853846,1000,0,max_steps,6.7360272045175105,0.9718352589989081,astar,False,0,298799,0,8583,1097,0.20095557699823985,0,0.0,0.031635609000659315,0,4,4,B,5623,0.4083333333333333,False,2.0740166369978397
0,33.674660620771306,1000,0,max_steps,5.524066663247283,0.919659668001259,astar,False,0,242833,0,82983,10497,0.6756066679990909,0,0.0,0.13697446399964974,0,4,4,B,5624,0.2833333333333333,False,2.473910740001884
0,33.14128690438973,1000,0,max_steps,5.356333867488095,0.860418699998263,astar,False,0,333785,0,10257,1332,0.460872202002065,0,0.0,0.03621537900107796,0,4,4,B,5625,0.39166666666666666,False,2.7784654019997106
0,33.84948498613469,1000,0,max_steps,5.660195447155511,1.0949280940003518,astar,False,0,280148,0,4468,590,0.198226677999628,0,0.0,0.025996657997893635,0,5,5,B,5626,0.38333333333333336,False,3.0016768390014477
0,33.133315389875165,1000,0,max_steps,5.2856231893694385,1.0834787059975497,astar,False,0,405380,0,6450,834,0.33691072299916414,0,0.0,0.03274956099994597,0,6,6,B,5627,0.38333333333333336,False,4.548522354998568
0,32.02284574097276,1000,0,max_steps,11.06267655226347,1.493674135999754,astar,False,0,358388,0,329769,41473,0.8109550010012754,0,0.0,0.5417463400008273,0,5,5,B,5628,0.4666666666666667,False,4.653370806001476
0,32.12389815972005,1000,0,max_steps,10.182352994273964,1.5185229220005567,astar,False,0,417107,0,4162,536,0.2043921459990088,0,0.0,0.03219250300026033,0,6,6,B,5629,0.425,False,4.797476031995757
0,33.47287099470728,1000,0,max_steps,4.102171680951443,0.9981458310030575,astar,False,0,277340,0,30740,3938,0.4407103960002132,0,0.0,0.08178200099791866,0,5,5,B,5630,0.39166666666666666,False,2.8192490700021153
0,33.468489550249615,1000,0,max_steps,7.561353218835897,0.798731086000771,astar,False,0,343594,0,115580,14600,0.36501881400181446,0,0.0,0.19318634099909104,0,6,6,B,5631,0.4083333333333333,False,3.2979220330053067
0,32.54415497234886,1000,0,max_steps,5.6690221819992885,1.4426530540004023,astar,False,0,445109,0,5880,768,0.1981026120010938,0,0.0,0.03376067499993951,0,6,6,B,5632,0.49166666666666664,False,3.503709474007337
0,33.55967731565388,1000,0,max_steps,4.771169929901888,1.405328778000694,astar,False,0,338332,0,4910,651,0.9963875770008599,0,0.0,0.028547464997245697,0,5,5,B,5633,0.36666666666666664,False,5.11299340199912
0,32.79109224689323,1000,0,max_steps,4.534899392489317,1.1841523330003838,astar,False,0,300202,0,39850,5137,0.5320960600001854,0,0.0,0.09355680299995583,0,7,7,B,5634,0.4666666666666667,False,4.0197599139974045
0,32.9850955814313,1000,0,max_steps,7.27102554664746,1.0641559409996262,astar,False,0,387211,0,23492,3064,0.5951895470025192,0,0.0,0.07837296900106594,0,6,6,B,5635,0.48333333333333334,False,4.307896190992324
0,32.80581686210691,1000,0,max_steps,5.162272997430492,1.755706066996936,astar,False,0,290540,0,8875,1133,0.6863475070022105,0,0.0,0.03229272899989155,0,5,5,B,5636,0.375,False,4.660112239995215
0,32.59768956256396,1000,0,max_steps,8.622590243076612,0.9880283319980663,astar,False,0,450988,0,188830,23821,0.5080027559997689,0,0.0,0.33383257900277385,0,7,7,B,5637,0.5083333333333333,False,4.662336874000175
0,33.77193075277171,1000,0,max_steps,5.46251430204077,0.7209654040016176,astar,False,0,344960,0,96752,12246,0.5488710940007877,0,0.0,0.17003301500153611,0,6,6,B,5638,0.4166666666666667,False,2.430888270999276
0,32.7747900655917,1000,0,max_steps,6.2585191938668645,0.965286410999397,astar,False,0,428941,0,10923,1414,0.5008789899984549,0,0.0,0.04162686499694246,0,6,6,B,5639,0.44166666666666665,False,3.4294936589976714
0,32.99071924197568,1000,0,max_steps,5.995128230488484,1.387195254999824,astar,False,0,252973,0,15606,2010,0.3397845409999718,0,0.0,0.032989693001582054,0,7,7,B,5640,0.35833333333333334,False,5.790858903998014
0,32.53016127811121,1000,0,max_steps,5.9750784513678115,0.9597065950001706,astar,False,0,341010,0,4218,543,0.5148139539996919,0,0.0,0.04974069300078554,0,7,7,B,5641,0.4166666666666667,False,3.906887626002572
0,31.51590499184659,1000,0,max_steps,9.676921643787345,1.9293083310003567,astar,False,0,429091,0,14852,1912,0.4250252380006714,0,0.0,0.07153241599735338,0,5,5,B,5642,0.4583333333333333,False,4.871569596998597
0,32.25220429043812,1000,0,max_steps,9.846525402394489,1.650288388998888,astar,False,0,358714,0,35836,4625,1.1215626590019383,0,0.0,0.08866874100203859,0,6,6,B,5643,0.4166666666666667,False,5.869039846002124
0,33.044572520550105,1000,0,max_steps,8.105418712194945,1.1459002349984075,astar,False,0,373373,0,9022,1142,0.7113145250004891,0,0.0,0.03498644499995862,0,5,5,B,5644,0.375,False,3.030430326994974
0,34.087064988618756,1000,0,max_steps,1.9894251682332744,0.877819511002599,astar,False,0,207667,0,48514,6084,0.3313063030000194,0,0.0,0.09008806999918306,0,5,5,B,5645,0.4083333333333333,False,2.2755178450061067
0,33.39913944224322,1000,0,max_steps,6.995288593046034,1.1325991920020897,astar,False,0,265629,0,249948,31365,0.3428236250001646,0,0.0,0.3932553829981771,0,5,5,B,5646,0.425,False,3.6131418219993066
0,31.346681474195197,1000,0,max_steps,10.355025953613056,1.3668511230025615,astar,False,0,401073,0,32598,4134,0.38012639400039916,0,0.0,0.09188365799855092,0,6,6,B,5647,0.45,False,5.508647333997942
0,33.43920469936419,1000,0,max_steps,3.3941585849809646,0.7284948769993207,astar,False,0,262083,0,8667,1105,0.1010412579998956,0,0.0,0.03978008400008548,0,5,5,B,5648,0.38333333333333336,False,2.2200319790026697
0,33.624971594177126,1000,0,max_steps,3.8360542879370185,1.1386159180001414,astar,False,0,327947,0,6278,827,0.3264558289993147,0,0.0,0.009395302000484662,0,5,5,B,5649,0.425,False,3.2713874290020613
0,32.92435050730331,1000,0,max_steps,11.020903433929544,1.2673013409985288,astar,False,0,342182,0,76626,9820,0.4234647350021987,0,0.0,0.14799958200092078,0,5,5,B,5650,0.475,False,3.849826668003516
0,32.12102623538733,1000,0,max_steps,6.688446194745082,2.1336244519989123,astar,False,0,415283,0,9144,1158,0.4567031109982054,0,0.0,0.03584051000143518,0,5,5,B,5651,0.43333333333333335,False,4.432152063000103
0,31.74722705024399,1000,0,max_steps,7.159543456115059,1.5588528030020825,astar,False,0,473792,0,4669,596,0.2690623569978925,0,0.0,0.03388346400242881,0,6,6,B,5652,0.4583333333333333,False,5.241710577003687
0,33.10518400479078,1000,0,max_steps,9.060715341516913,0.9244619639976008,astar,False,0,332711,0,163821,20628,0.6700940359987726,0,0.0,0.2512689760005742,0,5,5,B,5653,0.45,False,3.193223088997911
0,33.696670906924105,1000,0,max_steps,6.270292058588658,0.890777012999024,astar,False,0,289784,0,195148,24563,0.4672419839989743,0,0.0,0.2969279409990122,0,5,5,B,5654,0.35833333333333334,False,2.280525610993209
0,33.710682238519915,1000,0,max_steps,4.822505832033796,1.11834431600073,astar,False,0,370647,0,40380,5137,0.2051824640002451,0,0.0,0.07668895599999814,0,5,5,B,5655,0.39166666666666666,False,2.721021097004268
0,32.86789417092356,1000,0,max_steps,6.364574809050484,0.9691892720002215,astar,False,0,410524,0,9582,1205,0.344105207001121,0,0.0,0.036342147999675944,0,6,6,B,5656,0.44166666666666665,False,3.4528413150001143
0,31.990718954299243,1000,0,max_steps,7.479743478221693,1.2436875729981693,astar,False,0,338247,0,18279,2323,0.1528154719999293,0,0.0,0.04613624600096955,0,8,8,B,5657,0.35833333333333334,False,4.5095324120011355
0,33.111100458872755,1000,0,max_steps,5.727592207900278,1.1030491669989715,astar,False,0,368039,0,25437,3272,0.263869499998691,0,0.0,0.054460950999782654,0,5,5,B,5658,0.4166666666666667,False,2.730608243997267
0,34.349753785260624,1000,0,max_steps,1.5379572490807387,0.6161441700023715,astar,False,0,282515,0,3140,400,0.5366741389989329,0,0.0,0.02393312699859962,0,5,5,B,5659,0.35833333333333334,False,2.07946182300293
0,33.01535705792972,1000,0,max_steps,8.014147646506146,0.9180331489988021,astar,False,0,360483,0,9296,1185,0.3011939940006414,0,0.0,0.033940493001864525,0,6,6,B,5660,0.425,False,3.046897173997422
0,33.48861504375191,1000,0,max_steps,6.347858890996236,1.1975630380002258,astar,False,0,459050,0,256035,32257,0.7885762639998575,0,0.0,0.4004406359999848,0,5,5,B,5661,0.4666666666666667,False,4.125626289998763
0,33.33342711400895,1000,0,max_steps,4.861359120657514,1.032028329998866,astar,False,0,345917,0,5813,731,0.8998569860013959,0,0.0,0.030684284996823408,0,5,5,B,5662,0.4,False,3.893226339998364
0,32.72848493090942,1000,0,max_steps,6.016150139416398,0.5957212199973583,astar,False,0,286700,0,12073,1550,0.1692296629989869,0,0.0,0.03545709999889368,0,6,6,B,5663,0.35,False,2.4964247479983896
0,33.08444576378947,1000,0,max_steps,8.402250442589768,1.8988345609977841,astar,False,0,343441,0,64319,8137,0.5198204490006901,0,0.0,0.12648573099795613,0,4,4,B,5664,0.39166666666666666,False,4.5971090299972275
0,32.807311030652556,1000,0,max_steps,6.7882481171506965,1.3007390139973722,astar,False,0,439673,0,9015,1135,1.2611381370006711,0,0.0,0.0393608199992741,0,5,5,B,5665,0.48333333333333334,False,4.354780150002625
0,33.47949007570811,1000,0,max_steps,6.085459103469514,0.9332203909980308,astar,False,0,380020,0,118658,15016,0.5250431780004874,0,0.0,0.2071993149984337,0,6,6,B,5666,0.425,False,3.3033079619926866
0,31.31626747908094,1000,0,max_steps,7.583720228225718,1.425898370998766,astar,False,0,306314,0,4541,574,0.2083794329992088,0,0.0,0.02818454199950793,0,6,6,B,5667,0.425,False,3.458380094001768
0,32.9613175316186,1000,0,max_steps,4.791170264142154,0.9406158919991867,astar,False,0,409631,0,3335,432,0.07691186499869218,0,0.0,0.029704975000640843,0,7,7,B,5668,0.475,False,3.886673784993036
0,32.45164350814393,1000,0,max_steps,8.503620552447057,1.1209814399990137,astar,False,0,485911,0,4391,570,0.43252657699849806,0,0.0,0.0588061580019712,0,7,7,B,5669,0.49166666666666664,False,4.690452463994006
0,32.6132195786562,1000,0,max_steps,5.363796463327068,0.8857311840001785,astar,False,0,319808,0,4664,584,0.31541108199962764,0,0.0,0.02781868899910478,0,6,6,B,5670,0.39166666666666666,False,2.9444955059989297
0,33.989574235348535,1000,0,max_steps,3.712689389108653,0.7189630489992851,astar,False,0,281957,0,14277,1833,0.2868483730017033,0,0.0,0.05897146400093334,0,6,6,B,5671,0.48333333333333334,False,2.46318803900067
0,34.107406607311724,1000,0,max_steps,3.9421203051149996,1.257751945999189,astar,False,0,420602,0,3991,504,0.303196894001303,0,0.0,0.030429968999669654,0,5,5,B,5672,0.45,False,4.382983352003066
0,32.25841105450869,1000,0,max_steps,6.560797398182632,1.2039818539997214,astar,False,0,368071,0,8554,1106,0.22427613900072174,0,0.0,0.03316358500160277,0,6,6,B,5673,0.38333333333333336,False,3.4804490960013936
0,31.74409506831469,1000,0,max_steps,7.361831463705208,1.6407977109993226,astar,False,0,354310,0,127352,16072,0.6222533520012803,0,0.0,0.2200743980029074,0,7,7,B,5674,0.4166666666666667,False,4.610766664001858
0,31.185513849826734,1000,0,max_steps,8.369009051255707,1.2682881309992808,astar,False,0,347773,0,27731,3552,0.4710009900009027,0,0.0,0.05763733999992837,0,6,6,B,5675,0.425,False,4.873175966000417
0,33.20609285616463,1000,0,max_steps,5.347341629258411,1.0773839190005674,astar,False,0,268934,0,6750,877,0.39392226800191565,0,0.0,0.04438133999792626,0,6,6,B,5676,0.4,False,4.115007938002236
0,33.490358222314164,1000,0,max_steps,6.257919981910921,0.9987942709994968,astar,False,0,373258,0,6963,892,0.5015946769999573,0,0.0,0.05516324699783581,0,6,6,B,5677,0.43333333333333335,False,3.1819050189988047
0,33.669461216847154,1000,0,max_steps,4.1188970004116365,0.7016955059989414,astar,False,0,286369,0,5260,684,0.2730822910016286,0,0.0,0.030324687002575956,0,4,4,B,5678,0.4583333333333333,False,2.0431584029938676
0,32.977114920100135,1000,0,max_steps,7.407281046375922,0.7373924179992173,astar,False,0,324961,0,10634,1371,0.25244818599821883,0,0.0,0.05597392599884188,0,6,6,B,5679,0.35833333333333334,False,3.0643385729999864
0,32.183182698372704,1000,0,max_steps,9.332419970189939,2.079144842002279,astar,False,0,449217,0,268954,33859,0.45247361899964744,0,0.0,0.3826911059986742,0,7,7,B,5680,0.55,False,6.191321940998023
0,33.94673089960164,1000,0,max_steps,5.786973518169924,0.9447079250021488,astar,False,0,410648,0,103626,13116,0.6298716790006438,0,0.0,0.18787648000215995,0,6,6,B,5681,0.4583333333333333,False,3.282210205008596
0,32.69429341427075,1000,0,max_steps,5.309101854362938,1.0506072500029404,astar,False,0,369908,0,215554,27061,0.7090831429995887,0,0.0,0.3338616940018255,0,5,5,B,5682,0.43333333333333335,False,3.490340929998638
0,31.315034410436205,1000,0,max_steps,9.227760427102556,1.211825594000402,astar,False,0,367748,0,9734,1231,0.1909774039995682,0,0.0,0.03588063200004399,0,7,7,B,5683,0.4083333333333333,False,3.778176445994177
0,32.400196310582686,1000,0,max_steps,8.527180806104674,0.8382705820004048,astar,False,0,390627,0,178073,22387,0.5012233239976922,0,0.0,0.2812190219992772,0,7,7,B,5684,0.45,False,3.954599127999245
0,33.091234418812654,1000,0,max_steps,7.901918279759666,1.1132520270002715,astar,False,0,393679,0,4123,526,0.45719444600035786,0,0.0,0.030397710001125233,0,6,6,B,5685,0.4666666666666667,False,4.3651007559965365
0,33.271505332171124,1000,0,max_steps,6.743075151590701,1.9907056570009445,astar,False,0,416914,0,7758,1003,0.21252608800205053,0,0.0,0.034852951001084875,0,5,5,B,5686,0.45,False,3.9335876060067676
0,31.744829088722796,1000,0,max_steps,7.328561420906558,0.9971043589976034,astar,False,0,256321,0,40125,5065,0.17561886300245533,0,0.0,0.08239462499841466,0,7,7,B,5687,0.3333333333333333,False,3.847419349993288
0,31.870748558089065,1000,0,max_steps,8.62759019077749,1.1183079719994566,astar,False,0,425688,0,7302,940,0.6578991700007464,0,0.0,0.03670820399929653,0,7,7,B,5688,0.425,False,4.479545142999996
0,32.14234442204887,1000,0,max_steps,9.917172606141328,1.8982060269991052,astar,False,0,365089,0,12659,1648,0.16556666399992537,0,0.0,0.04057067699977779,0,6,6,B,5689,0.425,False,4.747818827996525
0,33.13071896913548,1000,0,max_steps,6.912511301979909,1.1368554560031043,astar,False,0,386451,0,96545,12195,0.6573474639990309,0,0.0,0.1716621719970135,0,4,4,B,5690,0.4166666666666667,False,3.771686876007152
0,32.95961239240743,1000,0,max_steps,5.411706061862561,1.5092801819992019,astar,False,0,316023,0,4949,645,0.22688704800020787,0,0.0,0.027554383003007388,0,7,7,B,5691,0.4083333333333333,False,4.55431122499067
0,34.73984690120825,1000,0,max_steps,2.7762947429982985,0.6676104459984344,astar,False,0,168895,0,19624,2471,0.2703574139995908,0,0.0,0.04838149299757788,0,4,4,B,5692,0.36666666666666664,False,1.954832126997644
0,33.33952692579467,1000,0,max_steps,5.002780476894821,1.0008792670014373,astar,False,0,413295,0,15606,2006,0.2686213699998916,0,0.0,0.04565559899856453,0,5,5,B,5693,0.4083333333333333,False,2.3719379550057056
0,32.570472955632866,1000,0,max_steps,6.4524462415428125,1.1596446369985642,astar,False,0,440825,0,6723,871,0.8013908350003476,0,0.0,0.06039774500095518,0,6,6,B,5694,0.49166666666666664,False,4.4972171489971515
0,32.21567686807152,1000,0,max_steps,8.626720842823184,1.0792566419986542,astar,False,0,443257,0,7875,1014,0.33971285299776355,0,0.0,0.03662672099744668,0,7,7,B,5695,0.49166666666666664,False,3.920874734994868
0,32.860112054354225,1000,0,max_steps,6.593770734564553,0.8407194840001466,astar,False,0,303164,0,5018,652,0.2140798399996129,0,0.0,0.027843263000249863,0,6,6,B,5696,0.38333333333333336,False,3.482855959002336
0,33.61675504213026,1000,0,max_steps,3.465229068907278,0.8251227350010595,astar,False,0,345253,0,41724,5317,0.4671655380006996,0,0.0,0.09856746099831071,0,6,6,B,5697,0.5083333333333333,False,3.348361186006514
0,34.396045193725804,1000,0,max_steps,5.00777520461931,0.6794129480003903,astar,False,0,260278,0,6528,853,0.6564331730005506,0,0.0,0.022813078001490794,0,5,5,B,5698,0.3333333333333333,False,1.9276907209969067
0,33.77900257290372,1000,0,max_steps,5.708026147452371,0.9754724630001874,astar,False,0,287549,0,130041,16367,0.7614585699993768,0,0.0,0.21122590199956903,0,5,5,B,5699,0.4083333333333333,False,2.125923908002733
0,33.09534142985613,1000,0,max_steps,6.809207920162224,1.0602502410001762,astar,False,0,387953,0,92184,11647,0.44469138600106817,0,0.0,0.16509895000126562,0,7,7,B,5700,0.425,False,4.516190529997402
0,32.58416633554076,1000,0,max_steps,7.3702315092539665,1.3522047309998015,astar,False,0,390062,0,177718,22288,0.22483524400013266,0,0.0,0.29382691199862165,0,7,7,B,5701,0.35833333333333334,False,6.461618538003677
0,33.921119343472704,1000,0,max_steps,3.906764966055674,0.7411805470001127,astar,False,0,299220,0,3963,528,0.4035035209999478,0,0.0,0.02587695300098858,0,6,6,B,5702,0.4,False,3.2718515749984363
0,33.25653032841205,1000,0,max_steps,5.455072181007321,1.0575896680020378,astar,False,0,387157,0,5043,660,0.1463672729987593,0,0.0,0.007525297998654423,0,6,6,B,5703,0.4166666666666667,False,3.114629126001091
0,34.04836495760654,1000,0,max_steps,3.877861846430323,1.3142804909984989,astar,False,0,223008,0,254835,31915,0.32533961000081035,0,0.0,0.38269417400078964,0,4,4,B,5704,0.4,False,4.181988132000697
0,33.61258245221734,1000,0,max_steps,6.697504199326788,1.081893956001295,astar,False,0,351723,0,104299,13163,0.9255344420016627,0,0.0,0.1540582989982795,0,5,5,B,5705,0.4083333333333333,False,3.170713692004938
0,31.714371365700178,1000,0,max_steps,9.613353343136827,1.3932204359989555,astar,False,0,385064,0,289979,36383,0.28909288800059585,0,0.0,0.40280070199878537,0,7,7,B,5706,0.3416666666666667,False,3.7343915789970197
0,33.28394029905511,1000,0,max_steps,5.4246255631149305,1.007417508000799,astar,False,0,383241,0,150688,18978,0.6544986219996645,0,0.0,0.24549563199980184,0,5,5,B,5707,0.4083333333333333,False,2.8944423899993126
0,33.17277410278261,1000,0,max_steps,6.038030514994103,0.8578018549997068,astar,False,0,298132,0,125482,15777,0.25204445499912254,0,0.0,0.20383009299985133,0,7,7,B,5708,0.4,False,2.7396517660017707
0,32.41416736925689,1000,0,max_steps,8.8113031102102,0.7789149160016677,astar,False,0,333120,0,6873,883,0.29592855699957,0,0.0,0.031447829998796806,0,8,8,B,5709,0.4666666666666667,False,2.883544518997951
0,33.87292784221986,1000,0,max_steps,7.25898150569348,1.451175329999387,astar,False,0,358485,0,333515,41872,0.9557585639995523,0,0.0,0.48378318100003526,0,5,5,B,5710,0.43333333333333335,False,3.6346812899973884
0,32.990266552060774,1000,0,max_steps,7.3487456412642285,1.2673235280017252,astar,False,0,420877,0,120358,15199,1.0571028619997378,0,0.0,0.20647786900008214,0,5,5,B,5711,0.43333333333333335,False,3.3098156660016684
0,32.59942090236829,1000,0,max_steps,8.90514247499724,0.6950410820027173,astar,False,0,287645,0,276093,34672,0.24877831299818354,0,0.0,0.4266904570031329,0,6,6,B,5712,0.45,False,3.1827940570074134
0,33.37468991125435,1000,0,max_steps,5.367989614371471,0.7070089810003992,astar,False,0,361563,0,33175,4250,0.28266613699815935,0,0.0,0.0911210590020346,0,6,6,B,5713,0.4166666666666667,False,3.0587460700044176
0,31.809351510316887,1000,0,max_steps,6.293871026641711,0.907717172998673,astar,False,0,412258,0,20088,2588,0.39936668399968767,0,0.0,0.07553324400214478,0,7,7,B,5714,0.4583333333333333,False,3.768929981000838
0,34.03882940966321,1000,0,max_steps,3.447145558284419,1.0338480809987232,astar,False,0,263040,0,3652,470,0.217132556001161,0,0.0,0.024006892999750562,0,7,7,B,5715,0.36666666666666664,False,4.941361678993417
0,33.40535680071172,1000,0,max_steps,5.614963267911908,0.9498230850003893,astar,False,0,287033,0,35903,4561,0.3288742740005546,0,0.0,0.09062370599713176,0,5,5,B,5716,0.4083333333333333,False,3.1874756079996587
0,32.0917169999506,1000,0,max_steps,6.425851110942423,0.8796742380000069,astar,False,0,364154,0,30072,3829,0.6810237289973884,0,0.0,0.0837671359986416,0,6,6,B,5717,0.4166666666666667,False,3.744877457997063
0,32.02223678516073,1000,0,max_steps,7.442298871988412,1.5968035139994754,astar,False,0,456033,0,6312,812,0.6178411840010085,0,0.0,0.03638649999993504,0,6,6,B,5718,0.5083333333333333,False,4.429251772002317
0,31.21721710887613,1000,0,max_steps,9.605483459982633,1.2261471710007754,astar,False,0,460760,0,168101,21108,0.644779053000093,0,0.0,0.27750481700059026,0,7,7,B,5719,0.44166666666666665,False,5.027817303001939
0,32.41891962590357,1000,0,max_steps,8.637581403379071,1.0719824000007065,astar,False,0,354282,0,147128,18536,0.4915334229990549,0,0.0,0.2429977339998004,0,6,6,B,5720,0.4583333333333333,False,3.8570644310020725
0,32.552271759714195,1000,0,max_steps,7.023821075454583,0.8255041210031777,astar,False,0,340193,0,194614,24495,0.5185879359996761,0,0.0,0.30104565899819136,0,7,7,B,5721,0.38333333333333336,False,3.1068890810020093
0,34.20492969365074,1000,0,max_steps,5.886663953378005,0.9923520419979468,astar,False,0,312770,0,6583,869,0.6774611470027594,0,0.0,0.030363967001903802,0,4,4,B,5722,0.38333333333333336,False,3.05057674499767
0,31.3436369784713,1000,0,max_steps,10.821982835876241,2.6827144230010163,astar,False,0,343664,0,22849,2929,0.3912463619999471,0,0.0,0.0740112349994888,0,7,7,B,5723,0.4083333333333333,False,6.44852515599996
0,31.035340646671973,1000,0,max_steps,10.227001637821319,2.4402019469998777,astar,False,0,417925,0,13669,1742,0.33536488599929726,0,0.0,0.04342125900075189,0,6,6,B,5724,0.4083333333333333,False,4.39412731199991
0,32.93698963194773,1000,0,max_steps,5.113248722681108,1.211462349001522,astar,False,0,430191,0,6674,864,0.18349051599943778,0,0.0,0.03444519900222076,0,6,6,B,5725,0.39166666666666666,False,3.7047948639992683
0,34.642261869653545,1000,0,max_steps,3.623922253581056,0.9955161600009887,astar,False,0,250966,0,3392,448,0.11942295199696673,0,0.0,0.019177013000444276,0,5,5,B,5726,0.425,False,2.4799563140004466
0,34.02909264917946,1000,0,max_steps,4.227033534288555,0.8737451849992794,astar,False,0,217402,0,67316,8557,0.6955952579992299,0,0.0,0.11620865300210426,0,3,3,B,5727,0.3333333333333333,False,2.085485488998529
0,33.39846943193992,1000,0,max_steps,5.144201833132132,1.4471232399992005,astar,False,0,366467,0,4274,546,0.41352107300190255,0,0.0,0.029912686000898248,0,7,7,B,5728,0.48333333333333334,False,5.796813217999443
0,33.51082554627338,1000,0,max_steps,6.823603336947421,0.8136987510006293,astar,False,0,322363,0,2856,372,0.172094030000153,0,0.0,0.025850240999716334,0,6,6,B,5729,0.425,False,2.388405222005531
0,33.65577616605598,1000,0,max_steps,5.093040594772438,0.8684651910007233,astar,False,0,281147,0,212873,26666,0.40970534200096154,0,0.0,0.32456242199987173,0,4,4,B,5730,0.4,False,2.5713502620019426
0,32.690996971400786,1000,0,max_steps,5.299911555865813,0.7397961669994402,astar,False,0,358550,0,38013,4836,0.46700212299765553,0,0.0,0.0717015980008,0,6,6,B,5731,0.45,False,2.8203968160014483
0,33.25726393596404,1000,0,max_steps,4.5078057300642405,1.1433567399981257,astar,False,0,310190,0,8277,1065,0.34859174200028065,0,0.0,0.033236780000152066,0,7,7,B,5732,0.44166666666666665,False,4.8309951330011245
0,33.10542575446716,1000,0,max_steps,5.455072181007322,1.5620017150031344,astar,False,0,251446,0,58098,7290,0.5693119269999443,0,0.0,0.10107699600121123,0,4,4,B,5733,0.3416666666666667,False,2.84087777199602
0,32.35265456096419,1000,0,max_steps,8.15868019351169,1.6138389410007221,astar,False,0,396948,0,19745,2504,0.4165059439983452,0,0.0,0.07506483800170827,0,6,6,B,5734,0.44166666666666665,False,4.594351736006502
0,31.408586967977946,1000,0,max_steps,10.253063566563895,0.956171522000659,astar,False,0,440005,0,146815,18487,0.6086789220025821,0,0.0,0.25074245699943276,0,7,7,B,5735,0.475,False,4.231367667001905
0,34.09389030271655,1000,0,max_steps,5.603821240903387,1.438595258998248,astar,False,0,346244,0,5906,750,0.30474555600085296,0,0.0,0.030256303998612566,0,5,5,B,5736,0.38333333333333336,False,2.693848047998472
0,34.604633245455695,1000,0,max_steps,3.208436145538816,1.449765553999896,astar,False,0,296991,0,122287,15301,0.32561691800219705,0,0.0,0.22072734700122965,0,3,3,B,5737,0.44166666666666665,False,2.483192636995227
0,32.29961128906997,1000,0,max_steps,8.242591370436845,0.959569595001085,astar,False,0,333288,0,137438,17442,0.6894152059976477,0,0.0,0.26557455000147456,0,6,6,B,5738,0.4,False,3.3536828690012044
0,33.18711834945179,1000,0,max_steps,5.083090841210686,1.1827243649968295,astar,False,0,332421,0,12116,1557,0.16209229000014602,0,0.0,0.03628737300095963,0,5,5,B,5739,0.35,False,3.5706335499926354
0,30.55906490745383,1000,0,max_steps,12.746041052028664,2.2555005489994073,astar,False,0,388725,0,4979,649,0.5975869260000763,0,0.0,0.03150884700153256,0,7,7,B,5740,0.35833333333333334,False,5.6943445399992925
0,34.107491418498576,1000,0,max_steps,3.5885669145217256,1.4207082649991207,astar,False,0,409379,0,2825,366,0.3389313489969936,0,0.0,0.029098119000991574,0,6,6,B,5741,0.39166666666666666,False,3.113862104000873
0,33.51108895843155,1000,0,max_steps,5.5331105627847315,1.2786190799997712,astar,False,0,410879,0,5061,657,0.9301043560008111,0,0.0,0.030693028998939553,0,7,7,B,5742,0.45,False,5.819847681992542
0,34.13681312983156,1000,0,max_steps,4.773003509321985,0.8747792230024061,astar,False,0,260962,0,8651,1101,0.23741375600002357,0,0.0,0.02851142399958917,0,6,6,B,5743,0.4083333333333333,False,2.2733502619994397
0,32.630520957483526,1000,0,max_steps,6.99073046970057,0.7680281100001594,astar,False,0,233329,0,10869,1401,0.3128146700000798,0,0.0,0.027309545999742113,0,7,7,B,5744,0.375,False,3.474830272003601
0,32.99245092626144,1000,0,max_steps,4.2603183566489475,1.2962822299996333,astar,False,0,368256,0,9839,1265,0.591901798001345,0,0.0,0.03683623800316127,0,5,5,B,5745,0.4666666666666667,False,3.530825015001028
0,32.954207226005316,1000,0,max_steps,6.799011876736207,1.1326749449981435,astar,False,0,464243,0,4073,528,0.12958957600130816,0,0.0,0.03255243500098004,0,6,6,B,5746,0.48333333333333334,False,4.708691045001615
0,33.48098068383756,1000,0,max_steps,3.164302845809796,1.0220930010000302,astar,False,0,421437,0,4064,512,0.3640743639989523,0,0.0,0.02992175300096278,0,5,5,B,5747,0.31666666666666665,False,3.1379260850007995
0,31.42035174610733,1000,0,max_steps,11.15735463718887,1.1961930420002318,astar,False,0,358245,0,6000,772,0.40554248400076176,0,0.0,0.03197574200021336,0,7,7,B,5748,0.5,False,4.608421217995783
0,32.96025095989025,1000,0,max_steps,5.904368086425506,1.0297001219987578,astar,False,0,326496,0,14423,1854,0.48368688100163126,0,0.0,0.06223954899905948,0,5,5,B,5749,0.44166666666666665,False,2.8688117289966613
0,32.366396023569735,1000,0,max_steps,6.911968786098501,1.3186470079999708,astar,False,0,339075,0,6462,830,0.23507206800059066,0,0.0,0.031569927999953507,0,7,7,B,5750,0.4083333333333333,False,4.338513814003818
0,33.79775028160405,1000,0,max_steps,4.189607678530292,1.151711983999121,astar,False,0,279742,0,5943,752,0.4891430820025562,0,0.0,0.029073336998408195,0,5,5,B,5751,0.4166666666666667,False,3.890420625000843
0,32.916397239044734,1000,0,max_steps,7.594261814027746,1.2658901069989952,astar,False,0,389035,0,9191,1190,0.14523779199953424,0,0.0,0.01263132199892425,0,7,7,B,5752,0.48333333333333334,False,5.072468162001314
0,33.12532416950829,1000,0,max_steps,6.024766592989306,1.2977350460023445,astar,False,0,423868,0,4315,548,0.3592548380001972,0,0.0,0.03095075400051428,0,4,4,B,5753,0.35833333333333334,False,3.642247733005206
0,31.749238250285472,1000,0,max_steps,6.911968786098501,1.7394503830000758,astar,False,0,307467,0,4870,633,0.2024554099989473,0,0.0,0.027506749000167474,0,6,6,B,5754,0.43333333333333335,False,4.25635626699659
0,33.47927098590871,1000,0,max_steps,4.124962121038203,1.2436928659990372,astar,False,0,354628,0,40063,5103,0.4344467610026186,0,0.0,0.09567510100168874,0,4,4,B,5755,0.425,False,2.402159028999449
0,33.21204777583522,1000,0,max_steps,6.275572683030609,0.7333820909989299,astar,False,0,378144,0,5330,687,0.7004062730011356,0,0.0,0.03279889800251112,0,7,7,B,5756,0.49166666666666664,False,4.004992769998353
0,33.25841267703297,1000,0,max_steps,7.265522176691775,0.8404006819982897,astar,False,0,365741,0,4502,580,0.5456540920022235,0,0.0,0.052584839999326505,0,7,7,B,5757,0.43333333333333335,False,3.3361749479918217
0,32.57494458948817,1000,0,max_steps,7.847710653432629,1.1050296960020205,astar,False,0,398553,0,38329,4859,0.43051484000170603,0,0.0,0.09766371899968362,0,6,6,B,5758,0.44166666666666665,False,3.159383192003588
0,33.94747869628611,1000,0,max_steps,6.77054742986119,1.1912556850002147,astar,False,0,404543,0,7494,967,1.1293845849977515,0,0.0,0.06162095499894349,0,5,5,B,5759,0.475,False,3.769312672004162
0,34.27467726894298,1000,0,max_steps,3.058236828631815,0.5357613650012354,astar,False,0,261342,0,6911,909,0.20078978699893923,0,0.0,0.024266068001452368,0,5,5,B,5760,0.4166666666666667,False,1.8075698639986513
0,32.89128411161106,1000,0,max_steps,4.447506323772906,1.2678451920000953,astar,False,0,454680,0,4743,624,0.3032332080001652,0,0.0,0.0073842060010065325,0,5,5,B,5761,0.5166666666666667,False,3.014811835997534
0,33.98684329661331,1000,0,max_steps,4.048340709475919,0.7297173410006508,astar,False,0,386237,0,21589,2764,0.6769754349988943,0,0.0,0.05232159499792033,0,5,5,B,5762,0.43333333333333335,False,2.648881169996457
0,32.93549531759482,1000,0,max_steps,5.110314324970624,0.7471711920006783,astar,False,0,305820,0,30350,3855,0.38528389999919455,0,0.0,0.06135810900013894,0,6,6,B,5763,0.35833333333333334,False,2.8259141109992925
0,33.88812247173828,1000,0,max_steps,5.501846281022395,1.1473336790004396,astar,False,0,198248,0,68178,8553,0.19969246900291182,0,0.0,0.12102950099870213,0,5,5,B,5764,0.44166666666666665,False,3.9283245710030315
0,32.92820497239386,1000,0,max_steps,5.462399884666076,0.9483339449980122,astar,False,0,360505,0,2577,340,0.23117043800084502,0,0.0,0.025874168997688685,0,7,7,B,5765,0.4083333333333333,False,3.483657534001395
0,32.825984357621756,1000,0,max_steps,5.480106066491777,1.053700733998994,astar,False,0,432930,0,8067,1030,0.46871185100098955,0,0.0,0.06025498100279947,0,6,6,B,5766,0.44166666666666665,False,4.039865822011052
0,32.2293250769827,1000,0,max_steps,6.739737569074926,1.1716881950014795,astar,False,0,451616,0,7138,931,0.21788375100004487,0,0.0,0.01102435500069987,0,6,6,B,5767,0.4583333333333333,False,4.324588429004507
0,32.96176477276299,1000,0,max_steps,5.267975180275622,1.0508412410017627,astar,False,0,386183,0,18580,2391,0.3003364399992279,0,0.0,0.048519286003283923,0,6,6,B,5768,0.475,False,3.155312719001813
0,32.46327210902551,1000,0,max_steps,8.129825490131998,0.9107664209986979,astar,False,0,324684,0,55825,7079,0.4371184429983259,0,0.0,0.11531474300136324,0,7,7,B,5769,0.4583333333333333,False,5.052196829001332
0,33.35245134012166,1000,0,max_steps,5.340090120962377,0.6097499600000447,astar,False,0,238071,0,4711,613,0.21538880099978996,0,0.0,0.019310694999148836,0,6,6,B,5770,0.38333333333333336,False,2.7495917420019396
0,32.49189981026079,1000,0,max_steps,9.706070909487524,0.790720113000134,astar,False,0,488941,0,18137,2348,0.6011232669989113,0,0.0,0.07995606099939323,0,7,7,B,5771,0.5166666666666667,False,4.260789546002343
0,33.00425155821339,1000,0,max_steps,7.290340355566397,1.1945407919993158,astar,False,0,447302,0,50182,6376,0.5516442570005893,0,0.0,0.11562557599972934,0,5,5,B,5772,0.44166666666666665,False,4.979092940000555
0,32.03611807375306,1000,0,max_steps,8.980412713233171,1.1798953199977404,astar,False,0,434298,0,4140,521,0.48821263699937845,0,0.0,0.03225623899925267,0,5,5,B,5773,0.4166666666666667,False,4.181083298994054
0,33.52055371118863,1000,0,max_steps,5.674642059196329,1.27018739399864,astar,False,0,352428,0,26451,3365,0.29355958700034535,0,0.0,0.07896867999807,0,5,5,B,5774,0.43333333333333335,False,3.90991249799481
0,31.762550365315423,1000,0,max_steps,9.460130152381621,1.127708670002903,astar,False,0,420600,0,34561,4339,0.9102105400015716,0,0.0,0.0956095359979372,0,6,6,B,5775,0.4583333333333333,False,3.5285527300038666
0,32.33241657826798,1000,0,max_steps,11.887611723975509,1.2055699350021314,astar,False,0,390861,0,84345,10661,0.8607984359987313,0,0.0,0.15493392100324854,0,7,7,B,5776,0.4583333333333333,False,4.91199992100519
0,32.93273842548322,1000,0,max_steps,6.296452374154829,1.6620552820022567,astar,False,0,393365,0,259723,32802,1.2193699389972608,0,0.0,0.4355963480011269,0,4,4,B,5777,0.44166666666666665,False,3.8546656040016387
0,32.178934030333004,1000,0,max_steps,7.495519495004999,0.7014278690003266,astar,False,0,388222,0,19268,2506,0.6519518550012435,0,0.0,0.049114045999886,0,7,7,B,5778,0.5166666666666667,False,3.0867227199996705
0,32.315723682434346,1000,0,max_steps,7.6243237405031525,0.7561438299999281,astar,False,0,323037,0,23580,3014,0.2816635640010645,0,0.0,0.05337160899944138,0,6,6,B,5779,0.38333333333333336,False,3.3504409619963553
0,31.43847853078479,1000,0,max_steps,8.125673049046458,0.9061890929988294,astar,False,0,402393,0,113583,14228,0.31144890900031896,0,0.0,0.2002872880002542,0,7,7,B,5780,0.4583333333333333,False,4.3663705389990355
0,31.926584032204236,1000,0,max_steps,7.6265367303908,0.8178107789972273,astar,False,0,330216,0,13033,1663,0.7798605989992211,0,0.0,0.03758416100026807,0,7,7,B,5781,0.4583333333333333,False,2.361835184005031
0,32.45494677079661,1000,0,max_steps,6.752800345042045,0.951960752998275,astar,False,0,373509,0,3409,435,0.18793808599730255,0,0.0,0.02724515599766164,0,7,7,B,5782,0.4,False,3.670407317000354
0,32.562057985333,1000,0,max_steps,10.263786460171506,1.1594348039980105,astar,False,0,372942,0,235270,29466,0.5873077399992326,0,0.0,0.37449739600197063,0,5,5,B,5783,0.4166666666666667,False,4.131268575994909
0,33.605799190647254,1000,0,max_steps,7.302161495064319,1.180668600001809,astar,False,0,352147,0,196614,24717,0.7158630619996984,0,0.0,0.3351187859989295,0,5,5,B,5784,0.35833333333333334,False,3.3062469260003127
0,34.06623211256395,1000,0,max_steps,3.128947506750471,1.3777307569980621,astar,False,0,394855,0,2750,358,1.3502438780014927,0,0.0,0.027368502000172157,0,4,4,B,5785,0.325,False,3.5395482209969487
0,32.42678637662288,1000,0,max_steps,9.224508794510415,1.644560757002182,astar,False,0,435496,0,19153,2461,0.4008064350018685,0,0.0,0.05012090599848307,0,6,6,B,5786,0.425,False,4.517769028003386
0,32.74684322450386,1000,0,max_steps,6.744835987627867,0.7379283560003387,astar,False,0,305448,0,13707,1767,0.1902260809984,0,0.0,0.03707035599654773,0,8,8,B,5787,0.45,False,2.9844057750051434
0,33.0004443943478,1000,0,max_steps,6.676661778164291,1.578093384996464,astar,False,0,354594,0,141888,17830,0.26329421999980696,0,0.0,0.2628556030031177,0,6,6,B,5788,0.45,False,4.042072329000803
0,34.12766051558558,1000,0,max_steps,3.7640154755261026,1.876660862002609,astar,False,0,301004,0,152521,19112,0.24378730900207302,0,0.0,0.246709358998487,0,4,4,B,5789,0.4166666666666667,False,4.739954365002632
0,33.55518708872881,1000,0,max_steps,5.2856231893694385,0.7913543410031707,astar,False,0,266435,0,19231,2477,0.7289670979989751,0,0.0,0.06198927600053139,0,5,5,B,5790,0.43333333333333335,False,2.317007065004873
0,32.69024801652672,1000,0,max_steps,8.152702772700595,1.5490178920008475,astar,False,0,495180,0,14316,1814,0.2852874740019615,0,0.0,0.04783197399956407,0,5,5,B,5791,0.525,False,4.627299348001543
0,33.20454903646458,1000,0,max_steps,4.981747936216765,1.1631058909988496,astar,False,0,440986,0,198604,25051,0.8399919359981141,0,0.0,0.3182022949986276,0,6,6,B,5792,0.5,False,4.078121069993358
0,31.80781583215793,1000,0,max_steps,7.714778836752223,1.2652336040009686,astar,False,0,367489,0,37841,4809,0.7218665420004982,0,0.0,0.09614831799990498,0,7,7,B,5793,0.475,False,5.246349829005339
0,32.05344564401804,1000,0,max_steps,7.922850654909504,1.327443124002457,astar,False,0,470029,0,34790,4429,0.37652471600085846,0,0.0,0.10410775799755356,0,7,7,B,5794,0.48333333333333334,False,5.176203736005846
0,32.967305143647025,1000,0,max_steps,8.19254615488982,0.9744080459968245,astar,False,0,311553,0,15587,1954,0.21448735699959798,0,0.0,0.06291572199916118,0,5,5,B,5795,0.38333333333333336,False,2.8397336620000715
0,33.285938938067034,1000,0,max_steps,7.908480416616075,0.7889277089998359,astar,False,0,365172,0,152556,19222,0.42989369299903046,0,0.0,0.24630872800116776,0,6,6,B,5796,0.425,False,3.2053816100014956
0,33.56032458198254,1000,0,max_steps,5.551041568931004,0.712257192000834,astar,False,0,270543,0,7664,993,0.25353548400016734,0,0.0,0.028268016001675278,0,6,6,B,5797,0.45,False,2.5355961850000313
0,31.348546383181752,1000,0,max_steps,7.955913681029977,1.128769322000153,astar,False,0,456625,0,33989,4370,0.5069189169989841,0,0.0,0.07363434800208779,0,7,7,B,5798,0.4666666666666667,False,5.8844683049937885
0,33.2257598772342,1000,0,max_steps,4.1188970004116365,1.490050895998138,astar,False,0,470209,0,5654,730,0.3819414779973158,0,0.0,0.03931721700064372,0,6,6,B,5799,0.5,False,3.6365990239937673
0,31.602992192498085,1000,0,max_steps,9.344266290083986,1.3150969790003728,astar,False,0,376911,0,25100,3185,0.6606339760000992,0,0.0,0.08012591999795404,0,7,7,B,5800,0.43333333333333335,False,3.764318853005534
0,34.46580233819907,1000,0,max_steps,2.0682873349706496,1.049543162000191,astar,False,0,377832,0,4267,550,1.0206679019975127,0,0.0,0.02872201100035454,0,5,5,B,5801,0.35833333333333334,False,3.2535572580054577
0,32.40956288672879,1000,0,max_steps,7.053744572920115,1.2677077289990848,astar,False,0,465386,0,7873,1010,0.1924350389999745,0,0.0,0.0378330769999593,0,7,7,B,5802,0.49166666666666664,False,5.60905847200047
0,32.968224668896205,1000,0,max_steps,7.451866376955507,0.9095366340006876,astar,False,0,361774,0,147970,18616,0.26814236599966534,0,0.0,0.24007090899976902,0,6,6,B,5803,0.425,False,3.4720091449999018
0,32.349131584916464,1000,0,max_steps,8.326257412547365,1.1750234130013268,astar,False,0,270404,0,9832,1243,0.31157279199760524,0,0.0,0.05141238099895418,0,5,5,B,5804,0.39166666666666666,False,3.937357333001273
0,32.91899485108723,1000,0,max_steps,6.066017021077337,1.7746399900024699,astar,False,0,355642,0,41294,5178,0.3614387230009015,0,0.0,0.09903591900001629,0,6,6,B,5805,0.475,False,5.794161359004647
0,31.848404530059028,1000,0,max_steps,7.326258424325474,0.7922071849970962,astar,False,0,302651,0,4569,586,0.12343895099911606,0,0.0,0.05366939300074591,0,7,7,B,5806,0.38333333333333336,False,3.165361606996157
0,32.283140761973115,1000,0,max_steps,6.7882481171506965,0.9534106850005628,astar,False,0,426041,0,6337,824,0.1973771820012189,0,0.0,0.008998232999147149,0,7,7,B,5807,0.425,False,4.790077541001665
0,33.20111513683358,1000,0,max_steps,5.994398426864864,1.056599104002089,astar,False,0,311470,0,147669,18616,0.7449802460032515,0,0.0,0.3079808779984887,0,7,7,B,5808,0.4583333333333333,False,2.9706181769979594
0,32.963935817957775,1000,0,max_steps,7.3008775157511,1.3730488529981812,astar,False,0,354009,0,5297,672,0.23566701299932902,0,0.0,0.030838078000670066,0,6,6,B,5809,0.44166666666666665,False,5.423431259998324
0,32.46396403540912,1000,0,max_steps,7.583720228225718,1.3518413460005831,astar,False,0,358412,0,20229,2675,0.322352843999397,0,0.0,0.05191041999933077,0,7,7,B,5810,0.39166666666666666,False,5.152639677002298
0,33.100947737436904,1000,0,max_steps,6.735192090801864,0.7684609099997033,astar,False,0,425499,0,2789,361,0.19179255400013062,0,0.0,0.005044017998443451,0,7,7,B,5811,0.5,False,3.0807857919971866
0,33.18421879420759,1000,0,max_steps,4.315126012065,1.4590874310015352,astar,False,0,392267,0,167035,21054,0.5061024770002405,0,0.0,0.29027498600044055,0,5,5,B,5812,0.4166666666666667,False,3.9603371060038626
0,32.845281858967766,1000,0,max_steps,6.275572683030609,1.0732310000021243,astar,False,0,386342,0,5146,670,0.27036250499804737,0,0.0,0.03082166599779157,0,6,6,B,5813,0.45,False,4.117150409001624
0,32.944207920520455,1000,0,max_steps,6.285524043387311,1.0263059960016108,astar,False,0,458167,0,110017,13901,0.611833791997924,0,0.0,0.19273047299793689,0,6,6,B,5814,0.31666666666666665,False,3.551250758995593
0,33.07414623461545,1000,0,max_steps,8.197655914955199,1.7301186049990065,astar,False,0,526537,0,15978,2069,1.0430653549992712,0,0.0,0.09160989500014693,0,6,6,B,5815,0.5083333333333333,False,5.038840702003654
0,33.83051619814464,1000,0,max_steps,4.8260037815981836,0.7788450709995232,astar,False,0,333603,0,5459,711,0.4327337550021184,0,0.0,0.028693972999462858,0,6,6,B,5816,0.5166666666666667,False,2.903669651997916
0,32.520144864333446,1000,0,max_steps,7.057022211953139,1.741218500003015,astar,False,0,451010,0,234715,29452,0.7750296000012895,0,0.0,0.33815585800039116,0,5,5,B,5817,0.4666666666666667,False,5.154844533004507
0,33.31278571339754,1000,0,max_steps,4.179600758445713,1.2779540689989517,astar,False,0,331196,0,18358,2311,0.5630891500004509,0,0.0,0.04473915800190298,0,4,4,B,5818,0.38333333333333336,False,3.540055951998511
0,31.958743376496386,1000,0,max_steps,8.750446417183525,0.943316936998599,astar,False,0,385048,0,3976,510,0.4858281300003,0,0.0,0.03028464800081565,0,5,5,B,5819,0.44166666666666665,False,3.6747719060003874
0,32.919855550547965,1000,0,max_steps,5.745677723297746,1.4268950910009153,astar,False,0,364170,0,17925,2297,0.3582117969999672,0,0.0,0.04600219699932495,0,5,5,B,5820,0.44166666666666665,False,3.4043469200041727
0,34.55854970765973,1000,0,max_steps,2.881460133335178,1.0483013720004237,astar,False,0,176056,0,51353,6448,0.2219415340005071,0,0.0,0.0977166809971095,0,4,4,B,5821,0.39166666666666666,False,2.5183478340004513
0,32.70141111412881,1000,0,max_steps,6.169506665852623,1.5499201649981842,astar,False,0,470827,0,12863,1669,0.9678864470006374,0,0.0,0.04660348399920622,0,5,5,B,5822,0.55,False,5.504714466002042
0,32.28649319900614,1000,0,max_steps,6.593770734564553,0.9510699109996494,astar,False,0,377247,0,6105,790,0.2346042839999427,0,0.0,0.03159055600190186,0,7,7,B,5823,0.425,False,3.6804420089938503
0,32.061933511054086,1000,0,max_steps,7.86767516487558,1.128759622999496,astar,False,0,397963,0,54968,6952,0.7377716989976761,0,0.0,0.11941413200111128,0,6,6,B,5824,0.4583333333333333,False,4.2811198130002595
0,32.64085096956344,1000,0,max_steps,6.416994039267916,0.801992272001371,astar,False,0,359519,0,10405,1342,0.4746128890001273,0,0.0,0.038218540998059325,0,6,6,B,5825,0.425,False,2.751928035002493
0,32.754294940909396,1000,0,max_steps,7.305071012659627,0.9860471930005588,astar,False,0,350762,0,114677,14449,0.5386611009998887,0,0.0,0.19545174200175097,0,7,7,B,5826,0.35,False,3.5632658710092073
0,34.218664863083916,1000,0,max_steps,4.8260037815981836,0.5233653900031641,astar,False,0,294515,0,7065,906,0.49203911299991887,0,0.0,0.0295978340000147,0,5,5,B,5827,0.43333333333333335,False,2.051401836997684
0,31.27762388130836,1000,0,max_steps,7.64004662943885,1.017478020999988,astar,False,0,426278,0,28130,3540,0.6542584909984726,0,0.0,0.08718584899907,0,6,6,B,5828,0.475,False,3.8727410530009365
0,30.607659190159318,1000,0,max_steps,15.649930111665034,2.2944957680010702,astar,False,0,361324,0,242714,30395,0.3463278029994399,0,0.0,0.3772646379984508,0,8,8,B,5829,0.35,False,7.778118179008743
0,32.495744411552735,1000,0,max_steps,6.386435821332583,1.1421942229972046,astar,False,0,280970,0,9977,1273,0.2632930940017104,0,0.0,0.03163375999793061,0,6,6,B,5830,0.36666666666666664,False,4.158850954998343
0,33.79971760323407,1000,0,max_steps,4.032562770745173,1.403722775998176,astar,False,0,145479,0,313416,39209,0.40767915999822435,0,0.0,0.4839196680004534,0,4,4,B,5831,0.375,False,4.341193503998511
0,33.891066961767805,1000,0,max_steps,4.3663843738269295,1.3272787669993704,astar,False,0,310413,0,4192,547,0.1971946769990609,0,0.0,0.006618297000386519,0,5,5,B,5832,0.425,False,3.7268046049975965
0,32.160007821898645,1000,0,max_steps,8.539265922782821,1.1114092099996924,astar,False,0,458594,0,289277,36288,0.6599387200003548,0,0.0,0.4422010449998197,0,8,8,B,5833,0.43333333333333335,False,4.626357733995974
0,33.063259305182264,1000,0,max_steps,7.062953525261228,0.7749578809998638,astar,False,0,291701,0,132089,16810,0.4481935350013373,0,0.0,0.2179083270020783,0,5,5,B,5834,0.4,False,3.5054721259948565
0,33.591986430335076,1000,0,max_steps,6.964396061396852,1.1431109859986464,astar,False,0,333350,0,290583,36496,0.7096565739993821,0,0.0,0.4230473860006896,0,4,4,B,5835,0.3333333333333333,False,3.3487447010011238
0,33.15176685424203,1000,0,max_steps,6.687792049697716,1.3643688119991566,astar,False,0,420807,0,114362,14402,0.8488679660003982,0,0.0,0.19658836600137874,0,7,7,B,5836,0.4083333333333333,False,6.018193376992713
0,32.990592163504495,1000,0,max_steps,3.8900915798988587,0.6832371250020515,astar,False,0,294580,0,4944,642,0.14067396499740425,0,0.0,0.025859984001726843,0,7,7,B,5837,0.43333333333333335,False,3.186978061006812
0,32.13928123787832,1000,0,max_steps,6.963857587573138,0.761503026002174,astar,False,0,392946,0,89916,11389,0.2428144000004977,0,0.0,0.1452727749965561,0,7,7,B,5838,0.4666666666666667,False,3.7672838369981037
0,31.653029217531408,1000,0,max_steps,10.107191128102802,1.7264659089996712,astar,False,0,449313,0,280156,35034,1.0818247979987063,0,0.0,0.4344046240003081,0,5,5,B,5839,0.4166666666666667,False,5.256009286003973
0,30.91181412161975,1000,0,max_steps,9.405932303604994,1.4108205800002906,astar,False,0,293950,0,130892,16546,0.46494380199874286,0,0.0,0.21852230000149575,0,8,8,B,5840,0.43333333333333335,False,6.802037145000213
0,32.23973505536409,1000,0,max_steps,7.941131059238348,1.6394575720005378,astar,False,0,459549,0,15635,2010,0.30762588099969435,0,0.0,0.07400781899923459,0,6,6,B,5841,0.38333333333333336,False,4.327561448997585
0,32.807914785153045,1000,0,max_steps,5.144201833132132,1.0532032060000347,astar,False,0,447869,0,4785,626,0.36571933400045964,0,0.0,0.03391042799921706,0,7,7,B,5842,0.475,False,3.9393902929987235
0,32.85358428577333,1000,0,max_steps,4.3663843738269295,1.2914311239983363,astar,False,0,403952,0,2363,309,0.2163062119980168,0,0.0,0.0041350840001541656,0,6,6,B,5843,0.4583333333333333,False,3.3085204569943016
0,32.31641930547423,1000,0,max_steps,9.722734311910408,1.3207536259978951,astar,False,0,385557,0,6704,844,0.39375853299861774,0,0.0,0.0340473110009043,0,6,6,B,5844,0.49166666666666664,False,3.480185763000918
0,31.98257299155564,1000,0,max_steps,8.348446711814118,1.167900696000288,astar,False,0,381794,0,232707,29226,0.8033213399976376,0,0.0,0.3569779009994818,0,6,6,B,5845,0.4083333333333333,False,4.399127489999955
0,33.435166167774256,1000,0,max_steps,4.932069798776165,0.7055139990006865,astar,False,0,260452,0,4868,632,0.14578552699822467,0,0.0,0.02058646899968153,0,6,6,B,5846,0.38333333333333336,False,2.3425583529970027
0,32.55734555807278,1000,0,max_steps,8.192393575750616,2.0073375639985898,astar,False,0,373215,0,15508,1980,0.3276448940014234,0,0.0,0.04335109699968598,0,6,6,B,5847,0.5166666666666667,False,5.4282903609964706
0,33.809180981082875,1000,0,max_steps,4.879837343600704,1.1863510190014495,astar,False,0,320396,0,92831,11757,0.3677043149982637,0,0.0,0.1630806590001157,0,5,5,B,5848,0.44166666666666665,False,3.2014147180016153
0,31.9003872558014,1000,0,max_steps,10.645494939174974,1.5263634540024213,astar,False,0,408840,0,46645,5931,0.27327031700042426,0,0.0,0.11167800999828614,0,7,7,B,5849,0.49166666666666664,False,5.206340603006538
0,33.22317645584233,1000,0,max_steps,6.2402173439712785,0.3937013989998377,astar,False,0,194804,0,7923,1022,0.3119252680007776,0,0.0,0.022763345998100704,0,6,6,B,5850,0.375,False,1.5535969770062366
0,34.31894590118125,1000,0,max_steps,3.5002232071683625,0.6639032169987331,astar,False,0,212066,0,10592,1361,0.6357433690027392,0,0.0,0.02780048200293095,0,4,4,B,5851,0.375,False,1.6794567919969268
0,32.142735090861535,1000,0,max_steps,5.462399884666076,0.9729368789994624,astar,False,0,406092,0,6114,787,0.6522069700004067,0,0.0,0.03316784100024961,0,7,7,B,5852,0.4583333333333333,False,4.159613354997418
0,32.58283240533146,1000,0,max_steps,11.447120271055073,1.4181563069978438,astar,False,0,343059,0,289477,36254,0.19244483800139278,0,0.0,0.4703687410001294,0,7,7,B,5853,0.375,False,4.0637086639981135
0,31.860558825988143,1000,0,max_steps,12.65781626110918,1.3420073500019498,astar,False,0,461928,0,274447,34386,0.6050981919979677,0,0.0,0.4302949199991417,0,8,8,B,5854,0.525,False,7.155698218004545
0,32.059167872991175,1000,0,max_steps,8.875052816744246,0.8396094599993376,astar,False,0,390499,0,4187,537,0.2138654679984029,0,0.0,0.029920042998128338,0,7,7,B,5855,0.45,False,3.642650732999755
0,32.71245560999721,1000,0,max_steps,5.444980486650066,0.9962510810000822,astar,False,0,399616,0,28884,3690,0.5318338799988851,0,0.0,0.08734602399999858,0,5,5,B,5856,0.4166666666666667,False,2.86118384600195
0,32.83888359761324,1000,0,max_steps,5.83387199893861,1.274909715000831,astar,False,0,408973,0,3403,445,0.1219022710029094,0,0.0,0.028955463003512705,0,7,7,B,5857,0.48333333333333334,False,4.3421793340021395
0,32.43218633629782,1000,0,max_steps,6.810401052801514,1.4626266800005396,astar,False,0,278834,0,8125,1020,0.527851599999849,0,0.0,0.047597754000889836,0,6,6,B,5858,0.38333333333333336,False,4.944699664996733
0,32.02801081847144,1000,0,max_steps,9.4245855346535,1.8972074000012071,astar,False,0,344262,0,30823,3921,0.49020108100012294,0,0.0,0.08364060800158768,0,6,6,B,5859,0.375,False,4.879869465006777
0,33.84278202028121,1000,0,max_steps,5.9854250057953235,1.3451532219987712,astar,False,0,236451,0,458587,57389,0.2281070000026375,0,0.0,0.6947824679991754,0,4,4,B,5860,0.44166666666666665,False,3.6245557679976628
0,32.360927397554335,1000,0,max_steps,8.381023952954674,1.2678126329992665,astar,False,0,379740,0,140064,17663,0.4753361090006365,0,0.0,0.23034432700296747,0,6,6,B,5861,0.525,False,3.819954577997123
0,32.707482988182946,1000,0,max_steps,7.0919188165122105,1.5684601259999909,astar,False,0,381136,0,3526,465,0.2822183780008345,0,0.0,0.028393689997756155,0,8,8,B,5862,0.48333333333333334,False,5.341546891002508
0,31.83172890436158,1000,0,max_steps,9.042624757226188,0.6466651230002753,astar,False,0,362357,0,33453,4302,0.3414099600013287,0,0.0,0.08747444999971776,0,7,7,B,5863,0.4666666666666667,False,2.783380741995643
0,33.42668358033987,1000,0,max_steps,8.298964543845214,1.1277323850008543,astar,False,0,339333,0,3422,443,0.3401724059986009,0,0.0,0.026812811000127112,0,5,5,B,5864,0.30833333333333335,False,3.021792737003125
0,32.97279066959751,1000,0,max_steps,6.038030514994105,1.0180940270001884,astar,False,0,275829,0,113299,14319,0.7043645759986248,0,0.0,0.18279968600108987,0,4,4,B,5865,0.39166666666666666,False,2.6731837000006635
0,32.88377441710716,1000,0,max_steps,7.805546905886861,1.6457539779985382,astar,False,0,390891,0,42155,5378,0.7291898900002707,0,0.0,0.10487409600318642,0,5,5,B,5866,0.4666666666666667,False,4.409416444999806
0,31.521911645311977,1000,0,max_steps,9.917172606141328,1.1697814150029444,astar,False,0,407146,0,11698,1514,0.41412717400089605,0,0.0,0.03987225699893315,0,7,7,B,5867,0.4166666666666667,False,5.238137041003938
0,32.77469067086977,1000,0,max_steps,5.495139898128161,1.1778594620009244,astar,False,0,379324,0,5866,761,0.21221132699793088,0,0.0,0.031045871000969782,0,7,7,B,5868,0.45,False,5.374276179005392
0,33.05691446131254,1000,0,max_steps,6.275572683030609,0.7126643679985136,astar,False,0,273422,0,4424,574,0.12642882599902805,0,0.0,0.02552344400100992,0,6,6,B,5869,0.43333333333333335,False,2.750919681002415
0,30.13866574920627,1000,0,max_steps,11.617026835640864,2.2041095989989117,astar,False,0,379929,0,25418,3198,0.2654023300019617,0,0.0,0.09062195799924666,0,6,6,B,5870,0.4083333333333333,False,5.162463488999492
0,32.31777482118645,1000,0,max_steps,5.324735908944215,0.8981635709969851,astar,False,0,348000,0,3213,417,0.13441509699987364,0,0.0,0.00527241500094533,0,7,7,B,5871,0.425,False,2.776857820001169
0,32.136997338951225,1000,0,max_steps,9.352021840222573,1.3092183129992918,astar,False,0,463469,0,4391,559,0.2857616350011085,0,0.0,0.05794070699994336,0,6,6,B,5872,0.44166666666666665,False,4.289796099998057
0,31.85750534455159,1000,0,max_steps,10.059774475603316,1.2815907320000406,astar,False,0,469159,0,8908,1173,0.2721717609965708,0,0.0,0.013269503997435095,0,7,7,B,5873,0.4583333333333333,False,5.342556309002248
0,32.77452172621338,1000,0,max_steps,6.682182465332711,1.5484210999966308,astar,False,0,422672,0,3844,494,0.9820399039999756,0,0.0,0.030741529000806622,0,4,4,B,5874,0.44166666666666665,False,4.22835084799226
0,33.787893724640455,1000,0,max_steps,4.384097683674484,1.2775472729990724,astar,False,0,318042,0,2277,296,0.657003968997742,0,0.0,0.024113438001222676,0,5,5,B,5875,0.45,False,4.42320656299853
0,32.418012870609715,1000,0,max_steps,5.978215661884402,0.8435613220026426,astar,False,0,298623,0,9766,1260,0.17667983999854187,0,0.0,0.03217584999947576,0,6,6,B,5876,0.375,False,2.7882045970072795
0,33.89311390114848,1000,0,max_steps,3.9421203051149996,1.074681957001303,astar,False,0,401208,0,4224,534,0.4660121579981933,0,0.0,0.031023813997308025,0,5,5,B,5877,0.39166666666666666,False,3.5672416889974556
0,31.686557263000182,1000,0,max_steps,11.883194541031463,1.3936678019999817,astar,False,0,293701,0,19839,2549,0.44970322900189785,0,0.0,0.04609726899798261,0,7,7,B,5878,0.45,False,4.608711068001867
0,33.681979257412216,1000,0,max_steps,4.7199377644202025,0.8648558509994473,astar,False,0,446084,0,2949,384,0.7969357610018051,0,0.0,0.05404862399882404,0,5,5,B,5879,0.4583333333333333,False,3.545444316998328
0,33.30979456387038,1000,0,max_steps,6.682182465332711,1.0620784150014515,astar,False,0,350764,0,6944,899,0.6384923170007824,0,0.0,0.03170696700180997,0,5,5,B,5880,0.38333333333333336,False,3.716348822003056
0,33.878653420500115,1000,0,max_steps,2.263363095042419,0.8005571299981966,astar,False,0,362380,0,28367,3634,0.34780403499826207,0,0.0,0.08288719900156138,0,6,6,B,5881,0.55,False,2.5296498789975885
0,31.487600846335955,1000,0,max_steps,12.216548714755735,1.6721572780006682,astar,False,0,355104,0,8403,1069,0.24994237699866062,0,0.0,0.05667634400015231,0,7,7,B,5882,0.4,False,5.816307676999713
0,33.67417924018288,1000,0,max_steps,4.387660253483623,1.2558903000026476,astar,False,0,399269,0,28415,3608,1.1705201889999444,0,0.0,0.08473843699903227,0,5,5,B,5883,0.4,False,4.081395392004197
0,33.28526043721264,1000,0,max_steps,6.169506665852623,1.7587419000010414,astar,False,0,395553,0,14641,1889,0.4159383840014925,0,0.0,0.04568893600298907,0,6,6,B,5884,0.39166666666666666,False,4.084671587002958
0,34.379851800150554,1000,0,max_steps,2.9168154723945086,1.3943755779982894,astar,False,0,365818,0,3571,466,0.12856927400207496,0,0.0,0.027181774999917252,0,4,4,B,5885,0.3416666666666667,False,2.9205917559957015
0,32.50387952401069,1000,0,max_steps,5.741433836595173,1.3234428979994846,astar,False,0,498244,0,3853,505,0.1878019249998033,0,0.0,0.03369475799991051,0,6,6,B,5886,0.48333333333333334,False,4.140578712002025
0,32.271277028540396,1000,0,max_steps,6.841258107979845,1.3616583600014565,astar,False,0,356706,0,6926,901,0.4018945710013213,0,0.0,0.033039267000276595,0,7,7,B,5887,0.43333333333333335,False,4.82362768200619
0,32.97157429481612,1000,0,max_steps,5.709887258081368,0.9171848750011122,astar,False,0,381282,0,2910,376,0.1434227829995507,0,0.0,0.02708175400039181,0,5,5,B,5888,0.44166666666666665,False,2.5171929329990235
0,32.92634079652488,1000,0,max_steps,8.46546292295938,1.131083715998102,astar,False,0,386682,0,274341,34373,0.1766440989995317,0,0.0,0.4082938680003281,0,6,6,B,5889,0.49166666666666664,False,4.104379305990733
0,34.06533512578379,1000,0,max_steps,4.5785164081828915,1.1681378639987088,astar,False,0,332429,0,7174,920,0.31448870099848136,0,0.0,0.031970162999641616,0,4,4,B,5890,0.425,False,2.6818247609990067
0,33.01151189957939,1000,0,max_steps,7.159543456115059,1.1521332100019208,astar,False,0,392212,0,17772,2323,1.0811594699989655,0,0.0,0.07054177300233277,0,4,4,B,5891,0.48333333333333334,False,3.100702578001801
0,31.884344932665723,1000,0,max_steps,8.803639162301007,0.7632047709994367,astar,False,0,381934,0,4879,621,0.34577634900051635,0,0.0,0.029975556000863435,0,8,8,B,5892,0.5,False,4.529516194001189
0,31.58043232354749,1000,0,max_steps,16.34217129086585,1.1364655120014504,astar,False,0,377878,0,379634,47518,0.18133433399998466,0,0.0,0.6011226629998419,0,6,6,B,5893,0.375,False,4.759068451003259
0,31.7478702884565,1000,0,max_steps,12.230507450633436,1.8624495520016353,astar,False,0,426054,0,6680,848,0.31292203399789287,0,0.0,0.03421085200170637,0,7,7,B,5894,0.38333333333333336,False,5.531429788003152
0,33.887544653080155,1000,0,max_steps,2.8461047942758526,0.7175204509985633,astar,False,0,329947,0,2545,332,0.097763286998088,0,0.0,0.025345463000121526,0,6,6,B,5895,0.3416666666666667,False,2.8195813149977766
0,34.44255423143751,1000,0,max_steps,4.743054132096742,0.9951981619997241,astar,False,0,329849,0,53952,6850,0.8820393210007751,0,0.0,0.11206703099742299,0,4,4,B,5896,0.39166666666666666,False,1.8431296049966477
0,33.06199428167933,1000,0,max_steps,8.24206057366724,0.8848365640005795,astar,False,0,413386,0,4674,588,0.32516697399842087,0,0.0,0.030310581001685932,0,6,6,B,5897,0.48333333333333334,False,3.448701788998733
0,31.81105329212294,1000,0,max_steps,8.147948361397486,1.186270157002582,astar,False,0,407793,0,93732,11764,0.2282858889993804,0,0.0,0.1719992580001417,0,5,5,B,5898,0.425,False,4.391746235003666
0,34.220579061779056,1000,0,max_steps,2.3511300474452677,0.9734614959997998,astar,False,0,344053,0,5160,669,0.1598132910003187,0,0.0,0.02971017399977427,0,6,6,B,5899,0.4,False,2.675100450996979
0,32.40111172491068,1000,0,max_steps,8.151246070387028,1.4667929890019877,astar,False,0,454803,0,7102,890,0.47660682200148585,0,0.0,0.03548157000113861,0,6,6,B,5900,0.4583333333333333,False,6.284214506998978
0,32.091194058476646,1000,0,max_steps,7.244761038157158,1.0395935699998518,astar,False,0,496419,0,8289,1082,0.5086637710010109,0,0.0,0.06529407599737169,0,6,6,B,5901,0.5,False,4.689682461001212
0,32.20660922223492,1000,0,max_steps,9.033358317923625,1.174086424001871,astar,False,0,441382,0,6656,850,0.7490310670000326,0,0.0,0.03529142600018531,0,8,8,B,5902,0.48333333333333334,False,5.891087857991806
0,33.645711344236005,1000,0,max_steps,3.3764348801657635,0.7028058430005331,astar,False,0,353900,0,4058,524,0.5405100159987342,0,0.0,0.028323736998572713,0,7,7,B,5903,0.4083333333333333,False,3.789099133999116
0,32.04910762508414,1000,0,max_steps,7.406943532929081,1.3533711960008077,astar,False,0,390261,0,8162,1026,0.320666577998054,0,0.0,0.03662828999949852,0,5,5,B,5904,0.475,False,4.498666630002845
0,33.09605026064224,1000,0,max_steps,4.845261860828575,1.308148521999101,astar,False,0,446183,0,5808,754,0.1907054449984571,0,0.0,0.03344528699744842,0,6,6,B,5905,0.4583333333333333,False,4.384850266997091
0,33.796498764353245,1000,0,max_steps,6.010433636602269,1.4662631950013747,astar,False,0,335053,0,6438,829,0.6649703859984584,0,0.0,0.033585904999199556,0,5,5,B,5906,0.425,False,4.44017227000586
0,33.5195933033517,1000,0,max_steps,6.838882401386938,0.8834983439992357,astar,False,0,386452,0,10384,1375,0.32941127400044934,0,0.0,0.059683191997464746,0,6,6,B,5907,0.4083333333333333,False,3.4042073220007296
0,33.981894260498954,1000,0,max_steps,4.3665275105053425,1.3755814809992444,astar,False,0,363069,0,2194,287,0.09692398100014543,0,0.0,0.026023361999250483,0,6,6,B,5908,0.44166666666666665,False,3.8873455809989537
0,33.08517256296318,1000,0,max_steps,6.911968786098501,0.7822523600007116,astar,False,0,416142,0,3323,430,0.6175196439980937,0,0.0,0.03066844999921159,0,8,8,B,5909,0.4583333333333333,False,3.9042243829971994
0,32.40770230737472,1000,0,max_steps,6.2225647847169885,0.8873260300024413,astar,False,0,375240,0,8595,1079,0.7937436299980618,0,0.0,0.057385215997783234,0,6,6,B,5910,0.425,False,3.757030651995592
0,31.418709268826028,1000,0,max_steps,11.019258709187291,1.5561214660010592,astar,False,0,363939,0,313344,39210,0.2545387430000119,0,0.0,0.45228484500330524,0,6,6,B,5911,0.43333333333333335,False,4.829009707002115
0,32.59371567377496,1000,0,max_steps,7.485590324082661,0.9507445650015143,astar,False,0,380825,0,12683,1595,0.708042722002574,0,0.0,0.041317052997328574,0,6,6,B,5912,0.45,False,3.7224510829983046
0,34.502641360510744,1000,0,max_steps,4.243119430324815,0.925577935999172,astar,False,0,306801,0,64935,8204,0.7957746110005246,0,0.0,0.12782560699997703,0,4,4,B,5913,0.375,False,2.5082210520013177
0,33.231558596485506,1000,0,max_steps,7.505768614872164,1.1524139479988662,astar,False,0,384051,0,330259,41543,0.6626278500007174,0,0.0,0.47980156100311433,0,6,6,B,5914,0.43333333333333335,False,3.188111047995335
0,32.3703095388961,1000,0,max_steps,7.800981508759009,1.6548924569979135,astar,False,0,345372,0,25291,3180,0.4268600620016514,0,0.0,0.054844807000336004,0,5,5,B,5915,0.5583333333333333,False,3.6680499320027593
0,34.06180665669966,1000,0,max_steps,3.2350135239284517,1.1988039220013889,astar,False,0,414452,0,2721,354,1.1690609469987976,0,0.0,0.02955678099897341,0,6,6,B,5916,0.49166666666666664,False,3.6182073269992543
0,31.495392393316347,1000,0,max_steps,7.637264726327087,1.9092370149992348,astar,False,0,406265,0,10469,1344,0.5146202279975114,0,0.0,0.038157582999701845,0,6,6,B,5917,0.49166666666666664,False,4.979938010001206
0,33.32485970110922,1000,0,max_steps,4.7585777812283325,0.9172194569982821,astar,False,0,280420,0,6726,874,0.14716438300092705,0,0.0,0.009168420001515187,0,6,6,B,5918,0.43333333333333335,False,2.715085730997089
0,32.721228007899576,1000,0,max_steps,4.950031565555919,1.1122519529999408,astar,False,0,339135,0,2350,306,0.13339760599774309,0,0.0,0.0042852400001720525,0,6,6,B,5919,0.48333333333333334,False,3.3374542860001384
0,33.278461511226396,1000,0,max_steps,6.169506665852623,1.505498553000507,astar,False,0,323984,0,9538,1229,0.29131851399870357,0,0.0,0.034754495001834584,0,6,6,B,5920,0.4166666666666667,False,4.914721699002257
0,32.50658583304738,1000,0,max_steps,11.42290735758633,1.2663145490005263,astar,False,0,487906,0,123565,15776,0.45358083699829876,0,0.0,0.2187200219996157,0,6,6,B,5921,0.5583333333333333,False,5.0013000430008105
0,32.03750527214176,1000,0,max_steps,10.664910337175833,1.9658839230032754,astar,False,0,372123,0,33237,4229,0.38295490800010157,0,0.0,0.08715600000141421,0,5,5,B,5922,0.4666666666666667,False,4.54354052200506
0,32.774248909069904,1000,0,max_steps,8.83708450225525,0.781826728998567,astar,False,0,343420,0,19044,2422,0.330712279999716,0,0.0,0.06855303200063645,0,6,6,B,5923,0.48333333333333334,False,2.6618243919947417
0,31.427216962934114,1000,0,max_steps,10.446665137736538,1.1441358349984512,astar,False,0,408699,0,218570,27458,0.6987964820000343,0,0.0,0.31285965899951407,0,6,6,B,5924,0.4166666666666667,False,4.648581022003782
0,32.40044862496614,1000,0,max_steps,6.894857685260806,0.6720523750009306,astar,False,0,309013,0,20551,2578,0.5996728650025034,0,0.0,0.07194763799998327,0,5,5,B,5925,0.4583333333333333,False,2.946269055999437
0,32.847236069270515,1000,0,max_steps,8.667630154777022,1.4804523320017324,astar,False,0,347654,0,118652,14963,0.914911050000228,0,0.0,0.20502503600073396,0,6,6,B,5926,0.4083333333333333,False,5.418517368998437
0,33.70400638687865,1000,0,max_steps,5.986364714916724,1.4182788680009253,astar,False,0,316702,0,229616,28845,1.059634011999151,0,0.0,0.3503771220021008,0,4,4,B,5927,0.4166666666666667,False,2.9230026269979135
0,31.91295406251421,1000,0,max_steps,6.142500508750486,0.9024250360016595,astar,False,0,391640,0,164732,20681,0.3866934930010757,0,0.0,0.2443271129995992,0,6,6,B,5928,0.44166666666666665,False,3.8013051160050964
0,31.906600435772532,1000,0,max_steps,10.039188836753693,1.1044607340008952,astar,False,0,406975,0,23019,2939,0.2927633090002928,0,0.0,0.05577007499960018,0,7,7,B,5929,0.5083333333333333,False,4.787631939998391
0,33.87142922438789,1000,0,max_steps,5.319686315940065,0.9003248640001402,astar,False,0,393728,0,32978,4198,0.7890385579994472,0,0.0,0.09094509799979278,0,5,5,B,5930,0.4166666666666667,False,3.1546648739931697
0,31.750309936105435,1000,0,max_steps,6.381736636684403,0.973538081998413,astar,False,0,369779,0,11876,1518,0.21844051199877867,0,0.0,0.039350606999505544,0,7,7,B,5931,0.45,False,3.671741567992285
0,33.537353118596855,1000,0,max_steps,3.5178562364030697,1.5939087840015418,astar,False,0,407063,0,5151,682,0.4248477789988101,0,0.0,0.03520093899714993,0,4,4,B,5932,0.4666666666666667,False,2.622385512000619
0,33.57979965036484,1000,0,max_steps,4.561695134486738,0.9789130950011895,astar,False,0,427115,0,17592,2251,0.8274047170016274,0,0.0,0.15096820200051297,0,5,5,B,5933,0.475,False,3.1459024740033783
0,32.8324581875436,1000,0,max_steps,7.3317162042730475,1.1332492549991002,astar,False,0,475580,0,8226,1062,0.20115440099834814,0,0.0,0.011599063000176102,0,7,7,B,5934,0.45,False,5.0961907530036115
0,33.42092883391721,1000,0,max_steps,7.302247085657948,0.7145039450006152,astar,False,0,377878,0,7514,970,0.6587931659996684,0,0.0,0.03415996700277901,0,6,6,B,5935,0.44166666666666665,False,3.3907557700040343
0,33.21903665442615,1000,0,max_steps,5.692456631367514,0.8356798599998001,astar,False,0,238584,0,6596,837,0.5180372200011334,0,0.0,0.022668273999443045,0,5,5,B,5936,0.30833333333333335,False,2.759383164004248
0,32.94822172428728,1000,0,max_steps,7.672617708448659,0.970932829000958,astar,False,0,348455,0,16526,2111,0.45335024100131704,0,0.0,0.04701021000073524,0,6,6,B,5937,0.5083333333333333,False,3.9757643540033314
0,34.91759300341844,1000,0,max_steps,2.1946668312069586,0.8041395090003789,astar,False,0,212953,0,95572,11952,0.6361876180017134,0,0.0,0.16443518799860612,0,4,4,B,5938,0.35,False,2.11788068000169
0,33.709410867134075,1000,0,max_steps,5.144201833132132,1.2504023559995403,astar,False,0,411460,0,5796,748,0.2822239150009409,0,0.0,0.0334783049984253,0,6,6,B,5939,0.4083333333333333,False,3.6393473940006515
0,34.421021371552214,1000,0,max_steps,2.6163548115651256,1.0390739370013762,astar,False,0,328983,0,8706,1098,0.7512216049981362,0,0.0,0.054837520998262335,0,4,4,B,5940,0.39166666666666666,False,3.470561260000977
0,33.31527341647533,1000,0,max_steps,5.550816381398324,1.402796092999779,astar,False,0,386331,0,8222,1056,0.1849161530008132,0,0.0,0.033483503000752535,0,5,5,B,5941,0.43333333333333335,False,2.969986221003637
0,31.365952112420615,1000,0,max_steps,9.457817533659652,1.097658679002052,astar,False,0,405361,0,12407,1555,0.3691273980002734,0,0.0,0.04053281300002709,0,6,6,B,5942,0.5416666666666666,False,4.275003234994074
0,33.37336283709366,1000,0,max_steps,4.9685573862037655,1.0005125050010975,astar,False,0,378677,0,16482,2111,0.6346489210009167,0,0.0,0.04476846500256215,0,4,4,B,5943,0.475,False,2.697363128008874
0,32.751391680899914,1000,0,max_steps,7.41883161286196,1.142614192001929,astar,False,0,413683,0,149551,18777,0.4226716330013005,0,0.0,0.2582926149989362,0,6,6,B,5944,0.35,False,4.7964056660021015
0,33.57581518907549,1000,0,max_steps,8.131747198480777,0.9896631720002915,astar,False,0,252602,0,6210,783,0.3212788749988249,0,0.0,0.02248494000014034,0,5,5,B,5945,0.38333333333333336,False,3.064523763001489
0,33.38282349018639,1000,0,max_steps,4.879325004547244,0.8814346069993917,astar,False,0,302597,0,12236,1580,0.45965476000128547,0,0.0,0.05621185599738965,0,5,5,B,5946,0.4583333333333333,False,2.464926115000708
0,31.87039567447504,1000,0,max_steps,8.240771353459575,1.124654945997463,astar,False,0,433582,0,125165,15821,0.6740797140009818,0,0.0,0.21554468199974508,0,7,7,B,5947,0.43333333333333335,False,4.813151188998745
0,32.51665902379789,1000,0,max_steps,6.663449744689307,1.252688272998057,astar,False,0,385284,0,76826,9691,0.4214415930000541,0,0.0,0.17683031499836943,0,6,6,B,5948,0.4583333333333333,False,5.473833862997708
0,33.383544964195686,1000,0,max_steps,5.144201833132132,1.0895731749988045,astar,False,0,348356,0,6712,867,0.2900291110017861,0,0.0,0.05359221099934075,0,6,6,B,5949,0.4,False,4.443124341996736
0,32.95244053674708,1000,0,max_steps,6.412219779452352,1.28758880100213,astar,False,0,499745,0,6119,801,0.38615146500160336,0,0.0,0.03546927000206779,0,8,8,B,5950,0.5333333333333333,False,4.991664753008081
0,31.779189481631786,1000,0,max_steps,10.906262535809413,0.9084980500010715,astar,False,0,415346,0,385391,48244,0.19834600200192654,0,0.0,0.5770445819980523,0,7,7,B,5951,0.425,False,4.035440274001303
0,33.71702495559655,1000,0,max_steps,4.262664952820004,0.7104121609991125,astar,False,0,304213,0,27011,3472,0.33420222400309285,0,0.0,0.05447995299982722,0,5,5,B,5952,0.36666666666666664,False,2.4839486360033334
0,32.62316013434798,1000,0,max_steps,6.615441217333881,0.9725045280029008,astar,False,0,278872,0,40353,5144,0.1981531970013748,0,0.0,0.09128714100006619,0,6,6,B,5953,0.35,False,3.731149135001033
0,32.5403677473379,1000,0,max_steps,6.045582064615449,0.9292731700006698,astar,False,0,343075,0,9158,1180,0.21034790300109307,0,0.0,0.03264465400206973,0,6,6,B,5954,0.4583333333333333,False,3.00539769900206
0,32.50984101019261,1000,0,max_steps,6.7175376813234156,0.8628745150017494,astar,False,0,327840,0,9298,1178,0.3425468230016122,0,0.0,0.03531302599731134,0,6,6,B,5955,0.425,False,3.425832958000683
0,32.62903716564622,1000,0,max_steps,8.380725654738972,1.890812723999261,astar,False,0,314681,0,67164,8445,0.4020373239982291,0,0.0,0.12888754800223978,0,4,4,B,5956,0.475,False,3.4738965459982865
0,34.64992947998314,1000,0,max_steps,2.1743533521486307,0.9872157520003384,astar,False,0,345670,0,6363,801,0.816817250000895,0,0.0,0.03175025699965772,0,4,4,B,5957,0.3333333333333333,False,3.5629811879989575
0,32.57697961873909,1000,0,max_steps,5.444750912576255,0.6184889840005781,astar,False,0,344759,0,12633,1645,0.4730572740008938,0,0.0,0.06066768100208719,0,7,7,B,5958,0.44166666666666665,False,3.09856674600087
0,32.95742860860441,1000,0,max_steps,8.456229212834758,1.33050180400096,astar,False,0,356133,0,240251,30197,0.19821989300180576,0,0.0,0.4015988479986845,0,4,4,B,5959,0.425,False,3.3184220229959465
0,32.37402566084739,1000,0,max_steps,8.959160814495965,1.1310126210009912,astar,False,0,332629,0,102353,12956,0.8530130100007227,0,0.0,0.17249588000049698,0,5,5,B,5960,0.475,False,3.995693779001158
0,31.79072830251937,1000,0,max_steps,9.549623683685132,1.6463960239998414,astar,False,0,328930,0,5944,748,0.5462144449993502,0,0.0,0.05185618000177783,0,6,6,B,5961,0.43333333333333335,False,5.760815615001775
0,33.25310762981608,1000,0,max_steps,5.038135815954151,0.9248079429999052,astar,False,0,336132,0,2792,371,0.2965635900000052,0,0.0,0.025696216001961147,0,7,7,B,5962,0.425,False,4.213466331002564
0,33.8386237719801,1000,0,max_steps,6.752892898602789,1.4637061989997164,astar,False,0,383602,0,21059,2699,0.529301108999789,0,0.0,0.05113023800004157,0,5,5,B,5963,0.4666666666666667,False,3.821222417995159
0,32.66161962040271,1000,0,max_steps,7.2302532804874815,1.8309267989970976,astar,False,0,378499,0,13091,1691,0.5765899319994787,0,0.0,0.040272588998050196,0,4,4,B,5964,0.5,False,3.847896352992393
0,33.29944126567969,1000,0,max_steps,6.924977436786346,1.0463177980018372,astar,False,0,469954,0,22258,2853,0.7250072319984611,0,0.0,0.05560609500025748,0,7,7,B,5965,0.475,False,4.547477992997301
0,33.17568864599531,1000,0,max_steps,4.827169201509304,0.5592710740020266,astar,False,0,265316,0,10511,1354,0.08953801099778502,0,0.0,0.03135824800119735,0,6,6,B,5966,0.39166666666666666,False,2.205733669004985
0,31.16105785311223,1000,0,max_steps,8.913560596080556,0.7485138070005632,astar,False,0,406013,0,136550,17174,0.25975421099792584,0,0.0,0.23338710100142634,0,9,9,B,5967,0.44166666666666665,False,4.017006592002872
0,32.67977227315658,1000,0,max_steps,6.611472037300013,1.0160813389993564,astar,False,0,430316,0,21573,2806,0.9087309110000206,0,0.0,0.08097458200063556,0,6,6,B,5968,0.43333333333333335,False,4.717285677998007
0,34.05801328522391,1000,0,max_steps,3.554970112391944,1.0135938029998215,astar,False,0,187472,0,237294,29736,0.659134218996769,0,0.0,0.34643748000235064,0,4,4,B,5969,0.49166666666666664,False,1.8238845849955396
0,33.059014173850905,1000,0,max_steps,6.169506665852623,0.966159517000051,astar,False,0,444841,0,8909,1160,0.8731455140004982,0,0.0,0.038422328001615824,0,6,6,B,5970,0.5166666666666667,False,4.624785359992529
0,33.55216529200833,1000,0,max_steps,3.5178562364030697,0.6826801830029581,astar,False,0,404353,0,3133,408,0.6453604270027427,0,0.0,0.027667933001794154,0,7,7,B,5971,0.4,False,3.2833445290016243
0,33.975852690735984,1000,0,max_steps,6.472851960303124,1.366740600002231,astar,False,0,417082,0,7735,980,0.8666338629991515,0,0.0,0.03383374199984246,0,5,5,B,5972,0.425,False,4.041095830001723
0,33.16486853695763,1000,0,max_steps,3.7123526906801274,1.3698104889990645,astar,False,0,359501,0,7900,1015,0.9358747539990873,0,0.0,0.031730277001770446,0,5,5,B,5973,0.425,False,3.4558501739993517
0,31.552935873565687,1000,0,max_steps,10.237873924795126,1.608823079001013,astar,False,0,276020,0,301311,37735,0.322165555000538,0,0.0,0.4500018059989088,0,6,6,B,5974,0.4583333333333333,False,3.6631790210012696
0,32.332444306792866,1000,0,max_steps,7.955206628366102,0.6449164280020341,astar,False,0,331052,0,48526,6137,0.40285017499991227,0,0.0,0.10525014100130647,0,7,7,B,5975,0.38333333333333336,False,2.9886544660002983
0,33.56891830063567,1000,0,max_steps,3.871571063534801,0.6768347010001889,astar,False,0,317423,0,8799,1146,0.6427162129984936,0,0.0,0.0338861829986854,0,6,6,B,5976,0.4,False,2.6654035249994195
0,32.79649007689716,1000,0,max_steps,5.472916270143367,0.9950188459988567,astar,False,0,266668,0,16812,2159,0.15658077700209105,0,0.0,0.040617382001073565,0,5,5,B,5977,0.39166666666666666,False,2.8181805980020727
0,34.253735868831896,1000,0,max_steps,3.1996581848691266,0.8696730060000846,astar,False,0,393782,0,2781,361,0.613276167998265,0,0.0,0.028019282999593997,0,5,5,B,5978,0.44166666666666665,False,2.598488397001347
0,30.90860184539563,1000,0,max_steps,9.533051059340865,1.3088909789985337,astar,False,0,447782,0,20300,2608,0.2256159819989989,0,0.0,0.0545377609996649,0,7,7,B,5979,0.475,False,5.849114324995753
0,33.18730383705861,1000,0,max_steps,6.487801052745065,1.6569876300018223,astar,False,0,334255,0,9363,1221,0.500871083997481,0,0.0,0.03313187399908202,0,3,3,B,5980,0.475,False,2.851822437001829
0,33.189433515682964,1000,0,max_steps,8.193080159500454,1.2409881869971287,astar,False,0,374048,0,113728,14475,0.7810858359989652,0,0.0,0.19301605600048788,0,4,4,B,5981,0.425,False,4.135650872995029
0,32.564004243756386,1000,0,max_steps,5.806381187968973,0.9250558269995963,astar,False,0,373576,0,127099,15971,0.3387112340024032,0,0.0,0.214388386997598,0,6,6,B,5982,0.43333333333333335,False,3.903249914994376
0,32.818031280679854,1000,0,max_steps,6.6998367517425335,0.6698357770001167,astar,False,0,291069,0,13904,1785,0.34915565100163803,0,0.0,0.037711109001975274,0,6,6,B,5983,0.4666666666666667,False,1.9006706520049192
0,33.96317937797505,1000,0,max_steps,3.6946329316997066,1.2650643449997006,astar,False,0,307483,0,6238,803,0.5777628249998088,0,0.0,0.030621088997577317,0,5,5,B,5984,0.325,False,3.837123030996736
0,33.523262456902486,1000,0,max_steps,5.9750784513678115,0.9952707699994789,astar,False,0,371050,0,33323,4232,0.54464004500187,0,0.0,0.08982560499862302,0,4,4,B,5985,0.4666666666666667,False,2.5653427229990484
0,34.70985442422589,1000,0,max_steps,4.0128309832336555,0.8427807640000538,astar,False,0,293966,0,5694,726,0.7581518270017114,0,0.0,0.030135473996779183,0,4,4,B,5986,0.43333333333333335,False,2.2086414559998957
0,31.866649993547995,1000,0,max_steps,11.409549180401475,1.5446177100020577,astar,False,0,438658,0,366622,46063,0.9823047390018473,0,0.0,0.5499159999999392,0,4,4,B,5987,0.4,False,4.090655884006992
0,32.05033802917502,1000,0,max_steps,10.55356870920922,1.475207313997089,astar,False,0,413452,0,6786,880,0.36069429100098205,0,0.0,0.036177381000015885,0,6,6,B,5988,0.39166666666666666,False,5.166937745998439
0,32.94337346358029,1000,0,max_steps,6.2225647847169885,0.9211471649978193,astar,False,0,292391,0,16419,2075,0.4371037670025544,0,0.0,0.041549573001248064,0,6,6,B,5989,0.4,False,3.215490262999083
0,32.83903831391696,1000,0,max_steps,6.934717910629096,1.967369960002543,astar,False,0,252861,0,25541,3209,0.33760875599909923,0,0.0,0.062269768000987824,0,4,4,B,5990,0.35833333333333334,False,4.366917082003056
0,34.721344457033844,1000,0,max_steps,2.3680820298292002,0.9114501529984409,astar,False,0,197515,0,67416,8441,0.7882953400003316,0,0.0,0.1211522560006415,0,3,3,B,5991,0.36666666666666664,False,2.4404171210007917
0,33.13694207989273,1000,0,max_steps,6.278858375532927,1.243732729999465,astar,False,0,449225,0,20344,2624,0.30845056800171733,0,0.0,0.05048015699867392,0,7,7,B,5992,0.35833333333333334,False,3.293063802000688
0,34.68871514827962,1000,0,max_steps,2.032931995911324,0.6581628610001644,astar,False,0,231200,0,2695,350,0.6414956410008017,0,0.0,0.016546987997571705,0,4,4,B,5993,0.3333333333333333,False,1.600973962998978
0,32.84346181369605,1000,0,max_steps,6.686109668559139,1.2113704789990152,astar,False,0,335275,0,30611,3902,0.5485074860007444,0,0.0,0.0812685370001418,0,4,4,B,5994,0.45,False,3.1238548399996944
0,30.98527667972817,1000,0,max_steps,7.283392925004113,2.0385819769981026,astar,False,0,329832,0,4220,551,0.13395295300142607,0,0.0,0.02699186599784298,0,7,7,B,5995,0.38333333333333336,False,5.306698257994867
0,33.54276595664335,1000,0,max_steps,3.164302845809796,0.9779613890023029,astar,False,0,367081,0,15510,2017,0.4985754950030241,0,0.0,0.04467595799724222,0,5,5,B,5996,0.43333333333333335,False,3.2242074410023633
0,31.52515028906641,1000,0,max_steps,8.705691385524755,1.6743209480009682,astar,False,0,359807,0,40741,5150,0.3280720810034836,0,0.0,0.10008423299950664,0,6,6,B,5997,0.5,False,3.9884265729961044
0,33.168296295875365,1000,0,max_steps,6.2064734350515,1.735502383999119,astar,False,0,309458,0,33281,4169,0.6376166860027297,0,0.0,0.08783673300058581,0,3,3,B,5998,0.5,False,3.4209155839998857
0,33.747159301252196,1000,0,max_steps,4.755293103479528,1.276240911000059,astar,False,0,419239,0,3406,440,0.17950588899839204,0,0.0,0.02923705800276366,0,7,7,B,5999,0.4083333333333333,False,3.239840471000207
0,33.21028951921834,1000,0,max_steps,4.613329871145134,1.1768932090017188,astar,False,0,434500,0,97181,12278,0.5053049909984111,0,0.0,0.17975071999899228,0,5,5,B,6000,0.45,False,3.618648743999074
0,32.82997534319714,1000,0,max_steps,4.419452737613558,1.0443085449987848,astar,False,0,388489,0,8156,1054,0.43128029700164916,0,0.0,0.03534056900025462,0,7,7,B,6001,0.4083333333333333,False,4.011874500003614
0,34.29925294756229,1000,0,max_steps,3.2350135239284517,0.9623192209983245,astar,False,0,292510,0,3422,437,0.661568031002389,0,0.0,0.024640498999360716,0,4,4,B,6002,0.375,False,2.4427398389925656
0,31.827826423956054,1000,0,max_steps,8.343878744325085,1.2548274569999194,astar,False,0,424925,0,10149,1306,0.3161840149987256,0,0.0,0.03961204000006546,0,7,7,B,6003,0.4666666666666667,False,5.2976461999933235
0,34.078992598773425,1000,0,max_steps,4.915949806497214,1.10113973800253,astar,False,0,328492,0,27012,3430,0.16415369999958784,0,0.0,0.05914065500110155,0,6,6,B,6004,0.4,False,2.888757707005425
0,32.31913127613317,1000,0,max_steps,7.908322356859258,1.386637798997981,astar,False,0,362907,0,19301,2493,0.2878943210016587,0,0.0,0.07113059599942062,0,6,6,B,6005,0.4083333333333333,False,4.163276651997876
0,34.48271618975531,1000,0,max_steps,1.431891231902758,0.697983384001418,astar,False,0,260589,0,3445,436,0.6635364240028139,0,0.0,0.03428028700000141,0,4,4,B,6006,0.3416666666666667,False,1.8594851510024455
0,32.399442944603564,1000,0,max_steps,6.155510742416096,0.8858309280003596,astar,False,0,370605,0,96094,12110,0.7096631489985157,0,0.0,0.1736762109976553,0,5,5,B,6007,0.4083333333333333,False,3.560195459998795
0,33.8581869205413,1000,0,max_steps,4.755293103479528,1.1869713529995352,astar,False,0,488564,0,5500,718,0.3900409009984287,0,0.0,0.0354827880000812,0,5,5,B,6008,0.4666666666666667,False,3.7081555429977016
0,32.784857850173125,1000,0,max_steps,7.5307079680465625,1.5651205430003756,astar,False,0,408193,0,3925,511,0.15876366799784591,0,0.0,0.030690068000694737,0,9,9,B,6009,0.4583333333333333,False,5.552836445007415
0,32.27111954143374,1000,0,max_steps,6.116192647391021,1.4644491670005664,astar,False,0,432115,0,20640,2648,0.44235200700131827,0,0.0,0.05370053900333005,0,6,6,B,6010,0.5416666666666666,False,4.470274788000097
0,31.661443586644957,1000,0,max_steps,8.856512434361507,0.844412366997858,astar,False,0,325841,0,6091,787,0.3822121249977499,0,0.0,0.050744445998134324,0,8,8,B,6011,0.48333333333333334,False,4.012601973994606
0,32.89891204753186,1000,0,max_steps,4.737912251192501,0.8380438499989395,astar,False,0,429555,0,9508,1223,0.7929335640001227,0,0.0,0.03846176599836326,0,5,5,B,6012,0.5166666666666667,False,3.21413174299596
0,32.704506961439854,1000,0,max_steps,6.204862004911953,1.5087988400009635,astar,False,0,496907,0,4114,531,0.18682265199822723,0,0.0,0.03376233500239323,0,7,7,B,6013,0.5333333333333333,False,4.7005256450029265
0,34.04366960441853,1000,0,max_steps,1.6444033872502204,1.1553651409994927,astar,False,0,370505,0,14113,1805,0.19329226899935747,0,0.0,0.04141270199761493,0,5,5,B,6014,0.45,False,2.46953379599654
0,31.60227801340805,1000,0,max_steps,7.265522176691775,1.722149230998184,astar,False,0,378085,0,5966,785,0.44045782899775077,0,0.0,0.052590790000976995,0,6,6,B,6015,0.4083333333333333,False,4.317094896996423
0,33.67486287375318,1000,0,max_steps,5.108846494072802,1.2255335599984392,astar,False,0,288136,0,4825,620,0.23309680400052457,0,0.0,0.026935252000839682,0,8,8,B,6016,0.4583333333333333,False,2.944973122997908
0,33.49027947445728,1000,0,max_steps,3.2703688629877825,1.0949205059987435,astar,False,0,374132,0,4474,577,0.21048808900013682,0,0.0,0.007432874001096934,0,5,5,B,6017,0.375,False,2.9964395300012256
0,34.09498879149577,1000,0,max_steps,4.5785164081828915,1.225258765000035,astar,False,0,378931,0,3769,491,0.1785866790014552,0,0.0,0.02853090099961264,0,5,5,B,6018,0.43333333333333335,False,3.406668608000473
0,33.40673643850477,1000,0,max_steps,7.901997374082073,1.1803674570001021,astar,False,0,240353,0,11246,1433,0.3516068489989266,0,0.0,0.028600650002772454,0,4,4,B,6019,0.35,False,2.259949700001016
0,32.21661176090316,1000,0,max_steps,10.169885078013415,1.05613266599903,astar,False,0,383418,0,5732,731,0.14126339600261417,0,0.0,0.0314193369995337,0,7,7,B,6020,0.4583333333333333,False,3.753130003995466
0,33.508356996423295,1000,0,max_steps,5.953071686112975,1.3160834109985444,astar,False,0,414992,0,118900,14938,0.8123884889973851,0,0.0,0.18867983299787738,0,4,4,B,6021,0.3416666666666667,False,2.559500108993234
0,32.794030652022165,1000,0,max_steps,4.554427790623098,1.2804632429979392,astar,False,0,398699,0,40930,5198,0.3851010349972057,0,0.0,0.0982817559997784,0,5,5,B,6022,0.4,False,3.623511864003376
0,33.92660319371952,1000,0,max_steps,3.9951924234009044,1.0900842909977655,astar,False,0,321690,0,6664,840,0.8540282640024088,0,0.0,0.030050900997594,0,4,4,B,6023,0.4083333333333333,False,3.0970694569950865
0,32.40083364069929,1000,0,max_steps,7.15229421234893,1.3124785710024298,astar,False,0,412693,0,13480,1691,0.15843468800085247,0,0.0,0.040577594001661055,0,6,6,B,6024,0.45,False,4.725971384999866
0,32.38514221525214,1000,0,max_steps,5.957374631496661,1.314129670998227,astar,False,0,401143,0,5983,773,0.14646884700050578,0,0.0,0.03249582299758913,0,7,7,B,6025,0.44166666666666665,False,4.5780362199984665
0,33.29502962721319,1000,0,max_steps,6.80590276892052,0.7305864090012619,astar,False,0,371120,0,7788,1019,0.6945074899995234,0,0.0,0.03571374600142008,0,6,6,B,6026,0.4666666666666667,False,3.153105630997743
0,32.937659463759445,1000,0,max_steps,4.401739712886254,0.8402502950011694,astar,False,0,449519,0,3866,488,0.7899182239998481,0,0.0,0.031380821998027386,0,7,7,B,6027,0.45,False,3.476863260006212
0,32.66751328316806,1000,0,max_steps,8.181018426821929,0.9666874969989294,astar,False,0,355398,0,4513,576,0.2666002469995874,0,0.0,0.02961337899978389,0,7,7,B,6028,0.48333333333333334,False,3.8416767589951633
0,33.362218975595994,1000,0,max_steps,6.287015388878889,1.7048817340000824,astar,False,0,263952,0,29907,3792,0.29277235900008236,0,0.0,0.07521970000016154,0,4,4,B,6029,0.49166666666666664,False,2.389118775001407
0,33.19803343798095,1000,0,max_steps,5.0734911550134765,1.1067207809974207,astar,False,0,382458,0,4981,644,0.4756290670011367,0,0.0,0.031354435999674024,0,6,6,B,6030,0.5,False,3.6792461839941097
0,33.354417294251704,1000,0,max_steps,3.4825008973437446,1.4160542629979318,astar,False,0,522512,0,2216,288,0.12815489700005855,0,0.0,0.0038167099992278963,0,8,8,B,6031,0.4666666666666667,False,4.115664568998909
0,33.896609289618176,1000,0,max_steps,3.128947506750471,1.1942443510015437,astar,False,0,458921,0,16168,2103,0.8741770369997539,0,0.0,0.049530031999893254,0,5,5,B,6032,0.48333333333333334,False,3.3264663430054497
0,31.395311706413377,1000,0,max_steps,6.417383617955215,1.1088601230003405,astar,False,0,275969,0,22839,2937,0.32855944000039017,0,0.0,0.04911551999975927,0,6,6,B,6033,0.4,False,2.486473909000779
0,32.78433515208375,1000,0,max_steps,7.972628957878323,1.72930219400223,astar,False,0,395136,0,5163,661,0.4217346240002371,0,0.0,0.03219409500161419,0,7,7,B,6034,0.49166666666666664,False,5.024722988000576
0,34.125523957865276,1000,0,max_steps,4.790778903268232,1.1218244889969355,astar,False,0,319934,0,2248,293,0.14043561899961787,0,0.0,0.004966625001543434,0,5,5,B,6035,0.30833333333333335,False,2.5805877759958094
0,33.02086532047922,1000,0,max_steps,8.928343211369059,1.1002402659978543,astar,False,0,405140,0,6992,899,0.5654918850013928,0,0.0,0.03508969899849035,0,6,6,B,6036,0.5,False,4.289208031001181
0,32.822757549370394,1000,0,max_steps,6.576116825300473,0.9347098170001118,astar,False,0,354144,0,10964,1416,0.5266322749994288,0,0.0,0.037066087999846786,0,6,6,B,6037,0.43333333333333335,False,3.171752452995861
0,34.69126541844558,1000,0,max_steps,2.1036426740299747,0.9099831100029405,astar,False,0,311234,0,12681,1633,0.36560337400078424,0,0.0,0.057359560996701475,0,4,4,B,6038,0.425,False,2.0032016780060076
0,31.88999438370022,1000,0,max_steps,10.408004731935895,1.9291903150005965,astar,False,0,287409,0,57512,7199,0.940154720999999,0,0.0,0.12275501000112854,0,4,4,B,6039,0.43333333333333335,False,4.0551979199990456
0,33.13429681422926,1000,0,max_steps,7.019459558968908,0.4724704920008662,astar,False,0,226210,0,4584,593,0.27588981299777515,0,0.0,0.019130530999973416,0,6,6,B,6040,0.35833333333333334,False,1.9928823570007808
0,33.91093660173749,1000,0,max_steps,3.1369272385568636,0.7534945890001836,astar,False,0,236266,0,130889,16463,0.39025876999949105,0,0.0,0.2049467190008727,0,5,5,B,6041,0.39166666666666666,False,2.50029868600177
0,32.13301814144454,1000,0,max_steps,9.46415936573344,2.043992424998578,astar,False,0,409255,0,19355,2483,0.246496699997806,0,0.0,0.07291776499914704,0,6,6,B,6042,0.49166666666666664,False,6.9590297259965155
0,32.19947290175022,1000,0,max_steps,8.277775214391845,0.9505951200007985,astar,False,0,417514,0,177930,22393,0.6579675019966089,0,0.0,0.28684944400083623,0,7,7,B,6043,0.4166666666666667,False,4.197860860000219
0,31.81920202762197,1000,0,max_steps,9.593373363942424,1.156713349999336,astar,False,0,399504,0,351854,44077,0.5830003660012153,0,0.0,0.5597775560017908,0,6,6,B,6044,0.39166666666666666,False,4.263665912996657
0,32.61891730550342,1000,0,max_steps,7.636773697052963,1.117642932000308,astar,False,0,377937,0,19341,2466,0.48869993800326483,0,0.0,0.049943115998758,0,6,6,B,6045,0.5166666666666667,False,4.181482406991563
0,33.63881437828909,1000,0,max_steps,2.7400387770978716,0.7642168069978652,astar,False,0,234137,0,5663,730,0.21826586300085182,0,0.0,0.03409684000143898,0,5,5,B,6046,0.39166666666666666,False,2.0884141489950707
0,32.46588640649136,1000,0,max_steps,9.846525402394489,1.6918471499993757,astar,False,0,346751,0,10468,1325,0.4940572500017879,0,0.0,0.056888110000727465,0,4,4,B,6047,0.4,False,3.5054411700002674
0,32.52274696556338,1000,0,max_steps,7.636773697052963,1.0652979900005448,astar,False,0,299859,0,9152,1162,0.36401422199924127,0,0.0,0.03250684500017087,0,5,5,B,6048,0.44166666666666665,False,2.291993425998953
0,32.71494043044374,1000,0,max_steps,7.598869159289426,0.9129452449997189,astar,False,0,312341,0,137227,17266,0.6895405530012795,0,0.0,0.22049573000185774,0,5,5,B,6049,0.4,False,2.551931980000518
0,33.887195087203594,1000,0,max_steps,5.391689206547425,1.5052285759993538,astar,False,0,399917,0,13010,1682,0.84985720700206,0,0.0,0.06432464799945592,0,4,4,B,6050,0.44166666666666665,False,3.736479747996782
0,33.40580887429165,1000,0,max_steps,5.989704708915122,1.2405362099998456,astar,False,0,415310,0,7716,989,0.5828118569988874,0,0.0,0.03472817399961059,0,6,6,B,6051,0.425,False,2.905212585999834
0,31.45952893600891,1000,0,max_steps,8.80882015368687,1.1001685580013145,astar,False,0,371330,0,51945,6573,0.6885497309995117,0,0.0,0.1099544770004286,0,7,7,B,6052,0.43333333333333335,False,3.771743338002125
0,32.791506734406205,1000,0,max_steps,7.442634782118493,1.7074735690002854,astar,False,0,361498,0,19147,2461,0.2799036559990782,0,0.0,0.04542698200020823,0,6,6,B,6053,0.4,False,5.096394138996402
0,32.923327916192314,1000,0,max_steps,7.478991409274381,0.9437801669992041,astar,False,0,400778,0,13859,1784,0.22119077900060802,0,0.0,0.042497442998865154,0,7,7,B,6054,0.45,False,3.0185333869958413
0,33.13149363008812,1000,0,max_steps,6.540952721125568,0.9704712099992321,astar,False,0,356358,0,9011,1172,0.28478670000185957,0,0.0,0.034154109001974575,0,7,7,B,6055,0.475,False,3.797658720995969
0,34.32340432415766,1000,0,max_steps,1.3177869706443435,0.8205848559991864,astar,False,0,255240,0,39764,4986,0.5013727420009673,0,0.0,0.08080510999934631,0,4,4,B,6056,0.3333333333333333,False,2.1755059549977886
0,32.33084378422593,1000,0,max_steps,7.372520769723201,0.9086322500006645,astar,False,0,327621,0,61859,7821,0.3776172530015174,0,0.0,0.12087498100299854,0,6,6,B,6057,0.4083333333333333,False,3.4891256369992334
0,32.352412665300335,1000,0,max_steps,5.940985818868781,0.9912381719987025,astar,False,0,463098,0,2877,375,0.31692677099999855,0,0.0,0.03559722299905843,0,8,8,B,6058,0.44166666666666665,False,4.700051003990666
0,33.00180827021371,1000,0,max_steps,5.038135815954151,0.9657668920008291,astar,False,0,416857,0,2253,293,0.15318909599955077,0,0.0,0.02759367099861265,0,8,8,B,6059,0.4666666666666667,False,4.367399209997529
0,32.09280553901141,1000,0,max_steps,8.802645199029662,0.9240984410025703,astar,False,0,324614,0,273805,34302,0.13000024299981305,0,0.0,0.4161554009988322,0,5,5,B,6060,0.4083333333333333,False,3.783483138002339
0,32.278325410112416,1000,0,max_steps,11.993031831025881,1.5559485349986062,astar,False,0,463470,0,397257,49707,0.22585801600143895,0,0.0,0.6165395959978923,0,7,7,B,6061,0.43333333333333335,False,5.7042407609988
0,33.77880969749825,1000,0,max_steps,5.045325807120883,1.0435310850007227,astar,False,0,229727,0,110871,14084,0.8687847490000422,0,0.0,0.1722321359993657,0,4,4,B,6062,0.36666666666666664,False,2.4284934239985887
0,33.07863168304348,1000,0,max_steps,5.960940571755432,1.1780213489982998,astar,False,0,425577,0,109076,13779,0.7712793449973105,0,0.0,0.2259295200019551,0,7,7,B,6063,0.4,False,5.929678189004335
0,32.95001536500015,1000,0,max_steps,4.932196518793629,1.6234159249979712,astar,False,0,426437,0,16493,2131,0.7556086309996317,0,0.0,0.0467061109993665,0,3,3,B,6064,0.49166666666666664,False,3.0566838959966844
0,31.475692432329957,1000,0,max_steps,10.857327594762898,2.356109665000986,astar,False,0,365008,0,32462,4133,0.26786344700303744,0,0.0,0.06548117100101081,0,6,6,B,6065,0.44166666666666665,False,5.168703937004466
0,33.65540452881582,1000,0,max_steps,5.181487479479228,1.3475960030009446,astar,False,0,302530,0,15359,1939,0.7774683079987881,0,0.0,0.059692406000976916,0,4,4,B,6066,0.44166666666666665,False,3.5051517469983082
0,32.6536769386519,1000,0,max_steps,11.30653848443457,1.2223506619993714,astar,False,0,414700,0,376930,47161,0.4852040859987028,0,0.0,0.565573833999224,0,6,6,B,6067,0.35833333333333334,False,3.5800040970025293
0,32.42045063090205,1000,0,max_steps,6.902739492404445,0.8214224519979325,astar,False,0,350946,0,97898,12374,0.376632242998312,0,0.0,0.17106573700220906,0,6,6,B,6068,0.4166666666666667,False,3.6292671359951783
0,32.882661999208835,1000,0,max_steps,4.649361515305085,0.858779547001177,astar,False,0,332951,0,12478,1620,0.7314075809990754,0,0.0,0.05853695100086043,0,6,6,B,6069,0.475,False,3.0898467880033422
0,33.95951436285205,1000,0,max_steps,4.928393500929078,1.1116899789994932,astar,False,0,341463,0,1957,259,0.35668641200027196,0,0.0,0.01273760800177115,0,5,5,B,6070,0.4083333333333333,False,2.3869913759954215
0,34.563403034196526,1000,0,max_steps,2.386485386504598,1.2077389789992594,astar,False,0,336692,0,8197,1055,1.1737768540006073,0,0.0,0.03373043299870915,0,3,3,B,6071,0.4083333333333333,False,2.6561297929983994
0,32.110687500133466,1000,0,max_steps,8.734933457102004,1.3974656919999688,astar,False,0,389398,0,14884,1914,0.37658227700012503,0,0.0,0.06770108599812374,0,7,7,B,6072,0.4,False,3.894604563007306
0,32.55217863347047,1000,0,max_steps,10.744315357434365,1.4565363620022254,astar,False,0,398401,0,284277,35678,0.2705042339985084,0,0.0,0.42524880199925974,0,5,5,B,6073,0.475,False,4.700588529005472
0,33.10392361456151,1000,0,max_steps,5.621526705442212,0.7665743129982729,astar,False,0,287119,0,1706,216,0.30320383999787737,0,0.0,0.021788973001093837,0,7,7,B,6074,0.4166666666666667,False,2.5103708889982954
0,33.48999723119815,1000,0,max_steps,4.89671445971684,1.2279228579973278,astar,False,0,269827,0,6498,835,0.1943058309989283,0,0.0,0.02717684999879566,0,7,7,B,6075,0.43333333333333335,False,4.449861678993329
0,32.86289761790059,1000,0,max_steps,8.458963441226116,1.195183674000873,astar,False,0,340782,0,4626,586,0.4891276830021525,0,0.0,0.028403197997249663,0,5,5,B,6076,0.44166666666666665,False,3.957082270004321
0,32.98279980388859,1000,0,max_steps,5.879014585795816,0.8726328420016216,astar,False,0,337208,0,152911,19315,0.5889985050016548,0,0.0,0.24920534500051872,0,7,7,B,6077,0.45,False,3.6857668250049755
0,32.00266573030137,1000,0,max_steps,7.838626314603852,1.5867519989988068,astar,False,0,394490,0,313814,39282,0.4195029539987445,0,0.0,0.48381800900097005,0,5,5,B,6078,0.35,False,4.193712438005605
0,33.548694340160836,1000,0,max_steps,4.189607678530292,0.7156223480014887,astar,False,0,257378,0,4122,533,0.16860192099920823,0,0.0,0.02079955999943195,0,6,6,B,6079,0.375,False,2.099958332000824
0,32.83125091510207,1000,0,max_steps,6.682182465332711,1.4581740949979576,astar,False,0,439848,0,9687,1234,0.41820562800057814,0,0.0,0.03966496499924688,0,6,6,B,6080,0.475,False,3.732004238994705
0,33.206905686178146,1000,0,max_steps,5.515461222780918,0.48952975400243304,astar,False,0,261039,0,4055,545,0.1742454200029897,0,0.0,0.02041922100033844,0,7,7,B,6081,0.45,False,2.18461055100488
0,32.69821438367524,1000,0,max_steps,6.628654652340847,0.9951457940005639,astar,False,0,405078,0,19399,2478,0.2898987759981537,0,0.0,0.05205098999795155,0,6,6,B,6082,0.4583333333333333,False,3.802670189001219
0,33.24836530797699,1000,0,max_steps,7.219872748186077,1.4339516360014386,astar,False,0,245020,0,33426,4201,0.5069294289969548,0,0.0,0.07172459399953368,0,4,4,B,6083,0.4083333333333333,False,3.5196367030039255
0,33.879170826694676,1000,0,max_steps,5.1795571721914575,1.1567907069984358,astar,False,0,333271,0,6998,907,0.41026040500219096,0,0.0,0.05232741999861901,0,4,4,B,6084,0.44166666666666665,False,2.8695155499954126
0,32.614793337473195,1000,0,max_steps,4.384097683674484,1.4782275200013828,astar,False,0,244939,0,7406,950,0.2270068949983397,0,0.0,0.024605918002635008,0,6,6,B,6085,0.4166666666666667,False,3.200841338002647
0,33.148705972279515,1000,0,max_steps,6.15307341903215,0.7023060589999659,astar,False,0,407896,0,4787,618,0.07724331099962001,0,0.0,0.030917501000658376,0,7,7,B,6086,0.49166666666666664,False,3.585267484009819
0,31.97883539340099,1000,0,max_steps,8.062277128702531,1.7431627859987202,astar,False,0,375525,0,148506,18736,0.3628402829999686,0,0.0,0.2501102380010707,0,6,6,B,6087,0.5083333333333333,False,4.862163705995044
0,32.1013910020101,1000,0,max_steps,8.942961617942903,1.0380380309979955,astar,False,0,399614,0,117715,14764,0.3391206419983064,0,0.0,0.2054509869994945,0,7,7,B,6088,0.475,False,5.123714758996357
0,32.0555722911711,1000,0,max_steps,9.241972868386922,0.9860399770004733,astar,False,0,384971,0,265100,33215,0.2922101170006499,0,0.0,0.40764964199843234,0,6,6,B,6089,0.425,False,4.4660635289983475
0,31.12761434498126,1000,0,max_steps,12.52603538634631,1.1569478929995967,astar,False,0,379224,0,185190,23165,0.26429385599840316,0,0.0,0.2910982409994176,0,7,7,B,6090,0.49166666666666664,False,4.221451015997445
0,31.87545505072143,1000,0,max_steps,8.134974646549303,1.8528685019991826,astar,False,0,328444,0,13724,1767,0.49169037799947546,0,0.0,0.041018522999365814,0,6,6,B,6091,0.4,False,5.730924943993159
0,32.021758360090715,1000,0,max_steps,10.23909480862444,1.7430492870007583,astar,False,0,417398,0,299535,37454,0.19290163999903598,0,0.0,0.4586524219994317,0,6,6,B,6092,0.4166666666666667,False,5.9567088300063915
0,32.01807723585482,1000,0,max_steps,6.455835538487637,0.6758189190004487,astar,False,0,376193,0,2829,368,0.19950113099912414,0,0.0,0.004890068001259351,0,7,7,B,6093,0.425,False,2.804333611002221
0,33.14766551182824,1000,0,max_steps,6.491171889574329,0.6700812029994268,astar,False,0,411867,0,5888,766,0.22381883900015964,0,0.0,0.031685019999713404,0,6,6,B,6094,0.425,False,3.0616568830046162
0,32.785811524036525,1000,0,max_steps,6.7882481171506965,0.8877351310002268,astar,False,0,328084,0,6682,865,0.2344607500017446,0,0.0,0.031122774998948444,0,5,5,B,6095,0.4083333333333333,False,3.192698148002819
0,34.21673490064311,1000,0,max_steps,3.2197146612704652,1.1503724419999344,astar,False,0,201552,0,34384,4368,0.7047095270027057,0,0.0,0.07136652100234642,0,3,3,B,6096,0.4166666666666667,False,2.4994886109998333
0,31.88645507244569,1000,0,max_steps,7.401878984420104,1.575980466997862,astar,False,0,390003,0,127914,16154,0.34712728100203094,0,0.0,0.2166558540011465,0,7,7,B,6097,0.49166666666666664,False,6.019256446001236
0,33.42105887976863,1000,0,max_steps,5.889742142063603,1.1941279009988648,astar,False,0,424656,0,20423,2585,1.142238708998775,0,0.0,0.05134920999989845,0,5,5,B,6098,0.4,False,3.9557899410028767
0,33.955214531029874,1000,0,max_steps,6.1206872571632,0.9154553799999121,astar,False,0,354425,0,54006,6852,0.2643647309996595,0,0.0,0.11154850900129532,0,6,6,B,6099,0.4583333333333333,False,3.4209469680063194
0,33.471893513005995,1000,0,max_steps,6.442558692010495,1.1730308510013856,astar,False,0,429282,0,15502,2021,0.2511152920014865,0,0.0,0.045518260998505866,0,5,5,B,6100,0.425,False,3.9875995270049316
0,32.392203918198504,1000,0,max_steps,6.57630690433468,1.1334984019995318,astar,False,0,405894,0,5455,697,0.1298343250018661,0,0.0,0.03193470800033538,0,6,6,B,6101,0.4583333333333333,False,3.5044494980029413
0,33.72930019073928,1000,0,max_steps,3.51803389693732,0.9085681780015875,astar,False,0,218787,0,54369,6885,0.3381393230010872,0,0.0,0.09694816299816011,0,5,5,B,6102,0.38333333333333336,False,2.6595349609997356
0,33.68134638767259,1000,0,max_steps,4.782552927046391,1.3386954529996729,astar,False,0,361315,0,17863,2293,0.24958947599952808,0,0.0,0.04634136100139585,0,6,6,B,6103,0.475,False,3.783397657000023
0,34.161045747723165,1000,0,max_steps,3.217772909948741,1.1056574620015454,astar,False,0,316449,0,14067,1817,0.3775099649974436,0,0.0,0.03944206699816277,0,4,4,B,6104,0.3333333333333333,False,2.8727261400053976
0,33.69706078942194,1000,0,max_steps,5.3082777338794145,1.051456731001963,astar,False,0,458776,0,6494,844,1.0165204789991549,0,0.0,0.03477215100065223,0,5,5,B,6105,0.4583333333333333,False,4.111856410003384
0,31.41795344317868,1000,0,max_steps,7.035734680898645,1.0346038669995323,astar,False,0,440825,0,11976,1540,0.31721863400161965,0,0.0,0.044692617000691826,0,7,7,B,6106,0.475,False,3.994787413997983
0,32.60229365709698,1000,0,max_steps,7.497020241402579,1.185494003999338,astar,False,0,448902,0,5796,743,0.15262668799914536,0,0.0,0.033642095997493016,0,6,6,B,6107,0.38333333333333336,False,3.5986076640001556
0,33.529243130183836,1000,0,max_steps,5.232142247684019,1.2376372850012558,astar,False,0,445347,0,6241,811,0.1637943150017236,0,0.0,0.03446665000228677,0,5,5,B,6108,0.35,False,3.3437063799974567
0,32.44025194113553,1000,0,max_steps,9.034603616097387,1.0119441989991174,astar,False,0,274702,0,168340,21117,0.1821324589982396,0,0.0,0.28943366300154594,0,6,6,B,6109,0.425,False,2.921420657003182
0,32.960729258705115,1000,0,max_steps,6.328827893062032,1.014391049000551,astar,False,0,265697,0,15956,2044,0.1171863099989423,0,0.0,0.03871093499765266,0,5,5,B,6110,0.3416666666666667,False,1.9580259329995897
0,32.99426782979122,1000,0,max_steps,6.240317499935399,0.9222230830018816,astar,False,0,372514,0,5530,715,0.16769864199886797,0,0.0,0.03148342300119111,0,6,6,B,6111,0.475,False,3.187431080004899
0,33.302437877683275,1000,0,max_steps,6.382030437094451,1.1429891280022275,astar,False,0,362289,0,4084,532,0.19054129200230818,0,0.0,0.028400913000950823,0,6,6,B,6112,0.4083333333333333,False,3.595394911000767
0,31.74813675621651,1000,0,max_steps,8.378338886676758,1.174663325000438,astar,False,0,385735,0,5910,758,0.2824697290016047,0,0.0,0.031181729002128122,0,7,7,B,6113,0.4,False,3.8699676649994217
0,34.06322217450917,1000,0,max_steps,4.684582425360877,2.0173084970010677,astar,False,0,429064,0,9237,1197,1.979481915001088,0,0.0,0.03756976099975873,0,3,3,B,6114,0.5333333333333333,False,2.640496610001719
0,32.784303787753025,1000,0,max_steps,5.692456631367514,1.2960942319987225,astar,False,0,311420,0,28849,3650,0.40547280899772886,0,0.0,0.07842347800033167,0,5,5,B,6115,0.38333333333333336,False,3.9311587039992446
0,34.1023734075131,1000,0,max_steps,2.5632620818012346,1.096940759998688,astar,False,0,411698,0,4979,655,0.3906961569991836,0,0.0,0.03143828999964171,0,6,6,B,6116,0.35,False,3.8216751090003527
0,32.46981966502867,1000,0,max_steps,7.692630401884648,1.1915165959981096,astar,False,0,450485,0,13893,1764,0.25466178500209935,0,0.0,0.043730269997467985,0,7,7,B,6117,0.425,False,4.051680563003174
0,33.030537868894946,1000,0,max_steps,5.727592207900278,0.8394701219986018,astar,False,0,384731,0,13177,1700,0.3965168269969581,0,0.0,0.04301472699808073,0,6,6,B,6118,0.43333333333333335,False,3.9729719680035487
0,34.088608278755835,1000,0,max_steps,4.437095051945585,0.8863852009999391,astar,False,0,263963,0,5238,657,0.7116540630013333,0,0.0,0.025717288001033012,0,6,6,B,6119,0.425,False,3.9239640649975627
0,33.13713951881273,1000,0,max_steps,5.621526705442212,1.096479782001552,astar,False,0,418691,0,3948,498,0.22144855500300764,0,0.0,0.029952056000183802,0,7,7,B,6120,0.4,False,3.8726004019990796
0,33.89345234698032,1000,0,max_steps,3.2350135239284517,0.9389820949982095,astar,False,0,332335,0,7284,951,0.4221847250009887,0,0.0,0.05165158200179576,0,6,6,B,6121,0.35833333333333334,False,2.3423265119999996
0,32.75031319705586,1000,0,max_steps,8.962578451539487,1.8221106759992836,astar,False,0,360917,0,6752,871,0.20903906899911817,0,0.0,0.053852870001719566,0,5,5,B,6122,0.475,False,3.998629274996347
0,32.383466997862705,1000,0,max_steps,7.489680400390924,1.139332619997731,astar,False,0,288206,0,26225,3335,0.3216809170007764,0,0.0,0.07309443899794132,0,6,6,B,6123,0.4083333333333333,False,3.6754906810019747
0,31.740983367022814,1000,0,max_steps,11.218358280069326,0.8252585380032542,astar,False,0,310928,0,296582,37091,0.26234077399931266,0,0.0,0.43803159999879426,0,7,7,B,6124,0.4166666666666667,False,3.8171127470050124
0,34.34151796364872,1000,0,max_steps,2.086039908534827,0.9044073629993363,astar,False,0,278913,0,47800,6075,0.4501408979995176,0,0.0,0.10007156299980124,0,4,4,B,6125,0.36666666666666664,False,2.2749147380018258
0,33.42890092304979,1000,0,max_steps,4.773003509321985,0.9030143910022161,astar,False,0,324389,0,16330,2102,0.8393427390001307,0,0.0,0.0633947909991548,0,6,6,B,6126,0.43333333333333335,False,2.772743639001419
0,31.91624642395845,1000,0,max_steps,8.72197297060705,1.1793548940004257,astar,False,0,388851,0,5529,703,0.5391151559997525,0,0.0,0.054279242001939565,0,7,7,B,6127,0.45,False,4.062466466006299
0,33.1769346340517,1000,0,max_steps,5.853230945383923,0.9364550190002774,astar,False,0,355419,0,162175,20466,0.6392456860012317,0,0.0,0.291860514000291,0,5,5,B,6128,0.36666666666666664,False,3.9287890439991315
0,33.19478639041914,1000,0,max_steps,3.7477076326736034,0.8135311730002286,astar,False,0,320345,0,5938,774,0.13491288500154042,0,0.0,0.029031039997789776,0,6,6,B,6129,0.4,False,2.687017584001296
0,33.98915127018207,1000,0,max_steps,2.952170811453834,1.4503256019997934,astar,False,0,341742,0,7764,1005,0.28034913999726996,0,0.0,0.03363248499954352,0,3,3,B,6130,0.35,False,2.368493796999246
0,32.970896520687226,1000,0,max_steps,4.808358607674763,0.9698254379982245,astar,False,0,357373,0,5254,674,0.3930079530000512,0,0.0,0.03117924099933589,0,6,6,B,6131,0.48333333333333334,False,3.3069991059965105
0,33.44305083636159,1000,0,max_steps,5.807026993221228,0.621421317999193,astar,False,0,252669,0,160155,20122,0.37497912400067435,0,0.0,0.24132254399955855,0,4,4,B,6132,0.325,False,2.009276287004468
0,32.95275588498442,1000,0,max_steps,5.6391765799627125,0.8599865309988672,astar,False,0,306148,0,3117,407,0.1454010589986865,0,0.0,0.02478202199927182,0,7,7,B,6133,0.44166666666666665,False,3.205159930002992
0,33.040697255895545,1000,0,max_steps,7.018836263940053,0.8009137299995928,astar,False,0,287265,0,28210,3538,0.44610294599988265,0,0.0,0.07632205700065242,0,5,5,B,6134,0.4166666666666667,False,2.2306808390021615
0,32.256247428262725,1000,0,max_steps,7.195593269494877,1.268703755002207,astar,False,0,417022,0,6267,818,0.21653100499679567,0,0.0,0.03270640000118874,0,7,7,B,6135,0.5416666666666666,False,5.192338643002586
0,34.15247579396067,1000,0,max_steps,4.5785164081828915,0.6867935360023694,astar,False,0,275032,0,11559,1511,0.6510441469981743,0,0.0,0.03545115000088117,0,4,4,B,6136,0.39166666666666666,False,1.7532177470056922
0,34.2246878817308,1000,0,max_steps,3.9276662918328467,0.8996419200011587,astar,False,0,295923,0,25829,3297,0.8457373659985024,0,0.0,0.05335903399827657,0,4,4,B,6137,0.4166666666666667,False,1.9160271689979709
0,33.66061379571762,1000,0,max_steps,6.127728983889544,0.6708961599979375,astar,False,0,313401,0,7885,1021,0.21900557999833836,0,0.0,0.03182954899966717,0,6,6,B,6138,0.4083333333333333,False,2.8967327319987817
0,32.37522457263734,1000,0,max_steps,8.537069901318599,1.1931506699984311,astar,False,0,372725,0,212818,26782,0.86912524699801,0,0.0,0.3191849020004156,0,5,5,B,6139,0.4,False,3.557370056001673
0,33.624937475905945,1000,0,max_steps,3.4825008973437446,0.8302923730007024,astar,False,0,281291,0,9027,1168,0.23557481299940264,0,0.0,0.03183843999795499,0,6,6,B,6140,0.4166666666666667,False,2.749507774999074
0,33.75630539571399,1000,0,max_steps,3.418012946142828,1.2295579349993204,astar,False,0,340721,0,213403,26898,0.8931353480002144,0,0.0,0.330566197000735,0,5,5,B,6141,0.35833333333333334,False,3.1545684449956752
0,33.04443992788876,1000,0,max_steps,5.692237038282926,0.6523976829994353,astar,False,0,409037,0,10972,1431,0.3728138719998242,0,0.0,0.06517037799858372,0,7,7,B,6142,0.4083333333333333,False,3.114918083003431
0,32.6212784166354,1000,0,max_steps,8.82122794740052,0.6343582980007341,astar,False,0,334233,0,13843,1805,0.45732412000143086,0,0.0,0.04406273100175895,0,7,7,B,6143,0.35,False,2.6807245809977758
0,33.16397811452629,1000,0,max_steps,5.603821240903387,1.0226431599985517,astar,False,0,424269,0,2761,362,0.3071350390018779,0,0.0,0.030541451000317466,0,7,7,B,6144,0.39166666666666666,False,3.0927407939961995
0,32.434101554422696,1000,0,max_steps,7.071620217460777,1.0520436099977815,astar,False,0,274812,0,5306,700,0.5430459130002419,0,0.0,0.026851923001231626,0,7,7,B,6145,0.4166666666666667,False,3.1674341679972713
0,32.24972085537948,1000,0,max_steps,7.496436653504115,1.1903419559967006,astar,False,0,328711,0,71552,9133,0.7549162389987032,0,0.0,0.13834088599833194,0,5,5,B,6146,0.4,False,3.2571838119911263
0,32.518693425483974,1000,0,max_steps,6.257919981910921,2.0861378439985856,astar,False,0,368884,0,8976,1146,0.16599604000293766,0,0.0,0.057537226002750685,0,5,5,B,6147,0.4583333333333333,False,4.274657395999384
0,32.54697493626322,1000,0,max_steps,6.045788823635835,0.7852742899995064,astar,False,0,405811,0,7826,1002,0.37320855600046343,0,0.0,0.03638002499792492,0,7,7,B,6148,0.5166666666666667,False,3.8559089510017657
0,31.124932015569176,1000,0,max_steps,7.230166837632445,1.1582015050007612,astar,False,0,361530,0,8960,1140,0.19107691499812063,0,0.0,0.0364347029972123,0,7,7,B,6149,0.5,False,4.411140648997389
0,32.978900036586,1000,0,max_steps,6.40051267477848,1.539000089000183,astar,False,0,299655,0,2820,362,0.14014275500085205,0,0.0,0.004918018999887863,0,6,6,B,6150,0.38333333333333336,False,5.187964902004751
0,33.83608941598586,1000,0,max_steps,3.4810648514499114,0.5664736260005157,astar,False,0,237865,0,27232,3491,0.3144478180001897,0,0.0,0.06275755800015759,0,5,5,B,6151,0.4,False,2.151459173001058
0,32.63098101374406,1000,0,max_steps,8.469891528231042,1.1803753640015202,astar,False,0,435285,0,183604,23064,0.5966594089986756,0,0.0,0.2968417970005248,0,7,7,B,6152,0.38333333333333336,False,6.117627563999122
0,32.659488116339844,1000,0,max_steps,6.202645604901184,0.9020185510016745,astar,False,0,409339,0,5468,697,0.3855749430003925,0,0.0,0.033545868998771766,0,7,7,B,6153,0.36666666666666664,False,4.495270877006988
0,32.06811765153396,1000,0,max_steps,6.983216486691498,1.6291575089999242,astar,False,0,407434,0,41112,5177,0.38415839800290996,0,0.0,0.1014338660024805,0,6,6,B,6154,0.43333333333333335,False,5.738546099000814
0,31.597713989130575,1000,0,max_steps,8.983196118308895,1.501577527000336,astar,False,0,380141,0,14732,1903,0.3372376309998799,0,0.0,0.04393886800244218,0,8,8,B,6155,0.48333333333333334,False,5.08447270400211
0,33.33319651342852,1000,0,max_steps,3.0044238216336905,1.5637088309995306,astar,False,0,460829,0,24344,3107,0.3797239570012607,0,0.0,0.08121892499912065,0,5,5,B,6156,0.45,False,2.9673571860002994
0,32.44474203423253,1000,0,max_steps,8.338858584962331,1.9191135069995653,astar,False,0,351701,0,5105,642,0.33446158099832246,0,0.0,0.029964410001412034,0,7,7,B,6157,0.4666666666666667,False,5.134087564005313
0,34.61764801092568,1000,0,max_steps,2.553000685467983,0.9283315860011498,astar,False,0,237912,0,52106,6581,0.8254655229975469,0,0.0,0.10167463499965379,0,4,4,B,6158,0.39166666666666666,False,1.4996314700038056
0,32.48391919490546,1000,0,max_steps,6.947324125157826,0.9682744530000491,astar,False,0,364774,0,12369,1604,0.4575790560011228,0,0.0,0.03985932100113132,0,6,6,B,6159,0.4166666666666667,False,2.948264337999717
0,33.233880131237555,1000,0,max_steps,5.235008357204408,0.9083528909977758,astar,False,0,299972,0,5751,744,0.1652355490004993,0,0.0,0.027849780999531504,0,6,6,B,6160,0.36666666666666664,False,3.2273127819971705
0,31.574998473870338,1000,0,max_steps,7.230166837632445,1.8465564470025129,astar,False,0,323321,0,4762,611,0.29778797999824747,0,0.0,0.028625909002585104,0,7,7,B,6161,0.43333333333333335,False,6.037467480000487
0,32.15207283159402,1000,0,max_steps,10.676273343259808,1.21933233800155,astar,False,0,412646,0,365374,45799,0.23510493600042537,0,0.0,0.5339308189977601,0,7,7,B,6162,0.4583333333333333,False,4.736968912999146
0,33.315512094879445,1000,0,max_steps,6.289897654175301,1.0862095459997363,astar,False,0,361343,0,4825,633,0.10097599800064927,0,0.0,0.029198011001426494,0,6,6,B,6163,0.5,False,3.122542693003197
0,33.4192962693196,1000,0,max_steps,4.2603183566489475,0.7087338640012604,astar,False,0,280101,0,10026,1297,0.27438450200133957,0,0.0,0.053420823998749256,0,6,6,B,6164,0.4583333333333333,False,2.586884314998315
0,33.10710623590062,1000,0,max_steps,7.002521867156144,1.6187701759990887,astar,False,0,395203,0,14138,1831,0.23681550299806986,0,0.0,0.043042941000749124,0,4,4,B,6165,0.44166666666666665,False,3.309725784998591
0,32.96884549290646,1000,0,max_steps,6.566225133210099,1.1320789709970995,astar,False,0,414521,0,256112,32134,0.7295851140006562,0,0.0,0.392162489999464,0,5,5,B,6166,0.45,False,3.9875865999965754
0,33.577888456679894,1000,0,max_steps,4.3663843738269295,0.8081839179976669,astar,False,0,416066,0,3694,483,0.7783629000005021,0,0.0,0.02967926500059548,0,5,5,B,6167,0.375,False,2.948893204997148
0,33.286666853371926,1000,0,max_steps,3.6592775926403815,0.9908528410014696,astar,False,0,412683,0,2766,365,0.1828203620025306,0,0.0,0.004819124998903135,0,6,6,B,6168,0.4,False,3.0237132539987215
0,32.18912784407454,1000,0,max_steps,8.046680216089117,1.13539149600183,astar,False,0,374914,0,21019,2643,0.240723891001835,0,0.0,0.05038807599703432,0,7,7,B,6169,0.48333333333333334,False,4.138277944002766
0,33.3816515240862,1000,0,max_steps,6.6473914056568075,1.5948888839993742,astar,False,0,401954,0,7222,940,0.2722694530020817,0,0.0,0.033075887000450166,0,5,5,B,6170,0.425,False,2.921496825001668
0,33.158652027282535,1000,0,max_steps,5.452894873367722,1.649784618999547,astar,False,0,392769,0,8913,1163,0.3295985830009158,0,0.0,0.035682966001331806,0,6,6,B,6171,0.48333333333333334,False,6.024502786000085
0,33.41801091558804,1000,0,max_steps,5.0734911550134765,1.143919571000879,astar,False,0,373151,0,5081,644,0.2460961500000849,0,0.0,0.029692036998312688,0,5,5,B,6172,0.475,False,3.413680720997945
0,30.891041833217255,1000,0,max_steps,11.24223343023974,1.2941656100010732,astar,False,0,461238,0,328717,41098,0.16338832099791034,0,0.0,0.5024342459983018,0,8,8,B,6173,0.5,False,5.164232012000866
0,33.41821630768996,1000,0,max_steps,3.4117902192250886,1.2298848520003958,astar,False,0,379903,0,7783,1008,0.24288202699972317,0,0.0,0.033407032999093644,0,5,5,B,6174,0.44166666666666665,False,2.7879372850038635
0,33.060737129150226,1000,0,max_steps,5.621526705442212,0.9254641410007025,astar,False,0,370556,0,7235,927,0.4005654630018398,0,0.0,0.04073787300148979,0,5,5,B,6175,0.44166666666666665,False,2.4870739390025847
0,33.99216840940653,1000,0,max_steps,3.889127472840146,1.09469585899933,astar,False,0,428854,0,8044,1034,0.31410472499919706,0,0.0,0.061283312999876216,0,5,5,B,6176,0.4583333333333333,False,2.696323002997815
0,32.45070699778354,1000,0,max_steps,7.5976353229146225,1.4746931749978103,astar,False,0,433770,0,31444,4010,0.37272337800095556,0,0.0,0.08841821899841307,0,8,8,B,6177,0.45,False,6.048410705996503
0,33.79650222372275,1000,0,max_steps,7.194377144687368,1.1531466260021261,astar,False,0,439836,0,97983,12392,0.9803248000025633,0,0.0,0.17129569499957142,0,5,5,B,6178,0.44166666666666665,False,3.0110613410033693
0,31.69747440325869,1000,0,max_steps,10.189532005936288,1.1676046659995336,astar,False,0,475361,0,218764,27418,0.13167170800079475,0,0.0,0.3499078169988934,0,7,7,B,6179,0.425,False,5.46685159000117
0,33.42772736546789,1000,0,max_steps,2.8461047942758526,0.9477430509978149,astar,False,0,435881,0,4808,649,0.48076210300132516,0,0.0,0.03310830799819087,0,7,7,B,6180,0.5333333333333333,False,2.8936107989975426
0,31.721189983035874,1000,0,max_steps,11.60636947972965,0.9501222569997481,astar,False,0,391012,0,11926,1530,0.1878955779975513,0,0.0,0.06282883400126593,0,7,7,B,6181,0.375,False,4.110070822996931
0,33.81097458919925,1000,0,max_steps,4.189607678530292,1.5806160840002121,astar,False,0,388582,0,9285,1198,0.4009839469981671,0,0.0,0.03660459599996102,0,4,4,B,6182,0.39166666666666666,False,2.9387992860029044
0,32.87793190308289,1000,0,max_steps,6.152463937318118,1.1309662390012818,astar,False,0,328996,0,25603,3271,0.2911356699987664,0,0.0,0.0750379460005206,0,6,6,B,6183,0.45,False,3.411402690002433
0,32.64702797924657,1000,0,max_steps,7.318747331340246,1.622013185002288,astar,False,0,333659,0,5567,713,0.6958817779996025,0,0.0,0.028886118001537398,0,6,6,B,6184,0.475,False,3.4182576260027417
0,32.88946395990345,1000,0,max_steps,6.96044628597908,0.8612548890014295,astar,False,0,364749,0,10518,1349,0.6690730819973396,0,0.0,0.03712564899979043,0,6,6,B,6185,0.35833333333333334,False,3.6455935729973135
0,32.869293667249146,1000,0,max_steps,6.983574478732218,1.315522114000487,astar,False,0,400749,0,70534,8965,0.8989993699979095,0,0.0,0.14795307099848287,0,5,5,B,6186,0.475,False,4.402889749999304
0,32.29159052226008,1000,0,max_steps,6.042996979976076,1.1101995339995483,astar,False,0,404347,0,17811,2286,0.3125407709994761,0,0.0,0.05157661599878338,0,5,5,B,6187,0.4583333333333333,False,2.8322932830014906
0,32.4727937758492,1000,0,max_steps,8.20161950470759,1.2541829030014924,astar,False,0,449669,0,157237,19711,0.18240814299861086,0,0.0,0.26147213100193767,0,7,7,B,6188,0.4166666666666667,False,3.7527453930015326
0,33.84195048356108,1000,0,max_steps,4.650436807440777,0.7704726370029675,astar,False,0,355814,0,9211,1193,0.736480854000547,0,0.0,0.03379000299901236,0,5,5,B,6189,0.35833333333333334,False,2.42989264800417
0,33.70094945776283,1000,0,max_steps,5.335523638781858,1.891224096998485,astar,False,0,365487,0,4484,583,0.5571126340000774,0,0.0,0.027865927000675583,0,4,4,B,6190,0.4,False,3.8597797409966006
0,32.6686728551895,1000,0,max_steps,7.071620217460777,0.8483685310020519,astar,False,0,281062,0,7707,990,0.21170344400161412,0,0.0,0.029486174000339815,0,7,7,B,6191,0.39166666666666666,False,4.147885828999279
0,32.22505593315676,1000,0,max_steps,6.808198183073108,0.7157681220014638,astar,False,0,364318,0,122624,15412,0.30849549699996714,0,0.0,0.20969221699851914,0,6,6,B,6192,0.425,False,3.121369855994999
0,32.89933869142132,1000,0,max_steps,7.610457443544376,1.082716110999172,astar,False,0,378381,0,194703,24523,0.7703062530017633,0,0.0,0.3066528780000226,0,5,5,B,6193,0.3416666666666667,False,4.264525233000313
0,34.0358460131089,1000,0,max_steps,4.490997940324618,1.072816342999431,astar,False,0,342508,0,18949,2427,0.44228338500033715,0,0.0,0.04701347399895894,0,5,5,B,6194,0.38333333333333336,False,2.3858191199979046
0,33.35990851917505,1000,0,max_steps,4.399751413432352,0.9254471229978662,astar,False,0,379948,0,4183,554,0.15333984999961103,0,0.0,0.0301848559975042,0,7,7,B,6195,0.43333333333333335,False,3.5789786809982616
0,32.18003799900889,1000,0,max_steps,8.485741717728628,1.1687585719992057,astar,False,0,403652,0,8271,1035,0.3395162589986285,0,0.0,0.03605209199668025,0,5,5,B,6196,0.4583333333333333,False,3.329741451998416
0,34.558433765911175,1000,0,max_steps,2.1048307532911035,0.6254023009969387,astar,False,0,178715,0,42661,5358,0.42978913800106966,0,0.0,0.08430472200052463,0,3,3,B,6197,0.375,False,1.451876850998815
0,31.78331095067127,1000,0,max_steps,8.37677220055553,1.009053767000296,astar,False,0,394484,0,126588,15897,0.5319977850012947,0,0.0,0.21909022000181722,0,6,6,B,6198,0.44166666666666665,False,4.53507783799796
0,34.565359715911136,1000,0,max_steps,1.6793786053180504,1.3329690829996252,astar,False,0,365704,0,4351,556,0.3735531069978606,0,0.0,0.0286580040010449,0,5,5,B,6199,0.43333333333333335,False,3.5714010970004892
0,31.950046151253826,1000,0,max_steps,6.222866100118175,1.4525364350010932,astar,False,0,464320,0,68676,8721,0.4742443760005699,0,0.0,0.14627387300060946,0,6,6,B,6200,0.5083333333333333,False,4.984380690002581
0,32.30837944350688,1000,0,max_steps,6.2267818734880995,1.3694809100015846,astar,False,0,414014,0,16498,2121,0.39927147300113575,0,0.0,0.04501949200130184,0,6,6,B,6201,0.425,False,3.7663263859976723
0,34.66718750209709,1000,0,max_steps,0.795495128834866,0.6799663900019368,astar,False,0,283644,0,6501,831,0.5193705120000232,0,0.0,0.04875712699868018,0,4,4,B,6202,0.35,False,1.6075350639985118
0,34.08190615895575,1000,0,max_steps,2.987526150513159,0.904235410002002,astar,False,0,236954,0,5318,683,0.6351218320014596,0,0.0,0.022151429002406076,0,4,4,B,6203,0.375,False,3.2261997799978417
0,33.23018243432313,1000,0,max_steps,3.919701838150444,1.4086887590019614,astar,False,0,398188,0,58224,7355,1.2854668470026809,0,0.0,0.12206573199728155,0,4,4,B,6204,0.3333333333333333,False,2.7513608790068247
0,32.72240346607554,1000,0,max_steps,4.11783468585129,0.8486737310013268,astar,False,0,379038,0,31514,3990,0.15998953500093194,0,0.0,0.06407163299809326,0,7,7,B,6205,0.4166666666666667,False,2.9650711650065205
0,31.22714412063722,1000,0,max_steps,8.13889197004113,1.1652695440025127,astar,False,0,482087,0,17973,2299,0.2743850619990553,0,0.0,0.049746190998121165,0,8,8,B,6206,0.5,False,5.250537878000614
0,31.338566104596012,1000,0,max_steps,12.638000731919586,1.3201996899988444,astar,False,0,354397,0,39845,5029,0.24223921800148673,0,0.0,0.09772267900189036,0,5,5,B,6207,0.43333333333333335,False,4.0957439729936596
0,32.88943388186554,1000,0,max_steps,14.579619765275087,1.3893020739997155,astar,False,0,420232,0,319577,40051,0.32921658999839565,0,0.0,0.4790760190007859,0,6,6,B,6208,0.44166666666666665,False,4.777403444004449
0,31.493079002800464,1000,0,max_steps,8.875052816744246,1.278292799997871,astar,False,0,436815,0,6486,867,0.560118170997157,0,0.0,0.060050342999602435,0,7,7,B,6209,0.4083333333333333,False,4.678883418000623
0,33.377476710226745,1000,0,max_steps,3.8958712119370658,0.9857953589998942,astar,False,0,365788,0,8752,1131,0.6906866259996605,0,0.0,0.032916758998908335,0,6,6,B,6210,0.4166666666666667,False,3.0250089609980932
0,33.636226576586495,1000,0,max_steps,4.0959202262739405,0.8303448900005606,astar,False,0,245283,0,70258,8854,0.14168601900018984,0,0.0,0.11962783200215199,0,6,6,B,6211,0.44166666666666665,False,2.5177169450034853
0,33.59137806754506,1000,0,max_steps,3.5885669145217256,1.1438871989994368,astar,False,0,417083,0,2837,367,0.39658849999977974,0,0.0,0.028641053002502304,0,6,6,B,6212,0.375,False,4.624067216991534
0,33.7025012312079,1000,0,max_steps,5.627527210063047,1.2053241159992467,astar,False,0,360102,0,215458,27068,0.8647738940017007,0,0.0,0.3346165219991235,0,5,5,B,6213,0.49166666666666664,False,4.179352633997041
0,32.91928708274605,1000,0,max_steps,5.2856231893694385,1.072840978999011,astar,False,0,359140,0,6520,841,0.21744735199899878,0,0.0,0.030834899000183214,0,5,5,B,6214,0.4083333333333333,False,3.3180764239987184
0,33.131720969709235,1000,0,max_steps,4.5608729975740365,0.9485668779998377,astar,False,0,434076,0,6971,908,0.3612868080017506,0,0.0,0.03370886000266182,0,7,7,B,6215,0.425,False,3.724350377000519
0,34.162485260763724,1000,0,max_steps,4.3926429971032235,1.3406097859988222,astar,False,0,226051,0,351301,44009,0.8018155800018576,0,0.0,0.5223061289980251,0,4,4,B,6216,0.39166666666666666,False,2.9340169319984852
0,33.54057143913396,1000,0,max_steps,4.7199377644202025,1.1419024509996234,astar,False,0,510911,0,5906,755,0.3418026680010371,0,0.0,0.036814252998738084,0,6,6,B,6217,0.45,False,3.8569851600041147
0,32.54935980771492,1000,0,max_steps,8.660632915670767,1.7808133790022111,astar,False,0,419192,0,160986,20263,0.6673272450025252,0,0.0,0.260008965000452,0,6,6,B,6218,0.475,False,5.261120284001663
0,31.998033558262144,1000,0,max_steps,8.086427672340857,2.09015937300137,astar,False,0,464317,0,5112,646,0.293905831000302,0,0.0,0.03394584299894632,0,5,5,B,6219,0.425,False,4.472861425001611
0,32.80400653426404,1000,0,max_steps,8.084340572984289,1.054954800001724,astar,False,0,417695,0,33072,4225,0.5286900880018948,0,0.0,0.09485808799945517,0,6,6,B,6220,0.475,False,4.051136515005055
0,32.071064227550316,1000,0,max_steps,5.6745319190220425,1.036958438999136,astar,False,0,360792,0,15080,1947,0.653483521000453,0,0.0,0.0431223029991088,0,6,6,B,6221,0.45,False,3.038644051997835
0,33.54839539524169,1000,0,max_steps,5.6391765799627125,1.294293071001448,astar,False,0,399019,0,2748,356,0.27508550100174034,0,0.0,0.027456094001536258,0,5,5,B,6222,0.35833333333333334,False,3.157741127000918
0,31.829344682135385,1000,0,max_steps,8.20161950470759,0.959935784998379,astar,False,0,310919,0,143579,17974,0.27747011500105145,0,0.0,0.23387839599672589,0,7,7,B,6223,0.4583333333333333,False,3.776248306996422
0,34.09904686938983,1000,0,max_steps,4.6138717472422215,0.6417218499991577,astar,False,0,360084,0,4546,590,0.5798570219994872,0,0.0,0.028777578998415265,0,5,5,B,6224,0.43333333333333335,False,2.523552227001346
0,33.85014092283324,1000,0,max_steps,2.8284823669239985,0.7779642759996932,astar,False,0,227027,0,4814,624,0.20561798999915482,0,0.0,0.01991734199691564,0,5,5,B,6225,0.425,False,1.8970865219962434
0,31.926719377941122,1000,0,max_steps,9.097750408754901,0.9001176789970486,astar,False,0,448744,0,39128,4951,0.6906746669992572,0,0.0,0.10596188099952997,0,6,6,B,6226,0.4583333333333333,False,3.643769339996652
0,31.918246608619548,1000,0,max_steps,10.393402354378473,2.075085829001182,astar,False,0,410889,0,326104,40819,0.2616685330031032,0,0.0,0.5873741380019055,0,6,6,B,6227,0.43333333333333335,False,5.573146521997842
0,33.51913355760529,1000,0,max_steps,6.028188990069899,0.7794735429997672,astar,False,0,248398,0,17220,2248,0.22139595699991332,0,0.0,0.057348582999111386,0,4,4,B,6228,0.4083333333333333,False,1.9207348489944707
0,33.28383363944002,1000,0,max_steps,4.2603183566489475,1.0185715469997376,astar,False,0,319855,0,7164,921,0.2037309240004106,0,0.0,0.03894046399727813,0,6,6,B,6229,0.4,False,2.9897725700066076
0,33.06588891578589,1000,0,max_steps,5.568465901844061,1.2207825900004536,astar,False,0,447442,0,5744,745,0.33557288000156404,0,0.0,0.03783059299894376,0,7,7,B,6230,0.45,False,3.8474576320004417
0,33.71003817659209,1000,0,max_steps,5.126798464929158,1.2836326859978726,astar,False,0,335760,0,10891,1408,0.29538653700001305,0,0.0,0.04116496300048311,0,6,6,B,6231,0.375,False,3.610791124003299
0,33.471514713975125,1000,0,max_steps,5.057574764647577,1.448899191000237,astar,False,0,319355,0,169844,21250,0.2072084499995981,0,0.0,0.2974943129993335,0,5,5,B,6232,0.4,False,4.013744744999713
0,31.842373199880594,1000,0,max_steps,14.733136546574185,1.351449745001446,astar,False,0,456771,0,185278,23499,0.39181372899838607,0,0.0,0.2863820800012036,0,6,6,B,6233,0.49166666666666664,False,5.596229750008206
0,33.77216722724933,1000,0,max_steps,5.1972649056979945,0.9755290879984386,astar,False,0,325660,0,7959,1003,0.4799747809993278,0,0.0,0.03312036600254942,0,5,5,B,6234,0.375,False,3.6394012549972103
0,33.57399888224749,1000,0,max_steps,3.9598374335318347,0.947520016998169,astar,False,0,395146,0,5948,763,0.3201607470000454,0,0.0,0.036404336999112274,0,6,6,B,6235,0.4666666666666667,False,3.218166012004076
0,32.79360469319055,1000,0,max_steps,6.382520074390678,2.086411524000141,astar,False,0,456575,0,6755,865,0.6905721939983778,0,0.0,0.03606167900215951,0,5,5,B,6236,0.4583333333333333,False,4.1779445079992
0,32.975749988310724,1000,0,max_steps,5.5331105627847315,1.9725252630014438,astar,False,0,322434,0,5980,764,0.281851125000685,0,0.0,0.05252399600067292,0,5,5,B,6237,0.43333333333333335,False,5.160639254005218
0,32.078002330608555,1000,0,max_steps,7.2361289720402295,1.6409048669993354,astar,False,0,462590,0,164402,20706,0.5837243360001594,0,0.0,0.2808507310001005,0,7,7,B,6238,0.475,False,4.920455151001079
0,32.464310645984185,1000,0,max_steps,7.763395681014846,1.7301488060002157,astar,False,0,360229,0,4134,544,0.18027259199880064,0,0.0,0.028584992000105558,0,6,6,B,6239,0.475,False,4.859742163000192
0,31.43898378157033,1000,0,max_steps,9.510602636005771,0.9817359530024987,astar,False,0,399275,0,292343,36678,0.19750008399932995,0,0.0,0.4512138350000896,0,7,7,B,6240,0.4166666666666667,False,4.946943438004382
0,32.06628919629774,1000,0,max_steps,9.012924747272661,1.168669572998624,astar,False,0,413050,0,31815,4009,0.512361160999717,0,0.0,0.09417525200115051,0,6,6,B,6241,0.43333333333333335,False,4.510658373994374
0,32.829477348298,1000,0,max_steps,6.391424919374395,1.0862665819986432,astar,False,0,441880,0,17086,2208,0.4975619260003441,0,0.0,0.046791238000878366,0,7,7,B,6242,0.475,False,4.637243936002051
0,32.635166875858694,1000,0,max_steps,6.2731820075620295,1.2493962460030161,astar,False,0,369565,0,59991,7624,0.2025314359998447,0,0.0,0.12485645199922146,0,6,6,B,6243,0.44166666666666665,False,4.334715663004317
0,33.8081310332185,1000,0,max_steps,4.5078057300642405,0.719593232999614,astar,False,0,255424,0,3497,451,0.07966495499931625,0,0.0,0.01907777700034785,0,6,6,B,6244,0.3333333333333333,False,2.6808745369962708
0,32.5156030358444,1000,0,max_steps,7.29522532208567,1.2105109069998434,astar,False,0,413219,0,155010,19458,0.5811745659993903,0,0.0,0.25726409900016733,0,6,6,B,6245,0.45,False,5.146807561999594
0,32.237379228123345,1000,0,max_steps,10.990578351479051,0.9144725509977434,astar,False,0,381870,0,378139,47441,0.326930605002417,0,0.0,0.5513546570000472,0,7,7,B,6246,0.425,False,4.250833155994769
0,33.46154246348545,1000,0,max_steps,5.091936026699469,0.9440803969991975,astar,False,0,295447,0,26461,3405,0.7007204630026536,0,0.0,0.07512565799697768,0,5,5,B,6247,0.425,False,3.402655968002364
0,32.82841787059697,1000,0,max_steps,6.452349378327246,0.7828672670002561,astar,False,0,326632,0,4260,552,0.3435219210005016,0,0.0,0.028302057002292713,0,6,6,B,6248,0.475,False,3.2605567070022516
0,32.88875849766377,1000,0,max_steps,5.038135815954151,0.6954335020018334,astar,False,0,326033,0,4714,607,0.29314264000277035,0,0.0,0.029383008000877453,0,7,7,B,6249,0.44166666666666665,False,2.777366146005079
0,33.508983256329046,1000,0,max_steps,5.495139898128161,0.7879832349972276,astar,False,0,376209,0,3347,433,0.2970927140013373,0,0.0,0.02675798199925339,0,5,5,B,6250,0.4,False,2.7674829279967526
0,31.922981605673268,1000,0,max_steps,7.814509741500101,0.8226475810006377,astar,False,0,368375,0,13681,1762,0.7237436860013986,0,0.0,0.06543413100007456,0,6,6,B,6251,0.4666666666666667,False,3.2832555910026713
0,33.472146021045035,1000,0,max_steps,4.331029034767604,0.8629683219987783,astar,False,0,303331,0,7408,955,0.30708469100136426,0,0.0,0.05078773399873171,0,5,5,B,6252,0.425,False,2.77983688400127
0,31.693353503540614,1000,0,max_steps,10.253429304383973,1.1040706329986278,astar,False,0,376765,0,5166,665,0.3051297730016813,0,0.0,0.03109356899949489,0,8,8,B,6253,0.4666666666666667,False,5.499632301001839
0,32.21555708806882,1000,0,max_steps,8.179643176814007,1.7651489550007682,astar,False,0,243062,0,31636,3984,0.19595421499980148,0,0.0,0.0699062790008611,0,4,4,B,6254,0.3333333333333333,False,3.7519134639987897
0,31.36511578440321,1000,0,max_steps,10.889458779021112,0.9154824809993443,astar,False,0,286998,0,5241,662,0.1670965699995577,0,0.0,0.027742779999243794,0,7,7,B,6255,0.4083333333333333,False,3.203399823996733
0,32.120734716577914,1000,0,max_steps,9.793572509559521,1.052543350000633,astar,False,0,393585,0,19433,2473,0.31009386100049596,0,0.0,0.050458093002816895,0,6,6,B,6256,0.5083333333333333,False,4.353892856008315
0,32.1479631140146,1000,0,max_steps,5.516934157664018,1.1123645550032961,astar,False,0,453275,0,6534,849,0.18829089700011536,0,0.0,0.03682897899852833,0,6,6,B,6257,0.4166666666666667,False,3.5624632489998476
0,33.65450683798374,1000,0,max_steps,4.543161069123566,0.7055045940032869,astar,False,0,357071,0,5829,756,0.417898661999061,0,0.0,0.02972298500026227,0,6,6,B,6258,0.44166666666666665,False,2.9397461250009655
0,33.62275875534592,1000,0,max_steps,3.8540968462144276,0.8067924579991086,astar,False,0,267424,0,21507,2744,0.32467973600068945,0,0.0,0.08408045700343791,0,4,4,B,6259,0.3416666666666667,False,2.5489502389973495
0,31.301117839432678,1000,0,max_steps,11.509194693808944,1.7844951879997097,astar,False,0,350720,0,25327,3183,0.21666810299939243,0,0.0,0.0782397859984485,0,5,5,B,6260,0.375,False,4.8390407689985295
0,32.04887632452617,1000,0,max_steps,8.897980810273754,1.1487575119972462,astar,False,0,302211,0,196857,24730,0.8400969300018915,0,0.0,0.302166027999192,0,7,7,B,6261,0.425,False,4.065771492991189
0,31.82822494331737,1000,0,max_steps,10.04454142805932,1.4564065390004544,astar,False,0,471377,0,27894,3577,0.8140123829980439,0,0.0,0.0649368640006287,0,6,6,B,6262,0.525,False,4.839901001003454
0,31.911036960152007,1000,0,max_steps,7.8866382255052105,2.1592041879994213,astar,False,0,489006,0,5014,650,0.5549141410010634,0,0.0,0.0609723790003045,0,6,6,B,6263,0.4583333333333333,False,4.559388566998678
0,32.83618945999069,1000,0,max_steps,9.196211855976351,0.9994578770019871,astar,False,0,341029,0,287042,36163,0.5663383510000131,0,0.0,0.42440310299934936,0,6,6,B,6264,0.525,False,3.3520120949979173
0,34.20334473958708,1000,0,max_steps,2.682640956222056,0.8508971560004284,astar,False,0,250068,0,100594,12660,0.6846102620002057,0,0.0,0.16430508199846372,0,4,4,B,6265,0.39166666666666666,False,2.3245322200054943
0,33.98513046375657,1000,0,max_steps,4.203309707837384,1.2077892480010632,astar,False,0,386388,0,32760,4185,1.056993837999471,0,0.0,0.09106338899800903,0,4,4,B,6266,0.39166666666666666,False,4.124139866002224
0,34.70823680021596,1000,0,max_steps,3.416366856764651,0.8574158170013106,astar,False,0,248573,0,60293,7592,0.2698219740013883,0,0.0,0.09834738399877097,0,4,4,B,6267,0.4083333333333333,False,1.6395200339975418
0,32.43953745033929,1000,0,max_steps,9.72311999823102,1.154670846000954,astar,False,0,396614,0,32859,4168,0.4603547839979001,0,0.0,0.0946480970014818,0,7,7,B,6268,0.5,False,6.043197582996072
0,31.592026757288007,1000,0,max_steps,9.575571131791564,1.4284732599990093,astar,False,0,451250,0,40821,5151,0.4913762640026107,0,0.0,0.10464922400205978,0,7,7,B,6269,0.525,False,5.296436562992312
0,32.86256034002505,1000,0,max_steps,5.6391765799627125,1.1212446639983682,astar,False,0,431258,0,5565,712,0.49881286099844147,0,0.0,0.03286346300228615,0,6,6,B,6270,0.43333333333333335,False,3.7974071520002326
0,32.93033030572138,1000,0,max_steps,4.401739712886254,0.7403693040032522,astar,False,0,337056,0,3952,513,0.3107945000010659,0,0.0,0.027687767000315944,0,7,7,B,6271,0.38333333333333336,False,3.036970959004975
0,32.8710651313874,1000,0,max_steps,8.223157088369403,0.7319457550001971,astar,False,0,381323,0,23849,3054,0.5372966970026027,0,0.0,0.05758139699901221,0,7,7,B,6272,0.4083333333333333,False,2.9594422679983836
0,34.475913173696696,1000,0,max_steps,3.5002232071683625,1.3643139530031476,astar,False,0,387449,0,9330,1205,0.4309569739998551,0,0.0,0.03532146100042155,0,4,4,B,6273,0.4583333333333333,False,3.483423502999358
0,33.631931012610785,1000,0,max_steps,3.4825008973437446,0.8363489600014873,astar,False,0,340929,0,2188,284,0.31317651799690793,0,0.0,0.027659006002068054,0,7,7,B,6274,0.475,False,2.7117164859992045
0,32.87413231593093,1000,0,max_steps,7.92639971866168,1.5832235950001632,astar,False,0,347969,0,212305,26759,0.519318344999192,0,0.0,0.32149025699982303,0,4,4,B,6275,0.425,False,4.123209019999194
0,34.20274196698055,1000,0,max_steps,3.800698948877693,1.293545319000259,astar,False,0,402402,0,7063,905,1.2309523579970119,0,0.0,0.03365655000015977,0,5,5,B,6276,0.4166666666666667,False,5.982521376001387
0,33.78949831567179,1000,0,max_steps,3.2350135239284517,1.2956116079985804,astar,False,0,466408,0,2459,322,0.12718643500193139,0,0.0,0.003916868998203427,0,5,5,B,6277,0.5166666666666667,False,3.168856430998858
0,33.04072279177369,1000,0,max_steps,5.1446877942203635,1.4262616460000572,astar,False,0,369477,0,5340,694,0.15273158999843872,0,0.0,0.029467279000527924,0,5,5,B,6278,0.375,False,3.577738829993905
0,33.54314763242435,1000,0,max_steps,3.7653436098183626,1.0220897409999452,astar,False,0,376061,0,7125,924,0.7614330799988238,0,0.0,0.03691269299815758,0,6,6,B,6279,0.425,False,3.229192288003105
0,33.710515482500135,1000,0,max_steps,3.099042190742163,1.0144749869978114,astar,False,0,451669,0,129400,16271,0.7870533340028487,0,0.0,0.22447917199679068,0,4,4,B,6280,0.43333333333333335,False,2.9274494709970895
0,32.99206888105385,1000,0,max_steps,5.213953634239567,1.287485253000341,astar,False,0,308761,0,220364,27576,0.6646761619995232,0,0.0,0.3670446649994119,0,5,5,B,6281,0.4,False,3.7821720730025845
0,34.329601342851525,1000,0,max_steps,2.423904391678844,0.7824194119966705,astar,False,0,275337,0,94882,11863,0.6156570649982314,0,0.0,0.1632559770005173,0,4,4,B,6282,0.3416666666666667,False,2.470042310997087
0,32.18583663818359,1000,0,max_steps,6.569936263008949,0.9479507930009277,astar,False,0,368698,0,191345,24046,0.644796126998699,0,0.0,0.29837370500172256,0,6,6,B,6283,0.44166666666666665,False,2.964602648997243
0,33.490568788374695,1000,0,max_steps,4.543161069123566,1.0666661350005597,astar,False,0,279727,0,3888,500,0.3713925369993376,0,0.0,0.04423588600184303,0,7,7,B,6284,0.4,False,3.75690020500042
0,32.960956040620985,1000,0,max_steps,3.8187448854302866,0.49244531599833863,astar,False,0,264555,0,10699,1390,0.29952252600196516,0,0.0,0.032015786000556545,0,8,8,B,6285,0.4166666666666667,False,2.414677615997789
0,32.9873163985481,1000,0,max_steps,6.232500501403907,1.2069701030013675,astar,False,0,411234,0,73548,9350,0.8077242660001502,0,0.0,0.14574262099995394,0,5,5,B,6286,0.4583333333333333,False,3.531844314005866
0,33.728804134326026,1000,0,max_steps,4.47245039100491,1.0874611690014717,astar,False,0,390808,0,2710,352,0.26464931100053946,0,0.0,0.027315286999510136,0,5,5,B,6287,0.425,False,3.335248773000785
0,30.79640138640537,1000,0,max_steps,8.851712404953064,0.770340163999208,astar,False,0,331085,0,25052,3162,0.24227777600026457,0,0.0,0.054326748999301344,0,6,6,B,6288,0.43333333333333335,False,3.5323125190006976
0,32.78619251879432,1000,0,max_steps,7.394022078679503,1.070698583000194,astar,False,0,463556,0,12377,1618,0.5063636390004831,0,0.0,0.06836920400019153,0,6,6,B,6289,0.525,False,4.495819473002484
0,33.369259921879696,1000,0,max_steps,8.893343718759551,1.531936040999426,astar,False,0,300914,0,121434,15228,0.7244950770000287,0,0.0,0.20435378399997717,0,5,5,B,6290,0.43333333333333335,False,3.6173084280017065
0,31.025215371609423,1000,0,max_steps,8.33098508581068,1.3989018360007321,astar,False,0,471879,0,24187,3090,0.4517305289991782,0,0.0,0.05842742599998019,0,6,6,B,6291,0.475,False,4.664375978998578
0,33.37572379270824,1000,0,max_steps,3.9421203051149996,0.8986411929981841,astar,False,0,345775,0,5287,672,0.35512235700298334,0,0.0,0.05084647900002892,0,5,5,B,6292,0.35,False,2.4716056489996845
0,31.446794381127976,1000,0,max_steps,10.218014117234324,1.1313171400033752,astar,False,0,382479,0,5385,688,0.26494639399970765,0,0.0,0.031884054998954525,0,7,7,B,6293,0.375,False,4.0858580299973255
0,33.126196281722486,1000,0,max_steps,8.061036688912909,1.8827241510007298,astar,False,0,401525,0,8315,1074,0.39089776200125925,0,0.0,0.03561996599819395,0,6,6,B,6294,0.45,False,3.9450301229990146
0,31.639672949422142,1000,0,max_steps,6.947324125157826,1.0679759359991294,astar,False,0,379092,0,2900,379,0.21219365399883827,0,0.0,0.02646878999803448,0,7,7,B,6295,0.4166666666666667,False,4.446985592996498
0,32.376301930518984,1000,0,max_steps,5.939828490789946,0.8574044990018592,astar,False,0,457479,0,5196,678,0.5501990070006286,0,0.0,0.03197254000042449,0,7,7,B,6296,0.45,False,4.684706643009122
0,32.74437605297526,1000,0,max_steps,5.586395304666504,1.6644294630023069,astar,False,0,405136,0,12245,1556,0.39226254599998356,0,0.0,0.06443186300020898,0,6,6,B,6297,0.44166666666666665,False,5.4803756670007715
0,32.685265123960775,1000,0,max_steps,10.518272790719964,1.6581364449993998,astar,False,0,372778,0,9884,1253,0.3458001199978753,0,0.0,0.05922698700305773,0,5,5,B,6298,0.4166666666666667,False,4.284303924003325
0,32.991898884940994,1000,0,max_steps,8.59936407532557,1.1250705070015101,astar,False,0,302042,0,27423,3441,0.3569657990010455,0,0.0,0.0738596349983709,0,5,5,B,6299,0.4583333333333333,False,3.120351659003063
0,34.208468468721904,1000,0,max_steps,4.5078057300642405,0.8898745469996356,astar,False,0,395245,0,6513,841,0.8551320769984159,0,0.0,0.034476767999876756,0,6,6,B,6300,0.49166666666666664,False,2.86558534699725
0,33.10628502590494,1000,0,max_steps,4.525794129210913,0.843472238000686,astar,False,0,312440,0,13540,1749,0.3082780980003008,0,0.0,0.037664733001292916,0,6,6,B,6301,0.4166666666666667,False,3.3615429810015485
0,33.00234466161138,1000,0,max_steps,5.783300312105535,0.9897859179982333,astar,False,0,362521,0,6839,890,0.13323189099901356,0,0.0,0.03131562300040969,0,6,6,B,6302,0.425,False,3.7306867909974244
0,32.90461878642009,1000,0,max_steps,4.597859556358804,0.9337483189992781,astar,False,0,317120,0,29225,3781,0.6006489160026831,0,0.0,0.0570602379993943,0,4,4,B,6303,0.4583333333333333,False,2.452178379000543
0,33.88962195356061,1000,0,max_steps,5.215032358480624,1.469031859000097,astar,False,0,474926,0,1956,253,0.15742096900066826,0,0.0,0.029755665000266163,0,6,6,B,6304,0.425,False,3.4485152380002546
0,33.91356129970788,1000,0,max_steps,4.77261065874852,0.6612943780019123,astar,False,0,220221,0,55246,6995,0.2892690959997708,0,0.0,0.09831436600143206,0,5,5,B,6305,0.36666666666666664,False,1.9946779739984777
0,33.73283266133318,1000,0,max_steps,6.682743635663423,1.5083002100000158,astar,False,0,426608,0,172588,21793,1.2259267730005377,0,0.0,0.27814405099707074,0,4,4,B,6306,0.425,False,2.7779471940011717
0,33.928832219826774,1000,0,max_steps,6.329716620829085,1.9388487209980667,astar,False,0,384255,0,314473,39692,1.4310931290019653,0,0.0,0.49668552199727856,0,4,4,B,6307,0.425,False,3.6376153829987743
0,32.756759067987495,1000,0,max_steps,7.941052354694559,1.2816394910005329,astar,False,0,359925,0,27634,3530,0.39188185499733663,0,0.0,0.08041179599968018,0,6,6,B,6308,0.4583333333333333,False,3.7267844999951194
0,33.05135399915001,1000,0,max_steps,4.187966391937738,1.1809354319993872,astar,False,0,232333,0,194116,24363,0.890085535000253,0,0.0,0.2863241470004141,0,4,4,B,6309,0.4,False,2.117417156998272
0,32.98557647466987,1000,0,max_steps,4.790648442538859,1.4949473069973465,astar,False,0,358752,0,7613,976,0.43991494399961084,0,0.0,0.032257023001875496,0,5,5,B,6310,0.38333333333333336,False,3.144680741999764
0,31.85415312613923,1000,0,max_steps,9.653966153866502,0.9971740849978232,astar,False,0,309237,0,15356,1960,0.4212410889995226,0,0.0,0.03961645199888153,0,6,6,B,6311,0.475,False,3.5409987710008863
0,31.76229882549321,1000,0,max_steps,7.477654211047737,1.2356130429980112,astar,False,0,408330,0,5015,640,0.893596706999233,0,0.0,0.032151948998944135,0,7,7,B,6312,0.44166666666666665,False,4.620556444002432
0,32.87648950633174,1000,0,max_steps,10.079760041786706,1.364104190000944,astar,False,0,400812,0,283742,35565,0.23887814599947887,0,0.0,0.46280545300032827,0,6,6,B,6313,0.4583333333333333,False,3.4339535840008466
0,33.01442396741869,1000,0,max_steps,7.018034803276482,0.9338041060000251,astar,False,0,399644,0,12148,1548,0.6162331300001824,0,0.0,0.04199768600301468,0,6,6,B,6314,0.5083333333333333,False,3.925896189000923
0,32.74475836029206,1000,0,max_steps,8.290902393587803,1.922303280000051,astar,False,0,387843,0,17580,2277,0.34777476900126203,0,0.0,0.04692469200017513,0,6,6,B,6315,0.43333333333333335,False,4.814720798000053
0,32.33012348768588,1000,0,max_steps,7.7168848961222665,2.112084614000196,astar,False,0,392852,0,197063,24688,0.17703782399985357,0,0.0,0.310777513001085,0,4,4,B,6316,0.44166666666666665,False,3.924260908002907
0,31.38650336845695,1000,0,max_steps,12.080110202311896,1.2642559339983563,astar,False,0,329141,0,15180,1942,0.3099125760018069,0,0.0,0.09400580299916328,0,6,6,B,6317,0.44166666666666665,False,3.6392378589989676
0,32.334895138383075,1000,0,max_steps,5.338685465542991,0.922774833998119,astar,False,0,345265,0,15846,2040,0.28209821400014334,0,0.0,0.04285972000070615,0,6,6,B,6318,0.45,False,3.293779514995549
0,33.38423124797092,1000,0,max_steps,5.816920362184787,1.4064833459997317,astar,False,0,337060,0,5525,718,0.17174580199935008,0,0.0,0.007845873999031028,0,5,5,B,6319,0.4583333333333333,False,3.1320610389957437
0,32.74397360657211,1000,0,max_steps,7.675305368517919,1.6581634460017085,astar,False,0,396187,0,12856,1656,0.31841892800002825,0,0.0,0.04145368800163851,0,5,5,B,6320,0.4083333333333333,False,4.55548416199963
0,33.12292654175597,1000,0,max_steps,14.9480872522206,1.0567633309983648,astar,False,0,424492,0,97406,12402,0.8749248060012178,0,0.0,0.17894162899756338,0,5,5,B,6321,0.475,False,3.954439936995186
0,32.58260649233216,1000,0,max_steps,6.919289161467379,1.14672680899821,astar,False,0,255103,0,32784,4206,0.40932694699949934,0,0.0,0.07482452800104511,0,5,5,B,6322,0.4583333333333333,False,3.289861673994892
0,33.33527875751495,1000,0,max_steps,4.47245039100491,1.0232236520023434,astar,False,0,341167,0,6424,810,0.563265508000768,0,0.0,0.03143165200162912,0,5,5,B,6323,0.43333333333333335,False,2.494621626003209
0,32.195136406699945,1000,0,max_steps,9.37291643513373,1.575380218000646,astar,False,0,414130,0,7056,915,1.173331412999687,0,0.0,0.059093530999234645,0,6,6,B,6324,0.425,False,6.118307842996728
0,33.53249821400275,1000,0,max_steps,7.000379454001046,1.2859022000011464,astar,False,0,409916,0,7463,955,0.26980766899941955,0,0.0,0.03493762899961439,0,5,5,B,6325,0.5,False,2.9585501399997156
0,33.992797596680944,1000,0,max_steps,5.144201833132132,1.021198230999289,astar,False,0,352587,0,7113,923,0.9885273430008965,0,0.0,0.03245842899923446,0,6,6,B,6326,0.45,False,3.3580766349987243
0,33.71759105266107,1000,0,max_steps,4.189607678530292,1.1655008330017154,astar,False,0,396330,0,6449,824,0.3792286170028092,0,0.0,0.033610391001275275,0,6,6,B,6327,0.4583333333333333,False,4.923831836993486
0,33.66270405771627,1000,0,max_steps,5.945192385448931,1.2290875149992644,astar,False,0,307458,0,199274,25193,0.9185350039988407,0,0.0,0.3037701789980929,0,4,4,B,6328,0.4083333333333333,False,2.370472800997959
0,33.66492489830726,1000,0,max_steps,4.6138717472422215,1.0507423689996358,astar,False,0,317473,0,8181,1059,0.4174742819996027,0,0.0,0.031804293001187034,0,5,5,B,6329,0.375,False,3.323383679999097
0,33.323709271180896,1000,0,max_steps,3.7123526906801274,1.0587593960008235,astar,False,0,380744,0,3734,489,0.3856648729997687,0,0.0,0.027913689002161846,0,5,5,B,6330,0.425,False,3.1591403679958603
0,33.27625465276349,1000,0,max_steps,4.437095051945585,0.8015315960001317,astar,False,0,360112,0,10870,1405,0.29702371600069455,0,0.0,0.038134189999254886,0,7,7,B,6331,0.4166666666666667,False,3.516237038995314
0,32.39156682825181,1000,0,max_steps,6.881065506155276,0.8835399220006366,astar,False,0,403236,0,12460,1605,0.32712718499897164,0,0.0,0.0390968920000887,0,7,7,B,6332,0.39166666666666666,False,3.639397965005628
0,32.57238940686515,1000,0,max_steps,6.508287985330702,1.1859768529975554,astar,False,0,463431,0,3342,433,0.22201554699859116,0,0.0,0.029930920001788763,0,8,8,B,6333,0.45,False,5.111699503006093
0,32.3816726296967,1000,0,max_steps,8.579572396104597,1.2831904380000196,astar,False,0,310542,0,27621,3535,0.3157598859979771,0,0.0,0.07445040400125436,0,6,6,B,6334,0.45,False,4.193547432998457
0,32.28444220367792,1000,0,max_steps,7.328561420906558,0.735714085996733,astar,False,0,419438,0,11775,1524,0.2500089629975264,0,0.0,0.0649321359996975,0,7,7,B,6335,0.43333333333333335,False,3.408114248995844
0,32.58639997327516,1000,0,max_steps,6.806729207189012,1.175085188999219,astar,False,0,358850,0,31279,3968,0.6791525799999363,0,0.0,0.08431348999874899,0,6,6,B,6336,0.375,False,3.1458918819953396
0,32.850508491852175,1000,0,max_steps,6.704592642360905,1.4838662719994318,astar,False,0,409485,0,35975,4565,0.2242323270002089,0,0.0,0.09293997500208206,0,6,6,B,6337,0.5,False,3.7355792649977957
0,32.57980438839696,1000,0,max_steps,7.780042577004318,1.113707586999226,astar,False,0,356297,0,8970,1125,0.35527298499800963,0,0.0,0.034050982001645025,0,5,5,B,6338,0.375,False,3.1010950579948258
0,32.60893128035328,1000,0,max_steps,8.404481691335878,0.9650654530014435,astar,False,0,329241,0,244359,30663,0.4813143259998469,0,0.0,0.3648128300010285,0,6,6,B,6339,0.49166666666666664,False,4.1880595440052275
0,33.20398218248391,1000,0,max_steps,5.499573847126699,1.361397995002335,astar,False,0,408310,0,19611,2520,0.5292747829989821,0,0.0,0.07413139900017995,0,5,5,B,6340,0.45,False,3.5254246900040016
0,32.353564210562915,1000,0,max_steps,8.296930908474529,1.2963777170007234,astar,False,0,382050,0,64158,8100,0.5570071510010166,0,0.0,0.12875953199909418,0,7,7,B,6341,0.4583333333333333,False,4.305639302001509
0,31.465331199862103,1000,0,max_steps,8.827602307535154,1.2731491339982313,astar,False,0,452206,0,40126,5085,0.32253915900219,0,0.0,0.1037508009976591,0,6,6,B,6342,0.38333333333333336,False,4.419569464997039
0,33.91507669491911,1000,0,max_steps,5.057327604575362,0.3840722969980561,astar,False,0,136298,0,36024,4526,0.1331945049969363,0,0.0,0.0726221799995983,0,5,5,B,6343,0.3416666666666667,False,1.5440816909977002
0,33.61445765079417,1000,0,max_steps,4.27890903151726,0.9447464180011593,astar,False,0,308669,0,7069,917,0.11366188600004534,0,0.0,0.01051352099966607,0,6,6,B,6344,0.38333333333333336,False,2.1567975240031956
0,33.69934757955263,1000,0,max_steps,2.8461047942758526,1.2146441719996801,astar,False,0,352741,0,3452,450,0.3375889970011485,0,0.0,0.027505035999638494,0,5,5,B,6345,0.35833333333333334,False,2.4651404499963974
0,33.545415624337636,1000,0,max_steps,6.2585191938668645,0.6346749010008352,astar,False,0,279034,0,11279,1455,0.28573721800057683,0,0.0,0.034118700998078566,0,5,5,B,6346,0.475,False,2.485705796003458
0,33.326362553222886,1000,0,max_steps,5.922019292437335,0.8543479249965458,astar,False,0,288780,0,15410,1987,0.3344794320000801,0,0.0,0.058862296002189396,0,6,6,B,6347,0.5083333333333333,False,2.8691129310027463
0,32.64269968745115,1000,0,max_steps,9.477951387298837,1.2319238130003214,astar,False,0,456892,0,116232,14633,1.02525113700176,0,0.0,0.20393906299796072,0,5,5,B,6348,0.45,False,3.8326313740035403
0,33.45131273149949,1000,0,max_steps,7.345427999783266,1.1834850559971528,astar,False,0,337289,0,142257,17914,0.8694861610019871,0,0.0,0.2317378519983322,0,4,4,B,6349,0.45,False,3.330083372995432
0,34.1579795560845,1000,0,max_steps,2.7935752182463243,0.989330536001944,astar,False,0,335721,0,26901,3473,0.9077595810013008,0,0.0,0.08110921099796542,0,3,3,B,6350,0.44166666666666665,False,2.680045498000254
0,33.96529140167654,1000,0,max_steps,3.341079541106433,1.4448092080019705,astar,False,0,414522,0,2864,372,0.1957872880011564,0,0.0,0.028219525000167778,0,5,5,B,6351,0.425,False,2.443792422000115
0,33.0749656448732,1000,0,max_steps,8.351964589244854,0.6073687970019819,astar,False,0,360730,0,36218,4606,0.1839412990011624,0,0.0,0.09054883099815925,0,7,7,B,6352,0.4583333333333333,False,2.725881250004022
0,32.70642902276837,1000,0,max_steps,5.497755223725406,0.8451905210022232,astar,False,0,384202,0,8699,1147,0.17667604700181982,0,0.0,0.03553583799657645,0,6,6,B,6353,0.45,False,2.727473267004825
0,30.866366854023035,1000,0,max_steps,8.06847646709092,1.7145959459994629,astar,False,0,417185,0,6305,792,0.35670379099974525,0,0.0,0.060338123999827076,0,6,6,B,6354,0.4083333333333333,False,4.1386858459991345
0,33.21925610277359,1000,0,max_steps,5.020489268985642,0.9113681439994252,astar,False,0,325420,0,17496,2236,0.2557521170019754,0,0.0,0.04496430099970894,0,5,5,B,6355,0.4083333333333333,False,2.280117350997898
0,33.18901888795605,1000,0,max_steps,8.08495902896236,1.2435072959997342,astar,False,0,442705,0,33861,4343,0.5345727009989787,0,0.0,0.09493902800022624,0,6,6,B,6356,0.45,False,3.7447140440017392
0,33.53616156009071,1000,0,max_steps,5.020489268985642,0.7192347420022998,astar,False,0,201150,0,7002,893,0.2377050209979643,0,0.0,0.022015916998498142,0,5,5,B,6357,0.375,False,2.6480121410058928
0,33.14632377390624,1000,0,max_steps,5.356333867488095,0.9748427449994779,astar,False,0,385635,0,6021,773,0.27244615600284305,0,0.0,0.03210500700151897,0,7,7,B,6358,0.4583333333333333,False,4.22632770600103
0,33.114752711436054,1000,0,max_steps,5.356333867488095,1.689954306002619,astar,False,0,383014,0,5563,719,0.2103451959992526,0,0.0,0.029916856001364067,0,5,5,B,6359,0.39166666666666666,False,4.115809585000534
0,31.396335624232517,1000,0,max_steps,10.341436674853258,1.0787737470018328,astar,False,0,329595,0,6181,797,0.3212316130011459,0,0.0,0.03043015300136176,0,7,7,B,6360,0.4,False,4.3217585570055235
0,32.6776584914233,1000,0,max_steps,7.165564353210428,1.5446540000011737,astar,False,0,426042,0,18211,2326,0.3480929319994175,0,0.0,0.05010602199763525,0,7,7,B,6361,0.45,False,5.942461865000951
0,33.497687988131624,1000,0,max_steps,4.884445976771569,1.1773502130017732,astar,False,0,301249,0,50196,6297,0.2703416170006676,0,0.0,0.11166920300092897,0,5,5,B,6362,0.43333333333333335,False,4.7642141790020105
0,31.488443645611504,1000,0,max_steps,8.826752658820796,1.8009583390012267,astar,False,0,462312,0,15910,1998,0.3533463940002548,0,0.0,0.04838264000136405,0,8,8,B,6363,0.48333333333333334,False,7.296072951001406
0,31.99413817923057,1000,0,max_steps,6.665981735648544,1.4782545490015764,astar,False,0,417930,0,5819,749,0.4418836029981321,0,0.0,0.032297392001055414,0,7,7,B,6364,0.39166666666666666,False,4.885832029001904
0,33.30447648371806,1000,0,max_steps,5.356450550504503,0.8472521830008191,astar,False,0,418505,0,3360,440,0.16709346100105904,0,0.0,0.0058826890017371625,0,6,6,B,6365,0.4083333333333333,False,3.500335691998771
0,31.976315432268034,1000,0,max_steps,7.987901007148246,1.3351033670005563,astar,False,0,399871,0,16457,2136,0.22631413500130293,0,0.0,0.04564595799820381,0,8,8,B,6366,0.525,False,6.509279099995183
0,32.6489114905155,1000,0,max_steps,5.904579790298373,1.040374290998443,astar,False,0,404179,0,7509,975,0.20631312199839158,0,0.0,0.057984506001957925,0,6,6,B,6367,0.475,False,3.4650041139939276
0,31.20355369351498,1000,0,max_steps,10.302866712716417,1.3266946689982433,astar,False,0,443876,0,26521,3370,0.315588828001637,0,0.0,0.08717292300207191,0,7,7,B,6368,0.5166666666666667,False,5.700553807000688
0,33.74772830093815,1000,0,max_steps,4.790257039032454,1.232201086000714,astar,False,0,492693,0,3951,519,0.7194495879994065,0,0.0,0.03250240800116444,0,6,6,B,6369,0.39166666666666666,False,5.241504225996323
0,33.049521826197356,1000,0,max_steps,5.303330321599812,1.285509451998223,astar,False,0,339930,0,5402,698,0.328925846999482,0,0.0,0.02926922500046203,0,6,6,B,6370,0.45,False,4.121213861992146
0,33.8133404098895,1000,0,max_steps,3.7477076326736034,1.0743839669994486,astar,False,0,352014,0,13600,1779,0.8038248060001933,0,0.0,0.04076188799808733,0,4,4,B,6371,0.4083333333333333,False,3.232276014998206
0,32.76914602599026,1000,0,max_steps,5.65787614746028,0.7599823119999201,astar,False,0,448710,0,44772,5686,0.4489613149999059,0,0.0,0.11265014599848655,0,7,7,B,6372,0.5,False,3.691989092993026
0,34.13848206086374,1000,0,max_steps,4.800423158430929,0.8087587439986237,astar,False,0,309218,0,51246,6555,0.6937394140004471,0,0.0,0.1140979369993147,0,5,5,B,6373,0.48333333333333334,False,2.965634759999375
0,31.80205423711599,1000,0,max_steps,10.028973651376296,0.900963567000872,astar,False,0,387744,0,200598,25122,0.2569547989987768,0,0.0,0.3335406359983608,0,7,7,B,6374,0.4583333333333333,False,3.7589169700004277
0,31.136946400909004,1000,0,max_steps,10.827121616570121,1.5386480180022772,astar,False,0,387167,0,38012,4767,0.21800563799843076,0,0.0,0.09858209999947576,0,7,7,B,6375,0.425,False,5.398648217997106
0,33.48947952307332,1000,0,max_steps,5.438548749436745,0.922743792001711,astar,False,0,404150,0,8428,1106,0.4237598630024877,0,0.0,0.06119895500160055,0,6,6,B,6376,0.39166666666666666,False,4.3699815979962295
0,32.69503188761142,1000,0,max_steps,5.303330321599812,1.2135372540033131,astar,False,0,404579,0,10259,1331,0.4778958739989321,0,0.0,0.038680980000208365,0,7,7,B,6377,0.39166666666666666,False,5.002355811004236
0,31.842540483621228,1000,0,max_steps,9.556166203033516,0.9725837510013662,astar,False,0,364605,0,6029,784,0.39386137900146423,0,0.0,0.054653153998515336,0,7,7,B,6378,0.475,False,5.187549878002756
0,31.925540015183078,1000,0,max_steps,7.145474966718446,1.8361949040008767,astar,False,0,360635,0,19842,2529,0.1681201970022812,0,0.0,0.07395256899690139,0,4,4,B,6379,0.4166666666666667,False,3.364110073005577
0,33.46838585494349,1000,0,max_steps,5.267975180275622,1.6080084980021638,astar,False,0,478559,0,3587,467,0.17380007700194255,0,0.0,0.03350609300105134,0,6,6,B,6380,0.475,False,4.008346907005034
0,32.80252918907255,1000,0,max_steps,8.503620552447057,0.9701899649990082,astar,False,0,414257,0,18316,2362,0.6112029910000274,0,0.0,0.04786214799969457,0,6,6,B,6381,0.475,False,3.084163865994924
0,33.541767891270936,1000,0,max_steps,4.898756219694953,0.7045197389998066,astar,False,0,326031,0,21016,2728,0.22612929399838322,0,0.0,0.06966649199966923,0,5,5,B,6382,0.31666666666666665,False,2.7340731150034117
0,34.20090752800071,1000,0,max_steps,1.8561553006146871,1.0509341469987703,astar,False,0,280772,0,5675,719,1.0145948409990524,0,0.0,0.03613797399884788,0,4,4,B,6383,0.38333333333333336,False,2.0130183459987165
0,31.39664836873645,1000,0,max_steps,9.286835440557779,1.0555627110006753,astar,False,0,362163,0,322113,40299,0.22379096700024093,0,0.0,0.4793130830003065,0,6,6,B,6384,0.44166666666666665,False,4.99300513500566
0,31.894267315364914,1000,0,max_steps,6.5231558696692185,1.606750466999074,astar,False,0,415234,0,8498,1092,0.4350819399987813,0,0.0,0.03618050400109496,0,7,7,B,6385,0.4666666666666667,False,5.498180924998451
0,32.042317846750265,1000,0,max_steps,9.322771181360183,1.540066437999485,astar,False,0,444921,0,208670,26248,0.5945438720009406,0,0.0,0.3239231879997533,0,6,6,B,6386,0.425,False,4.156491323999944
0,31.637124772927137,1000,0,max_steps,9.27680238552056,1.233163359000173,astar,False,0,461199,0,144461,18192,1.0094043609969958,0,0.0,0.22063801299736951,0,7,7,B,6387,0.4666666666666667,False,4.220002828995348
0,32.6792685495988,1000,0,max_steps,8.206266660302964,1.4328342340013478,astar,False,0,448248,0,344096,43208,0.911503449002339,0,0.0,0.5103777549993538,0,6,6,B,6388,0.4666666666666667,False,5.619324547002179
0,31.028885590214312,1000,0,max_steps,12.425741929558974,1.5689083710021805,astar,False,0,448527,0,78939,9977,0.4426005109999096,0,0.0,0.15335710299768834,0,6,6,B,6389,0.44166666666666665,False,5.0502792410043185
0,33.045278245267646,1000,0,max_steps,4.5785164081828915,0.9896902079999563,astar,False,0,416791,0,5681,736,0.41027345700058504,0,0.0,0.033674668997264234,0,5,5,B,6390,0.4666666666666667,False,3.3467526080021344
0,32.231745245745174,1000,0,max_steps,9.509353947561316,1.0550803079968318,astar,False,0,478875,0,220437,27907,0.49011724399679224,0,0.0,0.3465490710004815,0,7,7,B,6391,0.5166666666666667,False,4.857516927993856
0,32.79897615344339,1000,0,max_steps,6.735284886328117,1.0789857910021965,astar,False,0,409450,0,3554,473,0.11813626699949964,0,0.0,0.006054528999811737,0,6,6,B,6392,0.49166666666666664,False,3.835409687999345
0,34.33628354570052,1000,0,max_steps,3.4398855358863303,1.1169620789987675,astar,False,0,257179,0,164960,20771,0.8575915510009509,0,0.0,0.2542888790012512,0,4,4,B,6393,0.38333333333333336,False,3.526202241999272
0,32.54143698218988,1000,0,max_steps,7.672128941825728,1.0506613009965804,astar,False,0,504797,0,3342,432,0.4597641239997756,0,0.0,0.044042346002242994,0,8,8,B,6394,0.5333333333333333,False,4.927414258996578
0,31.66858819520804,1000,0,max_steps,8.0917589249804,0.7185423689988966,astar,False,0,355322,0,4336,553,0.24730334599735215,0,0.0,0.028227129001606954,0,7,7,B,6395,0.4083333333333333,False,3.4376787189939932
0,32.45019083334542,1000,0,max_steps,6.6645751927636,1.093959892001294,astar,False,0,390975,0,14209,1841,0.3369458180022775,0,0.0,0.06573950400343165,0,7,7,B,6396,0.43333333333333335,False,3.8222623229994497
0,34.40265297037852,1000,0,max_steps,4.224963017589618,0.6727488930009713,astar,False,0,245302,0,5439,702,0.6499197129996901,0,0.0,0.022597678998863557,0,5,5,B,6397,0.3416666666666667,False,2.669956131994695
0,33.89886972341442,1000,0,max_steps,4.947379356790824,0.9365569350011356,astar,False,0,298423,0,22793,2910,0.8680692140005704,0,0.0,0.068082117002632,0,5,5,B,6398,0.4583333333333333,False,2.8258247280027717
0,32.56585014096366,1000,0,max_steps,8.580009469691742,0.9756569769997441,astar,False,0,405293,0,42372,5386,0.4114239379996434,0,0.0,0.10491784700207063,0,6,6,B,6399,0.425,False,3.8503855380004097
0,32.524937602435116,1000,0,max_steps,6.559939976859541,1.0519008169976587,astar,False,0,240369,0,10438,1351,0.15202399500049069,0,0.0,0.027610895998805063,0,7,7,B,6400,0.39166666666666666,False,3.159790838995832
0,32.4189989452112,1000,0,max_steps,10.123873394111563,1.3076946580004005,astar,False,0,501720,0,373868,47247,0.6997008489997825,0,0.0,0.5146171369997319,0,6,6,B,6401,0.48333333333333334,False,5.774264911007776
0,32.73009812882618,1000,0,max_steps,7.992672425415666,1.81064181200054,astar,False,0,462891,0,8359,1086,0.29057048600225244,0,0.0,0.04287639700123691,0,7,7,B,6402,0.5333333333333333,False,5.14651975799643
0,31.594149096508513,1000,0,max_steps,9.20300562316464,1.3974538749971543,astar,False,0,515190,0,9645,1233,0.280024161998881,0,0.0,0.07163871500233654,0,7,7,B,6403,0.5666666666666667,False,5.908150795999973
0,32.80788078397524,1000,0,max_steps,5.853124165776767,1.1320225720010058,astar,False,0,470268,0,10763,1405,0.4519348300018464,0,0.0,0.06944627600023523,0,6,6,B,6404,0.44166666666666665,False,3.7997424520035565
0,32.606746271518,1000,0,max_steps,6.028085309615317,1.1228725879991543,astar,False,0,355025,0,3397,431,0.19163737900089473,0,0.0,0.005473141001857584,0,6,6,B,6405,0.44166666666666665,False,4.3081524329973035
0,31.903189160457366,1000,0,max_steps,7.212077543953613,0.8218133509981271,astar,False,0,392801,0,109262,13766,0.4072122829966247,0,0.0,0.1895450099982554,0,6,6,B,6406,0.375,False,3.7691611510017538
0,33.194771370058234,1000,0,max_steps,6.621107346962437,0.8740653839995502,astar,False,0,256334,0,34119,4325,0.22922145899792667,0,0.0,0.07338117000108468,0,4,4,B,6407,0.3333333333333333,False,2.2537078479945194
0,32.25543483576413,1000,0,max_steps,7.661041867787957,1.911410087999684,astar,False,0,321558,0,11316,1423,0.21327372300220304,0,0.0,0.035615775999758625,0,5,5,B,6408,0.4,False,4.821060275000491
0,33.32745093345589,1000,0,max_steps,4.932196518793629,1.2370669640004053,astar,False,0,311284,0,5653,711,0.29443585599801736,0,0.0,0.02854308700261754,0,6,6,B,6409,0.4083333333333333,False,3.854943069003639
0,33.478477568476684,1000,0,max_steps,5.413669042340877,1.2952581940007803,astar,False,0,389014,0,17640,2253,0.9092587270024524,0,0.0,0.0470689969988598,0,4,4,B,6410,0.5583333333333333,False,3.399228824000602
0,32.34747463565252,1000,0,max_steps,8.279964522870854,1.3356923799983633,astar,False,0,398827,0,16613,2155,0.33076429900029325,0,0.0,0.04598249600167037,0,7,7,B,6411,0.45,False,4.266791963003925
0,30.77367387291087,1000,0,max_steps,9.835792418509044,1.3920356509988778,astar,False,0,327403,0,8752,1097,0.2789098000030208,0,0.0,0.054402020999987144,0,7,7,B,6412,0.4083333333333333,False,5.110335934998147
0,32.16090777204446,1000,0,max_steps,6.275672274744752,1.4309947279980406,astar,False,0,438851,0,6389,821,0.389958004001528,0,0.0,0.06491530799758038,0,7,7,B,6413,0.475,False,4.512183834995085
0,32.59071393156705,1000,0,max_steps,7.337595825609364,0.8044830040016677,astar,False,0,440739,0,13646,1762,0.38528465099807363,0,0.0,0.06818806799856247,0,7,7,B,6414,0.44166666666666665,False,4.357267299008527
0,31.931068150699414,1000,0,max_steps,9.201986877843282,1.1756176210001286,astar,False,0,388486,0,97719,12397,0.6284961800010933,0,0.0,0.16983775399785372,0,6,6,B,6415,0.4583333333333333,False,3.962552424003661
0,32.47322019111385,1000,0,max_steps,9.86491573709578,0.992761886001972,astar,False,0,303005,0,6500,847,0.33592608099934296,0,0.0,0.03097810799954459,0,8,8,B,6416,0.35833333333333334,False,3.688675167999463
0,34.317358366686086,1000,0,max_steps,3.164302845809796,0.6817599669993797,astar,False,0,318351,0,5368,690,0.6531140980005148,0,0.0,0.02844722700319835,0,5,5,B,6417,0.4166666666666667,False,2.5761731149978004
0,32.257477458535675,1000,0,max_steps,5.603821240903387,0.5742988490019343,astar,False,0,284760,0,13614,1751,0.5158337409993692,0,0.0,0.03909348600063822,0,8,8,B,6418,0.4,False,2.765389561005577
0,34.73600722956047,1000,0,max_steps,3.040610547242114,0.8492474140002741,astar,False,0,287511,0,7809,982,0.3176114579982823,0,0.0,0.03157159900001716,0,4,4,B,6419,0.4,False,2.075676857999497
0,33.08030055703522,1000,0,max_steps,6.772854826437664,0.8259707079996588,astar,False,0,208128,0,41659,5249,0.456538749000174,0,0.0,0.08000809899749584,0,4,4,B,6420,0.38333333333333336,False,2.4572187940029835
0,33.138330864777,1000,0,max_steps,4.8260037815981836,0.80745156699777,astar,False,0,297632,0,3729,499,0.12319345300056739,0,0.0,0.0256632089985942,0,6,6,B,6421,0.4083333333333333,False,3.0046015589978197
0,32.709857374503,1000,0,max_steps,8.078694975056303,1.645305174002715,astar,False,0,351940,0,8288,1073,0.4181064669974148,0,0.0,0.03476491300170892,0,7,7,B,6422,0.4083333333333333,False,5.740148773998953
0,32.58095866195753,1000,0,max_steps,6.116192647391021,1.2652865330019267,astar,False,0,438266,0,86010,10860,0.27032156600034796,0,0.0,0.17072755600020173,0,7,7,B,6423,0.5333333333333333,False,4.683155209004326
0,32.19124493631628,1000,0,max_steps,8.223157088369403,0.7882746249997581,astar,False,0,398403,0,5547,697,0.23302770600275835,0,0.0,0.058268821998353815,0,8,8,B,6424,0.4666666666666667,False,3.489064142002462
0,34.16240568031761,1000,0,max_steps,3.2350135239284517,0.8063167270011036,astar,False,0,319025,0,2596,327,0.27911650399983046,0,0.0,0.02590192600109731,0,6,6,B,6425,0.4083333333333333,False,3.1356814739956462
0,32.60543749226443,1000,0,max_steps,7.619977854298527,1.0710596410026483,astar,False,0,386089,0,81528,10288,0.38312206599948695,0,0.0,0.15559754300193163,0,6,6,B,6426,0.4166666666666667,False,3.8397138030013593
0,33.40605471523666,1000,0,max_steps,3.0935921676911455,1.153639372001635,astar,False,0,397757,0,4846,633,0.16893991300094058,0,0.0,0.007316891998925712,0,6,6,B,6427,0.38333333333333336,False,2.489124134004669
0,32.24889329636647,1000,0,max_steps,8.344777558449355,1.028486350998719,astar,False,0,429743,0,40388,5132,0.9228391659999033,0,0.0,0.10475595300158602,0,6,6,B,6428,0.5,False,3.6526096669949766
0,32.08510141606904,1000,0,max_steps,6.858958557973649,0.9873088049971557,astar,False,0,395447,0,8911,1119,0.7034869380004238,0,0.0,0.060471061999123776,0,6,6,B,6429,0.45,False,4.258282442995551
0,32.97704379299972,1000,0,max_steps,4.932069798776165,0.9460455039989029,astar,False,0,304479,0,3515,469,0.1909827609997592,0,0.0,0.025299911998445168,0,7,7,B,6430,0.4166666666666667,False,3.4353416109988757
0,33.96030613274295,1000,0,max_steps,4.244444898923766,1.6146041309984867,astar,False,0,232986,0,370271,46367,1.0016394359990954,0,0.0,0.5914391149999574,0,3,3,B,6431,0.45,False,2.6758901400025934
0,33.04149116895395,1000,0,max_steps,4.702293323475258,1.3636838460006402,astar,False,0,397074,0,8212,1051,0.5372659300010127,0,0.0,0.03476299500107416,0,6,6,B,6432,0.4583333333333333,False,3.955069045001437
0,33.08207555553294,1000,0,max_steps,6.611661099905226,1.1259166509989882,astar,False,0,299549,0,16250,2083,0.4309793489992444,0,0.0,0.04151274700052454,0,4,4,B,6433,0.43333333333333335,False,2.315309867997712
0,32.03169181892614,1000,0,max_steps,8.468267975211932,1.4994335619994672,astar,False,0,459712,0,4874,619,0.4103985180008749,0,0.0,0.03312093000204186,0,5,5,B,6434,0.45,False,3.7010714190037106
0,32.62492229652776,1000,0,max_steps,6.134151326793297,1.1510289959987858,astar,False,0,433460,0,5248,657,0.4208542399974249,0,0.0,0.05817176200071117,0,5,5,B,6435,0.475,False,3.0704141209971567
0,32.99939417323133,1000,0,max_steps,5.263227384409682,1.2431565379993117,astar,False,0,338174,0,5860,763,0.09995303100004094,0,0.0,0.008437461998255458,0,6,6,B,6436,0.45,False,4.3349916209917865
0,34.212743193313315,1000,0,max_steps,3.800698948877693,1.031150033002632,astar,False,0,306687,0,2333,303,0.188517630998831,0,0.0,0.023925916000735015,0,6,6,B,6437,0.43333333333333335,False,4.024611854001705
0,32.909233253017305,1000,0,max_steps,5.5861715422997875,0.8117354850000993,astar,False,0,348731,0,23616,3017,0.24204515699966578,0,0.0,0.05218906799927936,0,7,7,B,6438,0.43333333333333335,False,4.196097056996223
0,34.028570344433106,1000,0,max_steps,4.127537098561319,1.0437320790006197,astar,False,0,316732,0,59574,7540,0.6726358550004079,0,0.0,0.15066963599747396,0,3,3,B,6439,0.425,False,2.097960275998048
0,32.26540686117005,1000,0,max_steps,7.326514348583504,0.9666467309980362,astar,False,0,324846,0,8149,1041,0.3682856730010826,0,0.0,0.03270550700108288,0,6,6,B,6440,0.44166666666666665,False,3.465704905000166
0,33.37341468078888,1000,0,max_steps,6.891956362311066,1.257316749997699,astar,False,0,428226,0,8697,1130,0.27575601100033964,0,0.0,0.03732637400025851,0,6,6,B,6441,0.4166666666666667,False,3.368667426992033
0,32.81047403488245,1000,0,max_steps,6.718095898392639,0.5297366759987199,astar,False,0,419713,0,8384,1074,0.4647146730021632,0,0.0,0.035899467999115586,0,8,8,B,6442,0.44166666666666665,False,3.3297083919969737
0,33.691394619446534,1000,0,max_steps,5.674642059196329,0.6784678340009123,astar,False,0,301372,0,8448,1088,0.31495015700056683,0,0.0,0.051866492998669855,0,6,6,B,6443,0.4083333333333333,False,2.525728442997206
0,32.295837901382576,1000,0,max_steps,7.751713520248278,1.230458351001289,astar,False,0,396010,0,36899,4697,0.8080401009974594,0,0.0,0.1381313309975667,0,5,5,B,6444,0.475,False,4.71296526900187
0,32.97693616802043,1000,0,max_steps,5.144201833132132,1.588045216001774,astar,False,0,372437,0,2869,370,0.4883386520014028,0,0.0,0.028493873000115855,0,5,5,B,6445,0.425,False,4.948116965999361
0,32.31540207169138,1000,0,max_steps,7.554820480990926,0.9363535760021477,astar,False,0,268690,0,207539,26064,0.5217144269990968,0,0.0,0.32302328800142277,0,6,6,B,6446,0.3416666666666667,False,3.6197597650025273
0,33.13544672575689,1000,0,max_steps,5.337514636982271,1.2463669540011324,astar,False,0,321441,0,154539,19409,0.3437702800001716,0,0.0,0.2562571790003858,0,5,5,B,6447,0.4,False,4.88762531399334
0,32.1417798816941,1000,0,max_steps,7.689786245403704,1.0255853550006577,astar,False,0,427034,0,15060,1921,0.1637834909997764,0,0.0,0.07055188600133988,0,8,8,B,6448,0.4583333333333333,False,4.14460625799984
0,33.17732076255714,1000,0,max_steps,7.128310634364917,1.1419589569995878,astar,False,0,288016,0,98557,12523,0.5722500520023459,0,0.0,0.17799395399924833,0,4,4,B,6449,0.4666666666666667,False,2.556980109999131
0,34.834584125410416,1000,0,max_steps,1.9622213177926684,1.3858991610031808,astar,False,0,398923,0,3119,405,0.43283865400007926,0,0.0,0.027870126999914646,0,4,4,B,6450,0.35,False,2.449855827999272
0,34.6184982095982,1000,0,max_steps,2.3577664218492864,1.242574568001146,astar,False,0,281730,0,22718,2895,1.1929385470029956,0,0.0,0.04903759800072294,0,3,3,B,6451,0.4166666666666667,False,2.390553714001726
0,32.60856621037184,1000,0,max_steps,7.674572463662062,1.7611321069998667,astar,False,0,393610,0,22758,2912,0.4529119830003765,0,0.0,0.07613210199997411,0,5,5,B,6452,0.48333333333333334,False,4.398088605994417
0,33.00024168502954,1000,0,max_steps,8.324756002430338,0.8712658720032778,astar,False,0,403157,0,133260,16800,0.5324737480004842,0,0.0,0.2252374449999479,0,7,7,B,6453,0.4,False,3.795627258001332
0,32.67986195967819,1000,0,max_steps,8.520214932734971,1.4206546180030273,astar,False,0,411347,0,256601,32358,1.0541192929995304,0,0.0,0.35886332700101775,0,5,5,B,6454,0.4666666666666667,False,3.4739972810057225
0,32.88484336833999,1000,0,max_steps,5.162636196750647,0.6922633210015192,astar,False,0,308922,0,17812,2272,0.20721169999887934,0,0.0,0.0659975550006493,0,6,6,B,6455,0.44166666666666665,False,2.8186306250026973
0,33.40211575779928,1000,0,max_steps,3.8714096269963436,0.8744922039986704,astar,False,0,398135,0,2573,334,0.49151744099799544,0,0.0,0.026737836000393145,0,6,6,B,6456,0.44166666666666665,False,3.089253086996905
0,33.832638791213284,1000,0,max_steps,2.881460133335178,1.1251803310005926,astar,False,0,396233,0,5916,767,0.28725706100158277,0,0.0,0.0318180240028596,0,5,5,B,6457,0.48333333333333334,False,2.9354697369963105
0,32.28153160436904,1000,0,max_steps,8.05762449484958,1.6284166660007031,astar,False,0,413353,0,153118,19337,0.7373791169993638,0,0.0,0.2463857859984273,0,6,6,B,6458,0.36666666666666664,False,6.282658599997376
0,34.30124093296342,1000,0,max_steps,3.058236828631815,0.8867564159991161,astar,False,0,297811,0,3444,437,0.4285761800019827,0,0.0,0.02649051799744484,0,4,4,B,6459,0.3333333333333333,False,2.578682770996238
0,33.01813246111031,1000,0,max_steps,5.851735853573706,1.1775740900011442,astar,False,0,448406,0,3339,435,0.12815253599910648,0,0.0,0.00561133000155678,0,7,7,B,6460,0.48333333333333334,False,4.708257889997185
0,32.210130079542154,1000,0,max_steps,7.000558013472922,1.008523571999831,astar,False,0,325092,0,18613,2405,0.4509212450029736,0,0.0,0.06685941999967326,0,5,5,B,6461,0.35833333333333334,False,2.295587599997816
0,33.14858854803797,1000,0,max_steps,6.022587691349955,1.0395081160022528,astar,False,0,326772,0,39745,5083,0.4844032620021608,0,0.0,0.09148844700030168,0,4,4,B,6462,0.45,False,2.6313796250033192
0,32.5205405859125,1000,0,max_steps,6.38163870020859,0.9576006990027963,astar,False,0,441741,0,13227,1694,0.3045042279991321,0,0.0,0.06942747499851976,0,6,6,B,6463,0.44166666666666665,False,3.988865199004067
0,32.809767837137294,1000,0,max_steps,5.391689206547425,0.776080956999067,astar,False,0,371098,0,5575,719,0.6267988780018641,0,0.0,0.03091642900108127,0,5,5,B,6464,0.5166666666666667,False,3.249314954999136
0,33.75034090925243,1000,0,max_steps,4.89671445971684,0.6828605819973745,astar,False,0,300509,0,11850,1530,0.2261263170003076,0,0.0,0.03633034599988605,0,6,6,B,6465,0.39166666666666666,False,2.590459071994701
0,33.16607198791678,1000,0,max_steps,5.922019292437335,1.7037007729995821,astar,False,0,404911,0,7716,994,0.45861821599828545,0,0.0,0.059339242998248665,0,6,6,B,6466,0.36666666666666664,False,4.607055168999068
0,34.104260018921096,1000,0,max_steps,3.9082045110254904,0.7393544229998952,astar,False,0,263975,0,28055,3575,0.4587597959980485,0,0.0,0.0753635060027591,0,4,4,B,6467,0.38333333333333336,False,2.571019349998096
0,32.28318175914764,1000,0,max_steps,10.607500294602868,1.4106147200000123,astar,False,0,442620,0,149000,18658,0.43400157900032355,0,0.0,0.25162142399858567,0,5,5,B,6468,0.5,False,3.7365694180007267
0,33.266850855826746,1000,0,max_steps,6.4613514453247305,1.4029524920006224,astar,False,0,301585,0,7026,904,0.2387334019986156,0,0.0,0.029746969001280377,0,6,6,B,6469,0.4083333333333333,False,4.209787214000244
0,31.90352312995258,1000,0,max_steps,7.223940233695181,1.0989146459978656,astar,False,0,217170,0,20323,2554,0.19875241599947913,0,0.0,0.03935951400126214,0,6,6,B,6470,0.4666666666666667,False,3.9047308179942775
0,33.001352002557574,1000,0,max_steps,4.668545008886601,0.4918178709995118,astar,False,0,251849,0,4608,601,0.12279129200032912,0,0.0,0.01993809900159249,0,8,8,B,6471,0.4083333333333333,False,1.9719932810039609
0,33.530790576122136,1000,0,max_steps,4.242677515437625,0.724638978997973,astar,False,0,273285,0,4511,566,0.18839929599926108,0,0.0,0.024259691999759525,0,5,5,B,6472,0.3416666666666667,False,1.9652967760011961
0,33.339884192585245,1000,0,max_steps,5.250743994902054,0.981650025001727,astar,False,0,330933,0,13051,1684,0.6519551530000172,0,0.0,0.03961298500144039,0,5,5,B,6473,0.4166666666666667,False,3.4725598670011095
0,30.652523957735518,1000,0,max_steps,11.769252843745008,0.9190398509999795,astar,False,0,391528,0,22644,2849,0.48406031799822813,0,0.0,0.08069222699850798,0,6,6,B,6474,0.4583333333333333,False,4.150903575999109
0,32.64166881032322,1000,0,max_steps,7.583720228225718,0.8448594950023107,astar,False,0,363556,0,14391,1850,0.35811377500067465,0,0.0,0.04314327600150136,0,6,6,B,6475,0.425,False,2.786226408010407
0,31.870791302873688,1000,0,max_steps,9.311635865947505,1.425735655000608,astar,False,0,436053,0,383086,47918,0.8215330089988129,0,0.0,0.5865188370007672,0,4,4,B,6476,0.48333333333333334,False,4.415772110995022
0,33.218418672866036,1000,0,max_steps,6.640524263941813,0.7960781190013222,astar,False,0,503661,0,11790,1495,0.41969448500094586,0,0.0,0.07165887700102758,0,6,6,B,6477,0.475,False,3.832965611007239
0,33.963686045895685,1000,0,max_steps,3.5532115754624,1.3675765180014423,astar,False,0,385626,0,6535,839,0.20004675300151575,0,0.0,0.03243644800022594,0,6,6,B,6478,0.45,False,2.7259353389963508
0,33.10158070634213,1000,0,max_steps,4.295673695708273,1.291549875997589,astar,False,0,361333,0,5461,716,0.24478173500028788,0,0.0,0.00817755200114334,0,6,6,B,6479,0.4666666666666667,False,4.098210887001187
0,34.121809807372415,1000,0,max_steps,4.1188970004116365,0.9549607370026933,astar,False,0,376301,0,4533,582,0.6615400469963788,0,0.0,0.033310816001176136,0,4,4,B,6480,0.4083333333333333,False,3.11252018900268
0,33.703549389035516,1000,0,max_steps,5.462399884666076,1.5681164339985116,astar,False,0,350461,0,2964,389,0.22659147399826907,0,0.0,0.026586586998746498,0,6,6,B,6481,0.35,False,4.251493833002314
0,34.2491561677883,1000,0,max_steps,2.7908891952207635,1.1228359889973945,astar,False,0,302144,0,34527,4384,1.0374290969994036,0,0.0,0.08429169999726582,0,4,4,B,6482,0.39166666666666666,False,1.7910793349983578
0,31.0958357848181,1000,0,max_steps,10.286657012849215,2.0513328460001503,astar,False,0,355853,0,67561,8557,0.3439242370004649,0,0.0,0.13199626599816838,0,6,6,B,6483,0.4083333333333333,False,6.196318733000226
0,33.22885537090933,1000,0,max_steps,6.028188990069899,1.2428281460015569,astar,False,0,283737,0,15127,1914,0.4059790880019136,0,0.0,0.04214976600269438,0,5,5,B,6484,0.4583333333333333,False,3.3555215890046384
0,33.564416627806935,1000,0,max_steps,4.083541661352311,0.9421280530004879,astar,False,0,303499,0,2165,280,0.15485146299761254,0,0.0,0.023168305997387506,0,6,6,B,6485,0.425,False,2.809393101000751
0,33.31502822829728,1000,0,max_steps,6.116499202975505,1.3255320230018697,astar,False,0,373353,0,4064,527,0.14661291100128437,0,0.0,0.029103291002684273,0,6,6,B,6486,0.49166666666666664,False,3.7715952979997382
0,32.07432752756853,1000,0,max_steps,8.14940565317496,1.8423589010017167,astar,False,0,341016,0,7811,1014,0.38653610500114155,0,0.0,0.05465301500225905,0,6,6,B,6487,0.4583333333333333,False,6.101779127002374
0,32.64406429030784,1000,0,max_steps,7.02177417039312,0.9250271829987469,astar,False,0,399715,0,28199,3575,0.5723695980013872,0,0.0,0.08518737600024906,0,7,7,B,6488,0.525,False,3.7831051489956735
0,32.956785139610915,1000,0,max_steps,4.295673695708273,0.7338606490011443,astar,False,0,298858,0,11457,1488,0.1916569420027372,0,0.0,0.035558330000640126,0,6,6,B,6489,0.4083333333333333,False,2.4899085130055028
0,32.55996603626631,1000,0,max_steps,6.673010002989655,0.89871152699925,astar,False,0,287721,0,7043,897,0.15880468800241943,0,0.0,0.02877490999890142,0,5,5,B,6490,0.375,False,3.0668062280019512
0,33.96396231707459,1000,0,max_steps,3.5532115754624,1.3338451190029446,astar,False,0,439776,0,5571,726,0.1455398879988934,0,0.0,0.03277185200204258,0,6,6,B,6491,0.475,False,3.0832019560039043
0,34.35925866902561,1000,0,max_steps,3.2880940527910685,0.571984603000601,astar,False,0,200731,0,21873,2799,0.41381450400149333,0,0.0,0.04319195600328385,0,4,4,B,6492,0.39166666666666666,False,1.718552013997396
0,31.49372529298341,1000,0,max_steps,8.713584939621578,1.3134282730025006,astar,False,0,433168,0,118205,14923,0.4771297420011251,0,0.0,0.20909129800202209,0,7,7,B,6493,0.4166666666666667,False,4.323806665004668
0,33.08097221731728,1000,0,max_steps,9.226676676897265,1.2493522930017207,astar,False,0,406365,0,202183,25397,0.38184872299825656,0,0.0,0.32054779199825134,0,4,4,B,6494,0.44166666666666665,False,3.9093384020015947
0,31.53659803942476,1000,0,max_steps,9.52071754123606,1.1121501870002248,astar,False,0,461688,0,9775,1261,0.4108214749976469,0,0.0,0.040003816997341346,0,7,7,B,6495,0.48333333333333334,False,4.968964684998355
0,33.92294480989309,1000,0,max_steps,3.128947506750471,0.8414803209998354,astar,False,0,352841,0,6124,792,0.7247930240009737,0,0.0,0.03047655400223448,0,6,6,B,6496,0.475,False,3.61400455400144
0,33.29599132352398,1000,0,max_steps,3.1113200574675686,0.7589930989997811,astar,False,0,341980,0,6800,878,0.17829631499989773,0,0.0,0.030431605999183375,0,5,5,B,6497,0.4083333333333333,False,2.0566372519970173
0,33.125945943221616,1000,0,max_steps,5.959996854026013,1.8544227250022232,astar,False,0,365964,0,7860,1003,0.6756151480003609,0,0.0,0.05733377399883466,0,5,5,B,6498,0.4083333333333333,False,5.7182901370069885
0,33.13652352621171,1000,0,max_steps,6.275572683030609,0.5546948399969551,astar,False,0,273559,0,8001,1033,0.4852919209988613,0,0.0,0.03111050599909504,0,6,6,B,6499,0.35,False,2.2186416189979354
0,33.839102449645786,1000,0,max_steps,3.1113200574675686,0.9097272530016198,astar,False,0,290509,0,8997,1129,0.3952706769996439,0,0.0,0.03148050700110616,0,4,4,B,6500,0.36666666666666664,False,2.7486860289973265
0,32.63292864165495,1000,0,max_steps,8.111893274692411,1.646138415002497,astar,False,0,431632,0,288403,36152,0.29298262299926137,0,0.0,0.43471642100121244,0,4,4,B,6501,0.45,False,3.158320075002848
0,32.93208882902595,1000,0,max_steps,11.13077097509422,1.0868316140004026,astar,False,0,329937,0,370158,46345,0.4999221789985313,0,0.0,0.5426462439972966,0,6,6,B,6502,0.49166666666666664,False,4.717514524996659
0,33.645885170083346,1000,0,max_steps,3.8187448854302866,0.725271461000375,astar,False,0,332429,0,19324,2475,0.3450260560020979,0,0.0,0.046433052000793396,0,5,5,B,6503,0.4,False,2.2487539619942254
0,32.95374340048443,1000,0,max_steps,6.505406405444625,1.0013402000004135,astar,False,0,415924,0,8787,1140,0.4546067699993728,0,0.0,0.06125774099928094,0,6,6,B,6504,0.38333333333333336,False,4.269025683999644
0,33.47883428840295,1000,0,max_steps,5.6947618475226855,0.9285439170016616,astar,False,0,376788,0,119085,15084,0.7153257480022148,0,0.0,0.21077596800023457,0,5,5,B,6505,0.45,False,2.460094267007662
0,32.77069288846907,1000,0,max_steps,5.88761942554034,0.7688779359996261,astar,False,0,376266,0,17028,2190,0.21026125400021556,0,0.0,0.045793754998157965,0,6,6,B,6506,0.475,False,3.7647530640024343
0,31.73550093577998,1000,0,max_steps,8.573669721886889,1.0021235649983282,astar,False,0,331181,0,6265,807,0.4479191419995914,0,0.0,0.050423333999788156,0,7,7,B,6507,0.475,False,3.989031633002014
0,33.30307226710473,1000,0,max_steps,4.967425137835495,0.9158624359988607,astar,False,0,410393,0,5881,774,0.8147020830001566,0,0.0,0.057025628000701545,0,6,6,B,6508,0.4666666666666667,False,2.946693013993354
0,33.50374563831731,1000,0,max_steps,4.596500027194602,0.8604329820009298,astar,False,0,313566,0,12158,1579,0.4087789680015703,0,0.0,0.03688492800210952,0,4,4,B,6509,0.39166666666666666,False,2.04963422999208
0,33.39569560152036,1000,0,max_steps,5.550816381398324,0.7428549329997622,astar,False,0,429646,0,6034,767,0.5171797050024907,0,0.0,0.033383435002178885,0,7,7,B,6510,0.5083333333333333,False,3.3085644979946665
0,32.552415396726104,1000,0,max_steps,5.568465901844061,1.1713413249999576,astar,False,0,476811,0,8431,1104,0.5846125639982347,0,0.0,0.03943397699913476,0,7,7,B,6511,0.48333333333333334,False,4.38850521600034
0,32.753185269236575,1000,0,max_steps,6.993501447772779,1.5275081090003368,astar,False,0,299168,0,20219,2549,0.7023397749981086,0,0.0,0.0674946170001931,0,4,4,B,6512,0.45,False,3.36148507800317
0,32.668914972361065,1000,0,max_steps,7.773050398653025,1.566645579001488,astar,False,0,378500,0,18312,2354,0.41247120999832987,0,0.0,0.06765998499759007,0,7,7,B,6513,0.39166666666666666,False,4.0571915969921974
0,32.2953313836301,1000,0,max_steps,5.551041568931004,0.7802098719985224,astar,False,0,399605,0,11358,1442,0.24362435699731577,0,0.0,0.03944685099850176,0,8,8,B,6514,0.5,False,3.975093098993966
0,33.75517433336985,1000,0,max_steps,4.905895687843351,0.802875130000757,astar,False,0,255903,0,9347,1214,0.40605534599671955,0,0.0,0.040652603001944954,0,4,4,B,6515,0.35,False,2.6056242890044814
0,33.542861609567154,1000,0,max_steps,6.593770734564553,1.2230774179988657,astar,False,0,398945,0,5551,701,0.649740054999711,0,0.0,0.032022131999838166,0,4,4,B,6516,0.31666666666666665,False,2.3131969919959374
0,31.202449141981432,1000,0,max_steps,9.598974554607379,1.0738431730023876,astar,False,0,295731,0,5593,720,0.17183644000033382,0,0.0,0.02807750400097575,0,7,7,B,6517,0.38333333333333336,False,4.413816765005322
0,33.147546600278176,1000,0,max_steps,5.462399884666076,1.1540348020025704,astar,False,0,431021,0,5685,719,1.0238685599979362,0,0.0,0.05862037499900907,0,5,5,B,6518,0.375,False,4.067213557995274
0,32.131429848057905,1000,0,max_steps,7.124188550284165,1.6464651699971,astar,False,0,411574,0,2464,316,0.1547271740018914,0,0.0,0.004563391998090083,0,6,6,B,6519,0.525,False,4.984388250995835
0,32.53201072030791,1000,0,max_steps,7.795852262581685,1.1319660280023527,astar,False,0,307916,0,5335,674,0.190277772002446,0,0.0,0.028352959001495037,0,7,7,B,6520,0.43333333333333335,False,5.165598409006634
0,33.15753555755783,1000,0,max_steps,5.1795571721914575,1.2126070339982107,astar,False,0,403512,0,5717,725,0.49909550300071714,0,0.0,0.03102417400077684,0,6,6,B,6521,0.39166666666666666,False,3.55709828000181
0,33.93305283883191,1000,0,max_steps,4.1719674615222,1.4338267729981453,astar,False,0,315765,0,7513,971,0.27761757700136513,0,0.0,0.05131110100046499,0,5,5,B,6522,0.38333333333333336,False,4.598210546995688
0,34.475854408914934,1000,0,max_steps,3.7653436098183626,0.877546686999267,astar,False,0,399499,0,3745,482,0.43789664699943387,0,0.0,0.029043697999441065,0,6,6,B,6523,0.4166666666666667,False,2.772751229000278
0,33.37808971053682,1000,0,max_steps,3.208436145538816,0.919951667998248,astar,False,0,323637,0,84908,10688,0.5830780060023244,0,0.0,0.15640243400048348,0,5,5,B,6524,0.4166666666666667,False,3.111779740000202
0,32.23114863728546,1000,0,max_steps,7.712510129652989,2.079984208998212,astar,False,0,457645,0,168082,21046,1.0282621850019495,0,0.0,0.26044774600086384,0,5,5,B,6525,0.5166666666666667,False,6.126039075996232
0,33.4565424673034,1000,0,max_steps,5.2856231893694385,0.7771824160008691,astar,False,0,271900,0,12519,1612,0.7207942109998839,0,0.0,0.05583825600115233,0,6,6,B,6526,0.425,False,2.428263830006472
0,31.407774411296177,1000,0,max_steps,8.868430667260132,1.2774154619983165,astar,False,0,320188,0,18776,2438,0.3795576960001199,0,0.0,0.044242654999834485,0,6,6,B,6527,0.49166666666666664,False,3.0361483020024025
0,33.30742590185409,1000,0,max_steps,5.992729970555986,0.8426668239990249,astar,False,0,234790,0,4928,651,0.3247404829999141,0,0.0,0.021909312999923714,0,6,6,B,6528,0.4166666666666667,False,2.8516860060044564
0,32.846360741871536,1000,0,max_steps,16.867841074067538,1.7857135730009759,astar,False,0,323790,0,177880,22606,0.30861718999949517,0,0.0,0.28326292899873806,0,4,4,B,6529,0.35,False,3.879949055004545
0,31.444673293502085,1000,0,max_steps,7.990326182328226,1.0014500270008284,astar,False,0,487662,0,7058,907,0.20938674900025944,0,0.0,0.03792343399982201,0,7,7,B,6530,0.5083333333333333,False,3.6447048989975883
0,34.011989599512304,1000,0,max_steps,5.492637117086835,0.8084415090015682,astar,False,0,182259,0,80473,10109,0.23047781599962036,0,0.0,0.13041820999933407,0,4,4,B,6531,0.35,False,1.3294302319991402
0,33.113504959217636,1000,0,max_steps,4.349030064278698,1.1805641030005063,astar,False,0,382693,0,10695,1375,0.6955269310019503,0,0.0,0.03700279899931047,0,7,7,B,6532,0.425,False,3.3645439770007215
0,31.714525308477384,1000,0,max_steps,6.894313780210469,1.4594336199988902,astar,False,0,432800,0,2791,364,0.1826371579991246,0,0.0,0.028973058997507906,0,7,7,B,6533,0.475,False,3.9750018719896616
0,32.74546019423032,1000,0,max_steps,8.14940565317496,1.703185095997469,astar,False,0,308192,0,6102,767,0.7215568520005036,0,0.0,0.05028172300080769,0,6,6,B,6534,0.44166666666666665,False,5.45150321899564
0,34.360204127757086,1000,0,max_steps,4.101257429130728,0.7339436789989122,astar,False,0,359527,0,6191,787,0.6364219679999223,0,0.0,0.03231104400038021,0,6,6,B,6535,0.49166666666666664,False,3.2204869500019413
0,32.77510996167542,1000,0,max_steps,7.172015929987883,1.519658351000544,astar,False,0,370071,0,26440,3387,0.4736642429998028,0,0.0,0.08206767800220405,0,6,6,B,6536,0.49166666666666664,False,4.50464027900307
0,33.07974357324573,1000,0,max_steps,6.346381843223742,0.8771862579997105,astar,False,0,335187,0,4977,638,0.4463536089970148,0,0.0,0.02848686599827488,0,5,5,B,6537,0.39166666666666666,False,2.71981204000258
0,32.191168432376664,1000,0,max_steps,7.068968276912832,0.8768789709974953,astar,False,0,272611,0,59255,7455,0.4325452500015672,0,0.0,0.11510504000034416,0,5,5,B,6538,0.43333333333333335,False,3.094805122997059
0,32.49787814614209,1000,0,max_steps,5.939828490789946,1.233643073002895,astar,False,0,323845,0,14659,1885,0.7162683009992179,0,0.0,0.04265527200186625,0,5,5,B,6539,0.4166666666666667,False,4.18884881899794
0,33.51100710352181,1000,0,max_steps,5.413669042340877,1.3185110170015832,astar,False,0,450145,0,15540,2031,1.0143116649996955,0,0.0,0.0457349759999488,0,4,4,B,6540,0.44166666666666665,False,4.504259805005859
0,32.3886494725579,1000,0,max_steps,5.693334919008363,1.09664653100117,astar,False,0,416533,0,85747,10799,0.3020799729965802,0,0.0,0.16332650499680312,0,6,6,B,6541,0.45,False,3.53224523600511
0,34.53702509393209,1000,0,max_steps,1.1136931803688093,1.0432356220007932,astar,False,0,343344,0,7233,929,0.9891501290003362,0,0.0,0.053726087000541156,0,3,3,B,6542,0.4166666666666667,False,2.2053425130034157
0,32.84353968019938,1000,0,max_steps,6.632519317725352,0.8148037150021992,astar,False,0,390994,0,5021,663,0.3629281730027287,0,0.0,0.03059247299825074,0,7,7,B,6543,0.4166666666666667,False,3.367269449001469
0,33.866466139845386,1000,0,max_steps,5.409395761080898,0.695326216002286,astar,False,0,239778,0,6270,797,0.17466996999792173,0,0.0,0.023473339002521243,0,6,6,B,6544,0.38333333333333336,False,2.476205237002432
0,33.41050208707517,1000,0,max_steps,6.030676786232204,1.2832534660010424,astar,False,0,304286,0,4439,586,0.21232321099887486,0,0.0,0.006966739001654787,0,7,7,B,6545,0.35,False,4.385804049001308
0,31.89116107510936,1000,0,max_steps,8.338858584962331,0.8426737670015427,astar,False,0,443403,0,8729,1126,0.45675327999924775,0,0.0,0.039028125000186265,0,8,8,B,6546,0.475,False,4.88991265900404
0,33.09108670322416,1000,0,max_steps,5.253243045966936,1.31773706900276,astar,False,0,455943,0,17615,2262,0.21182769399820245,0,0.0,0.051019364000239875,0,5,5,B,6547,0.49166666666666664,False,3.2952899760057335
0,31.811718629995426,1000,0,max_steps,11.60502315809839,1.4812850650014298,astar,False,0,429290,0,59659,7574,0.32632063499841024,0,0.0,0.13463398299791152,0,6,6,B,6548,0.4583333333333333,False,4.060037526996894
0,32.62635516200185,1000,0,max_steps,11.061264055251552,1.2596365610006615,astar,False,0,343819,0,42646,5392,0.1487443580008403,0,0.0,0.1007995239997399,0,5,5,B,6549,0.4083333333333333,False,4.794283667997661
0,33.43683338093992,1000,0,max_steps,5.002780476894821,0.5799983169999905,astar,False,0,332092,0,3099,411,0.32218811200073105,0,0.0,0.025570375997631345,0,7,7,B,6550,0.39166666666666666,False,2.822490406997531
0,32.689002422961885,1000,0,max_steps,5.091445030637177,0.8607677289983258,astar,False,0,359244,0,3511,446,0.1100591340000392,0,0.0,0.027092218999314355,0,8,8,B,6551,0.44166666666666665,False,3.8403850980030256
0,33.03715770619659,1000,0,max_steps,5.497755223725406,1.2167219699986163,astar,False,0,398141,0,5649,728,0.22082973799842875,0,0.0,0.031758616998558864,0,6,6,B,6552,0.44166666666666665,False,3.540389374993538
0,32.85014243821463,1000,0,max_steps,5.391805124445798,0.9452590719993168,astar,False,0,423320,0,11727,1520,0.5211379960019258,0,0.0,0.06695629600289976,0,7,7,B,6553,0.4583333333333333,False,3.7410816550000163
0,34.08086606075518,1000,0,max_steps,3.8714096269963436,0.35873882099986076,astar,False,0,203724,0,5198,675,0.12562252999850898,0,0.0,0.01941415300098015,0,6,6,B,6554,0.275,False,1.5682055649995164
0,34.10669073803081,1000,0,max_steps,3.906764966055674,1.271386006999819,astar,False,0,354988,0,4819,617,0.42629529499754426,0,0.0,0.03163217199835344,0,6,6,B,6555,0.4583333333333333,False,4.534744756001601
0,32.669908279957674,1000,0,max_steps,4.987640975451218,0.8629376409990073,astar,False,0,347657,0,13141,1730,0.17287389899865957,0,0.0,0.03930246900199563,0,8,8,B,6556,0.45,False,3.372589610997238
0,34.1233081225124,1000,0,max_steps,4.4792926338876295,0.6318194820014469,astar,False,0,215526,0,15826,2022,0.10060230000090087,0,0.0,0.045865606000006665,0,5,5,B,6557,0.325,False,1.8566021770056977
0,32.650389298327354,1000,0,max_steps,7.407281046375922,0.8074226960015949,astar,False,0,378443,0,5511,715,0.7759093399981793,0,0.0,0.03134523399785394,0,6,6,B,6558,0.4666666666666667,False,3.2760614230028295
0,33.54049685599962,1000,0,max_steps,4.8260037815981836,1.0058514869997452,astar,False,0,429711,0,2829,372,0.2653177180000057,0,0.0,0.004935765999107389,0,7,7,B,6559,0.43333333333333335,False,3.307282904999738
0,33.7363960546673,1000,0,max_steps,4.487656682501455,0.952309387997957,astar,False,0,253977,0,29355,3767,0.3638161050002964,0,0.0,0.05223756400300772,0,4,4,B,6560,0.39166666666666666,False,2.388285924997035
0,33.65455790625718,1000,0,max_steps,5.1795571721914575,0.7748519870001473,astar,False,0,185659,0,3619,466,0.1697984450001968,0,0.0,0.01664035599969793,0,6,6,B,6561,0.3,False,2.271913451004366
0,34.473717507404245,1000,0,max_steps,2.952170811453834,0.4273826239987102,astar,False,0,138687,0,5764,744,0.12997833500048728,0,0.0,0.01856814999700873,0,6,6,B,6562,0.3416666666666667,False,1.4811584279996168
0,32.26553085106214,1000,0,max_steps,5.5188597101212835,0.7745243829995161,astar,False,0,318410,0,4238,568,0.21052416999737034,0,0.0,0.02701871499812114,0,8,8,B,6563,0.4583333333333333,False,3.4294736859956174
0,32.93839029068494,1000,0,max_steps,8.460514907498242,1.2300112000011723,astar,False,0,308139,0,116849,14791,0.31240525000248454,0,0.0,0.19039445200178307,0,5,5,B,6564,0.375,False,2.4334559720045945
0,33.962544791686064,1000,0,max_steps,3.182029619598156,0.7328517340029066,astar,False,0,288486,0,18267,2371,0.3753716059982253,0,0.0,0.06333595999967656,0,4,4,B,6565,0.2916666666666667,False,2.2122839350049617
0,31.597295547060856,1000,0,max_steps,7.356480986178105,1.131347005997668,astar,False,0,326534,0,5170,665,0.21701721499994164,0,0.0,0.027759060998505447,0,7,7,B,6566,0.4166666666666667,False,4.368708629997855
0,33.03362446348329,1000,0,max_steps,4.808358607674763,1.2048562780000793,astar,False,0,390852,0,8773,1122,0.36302051299935556,0,0.0,0.05994855500102858,0,6,6,B,6567,0.475,False,3.5535941759953857
0,32.934925110539446,1000,0,max_steps,5.326730939328548,0.9431514779971621,astar,False,0,468557,0,6139,800,0.2438603789996705,0,0.0,0.03608952599824988,0,7,7,B,6568,0.4666666666666667,False,4.114353819990356
0,33.94620776137625,1000,0,max_steps,4.914423923513311,0.9507364519995463,astar,False,0,318518,0,19738,2516,0.24974169699999038,0,0.0,0.06678350400034105,0,5,5,B,6569,0.36666666666666664,False,2.8290240419992188
0,33.998217565406854,1000,0,max_steps,5.215991037185549,1.141130827996676,astar,False,0,334984,0,18078,2299,0.3411231089994544,0,0.0,0.04566863999934867,0,6,6,B,6570,0.35833333333333334,False,3.316019260997564
0,33.96878190773314,1000,0,max_steps,3.5532115754624,1.1391510350003955,astar,False,0,404918,0,3889,502,0.30187718200249947,0,0.0,0.030164523002895294,0,7,7,B,6571,0.44166666666666665,False,4.123472558996582
0,33.500515081388095,1000,0,max_steps,5.497755223725406,0.8849255889981578,astar,False,0,283920,0,5108,662,0.6826044139997975,0,0.0,0.027387794998503523,0,5,5,B,6572,0.39166666666666666,False,2.233726583996031
0,33.26331520004318,1000,0,max_steps,5.182572961377387,1.2485458409973944,astar,False,0,442782,0,2702,348,0.11281494700233452,0,0.0,0.004639156999473926,0,6,6,B,6573,0.49166666666666664,False,5.271874578993447
0,32.29389835629943,1000,0,max_steps,9.154524154755395,0.7233603649983706,astar,False,0,358468,0,181575,22835,0.3819339929978014,0,0.0,0.2810243329986406,0,7,7,B,6574,0.475,False,4.1286518089982565
0,32.896313944329385,1000,0,max_steps,6.342539909216178,1.0360710180029855,astar,False,0,334084,0,212270,26592,0.4000338379992172,0,0.0,0.3285692460012797,0,5,5,B,6575,0.4083333333333333,False,3.814590974001476
0,33.13290797949014,1000,0,max_steps,7.184988691709959,1.0740383789998305,astar,False,0,435006,0,26948,3467,0.7163457479982753,0,0.0,0.08676365900100791,0,7,7,B,6576,0.44166666666666665,False,4.741353953995713
0,32.099978483301804,1000,0,max_steps,5.6745319190220425,0.8932627739995951,astar,False,0,415583,0,2877,384,0.4120199880017026,0,0.0,0.028636041999561712,0,8,8,B,6577,0.48333333333333334,False,4.069810088003578
0,32.87898703309229,1000,0,max_steps,6.386435821332583,0.7437994100000651,astar,False,0,258120,0,10749,1382,0.2715320529969176,0,0.0,0.028621958001167513,0,6,6,B,6578,0.425,False,2.642809180993936
0,34.45985460189164,1000,0,max_steps,3.358803730496913,0.8963440260013158,astar,False,0,253272,0,7462,950,0.2958124680008041,0,0.0,0.011206500999833224,0,5,5,B,6579,0.36666666666666664,False,2.297775958002603
0,32.782618813514546,1000,0,max_steps,6.967715730424138,0.8725414289983746,astar,False,0,338286,0,33531,4298,0.6552385069990123,0,0.0,0.08675804599988624,0,4,4,B,6580,0.43333333333333335,False,2.4814534049983195
0,32.057015148030715,1000,0,max_steps,7.290340355566397,1.393408638999972,astar,False,0,392299,0,12523,1593,0.37623248800082365,0,0.0,0.03951459100062493,0,6,6,B,6581,0.49166666666666664,False,4.471484335997957
0,33.33203820120338,1000,0,max_steps,4.7199377644202025,0.95414544400046,astar,False,0,324132,0,2335,303,0.13716945800115354,0,0.0,0.024044483998295618,0,5,5,B,6582,0.275,False,2.3603067609983555
0,33.57793592469401,1000,0,max_steps,6.456706784421915,1.8874197710028966,astar,False,0,185486,0,606940,75882,0.3528274979980779,0,0.0,0.9749162990010518,0,4,4,B,6583,0.3416666666666667,False,5.237255424999603
0,32.92778063136911,1000,0,max_steps,7.0534787516515545,0.7824852480007394,astar,False,0,269163,0,5020,644,0.21345174399903044,0,0.0,0.02504664300067816,0,5,5,B,6584,0.4,False,2.1043193060068006
0,32.728371804283704,1000,0,max_steps,6.436055663214854,0.8205482739977015,astar,False,0,420441,0,3748,491,0.17662439899868332,0,0.0,0.006011184999806574,0,7,7,B,6585,0.375,False,3.1819572060012433
0,32.701319671638004,1000,0,max_steps,6.311324147910641,0.8171112859999994,astar,False,0,383910,0,12822,1653,0.6506409049979993,0,0.0,0.039320777999819256,0,7,7,B,6586,0.5166666666666667,False,4.179034594006225
0,34.231456411426066,1000,0,max_steps,2.6693280989792156,1.163856945997395,astar,False,0,400346,0,3605,456,0.36221325599763077,0,0.0,0.02866574200015748,0,4,4,B,6587,0.425,False,2.410856425998645
0,33.43902144047634,1000,0,max_steps,7.235610720595737,1.5236175430000003,astar,False,0,441438,0,81309,10323,0.42901460400025826,0,0.0,0.1491988929992658,0,4,4,B,6588,0.4666666666666667,False,3.279689975999645
0,32.49583608034464,1000,0,max_steps,8.467603704708903,0.9416893369998434,astar,False,0,423014,0,3507,448,0.31943280400082585,0,0.0,0.029897782998887124,0,6,6,B,6589,0.4666666666666667,False,3.496413256998494
0,34.16051499164618,1000,0,max_steps,2.315774708385942,0.7378201840001566,astar,False,0,226952,0,8271,1038,0.5997536460017727,0,0.0,0.02516075400126283,0,4,4,B,6590,0.44166666666666665,False,2.0691493849990366
0,32.03721905611966,1000,0,max_steps,6.487704717386571,0.7869483360009326,astar,False,0,320135,0,5896,757,0.15367461600180832,0,0.0,0.030083093002758687,0,7,7,B,6591,0.4166666666666667,False,3.239491138003359
0,32.34506886498414,1000,0,max_steps,7.667647129335046,1.1954068959967117,astar,False,0,333306,0,174455,21873,0.2274096629989799,0,0.0,0.2586276919973898,0,6,6,B,6592,0.5416666666666666,False,3.3159121649987355
0,33.94696512924209,1000,0,max_steps,2.704683438038541,1.3432824249975965,astar,False,0,449255,0,8715,1128,0.4263291009992827,0,0.0,0.03703707900058362,0,6,6,B,6593,0.4166666666666667,False,2.817241909997392
0,32.82814116871675,1000,0,max_steps,6.019785087525963,0.8655771910016483,astar,False,0,325542,0,6862,894,0.19774956900073448,0,0.0,0.029269550999742933,0,6,6,B,6594,0.35833333333333334,False,3.1356973509973614
0,32.263870497144595,1000,0,max_steps,7.106445138041943,0.8421522490025382,astar,False,0,415836,0,14702,1898,0.25461736299985205,0,0.0,0.04435242600084166,0,7,7,B,6595,0.425,False,3.662827202002518
0,32.95355093881214,1000,0,max_steps,8.001972413099159,0.9710303309984738,astar,False,0,392185,0,10518,1364,0.36656721500185085,0,0.0,0.037340175000281306,0,6,6,B,6596,0.425,False,3.3522882639954332
0,31.88244203408739,1000,0,max_steps,8.962857384785277,0.734769057999074,astar,False,0,343048,0,88635,11230,0.4250719699994079,0,0.0,0.1591652429997339,0,6,6,B,6597,0.4166666666666667,False,3.0019336120021762
0,32.31730263358984,1000,0,max_steps,7.771442111989251,1.065383061999455,astar,False,0,371622,0,95356,12020,0.43805326000074274,0,0.0,0.1704896250012098,0,7,7,B,6598,0.4083333333333333,False,4.279087338003592
0,32.413949943084894,1000,0,max_steps,7.350956570406328,0.8264295799999672,astar,False,0,368351,0,13440,1748,0.11108090199923026,0,0.0,0.0636092530003225,0,7,7,B,6599,0.425,False,3.6700286059967766
0,33.77602798490054,1000,0,max_steps,5.302623171601012,0.5819498999990174,astar,False,0,280427,0,29031,3701,0.35612633600248955,0,0.0,0.05667292699945392,0,5,5,B,6600,0.3,False,2.076586392999161
0,33.5873972805654,1000,0,max_steps,4.914423923513313,0.8101427469991904,astar,False,0,381632,0,75880,9580,0.5045336910006881,0,0.0,0.17482813399692532,0,5,5,B,6601,0.375,False,3.243558406997181
0,34.32831069521108,1000,0,max_steps,4.04818632229298,0.7948802189966955,astar,False,0,285139,0,10711,1398,0.7604952570000023,0,0.0,0.03412152599776164,0,5,5,B,6602,0.325,False,1.9362635229881562
0,32.54200391393506,1000,0,max_steps,6.56346421487921,1.3581638770010613,astar,False,0,385758,0,176346,22129,0.6025999800003774,0,0.0,0.2786459710005147,0,5,5,B,6603,0.49166666666666664,False,3.9168845229978615
0,32.222312307567165,1000,0,max_steps,8.93527070099166,1.3755698360000679,astar,False,0,364867,0,142010,17807,0.410110190998239,0,0.0,0.2371658230003959,0,6,6,B,6604,0.4083333333333333,False,4.4181171160016675
0,33.01594060192028,1000,0,max_steps,6.858594061467698,0.802991156000644,astar,False,0,319779,0,3102,407,0.1562334779991943,0,0.0,0.025793158001761185,0,7,7,B,6605,0.39166666666666666,False,2.437145767999027
0,33.74554655702799,1000,0,max_steps,3.447145558284419,1.241889168999478,astar,False,0,379991,0,5157,675,0.20254044800094562,0,0.0,0.03103525799815543,0,6,6,B,6606,0.35833333333333334,False,2.8919711640010064
0,33.97860608307302,1000,0,max_steps,3.7830625820887485,1.2463376490013616,astar,False,0,318022,0,9331,1223,0.520107435000682,0,0.0,0.03413022899985663,0,4,4,B,6607,0.4166666666666667,False,2.836031032005849
0,33.607884075720676,1000,0,max_steps,4.5785164081828915,0.9761387869984901,astar,False,0,395114,0,3718,473,0.18682473599983496,0,0.0,0.006213255997863598,0,5,5,B,6608,0.425,False,2.7710602399965865
0,34.02674296404946,1000,0,max_steps,2.8284823669239985,1.0070100420016388,astar,False,0,326227,0,8226,1062,0.44335092899927986,0,0.0,0.03320516900203074,0,5,5,B,6609,0.43333333333333335,False,2.0992780609922193
0,32.97462315841814,1000,0,max_steps,4.914678270243129,1.5118418509991898,astar,False,0,381686,0,4106,521,0.29132739499982563,0,0.0,0.02857508299712208,0,6,6,B,6610,0.4166666666666667,False,5.2130611930006125
0,32.85145519988269,1000,0,max_steps,5.409626835558989,0.7766599450005742,astar,False,0,364322,0,17416,2242,0.3930648480018135,0,0.0,0.0657239659994957,0,6,6,B,6611,0.43333333333333335,False,3.0632881699966674
0,34.508988578256314,1000,0,max_steps,2.5279067427419046,0.81469751899931,astar,False,0,344332,0,3457,449,0.30382966799879796,0,0.0,0.026693625000916654,0,5,5,B,6612,0.4166666666666667,False,2.177731865998794
0,34.176621660192865,1000,0,max_steps,3.1167390811551714,1.0009750520002854,astar,False,0,290565,0,133860,16771,0.3224827820013161,0,0.0,0.23662840600081836,0,5,5,B,6613,0.35833333333333334,False,3.01441208200049
0,32.13559892042742,1000,0,max_steps,6.752892898602789,1.445660614001099,astar,False,0,418837,0,13322,1708,0.3118869790014287,0,0.0,0.04213627799981623,0,5,5,B,6614,0.45,False,4.235570780001581
0,33.312678194102105,1000,0,max_steps,5.816060737303212,1.103199641998799,astar,False,0,337399,0,5545,710,0.21584821999931592,0,0.0,0.02857068799858098,0,6,6,B,6615,0.3333333333333333,False,3.1966571650009428
0,32.404961092031854,1000,0,max_steps,6.8944044340319905,1.4537863030018343,astar,False,0,452916,0,6842,892,0.3573425729991868,0,0.0,0.036412964000192005,0,7,7,B,6616,0.5166666666666667,False,4.584032084996579
0,32.39274328290104,1000,0,max_steps,6.982679464217157,1.2041408650002268,astar,False,0,362861,0,3146,407,0.2520078609995835,0,0.0,0.026532276002399158,0,7,7,B,6617,0.475,False,5.313505982005154
0,32.48594193073426,1000,0,max_steps,8.980273520333329,0.781269085000531,astar,False,0,334055,0,14614,1883,0.5508019990011235,0,0.0,0.043422310998721514,0,5,5,B,6618,0.44166666666666665,False,2.590816668001935
0,34.157471663724316,1000,0,max_steps,4.738307978593199,0.8934463750010764,astar,False,0,305334,0,42814,5461,0.7288698150005075,0,0.0,0.09831662400029018,0,5,5,B,6619,0.45,False,2.153159000001324
0,31.846125881344875,1000,0,max_steps,9.174982970011442,1.0537217989985947,astar,False,0,412396,0,14438,1865,0.28100952000022517,0,0.0,0.043185808000998804,0,7,7,B,6620,0.4583333333333333,False,5.198032461994444
0,32.515615262275354,1000,0,max_steps,5.480106066491777,1.1882308809981623,astar,False,0,270426,0,3828,495,0.15175046500007738,0,0.0,0.02412313399690902,0,7,7,B,6621,0.4583333333333333,False,4.674255914000241
0,32.773999979870226,1000,0,max_steps,7.336999557039646,2.0539747239999997,astar,False,0,458393,0,11773,1521,0.44813642900044215,0,0.0,0.07232537899835734,0,7,7,B,6622,0.475,False,6.3535118579966365
0,32.34444238566205,1000,0,max_steps,8.132669457195464,1.4779088119976223,astar,False,0,351272,0,22739,2895,0.39534754999840516,0,0.0,0.07219309900028748,0,6,6,B,6623,0.44166666666666665,False,4.71436340499713
0,34.11733303546589,1000,0,max_steps,4.419452737613558,0.965273937999882,astar,False,0,278913,0,6930,885,0.19113107500015758,0,0.0,0.05209685899899341,0,5,5,B,6624,0.36666666666666664,False,2.762907799991808
0,33.133460029370795,1000,0,max_steps,3.2703688629877825,0.7642730510015099,astar,False,0,311988,0,2949,385,0.09747695099940756,0,0.0,0.004598560000886209,0,6,6,B,6625,0.45,False,2.5045582649981952
0,33.55095700495361,1000,0,max_steps,3.32570481251719,0.9487027659997693,astar,False,0,245152,0,33308,4184,0.5245065029994294,0,0.0,0.07531724100044812,0,4,4,B,6626,0.44166666666666665,False,2.401098615999217
0,34.8557531564831,1000,0,max_steps,3.388629885366649,0.9895928660007485,astar,False,0,283909,0,120994,15160,0.6444559820010909,0,0.0,0.21689147600045544,0,4,4,B,6627,0.3,False,3.010576086999208
0,33.99624550597465,1000,0,max_steps,4.224963017589618,0.9579335550006363,astar,False,0,415944,0,3652,465,0.3938137219993223,0,0.0,0.03073190900249756,0,6,6,B,6628,0.525,False,3.611740767995798
0,32.66361860769614,1000,0,max_steps,5.85130861431868,1.4625348840017978,astar,False,0,448259,0,7559,966,0.23145885200210614,0,0.0,0.062258617999759736,0,6,6,B,6629,0.48333333333333334,False,4.754743872003019
0,33.38717115155649,1000,0,max_steps,6.429157215374342,0.7193717779991857,astar,False,0,280887,0,71468,9131,0.44258057000115514,0,0.0,0.12583511199773056,0,5,5,B,6630,0.4166666666666667,False,2.890844190995267
0,32.57936785499561,1000,0,max_steps,6.063440648674642,0.8921496679977281,astar,False,0,375242,0,7187,922,0.44995753100010916,0,0.0,0.034426000998792006,0,7,7,B,6631,0.43333333333333335,False,4.244089685995277
0,33.116739373262035,1000,0,max_steps,5.073614342852635,0.8018239960001665,astar,False,0,307211,0,6190,819,0.24947017999875243,0,0.0,0.029037242999038426,0,7,7,B,6632,0.35833333333333334,False,3.0489887010044185
0,33.62674569832168,1000,0,max_steps,6.139956229485678,0.9338986619986827,astar,False,0,362747,0,6583,857,0.21356537400060915,0,0.0,0.03428601799896569,0,5,5,B,6633,0.44166666666666665,False,2.844714330993156
0,31.36074044971277,1000,0,max_steps,9.009248720065397,0.9989059450017521,astar,False,0,442596,0,25025,3190,0.4533008020007401,0,0.0,0.08262542000011308,0,8,8,B,6634,0.44166666666666665,False,5.6987958470017475
0,32.373736624374686,1000,0,max_steps,5.8336577290752984,1.232285204998334,astar,False,0,410011,0,7247,926,0.4861888790001103,0,0.0,0.03530954999951064,0,6,6,B,6635,0.425,False,4.256682940995233
0,31.770024089832507,1000,0,max_steps,9.682990886084733,1.8237195889996656,astar,False,0,427252,0,172722,21719,0.5119901319994824,0,0.0,0.2770917499983625,0,6,6,B,6636,0.4083333333333333,False,5.228343971000868
0,32.54851996783149,1000,0,max_steps,7.194811498573119,1.1422518769977614,astar,False,0,382156,0,4249,549,0.3944708669987449,0,0.0,0.02924161899863975,0,6,6,B,6637,0.4666666666666667,False,3.031881847000477
0,33.302539357654375,1000,0,max_steps,4.1542523394709665,1.5407698510025511,astar,False,0,394786,0,6086,789,0.27434701500169467,0,0.0,0.05564553399744909,0,5,5,B,6638,0.4583333333333333,False,4.824883726003463
0,33.736389276277016,1000,0,max_steps,2.8816770290926077,1.0267209270023159,astar,False,0,374277,0,9608,1254,0.5152426669992565,0,0.0,0.03537111900004675,0,5,5,B,6639,0.44166666666666665,False,4.143739428003755
0,33.44584180053115,1000,0,max_steps,6.187411615530356,0.9463503170009062,astar,False,0,369712,0,4056,525,0.13537078499939525,0,0.0,0.006276042000536108,0,7,7,B,6640,0.43333333333333335,False,3.539668820998486
0,31.949171879583556,1000,0,max_steps,6.625825420277836,1.1815106630019727,astar,False,0,439964,0,170828,21588,0.8969278700024006,0,0.0,0.27960012599942274,0,7,7,B,6641,0.4583333333333333,False,3.744845997000084
0,32.899724781754976,1000,0,max_steps,6.470051197633601,0.666518817000906,astar,False,0,313800,0,7851,997,0.5213636419975956,0,0.0,0.03216428200175869,0,6,6,B,6642,0.48333333333333334,False,2.7689339770040533
0,33.43767846371409,1000,0,max_steps,5.058316172403618,1.7783960189990466,astar,False,0,337976,0,4533,590,0.3006179149997479,0,0.0,0.02809358699960285,0,6,6,B,6643,0.39166666666666666,False,5.624228284999845
0,33.001088554475864,1000,0,max_steps,5.957374631496661,0.8709503329992003,astar,False,0,214063,0,2326,301,0.08866823599964846,0,0.0,0.016663426999002695,0,8,8,B,6644,0.4,False,3.128038151997316
0,33.67553050180196,1000,0,max_steps,5.4143616890636315,1.3169615930019063,astar,False,0,374627,0,23086,2960,0.6213960659988516,0,0.0,0.055083836003177566,0,6,6,B,6645,0.475,False,4.62487084500026
0,32.6351546811171,1000,0,max_steps,6.398168683303058,1.3553933379989758,astar,False,0,420517,0,74613,9455,0.42148368999914965,0,0.0,0.1281543889999739,0,7,7,B,6646,0.4,False,4.169657366997853
0,32.853249753295486,1000,0,max_steps,9.295445793505548,0.9705589939985657,astar,False,0,298536,0,147522,18612,0.7413616689991613,0,0.0,0.22653063299731002,0,4,4,B,6647,0.4666666666666667,False,2.984598429000471
0,32.69295665272076,1000,0,max_steps,6.364181997711879,1.5460709339968162,astar,False,0,297125,0,12151,1545,0.6436239920003572,0,0.0,0.03616093799791997,0,5,5,B,6648,0.45,False,4.340092538994213
0,33.57624273435924,1000,0,max_steps,4.189607678530292,0.9726984170010837,astar,False,0,250820,0,9904,1306,0.28498803500042413,0,0.0,0.02860141600103816,0,4,4,B,6649,0.39166666666666666,False,2.6289248950015462
0,34.37043649662293,1000,0,max_steps,2.9699010926291773,1.0659440819981683,astar,False,0,245617,0,5845,745,1.0298471640016942,0,0.0,0.035921811999287456,0,4,4,B,6650,0.3416666666666667,False,1.9607391769968672
0,32.803961834713846,1000,0,max_steps,7.431962224069761,1.4692901279995567,astar,False,0,369784,0,28275,3570,0.9345202849981433,0,0.0,0.0819559859992296,0,4,4,B,6651,0.475,False,3.5501177629994345
0,32.26687775062535,1000,0,max_steps,6.5419081696398,0.9998183769967,astar,False,0,397386,0,41622,5307,0.36031676799757406,0,0.0,0.1044784379992052,0,6,6,B,6652,0.39166666666666666,False,3.1687713929932215
0,32.860771769547895,1000,0,max_steps,8.0359543614931,1.2918812860007165,astar,False,0,341864,0,18541,2434,0.33235279400105355,0,0.0,0.06749682499867049,0,6,6,B,6653,0.525,False,3.9663949639943894
0,33.91958790109558,1000,0,max_steps,4.525517926160496,1.6393644689997018,astar,False,0,422817,0,9595,1256,0.5615276339995035,0,0.0,0.03945955699964543,0,3,3,B,6654,0.45,False,3.225989987000503
0,31.886767937459414,1000,0,max_steps,10.83450794914102,1.8705155620009464,astar,False,0,429345,0,330387,41500,0.22950672400111216,0,0.0,0.4953903099994932,0,6,6,B,6655,0.4166666666666667,False,4.940003385007003
0,34.5859807225559,1000,0,max_steps,1.8052873732455985,0.5450345530007326,astar,False,0,129858,0,33283,4169,0.12721640700328862,0,0.0,0.06291882699952112,0,4,4,B,6656,0.4,False,1.5958427559999109
0,33.18388732526426,1000,0,max_steps,6.826350598965745,0.8832796489987231,astar,False,0,376985,0,4195,536,0.38343130099747214,0,0.0,0.0281109639981878,0,6,6,B,6657,0.44166666666666665,False,2.9084156380013155
0,32.597416825165624,1000,0,max_steps,14.231578004564357,1.928875428999163,astar,False,0,356962,0,43105,5394,0.5097302270005457,0,0.0,0.10344687399992836,0,4,4,B,6658,0.36666666666666664,False,5.389253738001571
0,32.138293085250005,1000,0,max_steps,6.631294179871677,1.3302380860004632,astar,False,0,392527,0,10464,1352,0.42938078599763685,0,0.0,0.060837688000901835,0,8,8,B,6659,0.4166666666666667,False,4.553434705001564
0,31.69626870149556,1000,0,max_steps,9.280776503073437,1.2090163710017805,astar,False,0,272538,0,5217,654,0.15454037000017706,0,0.0,0.027062716999353142,0,6,6,B,6660,0.425,False,3.2656508239997493
0,32.77942623535595,1000,0,max_steps,5.76511600056755,0.8224710709982901,astar,False,0,335467,0,24753,3159,0.35821879300056025,0,0.0,0.07642485299948021,0,6,6,B,6661,0.475,False,3.7173613799968734
0,31.980581188161644,1000,0,max_steps,8.13220834091208,1.6950026779995824,astar,False,0,434774,0,12084,1549,0.5717279749987938,0,0.0,0.042118999001104385,0,6,6,B,6662,0.5166666666666667,False,4.6292973720010195
0,34.06430829796216,1000,0,max_steps,2.775394116157197,0.8822637410012248,astar,False,0,435639,0,2472,319,0.8532479019995662,0,0.0,0.028876054002466844,0,7,7,B,6663,0.48333333333333334,False,4.029311164002138
0,33.87070336710571,1000,0,max_steps,3.3057242020471076,0.9814586639986373,astar,False,0,424004,0,3453,449,0.309616548998747,0,0.0,0.029678061997401528,0,6,6,B,6664,0.4,False,3.552422753000428
0,33.70758399310932,1000,0,max_steps,4.3663843738269295,1.2679701759989257,astar,False,0,368603,0,7004,898,0.2676285920024384,0,0.0,0.032525250000617234,0,5,5,B,6665,0.35833333333333334,False,4.077936055993632
0,33.36321278144328,1000,0,max_steps,6.169506665852623,1.2389021689996298,astar,False,0,373278,0,8978,1156,0.34915787299905787,0,0.0,0.05629054000019096,0,5,5,B,6666,0.4666666666666667,False,2.8381276759937464
0,30.607291582885598,1000,0,max_steps,12.020828278450697,1.8902458280026622,astar,False,0,308874,0,5561,701,0.3115660660005233,0,0.0,0.02850733100058278,0,6,6,B,6667,0.35833333333333334,False,4.563470236000285
0,32.24864000838467,1000,0,max_steps,9.818684356877961,2.1446882549971633,astar,False,0,344244,0,129202,16314,0.5828706210013479,0,0.0,0.21485810500234948,0,5,5,B,6668,0.44166666666666665,False,4.496974262998265
0,32.49757686133503,1000,0,max_steps,7.757113670689631,0.8786693450019811,astar,False,0,381280,0,112816,14278,0.6752207739991718,0,0.0,0.20032270700176014,0,5,5,B,6669,0.425,False,2.4928980869954103
0,31.51529865003931,1000,0,max_steps,9.756808520207823,1.7332926620001672,astar,False,0,439145,0,232349,29106,0.29986072199972114,0,0.0,0.36894019399915123,0,7,7,B,6670,0.425,False,5.907377921994339
0,32.90155939017968,1000,0,max_steps,4.967425137835495,0.9437454569997499,astar,False,0,283058,0,13461,1730,0.35094741299690213,0,0.0,0.03729346000181977,0,6,6,B,6671,0.36666666666666664,False,2.646370291000494
0,33.48254736758787,1000,0,max_steps,4.101257429130728,1.2182267749994935,astar,False,0,381855,0,3519,457,0.20659451599931344,0,0.0,0.02853250800035312,0,6,6,B,6672,0.45,False,2.538046141002269
0,32.960692595619925,1000,0,max_steps,8.154465801019706,1.6590474490003544,astar,False,0,420032,0,243585,30557,1.2707853540014185,0,0.0,0.3808738949992403,0,5,5,B,6673,0.4583333333333333,False,3.8450624739998602
0,33.94530868405591,1000,0,max_steps,4.224963017589618,1.306012405999354,astar,False,0,376455,0,5324,689,0.16517397300049197,0,0.0,0.008746469000470825,0,6,6,B,6674,0.4166666666666667,False,2.94836373799626
0,31.495526161879855,1000,0,max_steps,7.760496923522355,0.9152916390012251,astar,False,0,379393,0,7365,941,0.27655367799889063,0,0.0,0.03377693700167583,0,6,6,B,6675,0.44166666666666665,False,3.383959408991359
0,32.58564455939205,1000,0,max_steps,6.774792432244695,1.245508817002701,astar,False,0,333065,0,289032,36221,0.18848010199872078,0,0.0,0.43797963399993023,0,6,6,B,6676,0.425,False,2.8619957529990643
0,32.492172725787015,1000,0,max_steps,10.092648933753713,1.2070367969972722,astar,False,0,339067,0,227291,28682,0.8455542810006591,0,0.0,0.3531053740007337,0,7,7,B,6677,0.425,False,2.7826012529985746
0,32.124830534930865,1000,0,max_steps,6.078059928957594,0.9544512399988889,astar,False,0,402179,0,8190,1061,0.191954441001144,0,0.0,0.011585723997995956,0,7,7,B,6678,0.39166666666666666,False,3.2770911719999276
0,31.635667556831187,1000,0,max_steps,7.985866421372197,1.4124326249984733,astar,False,0,414528,0,9634,1251,0.3781166310000117,0,0.0,0.06243596100102877,0,7,7,B,6679,0.4083333333333333,False,4.726580404996639
0,33.19092531779691,1000,0,max_steps,3.9951924234009044,0.8259267399989767,astar,False,0,236438,0,7406,932,0.6237168289990223,0,0.0,0.022350191997247748,0,5,5,B,6680,0.425,False,2.530363389996637
0,32.562844862975126,1000,0,max_steps,6.7363983329372665,1.0341207870005746,astar,False,0,386678,0,4203,546,0.07443331600006786,0,0.0,0.006608616000448819,0,7,7,B,6681,0.4583333333333333,False,3.3400089079987083
0,32.76700535860033,1000,0,max_steps,8.94463875737863,1.0434979169986036,astar,False,0,313727,0,248854,31231,0.21480764200168778,0,0.0,0.3641788770000858,0,6,6,B,6682,0.4166666666666667,False,4.180035005003447
0,33.464714989069854,1000,0,max_steps,11.086717841633742,1.6657556559985096,astar,False,0,394130,0,7871,1004,0.5434556539985351,0,0.0,0.03462673299873131,0,5,5,B,6683,0.4666666666666667,False,3.763833043005434
0,32.88241385001601,1000,0,max_steps,5.995128230488484,0.7546957180020399,astar,False,0,391809,0,17824,2334,0.5042499610026425,0,0.0,0.04958770699886372,0,5,5,B,6684,0.4,False,2.741739099004917
0,31.765815065911486,1000,0,max_steps,8.114897565588857,0.9979928389984707,astar,False,0,405678,0,254277,31856,0.604875904002256,0,0.0,0.38384044199847267,0,6,6,B,6685,0.4583333333333333,False,4.326780783998402
0,32.524926998312786,1000,0,max_steps,8.503179552379216,1.0251198259975354,astar,False,0,331237,0,176446,22150,0.38043805900088046,0,0.0,0.25158277599985013,0,6,6,B,6686,0.4,False,3.615836747998401
0,33.08409440019763,1000,0,max_steps,6.0331635565431165,1.1183445669994398,astar,False,0,370521,0,3514,458,0.14781410800060257,0,0.0,0.029050905999611132,0,6,6,B,6687,0.44166666666666665,False,3.3828135569929145
0,31.99271297174116,1000,0,max_steps,7.093064394181121,1.8196004450001055,astar,False,0,371545,0,5626,731,0.20828195600188337,0,0.0,0.03135353600009694,0,7,7,B,6688,0.425,False,6.843066543999157
0,32.97372089686614,1000,0,max_steps,6.328630381054021,1.2482443350018002,astar,False,0,295629,0,13257,1733,0.18553900500046439,0,0.0,0.03853609099678579,0,6,6,B,6689,0.45,False,5.060949995000556
0,33.31404492577593,1000,0,max_steps,4.711853403916549,0.7492315539966512,astar,False,0,282877,0,23430,3004,0.6979443930031266,0,0.0,0.05072744400240481,0,5,5,B,6690,0.3416666666666667,False,2.5956738290005887
0,33.38934519342753,1000,0,max_steps,5.462399884666076,1.1941810319985962,astar,False,0,393243,0,5489,711,0.21868644899950596,0,0.0,0.03166522299943608,0,6,6,B,6691,0.3416666666666667,False,3.460951284996554
0,33.41717001673978,1000,0,max_steps,6.028085309615317,1.2463415920028638,astar,False,0,452726,0,4324,551,1.1890179170004558,0,0.0,0.031572441999742296,0,5,5,B,6692,0.44166666666666665,False,5.05153152999992
0,34.40586277879724,1000,0,max_steps,2.704683438038541,1.4582506090009701,astar,False,0,217918,0,175434,21969,0.29271859099753783,0,0.0,0.28653063800084055,0,3,3,B,6693,0.4,False,2.6314942380013235
0,31.617238210478682,1000,0,max_steps,9.721319997819226,1.233062630999484,astar,False,0,492295,0,141621,17722,0.7406404670000484,0,0.0,0.2420537329999206,0,6,6,B,6694,0.5,False,4.437637077997351
0,32.53588410444109,1000,0,max_steps,4.89671445971684,0.9106041630002437,astar,False,0,363269,0,4517,583,0.18615694599793642,0,0.0,0.007134257000871003,0,7,7,B,6695,0.44166666666666665,False,2.603750261994719
0,32.01670210986249,1000,0,max_steps,6.523443300895623,1.1622715599987714,astar,False,0,389256,0,6162,802,0.17835373300113133,0,0.0,0.03216931100178044,0,7,7,B,6696,0.45,False,4.092474238001159
0,30.72659759820432,1000,0,max_steps,10.431038419064516,1.7367841619998217,astar,False,0,429126,0,93182,11784,0.41004705500017735,0,0.0,0.17629157999908784,0,7,7,B,6697,0.425,False,6.862678798999696
0,32.70976971586564,1000,0,max_steps,6.788616390694056,0.8706792100019811,astar,False,0,296942,0,39171,4979,0.2892356000011205,0,0.0,0.09183188299721223,0,5,5,B,6698,0.4583333333333333,False,2.378825104002317
0,33.61387177949535,1000,0,max_steps,4.755293103479528,1.1536460340030317,astar,False,0,483194,0,2198,293,0.28793344700170564,0,0.0,0.030823307002719957,0,6,6,B,6699,0.48333333333333334,False,4.15804376899905
0,33.73910778990744,1000,0,max_steps,4.31338758981847,0.5461180340025749,astar,False,0,286686,0,8324,1089,0.34865134099891293,0,0.0,0.031418924998433795,0,5,5,B,6700,0.375,False,1.835302354000305
0,34.34386275564898,1000,0,max_steps,3.2527392302488667,1.5693458559981082,astar,False,0,430172,0,8139,1038,0.37250168600075995,0,0.0,0.037148463998164516,0,5,5,B,6701,0.35,False,3.9482118650012126
0,32.87052337404185,1000,0,max_steps,9.178252148421286,1.1824581399996532,astar,False,0,409674,0,110902,13996,0.9883115949996863,0,0.0,0.19127373000083026,0,5,5,B,6702,0.44166666666666665,False,3.8178202799972496
0,33.26357667467589,1000,0,max_steps,7.544969350501033,0.7965255849994719,astar,False,0,237483,0,107751,13598,0.5746896040000138,0,0.0,0.17111579199990956,0,5,5,B,6703,0.35833333333333334,False,2.9092545120001887
0,33.37826156375966,1000,0,max_steps,5.144201833132132,1.0942758069977572,astar,False,0,296237,0,6556,826,0.5112284300012107,0,0.0,0.029976877998706186,0,6,6,B,6704,0.38333333333333336,False,3.6004194829947664
0,31.775846566153994,1000,0,max_steps,8.520655051109625,0.9582666880014585,astar,False,0,317597,0,10098,1296,0.35069011300220154,0,0.0,0.05596209800205543,0,5,5,B,6705,0.4083333333333333,False,3.1883458379998046
0,32.79539591047616,1000,0,max_steps,5.144323327707927,0.6067619850000483,astar,False,0,349351,0,2022,264,0.128695773997606,0,0.0,0.02408278399889241,0,7,7,B,6706,0.375,False,2.870083539004554
0,32.49593288447735,1000,0,max_steps,6.80590276892052,0.7934290479970514,astar,False,0,441754,0,10907,1406,0.31650547300159815,0,0.0,0.04022811799950432,0,8,8,B,6707,0.5333333333333333,False,4.121864769997046
0,31.87806253808898,1000,0,max_steps,10.376189690825816,2.760636841001542,astar,False,0,305122,0,21316,2678,0.4448271230030514,0,0.0,0.06841394900038722,0,5,5,B,6708,0.4083333333333333,False,5.873562384000252
0,32.362374785377554,1000,0,max_steps,7.106445138041943,1.2691031350004778,astar,False,0,443663,0,3572,471,0.5760892609978328,0,0.0,0.03029361799781327,0,6,6,B,6709,0.4,False,4.541008659998624
0,32.14398234483851,1000,0,max_steps,9.669297415014183,1.507121343001927,astar,False,0,295031,0,141045,17746,0.3851625770003011,0,0.0,0.22234940800262848,0,6,6,B,6710,0.38333333333333336,False,4.691430175003916
0,33.402401415957726,1000,0,max_steps,5.114837485199308,1.1534087549989636,astar,False,0,366676,0,9149,1178,0.13527485500162584,0,0.0,0.03534108899839339,0,7,7,B,6711,0.375,False,3.773518731995864
0,31.003524022398434,1000,0,max_steps,12.206670819678884,1.5154186129984737,astar,False,0,402948,0,318342,39911,0.3904564559998107,0,0.0,0.47189444500327227,0,7,7,B,6712,0.4583333333333333,False,5.669229203002033
0,32.32481566765783,1000,0,max_steps,8.865752224148833,1.1665842719994544,astar,False,0,450795,0,183119,22958,0.13981387699823244,0,0.0,0.2758864699972037,0,8,8,B,6713,0.5083333333333333,False,5.43965501999628
0,33.76353664253997,1000,0,max_steps,3.6062879114125077,1.3283041600006982,astar,False,0,294231,0,7806,983,0.38326574899838306,0,0.0,0.05287809000219568,0,5,5,B,6714,0.35833333333333334,False,3.559602895998978
0,34.39287406172016,1000,0,max_steps,3.6592775926403815,1.3178457770009118,astar,False,0,353493,0,4385,551,0.5722964420019707,0,0.0,0.02952346299935016,0,5,5,B,6715,0.44166666666666665,False,4.024721441994188
0,33.21547001685387,1000,0,max_steps,6.279156989596611,0.626170326002466,astar,False,0,226161,0,14928,1911,0.11680384500141372,0,0.0,0.04668119000052684,0,6,6,B,6716,0.44166666666666665,False,2.3046421100043517
0,32.616053549173856,1000,0,max_steps,8.983613554689448,1.2812029219967371,astar,False,0,418873,0,287969,36121,0.26186654399862164,0,0.0,0.43554914299966185,0,6,6,B,6717,0.43333333333333335,False,3.812430278998363
0,33.63393729133873,1000,0,max_steps,3.906764966055674,0.6059657189980499,astar,False,0,387608,0,11692,1515,0.3371152069994423,0,0.0,0.04475998999987496,0,6,6,B,6718,0.45,False,2.8452277699980186
0,33.611204439728695,1000,0,max_steps,3.369949925443995,1.1684077350000734,astar,False,0,435193,0,177433,22308,0.5979268730006879,0,0.0,0.2915730969980359,0,5,5,B,6719,0.49166666666666664,False,3.000097934000223
0,32.941905589708085,1000,0,max_steps,4.437095051945585,0.9586531360000663,astar,False,0,352847,0,6256,789,0.5732681910012616,0,0.0,0.03198375699867029,0,5,5,B,6720,0.4,False,3.4070202309958404
0,32.39075336347351,1000,0,max_steps,5.108846494072802,1.1578188650019001,astar,False,0,381678,0,3264,415,0.4827310190012213,0,0.0,0.054085165000287816,0,7,7,B,6721,0.4083333333333333,False,3.8704280389974883
0,32.26051121588706,1000,0,max_steps,9.145986141472115,1.6495927129981283,astar,False,0,431584,0,49445,6252,0.8327621800017369,0,0.0,0.11652257799869403,0,5,5,B,6722,0.5166666666666667,False,3.7839557859952038
0,33.529445036477206,1000,0,max_steps,4.2603183566489475,0.7200193480020971,astar,False,0,361679,0,6068,787,0.29056767800284433,0,0.0,0.009013828999741236,0,6,6,B,6723,0.49166666666666664,False,3.1522206690024177
0,32.044446172788675,1000,0,max_steps,8.70741422581928,2.036969873999624,astar,False,0,418905,0,193087,24241,0.36645770099858055,0,0.0,0.3160921429989685,0,5,5,B,6724,0.4,False,3.9583677720002015
0,32.8378347508324,1000,0,max_steps,4.189607678530292,0.6342690870005754,astar,False,0,260016,0,5115,653,0.5267613249998249,0,0.0,0.021878597002796596,0,5,5,B,6725,0.44166666666666665,False,1.9806379030014796
0,33.855364020151605,1000,0,max_steps,3.57617987522999,1.5576389009984268,astar,False,0,406525,0,31222,3988,0.30391628999859677,0,0.0,0.12538494299951708,0,5,5,B,6726,0.5166666666666667,False,3.5392575209989445
0,31.15579220914987,1000,0,max_steps,11.234892634110926,1.1027982199993858,astar,False,0,350113,0,50493,6399,0.3523531799983175,0,0.0,0.1118565699980536,0,7,7,B,6727,0.5,False,3.8362643989930802
0,33.41774215078652,1000,0,max_steps,4.7732653917417975,0.7180699889977404,astar,False,0,320892,0,9726,1263,0.3385007399992901,0,0.0,0.05602802499925019,0,7,7,B,6728,0.49166666666666664,False,3.545090933992469
0,30.629305881884818,1000,0,max_steps,13.964295990131403,1.457394741999451,astar,False,0,439487,0,398578,49883,0.33333348399901297,0,0.0,0.6373017449986946,0,6,6,B,6729,0.5,False,5.3227401609947265
0,32.86953329356032,1000,0,max_steps,6.098795987733973,1.3679567479994148,astar,False,0,358158,0,6222,803,0.18665867500021704,0,0.0,0.03205653600161895,0,6,6,B,6730,0.4166666666666667,False,4.8205542729956505
0,32.9140805396404,1000,0,max_steps,7.018034803276482,1.4799688940001943,astar,False,0,410962,0,5919,756,0.40421229699859396,0,0.0,0.0568521929999406,0,6,6,B,6731,0.525,False,4.137629686996661
0,31.700631847451195,1000,0,max_steps,8.167102454359194,1.3664238740020664,astar,False,0,436708,0,11343,1521,0.36172410400104127,0,0.0,0.06605079300061334,0,5,5,B,6732,0.44166666666666665,False,3.8038331019997713
0,33.220612007254495,1000,0,max_steps,4.083541661352311,1.1612403209983313,astar,False,0,398771,0,4791,623,0.1498891890005325,0,0.0,0.05401758800144307,0,6,6,B,6733,0.3416666666666667,False,3.284564807003335
0,32.39162195613217,1000,0,max_steps,8.043417339663531,0.9787005569996836,astar,False,0,437413,0,8403,1086,0.3247213599970564,0,0.0,0.03738698300003307,0,7,7,B,6734,0.45,False,4.35919443199964
0,33.29832730418938,1000,0,max_steps,5.1972649056979945,1.4667830420003156,astar,False,0,341425,0,2869,374,0.2175636249994568,0,0.0,0.025390548002178548,0,5,5,B,6735,0.38333333333333336,False,3.306243570004881
0,32.0886379752201,1000,0,max_steps,9.881880514355554,0.9896689119996154,astar,False,0,401191,0,8202,1051,0.15722118299891008,0,0.0,0.03558477299884544,0,7,7,B,6736,0.48333333333333334,False,3.6878830590030702
0,32.18445816368893,1000,0,max_steps,7.765649522094078,1.0734545910017914,astar,False,0,395976,0,4991,644,0.2445864410001377,0,0.0,0.030226531001972035,0,7,7,B,6737,0.4666666666666667,False,2.9837595600001805
0,32.93505670236703,1000,0,max_steps,4.380674890927194,0.7637259010007256,astar,False,0,302835,0,9225,1197,0.18939791200318723,0,0.0,0.032393229001172585,0,7,7,B,6738,0.43333333333333335,False,3.1301494750041456
0,32.0072696629966,1000,0,max_steps,6.943724684922349,1.1173003550029534,astar,False,0,447397,0,11343,1463,0.12973262800005614,0,0.0,0.04094807200090145,0,7,7,B,6739,0.44166666666666665,False,3.8878042729993467
0,33.19306003329673,1000,0,max_steps,6.34628336114926,0.7358128179985215,astar,False,0,282988,0,6534,837,0.5240986309981963,0,0.0,0.04752622099840664,0,6,6,B,6740,0.43333333333333335,False,3.2816977739967115
0,34.155459441196385,1000,0,max_steps,3.9951924234009044,1.033804536000389,astar,False,0,267243,0,9056,1139,1.002202686999226,0,0.0,0.03124740899875178,0,6,6,B,6741,0.375,False,2.182450226999208
0,33.399049360848,1000,0,max_steps,3.5178562364030697,1.6258672700023453,astar,False,0,400645,0,5414,681,0.19336397499864688,0,0.0,0.032839651001268066,0,5,5,B,6742,0.4083333333333333,False,3.4664409680081008
0,33.302943235698855,1000,0,max_steps,6.098795987733973,0.6679835560025822,astar,False,0,321085,0,2808,364,0.33330988899979275,0,0.0,0.02747098100007861,0,6,6,B,6743,0.35,False,2.2477930080021906
0,33.04393718920535,1000,0,max_steps,8.849452666690745,1.7027270680009678,astar,False,0,355439,0,14543,1850,0.5385771750006825,0,0.0,0.06329551900125807,0,6,6,B,6744,0.4166666666666667,False,5.377586559003248
0,31.667376384744102,1000,0,max_steps,10.848228542024728,0.823984228001791,astar,False,0,302731,0,25256,3196,0.22870264099765336,0,0.0,0.055069352998543764,0,7,7,B,6745,0.4666666666666667,False,3.5255743750058173
0,32.51784858362902,1000,0,max_steps,8.997933790598813,1.3412674850005715,astar,False,0,326853,0,7857,1009,0.6240785100017092,0,0.0,0.05603433299984317,0,6,6,B,6746,0.5083333333333333,False,4.7540596240032755
0,31.24071863096744,1000,0,max_steps,10.475044749307754,1.3836877920002735,astar,False,0,378023,0,42880,5396,0.2559420929974294,0,0.0,0.1065644379996229,0,7,7,B,6747,0.5166666666666667,False,4.00350932499714
0,33.97299116523492,1000,0,max_steps,3.5178562364030697,0.6175221890007379,astar,False,0,365986,0,2262,300,0.3746442929987097,0,0.0,0.02691702900119708,0,6,6,B,6748,0.425,False,2.8247842250020767
0,34.295423115661734,1000,0,max_steps,4.953565634974465,1.1193253279998316,astar,False,0,254837,0,12309,1580,0.10757060900141369,0,0.0,0.030839535997074563,0,4,4,B,6749,0.35833333333333334,False,1.5747425689987722
0,31.188825869870627,1000,0,max_steps,9.952527945200654,1.9636550200011698,astar,False,0,492098,0,4739,608,0.5331740960027673,0,0.0,0.03525153800001135,0,5,5,B,6750,0.5416666666666666,False,4.646919865997916
0,32.80511551901386,1000,0,max_steps,8.21943200592352,1.3079518150007061,astar,False,0,431443,0,166701,21019,0.6845974200005003,0,0.0,0.2711999270031811,0,7,7,B,6751,0.5166666666666667,False,5.914281287004997
0,30.60462023386668,1000,0,max_steps,9.298605406188603,1.3345177709998097,astar,False,0,409856,0,14428,1847,0.42493765199833433,0,0.0,0.044669361999694956,0,6,6,B,6752,0.525,False,4.254730206001113
0,33.94509765819902,1000,0,max_steps,5.237634246489532,0.7808868230022199,astar,False,0,275409,0,142745,17938,0.23694883600182948,0,0.0,0.22731089599983534,0,5,5,B,6753,0.39166666666666666,False,2.140000767001766
0,33.310883848387526,1000,0,max_steps,4.768418238787361,1.0500561699991522,astar,False,0,295016,0,4914,637,0.4856964720020187,0,0.0,0.027130791000672616,0,6,6,B,6754,0.4,False,3.3624796839940245
0,32.05964524629771,1000,0,max_steps,8.276340525860448,1.4312939529991127,astar,False,0,400424,0,6403,820,0.1335613769988413,0,0.0,0.05649355599962291,0,7,7,B,6755,0.425,False,4.867050846998609
0,30.609411357452576,1000,0,max_steps,10.606734299491052,0.7985450939995644,astar,False,0,433164,0,8612,1102,0.36540422800317174,0,0.0,0.03725320600278792,0,7,7,B,6756,0.49166666666666664,False,3.566939348998858
0,32.93506721508664,1000,0,max_steps,7.0359123431151405,0.8625904450018425,astar,False,0,349630,0,22602,2898,0.41315694299919414,0,0.0,0.07325458599734702,0,6,6,B,6757,0.4583333333333333,False,2.939791103995958
0,33.92709634281698,1000,0,max_steps,4.985134150652315,0.9301454970009218,astar,False,0,320600,0,22833,2885,0.8585270639996452,0,0.0,0.07123994300127379,0,5,5,B,6758,0.3416666666666667,False,2.5219998990032764
0,33.76896754501091,1000,0,max_steps,3.6946329316997066,1.0476344309972774,astar,False,0,330329,0,5005,630,0.4635900959983701,0,0.0,0.049157290002767695,0,4,4,B,6759,0.39166666666666666,False,2.1295889009998064
0,32.84461091548288,1000,0,max_steps,5.6391765799627125,1.475782841000182,astar,False,0,460162,0,4976,623,0.5563730360008776,0,0.0,0.05976360900240252,0,6,6,B,6760,0.4583333333333333,False,3.7595283329974336
0,32.774968162991165,1000,0,max_steps,7.972628957878323,0.8324180999989039,astar,False,0,336494,0,8913,1143,0.5798757429984107,0,0.0,0.05621030099791824,0,6,6,B,6761,0.4583333333333333,False,3.246222737001517
0,34.54022111236292,1000,0,max_steps,2.209708691207961,0.6431332980027946,astar,False,0,120002,0,105014,13160,0.4724990139984584,0,0.0,0.16634026000247104,0,3,3,B,6762,0.275,False,1.048343170004955
0,32.454162932331506,1000,0,max_steps,5.5813584815885084,1.2819133000011789,astar,False,0,445438,0,3566,463,0.37905693699940457,0,0.0,0.030716500001290115,0,6,6,B,6763,0.4583333333333333,False,4.1330038140040415
0,31.718681873207377,1000,0,max_steps,9.529313327832178,1.1918006470004912,astar,False,0,417318,0,11761,1510,0.352255611000146,0,0.0,0.04012981000050786,0,7,7,B,6764,0.43333333333333335,False,4.389118199000222
0,32.130683442269046,1000,0,max_steps,8.684127043059654,1.6122307570003613,astar,False,0,432230,0,20374,2601,0.39377081700149574,0,0.0,0.07744890200046939,0,5,5,B,6765,0.45,False,3.9582672139949864
0,33.48988188279946,1000,0,max_steps,4.04818632229298,1.7888143430027412,astar,False,0,496532,0,5159,682,0.18482780499834917,0,0.0,0.007890254000813002,0,5,5,B,6766,0.5083333333333333,False,3.238777102000313
0,32.02873512064323,1000,0,max_steps,13.457723154382393,1.1083153510007833,astar,False,0,335727,0,44043,5602,0.30738716199994087,0,0.0,0.09868563900090521,0,6,6,B,6767,0.43333333333333335,False,4.623195533000398
0,33.34433903203032,1000,0,max_steps,7.143550412784946,0.775165687999106,astar,False,0,307810,0,17304,2215,0.28839014999903156,0,0.0,0.06204259999867645,0,5,5,B,6768,0.35,False,2.203347754999413
0,32.99616787068734,1000,0,max_steps,8.713584939621578,0.8805490289996669,astar,False,0,338326,0,35162,4478,0.404815461999533,0,0.0,0.06978942600107985,0,6,6,B,6769,0.4666666666666667,False,2.7775388629961526
0,33.955829304802336,1000,0,max_steps,4.5785164081828915,0.8500386989981052,astar,False,0,301319,0,4652,597,0.5636675080022542,0,0.0,0.02573277899864479,0,5,5,B,6770,0.39166666666666666,False,3.4262916129955556
0,32.574512231756934,1000,0,max_steps,6.982500447547425,0.6389175890035403,astar,False,0,319892,0,12082,1539,0.3923872390005272,0,0.0,0.05921934900106862,0,7,7,B,6771,0.4583333333333333,False,2.9804402830086474
0,33.737191620089995,1000,0,max_steps,5.320978528428769,1.4233447900005558,astar,False,0,233230,0,6048,793,0.20981639100136817,0,0.0,0.02264671499870019,0,5,5,B,6772,0.4,False,3.073470745996019
0,32.68600546819029,1000,0,max_steps,6.045788823635835,1.5134843150008237,astar,False,0,385519,0,9185,1188,0.7930502419985714,0,0.0,0.03638764499919489,0,6,6,B,6773,0.4166666666666667,False,5.302770874997805
0,32.666059775805614,1000,0,max_steps,8.45970227017476,1.509650537998823,astar,False,0,265061,0,3708,476,0.19871979299932718,0,0.0,0.023593032998178387,0,5,5,B,6774,0.38333333333333336,False,2.9852896979937213
0,33.03295031164864,1000,0,max_steps,5.267975180275622,1.1908969520009123,astar,False,0,356944,0,2459,324,0.22084537599948817,0,0.0,0.02560195000114618,0,7,7,B,6775,0.4583333333333333,False,4.200389632002043
0,32.74570662223818,1000,0,max_steps,5.631523994444129,0.9643070609999995,astar,False,0,349080,0,5631,729,0.23931635299959453,0,0.0,0.05087293000178761,0,6,6,B,6776,0.425,False,3.693134707002173
0,34.24035206447745,1000,0,max_steps,1.5026019100214134,1.2265379430027679,astar,False,0,392464,0,3146,406,0.5393946840013086,0,0.0,0.027838220998091856,0,5,5,B,6777,0.425,False,2.6889165839966154
0,32.33702843809821,1000,0,max_steps,7.746470970706596,1.0309280879992002,astar,False,0,365901,0,165004,20775,0.7185415830026614,0,0.0,0.2648972000024514,0,6,6,B,6778,0.35833333333333334,False,4.109646012995654
0,32.50017379590641,1000,0,max_steps,5.2044752377160926,1.3938045060021977,astar,False,0,434923,0,207784,26185,0.47417465999751585,0,0.0,0.41995339000277454,0,5,5,B,6779,0.375,False,3.7703527660014515
0,32.72261899169696,1000,0,max_steps,7.3431302930017495,1.6019111940004223,astar,False,0,352229,0,121109,15276,0.3437072430024273,0,0.0,0.19672732500112033,0,6,6,B,6780,0.375,False,5.820778870995127
0,32.70264369208467,1000,0,max_steps,5.309925846939861,0.9705359259969555,astar,False,0,307152,0,6173,797,0.2709189969973522,0,0.0,0.030956990998674883,0,7,7,B,6781,0.4,False,3.1793247909954516
0,32.88026225020498,1000,0,max_steps,6.187411615530356,0.9615932759988937,astar,False,0,370459,0,9822,1287,0.3372529480002413,0,0.0,0.03609825500097941,0,5,5,B,6782,0.39166666666666666,False,3.389683243996842
0,34.04667616587177,1000,0,max_steps,5.232022792381547,0.9190405430017563,astar,False,0,402575,0,59302,7492,0.7937588659988251,0,0.0,0.12425168699701317,0,5,5,B,6783,0.4583333333333333,False,3.507819686001312
0,32.814737953330564,1000,0,max_steps,8.088050599495528,1.4822275700025784,astar,False,0,430878,0,18421,2375,1.0781625140007236,0,0.0,0.07469290300286957,0,5,5,B,6784,0.48333333333333334,False,4.976016410004377
0,33.63058578653541,1000,0,max_steps,5.289878306728803,1.7095530570004485,astar,False,0,341647,0,6041,784,0.20321769200018025,0,0.0,0.008475282997096656,0,6,6,B,6785,0.44166666666666665,False,4.035225942996476
0,33.05233691720234,1000,0,max_steps,6.275971040404821,1.2541015960014192,astar,False,0,309347,0,26372,3380,0.6237454260008235,0,0.0,0.0747795320021396,0,4,4,B,6786,0.4,False,3.208317709999392
0,32.31109706508629,1000,0,max_steps,7.236906279619766,1.2198961920003057,astar,False,0,321124,0,51393,6501,0.5619273740012432,0,0.0,0.13680412900066585,0,6,6,B,6787,0.3416666666666667,False,5.14267622600164
0,32.0350238832934,1000,0,max_steps,6.540761614674545,0.8791794519966061,astar,False,0,291739,0,16127,2076,0.2514824950012553,0,0.0,0.042559161000099266,0,7,7,B,6788,0.375,False,3.9611886349957786
0,32.36440979546179,1000,0,max_steps,8.02568143524274,1.061723652001092,astar,False,0,429416,0,2934,377,0.2937983669980895,0,0.0,0.02927498899953207,0,7,7,B,6789,0.48333333333333334,False,4.513735442997131
0,32.36494475808453,1000,0,max_steps,6.016150139416398,1.2221578999997291,astar,False,0,341140,0,25779,3308,0.19234403599693906,0,0.0,0.054160609000973636,0,6,6,B,6790,0.45,False,3.5368075569967914
0,33.39412520720597,1000,0,max_steps,5.85130861431868,1.0344518740021158,astar,False,0,471826,0,3709,466,0.8870473880015197,0,0.0,0.03222767700208351,0,4,4,B,6791,0.44166666666666665,False,3.626990051998291
0,32.51471077691982,1000,0,max_steps,7.813709906312108,1.178684307000367,astar,False,0,386753,0,6739,876,0.2704320680022647,0,0.0,0.00999832100205822,0,5,5,B,6792,0.39166666666666666,False,2.9956072040004074
0,33.612094264127954,1000,0,max_steps,6.490112672365555,1.3074031049982295,astar,False,0,336874,0,3101,402,0.19473145300071337,0,0.0,0.027109696002298733,0,6,6,B,6793,0.4083333333333333,False,4.651289556004485
0,33.62357584665109,1000,0,max_steps,4.778500026158834,1.2422301489968959,astar,False,0,329139,0,55392,7024,1.1238247540022712,0,0.0,0.11691786500159651,0,5,5,B,6794,0.43333333333333335,False,2.524295444996824
0,32.350152259676506,1000,0,max_steps,6.806729207189012,0.9042013760008558,astar,False,0,334645,0,31572,4032,0.19409236399951624,0,0.0,0.0877389929992205,0,7,7,B,6795,0.475,False,3.3231107120045635
0,33.43868903387296,1000,0,max_steps,5.727810445536757,1.5859135260034236,astar,False,0,468016,0,1940,258,0.36775589999888325,0,0.0,0.0038407290012401063,0,4,4,B,6796,0.4166666666666667,False,3.300617589004105
0,32.594970341278525,1000,0,max_steps,7.97842794665716,1.1659487469987653,astar,False,0,472444,0,139972,17654,0.8418413129984401,0,0.0,0.3208989800004929,0,6,6,B,6797,0.48333333333333334,False,4.359587339000427
0,33.23886037397508,1000,0,max_steps,5.692566424733222,0.9937894599970605,astar,False,0,324871,0,10631,1375,0.18568721700285096,0,0.0,0.034591382998769404,0,9,9,B,6798,0.38333333333333336,False,3.6552676989995234
0,33.34299629250611,1000,0,max_steps,5.472916270143367,1.0076818739980808,astar,False,0,314683,0,11009,1416,0.17430515500018373,0,0.0,0.0363782029999129,0,6,6,B,6799,0.4,False,3.4110683770013566
0,31.7047298852707,1000,0,max_steps,9.63432989366671,1.0299532459976035,astar,False,0,272508,0,5529,707,0.2696464599976025,0,0.0,0.028778299001714913,0,8,8,B,6800,0.425,False,4.594295212998986
0,33.316674002213006,1000,0,max_steps,4.6138717472422215,1.1352456290005648,astar,False,0,313253,0,6059,786,0.454074381999817,0,0.0,0.02915796800152748,0,6,6,B,6801,0.44166666666666665,False,3.474324558999797
0,33.6085804088561,1000,0,max_steps,4.740286120056466,0.8544205459984369,astar,False,0,388081,0,8512,1104,0.6361004979989957,0,0.0,0.03451523099647602,0,6,6,B,6802,0.4166666666666667,False,2.98750097300217
0,32.64919534834125,1000,0,max_steps,7.107500439676382,1.44007537500147,astar,False,0,391993,0,35665,4518,0.38082785100050387,0,0.0,0.09571311500258162,0,6,6,B,6803,0.48333333333333334,False,4.7433085379961994
0,31.42536933305295,1000,0,max_steps,12.76794080891668,0.9795525339977758,astar,False,0,407944,0,324653,40854,0.3235888929993962,0,0.0,0.5087207540018426,0,6,6,B,6804,0.4666666666666667,False,4.768326339999476
0,34.303106963441934,1000,0,max_steps,2.0743221784476953,0.6385243840013572,astar,False,0,119528,0,278276,34812,0.08503788300004089,0,0.0,0.410277409999253,0,4,4,B,6805,0.35,False,1.560334892001265
0,31.707364896704046,1000,0,max_steps,7.028802351752392,1.0300151470000856,astar,False,0,355118,0,10873,1397,0.22389259600095102,0,0.0,0.03682071599905612,0,8,8,B,6806,0.5333333333333333,False,4.508863733000908
0,33.386918853459115,1000,0,max_steps,6.4475043621543975,0.8074315020021459,astar,False,0,357616,0,10372,1337,0.19988681999893743,0,0.0,0.014942726000299444,0,6,6,B,6807,0.44166666666666665,False,2.707563873002073
0,33.848653927100024,1000,0,max_steps,5.444750912576255,1.143135379999876,astar,False,0,471697,0,9586,1223,0.6907954490015982,0,0.0,0.06568584900014685,0,6,6,B,6808,0.5083333333333333,False,4.184598610998364
0,34.38879222010587,1000,0,max_steps,3.5178562364030697,1.0467698570028006,astar,False,0,324083,0,3364,437,0.1272082940013206,0,0.0,0.025435339997784467,0,6,6,B,6809,0.4,False,2.914500886003225
0,33.060990934491244,1000,0,max_steps,5.6056054534724415,1.2321300779985904,astar,False,0,460578,0,4756,620,0.24556740000116406,0,0.0,0.032374530001106905,0,7,7,B,6810,0.4166666666666667,False,3.604956115996174
0,32.60809743729684,1000,0,max_steps,7.152206827266671,1.344080800001393,astar,False,0,385270,0,123889,15611,1.1295140990005166,0,0.0,0.2116479979995347,0,6,6,B,6811,0.5166666666666667,False,3.104608809004276
0,33.89932024864333,1000,0,max_steps,3.9311655396332505,0.8309736859991972,astar,False,0,273244,0,37765,4849,0.7427281710006355,0,0.0,0.08756614500089199,0,4,4,B,6812,0.3333333333333333,False,2.7858632620045682
0,33.02717228480788,1000,0,max_steps,6.619313597345268,0.847149207998882,astar,False,0,329141,0,125470,15828,0.6377327509981114,0,0.0,0.2068468239995127,0,8,8,B,6813,0.425,False,3.632671790997847
0,32.192474360484454,1000,0,max_steps,7.459997486594749,0.5923965349975333,astar,False,0,357784,0,10929,1371,0.4680218959983904,0,0.0,0.05891603599957307,0,7,7,B,6814,0.48333333333333334,False,2.781723240004794
0,33.91269874312481,1000,0,max_steps,3.3764348801657635,1.2050171730006696,astar,False,0,364167,0,6321,799,0.7413011270000425,0,0.0,0.03105457299898262,0,4,4,B,6815,0.425,False,3.3818702759999724
0,32.04744110841148,1000,0,max_steps,6.322899848961707,1.4344468700001016,astar,False,0,434315,0,8903,1160,0.2562023499995121,0,0.0,0.036334022999653826,0,8,8,B,6816,0.4,False,5.750214982999751
0,31.918955208207738,1000,0,max_steps,7.77819468128691,0.8917434360009793,astar,False,0,364083,0,9024,1144,0.21331497999926796,0,0.0,0.03629710499808425,0,6,6,B,6817,0.45,False,4.071553152993147
0,31.282177412859248,1000,0,max_steps,12.588151671313781,1.7082238990005862,astar,False,0,430822,0,372996,46668,0.38108684699909645,0,0.0,0.5739420520003478,0,6,6,B,6818,0.4583333333333333,False,4.85251302200777
0,30.810893764388933,1000,0,max_steps,9.131418975164813,2.1234912220024853,astar,False,0,302265,0,16651,2131,0.22264453699972364,0,0.0,0.0611000180033443,0,7,7,B,6819,0.43333333333333335,False,5.764108627008682
0,33.62946487076419,1000,0,max_steps,7.765810485712355,1.8156152090014075,astar,False,0,390440,0,135503,17066,1.5932199640010367,0,0.0,0.21977210600016406,0,4,4,B,6820,0.475,False,3.956100131999847
0,33.294327713275635,1000,0,max_steps,4.89671445971684,0.9581307900007232,astar,False,0,319388,0,3366,437,0.6263373779984249,0,0.0,0.02516949900018517,0,5,5,B,6821,0.4083333333333333,False,3.7282064789978904
0,29.336984899039045,1000,0,max_steps,11.720508201439046,1.5562921259988798,astar,False,0,459292,0,10823,1409,0.38154102800035616,0,0.0,0.04097121199811227,0,8,8,B,6822,0.475,False,5.562654940003995
0,33.06180003673626,1000,0,max_steps,4.46265756024367,1.2953549470003054,astar,False,0,256746,0,27266,3487,0.23743073600053322,0,0.0,0.06307274899882032,0,6,6,B,6823,0.4666666666666667,False,3.4501058780006133
0,32.070549724266215,1000,0,max_steps,8.365797182576205,1.0802245390004828,astar,False,0,329989,0,109411,13687,0.48004216000117594,0,0.0,0.18162739500257885,0,5,5,B,6824,0.49166666666666664,False,3.747103927002172
0,32.43685509052519,1000,0,max_steps,9.808685564335315,1.3747778689976258,astar,False,0,450214,0,116039,14594,0.6144871200012858,0,0.0,0.20690111099975184,0,8,8,B,6825,0.425,False,4.87517208999634
0,31.891576513948785,1000,0,max_steps,11.94446786173415,1.164418560998456,astar,False,0,345338,0,319083,39922,0.2895112700025493,0,0.0,0.49259187300049234,0,7,7,B,6826,0.4583333333333333,False,3.8361579310039815
0,33.23257123350304,1000,0,max_steps,7.371588193869756,1.4686917649996758,astar,False,0,304474,0,2834,363,0.1317029600031674,0,0.0,0.024457106002955697,0,5,5,B,6827,0.36666666666666664,False,3.886353414000041
0,32.23498447068717,1000,0,max_steps,7.445153625010029,1.878847643998597,astar,False,0,448924,0,126668,15903,1.1016804050013889,0,0.0,0.21993904600094538,0,5,5,B,6828,0.525,False,4.87123542599511
0,33.137054181747985,1000,0,max_steps,7.035734680898645,0.7363053839981148,astar,False,0,331478,0,8214,1070,0.2161874560006254,0,0.0,0.011438065997936064,0,8,8,B,6829,0.45,False,3.7348271929949988
0,33.437984005687944,1000,0,max_steps,4.083541661352311,1.0722442049991514,astar,False,0,341551,0,3870,509,1.0448302830009197,0,0.0,0.027275693999399664,0,5,5,B,6830,0.4166666666666667,False,2.888345251998544
0,30.96884237385028,1000,0,max_steps,9.528329470584021,1.501683027996478,astar,False,0,411141,0,51426,6565,0.26877147200139007,0,0.0,0.11735664699881454,0,6,6,B,6831,0.4,False,4.396097260996612
0,31.188562676675136,1000,0,max_steps,7.567715143951967,0.9509921360004228,astar,False,0,463246,0,7291,927,0.45144313700075145,0,0.0,0.03612801400231547,0,7,7,B,6832,0.5166666666666667,False,3.3797671730026195
0,33.98058734234643,1000,0,max_steps,5.002780476894821,1.1441474909988756,astar,False,0,396279,0,4553,597,0.561598979998962,0,0.0,0.029685083998629125,0,5,5,B,6833,0.425,False,3.3838790529953258
0,33.208529312546034,1000,0,max_steps,5.113493179813579,1.2608747800004494,astar,False,0,497144,0,5547,718,0.4997107439994579,0,0.0,0.03507819199876394,0,6,6,B,6834,0.5333333333333333,False,5.126839382999606
0,32.792722241678774,1000,0,max_steps,7.8705344481807575,0.6232545940001728,astar,False,0,325845,0,33760,4285,0.25812264699925436,0,0.0,0.0875407629973779,0,6,6,B,6835,0.3333333333333333,False,2.6070839449967025
0,32.05804490199717,1000,0,max_steps,8.13190091553014,1.5092848380008945,astar,False,0,446824,0,7166,957,0.25003641999865067,0,0.0,0.03494873199815629,0,7,7,B,6836,0.5166666666666667,False,5.413310995001666
0,33.699478516979944,1000,0,max_steps,4.224963017589618,0.9948478339974827,astar,False,0,417013,0,3461,446,0.24155292700015707,0,0.0,0.0293625139966025,0,5,5,B,6837,0.525,False,3.6931705289971433
0,31.293669330092126,1000,0,max_steps,9.662637450510081,1.3853759349985921,astar,False,0,405528,0,14825,1865,0.31094798399863066,0,0.0,0.0682396880001761,0,6,6,B,6838,0.45,False,5.512820833999285
0,32.889553614684225,1000,0,max_steps,6.134151326793297,0.8760865279982681,astar,False,0,471961,0,2079,280,0.3387067539988493,0,0.0,0.030313947001559427,0,7,7,B,6839,0.4,False,4.256902749995788
0,31.945016474937056,1000,0,max_steps,7.354101746644518,0.8880302309989929,astar,False,0,328328,0,5581,725,0.3388819860010699,0,0.0,0.0515071439986059,0,7,7,B,6840,0.43333333333333335,False,3.165692263002711
0,33.20498722891896,1000,0,max_steps,6.187209589144364,0.8977549490009551,astar,False,0,323244,0,20323,2587,0.17914044899953296,0,0.0,0.07014528700165101,0,6,6,B,6841,0.48333333333333334,False,3.4877423500001896
0,32.828025409353565,1000,0,max_steps,11.528781917444704,1.1772697749984218,astar,False,0,367699,0,304044,38205,0.19453547399825766,0,0.0,0.440777979001723,0,7,7,B,6842,0.4083333333333333,False,5.99140727899794
0,32.68704326171577,1000,0,max_steps,9.386909102574709,1.190116499998112,astar,False,0,390298,0,10381,1302,0.3906170669979474,0,0.0,0.06137403499815264,0,5,5,B,6843,0.4083333333333333,False,3.2759610669963877
0,32.194545111798746,1000,0,max_steps,6.9360696723720965,1.3547443610004848,astar,False,0,362298,0,15260,1963,0.16044565599804628,0,0.0,0.0410500799989677,0,6,6,B,6844,0.36666666666666664,False,3.978878562000318
0,33.07675086329078,1000,0,max_steps,8.469891528231042,1.4082221360004041,astar,False,0,431027,0,204966,25719,1.094851027999539,0,0.0,0.30429135599842994,0,5,5,B,6845,0.4083333333333333,False,3.4810528280031576
0,31.432834972646262,1000,0,max_steps,12.743932379764102,1.421135153999785,astar,False,0,438016,0,429342,53744,0.2894042879997869,0,0.0,0.6756152369998745,0,7,7,B,6846,0.43333333333333335,False,4.929250459004834
0,31.96543085942868,1000,0,max_steps,12.682924051653071,1.5197263210029632,astar,False,0,337093,0,397732,49813,0.6379943400024786,0,0.0,0.5776867599997786,0,5,5,B,6847,0.425,False,4.68370107300143
0,33.26321195332117,1000,0,max_steps,5.819820658748857,0.8802055589985684,astar,False,0,341982,0,13358,1728,0.4472376579979027,0,0.0,0.037903831998846726,0,6,6,B,6848,0.49166666666666664,False,3.3910181799947168
0,32.31447494067299,1000,0,max_steps,7.838147899854913,1.7577527740031655,astar,False,0,217983,0,62762,7874,0.27332433500123443,0,0.0,0.10894894800003385,0,6,6,B,6849,0.5083333333333333,False,4.382435707007971
0,33.982488992442065,1000,0,max_steps,5.780597936200024,0.7836439790007717,astar,False,0,204284,0,2479,326,0.13803029299742775,0,0.0,0.01591621099942131,0,5,5,B,6850,0.3333333333333333,False,1.9408063090013457
0,32.00473177383431,1000,0,max_steps,7.707484187463506,1.2250069420006184,astar,False,0,430562,0,12753,1648,0.4137020149973978,0,0.0,0.06650441999954637,0,7,7,B,6851,0.49166666666666664,False,4.996455180000339
0,32.259132962527374,1000,0,max_steps,7.37235121925156,0.8081628619984258,astar,False,0,404600,0,7212,932,0.3095346649970452,0,0.0,0.057630283998150844,0,8,8,B,6852,0.43333333333333335,False,4.009464136997849
0,32.30854416397814,1000,0,max_steps,8.521535219665525,1.056606362999446,astar,False,0,381733,0,9064,1161,0.7433319030023995,0,0.0,0.05904371100041317,0,7,7,B,6853,0.4166666666666667,False,5.268658515000425
0,33.50341746164919,1000,0,max_steps,5.497868905312308,1.4526296469994122,astar,False,0,314864,0,4658,602,0.1292335069992987,0,0.0,0.026538499998423504,0,3,3,B,6854,0.31666666666666665,False,2.453665884997463
0,32.49539503277636,1000,0,max_steps,7.831207601641011,1.270418279000296,astar,False,0,385920,0,4221,544,0.47783287999845925,0,0.0,0.030134049997286638,0,6,6,B,6855,0.5083333333333333,False,5.027911129996937
0,34.6168223523195,1000,0,max_steps,2.2804193693266117,1.0440692589982064,astar,False,0,435926,0,6941,889,0.7276124420022825,0,0.0,0.035705491001863265,0,4,4,B,6856,0.4083333333333333,False,2.4137163479972514
0,33.65854693372235,1000,0,max_steps,4.932069798776165,1.241545811000833,astar,False,0,321175,0,5732,724,0.3119080060023407,0,0.0,0.0314853599993512,0,4,4,B,6857,0.3416666666666667,False,3.4385101439984282
0,32.152512695319594,1000,0,max_steps,8.20261010288798,1.9162507809996896,astar,False,0,443013,0,24592,3108,0.3649594669986982,0,0.0,0.0843240739995963,0,6,6,B,6858,0.5166666666666667,False,4.663594622001256
0,32.687427758054014,1000,0,max_steps,6.713256475064838,1.3393637410008523,astar,False,0,335069,0,14453,1869,0.3743773450005392,0,0.0,0.044228517999727046,0,8,8,B,6859,0.4,False,6.05119077600466
0,32.887677306948746,1000,0,max_steps,5.856540147561527,1.3399650490027852,astar,False,0,288875,0,3761,481,0.41578988599940203,0,0.0,0.026202583001577295,0,5,5,B,6860,0.38333333333333336,False,4.2573406619994785
0,34.834729283988935,1000,0,max_steps,0.9091548272984057,0.835459999001614,astar,False,0,268384,0,37771,4793,0.1587769270008721,0,0.0,0.07531688699964434,0,4,4,B,6861,0.3333333333333333,False,2.012464842006011
0,33.136003537703175,1000,0,max_steps,4.153500030095097,0.7375778859968705,astar,False,0,326899,0,82814,10552,0.4712006720001227,0,0.0,0.1491093130025547,0,5,5,B,6862,0.4083333333333333,False,2.1469056159949105
0,32.09791564342343,1000,0,max_steps,6.823603336947421,1.1560279599980277,astar,False,0,313496,0,10452,1318,0.5451764200006437,0,0.0,0.035015001998544903,0,6,6,B,6863,0.4583333333333333,False,4.058557523992931
0,33.32272219869799,1000,0,max_steps,6.204862004911953,1.2065481060017191,astar,False,0,272975,0,3804,483,0.24951017499915906,0,0.0,0.02587805099756224,0,6,6,B,6864,0.39166666666666666,False,3.2337793680053437
0,31.953335098957695,1000,0,max_steps,6.7360272045175105,0.9727671339969675,astar,False,0,363111,0,4534,589,0.23711798599833855,0,0.0,0.030775089999224292,0,7,7,B,6865,0.4,False,4.3363404069968965
0,33.434552454481036,1000,0,max_steps,5.1621519253117665,0.7329477649982437,astar,False,0,328593,0,16770,2158,0.5162196480014245,0,0.0,0.0444603370015102,0,5,5,B,6866,0.44166666666666665,False,2.263448249999783
0,32.88831507700405,1000,0,max_steps,6.09038689247243,0.6164384510011587,astar,False,0,351767,0,6814,885,0.38409582799795317,0,0.0,0.03193567299967981,0,7,7,B,6867,0.475,False,3.063912187004462
0,33.42730197295973,1000,0,max_steps,5.214912511250788,0.9566399750001437,astar,False,0,415683,0,10723,1435,0.33646851099911146,0,0.0,0.03858486500030267,0,6,6,B,6868,0.4083333333333333,False,3.3833344189952186
0,34.11390223133262,1000,0,max_steps,3.7655095936672365,0.7226618580025388,astar,False,0,219556,0,13692,1800,0.433801281000342,0,0.0,0.04340475500066532,0,5,5,B,6869,0.375,False,2.697703818001173
0,33.55028465834355,1000,0,max_steps,4.755293103479528,1.205931005999446,astar,False,0,354471,0,3059,402,0.767697767001664,0,0.0,0.02719341599731706,0,6,6,B,6870,0.4083333333333333,False,4.1116555239968875
0,32.15265762629905,1000,0,max_steps,9.150290295941431,1.6186219890005304,astar,False,0,398814,0,98757,12449,0.6768939829998999,0,0.0,0.17761084400262916,0,5,5,B,6871,0.5166666666666667,False,4.738559651999822
0,32.81138125639231,1000,0,max_steps,6.2079837709195065,1.2485056500008795,astar,False,0,412444,0,20777,2676,0.3375064630017732,0,0.0,0.051767139997537015,0,7,7,B,6872,0.4666666666666667,False,4.338480967002397
0,34.58793411229389,1000,0,max_steps,4.091034404646335,0.7338810260007449,astar,False,0,190205,0,68324,8558,0.4076975530006166,0,0.0,0.12576164200072526,0,3,3,B,6873,0.30833333333333335,False,1.4912073429986776
0,32.80210435937153,1000,0,max_steps,7.018034803276482,0.7127372579998337,astar,False,0,298198,0,14169,1817,0.2097481879973202,0,0.0,0.058030982996569946,0,6,6,B,6874,0.4166666666666667,False,2.609421223998652
0,30.694267379268187,1000,0,max_steps,9.846525402394489,0.9166984939984104,astar,False,0,355938,0,18058,2310,0.14706379500057665,0,0.0,0.04753521800012095,0,7,7,B,6875,0.425,False,3.621429390994308
0,34.53871431259086,1000,0,max_steps,2.8461047942758526,0.8182208850012103,astar,False,0,244712,0,5345,687,0.13975228600247647,0,0.0,0.008564032999856863,0,4,4,B,6876,0.39166666666666666,False,1.8790506359982828
0,34.65822452748727,1000,0,max_steps,2.9168154723945086,0.8813703970008646,astar,False,0,249036,0,4736,611,0.26778549699884024,0,0.0,0.0204502250016958,0,5,5,B,6877,0.38333333333333336,False,3.2201938100079133
0,32.402597823770094,1000,0,max_steps,9.601253173414394,1.4512644089991227,astar,False,0,382483,0,62494,7923,0.32664619099887204,0,0.0,0.12416708799719345,0,5,5,B,6878,0.4,False,4.060794391996751
0,31.803622635919453,1000,0,max_steps,7.084865030471646,0.9662562740013527,astar,False,0,377715,0,11085,1429,0.4958187980009825,0,0.0,0.03769364799882169,0,7,7,B,6879,0.5333333333333333,False,4.09680069699607
0,34.21231698638049,1000,0,max_steps,4.95028408275727,1.6503460749991063,astar,False,0,365559,0,24556,3135,0.4394958770026278,0,0.0,0.07799363000231097,0,4,4,B,6880,0.35,False,3.1897594399961235
0,32.27658148224945,1000,0,max_steps,10.67205755700371,1.252765345001535,astar,False,0,466580,0,298091,37613,0.7947665409992624,0,0.0,0.44860870099728345,0,7,7,B,6881,0.43333333333333335,False,3.9686797900067177
0,33.485421074257424,1000,0,max_steps,4.1542523394709665,1.2959737429991947,astar,False,0,399289,0,4453,576,0.16693651400055387,0,0.0,0.03088213699811604,0,6,6,B,6882,0.35833333333333334,False,3.218370003000018
0,33.34377924583656,1000,0,max_steps,5.646265358624229,1.1844008859989117,astar,False,0,283502,0,62829,7868,0.1864683130006597,0,0.0,0.13045985299686436,0,5,5,B,6883,0.4166666666666667,False,3.590377795000677
0,33.63410961195098,1000,0,max_steps,4.755293103479528,1.0362525550008286,astar,False,0,305671,0,9509,1224,0.37518451899813954,0,0.0,0.054608914000709774,0,4,4,B,6884,0.35833333333333334,False,3.1722833950007043
0,31.516693749542558,1000,0,max_steps,8.201086056126954,1.8040597660001367,astar,False,0,426171,0,326829,40888,0.5241113420015608,0,0.0,0.504662882998673,0,5,5,B,6885,0.43333333333333335,False,4.696797687003709
0,33.15498702724033,1000,0,max_steps,7.088833648774666,1.5776814519995241,astar,False,0,475264,0,9207,1188,1.5382136789994547,0,0.0,0.039225002998136915,0,6,6,B,6886,0.44166666666666665,False,4.271415945000626
0,32.320247877554536,1000,0,max_steps,7.725222488705421,1.1944855059991824,astar,False,0,491110,0,3975,513,0.2605715389981924,0,0.0,0.03348176800136571,0,7,7,B,6887,0.5083333333333333,False,4.789815075000661
0,32.54436094739979,1000,0,max_steps,6.911968786098501,1.0322073220013408,astar,False,0,527300,0,3123,401,0.32133669500035467,0,0.0,0.006065931000193814,0,7,7,B,6888,0.48333333333333334,False,3.9041348890023073
0,34.23309883030133,1000,0,max_steps,2.9168154723945086,1.1693615869990026,astar,False,0,358444,0,5516,708,0.2510255929992127,0,0.0,0.031004226999357343,0,5,5,B,6889,0.4083333333333333,False,2.9743720009973913
0,32.98688661744907,1000,0,max_steps,6.314492259873313,1.3762897449996672,astar,False,0,303100,0,5806,751,0.3076301840010274,0,0.0,0.030081812001299113,0,7,7,B,6890,0.3333333333333333,False,4.85793168899545
0,34.193594342534304,1000,0,max_steps,4.649227086301547,0.754611095002474,astar,False,0,381465,0,4007,504,0.7234390209996491,0,0.0,0.030972384000051534,0,5,5,B,6891,0.35833333333333334,False,2.7851893240003847
0,33.33352916311094,1000,0,max_steps,4.1188970004116365,1.1482600620001904,astar,False,0,361776,0,7834,1016,0.3097824110009242,0,0.0,0.03375688099913532,0,6,6,B,6892,0.39166666666666666,False,2.914630572999158
0,32.34139969692475,1000,0,max_steps,5.923074581667866,0.9672257349993743,astar,False,0,393917,0,130210,16437,0.6276827420006157,0,0.0,0.21776821299863514,0,6,6,B,6893,0.4583333333333333,False,4.055859780997707
0,34.17317109805788,1000,0,max_steps,4.636708153420915,0.8604220199995325,astar,False,0,170972,0,275978,34563,0.2817675219994271,0,0.0,0.4073203120024118,0,3,3,B,6894,0.3,False,1.8522027819963114
0,33.46873753015848,1000,0,max_steps,4.802505856321259,0.9762892740000098,astar,False,0,266193,0,102083,12880,0.49747914299950935,0,0.0,0.16781091500160983,0,4,4,B,6895,0.425,False,2.8423321999980544
0,32.99568829807005,1000,0,max_steps,7.450692081947823,1.583639847998711,astar,False,0,372166,0,9957,1262,0.3515246749993821,0,0.0,0.03626908300066134,0,4,4,B,6896,0.375,False,3.0084558979942813
0,33.64650507738209,1000,0,max_steps,4.8260037815981836,1.2365732230027788,astar,False,0,414792,0,2344,299,0.25897642799827736,0,0.0,0.027729122000891948,0,5,5,B,6897,0.4166666666666667,False,3.4042059280036483
0,33.435790499064176,1000,0,max_steps,5.969113208844341,0.9996936529969389,astar,False,0,333254,0,43508,5530,0.575922336000076,0,0.0,0.09697530800258392,0,4,4,B,6898,0.45,False,2.8945162459967833
0,33.11177547645375,1000,0,max_steps,5.313926279127324,0.9368438890014659,astar,False,0,381912,0,4895,634,0.15476024099916685,0,0.0,0.029076146998704644,0,7,7,B,6899,0.44166666666666665,False,3.409141106003517
0,33.12175893301679,1000,0,max_steps,3.8021786517732146,0.8073088460005238,astar,False,0,361349,0,16940,2178,0.7387674940000579,0,0.0,0.06806556000083219,0,6,6,B,6900,0.45,False,2.6207535070025187
0,32.744407206545546,1000,0,max_steps,7.690111345097674,0.9784833939993405,astar,False,0,409156,0,15776,2040,0.38402119199963636,0,0.0,0.044518675000290386,0,7,7,B,6901,0.48333333333333334,False,3.2382079379967763
0,32.33798886706297,1000,0,max_steps,6.989925786444371,1.3740959189999558,astar,False,0,332186,0,12637,1644,0.6687422670001979,0,0.0,0.03921778199946857,0,7,7,B,6902,0.5166666666666667,False,4.219431601999531
0,33.26163357521472,1000,0,max_steps,3.7477076326736034,0.8648429429995304,astar,False,0,383648,0,14659,1906,0.3813219449984899,0,0.0,0.07010968400209094,0,6,6,B,6903,0.3333333333333333,False,2.933216221998009
0,31.85141781431768,1000,0,max_steps,9.15274890401785,1.2285443630025839,astar,False,0,449517,0,115053,14486,0.8729058499993698,0,0.0,0.19733795600041049,0,6,6,B,6904,0.475,False,5.633102373001748
0,32.07660622396275,1000,0,max_steps,11.567154468580421,1.1600059660013358,astar,False,0,491060,0,36541,4605,0.3683936300003552,0,0.0,0.10376586300117197,0,6,6,B,6905,0.4583333333333333,False,4.17953180800032
0,32.93828366372129,1000,0,max_steps,5.568465901844061,1.0924694040004397,astar,False,0,453378,0,6121,792,0.2735989690008864,0,0.0,0.03463795300194761,0,8,8,B,6906,0.45,False,3.850273477000883
0,32.838328125996874,1000,0,max_steps,5.1446877942203635,1.2824653329989815,astar,False,0,370514,0,2841,371,0.21689303599850973,0,0.0,0.028427389999706065,0,8,8,B,6907,0.43333333333333335,False,6.563807519003603
0,33.130336148377864,1000,0,max_steps,6.045995575585544,0.8439570189984806,astar,False,0,389769,0,8537,1107,0.5801714430017455,0,0.0,0.0588809670007322,0,6,6,B,6908,0.43333333333333335,False,2.9842519819976587
0,33.336551697305744,1000,0,max_steps,7.497020241402579,1.0155337309988681,astar,False,0,472461,0,3550,461,0.3998886230001517,0,0.0,0.03137470299770939,0,6,6,B,6909,0.4666666666666667,False,3.989162207002664
0,33.142129811370125,1000,0,max_steps,4.224963017589618,0.8272560520017578,astar,False,0,323796,0,8824,1151,0.2811358190010651,0,0.0,0.012428575999365421,0,8,8,B,6910,0.4083333333333333,False,4.068195084011677
0,33.65343127199232,1000,0,max_steps,4.6138717472422215,0.9227208920019621,astar,False,0,194037,0,2128,281,0.07574909200047841,0,0.0,0.003845628998533357,0,6,6,B,6911,0.30833333333333335,False,2.4404460990044754
0,33.27510346146277,1000,0,max_steps,7.1239253575539365,1.3909276039994438,astar,False,0,397307,0,251094,31625,1.0298062120018585,0,0.0,0.353281050996884,0,4,4,B,6912,0.36666666666666664,False,2.6300287609992665
0,32.76447979286693,1000,0,max_steps,11.36674150757375,1.9428321150007832,astar,False,0,351913,0,6270,793,0.6515331609989516,0,0.0,0.05418895799812162,0,4,4,B,6913,0.4583333333333333,False,4.606492729999445
0,33.4168239755805,1000,0,max_steps,8.125673049046458,0.6434994320006808,astar,False,0,199989,0,179997,22710,0.10961647499789251,0,0.0,0.26748340699850814,0,5,5,B,6914,0.44166666666666665,False,2.880314513997291
0,33.300229047227845,1000,0,max_steps,4.755293103479528,1.1114817169982416,astar,False,0,273179,0,2987,388,0.2170150099991588,0,0.0,0.023525756001617992,0,7,7,B,6915,0.375,False,3.5024621479969937
0,32.99050231626872,1000,0,max_steps,5.496731983642641,1.6475447740012896,astar,False,0,497026,0,5678,739,0.12603803700039862,0,0.0,0.034871610998379765,0,6,6,B,6916,0.475,False,4.571335831999022
0,32.27666139340005,1000,0,max_steps,8.52776714621125,1.086402139000711,astar,False,0,434089,0,104756,13167,0.4106570589974581,0,0.0,0.19065358599982574,0,8,8,B,6917,0.4583333333333333,False,5.5544765799968445
0,31.849673788880406,1000,0,max_steps,7.194898366203652,1.1554459639992274,astar,False,0,314867,0,3534,453,0.2757822329986084,0,0.0,0.027296469997963868,0,6,6,B,6918,0.44166666666666665,False,2.78000888200404
0,33.36826971935554,1000,0,max_steps,5.320978528428769,1.0819292669984861,astar,False,0,389860,0,6200,798,1.0244927419989835,0,0.0,0.057175297999492614,0,5,5,B,6919,0.43333333333333335,False,3.8569084129958355
0,32.47388640007708,1000,0,max_steps,7.460165045091158,0.7138371049986745,astar,False,0,286290,0,15642,2002,0.2882120379981643,0,0.0,0.06037952200131258,0,7,7,B,6920,0.48333333333333334,False,3.051113413002895
0,32.47623659853271,1000,0,max_steps,8.365199489551934,1.4305147110026155,astar,False,0,393832,0,56725,7244,0.3586167840003327,0,0.0,0.12578325600043172,0,7,7,B,6921,0.45,False,5.15889170000446
0,32.23273986400723,1000,0,max_steps,8.043339635996977,0.5643221229984192,astar,False,0,286429,0,12548,1643,0.17705568200108246,0,0.0,0.0368176060001133,0,7,7,B,6922,0.4083333333333333,False,2.6132996209998964
0,33.08720515592952,1000,0,max_steps,4.7199377644202025,1.20249475199671,astar,False,0,464363,0,2447,317,0.20352386200102046,0,0.0,0.02940889499950572,0,7,7,B,6923,0.45,False,5.021309436993761
0,33.5812511766722,1000,0,max_steps,7.212684139763781,1.0976712049996422,astar,False,0,436383,0,12453,1576,0.8543621899989375,0,0.0,0.06727942500219797,0,5,5,B,6924,0.48333333333333334,False,4.202201430998684
0,33.95241825083954,1000,0,max_steps,5.144201833132132,1.1227143119976972,astar,False,0,345793,0,12250,1582,0.907552475000557,0,0.0,0.03930251100246096,0,5,5,B,6925,0.4166666666666667,False,4.619955470996501
0,34.30236462597574,1000,0,max_steps,3.8714096269963436,1.4491251420004119,astar,False,0,428382,0,21850,2778,0.31280100799995125,0,0.0,0.055827603999205166,0,4,4,B,6926,0.3416666666666667,False,3.3291358740061696
0,33.33502180659566,1000,0,max_steps,3.3057242020471076,1.0128182130029018,astar,False,0,441506,0,4358,571,0.5787458609993337,0,0.0,0.03309342699867557,0,6,6,B,6927,0.525,False,3.316398212002241
0,31.945577040651848,1000,0,max_steps,9.10955885320469,1.11350194699844,astar,False,0,342880,0,8915,1152,0.24631561899877852,0,0.0,0.036669921999418875,0,8,8,B,6928,0.4666666666666667,False,4.642187129997183
0,32.12672093620819,1000,0,max_steps,8.485741717728628,0.9824900439998601,astar,False,0,359587,0,17879,2290,0.7313342269990244,0,0.0,0.06830415500007803,0,5,5,B,6929,0.4,False,3.307080499995209
0,33.6226289647795,1000,0,max_steps,4.1188970004116365,1.3343741099997715,astar,False,0,374654,0,4125,536,0.18859009099833202,0,0.0,0.006931959000212373,0,5,5,B,6930,0.48333333333333334,False,3.5400084990033065
0,33.2905978475962,1000,0,max_steps,4.737648414561804,1.2757928270002594,astar,False,0,378906,0,7789,997,0.5131647820016951,0,0.0,0.03840183799911756,0,6,6,B,6931,0.43333333333333335,False,3.3895157769984507
0,32.98161076765701,1000,0,max_steps,6.275572683030609,1.0518008319995715,astar,False,0,361317,0,5254,662,0.3842943660019955,0,0.0,0.030346182000357658,0,5,5,B,6932,0.45,False,3.8305051940042176
0,31.566524511281344,1000,0,max_steps,7.869740307024111,1.5516671030018188,astar,False,0,343847,0,57866,7331,0.23480086499694153,0,0.0,0.1266291440006171,0,6,6,B,6933,0.48333333333333334,False,5.213609808997717
0,34.09423455645363,1000,0,max_steps,3.8360542879370185,1.4053650499990908,astar,False,0,371114,0,3384,437,1.378036702000827,0,0.0,0.0271896710000874,0,5,5,B,6934,0.48333333333333334,False,3.2122659390006447
0,33.39548429679512,1000,0,max_steps,7.159456159513794,1.5633791500004008,astar,False,0,386759,0,3853,496,0.509143300998403,0,0.0,0.028800007999961963,0,5,5,B,6935,0.4166666666666667,False,3.326669039004628
0,33.46430125233624,1000,0,max_steps,4.755293103479528,1.0424984589990345,astar,False,0,408724,0,1755,228,0.21405824100293103,0,0.0,0.003234143998270156,0,6,6,B,6936,0.4166666666666667,False,3.601063880996662
0,33.865670936978965,1000,0,max_steps,5.0734911550134765,0.9625118370022392,astar,False,0,441215,0,7345,956,0.37816025099891704,0,0.0,0.03645018800307298,0,7,7,B,6937,0.48333333333333334,False,3.341940505000821
0,33.31276136848296,1000,0,max_steps,10.412387454373755,1.0788591300006374,astar,False,0,332308,0,32429,4088,0.5039758729981259,0,0.0,0.08700956100074109,0,4,4,B,6938,0.5,False,3.432073115003732
0,32.93893091802617,1000,0,max_steps,5.471659940091305,1.4962388179992558,astar,False,0,410505,0,19476,2491,0.2959143979969667,0,0.0,0.04842630199709674,0,5,5,B,6939,0.4666666666666667,False,4.516604275999271
0,32.208780913230214,1000,0,max_steps,6.483657339804437,1.131793894997827,astar,False,0,422461,0,22263,2888,0.3443900409984053,0,0.0,0.07826290700177196,0,7,7,B,6940,0.5333333333333333,False,4.793560583992075
0,32.850680762218765,1000,0,max_steps,7.40770291655922,0.581056434999482,astar,False,0,259373,0,13772,1783,0.12355984700116096,0,0.0,0.032591700000921264,0,7,7,B,6941,0.3333333333333333,False,2.484614094002609
0,31.408968507302806,1000,0,max_steps,8.999461789462742,0.9303250180018949,astar,False,0,342945,0,211322,26549,0.2634651380030846,0,0.0,0.31965447399852565,0,7,7,B,6942,0.4583333333333333,False,4.29746840700318
0,32.323848452173344,1000,0,max_steps,11.285125719281995,1.7577395669977705,astar,False,0,483021,0,74596,9430,0.5688259320013458,0,0.0,0.15538427899809903,0,5,5,B,6943,0.5166666666666667,False,5.842540090998227
0,32.596617846124275,1000,0,max_steps,7.738721632156049,1.2029773549984384,astar,False,0,359712,0,17599,2212,0.23831452399826958,0,0.0,0.06665488699945854,0,6,6,B,6944,0.4,False,4.838096206996852
0,33.71839188385441,1000,0,max_steps,3.51270017223218,1.3131892189994687,astar,False,0,221123,0,96579,12078,0.1242237659971579,0,0.0,0.16680322100000922,0,5,5,B,6945,0.3333333333333333,False,2.869377351998992
0,32.74435159547828,1000,0,max_steps,4.065902421357401,0.8023244340001838,astar,False,0,390502,0,10324,1347,0.454069174000324,0,0.0,0.03802437200283748,0,6,6,B,6946,0.38333333333333336,False,2.637073063004209
0,34.380355345875316,1000,0,max_steps,3.836380129757737,0.8319375419996504,astar,False,0,227911,0,77173,9719,0.7003898830007529,0,0.0,0.1297585899992555,0,3,3,B,6947,0.2833333333333333,False,1.8911981009987358
0,34.2995989978376,1000,0,max_steps,2.386485386504598,1.0488090869985172,astar,False,0,321811,0,5078,642,1.020186088000628,0,0.0,0.028421145001630066,0,4,4,B,6948,0.38333333333333336,False,2.5677537049996317
0,32.119029987355404,1000,0,max_steps,6.452349378327246,0.7319169049987977,astar,False,0,435321,0,25511,3269,0.43378549100089003,0,0.0,0.05928911800219794,0,8,8,B,6949,0.4666666666666667,False,4.3031289400023525
0,32.03981060842154,1000,0,max_steps,8.43232248553149,1.655228387000534,astar,False,0,367197,0,7294,940,0.40531845599980443,0,0.0,0.03272424299939303,0,7,7,B,6950,0.39166666666666666,False,5.4114418830031354
0,33.03782365760522,1000,0,max_steps,3.8360542879370185,0.9546568490004574,astar,False,0,351637,0,3532,466,0.14728472800197778,0,0.0,0.006088219000957906,0,7,7,B,6951,0.4083333333333333,False,2.672337290001451
0,33.679729489601854,1000,0,max_steps,5.851415427056941,0.8414320890005911,astar,False,0,302995,0,12557,1609,0.556411052999465,0,0.0,0.03829941699950723,0,5,5,B,6952,0.38333333333333336,False,2.701100200996734
0,33.12608533699514,1000,0,max_steps,4.295673695708273,0.6644936150005378,astar,False,0,281722,0,5890,752,0.25126617699788767,0,0.0,0.04769857800056343,0,6,6,B,6953,0.4083333333333333,False,2.738179071006016
0,32.37692217816022,1000,0,max_steps,8.247518566211292,1.0749370809971879,astar,False,0,416211,0,47572,6022,0.6224293759987631,0,0.0,0.11186499700124841,0,7,7,B,6954,0.5166666666666667,False,4.177177000001393
0,32.498534524852,1000,0,max_steps,5.728901509015492,0.566036455998983,astar,False,0,263819,0,3559,449,0.09326275200146483,0,0.0,0.022989624998444924,0,6,6,B,6955,0.35833333333333334,False,2.0809258989938826
0,34.40950814814608,1000,0,max_steps,3.5178562364030697,0.9862690859990835,astar,False,0,313533,0,5697,736,0.9365276639982767,0,0.0,0.04940701100349543,0,4,4,B,6956,0.4083333333333333,False,2.193763958995987
0,34.34502960278718,1000,0,max_steps,2.881460133335178,0.9835981069991249,astar,False,0,301213,0,5562,713,0.5783262719996856,0,0.0,0.032074954000563594,0,5,5,B,6957,0.425,False,3.4455766119972395
0,34.26542271939058,1000,0,max_steps,4.429764384253411,1.9612687150001875,astar,False,0,361950,0,197641,24925,1.6543862409998837,0,0.0,0.30094721800196567,0,3,3,B,6958,0.39166666666666666,False,2.977552904001641
0,33.556372227324005,1000,0,max_steps,6.537511950275882,1.8517039459984517,astar,False,0,412216,0,364373,45852,1.3111191620009777,0,0.0,0.5267692050001642,0,5,5,B,6959,0.43333333333333335,False,6.078529079000873
0,32.37094975009105,1000,0,max_steps,7.686941036589261,1.0974153549977927,astar,False,0,432793,0,11857,1547,0.29838324000229477,0,0.0,0.04179362399736419,0,7,7,B,6960,0.43333333333333335,False,5.132213868997496
0,34.10577265276131,1000,0,max_steps,5.81767242976089,0.9941546270019899,astar,False,0,378151,0,15981,2067,0.6913197559988475,0,0.0,0.06895718700252473,0,5,5,B,6961,0.35833333333333334,False,3.2641453239994007
0,32.933249959163184,1000,0,max_steps,6.293275180698838,1.0435027880012058,astar,False,0,323038,0,11204,1445,0.3256565670017153,0,0.0,0.03731590700044762,0,6,6,B,6962,0.5083333333333333,False,4.275491701002466
0,32.80269858530778,1000,0,max_steps,6.725255571351917,0.9300717309997708,astar,False,0,376605,0,87689,11092,0.5209914780025429,0,0.0,0.13575223600128083,0,7,7,B,6963,0.4166666666666667,False,3.475170467994758
0,32.561766018625015,1000,0,max_steps,7.038043939902619,1.7256058940001822,astar,False,0,395306,0,64143,8138,0.5474812259999453,0,0.0,0.13270722100060084,0,5,5,B,6964,0.425,False,3.2538881699983904
0,32.659342245761486,1000,0,max_steps,5.851415427056941,1.575343463999161,astar,False,0,399564,0,5329,689,0.5511489739983517,0,0.0,0.0311819620001188,0,7,7,B,6965,0.475,False,6.030135706998408
0,32.673726578917886,1000,0,max_steps,6.629126073623883,1.469604875001096,astar,False,0,309568,0,5279,671,0.3877062930005195,0,0.0,0.030274142998678144,0,4,4,B,6966,0.375,False,4.014475611998932
0,33.56307808790189,1000,0,max_steps,7.1030143249186795,0.9050483680002799,astar,False,0,305420,0,225525,28331,0.40358035399913206,0,0.0,0.35922413099979167,0,5,5,B,6967,0.43333333333333335,False,3.1165506369979994
0,32.37217305782846,1000,0,max_steps,8.114358415796037,1.8233085610008857,astar,False,0,370296,0,11583,1486,0.5041236039978685,0,0.0,0.03975297899887664,0,5,5,B,6968,0.425,False,4.361604270001408
0,31.72908790702728,1000,0,max_steps,9.811106588963343,1.5110165030018834,astar,False,0,400248,0,221056,27686,0.11728453100295155,0,0.0,0.35543761100052507,0,7,7,B,6969,0.45,False,6.029380890999164
0,32.785212014331066,1000,0,max_steps,5.363796463327068,0.7957465869985754,astar,False,0,444278,0,8177,1059,0.3261077290007961,0,0.0,0.03747560400006478,0,7,7,B,6970,0.425,False,3.297588203000487
0,32.15793869861304,1000,0,max_steps,9.537704781549907,2.1724978429992916,astar,False,0,395192,0,6758,861,0.30462196200096514,0,0.0,0.03525667999929283,0,7,7,B,6971,0.39166666666666666,False,6.3524320000033185
0,33.97855666570598,1000,0,max_steps,4.763697356046035,0.9239873710030224,astar,False,0,427208,0,4925,637,0.2563661690001027,0,0.0,0.031778971999301575,0,7,7,B,6972,0.3416666666666667,False,4.870393896999303
0,33.09007710720846,1000,0,max_steps,6.763897729859609,1.3075797530000273,astar,False,0,377900,0,14143,1821,0.41309431300032884,0,0.0,0.04181319100098335,0,6,6,B,6973,0.375,False,4.643289748993993
0,31.326429540069263,1000,0,max_steps,10.974017609790863,1.622784661998594,astar,False,0,408270,0,58457,7354,0.8963215490002767,0,0.0,0.12352158999783569,0,6,6,B,6974,0.5,False,4.546265188000689
0,32.73580033541504,1000,0,max_steps,6.063440648674642,1.8425237689989444,astar,False,0,411492,0,2607,339,0.22487988799912273,0,0.0,0.004666591998102376,0,6,6,B,6975,0.4083333333333333,False,3.956370201001846
0,32.302178340273784,1000,0,max_steps,7.7612217143952265,0.7556156829996326,astar,False,0,324471,0,36262,4612,0.3166015460010385,0,0.0,0.09019581900065532,0,7,7,B,6976,0.45,False,2.905484429997159
0,32.67811440007043,1000,0,max_steps,9.303443582889077,1.6527062759996625,astar,False,0,345451,0,10360,1296,0.31735787100114976,0,0.0,0.036284009998780675,0,6,6,B,6977,0.4083333333333333,False,3.793442510999739
0,32.299724431453456,1000,0,max_steps,9.828800155664982,1.3495287700025074,astar,False,0,381130,0,9377,1201,0.3742453230006504,0,0.0,0.03729072200076189,0,6,6,B,6978,0.425,False,3.726433486008318
0,31.3826226286495,1000,0,max_steps,8.287509426842298,1.0142317120007647,astar,False,0,429321,0,270945,33998,0.5588174410004285,0,0.0,0.42135515900008613,0,6,6,B,6979,0.48333333333333334,False,3.5533756609984266
0,32.97300855922167,1000,0,max_steps,3.906764966055674,0.7241750920002232,astar,False,0,331931,0,3612,473,0.3276999759982573,0,0.0,0.02571809900109656,0,7,7,B,6980,0.4083333333333333,False,3.0796617409941973
0,31.8426780952559,1000,0,max_steps,5.94561287841716,1.0611617370013846,astar,False,0,366105,0,15319,1930,0.24200544400082435,0,0.0,0.06309458100076881,0,6,6,B,6981,0.5,False,3.5151664299992262
0,31.819070912110767,1000,0,max_steps,8.47483406917209,1.2389853399981803,astar,False,0,384194,0,46468,5863,0.23874914800035185,0,0.0,0.10264695400110213,0,6,6,B,6982,0.45,False,3.388192934999097
0,32.469867785057815,1000,0,max_steps,6.2267818734880995,1.7809690679969208,astar,False,0,466119,0,10656,1384,0.43872474000090733,0,0.0,0.07100431800063234,0,7,7,B,6983,0.4583333333333333,False,4.910314931999892
0,32.98038006236047,1000,0,max_steps,6.169607969717361,0.8413303349989292,astar,False,0,358554,0,7622,983,0.5677990850017522,0,0.0,0.03257842899984098,0,6,6,B,6984,0.38333333333333336,False,3.7048803020006744
0,33.70108609786652,1000,0,max_steps,4.543161069123566,0.8599103099986678,astar,False,0,260154,0,7756,1002,0.2858888720002142,0,0.0,0.024600062002718914,0,5,5,B,6985,0.325,False,2.7579249529953813
0,33.04074674610786,1000,0,max_steps,4.950031565555919,1.0890328379973653,astar,False,0,284801,0,4225,551,0.1318322070001159,0,0.0,0.006302503003098536,0,6,6,B,6986,0.3416666666666667,False,3.302884455995809
0,32.21506125081547,1000,0,max_steps,6.621390526165934,1.0325305360020138,astar,False,0,382037,0,247193,31056,0.6542557930006296,0,0.0,0.371607278000738,0,7,7,B,6987,0.4583333333333333,False,4.722082514002977
0,32.22404688792584,1000,0,max_steps,7.107500439676382,1.1537785079999594,astar,False,0,401925,0,6661,860,0.32397284399849013,0,0.0,0.03420244999870192,0,6,6,B,6988,0.49166666666666664,False,3.6968758089969924
0,33.240264646220005,1000,0,max_steps,4.543161069123566,1.1699699470009364,astar,False,0,448562,0,7813,1006,0.40627849899829016,0,0.0,0.03560985299918684,0,6,6,B,6989,0.39166666666666666,False,3.3965422040055273
0,32.57092682909891,1000,0,max_steps,6.5592730161200015,0.7904725769985816,astar,False,0,285550,0,24602,3141,0.33565516599992407,0,0.0,0.05053310400035116,0,6,6,B,6990,0.39166666666666666,False,2.824320407995401
0,34.137331384808526,1000,0,max_steps,3.9421203051149996,0.8478283719996398,astar,False,0,299598,0,3152,398,0.3334147050009051,0,0.0,0.02572316499936278,0,5,5,B,6991,0.38333333333333336,False,2.901046694994875
0,33.02711920768463,1000,0,max_steps,5.072505544600221,1.3199101069985772,astar,False,0,317098,0,66560,8419,0.37257980999856954,0,0.0,0.12749624400021276,0,7,7,B,6992,0.425,False,4.235790674993041
0,33.2323173804555,1000,0,max_steps,6.471210280928905,1.515697997998359,astar,False,0,397437,0,3119,394,0.36371892200259026,0,0.0,0.030223272002331214,0,5,5,B,6993,0.43333333333333335,False,2.9745143099935376
0,32.61092385434411,1000,0,max_steps,6.170823486375216,1.2220578009983,astar,False,0,411347,0,46655,5918,0.7815008139987185,0,0.0,0.08535696000035387,0,6,6,B,6994,0.525,False,5.225384012002905
0,33.18298645475724,1000,0,max_steps,5.0734911550134765,0.9271929009992164,astar,False,0,325532,0,4157,535,0.5620955049998884,0,0.0,0.027138347999425605,0,6,6,B,6995,0.475,False,3.5252040380037215
0,32.42281305122281,1000,0,max_steps,9.001475573482383,0.9397362409981724,astar,False,0,329543,0,277866,35069,0.5244861060018593,0,0.0,0.40791183699911926,0,7,7,B,6996,0.4666666666666667,False,3.3119408290003776
0,32.493796901878454,1000,0,max_steps,6.243821946532427,1.5785438050006633,astar,False,0,421145,0,34336,4379,0.5779688049988181,0,0.0,0.0973251680006797,0,5,5,B,6997,0.45,False,4.177035872002307
0,33.71712202948821,1000,0,max_steps,4.7199377644202025,1.2194430859999557,astar,False,0,398951,0,6426,807,0.5374067620032292,0,0.0,0.05795491800017771,0,5,5,B,6998,0.45,False,4.557520979000401
0,31.230352046898837,1000,0,max_steps,8.907809074065295,1.1230956339968543,astar,False,0,431572,0,14337,1850,0.17349536300025648,0,0.0,0.04646927299836534,0,7,7,B,6999,0.475,False,3.632828437996068
0,31.079843899022833,1000,0,max_steps,9.983376808475175,1.6086978040002577,astar,False,0,392463,0,8548,1100,0.48381282099944656,0,0.0,0.03645617000074708,0,8,8,B,7000,0.5083333333333333,False,4.969147378993512
0,32.735786195213144,1000,0,max_steps,4.790648442538859,1.1981075199983025,astar,False,0,463299,0,4228,548,0.47398438100208296,0,0.0,0.03362780799943721,0,6,6,B,7001,0.475,False,3.9175660450018768
0,33.73389245363053,1000,0,max_steps,3.6592775926403815,0.6816697280009976,astar,False,0,275887,0,5530,714,0.1676279900020745,0,0.0,0.03037502000006498,0,5,5,B,7002,0.375,False,2.2381220780043805
0,34.62199922542001,1000,0,max_steps,3.359175866190989,0.6916750750024221,astar,False,0,200013,0,20076,2569,0.6505908309991355,0,0.0,0.04071718200066243,0,3,3,B,7003,0.35833333333333334,False,1.8871265029993083
0,32.48470756927946,1000,0,max_steps,7.687022342884139,1.1573290989981615,astar,False,0,372343,0,73623,9329,0.9756164550017274,0,0.0,0.1485743419980281,0,4,4,B,7004,0.49166666666666664,False,3.3943573579963413
0,33.55142851938114,1000,0,max_steps,4.331029034767604,1.1920300499987206,astar,False,0,300499,0,6156,802,0.5722538929985603,0,0.0,0.03275950299939723,0,6,6,B,7005,0.3416666666666667,False,3.555829138000263
0,33.090944505071725,1000,0,max_steps,6.204862004911953,1.8736478770006215,astar,False,0,440165,0,4826,618,0.5935083420008596,0,0.0,0.03424880999955349,0,5,5,B,7006,0.5333333333333333,False,4.445975498001644
0,33.30229387312822,1000,0,max_steps,5.455072181007321,1.080787175000296,astar,False,0,344581,0,4119,539,0.3107743690015923,0,0.0,0.006844678999186726,0,7,7,B,7007,0.5166666666666667,False,3.70329986300203
0,33.391408020582894,1000,0,max_steps,2.987526150513159,1.5556618560003699,astar,False,0,529991,0,3415,445,0.36905386400030693,0,0.0,0.04430774600041332,0,6,6,B,7008,0.4666666666666667,False,3.9310096919980424
0,33.64599856468016,1000,0,max_steps,6.738068157862457,2.1795756810024614,astar,False,0,344941,0,32855,4166,0.3475169810008083,0,0.0,0.08929332499974407,0,5,5,B,7009,0.38333333333333336,False,3.9846870090004813
0,32.66651892581671,1000,0,max_steps,8.716023319151914,1.7619029540001065,astar,False,0,412963,0,253558,31846,1.276971131999744,0,0.0,0.4765929419991153,0,5,5,B,7010,0.4666666666666667,False,4.870681996999338
0,32.44106902301849,1000,0,max_steps,6.74112842927651,1.34810128800018,astar,False,0,421977,0,8392,1093,0.48617137300243485,0,0.0,0.03890359300203272,0,6,6,B,7011,0.5166666666666667,False,5.3718168170016725
0,31.623992276935013,1000,0,max_steps,8.255774494255519,1.1815747629989346,astar,False,0,356054,0,11993,1517,0.4290083570012939,0,0.0,0.03889454700038186,0,6,6,B,7012,0.43333333333333335,False,3.668531453000469
0,32.337997731653644,1000,0,max_steps,6.177706896575782,0.7861602819975815,astar,False,0,308024,0,22693,2887,0.3751348240002699,0,0.0,0.07078237299720058,0,6,6,B,7013,0.4083333333333333,False,2.672217413000908
0,32.15137903754347,1000,0,max_steps,6.636758433150928,1.6054206430017075,astar,False,0,392046,0,17143,2151,0.38105774900031975,0,0.0,0.04634722199989483,0,4,4,B,7014,0.48333333333333334,False,3.304932966002525
0,32.5336033137552,1000,0,max_steps,6.507903848398497,1.305691219997243,astar,False,0,388650,0,41847,5323,0.6337297050013149,0,0.0,0.10051400999873294,0,6,6,B,7015,0.44166666666666665,False,4.711444526990817
0,34.710864256877166,1000,0,max_steps,2.704683438038541,1.1101420980012335,astar,False,0,447786,0,3813,484,1.0781452810006158,0,0.0,0.03184695600066334,0,5,5,B,7016,0.48333333333333334,False,3.4864347810034815
0,32.42164956985327,1000,0,max_steps,10.951954734201559,1.1925191390000691,astar,False,0,446993,0,234987,29578,0.8192722160019912,0,0.0,0.36713156100086053,0,7,7,B,7017,0.44166666666666665,False,4.403646462997131
0,33.17342861714488,1000,0,max_steps,4.442163042933023,0.9573214179981733,astar,False,0,293173,0,55680,7078,0.2587006680005288,0,0.0,0.1416955679997045,0,5,5,B,7018,0.38333333333333336,False,2.8172244449961
0,31.952671081910605,1000,0,max_steps,10.730520141167435,2.2791451279990724,astar,False,0,363537,0,11286,1459,0.5304371159982111,0,0.0,0.061356486003205646,0,6,6,B,7019,0.44166666666666665,False,5.837730125000235
0,33.60236925666074,1000,0,max_steps,4.490441236671513,1.3470514389991877,astar,False,0,424437,0,3895,505,0.18809683400104404,0,0.0,0.030913812002836494,0,6,6,B,7020,0.49166666666666664,False,3.729461307000747
0,33.015631003419195,1000,0,max_steps,5.51104005610556,1.5177103229980276,astar,False,0,320940,0,3189,422,0.09820976700211759,0,0.0,0.025306742998509435,0,6,6,B,7021,0.4666666666666667,False,4.021381687995017
0,34.5271869589234,1000,0,max_steps,3.9421203051149996,1.0339229989986052,astar,False,0,171817,0,24684,3139,0.9713033339976391,0,0.0,0.06079375999979675,0,3,3,B,7022,0.4,False,2.3313577709959645
0,32.6970538471546,1000,0,max_steps,4.6019357340145435,0.4959756099997321,astar,False,0,279381,0,32555,4157,0.40949513300074614,0,0.0,0.08571043199845008,0,5,5,B,7023,0.425,False,2.0604064950020984
0,33.63474328137986,1000,0,max_steps,7.145300028690187,1.643492884002626,astar,False,0,409209,0,314869,39389,0.22284510499957833,0,0.0,0.512569987000461,0,5,5,B,7024,0.425,False,4.51399907200539
0,31.77100572698938,1000,0,max_steps,8.967040342275704,1.091860747001192,astar,False,0,504339,0,132262,16669,0.682574675000069,0,0.0,0.2332455840005423,0,7,7,B,7025,0.5166666666666667,False,5.3597074680074
0,32.84870155170086,1000,0,max_steps,7.5307079680465625,1.0880911170024774,astar,False,0,404964,0,8498,1110,0.3298943110021355,0,0.0,0.03606538299936801,0,7,7,B,7026,0.43333333333333335,False,5.265583835003781
0,31.60185351604186,1000,0,max_steps,10.866879151808027,1.7157529090000025,astar,False,0,306299,0,61215,7772,0.5928240760003973,0,0.0,0.12489148599706823,0,7,7,B,7027,0.4083333333333333,False,6.853387310995458
0,33.49231809424231,1000,0,max_steps,5.5628511125141555,1.0371414559995173,astar,False,0,333428,0,185277,23269,0.7395584650003002,0,0.0,0.29268210100053693,0,5,5,B,7028,0.38333333333333336,False,3.4872205890023906
0,34.03008247645244,1000,0,max_steps,3.447145558284419,0.45875697899828083,astar,False,0,229570,0,5018,651,0.35996149299899116,0,0.0,0.02240504500150564,0,6,6,B,7029,0.36666666666666664,False,1.902846780998516
0,33.559320636589916,1000,0,max_steps,7.019459558968908,1.3305745549987478,astar,False,0,402424,0,15581,1990,1.2602142530013225,0,0.0,0.07003753900062293,0,4,4,B,7030,0.36666666666666664,False,2.323507000997779
0,31.52062295489304,1000,0,max_steps,9.704911771881287,1.4815943869980401,astar,False,0,297337,0,26710,3350,0.2612362520012539,0,0.0,0.07721041699915077,0,6,6,B,7031,0.48333333333333334,False,3.5442970739932207
0,32.306815570262614,1000,0,max_steps,6.858958557973649,2.303085513998667,astar,False,0,385101,0,3729,483,0.14558199399834848,0,0.0,0.02858796500004246,0,6,6,B,7032,0.4166666666666667,False,4.526742022993858
0,34.04366748439616,1000,0,max_steps,6.445468369327398,1.4658157849989948,astar,False,0,213400,0,458367,57309,0.3224899209999421,0,0.0,0.7132780499996443,0,4,4,B,7033,0.45,False,4.196571344000404
0,32.138823704151996,1000,0,max_steps,7.603062705252401,0.9337057480006479,astar,False,0,333159,0,14069,1798,0.40295200999753433,0,0.0,0.04043297400130541,0,6,6,B,7034,0.4083333333333333,False,3.0282954439971945
0,32.49304734552295,1000,0,max_steps,7.606760972976605,1.311743728001602,astar,False,0,353642,0,209129,26243,0.6673994429984305,0,0.0,0.3234671709979011,0,6,6,B,7035,0.4,False,5.250689148000674
0,33.393660104501805,1000,0,max_steps,5.727592207900278,1.0639906270007486,astar,False,0,344364,0,10573,1349,0.6391010080005799,0,0.0,0.058071133000339614,0,4,4,B,7036,0.4666666666666667,False,2.9727959930023644
0,34.07571698249686,1000,0,max_steps,4.278032550133295,0.9770939019981597,astar,False,0,320168,0,11020,1400,0.5021988439984852,0,0.0,0.054414399000961566,0,5,5,B,7037,0.4166666666666667,False,3.570645471994794
0,33.304631390780315,1000,0,max_steps,6.5309120725975145,1.272640433999186,astar,False,0,423187,0,120849,15221,0.42810501100029796,0,0.0,0.18395264400169253,0,5,5,B,7038,0.49166666666666664,False,3.5230992680008058
0,32.05875874765498,1000,0,max_steps,7.746228921223539,0.8328389119997155,astar,False,0,418693,0,18734,2407,0.33789748799972585,0,0.0,0.048988632999680704,0,8,8,B,7039,0.4583333333333333,False,4.379399512999953
0,33.40012479730336,1000,0,max_steps,6.050129130853322,0.7602492759979214,astar,False,0,338129,0,13202,1708,0.26215184700049576,0,0.0,0.03769175900015398,0,6,6,B,7040,0.36666666666666664,False,2.1440502789955644
0,32.54687006755567,1000,0,max_steps,5.1316724856522145,1.052899083999364,astar,False,0,338891,0,3041,404,0.21883011300087674,0,0.0,0.004894421999779297,0,7,7,B,7041,0.4083333333333333,False,3.9451004689944966
0,32.20389204512483,1000,0,max_steps,6.675819238116021,1.3314298799996322,astar,False,0,392271,0,13143,1716,0.25055520000023535,0,0.0,0.04075762199863675,0,6,6,B,7042,0.4583333333333333,False,5.1248746490018675
0,33.5075224268493,1000,0,max_steps,3.447145558284419,0.8059073389995319,astar,False,0,427939,0,3864,497,0.22848906299986993,0,0.0,0.03105554099965957,0,7,7,B,7043,0.425,False,3.3891730020004616
0,34.336277188113215,1000,0,max_steps,3.128947506750471,0.8697032009986287,astar,False,0,267530,0,6425,829,0.607578316998115,0,0.0,0.028235810998012312,0,5,5,B,7044,0.375,False,3.1065853660002176
0,31.989021583434873,1000,0,max_steps,7.566063210150967,1.4235445560007065,astar,False,0,357458,0,2481,325,0.30254863599839155,0,0.0,0.004732827997941058,0,7,7,B,7045,0.39166666666666666,False,3.584444672000245
0,32.48396224579043,1000,0,max_steps,7.14940994068741,0.7377870889977203,astar,False,0,283350,0,135883,17020,0.4674954410002101,0,0.0,0.22069230299894116,0,6,6,B,7046,0.45,False,2.956785083992145
0,33.07523683045572,1000,0,max_steps,13.625676588705602,1.228301694001857,astar,False,0,348988,0,237685,29745,0.4152206329999899,0,0.0,0.3718174219975481,0,6,6,B,7047,0.425,False,4.056346223995206
0,33.466068087158526,1000,0,max_steps,4.401739712886254,1.5056103380011336,astar,False,0,357720,0,3357,435,0.18368611200276064,0,0.0,0.029975628000102006,0,5,5,B,7048,0.45,False,4.326989588003926
0,31.502167499383955,1000,0,max_steps,10.253063566563895,1.5344890460000897,astar,False,0,407585,0,16592,2126,0.4685470379990875,0,0.0,0.07137467600114178,0,6,6,B,7049,0.4666666666666667,False,5.839259636999486
0,33.398953898935325,1000,0,max_steps,5.250267850310113,1.0386412379994,astar,False,0,332824,0,5063,642,0.2321099820001109,0,0.0,0.030931519002479035,0,5,5,B,7050,0.375,False,3.1377232859995274
0,33.40569778588972,1000,0,max_steps,5.250267850310113,0.824221953000233,astar,False,0,360148,0,7493,974,0.5805353629984893,0,0.0,0.03374236600211589,0,6,6,B,7051,0.4083333333333333,False,3.08835043399813
0,32.92149590899626,1000,0,max_steps,5.901509340838152,0.9621587399997225,astar,False,0,351783,0,152084,19250,0.7223485840004287,0,0.0,0.23706340599892428,0,5,5,B,7052,0.4,False,2.597567455999524
0,32.505311782525666,1000,0,max_steps,8.032687128228012,1.2234269279979344,astar,False,0,397808,0,15647,2013,0.6502048639995337,0,0.0,0.044769763997464906,0,6,6,B,7053,0.49166666666666664,False,4.6472555069995
0,32.43376618968157,1000,0,max_steps,11.420061843089991,2.2372216029980336,astar,False,0,368009,0,163743,20488,0.28409339299832936,0,0.0,0.26597814300112077,0,5,5,B,7054,0.49166666666666664,False,6.1681106909964
0,34.47450905998757,1000,0,max_steps,3.3764348801657635,1.2841322610001953,astar,False,0,255425,0,141791,17739,1.0138506940020307,0,0.0,0.2620939449989237,0,3,3,B,7055,0.3416666666666667,False,2.8897768599999836
0,32.21286967802815,1000,0,max_steps,6.028085309615317,1.5161640190017351,astar,False,0,411799,0,4256,553,0.41334068599826423,0,0.0,0.029969531002279837,0,7,7,B,7056,0.44166666666666665,False,5.416977749999205
0,33.44744199133229,1000,0,max_steps,4.5785164081828915,1.1689917710027657,astar,False,0,353307,0,2165,284,0.2361096689965052,0,0.0,0.0253417720014113,0,6,6,B,7057,0.4,False,4.147670434002066
0,33.231439122905385,1000,0,max_steps,5.2579998573602085,1.347114023999893,astar,False,0,465949,0,17837,2294,0.36263006499939365,0,0.0,0.049684723002428655,0,7,7,B,7058,0.44166666666666665,False,6.126858207997429
0,32.827372962567225,1000,0,max_steps,9.685443330070129,1.3448126250004862,astar,False,0,499644,0,199839,25117,0.46094190000076196,0,0.0,0.32076576799954637,0,5,5,B,7059,0.49166666666666664,False,4.708083804998751
0,31.491511998253344,1000,0,max_steps,11.36679649241597,1.9544276540000283,astar,False,0,436115,0,5856,733,0.49075715000071796,0,0.0,0.033617485998547636,0,6,6,B,7060,0.4083333333333333,False,6.657200724999711
0,31.522901731719937,1000,0,max_steps,6.913415400509358,1.4832717980025336,astar,False,0,458904,0,145589,18326,0.3881377199977578,0,0.0,0.24971465899943723,0,5,5,B,7061,0.4666666666666667,False,4.287376137002866
0,33.63210080231754,1000,0,max_steps,6.2402173439712785,0.9124955370025418,astar,False,0,318654,0,7503,974,0.6127717679992202,0,0.0,0.031039131001307396,0,6,6,B,7062,0.36666666666666664,False,2.391618441004539
0,33.484269268392,1000,0,max_steps,5.2234148313148525,1.0962117669987492,astar,False,0,351763,0,8006,1016,0.5544789440027671,0,0.0,0.03254002499670605,0,4,4,B,7063,0.4166666666666667,False,2.5973881559984875
0,32.12991318819022,1000,0,max_steps,8.630704635196363,1.284487757999159,astar,False,0,397327,0,188177,23606,0.36371039399818983,0,0.0,0.3014206439984264,0,6,6,B,7064,0.475,False,4.956974769000226
0,32.6486300587366,1000,0,max_steps,6.4547705226444725,1.0129688929991971,astar,False,0,474770,0,22712,2906,0.4699142440003925,0,0.0,0.05651698099973146,0,6,6,B,7065,0.45,False,3.508821301998978
0,32.12600423651186,1000,0,max_steps,8.807401007107599,1.5822323949978454,astar,False,0,488088,0,17187,2211,0.264434862001508,0,0.0,0.07618253900000127,0,7,7,B,7066,0.4166666666666667,False,6.742762859998038
0,32.56972811525897,1000,0,max_steps,7.9500196540637535,1.2566567130015756,astar,False,0,355333,0,162328,20406,0.554978927000775,0,0.0,0.24480635299914866,0,6,6,B,7067,0.4166666666666667,False,3.860237187007442
0,32.27488292531095,1000,0,max_steps,8.810310011571667,1.5102157830006036,astar,False,0,457135,0,112214,14178,0.48295474699989427,0,0.0,0.2050636530002521,0,5,5,B,7068,0.475,False,5.308788491998712
0,33.36370477157501,1000,0,max_steps,5.758064996159733,1.240729717999784,astar,False,0,365205,0,137409,17311,0.8699932310009899,0,0.0,0.22556307299964828,0,5,5,B,7069,0.38333333333333336,False,5.146586999999272
0,33.12959971925235,1000,0,max_steps,6.752892898602789,1.2010609060016577,astar,False,0,249134,0,8596,1096,0.21223853999981657,0,0.0,0.02687429700017674,0,6,6,B,7070,0.43333333333333335,False,3.6726727170025697
0,31.555926180973426,1000,0,max_steps,8.485447100772001,1.9800132569980633,astar,False,0,461206,0,11118,1421,0.24471603400161257,0,0.0,0.04110387900072965,0,6,6,B,7071,0.5083333333333333,False,5.919619278996834
0,33.691297851244464,1000,0,max_steps,3.0228814895724896,0.7405765259973123,astar,False,0,271097,0,2660,345,0.0982100699984585,0,0.0,0.004532150000159163,0,7,7,B,7072,0.4166666666666667,False,2.4994305199943483
0,31.770561047495466,1000,0,max_steps,9.824920483138781,1.2955020089975733,astar,False,0,385442,0,10553,1324,0.1906077390012797,0,0.0,0.03853973399964161,0,7,7,B,7073,0.43333333333333335,False,4.323197617995902
0,33.83508426060851,1000,0,max_steps,3.623922253581056,1.1089482579991454,astar,False,0,399726,0,5457,709,0.31783226099651074,0,0.0,0.0303520950001257,0,7,7,B,7074,0.39166666666666666,False,3.3995879459944263
0,33.54501585349029,1000,0,max_steps,6.275572683030609,1.0537162630025705,astar,False,0,376490,0,3946,504,0.6085712410022097,0,0.0,0.029559610000433167,0,5,5,B,7075,0.4166666666666667,False,3.8853409689982072
0,32.69673501524208,1000,0,max_steps,7.459997486594749,0.890354834999016,astar,False,0,374656,0,4681,595,0.2856503229995724,0,0.0,0.007686289998673601,0,6,6,B,7076,0.4,False,2.7260220509997453
0,32.83732097644662,1000,0,max_steps,6.962511220816811,1.0288787159988715,astar,False,0,402501,0,144080,18082,0.34072162299708,0,0.0,0.24167302400019253,0,6,6,B,7077,0.4666666666666667,False,4.429891494997719
0,32.52081952152981,1000,0,max_steps,5.232500597228824,1.2580124520027312,astar,False,0,367177,0,4996,656,0.09822192199862911,0,0.0,0.030002985000464832,0,8,8,B,7078,0.425,False,4.604659530999925
0,32.542661334744864,1000,0,max_steps,13.084735859007624,1.8355310510014533,astar,False,0,417310,0,364716,45758,0.3564596159994835,0,0.0,0.5343873889978568,0,6,6,B,7079,0.5333333333333333,False,5.775189769003191
0,31.74842726894409,1000,0,max_steps,14.30477411565803,1.4729269470008148,astar,False,0,405174,0,67390,8465,0.7308799210004508,0,0.0,0.14090075800049817,0,6,6,B,7080,0.44166666666666665,False,5.592262283000309
0,33.29177817456013,1000,0,max_steps,4.925348972407943,1.2156993449971196,astar,False,0,397279,0,3844,491,1.1784612219998962,0,0.0,0.03711016099987319,0,4,4,B,7081,0.45,False,3.7269279649917735
0,32.441006346690045,1000,0,max_steps,7.302247085657948,1.00743426599729,astar,False,0,424291,0,5471,705,0.16015622499980964,0,0.0,0.032235685001069214,0,7,7,B,7082,0.39166666666666666,False,4.623782796996238
0,32.69343281501398,1000,0,max_steps,5.911984649844753,1.2451078239973867,astar,False,0,442812,0,4997,647,0.13323807800043141,0,0.0,0.03179506000014953,0,7,7,B,7083,0.475,False,3.8816504719980003
0,32.54914779406286,1000,0,max_steps,7.808108765892032,1.5328243950025353,astar,False,0,427503,0,129830,16337,0.5613721759982582,0,0.0,0.22127160699892556,0,5,5,B,7084,0.43333333333333335,False,3.3204854040050122
0,32.15237425995145,1000,0,max_steps,12.289235635302951,1.731466512002953,astar,False,0,381397,0,62077,7798,0.2401466139999684,0,0.0,0.13466694000089774,0,5,5,B,7085,0.475,False,4.156568607002555
0,33.18792812457728,1000,0,max_steps,6.864605778921319,0.8496958010000526,astar,False,0,426969,0,25415,3233,0.5608678079988749,0,0.0,0.08541903399964212,0,6,6,B,7086,0.4,False,3.506403772993508
0,33.74490255227658,1000,0,max_steps,6.00793745806329,1.7021370749971538,astar,False,0,339452,0,151355,19046,1.45491406900328,0,0.0,0.24316185600036988,0,3,3,B,7087,0.44166666666666665,False,2.2384759890010173
0,34.15785201195451,1000,0,max_steps,3.677337691863503,0.8425286569981836,astar,False,0,115081,0,121333,15229,0.14403400900118868,0,0.0,0.18762910700024804,0,3,3,B,7088,0.44166666666666665,False,1.7850866070002667
0,33.30385889044992,1000,0,max_steps,4.5078057300642405,1.0133174829970812,astar,False,0,359536,0,6894,892,0.5877696060015296,0,0.0,0.031415982000908116,0,5,5,B,7089,0.43333333333333335,False,3.609421369001211
0,34.161564287007366,1000,0,max_steps,5.320978528428769,0.6006049499992514,astar,False,0,211189,0,5162,661,0.30398365200016997,0,0.0,0.019808830998954363,0,5,5,B,7090,0.3416666666666667,False,1.6849203660021885
0,32.3343970913755,1000,0,max_steps,6.7360272045175105,1.1843345669985865,astar,False,0,443207,0,6187,781,0.17026291999718524,0,0.0,0.009211854998284252,0,6,6,B,7091,0.44166666666666665,False,4.530655292997835
0,32.96030127369553,1000,0,max_steps,5.784380908965105,1.53508479300217,astar,False,0,416965,0,3281,431,0.1380150289987796,0,0.0,0.005234430002019508,0,6,6,B,7092,0.425,False,3.431801357997756
0,32.11797258868075,1000,0,max_steps,7.051883613617003,0.9836410069983685,astar,False,0,343439,0,8536,1115,0.37223780500062276,0,0.0,0.033961802000703756,0,7,7,B,7093,0.4666666666666667,False,3.6417949860006047
0,31.641680630714017,1000,0,max_steps,7.439947076424668,2.1893463500018697,astar,False,0,462161,0,16075,2112,0.3001195460019517,0,0.0,0.07365617300092708,0,6,6,B,7094,0.5,False,5.432627913003671
0,32.32918160493924,1000,0,max_steps,6.7553913654206585,1.4337372019981558,astar,False,0,453902,0,214335,26941,0.827518391997728,0,0.0,0.3442698549988563,0,6,6,B,7095,0.4166666666666667,False,4.361017039995204
0,33.58014925178289,1000,0,max_steps,5.497755223725406,1.3130155569997441,astar,False,0,418955,0,2379,310,0.4212191270016774,0,0.0,0.05127176899986807,0,6,6,B,7096,0.45,False,3.858843762995093
0,33.29566500536122,1000,0,max_steps,4.401739712886254,0.7293359450013668,astar,False,0,224632,0,6032,777,0.2555313709999609,0,0.0,0.009438748998945812,0,6,6,B,7097,0.39166666666666666,False,2.503626105000876
0,33.86114288051884,1000,0,max_steps,2.775394116157197,1.1050841479991504,astar,False,0,344089,0,4761,610,0.14186960000006366,0,0.0,0.02859014999921783,0,6,6,B,7098,0.375,False,2.838756305995048
0,32.6856309182067,1000,0,max_steps,5.5331105627847315,1.0657699490002415,astar,False,0,396552,0,2705,354,0.15548469400164322,0,0.0,0.027902776997507317,0,6,6,B,7099,0.43333333333333335,False,4.453008767995925
0,32.65727726545052,1000,0,max_steps,9.37558331518631,0.8833023619990854,astar,False,0,355754,0,193081,24291,0.18538410799737903,0,0.0,0.2882608859981701,0,6,6,B,7100,0.39166666666666666,False,3.5011343659971317
0,31.688837602474578,1000,0,max_steps,7.853363133078716,0.9547516480015474,astar,False,0,359512,0,8640,1114,0.38298570700135315,0,0.0,0.033499577999464236,0,6,6,B,7101,0.4,False,3.566267489997699
0,32.226406630035996,1000,0,max_steps,8.403440515645958,0.6931545580009697,astar,False,0,275788,0,141523,17787,0.3712413959983678,0,0.0,0.22284951300025568,0,6,6,B,7102,0.4,False,2.8120866129938804
0,33.79735185770151,1000,0,max_steps,5.056091622983108,0.9155019840000023,astar,False,0,319907,0,9173,1191,0.6170658459996048,0,0.0,0.05344896200040239,0,6,6,B,7103,0.4166666666666667,False,4.716313204000471
0,31.65969533225437,1000,0,max_steps,9.497121274365194,1.064802922999661,astar,False,0,464136,0,6838,882,0.48777397100275266,0,0.0,0.036624799999117386,0,7,7,B,7104,0.475,False,4.274051049003901
0,32.21364444265076,1000,0,max_steps,6.607405882795454,1.466973524002242,astar,False,0,315175,0,11429,1486,0.2563616190018365,0,0.0,0.03535174100034055,0,7,7,B,7105,0.39166666666666666,False,4.161891361000016
0,32.650572766663075,1000,0,max_steps,5.686854358958032,1.0658404780006094,astar,False,0,506455,0,20775,2680,0.46529235700290883,0,0.0,0.05553951500041876,0,7,7,B,7106,0.5166666666666667,False,4.923242541997752
0,32.125635379960706,1000,0,max_steps,8.57374261918329,1.1729409860017768,astar,False,0,252933,0,10284,1314,0.2804207699991821,0,0.0,0.04199335500015877,0,7,7,B,7107,0.44166666666666665,False,4.517482309995103
0,31.52671666481682,1000,0,max_steps,12.191454486647602,1.37079273800191,astar,False,0,297113,0,26065,3277,0.2088714909987175,0,0.0,0.07316117200025474,0,5,5,B,7108,0.38333333333333336,False,2.3916170520024025
0,32.25323203010366,1000,0,max_steps,8.648428325424218,1.073642628001835,astar,False,0,404362,0,11246,1410,0.2051228349992016,0,0.0,0.03951072500058217,0,7,7,B,7109,0.44166666666666665,False,5.49857625200093
0,33.0517207219459,1000,0,max_steps,5.497755223725406,1.1812243170024885,astar,False,0,346578,0,6889,878,1.14694617799978,0,0.0,0.03395469899987802,0,5,5,B,7110,0.4083333333333333,False,3.45998559200234
0,32.54614976522405,1000,0,max_steps,8.517500366891683,1.1716100470002857,astar,False,0,440600,0,116365,14819,0.7518639459995029,0,0.0,0.20659221300229547,0,6,6,B,7111,0.44166666666666665,False,5.8821144189969345
0,33.85648504720749,1000,0,max_steps,5.1972649056979945,1.1876668740005698,astar,False,0,284985,0,10424,1331,0.162726256003225,0,0.0,0.034841742999560665,0,4,4,B,7112,0.4083333333333333,False,2.0328798120026477
0,32.469754290199575,1000,0,max_steps,7.344747272711294,0.7947382509992167,astar,False,0,356190,0,4670,596,0.6869213470017712,0,0.0,0.03101109600174823,0,6,6,B,7113,0.425,False,3.142873763998068
0,32.92609471609756,1000,0,max_steps,7.599856084163697,0.8925202999998874,astar,False,0,312743,0,34878,4441,0.37798224099969957,0,0.0,0.0865960470000573,0,6,6,B,7114,0.475,False,2.6310384099961084
0,32.95377852891328,1000,0,max_steps,6.263510397532677,1.0326119500023196,astar,False,0,341946,0,37470,4765,0.42211146200133953,0,0.0,0.0948052200001257,0,6,6,B,7115,0.475,False,3.6587211979967833
0,33.084354478461655,1000,0,max_steps,5.488197563863747,0.9047879569989163,astar,False,0,333367,0,6323,826,0.13821979300337262,0,0.0,0.02863156600142247,0,8,8,B,7116,0.4666666666666667,False,3.9284265759924892
0,32.948576012067704,1000,0,max_steps,7.522071689368558,1.067140286002541,astar,False,0,298600,0,166443,20900,0.8024025300001085,0,0.0,0.2581518970000616,0,5,5,B,7117,0.425,False,3.2190012020000722
0,34.256725202179624,1000,0,max_steps,3.371433300541475,0.7756777559989132,astar,False,0,260895,0,41715,5322,0.690006581000489,0,0.0,0.0849252299994987,0,4,4,B,7118,0.36666666666666664,False,1.7812016660027439
0,32.45605202595648,1000,0,max_steps,6.826350598965745,1.0360031479976897,astar,False,0,445354,0,4872,629,0.9973894890026713,0,0.0,0.03832826399957412,0,6,6,B,7119,0.5166666666666667,False,3.801628929992148
0,34.0685259003401,1000,0,max_steps,2.7780951207617055,1.0987203939985193,astar,False,0,285121,0,74994,9381,0.3376393429971358,0,0.0,0.1401968889986165,0,4,4,B,7120,0.38333333333333336,False,2.5640723319920653
0,31.290707795424073,1000,0,max_steps,7.084865030471646,1.6488100910028152,astar,False,0,366797,0,18216,2336,0.522591213000851,0,0.0,0.046133780997479334,0,5,5,B,7121,0.425,False,3.5660805580046144
0,32.22917895262839,1000,0,max_steps,8.021163413121563,1.1264971939999668,astar,False,0,327346,0,24542,3101,0.4566337409996777,0,0.0,0.054689348999090726,0,5,5,B,7122,0.4083333333333333,False,3.4981865099980496
0,34.029474361453886,1000,0,max_steps,2.1036426740299747,0.5377143660007278,astar,False,0,203886,0,2748,354,0.19473574999938137,0,0.0,0.02809446200262755,0,4,4,B,7123,0.2916666666666667,False,1.4299406160025683
0,32.27738400041193,1000,0,max_steps,11.75628821099585,1.1115248400019482,astar,False,0,343046,0,310151,38860,0.17355908999888925,0,0.0,0.49357438900187844,0,7,7,B,7124,0.35,False,3.7923488350061234
0,32.44936291060044,1000,0,max_steps,7.354186732739382,1.393325517001358,astar,False,0,376370,0,12354,1603,0.3405669380008476,0,0.0,0.062384977001784137,0,8,8,B,7125,0.48333333333333334,False,5.467643826999847
0,33.90308130379774,1000,0,max_steps,3.0935921676911455,0.786170580999169,astar,False,0,269977,0,4799,617,0.2022383009971236,0,0.0,0.026652999000361888,0,6,6,B,7126,0.375,False,2.363965107004333
0,32.67759393739303,1000,0,max_steps,6.756779003341753,1.1975263459971757,astar,False,0,417571,0,14297,1842,0.37500407100014854,0,0.0,0.04393860300115193,0,6,6,B,7127,0.45,False,4.219514036001783
0,33.68674458567526,1000,0,max_steps,6.099820694086014,1.1389781430007133,astar,False,0,357120,0,5376,702,0.19999943500079098,0,0.0,0.03007276500284206,0,5,5,B,7128,0.425,False,3.2866268170000694
0,33.75901189084563,1000,0,max_steps,4.2206708589985995,1.2699129020002147,astar,False,0,248553,0,33422,4296,0.3065408490001573,0,0.0,0.07827781100058928,0,5,5,B,7129,0.4666666666666667,False,3.6031224520011165
0,34.48565173290034,1000,0,max_steps,2.7929039546679713,1.0968340459985484,astar,False,0,261518,0,89158,11222,0.946902231000422,0,0.0,0.14800174899937701,0,4,4,B,7130,0.4583333333333333,False,2.141762994997407
0,32.44139699373758,1000,0,max_steps,8.393766288145029,1.4319068110016815,astar,False,0,382159,0,243592,30639,1.0457071499986341,0,0.0,0.3790237419998448,0,6,6,B,7131,0.43333333333333335,False,4.303644396994059
0,33.18037657560519,1000,0,max_steps,6.427504375727796,1.742594215000281,astar,False,0,426385,0,18395,2365,0.4160036319990468,0,0.0,0.07339118100207997,0,5,5,B,7132,0.4166666666666667,False,3.1587391710017982
0,34.128963198264174,1000,0,max_steps,4.763566153629021,1.5026359469993622,astar,False,0,340976,0,110854,13992,0.6340324730008433,0,0.0,0.19336908100012806,0,3,3,B,7133,0.35,False,2.445865303998289
0,31.85247357442257,1000,0,max_steps,8.679807745566714,0.9200653820007574,astar,False,0,283119,0,13227,1660,0.18337168500147527,0,0.0,0.03679291699882015,0,7,7,B,7134,0.4666666666666667,False,3.0237746459970367
0,33.445318602280445,1000,0,max_steps,5.372528501553062,1.0012429259986675,astar,False,0,298448,0,6191,797,0.36376946900054463,0,0.0,0.029443022998748347,0,6,6,B,7135,0.30833333333333335,False,3.852454179999768
0,31.512346976392745,1000,0,max_steps,10.812680634329302,1.4645586049991834,astar,False,0,452289,0,135523,17039,0.6078705510008149,0,0.0,0.2391990319993056,0,7,7,B,7136,0.49166666666666664,False,5.369347094001569
0,33.501909806435535,1000,0,max_steps,11.036317886867883,1.501439710998966,astar,False,0,411173,0,293693,36958,0.22391464300017105,0,0.0,0.4479856430007203,0,6,6,B,7137,0.425,False,4.588306573998125
0,33.154223996812775,1000,0,max_steps,5.709996716286271,1.4876808679982787,astar,False,0,396642,0,4146,521,0.5636639469994407,0,0.0,0.03088580700205057,0,6,6,B,7138,0.39166666666666666,False,4.909634496001672
0,32.483767156590496,1000,0,max_steps,5.9134645090674205,0.8503138830019452,astar,False,0,349215,0,199190,25010,0.48935335599890095,0,0.0,0.309282627000357,0,6,6,B,7139,0.475,False,3.355717161000939
0,32.600876217539366,1000,0,max_steps,4.847583160710086,0.828796819998388,astar,False,0,298638,0,19155,2446,0.32623838300060015,0,0.0,0.08114094900156488,0,6,6,B,7140,0.4083333333333333,False,3.464445983998303
0,32.74010831419172,1000,0,max_steps,5.918324298312824,0.6740801699997974,astar,False,0,331381,0,81980,10387,0.45134511399737676,0,0.0,0.15520638000089093,0,8,8,B,7141,0.4083333333333333,False,3.432079256999714
0,31.717384167401928,1000,0,max_steps,9.319753886235405,1.5475154390005628,astar,False,0,327021,0,28410,3555,0.2388919730001362,0,0.0,0.1026518720027525,0,7,7,B,7142,0.5166666666666667,False,5.796304052000778
0,32.50120901054991,1000,0,max_steps,4.47245039100491,1.8525863260001643,astar,False,0,393544,0,8785,1139,0.3022556430005352,0,0.0,0.04057848199954606,0,6,6,B,7143,0.44166666666666665,False,3.9069870830026048
0,33.71246808114853,1000,0,max_steps,5.271533220989883,0.7644535480030754,astar,False,0,352272,0,11899,1546,0.5384616549999919,0,0.0,0.039387890999933006,0,7,7,B,7144,0.4166666666666667,False,2.9119274120057526
0,33.362152335934354,1000,0,max_steps,4.534623744038747,1.1270417779996933,astar,False,0,306005,0,307121,38501,0.5641174680022232,0,0.0,0.5510827990001417,0,4,4,B,7145,0.4,False,3.49850360200071
0,33.78822601287268,1000,0,max_steps,4.3665275105053425,1.0489465329992527,astar,False,0,368245,0,18182,2313,0.47910040200076764,0,0.0,0.07718873699923279,0,5,5,B,7146,0.44166666666666665,False,3.4250754450004024
0,33.426251772444175,1000,0,max_steps,4.791170264142154,0.9716425550032,astar,False,0,260914,0,3517,458,0.11408132599899545,0,0.0,0.02059619300052873,0,5,5,B,7147,0.35833333333333334,False,2.5848603129998082
0,33.75309864006605,1000,0,max_steps,4.4372359076343875,0.8054438250001112,astar,False,0,313656,0,2995,395,0.7793556309989071,0,0.0,0.02592136900057085,0,5,5,B,7148,0.475,False,2.665484621997166
0,32.846259138126975,1000,0,max_steps,6.028188990069899,1.1652448700006062,astar,False,0,317921,0,9013,1133,0.2903679090013611,0,0.0,0.06280962800155976,0,6,6,B,7149,0.35,False,4.576615828998911
0,32.30251492051396,1000,0,max_steps,11.272546850645599,1.1396948669971607,astar,False,0,446112,0,309800,39041,0.5952644819990383,0,0.0,0.5320588489994407,0,6,6,B,7150,0.4666666666666667,False,5.3026857349977945
0,33.7731203133563,1000,0,max_steps,5.197986388977943,1.1372070729994448,astar,False,0,349649,0,2800,365,0.15660269100044388,0,0.0,0.028823014999943553,0,5,5,B,7151,0.425,False,3.1344230260037875
