collision_count,executed_path_length,execution_steps,failed_planner_calls,failure_reason,final_goal_distance,maximum_planning_time_s,planner,planner_backtrack_failed,planner_backtrack_tries,planner_blocked_steps,planner_changed_cells,planner_changed_edges,planner_expanded_nodes,planner_map_update_time_s,planner_max_active_virtual_obstacles,planner_planning_effort,planner_search_time_s,planner_state_reused,planner_updated_vertices,planner_virtual_obstacles_created,planning_calls,replans,scenario,seed,sensed_obstacle_ratio,success,total_planning_time_s
0,38.555886922372515,566,0,,0.465026880943456,1.0572345179989497,dstar_lite,False,0,0,3565,14697,80,0.07833247300004587,0,0.0,0.027107505999083514,True,467,0,4,4,A,5000,0.4375,True,2.0410967579991848
0,39.72001397189443,621,0,,0.475657439761009,3.199413807999008,dstar_lite,False,0,0,1709,7271,1920,0.06437656699927174,0,0.0,0.12117892500100425,True,9059,0,6,6,A,5001,0.325,True,6.799178136998307
0,44.14637543737354,694,0,,0.465026880943456,3.6628895369995007,dstar_lite,False,0,0,3086,13172,721,0.07708101100070053,0,0.0,0.07152952899923548,True,2021,0,7,7,A,5002,0.55,True,7.880249735002508
0,45.870454833410555,728,0,,0.465026880943456,9.628900065999915,dstar_lite,False,0,0,3639,15235,2646,0.12292843900104344,0,0.0,0.18536967000000004,True,10268,0,7,7,A,5003,0.5375,True,14.348615274999247
0,39.662383860321306,597,0,,0.465026880943456,2.3980864599998313,dstar_lite,False,0,0,960,4134,503,0.034035161001156666,0,0.0,0.04726624199975049,True,2272,0,7,7,A,5004,0.5,True,4.748512324002149
0,42.152152334514895,644,0,,0.475657439761009,5.74683809400085,dstar_lite,False,0,0,3649,14970,4436,0.10837903199899301,0,0.0,0.17608911100069236,True,13110,0,5,5,A,5005,0.4875,True,7.70129598800122
0,37.64197240888254,572,0,,0.465026880943456,1.4456267479999951,dstar_lite,False,0,0,1022,4397,367,0.03891128500072227,0,0.0,0.039268036000066786,True,1619,0,7,7,A,5006,0.5375,True,4.0800422789980075
0,40.34095258520011,639,0,,0.465026880943456,4.282881559000089,dstar_lite,False,0,0,1228,5158,1447,0.04009373099870572,0,0.0,0.11425049399986165,True,6208,0,7,7,A,5007,0.425,True,9.62306348400125
0,38.94109553209622,593,0,,0.465026880943456,2.3202282759993977,dstar_lite,False,0,0,670,2826,358,0.03195813999991515,0,0.0,0.03368561700153805,True,1911,0,6,6,A,5008,0.375,True,4.608535106997806
0,37.932368185034655,566,0,,0.465026880943456,1.5143542069999967,dstar_lite,False,0,0,7441,30927,183,0.18629439899996214,0,0.0,0.08464912399904279,True,996,0,4,4,A,5009,0.3875,True,3.460473405999437
0,38.8550637769362,575,0,,0.465026880943456,1.5430729729996528,dstar_lite,False,0,0,4697,19598,3095,0.10464800500085403,0,0.0,0.23081701699993573,True,16817,0,3,3,A,5010,0.3625,True,2.7089779139987513
0,37.59523277768931,552,0,,0.465026880943456,0.6994624150011077,dstar_lite,False,0,0,1951,8325,198,0.06746922300044389,0,0.0,0.03195007700014685,True,991,0,5,5,A,5011,0.3875,True,1.9626568610001414
0,36.471568142230645,551,0,,0.465026880943456,2.815252051999778,dstar_lite,False,0,0,4090,17234,2263,0.09552629700010584,0,0.0,0.13689367799997854,True,8266,0,5,5,A,5012,0.4625,True,4.150544888001605
0,36.28043095097089,535,0,,0.465026880943456,2.1681871470009355,dstar_lite,False,0,0,3875,16244,1685,0.08623200399961206,0,0.0,0.1435098919992015,True,10110,0,4,4,A,5013,0.4375,True,3.0342756980044214
0,37.27815275868358,564,0,,0.465026880943456,1.695655515000908,dstar_lite,False,0,0,2155,9171,477,0.06129904100089334,0,0.0,0.05306566000035673,True,2262,0,6,6,A,5014,0.45,True,3.320580006000455
0,39.50814990869879,589,0,,0.465026880943456,3.266262793000351,dstar_lite,False,0,0,12202,50858,302,0.2654106950012647,0,0.0,0.11335905299893057,True,1123,0,3,3,A,5015,0.3875,True,4.594651077999515
0,35.91507595614957,530,0,,0.465026880943456,1.047369310999784,dstar_lite,False,0,0,2985,12128,797,0.08477038400087622,0,0.0,0.0595706970016181,True,3105,0,5,5,A,5016,0.425,True,2.412233853001453
0,38.8103295763627,592,0,,0.465026880943456,3.7607945569998265,dstar_lite,False,0,0,2242,9652,422,0.05984602399985306,0,0.0,0.05131190999964019,True,2342,0,6,6,A,5017,0.5875,True,5.616391998000836
0,40.62713127427543,616,0,,0.475657439761009,2.968692940999972,dstar_lite,False,0,0,3888,16069,6483,0.09527071399861597,0,0.0,0.36725261399988085,True,29528,0,6,6,A,5018,0.4,True,4.281437591002032
0,39.98465772128351,633,0,,0.475657439761009,2.6477210489993013,dstar_lite,False,0,0,1472,6286,430,0.04101482000078249,0,0.0,0.03527813599976071,True,964,0,6,6,A,5019,0.4875,True,7.470195887997761
0,38.50227361896864,572,0,,0.465026880943456,1.7170023519993265,dstar_lite,False,0,0,2183,9127,725,0.07150023199938005,0,0.0,0.08054265600003419,True,4109,0,5,5,A,5020,0.4125,True,3.4737277680014813
0,37.803538261459146,563,0,,0.465026880943456,3.3941779490014596,dstar_lite,False,0,0,2664,11242,99,0.07214149799983716,0,0.0,0.03953298899978108,True,114,0,6,6,A,5021,0.4625,True,4.181130461001885
0,37.46093956797042,551,0,,0.465026880943456,0.6153652100001636,dstar_lite,False,0,0,18856,77539,1218,0.3408965229991736,0,0.0,0.21115785499932826,True,7057,0,5,5,A,5022,0.475,True,1.9958685970013903
0,37.29315429163322,557,0,,0.465026880943456,2.4195069359993795,dstar_lite,False,0,0,307,1363,116,0.011826604000816587,0,0.0,0.01292913200086332,True,749,0,5,5,A,5023,0.4625,True,3.4245456230000855
0,36.75290110922109,530,0,,0.465026880943456,1.8151680840001063,dstar_lite,False,0,0,21626,89666,573,0.4092832559999806,0,0.0,0.20723692799947457,True,4304,0,2,2,A,5024,0.4125,True,2.43389010500141
0,37.07123990599559,563,0,,0.465026880943456,1.3890333680010372,dstar_lite,False,0,0,4763,20016,2459,0.11417086300025403,0,0.0,0.17997645099967485,True,12127,0,6,6,A,5025,0.4875,True,3.0023812759973225
0,42.24510386456303,659,0,,0.465026880943456,3.167348868000772,dstar_lite,False,0,0,4229,17745,652,0.11062529599985282,0,0.0,0.06443214600039937,True,1481,0,6,6,A,5026,0.5,True,7.742755053999645
0,40.6758614522947,654,0,,0.475657439761009,3.2733223750001343,dstar_lite,False,0,0,4422,18161,7555,0.13613872899986745,0,0.0,0.5052639149998868,True,41418,0,6,6,A,5027,0.45,True,5.324086519000048
0,36.315937551973384,540,0,,0.465026880943456,1.3970019089993002,dstar_lite,False,0,0,5230,21606,807,0.15400143199985905,0,0.0,0.08852549500079476,True,3188,0,6,6,A,5028,0.4,True,2.7262161250037025
0,39.375372241552206,609,0,,0.465026880943456,1.6061170779994427,dstar_lite,False,0,0,509,2208,223,0.028035414999976638,0,0.0,0.01971165299983113,True,568,0,6,6,A,5029,0.5375,True,3.4856096069979685
0,39.63956497963134,598,0,,0.465026880943456,1.1905934179994802,dstar_lite,False,0,0,3629,15120,1202,0.0911469370003033,0,0.0,0.10812424600044324,True,5783,0,8,8,A,5030,0.5375,True,3.3350360180011194
0,37.91370102133471,579,0,,0.465026880943456,2.157862047999515,dstar_lite,False,0,0,154,683,175,0.013475615998686408,0,0.0,0.02350398300040979,True,1031,0,9,9,A,5031,0.45,True,4.408556677000888
0,37.3582113721075,556,0,,0.465026880943456,1.2019090330013569,dstar_lite,False,0,0,815,3471,293,0.03466371400099888,0,0.0,0.038436102999185096,True,1307,0,5,5,A,5032,0.4875,True,3.10621091700159
0,38.1928739818977,590,0,,0.465026880943456,2.3622869820010237,dstar_lite,False,0,0,5767,24204,3521,0.14550840400079323,0,0.0,0.2338843489997089,True,15996,0,6,6,A,5033,0.4875,True,4.5993261669991625
0,39.52816647945982,605,0,,0.465026880943456,2.097128805999091,dstar_lite,False,0,0,6194,25540,5160,0.1190232709996053,0,0.0,0.3389861039995594,True,26069,0,4,4,A,5034,0.5,True,3.571648307995929
0,37.171193746635076,548,0,,0.465026880943456,1.180982245999985,dstar_lite,False,0,0,2239,9431,1682,0.05920228499962832,0,0.0,0.10804936100066698,True,7343,0,5,5,A,5035,0.4375,True,2.0633529600017937
0,37.93337293321136,591,0,,0.475657439761009,1.7686992950002605,dstar_lite,False,0,0,2667,11222,946,0.06596218800041243,0,0.0,0.07394126600047457,True,4603,0,8,8,A,5036,0.525,True,4.192663993997485
0,38.534421044576554,588,0,,0.465026880943456,4.9215559600015695,dstar_lite,False,0,0,2530,10728,80,0.0634168270007649,0,0.0,0.029558337999333162,True,500,0,6,6,A,5037,0.4875,True,7.689092886002982
0,37.1526096352429,566,0,,0.475657439761009,4.8610434729998815,dstar_lite,False,0,0,5947,24877,3029,0.11763995199908095,0,0.0,0.17867247100002714,True,11469,0,4,4,A,5038,0.3375,True,5.454159717999573
0,44.66784100055587,717,0,,0.475657439761009,2.12261163400035,dstar_lite,False,0,0,1923,8022,23529,0.06017629699999816,0,0.0,2.059011878000092,True,184172,0,7,7,A,5039,0.5,True,5.819346858001154
0,38.38729997152826,575,0,,0.465026880943456,2.210390494001331,dstar_lite,False,0,0,2828,12104,333,0.08615682299932814,0,0.0,0.044356422000419116,True,827,0,5,5,A,5040,0.475,True,3.615033461001076
0,39.166068578542216,581,0,,0.465026880943456,0.9191563619988301,dstar_lite,False,0,0,4661,19437,5846,0.08053560100051982,0,0.0,0.43331428700003016,True,37325,0,4,4,A,5041,0.375,True,2.2472504889974516
0,38.33992616808339,578,0,,0.465026880943456,1.6710579840000719,dstar_lite,False,0,0,1751,7398,174,0.05911608200040064,0,0.0,0.03740490800009866,True,317,0,5,5,A,5042,0.3875,True,4.2083562659991
0,41.53121901231045,639,0,,0.465026880943456,4.645809711999391,dstar_lite,False,0,0,4222,17778,3090,0.11107426600028703,0,0.0,0.1753818830002274,True,11385,0,7,7,A,5043,0.5,True,8.723260954999205
0,37.83123709244976,571,0,,0.465026880943456,2.2343619510011195,dstar_lite,False,0,0,21326,88034,1646,0.37413414799993916,0,0.0,0.27460247599992726,True,10156,0,4,4,A,5044,0.4125,True,4.351440877000641
0,39.42903532043385,592,0,,0.465026880943456,3.9021734220004873,dstar_lite,False,0,0,695,3064,228,0.03519704900099896,0,0.0,0.027443335000498337,True,504,0,6,6,A,5045,0.4125,True,4.947266456998477
0,40.193820538337825,615,0,,0.465026880943456,2.8717050659997767,dstar_lite,False,0,0,2169,9246,200,0.07895428600022569,0,0.0,0.05022386900054698,True,476,0,6,6,A,5046,0.4,True,5.189829013997951
0,38.07375851304799,567,0,,0.4962358310319797,2.6357775239994226,dstar_lite,False,0,0,1776,7548,259,0.044939702998817666,0,0.0,0.033474734000265016,True,1416,0,6,6,A,5047,0.4375,True,3.794827865996922
0,38.808758129918125,583,0,,0.465026880943456,2.1911826039995503,dstar_lite,False,0,0,4397,18514,17118,0.11121673900015594,0,0.0,1.4380884260008315,True,127661,0,4,4,A,5048,0.5125,True,4.8308857109987
0,39.757143881180234,591,0,,0.465026880943456,1.3934532429993851,dstar_lite,False,0,0,423,1804,386,0.03362536700115015,0,0.0,0.033898051999130985,True,1999,0,8,8,A,5049,0.4875,True,2.7678475770007935
0,37.49206701791446,552,0,,0.465026880943456,1.4374578209990432,dstar_lite,False,0,0,9000,37497,1790,0.16543566399923293,0,0.0,0.13976131300114503,True,6847,0,4,4,A,5050,0.4875,True,2.7427572380001948
0,41.678883554704925,643,0,,0.475657439761009,4.3990703289982775,dstar_lite,False,0,0,453,1944,466,0.020673986000474542,0,0.0,0.03424478499982797,True,2224,0,4,4,A,5051,0.4125,True,6.266516183997737
0,37.356767031790504,570,0,,0.465026880943456,3.0031540430009045,dstar_lite,False,0,0,1537,6622,872,0.05236868300016795,0,0.0,0.07972028400035924,True,3673,0,6,6,A,5052,0.5625,True,5.079408721001528
0,39.18502297036369,599,0,,0.475657439761009,4.41264822499943,dstar_lite,False,0,0,6034,25067,1314,0.13579436700092629,0,0.0,0.08622595700035163,True,2136,0,4,4,A,5053,0.4,True,5.711796646997755
0,40.817116064812524,660,0,,0.475657439761009,2.4227054610000778,dstar_lite,False,0,0,1359,5706,3177,0.0678718340004707,0,0.0,0.28756657499980065,True,23296,0,8,8,A,5054,0.4375,True,5.033287530002781
0,38.192472728022736,578,0,,0.475657439761009,3.883563289999074,dstar_lite,False,0,0,13212,54877,494,0.3053866509999352,0,0.0,0.14487895099955495,True,1703,0,3,3,A,5055,0.4125,True,6.790451266997479
0,38.88421095879567,592,0,,0.465026880943456,0.9800415350000549,dstar_lite,False,0,0,6424,26416,3802,0.14796741700047278,0,0.0,0.23044923599991307,True,16270,0,7,7,A,5056,0.3625,True,2.9912157299986575
0,42.240192848350326,654,0,,0.465026880943456,4.249755539000034,dstar_lite,False,0,0,380,1670,97,0.019809625000561937,0,0.0,0.01944145900051808,True,112,0,10,10,A,5057,0.475,True,7.399388092999288
0,40.624799571539484,630,0,,0.475657439761009,4.127326800000446,dstar_lite,False,0,0,896,3836,444,0.12920679899980314,0,0.0,0.03611583900055848,True,1347,0,4,4,A,5058,0.4125,True,7.721423288998267
0,38.88031249123493,620,0,,0.475657439761009,1.6570366300002206,dstar_lite,False,0,0,1022,4388,587,0.03399288000036904,0,0.0,0.03582129300048109,True,2075,0,7,7,A,5059,0.3625,True,4.8915194399996835
0,41.655743341025214,653,0,,0.475657439761009,3.0554915010015975,dstar_lite,False,0,0,1132,4689,2185,0.04770695600018371,0,0.0,0.1412567300012597,True,11744,0,7,7,A,5060,0.4625,True,5.526150057999985
0,38.382132351328764,588,0,,0.475657439761009,3.5612008959997183,dstar_lite,False,0,0,16285,67427,8469,0.3625132519991894,0,0.0,0.7591958020002494,True,58872,0,3,3,A,5061,0.4125,True,4.994414020999102
0,35.90055320740574,516,0,,0.465026880943456,0.6650304770009825,dstar_lite,False,0,0,17124,71368,2464,0.33338914699925226,0,0.0,0.32932115599942335,True,18600,0,2,2,A,5062,0.425,True,1.007926143000077
0,39.264442516302154,608,0,,0.475657439761009,3.9741826549998223,dstar_lite,False,0,0,3487,14619,1124,0.07670447300006344,0,0.0,0.10384811899893975,True,7010,0,3,3,A,5063,0.375,True,6.36969216199941
0,39.36338430774306,595,0,,0.475657439761009,3.122910606000005,dstar_lite,False,0,0,5830,24109,12873,0.14033437699981732,0,0.0,1.0256785299989133,True,88714,0,4,4,A,5064,0.3625,True,4.9138531670014345
0,37.532867636885854,563,0,,0.4962358310319797,2.855109476000507,dstar_lite,False,0,0,552,2341,59,0.03814423099902342,0,0.0,0.021316975999070564,True,59,0,5,5,A,5065,0.4625,True,4.499931566997475
0,37.222932073795256,549,0,,0.465026880943456,1.3263059640012216,dstar_lite,False,0,0,10405,43115,1596,0.22553648300163331,0,0.0,0.1600458470002195,True,7378,0,4,4,A,5066,0.4375,True,2.5004209000017
0,36.256736367438684,545,0,,0.465026880943456,0.8589800860008836,dstar_lite,False,0,0,4871,20256,532,0.11835862900079519,0,0.0,0.07229854199977126,True,2367,0,6,6,A,5067,0.4375,True,2.4846109810005146
0,39.35030409266696,609,0,,0.475657439761009,3.3307137209994835,dstar_lite,False,0,0,7335,30008,2241,0.16236654100066517,0,0.0,0.11774481300017214,True,6598,0,4,4,A,5068,0.55,True,5.675508614998762
0,40.59342228964189,626,0,,0.475657439761009,7.283893607998834,dstar_lite,False,0,0,3167,13228,1547,0.13002253400009067,0,0.0,0.10881426000014471,True,7863,0,3,3,A,5069,0.3625,True,9.310759025998777
0,46.53408307617825,734,0,,0.47565743976100916,2.295994307000001,dstar_lite,False,0,0,2171,8848,20375,0.07321487900117063,0,0.0,1.6270305899997766,True,148009,0,5,5,A,5070,0.5375,True,6.542746187000375
0,38.50197828855392,573,0,,0.465026880943456,1.7657327850010915,dstar_lite,False,0,0,4983,20982,120,0.09313733599992702,0,0.0,0.06198959900029877,True,793,0,6,6,A,5071,0.3625,True,3.925503099004345
0,37.70062494043288,579,0,,0.465026880943456,5.379442385999937,dstar_lite,False,0,0,5214,21578,3061,0.09647628400125541,0,0.0,0.2171181619996787,True,14181,0,7,7,A,5072,0.475,True,6.413741577998735
0,41.28745311360329,643,0,,0.475657439761009,3.3935073829998146,dstar_lite,False,0,0,931,3944,22,0.0427483339990431,0,0.0,0.02631941000072402,True,146,0,6,6,A,5073,0.575,True,5.910328919999301
0,40.23762163736522,635,0,,0.475657439761009,2.025928910001312,dstar_lite,False,0,0,5058,20864,380,0.14259609500004444,0,0.0,0.06970467000064673,True,1265,0,6,6,A,5074,0.575,True,5.874068739005452
0,39.16957041535122,600,0,,0.475657439761009,3.248913392999384,dstar_lite,False,0,0,4166,17520,2351,0.08723099700000603,0,0.0,0.1419659130006039,True,8784,0,5,5,A,5075,0.4625,True,5.708519636998972
0,36.063229615929906,534,0,,0.465026880943456,0.9180980889996135,dstar_lite,False,0,0,1771,7526,18,0.05592488700131071,0,0.0,0.030391121999855386,True,18,0,8,8,A,5076,0.475,True,2.1885290309965058
0,41.0262083740853,639,0,,0.475657439761009,6.317625494999447,dstar_lite,False,0,0,17581,72526,70036,0.3066414260010788,0,0.0,6.005439919999844,True,541428,0,2,2,A,5077,0.4375,True,9.367536173998815
0,40.888993703550796,644,0,,0.475657439761009,3.7793498020000698,dstar_lite,False,0,0,6551,26916,16026,0.14707294899926637,0,0.0,1.1522697700002027,True,100717,0,7,7,A,5078,0.4,True,7.133758062998822
0,37.82073940804484,572,0,,0.465026880943456,1.3180393079983332,dstar_lite,False,0,0,839,3567,786,0.053370849000202725,0,0.0,0.06311052899945935,True,3755,0,8,8,A,5079,0.4875,True,2.9393442300006427
0,39.82548116425672,614,0,,0.465026880943456,1.3371108249993995,dstar_lite,False,0,0,2811,11925,475,0.07135014300001785,0,0.0,0.06338835899987316,True,2626,0,8,8,A,5080,0.525,True,3.8570739819988376
0,42.0474126109568,652,0,,0.475657439761009,3.9300090710003133,dstar_lite,False,0,0,7863,32341,44833,0.2233198750000156,0,0.0,3.702320238999164,True,333210,0,4,4,A,5081,0.425,True,8.983530554000026
0,37.893385625200374,571,0,,0.465026880943456,2.1841640469992853,dstar_lite,False,0,0,772,3299,1096,0.0352711140003521,0,0.0,0.08792595500017342,True,5714,0,5,5,A,5082,0.5,True,3.6079227499994886
0,37.46689382742867,565,0,,0.465026880943456,2.020336921999842,dstar_lite,False,0,0,1219,5193,1288,0.03827295700102695,0,0.0,0.09063105300083407,True,6672,0,7,7,A,5083,0.375,True,3.2769706300005055
0,37.092802618083404,548,0,,0.465026880943456,2.2511086560007243,dstar_lite,False,0,0,14839,61130,2328,0.24859168700095324,0,0.0,0.2243482199992286,True,11795,0,3,3,A,5084,0.4375,True,3.2114539750018594
0,39.57440484567265,595,0,,0.4596194077712549,1.1782663140002114,dstar_lite,False,0,0,1866,7865,322,0.06059048899987829,0,0.0,0.02632920600080979,True,560,0,8,8,A,5085,0.4875,True,2.9023300829994696
0,44.41596308623524,682,0,,0.475657439761009,4.852348111999163,dstar_lite,False,0,0,564,2334,17664,0.0643575089998194,0,0.0,1.488467627999853,True,133726,0,5,5,A,5086,0.5625,True,8.72179482699903
0,39.755949314931875,596,0,,0.465026880943456,3.642773264000425,dstar_lite,False,0,0,3658,15341,1071,0.07075865700062423,0,0.0,0.08241077800084895,True,3483,0,5,5,A,5087,0.4125,True,5.004474904000745
0,43.153365412507256,672,0,,0.475657439761009,1.97797214899947,dstar_lite,False,0,0,3475,14299,22531,0.08261319800112688,0,0.0,1.8923642549998476,True,173260,0,4,4,A,5088,0.425,True,5.5835547229980875
0,38.41436072962214,564,0,,0.465026880943456,0.6799999790000584,dstar_lite,False,0,0,1557,6617,699,0.04450452599849086,0,0.0,0.045497233999412856,True,2045,0,7,7,A,5089,0.4375,True,1.96723889399982
0,38.49466805936737,558,0,,0.4596194077712549,0.9508644500001537,dstar_lite,False,0,0,5138,21150,94,0.13384850600050413,0,0.0,0.032946551000350155,True,372,0,4,4,A,5090,0.45,True,1.6637643660014874
0,38.727071112047206,576,0,,0.465026880943456,1.128638834999947,dstar_lite,False,0,0,584,2484,291,0.023082903999238624,0,0.0,0.04005786000016087,True,1534,0,7,7,A,5091,0.4875,True,3.0358765559976746
0,38.27025536694334,566,0,,0.465026880943456,1.6778038869997545,dstar_lite,False,0,0,4094,17287,972,0.0831392930012953,0,0.0,0.10115284899984545,True,6033,0,4,4,A,5092,0.3875,True,2.687896326000555
0,38.5927376476124,581,0,,0.465026880943456,3.1130002989993955,dstar_lite,False,0,0,10743,44453,557,0.22685971800092375,0,0.0,0.10647407900069084,True,2383,0,5,5,A,5093,0.475,True,4.908942476002267
0,39.044005373926076,599,0,,0.465026880943456,2.8153537979997054,dstar_lite,False,0,0,10302,42866,568,0.22782233599900792,0,0.0,0.12030496599982143,True,2467,0,4,4,A,5094,0.5,True,5.905583599000238
0,38.400513499361246,581,0,,0.465026880943456,4.7495857539997814,dstar_lite,False,0,0,8899,36220,2123,0.1823575719990913,0,0.0,0.1418007590000343,True,6404,0,4,4,A,5095,0.375,True,6.268654036000953
0,37.4241246906551,575,0,,0.465026880943456,1.8144977640004072,dstar_lite,False,0,0,1219,5260,48,0.06698954899911769,0,0.0,0.02708776500003296,True,48,0,6,6,A,5096,0.525,True,3.9518551390028733
0,37.65466599982403,566,0,,0.475657439761009,1.7313443969997024,dstar_lite,False,0,0,11736,47905,16917,0.2547784730013518,0,0.0,1.472882178000873,True,123821,0,4,4,A,5097,0.425,True,3.3785163030006515
0,39.634498708593846,617,0,,0.465026880943456,3.0071207270011655,dstar_lite,False,0,0,879,3790,395,0.03702304000034928,0,0.0,0.04135164900071686,True,1823,0,8,8,A,5098,0.45,True,6.792814721002287
0,40.730149737100106,617,0,,0.475657439761009,3.8659211289996165,dstar_lite,False,0,0,6339,26252,42525,0.15111032399909163,0,0.0,3.7093759959989256,True,331479,0,4,4,A,5099,0.575,True,7.785661683999933
0,39.27723770334469,591,0,,0.465026880943456,8.583444818999851,dstar_lite,False,0,0,1724,7292,248,0.09923527700084378,0,0.0,0.04761679799958074,True,966,0,6,6,A,5100,0.5625,True,9.58712457099864
0,37.84843547639801,574,0,,0.475657439761009,3.1750025389992516,dstar_lite,False,0,0,3583,15004,4664,0.10845254599917098,0,0.0,0.3302645330004452,True,26020,0,5,5,A,5101,0.4625,True,4.844730234999588
0,37.96094659457274,574,0,,0.465026880943456,4.964434879999317,dstar_lite,False,0,0,2264,9608,697,0.05486026799917454,0,0.0,0.06520253700000467,True,3149,0,5,5,A,5102,0.375,True,6.572935111000334
0,37.972498037253125,578,0,,0.465026880943456,3.9609862259985675,dstar_lite,False,0,0,2022,8581,166,0.07756134400005976,0,0.0,0.045894249000411946,True,1065,0,7,7,A,5103,0.475,True,6.541754921996471
0,36.47592534006652,537,0,,0.465026880943456,1.5127390210000158,dstar_lite,False,0,0,8153,33757,2045,0.1758338260005985,0,0.0,0.19819251199987775,True,12068,0,4,4,A,5104,0.425,True,2.720271348998722
0,39.18444762582352,604,0,,0.475657439761009,3.328217352000138,dstar_lite,False,0,0,5675,23415,11708,0.12125631799972325,0,0.0,0.9146926369994617,True,78699,0,4,4,A,5105,0.475,True,6.088519618000646
0,37.587858588954454,558,0,,0.465026880943456,3.8060203730001376,dstar_lite,False,0,0,4253,17770,303,0.11455199200099742,0,0.0,0.05610859599983087,True,1149,0,4,4,A,5106,0.45,True,5.049164257001394
0,38.69347432828758,587,0,,0.475657439761009,1.5327729290002026,dstar_lite,False,0,0,5972,24693,7770,0.1058261299986043,0,0.0,0.5102286759993149,True,42064,0,4,4,A,5107,0.4125,True,2.3569021389994305
0,39.90628914456145,616,0,,0.465026880943456,2.551364585999181,dstar_lite,False,0,0,1469,6096,941,0.07014108899966232,0,0.0,0.05703079399972921,True,3055,0,5,5,A,5108,0.3375,True,5.290968483997858
0,40.484136590335595,617,0,,0.4596194077712549,5.534876409999924,dstar_lite,False,0,0,5519,22842,1128,0.14567677499871934,0,0.0,0.11318867800036969,True,3658,0,5,5,A,5109,0.5375,True,8.548483996999494
0,36.33327696467094,545,0,,0.465026880943456,2.080362131999209,dstar_lite,False,0,0,4077,17159,572,0.10080698999991,0,0.0,0.07077136199950473,True,2643,0,5,5,A,5110,0.4375,True,3.838468047997594
0,40.452836079933284,623,0,,0.465026880943456,7.735467619999326,dstar_lite,False,0,0,7727,31769,2198,0.1349400940016494,0,0.0,0.12016227099957177,True,5455,0,3,3,A,5111,0.3625,True,11.372069380999164
0,40.04237519143361,634,0,,0.475657439761009,2.8990027260006173,dstar_lite,False,0,0,1726,7251,536,0.05341335499906563,0,0.0,0.04344311199929507,True,1370,0,8,8,A,5112,0.4625,True,5.602703565000411
0,38.59999301601125,568,0,,0.465026880943456,1.797342199999548,dstar_lite,False,0,0,3562,15111,3431,0.08164136000050348,0,0.0,0.2920531649997429,True,23902,0,5,5,A,5113,0.4375,True,2.8928212379996694
0,38.734576445170255,577,0,,0.465026880943456,3.0774988280008984,dstar_lite,False,0,0,15275,63480,4623,0.29014803000063694,0,0.0,0.4599637540013646,True,32001,0,3,3,A,5114,0.4,True,4.309877941001105
0,38.483953029451186,596,0,,0.475657439761009,2.906511152999883,dstar_lite,False,0,0,3786,15653,32798,0.09743121999963478,0,0.0,2.8047443830000702,True,254406,0,4,4,A,5115,0.5125,True,4.9160852230015735
0,43.1809187513396,681,0,,0.465026880943456,5.162007562999861,dstar_lite,False,0,0,3578,15126,1256,0.1259723559996928,0,0.0,0.10140777600099682,True,4723,0,8,8,A,5116,0.5125,True,11.023105528001906
0,37.46089011468206,571,0,,0.475657439761009,1.3394748230002733,dstar_lite,False,0,0,8547,35033,8772,0.14237660999970103,0,0.0,0.5978393940004025,True,47867,0,5,5,A,5117,0.4625,True,3.5531773840011738
0,37.53567399751329,580,0,,0.465026880943456,3.5448058469992247,dstar_lite,False,0,0,1110,4691,165,0.0376245019997441,0,0.0,0.03449750700019649,True,944,0,8,8,A,5118,0.4375,True,4.957373004997862
0,40.58199679823093,626,0,,0.475657439761009,1.639755348998733,dstar_lite,False,0,0,7445,30457,5938,0.14838841700111516,0,0.0,0.348309146000247,True,27213,0,5,5,A,5119,0.45,True,4.176741087996561
0,40.208849754062044,629,0,,0.475657439761009,1.8720204909986933,dstar_lite,False,0,0,2680,10960,3402,0.05858380099925853,0,0.0,0.14095868000003975,True,9961,0,6,6,A,5120,0.475,True,5.76492977900125
0,39.127796122890665,597,0,,0.465026880943456,1.4159646470016014,dstar_lite,False,0,0,1318,5423,85,0.03960917999938829,0,0.0,0.022845841998787364,True,506,0,8,8,A,5121,0.425,True,4.09561662300257
0,39.794378391780164,608,0,,0.465026880943456,2.17313397199905,dstar_lite,False,0,0,7638,31735,3886,0.15085707399884996,0,0.0,0.33062414300002274,True,23364,0,6,6,A,5122,0.45,True,3.984863679997943
0,37.227794736804405,564,0,,0.465026880943456,1.5388918179996836,dstar_lite,False,0,0,3720,15433,2049,0.11836358800064772,0,0.0,0.123560379999617,True,7335,0,5,5,A,5123,0.5875,True,3.342395197998485
0,37.988974549123974,586,0,,0.465026880943456,2.5056507109984523,dstar_lite,False,0,0,863,3726,1374,0.03549034900061088,0,0.0,0.10344740999971691,True,7517,0,7,7,A,5124,0.4375,True,4.326532488001249
0,38.27773535038791,586,0,,0.465026880943456,1.5044917710001755,dstar_lite,False,0,0,12651,52269,15453,0.2496622969993041,0,0.0,1.2179829870001413,True,102518,0,4,4,A,5125,0.475,True,4.415772338001261
0,37.904514829566985,547,0,,0.465026880943456,1.3829544790005457,dstar_lite,False,0,0,3154,13250,877,0.06119874300020456,0,0.0,0.09567507099927752,True,6147,0,3,3,A,5126,0.2875,True,1.7562832630010234
0,38.869273263706795,597,0,,0.465026880943456,1.4521834129991475,dstar_lite,False,0,0,4533,18737,3132,0.08238784900095197,0,0.0,0.24050327400073002,True,18712,0,7,7,A,5127,0.425,True,3.401898913001787
0,37.73544530187497,571,0,,0.465026880943456,3.054457108000861,dstar_lite,False,0,0,3452,14506,278,0.06893740199848253,0,0.0,0.053494219999265624,True,1498,0,5,5,A,5128,0.375,True,4.85905338700104
0,37.69684705361889,582,0,,0.465026880943456,1.1125012619995687,dstar_lite,False,0,0,1447,6131,373,0.051380574999711826,0,0.0,0.03455847400073253,True,1546,0,7,7,A,5129,0.525,True,3.0596911759967043
0,38.39737580731575,583,0,,0.465026880943456,4.97643571899971,dstar_lite,False,0,0,2009,8542,1245,0.07500224700015679,0,0.0,0.12145544899976812,True,7624,0,6,6,A,5130,0.5125,True,6.497906216998672
0,39.33917345906034,619,0,,0.465026880943456,4.59880246099965,dstar_lite,False,0,0,1371,5781,520,0.0439955319998262,0,0.0,0.0589288339997438,True,3102,0,8,8,A,5131,0.5,True,6.721536794999338
0,42.29513655620923,652,0,,0.475657439761009,3.986221758999818,dstar_lite,False,0,0,5560,22845,7925,0.11794688900045003,0,0.0,0.3705574239993439,True,29453,0,3,3,A,5132,0.5,True,4.571437651000451
0,42.13952359282115,681,0,,0.475657439761009,3.4325036840000394,dstar_lite,False,0,0,1832,7613,12008,0.05941522799912491,0,0.0,1.0094076119985402,True,91214,0,6,6,A,5133,0.475,True,8.148698885001068
0,36.51742111295352,537,0,,0.465026880943456,1.3391619699996227,dstar_lite,False,0,0,5747,23686,2076,0.12381181900127558,0,0.0,0.12466133199995966,True,7236,0,5,5,A,5134,0.4125,True,2.2638019629994233
0,40.05928222949778,619,0,,0.475657439761009,4.853312121000272,dstar_lite,False,0,0,6842,28280,1951,0.20951794800021162,0,0.0,0.12013393800043559,True,5950,0,5,5,A,5135,0.4875,True,6.376094432996979
0,36.296363734016886,526,0,,0.465026880943456,0.7772281790003035,dstar_lite,False,0,0,15772,64952,3040,0.3354869550003059,0,0.0,0.30723571199996513,True,17952,0,3,3,A,5136,0.4375,True,1.511013732999345
0,36.10304277121542,533,0,,0.465026880943456,1.3630000470002415,dstar_lite,False,0,0,3925,16264,440,0.09243644000162021,0,0.0,0.05640605699954904,True,2011,0,4,4,A,5137,0.4125,True,2.382527547000791
0,41.05944176215978,648,0,,0.475657439761009,9.22796623800059,dstar_lite,False,0,0,3374,14079,542,0.07367154900020978,0,0.0,0.05942752999908407,True,1252,0,6,6,A,5138,0.325,True,10.708380277999822
0,43.418786114801264,674,0,,0.475657439761009,8.927103706000707,dstar_lite,False,0,0,3883,16074,880,0.06859497999903397,0,0.0,0.06518145799964259,True,3475,0,4,4,A,5139,0.3,True,13.068449045002126
0,38.45755893246952,584,0,,0.465026880943456,2.0757779409996147,dstar_lite,False,0,0,816,3530,829,0.032706411999242846,0,0.0,0.09234294599991699,True,4760,0,5,5,A,5140,0.4625,True,4.239726216001145
0,40.55774729064157,630,0,,0.475657439761009,6.985939267000504,dstar_lite,False,0,0,3347,13889,2399,0.07098451999991084,0,0.0,0.07657799600019644,True,4466,0,5,5,A,5141,0.3875,True,11.292504327999268
0,37.81620491026065,560,0,,0.4596194077712549,1.92984155799968,dstar_lite,False,0,0,1230,5300,407,0.04500477600049635,0,0.0,0.03510470900073415,True,982,0,4,4,A,5142,0.4,True,3.472265962001984
0,39.50911646400474,625,0,,0.465026880943456,2.1139783530015848,dstar_lite,False,0,0,1966,8197,2446,0.0706191770004807,0,0.0,0.1437492659988493,True,9883,0,5,5,A,5143,0.5,True,5.356267854001999
0,39.33928253285104,603,0,,0.465026880943456,1.9555366229997162,dstar_lite,False,0,0,3720,15451,5720,0.08689126100034628,0,0.0,0.3485889000003226,True,28791,0,5,5,A,5144,0.5625,True,3.959345442997801
0,37.38809955888812,567,0,,0.465026880943456,3.0785036500001297,dstar_lite,False,0,0,2476,10580,1555,0.05866406899986032,0,0.0,0.15211187199929554,True,11394,0,7,7,A,5145,0.425,True,4.657686739996279
0,37.630121662729465,575,0,,0.475657439761009,5.9573208290003095,dstar_lite,False,0,0,744,3179,383,0.036650250000093365,0,0.0,0.03315417599878856,True,1947,0,5,5,A,5146,0.3625,True,7.021970873998725
0,37.655558136658165,574,0,,0.465026880943456,2.8535250929999165,dstar_lite,False,0,0,9702,40538,914,0.19536728099956235,0,0.0,0.10582642000008491,True,2157,0,5,5,A,5147,0.4625,True,6.2268773060022795
0,38.043339861053106,565,0,,0.465026880943456,1.1017681440007436,dstar_lite,False,0,0,611,2668,252,0.0340868639996188,0,0.0,0.030311726000945782,True,1401,0,6,6,A,5148,0.475,True,2.957109794999269
0,38.761590860671724,586,0,,0.465026880943456,3.95879333800076,dstar_lite,False,0,0,2043,8585,117,0.06739724299950467,0,0.0,0.033678535000944976,True,647,0,7,7,A,5149,0.4,True,5.841106032998141
0,36.007793001918934,529,0,,0.465026880943456,0.55297334900024,dstar_lite,False,0,0,6720,28114,4448,0.1323721070002648,0,0.0,0.39798571199935395,True,31766,0,4,4,A,5150,0.4125,True,1.6578804000000673
0,39.82397605122604,600,0,,0.475657439761009,1.1434221279996564,dstar_lite,False,0,0,3704,15335,2510,0.08186099100021238,0,0.0,0.16058498000165855,True,10663,0,5,5,A,5151,0.525,True,2.926719625997066
0,38.97100379624165,601,0,,0.475657439761009,1.200593158000629,dstar_lite,False,0,0,3391,14041,4162,0.12750523400063685,0,0.0,0.2682032930006244,True,21258,0,6,6,A,5152,0.4875,True,3.585219557000528
0,40.152771595896766,599,0,,0.475657439761009,2.327675382999587,dstar_lite,False,0,0,21728,89674,21129,0.4274009439996007,0,0.0,1.8968859420001536,True,156439,0,2,2,A,5153,0.4875,True,4.4186010229987005
0,38.34013940835312,570,0,,0.465026880943456,0.9182714419985132,dstar_lite,False,0,0,390,1672,29,0.02986972100006824,0,0.0,0.013571960998888244,True,29,0,6,6,A,5154,0.4375,True,2.813766448998649
0,37.13309686686622,558,0,,0.465026880943456,0.8357698319996416,dstar_lite,False,0,0,2901,12197,2684,0.06357691999983217,0,0.0,0.18423292499937816,True,13713,0,6,6,A,5155,0.5,True,3.131640024997978
0,38.96152686669213,587,0,,0.465026880943456,1.3388799679996737,dstar_lite,False,0,0,568,2453,140,0.026404460999401635,0,0.0,0.02221526499852189,True,171,0,8,8,A,5156,0.475,True,3.4919489469994005
0,38.619860550833174,569,0,,0.465026880943456,1.3043931789998169,dstar_lite,False,0,0,7411,30470,5050,0.15275416199983738,0,0.0,0.4148305420003453,True,33854,0,3,3,A,5157,0.375,True,2.4338476109987823
0,36.88945465691709,559,0,,0.465026880943456,2.1055553940004756,dstar_lite,False,0,0,3281,13717,1592,0.0888113639994117,0,0.0,0.1355486389984435,True,9269,0,7,7,A,5158,0.5375,True,4.020029652998346
0,38.745447641103304,577,0,,0.465026880943456,2.3945520500001294,dstar_lite,False,0,0,10308,42607,250,0.22880690800047887,0,0.0,0.09536770500017155,True,1430,0,5,5,A,5159,0.4375,True,4.160163353000826
0,37.37259752532618,550,0,,0.465026880943456,1.6317445969998516,dstar_lite,False,0,0,3616,14995,492,0.07654639099928318,0,0.0,0.042734157999802846,True,1935,0,5,5,A,5160,0.4625,True,3.0287425449969305
0,40.17919628789742,605,0,,0.465026880943456,6.8957566839999345,dstar_lite,False,0,0,2031,8461,486,0.05990610300068511,0,0.0,0.03779962899898237,True,1000,0,7,7,A,5161,0.4,True,7.752090798998324
0,39.87488123968051,592,0,,0.465026880943456,3.2196204060001037,dstar_lite,False,0,0,4243,17683,6045,0.10269519899884472,0,0.0,0.44559678999939933,True,36361,0,5,5,A,5162,0.3375,True,4.083953611998368
0,38.199053868665395,562,0,,0.465026880943456,0.9604554699999426,dstar_lite,False,0,0,5033,21042,4994,0.10200619700117386,0,0.0,0.4411034619988641,True,36705,0,6,6,A,5163,0.4,True,2.1362512280011288
0,35.91266414179558,535,0,,0.465026880943456,0.7692393520010228,dstar_lite,False,0,0,3693,15507,127,0.08159954599977937,0,0.0,0.030618798000432434,True,258,0,5,5,A,5164,0.3125,True,2.4502692830028536
0,39.25191395169597,601,0,,0.475657439761009,1.731645211999421,dstar_lite,False,0,0,8418,35294,3072,0.17586610000034852,0,0.0,0.23299600000063947,True,13871,0,5,5,A,5165,0.4375,True,3.997928716000388
0,38.24103999576147,601,0,,0.475657439761009,3.442020839000179,dstar_lite,False,0,0,759,3091,684,0.07462249499985774,0,0.0,0.07857501199941908,True,4653,0,6,6,A,5166,0.475,True,6.041745817001356
0,39.34387248933847,613,0,,0.465026880943456,1.9651845030002733,dstar_lite,False,0,0,1576,6651,585,0.05428704599944467,0,0.0,0.049319331999868155,True,2851,0,9,9,A,5167,0.425,True,4.63919055399856
0,37.68832381665022,565,0,,0.465026880943456,2.9112259190005716,dstar_lite,False,0,0,1799,7618,439,0.07329040900003747,0,0.0,0.06793753999954788,True,2905,0,5,5,A,5168,0.4875,True,4.592458092000015
0,37.50526260780719,541,0,,0.465026880943456,0.5080923740006256,dstar_lite,False,0,0,3899,16365,14,0.08275163500002236,0,0.0,0.03059872800076846,True,14,0,4,4,A,5169,0.3625,True,1.5205165340012172
0,38.737288168411744,590,0,,0.465026880943456,3.928043976000481,dstar_lite,False,0,0,3022,12729,502,0.09998371599976963,0,0.0,0.05297403800068423,True,1100,0,6,6,A,5170,0.4625,True,5.987717578003867
0,42.4254038765892,654,0,,0.475657439761009,11.89591509499951,dstar_lite,False,0,0,9336,39529,1482,0.19366141700083972,0,0.0,0.22237461300028372,True,8463,0,4,4,A,5171,0.4125,True,13.784158681997724
0,41.621969056236566,678,0,,0.47565743976100916,2.5394769060003455,dstar_lite,False,0,0,3184,13143,8256,0.07303411700013385,0,0.0,0.6700684110001021,True,57670,0,6,6,A,5172,0.5125,True,6.955538116000753
0,41.38541196421264,653,0,,0.465026880943456,5.861322216998815,dstar_lite,False,0,0,1453,6219,1740,0.04679344900068827,0,0.0,0.11141636499996821,True,7280,0,8,8,A,5173,0.525,True,11.690319801000442
0,42.21392659614768,659,0,,0.465026880943456,3.0325554289993306,dstar_lite,False,0,0,6452,26906,4912,0.14050763900013408,0,0.0,0.3315350699995179,True,25414,0,6,6,A,5174,0.5125,True,7.230633304998264
0,37.55160771820416,539,0,,0.465026880943456,0.6774399780006206,dstar_lite,False,0,0,1276,5437,2,0.04924690200095938,0,0.0,0.016765865999332163,True,2,0,5,5,A,5175,0.475,True,1.7091870860003837
0,40.624651402958065,624,0,,0.475657439761009,2.438703544999953,dstar_lite,False,0,0,12845,52878,25514,0.26267427200036764,0,0.0,2.1729843789998995,True,183961,0,7,7,A,5176,0.4875,True,6.739938660999542
0,39.022884596821946,573,0,,0.465026880943456,3.67848302800121,dstar_lite,False,0,0,4997,21203,2110,0.10117514400008076,0,0.0,0.19733745499979705,True,14029,0,4,4,A,5177,0.3875,True,4.391377066000132
0,37.96784218910168,576,0,,0.465026880943456,2.8813869949990476,dstar_lite,False,0,0,13158,54329,1269,0.25134955199973774,0,0.0,0.11972548499943514,True,2852,0,3,3,A,5178,0.475,True,5.227200573997834
0,37.96648389794494,559,0,,0.465026880943456,1.1417666929992265,dstar_lite,False,0,0,4607,18838,144,0.10369930299930274,0,0.0,0.040345776000322076,True,664,0,5,5,A,5179,0.375,True,2.727291189998141
0,38.71690193077655,564,0,,0.465026880943456,0.6393524630002503,dstar_lite,False,0,0,2502,10530,548,0.0597799209990626,0,0.0,0.04855726300047536,True,2873,0,5,5,A,5180,0.4375,True,1.731220019997636
0,38.168973926152646,595,0,,0.475657439761009,1.2581789929990919,dstar_lite,False,0,0,5400,22505,8156,0.11868787500134204,0,0.0,0.6124225259991363,True,51206,0,5,5,A,5181,0.3625,True,4.019645330001367
0,40.64337336035825,630,0,,0.465026880943456,4.3946416029994,dstar_lite,False,0,0,1821,7641,111,0.05410857099923305,0,0.0,0.03436995599986403,True,111,0,7,7,A,5182,0.475,True,6.213340945996606
0,46.17669086639761,733,0,,0.475657439761009,10.994438580999486,dstar_lite,False,0,0,4665,19264,2432,0.08587126000020362,0,0.0,0.1277957600013906,True,8810,0,7,7,A,5183,0.475,True,16.71931566299827
0,43.080211441410086,683,0,,0.475657439761009,2.8018676030005736,dstar_lite,False,0,0,3880,16199,2964,0.08826412199960032,0,0.0,0.14850298700002895,True,9810,0,8,8,A,5184,0.4125,True,7.572662366001168
0,37.2092070210328,556,0,,0.465026880943456,1.6111952610008302,dstar_lite,False,0,0,1225,5320,123,0.052997128001152305,0,0.0,0.03372078999927908,True,764,0,7,7,A,5185,0.475,True,3.439714456000729
0,37.839368486244716,551,0,,0.465026880943456,2.3805764250009815,dstar_lite,False,0,0,11988,50326,122,0.24492406799981836,0,0.0,0.09772479900129838,True,723,0,3,3,A,5186,0.375,True,3.2938559890008037
0,37.243395280675735,562,0,,0.465026880943456,1.4367958039983932,dstar_lite,False,0,0,5274,22143,3491,0.13059353199969337,0,0.0,0.27132007100044575,True,20113,0,4,4,A,5187,0.4,True,2.936452105999706
0,37.02406403017785,552,0,,0.465026880943456,1.576225537000937,dstar_lite,False,0,0,5226,21915,2548,0.10921744200095418,0,0.0,0.21389206599997124,True,15049,0,4,4,A,5188,0.4375,True,3.0385927580009593
0,37.852617821697656,567,0,,0.465026880943456,1.9751125189995946,dstar_lite,False,0,0,4048,17107,912,0.10903502700057288,0,0.0,0.10551998600021761,True,3748,0,5,5,A,5189,0.5375,True,4.412058485999296
0,38.628262213876205,560,0,,0.465026880943456,0.5408639300003415,dstar_lite,False,0,0,2732,11527,927,0.061095713999748114,0,0.0,0.08713803599857783,True,5800,0,4,4,A,5190,0.3875,True,1.418770300999313
0,38.52997190267236,593,0,,0.475657439761009,6.120587764000447,dstar_lite,False,0,0,2497,10544,3466,0.06450187700102106,0,0.0,0.24351822700009507,True,19006,0,4,4,A,5191,0.4875,True,7.384346503000415
0,40.168184212194475,617,0,,0.475657439761009,1.7931741809989035,dstar_lite,False,0,0,5190,21788,4379,0.1254623900003935,0,0.0,0.3962796330015408,True,27070,0,5,5,A,5192,0.4375,True,4.542614569998477
0,39.99701532207874,629,0,,0.475657439761009,3.2323431770000752,dstar_lite,False,0,0,18178,75083,21469,0.4494380659998569,0,0.0,1.9436571430014737,True,145631,0,3,3,A,5193,0.4375,True,6.713810347000617
0,43.225905015058416,689,0,,0.47565743976100916,7.859142041999803,dstar_lite,False,0,0,9480,38515,80237,0.21293762200002675,0,0.0,7.640312948000428,True,629504,0,5,5,A,5194,0.4625,True,12.02765012099917
0,37.058441531545874,564,0,,0.465026880943456,2.2246118809998734,dstar_lite,False,0,0,4734,19530,4250,0.16255910600011703,0,0.0,0.3044199580017448,True,19213,0,5,5,A,5195,0.4375,True,4.156039621000673
0,35.52062171033888,516,0,,0.465026880943456,0.8969241329996294,dstar_lite,False,0,0,4954,20790,598,0.14202143600050476,0,0.0,0.08255582099991443,True,2683,0,5,5,A,5196,0.4125,True,1.7644197400004487
0,39.060121771798926,592,0,,0.465026880943456,2.1663275040009466,dstar_lite,False,0,0,2830,11880,3535,0.07460135499968601,0,0.0,0.2753738699993846,True,21839,0,7,7,A,5197,0.475,True,3.9643585570029245
0,39.78062241005023,601,0,,0.475657439761009,1.1522414600003685,dstar_lite,False,0,0,12310,50923,9313,0.22607282899843995,0,0.0,0.6638288619997184,True,50103,0,3,3,A,5198,0.425,True,3.106732362999537
0,36.56706689276161,534,0,,0.465026880943456,0.9492553509990103,dstar_lite,False,0,0,5849,24648,1394,0.1618003650000901,0,0.0,0.17374471699986316,True,9695,0,4,4,A,5199,0.4625,True,2.013514373998987
0,39.60994964816414,595,0,,0.465026880943456,3.1980059600009554,dstar_lite,False,0,0,2656,10969,613,0.09487190000072587,0,0.0,0.06735998300064239,True,3029,0,6,6,A,5200,0.4125,True,4.2171700290000445
0,38.59341917214146,583,0,,0.465026880943456,1.192239576999782,dstar_lite,False,0,0,4195,17263,3421,0.09443786299925705,0,0.0,0.22388888400018914,True,16757,0,7,7,A,5201,0.4875,True,2.8088357519991405
0,41.931846653544,676,0,,0.475657439761009,5.922651993001637,dstar_lite,False,0,0,884,3675,324,0.03645363199939311,0,0.0,0.03438230400024622,True,978,0,8,8,A,5202,0.525,True,9.685570636998818
0,38.76630549915465,581,0,,0.465026880943456,4.144629084999906,dstar_lite,False,0,0,422,1799,81,0.03969723599948338,0,0.0,0.01894013499986613,True,214,0,5,5,A,5203,0.525,True,5.552480680998997
0,37.32544601381746,558,0,,0.465026880943456,2.274589595999714,dstar_lite,False,0,0,12587,51236,10507,0.19603360300061468,0,0.0,0.7735008800009382,True,66445,0,3,3,A,5204,0.4125,True,3.797873937000986
0,37.38757559371549,555,0,,0.465026880943456,3.7260835339984624,dstar_lite,False,0,0,8247,34089,2197,0.14905137000096147,0,0.0,0.21631606799928704,True,13633,0,5,5,A,5205,0.475,True,4.859647083001619
0,40.47976130862893,631,0,,0.465026880943456,2.1190221329998167,dstar_lite,False,0,0,3134,13213,309,0.09933824899962929,0,0.0,0.06762666500071646,True,1498,0,8,8,A,5206,0.525,True,6.657878358000744
0,37.2526960659439,560,0,,0.465026880943456,2.198118774998875,dstar_lite,False,0,0,4398,18645,538,0.09817566800120403,0,0.0,0.06488979599998856,True,2129,0,6,6,A,5207,0.4875,True,3.848605506995227
0,35.54006318740468,528,0,,0.4596194077712549,1.1166146849991492,dstar_lite,False,0,0,2008,8496,2449,0.05606097400050203,0,0.0,0.19033260600008362,True,13730,0,4,4,A,5208,0.4125,True,1.9548522569984925
0,39.45000317278695,617,0,,0.475657439761009,1.8670393989996228,dstar_lite,False,0,0,7347,30347,2637,0.14976715699958731,0,0.0,0.18762173899995105,True,11442,0,7,7,A,5209,0.5125,True,4.201346989997546
0,38.48896648047336,579,0,,0.465026880943456,2.5081429929996375,dstar_lite,False,0,0,16118,66334,4068,0.3340375520001544,0,0.0,0.3291456269998889,True,19670,0,4,4,A,5210,0.4625,True,4.567576994999399
0,37.95963719780405,573,0,,0.465026880943456,1.9592078010009573,dstar_lite,False,0,0,1117,4786,180,0.03596070499952475,0,0.0,0.0250150810006744,True,888,0,5,5,A,5211,0.3625,True,3.873643782000727
0,37.607213859657,571,0,,0.465026880943456,2.4869543260010687,dstar_lite,False,0,0,862,3726,190,0.044029717000739765,0,0.0,0.036991775001297356,True,1011,0,5,5,A,5212,0.45,True,5.275511571000607
0,37.92807500583244,575,0,,0.4962358310319797,3.933618105000278,dstar_lite,False,0,0,262,1137,426,0.00912821800011443,0,0.0,0.02471717099979287,True,1766,0,7,7,A,5213,0.4125,True,5.199805891001233
0,39.34278870171,597,0,,0.465026880943456,2.701636108000457,dstar_lite,False,0,0,2979,12500,1603,0.06272377899949788,0,0.0,0.08555562800029293,True,5329,0,4,4,A,5214,0.4375,True,3.632552366001619
0,38.89566455206211,598,0,,0.465026880943456,2.4285772269995505,dstar_lite,False,0,0,2590,10915,1463,0.0745864979999169,0,0.0,0.12763353800073673,True,7723,0,6,6,A,5215,0.4375,True,4.699356638997415
0,38.42671442070651,590,0,,0.465026880943456,3.8167064299996127,dstar_lite,False,0,0,2638,11242,1946,0.08048375900034443,0,0.0,0.13734364399897458,True,8143,0,6,6,A,5216,0.375,True,5.940371934000723
0,37.90677533995013,576,0,,0.475657439761009,2.6100783809997665,dstar_lite,False,0,0,5307,21959,29635,0.09783108999909018,0,0.0,2.5077666050001426,True,226686,0,4,4,A,5217,0.475,True,4.4249210319994745
0,40.95406850142008,633,0,,0.475657439761009,2.1248439520004467,dstar_lite,False,0,0,1904,8026,1322,0.05295878200013249,0,0.0,0.06831152000086149,True,4136,0,4,4,A,5218,0.45,True,4.948450978999972
0,38.097127244877186,592,0,,0.475657439761009,2.800135068999225,dstar_lite,False,0,0,1618,6845,280,0.04161776200089662,0,0.0,0.04210686899932625,True,1598,0,6,6,A,5219,0.3625,True,5.044773129997338
0,38.27855911579507,590,0,,0.465026880943456,1.8446494519994303,dstar_lite,False,0,0,4112,17336,2282,0.08848691599996528,0,0.0,0.15909655900031794,True,9670,0,6,6,A,5220,0.5125,True,5.232584624001902
0,39.89920379658404,604,0,,0.465026880943456,3.8478903169998375,dstar_lite,False,0,0,907,3862,970,0.03896448900013638,0,0.0,0.07188497800052573,True,4300,0,5,5,A,5221,0.5375,True,6.1796750300018175
0,39.42327251409481,591,0,,0.465026880943456,3.0163231489987083,dstar_lite,False,0,0,6048,25045,1783,0.13079559600009816,0,0.0,0.17207939599938982,True,10019,0,5,5,A,5222,0.4,True,6.609567151999727
0,39.269631767194696,597,0,,0.475657439761009,2.085750619000464,dstar_lite,False,0,0,1881,7986,2206,0.05708187400159659,0,0.0,0.14618236800015438,True,11068,0,5,5,A,5223,0.375,True,4.065821877999042
0,38.57621753087816,568,0,,0.4596194077712549,2.3129740780004795,dstar_lite,False,0,0,4314,17906,1214,0.1288419470001827,0,0.0,0.09672540799874696,True,4408,0,4,4,A,5224,0.4375,True,2.9459776079984294
0,37.946491745415955,587,0,,0.475657439761009,1.071010314999512,dstar_lite,False,0,0,888,3676,2606,0.038590053000007174,0,0.0,0.2127115050006978,True,17746,0,8,8,A,5225,0.375,True,2.917951795998306
0,39.21393281169802,596,0,,0.465026880943456,1.472924672998488,dstar_lite,False,0,0,3408,14214,777,0.06907735800086812,0,0.0,0.08481910699993023,True,4296,0,7,7,A,5226,0.525,True,3.463517131003755
0,40.007714832965675,620,0,,0.475657439761009,3.573669934001373,dstar_lite,False,0,0,4810,20114,276,0.10523338399980275,0,0.0,0.04710308600078861,True,1377,0,6,6,A,5227,0.5125,True,9.14591833600025
0,44.02559746543966,689,0,,0.475657439761009,8.426214209001046,dstar_lite,False,0,0,1931,8106,1342,0.046728313000130584,0,0.0,0.057192002999727265,True,2982,0,6,6,A,5228,0.4125,True,15.346326578001026
0,38.550109989466485,578,0,,0.465026880943456,1.118692389998614,dstar_lite,False,0,0,1095,4632,528,0.03350784299982479,0,0.0,0.04420005399879301,True,2333,0,7,7,A,5229,0.4125,True,2.961740712999017
0,37.5731952169894,570,0,,0.465026880943456,0.8323469290007779,dstar_lite,False,0,0,2558,10787,151,0.06659138200120651,0,0.0,0.03418180300104723,True,822,0,6,6,A,5230,0.4875,True,2.8613911859993095
0,38.63763933136267,591,0,,0.465026880943456,1.2429310320003424,dstar_lite,False,0,0,3070,12923,2181,0.08819054599916853,0,0.0,0.16490779200103134,True,10650,0,7,7,A,5231,0.35,True,3.1202878529984446
0,38.02041148780001,563,0,,0.465026880943456,2.8562893589987652,dstar_lite,False,0,0,2236,9368,2726,0.05324178000046231,0,0.0,0.21326994000082777,True,18396,0,4,4,A,5232,0.4625,True,4.0556957029966725
0,37.932310278646334,565,0,,0.465026880943456,2.209672724999109,dstar_lite,False,0,0,3716,15642,2090,0.07373087199994188,0,0.0,0.16224056400096742,True,11603,0,4,4,A,5233,0.35,True,3.363480730999072
0,37.34677947517371,547,0,,0.465026880943456,2.240120662998379,dstar_lite,False,0,0,6487,27043,648,0.13874027699966973,0,0.0,0.09934715999952459,True,4075,0,3,3,A,5234,0.4625,True,3.2838993599962123
0,36.822251562329335,535,0,,0.465026880943456,1.2254525349999312,dstar_lite,False,0,0,10653,44818,1110,0.19389089300057094,0,0.0,0.16570692200002668,True,7605,0,3,3,A,5235,0.35,True,2.0524771149994194
0,39.66086628023531,628,0,,0.4962358310319797,3.6474008850000246,dstar_lite,False,0,0,4141,17286,1672,0.095937738999055,0,0.0,0.17747247100123786,True,11929,0,7,7,A,5236,0.4875,True,7.192987799000548
0,37.92611618659124,568,0,,0.465026880943456,2.2270200590010063,dstar_lite,False,0,0,2691,11229,8992,0.06033370299883245,0,0.0,0.6808385650001583,True,59619,0,3,3,A,5237,0.4125,True,3.6447632250001334
0,39.64693549976497,607,0,,0.465026880943456,1.5161975729988626,dstar_lite,False,0,0,1721,7273,1277,0.049729796999599785,0,0.0,0.09760827399986738,True,6491,0,6,6,A,5238,0.375,True,3.1166077759990003
0,40.6364327058681,630,0,,0.475657439761009,4.899634274999698,dstar_lite,False,0,0,6281,26050,3594,0.13514109999960056,0,0.0,0.19067681100023037,True,10589,0,7,7,A,5239,0.5625,True,8.330022133000966
0,39.99645844834294,625,0,,0.465026880943456,4.714349247000428,dstar_lite,False,0,0,4769,20096,3184,0.12358223400042334,0,0.0,0.20661746699988726,True,14184,0,3,3,A,5240,0.4375,True,8.95627677399898
0,38.4465511433391,588,0,,0.465026880943456,1.7684379629990872,dstar_lite,False,0,0,334,1436,725,0.019709812000655802,0,0.0,0.053332510999098304,True,3621,0,8,8,A,5241,0.4625,True,4.225103944001603
0,38.51597075812158,580,0,,0.475657439761009,2.8073466940004437,dstar_lite,False,0,0,2833,12013,1123,0.08406906399977743,0,0.0,0.06712445599987404,True,3786,0,4,4,A,5242,0.3875,True,4.870733929998096
0,39.09142056356917,598,0,,0.475657439761009,2.5523008020009,dstar_lite,False,0,0,4049,16744,1519,0.12180763800097338,0,0.0,0.10733781599992653,True,5794,0,5,5,A,5243,0.4625,True,4.687631094004246
0,39.138606481583075,592,0,,0.465026880943456,1.6523624259989447,dstar_lite,False,0,0,7332,30509,4310,0.16578286200092407,0,0.0,0.2594133540005714,True,17814,0,5,5,A,5244,0.4625,True,3.5856844639965857
0,37.72938879588087,551,0,,0.465026880943456,0.8338950599991222,dstar_lite,False,0,0,3806,15960,236,0.08392597600141016,0,0.0,0.05237225299970305,True,1081,0,5,5,A,5245,0.4,True,1.9455571709986543
0,38.505173280444254,602,0,,0.475657439761009,2.711909686000581,dstar_lite,False,0,0,2722,11292,629,0.08045467099873349,0,0.0,0.07187141499889549,True,3145,0,7,7,A,5246,0.4125,True,4.602052488999107
0,40.67556676070708,625,0,,0.465026880943456,2.8198438250001345,dstar_lite,False,0,0,2836,12018,593,0.07490730000063195,0,0.0,0.05998589400041965,True,2054,0,8,8,A,5247,0.475,True,5.2888943960006145
0,37.991317569853,583,0,,0.465026880943456,2.2185893159985426,dstar_lite,False,0,0,3388,14214,1359,0.08346846099993854,0,0.0,0.09737089100053709,True,5760,0,6,6,A,5248,0.5375,True,5.036624002997996
0,38.06548730641151,579,0,,0.4962358310319797,3.468046342000889,dstar_lite,False,0,0,216,942,114,0.018847328999981983,0,0.0,0.023960001000887132,True,711,0,9,9,A,5249,0.45,True,5.138554862001911
0,36.80633829661821,559,0,,0.475657439761009,1.2983067400000436,dstar_lite,False,0,0,15875,65574,7105,0.28690079800071544,0,0.0,0.5200359049995313,True,36955,0,4,4,A,5250,0.3,True,3.3306568579992017
0,37.944845155938275,572,0,,0.465026880943456,3.255822230999911,dstar_lite,False,0,0,3150,13372,2527,0.06960502500078292,0,0.0,0.2244084890007798,True,16573,0,6,6,A,5251,0.4,True,4.959227216000727
0,41.39566819947726,660,0,,0.475657439761009,7.641317149000315,dstar_lite,False,0,0,7572,31599,2677,0.13011542500134965,0,0.0,0.21841421399949468,True,14316,0,4,4,A,5252,0.3625,True,13.317821377000655
0,37.7896340412513,583,0,,0.465026880943456,1.9377062439998554,dstar_lite,False,0,0,3154,13158,1826,0.09531131299991102,0,0.0,0.12392122900018876,True,6474,0,5,5,A,5253,0.4875,True,4.656805881000764
0,40.580793244272854,621,0,,0.4596194077712549,1.5064510379997955,dstar_lite,False,0,0,306,1319,71,0.02017500799956906,0,0.0,0.011443532999692252,True,71,0,7,7,A,5254,0.475,True,4.617038604001209
0,43.509519067231196,683,0,,0.475657439761009,2.871089847998519,dstar_lite,False,0,0,634,2771,93,0.04383873000006133,0,0.0,0.030745117001060862,True,660,0,8,8,A,5255,0.5375,True,6.789500676999523
0,40.02563627770357,616,0,,0.475657439761009,3.1003793720010435,dstar_lite,False,0,0,3565,14929,2889,0.10257577099946502,0,0.0,0.17094779900071444,True,12242,0,5,5,A,5256,0.3875,True,6.245247202001337
0,44.692640309776124,730,0,,0.47565743976100916,7.338229295000929,dstar_lite,False,0,0,4565,19144,1551,0.11293387100158725,0,0.0,0.1104622870007006,True,5497,0,7,7,A,5257,0.5625,True,11.667024621001474
0,41.86019852014488,668,0,,0.475657439761009,7.2080590649966325,dstar_lite,False,0,0,2884,11986,6951,0.0748554999991029,0,0.0,0.4780744239978958,True,38363,0,6,6,A,5258,0.5875,True,8.641841666998516
0,41.130894222937485,641,0,,0.475657439761009,1.4784058109980833,dstar_lite,False,0,0,4066,17011,4206,0.10190851299921633,0,0.0,0.2348613350004598,True,17676,0,7,7,A,5259,0.4375,True,4.978728805999708
0,39.667616591644325,616,0,,0.465026880943456,2.523882801000582,dstar_lite,False,0,0,1739,7393,277,0.058953527000994654,0,0.0,0.04726453000330366,True,1341,0,9,9,A,5260,0.5625,True,6.667122621998715
0,38.10133997908121,558,0,,0.465026880943456,1.0849292970015085,dstar_lite,False,0,0,4167,17199,1676,0.08683517300232779,0,0.0,0.15381431499918108,True,11104,0,5,5,A,5261,0.3875,True,1.8576056770034484
0,40.68170276067283,618,0,,0.465026880943456,7.7389515319991915,dstar_lite,False,0,0,1170,4963,412,0.03895675899912021,0,0.0,0.04262726500019198,True,1507,0,6,6,A,5262,0.5875,True,9.320880519997445
0,38.02389465702203,565,0,,0.465026880943456,2.744562036001298,dstar_lite,False,0,0,5414,22408,999,0.13758504499855917,0,0.0,0.09447813700171537,True,5358,0,5,5,A,5263,0.35,True,3.832636420003837
0,37.27557383383734,566,0,,0.475657439761009,1.5844090309983585,dstar_lite,False,0,0,12241,50411,9055,0.224197801999253,0,0.0,0.5700331209991418,True,45490,0,4,4,A,5264,0.425,True,2.782167938999919
0,39.51689743947474,600,0,,0.465026880943456,3.8311978669989912,dstar_lite,False,0,0,5498,22888,155,0.11944563799988828,0,0.0,0.06071305500154267,True,863,0,5,5,A,5265,0.425,True,5.110654486998101
0,37.59260489338728,563,0,,0.465026880943456,2.9367496390004817,dstar_lite,False,0,0,3025,12590,1105,0.07304242800091743,0,0.0,0.07976448499903199,True,4426,0,4,4,A,5266,0.4,True,4.215637180997874
0,42.437420079932025,667,0,,0.475657439761009,4.011395163000998,dstar_lite,False,0,0,2613,11063,623,0.06907634500021231,0,0.0,0.05416653200154542,True,1660,0,6,6,A,5267,0.4625,True,9.95337422499506
0,37.22815507768764,546,0,,0.465026880943456,0.8327391379971232,dstar_lite,False,0,0,5362,21965,3717,0.1038982659993053,0,0.0,0.3444099299995287,True,27904,0,4,4,A,5268,0.425,True,2.2560664049960906
0,38.029641337707595,574,0,,0.465026880943456,4.487359635000757,dstar_lite,False,0,0,255,1108,838,0.0293640880008752,0,0.0,0.07697918499980005,True,5130,0,8,8,A,5269,0.475,True,6.057215665998228
0,39.44623180117683,609,0,,0.465026880943456,1.326199484999961,dstar_lite,False,0,0,2112,8876,960,0.05415862100198865,0,0.0,0.06305093500122894,True,3212,0,6,6,A,5270,0.5375,True,4.43736376599918
0,36.71800620973742,548,0,,0.465026880943456,1.2386683849981637,dstar_lite,False,0,0,8520,35726,1381,0.164579923999554,0,0.0,0.16759306500171078,True,8705,0,4,4,A,5271,0.45,True,3.2820603549989755
0,38.4841636083086,605,0,,0.465026880943456,1.912132847999601,dstar_lite,False,0,0,5312,22089,2444,0.12582060400018236,0,0.0,0.1598020310011634,True,10136,0,6,6,A,5272,0.525,True,4.243643959998735
0,39.91418384052932,638,0,,0.475657439761009,2.8593041530002665,dstar_lite,False,0,0,1925,8160,3910,0.06558357800167869,0,0.0,0.3661281080021581,True,29569,0,8,8,A,5273,0.5375,True,5.653143202998763
0,42.90501444460634,698,0,,0.47565743976100916,4.516025149001507,dstar_lite,False,0,0,10434,42989,7637,0.19516951499826973,0,0.0,0.2855287899983523,True,19523,0,4,4,A,5274,0.3875,True,10.203584442999272
0,36.50784778966723,536,0,,0.465026880943456,0.8766276740025205,dstar_lite,False,0,0,622,2721,84,0.03446488400004455,0,0.0,0.019502773000567686,True,480,0,7,7,A,5275,0.45,True,2.2427288860053523
0,44.8131832868886,684,0,,0.475657439761009,7.058812536997721,dstar_lite,False,0,0,9570,39671,1117,0.19631961499908357,0,0.0,0.16871057499884046,True,6780,0,5,5,A,5276,0.5125,True,11.229607184999622
0,39.45393340051135,601,0,,0.465026880943456,7.2867597630029195,dstar_lite,False,0,0,2214,9484,165,0.06509530699986499,0,0.0,0.04291193199969712,True,185,0,6,6,A,5277,0.525,True,8.877035762005107
0,39.062406598955064,585,0,,0.475657439761009,1.0807229179990827,dstar_lite,False,0,0,6927,28865,8109,0.14939946999948006,0,0.0,0.717294182999467,True,60882,0,7,7,A,5278,0.475,True,2.675429761002306
0,37.674657769788624,571,0,,0.475657439761009,3.1508034959988436,dstar_lite,False,0,0,5326,22309,3238,0.1292602169996826,0,0.0,0.2561699529978796,True,18298,0,6,6,A,5279,0.375,True,4.951723964990379
0,38.74040898725146,590,0,,0.465026880943456,4.827190552001412,dstar_lite,False,0,0,6542,27338,2451,0.12806706099945586,0,0.0,0.20705589499993948,True,10395,0,5,5,A,5280,0.4125,True,6.110769299000822
0,40.53411769971629,628,0,,0.475657439761009,2.4924150590013596,dstar_lite,False,0,0,1302,5359,2606,0.038875010002811905,0,0.0,0.16202645799785387,True,13068,0,8,8,A,5281,0.4625,True,4.185568829001568
0,39.201062632300285,606,0,,0.465026880943456,3.8914091080005164,dstar_lite,False,0,0,3031,12679,2741,0.06808354099848657,0,0.0,0.1734960960020544,True,12366,0,6,6,A,5282,0.45,True,5.6866079779974825
0,38.32113639649584,579,0,,0.465026880943456,1.948892561998946,dstar_lite,False,0,0,12183,50800,2661,0.2613565520005068,0,0.0,0.2586286480000126,True,15083,0,4,4,A,5283,0.4375,True,3.3081025009996665
0,40.07760580015992,611,0,,0.465026880943456,1.9515140900002734,dstar_lite,False,0,0,5221,21836,1912,0.1722003750001022,0,0.0,0.14552765000189538,True,8427,0,5,5,A,5284,0.475,True,4.001080636000552
0,38.4814011704166,587,0,,0.475657439761009,2.5853353590027837,dstar_lite,False,0,0,3176,13445,698,0.07334645100127091,0,0.0,0.062092625001241686,True,2388,0,5,5,A,5285,0.4875,True,4.442235911999887
0,36.90089252435374,542,0,,0.465026880943456,1.553982374000043,dstar_lite,False,0,0,8802,36134,495,0.1771750139996584,0,0.0,0.07469063700045808,True,2113,0,4,4,A,5286,0.525,True,2.6349729640023725
0,42.08010866023474,681,0,,0.475657439761009,2.896382523998909,dstar_lite,False,0,0,2125,8985,362,0.05646523099858314,0,0.0,0.04721548299858114,True,1800,0,7,7,A,5287,0.4875,True,7.169492127999547
0,40.00322237324564,619,0,,0.465026880943456,2.227368091000244,dstar_lite,False,0,0,1670,6917,1215,0.0558615310001187,0,0.0,0.0655439740003203,True,3175,0,7,7,A,5288,0.45,True,4.6938459259945375
0,38.00809233562661,578,0,,0.465026880943456,1.566998574999161,dstar_lite,False,0,0,2269,9551,814,0.0711167179979384,0,0.0,0.050360642999294214,True,1769,0,6,6,A,5289,0.4125,True,4.198786208002275
0,41.77874340956974,648,0,,0.475657439761009,6.420760504999635,dstar_lite,False,0,0,1544,6478,833,0.05240636300004553,0,0.0,0.05362046300069778,True,2854,0,8,8,A,5290,0.4875,True,9.362709695000376
0,40.826980511566084,615,0,,0.465026880943456,1.0976240429990867,dstar_lite,False,0,0,5421,22213,11071,0.09739267300028587,0,0.0,0.8798319599991373,True,76580,0,6,6,A,5291,0.425,True,2.974137157001678
0,36.672508092928574,550,0,,0.465026880943456,4.859171386997332,dstar_lite,False,0,0,1719,7293,406,0.07783691900112899,0,0.0,0.05171114400218357,True,1331,0,5,5,A,5292,0.45,True,6.013955198999611
0,39.29221427530937,597,0,,0.465026880943456,1.4033426720015996,dstar_lite,False,0,0,1558,6639,676,0.04533615100081079,0,0.0,0.0629899990017293,True,3315,0,6,6,A,5293,0.4875,True,3.4995112660035375
0,38.7814670505142,562,0,,0.465026880943456,0.9034792089987604,dstar_lite,False,0,0,3297,13818,328,0.08002602900160127,0,0.0,0.048441882001498016,True,1752,0,4,4,A,5294,0.4375,True,1.7005013829948439
0,37.48234553951281,544,0,,0.465026880943456,0.7637517650000518,dstar_lite,False,0,0,5710,23883,21,0.1105820880002284,0,0.0,0.04180622500280151,True,140,0,5,5,A,5295,0.325,True,1.871718205002253
0,43.57545612193205,698,0,,0.47565743976100916,4.653250523999304,dstar_lite,False,0,0,25,103,81,0.016993744000501465,0,0.0,0.014345111001603073,True,359,0,8,8,A,5296,0.55,True,8.227198567990854
0,37.278850426509784,557,0,,0.465026880943456,1.9757114200001524,dstar_lite,False,0,0,1804,7705,1082,0.07720503699965775,0,0.0,0.0974519320006948,True,5965,0,5,5,A,5297,0.4125,True,3.5241552109982877
0,39.424822470129584,605,0,,0.475657439761009,3.0645853679998254,dstar_lite,False,0,0,8877,36535,33358,0.17946663399925455,0,0.0,2.8800777420001396,True,256481,0,5,5,A,5298,0.4625,True,5.318298276004498
0,37.67527931235801,542,0,,0.465026880943456,0.6729805149989261,dstar_lite,False,0,0,3244,13556,176,0.08017215699874214,0,0.0,0.03724053300175001,True,1015,0,4,4,A,5299,0.3875,True,1.2470004049973795
0,40.428436770042175,638,0,,0.465026880943456,2.55028587400011,dstar_lite,False,0,0,2114,8765,1510,0.05547548400136293,0,0.0,0.10469136900064768,True,5289,0,7,7,A,5300,0.6375,True,7.546612465004728
0,40.24406738903517,638,0,,0.465026880943456,2.518055733999063,dstar_lite,False,0,0,3106,13109,4709,0.0834670689982886,0,0.0,0.3772964279996813,True,30964,0,7,7,A,5301,0.5,True,6.2710590999995475
0,38.79316627976241,590,0,,0.465026880943456,3.6298548170016147,dstar_lite,False,0,0,1601,6847,3148,0.03729035899959854,0,0.0,0.21689541600062512,True,18207,0,5,5,A,5302,0.4,True,4.997533104000468
0,40.33257274485126,636,0,,0.475657439761009,6.784582941003464,dstar_lite,False,0,0,7432,30467,76735,0.14915285899769515,0,0.0,6.629935979999573,True,599264,0,4,4,A,5303,0.475,True,8.202552512000693
0,37.161731513100584,534,0,,0.4962358310319797,0.881873344998894,dstar_lite,False,0,0,999,4335,157,0.042117934997804696,0,0.0,0.023922003998450236,True,949,0,4,4,A,5304,0.3125,True,1.4261089649990026
0,37.2267139000564,562,0,,0.465026880943456,1.0874954880018777,dstar_lite,False,0,0,5720,23899,3000,0.11328236799818114,0,0.0,0.24423108600240084,True,18461,0,4,4,A,5305,0.475,True,2.6323759610022535
0,37.75877858709412,581,0,,0.465026880943456,3.2227413420005178,dstar_lite,False,0,0,1462,6056,2313,0.045336769999266835,0,0.0,0.1207977199992456,True,8579,0,6,6,A,5306,0.3625,True,4.382939011004055
0,41.09867457124272,643,0,,0.465026880943456,1.4087351859998307,dstar_lite,False,0,0,2895,12053,3112,0.07710893699913868,0,0.0,0.2360423339996487,True,18154,0,8,8,A,5307,0.475,True,4.595744878995902
0,39.27232002152147,589,0,,0.465026880943456,3.4997971739976492,dstar_lite,False,0,0,1705,7411,509,0.05082206000224687,0,0.0,0.06303163199845585,True,2360,0,5,5,A,5308,0.425,True,4.439402349002194
0,38.75276339775444,600,0,,0.465026880943456,3.9502151340020646,dstar_lite,False,0,0,10283,42801,4282,0.19481473899941193,0,0.0,0.3731788039985986,True,27152,0,5,5,A,5309,0.6,True,7.19017787600751
0,39.51381342743115,603,0,,0.465026880943456,2.5202369680009724,dstar_lite,False,0,0,1373,5780,466,0.0385342519984988,0,0.0,0.06101354500060552,True,2693,0,7,7,A,5310,0.4375,True,5.1556627490026585
0,43.41165255918376,691,0,,0.465026880943456,3.618920771001285,dstar_lite,False,0,0,1781,7480,627,0.05559595799786621,0,0.0,0.05970908800009056,True,2911,0,8,8,A,5311,0.5,True,10.499603727006615
0,37.15614552700167,569,0,,0.475657439761009,1.7919882030000736,dstar_lite,False,0,0,10721,44420,8510,0.2370409089999157,0,0.0,0.5015270039984898,True,37851,0,5,5,A,5312,0.5125,True,4.018536019997555
0,40.70592753612286,630,0,,0.475657439761009,4.526941408999846,dstar_lite,False,0,0,339,1496,273,0.023928081001940882,0,0.0,0.025866201998724137,True,1469,0,7,7,A,5313,0.3625,True,8.313505297999654
0,37.33592531291135,560,0,,0.465026880943456,3.0172151410006336,dstar_lite,False,0,0,10767,44342,1171,0.21113867000167374,0,0.0,0.15408854899942526,True,6582,0,4,4,A,5314,0.425,True,4.270646632001444
0,37.988043191911366,546,0,,0.465026880943456,0.6295846149987483,dstar_lite,False,0,0,926,3870,3475,0.015158804999373388,0,0.0,0.2902277680004772,True,26350,0,3,3,A,5315,0.3625,True,1.0576993059985398
0,36.743996717332664,553,0,,0.475657439761009,1.3632060309973895,dstar_lite,False,0,0,5036,20694,3803,0.11464552299730713,0,0.0,0.21069330699901911,True,15986,0,6,6,A,5316,0.3375,True,3.2997759399986535
0,37.41884479468393,568,0,,0.465026880943456,4.878589670002839,dstar_lite,False,0,0,1020,4371,746,0.030887431003066013,0,0.0,0.04410865400132025,True,2408,0,5,5,A,5317,0.4375,True,6.032371542001783
0,38.86733552165747,599,0,,0.465026880943456,4.274168408999685,dstar_lite,False,0,0,1794,7520,335,0.04016182900159038,0,0.0,0.028940031999809435,True,1140,0,4,4,A,5318,0.425,True,5.942949291002151
0,38.14758594639974,579,0,,0.465026880943456,2.067405665999104,dstar_lite,False,0,0,3735,15573,5130,0.07655810699725407,0,0.0,0.4007561709986476,True,33147,0,5,5,A,5319,0.375,True,4.175983429999178
0,39.5540141410312,603,0,,0.475657439761009,2.132822061998013,dstar_lite,False,0,0,2583,10749,3282,0.07061167899883003,0,0.0,0.2419566249991476,True,18505,0,5,5,A,5320,0.4125,True,4.414625452001928
0,39.68517406580724,617,0,,0.465026880943456,5.132422402999509,dstar_lite,False,0,0,2264,9501,2649,0.06966737800030387,0,0.0,0.1408413589997508,True,10437,0,6,6,A,5321,0.5625,True,6.780039050994674
0,39.207070832030745,581,0,,0.465026880943456,1.2022794320000685,dstar_lite,False,0,0,4551,18868,1236,0.07704282999839052,0,0.0,0.10659047299850499,True,7146,0,4,4,A,5322,0.375,True,2.3769476950001263
0,38.35866985457002,576,0,,0.465026880943456,2.582992874999036,dstar_lite,False,0,0,2903,12518,335,0.08578943300017272,0,0.0,0.03698265999992145,True,816,0,4,4,A,5323,0.35,True,4.731423787994572
0,39.100829020216814,605,0,,0.465026880943456,3.047523416000331,dstar_lite,False,0,0,3530,14703,386,0.08140067299973452,0,0.0,0.06053257999883499,True,1941,0,8,8,A,5324,0.5125,True,5.68018300199401
0,38.939717200357265,579,0,,0.475657439761009,2.125682694997522,dstar_lite,False,0,0,4175,17563,2012,0.07989334800004144,0,0.0,0.1279459110010066,True,8178,0,4,4,A,5325,0.4,True,4.407642271999066
0,40.95075207203441,624,0,,0.465026880943456,1.4341679509998357,dstar_lite,False,0,0,2234,9424,566,0.05354769000041415,0,0.0,0.04848776099970564,True,1294,0,7,7,A,5326,0.4,True,4.017997726998146
0,36.46267826662646,533,0,,0.465026880943456,0.7413643649997539,dstar_lite,False,0,0,4257,17738,94,0.10258921800050302,0,0.0,0.03647475300022052,True,677,0,6,6,A,5327,0.475,True,1.8641839910014824
0,43.71869232581891,712,0,,0.47565743976100916,6.877630291000969,dstar_lite,False,0,0,5724,23713,115,0.1164438740015612,0,0.0,0.0396200540017162,True,195,0,6,6,A,5328,0.475,True,12.33122735300276
0,40.19249490083512,629,0,,0.465026880943456,4.941942079,dstar_lite,False,0,0,5565,23074,1754,0.13921109399962006,0,0.0,0.1146927619993221,True,4815,0,5,5,A,5329,0.45,True,8.174689112995111
0,43.64587721982693,702,0,,0.475657439761009,3.4965583800003515,dstar_lite,False,0,0,2482,10336,27478,0.06995482899947092,0,0.0,2.297699004000606,True,205772,0,7,7,A,5330,0.475,True,8.772320159998344
0,38.23492777358684,572,0,,0.465026880943456,2.574620261999371,dstar_lite,False,0,0,2266,9440,365,0.052880846000334714,0,0.0,0.039383356997859664,True,1734,0,5,5,A,5331,0.375,True,4.047949494000932
0,39.40611565146503,610,0,,0.475657439761009,3.779115749999619,dstar_lite,False,0,0,259,1124,317,0.03255488599825185,0,0.0,0.03137373299978208,True,1586,0,6,6,A,5332,0.5,True,5.619178891007323
0,38.692619564242925,567,0,,0.465026880943456,0.7015274669975042,dstar_lite,False,0,0,2374,10042,690,0.05920032299763989,0,0.0,0.04904269899998326,True,2575,0,5,5,A,5333,0.425,True,1.7242592190013966
0,38.670199820019974,604,0,,0.475657439761009,1.3961925030016573,dstar_lite,False,0,0,4584,18852,7436,0.12353178600096726,0,0.0,0.4681104849987605,True,39235,0,6,6,A,5334,0.4,True,3.9260674260040105
0,37.75706040697125,568,0,,0.475657439761009,3.674232305998885,dstar_lite,False,0,0,5187,21631,26,0.12135115800265339,0,0.0,0.044319386997813126,True,150,0,5,5,A,5335,0.3125,True,4.979637198994169
0,39.66318187408483,609,0,,0.475657439761009,3.6924397499969928,dstar_lite,False,0,0,5603,23209,41021,0.10083175500039943,0,0.0,3.587402912999096,True,320747,0,4,4,A,5336,0.4125,True,5.934447559997352
0,40.43877306001547,632,0,,0.465026880943456,2.1449029310024343,dstar_lite,False,0,0,1427,6007,627,0.050049870002112584,0,0.0,0.040224060001492035,True,1739,0,6,6,A,5337,0.4875,True,4.693204182996851
0,39.56099215605034,603,0,,0.465026880943456,2.6758856589985953,dstar_lite,False,0,0,4257,17805,4055,0.099893049999082,0,0.0,0.28144182299729437,True,21548,0,4,4,A,5338,0.5,True,5.397530715999892
0,39.05884636898775,587,0,,0.465026880943456,0.8819241630008037,dstar_lite,False,0,0,1378,5897,534,0.034785078998538665,0,0.0,0.0405346509978699,True,2161,0,6,6,A,5339,0.3875,True,3.163307316997816
0,45.54758582176929,726,0,,0.47565743976100916,8.675033006002195,dstar_lite,False,0,0,1756,7443,233,0.052699045998451766,0,0.0,0.0464351849986997,True,1439,0,6,6,A,5340,0.375,True,12.272279263008386
0,37.563724547907064,572,0,,0.465026880943456,2.1764018869980646,dstar_lite,False,0,0,4982,20900,178,0.10248250600125175,0,0.0,0.06002545400042436,True,1032,0,6,6,A,5341,0.5,True,4.6980319550020795
0,39.81279697827694,611,0,,0.465026880943456,1.4943638650001958,dstar_lite,False,0,0,1010,4339,635,0.04109949900157517,0,0.0,0.04429783600062365,True,2591,0,6,6,A,5342,0.45,True,3.8333953420042235
0,39.230858896609156,591,0,,0.465026880943456,3.963219694000145,dstar_lite,False,0,0,1286,5465,561,0.030975008998211706,0,0.0,0.03410495199932484,True,1637,0,5,5,A,5343,0.325,True,6.942978135000885
0,39.4559598045751,619,0,,0.475657439761009,5.222917595998297,dstar_lite,False,0,0,2280,9438,2295,0.10764010699858773,0,0.0,0.23329412400198635,True,17110,0,6,6,A,5344,0.425,True,7.127951996000775
0,40.46359430013829,625,0,,0.465026880943456,3.119263611999486,dstar_lite,False,0,0,10638,43682,186,0.20587253400299232,0,0.0,0.10420856699784053,True,896,0,7,7,A,5345,0.4625,True,7.481476680994092
0,37.54882492286246,550,0,,0.465026880943456,1.3173633699989296,dstar_lite,False,0,0,2564,10805,1590,0.06914688799952273,0,0.0,0.13342591900072875,True,9714,0,5,5,A,5346,0.4625,True,2.359504692001792
0,39.15520657901856,582,0,,0.465026880943456,2.388695759997063,dstar_lite,False,0,0,4057,17084,2045,0.09573389200158999,0,0.0,0.12375722299839254,True,7154,0,4,4,A,5347,0.4875,True,3.0042206789985357
0,37.42511399297189,557,0,,0.4596194077712549,2.146441966000566,dstar_lite,False,0,0,3154,13165,192,0.06922210899938364,0,0.0,0.038688409000315005,True,225,0,7,7,A,5348,0.4125,True,3.785806751999189
0,40.425072842637775,643,0,,0.475657439761009,3.3692694090022997,dstar_lite,False,0,0,5201,21766,19295,0.12156465100269997,0,0.0,1.578767228002107,True,139630,0,5,5,A,5349,0.4625,True,6.326122419006424
0,37.34054446271091,541,0,,0.4962358310319797,1.6204143420000037,dstar_lite,False,0,0,5039,20691,75,0.09857688099873485,0,0.0,0.038265433999185916,True,381,0,4,4,A,5350,0.325,True,2.2617741670001124
0,39.97838553745702,599,0,,0.4962358310319797,4.803761022998515,dstar_lite,False,0,0,10749,44485,428,0.20942557700254838,0,0.0,0.10719195999990916,True,801,0,5,5,A,5351,0.45,True,6.3505315959992
0,39.446781783348364,622,0,,0.465026880943456,2.257567984997877,dstar_lite,False,0,0,391,1667,42,0.04064684699915233,0,0.0,0.01531185100247967,True,42,0,7,7,A,5352,0.4375,True,6.0735800539951015
0,37.589536922229904,551,0,,0.465026880943456,0.8651539060010691,dstar_lite,False,0,0,7043,29353,1420,0.1908711010000843,0,0.0,0.13114229100028751,True,6687,0,4,4,A,5353,0.4375,True,1.9982392110032379
0,40.76301653036391,627,0,,0.475657439761009,5.321512268998049,dstar_lite,False,0,0,10523,43895,965,0.1867832410025585,0,0.0,0.13955876999898464,True,5316,0,4,4,A,5354,0.3875,True,8.085510259999865
0,38.299916079108236,580,0,,0.465026880943456,4.335195957999531,dstar_lite,False,0,0,4486,19073,1474,0.12431376799941063,0,0.0,0.12895868199848337,True,7297,0,4,4,A,5355,0.425,True,6.1867932389977796
0,40.46632096987511,627,0,,0.475657439761009,0.9979433740008972,dstar_lite,False,0,0,1609,6910,576,0.044346549999318086,0,0.0,0.060886794002726674,True,3079,0,7,7,A,5356,0.3875,True,3.8378839759971015
0,40.92026107913325,626,0,,0.465026880943456,1.2838747889982187,dstar_lite,False,0,0,1534,6448,333,0.04665008200026932,0,0.0,0.03153430299789761,True,711,0,7,7,A,5357,0.4375,True,3.585221007993823
0,39.411111060877964,588,0,,0.465026880943456,0.8206690209990484,dstar_lite,False,0,0,2045,8723,2673,0.06132852800146793,0,0.0,0.2128046709985938,True,17278,0,5,5,A,5358,0.4,True,2.319054004001373
0,37.5217955763977,564,0,,0.465026880943456,2.1955877200016403,dstar_lite,False,0,0,4481,18917,314,0.1136856049997732,0,0.0,0.0672535589983454,True,1356,0,6,6,A,5359,0.5,True,3.800252996999916
0,42.28045338089888,656,0,,0.475657439761009,3.791020151998964,dstar_lite,False,0,0,894,3820,547,0.038725573002011515,0,0.0,0.04875285199887003,True,3072,0,5,5,A,5360,0.5375,True,6.113910058000329
0,37.085352348037894,555,0,,0.465026880943456,1.184257062002871,dstar_lite,False,0,0,3171,13160,1349,0.10141632399972877,0,0.0,0.09418388199992478,True,5793,0,4,4,A,5361,0.375,True,2.679598363003606
0,36.48795209857516,552,0,,0.465026880943456,1.098548005997145,dstar_lite,False,0,0,4057,16827,576,0.08903758100132109,0,0.0,0.06500580899955821,True,2624,0,6,6,A,5362,0.3875,True,3.2815133619988046
0,45.50574505673287,729,0,,0.465026880943456,3.3337095019996923,dstar_lite,False,0,0,709,3076,234,0.037966975000017555,0,0.0,0.038734056000976125,True,872,0,9,9,A,5363,0.5875,True,10.198534077004297
0,38.72164575417332,598,0,,0.475657439761009,4.086094666003191,dstar_lite,False,0,0,3383,14030,5335,0.08482916499997373,0,0.0,0.45191416799934814,True,37474,0,3,3,A,5364,0.425,True,7.282979346000502
0,37.75015907888291,570,0,,0.465026880943456,1.2635237149988825,dstar_lite,False,0,0,7926,32990,978,0.15119469499768456,0,0.0,0.08255475999976625,True,2082,0,5,5,A,5365,0.4875,True,3.675681093998719
0,38.132953979702165,564,0,,0.465026880943456,2.0048208049993264,dstar_lite,False,0,0,11200,46588,76,0.238689854999393,0,0.0,0.09188110499962931,True,425,0,5,5,A,5366,0.4875,True,3.663862475001224
0,38.1702084865184,578,0,,0.465026880943456,2.8650503319986456,dstar_lite,False,0,0,2093,8830,639,0.07415181299802498,0,0.0,0.06309535499894992,True,3421,0,5,5,A,5367,0.55,True,5.409474236996175
0,39.171494837693764,581,0,,0.465026880943456,5.347849408000911,dstar_lite,False,0,0,4879,20368,1755,0.10897056899921154,0,0.0,0.11432978900120361,True,7219,0,3,3,A,5368,0.3875,True,6.643973706999532
0,38.77971276395612,578,0,,0.465026880943456,1.3963244199985638,dstar_lite,False,0,0,6929,28582,494,0.1473983110008703,0,0.0,0.08884267599933082,True,2121,0,6,6,A,5369,0.4625,True,3.160662966001837
0,38.90731480813123,603,0,,0.475657439761009,3.3898362159998214,dstar_lite,False,0,0,7216,29743,5269,0.14634534400101984,0,0.0,0.3861338189999515,True,28478,0,5,5,A,5370,0.3625,True,5.81552061000184
0,37.10117139650412,572,0,,0.465026880943456,3.123555230002239,dstar_lite,False,0,0,1584,6833,1438,0.047775541999726556,0,0.0,0.09113225399778457,True,6351,0,7,7,A,5371,0.4625,True,5.209912792997784
0,44.72167572156189,692,0,,0.465026880943456,3.854397020997567,dstar_lite,False,0,0,3360,14168,3328,0.08932216399989557,0,0.0,0.18557757399685215,True,11944,0,7,7,A,5372,0.4875,True,6.502332610998565
0,41.089894015058945,644,0,,0.475657439761009,3.603778111999418,dstar_lite,False,0,0,1991,8217,661,0.055777933997887885,0,0.0,0.03307262999805971,True,1226,0,8,8,A,5373,0.45,True,6.556963112998346
0,37.52080816741623,548,0,,0.465026880943456,1.5056195670003945,dstar_lite,False,0,0,4002,16984,2147,0.11106183499941835,0,0.0,0.19406207800057018,True,14082,0,4,4,A,5374,0.425,True,1.947532530000899
0,42.582254909870606,662,0,,0.465026880943456,3.3143231799986097,dstar_lite,False,0,0,7872,32585,22391,0.17967176399906748,0,0.0,1.7094864710015827,True,149407,0,6,6,A,5375,0.5375,True,7.541574880993721
0,45.56643913807138,723,0,,0.465026880943456,7.629061909003212,dstar_lite,False,0,0,3403,14137,615,0.07993766299841809,0,0.0,0.070524287999433,True,2554,0,9,9,A,5376,0.625,True,14.106025610006327
0,42.3578662364164,649,0,,0.475657439761009,7.533085544000642,dstar_lite,False,0,0,5745,23881,2677,0.15198080600021058,0,0.0,0.1659570489973703,True,8271,0,6,6,A,5377,0.4375,True,8.791518705998897
0,37.644115681562845,562,0,,0.465026880943456,2.239865715000633,dstar_lite,False,0,0,6206,25809,526,0.13489609199677943,0,0.0,0.0803690530010499,True,2600,0,6,6,A,5378,0.375,True,3.8193303530024423
0,37.6068922177195,570,0,,0.465026880943456,2.9928360379999503,dstar_lite,False,0,0,2956,12186,1236,0.061382678999507334,0,0.0,0.08046484499936923,True,5033,0,6,6,A,5379,0.4625,True,4.717452253004012
0,39.30056363782473,617,0,,0.465026880943456,2.1586802860001626,dstar_lite,False,0,0,531,2251,1146,0.03586497699870961,0,0.0,0.07390004099943326,True,5504,0,7,7,A,5380,0.45,True,5.828782565000438
0,38.859174192416695,592,0,,0.465026880943456,2.071656347998214,dstar_lite,False,0,0,2901,12056,1212,0.07226706700021168,0,0.0,0.09247752599912928,True,4417,0,6,6,A,5381,0.4875,True,4.900768696996238
0,38.73958480487665,584,0,,0.465026880943456,1.4471128050026891,dstar_lite,False,0,0,6552,26657,16781,0.12969960299960803,0,0.0,1.3133610259974375,True,116764,0,4,4,A,5382,0.375,True,3.7372374719998334
0,38.37359547505391,558,0,,0.465026880943456,0.6599052930032485,dstar_lite,False,0,0,833,3548,2605,0.022271943002124317,0,0.0,0.21712075200048275,True,18128,0,4,4,A,5383,0.425,True,1.118784914004209
0,44.55922689582436,680,0,,0.465026880943456,10.702100643000449,dstar_lite,False,0,0,1422,6182,1059,0.04926878900005249,0,0.0,0.07775368000147864,True,4879,0,5,5,A,5384,0.525,True,15.318757561999519
0,37.42302937972941,566,0,,0.4962358310319797,1.147550533998583,dstar_lite,False,0,0,2056,8666,646,0.04894668599808938,0,0.0,0.04996382600074867,True,2843,0,6,6,A,5385,0.425,True,2.820916495998972
0,38.51940892410541,568,0,,0.465026880943456,0.7659494809995522,dstar_lite,False,0,0,9612,39616,3701,0.18842209400099819,0,0.0,0.30894724799873075,True,21524,0,3,3,A,5386,0.325,True,1.7789723130008497
0,37.77305782995739,560,0,,0.4962358310319797,1.5510426559994812,dstar_lite,False,0,0,5492,23078,485,0.11764396899889107,0,0.0,0.06693784500021138,True,2289,0,5,5,A,5387,0.4,True,2.90966559500157
0,38.433271079728414,590,0,,0.475657439761009,2.2706668409991835,dstar_lite,False,0,0,4003,16763,3832,0.10217163400011486,0,0.0,0.2835717089983518,True,21717,0,6,6,A,5388,0.5125,True,3.542936888999975
0,40.18615325541964,648,0,,0.475657439761009,2.2818310180009576,dstar_lite,False,0,0,7038,28784,10363,0.14759581699763658,0,0.0,0.5970457750008791,True,49997,0,5,5,A,5389,0.475,True,4.9953758049996395
0,41.3897710607619,634,0,,0.475657439761009,2.7272295059992757,dstar_lite,False,0,0,2668,11209,522,0.07791893699686625,0,0.0,0.04499563399804174,True,2120,0,5,5,A,5390,0.475,True,5.930302895005298
0,36.659052187111406,550,0,,0.465026880943456,0.7976775720017031,dstar_lite,False,0,0,1284,5453,212,0.04799454499880085,0,0.0,0.02173400500032585,True,473,0,6,6,A,5391,0.475,True,2.3503630669983977
0,35.96388938311389,530,0,,0.465026880943456,1.7842717389976315,dstar_lite,False,0,0,17079,70437,661,0.3278664299978118,0,0.0,0.15506416800053557,True,2460,0,4,4,A,5392,0.4625,True,2.7300231139961397
0,40.85139347616581,639,0,,0.475657439761009,3.0646329179980967,dstar_lite,False,0,0,9058,37081,35814,0.1868235010006174,0,0.0,2.8737671759990917,True,256832,0,5,5,A,5393,0.375,True,7.545002382998064
0,40.005083264730416,637,0,,0.475657439761009,1.5926275810015795,dstar_lite,False,0,0,5751,23590,18397,0.13502694199996768,0,0.0,1.4540362959996855,True,130004,0,6,6,A,5394,0.375,True,4.387567316996865
0,39.13888508875942,591,0,,0.465026880943456,1.0170893319991592,dstar_lite,False,0,0,417,1827,80,0.030902224003511947,0,0.0,0.01427420799882384,True,100,0,7,7,A,5395,0.4625,True,3.127862246990844
0,39.21237785443854,598,0,,0.4962358310319797,2.221552225000778,dstar_lite,False,0,0,1319,5604,599,0.052563717999873916,0,0.0,0.0683843219994742,True,4256,0,7,7,A,5396,0.525,True,4.650137661999906
0,38.088066325617426,590,0,,0.465026880943456,2.4988258430021233,dstar_lite,False,0,0,3924,16722,1176,0.0925707960013824,0,0.0,0.12603264099743683,True,6392,0,8,8,A,5397,0.5875,True,6.2196574859990506
0,36.93829105375303,564,0,,0.465026880943456,3.5097806679987116,dstar_lite,False,0,0,3516,14720,624,0.07759653399989475,0,0.0,0.07073301399941556,True,3119,0,6,6,A,5398,0.4375,True,4.498390108001331
0,37.66709844136521,574,0,,0.475657439761009,1.5099550730010378,dstar_lite,False,0,0,4535,18719,6340,0.11228047899930971,0,0.0,0.40218688399909297,True,33522,0,6,6,A,5399,0.425,True,3.743301717000577
0,36.708009226318275,539,0,,0.465026880943456,0.6961276289985108,dstar_lite,False,0,0,12031,49632,4431,0.2415013669997279,0,0.0,0.451901150001504,True,32728,0,4,4,A,5400,0.425,True,1.8537749649985926
0,38.6960828051271,567,0,,0.465026880943456,2.467889801999263,dstar_lite,False,0,0,10589,44161,576,0.19916138500047964,0,0.0,0.11213468499772716,True,3046,0,3,3,A,5401,0.3,True,2.965275021004345
0,38.36237190502887,557,0,,0.465026880943456,0.8746492079990276,dstar_lite,False,0,0,6010,25125,248,0.14252017199760303,0,0.0,0.059523830001126043,True,1466,0,4,4,A,5402,0.3625,True,2.1240697629946226
0,37.59528858359054,554,0,,0.465026880943456,0.7592338380018191,dstar_lite,False,0,0,1571,6611,1441,0.03265829700103495,0,0.0,0.08892454099986935,True,6814,0,5,5,A,5403,0.4,True,1.594583630998386
0,42.42745524199845,664,0,,0.465026880943456,4.264459062000242,dstar_lite,False,0,0,9750,40646,1672,0.20008416599739576,0,0.0,0.21164501100065536,True,10136,0,7,7,A,5404,0.5625,True,10.371302078005101
0,41.375179311785416,652,0,,0.475657439761009,4.284806116000254,dstar_lite,False,0,0,837,3480,890,0.05685662500036415,0,0.0,0.04294129600020824,True,2592,0,7,7,A,5405,0.5,True,7.265724334996776
0,35.90629165660908,539,0,,0.465026880943456,1.000907008001377,dstar_lite,False,0,0,2786,11687,952,0.08092958699853625,0,0.0,0.0801561660009611,True,4771,0,6,6,A,5406,0.3625,True,1.8629491259998758
0,38.599129521205825,590,0,,0.465026880943456,2.2304451920026622,dstar_lite,False,0,0,3066,12794,106,0.07084897399909096,0,0.0,0.035413744997640606,True,106,0,5,5,A,5407,0.3625,True,5.003178420007316
0,37.77837472464697,564,0,,0.4596194077712549,1.7983135300019057,dstar_lite,False,0,0,2923,12082,615,0.09122781800033408,0,0.0,0.06667813799867872,True,2966,0,5,5,A,5408,0.4375,True,3.5715234559975215
0,40.65148444228576,640,0,,0.475657439761009,1.6843925009998202,dstar_lite,False,0,0,3381,14017,10447,0.07913713599918992,0,0.0,0.8636746519987355,True,76548,0,7,7,A,5409,0.475,True,4.498847194998234
0,39.19510791053609,603,0,,0.465026880943456,2.355110185999365,dstar_lite,False,0,0,801,3429,752,0.03446118799911346,0,0.0,0.04853417499907664,True,2916,0,6,6,A,5410,0.45,True,4.729058417997294
0,41.25009674178328,642,0,,0.475657439761009,3.2257334970017837,dstar_lite,False,0,0,2259,9638,1619,0.07257021599798463,0,0.0,0.1383622130015283,True,9667,0,4,4,A,5411,0.4375,True,6.211370629000157
0,37.36376650743848,550,0,,0.465026880943456,3.078946523997729,dstar_lite,False,0,0,10032,41450,73,0.19874248999985866,0,0.0,0.07624609900085488,True,465,0,3,3,A,5412,0.4,True,3.889457445995504
0,39.68189286244592,625,0,,0.475657439761009,2.283614725998632,dstar_lite,False,0,0,613,2610,368,0.03923982600099407,0,0.0,0.029249199000332737,True,1458,0,8,8,A,5413,0.5125,True,6.02322735800044
0,40.12365624395001,616,0,,0.475657439761009,1.9322232660015288,dstar_lite,False,0,0,1057,4403,19979,0.032731007999245776,0,0.0,1.738115772997844,True,159171,0,4,4,A,5414,0.375,True,4.920558110999991
0,38.26359770194414,572,0,,0.465026880943456,0.8460243410008843,dstar_lite,False,0,0,510,2212,17,0.022539003999554552,0,0.0,0.015239075000863522,True,17,0,7,7,A,5415,0.525,True,2.810053405999497
0,36.36938446681669,538,0,,0.465026880943456,0.8361120160006976,dstar_lite,False,0,0,2436,10292,39,0.06483226300042588,0,0.0,0.02403813999990234,True,224,0,7,7,A,5416,0.45,True,2.3812224160028563
0,39.182410379956515,592,0,,0.465026880943456,2.2257189769989054,dstar_lite,False,0,0,903,3937,394,0.03396677999990061,0,0.0,0.045357463000982534,True,2213,0,7,7,A,5417,0.425,True,5.669801670002926
0,45.76008900143073,748,0,,0.47565743976100916,5.6996221899971715,dstar_lite,False,0,0,619,2709,55,0.02216361700266134,0,0.0,0.03818499599947245,True,55,0,7,7,A,5418,0.425,True,15.308542125003441
0,38.19732878417485,559,0,,0.465026880943456,1.4639505749983073,dstar_lite,False,0,0,3149,13351,888,0.06409242599693243,0,0.0,0.07143257399729919,True,3506,0,4,4,A,5419,0.475,True,2.2046731769951293
0,40.11510045322007,621,0,,0.465026880943456,2.032147187001101,dstar_lite,False,0,0,2430,10096,1845,0.06924685800186126,0,0.0,0.13260412999807158,True,9649,0,6,6,A,5420,0.5,True,4.092045270001108
0,37.67384901222163,568,0,,0.465026880943456,0.8773191799991764,dstar_lite,False,0,0,9572,39038,7997,0.15826819900030387,0,0.0,0.7152849929989316,True,57985,0,5,5,A,5421,0.4375,True,3.2373684350022813
0,39.78481006183241,606,0,,0.465026880943456,1.8764860869996483,dstar_lite,False,0,0,3383,14305,9909,0.08301437300178804,0,0.0,0.7964675129987882,True,67697,0,7,7,A,5422,0.475,True,4.419092689000536
0,37.245955509129125,550,0,,0.465026880943456,1.1903864380001323,dstar_lite,False,0,0,13447,55912,10386,0.24429552599758608,0,0.0,0.9431292849985766,True,77723,0,3,3,A,5423,0.425,True,2.5470942630017817
0,43.74984403996653,705,0,,0.475657439761009,4.394279901996924,dstar_lite,False,0,0,802,3361,1238,0.04309016999832238,0,0.0,0.08138133300235495,True,5208,0,8,8,A,5424,0.475,True,9.25566687299579
0,38.96145925284753,580,0,,0.4962358310319797,1.7411795990010432,dstar_lite,False,0,0,4716,19989,838,0.11966171599851805,0,0.0,0.08153530199706438,True,4005,0,5,5,A,5425,0.45,True,3.3636556229939742
0,37.89366122312271,590,0,,0.465026880943456,1.4687846699998772,dstar_lite,False,0,0,4503,18802,463,0.09642577799968421,0,0.0,0.073005252997973,True,2120,0,6,6,A,5426,0.4,True,4.522064743996452
0,41.63406035039306,647,0,,0.475657439761009,1.0883978799975011,dstar_lite,False,0,0,586,2506,2687,0.02413842299938551,0,0.0,0.24363376699693617,True,20816,0,6,6,A,5427,0.4875,True,3.7797965009958716
0,42.167551101825495,670,0,,0.475657439761009,1.879542169997876,dstar_lite,False,0,0,3759,15589,2035,0.12409804399794666,0,0.0,0.10975437500019325,True,5371,0,7,7,A,5428,0.5125,True,6.639073580001423
0,35.98360714647219,524,0,,0.465026880943456,0.6663275669998256,dstar_lite,False,0,0,6095,25144,234,0.1281820960030018,0,0.0,0.06542601300316164,True,1434,0,4,4,A,5429,0.425,True,1.5327560560035636
0,38.523614612369194,580,0,,0.4596194077712549,3.0598036070005037,dstar_lite,False,0,0,1463,6229,30,0.04183150300013949,0,0.0,0.02365653100059717,True,30,0,6,6,A,5430,0.4375,True,5.137634230999538
0,41.70907954522785,628,0,,0.475657439761009,7.758714980001969,dstar_lite,False,0,0,758,3247,967,0.03282793499965919,0,0.0,0.09820364600091125,True,7176,0,5,5,A,5431,0.4375,True,8.852151768998738
0,41.592504270120116,665,0,,0.475657439761009,4.105631951999385,dstar_lite,False,0,0,8139,33048,20008,0.1242339090022142,0,0.0,1.2701603040004557,True,110625,0,7,7,A,5432,0.425,True,7.798511304998101
0,37.97711157356574,568,0,,0.465026880943456,3.481629204998171,dstar_lite,False,0,0,1994,8293,1870,0.08530923500075005,0,0.0,0.173966989001201,True,11913,0,5,5,A,5433,0.4125,True,4.914134289996582
0,37.666750709747326,559,0,,0.465026880943456,1.8288759179995395,dstar_lite,False,0,0,5495,22616,135,0.14053748899823404,0,0.0,0.05874278200280969,True,861,0,7,7,A,5434,0.4,True,3.6731980049953563
0,38.3658365105367,593,0,,0.465026880943456,2.9480986269991263,dstar_lite,False,0,0,2878,12030,242,0.0727656390008633,0,0.0,0.03835258899925975,True,1256,0,7,7,A,5435,0.6,True,5.280982062995463
0,38.73709922059048,609,0,,0.475657439761009,0.9247605240016128,dstar_lite,False,0,0,7118,29188,11941,0.17232382400106872,0,0.0,0.7493736860014906,True,63964,0,6,6,A,5436,0.35,True,3.7959299180038215
0,44.88743801921227,732,0,,0.47565743976100916,4.708880845002568,dstar_lite,False,0,0,189,772,468,0.029983672997332178,0,0.0,0.04271023700130172,True,2626,0,5,5,A,5437,0.45,True,8.364973940002528
0,38.343987157652,564,0,,0.465026880943456,1.0019113479975204,dstar_lite,False,0,0,1405,5971,1433,0.04929885200181161,0,0.0,0.11990230800074642,True,9452,0,6,6,A,5438,0.3625,True,2.0942682909990253
0,37.859813965013636,575,0,,0.465026880943456,2.1138666949991602,dstar_lite,False,0,0,1589,6658,716,0.044512041997222695,0,0.0,0.061800840998330386,True,3468,0,9,9,A,5439,0.4125,True,3.618889744997432
0,43.83841706824616,685,0,,0.475657439761009,12.03828584599978,dstar_lite,False,0,0,6593,27682,2932,0.15868602499904227,0,0.0,0.17258309599856148,True,9995,0,5,5,A,5440,0.4125,True,14.947256159000972
0,37.745607527545296,550,0,,0.4962358310319797,1.0143326459983655,dstar_lite,False,0,0,11653,48320,262,0.21067639900138602,0,0.0,0.09268133899968234,True,1430,0,4,4,A,5441,0.4125,True,2.070090233999508
0,41.64226964990347,665,0,,0.475657439761009,6.151508508999541,dstar_lite,False,0,0,4790,19803,1363,0.11583656999937375,0,0.0,0.08647440500135417,True,3146,0,7,7,A,5442,0.5,True,11.303140127001825
0,39.94221564165688,606,0,,0.465026880943456,0.9610999329997867,dstar_lite,False,0,0,1450,6181,1985,0.04954396600078326,0,0.0,0.12921343100242666,True,9957,0,7,7,A,5443,0.4375,True,2.504626065998309
0,39.34495076052615,606,0,,0.465026880943456,3.2910725719993934,dstar_lite,False,0,0,253,1099,66,0.016880753999430453,0,0.0,0.012734395000734366,True,74,0,9,9,A,5444,0.5125,True,6.9416518329962855
0,37.6773875575287,577,0,,0.465026880943456,3.0730684520021896,dstar_lite,False,0,0,3298,13912,1349,0.10271524400013732,0,0.0,0.15274357800080907,True,7535,0,4,4,A,5445,0.475,True,5.3856840770022245
0,39.22354928672996,607,0,,0.475657439761009,5.713697740997304,dstar_lite,False,0,0,6378,26314,8674,0.16152130999762448,0,0.0,0.5844939679991512,True,47286,0,4,4,A,5446,0.4875,True,7.236343223998119
0,38.608921450057046,578,0,,0.465026880943456,1.81543793200035,dstar_lite,False,0,0,1082,4647,1253,0.06841037200138089,0,0.0,0.10506333699959214,True,6911,0,6,6,A,5447,0.5,True,3.026368115002697
0,38.92003249832894,573,0,,0.465026880943456,4.8816073189991585,dstar_lite,False,0,0,6538,27250,87,0.1413545570030692,0,0.0,0.07450313099980121,True,569,0,4,4,A,5448,0.375,True,5.511955813999521
0,43.36176724866935,717,0,,0.47565743976100916,6.650977687997511,dstar_lite,False,0,0,1862,7847,1246,0.08300882500043372,0,0.0,0.0720862380003382,True,4896,0,6,6,A,5449,0.4625,True,11.465688914999191
0,37.83483291334159,567,0,,0.465026880943456,2.0753552989990567,dstar_lite,False,0,0,2678,11204,184,0.06917684599829954,0,0.0,0.04300281599716982,True,996,0,6,6,A,5450,0.475,True,3.8766956720028247
0,41.12770492446448,644,0,,0.475657439761009,4.346087858000828,dstar_lite,False,0,0,577,2533,360,0.02774947299985797,0,0.0,0.03246629100249265,True,1402,0,5,5,A,5451,0.375,True,7.467690974994184
0,40.1558824977594,604,0,,0.465026880943456,3.005266494998068,dstar_lite,False,0,0,7948,32873,462,0.19571933499901206,0,0.0,0.1022066059995268,True,1802,0,4,4,A,5452,0.4125,True,6.244819169998664
0,39.737436856648245,616,0,,0.475657439761009,1.6963206790023833,dstar_lite,False,0,0,6855,28226,19737,0.14502808100223774,0,0.0,1.548001718998421,True,136747,0,6,6,A,5453,0.4875,True,4.835130189007032
0,38.727468861072474,587,0,,0.465026880943456,2.3627484970020305,dstar_lite,False,0,0,2288,9620,1310,0.06683612000051653,0,0.0,0.10170652799934032,True,5956,0,8,8,A,5454,0.5,True,3.895895475998259
0,36.70256904342556,548,0,,0.465026880943456,1.3714807959986501,dstar_lite,False,0,0,2049,8790,762,0.06037484500120627,0,0.0,0.06521589600015432,True,3931,0,6,6,A,5455,0.525,True,3.0398013800004264
0,38.31097943351324,582,0,,0.475657439761009,2.127801989001455,dstar_lite,False,0,0,16807,69626,11915,0.3307854330014379,0,0.0,0.99662955399981,True,80785,0,3,3,A,5456,0.3625,True,3.718120366003859
0,38.91495527334011,578,0,,0.475657439761009,0.9934138110002095,dstar_lite,False,0,0,6764,27871,6095,0.12805814699822804,0,0.0,0.5206043670004874,True,43028,0,4,4,A,5457,0.45,True,2.3155126399979054
0,38.24094827421316,582,0,,0.465026880943456,3.2620011159997375,dstar_lite,False,0,0,6175,25639,2949,0.11546745700252359,0,0.0,0.25742560000071535,True,18007,0,6,6,A,5458,0.4375,True,5.075208594997093
0,38.8610236513,588,0,,0.475657439761009,4.631521965999127,dstar_lite,False,0,0,5921,24763,1136,0.11855993800054421,0,0.0,0.10331618700001854,True,3780,0,5,5,A,5459,0.3375,True,5.285750424998696
0,38.86912127372678,585,0,,0.465026880943456,2.0242289069974504,dstar_lite,False,0,0,1449,6112,575,0.06435657399924821,0,0.0,0.06960432100095204,True,2842,0,6,6,A,5460,0.4625,True,4.417911140000797
0,37.90967945712416,574,0,,0.465026880943456,3.008519144001184,dstar_lite,False,0,0,3657,15226,898,0.09123556299891789,0,0.0,0.08961679200001527,True,3905,0,5,5,A,5461,0.4,True,5.113222040999972
0,37.35225797330157,569,0,,0.465026880943456,4.114054830999521,dstar_lite,False,0,0,874,3664,1879,0.03532983600234729,0,0.0,0.11522883900033776,True,9291,0,7,7,A,5462,0.4125,True,5.527211997996346
0,38.04662168025475,566,0,,0.465026880943456,1.8972387489993707,dstar_lite,False,0,0,20632,85403,75,0.41870443999869167,0,0.0,0.16671707199930097,True,90,0,3,3,A,5463,0.525,True,3.852518815001531
0,39.05452617538558,578,0,,0.4596194077712549,2.298592709998047,dstar_lite,False,0,0,4043,16919,10,0.13282823899862706,0,0.0,0.05593768499966245,True,16,0,4,4,A,5464,0.45,True,4.027940558997216
0,39.01211674298301,607,0,,0.475657439761009,1.8067524910002248,dstar_lite,False,0,0,2087,8855,19895,0.09556884199992055,0,0.0,1.7072556690000056,True,152783,0,5,5,A,5465,0.5375,True,4.943388503001188
0,39.44834404988894,616,0,,0.465026880943456,1.9678623859981599,dstar_lite,False,0,0,1217,5157,550,0.06850723599927733,0,0.0,0.0759623060002923,True,3222,0,8,8,A,5466,0.4625,True,5.410203158997319
0,37.871410291408374,576,0,,0.465026880943456,1.4445627750028507,dstar_lite,False,0,0,1434,6175,164,0.05113877700205194,0,0.0,0.023512240000854945,True,274,0,7,7,A,5467,0.575,True,3.6737181009993947
0,40.77173340577687,622,0,,0.475657439761009,3.4768722740009252,dstar_lite,False,0,0,11402,46951,3614,0.20086028700097813,0,0.0,0.1938878000000841,True,12069,0,4,4,A,5468,0.4625,True,5.427864313998725
0,36.41625051501894,543,0,,0.465026880943456,2.0257588800013764,dstar_lite,False,0,0,13594,56111,1924,0.22882649500024854,0,0.0,0.16836439699909533,True,6863,0,4,4,A,5469,0.325,True,2.730953505004436
0,36.1433781466398,528,0,,0.465026880943456,1.0512102309985494,dstar_lite,False,0,0,2500,10531,3174,0.04424709799786797,0,0.0,0.2568491970014293,True,22817,0,4,4,A,5470,0.4375,True,1.9146907729991653
0,39.476367987161474,606,0,,0.465026880943456,2.419104126998718,dstar_lite,False,0,0,4253,17519,2527,0.08561881400237326,0,0.0,0.11967311900298228,True,7898,0,7,7,A,5471,0.4,True,3.640687421990151
0,41.16466246889469,650,0,,0.475657439761009,3.4257747789997666,dstar_lite,False,0,0,4099,16913,19431,0.09917960799793946,0,0.0,1.5147594490008487,True,135339,0,6,6,A,5472,0.3375,True,6.458884076000686
0,40.993860379594935,646,0,,0.475657439761009,1.7885490320004465,dstar_lite,False,0,0,5118,21056,14381,0.12133796100170002,0,0.0,1.085543469998811,True,94386,0,6,6,A,5473,0.425,True,5.262432683000952
0,40.599986661577645,619,0,,0.475657439761009,4.021268117001455,dstar_lite,False,0,0,1775,7418,862,0.04680317699967418,0,0.0,0.05586511399815208,True,2933,0,6,6,A,5474,0.3375,True,6.112343349002913
0,38.56391712299773,578,0,,0.465026880943456,1.3074231970022083,dstar_lite,False,0,0,2454,10331,2719,0.06772777000151109,0,0.0,0.18117578799865441,True,13636,0,5,5,A,5475,0.5,True,3.098480964999908
0,36.87875565295817,551,0,,0.465026880943456,2.396752890999778,dstar_lite,False,0,0,1261,5366,387,0.045210379001218826,0,0.0,0.027786487000412308,True,1067,0,6,6,A,5476,0.3875,True,3.0659684549937083
0,38.63669252941086,611,0,,0.465026880943456,2.297929784999724,dstar_lite,False,0,0,1996,8525,344,0.05853723299878766,0,0.0,0.04339525399700506,True,1567,0,6,6,A,5477,0.4125,True,5.291669849004393
0,44.66671354514523,727,0,,0.47565743976100916,4.69979343399973,dstar_lite,False,0,0,1639,6959,1615,0.04842645199823892,0,0.0,0.09108357600052841,True,5816,0,8,8,A,5478,0.4875,True,11.01454609499342
0,40.41158876867539,641,0,,0.475657439761009,3.024604893002106,dstar_lite,False,0,0,1051,4459,1707,0.03917110900147236,0,0.0,0.13006763600060367,True,9772,0,7,7,A,5479,0.3875,True,5.644687599004101
0,37.241233938557606,545,0,,0.465026880943456,2.093885374997626,dstar_lite,False,0,0,2258,9590,124,0.06352255300225806,0,0.0,0.02925164800035418,True,236,0,4,4,A,5480,0.4125,True,3.353410140000051
0,38.63138471683697,583,0,,0.465026880943456,1.1769642959989142,dstar_lite,False,0,0,2181,9316,707,0.06497301499985042,0,0.0,0.07672546400135616,True,3577,0,7,7,A,5481,0.4625,True,3.127109497996571
0,41.039097769249125,645,0,,0.475657439761009,2.7223117130015453,dstar_lite,False,0,0,13711,56523,23413,0.28377112000089255,0,0.0,1.6786881719999656,True,144534,0,5,5,A,5482,0.425,True,7.082884706000186
0,39.80372944553583,608,0,,0.465026880943456,8.872560939998948,dstar_lite,False,0,0,3284,13903,1570,0.08324275300037698,0,0.0,0.09468526500131702,True,4789,0,6,6,A,5483,0.3875,True,10.806333136999456
0,36.46097903450353,539,0,,0.4596194077712549,2.05495934999999,dstar_lite,False,0,0,1436,6198,425,0.049969625997619005,0,0.0,0.054080426998552866,True,1345,0,6,6,A,5484,0.475,True,3.417369165003038
0,38.343471634508916,562,0,,0.4962358310319797,1.3606917479992262,dstar_lite,False,0,0,7988,33372,71,0.1706311950001691,0,0.0,0.0587164960015798,True,486,0,5,5,A,5485,0.425,True,2.664766106998286
0,40.678539103376266,631,0,,0.475657439761009,1.662419685999339,dstar_lite,False,0,0,136,580,910,0.014746119999472285,0,0.0,0.08870945399758057,True,6780,0,7,7,A,5486,0.5,True,4.275671768999018
0,39.74237990009479,626,0,,0.475657439761009,1.7455891400022665,dstar_lite,False,0,0,10561,43305,10920,0.21936459200151148,0,0.0,0.5429855850015883,True,42998,0,5,5,A,5487,0.4,True,4.621690722000494
0,38.99336843485081,599,0,,0.475657439761009,1.118686321999121,dstar_lite,False,0,0,1733,7195,3171,0.052841759999864735,0,0.0,0.21397312200133456,True,16664,0,7,7,A,5488,0.35,True,3.302196737004124
0,39.87321156113007,608,0,,0.465026880943456,3.196421119999286,dstar_lite,False,0,0,3664,15449,418,0.07988236999881337,0,0.0,0.06722612000157824,True,2417,0,8,8,A,5489,0.475,True,4.88076376200479
0,38.37802685659643,590,0,,0.465026880943456,3.7592264489976515,dstar_lite,False,0,0,3157,13044,3487,0.07999353099876316,0,0.0,0.251026797999657,True,20078,0,7,7,A,5490,0.475,True,5.419840051999927
0,37.22203160374338,561,0,,0.465026880943456,0.880865391001862,dstar_lite,False,0,0,7556,30896,4292,0.1446844019992568,0,0.0,0.27778888499960885,True,21365,0,6,6,A,5491,0.3875,True,2.4940764640050475
0,39.323684451679874,589,0,,0.465026880943456,1.3694850280007813,dstar_lite,False,0,0,2609,10934,1016,0.06901480800297577,0,0.0,0.08571745600056602,True,5483,0,6,6,A,5492,0.45,True,2.879527154000243
0,43.560014715908366,703,0,,0.47565743976100916,6.7632722279995505,dstar_lite,False,0,0,296,1277,335,0.009477714000240667,0,0.0,0.017397362000338035,True,1270,0,5,5,A,5493,0.4,True,13.278899846001877
0,39.092961395886284,619,0,,0.465026880943456,3.2013239640000393,dstar_lite,False,0,0,1572,6709,595,0.07338182499734103,0,0.0,0.05438578100074665,True,2175,0,7,7,A,5494,0.45,True,6.580237727997883
0,38.972517929484724,603,0,,0.4962358310319797,3.331245941000816,dstar_lite,False,0,0,3590,15167,207,0.0829433760009124,0,0.0,0.047108828999625985,True,460,0,6,6,A,5495,0.5625,True,6.067364836009801
0,38.149053627791695,573,0,,0.465026880943456,4.284160276998591,dstar_lite,False,0,0,6322,25854,772,0.19039368099765852,0,0.0,0.0773193809982331,True,3260,0,4,4,A,5496,0.5125,True,5.739803517997643
0,41.797378466207775,663,0,,0.475657439761009,2.7692548380000517,dstar_lite,False,0,0,2849,11943,522,0.07676143999924534,0,0.0,0.05430229900230188,True,2635,0,5,5,A,5497,0.4625,True,7.426053821996902
0,40.18844904809926,635,0,,0.475657439761009,1.389967600000091,dstar_lite,False,0,0,8929,36619,8542,0.16947069000161719,0,0.0,0.44356333000177983,True,33452,0,6,6,A,5498,0.4,True,4.5572296009995625
0,41.62123229571825,632,0,,0.465026880943456,5.994861872997717,dstar_lite,False,0,0,4538,19149,229,0.12167558299915981,0,0.0,0.07276321899917093,True,791,0,6,6,A,5499,0.5,True,9.412385556999652
0,38.26299370355908,556,0,,0.465026880943456,1.071997401999397,dstar_lite,False,0,0,18277,76049,1166,0.4188268819998484,0,0.0,0.21370145000037155,True,7652,0,3,3,B,5000,0.4166666666666667,True,2.2377324039989617
0,38.27920228109836,581,0,,0.465026880943456,1.986514645999705,dstar_lite,False,0,0,2766,11962,474,0.10107731000243803,0,0.0,0.06730292000065674,True,2334,0,7,7,B,5001,0.5083333333333333,True,3.9835022520019265
0,38.55079102510193,597,0,,0.475657439761009,1.3966119300021091,dstar_lite,False,0,0,5134,21316,5523,0.17194481899787206,0,0.0,0.4209165669999493,True,34055,0,7,7,B,5002,0.45,True,3.9161892869960866
0,40.67045483341068,624,0,,0.465026880943456,2.8868671800009906,dstar_lite,False,0,0,169,741,295,0.014622194998082705,0,0.0,0.03809591100070975,True,1551,0,6,6,B,5003,0.45,True,5.712596100001974
0,39.268880976066896,597,0,,0.4962358310319797,1.6551726699981373,dstar_lite,False,0,0,1149,5089,548,0.05388486700030626,0,0.0,0.0621042650018353,True,3084,0,7,7,B,5004,0.4,True,4.065461269994557
0,40.4122028408538,615,0,,0.465026880943456,5.516229821001616,dstar_lite,False,0,0,800,3507,728,0.05582229200081201,0,0.0,0.09506142499958514,True,4649,0,7,7,B,5005,0.49166666666666664,True,7.635769005006296
0,38.315626812153404,595,0,,0.465026880943456,1.584992513002362,dstar_lite,False,0,0,5005,20535,3656,0.11773636600264581,0,0.0,0.1881551890000992,True,13409,0,8,8,B,5006,0.48333333333333334,True,4.085489483008132
0,40.52795835370902,627,0,,0.465026880943456,4.284886274999735,dstar_lite,False,0,0,1794,7677,582,0.06345267999859061,0,0.0,0.06845508499827702,True,3370,0,7,7,B,5007,0.4166666666666667,True,8.43353418699553
0,38.79464892268948,588,0,,0.465026880943456,1.4555897190002725,dstar_lite,False,0,0,17872,73444,2550,0.34598585500134504,0,0.0,0.262695025998255,True,11472,0,4,4,B,5008,0.36666666666666664,True,3.8471154479957477
0,38.25455072572945,577,0,,0.465026880943456,2.726229322997824,dstar_lite,False,0,0,1957,8422,196,0.06477185000039754,0,0.0,0.03652619499916909,True,1161,0,6,6,B,5009,0.375,True,5.028972488002182
0,38.62074920188554,567,0,,0.4596194077712549,1.5791893690002325,dstar_lite,False,0,0,1083,4673,130,0.027770086999225896,0,0.0,0.014495338997221552,True,372,0,6,6,B,5010,0.35,True,2.5822427719976986
0,40.52538429670566,628,0,,0.465026880943456,3.2487554979998094,dstar_lite,False,0,0,1930,8102,306,0.05325857700154302,0,0.0,0.05320032899908256,True,1347,0,6,6,B,5011,0.45,True,7.28438069099866
0,37.75882644243359,590,0,,0.475657439761009,3.197560519001854,dstar_lite,False,0,0,1079,4603,1181,0.06987612699958845,0,0.0,0.06736769700000877,True,3774,0,6,6,B,5012,0.475,True,6.110381081001833
0,38.50972027285213,580,0,,0.465026880943456,3.835793340997043,dstar_lite,False,0,0,5331,22698,1092,0.13742945899866754,0,0.0,0.11695345699990867,True,6405,0,6,6,B,5013,0.4166666666666667,True,5.427260683998611
0,41.79114699017428,670,0,,0.47565743976100916,2.216094224000699,dstar_lite,False,0,0,774,3385,3263,0.03218250099962461,0,0.0,0.2967063149990281,True,24976,0,6,6,B,5014,0.43333333333333335,True,4.949196041005052
0,38.9324139774107,575,0,,0.465026880943456,0.9500686710016453,dstar_lite,False,0,0,289,1286,135,0.02101942599983886,0,0.0,0.013616604999697302,True,252,0,6,6,B,5015,0.35,True,2.833819860999938
0,39.21446629070843,608,0,,0.475657439761009,2.9184362850028265,dstar_lite,False,0,0,1168,5093,48,0.039783864998753415,0,0.0,0.02860225599943078,True,300,0,7,7,B,5016,0.4083333333333333,True,7.27580537600079
0,39.94403448597244,630,0,,0.475657439761009,3.7937716279993765,dstar_lite,False,0,0,4660,19497,3182,0.11873168600141071,0,0.0,0.1571002540003974,True,10354,0,6,6,B,5017,0.5,True,6.577454603997467
0,37.87063415852995,553,0,,0.4962358310319797,1.7185198219995073,dstar_lite,False,0,0,12672,52215,168,0.24284369100132608,0,0.0,0.09101946100054192,True,212,0,3,3,B,5018,0.375,True,2.101058224998269
0,40.584405189589646,616,0,,0.4596194077712549,5.429383434999181,dstar_lite,False,0,0,542,2341,353,0.0522852129979583,0,0.0,0.02979413900175132,True,664,0,6,6,B,5019,0.49166666666666664,True,10.102302976003557
0,39.35166395352743,601,0,,0.465026880943456,1.7341640650010959,dstar_lite,False,0,0,1894,7958,6653,0.05027265900207567,0,0.0,0.5745474430004833,True,48474,0,6,6,B,5020,0.39166666666666666,True,3.6401679270020395
0,41.1964314802727,635,0,,0.465026880943456,5.190836685000249,dstar_lite,False,0,0,2579,10970,3394,0.08284613700016052,0,0.0,0.23852648299725843,True,17107,0,8,8,B,5021,0.49166666666666664,True,8.669440786998166
0,39.51890854629198,605,0,,0.475657439761009,4.228451573999337,dstar_lite,False,0,0,7120,29892,2144,0.17047312800059444,0,0.0,0.1438473909984168,True,5880,0,7,7,B,5022,0.44166666666666665,True,6.512495583992859
0,38.7576203857005,607,0,,0.465026880943456,2.4441987030004384,dstar_lite,False,0,0,2524,10828,839,0.07695565999893006,0,0.0,0.09204395699998713,True,5334,0,8,8,B,5023,0.48333333333333334,True,5.040280750003149
0,40.45878855952562,624,0,,0.465026880943456,4.516858635997778,dstar_lite,False,0,0,2887,12176,37,0.07673111099938978,0,0.0,0.041015316997800255,True,37,0,6,6,B,5024,0.425,True,9.18618482099555
0,37.13337194035151,563,0,,0.475657439761009,0.8448879930001567,dstar_lite,False,0,0,3734,15614,9040,0.12867674299923237,0,0.0,0.7133370219999051,True,61076,0,6,6,B,5025,0.475,True,3.1217710790006095
0,38.48860674881745,576,0,,0.465026880943456,2.2706004380015656,dstar_lite,False,0,0,3895,16621,139,0.09597074699922814,0,0.0,0.043030224998801714,True,817,0,5,5,B,5026,0.36666666666666664,True,3.7099798129966075
0,39.906979770499184,603,0,,0.465026880943456,2.8077056080001057,dstar_lite,False,0,0,7519,31858,17752,0.16538584799855016,0,0.0,1.5594580750002933,True,132782,0,4,4,B,5027,0.43333333333333335,True,4.806979574001161
0,39.60319585217621,619,0,,0.475657439761009,3.2092067930025223,dstar_lite,False,0,0,3673,15279,35397,0.12170910100030596,0,0.0,3.0836506720006582,True,278496,0,6,6,B,5028,0.35,True,4.713453076004953
0,41.636642078773036,636,0,,0.4962358310319797,6.310326425002131,dstar_lite,False,0,0,2384,10249,1797,0.06592705400180421,0,0.0,0.14867841600062093,True,9059,0,7,7,B,5029,0.4583333333333333,True,8.87431786900197
0,38.878042610716385,572,0,,0.465026880943456,0.9647983009999734,dstar_lite,False,0,0,1287,5463,1047,0.03483255699757137,0,0.0,0.09323493299962138,True,6976,0,7,7,B,5030,0.44166666666666665,True,2.14778259400191
0,38.351568986978634,589,0,,0.475657439761009,2.138146957997378,dstar_lite,False,0,0,5043,20892,1136,0.10667503900185693,0,0.0,0.07421082099972409,True,2906,0,5,5,B,5031,0.35833333333333334,True,5.198415627000941
0,37.92181526903956,571,0,,0.465026880943456,0.7675445870008843,dstar_lite,False,0,0,590,2542,55,0.024834871001075953,0,0.0,0.01714895599798183,True,70,0,6,6,B,5032,0.43333333333333335,True,2.676989835999848
0,37.829879750406604,567,0,,0.475657439761009,2.3915740170014033,dstar_lite,False,0,0,7323,30309,137,0.1405441399983829,0,0.0,0.0626351219980279,True,277,0,4,4,B,5033,0.4166666666666667,True,4.722503611999855
0,38.644461569850115,572,0,,0.465026880943456,1.4057468569990306,dstar_lite,False,0,0,3370,14114,1637,0.09135944800073048,0,0.0,0.15279126799941878,True,10151,0,4,4,B,5034,0.43333333333333335,True,2.7448662579954544
0,38.6392132312956,596,0,,0.475657439761009,1.9233910619987,dstar_lite,False,0,0,1192,5055,215,0.048420152998005506,0,0.0,0.03690960500171059,True,1236,0,7,7,B,5035,0.5,True,4.476765819996217
0,40.36768750826194,643,0,,0.475657439761009,2.845745975999307,dstar_lite,False,0,0,2399,10139,918,0.07674151699757203,0,0.0,0.06729622700004256,True,2677,0,7,7,B,5036,0.4666666666666667,True,8.675429908995284
0,40.50599391983045,644,0,,0.465026880943456,4.968597588002012,dstar_lite,False,0,0,421,1842,230,0.03243724200001452,0,0.0,0.03904171200338169,True,1105,0,10,10,B,5037,0.44166666666666665,True,9.931129586006136
0,36.89194946346302,567,0,,0.475657439761009,2.860876279999502,dstar_lite,False,0,0,3284,13732,1686,0.0946472059986263,0,0.0,0.08006568700147909,True,3315,0,5,5,B,5038,0.4083333333333333,True,4.532746986998973
0,38.892714734709095,587,0,,0.465026880943456,3.086038080000435,dstar_lite,False,0,0,1061,4548,464,0.043069626997748856,0,0.0,0.042608830000972375,True,2607,0,9,9,B,5039,0.475,True,4.902858112000104
0,38.15298539647757,567,0,,0.465026880943456,2.2118040100031067,dstar_lite,False,0,0,2534,10871,1009,0.06982696499835583,0,0.0,0.09034482599963667,True,4932,0,5,5,B,5040,0.4583333333333333,True,3.5878953320025175
0,39.45896179735589,591,0,,0.465026880943456,1.0914015919988742,dstar_lite,False,0,0,3985,16812,761,0.08997886300130631,0,0.0,0.09097842700066394,True,4085,0,7,7,B,5041,0.4083333333333333,True,3.3099523350028903
0,45.20819818443758,763,0,,0.47565743976100916,7.36241518099996,dstar_lite,False,0,0,4520,18790,2137,0.14007063199824188,0,0.0,0.09987688300316222,True,3856,0,6,6,B,5042,0.36666666666666664,True,13.97133715399832
0,40.673502565682675,638,0,,0.465026880943456,6.426954156002466,dstar_lite,False,0,0,163,721,199,0.022485999998025363,0,0.0,0.015353650000179186,True,507,0,7,7,B,5043,0.44166666666666665,True,10.327751651002472
0,39.99692251739901,611,0,,0.465026880943456,5.60853089399825,dstar_lite,False,0,0,7375,30061,1268,0.11904518899973482,0,0.0,0.12507541100058006,True,4984,0,6,6,B,5044,0.425,True,8.97613545499189
0,38.924010067264554,579,0,,0.465026880943456,1.4244467330026964,dstar_lite,False,0,0,7286,30576,462,0.17660592399988673,0,0.0,0.08501764099855791,True,2458,0,5,5,B,5045,0.43333333333333335,True,2.8601732490096765
0,38.613059353880324,578,0,,0.465026880943456,1.1104645839986915,dstar_lite,False,0,0,2919,12314,3030,0.09263923999969848,0,0.0,0.2591288879993954,True,19697,0,6,6,B,5046,0.4,True,2.8058017779949296
0,39.11959545701375,602,0,,0.465026880943456,2.6512231480010087,dstar_lite,False,0,0,644,2845,255,0.0331180380017031,0,0.0,0.04625582900189329,True,1291,0,8,8,B,5047,0.4166666666666667,True,5.999953550999635
0,41.14687862725635,660,0,,0.465026880943456,2.202071834999515,dstar_lite,False,0,0,8741,35652,7488,0.18286375000025146,0,0.0,0.4035097230007523,True,29624,0,7,7,B,5048,0.48333333333333334,True,6.569300821996876
0,40.22577303128184,607,0,,0.465026880943456,1.1303621490005753,dstar_lite,False,0,0,519,2250,160,0.03170049600157654,0,0.0,0.020078437999472953,True,687,0,6,6,B,5049,0.48333333333333334,True,3.078966279997985
0,37.86780294920259,562,0,,0.465026880943456,1.241807840000547,dstar_lite,False,0,0,2708,11553,4635,0.05883117800112814,0,0.0,0.4045343170000706,True,33796,0,6,6,B,5050,0.43333333333333335,True,2.772048866001569
0,39.22385830153558,591,0,,0.465026880943456,1.7659083359976648,dstar_lite,False,0,0,1374,5938,1242,0.04183550599918817,0,0.0,0.10225034000177402,True,7054,0,5,5,B,5051,0.475,True,3.639836838996416
0,38.58605635367184,595,0,,0.465026880943456,3.520892061998893,dstar_lite,False,0,0,5258,22130,1434,0.13385723900137236,0,0.0,0.1620539239993377,True,9642,0,7,7,B,5052,0.475,True,6.809077022004203
0,38.74065788897411,581,0,,0.475657439761009,1.7938448349996179,dstar_lite,False,0,0,8625,35295,19851,0.21646854000209714,0,0.0,1.5738943129981635,True,139065,0,4,4,B,5053,0.4,True,3.6426601950006443
0,38.587574211237104,586,0,,0.465026880943456,2.4558253119976143,dstar_lite,False,0,0,556,2405,696,0.03415325300011318,0,0.0,0.06920551999792224,True,3618,0,8,8,B,5054,0.49166666666666664,True,4.636608417997195
0,38.67470577505646,598,0,,0.465026880943456,2.4832304010014923,dstar_lite,False,0,0,5692,23558,560,0.13489774000117905,0,0.0,0.08372461699764244,True,2884,0,8,8,B,5055,0.4583333333333333,True,4.988776221005537
0,38.779185705626325,587,0,,0.465026880943456,2.438498277002509,dstar_lite,False,0,0,1072,4639,194,0.04505655499815475,0,0.0,0.03691308999987086,True,1067,0,7,7,B,5056,0.38333333333333336,True,4.2364659150043735
0,39.99729962953677,605,0,,0.475657439761009,1.5157999629991536,dstar_lite,False,0,0,1426,6073,594,0.05202834100055043,0,0.0,0.05744655400121701,True,3422,0,7,7,B,5057,0.49166666666666664,True,3.787739289993624
0,38.30617042143809,577,0,,0.465026880943456,0.5889762680017157,dstar_lite,False,0,0,5099,21041,2792,0.11307798800044111,0,0.0,0.1974283050003578,True,13403,0,8,8,B,5058,0.5083333333333333,True,2.7442527120074374
0,36.91437453459178,555,0,,0.465026880943456,1.6688452579983277,dstar_lite,False,0,0,4446,18783,348,0.11854419600058463,0,0.0,0.05969536699922173,True,1967,0,6,6,B,5059,0.4083333333333333,True,3.4849725629901513
0,39.306962671907364,582,0,,0.465026880943456,1.9139483439976175,dstar_lite,False,0,0,703,3023,513,0.02693018299760297,0,0.0,0.041417270000238204,True,1500,0,7,7,B,5060,0.5083333333333333,True,4.533548350998899
0,37.880660488752746,573,0,,0.465026880943456,3.6014865990000544,dstar_lite,False,0,0,5906,24716,565,0.19737778000126127,0,0.0,0.10860085399690433,True,3546,0,5,5,B,5061,0.4583333333333333,True,5.811968509999133
0,35.98842117304984,519,0,,0.465026880943456,0.4222099159997015,dstar_lite,False,0,0,6442,27012,2650,0.13892474400199717,0,0.0,0.28113565200328594,True,20121,0,4,4,B,5062,0.4083333333333333,True,1.1410907350000343
0,38.46297065372615,587,0,,0.465026880943456,4.014772828002606,dstar_lite,False,0,0,4674,19252,758,0.13208734300133074,0,0.0,0.06717878999916138,True,3081,0,6,6,B,5063,0.4,True,6.181607316000736
0,40.041454298742515,633,0,,0.465026880943456,3.1790152020003006,dstar_lite,False,0,0,475,2026,499,0.027182374000403797,0,0.0,0.03630616900045425,True,1534,0,8,8,B,5064,0.39166666666666666,True,6.525846578995697
0,37.784339499461986,573,0,,0.4962358310319797,2.915522878000047,dstar_lite,False,0,0,2071,8906,136,0.059170684002310736,0,0.0,0.03065786799925263,True,139,0,7,7,B,5065,0.44166666666666665,True,4.86675836500217
0,40.74156122389651,626,0,,0.475657439761009,3.9006869520017062,dstar_lite,False,0,0,1141,4910,464,0.04370071299854317,0,0.0,0.038485909997689305,True,1511,0,5,5,B,5066,0.375,True,4.840769612004806
0,37.795466530217695,594,0,,0.475657439761009,2.6143019139999524,dstar_lite,False,0,0,6252,26311,730,0.14307260799978394,0,0.0,0.08814758299922687,True,1915,0,4,4,B,5067,0.425,True,4.782659993001289
0,39.54025358632816,607,0,,0.475657439761009,3.974886255997262,dstar_lite,False,0,0,9180,37411,6406,0.16967240600206424,0,0.0,0.28152511499865795,True,16890,0,5,5,B,5068,0.49166666666666664,True,5.495335277995764
0,38.4869251738965,576,0,,0.4596194077712549,1.8382718389984802,dstar_lite,False,0,0,2345,9728,260,0.07847140199737623,0,0.0,0.04044383599830326,True,1218,0,8,8,B,5069,0.35833333333333334,True,3.604506040996057
0,43.00002103282185,689,0,,0.475657439761009,4.234242908998567,dstar_lite,False,0,0,1644,7103,448,0.051158791000489146,0,0.0,0.0559121629994479,True,1620,0,8,8,B,5070,0.5,True,8.351405666999199
0,40.08715506073992,625,0,,0.4962358310319797,3.481295533998491,dstar_lite,False,0,0,2624,11233,289,0.0979515889994218,0,0.0,0.05936364999797661,True,1592,0,7,7,B,5071,0.48333333333333334,True,7.078933513996162
0,39.60478799646719,603,0,,0.465026880943456,10.157274112003506,dstar_lite,False,0,0,1484,6372,132,0.06338635800057091,0,0.0,0.03945231399848126,True,805,0,6,6,B,5072,0.4,True,13.186635495007067
0,43.83156566329897,674,0,,0.465026880943456,6.124134131998289,dstar_lite,False,0,0,1792,7567,736,0.048309034002159024,0,0.0,0.055342578001727816,True,2214,0,8,8,B,5073,0.525,True,8.796685752997291
0,37.684677912213026,574,0,,0.465026880943456,2.0735185589983303,dstar_lite,False,0,0,674,2878,390,0.03111937600260717,0,0.0,0.026849087000300642,True,977,0,6,6,B,5074,0.4166666666666667,True,4.022647703000985
0,39.98464617485946,625,0,,0.475657439761009,3.565616857002169,dstar_lite,False,0,0,4139,17415,3550,0.11607970199838746,0,0.0,0.1688101200015808,True,10492,0,7,7,B,5075,0.4,True,6.6477715840046585
0,36.59043740979421,552,0,,0.465026880943456,2.3460325060004834,dstar_lite,False,0,0,3676,15500,308,0.09578136499840184,0,0.0,0.061664976998144994,True,1796,0,7,7,B,5076,0.475,True,3.894664894000016
0,42.049000580221424,652,0,,0.465026880943456,5.869254664998152,dstar_lite,False,0,0,982,4175,634,0.036473445001320215,0,0.0,0.04136050300076022,True,1629,0,5,5,B,5077,0.4583333333333333,True,9.789436101997126
0,40.833358784940444,652,0,,0.475657439761009,5.086013152002124,dstar_lite,False,0,0,726,3039,1442,0.02970642000218504,0,0.0,0.09936995600219234,True,7256,0,7,7,B,5078,0.4083333333333333,True,9.928646816006221
0,36.53200924526562,528,0,,0.465026880943456,0.376189203998365,dstar_lite,False,0,0,1464,6345,220,0.056007031998888124,0,0.0,0.02573039900016738,True,850,0,6,6,B,5079,0.45,True,1.4215764199980185
0,39.005380151579025,586,0,,0.465026880943456,1.2084058820000791,dstar_lite,False,0,0,2593,11173,265,0.08095515300010447,0,0.0,0.04894279799918877,True,1308,0,5,5,B,5080,0.4166666666666667,True,3.4237405550047697
0,38.234670911159945,589,0,,0.465026880943456,1.7533288320009888,dstar_lite,False,0,0,2951,12437,127,0.10961094699814566,0,0.0,0.03977722600029665,True,297,0,7,7,B,5081,0.4,True,4.455742613001348
0,37.98125359084441,574,0,,0.465026880943456,2.2419967179994273,dstar_lite,False,0,0,2135,9013,83,0.05762720100028673,0,0.0,0.030195332001312636,True,127,0,6,6,B,5082,0.43333333333333335,True,3.673041170997749
0,40.69471128673372,625,0,,0.475657439761009,5.355852870001399,dstar_lite,False,0,0,3942,16519,3079,0.1328013860002102,0,0.0,0.14464893100011977,True,9814,0,4,4,B,5083,0.4166666666666667,True,8.000824670001748
0,38.293664815218484,589,0,,0.465026880943456,2.3137071459968865,dstar_lite,False,0,0,2555,10769,234,0.10448951799844508,0,0.0,0.0387796779978089,True,967,0,5,5,B,5084,0.4583333333333333,True,4.659840178996092
0,40.306637892706185,620,0,,0.465026880943456,0.8848316770017846,dstar_lite,False,0,0,4649,19660,3296,0.135514866997255,0,0.0,0.22583294700234546,True,15717,0,7,7,B,5085,0.4666666666666667,True,3.361275311002828
0,40.10616511159072,619,0,,0.465026880943456,1.3289861810008006,dstar_lite,False,0,0,2438,10229,2688,0.07203866800045944,0,0.0,0.15275794499757467,True,11334,0,7,7,B,5086,0.48333333333333334,True,4.28514889500002
0,40.03462897137215,614,0,,0.465026880943456,3.9218107769993367,dstar_lite,False,0,0,1896,8074,1093,0.05488840399993933,0,0.0,0.06239598100000876,True,2822,0,6,6,B,5087,0.39166666666666666,True,6.1714943229926575
0,43.632045068947605,694,0,,0.475657439761009,6.796837232999678,dstar_lite,False,0,0,4689,19640,1139,0.1532345939995139,0,0.0,0.1125450860017736,True,4210,0,6,6,B,5088,0.4666666666666667,True,9.596962288003851
0,38.26791412021537,559,0,,0.465026880943456,1.3159411560009175,dstar_lite,False,0,0,1006,4308,51,0.05955028899916215,0,0.0,0.023319875999732176,True,104,0,7,7,B,5089,0.38333333333333336,True,2.3165898170045693
0,38.58253602501133,561,0,,0.465026880943456,0.9850417759989796,dstar_lite,False,0,0,1587,6686,1049,0.043138013999850955,0,0.0,0.09888114699788275,True,6431,0,4,4,B,5090,0.4083333333333333,True,1.866691927996726
0,39.44717212472498,602,0,,0.465026880943456,3.1498080319979636,dstar_lite,False,0,0,641,2774,233,0.02997758200217504,0,0.0,0.04032062899932498,True,1273,0,7,7,B,5091,0.45,True,5.35063905399511
0,40.78533112645171,625,0,,0.465026880943456,4.096145110997895,dstar_lite,False,0,0,2309,9917,260,0.0932820800007903,0,0.0,0.06873614299911424,True,1355,0,7,7,B,5092,0.48333333333333334,True,8.19322736799586
0,38.58060561325646,582,0,,0.465026880943456,3.182578222000302,dstar_lite,False,0,0,453,1930,434,0.03209441099897958,0,0.0,0.0442016489978414,True,2549,0,7,7,B,5093,0.4166666666666667,True,5.039023444998747
0,39.828319948976755,618,0,,0.475657439761009,2.5534334769981797,dstar_lite,False,0,0,5184,22036,959,0.12203524699725676,0,0.0,0.10143074100051308,True,4022,0,5,5,B,5094,0.4083333333333333,True,6.542303090998757
0,38.57624943064943,587,0,,0.465026880943456,4.744992723000905,dstar_lite,False,0,0,11509,47469,311,0.2337300379986118,0,0.0,0.10440352899968275,True,1758,0,6,6,B,5095,0.375,True,7.075332804004574
0,37.15194214996028,565,0,,0.475657439761009,2.2849760559984134,dstar_lite,False,0,0,508,2220,477,0.027331511002557818,0,0.0,0.04586791199835716,True,1752,0,6,6,B,5096,0.45,True,4.1913583319983445
0,36.36030091843454,531,0,,0.465026880943456,1.4214474889995472,dstar_lite,False,0,0,5048,21110,1094,0.11556198499965831,0,0.0,0.12158883099982631,True,6468,0,5,5,B,5097,0.4166666666666667,True,2.543030497003201
0,37.0558190521534,553,0,,0.465026880943456,1.8693512830031978,dstar_lite,False,0,0,2705,11376,1124,0.07688371599942911,0,0.0,0.08054074200117611,True,4789,0,5,5,B,5098,0.4666666666666667,True,3.267609930000617
0,40.5103012561167,630,0,,0.465026880943456,6.201769857998443,dstar_lite,False,0,0,1723,7428,782,0.07282513700192794,0,0.0,0.08855656399828149,True,4605,0,8,8,B,5099,0.48333333333333334,True,9.891544901995076
0,39.39023193483586,609,0,,0.465026880943456,4.903885285999422,dstar_lite,False,0,0,7200,30187,1779,0.1676134990011633,0,0.0,0.17313661699881777,True,7561,0,7,7,B,5100,0.525,True,6.814912326000922
0,41.1513792015502,650,0,,0.475657439761009,3.159604202002811,dstar_lite,False,0,0,1982,8276,1690,0.06658257600065554,0,0.0,0.08636954200119362,True,5549,0,5,5,B,5101,0.44166666666666665,True,9.150356400004966
0,41.09465150418232,652,0,,0.475657439761009,4.969022160999884,dstar_lite,False,0,0,9876,40320,26861,0.1732783080005902,0,0.0,2.0399966549994133,True,179124,0,5,5,B,5102,0.425,True,8.312786582995614
0,37.64320871537179,571,0,,0.465026880943456,1.681591512999148,dstar_lite,False,0,0,2448,10255,401,0.07653077400027541,0,0.0,0.051289468003233196,True,1572,0,7,7,B,5103,0.4666666666666667,True,4.56222095600242
0,38.93034092779498,601,0,,0.465026880943456,2.0121601999999257,dstar_lite,False,0,0,9478,39507,1781,0.20199747600054252,0,0.0,0.17700501199942664,True,9447,0,6,6,B,5104,0.43333333333333335,True,5.116977457997564
0,39.67881270721322,623,0,,0.465026880943456,3.349438609999197,dstar_lite,False,0,0,4356,18041,6247,0.11578592800287879,0,0.0,0.431074030999298,True,35058,0,6,6,B,5105,0.5166666666666667,True,5.39183183199566
0,38.55440621103876,591,0,,0.465026880943456,3.8302299559982202,dstar_lite,False,0,0,4461,18902,2540,0.1288303699984681,0,0.0,0.2058302850018663,True,12892,0,6,6,B,5106,0.475,True,5.89028916499592
0,38.045555856304865,567,0,,0.465026880943456,1.1013899600002333,dstar_lite,False,0,0,808,3445,558,0.04281588200319675,0,0.0,0.05756031000055373,True,3463,0,7,7,B,5107,0.4666666666666667,True,2.4582837199995993
0,43.10923286971345,690,0,,0.47565743976100916,1.9366116460005287,dstar_lite,False,0,0,3966,16277,19125,0.11282136799854925,0,0.0,1.5917758569994476,True,141594,0,4,4,B,5108,0.3,True,6.154929239004559
0,40.264288109351696,630,0,,0.475657439761009,5.226990803999797,dstar_lite,False,0,0,10755,45184,543,0.23425536899958388,0,0.0,0.12434332200064091,True,2494,0,4,4,B,5109,0.38333333333333336,True,8.552682014997117
0,37.994799333585966,589,0,,0.465026880943456,2.35107351699844,dstar_lite,False,0,0,1949,8347,642,0.06017605600209208,0,0.0,0.06657415999870864,True,3415,0,6,6,B,5110,0.45,True,5.569823624995479
0,39.2478108267639,596,0,,0.465026880943456,3.375209342000744,dstar_lite,False,0,0,2184,9459,1311,0.07200209800066659,0,0.0,0.11206959400078631,True,7367,0,6,6,B,5111,0.45,True,5.467520635997062
0,37.810751809841086,567,0,,0.465026880943456,2.9088162619991635,dstar_lite,False,0,0,1242,5188,752,0.06964016400161199,0,0.0,0.05809033100013039,True,2691,0,6,6,B,5112,0.4166666666666667,True,4.4702437029955036
0,42.00354640660434,634,0,,0.475657439761009,7.274997237000207,dstar_lite,False,0,0,1312,5447,1561,0.06760186099927523,0,0.0,0.09885185200255364,True,6242,0,6,6,B,5113,0.5166666666666667,True,8.854557848997501
0,40.046708479526266,602,0,,0.465026880943456,3.0695280940017255,dstar_lite,False,0,0,11434,47797,25590,0.20937907899860875,0,0.0,2.1493388449998747,True,186900,0,3,3,B,5114,0.35,True,6.120177528002387
0,37.118877269943106,560,0,,0.465026880943456,0.8149964990006993,dstar_lite,False,0,0,2564,10809,4230,0.0645311269981903,0,0.0,0.3681331829975534,True,30147,0,6,6,B,5115,0.48333333333333334,True,2.719379147001746
0,38.851629429458264,594,0,,0.465026880943456,1.4877725490005105,dstar_lite,False,0,0,644,2740,389,0.03483517099812161,0,0.0,0.02759782200155314,True,1302,0,8,8,B,5116,0.475,True,4.766495193998708
0,44.15378333349534,709,0,,0.475657439761009,9.661319467002613,dstar_lite,False,0,0,820,3581,534,0.033001186999172205,0,0.0,0.04175094799938961,True,1723,0,7,7,B,5117,0.425,True,12.86240621399702
0,37.088365190971466,552,0,,0.465026880943456,3.9346430059995328,dstar_lite,False,0,0,1504,6490,22,0.06922022299841046,0,0.0,0.03179648500008625,True,136,0,7,7,B,5118,0.44166666666666665,True,5.113526797002123
0,38.57758121050254,571,0,,0.465026880943456,1.6487389100002474,dstar_lite,False,0,0,5338,22149,4,0.126281614000618,0,0.0,0.049799650001659757,True,4,0,6,6,B,5119,0.44166666666666665,True,3.337339409998094
0,38.29879924772332,585,0,,0.4962358310319797,1.8951922060005018,dstar_lite,False,0,0,314,1367,205,0.0180181480027386,0,0.0,0.011850945000333013,True,299,0,6,6,B,5120,0.475,True,4.40389346899974
0,38.5156640885346,586,0,,0.465026880943456,1.4841753079999762,dstar_lite,False,0,0,1847,7985,964,0.10100670599786099,0,0.0,0.09341426999890245,True,5840,0,6,6,B,5121,0.43333333333333335,True,4.159573848995933
0,39.65503856356006,599,0,,0.465026880943456,1.337932649999857,dstar_lite,False,0,0,643,2802,1008,0.026054967001982732,0,0.0,0.08920932099863421,True,5912,0,7,7,B,5122,0.4166666666666667,True,3.1101782170044316
0,36.72987626482146,547,0,,0.465026880943456,1.0183471070013184,dstar_lite,False,0,0,1185,5128,283,0.042564604998915456,0,0.0,0.038509813999553444,True,1766,0,7,7,B,5123,0.5166666666666667,True,2.6454902840014256
0,38.60110658347997,597,0,,0.465026880943456,2.5024749179974606,dstar_lite,False,0,0,486,2152,358,0.03087460399910924,0,0.0,0.04340060599861317,True,1938,0,8,8,B,5124,0.38333333333333336,True,5.877747220994934
0,37.85052755652375,570,0,,0.465026880943456,1.9928603500011377,dstar_lite,False,0,0,3258,13905,1339,0.10658947600313695,0,0.0,0.10739530199862202,True,5429,0,8,8,B,5125,0.475,True,3.6051640549922013
0,41.190301267193924,621,0,,0.465026880943456,3.3307558600026823,dstar_lite,False,0,0,1031,4419,254,0.035264776000985876,0,0.0,0.03418219400191447,True,983,0,7,7,B,5126,0.35833333333333334,True,6.177760344002309
0,38.22490818231709,575,0,,0.465026880943456,1.5772092179977335,dstar_lite,False,0,0,7694,32416,1968,0.15888163799900212,0,0.0,0.16686550899976282,True,7809,0,6,6,B,5127,0.475,True,3.5542580250003084
0,37.154684117417496,554,0,,0.465026880943456,1.7101602909970097,dstar_lite,False,0,0,2455,10308,254,0.056137471001420636,0,0.0,0.04896194599859882,True,1143,0,7,7,B,5128,0.4,True,3.47579318699718
0,38.01547620372041,595,0,,0.475657439761009,1.8738969400001224,dstar_lite,False,0,0,416,1775,430,0.028726006003125804,0,0.0,0.026222025000606664,True,1444,0,7,7,B,5129,0.4666666666666667,True,3.850303815997904
0,41.28402444207773,666,0,,0.465026880943456,4.930086472002586,dstar_lite,False,0,0,994,4314,277,0.06361515699973097,0,0.0,0.03672588699919288,True,788,0,8,8,B,5130,0.5166666666666667,True,8.552649239005405
0,38.661355999754996,610,0,,0.465026880943456,4.237711218996992,dstar_lite,False,0,0,2518,10537,2225,0.07677904700176441,0,0.0,0.14761212099983823,True,10636,0,9,9,B,5131,0.48333333333333334,True,7.474028291995637
0,39.96376570631074,612,0,,0.475657439761009,1.5372031799997785,dstar_lite,False,0,0,600,2541,607,0.03193924600054743,0,0.0,0.0373679109980003,True,2374,0,6,6,B,5132,0.45,True,3.5502796149994538
0,38.30581868321165,589,0,,0.465026880943456,3.444464878997678,dstar_lite,False,0,0,6706,27684,5522,0.15258285900199553,0,0.0,0.37549890199807123,True,28739,0,5,5,B,5133,0.4166666666666667,True,5.5443901929938875
0,37.43249687246179,564,0,,0.465026880943456,1.9275923099994543,dstar_lite,False,0,0,8987,37680,355,0.19354231300167157,0,0.0,0.09748388599837199,True,1879,0,6,6,B,5134,0.38333333333333336,True,3.633494843998051
0,39.65070358573529,610,0,,0.465026880943456,3.7236959879992355,dstar_lite,False,0,0,754,3314,479,0.02557105199957732,0,0.0,0.04771212400009972,True,2551,0,8,8,B,5135,0.36666666666666664,True,5.5049219699903915
0,36.735703562237084,541,0,,0.465026880943456,2.705134277999605,dstar_lite,False,0,0,10465,43978,910,0.24679652499980875,0,0.0,0.1577157649990113,True,4814,0,5,5,B,5136,0.4583333333333333,True,3.56980947899865
0,37.16959039329982,568,0,,0.465026880943456,1.2144132139983412,dstar_lite,False,0,0,1368,5758,604,0.04003951200138545,0,0.0,0.04513150200000382,True,2601,0,6,6,B,5137,0.4,True,3.2996886419969087
0,37.89939125582121,579,0,,0.465026880943456,1.0967857709983946,dstar_lite,False,0,0,8101,34281,2563,0.1876294350004173,0,0.0,0.2479556069993123,True,15814,0,7,7,B,5138,0.5,True,3.1147598439929425
0,39.33949679292002,592,0,,0.465026880943456,2.432256846997916,dstar_lite,False,0,0,1224,5291,924,0.04594060699673719,0,0.0,0.0823354370004381,True,4665,0,6,6,B,5139,0.3333333333333333,True,3.709789720000117
0,37.67177249484275,560,0,,0.465026880943456,2.078641685002367,dstar_lite,False,0,0,1532,6573,258,0.05014366499744938,0,0.0,0.03644846399765811,True,1562,0,6,6,B,5140,0.4583333333333333,True,3.56134337900221
0,37.871351187573886,580,0,,0.465026880943456,2.429871025000466,dstar_lite,False,0,0,99,423,87,0.0141032190003898,0,0.0,0.009604323000530712,True,93,0,8,8,B,5141,0.44166666666666665,True,4.27369661800185
0,38.031280669768684,573,0,,0.465026880943456,1.267483921998064,dstar_lite,False,0,0,1126,4875,110,0.039400573001330486,0,0.0,0.031877470999461366,True,615,0,8,8,B,5142,0.4,True,3.3232122240005992
0,38.99048731390313,608,0,,0.475657439761009,1.9922151550017588,dstar_lite,False,0,0,9809,40884,1757,0.19025581100140698,0,0.0,0.16277942300075665,True,7049,0,4,4,B,5143,0.44166666666666665,True,6.00460567600021
0,38.62923202651218,583,0,,0.465026880943456,1.0775731469984748,dstar_lite,False,0,0,1627,7044,2254,0.07902690600167261,0,0.0,0.18922835099874646,True,14592,0,7,7,B,5144,0.475,True,2.7444952000005287
0,38.063835490176224,583,0,,0.465026880943456,5.49408590800158,dstar_lite,False,0,0,7350,30660,953,0.18929596899761236,0,0.0,0.12885767599800602,True,3815,0,7,7,B,5145,0.45,True,7.124883460001001
0,37.58220319074676,567,0,,0.465026880943456,2.6809941150022496,dstar_lite,False,0,0,1476,6396,111,0.046061200999247376,0,0.0,0.03457248300037463,True,672,0,5,5,B,5146,0.4583333333333333,True,5.144887425994966
0,36.73129406794642,558,0,,0.4596194077712549,2.636493795998831,dstar_lite,False,0,0,2628,11046,52,0.06505255099909846,0,0.0,0.02796528299950296,True,303,0,7,7,B,5147,0.4166666666666667,True,4.7894900149949535
0,38.74542138907024,572,0,,0.465026880943456,1.5674427119993197,dstar_lite,False,0,0,4582,18941,469,0.08533168700159877,0,0.0,0.06261431500024628,True,2200,0,5,5,B,5148,0.4666666666666667,True,3.8131727790023433
0,39.537326791959735,604,0,,0.465026880943456,3.9815723890023946,dstar_lite,False,0,0,1814,7809,2448,0.06178808900222066,0,0.0,0.18916144499962684,True,14807,0,6,6,B,5149,0.44166666666666665,True,7.018059739995806
0,36.35926486449501,541,0,,0.465026880943456,1.016171631999896,dstar_lite,False,0,0,1967,8292,3278,0.05307489899860229,0,0.0,0.24404228499770397,True,19801,0,7,7,B,5150,0.4166666666666667,True,2.3625469420039735
0,39.30179351053131,585,0,,0.4962358310319797,1.823906478999561,dstar_lite,False,0,0,2204,9357,1404,0.08127773299929686,0,0.0,0.10601912199854269,True,6767,0,5,5,B,5151,0.525,True,3.2413423029975093
0,38.298821255546834,583,0,,0.465026880943456,1.2495463310006016,dstar_lite,False,0,0,1484,6298,1004,0.053925292999338126,0,0.0,0.0623730510014866,True,4124,0,6,6,B,5152,0.4083333333333333,True,3.4867975740016846
0,40.88647650550663,629,0,,0.465026880943456,3.0091980020006304,dstar_lite,False,0,0,1529,6623,754,0.05703873300080886,0,0.0,0.06199084000036237,True,2554,0,8,8,B,5153,0.5,True,6.892014336997818
0,38.54516466152254,577,0,,0.465026880943456,0.6303501260008488,dstar_lite,False,0,0,1873,7940,1568,0.06523580900102388,0,0.0,0.12508564299787395,True,9580,0,7,7,B,5154,0.44166666666666665,True,2.702658285998041
0,38.97893381083179,609,0,,0.475657439761009,1.919710246998875,dstar_lite,False,0,0,1518,6462,266,0.05314948800150887,0,0.0,0.04265518799729762,True,1437,0,7,7,B,5155,0.45,True,5.4157773130027635
0,39.34228805114959,600,0,,0.465026880943456,1.3378330589985126,dstar_lite,False,0,0,2820,11666,955,0.0849599909997778,0,0.0,0.07116747600230156,True,3733,0,8,8,B,5156,0.48333333333333334,True,3.9029669699921214
0,39.009200379053375,583,0,,0.4962358310319797,1.3124498719989788,dstar_lite,False,0,0,2086,8819,595,0.0718390330002876,0,0.0,0.039381395999953384,True,1708,0,5,5,B,5157,0.39166666666666666,True,2.974895059996925
0,39.05514008186645,599,0,,0.465026880943456,1.8758901559995138,dstar_lite,False,0,0,1462,6196,933,0.05562162000205717,0,0.0,0.0582969739989494,True,2972,0,9,9,B,5158,0.55,True,4.548737379009253
0,41.565548653781015,645,0,,0.465026880943456,3.380251688999124,dstar_lite,False,0,0,6745,28154,299,0.13339765499767964,0,0.0,0.09248069699970074,True,1627,0,6,6,B,5159,0.475,True,8.145032026994159
0,38.19269853800376,578,0,,0.465026880943456,1.636080430002039,dstar_lite,False,0,0,493,2116,58,0.03510167499916861,0,0.0,0.015186322998488322,True,66,0,7,7,B,5160,0.45,True,4.271009399999457
0,41.18716526621916,638,0,,0.465026880943456,7.161169674000121,dstar_lite,False,0,0,3182,13266,2686,0.07534228599979542,0,0.0,0.14360596999904374,True,9210,0,7,7,B,5161,0.44166666666666665,True,8.082464894003351
0,40.74792597751038,631,0,,0.475657439761009,2.105337661003432,dstar_lite,False,0,0,4000,16323,24767,0.08061330200143857,0,0.0,2.0201080059996457,True,177992,0,6,6,B,5162,0.4,True,4.988320477004891
0,43.516211156190494,670,0,,0.47565743976100916,3.0444440030005353,dstar_lite,False,0,0,16464,67256,38693,0.33445228499840596,0,0.0,2.705857572000241,True,230674,0,5,5,B,5163,0.45,True,7.106042804996832
0,38.01499820150667,599,0,,0.475657439761009,5.56568187800076,dstar_lite,False,0,0,697,2949,1259,0.03493106499809073,0,0.0,0.08421916600127588,True,6359,0,5,5,B,5164,0.3416666666666667,True,6.844104291001713
0,38.42825954842514,575,0,,0.465026880943456,1.3615995839973039,dstar_lite,False,0,0,867,3785,525,0.03287833200010937,0,0.0,0.05566726599863614,True,2922,0,6,6,B,5165,0.4,True,3.383885911996913
0,39.30611575526992,631,0,,0.465026880943456,3.921989754999231,dstar_lite,False,0,0,2622,11264,1084,0.07198024099852773,0,0.0,0.10369784499926027,True,4815,0,9,9,B,5166,0.44166666666666665,True,7.501207789999171
0,41.46163944230486,645,0,,0.475657439761009,1.9810129750003398,dstar_lite,False,0,0,7172,29727,21622,0.16087202100243303,0,0.0,1.7390435919987794,True,151171,0,6,6,B,5167,0.43333333333333335,True,6.500948614000663
0,37.92263839170089,573,0,,0.465026880943456,2.9470491529973515,dstar_lite,False,0,0,3200,13724,1021,0.09124026299832622,0,0.0,0.11289518799821963,True,6907,0,6,6,B,5168,0.45,True,4.9286386410021805
0,39.657596667518455,606,0,,0.465026880943456,2.9696807369982707,dstar_lite,False,0,0,6964,28606,1991,0.141210650002904,0,0.0,0.12040182599957916,True,5567,0,6,6,B,5169,0.35833333333333334,True,4.829281031001301
0,36.67576579949671,538,0,,0.465026880943456,0.950037186001282,dstar_lite,False,0,0,1649,7011,10061,0.04344254800162162,0,0.0,0.9014151250012219,True,76728,0,3,3,B,5170,0.38333333333333336,True,2.046617698000773
0,37.97246015143724,555,0,,0.4596194077712549,1.2063768689986318,dstar_lite,False,0,0,4603,19587,713,0.11515966600200045,0,0.0,0.07310152300124173,True,2732,0,5,5,B,5171,0.375,True,2.200125401002879
0,37.94745245583092,578,0,,0.465026880943456,2.8317835710004147,dstar_lite,False,0,0,5161,21798,103,0.13923373500074376,0,0.0,0.06618677799997386,True,361,0,7,7,B,5172,0.5,True,5.151797144000739
0,39.84815366400964,609,0,,0.465026880943456,6.969033063000097,dstar_lite,False,0,0,766,3352,201,0.03479321600025287,0,0.0,0.03382338299707044,True,833,0,7,7,B,5173,0.45,True,9.667493597997236
0,41.43463727426628,643,0,,0.475657439761009,4.193324821000715,dstar_lite,False,0,0,6116,25281,5377,0.1403778849999071,0,0.0,0.2765798319996975,True,18267,0,7,7,B,5174,0.39166666666666666,True,6.822849500007578
0,37.63947568384818,542,0,,0.465026880943456,0.5843358719976095,dstar_lite,False,0,0,1117,4844,197,0.04913488199963467,0,0.0,0.02620538499832037,True,1170,0,5,5,B,5175,0.375,True,1.546045992992731
0,37.71190970316109,579,0,,0.465026880943456,2.145358010002383,dstar_lite,False,0,0,1829,7656,1969,0.057930222999857506,0,0.0,0.14558506599860266,True,10682,0,6,6,B,5176,0.4083333333333333,True,4.155307253000501
0,40.14506713751667,600,0,,0.465026880943456,4.37555237199922,dstar_lite,False,0,0,817,3538,186,0.03741160599747673,0,0.0,0.02716798899928108,True,311,0,7,7,B,5177,0.43333333333333335,True,5.595758267001656
0,36.51845185454264,535,0,,0.465026880943456,1.9772214450022148,dstar_lite,False,0,0,6702,27889,2644,0.1223930800006201,0,0.0,0.29081792199940537,True,19838,0,4,4,B,5178,0.4,True,2.764436998997553
0,42.054604395282865,671,0,,0.475657439761009,1.777228044000367,dstar_lite,False,0,0,3053,12837,8213,0.09612057499907678,0,0.0,0.6910182460014767,True,58547,0,6,6,B,5179,0.45,True,5.329468541993265
0,39.21482040275939,581,0,,0.465026880943456,0.6884725569980219,dstar_lite,False,0,0,10548,44030,5142,0.23297451500184252,0,0.0,0.4531811880005989,True,34383,0,5,5,B,5180,0.4083333333333333,True,2.2127518139968743
0,37.22816223535657,565,0,,0.465026880943456,3.244719399001042,dstar_lite,False,0,0,4569,18755,220,0.1284905929969682,0,0.0,0.05594134999773814,True,540,0,6,6,B,5181,0.4583333333333333,True,5.043146056003025
0,40.58895777262975,614,0,,0.465026880943456,3.0896637750010996,dstar_lite,False,0,0,1821,7760,98,0.050722903997666435,0,0.0,0.03129745200203615,True,106,0,8,8,B,5182,0.4666666666666667,True,5.24163558500004
0,39.022527810363435,604,0,,0.465026880943456,3.506480994001322,dstar_lite,False,0,0,6880,28944,1201,0.1512383070003125,0,0.0,0.14741027299896814,True,6988,0,5,5,B,5183,0.4083333333333333,True,6.855048360997898
0,38.73853755347877,568,0,,0.465026880943456,1.2873740040013217,dstar_lite,False,0,0,4859,20809,324,0.14523290299985092,0,0.0,0.07381191999957082,True,1982,0,5,5,B,5184,0.43333333333333335,True,2.997771135003859
0,39.50296243698147,623,0,,0.465026880943456,3.920476546998543,dstar_lite,False,0,0,3746,15730,1258,0.09023248899757164,0,0.0,0.1137721999984933,True,6001,0,7,7,B,5185,0.49166666666666664,True,6.584973919005279
0,38.98165203961724,590,0,,0.465026880943456,2.4113770600015414,dstar_lite,False,0,0,8635,36254,226,0.18808584599901224,0,0.0,0.07484468199982075,True,1285,0,5,5,B,5186,0.39166666666666666,True,4.424505939001392
0,41.26410595879432,642,0,,0.475657439761009,6.905162104001647,dstar_lite,False,0,0,3212,13606,57,0.0830758930023876,0,0.0,0.05033297800036962,True,312,0,7,7,B,5187,0.5333333333333333,True,10.91025435899428
0,37.63913978968612,573,0,,0.465026880943456,3.109156118000101,dstar_lite,False,0,0,6560,27076,1135,0.13034364299892331,0,0.0,0.09258626799783087,True,3834,0,4,4,B,5188,0.425,True,5.157944128000963
0,40.1392664564597,638,0,,0.465026880943456,2.390937264000968,dstar_lite,False,0,0,3268,13776,966,0.07586202699894784,0,0.0,0.09047421000286704,True,3192,0,7,7,B,5189,0.5583333333333333,True,7.3053721780052
0,40.64836322655362,612,0,,0.465026880943456,4.601701902996865,dstar_lite,False,0,0,2169,9338,744,0.06583252900236403,0,0.0,0.08739255299951765,True,5030,0,5,5,B,5190,0.38333333333333336,True,6.316921569999977
0,38.76636800574033,594,0,,0.475657439761009,1.1969549280001957,dstar_lite,False,0,0,7168,29746,14850,0.17661606899855542,0,0.0,1.017456322999351,True,84682,0,7,7,B,5191,0.425,True,4.667037121998874
0,38.849555062093025,584,0,,0.465026880943456,1.7943150009996316,dstar_lite,False,0,0,1597,6980,1203,0.04644908900081646,0,0.0,0.10637015999964206,True,7630,0,6,6,B,5192,0.4,True,3.2229013979958836
0,38.61478227504528,591,0,,0.465026880943456,3.0780101150012342,dstar_lite,False,0,0,1343,5727,1712,0.04132701499838731,0,0.0,0.094886929000495,True,6526,0,6,6,B,5193,0.4666666666666667,True,4.876340899005299
0,38.685702989703536,575,0,,0.465026880943456,5.231679077998706,dstar_lite,False,0,0,1925,8136,2470,0.049983081000391394,0,0.0,0.1590665120020276,True,11289,0,5,5,B,5194,0.4166666666666667,True,5.931126726998627
0,38.56285711927421,609,0,,0.475657439761009,2.179260728000372,dstar_lite,False,0,0,1769,7704,627,0.05648011499943095,0,0.0,0.05955722100043204,True,3077,0,6,6,B,5195,0.4083333333333333,True,5.386071904002165
0,37.014377126287535,567,0,,0.465026880943456,2.688675076002255,dstar_lite,False,0,0,2584,11051,816,0.06314446700343979,0,0.0,0.059040869997261325,True,2886,0,7,7,B,5196,0.38333333333333336,True,3.7459605340045528
0,40.047380072001886,625,0,,0.475657439761009,2.003296627000964,dstar_lite,False,0,0,2566,10873,1576,0.081605003997538,0,0.0,0.09011198699954548,True,5664,0,7,7,B,5197,0.48333333333333334,True,4.4182125509978505
0,38.98625732866079,576,0,,0.465026880943456,1.0383732589980355,dstar_lite,False,0,0,1923,8299,393,0.056578357001853874,0,0.0,0.049975132998952176,True,2214,0,6,6,B,5198,0.43333333333333335,True,2.4038044400003855
0,39.38300484940495,616,0,,0.465026880943456,3.9835974560010072,dstar_lite,False,0,0,1337,5761,1257,0.05226466900057858,0,0.0,0.10563350699885632,True,6910,0,6,6,B,5199,0.375,True,6.079506587007927
0,38.20700592301183,557,0,,0.465026880943456,1.386093836001237,dstar_lite,False,0,0,9164,37863,500,0.18806193199998233,0,0.0,0.10193627599801403,True,2341,0,4,4,B,5200,0.375,True,2.09575858700191
0,38.41057645966702,581,0,,0.4596194077712549,1.1257535459990322,dstar_lite,False,0,0,1325,5690,155,0.04784511399702751,0,0.0,0.02080504300101893,True,163,0,9,9,B,5201,0.43333333333333335,True,2.9044806039964897
0,37.89103496274796,584,0,,0.465026880943456,1.9083046689993353,dstar_lite,False,0,0,2923,12358,660,0.11287859100048081,0,0.0,0.07892855299724033,True,3144,0,8,8,B,5202,0.5083333333333333,True,4.995470344998466
0,39.6692492243069,609,0,,0.465026880943456,3.5833687010017456,dstar_lite,False,0,0,600,2583,186,0.02794596799867577,0,0.0,0.01775937200000044,True,502,0,8,8,B,5203,0.4166666666666667,True,5.324936710010661
0,36.68108093242801,536,0,,0.465026880943456,2.238896039998508,dstar_lite,False,0,0,15566,65081,2478,0.3300608610006748,0,0.0,0.3009233430020686,True,16638,0,3,3,B,5204,0.39166666666666666,True,3.0170570090012916
0,37.768336778173015,568,0,,0.465026880943456,3.6623056039970834,dstar_lite,False,0,0,4656,19398,93,0.12194027399891638,0,0.0,0.048653727000782965,True,134,0,5,5,B,5205,0.48333333333333334,True,5.432044830995437
0,38.85696910249294,606,0,,0.475657439761009,6.284311049999815,dstar_lite,False,0,0,16205,67520,2405,0.35923822200129507,0,0.0,0.2423637530009728,True,7768,0,3,3,B,5206,0.4,True,8.971059537001565
0,38.724878606638484,594,0,,0.475657439761009,9.29882234300021,dstar_lite,False,0,0,2074,8621,2093,0.04372917100045015,0,0.0,0.10156741499667987,True,5356,0,5,5,B,5207,0.35833333333333334,True,9.924753626000893
0,35.657220474929936,532,0,,0.465026880943456,1.3015435239976796,dstar_lite,False,0,0,423,1851,614,0.039391517002513865,0,0.0,0.051379676999204094,True,3140,0,7,7,B,5208,0.3416666666666667,True,2.2190007339995645
0,38.51421673516018,590,0,,0.465026880943456,1.8253807469991443,dstar_lite,False,0,0,462,2016,176,0.02288672500071698,0,0.0,0.021981191999657312,True,195,0,6,6,B,5209,0.475,True,4.432535077994544
0,38.19607326165987,569,0,,0.465026880943456,2.4540738759969827,dstar_lite,False,0,0,5441,22904,736,0.1431696239997109,0,0.0,0.08397153599798912,True,3098,0,5,5,B,5210,0.4666666666666667,True,4.1404674610021175
0,37.78390126651592,567,0,,0.465026880943456,3.0037089880024723,dstar_lite,False,0,0,6594,27917,701,0.1493087970011402,0,0.0,0.08962381399760488,True,1895,0,6,6,B,5211,0.35833333333333334,True,4.231130913998641
0,36.357823525097935,534,0,,0.465026880943456,1.8595357590020285,dstar_lite,False,0,0,700,3048,1822,0.03697686200030148,0,0.0,0.16006213299988303,True,13340,0,5,5,B,5212,0.4166666666666667,True,2.8016389020012866
0,37.87807500583235,574,0,,0.465026880943456,3.871157380999648,dstar_lite,False,0,0,1934,8287,1210,0.07194360599896754,0,0.0,0.09386417899804655,True,5421,0,6,6,B,5213,0.44166666666666665,True,5.777643926001474
0,38.31055565467641,566,0,,0.465026880943456,1.4342399670022132,dstar_lite,False,0,0,6501,27109,422,0.14429796100012027,0,0.0,0.07443285099725472,True,2440,0,4,4,B,5214,0.4,True,2.831957524002064
0,40.52642573651943,636,0,,0.475657439761009,4.510205153997958,dstar_lite,False,0,0,3048,12389,4555,0.10343164900041302,0,0.0,0.1852415609973832,True,13226,0,8,8,B,5215,0.4166666666666667,True,6.637514737991296
0,37.95808527060496,574,0,,0.465026880943456,3.740017706000799,dstar_lite,False,0,0,793,3435,122,0.03642633599883993,0,0.0,0.01707615100167459,True,137,0,6,6,B,5216,0.4166666666666667,True,5.547195802006172
0,37.13753652440774,566,0,,0.465026880943456,0.6468593579993467,dstar_lite,False,0,0,1196,5211,1560,0.04959301700000651,0,0.0,0.1330305720002798,True,9813,0,7,7,B,5217,0.4666666666666667,True,2.341533521001111
0,40.13838307647094,620,0,,0.465026880943456,1.3097397419987828,dstar_lite,False,0,0,1105,4717,574,0.0464450859981298,0,0.0,0.0349103959997592,True,2044,0,7,7,B,5218,0.425,True,3.954868467997585
0,36.863422335267465,552,0,,0.465026880943456,0.9545982489980815,dstar_lite,False,0,0,8486,35130,2217,0.170456894000381,0,0.0,0.21457096400263254,True,14698,0,5,5,B,5219,0.36666666666666664,True,2.540484174995072
0,40.99987945935474,632,0,,0.465026880943456,3.1472873499988054,dstar_lite,False,0,0,3351,13900,2013,0.07732715800011647,0,0.0,0.1317973980003444,True,8734,0,6,6,B,5220,0.475,True,6.1140530379962
0,39.46280769351629,599,0,,0.4596194077712549,1.557236845997977,dstar_lite,False,0,0,426,1837,112,0.021669740999641363,0,0.0,0.012884797000879189,True,201,0,8,8,B,5221,0.4083333333333333,True,3.809286956999131
0,40.867027930043335,641,0,,0.475657439761009,3.7526462099995115,dstar_lite,False,0,0,2878,12228,279,0.07219370599705144,0,0.0,0.051589194998086896,True,1252,0,8,8,B,5222,0.39166666666666666,True,6.170297990000108
0,40.33973277987241,630,0,,0.465026880943456,2.0635286749966326,dstar_lite,False,0,0,3615,15376,3064,0.11157682599878171,0,0.0,0.18052253400310292,True,11805,0,7,7,B,5223,0.4166666666666667,True,5.339617232995806
0,39.01555735909819,583,0,,0.465026880943456,1.4704566319996957,dstar_lite,False,0,0,1720,7380,1470,0.05578425400017295,0,0.0,0.09897310499945888,True,6478,0,5,5,B,5224,0.425,True,2.452311221000855
0,37.57430920472127,575,0,,0.465026880943456,1.726504679001664,dstar_lite,False,0,0,933,4101,119,0.03269517900116625,0,0.0,0.02203008800279349,True,741,0,6,6,B,5225,0.3333333333333333,True,4.4966043070016894
0,37.98378129268158,554,0,,0.465026880943456,1.1825672320010199,dstar_lite,False,0,0,369,1624,38,0.028921940000145696,0,0.0,0.013219694999861531,True,38,0,7,7,B,5226,0.425,True,2.336968829000398
0,38.23345076425384,587,0,,0.465026880943456,2.938164601000608,dstar_lite,False,0,0,314,1366,52,0.02329474699945422,0,0.0,0.011759514000004856,True,60,0,8,8,B,5227,0.4166666666666667,True,4.956918936008151
0,39.07645966257487,607,0,,0.465026880943456,2.864534682001249,dstar_lite,False,0,0,2740,11559,509,0.0752132250017894,0,0.0,0.07753732900164323,True,2823,0,8,8,B,5228,0.4666666666666667,True,5.588700041989796
0,42.647418796008296,679,0,,0.475657439761009,1.3791655439999886,dstar_lite,False,0,0,4672,19187,16607,0.10514470200359938,0,0.0,1.2707125570013886,True,112045,0,8,8,B,5229,0.44166666666666665,True,5.2723480129934615
0,39.338880641938566,602,0,,0.465026880943456,3.716135527996812,dstar_lite,False,0,0,1547,6564,43,0.05113129999881494,0,0.0,0.033348771001328714,True,294,0,7,7,B,5230,0.5166666666666667,True,5.91739721799604
0,45.28885866224479,700,0,,0.475657439761009,9.260633175999828,dstar_lite,False,0,0,7149,29947,2514,0.16680524900220917,0,0.0,0.24892324199754512,True,15050,0,6,6,B,5231,0.44166666666666665,True,13.03341642700616
0,38.75264453483367,588,0,,0.465026880943456,2.8243284870004572,dstar_lite,False,0,0,1809,7753,554,0.07292543299990939,0,0.0,0.06367867000153637,True,2472,0,6,6,B,5232,0.49166666666666664,True,4.680955089002964
0,38.60804620993442,581,0,,0.465026880943456,2.176221871999587,dstar_lite,False,0,0,3413,14325,635,0.08153241200125194,0,0.0,0.052090845001657726,True,1513,0,7,7,B,5233,0.38333333333333336,True,4.587004921006155
0,38.93195624735952,599,0,,0.475657439761009,2.1969654929998796,dstar_lite,False,0,0,4596,18753,11690,0.08998503399925539,0,0.0,0.8375587920018006,True,75207,0,4,4,B,5234,0.4,True,4.083398042002955
0,42.88108273778589,686,0,,0.475657439761009,3.9808269690001907,dstar_lite,False,0,0,1230,5266,1101,0.04148174199872301,0,0.0,0.096778582999832,True,6157,0,8,8,B,5235,0.43333333333333335,True,7.758607104999101
0,38.18634967982922,572,0,,0.4962358310319797,5.862189657000272,dstar_lite,False,0,0,890,3869,711,0.031922484002279816,0,0.0,0.06250380300116376,True,4667,0,6,6,B,5236,0.4083333333333333,True,8.007081851999828
0,38.42403465857398,585,0,,0.465026880943456,2.2020567580002535,dstar_lite,False,0,0,285,1234,11,0.03615015199829941,0,0.0,0.012704321998171508,True,11,0,6,6,B,5237,0.425,True,4.626540310000564
0,44.71323059015495,693,0,,0.475657439761009,7.9723622250021435,dstar_lite,False,0,0,3042,13192,1545,0.0783490769972559,0,0.0,0.16563444300118135,True,11931,0,5,5,B,5238,0.39166666666666666,True,9.843411054000171
0,38.56511236230849,601,0,,0.465026880943456,1.9430172529973788,dstar_lite,False,0,0,1107,4731,1588,0.05584550300045521,0,0.0,0.103300427999784,True,7274,0,7,7,B,5239,0.525,True,3.643711157998041
0,39.18077302339361,612,0,,0.475657439761009,3.8282403140001406,dstar_lite,False,0,0,4167,17262,377,0.09967381000024034,0,0.0,0.05187524899884011,True,710,0,6,6,B,5240,0.4,True,6.637978596001631
0,36.99005402759355,551,0,,0.465026880943456,0.9165340530016692,dstar_lite,False,0,0,383,1646,1133,0.025716042997373734,0,0.0,0.09351913000136847,True,7501,0,6,6,B,5241,0.38333333333333336,True,2.2103975560021354
0,38.433737711088035,568,0,,0.465026880943456,2.722177666000789,dstar_lite,False,0,0,7773,31824,1234,0.14835390499865753,0,0.0,0.08648554400133435,True,3549,0,5,5,B,5242,0.39166666666666666,True,3.9768485799977498
0,37.77279141346762,565,0,,0.465026880943456,1.6121044969986542,dstar_lite,False,0,0,1711,7479,328,0.05684299899803591,0,0.0,0.032120125000801636,True,607,0,5,5,B,5243,0.4166666666666667,True,2.9581170909987122
0,39.655763769108525,604,0,,0.465026880943456,1.206217099999776,dstar_lite,False,0,0,1281,5490,861,0.04881776999900467,0,0.0,0.08326470000247355,True,4992,0,8,8,B,5244,0.475,True,3.8921045270035393
0,39.65598692430392,609,0,,0.475657439761009,2.8417527970013907,dstar_lite,False,0,0,4543,18839,4333,0.10433182500128169,0,0.0,0.20013232199926279,True,14641,0,5,5,B,5245,0.4166666666666667,True,4.681744492001599
0,41.963499392512865,643,0,,0.465026880943456,3.686177690000477,dstar_lite,False,0,0,5254,22026,18324,0.12804809999943245,0,0.0,1.3188104950022534,True,116037,0,7,7,B,5246,0.43333333333333335,True,6.849150912999903
0,40.59983082941908,621,0,,0.465026880943456,3.3238315569979022,dstar_lite,False,0,0,2542,10830,106,0.06294799899842474,0,0.0,0.04495124200184364,True,645,0,8,8,B,5247,0.5,True,6.512360157998046
0,38.90639332936126,610,0,,0.465026880943456,2.19006837300185,dstar_lite,False,0,0,2304,9815,5219,0.06702195400066557,0,0.0,0.40592072599974927,True,35447,0,6,6,B,5248,0.4583333333333333,True,4.755366388995753
0,38.40838052522492,590,0,,0.465026880943456,3.4062605379986053,dstar_lite,False,0,0,5512,23008,1636,0.135180670000409,0,0.0,0.18143404600050417,True,11097,0,8,8,B,5249,0.4666666666666667,True,5.901735411993286
0,37.85781015919443,585,0,,0.475657439761009,1.5251142519991845,dstar_lite,False,0,0,1774,7455,2833,0.05324716700124554,0,0.0,0.20459747799759498,True,16613,0,7,7,B,5250,0.36666666666666664,True,3.6181216169934487
0,37.676216005836785,560,0,,0.465026880943456,3.1913667699991493,dstar_lite,False,0,0,3259,13739,272,0.07698845000049914,0,0.0,0.056043471002340084,True,1562,0,6,6,B,5251,0.36666666666666664,True,5.306175362995418
0,39.24774972749464,610,0,,0.465026880943456,4.299323019997246,dstar_lite,False,0,0,3379,14384,321,0.09215179000239004,0,0.0,0.0475583360021119,True,696,0,8,8,B,5252,0.4166666666666667,True,6.818016039000213
0,37.64526895986163,571,0,,0.465026880943456,1.3664019840034598,dstar_lite,False,0,0,1565,6655,4066,0.07065578799665673,0,0.0,0.3110430750020896,True,25937,0,6,6,B,5253,0.43333333333333335,True,3.2703242280076665
0,38.0657174847646,562,0,,0.465026880943456,0.8684542330011027,dstar_lite,False,0,0,1817,7688,4,0.058242867002263665,0,0.0,0.019417396000790177,True,4,0,6,6,B,5254,0.45,True,2.5109658140027022
0,38.502159754350664,558,0,,0.465026880943456,1.2290514759988582,dstar_lite,False,0,0,3782,15765,232,0.1013980059979076,0,0.0,0.04543565700078034,True,1002,0,4,4,B,5255,0.35833333333333334,True,2.081382226999267
0,38.14132170265304,575,0,,0.465026880943456,2.6598023129990906,dstar_lite,False,0,0,657,2907,320,0.02642531899982714,0,0.0,0.029384919002040988,True,1611,0,6,6,B,5256,0.3333333333333333,True,3.4685035240036086
0,38.3624887907601,586,0,,0.465026880943456,3.066856638997706,dstar_lite,False,0,0,4218,17508,2685,0.09349821299838368,0,0.0,0.1540662590014108,True,10335,0,5,5,B,5257,0.325,True,3.90414545699241
0,37.88715378231512,567,0,,0.465026880943456,1.9201916400015762,dstar_lite,False,0,0,605,2607,376,0.03718827400007285,0,0.0,0.04298184100116487,True,2239,0,8,8,B,5258,0.475,True,3.097269376994518
0,41.26165540739505,649,0,,0.465026880943456,1.3030477379979857,dstar_lite,False,0,0,3438,14681,4415,0.08674554000026546,0,0.0,0.3969418170017889,True,32482,0,8,8,B,5259,0.475,True,6.311842538001656
0,37.04543405094949,559,0,,0.465026880943456,1.608551664998231,dstar_lite,False,0,0,1538,6671,250,0.0577137500004028,0,0.0,0.041505731001961976,True,1461,0,6,6,B,5260,0.4666666666666667,True,3.237371590003022
0,39.30220217621626,599,0,,0.465026880943456,2.908830467000371,dstar_lite,False,0,0,1721,7257,1807,0.0659291409974685,0,0.0,0.10948511300011887,True,8368,0,6,6,B,5261,0.4,True,4.053695350005
0,37.7967785201811,569,0,,0.465026880943456,1.0451017110026442,dstar_lite,False,0,0,3644,15542,244,0.11553402400022605,0,0.0,0.05721493500095676,True,1351,0,6,6,B,5262,0.4666666666666667,True,3.2992645730046206
0,40.081253969902626,631,0,,0.465026880943456,2.6621699950010225,dstar_lite,False,0,0,2893,12097,2249,0.07098367400249117,0,0.0,0.11334137299854774,True,7019,0,8,8,B,5263,0.375,True,6.344953001000249
0,38.27851755898962,596,0,,0.475657439761009,2.6453595710008813,dstar_lite,False,0,0,7245,29748,7548,0.14199351999923238,0,0.0,0.3314264099972206,True,25579,0,6,6,B,5264,0.4,True,4.099269696998817
0,38.560400323729205,573,0,,0.465026880943456,1.4646156319977308,dstar_lite,False,0,0,1780,7667,458,0.06799047100139433,0,0.0,0.04560681500151986,True,2167,0,5,5,B,5265,0.2916666666666667,True,2.7669952800024475
0,40.1976301465566,618,0,,0.465026880943456,3.9100029859982897,dstar_lite,False,0,0,11077,46064,3125,0.24945525400107726,0,0.0,0.2626666740034125,True,14762,0,4,4,B,5266,0.525,True,8.544991426999331
0,38.74808025171203,587,0,,0.465026880943456,2.4012319930006925,dstar_lite,False,0,0,3995,17287,69,0.09122864199889591,0,0.0,0.053485265001654625,True,456,0,6,6,B,5267,0.45,True,4.570796206000523
0,36.72460168709434,538,0,,0.4962358310319797,0.5420851570015657,dstar_lite,False,0,0,6915,28548,197,0.1481382769998163,0,0.0,0.05741354499696172,True,1136,0,5,5,B,5268,0.425,True,1.7409278729974176
0,38.41040252216518,587,0,,0.465026880943456,4.412028817001556,dstar_lite,False,0,0,1326,5631,636,0.046051127999817254,0,0.0,0.0734050790015317,True,3872,0,7,7,B,5269,0.525,True,6.613569383996946
0,39.708363835532666,613,0,,0.475657439761009,3.4054395700004534,dstar_lite,False,0,0,3470,14675,3202,0.10938543800148182,0,0.0,0.19470127900058287,True,13327,0,6,6,B,5270,0.49166666666666664,True,5.003600197003834
0,37.61592468172028,573,0,,0.465026880943456,1.1410453819989925,dstar_lite,False,0,0,2695,11366,2659,0.08005320899974322,0,0.0,0.1839041940002062,True,13758,0,5,5,B,5271,0.425,True,3.1787365569944086
0,37.04543344552944,558,0,,0.4962358310319797,0.9858265870025207,dstar_lite,False,0,0,2022,8511,1292,0.05905111600077362,0,0.0,0.07467742900189478,True,4939,0,6,6,B,5272,0.48333333333333334,True,2.736347010002646
0,38.609768252801054,597,0,,0.465026880943456,2.8161280940003053,dstar_lite,False,0,0,4843,20474,156,0.10848205499860342,0,0.0,0.05268885199984652,True,156,0,8,8,B,5273,0.5,True,5.024459873002343
0,38.023391063014095,578,0,,0.465026880943456,1.6506339839979773,dstar_lite,False,0,0,3526,14679,3695,0.11034832899895264,0,0.0,0.2393031739993603,True,17307,0,6,6,B,5274,0.475,True,3.5549736929970095
0,37.21079151481948,560,0,,0.465026880943456,1.3967814889983856,dstar_lite,False,0,0,2564,10878,1369,0.08373683500030893,0,0.0,0.1399140260000422,True,10050,0,8,8,B,5275,0.43333333333333335,True,3.7644402089972573
0,41.26490768115885,647,0,,0.465026880943456,1.7075833270027942,dstar_lite,False,0,0,1315,5553,465,0.0577514489996247,0,0.0,0.050453287996788276,True,1244,0,8,8,B,5276,0.5083333333333333,True,4.984907849007868
0,37.59977034447701,578,0,,0.475657439761009,1.5582077789986215,dstar_lite,False,0,0,4748,19467,17549,0.20157521199871553,0,0.0,1.3532229500015092,True,121340,0,5,5,B,5277,0.475,True,3.7566794999984268
0,38.43458913964988,577,0,,0.465026880943456,0.6603963289999228,dstar_lite,False,0,0,4400,18643,6919,0.1003179959989211,0,0.0,0.5577727769996272,True,48787,0,5,5,B,5278,0.4166666666666667,True,1.991144069997972
0,37.36816065404317,557,0,,0.465026880943456,0.8686982210019778,dstar_lite,False,0,0,3362,14181,255,0.07062359200062929,0,0.0,0.03305856800216134,True,740,0,6,6,B,5279,0.4,True,3.028862835995824
0,38.76406339052228,600,0,,0.475657439761009,2.1245700910003507,dstar_lite,False,0,0,7240,29635,2073,0.14503238099860027,0,0.0,0.10115530999973998,True,3279,0,7,7,B,5280,0.4,True,4.908126117999927
0,40.434117699716424,626,0,,0.4962358310319797,2.8875641640006506,dstar_lite,False,0,0,570,2465,222,0.03693574600038119,0,0.0,0.017271098000492202,True,391,0,8,8,B,5281,0.4083333333333333,True,5.141470755996124
0,38.644565516554785,587,0,,0.465026880943456,3.8295583770013764,dstar_lite,False,0,0,4002,16803,835,0.09124036999855889,0,0.0,0.087825556001917,True,4650,0,4,4,B,5282,0.43333333333333335,True,5.4465074740001
0,39.75189758095323,613,0,,0.475657439761009,1.9785428940012935,dstar_lite,False,0,0,10584,43146,22476,0.19958227899769554,0,0.0,1.7747775930001808,True,157449,0,6,6,B,5283,0.425,True,5.1548977849997755
0,47.777353268465774,736,0,,0.475657439761009,17.536165251000057,dstar_lite,False,0,0,2573,11117,738,0.11428387300111353,0,0.0,0.11907402799988631,True,3791,0,7,7,B,5284,0.44166666666666665,True,19.64661782499752
0,39.25505557368761,612,0,,0.4962358310319797,3.836136604000785,dstar_lite,False,0,0,1998,8615,876,0.06517941600031918,0,0.0,0.056133156998839695,True,3505,0,8,8,B,5285,0.43333333333333335,True,5.087248625997745
0,37.58876048999776,557,0,,0.465026880943456,2.490868140001112,dstar_lite,False,0,0,1762,7616,239,0.05350389899831498,0,0.0,0.04256598199935979,True,1431,0,4,4,B,5286,0.48333333333333334,True,4.3781449390007765
0,39.71356103815032,620,0,,0.475657439761009,1.4669282079994446,dstar_lite,False,0,0,1994,8393,2524,0.05407138800001121,0,0.0,0.14306819999910658,True,10302,0,6,6,B,5287,0.4166666666666667,True,4.623134724999545
0,38.38312136056792,575,0,,0.465026880943456,1.0353296579996822,dstar_lite,False,0,0,1586,6850,527,0.0473524009976245,0,0.0,0.04872598600195488,True,2595,0,7,7,B,5288,0.44166666666666665,True,2.8532508069984033
0,44.12733115116925,695,0,,0.465026880943456,8.625002384000254,dstar_lite,False,0,0,133,594,456,0.025374256001668982,0,0.0,0.05427838900141069,True,2808,0,10,10,B,5289,0.4666666666666667,True,12.267942763002793
0,40.110976456603396,625,0,,0.475657439761009,1.4638067550004052,dstar_lite,False,0,0,6423,26241,10178,0.14590108199990937,0,0.0,0.6423315009997168,True,54840,0,6,6,B,5290,0.4083333333333333,True,3.960076224000659
0,41.94474746453244,627,0,,0.475657439761009,3.707096341997385,dstar_lite,False,0,0,13906,57507,39122,0.32205601099849446,0,0.0,3.3810840460027975,True,306533,0,4,4,B,5291,0.4166666666666667,True,4.908622235998337
0,38.77900520867411,600,0,,0.475657439761009,4.694690632000857,dstar_lite,False,0,0,2043,8843,502,0.07397534999836353,0,0.0,0.05266047799887019,True,1943,0,8,8,B,5292,0.4583333333333333,True,8.904288935005752
0,39.409371562834615,601,0,,0.465026880943456,1.3744526850023249,dstar_lite,False,0,0,4891,20480,1633,0.12348090899831732,0,0.0,0.15671282099719974,True,9901,0,6,6,B,5293,0.43333333333333335,True,4.120624064998992
0,44.64359908487016,678,0,,0.475657439761009,5.406787200001418,dstar_lite,False,0,0,1262,5319,565,0.050429389000782976,0,0.0,0.0522616050002398,True,1668,0,8,8,B,5294,0.4666666666666667,True,8.993304931002058
0,37.95097468961428,560,0,,0.465026880943456,0.6569251389992132,dstar_lite,False,0,0,2119,8882,2965,0.04817821100004949,0,0.0,0.23316962700118893,True,19680,0,6,6,B,5295,0.325,True,1.9718144360012957
0,38.028147315390505,568,0,,0.465026880943456,1.618763876002049,dstar_lite,False,0,0,1302,5496,562,0.04908369899931131,0,0.0,0.05363884699909249,True,2785,0,7,7,B,5296,0.5333333333333333,True,3.0673015880020102
0,39.20813974839117,596,0,,0.465026880943456,4.808711044999654,dstar_lite,False,0,0,4299,18428,186,0.11347439300152473,0,0.0,0.06558928899903549,True,1042,0,5,5,B,5297,0.4,True,7.425750641996274
0,38.18487297646846,586,0,,0.465026880943456,0.8318536009974196,dstar_lite,False,0,0,2981,12725,2155,0.07584250299987616,0,0.0,0.15331321499979822,True,10592,0,7,7,B,5298,0.45,True,3.056544062004832
0,39.05187744078129,589,0,,0.465026880943456,2.783733985001163,dstar_lite,False,0,0,733,3139,11,0.032949465999990935,0,0.0,0.013544446002924815,True,11,0,6,6,B,5299,0.35833333333333334,True,3.9787494980082556
0,39.37341151687271,614,0,,0.475657439761009,2.5296256149995315,dstar_lite,False,0,0,1828,7742,2845,0.057834540002659196,0,0.0,0.18343422000179999,True,13701,0,8,8,B,5300,0.5,True,5.336219172997517
0,41.60386536367982,642,0,,0.465026880943456,5.381170005999593,dstar_lite,False,0,0,2933,12447,4551,0.10146626300047501,0,0.0,0.331672232998244,True,26179,0,6,6,B,5301,0.475,True,8.896614994999254
0,45.37037407362652,729,0,,0.475657439761009,4.9525262899987865,dstar_lite,False,0,0,6681,27616,1444,0.1250386770007026,0,0.0,0.08611817299970426,True,2915,0,7,7,B,5302,0.475,True,13.642141629003163
0,38.294704779207486,594,0,,0.465026880943456,4.429754831002356,dstar_lite,False,0,0,2693,11443,2479,0.09412608099955833,0,0.0,0.15224611300072866,True,9895,0,7,7,B,5303,0.43333333333333335,True,5.833234998004627
0,38.309649985083475,564,0,,0.465026880943456,1.995823470002506,dstar_lite,False,0,0,555,2402,5,0.026522219999606023,0,0.0,0.012649418000364676,True,5,0,6,6,B,5304,0.325,True,3.5188266730001487
0,40.47255084402221,641,0,,0.475657439761009,1.9704429020021053,dstar_lite,False,0,0,2446,10271,13280,0.07632573199953185,0,0.0,1.1125983979982266,True,97925,0,6,6,B,5305,0.4083333333333333,True,5.543993859002512
0,37.36086011511129,566,0,,0.465026880943456,2.0116743149992544,dstar_lite,False,0,0,541,2341,1027,0.03387363899673801,0,0.0,0.09106925699961721,True,6115,0,9,9,B,5306,0.4,True,3.709321018999617
0,40.137152202327776,613,0,,0.465026880943456,1.921505212001648,dstar_lite,False,0,0,944,4023,632,0.04407192500002566,0,0.0,0.06293405999895185,True,3091,0,9,9,B,5307,0.44166666666666665,True,4.925950769997144
0,43.33886764360547,684,0,,0.47565743976100916,3.3816209379983775,dstar_lite,False,0,0,8301,33975,39427,0.21012184799837996,0,0.0,3.1668842759972904,True,293400,0,4,4,B,5308,0.2833333333333333,True,7.083833705997677
0,38.16697696012756,580,0,,0.465026880943456,3.883518966998963,dstar_lite,False,0,0,2622,11069,379,0.07981960299730417,0,0.0,0.051195705997088226,True,1008,0,7,7,B,5309,0.5166666666666667,True,6.85289646900128
0,38.66442309287219,574,0,,0.465026880943456,1.4776180529988778,dstar_lite,False,0,0,6263,26135,923,0.14197246600087965,0,0.0,0.11018388500087894,True,6056,0,4,4,B,5310,0.4,True,3.371701320000284
0,41.98860782135376,641,0,,0.465026880943456,7.983155606001674,dstar_lite,False,0,0,1233,5404,457,0.05361035599707975,0,0.0,0.05718588300078409,True,2776,0,6,6,B,5311,0.4666666666666667,True,12.360665784999583
0,38.078937733137586,580,0,,0.465026880943456,6.9301340310012165,dstar_lite,False,0,0,2012,8597,1600,0.069637666001654,0,0.0,0.12781336300031398,True,8250,0,7,7,B,5312,0.5083333333333333,True,8.65400483900521
0,38.063643982750605,561,0,,0.4962358310319797,2.721951840998372,dstar_lite,False,0,0,122,548,245,0.011097087000962347,0,0.0,0.0343401050013199,True,1458,0,6,6,B,5313,0.44166666666666665,True,3.9608109349937877
0,38.73029039430102,597,0,,0.4962358310319797,3.195686297996872,dstar_lite,False,0,0,4139,17513,238,0.10690571599843679,0,0.0,0.07501218399920617,True,1401,0,5,5,B,5314,0.48333333333333334,True,7.210297816996899
0,40.99834622994426,641,0,,0.475657439761009,2.837207504999242,dstar_lite,False,0,0,1264,5381,2132,0.04556851300003473,0,0.0,0.1495928099975572,True,11524,0,6,6,B,5315,0.39166666666666666,True,4.7825998429980245
0,41.08749960158703,632,0,,0.475657439761009,4.512933842001075,dstar_lite,False,0,0,1269,5483,1615,0.04755807699984871,0,0.0,0.13965542399819242,True,11044,0,4,4,B,5316,0.475,True,6.200509600999794
0,37.56320987607361,580,0,,0.465026880943456,2.152405897002609,dstar_lite,False,0,0,3104,12994,2362,0.08367972300038673,0,0.0,0.16065118500046083,True,10986,0,7,7,B,5317,0.4666666666666667,True,4.077375232005579
0,38.28154908403061,579,0,,0.465026880943456,4.189010624999355,dstar_lite,False,0,0,2630,11169,949,0.08725366599901463,0,0.0,0.11364972199953627,True,6734,0,6,6,B,5318,0.4666666666666667,True,6.088032732001011
0,38.9605801778909,611,0,,0.465026880943456,2.0236288380001497,dstar_lite,False,0,0,3221,13525,967,0.0960601590013539,0,0.0,0.08039471699885326,True,2858,0,8,8,B,5319,0.43333333333333335,True,4.927538676998665
0,38.73035973776043,577,0,,0.465026880943456,1.1780941929973778,dstar_lite,False,0,0,3411,14563,343,0.08594716399966273,0,0.0,0.05578373699972872,True,1738,0,5,5,B,5320,0.35833333333333334,True,3.0095327910021297
0,38.03014881263775,581,0,,0.475657439761009,0.6618756930001837,dstar_lite,False,0,0,2686,11061,3849,0.12418098499983898,0,0.0,0.2708780739994836,True,22349,0,6,6,B,5321,0.49166666666666664,True,2.6582678769955237
0,43.15021658253802,693,0,,0.47565743976100916,2.469411133999529,dstar_lite,False,0,0,3585,14992,135,0.09269382200000109,0,0.0,0.04877244999806862,True,854,0,6,6,B,5322,0.3416666666666667,True,7.221523239997623
0,39.51161357972221,609,0,,0.475657439761009,1.6904737019976892,dstar_lite,False,0,0,9120,37265,3493,0.16791063300115638,0,0.0,0.2116998160017829,True,14222,0,6,6,B,5323,0.39166666666666666,True,4.888429819999146
0,41.48575326070854,644,0,,0.465026880943456,3.014800341999944,dstar_lite,False,0,0,3172,13109,11132,0.08520214300006046,0,0.0,0.8786818340013269,True,76581,0,6,6,B,5324,0.475,True,7.0785734279998
0,40.43408228174686,618,0,,0.465026880943456,3.9447137770002882,dstar_lite,False,0,0,1704,7128,1216,0.05250660800084006,0,0.0,0.07227964900084771,True,4315,0,8,8,B,5325,0.45,True,6.795637486004125
0,41.099280209458406,622,0,,0.465026880943456,3.4433743709996634,dstar_lite,False,0,0,2144,9305,1072,0.05529205700077,0,0.0,0.06219778000013321,True,3524,0,5,5,B,5326,0.375,True,5.195076791995234
0,37.27775402613472,558,0,,0.465026880943456,2.318879279999237,dstar_lite,False,0,0,554,2437,235,0.02593808699748479,0,0.0,0.030803596000623656,True,1441,0,6,6,B,5327,0.475,True,3.1494510039919987
0,38.27346504729457,577,0,,0.465026880943456,2.673672445002012,dstar_lite,False,0,0,1060,4552,528,0.03984624599979725,0,0.0,0.05492024500199477,True,2947,0,7,7,B,5328,0.475,True,4.730836512004316
0,39.650211347462665,602,0,,0.465026880943456,2.257818316000339,dstar_lite,False,0,0,2580,10864,264,0.06940559400027269,0,0.0,0.04779733900068095,True,1377,0,6,6,B,5329,0.5,True,5.333818395003618
0,40.73582671348814,638,0,,0.475657439761009,6.793765153001004,dstar_lite,False,0,0,3967,17027,726,0.11823788300171145,0,0.0,0.08189706900157034,True,2488,0,5,5,B,5330,0.36666666666666664,True,11.510362125001848
0,37.87634912982417,564,0,,0.465026880943456,2.5166249579997384,dstar_lite,False,0,0,1517,6549,307,0.03770822500155191,0,0.0,0.031174224997812416,True,1621,0,6,6,B,5331,0.325,True,3.683738641997479
0,39.504896320583015,636,0,,0.475657439761009,2.5749702940011048,dstar_lite,False,0,0,12560,51564,19441,0.23329191299853846,0,0.0,1.4910545180027839,True,129305,0,5,5,B,5332,0.425,True,5.323055531003774
0,40.58195939246312,611,0,,0.475657439761009,6.777073392000602,dstar_lite,False,0,0,10996,46191,406,0.25401463900197996,0,0.0,0.12090698800238897,True,1444,0,4,4,B,5333,0.43333333333333335,True,7.648978940003872
0,38.732941519817075,592,0,,0.475657439761009,2.5164119599976402,dstar_lite,False,0,0,3056,13057,4191,0.08673001699935412,0,0.0,0.3640175839973381,True,27601,0,8,8,B,5334,0.43333333333333335,True,4.496064543000102
0,39.05497887895409,601,0,,0.475657439761009,2.374299554998288,dstar_lite,False,0,0,15074,61414,25313,0.2698927409983298,0,0.0,1.9469539599995187,True,170546,0,4,4,B,5335,0.3416666666666667,True,5.017771077997168
0,36.87384204586501,547,0,,0.465026880943456,1.0630032109984313,dstar_lite,False,0,0,5865,24401,225,0.13357246099985787,0,0.0,0.05728477800221299,True,1300,0,6,6,B,5336,0.4583333333333333,True,2.48185233500044
0,47.11450899130308,768,0,,0.47565743976100916,9.815848471997015,dstar_lite,False,0,0,7458,30936,2274,0.18308105100004468,0,0.0,0.25332131699906313,True,16117,0,8,8,B,5337,0.4166666666666667,True,14.004598870000336
0,45.1310931687279,726,0,,0.475657439761009,3.567904613002611,dstar_lite,False,0,0,1692,7349,664,0.05320417899929453,0,0.0,0.06684997199772624,True,3484,0,7,7,B,5338,0.49166666666666664,True,8.464055732005363
0,38.15590264383534,559,0,,0.465026880943456,0.8650266379991081,dstar_lite,False,0,0,16187,66685,1134,0.28303188599966234,0,0.0,0.18439056200077175,True,6911,0,4,4,B,5339,0.425,True,2.386416819997976
0,42.374183950192574,682,0,,0.475657439761009,2.5040635650002514,dstar_lite,False,0,0,7914,32280,29857,0.14683330999832833,0,0.0,2.3529658730003575,True,213889,0,6,6,B,5340,0.425,True,5.854260115000216
0,37.76372454790715,576,0,,0.465026880943456,1.819716784000775,dstar_lite,False,0,0,507,2218,58,0.023292140002013184,0,0.0,0.016033594001783058,True,73,0,8,8,B,5341,0.43333333333333335,True,4.026088057002198
0,42.0941678281754,650,0,,0.475657439761009,2.4565356570019503,dstar_lite,False,0,0,5437,22204,29122,0.14273461999982828,0,0.0,2.3103773100010585,True,211583,0,6,6,B,5342,0.4,True,5.545310937002796
0,37.943853128100194,581,0,,0.465026880943456,2.0299205480005185,dstar_lite,False,0,0,4181,17651,282,0.11482836800132645,0,0.0,0.05185424700175645,True,740,0,7,7,B,5343,0.3333333333333333,True,4.08083067500047
0,38.69088404506693,595,0,,0.465026880943456,5.080928241000947,dstar_lite,False,0,0,9969,41734,83,0.23548910500176135,0,0.0,0.08631807699930505,True,83,0,7,7,B,5344,0.39166666666666666,True,6.913834299000882
0,37.972782609342,564,0,,0.465026880943456,1.6471146900003077,dstar_lite,False,0,0,2565,10818,794,0.05419960700237425,0,0.0,0.03687132900085999,True,2417,0,3,3,B,5345,0.425,True,2.71568835799917
0,39.21329101692968,604,0,,0.465026880943456,1.5618688280010247,dstar_lite,False,0,0,785,3442,1428,0.035256696999567794,0,0.0,0.12339067999710096,True,9669,0,7,7,B,5346,0.4,True,3.8029369880023296
0,40.14099301664539,610,0,,0.465026880943456,2.589348354998947,dstar_lite,False,0,0,4922,20842,3680,0.10987866899813525,0,0.0,0.28027882700189366,True,21872,0,8,8,B,5347,0.48333333333333334,True,3.768825712992111
0,37.81800721178525,569,0,,0.465026880943456,2.1034749040009046,dstar_lite,False,0,0,3006,12873,404,0.08878776200072025,0,0.0,0.05309459199997946,True,1213,0,6,6,B,5348,0.48333333333333334,True,4.25461376399835
0,40.771519452044686,652,0,,0.475657439761009,3.3252092490001814,dstar_lite,False,0,0,8215,33773,9460,0.184620485000778,0,0.0,0.5911252199985029,True,49820,0,8,8,B,5349,0.4583333333333333,True,5.673421405004774
0,38.44496005043931,578,0,,0.465026880943456,1.6022169630014105,dstar_lite,False,0,0,417,1822,60,0.01974020900161122,0,0.0,0.01202026700048009,True,60,0,6,6,B,5350,0.39166666666666666,True,3.169116360004409
0,48.01270011250767,763,0,,0.475657439761009,6.93950477999897,dstar_lite,False,0,0,3366,14107,1631,0.0838812889996916,0,0.0,0.10983644899897627,True,4764,0,8,8,B,5351,0.55,True,15.641274882000289
0,37.48023416126406,569,0,,0.465026880943456,2.2299442189978436,dstar_lite,False,0,0,1700,7178,654,0.05653793099918403,0,0.0,0.03515376500217826,True,1589,0,6,6,B,5352,0.4,True,4.103817246996186
0,46.07679522243292,734,0,,0.475657439761009,4.060318466999888,dstar_lite,False,0,0,4138,17295,3862,0.1304667869990226,0,0.0,0.1906264490025933,True,13338,0,9,9,B,5353,0.55,True,11.281636536998121
0,41.07453889927907,644,0,,0.465026880943456,3.1166338280017953,dstar_lite,False,0,0,945,4113,677,0.04115287099921261,0,0.0,0.07366830099999788,True,3436,0,7,7,B,5354,0.36666666666666664,True,6.553494389998377
0,39.02712387297219,602,0,,0.465026880943456,4.152808463997644,dstar_lite,False,0,0,1793,7423,4950,0.06117297500168206,0,0.0,0.361108143999445,True,31041,0,6,6,B,5355,0.39166666666666666,True,6.305977070995141
0,40.0163209698752,618,0,,0.465026880943456,0.9809078029975353,dstar_lite,False,0,0,1177,5073,1297,0.046073277000687085,0,0.0,0.11050270099804038,True,8017,0,8,8,B,5356,0.39166666666666666,True,2.842877969997062
0,40.3102105727943,608,0,,0.465026880943456,1.9135275859989633,dstar_lite,False,0,0,3152,13026,39,0.07277609299853793,0,0.0,0.04061773800276569,True,39,0,6,6,B,5357,0.48333333333333334,True,3.9634550909977406
0,40.83476546414896,626,0,,0.475657439761009,2.6629291319986805,dstar_lite,False,0,0,2703,11513,1723,0.07814116000008653,0,0.0,0.1603556900008698,True,11640,0,5,5,B,5358,0.36666666666666664,True,4.757542007995653
0,38.91407912977006,608,0,,0.475657439761009,2.1792148479980824,dstar_lite,False,0,0,6332,26371,4938,0.15639512100096908,0,0.0,0.3357837820003624,True,26750,0,6,6,B,5359,0.5,True,4.311551567996503
0,40.236950496644596,623,0,,0.475657439761009,2.1504739669981063,dstar_lite,False,0,0,484,2100,375,0.027436091000708984,0,0.0,0.03727816399987205,True,2213,0,7,7,B,5360,0.45,True,3.9984440799962613
0,36.64601251981774,540,0,,0.465026880943456,1.0671347450006579,dstar_lite,False,0,0,1456,6233,385,0.06643544899998233,0,0.0,0.03994026200234657,True,1100,0,4,4,B,5361,0.38333333333333336,True,2.416178390998539
0,36.38795209857518,550,0,,0.465026880943456,1.5708884090017818,dstar_lite,False,0,0,740,3255,114,0.03866427200046019,0,0.0,0.015650655997887952,True,179,0,8,8,B,5362,0.4,True,3.24937921700257
0,37.9693489536649,582,0,,0.465026880943456,2.244465902000229,dstar_lite,False,0,0,7739,32008,7775,0.1790278650005348,0,0.0,0.4494792090008559,True,36724,0,5,5,B,5363,0.4666666666666667,True,4.165036782997049
0,38.71306711041077,597,0,,0.465026880943456,3.996947823001392,dstar_lite,False,0,0,4880,20335,984,0.14650666999659734,0,0.0,0.10159545900023659,True,4773,0,6,6,B,5364,0.5083333333333333,True,6.501151145996118
0,42.50812805720439,678,0,,0.475657439761009,2.889259167997807,dstar_lite,False,0,0,511,2258,736,0.02553638300014427,0,0.0,0.06418665299861459,True,4476,0,7,7,B,5365,0.425,True,7.734997197996563
0,39.68026278624405,614,0,,0.465026880943456,2.4305399990007572,dstar_lite,False,0,0,3454,14604,327,0.09052658400105429,0,0.0,0.04785853599969414,True,610,0,6,6,B,5366,0.4,True,5.786651032998634
0,39.51249203989075,621,0,,0.465026880943456,2.8098113929991086,dstar_lite,False,0,0,443,1901,268,0.042772987002535956,0,0.0,0.025184430000081193,True,592,0,8,8,B,5367,0.5083333333333333,True,5.903252821000933
0,39.01525025364219,599,0,,0.475657439761009,2.333683654997003,dstar_lite,False,0,0,6210,25888,1570,0.12300163199688541,0,0.0,0.18938995500138844,True,10471,0,5,5,B,5368,0.4083333333333333,True,4.465652082995803
0,42.39747971692252,640,0,,0.4962358310319797,6.923215004000667,dstar_lite,False,0,0,3878,16579,1686,0.12977113200031454,0,0.0,0.1439184889968601,True,8526,0,7,7,B,5369,0.49166666666666664,True,9.76689300000362
0,39.44873616436851,613,0,,0.475657439761009,3.3157942469988484,dstar_lite,False,0,0,4771,19819,14783,0.10817374799808022,0,0.0,1.18841348800197,True,105625,0,5,5,B,5370,0.39166666666666666,True,5.494106092002767
0,36.60325292452125,555,0,,0.465026880943456,1.170698096997512,dstar_lite,False,0,0,2532,10345,1181,0.06332422299965401,0,0.0,0.0713421920008841,True,4019,0,7,7,B,5371,0.44166666666666665,True,3.6237774009969144
0,40.90893402176498,629,0,,0.475657439761009,1.7160298099988722,dstar_lite,False,0,0,4054,16923,1018,0.09507728199969279,0,0.0,0.07767430700187106,True,2818,0,7,7,B,5372,0.39166666666666666,True,3.899652273998072
0,41.31710180892317,656,0,,0.475657439761009,2.653959016999579,dstar_lite,False,0,0,6549,26903,8814,0.1236871990004147,0,0.0,0.44230325799799175,True,36243,0,7,7,B,5373,0.4,True,5.7661130349988525
0,39.686746124059525,617,0,,0.475657439761009,2.5105550690022937,dstar_lite,False,0,0,1143,4902,1024,0.04575692400248954,0,0.0,0.06484089399964432,True,3380,0,8,8,B,5374,0.43333333333333335,True,5.908904516003531
0,39.09855000026068,577,0,,0.465026880943456,1.3159607999987202,dstar_lite,False,0,0,1223,5336,235,0.038325565998093225,0,0.0,0.033303834999969695,True,1047,0,5,5,B,5375,0.4583333333333333,True,2.9012535689944343
0,39.25872269144381,613,0,,0.475657439761009,1.6206438679982966,dstar_lite,False,0,0,1427,6171,899,0.05068326299806358,0,0.0,0.08373935800045729,True,5321,0,7,7,B,5376,0.4666666666666667,True,5.187722761995246
0,38.783602167704565,580,0,,0.465026880943456,1.3304694319995178,dstar_lite,False,0,0,5844,24487,1701,0.1579913839996152,0,0.0,0.18797814199933782,True,10570,0,6,6,B,5377,0.49166666666666664,True,3.1280104469988146
0,41.73639923493518,660,0,,0.475657439761009,3.6379213699983666,dstar_lite,False,0,0,3854,16179,3398,0.09262896500149509,0,0.0,0.2092824869978358,True,14167,0,8,8,B,5378,0.425,True,8.804899492002733
0,37.46044560831276,565,0,,0.465026880943456,2.9167090480004845,dstar_lite,False,0,0,1338,5782,354,0.04676321300212294,0,0.0,0.03684553100174526,True,1385,0,6,6,B,5379,0.4166666666666667,True,4.373158369999146
0,39.71208600673965,636,0,,0.475657439761009,2.115172062000056,dstar_lite,False,0,0,3098,12891,3015,0.09625377599877538,0,0.0,0.22908921199996257,True,17685,0,8,8,B,5380,0.48333333333333334,True,4.988763796998683
0,41.32841300795923,636,0,,0.475657439761009,2.0277251080005954,dstar_lite,False,0,0,3480,14591,2095,0.09094163300323999,0,0.0,0.08818193399929442,True,5398,0,7,7,B,5381,0.4,True,5.814375403002487
0,45.22095565477504,707,0,,0.475657439761009,5.34085853200304,dstar_lite,False,0,0,2520,10800,990,0.062130340997100575,0,0.0,0.07840122500056168,True,3015,0,7,7,B,5382,0.525,True,10.708237244001793
0,40.824457672189126,624,0,,0.475657439761009,3.0890774260005855,dstar_lite,False,0,0,2728,11482,434,0.06976640600259998,0,0.0,0.054356579999875976,True,1799,0,5,5,B,5383,0.4083333333333333,True,4.502492393003195
0,37.88435316167139,561,0,,0.465026880943456,1.0514423269996769,dstar_lite,False,0,0,1404,5949,244,0.037789173002238385,0,0.0,0.026599990000249818,True,1170,0,5,5,B,5384,0.39166666666666666,True,2.591386241994769
0,36.77008565457712,543,0,,0.465026880943456,0.7545637170005648,dstar_lite,False,0,0,4934,20799,122,0.10784984700148925,0,0.0,0.05347026199888205,True,795,0,6,6,B,5385,0.4666666666666667,True,2.3215801029982686
0,43.70874875232552,678,0,,0.475657439761009,6.825744858000689,dstar_lite,False,0,0,4825,20587,371,0.1478163339997991,0,0.0,0.085406479996891,True,993,0,6,6,B,5386,0.4166666666666667,True,10.706587182001385
0,37.99879376124545,567,0,,0.465026880943456,1.682562620000681,dstar_lite,False,0,0,846,3568,142,0.05060142100046505,0,0.0,0.015370437999081332,True,150,0,6,6,B,5387,0.4,True,3.22910816100557
0,39.401900229829806,616,0,,0.475657439761009,1.3815526270009286,dstar_lite,False,0,0,9120,37419,16602,0.1935521349987539,0,0.0,1.1849034459992254,True,104370,0,6,6,B,5388,0.4583333333333333,True,3.707029697005055
0,38.3844288611495,578,0,,0.475657439761009,1.1047658889983722,dstar_lite,False,0,0,11663,49030,9217,0.2497347019998415,0,0.0,0.8432169560001057,True,69344,0,5,5,B,5389,0.4666666666666667,True,3.6833282619991223
0,42.16636918918509,669,0,,0.475657439761009,1.7808017739989737,dstar_lite,False,0,0,3168,13160,4378,0.06800903800103697,0,0.0,0.22974513200097135,True,17482,0,8,8,B,5390,0.44166666666666665,True,5.968057481004507
0,37.45341726850094,575,0,,0.475657439761009,1.0813708730020153,dstar_lite,False,0,0,6843,28052,12000,0.1414815259995521,0,0.0,0.8941460709975217,True,79008,0,6,6,B,5391,0.36666666666666664,True,3.216919908005366
0,36.344650567571286,543,0,,0.465026880943456,0.6081833349999215,dstar_lite,False,0,0,3485,14779,4027,0.11064435300067998,0,0.0,0.34790687300119316,True,28238,0,8,8,B,5392,0.44166666666666665,True,2.139823790996161
0,37.58423618864071,572,0,,0.465026880943456,1.2763322789978702,dstar_lite,False,0,0,2118,9028,525,0.05351516399969114,0,0.0,0.04247883199786884,True,2229,0,6,6,B,5393,0.4,True,3.5546042190035223
0,38.48559191749394,583,0,,0.465026880943456,1.0452707500007818,dstar_lite,False,0,0,4588,19011,1918,0.10140419000163092,0,0.0,0.1228309670004819,True,7926,0,7,7,B,5394,0.4583333333333333,True,3.246853671997087
0,38.78741322618327,579,0,,0.465026880943456,1.3130820830010634,dstar_lite,False,0,0,3561,15199,109,0.09398071100076777,0,0.0,0.044621138000366045,True,163,0,7,7,B,5395,0.44166666666666665,True,2.8923307330005628
0,40.7082147984042,642,0,,0.475657439761009,2.1846387719997438,dstar_lite,False,0,0,3226,13303,5650,0.08567371499884757,0,0.0,0.3346029679996718,True,28116,0,7,7,B,5396,0.525,True,5.059129710996785
0,38.00375175056655,585,0,,0.475657439761009,1.7855358600027103,dstar_lite,False,0,0,5134,21707,2458,0.1182465179990686,0,0.0,0.1765351149988419,True,11425,0,6,6,B,5397,0.45,True,4.769909221002308
0,35.97174343166865,531,0,,0.465026880943456,1.1279753310009255,dstar_lite,False,0,0,4055,16911,1290,0.08371580200036988,0,0.0,0.10953571299978648,True,6534,0,6,6,B,5398,0.39166666666666666,True,1.9950454600038938
0,37.08989064750107,555,0,,0.465026880943456,1.3525517309972201,dstar_lite,False,0,0,2404,10244,936,0.07418498400147655,0,0.0,0.07317185300053097,True,3779,0,6,6,B,5399,0.44166666666666665,True,3.508858497996698
0,37.05948108889445,551,0,,0.465026880943456,0.6495286770004896,dstar_lite,False,0,0,1538,6610,1866,0.09821541299970704,0,0.0,0.1687643190016388,True,13660,0,5,5,B,5400,0.4166666666666667,True,2.041815818000032
0,39.87684398958461,596,0,,0.465026880943456,3.4426060330006294,dstar_lite,False,0,0,1275,5571,1391,0.03237011800229084,0,0.0,0.11821324300035485,True,9666,0,5,5,B,5401,0.3416666666666667,True,4.040630892999616
0,39.38749817087584,592,0,,0.465026880943456,0.8200773709977511,dstar_lite,False,0,0,3515,14580,3766,0.08034778000001097,0,0.0,0.2355615989981743,True,18060,0,5,5,B,5402,0.425,True,2.6726431399983994
0,37.82960315864124,562,0,,0.465026880943456,0.710744389998581,dstar_lite,False,0,0,3469,14396,6935,0.07539204899876495,0,0.0,0.5589444560027914,True,48294,0,4,4,B,5403,0.35,True,1.8804299499970512
0,38.1538008387275,569,0,,0.465026880943456,1.9721480820007855,dstar_lite,False,0,0,791,3400,476,0.03044261600007303,0,0.0,0.059393431001808494,True,3067,0,7,7,B,5404,0.5083333333333333,True,3.910458065001876
0,39.04355593019293,583,0,,0.465026880943456,2.096287422002206,dstar_lite,False,0,0,5425,23030,220,0.130045378999057,0,0.0,0.06073396400097408,True,846,0,6,6,B,5405,0.4,True,3.4657874110052944
0,37.27847419730375,571,0,,0.475657439761009,3.4373985880010878,dstar_lite,False,0,0,3652,15615,781,0.0962597600009758,0,0.0,0.06333850699957111,True,2259,0,6,6,B,5406,0.36666666666666664,True,5.284855562997109
0,39.436997486849705,608,0,,0.475657439761009,2.429963732000033,dstar_lite,False,0,0,1023,4396,193,0.04561482799908845,0,0.0,0.0344251999995322,True,883,0,7,7,B,5407,0.38333333333333336,True,5.376722337001411
0,37.39847573732454,568,0,,0.465026880943456,1.151433482998982,dstar_lite,False,0,0,8150,33425,1713,0.16864437499680207,0,0.0,0.12747155999750248,True,5764,0,7,7,B,5408,0.38333333333333336,True,2.8671540369978175
0,39.564226142082795,605,0,,0.465026880943456,1.6546379810024519,dstar_lite,False,0,0,7171,29619,4045,0.1582921119988896,0,0.0,0.3235596339982294,True,23810,0,5,5,B,5409,0.48333333333333334,True,4.348124305000965
0,39.07795062301074,599,0,,0.465026880943456,2.3318510560020513,dstar_lite,False,0,0,1763,7571,58,0.0525639150000643,0,0.0,0.022640912000497337,True,72,0,7,7,B,5410,0.4583333333333333,True,4.459772584006714
0,39.705731660393766,602,0,,0.475657439761009,2.17906357800166,dstar_lite,False,0,0,9385,38463,24516,0.1744797040009871,0,0.0,1.9998425009980565,True,181910,0,3,3,B,5411,0.425,True,3.968205010998645
0,37.949552945065456,570,0,,0.465026880943456,2.9333601170001202,dstar_lite,False,0,0,1660,7204,260,0.058448078998480923,0,0.0,0.03005656000095769,True,966,0,5,5,B,5412,0.4083333333333333,True,4.522259149001911
0,38.5410811716497,591,0,,0.465026880943456,4.069118140003411,dstar_lite,False,0,0,2310,9796,704,0.05904789999840432,0,0.0,0.06117632299719844,True,2952,0,9,9,B,5413,0.4166666666666667,True,6.221497217007709
0,38.251473703255364,574,0,,0.465026880943456,0.9931418680025672,dstar_lite,False,0,0,1224,5304,529,0.06146042500040494,0,0.0,0.045296247000806034,True,2632,0,5,5,B,5414,0.4,True,2.6050188630033517
0,38.23430838006281,571,0,,0.465026880943456,0.8395574730020599,dstar_lite,False,0,0,2663,11289,707,0.07063411199851544,0,0.0,0.05572264299917151,True,1874,0,6,6,B,5415,0.4666666666666667,True,2.4771063159969344
0,35.842176672952434,520,0,,0.4596194077712549,0.9294952109994483,dstar_lite,False,0,0,6619,27502,308,0.12811987299937755,0,0.0,0.06609274800212006,True,1540,0,4,4,B,5416,0.4,True,1.8953188580017013
0,39.63032885193917,608,0,,0.475657439761009,2.2041064359982556,dstar_lite,False,0,0,12921,53316,6721,0.24772983799994108,0,0.0,0.4019252180005424,True,26947,0,5,5,B,5417,0.38333333333333336,True,4.9997742640007345
0,40.37344036666915,615,0,,0.465026880943456,6.654802367000229,dstar_lite,False,0,0,3328,14018,21,0.0950778740007081,0,0.0,0.05231848599942168,True,143,0,6,6,B,5418,0.49166666666666664,True,11.459047669006395
0,39.02453657803897,583,0,,0.465026880943456,1.9063405690030777,dstar_lite,False,0,0,5730,24144,1220,0.13751592699918547,0,0.0,0.11204168999756803,True,4791,0,5,5,B,5419,0.4583333333333333,True,3.7313620540007832
0,40.25002469371171,615,0,,0.475657439761009,1.5037221210004645,dstar_lite,False,0,0,2002,8475,524,0.05355038999914541,0,0.0,0.04210102300203289,True,2129,0,6,6,B,5420,0.48333333333333334,True,3.7054344189964468
0,38.985371381136716,605,0,,0.4962358310319797,4.1426877029989555,dstar_lite,False,0,0,4284,18104,1323,0.08697147999919252,0,0.0,0.11791177800114383,True,6410,0,6,6,B,5421,0.39166666666666666,True,6.111886685001082
0,39.86998683401802,628,0,,0.475657439761009,1.7058578619980835,dstar_lite,False,0,0,1299,5546,1066,0.04808915200192132,0,0.0,0.10687005300133023,True,7318,0,8,8,B,5422,0.38333333333333336,True,4.288641478004138
0,37.16103126863745,557,0,,0.465026880943456,0.9730282130003616,dstar_lite,False,0,0,2107,9152,336,0.061831391001760494,0,0.0,0.051275911999255186,True,1922,0,8,8,B,5423,0.43333333333333335,True,2.8810436129970185
0,39.83060522442398,632,0,,0.475657439761009,2.7135084080000524,dstar_lite,False,0,0,4703,19893,363,0.11399577400152339,0,0.0,0.054916859000513796,True,1071,0,5,5,B,5424,0.325,True,6.770930675997079
0,40.088057381270694,622,0,,0.465026880943456,1.663779122998676,dstar_lite,False,0,0,1398,5955,390,0.05002431799948681,0,0.0,0.03412182299871347,True,1278,0,9,9,B,5425,0.43333333333333335,True,4.481701989992871
0,39.846604948274816,639,0,,0.475657439761009,5.039110334000725,dstar_lite,False,0,0,4243,17650,3211,0.08549129400125821,0,0.0,0.13278289499794482,True,7736,0,9,9,B,5426,0.4083333333333333,True,8.395658138000726
0,40.07253798147818,605,0,,0.475657439761009,1.242838195998047,dstar_lite,False,0,0,574,2509,2574,0.025744803999259602,0,0.0,0.23103936000188696,True,19380,0,6,6,B,5427,0.4,True,3.3923079169981065
0,40.5231860204358,628,0,,0.475657439761009,1.8554305600009684,dstar_lite,False,0,0,3260,13700,1895,0.09416110399979516,0,0.0,0.09695115000067744,True,4698,0,6,6,B,5428,0.475,True,5.30353265699523
0,38.27883442499683,596,0,,0.475657439761009,2.2998226859999704,dstar_lite,False,0,0,3736,15546,6510,0.11009909099811921,0,0.0,0.41248176299995976,True,33149,0,5,5,B,5429,0.425,True,3.429949145003775
0,38.5993505436571,584,0,,0.465026880943456,2.993595178999385,dstar_lite,False,0,0,1015,4460,276,0.03215339300004416,0,0.0,0.037561428998742485,True,1502,0,5,5,B,5430,0.4166666666666667,True,5.194658908996644
0,37.28212428305799,561,0,,0.465026880943456,0.9972197079987382,dstar_lite,False,0,0,5496,22782,1719,0.11119897100070375,0,0.0,0.15089921700200648,True,9943,0,6,6,B,5431,0.39166666666666666,True,2.742547226996976
0,38.67595664803576,593,0,,0.465026880943456,4.034396040999127,dstar_lite,False,0,0,5894,24301,2819,0.16482533800081,0,0.0,0.2294455180017394,True,16498,0,7,7,B,5432,0.43333333333333335,True,5.793487655995705
0,38.757872758023176,589,0,,0.465026880943456,3.405324847000884,dstar_lite,False,0,0,5321,22258,310,0.13833583499945235,0,0.0,0.05755353199856472,True,1547,0,5,5,B,5433,0.375,True,5.138983032004035
0,41.00548087252632,644,0,,0.475657439761009,3.319102905999898,dstar_lite,False,0,0,1906,8060,2064,0.05870519900054205,0,0.0,0.1925625760013645,True,14584,0,6,6,B,5434,0.39166666666666666,True,6.325685568001063
0,38.4329937980621,596,0,,0.475657439761009,2.876951080001163,dstar_lite,False,0,0,5768,23712,6840,0.11682850000215694,0,0.0,0.5003550069995981,True,41704,0,5,5,B,5435,0.4666666666666667,True,5.117309051998745
0,37.777048714251855,584,0,,0.465026880943456,1.296165789000952,dstar_lite,False,0,0,3392,14143,1967,0.1037324559983972,0,0.0,0.10081820599953062,True,6186,0,7,7,B,5436,0.35833333333333334,True,3.0824126549960056
0,42.892820406129054,654,0,,0.465026880943456,7.6765688820014475,dstar_lite,False,0,0,5017,21135,838,0.104525165999803,0,0.0,0.11343145399951027,True,4780,0,6,6,B,5437,0.475,True,11.938709628007928
0,40.127692067261755,615,0,,0.465026880943456,3.375998385999992,dstar_lite,False,0,0,4121,17286,1380,0.099189420001494,0,0.0,0.1256686599990644,True,7276,0,7,7,B,5438,0.4,True,5.579497378006636
0,37.67402752738678,563,0,,0.465026880943456,2.3293945280020125,dstar_lite,False,0,0,6889,28457,3020,0.1421684800006915,0,0.0,0.21285186800014344,True,15168,0,6,6,B,5439,0.45,True,4.059159913998883
0,38.78131028705955,588,0,,0.465026880943456,1.8672766109993972,dstar_lite,False,0,0,821,3518,110,0.042771889002324315,0,0.0,0.016351827998732915,True,164,0,7,7,B,5440,0.4083333333333333,True,4.512738833996991
0,40.035809552900766,619,0,,0.465026880943456,2.3177467379973677,dstar_lite,False,0,0,1723,7311,231,0.0547269580019929,0,0.0,0.033778950997657375,True,1243,0,8,8,B,5441,0.4166666666666667,True,5.107237818996509
0,38.87008710920875,605,0,,0.465026880943456,3.9891599109978415,dstar_lite,False,0,0,1932,8208,281,0.055816568001318956,0,0.0,0.05634557599842083,True,1613,0,7,7,B,5442,0.475,True,6.410229504999734
0,39.197850560267234,582,0,,0.465026880943456,0.6917648549970181,dstar_lite,False,0,0,4648,19735,1401,0.10065244599900325,0,0.0,0.12366894200022216,True,7365,0,6,6,B,5443,0.4,True,2.303073876999406
0,37.42484974784838,556,0,,0.465026880943456,3.1873582010011887,dstar_lite,False,0,0,4518,18754,1906,0.12097008799901232,0,0.0,0.1938729730027262,True,14410,0,6,6,B,5444,0.4666666666666667,True,4.304136826001923
0,37.763783660596516,575,0,,0.475657439761009,3.000453259999631,dstar_lite,False,0,0,2192,9129,465,0.054337456000212114,0,0.0,0.0380016320013965,True,1998,0,4,4,B,5445,0.4666666666666667,True,5.357919679001498
0,37.95136674603541,577,0,,0.465026880943456,1.807113744001981,dstar_lite,False,0,0,2342,10017,334,0.06390306899993448,0,0.0,0.055644124000536976,True,2010,0,7,7,B,5446,0.5083333333333333,True,4.260173115999351
0,39.05181466887052,591,0,,0.475657439761009,1.2479595910008356,dstar_lite,False,0,0,620,2677,1403,0.03571221399761271,0,0.0,0.11715413099955185,True,8921,0,6,6,B,5447,0.43333333333333335,True,2.982756954006618
0,38.969422832888064,586,0,,0.465026880943456,2.760065531998407,dstar_lite,False,0,0,1578,6647,92,0.04992545699860784,0,0.0,0.04946900700088008,True,425,0,8,8,B,5448,0.43333333333333335,True,4.506813850995968
0,43.307961326382184,689,0,,0.475657439761009,5.514590824001061,dstar_lite,False,0,0,1046,4534,370,0.03719452199948137,0,0.0,0.05125825900177006,True,1675,0,7,7,B,5449,0.5,True,9.605229508000775
0,39.17061935096834,602,0,,0.475657439761009,2.6617103739990853,dstar_lite,False,0,0,6367,26810,173,0.1447400569995807,0,0.0,0.0667691240014392,True,808,0,6,6,B,5450,0.4083333333333333,True,6.014724655004102
0,39.66973594614306,602,0,,0.465026880943456,4.958253752000019,dstar_lite,False,0,0,626,2739,15,0.06292436399962753,0,0.0,0.024550796999392333,True,15,0,8,8,B,5451,0.43333333333333335,True,6.658305985005427
0,39.90319130430125,618,0,,0.465026880943456,2.0836980269996275,dstar_lite,False,0,0,3949,16687,620,0.1241047619987512,0,0.0,0.08027827300247736,True,2403,0,8,8,B,5452,0.4666666666666667,True,4.684920812993369
0,39.60043108813951,629,0,,0.465026880943456,2.224629297001229,dstar_lite,False,0,0,7048,28916,4395,0.1447194190004666,0,0.0,0.21440621500005363,True,13437,0,7,7,B,5453,0.44166666666666665,True,4.554012272998079
0,39.02036207988585,597,0,,0.465026880943456,2.3069861189978838,dstar_lite,False,0,0,1999,8443,1060,0.07887484300226788,0,0.0,0.1025141749996692,True,4924,0,7,7,B,5454,0.5083333333333333,True,4.415934907996416
0,37.0247515841204,559,0,,0.465026880943456,1.7908791779991589,dstar_lite,False,0,0,4600,19765,16,0.13496505500006606,0,0.0,0.049809020001703175,True,16,0,7,7,B,5455,0.48333333333333334,True,4.135900187997322
0,39.59026875539467,608,0,,0.465026880943456,2.707226227001229,dstar_lite,False,0,0,9637,39763,277,0.2502073219984595,0,0.0,0.10437995599932037,True,634,0,6,6,B,5456,0.44166666666666665,True,7.831737681000959
0,41.76434560789913,647,0,,0.475657439761009,4.500577136001084,dstar_lite,False,0,0,1158,4927,49,0.05675871000130428,0,0.0,0.031190585999866016,True,307,0,6,6,B,5457,0.45,True,7.2986407299940765
0,39.06104928689084,610,0,,0.465026880943456,3.1994940219992714,dstar_lite,False,0,0,1673,7265,527,0.06015857199963648,0,0.0,0.049058429001888726,True,2247,0,6,6,B,5458,0.4,True,6.306261592999363
0,38.69031297318132,585,0,,0.475657439761009,1.4071244249971642,dstar_lite,False,0,0,1996,8295,13582,0.08619197399821132,0,0.0,1.1565874730003998,True,105384,0,4,4,B,5459,0.4,True,3.4380875079987163
0,38.40049212362522,569,0,,0.465026880943456,1.557585262999055,dstar_lite,False,0,0,11345,47156,643,0.2520537569980661,0,0.0,0.10591574499994749,True,1344,0,4,4,B,5460,0.4,True,3.2715035670007637
0,42.613232847717185,666,0,,0.475657439761009,4.019006859998626,dstar_lite,False,0,0,4435,18661,2175,0.11183372699815664,0,0.0,0.1635593799983326,True,9522,0,6,6,B,5461,0.475,True,8.444864362001681
0,36.37799390458953,552,0,,0.475657439761009,1.0696321390023513,dstar_lite,False,0,0,5812,24200,3817,0.14139653900201665,0,0.0,0.2639345429997775,True,18724,0,5,5,B,5462,0.4,True,3.2557398330027354
0,39.7081440491697,610,0,,0.465026880943456,1.8482373699989694,dstar_lite,False,0,0,1758,7432,60,0.05473073400207795,0,0.0,0.02945270099735353,True,60,0,7,7,B,5463,0.49166666666666664,True,4.541124749001028
0,40.297419394198904,607,0,,0.4962358310319797,2.0842767159992945,dstar_lite,False,0,0,5332,22221,909,0.12170623400015756,0,0.0,0.08528733500133967,True,3897,0,6,6,B,5464,0.38333333333333336,True,4.980957049996505
0,40.048512846050954,624,0,,0.475657439761009,5.6055901079998876,dstar_lite,False,0,0,5573,23556,2070,0.12067311700229766,0,0.0,0.15366078299848596,True,8710,0,5,5,B,5465,0.48333333333333334,True,7.141256336999504
0,41.74895371532995,650,0,,0.475657439761009,5.365685344000667,dstar_lite,False,0,0,2218,9480,189,0.05973953899956541,0,0.0,0.043716714997572126,True,753,0,7,7,B,5466,0.48333333333333334,True,9.257699654004682
0,37.4063345319001,558,0,,0.475657439761009,1.1257385380013147,dstar_lite,False,0,0,10159,41706,6361,0.2311932769989653,0,0.0,0.4761773489990446,True,35831,0,5,5,B,5467,0.5416666666666666,True,3.0041248589950555
0,41.01401695914926,643,0,,0.475657439761009,0.9427283520017227,dstar_lite,False,0,0,928,4034,332,0.032574610002484405,0,0.0,0.031203301001369255,True,958,0,8,8,B,5468,0.45,True,4.07685931600281
0,36.26980390561224,538,0,,0.465026880943456,0.6684620509986416,dstar_lite,False,0,0,758,3288,1639,0.030441028997302055,0,0.0,0.1227946669969242,True,9811,0,5,5,B,5469,0.3333333333333333,True,1.819187057997624
0,38.899265596944275,603,0,,0.475657439761009,6.882188576997578,dstar_lite,False,0,0,7803,32904,1227,0.1532154510023247,0,0.0,0.14319106000039028,True,6166,0,5,5,B,5470,0.36666666666666664,True,8.60061479399883
0,41.270733068550825,651,0,,0.475657439761009,2.2523445320002793,dstar_lite,False,0,0,2092,8877,199,0.07305110599918407,0,0.0,0.03762700299921562,True,675,0,7,7,B,5471,0.4,True,5.624973694008077
0,38.82385077809848,592,0,,0.465026880943456,3.418974010000966,dstar_lite,False,0,0,2196,9346,658,0.0641047500030254,0,0.0,0.06654680200153962,True,3190,0,7,7,B,5472,0.4083333333333333,True,5.235199197995826
0,38.793607847900894,573,0,,0.465026880943456,1.5155559869999706,dstar_lite,False,0,0,3757,15700,199,0.08152674799930537,0,0.0,0.03276444600123796,True,207,0,6,6,B,5473,0.44166666666666665,True,3.8056961039983435
0,39.21775361454409,581,0,,0.465026880943456,0.8107147189984971,dstar_lite,False,0,0,2609,11028,595,0.05770982799731428,0,0.0,0.04986072500105365,True,2710,0,9,9,B,5474,0.39166666666666666,True,1.9078194669928052
0,40.21894237616705,614,0,,0.475657439761009,3.4473671259984258,dstar_lite,False,0,0,1891,8048,1119,0.048584890999336494,0,0.0,0.07263837800201145,True,4676,0,6,6,B,5475,0.43333333333333335,True,5.44032650799636
0,37.02520226236488,556,0,,0.465026880943456,0.5338682170004176,dstar_lite,False,0,0,854,3679,1451,0.03675393199955579,0,0.0,0.1040158159994462,True,7996,0,7,7,B,5476,0.4,True,2.243167975000688
0,42.21242846069901,685,0,,0.465026880943456,5.26925177999874,dstar_lite,False,0,0,1181,5148,321,0.05057496599692968,0,0.0,0.03459568999824114,True,1420,0,8,8,B,5477,0.425,True,9.162380036996183
0,38.75996389770605,572,0,,0.465026880943456,0.950456092999957,dstar_lite,False,0,0,14026,58018,1608,0.29658097799983807,0,0.0,0.21803671000088798,True,10818,0,5,5,B,5478,0.43333333333333335,True,2.322867339993536
0,39.88290911223506,618,0,,0.465026880943456,2.9455051900004037,dstar_lite,False,0,0,2225,9554,575,0.06619980299728923,0,0.0,0.05522648099940852,True,3032,0,7,7,B,5479,0.3416666666666667,True,4.671615995997854
0,37.51696986984572,553,0,,0.465026880943456,2.0249904670017713,dstar_lite,False,0,0,6019,25449,448,0.14372691400058102,0,0.0,0.06900878800297505,True,2163,0,5,5,B,5480,0.425,True,3.178870238007221
0,42.529912854260544,656,0,,0.475657439761009,6.255118054999912,dstar_lite,False,0,0,3362,14468,497,0.09762529599902336,0,0.0,0.06999291100146365,True,1480,0,7,7,B,5481,0.43333333333333335,True,8.865132089002145
0,38.886154044097005,592,0,,0.465026880943456,2.6505190940006287,dstar_lite,False,0,0,857,3647,215,0.041116473999863956,0,0.0,0.03863277899654349,True,1170,0,6,6,B,5482,0.44166666666666665,True,6.05897044700032
0,41.414032483568676,675,0,,0.475657439761009,1.3628354880020197,dstar_lite,False,0,0,560,2463,329,0.029205969000031473,0,0.0,0.03482893899854389,True,1368,0,7,7,B,5483,0.44166666666666665,True,5.951834075003717
0,37.86686648480799,587,0,,0.465026880943456,1.943198217999452,dstar_lite,False,0,0,2858,12119,1468,0.07658274099958362,0,0.0,0.08288721099961549,True,4229,0,7,7,B,5484,0.48333333333333334,True,4.602272271000402
0,39.037836715898514,585,0,,0.465026880943456,2.0102385270001832,dstar_lite,False,0,0,13524,55638,230,0.28568317299868795,0,0.0,0.13296721200094908,True,1386,0,6,6,B,5485,0.45,True,3.720137581003655
0,39.50219350664745,617,0,,0.465026880943456,2.7996475090003514,dstar_lite,False,0,0,3009,12947,1664,0.08606607500041719,0,0.0,0.1429482059975271,True,9043,0,8,8,B,5486,0.44166666666666665,True,4.553518908000115
0,38.5672536342481,588,0,,0.4596194077712549,1.2019958870005212,dstar_lite,False,0,0,5556,23120,208,0.1439289469999494,0,0.0,0.06884151799749816,True,1104,0,6,6,B,5487,0.38333333333333336,True,3.7694987510076317
0,39.607581997223946,603,0,,0.475657439761009,1.3326188470018678,dstar_lite,False,0,0,6691,27529,15372,0.1250003060013114,0,0.0,1.2045692789979512,True,107012,0,6,6,B,5488,0.4,True,3.4576942380044784
0,39.89245037667259,603,0,,0.465026880943456,1.669554950996826,dstar_lite,False,0,0,1755,7610,1368,0.06196398199972464,0,0.0,0.12309697900127503,True,8255,0,7,7,B,5489,0.43333333333333335,True,3.736916082998505
0,41.034523972341894,651,0,,0.465026880943456,3.640719117000117,dstar_lite,False,0,0,1002,4339,445,0.05099510800209828,0,0.0,0.04914320700117969,True,1957,0,8,8,B,5490,0.49166666666666664,True,7.420546021003247
0,36.63624516611649,541,0,,0.465026880943456,0.28519543899892597,dstar_lite,False,0,0,1633,7005,945,0.04181102000075043,0,0.0,0.08117947700156947,True,5917,0,8,8,B,5491,0.3416666666666667,True,1.6934316809965821
0,39.94942038296786,604,0,,0.475657439761009,1.6585021469982166,dstar_lite,False,0,0,12720,52492,16139,0.2608054140000604,0,0.0,1.3940082549997896,True,121498,0,5,5,B,5492,0.4,True,3.5953739319957094
0,38.83280692204453,601,0,,0.465026880943456,4.2709446490007394,dstar_lite,False,0,0,1856,7792,1050,0.05264171299859299,0,0.0,0.0781609080004273,True,4230,0,9,9,B,5493,0.44166666666666665,True,6.413696192001225
0,41.90656529281827,679,0,,0.475657439761009,3.924057790001825,dstar_lite,False,0,0,7759,31647,17992,0.1881661420011369,0,0.0,1.1136063560006733,True,93954,0,7,7,B,5494,0.475,True,7.916688850000355
0,39.484649963840724,612,0,,0.4962358310319797,3.2197030640018056,dstar_lite,False,0,0,4934,20493,318,0.1317682449989661,0,0.0,0.04784950199973537,True,1157,0,7,7,B,5495,0.5083333333333333,True,5.88247311100713
0,38.764129387299896,594,0,,0.465026880943456,4.172955900001398,dstar_lite,False,0,0,7052,28959,5381,0.1677462919979007,0,0.0,0.3935272639973846,True,30601,0,6,6,B,5496,0.43333333333333335,True,6.073214267005824
0,38.40006965966605,576,0,,0.465026880943456,2.4342881699994905,dstar_lite,False,0,0,3208,13526,459,0.10290351000003284,0,0.0,0.07007876400166424,True,2427,0,5,5,B,5497,0.44166666666666665,True,4.074938486995961
0,40.49347430126866,644,0,,0.475657439761009,1.7797527439979604,dstar_lite,False,0,0,6505,26951,6048,0.14718959799938602,0,0.0,0.41712920300051337,True,32868,0,6,6,B,5498,0.425,True,4.811254917000042
0,40.16143432107351,626,0,,0.465026880943456,1.6610881220003648,dstar_lite,False,0,0,6054,24605,7643,0.13869855500161066,0,0.0,0.47535047799829044,True,39625,0,7,7,B,5499,0.43333333333333335,True,3.9490517530030047
0,39.46385590069419,597,0,,0.465026880943456,3.7662636150016624,dstar_lite,False,0,0,3352,14431,99,0.10412401700159535,0,0.0,0.043781031999969855,True,140,0,5,5,C,5000,0.40993788819875776,True,5.686842595005146
0,39.81143532813183,622,0,,0.465026880943456,1.9206596379990515,dstar_lite,False,0,0,1329,5660,3,0.06936801900155842,0,0.0,0.04123473599975114,True,3,0,9,9,C,5001,0.4782608695652174,True,5.549512461999257
0,38.28718712816985,588,0,,0.475657439761009,1.819218765002006,dstar_lite,False,0,0,860,3717,346,0.03366207699946244,0,0.0,0.03685344700352289,True,1749,0,7,7,C,5002,0.42857142857142855,True,4.719284778006113
0,40.61984516796955,635,0,,0.465026880943456,1.1952191150012368,dstar_lite,False,0,0,4874,20361,6357,0.11825447100272868,0,0.0,0.4460209589997248,True,36908,0,7,7,C,5003,0.4472049689440994,True,3.937875792005798
0,39.9824848729989,615,0,,0.465026880943456,3.013228745003289,dstar_lite,False,0,0,2463,10631,293,0.068373160000192,0,0.0,0.05796560999806388,True,1522,0,7,7,C,5004,0.38509316770186336,True,5.6764531250046275
0,42.985857244124794,676,0,,0.465026880943456,4.21177543000158,dstar_lite,False,0,0,2722,11939,557,0.07573795999996946,0,0.0,0.06788438899820903,True,2754,0,9,9,C,5005,0.484472049689441,True,7.717618903003313
0,38.03486562769587,584,0,,0.465026880943456,1.4066604990002816,dstar_lite,False,0,0,2654,11014,1295,0.08360168299986981,0,0.0,0.09901137199994992,True,4950,0,8,8,C,5006,0.4409937888198758,True,3.6393337180015806
0,40.70871953816647,636,0,,0.465026880943456,4.148068400001648,dstar_lite,False,0,0,1786,7700,849,0.05991859699861379,0,0.0,0.07508809199862299,True,4241,0,6,6,C,5007,0.36645962732919257,True,7.832232171000214
0,40.35972468219779,628,0,,0.475657439761009,1.8336538469993684,dstar_lite,False,0,0,2109,8965,940,0.07027484299760545,0,0.0,0.08953807999932906,True,4934,0,8,8,C,5008,0.40993788819875776,True,4.919504141002108
0,39.49744394454281,606,0,,0.475657439761009,2.4536656710006355,dstar_lite,False,0,0,1869,8012,1012,0.06591948599816533,0,0.0,0.07580782799777808,True,3284,0,8,8,C,5009,0.4658385093167702,True,6.808439852993615
0,49.666586145850914,802,0,,0.475657439761009,11.61767589700321,dstar_lite,False,0,0,2310,9950,391,0.08425754800191498,0,0.0,0.05762375500125927,True,853,0,9,9,C,5010,0.546583850931677,True,17.733962388996588
0,38.117415318384055,567,0,,0.465026880943456,2.185276371001237,dstar_lite,False,0,0,9697,40683,387,0.21862782000243897,0,0.0,0.10648754000067129,True,1339,0,5,5,C,5011,0.40993788819875776,True,3.613156526007515
0,39.41324203016181,638,0,,0.475657439761009,2.031607675999112,dstar_lite,False,0,0,6212,25161,9704,0.16986901099880924,0,0.0,0.5737910759999068,True,47885,0,7,7,C,5012,0.4161490683229814,True,5.46127498700298
0,40.86413586058057,642,0,,0.465026880943456,2.557722756999283,dstar_lite,False,0,0,6387,26796,2409,0.15479111800232204,0,0.0,0.19657810699936817,True,11386,0,8,8,C,5013,0.45962732919254656,True,7.648896980001155
0,37.1317061492768,559,0,,0.465026880943456,0.991795493002428,dstar_lite,False,0,0,4808,19778,3737,0.12286506600139546,0,0.0,0.2657827510010975,True,20617,0,6,6,C,5014,0.42857142857142855,True,2.6510812930027896
0,39.37530719622413,588,0,,0.475657439761009,0.9451346610003384,dstar_lite,False,0,0,9965,41257,9843,0.2078905410016887,0,0.0,0.7340510350004479,True,62312,0,4,4,C,5015,0.36645962732919257,True,2.8697658900018723
0,38.11654781872558,579,0,,0.475657439761009,3.1290427320018352,dstar_lite,False,0,0,871,3814,168,0.03901782300090417,0,0.0,0.026123832001758274,True,960,0,7,7,C,5016,0.40372670807453415,True,5.358493640011147
0,46.47895872646411,752,0,,0.465026880943456,9.762013739000395,dstar_lite,False,0,0,1849,7965,2321,0.05829444600021816,0,0.0,0.17354870599956485,True,13760,0,8,8,C,5017,0.577639751552795,True,16.88995527399311
0,38.41144584932628,575,0,,0.465026880943456,0.7913400350007578,dstar_lite,False,0,0,893,3841,71,0.03724945100111654,0,0.0,0.02240995399915846,True,79,0,5,5,C,5018,0.3416149068322981,True,1.8612624159977713
0,38.49739942108071,590,0,,0.465026880943456,2.5572157140013587,dstar_lite,False,0,0,3133,13234,993,0.09616594000181067,0,0.0,0.09286412299843505,True,4182,0,6,6,C,5019,0.42857142857142855,True,5.340646289001597
0,38.66085226273126,576,0,,0.465026880943456,1.671797384002275,dstar_lite,False,0,0,1591,7004,463,0.04174322899780236,0,0.0,0.04667233600048348,True,2617,0,7,7,C,5020,0.36645962732919257,True,2.841473036001844
0,38.84079656166232,597,0,,0.465026880943456,1.2351001679999172,dstar_lite,False,0,0,265,1121,378,0.03813909200107446,0,0.0,0.030604216000938322,True,1764,0,7,7,C,5021,0.4658385093167702,True,3.3177498639961414
0,38.85383278678392,583,0,,0.465026880943456,1.893788389999827,dstar_lite,False,0,0,1037,4536,64,0.04708594199837535,0,0.0,0.023063800999807427,True,90,0,8,8,C,5022,0.4720496894409938,True,3.737523721996695
0,39.64401648876826,621,0,,0.475657439761009,2.3805855120008346,dstar_lite,False,0,0,7217,30200,2442,0.15748342600272736,0,0.0,0.22228425999855972,True,13448,0,8,8,C,5023,0.5093167701863354,True,6.46374340499824
0,41.11883906586432,643,0,,0.475657439761009,2.4319632580009056,dstar_lite,False,0,0,1933,8452,2397,0.05986533000032068,0,0.0,0.19518479399994249,True,15314,0,6,6,C,5024,0.4472049689440994,True,5.959244071000285
0,36.836925330944815,555,0,,0.465026880943456,0.7372421889995167,dstar_lite,False,0,0,4611,19312,4205,0.10187049800151726,0,0.0,0.2856091399989964,True,21989,0,6,6,C,5025,0.4658385093167702,True,3.171902936999686
0,43.20332537457858,720,0,,0.47565743976100916,2.2136183549991983,dstar_lite,False,0,0,501,2137,2470,0.027187768999283435,0,0.0,0.20221567199769197,True,17168,0,7,7,C,5026,0.35403726708074534,True,7.26397717099826
0,45.798653658430055,749,0,,0.47565743976100916,5.587149683000462,dstar_lite,False,0,0,1176,4868,5460,0.04278881400023238,0,0.0,0.41224509899984696,True,37183,0,5,5,C,5027,0.33540372670807456,True,13.115921302003699
0,39.06679974910848,612,0,,0.475657439761009,5.020534405000944,dstar_lite,False,0,0,1398,5987,2125,0.06406337400039774,0,0.0,0.1996135290028178,True,13332,0,6,6,C,5028,0.36024844720496896,True,6.486382721996051
0,39.62745376956933,607,0,,0.475657439761009,2.875277858998743,dstar_lite,False,0,0,5882,24754,3409,0.17526277999786544,0,0.0,0.28163913800017326,True,19127,0,6,6,C,5029,0.4472049689440994,True,5.00766631800434
0,38.79017464507235,569,0,,0.465026880943456,0.9315469850007503,dstar_lite,False,0,0,315,1369,612,0.06283647500094958,0,0.0,0.04541648600206827,True,2822,0,6,6,C,5030,0.422360248447205,True,2.2178531579993432
0,40.12227966509724,624,0,,0.475657439761009,5.834850146999088,dstar_lite,False,0,0,2954,12469,2356,0.0767272029988817,0,0.0,0.11206226099966443,True,6833,0,6,6,C,5031,0.34782608695652173,True,8.771024153003964
0,38.65612984409032,589,0,,0.465026880943456,4.45246474400119,dstar_lite,False,0,0,5011,21310,1302,0.1261077560011472,0,0.0,0.18343707800158882,True,9140,0,6,6,C,5032,0.4161490683229814,True,6.410219329998654
0,40.478050754083526,656,0,,0.475657439761009,3.217389548997744,dstar_lite,False,0,0,3660,15718,1830,0.09586264500103425,0,0.0,0.1780493149999529,True,10122,0,4,4,C,5033,0.4409937888198758,True,7.799550064995856
0,39.705983938765094,604,0,,0.465026880943456,1.5292974069998309,dstar_lite,False,0,0,4031,16821,457,0.10852138399786782,0,0.0,0.06527749499946367,True,2248,0,7,7,C,5034,0.422360248447205,True,3.658750147998944
0,37.93271611555006,574,0,,0.465026880943456,1.8319277619993954,dstar_lite,False,0,0,2878,12251,478,0.07510753300084616,0,0.0,0.06858963199920254,True,2686,0,7,7,C,5035,0.43478260869565216,True,3.5112948899986804
0,40.41205258965171,653,0,,0.475657439761009,1.6313541580020683,dstar_lite,False,0,0,5437,22702,5765,0.14653317400006927,0,0.0,0.3526982160001353,True,27177,0,8,8,C,5036,0.4720496894409938,True,6.437868768000044
0,38.97731426339,601,0,,0.475657439761009,4.790281543999299,dstar_lite,False,0,0,9267,38264,3857,0.2385676660014724,0,0.0,0.24132149200158892,True,13973,0,7,7,C,5037,0.484472049689441,True,7.839220655998361
0,39.22834556653096,610,0,,0.475657439761009,5.459558197999286,dstar_lite,False,0,0,4930,20788,1078,0.1372912360020564,0,0.0,0.10676817499916069,True,5567,0,8,8,C,5038,0.45962732919254656,True,7.64829977399495
0,40.55865269135245,646,0,,0.475657439761009,2.10003529900132,dstar_lite,False,0,0,443,1822,439,0.06265942699974403,0,0.0,0.02170295800169697,True,986,0,9,9,C,5039,0.45962732919254656,True,4.964065737003693
0,39.53669030608723,610,0,,0.465026880943456,2.1583419400012644,dstar_lite,False,0,0,1200,5166,2075,0.04568602799918153,0,0.0,0.15404214800219052,True,11644,0,7,7,C,5040,0.42857142857142855,True,4.531725690991152
0,39.25393654418641,584,0,,0.465026880943456,0.8154813559995091,dstar_lite,False,0,0,887,3863,4,0.04108676200121408,0,0.0,0.01341467400197871,True,4,0,7,7,C,5041,0.35403726708074534,True,2.205410899994604
0,40.818605824523765,640,0,,0.465026880943456,2.580055670998263,dstar_lite,False,0,0,2925,12502,1201,0.07538707999992766,0,0.0,0.10828196799775469,True,7179,0,7,7,C,5042,0.42857142857142855,True,6.205295332005335
0,37.82497442825896,586,0,,0.465026880943456,1.6213165529989055,dstar_lite,False,0,0,2765,11716,1710,0.10627904400098487,0,0.0,0.12360970199733856,True,7426,0,7,7,C,5043,0.40993788819875776,True,4.036315368000942
0,39.66494200205943,623,0,,0.475657439761009,2.1887470439978642,dstar_lite,False,0,0,1750,7418,902,0.053237983000144595,0,0.0,0.0942141650011763,True,5150,0,9,9,C,5044,0.453416149068323,True,5.037494261992833
0,42.134060573603286,649,0,,0.465026880943456,5.828293220998603,dstar_lite,False,0,0,3998,16871,2232,0.09025823900083196,0,0.0,0.1880744650006818,True,12913,0,6,6,C,5045,0.40993788819875776,True,8.422196048999467
0,38.78879528516844,584,0,,0.465026880943456,1.0767698589988868,dstar_lite,False,0,0,749,3229,307,0.03389070599951083,0,0.0,0.04072268299933057,True,1499,0,8,8,C,5046,0.4161490683229814,True,2.6622988669951155
0,39.892387663149485,610,0,,0.465026880943456,2.5821628909980063,dstar_lite,False,0,0,2910,12283,579,0.08826082599989604,0,0.0,0.0689829449984245,True,3046,0,7,7,C,5047,0.43478260869565216,True,5.298117193993676
0,38.954595073883866,600,0,,0.475657439761009,2.1410339400026714,dstar_lite,False,0,0,12114,49486,6836,0.25823046499863267,0,0.0,0.4187278880017402,True,30985,0,6,6,C,5048,0.45962732919254656,True,4.294301221998467
0,40.76008760633257,621,0,,0.465026880943456,2.7621063779988617,dstar_lite,False,0,0,2145,9312,1811,0.06440591099817539,0,0.0,0.17321157800324727,True,12643,0,6,6,C,5049,0.4409937888198758,True,4.355793901999277
0,37.784960236727976,562,0,,0.465026880943456,0.6758075750003627,dstar_lite,False,0,0,4840,19916,1375,0.08851624599992647,0,0.0,0.13195586100118817,True,9027,0,6,6,C,5050,0.38509316770186336,True,1.7543347870050638
0,38.67741169212892,578,0,,0.465026880943456,2.916289485001471,dstar_lite,False,0,0,1600,6893,2514,0.05005846700078109,0,0.0,0.1743165219995717,True,13679,0,5,5,C,5051,0.391304347826087,True,4.033207066004252
0,36.8638738129771,556,0,,0.465026880943456,1.7538986690015008,dstar_lite,False,0,0,3456,14703,193,0.1264967980023357,0,0.0,0.0582033919999958,True,909,0,6,6,C,5052,0.4968944099378882,True,4.176013979005802
0,41.42938805175319,653,0,,0.475657439761009,2.879652696999983,dstar_lite,False,0,0,5387,22375,33064,0.1444508290005615,0,0.0,2.7312255130018457,True,249900,0,5,5,C,5053,0.40993788819875776,True,4.917363246004243
0,38.26539167054231,575,0,,0.465026880943456,1.0420222339998872,dstar_lite,False,0,0,7941,32821,3357,0.19053771899780259,0,0.0,0.2511202610003238,True,17419,0,7,7,C,5054,0.43478260869565216,True,2.859211517003132
0,38.05460476237882,574,0,,0.465026880943456,2.4219244929990964,dstar_lite,False,0,0,243,1038,345,0.017283238001255086,0,0.0,0.035843585999828065,True,2027,0,8,8,C,5055,0.43478260869565216,True,4.162047511999845
0,39.85639349949045,616,0,,0.475657439761009,0.960748034001881,dstar_lite,False,0,0,5534,22832,9345,0.12087889000031282,0,0.0,0.6774999259978358,True,58204,0,7,7,C,5056,0.37267080745341613,True,3.427292070005933
0,40.31090352646894,615,0,,0.465026880943456,4.4490717529988615,dstar_lite,False,0,0,1691,7427,161,0.05974713999967207,0,0.0,0.03351108499919064,True,318,0,7,7,C,5057,0.4658385093167702,True,6.175714679993689
0,40.59195685906504,631,0,,0.465026880943456,2.497789576998912,dstar_lite,False,0,0,1383,6102,1983,0.05242031300076633,0,0.0,0.17270060800001374,True,12658,0,8,8,C,5058,0.484472049689441,True,5.285206017993914
0,38.19660758162526,591,0,,0.475657439761009,1.6222527619975153,dstar_lite,False,0,0,4063,17070,7820,0.11487280700021074,0,0.0,0.6054748220012698,True,50800,0,7,7,C,5059,0.40993788819875776,True,4.144367725999473
0,38.9477743627036,586,0,,0.475657439761009,2.2388751889993728,dstar_lite,False,0,0,1301,5578,2152,0.043332692999683786,0,0.0,0.12884731400117744,True,9586,0,5,5,C,5060,0.43478260869565216,True,3.8005321839955286
0,38.02710709815947,578,0,,0.465026880943456,3.4860215049993712,dstar_lite,False,0,0,1390,5982,2557,0.053068372999405256,0,0.0,0.23659747999772662,True,19193,0,7,7,C,5061,0.4161490683229814,True,5.72438295900065
0,43.67004455464203,695,0,,0.47565743976100916,4.646165840000322,dstar_lite,False,0,0,4010,17116,661,0.10018490400034352,0,0.0,0.07317322800008697,True,2390,0,7,7,C,5062,0.40993788819875776,True,10.049632173002465
0,42.24814742591191,683,0,,0.475657439761009,3.9058787809990463,dstar_lite,False,0,0,341,1465,358,0.02057812500061118,0,0.0,0.034286842001165496,True,1443,0,7,7,C,5063,0.39751552795031053,True,8.642391540000972
0,38.76988142348872,591,0,,0.465026880943456,3.0579909429980034,dstar_lite,False,0,0,646,2778,527,0.036940912999853026,0,0.0,0.03679954999824986,True,1804,0,7,7,C,5064,0.37888198757763975,True,4.711082626999996
0,38.0100754307501,580,0,,0.465026880943456,2.80327887599924,dstar_lite,False,0,0,2907,12571,1164,0.10388720300034038,0,0.0,0.10972600400054944,True,6105,0,6,6,C,5065,0.39751552795031053,True,5.180980045999604
0,38.072322408354204,578,0,,0.465026880943456,1.7012555159999465,dstar_lite,False,0,0,2535,10993,326,0.08585288199901697,0,0.0,0.05557853500067722,True,1643,0,7,7,C,5066,0.40372670807453415,True,3.789588460000232
0,36.11028975803197,540,0,,0.465026880943456,0.6991530759987654,dstar_lite,False,0,0,2571,11016,645,0.07241580299887573,0,0.0,0.06372921000001952,True,3786,0,6,6,C,5067,0.422360248447205,True,2.227484058999835
0,38.43878172375211,580,0,,0.465026880943456,0.9968177289993037,dstar_lite,False,0,0,1495,6529,1001,0.06501012800072203,0,0.0,0.08297821499945712,True,5383,0,7,7,C,5068,0.4409937888198758,True,3.069384202997753
0,45.260579577167356,721,0,,0.465026880943456,7.8253343969990965,dstar_lite,False,0,0,1280,5550,987,0.044769448999431916,0,0.0,0.10723209199932171,True,6479,0,8,8,C,5069,0.39751552795031053,True,11.905052843994781
0,39.687636466771856,595,0,,0.465026880943456,1.8529150049980672,dstar_lite,False,0,0,7384,30994,1428,0.16555039300146746,0,0.0,0.15036874799989164,True,7368,0,5,5,C,5070,0.4720496894409938,True,4.055691582994768
0,44.31913557607906,691,0,,0.47565743976100916,5.28706360599972,dstar_lite,False,0,0,1667,7177,348,0.10447610700066434,0,0.0,0.054179169001145056,True,1861,0,7,7,C,5071,0.484472049689441,True,8.55541867199645
0,37.432857987466484,584,0,,0.465026880943456,2.1241528280006605,dstar_lite,False,0,0,1524,6554,195,0.06552322299830848,0,0.0,0.02607671800069511,True,739,0,8,8,C,5072,0.42857142857142855,True,4.234693114001857
0,39.70166667597644,603,0,,0.475657439761009,1.5560612910012424,dstar_lite,False,0,0,14682,60045,7618,0.2728065690025687,0,0.0,0.5061925970003358,True,36228,0,5,5,C,5073,0.391304347826087,True,4.001492474999395
0,42.942646890534505,692,0,,0.475657439761009,3.947994063997612,dstar_lite,False,0,0,4785,20252,2668,0.10786841300068772,0,0.0,0.20221979299822124,True,13779,0,8,8,C,5074,0.422360248447205,True,10.330382213996927
0,39.99738787465639,612,0,,0.465026880943456,5.235409336000885,dstar_lite,False,0,0,8207,34455,3744,0.19583366000006208,0,0.0,0.2351290139995399,True,14133,0,8,8,C,5075,0.4409937888198758,True,7.1458024680068775
0,42.41409181306486,678,0,,0.475657439761009,3.9052703800007293,dstar_lite,False,0,0,6289,25852,162,0.10963915899992571,0,0.0,0.049521154000103706,True,978,0,5,5,C,5076,0.4906832298136646,True,9.451070529004937
0,37.668239395763926,559,0,,0.465026880943456,3.0529845529999875,dstar_lite,False,0,0,4638,19706,132,0.14359009499821695,0,0.0,0.058238814999640454,True,696,0,4,4,C,5077,0.42857142857142855,True,4.600170244997571
0,43.25970438166952,691,0,,0.475657439761009,5.140554510999209,dstar_lite,False,0,0,1481,6302,1093,0.09138275399891427,0,0.0,0.1125135659967782,True,5961,0,8,8,C,5078,0.422360248447205,True,10.466886049995082
0,39.24941906448491,613,0,,0.475657439761009,1.8380847499975062,dstar_lite,False,0,0,4346,18331,9804,0.10814814400146133,0,0.0,0.7546190909997676,True,65900,0,5,5,C,5079,0.391304347826087,True,4.4146463819924975
0,39.768984048511136,605,0,,0.465026880943456,2.9824325919980765,dstar_lite,False,0,0,2237,9630,950,0.07613675900211092,0,0.0,0.08789067399993655,True,4387,0,9,9,C,5080,0.37267080745341613,True,5.071403896992706
0,38.384670911159816,592,0,,0.475657439761009,2.4740434650011593,dstar_lite,False,0,0,5215,22152,3360,0.1478482439997606,0,0.0,0.2998230829980457,True,21348,0,5,5,C,5081,0.34782608695652173,True,4.9302789160065
0,37.95196426896309,573,0,,0.465026880943456,2.18061189600121,dstar_lite,False,0,0,886,3876,1328,0.04381378399921232,0,0.0,0.12044173500180477,True,8665,0,6,6,C,5082,0.39751552795031053,True,3.617269109996414
0,41.56003957793611,680,0,,0.475657439761009,3.531045769002958,dstar_lite,False,0,0,1595,6782,2654,0.07681276500079548,0,0.0,0.22548542500226176,True,17209,0,8,8,C,5083,0.45962732919254656,True,7.9613331140026276
0,38.714375493337116,597,0,,0.475657439761009,2.2336991589982063,dstar_lite,False,0,0,3085,13029,7245,0.12540005199844018,0,0.0,0.5936508390004747,True,51048,0,6,6,C,5084,0.4658385093167702,True,4.493974330998753
0,40.86668839904486,637,0,,0.475657439761009,3.4594644069984497,dstar_lite,False,0,0,1253,5453,1524,0.06295189700176707,0,0.0,0.11693941100020311,True,8525,0,5,5,C,5085,0.38509316770186336,True,6.001557559000503
0,40.078347652285345,623,0,,0.475657439761009,1.297068568001123,dstar_lite,False,0,0,2403,10207,3144,0.09134175699728075,0,0.0,0.21999507999862544,True,17118,0,7,7,C,5086,0.4409937888198758,True,3.929843306003022
0,41.275440662168364,650,0,,0.475657439761009,1.5833642239995243,dstar_lite,False,0,0,6240,26085,1319,0.12739740799952415,0,0.0,0.11127174300054321,True,5577,0,7,7,C,5087,0.391304347826087,True,4.82959388499512
0,41.38559845954099,647,0,,0.475657439761009,2.046036253999773,dstar_lite,False,0,0,7272,30667,1355,0.16889711299882038,0,0.0,0.16432143899874063,True,8009,0,7,7,C,5088,0.422360248447205,True,6.4185358850008924
0,40.27735496111305,617,0,,0.475657439761009,1.483320109997294,dstar_lite,False,0,0,1515,6545,505,0.07240486299997428,0,0.0,0.04554380799891078,True,1410,0,7,7,C,5089,0.391304347826087,True,3.4572548819960502
0,40.10558076284125,613,0,,0.465026880943456,2.1626629929996852,dstar_lite,False,0,0,1775,7681,180,0.05626285299877054,0,0.0,0.04681772399999318,True,308,0,7,7,C,5090,0.40993788819875776,True,4.675090873002773
0,43.107222631063536,681,0,,0.475657439761009,7.716844739999942,dstar_lite,False,0,0,3763,15650,4416,0.0930274560014368,0,0.0,0.23369229099989752,True,16392,0,7,7,C,5091,0.4658385093167702,True,10.785670580000442
0,38.73888451704486,582,0,,0.465026880943456,1.0459370780008612,dstar_lite,False,0,0,4628,19078,4805,0.1188674090008135,0,0.0,0.35315978399739834,True,28140,0,5,5,C,5092,0.391304347826087,True,2.754847924996284
0,41.66933577603562,662,0,,0.465026880943456,3.60999225300111,dstar_lite,False,0,0,723,3099,1082,0.04134045600221725,0,0.0,0.08856326000022818,True,5956,0,7,7,C,5093,0.4720496894409938,True,8.426758065004833
0,38.83187333957007,596,0,,0.465026880943456,2.4806102750007994,dstar_lite,False,0,0,506,2196,920,0.03520232499795384,0,0.0,0.07919088700145949,True,5142,0,8,8,C,5094,0.4409937888198758,True,4.5122554560002754
0,44.08482807441179,698,0,,0.475657439761009,4.6321657430016785,dstar_lite,False,0,0,317,1406,116,0.03976318700006232,0,0.0,0.020416810999449808,True,704,0,7,7,C,5095,0.38509316770186336,True,10.841749327999423
0,40.37351502521425,646,0,,0.465026880943456,2.134253161999368,dstar_lite,False,0,0,5989,24850,1987,0.17877468799997587,0,0.0,0.11963967799965758,True,5444,0,9,9,C,5096,0.5279503105590062,True,6.864437143005489
0,44.1594387212995,670,0,,0.465026880943456,10.402818753998872,dstar_lite,False,0,0,4879,20215,2088,0.12036582899963832,0,0.0,0.11471104100201046,True,5272,0,6,6,C,5097,0.5341614906832298,True,12.597311254001397
0,37.62089481166174,573,0,,0.4962358310319797,1.828652084001078,dstar_lite,False,0,0,8125,33603,1039,0.24272693299644743,0,0.0,0.11769507999997586,True,4639,0,6,6,C,5098,0.4472049689440994,True,3.8520180099985737
0,40.41030125611683,628,0,,0.465026880943456,2.6331851620016096,dstar_lite,False,0,0,735,3188,1111,0.03631680499893264,0,0.0,0.09789375999753247,True,7085,0,6,6,C,5099,0.5341614906832298,True,6.53550517000258
0,36.042923128293985,523,0,,0.465026880943456,0.7486803579995467,dstar_lite,False,0,0,2415,10425,2046,0.09089409299849649,0,0.0,0.18961182400016696,True,14337,0,4,4,C,5100,0.4472049689440994,True,1.716288888001145
0,40.55346072956742,631,0,,0.475657439761009,3.808447258998058,dstar_lite,False,0,0,1305,5577,620,0.04419660500207101,0,0.0,0.0412515070020163,True,1607,0,8,8,C,5101,0.4968944099378882,True,8.586660666995158
0,40.196123366758776,639,0,,0.465026880943456,4.836889178001002,dstar_lite,False,0,0,1499,6401,392,0.047408133999852,0,0.0,0.03709382899978664,True,1043,0,8,8,C,5102,0.36645962732919257,True,9.173005317006755
0,42.34554277508285,687,0,,0.475657439761009,2.6830010029989353,dstar_lite,False,0,0,2631,11105,650,0.10357779599871719,0,0.0,0.07371700200019404,True,3264,0,8,8,C,5103,0.42857142857142855,True,7.989136006999615
0,38.88830990611652,613,0,,0.475657439761009,2.970693264000147,dstar_lite,False,0,0,11396,47145,9109,0.24804082799892058,0,0.0,0.4222575300009339,True,30490,0,5,5,C,5104,0.35403726708074534,True,5.335949802003597
0,39.97170592602664,633,0,,0.465026880943456,3.2531908989985823,dstar_lite,False,0,0,903,4011,612,0.04979318999903626,0,0.0,0.05392027199923177,True,3093,0,9,9,C,5105,0.484472049689441,True,5.865548125995701
0,41.91948197054684,667,0,,0.475657439761009,3.701492113999848,dstar_lite,False,0,0,979,4250,216,0.0442707469992456,0,0.0,0.028764604998286813,True,1190,0,7,7,C,5106,0.4161490683229814,True,7.439394046996313
0,40.78992093769441,631,0,,0.465026880943456,6.349644612000702,dstar_lite,False,0,0,1208,5249,503,0.05425978300263523,0,0.0,0.0516927909993683,True,3093,0,8,8,C,5107,0.5217391304347826,True,9.633923547997256
0,38.466949316341264,581,0,,0.465026880943456,1.8888698070004466,dstar_lite,False,0,0,2897,12298,1013,0.07576216400047997,0,0.0,0.07957052100027795,True,4991,0,7,7,C,5108,0.30434782608695654,True,3.53343223200136
0,40.0243386156907,631,0,,0.465026880943456,1.9737710849985888,dstar_lite,False,0,0,2619,11255,690,0.0957036009967851,0,0.0,0.06077590999848326,True,2113,0,8,8,C,5109,0.453416149068323,True,5.806350075006776
0,36.01109442397617,534,0,,0.465026880943456,0.8858122229976289,dstar_lite,False,0,0,896,3832,120,0.08009862100152532,0,0.0,0.0253659339978185,True,765,0,7,7,C,5110,0.40372670807453415,True,2.7169779520045267
0,42.85014488647499,690,0,,0.475657439761009,3.274002019999898,dstar_lite,False,0,0,1448,6164,9197,0.0669988090012339,0,0.0,0.840848128998914,True,72145,0,7,7,C,5111,0.42857142857142855,True,7.479030196005624
0,42.188821800840174,679,0,,0.475657439761009,3.257473977999325,dstar_lite,False,0,0,1954,8347,1378,0.0868676919999416,0,0.0,0.09429000800082576,True,5445,0,7,7,C,5112,0.4658385093167702,True,8.567518301006203
0,39.81359691294341,596,0,,0.4962358310319797,2.7316351430017676,dstar_lite,False,0,0,3096,13043,149,0.09564455900181201,0,0.0,0.056877463997807354,True,942,0,8,8,C,5113,0.4968944099378882,True,4.617861536004057
0,40.563256101610534,626,0,,0.475657439761009,2.979005099998176,dstar_lite,False,0,0,1374,5749,18719,0.06744672399872798,0,0.0,1.55916881200028,True,139417,0,5,5,C,5114,0.37267080745341613,True,6.60963910299688
0,36.8946132012311,558,0,,0.465026880943456,0.741479658998287,dstar_lite,False,0,0,3993,16744,7773,0.09216130600179895,0,0.0,0.6001799379992008,True,53111,0,5,5,C,5115,0.453416149068323,True,2.547975369001506
0,38.65665468262761,593,0,,0.465026880943456,1.4467070650025562,dstar_lite,False,0,0,1433,6239,959,0.07741721799902734,0,0.0,0.09349316700172494,True,5901,0,5,5,C,5116,0.4720496894409938,True,4.012167887001851
0,37.692260964580555,569,0,,0.475657439761009,1.1556857760006096,dstar_lite,False,0,0,2788,11650,441,0.0907158480004,0,0.0,0.053678517000662396,True,1476,0,6,6,C,5117,0.42857142857142855,True,3.2637823359982576
0,39.26704484741182,608,0,,0.465026880943456,4.738303195998014,dstar_lite,False,0,0,1128,4827,2,0.05598739100241801,0,0.0,0.028535044002637733,True,2,0,8,8,C,5118,0.4658385093167702,True,6.484305304002191
0,39.77844340763763,612,0,,0.465026880943456,1.6012909390010464,dstar_lite,False,0,0,3824,16392,843,0.12708005500098807,0,0.0,0.09213523799917311,True,4303,0,8,8,C,5119,0.4409937888198758,True,3.7914173230019514
0,39.46179347921436,624,0,,0.465026880943456,1.8284513119979238,dstar_lite,False,0,0,566,2503,99,0.03563216399925295,0,0.0,0.025750785000127507,True,146,0,8,8,C,5120,0.4782608695652174,True,4.537186356999882
0,39.44789713556843,615,0,,0.465026880943456,1.3745857899994007,dstar_lite,False,0,0,2695,11530,1266,0.09781846599798882,0,0.0,0.12239466000028187,True,7498,0,7,7,C,5121,0.4720496894409938,True,4.897963571991568
0,39.00356670098386,581,0,,0.465026880943456,0.6864110659989819,dstar_lite,False,0,0,6298,26360,3430,0.14695613100047922,0,0.0,0.2884323999969638,True,21595,0,7,7,C,5122,0.40993788819875776,True,2.1767855980033346
0,43.13195779283864,668,0,,0.465026880943456,7.213451976000215,dstar_lite,False,0,0,2580,11064,1017,0.0767141010001069,0,0.0,0.09520925800097757,True,5452,0,8,8,C,5123,0.577639751552795,True,13.871249092000653
0,38.40821336466656,589,0,,0.465026880943456,2.4442749679983535,dstar_lite,False,0,0,1669,7130,225,0.06540029600000707,0,0.0,0.05099072799930582,True,1200,0,9,9,C,5124,0.42857142857142855,True,5.389948269999877
0,37.276873153252815,549,0,,0.465026880943456,0.9356138100010867,dstar_lite,False,0,0,794,3459,468,0.0423591069993563,0,0.0,0.05219096400105627,True,2731,0,7,7,C,5125,0.43478260869565216,True,2.5540933920019597
0,41.4219246487864,648,0,,0.475657439761009,2.3942720579980232,dstar_lite,False,0,0,1641,7070,743,0.06740546499713673,0,0.0,0.0598076520000177,True,2768,0,6,6,C,5126,0.32919254658385094,True,5.022928333997697
0,39.13643055123204,604,0,,0.475657439761009,1.4149604930025816,dstar_lite,False,0,0,4373,18462,11569,0.1197490859995014,0,0.0,0.94548868000129,True,83692,0,6,6,C,5127,0.4658385093167702,True,4.167413332997967
0,37.41118123316307,567,0,,0.465026880943456,0.7420701749979344,dstar_lite,False,0,0,1315,5646,140,0.04613675499786041,0,0.0,0.02899017099844059,True,861,0,8,8,C,5128,0.39751552795031053,True,2.7293309919914464
0,44.59121213500826,729,0,,0.475657439761009,3.2856289400006062,dstar_lite,False,0,0,2435,10255,2104,0.10597537099965848,0,0.0,0.14503067300029215,True,8825,0,7,7,C,5129,0.4658385093167702,True,7.667817409004783
0,39.62163987602762,605,0,,0.465026880943456,4.802105313996435,dstar_lite,False,0,0,2446,10297,1177,0.060967071000050055,0,0.0,0.10651807700196514,True,6904,0,7,7,C,5130,0.4782608695652174,True,7.547391871994478
0,39.5013054934161,621,0,,0.475657439761009,2.606702540000697,dstar_lite,False,0,0,3311,13865,1636,0.09743015300045954,0,0.0,0.0741488389976439,True,3775,0,8,8,C,5131,0.39751552795031053,True,5.160820433000481
0,41.33889197215796,654,0,,0.465026880943456,2.0310687860001053,dstar_lite,False,0,0,2312,9928,532,0.07296455000323476,0,0.0,0.053994333000446204,True,1582,0,8,8,C,5132,0.45962732919254656,True,5.787550219007244
0,46.48241681163444,772,0,,0.47565743976100916,7.973946371002967,dstar_lite,False,0,0,384,1687,236,0.044430253001337405,0,0.0,0.025388303001818713,True,429,0,8,8,C,5133,0.3416149068322981,True,18.130333059001714
0,36.86889297552967,549,0,,0.465026880943456,1.063357252998685,dstar_lite,False,0,0,4250,18241,1400,0.10666244300227845,0,0.0,0.11560618699877523,True,6323,0,6,6,C,5134,0.4161490683229814,True,2.0530538499951945
0,43.17852104504054,676,0,,0.475657439761009,3.933076773999346,dstar_lite,False,0,0,3104,13088,1654,0.10308388100020238,0,0.0,0.14026419299989357,True,9098,0,7,7,C,5135,0.42857142857142855,True,8.418836858996656
0,37.116464746694525,554,0,,0.465026880943456,1.1663984170008916,dstar_lite,False,0,0,2988,12652,793,0.09168611100176349,0,0.0,0.09630096899854834,True,4495,0,6,6,C,5136,0.422360248447205,True,2.8613724730021204
0,35.81014955240192,523,0,,0.465026880943456,0.5363734400016256,dstar_lite,False,0,0,2604,11143,452,0.0669888769989484,0,0.0,0.05735244799870998,True,2969,0,5,5,C,5137,0.40372670807453415,True,1.7352050760055135
0,41.17096413107468,661,0,,0.47565743976100916,7.286890854000376,dstar_lite,False,0,0,8716,36303,336,0.19195631799811963,0,0.0,0.09245463600018411,True,1555,0,6,6,C,5138,0.43478260869565216,True,11.043021761001
0,42.22467356510582,670,0,,0.475657439761009,2.390288218000933,dstar_lite,False,0,0,1344,5715,122,0.08538765400226112,0,0.0,0.02957121899817139,True,507,0,7,7,C,5139,0.40372670807453415,True,5.320684010999685
0,40.76466571365613,626,0,,0.465026880943456,3.805442954002501,dstar_lite,False,0,0,2332,10142,433,0.06843020200176397,0,0.0,0.06522251299975323,True,2401,0,7,7,C,5140,0.4720496894409938,True,7.831797485003335
0,38.5450055908448,603,0,,0.465026880943456,2.3462288749979052,dstar_lite,False,0,0,99,423,92,0.017767197998182382,0,0.0,0.014098914001806406,True,103,0,9,9,C,5141,0.45962732919254656,True,5.346960546994524
0,38.986305922938,595,0,,0.475657439761009,1.2244589820002147,dstar_lite,False,0,0,2603,10920,10310,0.09030330300083733,0,0.0,0.8652142549981363,True,76778,0,6,6,C,5142,0.38509316770186336,True,3.3353818530049466
0,37.825411554395025,576,0,,0.465026880943456,1.7864938710008573,dstar_lite,False,0,0,518,2206,823,0.028289936999499332,0,0.0,0.07162471300034667,True,4781,0,7,7,C,5143,0.45962732919254656,True,3.7993259959985153
0,40.39872337374879,642,0,,0.465026880943456,1.2174231650024012,dstar_lite,False,0,0,988,4271,123,0.05728272300257231,0,0.0,0.029672536998987198,True,263,0,9,9,C,5144,0.40372670807453415,True,4.64566657999967
0,37.388099558888236,567,0,,0.4596194077712549,1.8108168379985727,dstar_lite,False,0,0,1547,6641,46,0.061829353999200976,0,0.0,0.033201482001459226,True,309,0,8,8,C,5145,0.4472049689440994,True,4.697758831996907
0,38.10732945659391,592,0,,0.465026880943456,5.5943465249984,dstar_lite,False,0,0,1397,6022,330,0.05283890899954713,0,0.0,0.05922725299751619,True,2073,0,7,7,C,5146,0.422360248447205,True,7.141764208998211
0,37.40139508062393,583,0,,0.475657439761009,1.6536138049996225,dstar_lite,False,0,0,3787,15917,3364,0.10617540000021108,0,0.0,0.20748005700079375,True,15513,0,8,8,C,5147,0.422360248447205,True,4.615841889000876
0,37.76760392976504,557,0,,0.465026880943456,2.2986628800026665,dstar_lite,False,0,0,3384,14545,217,0.08595518699803506,0,0.0,0.05352960600066581,True,1368,0,4,4,C,5148,0.45962732919254656,True,2.6518695290033065
0,39.808037470078396,609,0,,0.465026880943456,3.746705842000665,dstar_lite,False,0,0,1805,7724,948,0.08567105600013747,0,0.0,0.09065566599747399,True,4531,0,8,8,C,5149,0.4658385093167702,True,6.249194244996033
0,36.249214358156244,533,0,,0.465026880943456,1.2429250390014204,dstar_lite,False,0,0,1646,6997,659,0.05208477199994377,0,0.0,0.05655102899982012,True,3127,0,6,6,C,5150,0.4472049689440994,True,2.3916551820002496
0,44.94910231707301,717,0,,0.475657439761009,5.705108181999094,dstar_lite,False,0,0,906,3983,500,0.03893439500097884,0,0.0,0.04540639100014232,True,1977,0,8,8,C,5151,0.38509316770186336,True,8.95622713499688
0,38.855318371292405,602,0,,0.465026880943456,1.1285634480009321,dstar_lite,False,0,0,1463,6306,2511,0.05610217600042233,0,0.0,0.20343888600109494,True,15656,0,7,7,C,5152,0.4409937888198758,True,3.5179222949955147
0,39.35008040243873,602,0,,0.465026880943456,2.032169696998608,dstar_lite,False,0,0,3347,14060,881,0.11918663300093613,0,0.0,0.05631767799786758,True,1916,0,5,5,C,5153,0.4658385093167702,True,4.073876169997675
0,40.27592584598001,617,0,,0.4962358310319797,2.160805649997201,dstar_lite,False,0,0,207,906,169,0.017270947999350028,0,0.0,0.024440246997983195,True,1012,0,9,9,C,5154,0.453416149068323,True,5.91722800399657
0,36.94314737320499,560,0,,0.465026880943456,2.351689394999994,dstar_lite,False,0,0,5835,24137,813,0.14961419999963255,0,0.0,0.09054356900014682,True,4485,0,6,6,C,5155,0.45962732919254656,True,4.228118162998726
0,43.21802398243752,680,0,,0.465026880943456,5.899292600999615,dstar_lite,False,0,0,1512,6586,227,0.08290367799781961,0,0.0,0.04556876599963289,True,807,0,8,8,C,5156,0.5093167701863354,True,10.060709404006047
0,39.10062173529061,584,0,,0.465026880943456,1.263582617000793,dstar_lite,False,0,0,1589,6843,11800,0.051139625000359956,0,0.0,0.9926050079993729,True,91387,0,4,4,C,5157,0.37888198757763975,True,2.950153108999075
0,41.890926519493036,664,0,,0.475657439761009,5.429589887000475,dstar_lite,False,0,0,2039,8810,802,0.07110165799895185,0,0.0,0.061646261001442326,True,2774,0,8,8,C,5158,0.4658385093167702,True,9.611217229994509
0,40.15636034457736,628,0,,0.465026880943456,2.3125389690030715,dstar_lite,False,0,0,1020,4437,273,0.041711278001457686,0,0.0,0.04704757700164919,True,1329,0,8,8,C,5159,0.42857142857142855,True,6.3636064550009905
0,39.99208887256279,626,0,,0.475657439761009,1.8661625960012316,dstar_lite,False,0,0,4198,17427,6194,0.09242599200297263,0,0.0,0.4585554620025505,True,37258,0,7,7,C,5160,0.39751552795031053,True,5.305994704001932
0,40.72858662245647,628,0,,0.465026880943456,2.402163989998371,dstar_lite,False,0,0,1828,7696,2888,0.058889128998998785,0,0.0,0.157644793001964,True,12094,0,6,6,C,5161,0.422360248447205,True,4.574696755000332
0,44.22868716196777,706,0,,0.475657439761009,2.1236324820019945,dstar_lite,False,0,0,2160,9289,1831,0.061563950999698136,0,0.0,0.14235496299806982,True,9469,0,8,8,C,5162,0.40372670807453415,True,7.108339137004805
0,38.696972340648266,579,0,,0.465026880943456,0.7723546650013304,dstar_lite,False,0,0,3118,13146,2133,0.1058932800006005,0,0.0,0.18001308100065216,True,13549,0,5,5,C,5163,0.4782608695652174,True,2.5421405810047872
0,36.99256312911799,545,0,,0.465026880943456,3.486452952998661,dstar_lite,False,0,0,14027,59267,3068,0.3006558640008734,0,0.0,0.27646410500165075,True,14218,0,4,4,C,5164,0.35403726708074534,True,5.509178717999021
0,39.0468886985266,594,0,,0.475657439761009,1.5118534789980913,dstar_lite,False,0,0,15034,62107,970,0.3103500199977134,0,0.0,0.1715770259979763,True,4917,0,5,5,C,5165,0.4161490683229814,True,4.514595233998989
0,37.65170016754144,583,0,,0.465026880943456,1.2544828509999206,dstar_lite,False,0,0,3953,16989,4931,0.10861835799732944,0,0.0,0.3857005409990961,True,32046,0,6,6,C,5166,0.4409937888198758,True,3.612008693999087
0,42.71372097032188,663,0,,0.465026880943456,7.703560343998106,dstar_lite,False,0,0,860,3708,414,0.03562316100214957,0,0.0,0.03810134699961054,True,1279,0,8,8,C,5167,0.45962732919254656,True,11.229360481996991
0,51.48588515488531,889,0,,0.47565743976100916,7.000980947999778,dstar_lite,False,0,0,2260,9620,1329,0.07416001999808941,0,0.0,0.08495568600119441,True,4962,0,8,8,C,5168,0.42857142857142855,True,15.642703005993098
0,38.38394226424757,571,0,,0.465026880943456,0.8514363009999215,dstar_lite,False,0,0,3543,14959,1891,0.09398176399918157,0,0.0,0.1330783320008777,True,8921,0,5,5,C,5169,0.32298136645962733,True,2.3345492260014
0,37.96155223712383,572,0,,0.465026880943456,1.7769899269987945,dstar_lite,False,0,0,3380,14057,215,0.09241607299918542,0,0.0,0.052994650999607984,True,970,0,6,6,C,5170,0.453416149068323,True,3.4294489079984487
0,39.23190099233495,598,0,,0.465026880943456,1.1766757169971243,dstar_lite,False,0,0,1994,8190,920,0.0902573540006415,0,0.0,0.05010663299981388,True,2474,0,7,7,C,5171,0.37888198757763975,True,3.9117055730021093
0,37.032376696322636,551,0,,0.465026880943456,1.2293588549982815,dstar_lite,False,0,0,8957,37759,926,0.19835846800197032,0,0.0,0.09320144100274774,True,2349,0,6,6,C,5172,0.453416149068323,True,2.82830319599816
0,38.770336204704385,592,0,,0.465026880943456,3.615013890001137,dstar_lite,False,0,0,4552,19382,1513,0.1147837909993541,0,0.0,0.14956482900015544,True,8574,0,7,7,C,5173,0.4472049689440994,True,6.773749843003316
0,40.58255574624915,633,0,,0.465026880943456,1.5187489769996319,dstar_lite,False,0,0,1068,4566,1261,0.04798849700091523,0,0.0,0.09297244699700968,True,7125,0,8,8,C,5174,0.43478260869565216,True,4.702351140000246
0,39.6018602498982,609,0,,0.465026880943456,2.5228086759998405,dstar_lite,False,0,0,1838,7915,109,0.05376771299779648,0,0.0,0.022885940001287963,True,198,0,6,6,C,5175,0.35403726708074534,True,4.195323258005374
0,39.18262038127971,608,0,,0.465026880943456,3.7093431419998524,dstar_lite,False,0,0,3415,14186,765,0.10912621199895511,0,0.0,0.07210470900099608,True,2237,0,8,8,C,5176,0.422360248447205,True,7.173101571996085
0,38.55009239068597,571,0,,0.465026880943456,1.0126864689991635,dstar_lite,False,0,0,990,4214,1335,0.03983449099905556,0,0.0,0.09950019800089649,True,7327,0,7,7,C,5177,0.36024844720496896,True,2.207010268000886
0,38.19149659237253,590,0,,0.475657439761009,1.9108228429977316,dstar_lite,False,0,0,2004,8355,819,0.0697820329987735,0,0.0,0.05783738999889465,True,3534,0,6,6,C,5178,0.3416149068322981,True,4.853472174007038
0,39.415874232503874,600,0,,0.465026880943456,1.9559288880009262,dstar_lite,False,0,0,372,1597,349,0.03726194499904523,0,0.0,0.028139779999037273,True,654,0,8,8,C,5179,0.4161490683229814,True,5.41476537500057
0,39.90060684038646,603,0,,0.4596194077712549,1.7284206180011097,dstar_lite,False,0,0,2337,10128,637,0.0840797399978328,0,0.0,0.07427952200305299,True,3117,0,8,8,C,5180,0.4409937888198758,True,3.9930240450012207
0,40.438822407136186,623,0,,0.475657439761009,3.0571794409988797,dstar_lite,False,0,0,972,4153,5836,0.052484577001450816,0,0.0,0.49786624500120524,True,42589,0,6,6,C,5181,0.45962732919254656,True,6.640806581999641
0,41.32474421025647,637,0,,0.475657439761009,3.558097713001189,dstar_lite,False,0,0,4085,16954,4397,0.10387553299733554,0,0.0,0.23837238300257013,True,16866,0,5,5,C,5182,0.391304347826087,True,5.530224785001337
0,38.651817132244865,597,0,,0.465026880943456,3.4136345949991664,dstar_lite,False,0,0,1161,5090,244,0.046490946999256266,0,0.0,0.04027113700067275,True,1296,0,7,7,C,5183,0.391304347826087,True,5.456133183004567
0,46.00422297842777,710,0,,0.465026880943456,3.4342997839994496,dstar_lite,False,0,0,3415,14150,658,0.08318027800123673,0,0.0,0.07609850700100651,True,3324,0,7,7,C,5184,0.4906832298136646,True,7.848728952001693
0,42.370729389947805,670,0,,0.465026880943456,8.295940002000862,dstar_lite,False,0,0,1677,7244,1084,0.059978182001941605,0,0.0,0.07470041699707508,True,3973,0,8,8,C,5185,0.515527950310559,True,12.975207773008151
0,39.47662678644776,597,0,,0.465026880943456,2.3113262570004736,dstar_lite,False,0,0,2075,8713,238,0.055362205999699654,0,0.0,0.0354119969997555,True,580,0,6,6,C,5186,0.42857142857142855,True,5.190041464000387
0,36.5404515555235,538,0,,0.465026880943456,1.3996388769992336,dstar_lite,False,0,0,2288,9968,713,0.07824056200115592,0,0.0,0.06741943099768832,True,3732,0,5,5,C,5187,0.391304347826087,True,2.494688550996216
0,39.057768939787536,608,0,,0.475657439761009,2.448681148001924,dstar_lite,False,0,0,456,2025,223,0.03263856199919246,0,0.0,0.0320707630016841,True,688,0,8,8,C,5188,0.38509316770186336,True,5.7495727200075635
0,40.023581031510204,639,0,,0.475657439761009,1.8211943060014164,dstar_lite,False,0,0,3144,13209,6623,0.10201530500125955,0,0.0,0.4590838940021058,True,38264,0,7,7,C,5189,0.4906832298136646,True,6.5373557660022925
0,40.80988559546869,626,0,,0.465026880943456,1.91049112300243,dstar_lite,False,0,0,604,2647,222,0.04600559000027715,0,0.0,0.03085611399728805,True,587,0,7,7,C,5190,0.42857142857142855,True,4.705958458005625
0,38.26575834029942,596,0,,0.465026880943456,1.3426671819979674,dstar_lite,False,0,0,1480,6412,1160,0.0798107259979588,0,0.0,0.08887961199798156,True,5565,0,8,8,C,5191,0.4409937888198758,True,3.7441604519990506
0,38.35163659011021,567,0,,0.465026880943456,1.7415822530019796,dstar_lite,False,0,0,10104,42164,644,0.25462874000004376,0,0.0,0.12363863200152991,True,3381,0,5,5,C,5192,0.37888198757763975,True,3.3480993890043464
0,39.2834114251467,611,0,,0.465026880943456,3.0582473510003183,dstar_lite,False,0,0,1550,6647,870,0.05397253000046476,0,0.0,0.0668713459999708,True,3391,0,9,9,C,5193,0.484472049689441,True,6.304882319003809
0,38.636565186838595,591,0,,0.475657439761009,3.850456291998853,dstar_lite,False,0,0,3689,15483,1367,0.10842295800102875,0,0.0,0.11445930199988652,True,5884,0,7,7,C,5194,0.40993788819875776,True,5.196606539997447
0,36.765548312732456,554,0,,0.465026880943456,1.5293924860015977,dstar_lite,False,0,0,1942,8282,1650,0.05405367800267413,0,0.0,0.11732878299881122,True,7835,0,8,8,C,5195,0.43478260869565216,True,2.5607875360037724
0,37.31351492915231,556,0,,0.465026880943456,5.753017521001311,dstar_lite,False,0,0,1707,7455,437,0.05111907700120355,0,0.0,0.04516567300015595,True,1526,0,5,5,C,5196,0.34782608695652173,True,6.384096643003431
0,39.77519753130719,615,0,,0.465026880943456,1.9563944099973014,dstar_lite,False,0,0,1979,8510,322,0.05851342900132295,0,0.0,0.05433983799957787,True,1688,0,8,8,C,5197,0.4658385093167702,True,4.565646867002215
0,39.689201053812944,600,0,,0.465026880943456,1.3776477739993425,dstar_lite,False,0,0,1685,7016,477,0.0652234139997745,0,0.0,0.05296510900006979,True,1638,0,8,8,C,5198,0.4409937888198758,True,4.201391638001951
0,36.88924943345646,545,0,,0.465026880943456,0.9582047580006474,dstar_lite,False,0,0,1091,4734,1673,0.04958501299915952,0,0.0,0.147771094001655,True,10911,0,5,5,C,5199,0.40372670807453415,True,2.263648813997861
0,40.081522523417924,621,0,,0.465026880943456,1.3751741410014802,dstar_lite,False,0,0,2250,9352,2994,0.09531515099661192,0,0.0,0.17783808400054113,True,13720,0,8,8,C,5200,0.453416149068323,True,3.7000585300083912
0,38.99844442531089,594,0,,0.465026880943456,2.649295641000208,dstar_lite,False,0,0,1298,5586,106,0.049312647999613546,0,0.0,0.025898928000970045,True,106,0,7,7,C,5201,0.4472049689440994,True,4.394755316996452
0,36.98392818156136,570,0,,0.465026880943456,3.654081311997288,dstar_lite,False,0,0,3050,13069,597,0.08926402099677944,0,0.0,0.08588040600079694,True,3144,0,6,6,C,5202,0.4720496894409938,True,5.112047537993931
0,40.223664812035416,635,0,,0.465026880943456,1.798989825998433,dstar_lite,False,0,0,1286,5616,520,0.07485696000003372,0,0.0,0.0626174329991045,True,2661,0,9,9,C,5203,0.45962732919254656,True,5.314418854002724
0,37.47189262322427,563,0,,0.465026880943456,2.209696050002094,dstar_lite,False,0,0,538,2324,136,0.026253405998431845,0,0.0,0.030234404999646358,True,812,0,5,5,C,5204,0.422360248447205,True,4.596382737003296
0,37.35828627183415,554,0,,0.465026880943456,3.6422453220002353,dstar_lite,False,0,0,2282,9969,493,0.07947135100039304,0,0.0,0.07684969999900204,True,3471,0,4,4,C,5205,0.422360248447205,True,4.843504157001007
0,39.206969102493225,613,0,,0.465026880943456,2.0621936280003865,dstar_lite,False,0,0,2273,9757,1132,0.09412491100010811,0,0.0,0.09952418100147042,True,5578,0,8,8,C,5206,0.4720496894409938,True,5.98157324199201
0,36.77990385980805,558,0,,0.465026880943456,1.6354679859978205,dstar_lite,False,0,0,8146,33953,335,0.21152182899822947,0,0.0,0.09788422899873694,True,1692,0,7,7,C,5207,0.453416149068323,True,4.146584100002656
0,36.243006912556844,552,0,,0.465026880943456,1.5140128470011405,dstar_lite,False,0,0,3995,16584,2348,0.09157563999906415,0,0.0,0.1825866799990763,True,13063,0,6,6,C,5208,0.35403726708074534,True,3.0242559289981727
0,45.046197250499546,702,0,,0.475657439761009,9.26372139799787,dstar_lite,False,0,0,4005,17373,2403,0.11688274299740442,0,0.0,0.14142783600254916,True,9938,0,6,6,C,5209,0.40993788819875776,True,13.132540934995632
0,39.70906749315103,615,0,,0.465026880943456,2.4418175159989914,dstar_lite,False,0,0,2649,11277,154,0.07335442799740122,0,0.0,0.04235727000195766,True,990,0,8,8,C,5210,0.45962732919254656,True,5.2528605189945665
0,37.72532262275326,565,0,,0.465026880943456,1.2529678470018553,dstar_lite,False,0,0,1716,7391,418,0.06141370799741708,0,0.0,0.05972625100184814,True,2502,0,6,6,C,5211,0.391304347826087,True,3.5292054819983605
0,37.97792453777557,578,0,,0.465026880943456,1.8369572689989582,dstar_lite,False,0,0,3320,13958,462,0.08660770699862042,0,0.0,0.05270675000065239,True,1689,0,6,6,C,5212,0.40993788819875776,True,4.348505505997309
0,42.22244008722188,670,0,,0.465026880943456,3.8616751749977993,dstar_lite,False,0,0,7747,32207,2844,0.18835734599997522,0,0.0,0.2456604459985101,True,15322,0,7,7,C,5213,0.5217391304347826,True,9.714879751994886
0,39.61913429843898,593,0,,0.475657439761009,1.8753794719996222,dstar_lite,False,0,0,15519,64664,17077,0.35249364899937063,0,0.0,1.5200087489974976,True,133127,0,3,3,C,5214,0.38509316770186336,True,2.6817232809989946
0,41.76429370216356,662,0,,0.465026880943456,3.995591083999898,dstar_lite,False,0,0,1725,7388,1400,0.07263399500152445,0,0.0,0.11845348200222361,True,7441,0,10,10,C,5215,0.4472049689440994,True,8.729899783000292
0,38.304531880011645,583,0,,0.465026880943456,3.7258669050024764,dstar_lite,False,0,0,2193,9604,643,0.07152838300316944,0,0.0,0.07730446999994456,True,3514,0,6,6,C,5216,0.36645962732919257,True,5.7066874880038085
0,38.38337346837329,605,0,,0.475657439761009,1.4648947550012963,dstar_lite,False,0,0,1402,5779,576,0.04418336399976397,0,0.0,0.05229899400001159,True,1620,0,6,6,C,5217,0.4472049689440994,True,3.8019116489995213
0,38.713256810624024,577,0,,0.465026880943456,1.3179935560001468,dstar_lite,False,0,0,14493,58951,2810,0.262939866999659,0,0.0,0.23616782700264594,True,13524,0,5,5,C,5218,0.391304347826087,True,2.7340792430004512
0,36.599818438335355,543,0,,0.465026880943456,0.7863825179993,dstar_lite,False,0,0,5012,21298,1880,0.11914853999769548,0,0.0,0.17856479100009892,True,12484,0,5,5,C,5219,0.39751552795031053,True,2.1732625759977964
0,38.1685086094563,582,0,,0.465026880943456,1.806924998996692,dstar_lite,False,0,0,1231,5318,1548,0.05540425499930279,0,0.0,0.11728226900231675,True,8893,0,7,7,C,5220,0.37267080745341613,True,4.084634249993542
0,41.23646209678723,644,0,,0.465026880943456,2.339169203001802,dstar_lite,False,0,0,1115,4933,155,0.05575975300234859,0,0.0,0.03035748200272792,True,247,0,7,7,C,5221,0.4782608695652174,True,5.7041866590043355
0,38.46763759548437,581,0,,0.465026880943456,0.7285664490009367,dstar_lite,False,0,0,4616,18962,64,0.14902111500123283,0,0.0,0.03620484600105556,True,323,0,8,8,C,5222,0.40372670807453415,True,2.7786187269994116
0,39.09034244531346,593,0,,0.465026880943456,2.0328668449983525,dstar_lite,False,0,0,1767,7735,1527,0.06391275300120469,0,0.0,0.11929999600033625,True,7354,0,6,6,C,5223,0.38509316770186336,True,4.3108169799997995
0,41.895099212673344,670,0,,0.47565743976100916,2.1388227329989604,dstar_lite,False,0,0,3614,15023,314,0.08217544099898078,0,0.0,0.046653317996970145,True,1750,0,5,5,C,5224,0.391304347826087,True,5.3056169179981225
0,37.4178120889757,564,0,,0.465026880943456,4.071219200002815,dstar_lite,False,0,0,2375,10236,338,0.05891968100331724,0,0.0,0.05523272199934581,True,2017,0,6,6,C,5225,0.35403726708074534,True,5.309206712001469
0,38.92520264891894,572,0,,0.465026880943456,3.875022178999643,dstar_lite,False,0,0,7650,32134,421,0.1735224139993079,0,0.0,0.0923014410000178,True,2292,0,6,6,C,5226,0.40993788819875776,True,4.8460078699972655
0,39.607714832965655,612,0,,0.475657439761009,2.9694523079997452,dstar_lite,False,0,0,7370,30663,9651,0.14168332999906852,0,0.0,0.6407274869998218,True,53458,0,7,7,C,5227,0.38509316770186336,True,6.094641327003046
0,39.0335664437613,602,0,,0.475657439761009,2.8476340499983053,dstar_lite,False,0,0,4869,20213,8517,0.1707978379999986,0,0.0,0.6140126719983527,True,50925,0,6,6,C,5228,0.4658385093167702,True,5.107332326002506
0,38.9793993113479,587,0,,0.465026880943456,1.359296834001725,dstar_lite,False,0,0,1760,7593,1195,0.06057250100275269,0,0.0,0.1189867229986703,True,8541,0,7,7,C,5229,0.42857142857142855,True,3.51149482099936
0,36.61522623866772,538,0,,0.4962358310319797,0.8171422720006376,dstar_lite,False,0,0,1046,4573,225,0.0518890579987783,0,0.0,0.03173104600136867,True,1347,0,5,5,C,5230,0.40372670807453415,True,2.3056064840020554
0,39.44977136571864,606,0,,0.465026880943456,2.876857826999185,dstar_lite,False,0,0,1400,6042,1960,0.06481443399752607,0,0.0,0.12815843600037624,True,9373,0,7,7,C,5231,0.40993788819875776,True,4.581167877997359
0,39.68695910988438,610,0,,0.465026880943456,2.7847341659980884,dstar_lite,False,0,0,1720,7213,209,0.054780123002274195,0,0.0,0.03801537099934649,True,233,0,7,7,C,5232,0.43478260869565216,True,5.4307699849960045
0,40.214543325679884,621,0,,0.475657439761009,4.734001883000019,dstar_lite,False,0,0,787,3351,96,0.03839521600093576,0,0.0,0.033094760998210404,True,640,0,7,7,C,5233,0.422360248447205,True,8.12301067500448
0,38.981956247359555,600,0,,0.465026880943456,2.180846051000117,dstar_lite,False,0,0,434,1879,70,0.035681267003383255,0,0.0,0.01711258399882354,True,198,0,7,7,C,5234,0.422360248447205,True,4.75419148099536
0,37.1151447811428,545,0,,0.4596194077712549,1.2045859249992645,dstar_lite,False,0,0,1877,8094,325,0.079806751000433,0,0.0,0.053860852000070736,True,2298,0,5,5,C,5235,0.36645962732919257,True,2.3982974579994334
0,37.782186623794985,578,0,,0.4962358310319797,1.5314167940014158,dstar_lite,False,0,0,2917,12511,457,0.07773362100124359,0,0.0,0.05270451199976378,True,1868,0,8,8,C,5236,0.391304347826087,True,3.5321704169982695
0,41.616927877387546,653,0,,0.465026880943456,9.542638168000849,dstar_lite,False,0,0,1427,6194,479,0.05116012399957981,0,0.0,0.08267585100111319,True,2032,0,8,8,C,5237,0.42857142857142855,True,12.947761871000694
0,39.23835685600227,598,0,,0.475657439761009,0.6872889690021111,dstar_lite,False,0,0,7530,30874,6875,0.15734221100137802,0,0.0,0.45846415999767487,True,37426,0,5,5,C,5238,0.391304347826087,True,2.716224774001603
0,39.66155897171505,625,0,,0.475657439761009,2.363110776001122,dstar_lite,False,0,0,3101,13070,2462,0.10047723299794598,0,0.0,0.12949035400015418,True,7777,0,6,6,C,5239,0.422360248447205,True,6.1470780029994785
0,39.89940217349524,633,0,,0.465026880943456,3.828487960003258,dstar_lite,False,0,0,4327,17989,1479,0.09737253400089685,0,0.0,0.1003636559980805,True,3982,0,7,7,C,5240,0.38509316770186336,True,7.995412862994272
0,37.81015504027123,579,0,,0.465026880943456,3.4455096420024347,dstar_lite,False,0,0,2302,9745,1211,0.07179090600038762,0,0.0,0.0915117590011505,True,5624,0,8,8,C,5241,0.36645962732919257,True,4.580472170000576
0,40.136681436240416,612,0,,0.465026880943456,2.74182253500112,dstar_lite,False,0,0,3764,15761,8379,0.09949673099981737,0,0.0,0.6162637520028511,True,51630,0,7,7,C,5242,0.42857142857142855,True,6.14723954600413
0,39.210049713670635,607,0,,0.465026880943456,4.634834030999627,dstar_lite,False,0,0,2630,11445,233,0.08377444799771183,0,0.0,0.045543726002506446,True,464,0,8,8,C,5243,0.39751552795031053,True,7.363960450002196
0,40.045713262769674,606,0,,0.465026880943456,2.2229278039994824,dstar_lite,False,0,0,1503,6543,607,0.05067372399935266,0,0.0,0.05749524099883274,True,3229,0,7,7,C,5244,0.4161490683229814,True,4.214887419999286
0,39.07669760242269,597,0,,0.465026880943456,0.7172581410013663,dstar_lite,False,0,0,5098,21555,359,0.11750559900247026,0,0.0,0.05459868199977791,True,753,0,6,6,C,5245,0.4409937888198758,True,2.855768914996588
0,41.059588868172554,668,0,,0.475657439761009,4.063299023000582,dstar_lite,False,0,0,2777,11762,1873,0.07749484099986148,0,0.0,0.10762677599996096,True,6920,0,8,8,C,5246,0.36645962732919257,True,9.811075958001311
0,40.7655162543685,621,0,,0.4596194077712549,4.476235767997423,dstar_lite,False,0,0,8141,34090,592,0.1635144389983907,0,0.0,0.12902094400124042,True,2555,0,7,7,C,5247,0.43478260869565216,True,7.239581237001403
0,44.31263791341278,697,0,,0.465026880943456,5.508074632001808,dstar_lite,False,0,0,6262,25904,4475,0.16373895300057484,0,0.0,0.17680156999995233,True,10452,0,7,7,C,5248,0.5093167701863354,True,10.411607913003536
0,40.930815597613716,674,0,,0.475657439761009,3.8893427129987685,dstar_lite,False,0,0,1075,4638,1184,0.043489858999237185,0,0.0,0.099287817000004,True,4500,0,9,9,C,5249,0.4720496894409938,True,8.846502637999947
0,36.832074227906396,562,0,,0.465026880943456,0.7192724180022196,dstar_lite,False,0,0,2126,9172,3098,0.06212778700137278,0,0.0,0.2619326819985872,True,21583,0,8,8,C,5250,0.37267080745341613,True,2.2321371250000084
0,43.90281413425974,704,0,,0.475657439761009,3.1721816600002057,dstar_lite,False,0,0,3963,16515,27073,0.12055564999900525,0,0.0,2.2607964240014553,True,204147,0,7,7,C,5251,0.40372670807453415,True,8.309988598000928
0,44.56490701501974,718,0,,0.47565743976100916,4.228138572998432,dstar_lite,False,0,0,8432,34473,30730,0.21534977100236574,0,0.0,2.503143313999317,True,215386,0,7,7,C,5252,0.4409937888198758,True,10.600287897996168
0,39.633136925505774,612,0,,0.465026880943456,3.4795537579993834,dstar_lite,False,0,0,1920,8214,1026,0.06823548100146581,0,0.0,0.07224362600027234,True,3793,0,6,6,C,5253,0.484472049689441,True,8.327019402997394
0,40.441705947746684,641,0,,0.475657439761009,1.3247025609998673,dstar_lite,False,0,0,1606,6854,1261,0.06655847799993353,0,0.0,0.09125105099883513,True,6096,0,7,7,C,5254,0.39751552795031053,True,4.713150459992903
0,42.54444330772295,655,0,,0.465026880943456,2.896845638999366,dstar_lite,False,0,0,567,2437,472,0.03578839900001185,0,0.0,0.043795437002700055,True,1748,0,9,9,C,5255,0.4658385093167702,True,6.280459703000815
0,38.52563627770367,586,0,,0.475657439761009,1.8163605539994023,dstar_lite,False,0,0,899,3888,176,0.03447218099972815,0,0.0,0.03101134399912553,True,1093,0,7,7,C,5256,0.34782608695652173,True,4.156200281002384
0,38.1160421813534,579,0,,0.465026880943456,3.4949977420001233,dstar_lite,False,0,0,535,2298,405,0.028460410998377483,0,0.0,0.03548566099925665,True,1143,0,7,7,C,5257,0.3416149068322981,True,5.207081919001212
0,37.24278870092554,545,0,,0.465026880943456,0.6380118710003444,dstar_lite,False,0,0,6382,26979,382,0.16100452300088364,0,0.0,0.08945612900060951,True,2102,0,6,6,C,5258,0.484472049689441,True,1.9780770419965847
0,39.31434660085325,591,0,,0.465026880943456,1.2029398500017123,dstar_lite,False,0,0,1002,4415,1649,0.03329191000011633,0,0.0,0.14905965700017987,True,11338,0,9,9,C,5259,0.40993788819875776,True,3.1182668059991556
0,42.08122048857615,668,0,,0.475657439761009,3.1277349809970474,dstar_lite,False,0,0,1891,8160,1255,0.058963088999007596,0,0.0,0.12201911000011023,True,8254,0,7,7,C,5260,0.4720496894409938,True,7.2227770289973705
0,38.804893369674566,570,0,,0.4962358310319797,0.7754273969985661,dstar_lite,False,0,0,1584,6817,1622,0.05161430000225664,0,0.0,0.135847076002392,True,10023,0,5,5,C,5261,0.422360248447205,True,2.3552505010011373
0,38.86540767028256,597,0,,0.465026880943456,1.6107726379996166,dstar_lite,False,0,0,5150,21846,1727,0.12983198599977186,0,0.0,0.17965922400253476,True,10853,0,7,7,C,5262,0.4720496894409938,True,4.964794769999571
0,38.84399566969963,593,0,,0.465026880943456,2.745213630998478,dstar_lite,False,0,0,1628,7106,598,0.050253565997991245,0,0.0,0.05692925400217064,True,2891,0,8,8,C,5263,0.40372670807453415,True,4.426660757006175
0,37.53917773076937,575,0,,0.475657439761009,1.4467664340008923,dstar_lite,False,0,0,5295,21661,15282,0.13683387200217112,0,0.0,1.3068554409983335,True,115329,0,5,5,C,5264,0.40372670807453415,True,2.6487795789980737
0,38.77963913927173,572,0,,0.465026880943456,2.4195196910004597,dstar_lite,False,0,0,17994,75572,407,0.34454848500172375,0,0.0,0.17190473500158987,True,1849,0,4,4,C,5265,0.32919254658385094,True,4.32628623599885
0,37.53402624962458,561,0,,0.465026880943456,2.9320607380032015,dstar_lite,False,0,0,1924,8217,152,0.07169137399978354,0,0.0,0.033107978000771254,True,873,0,6,6,C,5266,0.422360248447205,True,4.62782007900023
0,42.08950160794944,653,0,,0.465026880943456,5.034618871002749,dstar_lite,False,0,0,2229,9167,797,0.0904591979997349,0,0.0,0.07238046999918879,True,4127,0,6,6,C,5267,0.453416149068323,True,8.899266486005217
0,44.71307931817943,687,0,,0.465026880943456,11.81307554399973,dstar_lite,False,0,0,801,3508,24,0.03543899099895498,0,0.0,0.027807678998215124,True,24,0,8,8,C,5268,0.4782608695652174,True,16.12587649400666
0,38.263955912758355,582,0,,0.465026880943456,4.510898839002039,dstar_lite,False,0,0,3268,13951,814,0.0878959900001064,0,0.0,0.07115966800120077,True,3329,0,5,5,C,5269,0.4472049689440994,True,6.287728920997324
0,38.704810444939454,595,0,,0.465026880943456,2.5604983269986406,dstar_lite,False,0,0,1795,7766,1620,0.05960834699726547,0,0.0,0.13955948399961926,True,10119,0,7,7,C,5270,0.4658385093167702,True,4.159503181999753
0,38.478056716076125,589,0,,0.475657439761009,3.2369715980021283,dstar_lite,False,0,0,1706,7325,561,0.06571176800207468,0,0.0,0.07451650900111417,True,3352,0,5,5,C,5271,0.37888198757763975,True,5.741489116004232
0,39.1140625956308,606,0,,0.475657439761009,3.800560042000143,dstar_lite,False,0,0,7777,32382,312,0.21921073900011834,0,0.0,0.10477823999826796,True,1401,0,5,5,C,5272,0.43478260869565216,True,5.686913024997921
0,38.61184978081828,590,0,,0.465026880943456,2.8533568249986274,dstar_lite,False,0,0,1503,6553,465,0.060781696000049124,0,0.0,0.04518827499850886,True,2451,0,8,8,C,5273,0.4720496894409938,True,4.755895109999983
0,38.884913431929085,606,0,,0.465026880943456,1.6607492039984209,dstar_lite,False,0,0,2457,10199,4296,0.07100921099845436,0,0.0,0.2715073849976761,True,20637,0,8,8,C,5274,0.4782608695652174,True,4.706420267997601
0,36.9471876178873,551,0,,0.465026880943456,0.8912213490002614,dstar_lite,False,0,0,2912,12097,3697,0.11417755900038173,0,0.0,0.2861395170002652,True,23410,0,6,6,C,5275,0.422360248447205,True,2.3582714320036757
0,38.85902023085432,579,0,,0.465026880943456,1.6012392650009133,dstar_lite,False,0,0,15515,64493,1182,0.3302047329998459,0,0.0,0.21376238299853867,True,6087,0,5,5,C,5276,0.4782608695652174,True,3.6471591769986844
0,38.374034413189044,591,0,,0.465026880943456,1.6929789349997009,dstar_lite,False,0,0,290,1272,24,0.01866504600184271,0,0.0,0.014027386998350266,True,24,0,9,9,C,5277,0.4658385093167702,True,4.5830485570004384
0,40.651136761734165,635,0,,0.475657439761009,1.8308824339983403,dstar_lite,False,0,0,1450,6162,695,0.057098915000096895,0,0.0,0.06738063800003147,True,3843,0,8,8,C,5278,0.4161490683229814,True,3.9988507969974307
0,37.38323641355148,566,0,,0.465026880943456,1.0777609610013315,dstar_lite,False,0,0,7012,29098,380,0.1819787059976079,0,0.0,0.08442149799884646,True,1925,0,7,7,C,5279,0.40993788819875776,True,3.6254592670011334
0,37.029748815471564,562,0,,0.475657439761009,1.1110545200026536,dstar_lite,False,0,0,2862,12093,303,0.06583919399781735,0,0.0,0.044725339001161046,True,837,0,6,6,C,5280,0.40993788819875776,True,3.100063254001725
0,40.10630024041121,624,0,,0.465026880943456,1.8576786969970271,dstar_lite,False,0,0,1597,6815,1123,0.04500163099874044,0,0.0,0.06090894899898558,True,3265,0,8,8,C,5281,0.391304347826087,True,4.962958974996582
0,38.00020043516522,565,0,,0.465026880943456,3.803286102000129,dstar_lite,False,0,0,566,2485,1220,0.029803470999468118,0,0.0,0.11188889100230881,True,8132,0,5,5,C,5282,0.40372670807453415,True,4.933451401004277
0,38.99479079976678,602,0,,0.465026880943456,1.9009817000005569,dstar_lite,False,0,0,930,4043,216,0.041740540000319015,0,0.0,0.03846607800005586,True,980,0,9,9,C,5283,0.4161490683229814,True,3.846080012004677
0,40.21339223778682,622,0,,0.475657439761009,1.2613874700000451,dstar_lite,False,0,0,1838,7832,195,0.06878420499924687,0,0.0,0.04102508999858401,True,882,0,7,7,C,5284,0.40372670807453415,True,3.8502655409974977
0,37.87135066407788,569,0,,0.4962358310319797,1.9000616140001512,dstar_lite,False,0,0,1914,8330,279,0.06565912000223761,0,0.0,0.029877252000005683,True,822,0,8,8,C,5285,0.40993788819875776,True,3.204522651001753
0,40.23018184623508,609,0,,0.465026880943456,7.53679178299717,dstar_lite,False,0,0,2733,11501,219,0.09497591399849625,0,0.0,0.05602398399787489,True,1267,0,7,7,C,5286,0.4161490683229814,True,9.98428513899853
0,38.82005815389615,610,0,,0.465026880943456,2.8560469320000266,dstar_lite,False,0,0,2672,11282,756,0.07163295999998809,0,0.0,0.06741552499806858,True,2010,0,8,8,C,5287,0.484472049689441,True,5.914190140996652
0,38.265964073042575,571,0,,0.465026880943456,1.0500671529989631,dstar_lite,False,0,0,3099,13317,360,0.09243988800153602,0,0.0,0.051586566001788015,True,1525,0,7,7,C,5288,0.4161490683229814,True,2.6664932320018124
0,38.730274876321424,597,0,,0.465026880943456,2.279891140999098,dstar_lite,False,0,0,672,2967,1208,0.03553753799860715,0,0.0,0.11800709399904008,True,8995,0,7,7,C,5289,0.4161490683229814,True,5.457508973991935
0,38.87727154699373,585,0,,0.465026880943456,0.9224114589997043,dstar_lite,False,0,0,1084,4608,1190,0.05060516400044435,0,0.0,0.08768134399724659,True,6443,0,8,8,C,5290,0.45962732919254656,True,3.200954621999699
0,39.58053390215937,588,0,,0.465026880943456,2.838837996998336,dstar_lite,False,0,0,9518,40367,1613,0.20209444500142126,0,0.0,0.1600680289993761,True,6698,0,4,4,C,5291,0.37888198757763975,True,3.6873170609978843
0,37.46271011828367,589,0,,0.475657439761009,1.549706795001839,dstar_lite,False,0,0,11605,47649,16723,0.23378912000043783,0,0.0,1.3126864330006356,True,112934,0,6,6,C,5292,0.453416149068323,True,3.7489507170030265
0,40.59429580332654,616,0,,0.465026880943456,5.058913367000059,dstar_lite,False,0,0,4061,17285,111,0.10058883300007437,0,0.0,0.05971702900205855,True,198,0,7,7,C,5293,0.4658385093167702,True,7.134435193001991
0,38.898624338039646,566,0,,0.465026880943456,0.875165413999639,dstar_lite,False,0,0,4770,20182,650,0.12235660199803533,0,0.0,0.09592892799992114,True,4313,0,4,4,C,5294,0.39751552795031053,True,1.721758977000718
0,37.980264011495684,561,0,,0.465026880943456,1.4106746329998714,dstar_lite,False,0,0,8608,35299,947,0.1615332710025541,0,0.0,0.1011791839991929,True,3465,0,6,6,C,5295,0.37267080745341613,True,2.978835721998621
0,39.45535510925466,604,0,,0.465026880943456,1.6025751189990842,dstar_lite,False,0,0,2012,8682,234,0.06091705099970568,0,0.0,0.04301744500116911,True,706,0,7,7,C,5296,0.515527950310559,True,4.1342983359900245
0,41.494788383153114,667,0,,0.465026880943456,3.6698422800000117,dstar_lite,False,0,0,4120,17249,1669,0.09491993700066814,0,0.0,0.09788398299861001,True,3126,0,9,9,C,5297,0.4409937888198758,True,10.264476736003417
0,39.79137009221394,626,0,,0.475657439761009,1.1431424579968734,dstar_lite,False,0,0,5091,20835,4154,0.14780218400119338,0,0.0,0.2110188560000097,True,14678,0,8,8,C,5298,0.4409937888198758,True,4.377629898994201
0,48.684972684949415,809,0,,0.47565743976100916,7.220994970997708,dstar_lite,False,0,0,2134,9277,717,0.07937758099797065,0,0.0,0.05759229899922502,True,2284,0,6,6,C,5299,0.4720496894409938,True,12.372871256997314
0,39.07904643548323,599,0,,0.465026880943456,2.5075918859984085,dstar_lite,False,0,0,724,3149,682,0.05116596899824799,0,0.0,0.06109650600046734,True,3050,0,9,9,C,5300,0.4906832298136646,True,5.296494284000801
0,40.1881799387306,617,0,,0.475657439761009,2.72301756899833,dstar_lite,False,0,0,3109,13318,261,0.06890491800004384,0,0.0,0.05630043699784437,True,1970,0,6,6,C,5301,0.40993788819875776,True,5.559529422993364
0,41.29611000491469,650,0,,0.465026880943456,3.5511620809993474,dstar_lite,False,0,0,575,2531,300,0.038079238998761866,0,0.0,0.02754853299848037,True,1397,0,8,8,C,5302,0.484472049689441,True,8.480578492999484
0,37.01394359475001,563,0,,0.465026880943456,0.9877497279994714,dstar_lite,False,0,0,1159,5035,3207,0.048969449002470355,0,0.0,0.266562544999033,True,21885,0,7,7,C,5303,0.39751552795031053,True,2.730441826992319
0,37.48391405379538,545,0,,0.4962358310319797,0.8735649090012885,dstar_lite,False,0,0,5478,22979,282,0.11569099299958907,0,0.0,0.05537140199885471,True,1582,0,5,5,C,5304,0.3105590062111801,True,1.9227576419980323
0,38.33468287837818,597,0,,0.465026880943456,2.105010103001405,dstar_lite,False,0,0,2155,9391,2063,0.06523303100038902,0,0.0,0.17250946100102738,True,12137,0,5,5,C,5305,0.4409937888198758,True,5.035508922999725
0,36.96796689629786,554,0,,0.465026880943456,0.8275904139991326,dstar_lite,False,0,0,4681,20158,375,0.13214232500104117,0,0.0,0.06186649500159547,True,1538,0,7,7,C,5306,0.36645962732919257,True,2.8724510650026787
0,39.898674571242644,619,0,,0.465026880943456,2.166004714999872,dstar_lite,False,0,0,912,3998,244,0.053323077998356894,0,0.0,0.02266581000003498,True,589,0,8,8,C,5307,0.40372670807453415,True,4.8656369900018035
0,38.80160934340282,580,0,,0.465026880943456,1.3535379710010602,dstar_lite,False,0,0,2998,12830,1663,0.08666048899976886,0,0.0,0.12895227199987858,True,8748,0,5,5,C,5308,0.391304347826087,True,2.8282593510011793
0,39.826417801025435,631,0,,0.465026880943456,3.860033912002109,dstar_lite,False,0,0,1758,7526,1009,0.05495653900288744,0,0.0,0.08422842100117123,True,4366,0,8,8,C,5309,0.45962732919254656,True,6.915364770007727
0,39.279498852380335,595,0,,0.465026880943456,1.4692453319985361,dstar_lite,False,0,0,11410,47429,4040,0.2405820269996184,0,0.0,0.3720634710007289,True,25607,0,7,7,C,5310,0.40372670807453415,True,3.032790492005006
0,40.46312442175981,637,0,,0.465026880943456,3.5298069000018586,dstar_lite,False,0,0,3884,15991,1588,0.1029635769991728,0,0.0,0.08313196900053299,True,2736,0,9,9,C,5311,0.4409937888198758,True,7.023319499003264
0,36.67183095195106,556,0,,0.465026880943456,1.506411174999812,dstar_lite,False,0,0,1443,6170,907,0.05416500099818222,0,0.0,0.06410938999761129,True,3322,0,7,7,C,5312,0.4782608695652174,True,3.5456958030008536
0,43.44795855780129,672,0,,0.465026880943456,5.437046601000475,dstar_lite,False,0,0,4181,17837,801,0.11406247899867594,0,0.0,0.09894080300000496,True,2257,0,8,8,C,5313,0.4720496894409938,True,10.020684308005002
0,37.892422428656964,579,0,,0.465026880943456,2.962860833002196,dstar_lite,False,0,0,211,924,654,0.01599067800270859,0,0.0,0.05362176500057103,True,3906,0,7,7,C,5314,0.4472049689440994,True,4.835920147001161
0,39.59895589538541,601,0,,0.465026880943456,2.1655293479998363,dstar_lite,False,0,0,2799,12157,652,0.0783444420012529,0,0.0,0.08336057199994684,True,4094,0,6,6,C,5315,0.42857142857142855,True,3.7618521440017503
0,39.88125501753565,629,0,,0.475657439761009,4.33853669599921,dstar_lite,False,0,0,2417,10474,2060,0.10041315499984194,0,0.0,0.18115128600038588,True,13400,0,6,6,C,5316,0.4409937888198758,True,6.9754569370015815
0,39.48686427934447,628,0,,0.475657439761009,5.397951366001507,dstar_lite,False,0,0,3777,16315,405,0.10750796499996795,0,0.0,0.06759250199684175,True,1895,0,7,7,C,5317,0.40372670807453415,True,7.387721349001367
0,39.25165009670823,610,0,,0.475657439761009,4.164349650996883,dstar_lite,False,0,0,1291,5525,91,0.048341035999328597,0,0.0,0.026399130998470355,True,585,0,8,8,C,5318,0.4782608695652174,True,6.936979998001334
0,39.471240349670566,615,0,,0.475657439761009,2.0312907389998145,dstar_lite,False,0,0,5929,24500,5855,0.1560276390009676,0,0.0,0.35074091300339205,True,28063,0,7,7,C,5319,0.4161490683229814,True,4.752100007004628
0,40.00046075043801,614,0,,0.475657439761009,3.2734544049999386,dstar_lite,False,0,0,3042,12470,7242,0.09757957500187331,0,0.0,0.484068459001719,True,39578,0,5,5,C,5320,0.37888198757763975,True,5.685110623999208
0,40.26090999709529,631,0,,0.465026880943456,4.626783740000974,dstar_lite,False,0,0,1076,4584,73,0.046231632000854006,0,0.0,0.030582946001231903,True,99,0,8,8,C,5321,0.5403726708074534,True,7.6713764170017384
0,39.14346693509865,576,0,,0.465026880943456,0.6618782279983861,dstar_lite,False,0,0,2317,9938,224,0.07341022599939606,0,0.0,0.030328664000990102,True,587,0,5,5,C,5322,0.37888198757763975,True,2.3190402969958086
0,40.29237476417963,630,0,,0.475657439761009,1.9606755819986574,dstar_lite,False,0,0,1270,5543,219,0.06277824900098494,0,0.0,0.030057746000238694,True,1226,0,7,7,C,5323,0.38509316770186336,True,4.832138773996121
0,40.44311257358927,648,0,,0.465026880943456,2.9959734580006625,dstar_lite,False,0,0,1148,5074,1111,0.04767628199988394,0,0.0,0.08382597799936775,True,4997,0,8,8,C,5324,0.453416149068323,True,6.105482207000023
0,39.72550363798423,603,0,,0.4962358310319797,1.6442539009985921,dstar_lite,False,0,0,2590,11021,1012,0.0935033919995476,0,0.0,0.10977655900205718,True,5279,0,9,9,C,5325,0.453416149068323,True,5.226203781992808
0,41.76496563440755,632,0,,0.465026880943456,3.2414490449991717,dstar_lite,False,0,0,359,1581,403,0.020345946999441367,0,0.0,0.04673634500068147,True,2346,0,8,8,C,5326,0.39751552795031053,True,6.558312602996011
0,39.33216961386315,614,0,,0.465026880943456,5.7401335229988035,dstar_lite,False,0,0,4244,18220,15,0.14847530699989875,0,0.0,0.07357111099918257,True,15,0,6,6,C,5327,0.5093167701863354,True,7.4469203960070445
0,38.36133301293862,580,0,,0.465026880943456,2.658231387998967,dstar_lite,False,0,0,2642,11226,1281,0.08188310200057458,0,0.0,0.11199221700007911,True,6780,0,7,7,C,5328,0.42857142857142855,True,4.36813321999216
0,41.154626935190976,647,0,,0.475657439761009,2.245931337998627,dstar_lite,False,0,0,4687,19388,17894,0.12636080499942182,0,0.0,1.4208459110013791,True,123801,0,7,7,C,5329,0.515527950310559,True,5.863054940000438
0,37.61927909140382,562,0,,0.465026880943456,3.4192413559976558,dstar_lite,False,0,0,1794,7649,2146,0.044978077999985544,0,0.0,0.1312499570012733,True,10145,0,4,4,C,5330,0.37267080745341613,True,5.014156631998048
0,38.098531670519016,573,0,,0.465026880943456,2.5106656290008686,dstar_lite,False,0,0,980,4313,831,0.03085780399851501,0,0.0,0.05423171900110901,True,3738,0,6,6,C,5331,0.3416149068322981,True,3.9992248740018113
0,44.66053123919342,730,0,,0.475657439761009,11.42639400400003,dstar_lite,False,0,0,2617,11026,1261,0.07382119999965653,0,0.0,0.1472386599998572,True,9160,0,8,8,C,5332,0.38509316770186336,True,17.17836382999667
0,40.79997887712359,634,0,,0.475657439761009,3.6648493869979575,dstar_lite,False,0,0,5052,20966,1045,0.1664438740008336,0,0.0,0.08096223499887856,True,1724,0,6,6,C,5333,0.453416149068323,True,6.043228603000898
0,37.787966772986486,576,0,,0.465026880943456,1.2540445879967592,dstar_lite,False,0,0,767,3347,1323,0.03560641199874226,0,0.0,0.10714949799876194,True,7669,0,8,8,C,5334,0.4161490683229814,True,3.4307910460011044
0,39.01650124786896,611,0,,0.475657439761009,2.2012549880018923,dstar_lite,False,0,0,7145,29277,2762,0.15324238000175683,0,0.0,0.13643001899981755,True,6531,0,5,5,C,5335,0.3167701863354037,True,4.514457063000009
0,37.971760517847834,576,0,,0.465026880943456,3.8188779480005905,dstar_lite,False,0,0,6734,28295,389,0.16464274100144394,0,0.0,0.09319195200077957,True,1813,0,6,6,C,5336,0.43478260869565216,True,5.0653912690031575
0,39.170143909913996,600,0,,0.465026880943456,3.9858000759995775,dstar_lite,False,0,0,2533,10621,919,0.10735627299800399,0,0.0,0.06988472400189494,True,2740,0,8,8,C,5337,0.45962732919254656,True,6.3629316609985835
0,38.324596052982535,582,0,,0.465026880943456,2.231590467999922,dstar_lite,False,0,0,11137,46374,336,0.22598015499897883,0,0.0,0.09890764499868965,True,1452,0,4,4,C,5338,0.4161490683229814,True,4.769465135002974
0,39.73458230027564,603,0,,0.465026880943456,1.8168157270010852,dstar_lite,False,0,0,5636,23348,3174,0.16333296700031497,0,0.0,0.22996648399930564,True,16386,0,6,6,C,5339,0.40372670807453415,True,3.9193540400010534
0,38.66976836246439,593,0,,0.465026880943456,1.0038665459978802,dstar_lite,False,0,0,7513,31090,10685,0.1506653840006038,0,0.0,0.849994110998523,True,73421,0,6,6,C,5340,0.4409937888198758,True,3.17544848399848
0,38.08590708860195,587,0,,0.465026880943456,1.810162688998389,dstar_lite,False,0,0,628,2785,51,0.024150467997969827,0,0.0,0.009758404001331655,True,51,0,9,9,C,5341,0.39751552795031053,True,3.6591296149963455
0,41.55777172510736,643,0,,0.475657439761009,1.9506714799972542,dstar_lite,False,0,0,3121,13019,1361,0.07443345299907378,0,0.0,0.09145286200146074,True,5225,0,6,6,C,5342,0.43478260869565216,True,4.103913252998609
0,38.266035668795034,592,0,,0.465026880943456,2.025991772999987,dstar_lite,False,0,0,894,3917,139,0.055506837998109404,0,0.0,0.028373900000588037,True,288,0,5,5,C,5343,0.33540372670807456,True,5.087939984005061
0,37.87078303238925,567,0,,0.465026880943456,5.085764259998541,dstar_lite,False,0,0,2638,11209,143,0.0862976640019042,0,0.0,0.03432764900207985,True,151,0,5,5,C,5344,0.38509316770186336,True,6.46447056100078
0,39.30293412835851,608,0,,0.465026880943456,3.2734785239990742,dstar_lite,False,0,0,2295,9808,2845,0.06558352999854833,0,0.0,0.2731463839991193,True,21858,0,7,7,C,5345,0.37888198757763975,True,6.199995578001108
0,41.14613372940424,641,0,,0.475657439761009,2.5570106039995153,dstar_lite,False,0,0,2619,11164,1434,0.0803408430001582,0,0.0,0.12173210300170467,True,8045,0,6,6,C,5346,0.422360248447205,True,6.269213989999116
0,39.50667844159464,594,0,,0.465026880943456,2.2279122729996743,dstar_lite,False,0,0,4736,19886,1310,0.14333740700021735,0,0.0,0.10230475000207662,True,4247,0,6,6,C,5347,0.43478260869565216,True,3.1545918330048153
0,40.36861687722618,608,0,,0.465026880943456,4.024372645999392,dstar_lite,False,0,0,7930,33017,453,0.1920313119990169,0,0.0,0.10500767399935285,True,2351,0,5,5,C,5348,0.422360248447205,True,8.400464299000305
0,40.06207861114661,620,0,,0.465026880943456,3.3247078049971606,dstar_lite,False,0,0,2546,10711,1746,0.0841340869992564,0,0.0,0.08641950899982476,True,4869,0,5,5,C,5349,0.4720496894409938,True,6.950067952995596
0,38.03490954410055,564,0,,0.465026880943456,1.6019038859994907,dstar_lite,False,0,0,2261,9705,292,0.07629880099921138,0,0.0,0.0340972750018409,True,885,0,6,6,C,5350,0.36645962732919257,True,3.155377769995539
0,39.43635451577881,601,0,,0.465026880943456,1.7874612349987729,dstar_lite,False,0,0,1722,7330,39,0.06534431199906976,0,0.0,0.02201402599894209,True,39,0,6,6,C,5351,0.40993788819875776,True,4.293966327000817
0,41.54053719929664,685,0,,0.47565743976100916,3.7276111709979887,dstar_lite,False,0,0,2158,9284,106,0.06804777800061856,0,0.0,0.047477779000473674,True,385,0,7,7,C,5352,0.453416149068323,True,11.158946387004107
0,38.55608454431427,584,0,,0.465026880943456,1.7568428630002018,dstar_lite,False,0,0,2414,10295,1351,0.07687812899894197,0,0.0,0.08728615600193734,True,4460,0,7,7,C,5353,0.4472049689440994,True,3.8774917499977164
0,39.495859242838726,600,0,,0.465026880943456,1.864034106998588,dstar_lite,False,0,0,1113,4829,1286,0.04071517999909702,0,0.0,0.10441687600177829,True,7537,0,9,9,C,5354,0.32919254658385094,True,3.804853905003256
0,38.00702286029475,570,0,,0.465026880943456,4.1852313700001105,dstar_lite,False,0,0,1671,7289,1821,0.05764658699990832,0,0.0,0.17810609099979047,True,13388,0,6,6,C,5355,0.37888198757763975,True,5.717003129997465
0,39.03764131343494,586,0,,0.465026880943456,1.0835720719987876,dstar_lite,False,0,0,2754,11726,217,0.06797487799849478,0,0.0,0.044868208999105264,True,1142,0,8,8,C,5356,0.391304347826087,True,2.806236609994812
0,39.66376396338759,593,0,,0.465026880943456,1.1150342680011818,dstar_lite,False,0,0,3031,12735,650,0.09021979400131386,0,0.0,0.0455795260022569,True,1762,0,5,5,C,5357,0.4409937888198758,True,2.9558048580038303
0,41.428268348403414,630,0,,0.465026880943456,4.947080226997059,dstar_lite,False,0,0,1936,8222,728,0.07414543699997012,0,0.0,0.06719674200212467,True,2617,0,7,7,C,5358,0.453416149068323,True,7.075447599996551
0,37.50108489827903,564,0,,0.4962358310319797,2.160798742002953,dstar_lite,False,0,0,939,4065,518,0.0436669160008023,0,0.0,0.04938160999881802,True,2617,0,7,7,C,5359,0.5031055900621118,True,4.010445768002683
0,38.149692196441656,568,0,,0.465026880943456,0.8773633830023755,dstar_lite,False,0,0,1581,6776,49,0.052417692000744864,0,0.0,0.020882191001874162,True,49,0,9,9,C,5360,0.453416149068323,True,2.643827197003702
0,38.08327082002079,582,0,,0.465026880943456,0.968946707998839,dstar_lite,False,0,0,2443,10563,696,0.07133474600050249,0,0.0,0.06029405699882773,True,2637,0,7,7,C,5361,0.40993788819875776,True,3.2288666699969326
0,36.663688029863174,558,0,,0.465026880943456,2.229143298998679,dstar_lite,False,0,0,3896,16669,1151,0.12075269800334354,0,0.0,0.1224338389984041,True,6507,0,6,6,C,5362,0.3416149068322981,True,3.8798916339947027
0,39.37229267881718,620,0,,0.465026880943456,2.8454720209992956,dstar_lite,False,0,0,7162,29458,3361,0.17234872900007758,0,0.0,0.18161158799921395,True,10156,0,6,6,C,5363,0.4472049689440994,True,6.864088355003332
0,38.835249651105535,604,0,,0.465026880943456,3.9972366700021666,dstar_lite,False,0,0,1554,6630,248,0.06445445699864649,0,0.0,0.030703135998919606,True,1123,0,8,8,C,5364,0.4782608695652174,True,6.374492096001632
0,42.37675720730586,682,0,,0.475657439761009,2.03735538500041,dstar_lite,False,0,0,921,3943,212,0.03773983900100575,0,0.0,0.0277700080005161,True,1183,0,9,9,C,5365,0.37888198757763975,True,5.293519407990971
0,38.162243301583594,565,0,,0.465026880943456,1.9064564219988824,dstar_lite,False,0,0,2813,12155,291,0.09181851999892388,0,0.0,0.05213912699764478,True,1706,0,7,7,C,5366,0.4472049689440994,True,3.6017095490024076
0,36.8844220488915,544,0,,0.465026880943456,2.8073960399997304,dstar_lite,False,0,0,2282,9763,247,0.10954513500109897,0,0.0,0.05436550800004625,True,1246,0,6,6,C,5367,0.42857142857142855,True,4.0873565660003806
0,39.07027550681183,603,0,,0.465026880943456,1.7950496939993172,dstar_lite,False,0,0,2844,12383,346,0.10745120100182248,0,0.0,0.07738989400240825,True,1947,0,7,7,C,5368,0.3416149068322981,True,4.413495487995533
0,40.01610886702405,599,0,,0.465026880943456,2.345160003998899,dstar_lite,False,0,0,2127,9277,243,0.08707325000068522,0,0.0,0.050843207998696016,True,1198,0,7,7,C,5369,0.4720496894409938,True,5.046283110994409
0,39.353761417537925,614,0,,0.475657439761009,3.316183617000206,dstar_lite,False,0,0,4120,17429,5287,0.1202141629983089,0,0.0,0.40088741300132824,True,31912,0,5,5,C,5370,0.37267080745341613,True,6.517931197002326
0,36.6710198774876,546,0,,0.465026880943456,2.7571098699991126,dstar_lite,False,0,0,10752,44640,1245,0.22871585599932587,0,0.0,0.17524829899775796,True,6949,0,5,5,C,5371,0.422360248447205,True,4.136465191993921
0,39.233807755917915,581,0,,0.465026880943456,0.6756669110000075,dstar_lite,False,0,0,2474,10454,889,0.08316891399954329,0,0.0,0.07774738800071646,True,4156,0,7,7,C,5372,0.42857142857142855,True,2.2214579960018455
0,39.071264864957506,597,0,,0.465026880943456,1.450683580002078,dstar_lite,False,0,0,4274,18000,4493,0.12432903800072381,0,0.0,0.33898625100118807,True,27607,0,7,7,C,5373,0.4658385093167702,True,3.5408861300020362
0,39.14090918009391,592,0,,0.465026880943456,1.1295046209997963,dstar_lite,False,0,0,1330,5745,666,0.04440241999691352,0,0.0,0.054617273999610916,True,3035,0,8,8,C,5374,0.4472049689440994,True,3.6593977579941566
0,40.506518978582314,618,0,,0.465026880943456,2.5095555240004614,dstar_lite,False,0,0,560,2407,527,0.03666622300079325,0,0.0,0.05261711999992258,True,2811,0,6,6,C,5375,0.453416149068323,True,5.032577880992903
0,37.97943336956258,587,0,,0.465026880943456,1.8436478600015107,dstar_lite,False,0,0,2196,9580,468,0.08080478699775995,0,0.0,0.06786578399987775,True,2607,0,9,9,C,5376,0.4720496894409938,True,4.348357261998899
0,40.968778939890356,644,0,,0.475657439761009,5.805677062999166,dstar_lite,False,0,0,3524,15083,2259,0.09433092799736187,0,0.0,0.1663986589992419,True,9665,0,7,7,C,5377,0.40993788819875776,True,8.178802349997568
0,38.09558754413902,576,0,,0.465026880943456,2.1914891239975987,dstar_lite,False,0,0,957,4110,129,0.04068005499721039,0,0.0,0.016820599001221126,True,155,0,6,6,C,5378,0.40993788819875776,True,3.8193451769984677
0,37.843288320787345,571,0,,0.465026880943456,2.9358936569988145,dstar_lite,False,0,0,339,1457,25,0.0328729890024988,0,0.0,0.014243305999116274,True,25,0,7,7,C,5379,0.422360248447205,True,5.339926427997852
0,44.27213651307822,733,0,,0.47565743976100916,4.384816953002883,dstar_lite,False,0,0,10216,42079,2425,0.20392769800309907,0,0.0,0.20794885600116686,True,13504,0,7,7,C,5380,0.4472049689440994,True,10.801924813004007
0,38.30267707667111,573,0,,0.465026880943456,2.0321217679993424,dstar_lite,False,0,0,198,869,394,0.0141264220001176,0,0.0,0.03217384200252127,True,1714,0,7,7,C,5381,0.37888198757763975,True,3.3847365049987275
0,38.98394988626624,598,0,,0.465026880943456,1.5124220519974187,dstar_lite,False,0,0,1862,7774,2938,0.055224202002136735,0,0.0,0.19073760300307185,True,13904,0,8,8,C,5382,0.37267080745341613,True,3.7681400759975077
0,39.720904281595914,604,0,,0.465026880943456,1.837369556997146,dstar_lite,False,0,0,3853,16103,6531,0.09655561899853637,0,0.0,0.4786147519989754,True,40088,0,6,6,C,5383,0.391304347826087,True,3.0021653389958374
0,37.591459942858,551,0,,0.465026880943456,1.0523081360006472,dstar_lite,False,0,0,12059,50515,546,0.24802689500211272,0,0.0,0.11462237299929257,True,2176,0,4,4,C,5384,0.43478260869565216,True,2.278200756998558
0,40.990439198948735,668,0,,0.475657439761009,2.3005105420015752,dstar_lite,False,0,0,3866,16169,8392,0.13079409900092287,0,0.0,0.7775853200000711,True,65435,0,6,6,C,5385,0.453416149068323,True,6.189251204006723
0,41.540372133918275,657,0,,0.465026880943456,5.785681835997821,dstar_lite,False,0,0,7839,32451,8885,0.18938171500121825,0,0.0,0.5576691109999956,True,43096,0,8,8,C,5386,0.43478260869565216,True,7.866335059992707
0,38.805290876990924,591,0,,0.475657439761009,1.024210210001911,dstar_lite,False,0,0,2547,10780,1887,0.06202502099768026,0,0.0,0.08969324999998207,True,5802,0,6,6,C,5387,0.37267080745341613,True,3.18440702999942
0,38.19895650467777,582,0,,0.475657439761009,0.7408599599984882,dstar_lite,False,0,0,3054,13252,2313,0.0870254119981837,0,0.0,0.17465880799863953,True,12365,0,8,8,C,5388,0.484472049689441,True,3.071341806997225
0,37.685900723725744,569,0,,0.465026880943456,1.4451009399999748,dstar_lite,False,0,0,1294,5522,124,0.05289841999911005,0,0.0,0.031055881001520902,True,554,0,7,7,C,5389,0.4968944099378882,True,3.4434892800018133
0,39.83829919818572,598,0,,0.475657439761009,2.6722604150018014,dstar_lite,False,0,0,3722,15858,899,0.10476962400207412,0,0.0,0.08332031900135917,True,3009,0,6,6,C,5390,0.422360248447205,True,5.178827932002605
0,37.20402693394208,558,0,,0.4962358310319797,1.9664679099987552,dstar_lite,False,0,0,503,2180,468,0.026436652999109356,0,0.0,0.031253752000338864,True,1738,0,7,7,C,5391,0.36645962732919257,True,3.3091219489942887
0,36.49820395816463,544,0,,0.465026880943456,1.7588984520007216,dstar_lite,False,0,0,2265,9713,49,0.05812770500051556,0,0.0,0.04227323799932492,True,315,0,7,7,C,5392,0.422360248447205,True,3.1759340790049464
0,38.3327643260645,582,0,,0.465026880943456,1.2880546689993935,dstar_lite,False,0,0,841,3676,324,0.03530258199680247,0,0.0,0.03168833100062329,True,1014,0,9,9,C,5393,0.422360248447205,True,3.9721349739920697
0,37.71696276739234,561,0,,0.465026880943456,1.1609079600020777,dstar_lite,False,0,0,1282,5594,59,0.058000977001938736,0,0.0,0.02365973300038604,True,327,0,6,6,C,5394,0.422360248447205,True,3.116875791998609
0,43.358986101436976,687,0,,0.465026880943456,5.162618508002197,dstar_lite,False,0,0,607,2696,38,0.03127732000211836,0,0.0,0.025226547997590387,True,41,0,8,8,C,5395,0.45962732919254656,True,8.990643416000239
0,39.245220566913055,597,0,,0.465026880943456,2.1893862699980673,dstar_lite,False,0,0,1654,7151,441,0.059397238001110964,0,0.0,0.055156979000457795,True,1515,0,7,7,C,5396,0.4782608695652174,True,4.831643539997458
0,38.62238090066814,604,0,,0.465026880943456,2.3303970450033376,dstar_lite,False,0,0,1920,8222,1172,0.06916023099984159,0,0.0,0.09854171799815958,True,6108,0,10,10,C,5397,0.4720496894409938,True,5.668455393999466
0,36.206058006719424,539,0,,0.465026880943456,0.5806317829992622,dstar_lite,False,0,0,1551,6554,1576,0.05921236699941801,0,0.0,0.12675733699870761,True,9310,0,7,7,C,5398,0.37267080745341613,True,2.453228170001239
0,38.24136251007722,583,0,,0.465026880943456,1.845379596001294,dstar_lite,False,0,0,2795,11938,924,0.0780624529979832,0,0.0,0.08217259500088403,True,3903,0,7,7,C,5399,0.43478260869565216,True,4.8433840019934
0,36.44440532938628,530,0,,0.465026880943456,0.7214497090026271,dstar_lite,False,0,0,3197,13704,225,0.09307508900019457,0,0.0,0.03921895200255676,True,1050,0,4,4,C,5400,0.40372670807453415,True,1.8216188000078546
0,40.70344211800773,632,0,,0.475657439761009,2.282738548001362,dstar_lite,False,0,0,5990,24782,3791,0.1349916610015498,0,0.0,0.19822086299973307,True,11217,0,7,7,C,5401,0.36024844720496896,True,4.736258772001747
0,39.153183595825034,584,0,,0.465026880943456,0.8168821559993376,dstar_lite,False,0,0,2259,9320,3593,0.12976673400044092,0,0.0,0.262988464000955,True,21438,0,5,5,C,5402,0.43478260869565216,True,2.744570474002103
0,37.946760446166714,566,0,,0.465026880943456,0.8960413630011317,dstar_lite,False,0,0,2154,9317,2309,0.07059769300030894,0,0.0,0.2116766879989882,True,14676,0,5,5,C,5403,0.36024844720496896,True,2.405762386999413
0,37.84877558555815,560,0,,0.465026880943456,1.5098870180008817,dstar_lite,False,0,0,7799,32838,115,0.1541195189965947,0,0.0,0.07159245000002556,True,770,0,7,7,C,5404,0.4720496894409938,True,3.128415531995415
0,40.60213457395563,615,0,,0.465026880943456,3.7789750689989887,dstar_lite,False,0,0,2462,10481,400,0.07196485500026029,0,0.0,0.0473221000029298,True,1801,0,6,6,C,5405,0.4409937888198758,True,6.718153373996756
0,35.96695182838895,534,0,,0.465026880943456,1.1458980990028067,dstar_lite,False,0,0,752,3343,609,0.035597736001363955,0,0.0,0.0577682069997536,True,3706,0,7,7,C,5406,0.33540372670807456,True,2.9697502040071413
0,41.54704799318854,656,0,,0.475657439761009,3.079934860001231,dstar_lite,False,0,0,1317,5754,366,0.05121446599878254,0,0.0,0.04977200299981632,True,1408,0,6,6,C,5407,0.422360248447205,True,9.002250321002066
0,37.6348718403925,569,0,,0.465026880943456,3.5036174220003886,dstar_lite,False,0,0,2498,10573,211,0.07076865600174642,0,0.0,0.04846477499813773,True,1243,0,6,6,C,5408,0.43478260869565216,True,4.465411814999243
0,38.97635817643876,592,0,,0.465026880943456,1.6734939249981835,dstar_lite,False,0,0,4603,19205,677,0.10271209799975622,0,0.0,0.06904382700304268,True,3101,0,7,7,C,5409,0.422360248447205,True,3.5565155250005773
0,41.913737060637416,664,0,,0.475657439761009,3.3441404869990947,dstar_lite,False,0,0,2339,10060,388,0.08117679100178066,0,0.0,0.051507329000742175,True,1617,0,7,7,C,5410,0.40372670807453415,True,7.592974484996375
0,41.07791420108858,634,0,,0.465026880943456,2.154232701002911,dstar_lite,False,0,0,863,3733,243,0.036685781997221056,0,0.0,0.0381861480018415,True,704,0,8,8,C,5411,0.4472049689440994,True,6.712709162002284
0,38.41818209516685,586,0,,0.465026880943456,2.941533207998873,dstar_lite,False,0,0,4726,19484,568,0.10779212500347057,0,0.0,0.054326620000210823,True,2132,0,6,6,C,5412,0.40372670807453415,True,4.826025727001252
0,40.47123269066616,647,0,,0.465026880943456,1.8645297900002333,dstar_lite,False,0,0,2424,10310,963,0.06994090100124595,0,0.0,0.08778267199886614,True,4916,0,8,8,C,5413,0.484472049689441,True,6.3757197439954325
0,38.900001840679344,582,0,,0.465026880943456,3.7038663370003633,dstar_lite,False,0,0,4602,19733,181,0.10822703499798081,0,0.0,0.07700904999728664,True,1050,0,5,5,C,5414,0.39751552795031053,True,5.156740332000481
0,37.73638990807998,554,0,,0.465026880943456,1.2262421859995811,dstar_lite,False,0,0,5752,24235,144,0.14070905800326727,0,0.0,0.05753477100006421,True,174,0,5,5,C,5415,0.45962732919254656,True,2.6060698029941705
0,37.58237869830774,578,0,,0.465026880943456,1.3584653500001878,dstar_lite,False,0,0,963,4183,633,0.04199380600039149,0,0.0,0.06647564000013517,True,3411,0,9,9,C,5416,0.40993788819875776,True,4.759282899995014
0,39.568196817583235,608,0,,0.465026880943456,2.1812313469999935,dstar_lite,False,0,0,3790,15894,93,0.11727928999971482,0,0.0,0.04203207500177086,True,93,0,8,8,C,5417,0.43478260869565216,True,4.548509113996261
0,38.31278019488936,580,0,,0.465026880943456,3.9752613700002257,dstar_lite,False,0,0,3072,12960,259,0.09760838000147487,0,0.0,0.053009457002190175,True,1397,0,6,6,C,5418,0.4161490683229814,True,6.361994430000777
0,46.183977418936536,744,0,,0.47565743976100916,4.905956984999648,dstar_lite,False,0,0,2544,10913,2230,0.12207529399893247,0,0.0,0.17526068199731526,True,10995,0,6,6,C,5419,0.4782608695652174,True,11.032068931996037
0,38.179923681034204,562,0,,0.465026880943456,1.0676920359983342,dstar_lite,False,0,0,2422,10487,1184,0.07105952999700094,0,0.0,0.12261954000132391,True,8025,0,5,5,C,5420,0.422360248447205,True,2.136920409000595
0,41.19664121835733,631,0,,0.475657439761009,11.977451949001988,dstar_lite,False,0,0,1276,5509,291,0.03919241800031159,0,0.0,0.04818579499988118,True,1592,0,6,6,C,5421,0.38509316770186336,True,13.821204150000995
0,40.14486056817101,619,0,,0.475657439761009,3.2699252980019082,dstar_lite,False,0,0,3008,12925,74,0.10998702800134197,0,0.0,0.05311248200086993,True,439,0,8,8,C,5422,0.43478260869565216,True,6.684002407000662
0,42.42316330299336,661,0,,0.475657439761009,5.5690356270024495,dstar_lite,False,0,0,1490,6552,262,0.051883742002246436,0,0.0,0.057522319999407046,True,621,0,6,6,C,5423,0.42857142857142855,True,11.134881425001367
0,41.278271164712805,639,0,,0.475657439761009,5.783050568999897,dstar_lite,False,0,0,4953,20516,2037,0.15211561799878837,0,0.0,0.12009178799780784,True,4827,0,8,8,C,5424,0.4409937888198758,True,10.278651808996074
0,39.2114592528475,585,0,,0.465026880943456,1.6396780950017273,dstar_lite,False,0,0,4545,19314,515,0.10823618499853183,0,0.0,0.07363500299834413,True,2334,0,7,7,C,5425,0.42857142857142855,True,3.6338771599985193
0,39.751630201444314,640,0,,0.475657439761009,2.1041223329993954,dstar_lite,False,0,0,3349,13894,2132,0.09408056800020859,0,0.0,0.16958459700254025,True,12127,0,7,7,C,5426,0.37267080745341613,True,6.068436494999332
0,39.263959337715555,588,0,,0.465026880943456,1.068506872998114,dstar_lite,False,0,0,1121,4825,854,0.04023323799992795,0,0.0,0.06542558100045426,True,3789,0,6,6,C,5427,0.40993788819875776,True,2.984092063998105
0,41.35541906746941,655,0,,0.475657439761009,1.855779468001856,dstar_lite,False,0,0,3845,15804,13562,0.09662779399877763,0,0.0,1.0100079000003461,True,89661,0,9,9,C,5428,0.40372670807453415,True,5.057899110004655
0,40.13213528389601,602,0,,0.465026880943456,4.26045043799968,dstar_lite,False,0,0,2023,8784,709,0.08353925099800108,0,0.0,0.08355788600238157,True,3444,0,7,7,C,5429,0.5403726708074534,True,6.764584628999728
0,41.64813121277484,669,0,,0.475657439761009,3.009742539998115,dstar_lite,False,0,0,4913,21050,250,0.13370002599913278,0,0.0,0.06840576600006898,True,1328,0,6,6,C,5430,0.422360248447205,True,9.461468577992491
0,37.90994174236313,569,0,,0.4962358310319797,3.003845999999612,dstar_lite,False,0,0,6061,25715,245,0.13677858599839965,0,0.0,0.084662382996612,True,1376,0,6,6,C,5431,0.37888198757763975,True,4.6965155149991915
0,38.998139188730526,604,0,,0.465026880943456,4.033022283998434,dstar_lite,False,0,0,2315,9885,434,0.07546461399761029,0,0.0,0.04882457900021109,True,1286,0,7,7,C,5432,0.39751552795031053,True,6.396651319002558
0,38.38716207990452,582,0,,0.465026880943456,3.3976891320016875,dstar_lite,False,0,0,3829,15851,300,0.09452022500045132,0,0.0,0.04591960899779224,True,1364,0,6,6,C,5433,0.38509316770186336,True,5.024505807010428
0,38.66614104430616,591,0,,0.475657439761009,2.590025675999641,dstar_lite,False,0,0,9353,39303,627,0.22807958499834058,0,0.0,0.13416934499764466,True,3592,0,5,5,C,5434,0.36645962732919257,True,5.500243651000346
0,42.97294329172304,681,0,,0.47565743976100916,8.02920842399908,dstar_lite,False,0,0,1370,6022,599,0.03998226299881935,0,0.0,0.05693185000200174,True,3277,0,6,6,C,5435,0.43478260869565216,True,12.346015106999403
0,42.20963889503228,642,0,,0.465026880943456,4.251047011999617,dstar_lite,False,0,0,931,3947,934,0.04124473500269232,0,0.0,0.058536878001177683,True,3621,0,7,7,C,5436,0.34782608695652173,True,6.7379230209990055
0,36.27860684375587,530,0,,0.465026880943456,0.7223849349975353,dstar_lite,False,0,0,5636,24204,849,0.12356142499993439,0,0.0,0.11277935999896727,True,5858,0,4,4,C,5437,0.37267080745341613,True,1.954637932998594
0,38.343987157652045,564,0,,0.465026880943456,0.9817016250017332,dstar_lite,False,0,0,2062,8938,667,0.06066415899840649,0,0.0,0.06382365899844444,True,3798,0,7,7,C,5438,0.391304347826087,True,2.4589199500042014
0,40.96925480591139,655,0,,0.475657439761009,2.6538673189970723,dstar_lite,False,0,0,1182,5071,914,0.04089191100138123,0,0.0,0.05732291599997552,True,3176,0,8,8,C,5439,0.4720496894409938,True,6.551444441000058
0,43.770650115279395,694,0,,0.475657439761009,9.115293328999542,dstar_lite,False,0,0,1988,8592,925,0.06151094500091858,0,0.0,0.0668691780010704,True,3421,0,6,6,C,5440,0.3105590062111801,True,13.432585813992773
0,39.35149497784977,602,0,,0.475657439761009,0.9821679050000967,dstar_lite,False,0,0,1512,6446,2493,0.04173540899864747,0,0.0,0.22175926300042192,True,18867,0,7,7,C,5441,0.40372670807453415,True,3.457612068999879
0,38.782219143564696,602,0,,0.465026880943456,3.9993545849974907,dstar_lite,False,0,0,1298,5585,155,0.05670961299983901,0,0.0,0.02948865800135536,True,949,0,8,8,C,5442,0.43478260869565216,True,6.165567445998022
0,39.40287581343667,589,0,,0.465026880943456,1.281834176999837,dstar_lite,False,0,0,10129,41858,460,0.22138999100207002,0,0.0,0.09492352300003404,True,1975,0,5,5,C,5443,0.43478260869565216,True,3.2778579389960214
0,37.87632161042453,570,0,,0.465026880943456,3.222115623000718,dstar_lite,False,0,0,11834,48825,314,0.27795138500005123,0,0.0,0.12786133799818344,True,1244,0,6,6,C,5444,0.43478260869565216,True,5.036785908007005
0,41.118808913765896,645,0,,0.465026880943456,5.277552799998375,dstar_lite,False,0,0,9631,40347,391,0.22187878499971703,0,0.0,0.10961838599905604,True,869,0,7,7,C,5445,0.5093167701863354,True,9.610237011995196
0,39.14009690881466,619,0,,0.465026880943456,2.1184374100012064,dstar_lite,False,0,0,5235,21516,1926,0.17483200100105023,0,0.0,0.11673713799973484,True,5380,0,6,6,C,5446,0.4658385093167702,True,6.074687508000352
0,40.19973314085343,621,0,,0.465026880943456,3.6512686100031715,dstar_lite,False,0,0,2755,11876,408,0.11885438399986015,0,0.0,0.07168925999940257,True,2165,0,8,8,C,5447,0.484472049689441,True,5.821580050003831
0,42.25607146765001,677,0,,0.465026880943456,5.141117225000926,dstar_lite,False,0,0,366,1611,87,0.025068683000426972,0,0.0,0.025190319000103045,True,126,0,9,9,C,5448,0.4720496894409938,True,7.003266663996328
0,36.999382682619824,562,0,,0.4596194077712549,2.181120594999811,dstar_lite,False,0,0,259,1160,73,0.0347501079995709,0,0.0,0.013813593999657314,True,114,0,6,6,C,5449,0.4720496894409938,True,3.970249939997302
0,38.21559409779902,580,0,,0.465026880943456,2.037423536999995,dstar_lite,False,0,0,2644,11253,2908,0.06180703099744278,0,0.0,0.22665935799886938,True,17887,0,6,6,C,5450,0.37888198757763975,True,3.6363511710005696
0,39.959075774363086,614,0,,0.475657439761009,2.0491339859981963,dstar_lite,False,0,0,1044,4531,186,0.042530288999842014,0,0.0,0.02735548299824586,True,991,0,8,8,C,5451,0.4409937888198758,True,5.322592527001689
0,38.8659330040982,584,0,,0.465026880943456,2.089106054001604,dstar_lite,False,0,0,1835,7796,1605,0.05308940199756762,0,0.0,0.09277568900142796,True,7098,0,5,5,C,5452,0.39751552795031053,True,4.03331514599995
0,37.40520380961469,559,0,,0.475657439761009,1.1113140200031921,dstar_lite,False,0,0,5595,23648,5667,0.12862518800102407,0,0.0,0.4242246219982917,True,34784,0,5,5,C,5453,0.39751552795031053,True,3.1511972730004345
0,40.250513598902366,639,0,,0.465026880943456,2.3213406229988323,dstar_lite,False,0,0,4818,20368,2493,0.13151262999963365,0,0.0,0.2360866899980465,True,16548,0,9,9,C,5454,0.4720496894409938,True,5.759167013999104
0,37.505512768577894,574,0,,0.465026880943456,2.7861451349999697,dstar_lite,False,0,0,330,1409,446,0.030145652999635786,0,0.0,0.038276709001365816,True,1904,0,8,8,C,5455,0.4472049689440994,True,5.377978794003866
0,43.178998918173576,698,0,,0.47565743976100916,4.829312424000818,dstar_lite,False,0,0,3497,14542,55600,0.13748878199839965,0,0.0,4.6865908930012665,True,432358,0,7,7,C,5456,0.39751552795031053,True,9.232867649006948
0,39.289219342052114,583,0,,0.465026880943456,0.73757577500146,dstar_lite,False,0,0,4145,17322,7083,0.12612852299935184,0,0.0,0.6081029080014559,True,49806,0,7,7,C,5457,0.4658385093167702,True,2.8743707619978522
0,40.00186097768707,640,0,,0.475657439761009,3.2240731509991747,dstar_lite,False,0,0,6355,26466,3420,0.15096406600059709,0,0.0,0.2610754659981467,True,17613,0,8,8,C,5458,0.40372670807453415,True,6.366416037995805
0,39.58259652655389,619,0,,0.465026880943456,2.4067918100008683,dstar_lite,False,0,0,514,2234,770,0.03311607399882632,0,0.0,0.07007846999840694,True,4815,0,7,7,C,5459,0.43478260869565216,True,5.021887015005632
0,38.98125330808275,586,0,,0.465026880943456,1.5748313080002845,dstar_lite,False,0,0,4750,20345,379,0.12931988799755345,0,0.0,0.066192577000038,True,1956,0,5,5,C,5460,0.42857142857142855,True,3.9632124370036763
0,39.30196301049659,618,0,,0.475657439761009,2.946914209998795,dstar_lite,False,0,0,640,2751,900,0.03955876800318947,0,0.0,0.06875598700207775,True,3454,0,8,8,C,5461,0.484472049689441,True,6.333454760999302
0,42.72088712340272,683,0,,0.47565743976100916,7.848304601000564,dstar_lite,False,0,0,579,2574,1106,0.039491622999776155,0,0.0,0.10151862500060815,True,7652,0,7,7,C,5462,0.3416149068322981,True,12.892339442998491
0,38.690986761644375,588,0,,0.465026880943456,1.8596012730013172,dstar_lite,False,0,0,1800,7835,266,0.05967499200050952,0,0.0,0.044586702999367844,True,1494,0,6,6,C,5463,0.4409937888198758,True,3.943136271995172
0,41.93970294757122,656,0,,0.475657439761009,2.768353864998062,dstar_lite,False,0,0,1274,5419,854,0.0910091529985948,0,0.0,0.05539140899782069,True,2734,0,8,8,C,5464,0.45962732919254656,True,6.1955995469979825
0,37.99140606486454,587,0,,0.465026880943456,1.4155169209989253,dstar_lite,False,0,0,2790,11774,1572,0.08445177899920964,0,0.0,0.10297523500048555,True,6278,0,8,8,C,5465,0.45962732919254656,True,3.3054346640019503
0,40.13118676236356,628,0,,0.465026880943456,1.9202335289992334,dstar_lite,False,0,0,398,1739,604,0.02756122500068159,0,0.0,0.06594502599909902,True,3945,0,9,9,C,5466,0.4161490683229814,True,5.272945217995584
0,38.28501418834044,588,0,,0.475657439761009,0.8769128999992972,dstar_lite,False,0,0,3071,13146,5879,0.0861234100011643,0,0.0,0.4341189519982436,True,36821,0,7,7,C,5467,0.515527950310559,True,3.6128057560017623
0,40.57528679637017,616,0,,0.465026880943456,3.1374955989995215,dstar_lite,False,0,0,9334,38393,1148,0.19219833400347852,0,0.0,0.14346553799987305,True,6650,0,5,5,C,5468,0.484472049689441,True,5.417523487001745
0,38.69614950234135,577,0,,0.465026880943456,3.544152406997455,dstar_lite,False,0,0,3748,16009,1517,0.091550722001557,0,0.0,0.12353479100056575,True,7016,0,6,6,C,5469,0.37267080745341613,True,5.123386693994689
0,38.963479159317494,596,0,,0.465026880943456,3.545184809998318,dstar_lite,False,0,0,2990,12878,882,0.06870889299898408,0,0.0,0.09209740700316615,True,5222,0,6,6,C,5470,0.43478260869565216,True,6.304792188999272
0,38.81129222765321,584,0,,0.4962358310319797,0.6740407329998561,dstar_lite,False,0,0,650,2842,210,0.04110706999927061,0,0.0,0.016852250999363605,True,335,0,10,10,C,5471,0.453416149068323,True,2.9767025000001013
0,39.26319060631864,607,0,,0.465026880943456,3.4261929679996683,dstar_lite,False,0,0,2174,9274,1979,0.07333807300165063,0,0.0,0.15649474800011376,True,10211,0,8,8,C,5472,0.4161490683229814,True,5.807420662997174
0,39.35010496364662,592,0,,0.465026880943456,1.5108411040018837,dstar_lite,False,0,0,2278,9845,1837,0.07230287499987753,0,0.0,0.1567684569999983,True,11611,0,8,8,C,5473,0.43478260869565216,True,3.0754281529953005
0,40.88430123662848,628,0,,0.465026880943456,1.481170104998455,dstar_lite,False,0,0,1551,6593,582,0.053500985999562545,0,0.0,0.051948911997897085,True,2889,0,10,10,C,5474,0.4409937888198758,True,4.019676156996866
0,39.44112491686184,603,0,,0.475657439761009,1.872555938000005,dstar_lite,False,0,0,9232,38804,6424,0.19583480199798942,0,0.0,0.4942718909987889,True,39397,0,6,6,C,5475,0.4906832298136646,True,4.067461047001416
0,40.00829750653358,643,0,,0.475657439761009,2.0914829119974456,dstar_lite,False,0,0,2640,10935,9247,0.07611687800090294,0,0.0,0.6659167479992902,True,57920,0,7,7,C,5476,0.422360248447205,True,4.7599464769955375
0,40.5301954136653,641,0,,0.475657439761009,3.7844072930020047,dstar_lite,False,0,0,1999,8377,2089,0.06060497599901282,0,0.0,0.11263160700036678,True,7325,0,7,7,C,5477,0.453416149068323,True,6.449252843998693
0,39.492196944739554,597,0,,0.465026880943456,1.3129064699969604,dstar_lite,False,0,0,6111,25378,407,0.13767322200146737,0,0.0,0.08370146900051623,True,1801,0,6,6,C,5478,0.453416149068323,True,3.4840330549995997
0,39.79062555886256,600,0,,0.475657439761009,2.948816865999106,dstar_lite,False,0,0,2767,11420,12807,0.059329814997909125,0,0.0,1.011526853999385,True,92006,0,6,6,C,5479,0.36645962732919257,True,4.998444000000745
0,38.17849223876066,577,0,,0.465026880943456,2.028478066000389,dstar_lite,False,0,0,5197,22095,3184,0.12934616199709126,0,0.0,0.2831086750011309,True,21706,0,7,7,C,5480,0.40993788819875776,True,3.8861423269991064
0,38.19204488861686,568,0,,0.4596194077712549,2.109002804998454,dstar_lite,False,0,0,1143,4991,61,0.05608161000054679,0,0.0,0.030782703001023037,True,81,0,8,8,C,5481,0.4906832298136646,True,4.36755909999556
0,43.08554437865578,688,0,,0.475657439761009,3.620103917000961,dstar_lite,False,0,0,1515,6579,1329,0.05345109200061415,0,0.0,0.12448026299898629,True,8511,0,8,8,C,5482,0.422360248447205,True,8.567109404000803
0,37.88951588316282,578,0,,0.465026880943456,4.336805319999257,dstar_lite,False,0,0,9689,40347,325,0.21420805399975507,0,0.0,0.12661166099860566,True,1845,0,7,7,C,5483,0.40993788819875776,True,6.987721441997564
0,37.91184123163852,585,0,,0.475657439761009,1.002182782998716,dstar_lite,False,0,0,3119,13186,5938,0.07435549000001629,0,0.0,0.42193848199895,True,36027,0,9,9,C,5484,0.422360248447205,True,3.5563757579984667
0,42.61946009749077,679,0,,0.47565743976100916,3.97308424899893,dstar_lite,False,0,0,5566,23222,5951,0.1455485510014114,0,0.0,0.32963809099965147,True,25386,0,6,6,C,5485,0.4161490683229814,True,7.01425672500045
0,39.57498571278318,611,0,,0.465026880943456,4.522513706000609,dstar_lite,False,0,0,1774,7704,804,0.0570280729989463,0,0.0,0.08031443599975319,True,4604,0,6,6,C,5486,0.422360248447205,True,6.209583308002038
0,39.978776003162736,627,0,,0.475657439761009,1.9263691710002604,dstar_lite,False,0,0,2240,9361,6184,0.07132932600143249,0,0.0,0.45140400800300995,True,39510,0,6,6,C,5487,0.4161490683229814,True,4.998199017994921
0,40.49250623771569,612,0,,0.475657439761009,5.784688006002398,dstar_lite,False,0,0,2224,9635,1482,0.06278054799986421,0,0.0,0.11246171799939475,True,6017,0,7,7,C,5488,0.37888198757763975,True,7.410155392000888
0,40.51255138935026,627,0,,0.465026880943456,2.38561915900209,dstar_lite,False,0,0,1485,6471,779,0.05577425199953723,0,0.0,0.0743879649999144,True,4196,0,8,8,C,5489,0.484472049689441,True,5.068828742001642
0,38.97092007540986,606,0,,0.465026880943456,3.6514690190015244,dstar_lite,False,0,0,1002,4266,757,0.04392349999761791,0,0.0,0.05409049200170557,True,2666,0,8,8,C,5490,0.4409937888198758,True,7.045485732003726
0,37.2948238098792,555,0,,0.465026880943456,1.939987977999408,dstar_lite,False,0,0,1717,7269,2388,0.0664618970004085,0,0.0,0.1553317270008847,True,12261,0,6,6,C,5491,0.3416149068322981,True,3.5505833419992996
0,39.3893698766291,587,0,,0.465026880943456,1.0416079599999648,dstar_lite,False,0,0,2791,11785,691,0.07561902299858048,0,0.0,0.075129045999347,True,4087,0,6,6,C,5492,0.40993788819875776,True,2.961744282998552
0,39.634888450061645,610,0,,0.465026880943456,4.298786791998282,dstar_lite,False,0,0,1879,8023,929,0.06740581099802512,0,0.0,0.07835123900076724,True,4410,0,7,7,C,5493,0.4161490683229814,True,7.639807670006121
0,38.88793614271683,612,0,,0.465026880943456,1.8048957909995806,dstar_lite,False,0,0,2652,11340,2123,0.082445172000007,0,0.0,0.1413769089995185,True,10016,0,7,7,C,5494,0.4409937888198758,True,4.38877321799373
0,38.61246742314595,590,0,,0.465026880943456,3.2547629489999963,dstar_lite,False,0,0,1656,7270,7,0.05646004200025345,0,0.0,0.028100524003093597,True,7,0,8,8,C,5495,0.4658385093167702,True,5.378629501003161
0,43.934230399977366,709,0,,0.475657439761009,7.989537437002582,dstar_lite,False,0,0,3600,14663,3746,0.10356625499844085,0,0.0,0.14599757099858834,True,8347,0,8,8,C,5496,0.453416149068323,True,14.977089691998117
0,38.40006965966602,576,0,,0.465026880943456,2.4538893809985893,dstar_lite,False,0,0,2750,11723,437,0.08126575800270075,0,0.0,0.059793627999169985,True,2576,0,7,7,C,5497,0.4161490683229814,True,4.096294388004026
0,45.80657313481269,696,0,,0.465026880943456,12.49689473000035,dstar_lite,False,0,0,2315,10088,788,0.10552728000038769,0,0.0,0.07583726500160992,True,3787,0,6,6,C,5498,0.453416149068323,True,15.682316392001667
0,39.41204398651457,599,0,,0.465026880943456,1.6492605290004576,dstar_lite,False,0,0,3213,13381,1301,0.08596558600038406,0,0.0,0.11271724600010202,True,7201,0,7,7,C,5499,0.40993788819875776,True,4.203319106003619
0,41.33603844138878,639,0,,0.475657439761009,1.5863483149987587,dstar_lite,False,0,0,1036,4383,2733,0.038157520997629035,0,0.0,0.19911318300000858,True,16785,0,5,5,D,5000,0.4,True,3.6203168780011765
0,38.10346634981021,575,0,,0.465026880943456,1.914828346001741,dstar_lite,False,0,0,4503,19187,520,0.10798296899884008,0,0.0,0.06431109199911589,True,2555,0,6,6,D,5001,0.48,True,3.590782612005569
0,44.36916764350937,691,0,,0.475657439761009,2.7032144509976206,dstar_lite,False,0,0,1171,5053,315,0.041450255001109326,0,0.0,0.04101849099970423,True,1120,0,9,9,D,5002,0.49,True,8.708735681997496
0,39.99619076469865,613,0,,0.475657439761009,1.6806786909983202,dstar_lite,False,0,0,10950,44400,19747,0.17729128599967225,0,0.0,1.4991068730014376,True,134831,0,5,5,D,5003,0.47,True,3.8174624420025793
0,39.64817029794825,605,0,,0.465026880943456,1.597553062998486,dstar_lite,False,0,0,3411,14506,959,0.07560061699768994,0,0.0,0.11576791500192485,True,6176,0,5,5,D,5004,0.45,True,4.04208268399816
0,40.92225334719266,631,0,,0.465026880943456,5.397978961002082,dstar_lite,False,0,0,959,4115,597,0.04459741599930567,0,0.0,0.06611967100252514,True,3457,0,7,7,D,5005,0.54,True,7.717778081005235
0,37.231921902543725,558,0,,0.465026880943456,1.3906203280021145,dstar_lite,False,0,0,3463,14885,368,0.09842746499998611,0,0.0,0.07407580700237304,True,1785,0,6,6,D,5006,0.48,True,3.3220508369995514
0,40.01166326331883,632,0,,0.465026880943456,4.129351562998636,dstar_lite,False,0,0,1686,7163,698,0.0798399769992102,0,0.0,0.06283409200113965,True,2824,0,8,8,D,5007,0.39,True,6.9293704709998565
0,42.04612078526558,658,0,,0.465026880943456,5.327068675000191,dstar_lite,False,0,0,1014,4298,1323,0.032230518001597375,0,0.0,0.09791761599990423,True,6882,0,9,9,D,5008,0.46,True,8.459103931003483
0,40.498915807119026,631,0,,0.465026880943456,2.0849431329988874,dstar_lite,False,0,0,11479,47511,21669,0.260707089000789,0,0.0,1.613623474000633,True,142530,0,5,5,D,5009,0.49,True,7.000496660999488
0,38.27785598307191,556,0,,0.4962358310319797,1.4956535099991015,dstar_lite,False,0,0,1282,5447,850,0.03732605299956049,0,0.0,0.08129737100171042,True,5755,0,4,4,D,5010,0.33,True,2.4331340769967937
0,38.617415318384055,577,0,,0.465026880943456,3.1834719340004085,dstar_lite,False,0,0,4381,18378,367,0.10631824599840911,0,0.0,0.0674198080014321,True,2032,0,6,6,D,5011,0.45,True,4.348799587998656
0,36.14583221094249,542,0,,0.475657439761009,2.984948269000597,dstar_lite,False,0,0,1835,7727,113,0.048667158000171185,0,0.0,0.031346253999799956,True,700,0,5,5,D,5012,0.4,True,4.065476329004014
0,36.16327366344547,531,0,,0.465026880943456,1.0838928389966895,dstar_lite,False,0,0,8397,34913,2802,0.14733343400075682,0,0.0,0.2449371959992277,True,18064,0,4,4,D,5013,0.42,True,2.0486758239967457
0,39.5118576682931,624,0,,0.475657439761009,1.1515432800006238,dstar_lite,False,0,0,2428,10059,13042,0.06826745999933337,0,0.0,1.0798573289976048,True,99751,0,5,5,D,5014,0.41,True,4.104486276999523
0,43.87200633732469,709,0,,0.475657439761009,7.957138582998596,dstar_lite,False,0,0,3452,14572,910,0.07824478399925283,0,0.0,0.11110975699921255,True,5727,0,5,5,D,5015,0.41,True,11.473337307001202
0,39.24375561258981,609,0,,0.475657439761009,2.8172133970001596,dstar_lite,False,0,0,4811,20239,1383,0.12648765500125592,0,0.0,0.13542120400234126,True,8523,0,6,6,D,5016,0.47,True,7.052675258993986
0,39.481040254481364,605,0,,0.465026880943456,3.670930058997328,dstar_lite,False,0,0,1263,5539,575,0.04580534200067632,0,0.0,0.07632115100204828,True,3683,0,8,8,D,5017,0.54,True,7.032044790994405
0,39.46647110249552,599,0,,0.475657439761009,2.2554513520008186,dstar_lite,False,0,0,1455,6130,7546,0.04474070500145899,0,0.0,0.6482540080032777,True,59797,0,5,5,D,5018,0.39,True,3.6306756880039757
0,39.4967897556395,622,0,,0.475657439761009,2.548181827998633,dstar_lite,False,0,0,9835,41169,6539,0.1947757640009513,0,0.0,0.3793740510009229,True,28256,0,4,4,D,5019,0.49,True,6.3901076759975695
0,39.52739988481549,607,0,,0.465026880943456,1.6711323729978176,dstar_lite,False,0,0,1827,7686,5383,0.05034642700047698,0,0.0,0.41649401699760347,True,35323,0,6,6,D,5020,0.39,True,3.8266238820033323
0,40.98282758334044,627,0,,0.475657439761009,4.9859215910000785,dstar_lite,False,0,0,5472,22652,2620,0.11066342699996312,0,0.0,0.201840590001666,True,13796,0,6,6,D,5021,0.44,True,8.15587202199822
0,38.72393379946145,592,0,,0.475657439761009,0.9879387610017147,dstar_lite,False,0,0,11029,45692,9131,0.26162283700250555,0,0.0,0.7236452270008158,True,60212,0,5,5,D,5022,0.48,True,3.041154203001497
0,39.44965140737887,608,0,,0.465026880943456,4.424266853999143,dstar_lite,False,0,0,2338,9716,1884,0.05744576700089965,0,0.0,0.15128730599826667,True,10087,0,5,5,D,5023,0.45,True,7.509172685000522
0,37.66087008754278,561,0,,0.465026880943456,1.7639321590031614,dstar_lite,False,0,0,4485,18676,284,0.08276746800038381,0,0.0,0.045526940000854665,True,1464,0,3,3,D,5024,0.42,True,3.494666329006577
0,36.92834668718214,556,0,,0.475657439761009,0.9576404139988881,dstar_lite,False,0,0,2449,10153,4244,0.05399010299879592,0,0.0,0.2842428439980722,True,23673,0,5,5,D,5025,0.44,True,2.4960148999998637
0,43.43885928051124,704,0,,0.47565743976100916,2.1971396219996677,dstar_lite,False,0,0,4662,19060,18377,0.14228024700059905,0,0.0,1.449211719998857,True,127697,0,6,6,D,5026,0.45,True,8.923236358004942
0,40.44154687724391,646,0,,0.475657439761009,2.5419353299985232,dstar_lite,False,0,0,4174,17186,7840,0.10225785500006168,0,0.0,0.5307160519987519,True,44805,0,6,6,D,5027,0.45,True,4.60011003699401
0,36.26949094256671,537,0,,0.465026880943456,1.9996232929988764,dstar_lite,False,0,0,3178,13430,988,0.08780611700058216,0,0.0,0.08412470799885341,True,4334,0,6,6,D,5028,0.4,True,2.9562300159923325
0,39.181007160162686,596,0,,0.4962358310319797,1.9724559640017105,dstar_lite,False,0,0,2666,11415,1555,0.06841682500089519,0,0.0,0.12289640599919949,True,7572,0,6,6,D,5029,0.51,True,4.353088919004222
0,39.053778542004444,578,0,,0.465026880943456,0.965671564998047,dstar_lite,False,0,0,2758,11537,1729,0.06887483299942687,0,0.0,0.1331633369991323,True,9551,0,8,8,D,5030,0.49,True,2.3952912500026287
0,38.34004661806369,578,0,,0.465026880943456,3.2316467169985117,dstar_lite,False,0,0,3159,13141,1012,0.07663398199656513,0,0.0,0.09518379300061497,True,5045,0,5,5,D,5031,0.4,True,6.20018327699654
0,39.089582222005966,584,0,,0.465026880943456,6.074507612000161,dstar_lite,False,0,0,4567,18935,1451,0.08920302900151,0,0.0,0.10002189700026065,True,4810,0,6,6,D,5032,0.46,True,7.571906046992808
0,37.402062291101394,563,0,,0.465026880943456,2.3747886029996153,dstar_lite,False,0,0,13477,55850,4367,0.2986110470010317,0,0.0,0.45255225700020674,True,30665,0,4,4,D,5033,0.47,True,3.6243360209991806
0,41.32461308886651,643,0,,0.475657439761009,5.113403773000755,dstar_lite,False,0,0,3096,12886,181,0.07714703400051803,0,0.0,0.05576855099934619,True,698,0,8,8,D,5034,0.4,True,6.901809595994564
0,38.50048306851641,575,0,,0.465026880943456,1.5614605539994955,dstar_lite,False,0,0,2893,12156,1007,0.07169233500098926,0,0.0,0.09542294700077036,True,6017,0,5,5,D,5035,0.42,True,3.3346933020038705
0,42.77895734548285,673,0,,0.475657439761009,7.687956803001725,dstar_lite,False,0,0,5384,22306,1287,0.16764168699955917,0,0.0,0.1314858820005611,True,5424,0,6,6,D,5036,0.49,True,13.082381189004082
0,41.67401340449072,686,0,,0.475657439761009,4.895250179000868,dstar_lite,False,0,0,1481,6419,1248,0.04751504099840531,0,0.0,0.12101341000015964,True,7686,0,8,8,D,5037,0.54,True,11.228072164998594
0,38.14342132603919,597,0,,0.475657439761009,4.71299707900107,dstar_lite,False,0,0,5857,24264,1375,0.15973443899929407,0,0.0,0.14539427899944712,True,8132,0,6,6,D,5038,0.43,True,5.951622110995231
0,38.70779049421733,592,0,,0.465026880943456,1.8145994149999751,dstar_lite,False,0,0,1311,5635,193,0.054121897999721114,0,0.0,0.03508842699739034,True,561,0,8,8,D,5039,0.46,True,3.759769507989404
0,38.504457259053716,579,0,,0.465026880943456,2.2015951029970893,dstar_lite,False,0,0,856,3735,329,0.036522046000754926,0,0.0,0.035435178000625456,True,1227,0,7,7,D,5040,0.43,True,3.4861797350022243
0,39.576119084881064,595,0,,0.465026880943456,1.0798457890014106,dstar_lite,False,0,0,590,2599,79,0.029517265000322368,0,0.0,0.014429091999772936,True,133,0,6,6,D,5041,0.36,True,2.9153121570016083
0,38.134900914914034,571,0,,0.465026880943456,1.6738739329994132,dstar_lite,False,0,0,1164,4987,256,0.04474833800122724,0,0.0,0.03411207099998137,True,1295,0,6,6,D,5042,0.4,True,3.396945284002868
0,43.57472189656486,672,0,,0.465026880943456,5.0633321210007125,dstar_lite,False,0,0,3353,14252,1846,0.09226657199906185,0,0.0,0.098763197001972,True,5546,0,7,7,D,5043,0.52,True,11.177058415003557
0,39.6898157362124,609,0,,0.465026880943456,5.564941684999212,dstar_lite,False,0,0,4056,17248,1338,0.10145600400210242,0,0.0,0.1375136749993544,True,7974,0,5,5,D,5044,0.47,True,8.762371676999464
0,40.39263921736593,615,0,,0.465026880943456,3.276132279999729,dstar_lite,False,0,0,1711,7255,43,0.0679095369996503,0,0.0,0.032444176998978946,True,293,0,6,6,D,5045,0.46,True,5.131410300000425
0,40.07752544794756,628,0,,0.465026880943456,1.6461696949991165,dstar_lite,False,0,0,2872,11989,827,0.07010748600077932,0,0.0,0.08218085800035624,True,4603,0,7,7,D,5046,0.38,True,4.96521662199666
0,39.12314884760687,600,0,,0.475657439761009,2.635534828001255,dstar_lite,False,0,0,7834,32552,4047,0.15212577900092583,0,0.0,0.30476042200098163,True,22798,0,5,5,D,5047,0.42,True,4.3867003039995325
0,39.97469608656158,632,0,,0.475657439761009,3.234693664999213,dstar_lite,False,0,0,3736,15452,3145,0.10009459799766773,0,0.0,0.1533754720003344,True,10160,0,7,7,D,5048,0.45,True,7.181828289991245
0,39.110697271773525,576,0,,0.465026880943456,1.0961156299999857,dstar_lite,False,0,0,574,2478,261,0.02662772599796881,0,0.0,0.04007169699980295,True,1198,0,7,7,D,5049,0.46,True,2.2865297600037593
0,38.57577192752431,589,0,,0.465026880943456,1.3692217060015537,dstar_lite,False,0,0,2289,9754,680,0.05791726700044819,0,0.0,0.07186151499990956,True,3808,0,7,7,D,5050,0.45,True,3.4927774680072616
0,43.220304910942104,673,0,,0.475657439761009,6.925732499999867,dstar_lite,False,0,0,4214,17634,294,0.12079430400262936,0,0.0,0.07117698799993377,True,1369,0,6,6,D,5051,0.49,True,9.63426257899846
0,39.22270498843362,633,0,,0.475657439761009,2.9308250220019545,dstar_lite,False,0,0,2210,9342,2015,0.07336526500148466,0,0.0,0.10437312599970028,True,5682,0,7,7,D,5052,0.48,True,7.048423816006107
0,39.17080940799063,607,0,,0.475657439761009,3.006236645000172,dstar_lite,False,0,0,195,855,287,0.01899684499949217,0,0.0,0.025367431000631768,True,1335,0,7,7,D,5053,0.45,True,4.8910668099961185
0,39.4405179363893,613,0,,0.475657439761009,1.7552832959991065,dstar_lite,False,0,0,9684,40159,5979,0.21233969500099192,0,0.0,0.41126726099901134,True,29611,0,5,5,D,5054,0.45,True,4.712460335002106
0,40.156938822089984,638,0,,0.475657439761009,2.476913580998371,dstar_lite,False,0,0,1020,4386,456,0.03218517699860968,0,0.0,0.039944304000528064,True,2421,0,7,7,D,5055,0.38,True,5.861449011008517
0,39.21852553384641,602,0,,0.465026880943456,2.1993157470024016,dstar_lite,False,0,0,6900,28450,3622,0.1754027999995742,0,0.0,0.18804533100046683,True,11044,0,6,6,D,5056,0.39,True,4.133232153002609
0,41.67156369824887,636,0,,0.465026880943456,4.904180543999246,dstar_lite,False,0,0,2524,10534,603,0.056742527998721926,0,0.0,0.06102783099777298,True,2509,0,7,7,D,5057,0.51,True,8.639805382004852
0,39.21769279035291,606,0,,0.475657439761009,2.651113659998373,dstar_lite,False,0,0,10387,43301,27966,0.2702036570008204,0,0.0,2.3763023229985265,True,207306,0,3,3,D,5058,0.42,True,5.276488988001802
0,37.880922156676114,588,0,,0.465026880943456,1.6524826089989801,dstar_lite,False,0,0,1501,6373,307,0.05482358199878945,0,0.0,0.04488649899940356,True,1577,0,8,8,D,5059,0.42,True,4.479888876001496
0,41.626454019144006,652,0,,0.475657439761009,1.6290555890009273,dstar_lite,False,0,0,4389,18200,17504,0.09083842700056266,0,0.0,1.5347253549989546,True,135570,0,7,7,D,5060,0.49,True,4.519891430001735
0,38.700761501430286,601,0,,0.465026880943456,3.5782907680004428,dstar_lite,False,0,0,14470,59972,416,0.3203345990004891,0,0.0,0.13750143699871842,True,1370,0,6,6,D,5061,0.42,True,6.0548900149988185
0,35.98842117304978,519,0,,0.465026880943456,0.6727900900004897,dstar_lite,False,0,0,964,4148,466,0.0429187580011785,0,0.0,0.04140561999884085,True,2408,0,3,3,D,5062,0.41,True,1.1013832049975463
0,38.24581336620083,581,0,,0.465026880943456,3.9744826759997522,dstar_lite,False,0,0,3059,12807,898,0.06593702800091705,0,0.0,0.05891042599978391,True,3138,0,5,5,D,5063,0.37,True,5.712594499003899
0,39.744145492200516,608,0,,0.475657439761009,3.1354244010035472,dstar_lite,False,0,0,1052,4393,1424,0.03509016699899803,0,0.0,0.07637673399949563,True,4966,0,5,5,D,5064,0.37,True,5.092035593002947
0,37.62931424629257,567,0,,0.465026880943456,2.8803478160007217,dstar_lite,False,0,0,918,3923,63,0.028411368999513797,0,0.0,0.015186050000920659,True,63,0,5,5,D,5065,0.42,True,4.86144620700361
0,37.69156122389672,565,0,,0.465026880943456,0.7424497339998197,dstar_lite,False,0,0,2422,10254,728,0.09867625900005805,0,0.0,0.06665030300064245,True,2873,0,6,6,D,5066,0.44,True,2.65235447500163
0,37.92978110526846,600,0,,0.475657439761009,2.902961981999397,dstar_lite,False,0,0,2581,10836,1445,0.08398792599837179,0,0.0,0.10267962299985811,True,6586,0,4,4,D,5067,0.44,True,4.9244568799986155
0,40.39675070207366,632,0,,0.475657439761009,4.558122017002461,dstar_lite,False,0,0,12937,52946,10490,0.22758734300077776,0,0.0,0.5551218869986769,True,40273,0,5,5,D,5068,0.45,True,6.347817421999935
0,41.49134076162474,651,0,,0.475657439761009,3.2716203660020255,dstar_lite,False,0,0,3503,14681,1396,0.10171672300202772,0,0.0,0.08975285600172356,True,3410,0,6,6,D,5069,0.42,True,6.547730367998156
0,39.30981900746668,592,0,,0.465026880943456,1.3743597970023984,dstar_lite,False,0,0,5046,21093,849,0.12804895099907299,0,0.0,0.09941606099891942,True,4665,0,5,5,D,5070,0.54,True,3.8576019530046324
0,37.686902529045746,548,0,,0.465026880943456,1.6172693129992695,dstar_lite,False,0,0,7210,29838,160,0.15114989599896944,0,0.0,0.05654195399984019,True,939,0,6,6,D,5071,0.43,True,2.709176465996279
0,35.83407731834847,528,0,,0.465026880943456,2.342135070997756,dstar_lite,False,0,0,2488,10584,24,0.054823855996801285,0,0.0,0.02105486700020265,True,148,0,6,6,D,5072,0.44,True,3.0588634599953366
0,42.035981251027295,653,0,,0.475657439761009,4.948148145002051,dstar_lite,False,0,0,1452,6290,1249,0.049378800998965744,0,0.0,0.10091061499770149,True,5932,0,7,7,D,5073,0.54,True,8.188547524001478
0,37.36249537151823,563,0,,0.465026880943456,2.0604945159975614,dstar_lite,False,0,0,8504,35404,1274,0.20487768800012418,0,0.0,0.1268435989986756,True,4043,0,4,4,D,5074,0.46,True,3.8921258469963504
0,38.819570415351244,593,0,,0.465026880943456,3.8071845690028567,dstar_lite,False,0,0,890,3840,814,0.021520915001019603,0,0.0,0.05406797899922822,True,3717,0,7,7,D,5075,0.41,True,5.678377191001346
0,43.97708604455583,725,0,,0.47565743976100916,7.203278300999955,dstar_lite,False,0,0,3155,13267,3152,0.11419450799803599,0,0.0,0.19244730699938373,True,11912,0,8,8,D,5076,0.53,True,10.95112729799439
0,38.76823939576392,581,0,,0.465026880943456,3.143226683001558,dstar_lite,False,0,0,191,841,299,0.015427991998876678,0,0.0,0.03782607200264465,True,1720,0,6,6,D,5077,0.5,True,5.510239314000501
0,40.72772386632999,659,0,,0.465026880943456,5.31673294400025,dstar_lite,False,0,0,1219,5202,61,0.040816001001076074,0,0.0,0.02112092099923757,True,194,0,9,9,D,5078,0.45,True,10.467441669996333
0,38.34794720190906,590,0,,0.465026880943456,2.011874836000061,dstar_lite,False,0,0,1237,5248,279,0.06449301700195065,0,0.0,0.03240809500130126,True,1333,0,8,8,D,5079,0.48,True,3.6632612220018927
0,40.14263845178201,622,0,,0.465026880943456,1.9281751810012793,dstar_lite,False,0,0,1172,4968,1738,0.05168308599968441,0,0.0,0.12368678799975896,True,9154,0,7,7,D,5080,0.45,True,5.019993860998511
0,38.29030582977034,581,0,,0.465026880943456,2.3346345190002467,dstar_lite,False,0,0,1352,5838,138,0.04196586300167837,0,0.0,0.02983204799966188,True,235,0,6,6,D,5081,0.38,True,5.590885179000907
0,37.86409630331901,570,0,,0.465026880943456,2.230652515001566,dstar_lite,False,0,0,530,2257,132,0.02506732699839631,0,0.0,0.016829320000397274,True,198,0,6,6,D,5082,0.47,True,4.206208906998654
0,36.79323942415774,542,0,,0.465026880943456,2.057491139999911,dstar_lite,False,0,0,10608,44654,1744,0.24438739700053702,0,0.0,0.20809400900179753,True,10893,0,4,4,D,5083,0.39,True,3.0137792809982784
0,38.039249227490096,569,0,,0.465026880943456,2.2894070980000834,dstar_lite,False,0,0,3653,15243,6963,0.10273171700100647,0,0.0,0.5792767950006237,True,49193,0,5,5,D,5084,0.42,True,3.8906386489943543
0,41.696587386367305,642,0,,0.465026880943456,1.189258392998454,dstar_lite,False,0,0,1443,6095,653,0.04319436100195162,0,0.0,0.06006808999882196,True,3035,0,7,7,D,5085,0.5,True,4.300581691004481
0,40.77124087109878,641,0,,0.475657439761009,1.127803972998663,dstar_lite,False,0,0,3376,13963,4808,0.0852088250030647,0,0.0,0.28816943999845535,True,21994,0,8,8,D,5086,0.5,True,4.904681230997085
0,40.92457846503333,626,0,,0.465026880943456,3.766993622000882,dstar_lite,False,0,0,1639,7055,425,0.05418786799782538,0,0.0,0.030621320998761803,True,1001,0,6,6,D,5087,0.46,True,5.524742969002546
0,39.78473626240587,598,0,,0.475657439761009,2.3443572869982745,dstar_lite,False,0,0,5109,21841,722,0.12274660900220624,0,0.0,0.08228639599838061,True,2225,0,5,5,D,5088,0.39,True,4.88574898799925
0,38.18004615457135,556,0,,0.465026880943456,0.5045635670030606,dstar_lite,False,0,0,1415,6005,1508,0.04318876000252203,0,0.0,0.12392054799784091,True,9227,0,7,7,D,5089,0.39,True,1.7421976650002762
0,38.78756127818075,568,0,,0.465026880943456,0.9747183010003937,dstar_lite,False,0,0,7835,32889,1633,0.19476428599955398,0,0.0,0.16569324700321886,True,9929,0,4,4,D,5090,0.44,True,1.923082390003401
0,39.10280704333535,586,0,,0.465026880943456,1.1671040500004892,dstar_lite,False,0,0,1137,4819,176,0.04612108199944487,0,0.0,0.029158776000258513,True,1116,0,7,7,D,5091,0.48,True,3.6509049249980308
0,38.303098079417964,565,0,,0.475657439761009,1.775907872000971,dstar_lite,False,0,0,10066,41626,18040,0.19303373100046883,0,0.0,1.5785721499996725,True,137790,0,3,3,D,5092,0.36,True,2.6508936989994254
0,39.31994544147667,603,0,,0.465026880943456,3.1626814480005123,dstar_lite,False,0,0,478,2033,388,0.03278943999976036,0,0.0,0.04072886900030426,True,2107,0,8,8,D,5093,0.42,True,5.164985586001421
0,40.24131418046777,642,0,,0.475657439761009,3.7357455189994653,dstar_lite,False,0,0,8575,35364,5917,0.1910241469995526,0,0.0,0.45616155799871194,True,33907,0,5,5,D,5094,0.41,True,7.461564562003332
0,39.04487858075087,603,0,,0.465026880943456,4.725250272000267,dstar_lite,False,0,0,696,3072,189,0.03109891200074344,0,0.0,0.021519246001844294,True,555,0,5,5,D,5095,0.4,True,7.219037598999421
0,38.79691689679098,595,0,,0.465026880943456,1.889416492998862,dstar_lite,False,0,0,2743,11630,301,0.0796521579977707,0,0.0,0.04205856699991273,True,1526,0,7,7,D,5096,0.52,True,5.377642385996296
0,36.975376677942684,552,0,,0.465026880943456,1.4099007729964796,dstar_lite,False,0,0,7950,32274,7671,0.19719273800001247,0,0.0,0.6144584350004152,True,51558,0,4,4,D,5097,0.41,True,2.728042310998717
0,38.43658023661097,586,0,,0.465026880943456,1.8642674680013442,dstar_lite,False,0,0,1217,5074,1097,0.04045503999805078,0,0.0,0.057609089999459684,True,3237,0,6,6,D,5098,0.49,True,5.801889957998355
0,39.39106244057408,613,0,,0.465026880943456,2.687880268000299,dstar_lite,False,0,0,7026,29669,397,0.14044661699881544,0,0.0,0.08696314999906463,True,1757,0,6,6,D,5099,0.53,True,5.506247131997952
0,42.560080415819435,655,0,,0.465026880943456,6.276900289001787,dstar_lite,False,0,0,2086,8726,459,0.08963535900329589,0,0.0,0.07416265400024713,True,2846,0,9,9,D,5100,0.59,True,8.414426768005796
0,38.4892471671944,598,0,,0.465026880943456,3.1438864530027786,dstar_lite,False,0,0,2343,10074,1794,0.07011373400018783,0,0.0,0.11661821799862082,True,7270,0,7,7,D,5101,0.47,True,7.136791180000728
0,38.52957574467427,592,0,,0.465026880943456,4.931659754001885,dstar_lite,False,0,0,168,742,305,0.014875885000947164,0,0.0,0.02612595300161047,True,1299,0,6,6,D,5102,0.38,True,6.765439374001289
0,37.81391939349046,574,0,,0.465026880943456,1.7353142270003445,dstar_lite,False,0,0,2766,11646,197,0.07080317399959313,0,0.0,0.05111187199872802,True,1080,0,8,8,D,5103,0.47,True,4.990033634006977
0,37.33952923699865,558,0,,0.465026880943456,1.5048754279996501,dstar_lite,False,0,0,2641,11341,739,0.06960376999995788,0,0.0,0.059972104001644766,True,2463,0,5,5,D,5104,0.38,True,3.389649159998953
0,39.385919488399914,613,0,,0.465026880943456,3.7925202660007926,dstar_lite,False,0,0,906,3818,925,0.04288198900030693,0,0.0,0.06836925899915514,True,4840,0,6,6,D,5105,0.51,True,7.943432476004091
0,38.3786702797507,585,0,,0.465026880943456,3.807827057000395,dstar_lite,False,0,0,3608,15260,2387,0.08668750099968747,0,0.0,0.19216542299909634,True,14019,0,5,5,D,5106,0.46,True,5.342988011005218
0,38.397027718880814,579,0,,0.465026880943456,1.5703403469997284,dstar_lite,False,0,0,8704,36441,3838,0.20520050300183357,0,0.0,0.3275503959994239,True,22709,0,5,5,D,5107,0.5,True,2.728283669999655
0,39.72136490406972,621,0,,0.465026880943456,3.4137914269995235,dstar_lite,False,0,0,1417,5994,945,0.05039125400071498,0,0.0,0.06205519099967205,True,4043,0,7,7,D,5108,0.32,True,6.107662322996475
0,39.20423760301302,603,0,,0.465026880943456,1.5964729500010435,dstar_lite,False,0,0,5551,22984,6094,0.1156287669982703,0,0.0,0.4835154459979094,True,38189,0,6,6,D,5109,0.42,True,3.654812093001965
0,38.32825171150157,582,0,,0.465026880943456,2.9200961280002957,dstar_lite,False,0,0,8075,33649,689,0.16501617500034627,0,0.0,0.12005943899930571,True,3647,0,7,7,D,5110,0.47,True,6.379048789003718
0,43.56435844884837,696,0,,0.475657439761009,7.07931042799828,dstar_lite,False,0,0,2349,9991,23,0.09895074799715076,0,0.0,0.044982068000535946,True,155,0,7,7,D,5111,0.48,True,12.944770001999132
0,38.23501587855295,573,0,,0.465026880943456,2.889663145000668,dstar_lite,False,0,0,8260,33726,5831,0.18877759499810054,0,0.0,0.40554536300260224,True,31190,0,5,5,D,5112,0.41,True,4.4409717340022326
0,39.42364741928222,594,0,,0.4962358310319797,2.4355721669999184,dstar_lite,False,0,0,1318,5685,586,0.05037379499844974,0,0.0,0.04891914700056077,True,1807,0,5,5,D,5113,0.45,True,4.01030217600055
0,38.61031237645829,577,0,,0.465026880943456,3.060490107000078,dstar_lite,False,0,0,18684,77676,4758,0.34930916400116985,0,0.0,0.49866137899880414,True,32490,0,3,3,D,5114,0.41,True,4.40952761600056
0,36.98750642004462,564,0,,0.465026880943456,1.123731494997628,dstar_lite,False,0,0,1774,7485,2210,0.08585170399965136,0,0.0,0.18653804000132368,True,14562,0,6,6,D,5115,0.47,True,2.496543303994258
0,38.568786716983645,590,0,,0.465026880943456,1.4302463630010607,dstar_lite,False,0,0,2019,8399,354,0.0768055610024021,0,0.0,0.040161022003303515,True,1911,0,7,7,D,5116,0.48,True,4.37089535099949
0,36.87155028646202,553,0,,0.465026880943456,1.1461967559989716,dstar_lite,False,0,0,5950,24779,975,0.15844404800009215,0,0.0,0.12783683399902657,True,6157,0,6,6,D,5117,0.4,True,2.9428970140033925
0,38.22354196315735,595,0,,0.465026880943456,4.5831090089996,dstar_lite,False,0,0,1161,5009,97,0.039248486998985754,0,0.0,0.03455082900109119,True,613,0,8,8,D,5118,0.44,True,6.42374401699999
0,39.75270747634957,609,0,,0.475657439761009,1.586849841001822,dstar_lite,False,0,0,7681,31302,6220,0.1476750820002053,0,0.0,0.3634656479989644,True,27373,0,6,6,D,5119,0.43,True,3.9322987439991266
0,38.58311382277402,594,0,,0.465026880943456,1.8262907299977087,dstar_lite,False,0,0,6760,27892,3791,0.16461906900076428,0,0.0,0.25344110500009265,True,18974,0,6,6,D,5120,0.54,True,3.3817325140007597
0,38.5056135821958,580,0,,0.465026880943456,1.3698472329997458,dstar_lite,False,0,0,3760,15465,6362,0.0990416019994882,0,0.0,0.48190954299934674,True,41138,0,6,6,D,5121,0.43,True,3.2346349910003482
0,39.150013310390584,586,0,,0.465026880943456,1.0845421710000664,dstar_lite,False,0,0,3608,14950,2842,0.07616860800044378,0,0.0,0.22478980800224235,True,17968,0,6,6,D,5122,0.39,True,2.2161073519928323
0,37.252058805516306,562,0,,0.465026880943456,1.223765804003051,dstar_lite,False,0,0,4912,20504,1782,0.10485256699757883,0,0.0,0.15536244499890017,True,10075,0,6,6,D,5123,0.62,True,3.4474024230039504
0,37.32745218020903,562,0,,0.465026880943456,2.448094294999464,dstar_lite,False,0,0,4521,18647,708,0.09819007600162877,0,0.0,0.06040977599695907,True,2176,0,5,5,D,5124,0.4,True,4.774472538996633
0,37.194030440778114,549,0,,0.465026880943456,1.8826115510019008,dstar_lite,False,0,0,12063,49760,1177,0.23092240400001174,0,0.0,0.16844984500130522,True,7906,0,5,5,D,5125,0.5,True,3.63943339600155
0,38.4610119453125,566,0,,0.465026880943456,1.3248965429993405,dstar_lite,False,0,0,1015,4304,499,0.028030366000166396,0,0.0,0.03726849400118226,True,2199,0,5,5,D,5126,0.31,True,2.123089337004785
0,38.3420654698425,579,0,,0.465026880943456,1.4002827129988873,dstar_lite,False,0,0,5445,22771,3236,0.1144295809972391,0,0.0,0.24980249000145704,True,18370,0,6,6,D,5127,0.46,True,3.4355785209954774
0,36.69108022048538,541,0,,0.465026880943456,0.5675785130006261,dstar_lite,False,0,0,13435,55070,1003,0.23133618000065326,0,0.0,0.13694894899890642,True,5254,0,5,5,D,5128,0.37,True,2.2092422640016594
0,38.23974027243237,597,0,,0.475657439761009,1.0304632110019156,dstar_lite,False,0,0,462,1965,472,0.030070594999415334,0,0.0,0.028182942998682847,True,1553,0,7,7,D,5129,0.48,True,3.6403859540041594
0,38.28879716355304,580,0,,0.4962358310319797,4.768869847001042,dstar_lite,False,0,0,3502,14683,226,0.0821080140012782,0,0.0,0.05227990899948054,True,1324,0,7,7,D,5130,0.5,True,6.439965740999469
0,38.88059481529756,609,0,,0.465026880943456,7.428979694999725,dstar_lite,False,0,0,1587,6928,735,0.0481947879998188,0,0.0,0.0734438740000769,True,3835,0,8,8,D,5131,0.46,True,9.287478814003407
0,40.28655791244659,611,0,,0.465026880943456,1.674348465003277,dstar_lite,False,0,0,404,1725,502,0.02626107700052671,0,0.0,0.025736798001162242,True,1478,0,6,6,D,5132,0.44,True,3.7588346100019407
0,37.707900211228726,570,0,,0.465026880943456,3.33486082699892,dstar_lite,False,0,0,6305,26671,459,0.1410115719991154,0,0.0,0.08873533800215228,True,2314,0,5,5,D,5133,0.4,True,4.8887949229974765
0,36.04879196285203,521,0,,0.465026880943456,0.686192426001071,dstar_lite,False,0,0,7000,28864,6500,0.14247297900146805,0,0.0,0.5397653410000203,True,47840,0,4,4,D,5134,0.4,True,1.2822085190018697
0,38.359891894939004,573,0,,0.465026880943456,1.487333803997899,dstar_lite,False,0,0,1440,6168,472,0.03681030200095847,0,0.0,0.04049508599928231,True,2413,0,7,7,D,5135,0.38,True,2.8453737419949903
0,36.38423169966094,529,0,,0.465026880943456,1.6150443059996178,dstar_lite,False,0,0,9307,38974,867,0.2058937750007317,0,0.0,0.132089831000485,True,4348,0,4,4,D,5136,0.44,True,2.2616348609954002
0,36.48380395567282,546,0,,0.465026880943456,1.3169361030013533,dstar_lite,False,0,0,1262,5426,381,0.04682766000041738,0,0.0,0.046436005002760794,True,2271,0,6,6,D,5137,0.41,True,2.8347428499982925
0,37.652944646414475,572,0,,0.465026880943456,3.2985615780016815,dstar_lite,False,0,0,7271,30195,2238,0.12391497999851708,0,0.0,0.18101792200104683,True,11013,0,4,4,D,5138,0.41,True,4.762574655003846
0,39.35162882727601,591,0,,0.465026880943456,2.379081925999344,dstar_lite,False,0,0,1826,7708,925,0.05944533499859972,0,0.0,0.08155532700038748,True,5087,0,6,6,D,5139,0.37,True,3.887517722996563
0,38.198980288706956,578,0,,0.465026880943456,2.020823767001275,dstar_lite,False,0,0,1753,7487,278,0.057900621999579016,0,0.0,0.04997032999744988,True,1696,0,6,6,D,5140,0.47,True,4.300072811998689
0,45.065968800657174,762,0,,0.47565743976100916,3.225735687999986,dstar_lite,False,0,0,1687,6936,1777,0.06565861399940331,0,0.0,0.07051203299852205,True,4585,0,9,9,D,5141,0.48,True,10.752314441997441
0,37.92270202600609,570,0,,0.4962358310319797,2.5582927569994354,dstar_lite,False,0,0,1098,4751,348,0.042983353003364755,0,0.0,0.034402443998260424,True,782,0,6,6,D,5142,0.42,True,4.473033680002118
0,38.090487313903196,590,0,,0.475657439761009,1.7864380779974454,dstar_lite,False,0,0,4563,19126,428,0.1024485830021149,0,0.0,0.06253478000144241,True,1834,0,5,5,D,5143,0.48,True,4.248872710995784
0,38.74638931403759,587,0,,0.465026880943456,1.0385896719999437,dstar_lite,False,0,0,1859,7982,778,0.0547748720018717,0,0.0,0.06637294499887503,True,3367,0,6,6,D,5144,0.5,True,3.1718845179966593
0,44.61799854621039,700,0,,0.475657439761009,4.5978038600005675,dstar_lite,False,0,0,8126,33139,52904,0.15613047499937238,0,0.0,4.4368857289991865,True,407165,0,6,6,D,5145,0.5,True,8.23468630199568
0,37.50083234084819,572,0,,0.475657439761009,5.498594658001821,dstar_lite,False,0,0,2152,9057,1111,0.07198945799973444,0,0.0,0.07359982599882642,True,3477,0,5,5,D,5146,0.38,True,6.6685698790061
0,35.75763966467536,529,0,,0.465026880943456,2.5056390239988104,dstar_lite,False,0,0,12803,52919,1151,0.2680300900028669,0,0.0,0.1615950170016731,True,7132,0,3,3,D,5147,0.45,True,3.3054645089978294
0,39.430598161256015,606,0,,0.475657439761009,1.938762271998712,dstar_lite,False,0,0,3925,16564,299,0.09261208699899726,0,0.0,0.05459332299869857,True,966,0,6,6,D,5148,0.47,True,4.6538023199937015
0,39.39443357314636,597,0,,0.4962358310319797,3.6373187559984217,dstar_lite,False,0,0,2682,11288,4336,0.08485069900052622,0,0.0,0.2585828559967922,True,20916,0,6,6,D,5149,0.41,True,5.667343442997662
0,35.72347842686822,520,0,,0.4962358310319797,0.8967948919998889,dstar_lite,False,0,0,6410,26834,55,0.12627384699953836,0,0.0,0.04400031700060936,True,63,0,5,5,D,5150,0.42,True,1.8146279950015014
0,41.12458571666708,614,0,,0.465026880943456,2.046607383999799,dstar_lite,False,0,0,2476,10373,1482,0.08106723200035049,0,0.0,0.12761161500020535,True,8972,0,6,6,D,5151,0.5,True,4.012110153998947
0,37.742324139801305,564,0,,0.465026880943456,1.7128420549997827,dstar_lite,False,0,0,3821,15887,19845,0.07496956900286023,0,0.0,1.6333376250004221,True,152686,0,3,3,D,5152,0.41,True,3.0979748200006725
0,41.68292311491321,647,0,,0.475657439761009,3.1529949370014947,dstar_lite,False,0,0,1040,4510,1161,0.03148241799863172,0,0.0,0.08640710200052126,True,6643,0,5,5,D,5153,0.4,True,6.471419680998224
0,38.28156076459047,568,0,,0.465026880943456,0.6170163520000642,dstar_lite,False,0,0,789,3370,39,0.03687478600113536,0,0.0,0.00888374599890085,True,39,0,8,8,D,5154,0.41,True,2.1279469260007318
0,36.79670076379819,555,0,,0.465026880943456,0.8073315719993843,dstar_lite,False,0,0,10675,44371,5461,0.22925989299983485,0,0.0,0.4069184870022582,True,29700,0,4,4,D,5155,0.43,True,2.8997261859985883
0,39.55086669491209,605,0,,0.475657439761009,1.3020727319999423,dstar_lite,False,0,0,4691,19259,6446,0.09757762399749481,0,0.0,0.522859509997943,True,45233,0,7,7,D,5156,0.47,True,3.6963813149995985
0,38.531992585189165,566,0,,0.465026880943456,1.2713182090010378,dstar_lite,False,0,0,1461,6167,1181,0.04341644400119549,0,0.0,0.06337182100105565,True,4703,0,4,4,D,5157,0.38,True,2.269153973003995
0,36.977322622561125,562,0,,0.465026880943456,1.1437846400003764,dstar_lite,False,0,0,7401,30595,236,0.15178616599951056,0,0.0,0.08132738899803371,True,520,0,6,6,D,5158,0.54,True,4.0222804410041135
0,40.06849237893322,625,0,,0.465026880943456,2.316814386002079,dstar_lite,False,0,0,7735,32256,1352,0.15619453199906275,0,0.0,0.14299309399939375,True,7343,0,6,6,D,5159,0.47,True,5.313087339003687
0,38.26340921612252,579,0,,0.465026880943456,1.5780128789992887,dstar_lite,False,0,0,8888,36403,600,0.15147714499835274,0,0.0,0.0653208010007802,True,1457,0,5,5,D,5160,0.48,True,3.8798701760060794
0,40.00432255374471,616,0,,0.465026880943456,1.6904484719998436,dstar_lite,False,0,0,3380,14061,675,0.11401978699723259,0,0.0,0.06350016400028835,True,2795,0,8,8,D,5161,0.39,True,4.212674079994031
0,39.95356089612081,606,0,,0.465026880943456,1.0359087429969804,dstar_lite,False,0,0,3969,16502,4140,0.07586255600108416,0,0.0,0.27693321500191814,True,22635,0,7,7,D,5162,0.33,True,2.3862399520039617
0,38.84758200608922,570,0,,0.465026880943456,2.188499932002742,dstar_lite,False,0,0,12562,52471,22300,0.22771276799903717,0,0.0,1.9565823479970277,True,173833,0,3,3,D,5163,0.5,True,3.2546115550030663
0,38.51205447635449,599,0,,0.475657439761009,5.518951340000058,dstar_lite,False,0,0,570,2504,663,0.023981162998097716,0,0.0,0.05079018099786481,True,2703,0,6,6,D,5164,0.37,True,7.215162308002618
0,38.2232342952557,568,0,,0.465026880943456,1.3158059970010072,dstar_lite,False,0,0,7241,30458,777,0.1547616690004361,0,0.0,0.10613463600020623,True,3488,0,4,4,D,5165,0.41,True,3.189887340002315
0,39.01469439903241,626,0,,0.475657439761009,1.8523935390003317,dstar_lite,False,0,0,7891,32194,4616,0.17623543000081554,0,0.0,0.24129519499911112,True,15638,0,7,7,D,5166,0.48,True,5.522123704005935
0,39.456004523694354,614,0,,0.465026880943456,1.9023865700000897,dstar_lite,False,0,0,431,1884,253,0.014210272998752771,0,0.0,0.01605769899833831,True,533,0,7,7,D,5167,0.44,True,4.671734915998968
0,37.4782733103113,555,0,,0.465026880943456,2.8306906149991846,dstar_lite,False,0,0,973,4207,1022,0.04635153699928196,0,0.0,0.09345854900311679,True,6731,0,6,6,D,5168,0.48,True,4.589492840994353
0,42.85135208346703,691,0,,0.465026880943456,2.9884067339989997,dstar_lite,False,0,0,351,1517,112,0.020631637002225034,0,0.0,0.015882157000305597,True,177,0,10,10,D,5169,0.43,True,9.952046957994753
0,36.646476477615415,537,0,,0.465026880943456,0.6944823660014663,dstar_lite,False,0,0,13878,57602,4309,0.2940986480025458,0,0.0,0.3982005509969895,True,27920,0,4,4,D,5170,0.38,True,1.6765864559965848
0,42.532510657775816,652,0,,0.475657439761009,12.084530494998035,dstar_lite,False,0,0,3489,14941,385,0.10215527800028212,0,0.0,0.0685624870020547,True,2065,0,5,5,D,5171,0.35,True,13.956910552002228
0,40.56044668732206,646,0,,0.465026880943456,1.6616256910019729,dstar_lite,False,0,0,1524,6467,528,0.05733301600048435,0,0.0,0.057557323001674376,True,1868,0,9,9,D,5172,0.53,True,5.897071538998716
0,40.304650779755185,626,0,,0.465026880943456,6.838255283000763,dstar_lite,False,0,0,4298,18436,1576,0.11144003699882887,0,0.0,0.12082407599882572,True,6063,0,7,7,D,5173,0.46,True,9.377987413001392
0,39.85326642436784,618,0,,0.465026880943456,1.5162142610024603,dstar_lite,False,0,0,4539,19305,7230,0.11422011899776408,0,0.0,0.5977203359980194,True,51410,0,7,7,D,5174,0.43,True,4.013374089998251
0,37.52231839632281,538,0,,0.465026880943456,0.5717236719974608,dstar_lite,False,0,0,1114,4761,11,0.046015134001208935,0,0.0,0.0147166879978613,True,11,0,5,5,D,5175,0.41,True,1.4813076780010306
0,36.79180869048343,549,0,,0.465026880943456,2.0930849659998785,dstar_lite,False,0,0,12206,50358,1418,0.2288084150022769,0,0.0,0.15514618800079916,True,6249,0,5,5,D,5176,0.41,True,3.5096294670001953
0,39.474356459397946,587,0,,0.465026880943456,3.5720729700005904,dstar_lite,False,0,0,863,3763,647,0.03531557800306473,0,0.0,0.04777994400137686,True,3411,0,6,6,D,5177,0.43,True,4.4008183520018065
0,36.69418778583073,541,0,,0.465026880943456,1.9115806500012695,dstar_lite,False,0,0,1697,7282,215,0.06585229399934178,0,0.0,0.022803259998909198,True,330,0,4,4,D,5178,0.38,True,2.9653366880047543
0,39.53511304804636,597,0,,0.465026880943456,2.9599970859999303,dstar_lite,False,0,0,12869,53502,797,0.2206245140005194,0,0.0,0.13768991799952346,True,3179,0,4,4,D,5179,0.38,True,5.388673952998943
0,38.453298033844455,555,0,,0.465026880943456,0.6200113599988981,dstar_lite,False,0,0,5601,23373,2325,0.12785252300091088,0,0.0,0.22594367700003204,True,17747,0,4,4,D,5180,0.47,True,1.4903214760051924
0,38.562476810407254,595,0,,0.465026880943456,1.0494129189974046,dstar_lite,False,0,0,944,4065,329,0.035282895998534514,0,0.0,0.029772065998258768,True,890,0,9,9,D,5181,0.47,True,3.7956115909983055
0,40.928297600849966,627,0,,0.465026880943456,4.938828614001977,dstar_lite,False,0,0,2039,8722,456,0.06219024600068224,0,0.0,0.062019761997362366,True,2529,0,5,5,D,5182,0.47,True,6.327438573000109
0,40.26983661690539,648,0,,0.465026880943456,3.385918990999926,dstar_lite,False,0,0,1064,4435,659,0.029409498998575145,0,0.0,0.04980057799912174,True,2588,0,7,7,D,5183,0.39,True,8.066641775996686
0,39.19148127863092,587,0,,0.475657439761009,2.6870529980005813,dstar_lite,False,0,0,6065,25428,1247,0.11324697300005937,0,0.0,0.12288107200220111,True,5971,0,4,4,D,5184,0.38,True,3.943745389999094
0,39.90088090896436,638,0,,0.465026880943456,1.876891413001431,dstar_lite,False,0,0,2955,12543,335,0.07114983300198219,0,0.0,0.05978816399874631,True,1975,0,7,7,D,5185,0.46,True,6.4003174919962476
0,37.692921876838035,546,0,,0.465026880943456,2.317913293998572,dstar_lite,False,0,0,7753,32659,1750,0.1523837860004278,0,0.0,0.23000084299928858,True,13549,0,2,2,D,5186,0.37,True,2.7046019089975744
0,37.70699917760789,575,0,,0.465026880943456,1.4068753270003072,dstar_lite,False,0,0,1993,8525,192,0.06737038199935341,0,0.0,0.03109627799858572,True,845,0,7,7,D,5187,0.42,True,3.6492547650013876
0,36.965485386415175,550,0,,0.465026880943456,1.5377880220003135,dstar_lite,False,0,0,1973,8517,336,0.04673032999926363,0,0.0,0.043283327999233734,True,1638,0,5,5,D,5188,0.44,True,2.9586755039999844
0,39.11205866259553,610,0,,0.465026880943456,2.356733038999664,dstar_lite,False,0,0,7752,32318,1845,0.17069499200079008,0,0.0,0.13653197700114106,True,6417,0,6,6,D,5189,0.55,True,6.242153786002746
0,40.76552051407905,616,0,,0.465026880943456,4.204868765998981,dstar_lite,False,0,0,1457,6283,903,0.05352892099836026,0,0.0,0.08221833300194703,True,5865,0,6,6,D,5190,0.42,True,6.048945206002827
0,37.95717969653671,589,0,,0.475657439761009,1.0664078609988792,dstar_lite,False,0,0,9956,41060,8684,0.1840275210015534,0,0.0,0.5115199840001878,True,40511,0,7,7,D,5191,0.46,True,4.236899256997276
0,40.05163659011013,601,0,,0.465026880943456,1.7399020029988606,dstar_lite,False,0,0,2995,12419,3638,0.08005723800306441,0,0.0,0.3226228820021788,True,27286,0,6,6,D,5192,0.38,True,4.38422364699727
0,39.76980752821456,617,0,,0.475657439761009,3.0825269389970344,dstar_lite,False,0,0,8518,35354,6369,0.1913174399996933,0,0.0,0.3821930930025701,True,28197,0,5,5,D,5193,0.38,True,6.620320733996778
0,38.19072824287294,568,0,,0.465026880943456,2.9154188580032496,dstar_lite,False,0,0,1624,6914,1157,0.06003352600237122,0,0.0,0.0772955100001127,True,4166,0,6,6,D,5194,0.48,True,4.236556966003263
0,38.814328981850366,619,0,,0.475657439761009,1.4865415810018021,dstar_lite,False,0,0,556,2404,327,0.022294647998933215,0,0.0,0.02942339999935939,True,1602,0,8,8,D,5195,0.42,True,4.627128183998138
0,37.38925086044039,560,0,,0.465026880943456,1.6963211879992741,dstar_lite,False,0,0,5442,22894,1957,0.1426598660000309,0,0.0,0.10805965499821468,True,5416,0,5,5,D,5196,0.43,True,3.6426357900018047
0,39.1894110936803,595,0,,0.465026880943456,1.9546388550006668,dstar_lite,False,0,0,3025,12849,3063,0.07484357899738825,0,0.0,0.24206360600146581,True,18686,0,8,8,D,5197,0.48,True,3.7292910210017
0,39.89777969757556,605,0,,0.475657439761009,1.5740909079977428,dstar_lite,False,0,0,1037,4481,899,0.04474280899739824,0,0.0,0.09674583099695155,True,6488,0,5,5,D,5198,0.44,True,3.810710210000252
0,36.56706689276161,534,0,,0.465026880943456,0.8795734310006083,dstar_lite,False,0,0,8521,35296,1396,0.19812804799948935,0,0.0,0.16101345700008096,True,9830,0,4,4,D,5199,0.43,True,1.8765810719996807
0,40.12000015450288,611,0,,0.465026880943456,4.38389603700125,dstar_lite,False,0,0,1215,5311,9,0.045635056998435175,0,0.0,0.026478824998775963,True,9,0,6,6,D,5200,0.41,True,5.344147242001782
0,42.654331875615384,687,0,,0.475657439761009,2.8120090760021412,dstar_lite,False,0,0,845,3602,451,0.04001113800040912,0,0.0,0.03680573299789103,True,1264,0,9,9,D,5201,0.51,True,7.01678589500807
0,41.04372615620601,628,0,,0.465026880943456,2.696496697000839,dstar_lite,False,0,0,4655,19376,3534,0.09949572700134013,0,0.0,0.2266758090008807,True,15804,0,7,7,D,5202,0.59,True,6.441318678000243
0,38.359198717968134,577,0,,0.465026880943456,0.8984535550007422,dstar_lite,False,0,0,4067,17152,2324,0.08043142700262251,0,0.0,0.16595766599857598,True,12759,0,5,5,D,5203,0.44,True,2.199123408005107
0,36.82752754183465,541,0,,0.465026880943456,2.217775454999355,dstar_lite,False,0,0,9865,41232,407,0.1832529950006574,0,0.0,0.08992384199882508,True,1365,0,4,4,D,5204,0.34,True,3.272397822998755
0,37.79762610005438,569,0,,0.465026880943456,3.636859665002703,dstar_lite,False,0,0,4614,19418,93,0.11081392300184234,0,0.0,0.05055091099711717,True,129,0,7,7,D,5205,0.53,True,5.580438193002919
0,41.415547746255726,658,0,,0.475657439761009,3.479861029998574,dstar_lite,False,0,0,7388,30268,6261,0.1939837939971767,0,0.0,0.319377658997837,True,23077,0,7,7,D,5206,0.45,True,7.386178567998286
0,39.47279707862149,616,0,,0.465026880943456,9.532240123997326,dstar_lite,False,0,0,4182,17324,1249,0.07624501499958569,0,0.0,0.08327556999938679,True,3175,0,7,7,D,5207,0.4,True,10.321236701998714
0,35.400723359184404,519,0,,0.465026880943456,0.6417931079995469,dstar_lite,False,0,0,2316,9608,2745,0.05556741300097201,0,0.0,0.19023824100077036,True,15787,0,4,4,D,5208,0.36,True,1.45244157200068
0,39.324876906939934,600,0,,0.475657439761009,1.8190908910000871,dstar_lite,False,0,0,452,1863,4948,0.020435693000763422,0,0.0,0.41558359899863717,True,37294,0,7,7,D,5209,0.43,True,3.489864506005688
0,38.07891597413448,565,0,,0.465026880943456,2.455884558999969,dstar_lite,False,0,0,8653,35711,803,0.19680589000199689,0,0.0,0.11524390900012804,True,3488,0,4,4,D,5210,0.51,True,4.06690810299915
0,38.886844991668305,599,0,,0.465026880943456,3.4999567230006505,dstar_lite,False,0,0,8638,36407,1103,0.19104076499934308,0,0.0,0.11875779800175223,True,3416,0,6,6,D,5211,0.41,True,5.53775890900215
0,38.39005657213156,585,0,,0.465026880943456,6.127765609002381,dstar_lite,False,0,0,6816,28533,386,0.12585582999963663,0,0.0,0.0734421309971367,True,1281,0,6,6,D,5212,0.4,True,8.596745792001457
0,37.81949636206976,572,0,,0.465026880943456,3.8553416639988427,dstar_lite,False,0,0,1891,8068,1062,0.05073967099815491,0,0.0,0.07645321800009697,True,5282,0,7,7,D,5213,0.45,True,5.129151919998549
0,45.42943733647165,744,0,,0.47565743976100916,3.4797262310021324,dstar_lite,False,0,0,3235,13493,324,0.07171089300027234,0,0.0,0.033789909997722134,True,617,0,7,7,D,5214,0.43,True,8.26026714800173
0,37.44333049235079,547,0,,0.465026880943456,1.3742143659983412,dstar_lite,False,0,0,10871,45063,384,0.19435770600102842,0,0.0,0.10460894900097628,True,2917,0,3,3,D,5215,0.4,True,2.6283973609970417
0,37.489456120503384,558,0,,0.465026880943456,3.7353307330013195,dstar_lite,False,0,0,3779,15867,1691,0.08471268599896575,0,0.0,0.16709368100055144,True,11315,0,4,4,D,5216,0.36,True,4.924494170998514
0,37.51829770886517,579,0,,0.465026880943456,1.1042842280003242,dstar_lite,False,0,0,8768,36200,1768,0.18360397100332193,0,0.0,0.13880056699781562,True,5571,0,6,6,D,5217,0.48,True,3.2782472250037245
0,40.74254613250526,618,0,,0.465026880943456,1.6844705959993007,dstar_lite,False,0,0,942,4095,898,0.04100186999858124,0,0.0,0.05909387199790217,True,3664,0,6,6,D,5218,0.44,True,4.642742139996699
0,38.326416566758354,597,0,,0.475657439761009,2.7687064329984423,dstar_lite,False,0,0,4877,20132,4260,0.1286289490017225,0,0.0,0.2537721410008089,True,18787,0,4,4,D,5219,0.38,True,5.281711879000795
0,37.96140182826962,582,0,,0.465026880943456,1.796294007999677,dstar_lite,False,0,0,7223,30125,1930,0.1643163779990573,0,0.0,0.1265613250034221,True,5661,0,5,5,D,5220,0.48,True,5.0619094139983645
0,39.672858199855035,609,0,,0.465026880943456,1.5110414890004904,dstar_lite,False,0,0,3075,12910,1098,0.08028398800161085,0,0.0,0.08211700399988331,True,5171,0,5,5,D,5221,0.48,True,3.889139408001938
0,39.42474437667079,596,0,,0.475657439761009,3.2766825669968966,dstar_lite,False,0,0,17712,73374,848,0.321977040002821,0,0.0,0.2019855180005834,True,5554,0,5,5,D,5222,0.4,True,6.133735489001992
0,41.59953075451704,632,0,,0.465026880943456,3.345613894998678,dstar_lite,False,0,0,1042,4548,559,0.04118166300031589,0,0.0,0.035244579001300735,True,1035,0,6,6,D,5223,0.47,True,7.0104457390007155
0,39.79631854355569,604,0,,0.465026880943456,1.6645049220023793,dstar_lite,False,0,0,3045,12720,1563,0.07486630999846966,0,0.0,0.1441022199978761,True,9946,0,6,6,D,5224,0.44,True,3.8087887310102815
0,36.53705090451822,541,0,,0.465026880943456,0.9169737920019543,dstar_lite,False,0,0,806,3529,167,0.04036600000108592,0,0.0,0.0329086029996688,True,1040,0,6,6,D,5225,0.42,True,2.8292320420005126
0,42.366014339714994,652,0,,0.475657439761009,3.7176084549973893,dstar_lite,False,0,0,1928,8287,386,0.07563527999809594,0,0.0,0.049449136000475846,True,1463,0,8,8,D,5226,0.55,True,6.088670964996709
0,38.609186695541844,597,0,,0.465026880943456,2.9538049069997214,dstar_lite,False,0,0,547,2378,28,0.03501851799956057,0,0.0,0.016618442001345102,True,28,0,8,8,D,5227,0.49,True,5.306168645998696
0,42.33209458118525,663,0,,0.465026880943456,8.18049456800145,dstar_lite,False,0,0,626,2666,430,0.02611115699983202,0,0.0,0.052528685999277513,True,2274,0,10,10,D,5228,0.47,True,12.331744803996116
0,40.23087117392392,617,0,,0.465026880943456,0.9997053290026088,dstar_lite,False,0,0,6060,25106,11960,0.1112093840019952,0,0.0,0.8856796469990513,True,79277,0,6,6,D,5229,0.41,True,3.4651894200105744
0,38.64684962026032,601,0,,0.465026880943456,2.086696320999181,dstar_lite,False,0,0,1567,6608,81,0.055636970999330515,0,0.0,0.03191637700001593,True,499,0,7,7,D,5230,0.47,True,4.699439998999878
0,38.72550729700671,594,0,,0.465026880943456,0.9342512519979209,dstar_lite,False,0,0,1853,7843,601,0.050756579999870155,0,0.0,0.040060205003101146,True,1481,0,8,8,D,5231,0.37,True,2.747310909002408
0,38.225436740969464,570,0,,0.465026880943456,2.79785824999999,dstar_lite,False,0,0,4623,19566,2308,0.14371498100081226,0,0.0,0.22602952099987306,True,17112,0,4,4,D,5232,0.43,True,3.9764043579962163
0,39.352411291324024,605,0,,0.465026880943456,2.140089941996848,dstar_lite,False,0,0,7517,31265,285,0.13309443999969517,0,0.0,0.07498657200267189,True,1603,0,5,5,D,5233,0.38,True,4.8839095029943564
0,38.37190574102069,582,0,,0.465026880943456,2.1867965089986683,dstar_lite,False,0,0,2966,12160,5573,0.06579827099994873,0,0.0,0.3564487410003494,True,30469,0,5,5,D,5234,0.44,True,3.7372064320006757
0,38.60803799995623,579,0,,0.465026880943456,4.125102023001091,dstar_lite,False,0,0,6518,27190,2159,0.15966428200044902,0,0.0,0.19964893799988204,True,12432,0,5,5,D,5235,0.37,True,5.931630060003954
0,37.246400186168046,559,0,,0.465026880943456,1.5384426620003069,dstar_lite,False,0,0,5297,22640,1634,0.12002428800042253,0,0.0,0.17171696399964276,True,10755,0,5,5,D,5236,0.43,True,3.9463946950018
0,44.1154560148113,698,0,,0.475657439761009,2.90826812999876,dstar_lite,False,0,0,3358,14206,759,0.08158562099924893,0,0.0,0.06648591300108819,True,2545,0,6,6,D,5237,0.48,True,8.959825658999762
0,38.03394126827386,559,0,,0.465026880943456,0.6647632269996393,dstar_lite,False,0,0,6160,25644,4585,0.1154189930020948,0,0.0,0.42397019600321073,True,33803,0,4,4,D,5238,0.37,True,1.7110050010051054
0,37.920747280918896,579,0,,0.465026880943456,1.991121742001269,dstar_lite,False,0,0,3720,15441,7842,0.10345668000081787,0,0.0,0.5735593819990754,True,48901,0,6,6,D,5239,0.49,True,3.46120841100128
0,40.8807730233936,646,0,,0.475657439761009,3.8217647269993904,dstar_lite,False,0,0,8420,34479,2620,0.21027695600059815,0,0.0,0.2186175999995612,True,12011,0,4,4,D,5240,0.45,True,8.573277819003124
0,37.10721131511891,555,0,,0.465026880943456,1.112813642997935,dstar_lite,False,0,0,451,1967,1038,0.027105499000754207,0,0.0,0.08598418299879995,True,6489,0,6,6,D,5241,0.42,True,2.2773896239996247
0,38.893178551985834,595,0,,0.465026880943456,3.1239941509993514,dstar_lite,False,0,0,7009,29428,1029,0.16613126300217118,0,0.0,0.10984320999705233,True,3233,0,5,5,D,5242,0.39,True,6.396133816997462
0,38.674263276043774,588,0,,0.475657439761009,1.9105201439997472,dstar_lite,False,0,0,10936,44714,1241,0.19234957300068345,0,0.0,0.10174529099822394,True,3681,0,5,5,D,5243,0.4,True,4.010038957996585
0,39.519367666040644,605,0,,0.465026880943456,1.659979937998287,dstar_lite,False,0,0,7071,28798,3679,0.17440467399865156,0,0.0,0.22740936600166606,True,15634,0,8,8,D,5244,0.5,True,4.021539578003285
0,40.64888014311734,633,0,,0.475657439761009,2.6048245649981254,dstar_lite,False,0,0,14180,58180,4700,0.3141687169991201,0,0.0,0.27069295900219004,True,15582,0,4,4,D,5245,0.5,True,4.992129730999295
0,37.75370141786814,582,0,,0.475657439761009,0.985001511999144,dstar_lite,False,0,0,7887,32524,12313,0.13194258300063666,0,0.0,0.8495418109996535,True,74438,0,5,5,D,5246,0.44,True,3.6093218839996553
0,42.91049100119888,661,0,,0.4962358310319797,9.924068817999796,dstar_lite,False,0,0,5185,21675,1351,0.13109014699875843,0,0.0,0.17270737999933772,True,8154,0,8,8,D,5247,0.52,True,12.333039140990877
0,39.09781468559852,613,0,,0.475657439761009,2.172968018003303,dstar_lite,False,0,0,639,2806,393,0.03126220100239152,0,0.0,0.035654571998748,True,1569,0,7,7,D,5248,0.47,True,4.904111651005223
0,38.97700967532655,608,0,,0.465026880943456,3.5717204749998928,dstar_lite,False,0,0,690,2957,307,0.03520544999992126,0,0.0,0.043189406002056785,True,1643,0,7,7,D,5249,0.5,True,7.950298017000023
0,36.75989168721159,556,0,,0.475657439761009,3.255948294998234,dstar_lite,False,0,0,1736,7359,418,0.06348249800066696,0,0.0,0.048784786002215696,True,1192,0,6,6,D,5250,0.38,True,5.088799902998289
0,37.89631701851442,576,0,,0.465026880943456,3.323320269002579,dstar_lite,False,0,0,265,1149,352,0.011076119997596834,0,0.0,0.027129382000566693,True,1623,0,7,7,D,5251,0.35,True,5.185465328002465
0,39.4684604056132,614,0,,0.475657439761009,4.420545283002866,dstar_lite,False,0,0,7334,30502,547,0.14517747399804648,0,0.0,0.07789704799870378,True,2471,0,5,5,D,5252,0.5,True,8.639812935001828
0,39.26953302857357,601,0,,0.465026880943456,5.6174929269982385,dstar_lite,False,0,0,1401,5850,2628,0.0781289629994717,0,0.0,0.16093997999996645,True,9678,0,6,6,D,5253,0.45,True,7.90598238000166
0,39.46866120991678,600,0,,0.465026880943456,3.6887611290003406,dstar_lite,False,0,0,3253,13476,178,0.07197991999782971,0,0.0,0.04223809700124548,True,409,0,6,6,D,5254,0.45,True,5.605866264002543
0,41.36307245782449,638,0,,0.475657439761009,1.7812294729992573,dstar_lite,False,0,0,4516,18924,4720,0.09843746399928932,0,0.0,0.37206547299865633,True,29501,0,7,7,D,5255,0.39,True,3.7792859530018177
0,37.11619543680596,540,0,,0.4596194077712549,0.8618000520000351,dstar_lite,False,0,0,1022,4432,487,0.03547467600219534,0,0.0,0.037213149000308476,True,1592,0,5,5,D,5256,0.36,True,2.0330270450031094
0,38.83319946887874,595,0,,0.465026880943456,3.425145576999057,dstar_lite,False,0,0,2570,10772,350,0.07130850199973793,0,0.0,0.04667772200264153,True,1122,0,7,7,D,5257,0.41,True,5.7208595349911775
0,37.97502174795917,570,0,,0.465026880943456,1.548142948999157,dstar_lite,False,0,0,6352,26344,1995,0.1580174669979897,0,0.0,0.12851579999914975,True,6538,0,6,6,D,5258,0.5,True,3.276365096004156
0,42.932366085513756,682,0,,0.465026880943456,3.476989467999374,dstar_lite,False,0,0,335,1440,480,0.023518242996942718,0,0.0,0.047070710999832954,True,2231,0,10,10,D,5259,0.53,True,8.938069307994738
0,37.221169982237576,565,0,,0.465026880943456,1.6855243999998493,dstar_lite,False,0,0,1008,4370,111,0.04361688700009836,0,0.0,0.02354524499969557,True,591,0,8,8,D,5260,0.47,True,3.19930495400331
0,39.209308957402904,593,0,,0.465026880943456,3.107209445999615,dstar_lite,False,0,0,1529,6561,149,0.053522026999416994,0,0.0,0.027838058002089383,True,797,0,5,5,D,5261,0.42,True,4.389036847998796
0,38.53256495780791,592,0,,0.475657439761009,0.9662144409994653,dstar_lite,False,0,0,214,935,303,0.01477334800074459,0,0.0,0.021362242001487175,True,1089,0,6,6,D,5262,0.42,True,3.390789479995874
0,39.273284991581015,602,0,,0.465026880943456,2.785253037000075,dstar_lite,False,0,0,1496,6389,1012,0.0471591779969458,0,0.0,0.06956319099845132,True,3853,0,5,5,D,5263,0.38,True,6.15950692300612
0,37.80988840888804,580,0,,0.475657439761009,1.4603240149990597,dstar_lite,False,0,0,16703,68488,14341,0.2979837820021203,0,0.0,1.0479895879980177,True,83870,0,5,5,D,5264,0.42,True,3.2583747409953503
0,38.97755761125462,583,0,,0.465026880943456,3.6139924279996194,dstar_lite,False,0,0,1046,4485,1365,0.038142721001349855,0,0.0,0.08555083200189983,True,5706,0,5,5,D,5265,0.36,True,4.705631741999241
0,41.314177768640874,654,0,,0.475657439761009,4.100671169999259,dstar_lite,False,0,0,12003,49180,44768,0.25491095000325004,0,0.0,3.841235276999214,True,339311,0,4,4,D,5266,0.49,True,8.186399483001878
0,38.81168414864414,592,0,,0.465026880943456,2.4721874329989078,dstar_lite,False,0,0,3257,13837,289,0.0823107699980028,0,0.0,0.05321386200012057,True,837,0,6,6,D,5267,0.48,True,4.760556524001004
0,36.957444399569006,541,0,,0.465026880943456,1.0082976150006289,dstar_lite,False,0,0,3925,16480,75,0.08702984200135688,0,0.0,0.03908438099824707,True,101,0,5,5,D,5268,0.43,True,2.258929383002396
0,39.87106269394487,610,0,,0.465026880943456,4.584307023000292,dstar_lite,False,0,0,740,3172,776,0.036407043000508565,0,0.0,0.07730798800184857,True,4781,0,8,8,D,5269,0.51,True,9.463213351999002
0,41.411307560684975,657,0,,0.475657439761009,3.189953611999954,dstar_lite,False,0,0,3090,12930,6190,0.11340425299931667,0,0.0,0.3766212650007219,True,29350,0,7,7,D,5270,0.52,True,5.632145297990064
0,43.192270278449215,675,0,,0.475657439761009,5.602758940996864,dstar_lite,False,0,0,2312,9637,647,0.06365152199941804,0,0.0,0.049681954998959554,True,1587,0,7,7,D,5271,0.41,True,12.452095735996409
0,37.626194629986934,575,0,,0.4962358310319797,1.379127502998017,dstar_lite,False,0,0,1654,7073,1596,0.11753711600249517,0,0.0,0.13866077100101393,True,10026,0,6,6,D,5272,0.47,True,4.03886405799858
0,40.35057994359721,643,0,,0.475657439761009,2.899030828000832,dstar_lite,False,0,0,2502,10614,2197,0.0874795739982801,0,0.0,0.17528230099924258,True,12720,0,7,7,D,5273,0.56,True,6.259120993996476
0,38.286994959946234,587,0,,0.465026880943456,1.6816706290010188,dstar_lite,False,0,0,2762,11579,3289,0.09696051200080547,0,0.0,0.22518891500294558,True,16196,0,7,7,D,5274,0.52,True,4.970063698001468
0,37.35723812422622,565,0,,0.465026880943456,0.9795602739977767,dstar_lite,False,0,0,5310,22325,1102,0.14270704199952888,0,0.0,0.1423194679991866,True,7758,0,5,5,D,5275,0.48,True,3.548244956997223
0,41.38475616214234,632,0,,0.475657439761009,2.442188693999924,dstar_lite,False,0,0,2157,9082,553,0.09014834800109384,0,0.0,0.05155710500184796,True,1629,0,7,7,D,5276,0.55,True,5.237516827000945
0,36.47403441318908,553,0,,0.465026880943456,0.9764371360033692,dstar_lite,False,0,0,1714,7412,10,0.06268483100211597,0,0.0,0.028361968998069642,True,10,0,6,6,D,5277,0.49,True,3.0519035770012124
0,38.944639645988666,593,0,,0.465026880943456,0.8826220520022616,dstar_lite,False,0,0,4890,20547,6366,0.11861696499909158,0,0.0,0.49248914100098773,True,40272,0,7,7,D,5278,0.43,True,2.7044941049935005
0,36.651003366517806,541,0,,0.465026880943456,0.903446944001189,dstar_lite,False,0,0,5680,23233,1050,0.13401202599925455,0,0.0,0.10635441400154377,True,6072,0,7,7,D,5279,0.45,True,2.3239539169990167
0,36.352541021607415,541,0,,0.465026880943456,0.7854666560015175,dstar_lite,False,0,0,5770,24331,2478,0.12574634699922171,0,0.0,0.21268282299934071,True,14124,0,5,5,D,5280,0.36,True,1.9921663280038047
0,39.96548854961489,610,0,,0.4962358310319797,2.5709006690012757,dstar_lite,False,0,0,1148,4854,257,0.031926562998705776,0,0.0,0.01964789799967548,True,337,0,8,8,D,5281,0.44,True,4.4595959770013
0,38.410250941503996,579,0,,0.465026880943456,3.9518445290013915,dstar_lite,False,0,0,1761,7456,1066,0.050828603001718875,0,0.0,0.08709523799916497,True,6000,0,5,5,D,5282,0.45,True,5.323343140003999
0,39.086212156004024,603,0,,0.475657439761009,1.9782389499996498,dstar_lite,False,0,0,8662,35506,12388,0.15323696699852007,0,0.0,0.9490581520003616,True,80211,0,5,5,D,5283,0.42,True,4.306432263994793
0,39.711920375210646,607,0,,0.465026880943456,1.809502894000616,dstar_lite,False,0,0,5822,24647,1242,0.1619697400019504,0,0.0,0.12409750699953292,True,5748,0,5,5,D,5284,0.47,True,4.084823735996906
0,40.01571574546729,621,0,,0.475657439761009,3.5664653289968555,dstar_lite,False,0,0,112,476,235,0.014946162998967338,0,0.0,0.01962930899753701,True,1002,0,6,6,D,5285,0.46,True,6.113553634004347
0,36.91804981187915,544,0,,0.465026880943456,1.5743570790000376,dstar_lite,False,0,0,11392,47489,3,0.2576146419996803,0,0.0,0.08834057299827691,True,3,0,4,4,D,5286,0.44,True,2.5930847130002803
0,39.732190188252,627,0,,0.465026880943456,1.569801711000764,dstar_lite,False,0,0,2152,9053,932,0.05551431200001389,0,0.0,0.10291593900183216,True,6224,0,7,7,D,5287,0.43,True,5.1150253800042265
0,40.063272879584275,626,0,,0.475657439761009,1.661786407999898,dstar_lite,False,0,0,2120,8838,1817,0.06694855900059338,0,0.0,0.11618202899990138,True,7489,0,7,7,D,5288,0.42,True,4.768461365994881
0,38.58885352008422,595,0,,0.465026880943456,1.636040477998904,dstar_lite,False,0,0,904,3937,816,0.038408892000006745,0,0.0,0.08254402300008223,True,5694,0,7,7,D,5289,0.4,True,4.412989527998434
0,40.4080327314511,621,0,,0.475657439761009,3.7852996610017726,dstar_lite,False,0,0,7010,28815,7472,0.1607057889996213,0,0.0,0.46704239799873903,True,33806,0,6,6,D,5290,0.45,True,6.094508869002311
0,42.92698051156615,657,0,,0.465026880943456,2.232426091999514,dstar_lite,False,0,0,1978,8168,2433,0.09900571099933586,0,0.0,0.13268859799791244,True,9634,0,6,6,D,5291,0.42,True,4.311119444995711
0,37.1118479211488,565,0,,0.465026880943456,5.265100755997992,dstar_lite,False,0,0,3584,15191,250,0.09470629499992356,0,0.0,0.06325601199932862,True,1026,0,7,7,D,5292,0.48,True,6.487851915000647
0,38.55998122827567,572,0,,0.465026880943456,1.4192371380013356,dstar_lite,False,0,0,2424,10043,1316,0.09384180400229525,0,0.0,0.11013655300121172,True,6713,0,6,6,D,5293,0.43,True,2.662437739007146
0,40.23293891309035,596,0,,0.465026880943456,5.525263800001994,dstar_lite,False,0,0,1173,4965,931,0.044452497000747826,0,0.0,0.0598139040012029,True,3088,0,5,5,D,5294,0.4,True,6.282812233999721
0,37.89239604585163,558,0,,0.465026880943456,0.6934645229994203,dstar_lite,False,0,0,5321,22306,3836,0.10305523199713207,0,0.0,0.32533055000021704,True,26106,0,5,5,D,5295,0.33,True,2.078562481998233
0,38.440279349746525,575,0,,0.465026880943456,1.6988837900025828,dstar_lite,False,0,0,671,2769,1268,0.04084556700036046,0,0.0,0.07209345899900654,True,5410,0,6,6,D,5296,0.57,True,3.2296965630011982
0,36.8738251733403,546,0,,0.465026880943456,2.009915679002006,dstar_lite,False,0,0,3169,13711,508,0.0824462959972152,0,0.0,0.05311807399993995,True,2132,0,4,4,D,5297,0.38,True,3.1663456550013507
0,37.89908653884155,572,0,,0.465026880943456,0.8759625249986129,dstar_lite,False,0,0,2476,10490,1011,0.07398265699885087,0,0.0,0.08555885500027216,True,4728,0,6,6,D,5298,0.46,True,3.5746758099958242
0,37.90959388740878,550,0,,0.465026880943456,0.8174770970035752,dstar_lite,False,0,0,7292,29937,46,0.18117952399916248,0,0.0,0.048726991000876296,True,307,0,5,5,D,5299,0.4,True,1.5394808960045339
0,39.98199016063544,627,0,,0.465026880943456,2.6078174610011047,dstar_lite,False,0,0,3577,15241,274,0.11607909200029098,0,0.0,0.053559687999950256,True,958,0,7,7,D,5300,0.59,True,6.34224176600037
0,38.4331546855613,579,0,,0.465026880943456,0.9953008949996729,dstar_lite,False,0,0,2607,11042,6422,0.07163077500081272,0,0.0,0.5433678989975306,True,45647,0,4,4,D,5301,0.46,True,2.6764865840050334
0,39.74671967035568,607,0,,0.465026880943456,3.6887579370013555,dstar_lite,False,0,0,1240,5254,9203,0.04868296700078645,0,0.0,0.7953915760008385,True,68494,0,5,5,D,5302,0.41,True,5.849857082997914
0,37.81394359475009,579,0,,0.465026880943456,4.59499944900017,dstar_lite,False,0,0,3432,14593,1230,0.07988907300023129,0,0.0,0.10047422999923583,True,5477,0,6,6,D,5303,0.43,True,6.010986550998496
0,38.10462473191402,557,0,,0.465026880943456,2.0582730419992004,dstar_lite,False,0,0,2353,9988,299,0.05034405699916533,0,0.0,0.031742189999931725,True,929,0,5,5,D,5304,0.33,True,3.4304824419996294
0,37.28529254381909,564,0,,0.465026880943456,1.3031586069992045,dstar_lite,False,0,0,764,3311,789,0.03200202300286037,0,0.0,0.06060422099835705,True,4050,0,7,7,D,5305,0.44,True,3.0349590349942446
0,37.378017402636665,568,0,,0.465026880943456,1.1192217179996078,dstar_lite,False,0,0,2552,10636,3477,0.06061005800074781,0,0.0,0.2511832989985123,True,20272,0,7,7,D,5306,0.38,True,2.795294866005861
0,40.676492030548,630,0,,0.465026880943456,1.5260840209994058,dstar_lite,False,0,0,3220,13689,1067,0.10580627899980755,0,0.0,0.12033531499764649,True,6060,0,7,7,D,5307,0.49,True,4.728553563993046
0,42.19155883706396,642,0,,0.465026880943456,8.316898135999509,dstar_lite,False,0,0,1977,8522,647,0.08713751500181388,0,0.0,0.06574897999962559,True,2960,0,5,5,D,5308,0.44,True,9.492842913998174
0,38.19626628200883,581,0,,0.465026880943456,4.024725031998969,dstar_lite,False,0,0,8502,34847,1035,0.1392182950003189,0,0.0,0.10396242000206257,True,4862,0,6,6,D,5309,0.55,True,6.829556398999557
0,40.60523478366842,624,0,,0.475657439761009,3.8859801380021963,dstar_lite,False,0,0,6104,25496,1419,0.1489614120000624,0,0.0,0.0914528089997475,True,3301,0,5,5,D,5310,0.47,True,6.107823364000069
0,39.530891374726274,608,0,,0.465026880943456,3.651385740002297,dstar_lite,False,0,0,772,3395,252,0.047459452998737106,0,0.0,0.0478573239997786,True,1129,0,6,6,D,5311,0.47,True,7.2105983729998115
0,37.12685620512032,568,0,,0.475657439761009,1.7424044510007661,dstar_lite,False,0,0,9796,40546,8284,0.21293131499987794,0,0.0,0.5020897569993394,True,38139,0,5,5,D,5312,0.52,True,3.9615125070013164
0,39.582273132852116,598,0,,0.465026880943456,2.824417075000383,dstar_lite,False,0,0,4703,19583,842,0.13767567800096003,0,0.0,0.09837497500120662,True,4061,0,6,6,D,5313,0.44,True,6.670815478995792
0,37.86313310677554,578,0,,0.465026880943456,3.066129307000665,dstar_lite,False,0,0,1251,5285,1817,0.06097568699988187,0,0.0,0.14269973399859737,True,10128,0,5,5,D,5314,0.42,True,4.787554571998044
0,40.106062676571746,607,0,,0.465026880943456,2.0576452919995063,dstar_lite,False,0,0,5116,21628,1770,0.12098113899992313,0,0.0,0.13527809199877083,True,7013,0,6,6,D,5315,0.36,True,4.611840446003043
0,38.24338705189174,595,0,,0.465026880943456,1.5614929080002184,dstar_lite,False,0,0,3044,12718,2480,0.08210401500036824,0,0.0,0.1320601249972242,True,8482,0,6,6,D,5316,0.44,True,3.7013570250055636
0,37.03600208220937,562,0,,0.465026880943456,1.1650333920006233,dstar_lite,False,0,0,1627,6738,1136,0.05351826900005108,0,0.0,0.061441580997779965,True,3656,0,7,7,D,5317,0.46,True,2.9111589650019596
0,38.281549084030566,579,0,,0.465026880943456,4.311826889999793,dstar_lite,False,0,0,2237,9475,2260,0.08745085600094171,0,0.0,0.21845944599772338,True,15957,0,4,4,D,5318,0.48,True,5.686936920003063
0,38.699057808975915,595,0,,0.465026880943456,2.0934598130006634,dstar_lite,False,0,0,1613,6829,705,0.055685465998976724,0,0.0,0.06538329300019541,True,3127,0,6,6,D,5319,0.41,True,4.953834802996425
0,40.08122193489541,621,0,,0.475657439761009,2.1331425969983684,dstar_lite,False,0,0,2084,8774,3400,0.06504678100100136,0,0.0,0.251204724998388,True,19584,0,6,6,D,5320,0.37,True,4.366507282000384
0,38.27720508748552,576,0,,0.465026880943456,0.9075090789992828,dstar_lite,False,0,0,4202,17191,5884,0.09531730500020785,0,0.0,0.3896869300006074,True,30841,0,7,7,D,5321,0.51,True,3.2755594789996394
0,39.14849218826807,579,0,,0.465026880943456,1.3668314469978213,dstar_lite,False,0,0,1882,8017,1260,0.051329121000890154,0,0.0,0.09571676799896522,True,6952,0,4,4,D,5322,0.36,True,2.5295245639972563
0,39.83379612041698,620,0,,0.475657439761009,2.3003522209983203,dstar_lite,False,0,0,365,1606,266,0.017578414001036435,0,0.0,0.022905542002263246,True,955,0,8,8,D,5323,0.41,True,6.734224825999263
0,38.01712411060702,568,0,,0.465026880943456,3.105228648000775,dstar_lite,False,0,0,563,2472,104,0.026452416997926775,0,0.0,0.019964782997703878,True,630,0,5,5,D,5324,0.48,True,5.169935262998479
0,40.158346350458835,610,0,,0.465026880943456,4.087827261999337,dstar_lite,False,0,0,7558,31345,308,0.14252665000094566,0,0.0,0.0768669270000828,True,1534,0,7,7,D,5325,0.49,True,6.972544392996497
0,40.609330715797206,618,0,,0.465026880943456,1.4353331689999322,dstar_lite,False,0,0,274,1186,475,0.01570230899960734,0,0.0,0.0364272280021396,True,2608,0,8,8,D,5326,0.39,True,3.3560989719953795
0,38.87714436069369,602,0,,0.475657439761009,2.453502791999199,dstar_lite,False,0,0,4473,18901,1010,0.10772728599840775,0,0.0,0.11813801400057855,True,6805,0,6,6,D,5327,0.49,True,5.089204766994953
0,42.50716995690402,677,0,,0.475657439761009,2.7691514789985376,dstar_lite,False,0,0,1735,7282,1088,0.05274185700181988,0,0.0,0.0742146970005706,True,4142,0,8,8,D,5328,0.47,True,8.053302357995562
0,41.14310456627607,636,0,,0.465026880943456,5.284712488999503,dstar_lite,False,0,0,2394,10085,865,0.07224694999968051,0,0.0,0.09638192399870604,True,3084,0,7,7,D,5329,0.46,True,8.795651764001377
0,42.94795874784403,681,0,,0.475657439761009,3.546262466999906,dstar_lite,False,0,0,3170,13271,28789,0.08390444600081537,0,0.0,2.5902125840002554,True,224441,0,7,7,D,5330,0.43,True,8.473984855005256
0,38.4449782799257,582,0,,0.465026880943456,2.5964616919991386,dstar_lite,False,0,0,3375,14337,328,0.07436927900198498,0,0.0,0.05191967000064324,True,1346,0,5,5,D,5331,0.36,True,4.453308487998584
0,39.707840045735296,650,0,,0.475657439761009,2.8221324750011263,dstar_lite,False,0,0,1437,6075,4916,0.07616445200255839,0,0.0,0.4565539600007469,True,38251,0,6,6,D,5332,0.51,True,5.984575405000214
0,40.2198273581071,605,0,,0.465026880943456,1.6290275520004798,dstar_lite,False,0,0,1728,7362,1310,0.05827570100154844,0,0.0,0.08717301399883581,True,5615,0,6,6,D,5333,0.4,True,3.1223098460031906
0,39.480250326358814,626,0,,0.475657439761009,2.756441043999075,dstar_lite,False,0,0,4753,19667,7183,0.10208283199972357,0,0.0,0.4909820610009774,True,40767,0,7,7,D,5334,0.45,True,5.106193559993699
0,36.67985261310712,539,0,,0.465026880943456,2.2588247779967787,dstar_lite,False,0,0,8279,34543,270,0.17037568999876385,0,0.0,0.06707583299794351,True,860,0,4,4,D,5335,0.31,True,2.8872784879968094
0,37.6060750928986,572,0,,0.465026880943456,1.586687285998778,dstar_lite,False,0,0,1892,7929,3300,0.052283288998296484,0,0.0,0.24766955000086455,True,20022,0,6,6,D,5336,0.44,True,2.9733324059961888
0,39.28938272545634,597,0,,0.465026880943456,2.063623469999584,dstar_lite,False,0,0,2931,12246,685,0.08304923800096731,0,0.0,0.06108259100074065,True,2455,0,6,6,D,5337,0.45,True,4.138789687996905
0,38.2024135122877,575,0,,0.465026880943456,2.100591517002613,dstar_lite,False,0,0,756,3229,1191,0.032821066000906285,0,0.0,0.08531250300075044,True,6337,0,5,5,D,5338,0.46,True,3.579100881001068
0,41.849658059783856,654,0,,0.465026880943456,5.242560513001081,dstar_lite,False,0,0,2477,10477,2015,0.09123626599830459,0,0.0,0.11719770800118567,True,6592,0,6,6,D,5339,0.5,True,7.941739330995915
0,41.73276259395526,670,0,,0.475657439761009,1.6373345560023154,dstar_lite,False,0,0,7693,31297,19113,0.1594708080010605,0,0.0,1.467397674001404,True,126393,0,5,5,D,5340,0.43,True,6.154489883003407
0,38.35453623870347,599,0,,0.465026880943456,2.449579833999451,dstar_lite,False,0,0,3353,14203,941,0.07611358199937968,0,0.0,0.0799494759994559,True,4028,0,7,7,D,5341,0.48,True,5.189844511998672
0,39.80924358768358,613,0,,0.475657439761009,1.3720313499979966,dstar_lite,False,0,0,10632,43507,11104,0.2668443090005894,0,0.0,0.8413196879992029,True,68439,0,5,5,D,5342,0.41,True,3.9219016610004473
0,38.26603566879508,592,0,,0.465026880943456,2.188886623000144,dstar_lite,False,0,0,1307,5468,962,0.05932590000156779,0,0.0,0.08337940400087973,True,5930,0,7,7,D,5343,0.29,True,5.0191116650057666
0,38.690884045067044,595,0,,0.465026880943456,5.294381129999238,dstar_lite,False,0,0,2324,9728,101,0.0699540870009514,0,0.0,0.03568313600044348,True,101,0,7,7,D,5344,0.41,True,7.336650256995199
0,38.207097184392715,572,0,,0.465026880943456,1.6974103520005883,dstar_lite,False,0,0,1869,8032,127,0.05056144500122173,0,0.0,0.029153524999856018,True,828,0,6,6,D,5345,0.39,True,3.9084838510025293
0,40.79258033881089,636,0,,0.475657439761009,2.8237801540017244,dstar_lite,False,0,0,14940,61168,31466,0.2616739650002273,0,0.0,2.5578972049988806,True,220468,0,5,5,D,5346,0.42,True,5.513275452005473
0,42.277389119713426,649,0,,0.465026880943456,2.7849483250029152,dstar_lite,False,0,0,3117,13257,84,0.08139304400174296,0,0.0,0.043569897999987006,True,84,0,6,6,D,5347,0.55,True,7.13022106000426
0,37.63013924614129,564,0,,0.465026880943456,2.1815043719980167,dstar_lite,False,0,0,6628,27814,309,0.14155936499810196,0,0.0,0.06674479999855976,True,1678,0,7,7,D,5348,0.47,True,3.659317376001127
0,39.80999708312953,622,0,,0.475657439761009,3.430702763998852,dstar_lite,False,0,0,13384,54513,27224,0.21833380599855445,0,0.0,2.177212950999092,True,188189,0,5,5,D,5349,0.45,True,6.52749911799765
0,40.56419886598177,615,0,,0.465026880943456,3.826776988000347,dstar_lite,False,0,0,856,3587,801,0.045208608000393724,0,0.0,0.05370350600060192,True,2838,0,7,7,D,5350,0.41,True,6.306962229005876
0,43.55473113418601,661,0,,0.465026880943456,7.9111256709984445,dstar_lite,False,0,0,2648,10933,1462,0.06791291199988336,0,0.0,0.08236892499917303,True,3532,0,7,7,D,5351,0.46,True,9.995640962002653
0,39.446172117907295,634,0,,0.475657439761009,2.280236132999562,dstar_lite,False,0,0,7626,31078,17410,0.18296460800047498,0,0.0,1.3170690070001,True,113657,0,6,6,D,5352,0.42,True,5.213809286000469
0,38.146034037975504,570,0,,0.465026880943456,0.6736452910008666,dstar_lite,False,0,0,1153,4846,529,0.042457298000954324,0,0.0,0.044682486997771775,True,1776,0,6,6,D,5353,0.44,True,2.6148257449967787
0,39.32012331155065,594,0,,0.465026880943456,1.915395788000751,dstar_lite,False,0,0,9076,37511,4266,0.17237569699864252,0,0.0,0.39125174500077264,True,28839,0,5,5,D,5354,0.42,True,3.701081609000539
0,38.2706267572268,579,0,,0.465026880943456,4.322673840000789,dstar_lite,False,0,0,993,4264,2945,0.04513251699972898,0,0.0,0.2704172740013746,True,21247,0,6,6,D,5355,0.39,True,6.044144460996904
0,40.30063554492587,627,0,,0.475657439761009,1.1483698310003092,dstar_lite,False,0,0,4321,17954,689,0.09198413599733613,0,0.0,0.07060240200007684,True,2598,0,7,7,D,5356,0.41,True,3.75014948000171
0,39.40518531962493,587,0,,0.465026880943456,1.8790569199991296,dstar_lite,False,0,0,4016,16852,311,0.10579662199961604,0,0.0,0.05203159499797039,True,1278,0,5,5,D,5357,0.44,True,3.1288480010007333
0,40.396897498504835,616,0,,0.465026880943456,1.781758044999151,dstar_lite,False,0,0,4127,17315,2375,0.09121370299908449,0,0.0,0.15708784899834427,True,9212,0,6,6,D,5358,0.37,True,3.5851730379981746
0,40.42412963610877,644,0,,0.475657439761009,2.2351770649984246,dstar_lite,False,0,0,1125,4772,14262,0.09244720200149459,0,0.0,1.2768586640013382,True,113384,0,6,6,D,5359,0.51,True,5.675021115999698
0,37.68106304634025,552,0,,0.465026880943456,0.7054949659977865,dstar_lite,False,0,0,6099,25861,536,0.14850515199941583,0,0.0,0.08470479600146064,True,2372,0,5,5,D,5360,0.48,True,1.988982158996805
0,36.76316980734314,544,0,,0.465026880943456,1.4146243889990728,dstar_lite,False,0,0,1244,5299,444,0.065114173998154,0,0.0,0.04154647600080352,True,1260,0,4,4,D,5361,0.36,True,2.630151351004315
0,36.739423961151296,562,0,,0.465026880943456,0.9211549850006122,dstar_lite,False,0,0,2998,12509,866,0.06935361199793988,0,0.0,0.07665368300149566,True,3725,0,7,7,D,5362,0.34,True,2.990278142002353
0,39.04655674752908,611,0,,0.475657439761009,2.344088310997904,dstar_lite,False,0,0,1554,6679,158,0.0451443689998996,0,0.0,0.06361560199729865,True,937,0,7,7,D,5363,0.43,True,6.002383089999057
0,38.83524965110548,604,0,,0.465026880943456,4.135833840999112,dstar_lite,False,0,0,2869,12134,698,0.07807936099925428,0,0.0,0.06043986800068524,True,2133,0,6,6,D,5364,0.49,True,6.594247409997479
0,38.97381348215367,604,0,,0.475657439761009,2.1378939489986806,dstar_lite,False,0,0,1538,6643,1052,0.046703692998562474,0,0.0,0.07304770499831648,True,4269,0,6,6,D,5365,0.41,True,6.070290355000907
0,41.73528803941322,658,0,,0.475657439761009,6.6875590620002185,dstar_lite,False,0,0,1174,4853,223,0.0448825109997415,0,0.0,0.020119938999414444,True,1002,0,5,5,D,5366,0.38,True,9.765459971997188
0,40.78381238345031,634,0,,0.475657439761009,2.897310939999443,dstar_lite,False,0,0,1545,6568,19081,0.05886903999999049,0,0.0,1.662461299001734,True,147174,0,5,5,D,5367,0.44,True,7.763932375000877
0,42.8401239877952,661,0,,0.465026880943456,10.267203665000125,dstar_lite,False,0,0,3942,16545,2076,0.1209625049996248,0,0.0,0.1713891209983558,True,9895,0,6,6,D,5368,0.4,True,13.044432780003262
0,39.484738017125565,595,0,,0.465026880943456,1.830815690998861,dstar_lite,False,0,0,4207,17839,732,0.122749965001276,0,0.0,0.10225639000054798,True,4396,0,6,6,D,5369,0.46,True,4.55410375000065
0,38.836604130012574,602,0,,0.475657439761009,3.4075328819999413,dstar_lite,False,0,0,9164,38174,6546,0.21959135600263835,0,0.0,0.44833951300097397,True,33575,0,4,4,D,5370,0.39,True,5.681032418000541
0,37.44614614333472,576,0,,0.4962358310319797,2.3408553289991687,dstar_lite,False,0,0,4379,18416,178,0.11499060300047859,0,0.0,0.05198981899957289,True,307,0,7,7,D,5371,0.45,True,4.871139419003157
0,41.43761367820536,652,0,,0.465026880943456,2.169986955999775,dstar_lite,False,0,0,903,3847,987,0.04662186399946222,0,0.0,0.07949454100162257,True,5675,0,9,9,D,5372,0.4,True,5.773117089989682
0,39.66060469317766,615,0,,0.475657439761009,2.2564556199977233,dstar_lite,False,0,0,9271,38307,5714,0.1742408930003876,0,0.0,0.35263133099942934,True,24458,0,6,6,D,5373,0.41,True,4.347126377997483
0,41.86309172078868,651,0,,0.465026880943456,5.803561164997518,dstar_lite,False,0,0,1420,6129,424,0.0525163469974359,0,0.0,0.05377573300211225,True,2178,0,8,8,D,5374,0.44,True,9.642276968988881
0,39.3914432190742,587,0,,0.465026880943456,0.880737647999922,dstar_lite,False,0,0,2793,11619,87,0.08071150599789689,0,0.0,0.025984481002524262,True,87,0,7,7,D,5375,0.45,True,2.7864354039993486
0,39.519382863223555,612,0,,0.475657439761009,4.95383572100036,dstar_lite,False,0,0,6659,27065,7905,0.21088120399872423,0,0.0,0.4345134750001307,True,28530,0,6,6,D,5376,0.48,True,7.79749028099468
0,38.783602167704636,580,0,,0.465026880943456,1.3943923529986932,dstar_lite,False,0,0,1391,5910,725,0.05422725699827424,0,0.0,0.05606924899984733,True,2315,0,6,6,D,5377,0.5,True,3.20251265099796
0,39.63934296008749,628,0,,0.475657439761009,3.871038151999528,dstar_lite,False,0,0,7124,29292,5866,0.14618789599990123,0,0.0,0.28869868899710127,True,21086,0,6,6,D,5378,0.37,True,6.9601179779965605
0,37.37257764266864,562,0,,0.465026880943456,3.0138496510007826,dstar_lite,False,0,0,10550,43186,3408,0.2110525520001829,0,0.0,0.2807159160001902,True,18602,0,5,5,D,5379,0.41,True,4.608433861001686
0,39.121883981384464,601,0,,0.465026880943456,2.2406042980001075,dstar_lite,False,0,0,1823,7674,2507,0.05370492200017907,0,0.0,0.16417829600322875,True,12488,0,7,7,D,5380,0.49,True,6.236757456998021
0,38.595570295484556,583,0,,0.465026880943456,2.089896089000831,dstar_lite,False,0,0,3077,12911,1243,0.09427410999705899,0,0.0,0.08841195800050627,True,3991,0,6,6,D,5381,0.46,True,3.6313245879973692
0,39.43039649567293,609,0,,0.465026880943456,1.970515595003235,dstar_lite,False,0,0,498,2178,169,0.03954124699885142,0,0.0,0.02541346100042574,True,1085,0,6,6,D,5382,0.43,True,5.649544202999095
0,38.40288479693532,559,0,,0.465026880943456,0.5451711479981896,dstar_lite,False,0,0,707,3027,1921,0.026521029001742136,0,0.0,0.1615207070026372,True,13366,0,5,5,D,5383,0.41,True,1.4735090539943485
0,39.3065357023662,594,0,,0.465026880943456,2.5152253529995505,dstar_lite,False,0,0,2401,10069,131,0.06202734999897075,0,0.0,0.03662563699981547,True,833,0,5,5,D,5384,0.46,True,4.755142077003256
0,38.136633276661506,584,0,,0.465026880943456,2.0222914180012594,dstar_lite,False,0,0,5969,24682,1096,0.13828653000018676,0,0.0,0.10732732600081363,True,4005,0,7,7,D,5385,0.45,True,4.2661704780039145
0,39.05017010856295,584,0,,0.475657439761009,1.1733792380000523,dstar_lite,False,0,0,6297,26338,10000,0.14031864299977315,0,0.0,0.7876331289990048,True,66184,0,3,3,D,5386,0.37,True,2.6226818739996816
0,38.58458019887244,587,0,,0.465026880943456,3.5605552039996837,dstar_lite,False,0,0,375,1648,66,0.018647213000804186,0,0.0,0.020882623000943568,True,74,0,7,7,D,5387,0.42,True,5.127980403998663
0,38.6090070110165,596,0,,0.475657439761009,2.4030069720029132,dstar_lite,False,0,0,2784,11611,3950,0.07980289899933268,0,0.0,0.2665189619983721,True,21382,0,6,6,D,5388,0.43,True,3.6483434950023366
0,37.14656089550558,552,0,,0.465026880943456,1.560870117999002,dstar_lite,False,0,0,1110,4794,446,0.05111601400130894,0,0.0,0.054481426002894295,True,3083,0,6,6,D,5389,0.46,True,3.473338490999595
0,40.4927147859141,626,0,,0.475657439761009,1.068985022000561,dstar_lite,False,0,0,681,2901,1700,0.041824565996648744,0,0.0,0.15954357300142874,True,12729,0,6,6,D,5390,0.41,True,3.7418799830011267
0,37.36554930285695,572,0,,0.475657439761009,1.1712563270011742,dstar_lite,False,0,0,5450,22411,12450,0.12589052600014838,0,0.0,1.0418066730017017,True,90626,0,6,6,D,5391,0.38,True,3.072807358999853
0,36.16891463628327,537,0,,0.465026880943456,0.47655764400042244,dstar_lite,False,0,0,1939,8104,3760,0.07430831899910117,0,0.0,0.3320935349984211,True,26506,0,7,7,D,5392,0.46,True,1.9886362569959601
0,37.56707890111522,570,0,,0.465026880943456,1.327576969000802,dstar_lite,False,0,0,1227,5197,803,0.04890700399846537,0,0.0,0.060688661000313004,True,3434,0,5,5,D,5393,0.35,True,3.395324740999058
0,38.56843462996855,583,0,,0.465026880943456,1.2513032450005994,dstar_lite,False,0,0,6110,25110,2158,0.178911048998998,0,0.0,0.1476289940001152,True,8603,0,7,7,D,5394,0.47,True,3.466816648000531
0,39.54599186994597,595,0,,0.465026880943456,2.343576489998668,dstar_lite,False,0,0,662,2890,18,0.04190707899761037,0,0.0,0.02503119900211459,True,18,0,7,7,D,5395,0.49,True,4.036078410998016
0,40.60613327038709,647,0,,0.475657439761009,2.26625150000109,dstar_lite,False,0,0,11701,48635,11874,0.21844970999882207,0,0.0,0.8791587820014684,True,71398,0,6,6,D,5396,0.55,True,5.442731072002061
0,37.23867599105834,561,0,,0.465026880943456,1.4213253550005902,dstar_lite,False,0,0,3585,14938,1705,0.08064706599907367,0,0.0,0.09067645100003574,True,5414,0,7,7,D,5397,0.43,True,3.188733820003108
0,36.559611397312686,544,0,,0.465026880943456,3.31685138100147,dstar_lite,False,0,0,2429,10441,524,0.05406739899990498,0,0.0,0.07479222100300831,True,2902,0,6,6,D,5398,0.42,True,4.193513822003297
0,37.61562657878902,568,0,,0.475657439761009,1.7688556760003848,dstar_lite,False,0,0,450,1915,249,0.010844851000001654,0,0.0,0.017030310998961795,True,1182,0,4,4,D,5399,0.45,True,4.717743395995058
0,36.737298548199725,540,0,,0.465026880943456,0.7100259750004625,dstar_lite,False,0,0,5333,22230,290,0.12799436100249295,0,0.0,0.06388137500107405,True,1399,0,5,5,D,5400,0.44,True,2.1383271659979073
0,39.54547313968613,596,0,,0.465026880943456,1.7662123499976587,dstar_lite,False,0,0,2825,11737,414,0.07011371000044164,0,0.0,0.05017953800052055,True,2368,0,7,7,D,5401,0.33,True,3.10231665199899
0,39.70968071157066,603,0,,0.465026880943456,0.9070742439980677,dstar_lite,False,0,0,5118,21415,2178,0.12120020499787643,0,0.0,0.12539513299998362,True,7416,0,6,6,D,5402,0.41,True,3.052502981001453
0,37.39026333042113,547,0,,0.465026880943456,0.6301477610031725,dstar_lite,False,0,0,1313,5620,881,0.036981994002417196,0,0.0,0.07200030999956653,True,4596,0,6,6,D,5403,0.37,True,1.4301771980062767
0,42.815323207642514,673,0,,0.465026880943456,5.383551216997148,dstar_lite,False,0,0,1141,4973,307,0.05165717899944866,0,0.0,0.04538514399973792,True,1401,0,9,9,D,5404,0.57,True,11.495414069991966
0,40.51721033346386,622,0,,0.465026880943456,3.2667899150001176,dstar_lite,False,0,0,1982,8326,1812,0.07084781199955614,0,0.0,0.10766733100172132,True,6675,0,7,7,D,5405,0.47,True,5.2481595010031015
0,37.00923538176135,571,0,,0.465026880943456,2.571584719000384,dstar_lite,False,0,0,1265,5346,316,0.06292147299973294,0,0.0,0.053460596998775145,True,1706,0,7,7,D,5406,0.44,True,4.418302899008268
0,37.82547511793478,565,0,,0.465026880943456,2.2670998370012967,dstar_lite,False,0,0,8475,35394,4449,0.17642605600121897,0,0.0,0.38136409299841034,True,28447,0,5,5,D,5407,0.42,True,3.50423327399767
0,38.293450484155024,583,0,,0.465026880943456,3.8019073809991824,dstar_lite,False,0,0,6075,25700,2926,0.12052945100003853,0,0.0,0.24289317400325672,True,17003,0,4,4,D,5408,0.44,True,5.5066544210021675
0,40.52722037357384,640,0,,0.475657439761009,1.7435117480017652,dstar_lite,False,0,0,2165,9065,6796,0.0634753529993759,0,0.0,0.5720729470012884,True,49281,0,6,6,D,5409,0.52,True,4.664629808001337
0,39.61729045123098,616,0,,0.465026880943456,2.3972433859999,dstar_lite,False,0,0,2938,12241,591,0.07621416700203554,0,0.0,0.06670164599927375,True,2905,0,7,7,D,5410,0.42,True,5.780690827999933
0,40.53796470742739,629,0,,0.475657439761009,2.105260062002344,dstar_lite,False,0,0,4285,18099,1752,0.0948284939986479,0,0.0,0.1212121409989777,True,7074,0,4,4,D,5411,0.44,True,5.040799231002893
0,37.451634473082514,553,0,,0.465026880943456,3.047986593002861,dstar_lite,False,0,0,4078,17069,144,0.1334129060014675,0,0.0,0.049241502998484066,True,875,0,3,3,D,5412,0.39,True,4.061133008002798
0,38.955547265716746,620,0,,0.475657439761009,3.8567449740003212,dstar_lite,False,0,0,6885,28147,5160,0.139272472999437,0,0.0,0.4024843740007782,True,29768,0,7,7,D,5413,0.42,True,6.829771765998885
0,37.36568726562847,548,0,,0.465026880943456,1.2998053609990166,dstar_lite,False,0,0,4124,16820,2852,0.1448034910026763,0,0.0,0.2343816259999585,True,18596,0,4,4,D,5414,0.4,True,1.9529719359998126
0,39.50796278333376,606,0,,0.465026880943456,1.2440673669989337,dstar_lite,False,0,0,446,1945,12,0.021270062003168277,0,0.0,0.01481858899933286,True,12,0,7,7,D,5415,0.52,True,3.9441218379979546
0,37.72232819196881,575,0,,0.475657439761009,1.382393375999527,dstar_lite,False,0,0,8536,34902,14069,0.1719092469975294,0,0.0,1.207229802999791,True,103595,0,5,5,D,5416,0.4,True,3.250976363004156
0,39.51109003639668,611,0,,0.475657439761009,2.263811791999615,dstar_lite,False,0,0,12823,52951,8681,0.2353462840001157,0,0.0,0.6758540900009393,True,51868,0,5,5,D,5417,0.4,True,4.992806901998847
0,40.05775494171988,612,0,,0.475657439761009,4.96521000699795,dstar_lite,False,0,0,4494,18929,1930,0.11347419099911349,0,0.0,0.10045079900010023,True,5137,0,6,6,D,5418,0.45,True,9.901575308995234
0,38.93666861239502,580,0,,0.465026880943456,1.9362085389984713,dstar_lite,False,0,0,3158,13319,558,0.09321557300063432,0,0.0,0.057827372998872306,True,2365,0,4,4,D,5419,0.46,True,3.622578270998929
0,39.27992368103411,584,0,,0.465026880943456,1.6627106839987391,dstar_lite,False,0,0,4240,17679,802,0.09428522600137512,0,0.0,0.09046443400075077,True,3874,0,6,6,D,5420,0.48,True,3.3588047769953846
0,37.43242765598439,564,0,,0.465026880943456,0.7658208680004464,dstar_lite,False,0,0,3393,14035,2291,0.07512324500203249,0,0.0,0.18680365800173604,True,14123,0,6,6,D,5421,0.41,True,2.8573289009982545
0,40.047804293323324,627,0,,0.475657439761009,1.4491151719994377,dstar_lite,False,0,0,4508,18909,526,0.12295562299914309,0,0.0,0.07376942699920619,True,2369,0,8,8,D,5422,0.42,True,4.941221640998265
0,38.306868212602936,594,0,,0.475657439761009,4.61687421699753,dstar_lite,False,0,0,1308,5489,1103,0.043297862001054455,0,0.0,0.05694908999794279,True,2577,0,7,7,D,5423,0.36,True,6.985391227997752
0,40.415529464915764,635,0,,0.475657439761009,4.724292893002712,dstar_lite,False,0,0,758,3248,1131,0.032218909000221174,0,0.0,0.06087075599862146,True,3715,0,6,6,D,5424,0.35,True,8.776089416005561
0,42.97445348433834,676,0,,0.475657439761009,3.6529348690019106,dstar_lite,False,0,0,4908,20693,2547,0.1043772449993412,0,0.0,0.12253060899820412,True,6655,0,6,6,D,5425,0.44,True,7.696459103008237
0,39.846604948274816,639,0,,0.475657439761009,5.398004487997241,dstar_lite,False,0,0,1729,7323,5,0.07973663799930364,0,0.0,0.01759810300063691,True,5,0,5,5,D,5426,0.4,True,9.240715749998344
0,39.931116625240875,603,0,,0.475657439761009,1.0989403239982494,dstar_lite,False,0,0,690,2978,2314,0.02730504499777453,0,0.0,0.2151063109995448,True,17442,0,7,7,D,5427,0.45,True,3.050154109005234
0,39.430292801622414,602,0,,0.475657439761009,1.9094092640007148,dstar_lite,False,0,0,8571,35261,3360,0.20912852299807128,0,0.0,0.21108697900126572,True,12503,0,6,6,D,5428,0.42,True,4.013146646000678
0,37.01289646835357,545,0,,0.465026880943456,3.0457494310030597,dstar_lite,False,0,0,5787,24099,879,0.12722990099791787,0,0.0,0.09854633099894272,True,4808,0,3,3,D,5429,0.43,True,3.3636536650010385
0,38.7700612217757,587,0,,0.465026880943456,3.100237377999292,dstar_lite,False,0,0,1440,6262,345,0.055649108999205055,0,0.0,0.03558563500337186,True,908,0,5,5,D,5430,0.45,True,5.86401681499774
0,37.90430682375278,578,0,,0.465026880943456,1.93179911200059,dstar_lite,False,0,0,5790,23884,1110,0.12412528899949393,0,0.0,0.1393127760020434,True,7081,0,6,6,D,5431,0.4,True,4.56315525199534
0,39.821793592001455,630,0,,0.475657439761009,4.1774417589986115,dstar_lite,False,0,0,13950,56655,19147,0.3006683199964755,0,0.0,1.3316430140002922,True,111414,0,6,6,D,5432,0.37,True,6.587620823993348
0,39.8057912300061,617,0,,0.4962358310319797,3.53679308700157,dstar_lite,False,0,0,1907,7970,1131,0.08516695800062735,0,0.0,0.11008790499909082,True,6045,0,6,6,D,5433,0.41,True,7.516805973002192
0,41.37827307866209,644,0,,0.475657439761009,3.0117766210023547,dstar_lite,False,0,0,1192,5069,4119,0.05557389400200918,0,0.0,0.35882087599748047,True,30174,0,5,5,D,5434,0.39,True,6.312836805005645
0,38.11938990113007,586,0,,0.465026880943456,2.968419911001547,dstar_lite,False,0,0,4737,19963,2209,0.11231686800238094,0,0.0,0.1908276409994869,True,12164,0,7,7,D,5435,0.56,True,5.187602694004454
0,37.80989142672642,583,0,,0.475657439761009,1.7774118990018906,dstar_lite,False,0,0,2268,9535,4076,0.05205341399778263,0,0.0,0.2513615550014947,True,20176,0,5,5,D,5436,0.31,True,3.269337241006724
0,37.01083989078951,555,0,,0.465026880943456,0.7899901250020775,dstar_lite,False,0,0,533,2351,347,0.03815496700190124,0,0.0,0.029221172000688966,True,944,0,6,6,D,5437,0.39,True,3.1414154060003057
0,40.544239689346114,637,0,,0.475657439761009,2.493427902998519,dstar_lite,False,0,0,3156,13399,383,0.07122891999824787,0,0.0,0.04979435100176488,True,1566,0,6,6,D,5438,0.35,True,6.433547319993522
0,40.34326634292911,611,0,,0.475657439761009,3.203127160002623,dstar_lite,False,0,0,11366,46617,35807,0.2402924170019105,0,0.0,2.958416828998452,True,257003,0,5,5,D,5439,0.43,True,6.822854301000916
0,38.88131028705964,590,0,,0.4596194077712549,1.654894154999056,dstar_lite,False,0,0,598,2619,193,0.028160400997876422,0,0.0,0.019065526001213584,True,334,0,6,6,D,5440,0.41,True,3.88239462999627
0,39.50860175903643,601,0,,0.465026880943456,2.3867217500010156,dstar_lite,False,0,0,7096,29851,105,0.1568677729992487,0,0.0,0.0800313969994022,True,660,0,6,6,D,5441,0.41,True,5.051918458000728
0,42.925112362378,689,0,,0.475657439761009,6.344496497000364,dstar_lite,False,0,0,2786,11757,4862,0.09728477499811561,0,0.0,0.3371327040003962,True,26341,0,6,6,D,5442,0.46,True,12.705996482993214
0,39.49074377908068,592,0,,0.465026880943456,1.7979276929982007,dstar_lite,False,0,0,11010,44945,18756,0.20648039300067467,0,0.0,1.587176951001311,True,136940,0,4,4,D,5443,0.43,True,3.0371680979988014
0,37.834900254187225,570,0,,0.465026880943456,3.3124368829994637,dstar_lite,False,0,0,4139,17377,570,0.08813040200038813,0,0.0,0.07039957500091987,True,2241,0,6,6,D,5444,0.48,True,4.726672550998046
0,42.03094094812183,662,0,,0.465026880943456,4.449343283002236,dstar_lite,False,0,0,8828,37216,1821,0.22410760300044785,0,0.0,0.16189459700035513,True,6321,0,6,6,D,5445,0.55,True,10.192758335004328
0,37.38776284910337,562,0,,0.465026880943456,1.1203315299972019,dstar_lite,False,0,0,7634,31952,148,0.171115570999973,0,0.0,0.10008259999813163,True,946,0,6,6,D,5446,0.52,True,3.4171376380036236
0,39.253286531446655,600,0,,0.465026880943456,1.226173345999996,dstar_lite,False,0,0,1162,4994,1188,0.052476532000582665,0,0.0,0.10768533599912189,True,6187,0,6,6,D,5447,0.47,True,3.439417894005601
0,41.47800147665059,637,0,,0.475657439761009,6.731218705001083,dstar_lite,False,0,0,5867,24606,1062,0.1381788159997086,0,0.0,0.1230980059990543,True,5464,0,5,5,D,5448,0.4,True,10.184458956002345
0,37.395829292026306,572,0,,0.475657439761009,2.213195642001665,dstar_lite,False,0,0,12244,50541,4049,0.2418321779987309,0,0.0,0.2578225110009953,True,14499,0,5,5,D,5449,0.48,True,4.52738710000267
0,37.60051833829082,559,0,,0.465026880943456,2.1088911520018883,dstar_lite,False,0,0,2538,10640,177,0.06440555700100958,0,0.0,0.033084609000070486,True,994,0,8,8,D,5450,0.41,True,3.61962833700818
0,39.743390349413936,613,0,,0.465026880943456,2.19598820399915,dstar_lite,False,0,0,3611,15074,1219,0.08895121800014749,0,0.0,0.0648836090003897,True,2879,0,8,8,D,5451,0.49,True,4.319568300001265
0,45.97476417955454,756,0,,0.47565743976100916,10.378428201998759,dstar_lite,False,0,0,3876,16284,518,0.09083079999982147,0,0.0,0.062416355998720974,True,2578,0,4,4,D,5452,0.39,True,13.70528728199497
0,39.42616701942751,628,0,,0.475657439761009,1.606393220998143,dstar_lite,False,0,0,5780,23970,5206,0.1442168200010201,0,0.0,0.322101947000192,True,23415,0,7,7,D,5453,0.49,True,4.332540937997692
0,39.6768591956315,618,0,,0.465026880943456,2.3953005580005993,dstar_lite,False,0,0,3338,13950,1511,0.1089387350002653,0,0.0,0.13513829899966368,True,8513,0,8,8,D,5454,0.48,True,4.534567331997096
0,36.84901565283234,553,0,,0.465026880943456,1.6953966430010041,dstar_lite,False,0,0,4544,19271,708,0.12076417899879743,0,0.0,0.07336076899809996,True,3277,0,5,5,D,5455,0.46,True,3.8625517770014994
0,40.00387265232669,620,0,,0.475657439761009,2.7505522329993255,dstar_lite,False,0,0,5220,21649,3257,0.12934951100032777,0,0.0,0.17453551899961894,True,11341,0,5,5,D,5456,0.34,True,7.903968059996259
0,40.262873745322985,612,0,,0.465026880943456,2.1520366799995827,dstar_lite,False,0,0,2400,10039,1990,0.0681665560005058,0,0.0,0.11562825299915858,True,7968,0,7,7,D,5457,0.45,True,4.627731955999479
0,38.12379098668783,578,0,,0.465026880943456,3.315996042001643,dstar_lite,False,0,0,11316,46601,1848,0.19810373899963452,0,0.0,0.21332824300043285,True,11757,0,7,7,D,5458,0.39,True,5.241354251003941
0,38.80244500753723,586,0,,0.475657439761009,4.792278933000489,dstar_lite,False,0,0,4178,17743,326,0.08864827300203615,0,0.0,0.056752651998976944,True,1502,0,5,5,D,5459,0.35,True,5.336645137002051
0,38.722674664320046,580,0,,0.465026880943456,1.6199603640015994,dstar_lite,False,0,0,1876,7928,505,0.06688543500058586,0,0.0,0.060601575998589396,True,2501,0,6,6,D,5460,0.4,True,3.7406811470063985
0,41.16409504485254,654,0,,0.465026880943456,4.630493427001056,dstar_lite,False,0,0,1727,7369,330,0.05146475400033523,0,0.0,0.03738008499931311,True,909,0,8,8,D,5461,0.38,True,9.509062070002983
0,39.595760857555966,606,0,,0.465026880943456,5.435528304002219,dstar_lite,False,0,0,4338,17950,1214,0.09957931299868505,0,0.0,0.10126798700002837,True,4792,0,7,7,D,5462,0.41,True,8.480041433002043
0,39.756062521152515,618,0,,0.475657439761009,1.9168756100007158,dstar_lite,False,0,0,383,1642,395,0.025227498001186177,0,0.0,0.02284110199980205,True,1138,0,7,7,D,5463,0.51,True,4.70364258200425
0,39.40599803796153,590,0,,0.465026880943456,0.9708799129984982,dstar_lite,False,0,0,4044,16718,1653,0.11607289399762521,0,0.0,0.12901152699851082,True,8156,0,5,5,D,5464,0.38,True,2.7663500390008267
0,38.91419827100037,598,0,,0.475657439761009,3.6948906969992095,dstar_lite,False,0,0,1088,4672,899,0.06570367899985285,0,0.0,0.056716099999903236,True,3087,0,4,4,D,5465,0.48,True,4.857661146997998
0,39.2554508310756,608,0,,0.465026880943456,1.9708845780005504,dstar_lite,False,0,0,5649,24036,926,0.13258263600073406,0,0.0,0.10562126800141414,True,3943,0,6,6,D,5466,0.43,True,5.420308217002457
0,37.78354232576442,573,0,,0.465026880943456,1.3019357259981916,dstar_lite,False,0,0,1471,6422,355,0.05284749400016153,0,0.0,0.04068170499886037,True,870,0,7,7,D,5467,0.56,True,3.3965003409939527
0,40.20751984340384,619,0,,0.465026880943456,0.9760594750005112,dstar_lite,False,0,0,498,2112,790,0.022774291999667184,0,0.0,0.049573036001675064,True,3211,0,9,9,D,5468,0.48,True,3.954727706997801
0,35.625438824222634,516,0,,0.465026880943456,0.6573459139981424,dstar_lite,False,0,0,16576,68629,1908,0.33437231499920017,0,0.0,0.24612598800013075,True,12260,0,3,3,D,5469,0.35,True,1.497814145997836
0,35.96764221535175,522,0,,0.465026880943456,1.0894985820013972,dstar_lite,False,0,0,5992,24838,1595,0.11762194800030557,0,0.0,0.16230174300289946,True,11428,0,4,4,D,5470,0.42,True,1.8746856890029449
0,38.539109686958405,574,0,,0.465026880943456,1.4581941349970293,dstar_lite,False,0,0,1309,5616,28,0.04394027300077141,0,0.0,0.018019171002379153,True,28,0,8,8,D,5471,0.41,True,3.1330861959941103
0,38.94100806562388,596,0,,0.465026880943456,3.5508910800017475,dstar_lite,False,0,0,1656,6963,1131,0.06690185299885343,0,0.0,0.08282814999984112,True,4324,0,6,6,D,5472,0.39,True,5.628195126006176
0,39.76726225117189,602,0,,0.465026880943456,1.5654056480016152,dstar_lite,False,0,0,2993,12636,5197,0.09173789999840665,0,0.0,0.4017842080029368,True,33438,0,6,6,D,5473,0.45,True,4.231311651004944
0,39.33491090206942,585,0,,0.465026880943456,0.6848227839982428,dstar_lite,False,0,0,4270,17935,6866,0.0919166560015583,0,0.0,0.5904253920016345,True,50623,0,7,7,D,5474,0.4,True,2.0041854760056594
0,39.35681034181122,598,0,,0.465026880943456,4.220291987003293,dstar_lite,False,0,0,5559,23297,2048,0.13605505899977288,0,0.0,0.1735500899994804,True,8877,0,5,5,D,5475,0.48,True,5.736372331004532
0,39.785252768703515,617,0,,0.475657439761009,8.030793543999607,dstar_lite,False,0,0,3980,16987,295,0.13191111299965996,0,0.0,0.0659556499995233,True,1612,0,3,3,D,5476,0.38,True,8.373039299000084
0,36.908622538411585,552,0,,0.465026880943456,1.1224276629982342,dstar_lite,False,0,0,2920,11920,839,0.1204185589995177,0,0.0,0.06961982500070008,True,3408,0,6,6,D,5477,0.42,True,2.7604851849937404
0,43.933261167229674,726,0,,0.47565743976100916,5.7589273679986945,dstar_lite,False,0,0,3051,12936,2127,0.10892877600053907,0,0.0,0.12984997400053544,True,8168,0,8,8,D,5478,0.43,True,10.076049910992879
0,39.812198434116475,617,0,,0.465026880943456,3.0516141620028066,dstar_lite,False,0,0,3157,13421,1150,0.07609167299960973,0,0.0,0.10077913499844726,True,6394,0,7,7,D,5479,0.4,True,4.8930375699928845
0,37.47554851360828,553,0,,0.465026880943456,2.0950668069999665,dstar_lite,False,0,0,4850,20437,149,0.11973422700248193,0,0.0,0.04841545499948552,True,364,0,6,6,D,5480,0.44,True,3.6023832579958253
0,38.514227429311525,579,0,,0.465026880943456,1.667270551999536,dstar_lite,False,0,0,2267,9700,905,0.0730758660029096,0,0.0,0.08717872100169188,True,4729,0,7,7,D,5481,0.42,True,3.0993240830030118
0,42.26067064450271,686,0,,0.47565743976100916,3.3031997040015995,dstar_lite,False,0,0,596,2573,569,0.04369863100146176,0,0.0,0.055309325998678105,True,3342,0,6,6,D,5482,0.43,True,7.674374498004909
0,38.38240910197624,592,0,,0.465026880943456,3.192158041001676,dstar_lite,False,0,0,3749,15934,2172,0.1242697980014782,0,0.0,0.14325163800094742,True,7566,0,6,6,D,5483,0.4,True,6.357017731002998
0,37.427526656587766,572,0,,0.465026880943456,1.3309024840018537,dstar_lite,False,0,0,5808,24101,878,0.16404985199915245,0,0.0,0.08679427099923487,True,1743,0,7,7,D,5484,0.47,True,3.9420964990058565
0,38.27631434698353,559,0,,0.465026880943456,0.8113771169992106,dstar_lite,False,0,0,1942,8144,275,0.06057423799938988,0,0.0,0.041640429000835866,True,1344,0,6,6,D,5485,0.45,True,1.969894307996583
0,44.35843809069867,693,0,,0.475657439761009,3.9445831409975654,dstar_lite,False,0,0,3971,16448,447,0.09374943500006339,0,0.0,0.06597199799944065,True,1712,0,9,9,D,5486,0.48,True,11.729366008996294
0,40.59887701584043,651,0,,0.475657439761009,1.5794256480003241,dstar_lite,False,0,0,12518,51421,16435,0.2690971649972198,0,0.0,1.3069324739990407,True,107685,0,6,6,D,5487,0.44,True,4.6369105909943755
0,38.286871319105295,577,0,,0.465026880943456,1.7902500050004164,dstar_lite,False,0,0,3952,16529,3714,0.10605362600108492,0,0.0,0.3155477410000458,True,24900,0,6,6,D,5488,0.37,True,3.057262643997092
0,44.31194172390917,715,0,,0.475657439761009,4.593257484000787,dstar_lite,False,0,0,1490,6378,1811,0.07638009900256293,0,0.0,0.11235772099826136,True,7101,0,9,9,D,5489,0.5,True,9.701907882998057
0,38.46589482224032,593,0,,0.465026880943456,3.7775149070002954,dstar_lite,False,0,0,4386,18788,598,0.1039999259992328,0,0.0,0.07073249899985967,True,1806,0,6,6,D,5490,0.44,True,5.996515359005571
0,36.54837720047242,538,0,,0.465026880943456,0.7962476199973025,dstar_lite,False,0,0,10135,41801,2145,0.22752616599973408,0,0.0,0.16139147899957607,True,8927,0,5,5,D,5491,0.35,True,1.8062855430034688
0,39.423684451679904,591,0,,0.465026880943456,1.2693283989974589,dstar_lite,False,0,0,2211,9194,238,0.10543343199969968,0,0.0,0.04423325800235034,True,1296,0,7,7,D,5492,0.45,True,3.6078378159909334
0,44.013568106501666,710,0,,0.47565743976100916,6.31374586399761,dstar_lite,False,0,0,1180,4962,1304,0.026566325999738183,0,0.0,0.08551552899734816,True,6783,0,6,6,D,5493,0.42,True,15.655492345998937
0,40.619916658056226,628,0,,0.475657439761009,1.855143050001061,dstar_lite,False,0,0,1805,7550,1629,0.07951950399728958,0,0.0,0.07823139199899742,True,3889,0,6,6,D,5494,0.41,True,6.242523629000061
0,40.549116057907725,654,0,,0.475657439761009,3.36149731399928,dstar_lite,False,0,0,449,1868,3521,0.02692378499705228,0,0.0,0.3279549759972724,True,27074,0,7,7,D,5495,0.48,True,6.832747609001672
0,39.19844396235069,606,0,,0.465026880943456,4.303736551999464,dstar_lite,False,0,0,7627,31289,4670,0.1940599059998931,0,0.0,0.3401341710014094,True,24567,0,6,6,D,5496,0.48,True,6.29423296999812
0,43.716617281750274,696,0,,0.475657439761009,2.5342492039999343,dstar_lite,False,0,0,3540,14443,6977,0.14869593500043266,0,0.0,0.46017350900001475,True,36870,0,6,6,D,5497,0.47,True,6.85129396100092
0,39.4562160010657,610,0,,0.475657439761009,1.567715932000283,dstar_lite,False,0,0,6745,28127,6907,0.14936973300063983,0,0.0,0.4158802599995397,True,31283,0,5,5,D,5498,0.38,True,4.420533965996583
0,39.20701873334516,592,0,,0.465026880943456,1.710576925001078,dstar_lite,False,0,0,1810,7710,333,0.05846457299776375,0,0.0,0.04269537800064427,True,1263,0,7,7,D,5499,0.46,True,3.625617973997578
0,39.083094716236694,584,0,,0.465026880943456,1.0741612050005642,dstar_lite,False,0,0,1127,4718,910,0.05200095100008184,0,0.0,0.07361929599937866,True,4300,0,6,6,E,5000,0.4357142857142857,True,2.991052689998469
0,39.85641007496234,620,0,,0.475657439761009,1.9924309759990138,dstar_lite,False,0,0,13839,56549,19076,0.28804481599945575,0,0.0,1.6162879859984969,True,132353,0,6,6,E,5001,0.5142857142857142,True,5.080565164000291
0,40.07444542837264,637,0,,0.47565743976100916,2.489739822998672,dstar_lite,False,0,0,2460,10505,1824,0.08222325099995942,0,0.0,0.13215313399996376,True,8180,0,7,7,E,5002,0.37857142857142856,True,6.950708050997491
0,38.84324703954645,580,0,,0.465026880943456,1.4891246139995928,dstar_lite,False,0,0,8718,36043,1608,0.1930411979992641,0,0.0,0.1793448989992612,True,10083,0,5,5,E,5003,0.42142857142857143,True,3.2444064400006027
0,39.11385572289736,591,0,,0.465026880943456,1.4200164089997998,dstar_lite,False,0,0,1937,8350,739,0.058689121000497835,0,0.0,0.08217034900008002,True,4559,0,7,7,E,5004,0.39285714285714285,True,3.822324706001382
0,39.525197072344945,613,0,,0.465026880943456,1.5495283159980318,dstar_lite,False,0,0,754,3314,619,0.035712715001864126,0,0.0,0.06852881400118349,True,3778,0,9,9,E,5005,0.4785714285714286,True,4.7817687560054765
0,37.144053936899674,555,0,,0.465026880943456,1.4538275140002952,dstar_lite,False,0,0,220,961,18,0.017598826001631096,0,0.0,0.012072680998244323,True,18,0,8,8,E,5006,0.45714285714285713,True,3.1309689130030165
0,39.82882055084405,630,0,,0.465026880943456,4.304254147999018,dstar_lite,False,0,0,3764,15790,3338,0.09095403099854593,0,0.0,0.1841589190007653,True,11492,0,7,7,E,5007,0.36428571428571427,True,7.064170804991591
0,38.53104502575733,579,0,,0.465026880943456,1.4062675360000867,dstar_lite,False,0,0,4361,18716,1921,0.11797409399878234,0,0.0,0.19985523099967395,True,14076,0,5,5,E,5008,0.37142857142857144,True,3.6108154829962587
0,38.45957597889885,584,0,,0.465026880943456,1.5302425820009375,dstar_lite,False,0,0,1890,7931,179,0.06522437500098022,0,0.0,0.032215268998697866,True,1116,0,9,9,E,5009,0.38571428571428573,True,3.686512224005128
0,42.04085021456293,647,0,,0.465026880943456,3.227551849999145,dstar_lite,False,0,0,1251,5279,1583,0.046721866998268524,0,0.0,0.09459271499872557,True,6276,0,7,7,E,5010,0.42142857142857143,True,6.92469226999674
0,37.68310074333335,555,0,,0.465026880943456,0.6962836530001368,dstar_lite,False,0,0,8595,35274,741,0.1876666899988777,0,0.0,0.11679136699967785,True,4560,0,6,6,E,5011,0.40714285714285714,True,2.256419719000405
0,37.65441085470527,573,0,,0.465026880943456,1.97246139300114,dstar_lite,False,0,0,3977,16462,304,0.12630647599871736,0,0.0,0.05800804599857656,True,1229,0,7,7,E,5012,0.4857142857142857,True,4.933488646005571
0,38.84403484790296,590,0,,0.465026880943456,4.122694909998245,dstar_lite,False,0,0,1070,4665,180,0.04251823499726015,0,0.0,0.03212866800095071,True,488,0,6,6,E,5013,0.44285714285714284,True,6.6774877779971575
0,35.813686664616334,514,0,,0.465026880943456,0.514853206997941,dstar_lite,False,0,0,1226,5328,16,0.04236068600221188,0,0.0,0.012411222996888682,True,16,0,4,4,E,5014,0.42142857142857143,True,1.1661817070016696
0,40.40043346207112,623,0,,0.475657439761009,1.009218252998835,dstar_lite,False,0,0,754,3297,972,0.03471087399884709,0,0.0,0.09471604200007278,True,6796,0,6,6,E,5015,0.34285714285714286,True,3.660854305995599
0,36.79228375001365,555,0,,0.475657439761009,2.448852565001289,dstar_lite,False,0,0,866,3791,141,0.0403072160006559,0,0.0,0.02578803600044921,True,800,0,6,6,E,5016,0.39285714285714285,True,4.26791242499894
0,40.247587876565724,634,0,,0.465026880943456,3.8055459929964854,dstar_lite,False,0,0,762,3301,671,0.05047271000148612,0,0.0,0.051408695999271004,True,3286,0,8,8,E,5017,0.5428571428571428,True,6.709144169992214
0,38.235709918038204,569,0,,0.465026880943456,2.367010959002073,dstar_lite,False,0,0,680,2863,284,0.036119386000791565,0,0.0,0.021628379003232112,True,942,0,4,4,E,5018,0.3142857142857143,True,2.925636628002394
0,39.76222264889483,595,0,,0.465026880943456,4.438478223000857,dstar_lite,False,0,0,2080,8754,484,0.08258347800074262,0,0.0,0.04980834100206266,True,1728,0,6,6,E,5019,0.4642857142857143,True,8.112626760008425
0,40.893085309764906,631,0,,0.465026880943456,3.881251106999116,dstar_lite,False,0,0,526,2320,182,0.02569651799785788,0,0.0,0.027555844997550594,True,368,0,8,8,E,5020,0.4642857142857143,True,8.256189373005327
0,41.180746055323326,638,0,,0.475657439761009,4.119917721000093,dstar_lite,False,0,0,7641,31765,6787,0.19599611800003913,0,0.0,0.4851123139997071,True,36683,0,6,6,E,5021,0.4642857142857143,True,6.954763146004552
0,37.66596482113987,558,0,,0.465026880943456,1.3018687389994739,dstar_lite,False,0,0,953,4132,64,0.035218006996728946,0,0.0,0.023512641000706935,True,90,0,7,7,E,5022,0.4642857142857143,True,2.7375501850001456
0,38.43543784500569,596,0,,0.465026880943456,2.4554188629990676,dstar_lite,False,0,0,3286,14136,811,0.12136040000041248,0,0.0,0.10046552800122299,True,3937,0,7,7,E,5023,0.5142857142857142,True,5.4348875359937665
0,38.913813812694954,596,0,,0.475657439761009,3.8251700140026514,dstar_lite,False,0,0,1720,7239,751,0.06266162100291695,0,0.0,0.06870215099843335,True,4175,0,4,4,E,5024,0.37142857142857144,True,6.509350623997307
0,38.392812781249404,606,0,,0.475657439761009,1.1520382560011058,dstar_lite,False,0,0,759,3249,656,0.031600135000189766,0,0.0,0.03756500899908133,True,2325,0,8,8,E,5025,0.4785714285714286,True,4.096085306002351
0,39.8394689459526,620,0,,0.475657439761009,2.297259816001315,dstar_lite,False,0,0,2325,9968,292,0.05428173600012087,0,0.0,0.04641062500013504,True,1619,0,7,7,E,5026,0.34285714285714286,True,5.020706342995254
0,41.275608920600696,637,0,,0.465026880943456,2.605311602997972,dstar_lite,False,0,0,1499,6468,16506,0.052106994997302536,0,0.0,1.43395802699888,True,126558,0,6,6,E,5027,0.4357142857142857,True,5.5868525830010185
0,36.733094839498854,550,0,,0.465026880943456,0.8921363469999051,dstar_lite,False,0,0,1626,6879,1657,0.05959808400075417,0,0.0,0.11382021700046607,True,7970,0,5,5,E,5028,0.35,True,2.5714983200014103
0,37.98664207877308,563,0,,0.465026880943456,1.2608536150000873,dstar_lite,False,0,0,4047,17192,580,0.10571962599715334,0,0.0,0.07005539199963096,True,3176,0,6,6,E,5029,0.44285714285714284,True,2.6359065849974286
0,39.58809311705517,592,0,,0.465026880943456,2.0167464100013603,dstar_lite,False,0,0,7982,32753,596,0.17453712399947108,0,0.0,0.07722395399832749,True,1235,0,8,8,E,5030,0.4642857142857143,True,3.883330325003044
0,47.387355424605005,778,0,,0.47565743976100916,8.178250131997629,dstar_lite,False,0,0,2979,12680,183,0.0904332619975321,0,0.0,0.04124128699913854,True,321,0,7,7,E,5031,0.42142857142857143,True,15.315071118999185
0,42.78983475369982,687,0,,0.475657439761009,4.225686061003216,dstar_lite,False,0,0,836,3586,726,0.044854892999865115,0,0.0,0.0505168669988052,True,2558,0,6,6,E,5032,0.42857142857142855,True,8.865831957002229
0,41.9943458444738,671,0,,0.475657439761009,4.700498761001654,dstar_lite,False,0,0,733,3165,581,0.03509224399749655,0,0.0,0.040104152998537757,True,1959,0,7,7,E,5033,0.4142857142857143,True,8.791327237999212
0,44.521059698272936,709,0,,0.47565743976100916,5.523148915002821,dstar_lite,False,0,0,1470,6219,1497,0.055163758999697166,0,0.0,0.08023005900031421,True,4904,0,8,8,E,5034,0.4,True,12.23418264800057
0,38.167030690600804,582,0,,0.465026880943456,1.0983175940018555,dstar_lite,False,0,0,934,4058,432,0.045154159000958316,0,0.0,0.04981263000081526,True,2700,0,8,8,E,5035,0.45714285714285713,True,3.049964698995609
0,40.40261174875395,635,0,,0.465026880943456,2.466248839999025,dstar_lite,False,0,0,765,3336,749,0.06036227000004146,0,0.0,0.08576895399892237,True,5675,0,9,9,E,5036,0.5,True,8.209756440999627
0,44.43969882944003,738,0,,0.475657439761009,4.946847356000944,dstar_lite,False,0,0,853,3763,1158,0.03784112499852199,0,0.0,0.1082397790014511,True,7717,0,9,9,E,5037,0.5285714285714286,True,11.857079542005522
0,36.76976692276827,560,0,,0.475657439761009,1.4320194229985646,dstar_lite,False,0,0,1617,6878,1569,0.060346473001118284,0,0.0,0.1020693639984529,True,6562,0,7,7,E,5038,0.37142857142857144,True,3.7908457439953054
0,39.686470150657705,624,0,,0.465026880943456,1.617494630998408,dstar_lite,False,0,0,3084,13191,1560,0.10601123599917628,0,0.0,0.1388790080018225,True,8880,0,10,10,E,5039,0.4857142857142857,True,4.882276232990989
0,39.38019319034178,599,0,,0.465026880943456,3.191014346000884,dstar_lite,False,0,0,1375,5979,350,0.04839606899986393,0,0.0,0.05593319100080407,True,1643,0,6,6,E,5040,0.45714285714285713,True,6.119520339994779
0,39.42967247547441,590,0,,0.465026880943456,1.4683836969998083,dstar_lite,False,0,0,1497,6459,1,0.05308543600040139,0,0.0,0.02996355000141193,True,1,0,7,7,E,5041,0.4142857142857143,True,3.820007036003517
0,40.921549549676165,652,0,,0.465026880943456,7.368790256001375,dstar_lite,False,0,0,1625,6907,1772,0.05304785500266007,0,0.0,0.1401586120009597,True,7667,0,8,8,E,5042,0.42857142857142855,True,9.967427819003206
0,38.776446290835146,610,0,,0.465026880943456,2.0018874519992096,dstar_lite,False,0,0,1604,6909,895,0.05093287199997576,0,0.0,0.09929083899987745,True,5103,0,8,8,E,5043,0.4785714285714286,True,5.410420460000751
0,39.572048783245975,617,0,,0.475657439761009,4.4472711050002545,dstar_lite,False,0,0,2129,8897,929,0.05310005600040313,0,0.0,0.06909912199989776,True,2757,0,7,7,E,5044,0.42142857142857143,True,8.239350588006346
0,38.98258871102727,581,0,,0.465026880943456,1.351919493998139,dstar_lite,False,0,0,2347,9727,446,0.08549183200011612,0,0.0,0.05500725000092643,True,2432,0,6,6,E,5045,0.45,True,3.1581336460076272
0,40.059505963287116,609,0,,0.465026880943456,2.5997519840020686,dstar_lite,False,0,0,4322,18296,1173,0.12202082300063921,0,0.0,0.10305007100032526,True,4751,0,6,6,E,5046,0.44285714285714284,True,5.538654239004245
0,39.387362409980106,597,0,,0.465026880943456,2.669455842999014,dstar_lite,False,0,0,2938,12478,254,0.06906446299763047,0,0.0,0.049427664998802356,True,1290,0,7,7,E,5047,0.4,True,4.964280490999954
0,42.50129421498434,702,0,,0.47565743976100916,3.903830534000008,dstar_lite,False,0,0,7642,31883,5008,0.15711600899885525,0,0.0,0.2648103480023565,True,16946,0,5,5,E,5048,0.34285714285714286,True,9.788927419005631
0,39.25714388118022,581,0,,0.465026880943456,1.0814527479997196,dstar_lite,False,0,0,1089,4751,529,0.04759829500108026,0,0.0,0.05956022699683672,True,2920,0,6,6,E,5049,0.4642857142857143,True,2.5437326450046385
0,37.257752442863755,544,0,,0.465026880943456,0.600129966998793,dstar_lite,False,0,0,1943,8321,782,0.038865538001118694,0,0.0,0.051124069999787025,True,3458,0,5,5,E,5050,0.38571428571428573,True,1.8272791279960074
0,40.59395931421314,630,0,,0.475657439761009,1.4722314460013877,dstar_lite,False,0,0,7482,30595,6709,0.13801797300038743,0,0.0,0.28532292500312906,True,20979,0,6,6,E,5051,0.44285714285714284,True,4.430528398996103
0,42.37356718556872,713,0,,0.47565743976100916,6.2563991179995355,dstar_lite,False,0,0,2120,9200,1238,0.06395797900040634,0,0.0,0.10555904699867824,True,6614,0,7,7,E,5052,0.5,True,11.289912550004374
0,43.137104498380914,671,0,,0.465026880943456,3.8192569079983514,dstar_lite,False,0,0,1615,6958,1485,0.05386923199694138,0,0.0,0.10983181899791816,True,6736,0,7,7,E,5053,0.4642857142857143,True,7.210869550992356
0,40.77544217688118,631,0,,0.465026880943456,4.566997443998844,dstar_lite,False,0,0,833,3642,920,0.039484561999415746,0,0.0,0.08537873400200624,True,5422,0,8,8,E,5054,0.5214285714285715,True,8.501430788997823
0,42.382674753378076,685,0,,0.465026880943456,2.4882451699995727,dstar_lite,False,0,0,1332,5664,384,0.05964907000088715,0,0.0,0.04183101500166231,True,1466,0,9,9,E,5055,0.5071428571428571,True,8.56293488999654
0,44.65136824632093,709,0,,0.475657439761009,5.4565805540005385,dstar_lite,False,0,0,888,3915,70,0.04061504200217314,0,0.0,0.03221765099806362,True,472,0,8,8,E,5056,0.4357142857142857,True,8.95298206100415
0,39.99729962953684,605,0,,0.475657439761009,0.94187440099995,dstar_lite,False,0,0,5235,22029,9982,0.13219345100151259,0,0.0,0.8062914049987739,True,68264,0,6,6,E,5057,0.4857142857142857,True,3.288771841998823
0,41.25408889342084,643,0,,0.475657439761009,2.648297129002458,dstar_lite,False,0,0,2808,12012,986,0.07655505500224535,0,0.0,0.11312629600070068,True,4801,0,7,7,E,5058,0.4785714285714286,True,7.079787520997343
0,36.914374534591765,555,0,,0.465026880943456,1.6733168239989027,dstar_lite,False,0,0,3933,16611,695,0.1006550430029165,0,0.0,0.07790386900160229,True,3152,0,6,6,E,5059,0.4,True,3.7835250809985155
0,38.3241199594327,564,0,,0.465026880943456,2.9137864830008766,dstar_lite,False,0,0,1669,7053,449,0.05201647099966067,0,0.0,0.061973971998668276,True,1292,0,7,7,E,5060,0.4928571428571429,True,4.14360643100008
0,37.851371166871324,572,0,,0.465026880943456,3.6063022850030393,dstar_lite,False,0,0,4356,18456,135,0.13058815299882554,0,0.0,0.055188307000207715,True,632,0,5,5,E,5061,0.42142857142857143,True,5.7934223630072665
0,35.900553207405785,516,0,,0.465026880943456,0.563407397003175,dstar_lite,False,0,0,14264,59955,1974,0.301061704998574,0,0.0,0.26023138299933635,True,14738,0,3,3,E,5062,0.37857142857142856,True,1.1315803670040623
0,39.183071666403954,613,0,,0.465026880943456,4.024777318001725,dstar_lite,False,0,0,4709,19607,980,0.17620015099964803,0,0.0,0.1107193699972413,True,4512,0,6,6,E,5063,0.4142857142857143,True,6.705062888995599
0,38.65272413596333,587,0,,0.465026880943456,3.1821144060013467,dstar_lite,False,0,0,660,2875,556,0.032481205998919904,0,0.0,0.042545238000457175,True,2002,0,6,6,E,5064,0.38571428571428573,True,4.693894866999472
0,39.19733373095298,617,0,,0.475657439761009,2.924373875001038,dstar_lite,False,0,0,2656,11215,9175,0.07074584199654055,0,0.0,0.8162079220019223,True,70168,0,5,5,E,5065,0.40714285714285714,True,5.7380611630032945
0,37.34719614250715,549,0,,0.465026880943456,1.0276054060013848,dstar_lite,False,0,0,1103,4759,313,0.06020408899712493,0,0.0,0.033224661001440836,True,1465,0,7,7,E,5066,0.38571428571428573,True,2.2718441379984142
0,36.49815772367602,549,0,,0.465026880943456,0.8147702759997628,dstar_lite,False,0,0,7750,32412,575,0.18474350299948128,0,0.0,0.09526967700003297,True,2709,0,5,5,E,5067,0.44285714285714284,True,2.8182269870012533
0,41.80741087385358,654,0,,0.465026880943456,5.204348686002049,dstar_lite,False,0,0,542,2294,607,0.033820088996435516,0,0.0,0.0453490919971955,True,2555,0,9,9,E,5068,0.4785714285714286,True,8.384421383001609
0,38.95555432399802,592,0,,0.4596194077712549,2.3463920899994264,dstar_lite,False,0,0,3762,15771,95,0.08472264100055327,0,0.0,0.054762212002970045,True,616,0,7,7,E,5069,0.37857142857142856,True,5.433823106002819
0,39.40981900746667,594,0,,0.465026880943456,1.6040331389995117,dstar_lite,False,0,0,2820,11935,520,0.07492993699997896,0,0.0,0.0614272169987089,True,2541,0,7,7,E,5070,0.5,True,3.951000673998351
0,38.00908506974056,559,0,,0.465026880943456,1.6239917660022911,dstar_lite,False,0,0,3216,13463,278,0.08489129599911394,0,0.0,0.04545919600059278,True,1584,0,6,6,E,5071,0.4714285714285714,True,3.2113255849981215
0,36.84707154983963,564,0,,0.465026880943456,2.1777786149978056,dstar_lite,False,0,0,7796,32335,2286,0.1870337690015731,0,0.0,0.2267214640014572,True,13576,0,7,7,E,5072,0.45,True,4.186423062998074
0,41.500194813400334,634,0,,0.465026880943456,1.9371984140016139,dstar_lite,False,0,0,2207,9332,2428,0.0677055609994568,0,0.0,0.1482304139972257,True,8787,0,7,7,E,5073,0.44285714285714284,True,5.416299756001536
0,45.04178469339939,717,0,,0.475657439761009,8.501619356997253,dstar_lite,False,0,0,1361,5904,1550,0.048563562999333953,0,0.0,0.13949424599923077,True,10222,0,10,10,E,5074,0.39285714285714285,True,15.080630076001398
0,38.97520533396165,587,0,,0.465026880943456,5.492541396000888,dstar_lite,False,0,0,1658,6996,495,0.05240773299738066,0,0.0,0.055587720999028534,True,2223,0,6,6,E,5075,0.45,True,7.523301163000724
0,36.77830537543823,557,0,,0.465026880943456,1.3108502290015167,dstar_lite,False,0,0,3238,13677,994,0.07159936799871502,0,0.0,0.0928263669993612,True,3958,0,8,8,E,5076,0.4642857142857143,True,3.3368005830052425
0,40.16468600517052,611,0,,0.475657439761009,5.400960880000639,dstar_lite,False,0,0,1514,6528,1779,0.06277029199918616,0,0.0,0.16237282599831815,True,12394,0,4,4,E,5077,0.37142857142857144,True,8.928889632999926
0,38.79965387533063,596,0,,0.465026880943456,3.763355753999349,dstar_lite,False,0,0,1824,7941,149,0.05792030199881992,0,0.0,0.03254578999985824,True,282,0,6,6,E,5078,0.4142857142857143,True,5.612273357000959
0,39.01718601745142,598,0,,0.475657439761009,3.648500328999944,dstar_lite,False,0,0,2592,11263,946,0.08757392700135824,0,0.0,0.09238801999890711,True,4842,0,4,4,E,5079,0.42142857142857143,True,4.497766977998253
0,39.205380151579,590,0,,0.465026880943456,1.380462279998028,dstar_lite,False,0,0,1168,5099,159,0.04139115100042545,0,0.0,0.030205523999029538,True,327,0,6,6,E,5080,0.38571428571428573,True,3.6183290139997553
0,37.47314854224498,563,0,,0.465026880943456,1.708243107997987,dstar_lite,False,0,0,1900,8120,868,0.06851124400054687,0,0.0,0.06355673299913178,True,4304,0,4,4,E,5081,0.42857142857142855,True,3.3844309270025406
0,40.472065281640646,635,0,,0.465026880943456,4.6149225599983765,dstar_lite,False,0,0,785,3411,929,0.034122140998078976,0,0.0,0.08225151599981473,True,4718,0,8,8,E,5082,0.4642857142857143,True,7.914839593999204
0,38.54410162129284,594,0,,0.475657439761009,2.0106454589986242,dstar_lite,False,0,0,554,2410,1154,0.029057583000394516,0,0.0,0.08324258699940401,True,6210,0,8,8,E,5083,0.40714285714285714,True,4.116322123998543
0,37.95432498699832,576,0,,0.465026880943456,2.2328200730007666,dstar_lite,False,0,0,1593,6751,324,0.06989485699887155,0,0.0,0.040938370999356266,True,1627,0,5,5,E,5084,0.45,True,4.38430345800225
0,40.325876708248565,615,0,,0.465026880943456,3.829737848001969,dstar_lite,False,0,0,1202,5180,217,0.03550190299938549,0,0.0,0.0348881749996508,True,1151,0,6,6,E,5085,0.39285714285714285,True,5.6756701080012135
0,38.802611720997234,595,0,,0.475657439761009,1.1212846210000862,dstar_lite,False,0,0,1110,4702,23,0.05435707899960107,0,0.0,0.02710118800314376,True,155,0,7,7,E,5086,0.45,True,3.8077325130070676
0,42.6266599930505,653,0,,0.465026880943456,4.674910107998585,dstar_lite,False,0,0,9030,37613,3081,0.1599939119987539,0,0.0,0.2056609120008943,True,11757,0,6,6,E,5087,0.42142857142857143,True,7.842854538997926
0,40.34062371271046,629,0,,0.465026880943456,1.7755508689988346,dstar_lite,False,0,0,771,3296,587,0.0355725710032857,0,0.0,0.045115725999494316,True,1929,0,7,7,E,5088,0.38571428571428573,True,5.092941828996118
0,41.061059870722715,648,0,,0.475657439761009,2.3842459769985,dstar_lite,False,0,0,921,4015,395,0.040855712999473326,0,0.0,0.03913490299964906,True,1611,0,7,7,E,5089,0.38571428571428573,True,5.545786039994709
0,46.69050500333255,736,0,,0.47565743976100916,5.982828778000112,dstar_lite,False,0,0,3528,14921,4505,0.13477508399955695,0,0.0,0.2898700949990598,True,22134,0,4,4,E,5090,0.4928571428571429,True,8.381788693000999
0,39.25427890591157,594,0,,0.465026880943456,1.1669701649989292,dstar_lite,False,0,0,956,4115,111,0.045303691000299295,0,0.0,0.026381753999885404,True,573,0,8,8,E,5091,0.4642857142857143,True,3.8823135229977197
0,38.91462044833305,588,0,,0.465026880943456,3.237843303999398,dstar_lite,False,0,0,3841,15954,271,0.10476599300091038,0,0.0,0.05122292899977765,True,1475,0,7,7,E,5092,0.40714285714285714,True,4.337605600001552
0,40.14359984474744,629,0,,0.475657439761009,3.1846652739986894,dstar_lite,False,0,0,1167,4949,2689,0.05408119300045655,0,0.0,0.20606563999899663,True,15278,0,7,7,E,5093,0.44285714285714284,True,5.9132734070008155
0,40.2818733395701,625,0,,0.475657439761009,2.5632880720004323,dstar_lite,False,0,0,3003,12883,369,0.08408627000244451,0,0.0,0.05505919400093262,True,1932,0,6,6,E,5094,0.5,True,6.108417835999717
0,38.44193485559865,581,0,,0.465026880943456,4.783705761001329,dstar_lite,False,0,0,5252,22229,278,0.14812372099913773,0,0.0,0.08109845099897939,True,1593,0,5,5,E,5095,0.35,True,6.817203915004939
0,40.94214417531532,664,0,,0.47565743976100916,2.442991517000337,dstar_lite,False,0,0,949,3996,856,0.04474093300086679,0,0.0,0.04930173700267915,True,1987,0,7,7,E,5096,0.4785714285714286,True,6.36163092300194
0,37.09253396546814,556,0,,0.465026880943456,1.4025604919988837,dstar_lite,False,0,0,5908,24412,4391,0.14795336099996348,0,0.0,0.34248011599993333,True,26596,0,6,6,E,5097,0.4142857142857143,True,2.917972703995474
0,37.17297633967886,557,0,,0.465026880943456,1.8716800260008313,dstar_lite,False,0,0,2312,9998,1249,0.06055931899754796,0,0.0,0.09785785300118732,True,6772,0,5,5,E,5098,0.42857142857142855,True,3.2983504730000277
0,39.795225496608445,607,0,,0.465026880943456,5.123627280001529,dstar_lite,False,0,0,6370,26425,353,0.1587024289983674,0,0.0,0.09597235199908027,True,2289,0,7,7,E,5099,0.5214285714285715,True,8.998315856999398
0,36.01363380641265,522,0,,0.465026880943456,0.4209481389989378,dstar_lite,False,0,0,7977,33328,2349,0.1719096479973814,0,0.0,0.23841504399752012,True,16405,0,4,4,E,5100,0.45714285714285713,True,1.372614062995126
0,41.53214038600777,663,0,,0.475657439761009,3.1687163899987354,dstar_lite,False,0,0,2468,10330,6749,0.07420062299934216,0,0.0,0.5866272320017742,True,49381,0,7,7,E,5101,0.4357142857142857,True,8.03768690099605
0,37.843789307047324,570,0,,0.465026880943456,4.932994220998808,dstar_lite,False,0,0,2628,11251,759,0.08413459800067358,0,0.0,0.08130732300196541,True,3603,0,5,5,E,5102,0.39285714285714285,True,6.417772528995556
0,38.94615244052408,607,0,,0.465026880943456,1.6688518340015435,dstar_lite,False,0,0,1273,5558,419,0.06991526999991038,0,0.0,0.04804556099770707,True,1785,0,9,9,E,5103,0.42857142857142855,True,4.967617448000965
0,37.471762284032245,571,0,,0.465026880943456,1.7770662410002842,dstar_lite,False,0,0,11379,47232,1787,0.2514894300002197,0,0.0,0.20429210499787587,True,9766,0,4,4,E,5104,0.38571428571428573,True,4.430905680004798
0,38.30221457879004,576,0,,0.465026880943456,3.343955135002034,dstar_lite,False,0,0,1768,7633,1644,0.06598832099916763,0,0.0,0.1438714930009155,True,10290,0,5,5,E,5105,0.4714285714285714,True,4.8407109409999975
0,38.5286702797507,588,0,,0.475657439761009,3.808582182002283,dstar_lite,False,0,0,6346,27205,2569,0.14291407899872866,0,0.0,0.2159827489995223,True,13875,0,4,4,E,5106,0.4142857142857143,True,5.533481494003354
0,38.75560636264358,587,0,,0.465026880943456,1.470665024000482,dstar_lite,False,0,0,4327,18016,1450,0.09902012899692636,0,0.0,0.09633632999975816,True,4881,0,8,8,E,5107,0.4785714285714286,True,3.2425967030030733
0,38.78913185703609,592,0,,0.465026880943456,1.959013813000638,dstar_lite,False,0,0,3067,12850,1006,0.09765530099684838,0,0.0,0.07720003700160305,True,4045,0,7,7,E,5108,0.3357142857142857,True,3.966720926000562
0,37.98916184350485,570,0,,0.465026880943456,1.6257164719972934,dstar_lite,False,0,0,4368,18259,484,0.14000830699660582,0,0.0,0.07255240399899776,True,2408,0,7,7,E,5109,0.38571428571428573,True,3.4670392730004096
0,36.36256628655229,546,0,,0.465026880943456,0.668089124999824,dstar_lite,False,0,0,595,2627,45,0.0358262840018142,0,0.0,0.015742204999696696,True,303,0,7,7,E,5110,0.37857142857142856,True,2.7455188570020255
0,39.4972011613229,613,0,,0.465026880943456,3.3566283000000112,dstar_lite,False,0,0,5878,24780,741,0.15847867599950405,0,0.0,0.09962138500122819,True,3103,0,5,5,E,5111,0.4857142857142857,True,5.932782197000051
0,40.86222367241715,633,0,,0.465026880943456,4.440267664002022,dstar_lite,False,0,0,3069,12809,1267,0.08641099099986604,0,0.0,0.07657491699865204,True,3651,0,7,7,E,5112,0.4142857142857143,True,8.740737395004544
0,41.79522029453585,658,0,,0.475657439761009,4.466839601001993,dstar_lite,False,0,0,1462,6260,707,0.04852438799935044,0,0.0,0.05070019399863668,True,2400,0,8,8,E,5113,0.44285714285714284,True,7.541985756994109
0,38.920362882797285,589,0,,0.465026880943456,3.058912063999742,dstar_lite,False,0,0,1962,8406,160,0.06859074600288295,0,0.0,0.040227324003353715,True,391,0,6,6,E,5114,0.4,True,6.598106199999165
0,36.13811608548564,535,0,,0.465026880943456,0.8234169639981701,dstar_lite,False,0,0,1212,5204,552,0.048773082002298906,0,0.0,0.04998260800130083,True,2320,0,6,6,E,5115,0.45714285714285713,True,2.355305843993847
0,38.15873621064474,576,0,,0.465026880943456,1.6850274030002765,dstar_lite,False,0,0,5319,22712,898,0.11772844599909149,0,0.0,0.09853676700004144,True,5022,0,5,5,E,5116,0.4142857142857143,True,3.939630999997462
0,39.865915367851514,622,0,,0.475657439761009,2.8182921369989344,dstar_lite,False,0,0,459,2039,292,0.029754609997326043,0,0.0,0.02597841100214282,True,1077,0,8,8,E,5117,0.4714285714285714,True,5.3007645530015
0,38.5691263754289,587,0,,0.465026880943456,4.5845856460000505,dstar_lite,False,0,0,7471,30933,514,0.16172653499961598,0,0.0,0.0970997639997222,True,1417,0,7,7,E,5118,0.45,True,6.076581863002502
0,43.096210360604076,668,0,,0.475657439761009,5.485383465998893,dstar_lite,False,0,0,267,1135,433,0.027083970999228768,0,0.0,0.03603399299754528,True,1861,0,8,8,E,5119,0.42857142857142855,True,8.9370976519931
0,38.77098178841813,599,0,,0.465026880943456,1.8742978860027506,dstar_lite,False,0,0,2535,10952,1714,0.07823650800128235,0,0.0,0.1568158849986503,True,9544,0,8,8,E,5120,0.5071428571428571,True,4.616990650003572
0,39.601450526161564,616,0,,0.465026880943456,1.5933665379998274,dstar_lite,False,0,0,7124,29425,2535,0.17041662499832455,0,0.0,0.20287949100020342,True,12058,0,8,8,E,5121,0.42142857142857143,True,5.646542845996009
0,39.647931782373455,603,0,,0.465026880943456,1.315363179997803,dstar_lite,False,0,0,5537,22908,2905,0.15598225900248508,0,0.0,0.21623771700251382,True,15071,0,9,9,E,5122,0.4,True,3.0624333119994844
0,38.44408982719461,573,0,,0.465026880943456,5.328235395001684,dstar_lite,False,0,0,13114,54648,924,0.26282609599729767,0,0.0,0.18697904399959953,True,5685,0,5,5,E,5123,0.5214285714285715,True,6.291282877999038
0,37.02242692703957,553,0,,0.465026880943456,2.512933719001012,dstar_lite,False,0,0,5369,22730,469,0.11392913300005603,0,0.0,0.08617604499886511,True,2818,0,6,6,E,5124,0.4,True,4.154811020995112
0,38.01413145345587,577,0,,0.465026880943456,3.2673809439984325,dstar_lite,False,0,0,1876,8155,325,0.06849430200236384,0,0.0,0.05176458500136505,True,1562,0,7,7,E,5125,0.4928571428571429,True,5.27803775299617
0,41.401213970667776,648,0,,0.465026880943456,2.9788909380004043,dstar_lite,False,0,0,2263,9679,2143,0.06779593099781778,0,0.0,0.16019769700142206,True,11516,0,7,7,E,5126,0.37142857142857144,True,6.772453237997979
0,38.2834868260798,577,0,,0.465026880943456,1.451386240998545,dstar_lite,False,0,0,5853,25016,286,0.14484768100010115,0,0.0,0.07535338399975444,True,1346,0,6,6,E,5127,0.4928571428571429,True,4.001977514999453
0,38.27686665811229,581,0,,0.465026880943456,3.737565122999513,dstar_lite,False,0,0,343,1510,94,0.032770329002232756,0,0.0,0.016375221999624046,True,360,0,7,7,E,5128,0.42857142857142855,True,5.879312311004469
0,37.48826840985615,577,0,,0.475657439761009,2.0170259329970577,dstar_lite,False,0,0,10883,45267,52,0.19574650499998825,0,0.0,0.09539545399820781,True,52,0,6,6,E,5129,0.45,True,3.756699524994474
0,43.16184190138263,699,0,,0.47565743976100916,4.936231972002133,dstar_lite,False,0,0,5638,23489,19425,0.11951025599773857,0,0.0,1.5826090919981652,True,135354,0,6,6,E,5130,0.34285714285714286,True,11.341005948001111
0,41.14775210282275,656,0,,0.475657439761009,6.802747981997527,dstar_lite,False,0,0,3072,12814,2450,0.07560110299891676,0,0.0,0.19486448599855066,True,13730,0,8,8,E,5131,0.36428571428571427,True,11.355003953995038
0,38.46229384373468,577,0,,0.465026880943456,1.1119449819998408,dstar_lite,False,0,0,3738,15676,2381,0.09119293500043568,0,0.0,0.20563644600042608,True,15092,0,5,5,E,5132,0.42142857142857143,True,2.6232637929970224
0,37.520032245584794,565,0,,0.465026880943456,3.442292666000867,dstar_lite,False,0,0,4668,19582,241,0.12170531499941717,0,0.0,0.0712972080000327,True,1485,0,7,7,E,5133,0.45,True,5.386135394997837
0,37.37894348186858,565,0,,0.465026880943456,1.9207063489993743,dstar_lite,False,0,0,4726,19815,520,0.10287878400049522,0,0.0,0.0755549189998419,True,2666,0,6,6,E,5134,0.40714285714285714,True,3.6836832750050235
0,40.48354629820983,625,0,,0.475657439761009,3.4754272300015145,dstar_lite,False,0,0,6044,25018,1413,0.14502287399955094,0,0.0,0.14875635000134935,True,7566,0,6,6,E,5135,0.37142857142857144,True,7.385650585998519
0,37.43864728738931,565,0,,0.465026880943456,2.645081279999431,dstar_lite,False,0,0,1605,6853,1090,0.05472682599793188,0,0.0,0.08896847700088983,True,6936,0,5,5,E,5136,0.42857142857142855,True,4.187518438997358
0,37.02522531191021,556,0,,0.465026880943456,1.8524161599998479,dstar_lite,False,0,0,1738,7292,571,0.048399011000583414,0,0.0,0.06397524600106408,True,2308,0,5,5,E,5137,0.34285714285714286,True,3.747475794996717
0,37.594366002651846,570,0,,0.465026880943456,2.9238419360008265,dstar_lite,False,0,0,4278,17809,1027,0.09737568900163751,0,0.0,0.08441284600121435,True,4100,0,6,6,E,5138,0.4142857142857143,True,4.313586838001356
0,39.38594340232671,595,0,,0.465026880943456,2.0486709580000024,dstar_lite,False,0,0,816,3530,970,0.047828692997427424,0,0.0,0.07626861900280346,True,5034,0,6,6,E,5139,0.30714285714285716,True,3.2883128930006933
0,38.316137576232315,582,0,,0.465026880943456,2.0922175650011923,dstar_lite,False,0,0,3524,14921,422,0.0978814459995192,0,0.0,0.061688439000135986,True,1801,0,6,6,E,5140,0.4857142857142857,True,4.120860421000543
0,41.847696784302855,650,0,,0.475657439761009,10.483891043000767,dstar_lite,False,0,0,909,3995,370,0.04280617400218034,0,0.0,0.04865121799957706,True,2074,0,8,8,E,5141,0.45,True,14.279645849994267
0,37.533362197785856,556,0,,0.465026880943456,1.2623960669989174,dstar_lite,False,0,0,1647,7081,78,0.047253451997676166,0,0.0,0.023509000999183627,True,465,0,6,6,E,5142,0.37857142857142856,True,2.4905735810025362
0,38.235462060733845,590,0,,0.465026880943456,1.842741306998505,dstar_lite,False,0,0,536,2279,699,0.029479613000148674,0,0.0,0.052933785002096556,True,3553,0,7,7,E,5143,0.44285714285714284,True,4.1124779939964355
0,39.54136406086814,600,0,,0.465026880943456,2.6141077610009233,dstar_lite,False,0,0,3417,14404,692,0.07889838600021903,0,0.0,0.08312940999894636,True,3719,0,8,8,E,5144,0.39285714285714285,True,5.167501737007115
0,38.34962192780308,597,0,,0.465026880943456,1.063192732999596,dstar_lite,False,0,0,1589,6767,889,0.06139534899921273,0,0.0,0.052734644999873126,True,2297,0,7,7,E,5145,0.44285714285714284,True,4.243172921000223
0,35.81859929381472,528,0,,0.465026880943456,1.4116388850015937,dstar_lite,False,0,0,5553,23321,2465,0.13675076700019417,0,0.0,0.250480916001834,True,17549,0,5,5,E,5146,0.4642857142857143,True,2.679038890000811
0,37.589872711709084,576,0,,0.465026880943456,3.526481139997486,dstar_lite,False,0,0,5845,24068,336,0.10669976900317124,0,0.0,0.06305101399993873,True,1911,0,6,6,E,5147,0.42142857142857143,True,5.885146673001145
0,38.04333986105308,565,0,,0.465026880943456,1.9738859890021558,dstar_lite,False,0,0,10284,42050,1634,0.22884242899817764,0,0.0,0.14958279399797902,True,5148,0,5,5,E,5148,0.4642857142857143,True,2.9325424900052894
0,39.05240255146801,603,0,,0.465026880943456,3.840559033000318,dstar_lite,False,0,0,5449,23089,581,0.13706912500128965,0,0.0,0.0942383539986622,True,3758,0,7,7,E,5149,0.4642857142857143,True,5.538817226006358
0,37.815761980240616,578,0,,0.465026880943456,3.8069724699998915,dstar_lite,False,0,0,1325,5780,2030,0.0467990879988065,0,0.0,0.1765055050018418,True,14568,0,7,7,E,5150,0.45,True,5.569164838001598
0,39.64468672934491,596,0,,0.4596194077712549,1.4459804100006295,dstar_lite,False,0,0,2178,9243,585,0.0692329659977986,0,0.0,0.047917548999976134,True,1761,0,6,6,E,5151,0.4785714285714286,True,3.6779374959987763
0,39.54465819951257,622,0,,0.475657439761009,1.1403679449977062,dstar_lite,False,0,0,1571,6770,1730,0.05465110299701337,0,0.0,0.13067338199834921,True,9547,0,6,6,E,5152,0.44285714285714284,True,4.571929167996132
0,40.951552265014826,639,0,,0.475657439761009,3.17714606699883,dstar_lite,False,0,0,4533,18643,634,0.12759669000297436,0,0.0,0.08090283300043666,True,1236,0,7,7,E,5153,0.4928571428571429,True,7.063354150002851
0,39.679479236573265,603,0,,0.465026880943456,0.9217450600008306,dstar_lite,False,0,0,903,3929,648,0.041831856997305294,0,0.0,0.06814014799965662,True,4480,0,7,7,E,5154,0.4,True,3.5792842650043895
0,37.908223132713175,588,0,,0.475657439761009,1.695824807000463,dstar_lite,False,0,0,8267,34287,547,0.19237568699827534,0,0.0,0.08843009400152368,True,1781,0,7,7,E,5155,0.4857142857142857,True,4.406382379005663
0,38.522187038471834,572,0,,0.465026880943456,1.3423543199969572,dstar_lite,False,0,0,691,3021,147,0.05396176700014621,0,0.0,0.019345456999872113,True,330,0,9,9,E,5156,0.4785714285714286,True,3.9150113870055065
0,39.352093597866734,594,0,,0.465026880943456,1.3109586950013181,dstar_lite,False,0,0,4592,19386,8992,0.10786544800066622,0,0.0,0.7643447880000167,True,65217,0,4,4,E,5157,0.36428571428571427,True,3.346498653998424
0,41.84950516325574,664,0,,0.475657439761009,5.491498600997147,dstar_lite,False,0,0,5170,21411,2877,0.14289064999684342,0,0.0,0.20446312000058242,True,14310,0,7,7,E,5158,0.4857142857142857,True,9.540204408996942
0,39.424127297543656,603,0,,0.465026880943456,2.3773881470006017,dstar_lite,False,0,0,4135,17295,808,0.0954522360007104,0,0.0,0.09529951800141134,True,3896,0,7,7,E,5159,0.44285714285714284,True,4.814164516003075
0,38.241226675427704,574,0,,0.465026880943456,1.620421936000639,dstar_lite,False,0,0,8804,36888,794,0.19004024600144476,0,0.0,0.12443890199938323,True,4659,0,6,6,E,5160,0.42857142857142855,True,3.5905591459995776
0,40.06290119750721,618,0,,0.465026880943456,2.039996068000619,dstar_lite,False,0,0,3616,15244,252,0.11705673100004788,0,0.0,0.053175248998741154,True,963,0,6,6,E,5161,0.44285714285714284,True,4.1421207939965825
0,41.1393473337478,638,0,,0.465026880943456,2.3303830130025744,dstar_lite,False,0,0,2567,10977,828,0.07260514500012505,0,0.0,0.0846706570009701,True,4288,0,7,7,E,5162,0.37857142857142856,True,4.7803778020061145
0,40.61707335332593,629,0,,0.465026880943456,2.3248032280025654,dstar_lite,False,0,0,5706,23928,476,0.1645058110007085,0,0.0,0.08172524900146527,True,2076,0,8,8,E,5163,0.5214285714285715,True,5.791082357005507
0,36.117689394964934,542,0,,0.465026880943456,1.4430720110030961,dstar_lite,False,0,0,5566,23130,15,0.13272383899675333,0,0.0,0.05375334799828124,True,15,0,6,6,E,5164,0.35,True,3.445452859003126
0,43.13475666417061,677,0,,0.475657439761009,7.201163743000507,dstar_lite,False,0,0,5484,22840,794,0.10420459899978596,0,0.0,0.09665782899901387,True,2996,0,7,7,E,5165,0.45714285714285713,True,11.870119327999419
0,37.56088847674514,570,0,,0.465026880943456,3.185146679999889,dstar_lite,False,0,0,3153,13602,628,0.1321933369981707,0,0.0,0.08774210800038418,True,2886,0,7,7,E,5166,0.40714285714285714,True,5.307429622003838
0,39.37229961408462,597,0,,0.465026880943456,1.9647365030032233,dstar_lite,False,0,0,824,3555,163,0.040186939000705024,0,0.0,0.025345581001602113,True,275,0,7,7,E,5167,0.45,True,4.802541029002896
0,37.893349069819486,572,0,,0.465026880943456,2.904654890000529,dstar_lite,False,0,0,3086,12926,1119,0.0909535139981017,0,0.0,0.10688196100090863,True,7030,0,5,5,E,5168,0.42857142857142855,True,5.44055967299937
0,39.290439379992975,597,0,,0.475657439761009,1.6376317629983532,dstar_lite,False,0,0,10987,45802,16632,0.2302966290008044,0,0.0,1.4036820979999902,True,120032,0,4,4,E,5169,0.30714285714285716,True,3.1956970950013783
0,39.33520664039464,609,0,,0.465026880943456,3.7498888740010443,dstar_lite,False,0,0,3153,13553,1973,0.0940371309989132,0,0.0,0.1749412350000057,True,11110,0,6,6,E,5170,0.40714285714285714,True,5.565534754998225
0,39.4268757391656,599,0,,0.465026880943456,1.3901459299995622,dstar_lite,False,0,0,565,2416,732,0.03099679199658567,0,0.0,0.062091621999570634,True,3732,0,7,7,E,5171,0.40714285714285714,True,3.7618812740001886
0,37.44242720266154,565,0,,0.465026880943456,1.274793196000246,dstar_lite,False,0,0,666,2906,310,0.04485088900037226,0,0.0,0.026352908000262687,True,1028,0,6,6,E,5172,0.4785714285714286,True,3.298363652000262
0,39.94632466768658,647,0,,0.475657439761009,3.9280201369983843,dstar_lite,False,0,0,1462,6376,775,0.06477326499953051,0,0.0,0.07418612699984806,True,4360,0,8,8,E,5173,0.45714285714285713,True,7.576988454991806
0,41.27814015852073,632,0,,0.475657439761009,1.7904120380007953,dstar_lite,False,0,0,9084,37379,18017,0.23486531099842978,0,0.0,1.3981250409997301,True,118859,0,5,5,E,5174,0.40714285714285714,True,5.454164112001308
0,40.096834996728795,616,0,,0.465026880943456,1.3816597110017028,dstar_lite,False,0,0,341,1477,309,0.01766304500051774,0,0.0,0.014983596000092803,True,492,0,8,8,E,5175,0.4,True,4.199142743000266
0,37.4311485187035,568,0,,0.465026880943456,2.1457143199986604,dstar_lite,False,0,0,8831,37014,3324,0.18432670800029882,0,0.0,0.31807464199664537,True,22629,0,5,5,E,5176,0.35714285714285715,True,3.979665020997345
0,38.7258283219742,577,0,,0.465026880943456,1.0473156000007293,dstar_lite,False,0,0,581,2553,165,0.030379723000805825,0,0.0,0.022675435997371096,True,288,0,7,7,E,5177,0.37142857142857144,True,2.8659826010043616
0,38.77728302999945,610,0,,0.475657439761009,1.965091335998295,dstar_lite,False,0,0,2827,12098,903,0.07526057400173158,0,0.0,0.08897479900042526,True,5107,0,7,7,E,5178,0.34285714285714286,True,5.02918994299398
0,45.350441339248576,751,0,,0.475657439761009,2.3112068100017495,dstar_lite,False,0,0,1738,7423,486,0.05606608099697041,0,0.0,0.03857307500220486,True,1628,0,8,8,E,5179,0.4785714285714286,True,8.971790812000108
0,40.267764127911605,612,0,,0.475657439761009,1.2663416610012064,dstar_lite,False,0,0,372,1630,94,0.02489620000051218,0,0.0,0.01827586899889866,True,551,0,6,6,E,5180,0.42142857142857143,True,3.6297221290005837
0,37.55034477605137,576,0,,0.465026880943456,2.0202758320010616,dstar_lite,False,0,0,1791,7620,286,0.05638186899886932,0,0.0,0.038048540001909714,True,860,0,8,8,E,5181,0.4714285714285714,True,5.196677819996694
0,40.22829760084995,613,0,,0.465026880943456,2.293247302000964,dstar_lite,False,0,0,2695,11575,907,0.07629544000155875,0,0.0,0.07722930800082395,True,3898,0,6,6,E,5182,0.45,True,4.623262433997297
0,39.85623271997318,636,0,,0.475657439761009,3.5151893330003077,dstar_lite,False,0,0,4395,18666,2010,0.13747798199983663,0,0.0,0.1406351120022009,True,7990,0,7,7,E,5183,0.39285714285714285,True,6.883546646000468
0,40.819298737936215,615,0,,0.465026880943456,4.803274745001545,dstar_lite,False,0,0,2843,12213,2618,0.08357508400149527,0,0.0,0.2393800760000886,True,16459,0,7,7,E,5184,0.4785714285714286,True,6.861384143008763
0,39.90565363043949,612,0,,0.475657439761009,6.730226913001388,dstar_lite,False,0,0,946,4082,743,0.04001995100043132,0,0.0,0.09925829700296163,True,4560,0,5,5,E,5185,0.38571428571428573,True,8.257782705004502
0,40.90677830546429,643,0,,0.465026880943456,2.409819927001081,dstar_lite,False,0,0,2180,9210,59,0.07900811299987254,0,0.0,0.03591864700138103,True,62,0,8,8,E,5186,0.4142857142857143,True,6.010601275003864
0,36.39400494611673,533,0,,0.465026880943456,1.4705459680008062,dstar_lite,False,0,0,5077,21245,1015,0.13917213000240736,0,0.0,0.11684868600059417,True,6754,0,5,5,E,5187,0.40714285714285714,True,2.3854805050032155
0,37.34624657087276,563,0,,0.465026880943456,1.5970084169966867,dstar_lite,False,0,0,305,1355,79,0.026264023999829078,0,0.0,0.012425524000718724,True,115,0,7,7,E,5188,0.42142857142857143,True,3.4419848510005977
0,38.81916544378199,600,0,,0.465026880943456,1.8882396369990602,dstar_lite,False,0,0,1506,6341,1039,0.05520231500122463,0,0.0,0.07268902100258856,True,3367,0,7,7,E,5189,0.5071428571428571,True,5.414555186001962
0,39.421155432689524,580,0,,0.465026880943456,1.4869982359996357,dstar_lite,False,0,0,557,2451,166,0.028811779000534443,0,0.0,0.016789229997812072,True,310,0,6,6,E,5190,0.42142857142857143,True,2.915888420004194
0,37.824336984062136,588,0,,0.465026880943456,1.1987761130003491,dstar_lite,False,0,0,2022,8732,4457,0.08184865200018976,0,0.0,0.3656310360020143,True,30404,0,7,7,E,5191,0.45714285714285713,True,4.414028098995914
0,39.87381913080494,602,0,,0.465026880943456,1.802785820000281,dstar_lite,False,0,0,441,1922,3975,0.02054107100047986,0,0.0,0.34595466700193356,True,29812,0,7,7,E,5192,0.4,True,4.244255845005682
0,40.02985803455345,628,0,,0.465026880943456,3.1775077909987886,dstar_lite,False,0,0,2520,10509,983,0.06398821100083296,0,0.0,0.08165330100018764,True,3656,0,8,8,E,5193,0.4928571428571429,True,7.149846651998814
0,38.93717485227972,585,0,,0.465026880943456,2.1982498850011325,dstar_lite,False,0,0,5473,22561,5500,0.12445339199985028,0,0.0,0.4059271619989886,True,32985,0,6,6,E,5194,0.45714285714285713,True,4.6011659869982395
0,36.9998628877832,562,0,,0.465026880943456,1.4261023809995095,dstar_lite,False,0,0,3311,13852,1103,0.08542457200019271,0,0.0,0.09363630699954228,True,4920,0,7,7,E,5195,0.45,True,3.8206651299988152
0,38.092194585592644,584,0,,0.465026880943456,3.481466770001134,dstar_lite,False,0,0,2271,9783,518,0.06757471500168322,0,0.0,0.05047509499854641,True,1610,0,7,7,E,5196,0.4142857142857143,True,6.558103238003241
0,38.93083244991765,589,0,,0.465026880943456,2.0593965350017243,dstar_lite,False,0,0,2617,11122,379,0.09325901600095676,0,0.0,0.05373491099817329,True,1814,0,6,6,E,5197,0.5,True,3.8870938750042114
0,39.83564766321964,605,0,,0.465026880943456,1.0845749850013817,dstar_lite,False,0,0,1982,8505,3209,0.08227791500030435,0,0.0,0.2532679959986126,True,20179,0,7,7,E,5198,0.44285714285714284,True,3.112691911002912
0,37.35787858355794,561,0,,0.465026880943456,1.333528095001384,dstar_lite,False,0,0,2555,10912,845,0.0752989799984789,0,0.0,0.07593511799859698,True,4205,0,5,5,E,5199,0.44285714285714284,True,3.6051059879973764
0,39.031269991723796,571,0,,0.465026880943456,1.3848438879977039,dstar_lite,False,0,0,4582,19274,1389,0.12299222399815335,0,0.0,0.11240067899780115,True,7098,0,5,5,E,5200,0.37857142857142856,True,2.960430439998163
0,38.46915510342951,583,0,,0.465026880943456,2.850199483000324,dstar_lite,False,0,0,5649,23711,614,0.14656796700000996,0,0.0,0.09857073999955901,True,2716,0,6,6,E,5201,0.4357142857142857,True,4.356970689001173
0,40.3753495377985,637,0,,0.475657439761009,2.4054020769981435,dstar_lite,False,0,0,2060,8718,784,0.0673384680012532,0,0.0,0.06211478100158274,True,3249,0,8,8,E,5202,0.5071428571428571,True,6.088705265992758
0,40.81361430569641,641,0,,0.465026880943456,6.35177092700178,dstar_lite,False,0,0,5123,21585,381,0.12366438199751428,0,0.0,0.08170853800038458,True,1350,0,5,5,E,5203,0.44285714285714284,True,9.051626274002047
0,36.91539550747871,544,0,,0.465026880943456,2.301049506000709,dstar_lite,False,0,0,13533,55853,1290,0.24702834900017479,0,0.0,0.17146176599999308,True,7077,0,5,5,E,5204,0.37142857142857144,True,3.353212958001677
0,37.270418306190116,551,0,,0.465026880943456,3.7513157459979993,dstar_lite,False,0,0,5006,21137,1127,0.13849354100238997,0,0.0,0.14302948800104787,True,7752,0,4,4,E,5205,0.44285714285714284,True,4.97974515799433
0,40.21199435566256,636,0,,0.465026880943456,2.4027447389998997,dstar_lite,False,0,0,1570,6746,1557,0.05210335199808469,0,0.0,0.10430072199960705,True,6713,0,10,10,E,5206,0.4642857142857143,True,6.927417302998947
0,37.14350775674023,569,0,,0.465026880943456,4.14430910700321,dstar_lite,False,0,0,1890,8227,369,0.06248955100090825,0,0.0,0.04985366400069324,True,2152,0,8,8,E,5207,0.40714285714285714,True,5.0351194990107615
0,36.77021470642109,570,0,,0.465026880943456,5.921147721997841,dstar_lite,False,0,0,2255,9434,559,0.06705516399961198,0,0.0,0.08054088299832074,True,2866,0,6,6,E,5208,0.37857142857142856,True,6.975300420996064
0,41.08995266644818,644,0,,0.465026880943456,5.6615048669991666,dstar_lite,False,0,0,445,1945,151,0.029902706999564543,0,0.0,0.016273920999083202,True,160,0,9,9,E,5209,0.4857142857142857,True,10.080566956003167
0,40.97891597413451,623,0,,0.465026880943456,3.517673685000773,dstar_lite,False,0,0,2164,9337,2333,0.06296861600276316,0,0.0,0.16776878500240855,True,11086,0,6,6,E,5210,0.4857142857142857,True,7.498511342000711
0,39.601058554041394,605,0,,0.465026880943456,4.452505566001491,dstar_lite,False,0,0,6483,27000,562,0.13746200700188638,0,0.0,0.09690575000058743,True,2110,0,6,6,E,5211,0.4,True,6.54037091599821
0,38.73442165352113,601,0,,0.465026880943456,3.71101067500058,dstar_lite,False,0,0,2152,9306,334,0.07634979499925976,0,0.0,0.05251766900255461,True,1717,0,5,5,E,5212,0.4142857142857143,True,6.666060292005568
0,39.4046731342556,624,0,,0.475657439761009,3.987649128001067,dstar_lite,False,0,0,2416,10296,3420,0.0838790859997971,0,0.0,0.2712864280001668,True,19464,0,8,8,E,5213,0.4714285714285714,True,6.911469690996455
0,38.3691342984391,568,0,,0.465026880943456,2.4342979729990475,dstar_lite,False,0,0,13679,56574,324,0.2677050269994652,0,0.0,0.1141484460022184,True,1870,0,3,3,E,5214,0.42857142857142855,True,3.285989382999105
0,39.48500438028218,616,0,,0.475657439761009,1.9719849249995605,dstar_lite,False,0,0,2047,8406,3160,0.07222635400103172,0,0.0,0.16080323699861765,True,11146,0,7,7,E,5215,0.38571428571428573,True,4.893207253997389
0,38.63382120189304,590,0,,0.465026880943456,3.8663563750014873,dstar_lite,False,0,0,2747,11789,522,0.08699354200143716,0,0.0,0.05914294799731579,True,1478,0,6,6,E,5216,0.4,True,6.195809723998536
0,38.168907374306166,580,0,,0.465026880943456,1.5972967009984131,dstar_lite,False,0,0,1584,6783,284,0.04832401300154743,0,0.0,0.041490379997412674,True,1281,0,6,6,E,5217,0.4857142857142857,True,3.8668670379956893
0,39.094017995081494,590,0,,0.465026880943456,1.3695529270007682,dstar_lite,False,0,0,1954,8271,396,0.04417775900219567,0,0.0,0.032348477998311864,True,1191,0,6,6,E,5218,0.40714285714285714,True,3.300303645006352
0,38.12702623219955,581,0,,0.465026880943456,1.7044114759992226,dstar_lite,False,0,0,6073,24691,7531,0.11634584800049197,0,0.0,0.5680668220011285,True,46204,0,6,6,E,5219,0.4142857142857143,True,3.6176766579956166
0,39.572924197184676,625,0,,0.475657439761009,2.5432292289988254,dstar_lite,False,0,0,10369,43204,601,0.21523006099960185,0,0.0,0.11907288000293192,True,1749,0,6,6,E,5220,0.40714285714285714,True,6.172487543997704
0,38.8770212558893,579,0,,0.465026880943456,1.5723814440025308,dstar_lite,False,0,0,2006,8703,275,0.07049770199955674,0,0.0,0.03804554100133828,True,527,0,7,7,E,5221,0.4642857142857143,True,3.758130396003253
0,38.8191094580606,593,0,,0.465026880943456,0.7536741270014318,dstar_lite,False,0,0,5726,23486,4935,0.12418973300009384,0,0.0,0.4099149399989983,True,32660,0,8,8,E,5222,0.42142857142857143,True,3.201120941004774
0,40.31399684858431,627,0,,0.475657439761009,2.109883561002789,dstar_lite,False,0,0,2893,11855,6123,0.0857990289987356,0,0.0,0.41577772600066965,True,34904,0,8,8,E,5223,0.4,True,4.405885306998243
0,41.51408549652207,628,0,,0.475657439761009,4.6091860000015,dstar_lite,False,0,0,2427,10422,2582,0.056311225998797454,0,0.0,0.17737023800145835,True,13297,0,7,7,E,5224,0.4785714285714286,True,7.121425186000124
0,37.35628972006072,552,0,,0.465026880943456,3.621636331998161,dstar_lite,False,0,0,3747,15613,342,0.10126531300193164,0,0.0,0.06750376800118829,True,2051,0,6,6,E,5225,0.37857142857142856,True,5.182569435000914
0,39.51246094912179,597,0,,0.475657439761009,3.381371155999659,dstar_lite,False,0,0,13281,54680,36624,0.22847733699745731,0,0.0,3.147324543999275,True,276153,0,3,3,E,5226,0.39285714285714285,True,4.84898036300001
0,38.16629347672834,584,0,,0.475657439761009,3.059347414997319,dstar_lite,False,0,0,304,1312,797,0.019164680001267698,0,0.0,0.057130815999698825,True,4167,0,7,7,E,5227,0.4,True,4.30174724099561
0,38.68564797177863,588,0,,0.465026880943456,2.9590430999996897,dstar_lite,False,0,0,602,2638,415,0.028894204999232898,0,0.0,0.04347472299923538,True,2377,0,9,9,E,5228,0.42857142857142855,True,5.3771396380034275
0,39.77229253016136,607,0,,0.465026880943456,5.198931385999458,dstar_lite,False,0,0,4686,19752,472,0.1331220909996773,0,0.0,0.07481519900102285,True,1241,0,6,6,E,5229,0.40714285714285714,True,6.472023454993177
0,39.47527674500653,601,0,,0.465026880943456,4.13541469899792,dstar_lite,False,0,0,2821,12043,19,0.07960972000000766,0,0.0,0.04744877799748792,True,88,0,6,6,E,5230,0.4714285714285714,True,6.293009326993342
0,40.64682764056629,620,0,,0.465026880943456,7.024201673000789,dstar_lite,False,0,0,1843,7864,3056,0.051364442999329185,0,0.0,0.2378238199999032,True,18321,0,7,7,E,5231,0.5,True,9.041675492997456
0,39.57690860354554,602,0,,0.465026880943456,2.9084280300012324,dstar_lite,False,0,0,1825,7793,196,0.05802856100126519,0,0.0,0.028589577003003797,True,797,0,5,5,E,5232,0.4642857142857143,True,5.639206709001883
0,38.81098993508673,595,0,,0.465026880943456,2.244035564999649,dstar_lite,False,0,0,557,2448,37,0.028781868000805844,0,0.0,0.014317741999548161,True,37,0,8,8,E,5233,0.4,True,4.396263234997605
0,38.78195624735962,596,0,,0.465026880943456,2.2658423590000893,dstar_lite,False,0,0,1345,5733,581,0.038865023998369,0,0.0,0.04793615500238957,True,2525,0,7,7,E,5234,0.39285714285714285,True,4.297403089996806
0,37.62164189688834,563,0,,0.4962358310319797,1.277363327000785,dstar_lite,False,0,0,1355,5728,414,0.04260073399927933,0,0.0,0.043824542000947986,True,2296,0,5,5,E,5235,0.34285714285714286,True,2.9524074429973552
0,37.982186623794995,582,0,,0.4962358310319797,1.5954318680014694,dstar_lite,False,0,0,464,2058,189,0.03166570699977456,0,0.0,0.013219705000665272,True,588,0,9,9,E,5236,0.4,True,3.439526243008004
0,39.609821096200996,617,0,,0.465026880943456,2.2829637750000984,dstar_lite,False,0,0,8008,33497,5482,0.16115191899734782,0,0.0,0.3709496580013365,True,27329,0,5,5,E,5237,0.38571428571428573,True,5.323119990000123
0,38.41470245273134,572,0,,0.465026880943456,0.7548767059997772,dstar_lite,False,0,0,4589,19513,148,0.11433822099934332,0,0.0,0.05747269000130473,True,353,0,6,6,E,5238,0.4142857142857143,True,2.596886112001812
0,40.18643270586818,621,0,,0.465026880943456,3.424793171001511,dstar_lite,False,0,0,2627,11367,1653,0.09504697200100054,0,0.0,0.12140264199842932,True,7309,0,7,7,E,5239,0.4857142857142857,True,7.015263143010088
0,37.82991082625863,568,0,,0.465026880943456,3.957567117002327,dstar_lite,False,0,0,4318,18039,598,0.10079330499866046,0,0.0,0.07470741500219447,True,3250,0,6,6,E,5240,0.40714285714285714,True,5.436105573997338
0,36.93147538383082,549,0,,0.465026880943456,0.8151984640026058,dstar_lite,False,0,0,1998,8494,2196,0.07096880899916869,0,0.0,0.15958803900139173,True,11994,0,5,5,E,5241,0.35,True,2.208648946005269
0,39.25175719574852,603,0,,0.465026880943456,2.838893349002319,dstar_lite,False,0,0,4988,20958,154,0.12618395300160046,0,0.0,0.04809287399984896,True,703,0,8,8,E,5242,0.4142857142857143,True,5.055251504003536
0,37.450608872772925,554,0,,0.465026880943456,1.1619097610018798,dstar_lite,False,0,0,4684,19303,1330,0.14826053899741964,0,0.0,0.06633521299954737,True,3527,0,4,4,E,5243,0.4142857142857143,True,1.977961366999807
0,41.87647444722704,648,0,,0.475657439761009,5.593674436997389,dstar_lite,False,0,0,1334,5718,580,0.05058878199997707,0,0.0,0.06319858700226177,True,3235,0,7,7,E,5244,0.42142857142857143,True,8.04787063299591
0,38.75451506172791,586,0,,0.465026880943456,1.0234957160027989,dstar_lite,False,0,0,3501,14724,222,0.10630265299914754,0,0.0,0.043904652000492206,True,347,0,5,5,E,5245,0.44285714285714284,True,2.6422798770036025
0,37.22294023341072,566,0,,0.465026880943456,1.2613343449993408,dstar_lite,False,0,0,1043,4444,1189,0.03667541300092125,0,0.0,0.09857736800040584,True,6455,0,8,8,E,5246,0.38571428571428573,True,3.0752660979997017
0,38.41759778238544,567,0,,0.4962358310319797,1.6695582409993222,dstar_lite,False,0,0,5185,21870,290,0.10262752600101521,0,0.0,0.063671207997686,True,1558,0,6,6,E,5247,0.38571428571428573,True,2.9294984619955358
0,40.317663166582214,620,0,,0.465026880943456,2.260730957001215,dstar_lite,False,0,0,4534,19305,1487,0.13891549600157305,0,0.0,0.12778365899794153,True,6654,0,7,7,E,5248,0.5428571428571428,True,7.139407259997824
0,39.25482713463165,609,0,,0.465026880943456,3.53445564499998,dstar_lite,False,0,0,2772,11958,942,0.08229240800210391,0,0.0,0.08785575300134951,True,4197,0,6,6,E,5249,0.45714285714285713,True,6.751742041993566
0,37.88562761849966,581,0,,0.465026880943456,2.9466894150027656,dstar_lite,False,0,0,3210,13490,2065,0.07406832500055316,0,0.0,0.19615196700033266,True,13851,0,7,7,E,5250,0.4142857142857143,True,5.605888755002525
0,38.07976939643005,566,0,,0.4962358310319797,3.300897516000987,dstar_lite,False,0,0,1655,7198,208,0.057507186000293586,0,0.0,0.042514310000115074,True,1210,0,7,7,E,5251,0.37142857142857144,True,5.4960084420054045
0,38.83769922115581,596,0,,0.465026880943456,4.399778308998066,dstar_lite,False,0,0,5558,23712,996,0.15220962099920143,0,0.0,0.11525143700055196,True,3729,0,7,7,E,5252,0.4,True,6.558718288997625
0,37.64318743184452,578,0,,0.465026880943456,1.4078317509993212,dstar_lite,False,0,0,4055,17209,2500,0.1354259949985135,0,0.0,0.19928770499973325,True,11832,0,6,6,E,5253,0.45714285714285713,True,3.956355974998587
0,39.588762222594376,614,0,,0.465026880943456,1.566057197000191,dstar_lite,False,0,0,5192,21880,143,0.12323562399978982,0,0.0,0.07147547700151335,True,848,0,6,6,E,5254,0.45714285714285713,True,4.886727044002328
0,39.32226076702826,586,0,,0.465026880943456,1.0472681940009352,dstar_lite,False,0,0,5228,22060,4644,0.12434795000081067,0,0.0,0.3921694579985342,True,30057,0,5,5,E,5255,0.38571428571428573,True,2.769987972002127
0,37.55553526502607,555,0,,0.465026880943456,3.1300048110024363,dstar_lite,False,0,0,5435,22834,127,0.1328551350015914,0,0.0,0.055116980998718645,True,247,0,4,4,E,5256,0.34285714285714286,True,3.7721134629973676
0,38.167514043929536,585,0,,0.465026880943456,2.767557184000907,dstar_lite,False,0,0,7172,29913,974,0.15935697600070853,0,0.0,0.10153043500031345,True,3561,0,7,7,E,5257,0.38571428571428573,True,4.738861957004701
0,37.88715378231512,567,0,,0.465026880943456,2.0315423449974332,dstar_lite,False,0,0,779,3273,332,0.053026380999654066,0,0.0,0.03712538900072104,True,1509,0,7,7,E,5258,0.5071428571428571,True,3.4876183490014228
0,39.695107785310675,604,0,,0.465026880943456,1.2094055089983158,dstar_lite,False,0,0,977,4238,1874,0.041617408001911826,0,0.0,0.17301294099888764,True,13003,0,9,9,E,5259,0.4357142857142857,True,3.823467312999128
0,37.784773879169656,580,0,,0.465026880943456,1.7021900030013057,dstar_lite,False,0,0,1257,5436,411,0.07015252799828886,0,0.0,0.04112678299861727,True,2266,0,7,7,E,5260,0.45714285714285713,True,3.757739381999272
0,38.77499438235211,581,0,,0.465026880943456,0.6726387039998372,dstar_lite,False,0,0,3061,12943,6783,0.08637518599789473,0,0.0,0.5840290460000688,True,49928,0,5,5,E,5261,0.42857142857142855,True,2.086331071001041
0,40.88342715494278,656,0,,0.47565743976100916,4.849116290002712,dstar_lite,False,0,0,1364,5778,3439,0.03581722099988838,0,0.0,0.28221083999960683,True,24590,0,5,5,E,5262,0.37857142857142856,True,8.309085000004416
0,40.59191414168245,635,0,,0.475657439761009,2.776392850002594,dstar_lite,False,0,0,6595,27475,3623,0.14326418400014518,0,0.0,0.2816554399978486,True,18478,0,8,8,E,5263,0.4142857142857143,True,6.407149209997442
0,39.31699519007465,606,0,,0.475657439761009,7.239605000002484,dstar_lite,False,0,0,883,3891,2078,0.033923212002264336,0,0.0,0.1797086950027733,True,14486,0,5,5,E,5264,0.35,True,8.25959753900679
0,38.61897896749189,575,0,,0.465026880943456,1.5188844759977655,dstar_lite,False,0,0,9490,40135,314,0.20727823400011403,0,0.0,0.10126151599979494,True,1602,0,5,5,E,5265,0.32142857142857145,True,3.3868827980004426
0,40.90057387170892,642,0,,0.465026880943456,2.952602195997315,dstar_lite,False,0,0,680,2965,254,0.03529314800107386,0,0.0,0.03621264300090843,True,1291,0,7,7,E,5266,0.42857142857142855,True,7.977850185994612
0,39.66107448320316,621,0,,0.465026880943456,2.6972407280009065,dstar_lite,False,0,0,2580,11271,490,0.07327060500028892,0,0.0,0.059396933000243735,True,1560,0,6,6,E,5267,0.37857142857142856,True,6.912459258004674
0,38.242621171754806,587,0,,0.475657439761009,1.4775493100023596,dstar_lite,False,0,0,1553,6739,382,0.062275423002574826,0,0.0,0.03723627300132648,True,1102,0,6,6,E,5268,0.4142857142857143,True,4.157475359003001
0,37.941773372063615,571,0,,0.465026880943456,4.550895442000183,dstar_lite,False,0,0,3767,16208,230,0.10253686900250614,0,0.0,0.05244056199808256,True,794,0,7,7,E,5269,0.45,True,6.202018654999847
0,39.70983569810888,618,0,,0.465026880943456,3.3875098549979157,dstar_lite,False,0,0,1357,5902,1805,0.04944068800250534,0,0.0,0.1449110279972956,True,10943,0,8,8,E,5270,0.5142857142857142,True,5.353494488001161
0,37.069478072313565,560,0,,0.465026880943456,1.808587172999978,dstar_lite,False,0,0,1847,7991,875,0.05244899799799896,0,0.0,0.08557255499908933,True,5027,0,6,6,E,5271,0.42142857142857143,True,3.8914978009997867
0,37.974113101969756,589,0,,0.465026880943456,2.0632785900015733,dstar_lite,False,0,0,1328,5618,1386,0.0629409380017023,0,0.0,0.07248247099778382,True,5121,0,8,8,E,5272,0.45,True,3.6503727060007805
0,38.28758571210619,586,0,,0.465026880943456,2.914464482997573,dstar_lite,False,0,0,1472,6434,218,0.07620318400222459,0,0.0,0.026183951002167305,True,558,0,8,8,E,5273,0.5285714285714286,True,4.761156762993778
0,39.52425326014944,625,0,,0.465026880943456,2.4578235799999675,dstar_lite,False,0,0,988,4269,546,0.0501617840018298,0,0.0,0.06371346000014455,True,2856,0,9,9,E,5274,0.4857142857142857,True,5.913237074004428
0,37.32794880234486,564,0,,0.465026880943456,2.757912679000583,dstar_lite,False,0,0,2781,11754,1055,0.08381917500082636,0,0.0,0.12352839899904211,True,7557,0,7,7,E,5275,0.4357142857142857,True,4.509362061005959
0,40.73059310610815,633,0,,0.465026880943456,2.5857834630005527,dstar_lite,False,0,0,815,3576,219,0.03737095199903706,0,0.0,0.035139218998665456,True,771,0,10,10,E,5276,0.5071428571428571,True,5.938077008999244
0,38.08347525408682,603,0,,0.475657439761009,4.354482996001025,dstar_lite,False,0,0,2936,12418,3159,0.10865598599775694,0,0.0,0.25143627500074217,True,19481,0,8,8,E,5277,0.45,True,6.07900284900461
0,39.63606100222596,606,0,,0.475657439761009,3.367526722999173,dstar_lite,False,0,0,9034,37589,1632,0.1835546099973726,0,0.0,0.1538876699996763,True,5797,0,6,6,E,5278,0.40714285714285714,True,5.483532414000365
0,37.06105387285667,555,0,,0.465026880943456,1.573115183000482,dstar_lite,False,0,0,1049,4546,348,0.05111825200219755,0,0.0,0.03784543899746495,True,1862,0,5,5,E,5279,0.40714285714285714,True,3.2029416030018183
0,39.04482457497964,611,0,,0.475657439761009,2.4707417550016544,dstar_lite,False,0,0,684,2958,724,0.052811099998507416,0,0.0,0.06498256300255889,True,3349,0,6,6,E,5280,0.38571428571428573,True,4.95734800500577
0,39.59624973407231,608,0,,0.465026880943456,1.406899618999887,dstar_lite,False,0,0,361,1553,1490,0.028238842998689506,0,0.0,0.12787864500205615,True,10334,0,8,8,E,5281,0.4,True,3.322068509001838
0,38.058779078927905,567,0,,0.465026880943456,3.9392461230017943,dstar_lite,False,0,0,873,3743,321,0.030177591001120163,0,0.0,0.024884215999918524,True,1164,0,6,6,E,5282,0.4142857142857143,True,4.979891446000693
0,39.13621215600413,604,0,,0.465026880943456,2.1438087110000197,dstar_lite,False,0,0,12876,53573,908,0.2895123390007939,0,0.0,0.17068850500072585,True,4704,0,6,6,E,5283,0.4357142857142857,True,5.502712977999181
0,38.97968732817724,582,0,,0.465026880943456,1.772760001997085,dstar_lite,False,0,0,1396,6016,878,0.06882699700145167,0,0.0,0.07898184499936178,True,4281,0,6,6,E,5284,0.4142857142857143,True,3.3325946959957946
0,40.467797273484564,623,0,,0.465026880943456,3.4963879009992525,dstar_lite,False,0,0,2703,11440,1430,0.07304701400062186,0,0.0,0.1368410370014317,True,7971,0,9,9,E,5285,0.4857142857142857,True,6.994598179997411
0,39.462414893268594,604,0,,0.465026880943456,7.537648555000487,dstar_lite,False,0,0,1194,5206,221,0.033313381998596014,0,0.0,0.03672265299974242,True,904,0,7,7,E,5286,0.40714285714285714,True,9.741326263996598
0,39.4085357849809,611,0,,0.475657439761009,1.6549808980016678,dstar_lite,False,0,0,780,3414,623,0.03580543299904093,0,0.0,0.04852596999990055,True,3210,0,7,7,E,5287,0.42857142857142855,True,4.38768451299984
0,38.55885729185602,581,0,,0.465026880943456,1.0814795419973962,dstar_lite,False,0,0,5556,23262,495,0.12905028499881155,0,0.0,0.07308685800308012,True,2536,0,7,7,E,5288,0.4642857142857143,True,2.9920168229982664
0,42.418752507406296,660,0,,0.475657439761009,8.938514442001178,dstar_lite,False,0,0,8667,36727,855,0.18881557300119312,0,0.0,0.16520141799992416,True,4986,0,5,5,E,5289,0.42142857142857143,True,11.87225233200661
0,40.39026577848488,631,0,,0.465026880943456,3.0715137279985356,dstar_lite,False,0,0,2308,9857,774,0.07838241699937498,0,0.0,0.07356714500201633,True,3710,0,8,8,E,5290,0.4714285714285714,True,6.457134724991192
0,39.81484847721011,596,0,,0.465026880943456,3.434868008000194,dstar_lite,False,0,0,1279,5498,82,0.043461088000185555,0,0.0,0.018971784000314074,True,106,0,6,6,E,5291,0.38571428571428573,True,4.114172870002221
0,38.61981689947033,608,0,,0.465026880943456,5.127509319998353,dstar_lite,False,0,0,2686,11269,1455,0.0793226979985775,0,0.0,0.09772950600017793,True,5299,0,8,8,E,5292,0.42857142857142855,True,7.721203747005347
0,40.383025966105656,630,0,,0.465026880943456,2.0545408739999402,dstar_lite,False,0,0,1179,5057,536,0.04367571900002076,0,0.0,0.049604570001974935,True,2512,0,7,7,E,5293,0.45714285714285713,True,5.666635680998297
0,39.42583213190371,584,0,,0.465026880943456,2.356594111999584,dstar_lite,False,0,0,13940,57551,1600,0.3273859569999331,0,0.0,0.21236583399877418,True,8375,0,4,4,E,5294,0.42857142857142855,True,3.0338328429970716
0,42.65747180535959,662,0,,0.475657439761009,2.9867821389998426,dstar_lite,False,0,0,4113,17458,2587,0.12162030299805338,0,0.0,0.16407388799780165,True,10794,0,6,6,E,5295,0.38571428571428573,True,6.281130706000113
0,39.618096809051856,594,0,,0.4596194077712549,3.305300948002696,dstar_lite,False,0,0,2534,10867,642,0.07640331800212152,0,0.0,0.07278486500217696,True,2762,0,6,6,E,5296,0.4928571428571429,True,6.047136819004663
0,36.52235331076417,534,0,,0.465026880943456,2.0021843850008736,dstar_lite,False,0,0,2747,11672,1249,0.08142028700240189,0,0.0,0.1240359149996948,True,7773,0,4,4,E,5297,0.37857142857142856,True,2.9521048509996035
0,37.895533148248276,574,0,,0.475657439761009,1.8437621949997265,dstar_lite,False,0,0,4800,20373,375,0.134754950999195,0,0.0,0.07952584200029378,True,1081,0,7,7,E,5298,0.45714285714285713,True,4.112022209003044
0,41.21253761256097,626,0,,0.465026880943456,4.247786028001428,dstar_lite,False,0,0,4170,17647,1652,0.1190696769990609,0,0.0,0.11947813999722712,True,5694,0,6,6,E,5299,0.37142857142857144,True,7.270775892997335
0,41.37696490746597,652,0,,0.465026880943456,2.5927122680004686,dstar_lite,False,0,0,419,1867,23,0.03691069799970137,0,0.0,0.016156620000401745,True,23,0,9,9,E,5300,0.5428571428571428,True,8.215383607999684
0,38.16955078862927,570,0,,0.465026880943456,0.8289378889967338,dstar_lite,False,0,0,2633,11260,923,0.07528047600135324,0,0.0,0.0900000559995533,True,4525,0,7,7,E,5301,0.42142857142857143,True,2.417853415998252
0,39.08605949857596,600,0,,0.465026880943456,3.6646760379990155,dstar_lite,False,0,0,2735,11635,22,0.06330533599975752,0,0.0,0.032327476001228206,True,151,0,8,8,E,5302,0.42142857142857143,True,6.057506563996867
0,38.221912573071684,600,0,,0.465026880943456,3.668618248000712,dstar_lite,False,0,0,3794,15876,5316,0.10576956099976087,0,0.0,0.3313265040014812,True,25581,0,5,5,E,5303,0.42857142857142855,True,5.215411444001802
0,37.76822862884625,554,0,,0.4596194077712549,0.8989428039967606,dstar_lite,False,0,0,5416,22640,300,0.12992011900132638,0,0.0,0.06715926100150682,True,1586,0,5,5,E,5304,0.35,True,2.3518008519968134
0,37.60747508451393,575,0,,0.465026880943456,2.1967488690024766,dstar_lite,False,0,0,1733,7377,667,0.059229120997770224,0,0.0,0.06884057600109372,True,2633,0,6,6,E,5305,0.42857142857142855,True,4.091478223002923
0,36.79223096500974,548,0,,0.465026880943456,0.8489778240000305,dstar_lite,False,0,0,1352,5651,927,0.0417606880000676,0,0.0,0.07690956399892457,True,5462,0,7,7,E,5306,0.36428571428571427,True,2.5309245670032396
0,38.656391017870256,578,0,,0.465026880943456,1.4301243640002212,dstar_lite,False,0,0,2261,9658,479,0.09060062600110541,0,0.0,0.07178812500205822,True,2990,0,7,7,E,5307,0.45714285714285713,True,3.4038337400015735
0,39.00663459657223,587,0,,0.465026880943456,1.4693101590019069,dstar_lite,False,0,0,441,1962,117,0.027016564999939874,0,0.0,0.016573108001466608,True,232,0,7,7,E,5308,0.37857142857142856,True,3.1777902409994567
0,40.3521537323134,644,0,,0.475657439761009,4.0468091260008805,dstar_lite,False,0,0,694,2988,335,0.031374275000416674,0,0.0,0.024734923001233255,True,1091,0,8,8,E,5309,0.45714285714285713,True,7.722942561995296
0,38.781580380397564,578,0,,0.465026880943456,1.8593025209993357,dstar_lite,False,0,0,8111,33699,1082,0.21579910700165783,0,0.0,0.16236435899918433,True,7385,0,5,5,E,5310,0.40714285714285714,True,4.149857949996658
0,39.95454577799708,626,0,,0.475657439761009,3.73174921700047,dstar_lite,False,0,0,2434,10404,1681,0.09036721799930092,0,0.0,0.11232399900109158,True,7136,0,5,5,E,5311,0.44285714285714284,True,6.270656646000134
0,38.23898823947626,589,0,,0.475657439761009,3.383799128998362,dstar_lite,False,0,0,3125,13066,814,0.07693042000028072,0,0.0,0.08597818999987794,True,4673,0,6,6,E,5312,0.42142857142857143,True,6.381385162992956
0,38.58227313285219,578,0,,0.465026880943456,2.8490140510002675,dstar_lite,False,0,0,6841,28507,1440,0.17916691199934576,0,0.0,0.12021441099932417,True,4255,0,5,5,E,5313,0.39285714285714285,True,4.7339041420054855
0,38.97820886628379,609,0,,0.465026880943456,3.506989458001044,dstar_lite,False,0,0,1460,6147,1249,0.0432193830019969,0,0.0,0.07807742300065001,True,4513,0,6,6,E,5314,0.4928571428571429,True,7.476801806995354
0,39.94540250479212,610,0,,0.465026880943456,1.8401118310030142,dstar_lite,False,0,0,11589,47700,1858,0.21242866800093907,0,0.0,0.1420399219969113,True,4940,0,6,6,E,5315,0.42857142857142855,True,4.599954892004462
0,42.14607824534973,654,0,,0.475657439761009,3.661211077000189,dstar_lite,False,0,0,3035,12660,1940,0.11010136400000192,0,0.0,0.14515305500026443,True,9081,0,5,5,E,5316,0.4928571428571429,True,7.43613614700007
0,37.10879428834509,556,0,,0.465026880943456,3.3531563860015012,dstar_lite,False,0,0,2156,9155,666,0.05171925900140195,0,0.0,0.046668344002682716,True,1768,0,5,5,E,5317,0.39285714285714285,True,4.744722331997764
0,42.92027924680967,690,0,,0.475657439761009,4.295668352999201,dstar_lite,False,0,0,4111,17452,1086,0.11938251100218622,0,0.0,0.10187221600062912,True,4412,0,8,8,E,5318,0.5142857142857142,True,10.473836527999083
0,52.89672374926448,857,0,,0.475657439761009,4.6607906889985316,dstar_lite,False,0,0,2452,10609,768,0.07027024299895857,0,0.0,0.0533919169974979,True,1543,0,8,8,E,5319,0.5571428571428572,True,13.443140489998768
0,40.525334484590964,610,0,,0.465026880943456,1.469680073998461,dstar_lite,False,0,0,3414,14482,2334,0.08038892299737199,0,0.0,0.12718845299968962,True,8093,0,6,6,E,5320,0.37857142857142856,True,4.30289129099765
0,38.75233135333248,600,0,,0.475657439761009,2.1657872070027224,dstar_lite,False,0,0,1260,5459,1076,0.046218800998758525,0,0.0,0.07588441600091755,True,4523,0,6,6,E,5321,0.4142857142857143,True,5.312909626001783
0,39.49996405084418,591,0,,0.465026880943456,0.6681767499976559,dstar_lite,False,0,0,609,2680,551,0.032938889002252836,0,0.0,0.05979185500109452,True,3199,0,7,7,E,5322,0.36428571428571427,True,2.539179802995932
0,38.6808523952647,587,0,,0.465026880943456,1.760106931997143,dstar_lite,False,0,0,5274,22636,144,0.13397691499994835,0,0.0,0.0691525170004752,True,293,0,5,5,E,5323,0.42142857142857143,True,4.283491189995402
0,38.64077851387795,590,0,,0.4962358310319797,3.0977225950009597,dstar_lite,False,0,0,2467,10567,60,0.05858925199936493,0,0.0,0.0342474270000821,True,316,0,8,8,E,5324,0.42142857142857143,True,5.170971144998475
0,40.15418329442448,624,0,,0.465026880943456,1.9135077160026412,dstar_lite,False,0,0,1220,5101,1496,0.04834030399797484,0,0.0,0.09420493400102714,True,6704,0,8,8,E,5325,0.37857142857142856,True,5.234843993999675
0,40.981513256491894,630,0,,0.475657439761009,2.1503650590020698,dstar_lite,False,0,0,2495,10681,979,0.06814657900031307,0,0.0,0.0942750319991319,True,5289,0,7,7,E,5326,0.38571428571428573,True,5.686468286003219
0,45.190495725931484,703,0,,0.475657439761009,12.928079618002812,dstar_lite,False,0,0,2176,9378,1587,0.07608976000119583,0,0.0,0.10235129099964979,True,6326,0,7,7,E,5327,0.42142857142857143,True,16.04695645299944
0,37.86341454095575,563,0,,0.465026880943456,2.757348112998443,dstar_lite,False,0,0,794,3428,648,0.031355638999229996,0,0.0,0.054614271997706965,True,3015,0,6,6,E,5328,0.42857142857142855,True,4.106325837998156
0,39.62889100390307,614,0,,0.465026880943456,2.3326060680010414,dstar_lite,False,0,0,1220,5208,1301,0.04755073900014395,0,0.0,0.1132557619966974,True,7975,0,7,7,E,5329,0.5071428571428571,True,5.569770509999216
0,38.15359366645459,576,0,,0.465026880943456,3.5293503089997103,dstar_lite,False,0,0,3047,12983,8597,0.07698859599986463,0,0.0,0.7184248419980577,True,61518,0,6,6,E,5330,0.4,True,5.253147398001602
0,39.46005403943389,611,0,,0.465026880943456,2.592827805001434,dstar_lite,False,0,0,1723,7345,3801,0.06812348599851248,0,0.0,0.3147819120022177,True,25550,0,7,7,E,5331,0.4,True,4.664966549004021
0,36.5803797201772,551,0,,0.465026880943456,0.7699052880016097,dstar_lite,False,0,0,2786,11478,233,0.07148404499821481,0,0.0,0.03165440100201522,True,947,0,6,6,E,5332,0.44285714285714284,True,2.372268924002128
0,40.48906617364962,605,0,,0.475657439761009,6.180830263001553,dstar_lite,False,0,0,7767,32397,1167,0.16648760099997162,0,0.0,0.1466339109974797,True,6954,0,5,5,E,5333,0.44285714285714284,True,7.137213158996019
0,37.73294151981713,572,0,,0.475657439761009,0.6171147390014085,dstar_lite,False,0,0,1361,5809,5041,0.04692538000017521,0,0.0,0.4448468290029268,True,37761,0,7,7,E,5334,0.4,True,2.80915940399791
0,40.50203515380192,620,0,,0.465026880943456,4.06242862399813,dstar_lite,False,0,0,854,3731,438,0.03924266100148088,0,0.0,0.05388204699920607,True,2403,0,8,8,E,5335,0.37142857142857144,True,7.886917810999876
0,37.45460323032247,564,0,,0.465026880943456,1.4121833280005376,dstar_lite,False,0,0,3243,13758,351,0.09091729300052975,0,0.0,0.049205895000341116,True,1761,0,7,7,E,5336,0.4857142857142857,True,3.875000075000571
0,40.64232645060862,634,0,,0.475657439761009,2.2318423370015807,dstar_lite,False,0,0,4395,18704,236,0.10231485700205667,0,0.0,0.06430341599843814,True,1429,0,7,7,E,5337,0.4357142857142857,True,6.329410220001591
0,46.03378436218615,725,0,,0.465026880943456,4.302416170998185,dstar_lite,False,0,0,1490,6466,53,0.0557459919982648,0,0.0,0.04422508000061498,True,61,0,9,9,E,5338,0.5214285714285715,True,11.255250220001471
0,38.53666382829285,572,0,,0.465026880943456,0.8979632779992244,dstar_lite,False,0,0,1418,6053,1165,0.0678383290032798,0,0.0,0.10279413800162729,True,7144,0,7,7,E,5339,0.40714285714285714,True,2.4254946490000293
0,40.4978383534638,654,0,,0.465026880943456,1.81247616499968,dstar_lite,False,0,0,3396,14027,1626,0.08915824799987604,0,0.0,0.08888018799916608,True,5164,0,10,10,E,5340,0.4714285714285714,True,5.0078135969997675
0,37.5586992947377,569,0,,0.465026880943456,1.861817744000291,dstar_lite,False,0,0,9922,41327,776,0.20175640700108488,0,0.0,0.127755495999736,True,4067,0,7,7,E,5341,0.42857142857142855,True,3.5300597269997525
0,43.20508053164919,695,0,,0.475657439761009,7.238248107001709,dstar_lite,False,0,0,557,2412,1002,0.025101700997765874,0,0.0,0.09384656999827712,True,6170,0,8,8,E,5342,0.4,True,9.222623968995322
0,38.48233075918531,581,0,,0.465026880943456,3.192875152999477,dstar_lite,False,0,0,6069,25159,873,0.12195031100054621,0,0.0,0.09392983799989452,True,4149,0,5,5,E,5343,0.35,True,6.145147450995864
0,38.39799082625348,585,0,,0.465026880943456,5.259376583999256,dstar_lite,False,0,0,14888,61622,26,0.2978941510009463,0,0.0,0.11286459600160015,True,26,0,6,6,E,5344,0.37857142857142856,True,7.3201128330074425
0,39.4493807377652,613,0,,0.465026880943456,2.930647625002166,dstar_lite,False,0,0,2771,11817,2216,0.06865165900308057,0,0.0,0.19685286000094493,True,14941,0,7,7,E,5345,0.38571428571428573,True,6.159516521998739
0,39.08608322306551,594,0,,0.465026880943456,2.874533286001679,dstar_lite,False,0,0,4020,16895,1566,0.0896501939969312,0,0.0,0.09918094599925098,True,4460,0,5,5,E,5346,0.42142857142857143,True,4.998790857003769
0,40.187439626052175,613,0,,0.465026880943456,2.601581769002223,dstar_lite,False,0,0,3837,16183,4731,0.09876042199903168,0,0.0,0.37099384400062263,True,29992,0,7,7,E,5347,0.4642857142857143,True,4.081486765997397
0,37.95232178683596,575,0,,0.465026880943456,2.1762388780007313,dstar_lite,False,0,0,635,2777,197,0.03976124200198683,0,0.0,0.019378188997507095,True,436,0,7,7,E,5348,0.4142857142857143,True,4.447651885006053
0,39.27065725490931,605,0,,0.475657439761009,3.4316899419973197,dstar_lite,False,0,0,1863,7945,2574,0.06644437499926426,0,0.0,0.21057536499938578,True,15116,0,7,7,E,5349,0.45714285714285713,True,5.688684293992992
0,39.46211733796461,600,0,,0.465026880943456,1.6516164889981155,dstar_lite,False,0,0,1290,5502,248,0.05585477399654337,0,0.0,0.03720394300034968,True,1071,0,6,6,E,5350,0.4,True,4.3914401269939844
0,39.412090447066824,603,0,,0.465026880943456,1.9758800650015473,dstar_lite,False,0,0,653,2814,9,0.040302446999703534,0,0.0,0.022020655997039285,True,9,0,7,7,E,5351,0.39285714285714285,True,3.7980194819974713
0,38.846781783348426,610,0,,0.465026880943456,3.7463044510004693,dstar_lite,False,0,0,2764,11770,65,0.08579807799833361,0,0.0,0.03972316200088244,True,65,0,8,8,E,5352,0.4642857142857143,True,7.125079537996498
0,41.79395250995813,650,0,,0.475657439761009,5.719937689998915,dstar_lite,False,0,0,1616,6967,1317,0.058110416000999976,0,0.0,0.13599540700306534,True,9185,0,6,6,E,5353,0.4785714285714286,True,9.709175945004972
0,38.763626195805095,575,0,,0.465026880943456,1.9209623410024506,dstar_lite,False,0,0,1420,6117,340,0.04267990500011365,0,0.0,0.026251798997691367,True,1314,0,6,6,E,5354,0.3357142857142857,True,2.979378733001795
0,38.797834551090894,597,0,,0.465026880943456,4.359461214997282,dstar_lite,False,0,0,5265,22011,7210,0.13168640799995046,0,0.0,0.5683521449973341,True,46984,0,5,5,E,5355,0.37857142857142856,True,6.495625748993916
0,41.895610291756626,656,0,,0.475657439761009,7.762004877997242,dstar_lite,False,0,0,1609,6914,725,0.07614853300037794,0,0.0,0.07469030599895632,True,3527,0,7,7,E,5356,0.40714285714285714,True,10.024231362000137
0,39.71021057279436,596,0,,0.465026880943456,0.7302948579999793,dstar_lite,False,0,0,1825,7785,404,0.07140907699795207,0,0.0,0.05741569199744845,True,2083,0,7,7,E,5357,0.45714285714285713,True,3.3571924669995497
0,41.709029532861045,641,0,,0.465026880943456,2.087791769001342,dstar_lite,False,0,0,3123,13073,1267,0.08480253800007631,0,0.0,0.08615504699992016,True,5066,0,6,6,E,5358,0.4642857142857143,True,5.200060831997689
0,43.666160657786975,696,0,,0.47565743976100916,6.462517643998581,dstar_lite,False,0,0,674,2976,145,0.02611618199807708,0,0.0,0.03126906499892357,True,899,0,6,6,E,5359,0.4357142857142857,True,10.79612935700061
0,42.029843715457986,663,0,,0.475657439761009,2.9650157110008877,dstar_lite,False,0,0,1397,6010,1078,0.046636424001917476,0,0.0,0.08002567100265878,True,4586,0,7,7,E,5360,0.44285714285714284,True,6.545700217990088
0,39.411088279325966,604,0,,0.475657439761009,1.8013921300007496,dstar_lite,False,0,0,9698,39779,18113,0.22106845099915517,0,0.0,1.3904672589997062,True,118847,0,5,5,E,5361,0.45714285714285713,True,4.858963402002701
0,37.69947446748998,587,0,,0.475657439761009,3.106610513998021,dstar_lite,False,0,0,1707,7280,460,0.051127883001754526,0,0.0,0.03792427799999132,True,1861,0,7,7,E,5362,0.35,True,4.933137553998677
0,38.23295285059705,591,0,,0.465026880943456,2.3414236970020283,dstar_lite,False,0,0,2255,9754,345,0.07839337800032808,0,0.0,0.04661632799979998,True,777,0,7,7,E,5363,0.44285714285714284,True,4.872155624001607
0,38.132305925953254,580,0,,0.465026880943456,4.135385667999799,dstar_lite,False,0,0,2580,11226,17,0.07992207400093321,0,0.0,0.04073240000070655,True,17,0,6,6,E,5364,0.4785714285714286,True,6.353357179999875
0,40.78533585106883,651,0,,0.465026880943456,3.4769273460005934,dstar_lite,False,0,0,2959,12315,2911,0.07718884400310344,0,0.0,0.20226646900118794,True,14490,0,8,8,E,5365,0.44285714285714284,True,6.890814340997167
0,40.04594821119337,618,0,,0.465026880943456,1.9738152700010687,dstar_lite,False,0,0,3432,14416,507,0.10556332999840379,0,0.0,0.07669785399775719,True,3233,0,7,7,E,5366,0.45714285714285713,True,5.3439563020037895
0,36.85513272701015,543,0,,0.465026880943456,2.883514342996932,dstar_lite,False,0,0,3822,15990,3103,0.06544203299927176,0,0.0,0.27070013100092183,True,23154,0,3,3,E,5367,0.45714285714285713,True,3.7387879039961263
0,38.51377839106613,584,0,,0.465026880943456,1.0964640020029037,dstar_lite,False,0,0,1113,4770,1278,0.04323868500068784,0,0.0,0.11322906199711724,True,7956,0,9,9,E,5368,0.37857142857142856,True,3.3728864940021595
0,39.41194581098974,601,0,,0.465026880943456,1.419617528001254,dstar_lite,False,0,0,1530,6636,466,0.05783685999995214,0,0.0,0.05136376399968867,True,2433,0,8,8,E,5369,0.44285714285714284,True,3.604035082997143
0,40.17863515169105,616,0,,0.465026880943456,3.4410687449999386,dstar_lite,False,0,0,2992,12753,6245,0.0952254969997739,0,0.0,0.47424896499796887,True,37941,0,6,6,E,5370,0.37142857142857144,True,7.4429533170041395
0,36.21746648689433,539,0,,0.465026880943456,0.9893230050001875,dstar_lite,False,0,0,5292,21797,388,0.13210412199987331,0,0.0,0.0637956030004716,True,2606,0,7,7,E,5371,0.40714285714285714,True,2.7093438070005504
0,41.31690300008647,650,0,,0.475657439761009,2.837322907998896,dstar_lite,False,0,0,4914,20289,6918,0.14089373800015892,0,0.0,0.4141468529996928,True,32876,0,6,6,E,5372,0.39285714285714285,True,5.191916240994033
0,40.18781248704184,633,0,,0.475657439761009,1.850483895999787,dstar_lite,False,0,0,1157,5114,918,0.10202996099906159,0,0.0,0.07783386200026143,True,4695,0,7,7,E,5373,0.5071428571428571,True,5.516966931998468
0,44.912229523653224,695,0,,0.475657439761009,11.78456012999959,dstar_lite,False,0,0,511,2256,651,0.024021985002036672,0,0.0,0.059656081000866834,True,3291,0,9,9,E,5374,0.39285714285714285,True,14.15905945299528
0,42.94377727878512,680,0,,0.47565743976100916,3.037621161998686,dstar_lite,False,0,0,7456,30746,16218,0.1610668989997066,0,0.0,1.1575167830014834,True,99245,0,5,5,E,5375,0.4357142857142857,True,6.159186644999863
0,38.33923134420724,571,0,,0.465026880943456,3.7972762329991383,dstar_lite,False,0,0,3257,13870,467,0.09215574799964088,0,0.0,0.09143468300317181,True,2566,0,8,8,E,5376,0.5071428571428571,True,5.963675704999332
0,40.93801775543303,638,0,,0.465026880943456,3.2927886939978634,dstar_lite,False,0,0,3053,12935,424,0.08719465499962098,0,0.0,0.06155477400170639,True,1871,0,6,6,E,5377,0.5071428571428571,True,5.987291011999332
0,39.10858177563005,612,0,,0.465026880943456,3.706054007001512,dstar_lite,False,0,0,1642,7063,525,0.06765694500063546,0,0.0,0.05295119299989892,True,2209,0,6,6,E,5378,0.39285714285714285,True,7.332412707008189
0,37.97049611465156,581,0,,0.465026880943456,3.0067770660025417,dstar_lite,False,0,0,7936,32847,2676,0.15342316199894412,0,0.0,0.1651126500000828,True,8010,0,5,5,E,5379,0.45,True,4.938012698999955
0,39.390513131485996,613,0,,0.465026880943456,2.795914370999526,dstar_lite,False,0,0,2453,10411,971,0.07199903899891069,0,0.0,0.08309751300112111,True,3248,0,9,9,E,5380,0.4642857142857143,True,8.150608013005694
0,38.921306226772586,592,0,,0.475657439761009,2.0967922400013776,dstar_lite,False,0,0,1959,8089,3292,0.06490707700140774,0,0.0,0.20387869299884187,True,16971,0,6,6,E,5381,0.38571428571428573,True,3.5838240180019056
0,38.87181785191027,597,0,,0.465026880943456,2.071235687999433,dstar_lite,False,0,0,3873,15984,3128,0.07880422199741588,0,0.0,0.1772127369986265,True,12575,0,6,6,E,5382,0.38571428571428573,True,4.240042794997862
0,39.841614959714505,606,0,,0.475657439761009,3.1507348049999564,dstar_lite,False,0,0,5754,24522,844,0.1750121949989989,0,0.0,0.12228316700202413,True,2767,0,6,6,E,5383,0.42142857142857143,True,5.039064917003998
0,37.386434689688606,544,0,,0.465026880943456,0.8490584159990249,dstar_lite,False,0,0,9880,40491,1616,0.20701978700162726,0,0.0,0.17591148799692746,True,10771,0,4,4,E,5384,0.42142857142857143,True,2.007897375999164
0,38.707343954780065,595,0,,0.465026880943456,1.3184666739980457,dstar_lite,False,0,0,1825,7944,1376,0.0583739739995508,0,0.0,0.10868803799894522,True,7108,0,7,7,E,5385,0.45,True,4.276695688997279
0,42.33829060590124,680,0,,0.465026880943456,5.594211401999928,dstar_lite,False,0,0,4062,16814,2754,0.1119359379990783,0,0.0,0.2410989439995319,True,16343,0,8,8,E,5386,0.45,True,8.506355011002597
0,39.47097630194004,601,0,,0.475657439761009,4.986432028999843,dstar_lite,False,0,0,4701,19842,473,0.12153779700020095,0,0.0,0.05805322800006252,True,1549,0,5,5,E,5387,0.4142857142857143,True,6.402915568000026
0,38.43327107972847,590,0,,0.475657439761009,0.9043092339998111,dstar_lite,False,0,0,3226,13894,3838,0.11493811100081075,0,0.0,0.3323228339977504,True,24586,0,8,8,E,5388,0.5142857142857142,True,3.567624828992848
0,39.11458038016596,610,0,,0.475657439761009,1.6588733919998049,dstar_lite,False,0,0,711,3111,148,0.034035718999803066,0,0.0,0.025545030999637675,True,937,0,7,7,E,5389,0.4714285714285714,True,4.730507770997065
0,42.13560800472765,663,0,,0.465026880943456,3.363163149999309,dstar_lite,False,0,0,1407,5858,890,0.059591305998765165,0,0.0,0.04539202000160003,True,2661,0,9,9,E,5390,0.4785714285714286,True,6.276988418005203
0,36.77976286523014,552,0,,0.4962358310319797,1.2753762680004002,dstar_lite,False,0,0,493,2115,367,0.021132982001290657,0,0.0,0.030484767001325963,True,1481,0,7,7,E,5391,0.4,True,2.657229117001407
0,36.41033599252062,541,0,,0.465026880943456,1.296974061999208,dstar_lite,False,0,0,4250,18148,104,0.09640526600196608,0,0.0,0.04887304300063988,True,191,0,6,6,E,5392,0.42142857142857143,True,3.112767577993509
0,36.969160429132366,551,0,,0.465026880943456,1.3288969839995843,dstar_lite,False,0,0,16541,68653,3766,0.34801974199945107,0,0.0,0.4045819599996321,True,24336,0,5,5,E,5393,0.4142857142857143,True,3.2668849020010384
0,39.26427157393423,611,0,,0.465026880943456,2.1913406679996115,dstar_lite,False,0,0,1002,4342,306,0.04038004999893019,0,0.0,0.0366084849993058,True,896,0,8,8,E,5394,0.4642857142857143,True,4.478274092005449
0,40.568174410640815,620,0,,0.465026880943456,2.104685406997305,dstar_lite,False,0,0,3397,14383,304,0.09597082999971462,0,0.0,0.08328902700304752,True,1778,0,7,7,E,5395,0.4857142857142857,True,5.204974677992141
0,38.58161666998101,580,0,,0.465026880943456,2.260874261999561,dstar_lite,False,0,0,2117,9187,3236,0.07689119999849936,0,0.0,0.30119861400089576,True,20696,0,6,6,E,5396,0.5214285714285715,True,3.965125225997326
0,41.388675991058335,644,0,,0.475657439761009,2.9671018720000575,dstar_lite,False,0,0,8498,34885,36521,0.15551243899972178,0,0.0,2.8077119950030465,True,248296,0,6,6,E,5397,0.45,True,7.45409464900149
0,36.45250461612613,546,0,,0.465026880943456,0.6746751319988107,dstar_lite,False,0,0,1999,8574,2398,0.06414616400070372,0,0.0,0.18426731400177232,True,13989,0,6,6,E,5398,0.38571428571428573,True,2.654060758999549
0,37.42923047572126,568,0,,0.465026880943456,1.377377228000114,dstar_lite,False,0,0,2996,12663,1883,0.09620114899735199,0,0.0,0.13849694799864665,True,9484,0,6,6,E,5399,0.42142857142857143,True,3.2312958420043287
0,37.64526752652133,571,0,,0.465026880943456,1.387278657999559,dstar_lite,False,0,0,132,590,94,0.032256105998385465,0,0.0,0.010892174999753479,True,154,0,5,5,E,5400,0.37142857142857144,True,2.6437051489920123
0,39.523290598991316,591,0,,0.465026880943456,1.9859557769996172,dstar_lite,False,0,0,2435,10603,401,0.06002009700023336,0,0.0,0.05276946199956001,True,2143,0,5,5,E,5401,0.3142857142857143,True,3.303988178999134
0,43.46678749275708,674,0,,0.475657439761009,7.921037444000831,dstar_lite,False,0,0,6894,28249,4856,0.14245316600135993,0,0.0,0.2988198869970802,True,17793,0,7,7,E,5402,0.45,True,10.460396046000824
0,38.09676044616663,569,0,,0.475657439761009,2.258676634999574,dstar_lite,False,0,0,3840,16060,2848,0.10696226000072784,0,0.0,0.19110846199691878,True,13503,0,4,4,E,5403,0.32857142857142857,True,2.9134205669979565
0,41.51446101050741,630,0,,0.465026880943456,7.641205592997721,dstar_lite,False,0,0,155,687,497,0.01415568500306108,0,0.0,0.05273906100046588,True,3066,0,9,9,E,5404,0.5071428571428571,True,10.248143823995633
0,41.148581183362374,628,0,,0.465026880943456,2.647366470999259,dstar_lite,False,0,0,1092,4684,531,0.0493649629970605,0,0.0,0.055513250998046715,True,2465,0,8,8,E,5405,0.42142857142857143,True,6.419141310998384
0,36.2284741973039,550,0,,0.465026880943456,0.9264268949991674,dstar_lite,False,0,0,344,1519,564,0.020223609997628955,0,0.0,0.06161669900029665,True,3083,0,8,8,E,5406,0.34285714285714286,True,2.778873841998575
0,39.074865452493775,602,0,,0.465026880943456,2.2721092679967114,dstar_lite,False,0,0,861,3756,251,0.047814328001550166,0,0.0,0.02665666000029887,True,844,0,8,8,E,5407,0.38571428571428573,True,5.388639371994941
0,37.765633024849805,577,0,,0.475657439761009,1.0919790389998525,dstar_lite,False,0,0,5729,23618,11115,0.1201856499974383,0,0.0,0.9680624590000662,True,84342,0,5,5,E,5408,0.40714285714285714,True,3.0277606779964117
0,40.039962073371015,617,0,,0.4596194077712549,1.711443362000864,dstar_lite,False,0,0,2141,9229,58,0.06572004400004516,0,0.0,0.025692645998788066,True,84,0,7,7,E,5409,0.45,True,4.552292939999461
0,38.814346726078604,590,0,,0.465026880943456,2.377183745997172,dstar_lite,False,0,0,2967,12909,161,0.08211121200292837,0,0.0,0.03960328699758975,True,334,0,6,6,E,5410,0.42857142857142855,True,4.452194698995299
0,46.19004623544414,735,0,,0.47565743976100916,5.8904337890016905,dstar_lite,False,0,0,634,2714,25,0.0457076610000513,0,0.0,0.016255414000625024,True,25,0,7,7,E,5411,0.42857142857142855,True,11.014964820002206
0,37.77381701377727,564,0,,0.465026880943456,3.0253211200033547,dstar_lite,False,0,0,1704,7386,54,0.06420540600083768,0,0.0,0.021910267998464406,True,54,0,5,5,E,5412,0.42142857142857143,True,4.813336324004922
0,38.42123269066603,606,0,,0.475657439761009,1.4841531330021098,dstar_lite,False,0,0,9893,41457,14258,0.21685491199968965,0,0.0,1.0514232969981094,True,85805,0,6,6,E,5413,0.4857142857142857,True,5.08696412000063
0,39.411524209594006,603,0,,0.475657439761009,1.5723783489993366,dstar_lite,False,0,0,6157,25172,18480,0.1379251270009263,0,0.0,1.4302907870005583,True,126517,0,4,4,E,5414,0.34285714285714286,True,3.8963978009996936
0,38.05857244877479,565,0,,0.465026880943456,0.8900898079991748,dstar_lite,False,0,0,2834,11894,2507,0.1005271959984384,0,0.0,0.20053255200036801,True,14902,0,5,5,E,5415,0.4714285714285714,True,2.473531321997143
0,37.62735344513824,576,0,,0.475657439761009,1.6555853060017398,dstar_lite,False,0,0,2895,12014,7013,0.07369235100122751,0,0.0,0.5267996009970375,True,44031,0,9,9,E,5416,0.4142857142857143,True,3.6769471430015983
0,42.446014276888356,661,0,,0.465026880943456,7.650820344999374,dstar_lite,False,0,0,3274,13671,2805,0.08079238699792768,0,0.0,0.114892638001038,True,7133,0,7,7,E,5417,0.4142857142857143,True,13.599541969000711
0,38.39856663251613,590,0,,0.465026880943456,4.137535636000393,dstar_lite,False,0,0,3249,14018,218,0.08708400600153254,0,0.0,0.057699725999555085,True,1160,0,7,7,E,5418,0.40714285714285714,True,6.733808250002767
0,42.7271231694441,708,0,,0.47565743976100916,2.1659516139989137,dstar_lite,False,0,0,2534,10778,4555,0.11182291099976283,0,0.0,0.4321384549984941,True,35020,0,6,6,E,5419,0.4714285714285714,True,5.8383921809981985
0,38.44352757796626,571,0,,0.465026880943456,1.128560353998182,dstar_lite,False,0,0,1229,5250,1148,0.04553841700180783,0,0.0,0.09936333400037256,True,6798,0,6,6,E,5420,0.42142857142857143,True,2.1308555680043355
0,39.480346127967124,612,0,,0.475657439761009,5.108985953000229,dstar_lite,False,0,0,2259,9543,291,0.06710463800118305,0,0.0,0.04955535599947325,True,1592,0,7,7,E,5421,0.4142857142857143,True,7.868121448998863
0,44.72942767491567,743,0,,0.475657439761009,7.871079805998306,dstar_lite,False,0,0,4182,17305,6468,0.10248001500076498,0,0.0,0.331755045997852,True,23542,0,7,7,E,5422,0.42142857142857143,True,13.339862205993995
0,36.750980762298646,543,0,,0.465026880943456,1.01707068199903,dstar_lite,False,0,0,2275,9847,457,0.07539303099838435,0,0.0,0.06955291499980376,True,3034,0,6,6,E,5423,0.4357142857142857,True,2.6638903839993873
0,42.36283827145772,693,0,,0.475657439761009,2.7936552929968457,dstar_lite,False,0,0,10067,41228,21199,0.21803345499938587,0,0.0,1.43909855399761,True,119269,0,8,8,E,5424,0.44285714285714284,True,8.495631154997682
0,39.64871755305051,607,0,,0.465026880943456,1.7044955790006497,dstar_lite,False,0,0,946,4095,763,0.04538176099958946,0,0.0,0.06206772899895441,True,3410,0,8,8,E,5425,0.42857142857142855,True,3.9182376519929676
0,37.63422038222493,567,0,,0.465026880943456,3.093836031999672,dstar_lite,False,0,0,4496,18852,191,0.12289362600131426,0,0.0,0.06642131999979028,True,796,0,8,8,E,5426,0.38571428571428573,True,5.96680599800311
0,41.14766424732526,641,0,,0.465026880943456,2.3795894620016043,dstar_lite,False,0,0,3069,13112,827,0.08640331299829995,0,0.0,0.07650157999887597,True,3193,0,7,7,E,5427,0.42857142857142855,True,5.12146792600106
0,42.174048217570935,678,0,,0.465026880943456,1.9048981140003889,dstar_lite,False,0,0,3419,14349,3767,0.10433214600197971,0,0.0,0.20691793100195355,True,12804,0,9,9,E,5428,0.4785714285714286,True,6.591567370007397
0,37.70162663113276,577,0,,0.465026880943456,3.9653582379978616,dstar_lite,False,0,0,4986,21367,1949,0.13264916599655407,0,0.0,0.18576702100108378,True,10643,0,5,5,E,5429,0.44285714285714284,True,5.055391767997207
0,40.74249629416475,660,0,,0.465026880943456,3.127841333000106,dstar_lite,False,0,0,594,2575,326,0.02634546600165777,0,0.0,0.018799546000082046,True,566,0,9,9,E,5430,0.44285714285714284,True,6.767305293993559
0,37.252834961176596,560,0,,0.465026880943456,2.5107008569975733,dstar_lite,False,0,0,1118,4774,362,0.04273316800026805,0,0.0,0.03849217400056659,True,1736,0,8,8,E,5431,0.36428571428571427,True,3.6347443529921293
0,40.05230224476479,611,0,,0.475657439761009,4.165125109000655,dstar_lite,False,0,0,10381,42996,1501,0.25742244700086303,0,0.0,0.1776162550013396,True,6229,0,6,6,E,5432,0.37857142857142856,True,8.881328320996545
0,38.18213682673527,575,0,,0.4596194077712549,3.503833303002466,dstar_lite,False,0,0,1041,4551,126,0.04600835500241374,0,0.0,0.03032938799879048,True,776,0,6,6,E,5433,0.37142857142857144,True,5.164737246999721
0,37.81319731915405,564,0,,0.465026880943456,1.846266614000342,dstar_lite,False,0,0,669,2868,651,0.038238799999817275,0,0.0,0.05455091199837625,True,3385,0,7,7,E,5434,0.40714285714285714,True,3.397352102001605
0,39.18446566063817,616,0,,0.475657439761009,2.9659442900010617,dstar_lite,False,0,0,4508,18958,6967,0.14437064300000202,0,0.0,0.5154252850006742,True,40602,0,5,5,E,5435,0.4928571428571429,True,5.455110693004826
0,37.179130242268975,565,0,,0.465026880943456,1.5938273749998189,dstar_lite,False,0,0,1666,7099,1526,0.056888816001446685,0,0.0,0.12813983899832238,True,9234,0,5,5,E,5436,0.39285714285714285,True,3.500166386998899
0,40.145154465840186,621,0,,0.465026880943456,5.761198701999092,dstar_lite,False,0,0,4514,19124,653,0.12155568399975891,0,0.0,0.0738307840001653,True,2821,0,5,5,E,5437,0.4142857142857143,True,7.238408483000967
0,41.274138676668464,640,0,,0.465026880943456,4.140409761999763,dstar_lite,False,0,0,2509,10834,388,0.07882222499756608,0,0.0,0.051913243001763476,True,1273,0,7,7,E,5438,0.40714285714285714,True,6.997887741003069
0,39.626361587097996,624,0,,0.465026880943456,2.827623532997677,dstar_lite,False,0,0,810,3531,1425,0.03690467799970065,0,0.0,0.1080579849985952,True,7569,0,8,8,E,5439,0.4357142857142857,True,5.888248338003905
0,38.731310287059515,587,0,,0.4962358310319797,3.196752813000785,dstar_lite,False,0,0,876,3777,190,0.05484593100118218,0,0.0,0.02993383799912408,True,373,0,7,7,E,5440,0.40714285714285714,True,5.994684286004485
0,39.790834806069924,617,0,,0.475657439761009,1.0213134799996624,dstar_lite,False,0,0,4428,18392,3402,0.10450031499931356,0,0.0,0.18560827400142443,True,13743,0,7,7,E,5441,0.4142857142857143,True,3.6927927449978597
0,38.16714338405644,581,0,,0.465026880943456,4.1578249060003145,dstar_lite,False,0,0,1432,6119,191,0.044433726001443574,0,0.0,0.03105129500181647,True,1104,0,7,7,E,5442,0.4357142857142857,True,6.187553282001318
0,40.030083607301016,609,0,,0.465026880943456,2.728730758000893,dstar_lite,False,0,0,8609,35182,5132,0.18398990299829165,0,0.0,0.380945430999418,True,27103,0,5,5,E,5443,0.4142857142857143,True,3.9101078900057473
0,39.55205754171249,606,0,,0.465026880943456,3.30728354600069,dstar_lite,False,0,0,859,3622,9551,0.03807312299977639,0,0.0,0.8441488839998783,True,74251,0,5,5,E,5444,0.42857142857142855,True,6.490716720993078
0,38.62677789208758,608,0,,0.465026880943456,1.737477086000581,dstar_lite,False,0,0,6068,25385,2066,0.17429587299920968,0,0.0,0.17447839700253098,True,9557,0,7,7,E,5445,0.45,True,4.325337927995861
0,38.32857453989955,592,0,,0.475657439761009,1.6062235639983555,dstar_lite,False,0,0,3003,12311,12316,0.059271843998430995,0,0.0,0.9325855079987377,True,82972,0,6,6,E,5446,0.40714285714285714,True,4.080133252999076
0,39.04826127827723,593,0,,0.465026880943456,1.2068395390015212,dstar_lite,False,0,0,2679,11584,1639,0.07715753699812922,0,0.0,0.15136570599861443,True,10685,0,8,8,E,5447,0.45,True,2.775991388003604
0,39.80373740793876,606,0,,0.465026880943456,4.243727755998407,dstar_lite,False,0,0,316,1358,88,0.022955491000175243,0,0.0,0.01564135099761188,True,114,0,9,9,E,5448,0.45714285714285713,True,6.560328798008413
0,39.28872251083979,614,0,,0.475657439761009,2.258166966999852,dstar_lite,False,0,0,4333,18410,492,0.09442688800118049,0,0.0,0.06605263999881572,True,1480,0,7,7,E,5449,0.4642857142857143,True,5.988638540002285
0,40.488386303934796,618,0,,0.465026880943456,8.128216034001525,dstar_lite,False,0,0,834,3598,1214,0.029187094998633256,0,0.0,0.11566446700089728,True,8539,0,6,6,E,5450,0.37142857142857144,True,10.94908817599935
0,41.28420204021026,655,0,,0.475657439761009,4.865632231001655,dstar_lite,False,0,0,5270,21838,4712,0.11360177599999588,0,0.0,0.21695536599872867,True,15393,0,7,7,E,5451,0.4142857142857143,True,6.768365238003753
0,39.74669418855556,607,0,,0.465026880943456,2.1493850759979978,dstar_lite,False,0,0,2820,11824,2564,0.10573524899882614,0,0.0,0.17282998899827362,True,10811,0,5,5,E,5452,0.42857142857142855,True,4.760234817997116
0,39.039518384665556,595,0,,0.4962358310319797,1.752759041999525,dstar_lite,False,0,0,1956,8396,63,0.08098448600139818,0,0.0,0.03939877700031502,True,489,0,8,8,E,5453,0.4,True,4.6341761340045196
0,38.927468861072434,591,0,,0.465026880943456,2.3895324369987065,dstar_lite,False,0,0,2895,12355,813,0.08187341400116566,0,0.0,0.07669741000063368,True,3470,0,7,7,E,5454,0.4714285714285714,True,4.284183748000942
0,36.96617294035763,557,0,,0.465026880943456,1.3744356560018787,dstar_lite,False,0,0,11996,49790,4638,0.24375307299851556,0,0.0,0.42874094500075444,True,30789,0,5,5,E,5455,0.4642857142857143,True,2.987269233999541
0,39.89468434312302,629,0,,0.475657439761009,2.1485416110008373,dstar_lite,False,0,0,2501,10627,5637,0.0768369219986198,0,0.0,0.40569951399811544,True,32610,0,8,8,E,5456,0.37857142857142856,True,5.481732774002012
0,40.6578484921536,617,0,,0.465026880943456,3.7294442810016335,dstar_lite,False,0,0,3375,14206,1180,0.11338901500130305,0,0.0,0.0887699100021564,True,2760,0,6,6,E,5457,0.42857142857142855,True,6.2927712540076755
0,39.15247064312801,611,0,,0.475657439761009,3.3078680129983695,dstar_lite,False,0,0,1715,7236,2354,0.0809335829981137,0,0.0,0.13383903200156055,True,8941,0,7,7,E,5458,0.42142857142857143,True,6.3884781030028535
0,38.70747026070673,587,0,,0.475657439761009,5.005058064001787,dstar_lite,False,0,0,5387,22822,604,0.1254937699995935,0,0.0,0.07982224399893312,True,1614,0,4,4,E,5459,0.36428571428571427,True,5.4951561329980905
0,39.300492123625254,587,0,,0.465026880943456,1.6256441389996326,dstar_lite,False,0,0,8733,36762,14298,0.19558620599855203,0,0.0,1.151511987001868,True,99687,0,3,3,E,5460,0.4,True,4.137033987997711
0,37.21176098514126,553,0,,0.465026880943456,3.0417028019983263,dstar_lite,False,0,0,4877,20380,196,0.11040760700052488,0,0.0,0.04805353399933665,True,1241,0,5,5,E,5461,0.4142857142857143,True,4.486437882998871
0,35.788654076369475,534,0,,0.465026880943456,0.8301609390000522,dstar_lite,False,0,0,1241,5386,465,0.04537971500030835,0,0.0,0.045188937001512386,True,2277,0,7,7,E,5462,0.4,True,2.3524931259998993
0,41.342458624220576,646,0,,0.465026880943456,3.5947600019972015,dstar_lite,False,0,0,3285,14052,421,0.08893580799849587,0,0.0,0.07287684199764044,True,2445,0,7,7,E,5463,0.45714285714285713,True,8.75770066399491
0,39.405998037961545,590,0,,0.465026880943456,0.9663491569990583,dstar_lite,False,0,0,3217,13907,702,0.09632693199819187,0,0.0,0.08410374499726458,True,3179,0,7,7,E,5464,0.37857142857142856,True,3.1545158849949075
0,39.35709148981386,611,0,,0.465026880943456,3.3219074459993863,dstar_lite,False,0,0,557,2411,447,0.05532328299887013,0,0.0,0.04655357800220372,True,2541,0,7,7,E,5465,0.5,True,6.479072651000024
0,39.30900422166891,607,0,,0.465026880943456,1.9722604640010104,dstar_lite,False,0,0,2130,9151,370,0.07025643899760325,0,0.0,0.052734449000126915,True,1648,0,7,7,E,5466,0.42857142857142855,True,4.568656806997751
0,39.24064910695087,598,0,,0.475657439761009,1.6761904129998584,dstar_lite,False,0,0,1656,6927,2232,0.07250585499787121,0,0.0,0.10407803400084958,True,7552,0,7,7,E,5467,0.5,True,4.289489747003245
0,39.96107323399712,612,0,,0.465026880943456,1.555686716998025,dstar_lite,False,0,0,164,726,98,0.01556693800011999,0,0.0,0.01200670800244552,True,126,0,9,9,E,5468,0.4785714285714286,True,3.989158974996826
0,38.41919424017129,593,0,,0.465026880943456,3.7149542320003093,dstar_lite,False,0,0,2046,8693,334,0.06425801200020942,0,0.0,0.043313665002642665,True,1457,0,6,6,E,5469,0.39285714285714285,True,4.910309878996486
0,37.88271797486002,569,0,,0.465026880943456,3.183199824001349,dstar_lite,False,0,0,7686,31831,739,0.14015860500148847,0,0.0,0.1091420479970111,True,4223,0,5,5,E,5470,0.42857142857142855,True,4.998315677999926
0,42.482865102906715,674,0,,0.475657439761009,2.0818978770003014,dstar_lite,False,0,0,2212,9146,22256,0.08947336300116149,0,0.0,1.9881209209997905,True,177019,0,6,6,E,5471,0.42857142857142855,True,6.189700809998612
0,39.81466246889472,623,0,,0.465026880943456,3.5426066719992377,dstar_lite,False,0,0,2268,9685,1751,0.06425726599991322,0,0.0,0.12378052699932596,True,7503,0,7,7,E,5472,0.40714285714285714,True,6.12050036400251
0,39.46726225117188,596,0,,0.465026880943456,1.577405052998074,dstar_lite,False,0,0,2401,10335,2402,0.07236250999994809,0,0.0,0.20641354200051865,True,15707,0,8,8,E,5473,0.45,True,3.160928363002313
0,42.81775361454408,653,0,,0.465026880943456,9.031783648999408,dstar_lite,False,0,0,2000,8615,3429,0.06897485799709102,0,0.0,0.2855908179990365,True,22749,0,7,7,E,5474,0.4,True,11.548428932997922
0,40.97127643587824,651,0,,0.475657439761009,2.0519315710007504,dstar_lite,False,0,0,7680,31495,10464,0.14928733499982627,0,0.0,0.641041913000663,True,52186,0,7,7,E,5475,0.44285714285714284,True,6.12573490199793
0,37.697384803059606,574,0,,0.475657439761009,1.919826836001448,dstar_lite,False,0,0,7375,30329,1314,0.11661001900210977,0,0.0,0.12315791199944215,True,7058,0,6,6,E,5476,0.37857142857142856,True,4.239264885003649
0,40.59085558544504,636,0,,0.475657439761009,3.62305912499869,dstar_lite,False,0,0,3184,13320,1382,0.08090044999698875,0,0.0,0.12519424200218054,True,8572,0,6,6,E,5477,0.4357142857142857,True,6.785611782994238
0,38.81854254146861,574,0,,0.465026880943456,0.9885097810001753,dstar_lite,False,0,0,482,2070,310,0.045116594003047794,0,0.0,0.03914005699698464,True,1977,0,7,7,E,5478,0.4357142857142857,True,2.614684327003488
0,40.108645043523026,625,0,,0.475657439761009,3.0371703839991824,dstar_lite,False,0,0,1340,5621,3000,0.060984194999036845,0,0.0,0.2614312509977026,True,21751,0,5,5,E,5479,0.4,True,5.763035650001257
0,42.27874477045475,688,0,,0.475657439761009,2.10040372399817,dstar_lite,False,0,0,1235,5271,895,0.04283206100080861,0,0.0,0.045080791001964826,True,2705,0,8,8,E,5480,0.44285714285714284,True,6.594016484996246
0,40.20001386693841,621,0,,0.465026880943456,2.7302720049992786,dstar_lite,False,0,0,878,3842,901,0.05242310899848235,0,0.0,0.08446291699874564,True,4577,0,9,9,E,5481,0.45,True,6.464159816991014
0,38.44975794102911,587,0,,0.465026880943456,2.7413459830022475,dstar_lite,False,0,0,1646,7069,834,0.06692124900291674,0,0.0,0.06398258400076884,True,2767,0,6,6,E,5482,0.37857142857142856,True,5.208330543999182
0,39.834133496246366,655,0,,0.475657439761009,1.8955698520003352,dstar_lite,False,0,0,2422,10324,2206,0.1020088429977477,0,0.0,0.22555057000136003,True,17141,0,7,7,E,5483,0.40714285714285714,True,5.162008112001786
0,38.792602416096,608,0,,0.475657439761009,1.5367723960007424,dstar_lite,False,0,0,2821,11837,1000,0.06952636099958909,0,0.0,0.06291867099935189,True,2673,0,7,7,E,5484,0.4642857142857143,True,4.555755197008693
0,42.81504450976249,668,0,,0.475657439761009,3.1269095620009466,dstar_lite,False,0,0,2767,11490,682,0.063529318998917,0,0.0,0.05708806300026481,True,3069,0,6,6,E,5485,0.44285714285714284,True,5.595497335005348
0,38.75280317208837,590,0,,0.465026880943456,1.557070028000453,dstar_lite,False,0,0,583,2509,29,0.032223280002654064,0,0.0,0.01966984699902241,True,29,0,7,7,E,5486,0.4142857142857143,True,3.9222876590029045
0,39.527304140586836,613,0,,0.4962358310319797,1.3538053629999922,dstar_lite,False,0,0,4025,16946,206,0.10219016600240138,0,0.0,0.05694046300050104,True,1208,0,7,7,E,5487,0.4142857142857143,True,4.7698127220028255
0,37.99397810029186,567,0,,0.465026880943456,1.2664644360011152,dstar_lite,False,0,0,1216,5294,263,0.03404466299980413,0,0.0,0.03180880900254124,True,1485,0,5,5,E,5488,0.37857142857142856,True,2.5734759860024496
0,40.0288464797405,602,0,,0.465026880943456,1.1579401130002225,dstar_lite,False,0,0,2160,9333,1165,0.07249412000237498,0,0.0,0.09569231899877195,True,5783,0,7,7,E,5489,0.45714285714285713,True,3.7342945509954006
0,39.79812786927399,630,0,,0.465026880943456,3.7693206980002287,dstar_lite,False,0,0,1395,5958,839,0.0744792650002637,0,0.0,0.06586932100253762,True,2991,0,7,7,E,5490,0.4642857142857143,True,7.523886895000032
0,38.51284329453973,598,0,,0.465026880943456,3.153570012000273,dstar_lite,False,0,0,1401,6042,2024,0.049396847000025446,0,0.0,0.1679041520001192,True,12974,0,7,7,E,5491,0.38571428571428573,True,5.105121043998224
0,39.101501910985,580,0,,0.465026880943456,0.8648837260006985,dstar_lite,False,0,0,4258,17593,5736,0.11290626299887663,0,0.0,0.48020696800085716,True,39033,0,6,6,E,5492,0.39285714285714285,True,2.674228136995225
0,40.225090475416735,645,0,,0.475657439761009,4.423454589999892,dstar_lite,False,0,0,6432,26551,12335,0.14641130800009705,0,0.0,0.9287852790002944,True,79562,0,3,3,E,5493,0.35,True,8.780228212999646
0,43.5119476797347,673,0,,0.4962358310319797,10.360472746000596,dstar_lite,False,0,0,1105,4767,1036,0.045929947002150584,0,0.0,0.1026717610002379,True,6504,0,9,9,E,5494,0.4857142857142857,True,13.832034570012183
0,39.381706238688466,600,0,,0.4962358310319797,3.355605626999022,dstar_lite,False,0,0,2059,8836,319,0.08151714300038293,0,0.0,0.049952119999943534,True,1623,0,8,8,E,5495,0.4714285714285714,True,6.343017477000103
0,38.01118566214765,569,0,,0.4962358310319797,4.322433924997313,dstar_lite,False,0,0,2752,11656,2023,0.08374309700229787,0,0.0,0.19737088100009714,True,15414,0,4,4,E,5496,0.44285714285714284,True,5.939775778995681
0,39.68377456927582,617,0,,0.465026880943456,2.524656680998305,dstar_lite,False,0,0,2489,10534,431,0.09737060299812583,0,0.0,0.05832485499922768,True,2354,0,7,7,E,5497,0.42142857142857143,True,5.302339444995596
0,39.546775160167904,594,0,,0.465026880943456,2.271296271999745,dstar_lite,False,0,0,10324,42340,23269,0.22491843299940228,0,0.0,2.0421874200001184,True,179124,0,4,4,E,5498,0.38571428571428573,True,4.6890548129995295
0,40.3670692396839,621,0,,0.475657439761009,1.7194055069994647,dstar_lite,False,0,0,7110,29198,8712,0.1461461649996636,0,0.0,0.5575995209983375,True,45291,0,7,7,E,5499,0.4,True,4.284147731999838
