collision_count,executed_path_length,execution_steps,failed_planner_calls,failure_reason,final_goal_distance,maximum_planning_time_s,planner,planner_backtrack_failed,planner_backtrack_tries,planner_blocked_edges,planner_blocked_steps,planner_collision_checks,planner_expanded_nodes,planner_map_update_time_s,planner_max_active_virtual_obstacles,planner_planning_effort,planner_search_time_s,planner_virtual_obstacles_created,planning_calls,replans,scenario,seed,sensed_obstacle_ratio,success,total_planning_time_s
0,37.841227468467594,902,0,,0.4596194077712549,0.7370824709978478,astar,False,0,124527,0,40302,5046,0.6648712200003501,0,0.0,0.0711530579974351,0,3,3,A,5000,0.4375,True,1.27156254700094
0,40.33207908092287,1060,0,,0.49239212016440975,1.447257757998159,astar,False,0,308292,0,25597,3241,0.1614698640005372,0,0.0,0.07283306700264802,0,6,6,A,5001,0.5875,True,5.041647142999864
0,44.52607050042815,1175,0,,0.4769171835864189,0.8000057219978771,astar,False,0,319681,0,22790,2872,0.27176368000073126,0,0.0,0.05406417199992575,0,7,7,A,5002,0.55,True,3.211694958001317
0,46.25227911972005,1220,0,,0.4596194077712549,1.05738086600104,astar,False,0,311373,0,23874,3037,0.3092573620015173,0,0.0,0.07135226799800876,0,8,8,A,5003,0.5375,True,3.8184846850053873
0,39.80898070806005,1018,0,,0.49239212016440975,0.9748980910007958,astar,False,0,241777,0,86064,10778,0.08703866599898902,0,0.0,0.15527915900020162,0,7,7,A,5004,0.5125,True,3.439606994004862
0,42.204770864025235,1084,0,,0.4596194077712549,0.8656885189993773,astar,False,0,261020,0,8440,1079,0.07119832900207257,0,0.0,0.03089276399987284,0,6,6,A,5005,0.4875,True,2.9258260629976576
0,37.18866722617561,925,0,,0.4596194077712549,0.921315608000441,astar,False,0,311333,0,6842,883,0.30569219900280586,0,0.0,0.028529918999993242,0,6,6,A,5006,0.55,True,2.7545061360033287
0,38.58799393914508,980,0,,0.4596194077712549,1.2766027449979447,astar,False,0,272843,0,9494,1223,0.8269260399974883,0,0.0,0.0300585549994139,0,3,3,A,5007,0.3875,True,2.9253598709983635
0,38.34206410952395,953,0,,0.4628714724413279,0.7590837050011032,astar,False,0,260065,0,79229,9912,0.11505794899858302,0,0.0,0.13803478200134123,0,5,5,A,5008,0.35,True,2.547224739999365
0,38.46778488051526,972,0,,0.4628714724413279,0.6442920599984063,astar,False,0,214489,0,63523,8017,0.5303448810009286,0,0.0,0.11206449900055304,0,4,4,A,5009,0.425,True,2.09537921899755
0,38.83920170233442,957,0,,0.4596194077712549,0.7861584019992733,astar,False,0,225783,0,41359,5247,0.2593085910011723,0,0.0,0.10043339199910406,0,4,4,A,5010,0.3625,True,1.6883702980012458
0,37.56365581705484,918,0,,0.4596194077712549,0.8181673890030652,astar,False,0,224722,0,9306,1180,0.16502706299797865,0,0.0,0.024613942001451505,0,5,5,A,5011,0.3875,True,1.5456875170020794
0,36.1392589277625,903,0,,0.4596194077712549,0.7527612739977485,astar,False,0,273984,0,9445,1201,0.41105645800053026,0,0.0,0.03196352399754687,0,6,6,A,5012,0.4375,True,2.917210970001179
0,36.60636708537096,897,0,,0.4596194077712549,0.6474919689972012,astar,False,0,217033,0,52927,6633,0.25012794499707525,0,0.0,0.10008708500026842,0,6,6,A,5013,0.45,True,2.3349652249962674
0,37.03264815019544,926,0,,0.481300322044355,0.7782844700013811,astar,False,0,225162,0,7715,988,0.16619219499989413,0,0.0,0.024222203999670455,0,6,6,A,5014,0.45,True,2.0190351950004697
0,38.929286006077604,959,0,,0.481300322044355,0.8945815070001117,astar,False,0,150846,0,263545,32964,0.47554710899930797,0,0.0,0.405349169002875,0,3,3,A,5015,0.3875,True,1.9620022890012478
0,35.90217622932218,879,0,,0.4596194077712549,0.5315014490006433,astar,False,0,206874,0,48613,6147,0.4376077199995052,0,0.0,0.0924505479997606,0,4,4,A,5016,0.425,True,1.4859846760009532
0,38.48376340612565,962,0,,0.4596194077712549,0.6911667679996754,astar,False,0,235393,0,11076,1405,0.14964462100033415,0,0.0,0.02673266100100591,0,6,6,A,5017,0.5875,True,2.4651664840021112
0,39.8339044244722,988,0,,0.4596194077712549,0.8367830349998258,astar,False,0,273444,0,12777,1670,0.20863507600006415,0,0.0,0.05441715300185024,0,6,6,A,5018,0.375,True,2.0626490710019425
0,39.65388251795015,1033,0,,0.49239212016440975,1.2011788829986472,astar,False,0,319865,0,17209,2240,0.6992608479995397,0,0.0,0.04271249199882732,0,4,4,A,5019,0.575,True,3.5216438400057086
0,39.04823194937652,972,0,,0.489948976935355,0.5516397480023443,astar,False,0,193129,0,27484,3442,0.16035036999892327,0,0.0,0.048957391001749784,0,5,5,A,5020,0.4125,True,2.137816851001844
0,37.817282544454045,935,0,,0.4596194077712549,0.9177598109999963,astar,False,0,285365,0,5972,751,0.20839821600020514,0,0.0,0.02635594000093988,0,5,5,A,5021,0.4625,True,2.561478736002755
0,37.43734725759492,917,0,,0.4596194077712549,1.095130149002216,astar,False,0,262578,0,13461,1722,1.0583590070018545,0,0.0,0.03643733300123131,0,4,4,A,5022,0.4625,True,1.4656371270029922
0,36.86532732003998,902,0,,0.4596194077712549,0.5469338049988437,astar,False,0,108601,0,91908,11492,0.029851769999368116,0,0.0,0.13801573800083133,0,5,5,A,5023,0.4625,True,1.7916551389971573
0,36.803224900428695,883,0,,0.4596194077712549,0.5044873820006615,astar,False,0,251878,0,10857,1370,0.463316424000368,0,0.0,0.028860590999101987,0,5,5,A,5024,0.4375,True,1.961659728007362
0,36.86795976725007,927,0,,0.4596194077712549,0.5615504269990197,astar,False,0,213275,0,8559,1111,0.24505729200245696,0,0.0,0.023327662001975114,0,5,5,A,5025,0.5,True,1.6051921989965194
0,41.98226825471348,1064,0,,0.4850257725111133,1.093455410999013,astar,False,0,312710,0,45352,5711,0.27921074999903794,0,0.0,0.10262885699921753,0,5,5,A,5026,0.4875,True,3.3131072350006434
0,40.458699950056186,1080,0,,0.4966387016735619,0.6779736669996055,astar,False,0,198776,0,20062,2577,0.31946925499869394,0,0.0,0.036886701000184985,0,6,6,A,5027,0.425,True,2.4955700740028988
0,36.827545072606455,924,0,,0.4596194077712549,0.8427791419999267,astar,False,0,280099,0,35628,4491,0.2352497880019655,0,0.0,0.08558096900014789,0,5,5,A,5028,0.4125,True,2.05006778900497
0,39.55332563468625,1011,0,,0.46157339611377224,0.7243089379990124,astar,False,0,297791,0,9318,1167,0.1422997369991208,0,0.0,0.030512278000969673,0,6,6,A,5029,0.5375,True,2.504766001005919
0,39.51228875372312,989,0,,0.4596194077712549,0.40836667599796783,astar,False,0,181934,0,70975,8914,0.21846423100214452,0,0.0,0.13798476300144102,0,8,8,A,5030,0.5375,True,2.249151444990275
0,37.87769902267176,959,0,,0.4596194077712549,0.4853330810001353,astar,False,0,216909,0,4299,548,0.03840142199987895,0,0.0,0.017797049000364495,0,8,8,A,5031,0.425,True,2.606122047003737
0,37.086897740694056,910,0,,0.4596194077712549,0.6669603469999856,astar,False,0,276776,0,7268,930,0.22783973200057517,0,0.0,0.02713669399963692,0,6,6,A,5032,0.4875,True,2.421069163006905
0,41.436903747185774,1062,0,,0.4596194077712549,0.9653943539997272,astar,False,0,244107,0,42718,5405,0.30598433100021794,0,0.0,0.08139494100032607,0,6,6,A,5033,0.475,True,3.14901890899273
0,39.484565828901985,1006,0,,0.4596194077712549,0.6860688720007602,astar,False,0,268099,0,9013,1139,0.35598846199718537,0,0.0,0.02837675399860018,0,5,5,A,5034,0.525,True,2.3548307940000086
0,37.688537506561794,944,0,,0.4596194077712549,0.3649042590004683,astar,False,0,199773,0,8458,1100,0.1973017210002581,0,0.0,0.02236285199978738,0,5,5,A,5035,0.4375,True,1.3038563069967495
0,37.77265354850795,956,0,,0.4596194077712549,0.49028419200112694,astar,False,0,256209,0,4450,569,0.044809461000113515,0,0.0,0.019539635999535676,0,8,8,A,5036,0.525,True,2.2648876949970145
0,39.16794091727982,976,0,,0.49239212016440975,0.8540123489983671,astar,False,0,262927,0,112524,14069,0.14031174399860902,0,0.0,0.20001569299711264,0,6,6,A,5037,0.5,True,3.425572949996422
0,37.252277243958986,946,0,,0.49239212016440975,0.8125128630017571,astar,False,0,155723,0,75442,9446,0.17696103799971752,0,0.0,0.12587760300084483,0,5,5,A,5038,0.35,True,2.2683834100025706
0,45.16132344228219,1205,0,,0.4596194077712549,0.5648373930016533,astar,False,0,228245,0,48756,6240,0.09100966299956781,0,0.0,0.08975796799859381,0,7,7,A,5039,0.5125,True,2.1540106490065227
0,38.12703056935824,944,0,,0.4596194077712549,0.6484237639997446,astar,False,0,185322,0,10048,1280,0.2509318619995611,0,0.0,0.023966872999153566,0,5,5,A,5040,0.45,True,1.9443696499984071
0,38.98410352968423,955,0,,0.46157339611377224,0.42127652899944223,astar,False,0,86395,0,155789,19568,0.16732219400000758,0,0.0,0.24792651900133933,0,4,4,A,5041,0.4,True,1.0753498019985273
0,38.937771421220496,989,0,,0.4596194077712549,0.8161014479992446,astar,False,0,270445,0,12454,1608,0.12870303300223895,0,0.0,0.03383865700016031,0,5,5,A,5042,0.4,True,2.401329154996347
0,38.775149677118264,1006,0,,0.4596194077712549,1.0834077239996986,astar,False,0,280074,0,23800,3043,0.30831739399945945,0,0.0,0.0694486960019276,0,5,5,A,5043,0.5,True,2.6188437829951
0,37.0982255425913,910,0,,0.4596194077712549,1.1337906219996512,astar,False,0,301834,0,11414,1448,0.10062575999836554,0,0.0,0.033702778000588296,0,6,6,A,5044,0.45,True,2.851869047004584
0,39.27469943421705,972,0,,0.4596194077712549,0.8607980359993235,astar,False,0,257084,0,11048,1391,0.14420945900201332,0,0.0,0.02779390299838269,0,6,6,A,5045,0.425,True,3.020765322002262
0,39.80565205208066,996,0,,0.4596194077712549,0.7399518050006009,astar,False,0,264469,0,6607,836,0.1510744609986432,0,0.0,0.02533170899914694,0,6,6,A,5046,0.4125,True,2.6672724580021168
0,37.516593251781856,912,0,,0.4596194077712549,0.6047157309985778,astar,False,0,145690,0,9445,1188,0.11182440500124358,0,0.0,0.022861374000058277,0,5,5,A,5047,0.4375,True,1.6537080929992953
0,39.14015856574491,1004,0,,0.47502631506054627,0.7771553589991527,astar,False,0,289277,0,20336,2653,0.2726340599983814,0,0.0,0.06259666299956734,0,7,7,A,5048,0.45,True,3.5293193770012294
0,39.404895625402226,978,0,,0.4596194077712549,0.6090318919996207,astar,False,0,285830,0,8189,1045,0.14212937000047532,0,0.0,0.029338683998503257,0,7,7,A,5049,0.4875,True,2.0011414909968153
0,37.67600820966414,931,0,,0.4596194077712549,0.712824810998427,astar,False,0,182832,0,163665,20511,0.45553501000176766,0,0.0,0.2500974939976004,0,4,4,A,5050,0.4875,True,1.735088043002179
0,41.717273654941984,1071,0,,0.46157339611377224,1.167787717000465,astar,False,0,221580,0,101916,12769,0.06645292599932873,0,0.0,0.16633731599722523,0,4,4,A,5051,0.4125,True,1.8665601080028864
0,37.51099225716832,946,0,,0.4596194077712549,1.0023215030014399,astar,False,0,305360,0,9196,1169,0.15170815699821105,0,0.0,0.03232201900027576,0,5,5,A,5052,0.5375,True,2.9907264200010104
0,39.3113010901995,1018,0,,0.4596194077712549,0.9505634720007947,astar,False,0,283163,0,4631,595,0.5059219720023975,0,0.0,0.02462142600052175,0,5,5,A,5053,0.4125,True,2.59350150300088
0,41.50078519458518,1113,0,,0.47817360864021063,0.7742220140025893,astar,False,0,226037,0,6249,805,0.1398804439995729,0,0.0,0.02025342900014948,0,8,8,A,5054,0.4125,True,2.493303810002544
0,38.08681124902901,963,0,,0.4596194077712549,0.8089578530016297,astar,False,0,176043,0,145767,18281,0.5009101100004045,0,0.0,0.22043143100017915,0,4,4,A,5055,0.4,True,2.731600763996539
0,38.86672217719197,979,0,,0.489948976935355,0.4589887820002332,astar,False,0,199377,0,24941,3184,0.39971805900131585,0,0.0,0.05381838600078481,0,7,7,A,5056,0.3625,True,1.9052212530041288
0,42.24164875370818,1083,0,,0.4596194077712549,0.6883005639974726,astar,False,0,237979,0,9510,1197,0.06946699299805914,0,0.0,0.025801071999012493,0,9,9,A,5057,0.475,True,3.2024975930035
0,40.14055485376364,1032,0,,0.481300322044355,1.2217355480024708,astar,False,0,264389,0,9306,1183,0.07651991699822247,0,0.0,0.028833822998421965,0,7,7,A,5058,0.4875,True,3.5875425549966167
0,38.92191997110569,1027,0,,0.4596194077712549,0.9183086839984753,astar,False,0,245872,0,39900,5093,0.223400048998883,0,0.0,0.07978345199808246,0,5,5,A,5059,0.4125,True,2.7171410729970376
0,40.85932270823491,1032,0,,0.48254533465779303,0.6698458870014292,astar,False,0,267442,0,11208,1445,0.21477020800011815,0,0.0,0.031389282001327956,0,8,8,A,5060,0.475,True,2.415892138003983
0,38.53526589874642,982,0,,0.4596194077712549,0.8645557760028169,astar,False,0,206188,0,34878,4440,0.7969994129998668,0,0.0,0.06692422900232486,0,4,4,A,5061,0.4375,True,2.36340249600471
0,35.838752659222074,858,0,,0.4850257725111133,0.9728434539974842,astar,False,0,198150,0,32785,4162,0.9028425459982827,0,0.0,0.06921720700120204,0,2,2,A,5062,0.425,True,1.0856474579995847
0,39.58969127320146,1002,0,,0.4596194077712549,0.7699563380010659,astar,False,0,197838,0,43184,5460,0.19546317600179464,0,0.0,0.08538214800137212,0,5,5,A,5063,0.3625,True,2.3878375870044692
0,39.57980138157438,1003,0,,0.4596194077712549,0.7237547380027536,astar,False,0,255993,0,41923,5342,0.3593957089979085,0,0.0,0.07861226100067142,0,4,4,A,5064,0.3875,True,2.1620968480092415
0,37.0482253261193,912,0,,0.4596194077712549,0.5766283359989757,astar,False,0,200102,0,3563,452,0.11079777799750445,0,0.0,0.016592112002399517,0,7,7,A,5065,0.45,True,2.721657926995249
0,37.16993388426767,908,0,,0.4769171835864189,0.6978903050003282,astar,False,0,270993,0,14022,1790,0.6202016019997245,0,0.0,0.07732160899831797,0,4,4,A,5066,0.425,True,1.8151912419998553
0,36.32453725468761,904,0,,0.4596194077712549,0.3682325830013724,astar,False,0,222917,0,9116,1165,0.34326951300317887,0,0.0,0.024735750997933792,0,6,6,A,5067,0.4375,True,1.6912788180088683
0,40.72446288306375,1075,0,,0.4769171835864189,0.7871223609981826,astar,False,0,260366,0,21693,2795,0.40111149299991666,0,0.0,0.03979519099812023,0,6,6,A,5068,0.525,True,2.386304845997074
0,40.90846156052756,1083,0,,0.4596194077712549,1.3229284129993175,astar,False,0,234866,0,11888,1500,0.09331506799935596,0,0.0,0.056756752001092536,0,6,6,A,5069,0.425,True,3.190193744998396
0,43.44680385556535,1121,0,,0.47502631506054627,0.7924291109993646,astar,False,0,292970,0,7294,928,0.10798946999784675,0,0.0,0.00990394899781677,0,7,7,A,5070,0.5875,True,2.5113215610035695
0,38.4514842915175,953,0,,0.4769171835864189,0.8097668310001609,astar,False,0,215173,0,18140,2269,0.28602009799942607,0,0.0,0.036845300001004944,0,5,5,A,5071,0.3875,True,2.0809448559994053
0,37.79369343105947,962,0,,0.4596194077712549,0.8714850360011042,astar,False,0,200581,0,67513,8517,0.2953773419976642,0,0.0,0.11587272199903964,0,6,6,A,5072,0.475,True,2.3322005910049484
0,42.37537158558659,1119,0,,0.4596194077712549,1.051330821999727,astar,False,0,271125,0,67390,8582,0.2950884230012889,0,0.0,0.1258691959992575,0,6,6,A,5073,0.5875,True,3.4906911840007524
0,40.26553561137728,1056,0,,0.4628714724413279,0.8082068280018575,astar,False,0,306994,0,18059,2288,0.3715167969967297,0,0.0,0.06258722599886823,0,7,7,A,5074,0.5875,True,3.0101264900004026
0,40.02719577390403,1023,0,,0.4628714724413279,1.0261639870004728,astar,False,0,176900,0,149755,18789,0.24229139700037194,0,0.0,0.22766485300235217,0,5,5,A,5075,0.45,True,2.2839047930028755
0,36.04746793337482,888,0,,0.4596194077712549,0.4687813279997499,astar,False,0,274636,0,7741,970,0.13281822799763177,0,0.0,0.02816210899982252,0,7,7,A,5076,0.475,True,2.0835519739957817
0,41.55274115879524,1085,0,,0.4596194077712549,1.3578601449989947,astar,False,0,286594,0,6169,775,0.1346433580001758,0,0.0,0.045062789002258796,0,6,6,A,5077,0.4125,True,3.4708389449988317
0,40.737781038751926,1064,0,,0.4596194077712549,0.7249988820003637,astar,False,0,244416,0,111217,14008,0.44286443799865083,0,0.0,0.172827161000896,0,6,6,A,5078,0.4375,True,2.887703631000477
0,37.66551440717206,943,0,,0.4628714724413279,0.8070515069994144,astar,False,0,330599,0,17013,2161,0.13028106999990996,0,0.0,0.06306711400247877,0,8,8,A,5079,0.4875,True,2.5282948569984
0,39.253505781721444,990,0,,0.4596194077712549,0.8168975170010526,astar,False,0,262774,0,5059,650,0.11189327399915783,0,0.0,0.00784183400173788,0,7,7,A,5080,0.45,True,2.6299864960019477
0,41.80632944435596,1086,0,,0.4596194077712549,0.9335336469994218,astar,False,0,294439,0,11549,1450,0.24112110900023254,0,0.0,0.034269964999111835,0,5,5,A,5081,0.4375,True,3.0665337739992538
0,37.99744431779296,956,0,,0.4596194077712549,0.7706654889989295,astar,False,0,275442,0,10564,1349,0.1071165290013596,0,0.0,0.0316528270013805,0,5,5,A,5082,0.4875,True,2.2814076939976076
0,36.81256313944616,904,0,,0.4596194077712549,0.7135663139997632,astar,False,0,208775,0,11522,1478,0.09198350199949346,0,0.0,0.02638655199916684,0,6,6,A,5083,0.3625,True,2.036735451001732
0,36.80162799815409,897,0,,0.481300322044355,0.950490670002182,astar,False,0,215155,0,62678,7875,0.8215516739983286,0,0.0,0.12719704499977524,0,3,3,A,5084,0.4625,True,1.689846055003727
0,39.64614544550423,993,0,,0.4596194077712549,0.4791243879990361,astar,False,0,306140,0,2867,365,0.1575705530012783,0,0.0,0.004822858998522861,0,8,8,A,5085,0.4875,True,2.323899689003156
0,47.82875661485419,1230,0,,0.4850257725111133,0.8873315080018074,astar,False,0,326286,0,128683,16262,0.1736068680002063,0,0.0,0.21075419800035888,0,6,6,A,5086,0.5375,True,3.3247363310038054
0,39.83183681657351,987,0,,0.4628714724413279,0.6747905020019971,astar,False,0,186650,0,46909,5928,0.30588662499940256,0,0.0,0.08371992300089914,0,5,5,A,5087,0.4125,True,1.9909159309972893
0,40.99498479165648,1066,0,,0.489948976935355,0.7109750810013793,astar,False,0,230080,0,25176,3238,0.2224005419993773,0,0.0,0.055490888000349514,0,6,6,A,5088,0.4125,True,2.7090971180005
0,38.5017862674437,941,0,,0.4596194077712549,0.836364909002441,astar,False,0,259096,0,13174,1666,0.11554327299745637,0,0.0,0.031783490001544124,0,7,7,A,5089,0.4375,True,1.7685196509955858
0,38.4047094186927,925,0,,0.4596194077712549,0.4680768309990526,astar,False,0,154388,0,9980,1253,0.43272121799964225,0,0.0,0.0349491510023654,0,4,4,A,5090,0.4375,True,1.3143819969991455
0,38.78147384459393,958,0,,0.4596194077712549,0.5033942870031751,astar,False,0,239087,0,7555,964,0.07141788299850305,0,0.0,0.022939389000384836,0,7,7,A,5091,0.4875,True,2.206963718002953
0,38.747422562590415,970,0,,0.4596194077712549,0.7281503840022197,astar,False,0,250996,0,27661,3553,0.5266860150004504,0,0.0,0.06201072600015323,0,4,4,A,5092,0.4125,True,1.7369880310034205
0,37.725184974894226,915,0,,0.4596194077712549,0.7426621589984279,astar,False,0,230184,0,81283,10186,0.581623698999465,0,0.0,0.15862553599799867,0,4,4,A,5093,0.4625,True,2.4425321400049143
0,39.345798692166696,1003,0,,0.4781736086402098,1.1829618609990575,astar,False,0,277893,0,16737,2167,0.19466339100108598,0,0.0,0.04016577800211962,0,5,5,A,5094,0.5,True,3.126508825000201
0,37.873729164537146,938,0,,0.4596194077712549,0.8929862400000275,astar,False,0,216171,0,79935,10059,0.7467921310017118,0,0.0,0.14380129799974384,0,3,3,A,5095,0.3875,True,1.953978476994962
0,37.264124886846545,949,0,,0.4596194077712549,0.8282466769996972,astar,False,0,220197,0,7881,995,0.07464141099990229,0,0.0,0.02226571299979696,0,7,7,A,5096,0.4375,True,2.7983302000066033
0,37.36240887058809,944,0,,0.481300322044355,1.3016397150022385,astar,False,0,218562,0,181418,22889,1.0187003250030102,0,0.0,0.2743122600004426,0,3,3,A,5097,0.4,True,1.816942999004823
0,40.36566219004486,1029,0,,0.4769171835864189,0.8374234189977869,astar,False,0,252867,0,19005,2412,0.14356450599734671,0,0.0,0.03945572800148511,0,7,7,A,5098,0.4625,True,3.2712967730003584
0,40.5154327186289,1014,0,,0.4596194077712549,0.8042887629999314,astar,False,0,227360,0,87194,10928,0.34538924300068174,0,0.0,0.1475130069993611,0,5,5,A,5099,0.575,True,2.825487008001801
0,39.20939781165807,985,0,,0.4596194077712549,1.3737822359980782,astar,False,0,307684,0,111624,13980,0.44726249700033804,0,0.0,0.22116383200045675,0,5,5,A,5100,0.5375,True,3.2832426679997297
0,37.35009231682021,933,0,,0.4596194077712549,0.7306347070007178,astar,False,0,219382,0,29914,3838,0.24027037999985623,0,0.0,0.05149402299866779,0,6,6,A,5101,0.4375,True,2.594792834002874
0,36.94286553730818,898,0,,0.4596194077712549,0.7902986480003165,astar,False,0,102531,0,57949,7251,0.18592173300203285,0,0.0,0.09071626900185947,0,4,4,A,5102,0.3375,True,1.9962187290038855
0,37.462077550305025,931,0,,0.4850257725111133,0.8008288190030726,astar,False,0,231845,0,13214,1667,0.15322109299813746,0,0.0,0.031121615997108165,0,6,6,A,5103,0.4875,True,3.0320307170004526
0,36.4934288184728,896,0,,0.46157339611377224,0.5826026989998354,astar,False,0,270689,0,48942,6162,0.4794576700005564,0,0.0,0.10197974299808266,0,6,6,A,5104,0.425,True,2.221251276001567
0,38.58436625339854,975,0,,0.4596194077712549,0.9942030109996267,astar,False,0,209518,0,10801,1355,0.1265194040024653,0,0.0,0.036655406998761464,0,5,5,A,5105,0.55,True,2.744148697998753
0,37.085085342072965,903,0,,0.4850257725111133,0.7410251910005172,astar,False,0,184348,0,19330,2449,0.39015930999812554,0,0.0,0.04718757299997378,0,4,4,A,5106,0.3875,True,2.2405645369981357
0,38.731714021166894,974,0,,0.4756574397610127,0.694761804999871,astar,False,0,194562,0,20007,2616,0.29586210600245977,0,0.0,0.035341198003152385,0,4,4,A,5107,0.4125,True,1.3513448979938403
0,38.35027840178187,962,0,,0.4596194077712549,0.875666492000164,astar,False,0,256719,0,6320,823,0.6367964019991632,0,0.0,0.022053310000046622,0,4,4,A,5108,0.2625,True,2.4069927410018863
0,40.137273675325034,1015,0,,0.4596194077712549,0.9937726850002946,astar,False,0,308550,0,3268,429,0.3148510710016126,0,0.0,0.024232840001786826,0,7,7,A,5109,0.55,True,4.248145595007372
0,36.26281015272879,898,0,,0.4596194077712549,1.1647585849968891,astar,False,0,207893,0,43682,5472,0.25504875099795754,0,0.0,0.07324513099956675,0,5,5,A,5110,0.4375,True,2.293622413992125
0,40.766366003566546,1070,0,,0.4596194077712549,1.487157693998597,astar,False,0,274706,0,131153,16406,0.37318935000075726,0,0.0,0.24869555599798332,0,7,7,A,5111,0.425,True,5.721988552999392
0,40.367534362316256,1059,0,,0.4596194077712549,0.5830791750013304,astar,False,0,278575,0,7802,991,0.12019566399976611,0,0.0,0.011043909002182772,0,7,7,A,5112,0.4625,True,2.434066948004329
0,38.590581300645574,945,0,,0.4596194077712549,0.5595212560001528,astar,False,0,160246,0,22905,2911,0.21407190500030993,0,0.0,0.04977674100155127,0,5,5,A,5113,0.4375,True,1.756702974998916
0,38.28047904054963,946,0,,0.4596194077712549,0.8079481690001558,astar,False,0,176142,0,12274,1577,0.7816579099999217,0,0.0,0.026031402998341946,0,2,2,A,5114,0.4,True,1.4055937589982932
0,38.46959847300951,990,0,,0.481300322044355,0.7570021749997977,astar,False,0,184758,0,154714,19466,0.2655138980007905,0,0.0,0.22720080599901848,0,4,4,A,5115,0.5125,True,1.6374820879973413
0,43.418379185498615,1125,0,,0.4596194077712549,0.8724627439987671,astar,False,0,331308,0,7663,992,0.311762211000314,0,0.0,0.030750814999919385,0,7,7,A,5116,0.525,True,3.8167180300006294
0,37.512000146447775,957,0,,0.4596194077712549,0.7456631309978548,astar,False,0,265553,0,5208,660,0.07038990399814793,0,0.0,0.023480582996853627,0,7,7,A,5117,0.4625,True,2.47788726699946
0,37.58060573513452,959,0,,0.4628714724413279,1.082196062998264,astar,False,0,217816,0,40371,5060,0.10687246899760794,0,0.0,0.08132443399881595,0,7,7,A,5118,0.425,True,2.681565850998595
0,40.61880932208692,1051,0,,0.4596194077712549,0.6107406640003319,astar,False,0,283295,0,3822,495,0.1451230120001128,0,0.0,0.005763416000263533,0,6,6,A,5119,0.4875,True,2.458908459000668
0,39.633583020635555,1023,0,,0.4596194077712549,0.5649246560024039,astar,False,0,202496,0,12838,1647,0.1809808529978909,0,0.0,0.029675782003323548,0,6,6,A,5120,0.475,True,2.3785658970045915
0,38.741383535682026,974,0,,0.4628714724413279,0.8111723350011744,astar,False,0,289927,0,82818,10452,0.6069516939969617,0,0.0,0.15316621600140934,0,5,5,A,5121,0.425,True,2.400090014998568
0,39.9785461506841,1010,0,,0.481300322044355,0.6268294030014658,astar,False,0,314745,0,10766,1354,0.06774443500034977,0,0.0,0.03422733499974129,0,7,7,A,5122,0.45,True,2.604009032005706
0,37.14759716818854,936,0,,0.4596194077712549,0.974279217000003,astar,False,0,282462,0,42776,5399,0.2749191319999227,0,0.0,0.0961290179984644,0,5,5,A,5123,0.5875,True,2.2648079540012986
0,39.346184848281574,1023,0,,0.4596194077712549,0.9098858379984449,astar,False,0,302047,0,9318,1215,0.1310176480001246,0,0.0,0.03137807700113626,0,8,8,A,5124,0.525,True,3.972018811000453
0,38.01993257947626,961,0,,0.4596194077712549,0.9861685180003406,astar,False,0,284139,0,2412,318,0.2523253930012288,0,0.0,0.02165116600008332,0,5,5,A,5125,0.4875,True,2.683078881007532
0,37.90225255314499,911,0,,0.4596194077712549,0.35415347600064706,astar,False,0,105215,0,19808,2494,0.15559011100049247,0,0.0,0.04234266200001002,0,3,3,A,5126,0.2875,True,0.8971792279990041
0,38.10301223236669,951,0,,0.4596194077712549,0.45812205800029915,astar,False,0,251693,0,46852,5909,0.26730836799833924,0,0.0,0.09248357899923576,0,6,6,A,5127,0.4375,True,2.154502028999559
0,37.790595529236626,950,0,,0.4596194077712549,0.9576550310011953,astar,False,0,210265,0,87064,10891,0.20584869400045136,0,0.0,0.1334458609999274,0,5,5,A,5128,0.375,True,2.251798378001695
0,37.76541637749788,966,0,,0.4596194077712549,0.5521728420026193,astar,False,0,287858,0,5631,713,0.10897775899866247,0,0.0,0.02593027300099493,0,6,6,A,5129,0.5,True,2.029320218003704
0,37.831049031933965,937,0,,0.4596194077712549,0.7876826909996453,astar,False,0,260416,0,8600,1117,0.1691916739982844,0,0.0,0.025294183997175423,0,7,7,A,5130,0.5,True,3.272839983997983
0,38.30789135226027,987,0,,0.4596194077712549,0.9855426770009217,astar,False,0,258508,0,5711,732,0.10682132200236083,0,0.0,0.020683039001596626,0,7,7,A,5131,0.5125,True,3.4733510070000193
0,42.82815236284564,1107,0,,0.4596194077712549,1.1399516640012735,astar,False,0,263710,0,7178,919,0.09753801099941484,0,0.0,0.02650443099992117,0,4,4,A,5132,0.5,True,1.7037373790008132
0,44.95513899719527,1204,0,,0.4596194077712549,0.752637715999299,astar,False,0,317833,0,4569,590,0.2664550800000143,0,0.0,0.05132684199998039,0,7,7,A,5133,0.5375,True,3.585753005998413
0,36.454249451992794,892,0,,0.49239212016440975,0.5727734770007373,astar,False,0,215044,0,50848,6433,0.32027044300048146,0,0.0,0.09170879500015872,0,5,5,A,5134,0.4,True,1.674846432000777
0,40.184684677828784,1037,0,,0.4596194077712549,1.1569230839995726,astar,False,0,274375,0,11565,1474,0.7093693610004266,0,0.0,0.05083772200305248,0,5,5,A,5135,0.5,True,2.21103076399595
0,36.590898774294196,893,0,,0.4596194077712549,0.9991730980000284,astar,False,0,237998,0,43941,5598,0.9155008110028575,0,0.0,0.08269631900111563,0,3,3,A,5136,0.4375,True,1.402691870003764
0,36.190146208671216,893,0,,0.4596194077712549,0.7044309119992249,astar,False,0,228638,0,53833,6742,0.278216483999131,0,0.0,0.10367332700116094,0,5,5,A,5137,0.425,True,1.8797770060009498
0,41.35748979892561,1063,0,,0.4596194077712549,1.287403414997243,astar,False,0,271577,0,7380,925,0.18137699900034931,0,0.0,0.045447192002029624,0,6,6,A,5138,0.425,True,3.6761812170043413
0,43.8454357963963,1154,0,,0.481300322044355,1.296587229000579,astar,False,0,251804,0,10464,1334,0.14264168299996527,0,0.0,0.027438507000624668,0,6,6,A,5139,0.375,True,4.001420486994903
0,37.90171683752413,946,0,,0.4596194077712549,0.9179619559981802,astar,False,0,304234,0,8138,1042,0.11848654999994324,0,0.0,0.029852904997824226,0,6,6,A,5140,0.4375,True,2.4821670259916573
0,39.40911283276456,1028,0,,0.4596194077712549,1.3391777939978056,astar,False,0,303826,0,13673,1733,0.17693592999785324,0,0.0,0.05671672400058014,0,8,8,A,5141,0.5,True,5.251339985003142
0,37.840627294954345,928,0,,0.4596194077712549,0.805599859002541,astar,False,0,194122,0,3828,490,0.1214505680000002,0,0.0,0.01604897700235597,0,4,4,A,5142,0.4125,True,1.6743394950026413
0,39.223873524948736,1027,0,,0.4596194077712549,0.9411211009974068,astar,False,0,313972,0,35888,4579,0.17874277000009897,0,0.0,0.08691962499869987,0,6,6,A,5143,0.5125,True,2.8963255540002137
0,39.073346952956044,974,0,,0.4596194077712549,0.6697389250002743,astar,False,0,243048,0,52120,6636,0.25377828699856764,0,0.0,0.09421787099927315,0,5,5,A,5144,0.55,True,2.2210418499998923
0,37.30161871807412,935,0,,0.4596194077712549,0.9866816120011208,astar,False,0,207686,0,46622,5843,0.15482908500052872,0,0.0,0.08780392900007428,0,6,6,A,5145,0.4375,True,2.4765478880035516
0,37.46418834521915,940,0,,0.4596194077712549,0.956302021000738,astar,False,0,222370,0,60622,7601,0.41297206099989126,0,0.0,0.10860829200100852,0,4,4,A,5146,0.3875,True,2.515151928004343
0,38.057455256150774,977,0,,0.4596194077712549,1.1269460939984128,astar,False,0,214913,0,22455,2832,0.13896898200255237,0,0.0,0.05597108000074513,0,5,5,A,5147,0.5,True,2.0576984570034256
0,37.87357208882639,937,0,,0.4596194077712549,0.9128887430015311,astar,False,0,283809,0,5371,687,0.150749956999789,0,0.0,0.025045222999324324,0,6,6,A,5148,0.475,True,2.1302580130031856
0,39.722877382162224,1034,0,,0.4596194077712549,0.8460895349999191,astar,False,0,209257,0,3718,475,0.20045896800002083,0,0.0,0.017206386000907514,0,7,7,A,5149,0.4375,True,3.3544773510038794
0,35.89855863073959,875,0,,0.4596194077712549,0.48321572900022147,astar,False,0,144892,0,70731,8890,0.3644243800008553,0,0.0,0.11685747500087018,0,4,4,A,5150,0.4125,True,1.0422365480008011
0,39.75103473552436,999,0,,0.4596194077712549,0.7011161240006913,astar,False,0,218773,0,30806,3919,0.24303980699914973,0,0.0,0.06584764899889706,0,5,5,A,5151,0.525,True,1.8497197670003516
0,38.25382772171058,965,0,,0.47502631506054627,0.4327343840013782,astar,False,0,276196,0,15211,1976,0.2953184660000261,0,0.0,0.05732517299838946,0,6,6,A,5152,0.4875,True,2.0614539939997485
0,40.561851863737246,1015,0,,0.4596194077712549,1.316273981003178,astar,False,0,279299,0,16265,2047,0.21868171599999187,0,0.0,0.06317852999927709,0,3,3,A,5153,0.5125,True,2.0792284940034733
0,38.277557585749705,946,0,,0.4596194077712549,0.959649634998641,astar,False,0,284634,0,6965,875,0.111834662999172,0,0.0,0.027559679001569748,0,6,6,A,5154,0.4375,True,2.2498185009972076
0,37.04636900584618,919,0,,0.4596194077712549,0.6540850879973732,astar,False,0,270498,0,14823,1906,0.18209366700102692,0,0.0,0.05836552899927483,0,7,7,A,5155,0.5,True,2.5022163039975567
0,38.898531626799006,975,0,,0.4596194077712549,0.5230873740001698,astar,False,0,255557,0,7911,996,0.07152633000077913,0,0.0,0.024622821001685224,0,7,7,A,5156,0.475,True,2.4396776629910164
0,38.619175783157885,947,0,,0.4596194077712549,0.5485535779989732,astar,False,0,164374,0,68499,8630,0.4309259120018396,0,0.0,0.11582798700328567,0,3,3,A,5157,0.375,True,1.3221513940006844
0,36.902225367885244,933,0,,0.4596194077712549,0.654400794999674,astar,False,0,253989,0,53080,6664,0.3941097449969675,0,0.0,0.10049573600190342,0,6,6,A,5158,0.5375,True,2.5892970459972275
0,38.65517233109706,963,0,,0.481300322044355,0.634281197002565,astar,False,0,175808,0,95741,12141,0.2964643800005433,0,0.0,0.15490724699702696,0,3,3,A,5159,0.4,True,1.6283678489999147
0,36.7979301987302,884,0,,0.481300322044355,0.47399277899967274,astar,False,0,59111,0,169346,21171,0.2183026050006447,0,0.0,0.2480207070002507,0,3,3,A,5160,0.4,True,1.2867571319984563
0,40.39606698525001,1014,0,,0.4596194077712549,1.2790085320011713,astar,False,0,216987,0,5044,642,0.07835202700152877,0,0.0,0.018598534999910044,0,7,7,A,5161,0.4,True,3.05880372199681
0,40.103250221636806,988,0,,0.4596194077712549,0.6193357680022018,astar,False,0,197512,0,11825,1491,0.2187500389991328,0,0.0,0.027393159998609917,0,6,6,A,5162,0.3375,True,2.279210133008746
0,38.139629780449205,933,0,,0.4596194077712549,0.40465205299915397,astar,False,0,183366,0,18088,2326,0.2718587480012502,0,0.0,0.037895869001658866,0,5,5,A,5163,0.4,True,1.3962092049987405
0,35.52453313987896,869,0,,0.481300322044355,0.8527350080003089,astar,False,0,162934,0,166181,20840,0.5796449070003291,0,0.0,0.2648627790003957,0,3,3,A,5164,0.3,True,1.2316149290018075
0,41.0781060737164,1069,0,,0.4850257725111133,0.8424327379980241,astar,False,0,273053,0,7828,1036,0.12779718099773163,0,0.0,0.027556511999137,0,5,5,A,5165,0.4875,True,2.43066834199999
0,39.90275096157488,1053,0,,0.4596194077712549,1.0621117269984097,astar,False,0,261552,0,34078,4342,0.39823226900261943,0,0.0,0.0556249539986311,0,5,5,A,5166,0.4875,True,2.624195931995928
0,38.80332955431126,989,0,,0.4596194077712549,0.5838454919976357,astar,False,0,211770,0,10069,1285,0.10153697699934128,0,0.0,0.024372055999265285,0,9,9,A,5167,0.425,True,2.7103414550001617
0,38.360250735884534,945,0,,0.4596194077712549,0.6187854029994924,astar,False,0,261397,0,6430,820,0.15739107799890917,0,0.0,0.022017999999661697,0,5,5,A,5168,0.5,True,2.206988696998451
0,37.3532625526364,893,0,,0.4596194077712549,0.7011220780004805,astar,False,0,224600,0,43495,5467,0.4366572510007245,0,0.0,0.08580713400078821,0,3,3,A,5169,0.3625,True,1.3480528379986936
0,38.38101533916075,979,0,,0.481300322044355,0.9766558079973038,astar,False,0,204815,0,124828,15635,0.18076809700141894,0,0.0,0.2185017979973054,0,5,5,A,5170,0.45,True,2.7915902649983764
0,43.17437417548472,1136,0,,0.4596194077712549,1.693430327999522,astar,False,0,267293,0,31344,3998,0.32334775300114416,0,0.0,0.07447931500064442,0,6,6,A,5171,0.45,True,3.758015887997317
0,39.62257117243418,1012,0,,0.4596194077712549,0.911759634000191,astar,False,0,298647,0,5394,699,0.320202415001404,0,0.0,0.02645416600353201,0,5,5,A,5172,0.5625,True,2.870685339003103
0,42.024538359375704,1125,0,,0.4596194077712549,1.2723521999978402,astar,False,0,293747,0,6441,841,0.16673138699843548,0,0.0,0.0517342320017633,0,7,7,A,5173,0.5125,True,5.2787735870006145
0,41.77906328264842,1091,0,,0.4596194077712549,0.8082138009995106,astar,False,0,324895,0,32557,4169,0.32695649299785146,0,0.0,0.08101188300133799,0,6,6,A,5174,0.4875,True,3.31860019299711
0,37.70729662038856,908,0,,0.481300322044355,0.9214332939991436,astar,False,0,254722,0,8725,1093,0.10924016799981473,0,0.0,0.03754550400117296,0,5,5,A,5175,0.475,True,1.897085637996497
0,41.065498021160174,1048,0,,0.4596194077712549,0.8358437220013002,astar,False,0,290894,0,63759,8111,0.7192484730003343,0,0.0,0.11551337700075237,0,7,7,A,5176,0.4875,True,3.0361595480026153
0,39.40292702912962,964,0,,0.4596194077712549,0.6307036159996642,astar,False,0,149513,0,7900,1019,0.30164338500253507,0,0.0,0.019476515997666866,0,4,4,A,5177,0.3875,True,1.3683020909993502
0,37.51974825579766,936,0,,0.481300322044355,0.971515573997749,astar,False,0,142494,0,322099,40348,0.49813955200079363,0,0.0,0.45746429599967087,0,3,3,A,5178,0.45,True,1.7621715759996732
0,37.72728499569428,918,0,,0.4596194077712549,0.5454945929996029,astar,False,0,164094,0,18120,2304,0.49862786200174014,0,0.0,0.0461963449997711,0,3,3,A,5179,0.375,True,1.1613693280014559
0,38.639661421061305,936,0,,0.4596194077712549,0.31444336699860287,astar,False,0,130453,0,26611,3349,0.14297489399905317,0,0.0,0.05068045099687879,0,5,5,A,5180,0.4375,True,1.07093430200257
0,37.61281999966872,964,0,,0.4596194077712549,0.471539058999042,astar,False,0,166598,0,47430,6046,0.3287295289992471,0,0.0,0.07372819400188746,0,5,5,A,5181,0.4,True,1.9857098600004974
0,40.540679239988464,1040,0,,0.4596194077712549,1.1737949150010536,astar,False,0,304214,0,7297,919,0.11181734199999482,0,0.0,0.028678867001872277,0,7,7,A,5182,0.4625,True,3.3475882739985536
0,38.56339053725101,990,0,,0.4850257725111133,1.1468956110002182,astar,False,0,249844,0,19036,2413,0.08978655600003549,0,0.0,0.0519500890004565,0,6,6,A,5183,0.375,True,3.3623476949942415
0,44.13784542251326,1194,0,,0.4596194077712549,0.7863515669996559,astar,False,0,303981,0,22856,2960,0.715470685998298,0,0.0,0.06613287599975592,0,6,6,A,5184,0.4875,True,3.397671224000078
0,37.343290140626955,927,0,,0.4596194077712549,0.8411771550017875,astar,False,0,255991,0,6880,861,0.12619539400111535,0,0.0,0.02194563100056257,0,8,8,A,5185,0.475,True,2.550015914999676
0,38.15017341694136,925,0,,0.4596194077712549,0.525789105999138,astar,False,0,52829,0,40374,5063,0.12837483999828692,0,0.0,0.06297763799739187,0,3,3,A,5186,0.3625,True,0.9425600739996298
0,36.911525553608605,917,0,,0.4596194077712549,0.9559751910019259,astar,False,0,255346,0,10432,1365,0.2919412880000891,0,0.0,0.026845577001950005,0,3,3,A,5187,0.4125,True,1.6646083600026031
0,36.93033820015769,914,0,,0.4596194077712549,0.7593737160023011,astar,False,0,215344,0,102065,12795,0.3032784650022222,0,0.0,0.172001178998471,0,4,4,A,5188,0.45,True,1.869528225997783
0,37.363811274853504,917,0,,0.4596194077712549,0.81864212200162,astar,False,0,167124,0,48394,6075,0.258178695999959,0,0.0,0.08924162500261446,0,5,5,A,5189,0.5375,True,2.646175931007747
0,38.751280904404986,940,0,,0.4596194077712549,0.4558565590014041,astar,False,0,121966,0,6660,857,0.1443717399997695,0,0.0,0.015474677999009145,0,4,4,A,5190,0.3875,True,1.001772436000465
0,38.599787620986255,996,0,,0.4596194077712549,1.255056947000412,astar,False,0,290429,0,10128,1297,0.21768657800203073,0,0.0,0.0498260839995055,0,6,6,A,5191,0.5625,True,3.3940937369952735
0,39.90587282371661,1019,0,,0.4596194077712549,0.9495335030005663,astar,False,0,310215,0,24559,3149,0.4439333499976783,0,0.0,0.05195395000191638,0,4,4,A,5192,0.3875,True,2.1863424749972182
0,39.68601016139025,1014,0,,0.4596194077712549,0.6491581499976746,astar,False,0,227935,0,43643,5585,0.5702111779974075,0,0.0,0.07812658100010594,0,6,6,A,5193,0.4625,True,2.4770075239975995
0,43.90176077932939,1174,0,,0.47502631506054627,1.0483557789993938,astar,False,0,281584,0,8433,1068,0.10861737199957133,0,0.0,0.04701876499893842,0,7,7,A,5194,0.5125,True,2.962643046004814
0,37.200245723125136,941,0,,0.4596194077712549,0.44325235900032567,astar,False,0,154300,0,78192,9909,0.26164776800214895,0,0.0,0.12271049600167316,0,6,6,A,5195,0.4375,True,1.6187450159959553
0,35.493403148614725,858,0,,0.4596194077712549,0.6658339030000207,astar,False,0,246548,0,6199,803,0.31336910800018813,0,0.0,0.021302328001183923,0,5,5,A,5196,0.4,True,1.5475319539982593
0,39.01268692628905,983,0,,0.4596194077712549,0.62219395899956,astar,False,0,298463,0,8966,1143,0.12205897300009383,0,0.0,0.03018515700023272,0,8,8,A,5197,0.4875,True,2.6542113030009205
0,39.94195321345944,1011,0,,0.4596194077712549,0.6562008319997403,astar,False,0,221607,0,47012,6009,0.5618737020013214,0,0.0,0.09318150499893818,0,4,4,A,5198,0.45,True,1.701573352998821
0,36.57627173827172,890,0,,0.4596194077712549,0.6206343160010874,astar,False,0,201319,0,73974,9270,0.3947276239996427,0,0.0,0.1261637870047707,0,4,4,A,5199,0.4625,True,1.4511846820059873
0,39.61109027553923,985,0,,0.4596194077712549,0.5787615480003296,astar,False,0,228001,0,58506,7339,0.20833624499937287,0,0.0,0.10718100400117692,0,4,4,A,5200,0.4,True,1.4188109570095548
0,38.73218791058861,965,0,,0.4769171835864189,1.025705061001645,astar,False,0,344669,0,23501,3014,0.2621603139996296,0,0.0,0.07156229400425218,0,6,6,A,5201,0.4875,True,2.0926523899906897
0,41.82203423623285,1116,0,,0.4769171835864189,0.8009726160016726,astar,False,0,290180,0,13061,1678,0.22953267800039612,0,0.0,0.059983040002407506,0,8,8,A,5202,0.5875,True,3.1865096829933464
0,38.65528379955823,980,0,,0.481300322044355,0.7994278830010444,astar,False,0,186594,0,62006,7805,0.5274671319930349,0,0.0,0.10677880499861203,0,4,4,A,5203,0.5,True,2.2360204860015074
0,37.69614575830552,948,0,,0.4596194077712549,0.9982607130004908,astar,False,0,246855,0,85414,10773,0.5363508450027439,0,0.0,0.16347465800208738,0,4,4,A,5204,0.4,True,2.51521452099405
0,37.83378574700227,926,0,,0.4596194077712549,0.6766315909990226,astar,False,0,188966,0,29063,3676,0.4122804860016913,0,0.0,0.051693695997528266,0,4,4,A,5205,0.475,True,1.7492331480025314
0,37.804857988547745,953,0,,0.489948976935355,0.9280074269991019,astar,False,0,228385,0,31186,3909,0.15117281000129879,0,0.0,0.06692933500016807,0,6,6,A,5206,0.45,True,3.3759374630026286
0,37.51078386970405,938,0,,0.4596194077712549,0.6870405020017643,astar,False,0,232572,0,5465,703,0.27445027900103014,0,0.0,0.01958054200076731,0,6,6,A,5207,0.5,True,1.8729620720041567
0,35.05770278842983,851,0,,0.4628714724413279,0.6988616539965733,astar,False,0,222170,0,68216,8608,0.1604638779972447,0,0.0,0.11451456700160634,0,4,4,A,5208,0.4375,True,1.4197817819876946
0,37.91014602628606,949,0,,0.4850257725111133,0.6218253879997064,astar,False,0,229715,0,10762,1393,0.4067570920014987,0,0.0,0.026601699995808303,0,6,6,A,5209,0.45,True,3.0556560840050224
0,38.12290146603155,944,0,,0.46738634982207333,0.7912362619972555,astar,False,0,272153,0,15443,1947,0.7120195509996847,0,0.0,0.05625853600213304,0,5,5,A,5210,0.4875,True,3.027087277994724
0,37.79725520963711,942,0,,0.4596194077712549,0.6690349880009308,astar,False,0,208002,0,41127,5186,0.4146942309962469,0,0.0,0.0816129250015365,0,4,4,A,5211,0.375,True,1.8625403240002925
0,38.24145382008424,942,0,,0.4596194077712549,0.7747684480054886,astar,False,0,244315,0,18131,2281,0.09854858699691249,0,0.0,0.051195649000874255,0,6,6,A,5212,0.45,True,2.698498499012203
0,37.508076941934064,931,0,,0.4596194077712549,0.7482940039990353,astar,False,0,131879,0,14037,1801,0.06780356200033566,0,0.0,0.027257337998889852,0,6,6,A,5213,0.425,True,2.2697710180000286
0,39.88915446202786,996,0,,0.4596194077712549,0.9156262539981981,astar,False,0,218890,0,80377,10099,0.2839328820045921,0,0.0,0.13877834899903974,0,4,4,A,5214,0.45,True,1.83108652599185
0,39.21123895118885,997,0,,0.4596194077712549,0.7826958759978879,astar,False,0,250940,0,26902,3418,0.1734596300011617,0,0.0,0.0648093680065358,0,6,6,A,5215,0.45,True,2.7371143769923947
0,38.94387183072694,997,0,,0.4628714724413279,1.3966415350005263,astar,False,0,283601,0,24121,3036,0.3354580410014023,0,0.0,0.06991293100145413,0,5,5,A,5216,0.45,True,4.0432303070047055
0,38.14332991718105,971,0,,0.4596194077712549,0.7789777319994755,astar,False,0,264896,0,3949,514,0.1956683320022421,0,0.0,0.005699446002836339,0,6,6,A,5217,0.475,True,2.3090164739987813
0,40.415637797018796,1010,0,,0.4596194077712549,0.650214050001523,astar,False,0,214939,0,12248,1578,0.12313733900373336,0,0.0,0.02870642599737039,0,5,5,A,5218,0.4375,True,2.055434868008888
0,38.16059697187348,993,0,,0.4596194077712549,0.8568210539961001,astar,False,0,226942,0,6858,873,0.40609364899864886,0,0.0,0.021660600003087893,0,5,5,A,5219,0.3875,True,2.506438841992349
0,38.39574216723325,978,0,,0.49239212016440975,0.7732297990005463,astar,False,0,247506,0,82652,10388,0.24868046199844684,0,0.0,0.14358198799891397,0,6,6,A,5220,0.5125,True,3.0018721249944065
0,40.54537932471325,1016,0,,0.49239212016440975,1.0866317659965716,astar,False,0,209568,0,137764,17231,0.40467084299598355,0,0.0,0.2182955980024417,0,4,4,A,5221,0.5125,True,2.8492252090072725
0,39.91208562855589,1012,0,,0.481300322044355,0.8205170680012088,astar,False,0,148827,0,274514,34356,0.3340286320017185,0,0.0,0.4302708649993292,0,4,4,A,5222,0.4,True,2.369602240003587
0,39.280628005963834,995,0,,0.47502631506054627,0.6123175859975163,astar,False,0,175906,0,7936,1029,0.10721281899895985,0,0.0,0.02041280500270659,0,5,5,A,5223,0.375,True,2.153216436992807
0,38.925003348871215,967,0,,0.4596194077712549,0.7717995930070174,astar,False,0,242309,0,12434,1613,0.7278676180067123,0,0.0,0.04362123100145254,0,3,3,A,5224,0.45,True,1.4850322250131285
0,37.94423231292904,963,0,,0.4887228253314979,0.4969208760012407,astar,False,0,196427,0,8160,1072,0.08511274999909801,0,0.0,0.010979070000757929,0,7,7,A,5225,0.35,True,1.8160811589914374
0,38.977803418387225,980,0,,0.49239212016440975,0.5634257119963877,astar,False,0,220630,0,71526,8971,0.19833255499543156,0,0.0,0.12333832000149414,0,7,7,A,5226,0.5375,True,2.3835874940050417
0,38.49812914154507,996,0,,0.4850257725111133,0.9127297230006661,astar,False,0,287499,0,45532,5696,0.38259041999845067,0,0.0,0.10036732699518325,0,6,6,A,5227,0.4375,True,3.534028086993203
0,44.90112920071169,1169,0,,0.4596194077712549,1.1169328699979815,astar,False,0,264154,0,9954,1274,0.09570717399765272,0,0.0,0.029735457996139303,0,8,8,A,5228,0.4625,True,4.4199311989868875
0,39.8663833899303,1013,0,,0.4628714724413279,0.6554769219947048,astar,False,0,201922,0,40901,5178,0.12573813700146275,0,0.0,0.07668229899718426,0,7,7,A,5229,0.425,True,2.3186259229842108
0,37.07198289021043,919,0,,0.4628714724413279,0.6087885990054929,astar,False,0,244772,0,78342,9800,0.17194755600212375,0,0.0,0.13294444900384406,0,5,5,A,5230,0.4625,True,2.034055395015457
0,38.67947072521657,981,0,,0.4596194077712549,0.7252315160003491,astar,False,0,237395,0,7360,964,0.22898453599918867,0,0.0,0.023025668000627775,0,7,7,A,5231,0.35,True,2.2920203149988083
0,38.53181418766896,960,0,,0.4769171835864189,0.6033584879987757,astar,False,0,237002,0,38435,4842,0.4342073599982541,0,0.0,0.07848683699558023,0,5,5,A,5232,0.4625,True,2.1806115209983545
0,37.80770392620576,934,0,,0.4596194077712549,0.5174225390001084,astar,False,0,140801,0,81866,10280,0.2661183340023854,0,0.0,0.13329782099754084,0,4,4,A,5233,0.35,True,1.7459922229973017
0,37.35813877939989,907,0,,0.4596194077712549,0.6367181300010998,astar,False,0,240955,0,38513,4832,0.35754726699815365,0,0.0,0.09784738899907097,0,5,5,A,5234,0.475,True,2.207608487995458
0,37.13235877602242,897,0,,0.4596194077712549,0.35578209000232164,astar,False,0,140276,0,18443,2331,0.20625707200088073,0,0.0,0.04431210799521068,0,4,4,A,5235,0.325,True,1.1676547390015912
0,39.10117104806305,1023,0,,0.4596194077712549,1.1301350579960854,astar,False,0,290591,0,12335,1569,0.24467113600258017,0,0.0,0.05352895800024271,0,8,8,A,5236,0.4875,True,4.138250474992674
0,37.801621709463745,935,0,,0.4596194077712549,0.5567436900018947,astar,False,0,149131,0,42911,5458,0.2178625460001058,0,0.0,0.0762861819966929,0,3,3,A,5237,0.4,True,1.3819438190039364
0,39.667198015008935,1008,0,,0.4596194077712549,0.6706200999979046,astar,False,0,263443,0,4401,559,0.1283251040003961,0,0.0,0.006367185000272002,0,6,6,A,5238,0.3875,True,1.7315170869987924
0,40.76912533039766,1054,0,,0.4596194077712549,0.9936546120006824,astar,False,0,318897,0,11773,1540,0.37632398400455713,0,0.0,0.03560515000572195,0,7,7,A,5239,0.55,True,3.164031882006384
0,38.841568838809316,1000,0,,0.481300322044355,1.2730474850031896,astar,False,0,166919,0,432615,54359,0.6205489979984122,0,0.0,0.6309641059997375,0,3,3,A,5240,0.475,True,2.4130502870029886
0,38.699679990911,983,0,,0.4596194077712549,0.8331901780038606,astar,False,0,295748,0,9321,1195,0.1146010299999034,0,0.0,0.030919211996661033,0,8,8,A,5241,0.4625,True,2.5290753740046057
0,38.376023050505175,962,0,,0.4596194077712549,0.640373358000943,astar,False,0,183262,0,142292,17864,0.41288667299522785,0,0.0,0.22086999699968146,0,3,3,A,5242,0.4,True,1.7700669839978218
0,42.13180124672009,1095,0,,0.4596194077712549,0.8263671770037035,astar,False,0,255313,0,2332,302,0.12168134599778568,0,0.0,0.003997824998805299,0,8,8,A,5243,0.5375,True,3.4712461149974843
0,38.89567776260154,974,0,,0.49239212016440975,0.7848141909998958,astar,False,0,241472,0,67655,8555,0.2875714589972631,0,0.0,0.1038893239965546,0,6,6,A,5244,0.4625,True,2.270811301008507
0,37.60049012920876,910,0,,0.4596194077712549,0.7617495960002998,astar,False,0,228686,0,5845,751,0.24449821999587584,0,0.0,0.019817632004560437,0,6,6,A,5245,0.4125,True,1.804688766002073
0,38.54050935512984,1001,0,,0.49239212016440975,0.6181841639991035,astar,False,0,259338,0,55155,6931,0.36038905400346266,0,0.0,0.10331084499921417,0,7,7,A,5246,0.5,True,2.4973216409998713
0,39.14324805875373,971,0,,0.4628714724413279,0.6509672850006609,astar,False,0,294050,0,22886,2906,0.27569183600280667,0,0.0,0.06702129000041168,0,7,7,A,5247,0.4875,True,2.634375888002978
0,38.25913302256589,970,0,,0.4596194077712549,0.9306383360017207,astar,False,0,263891,0,51905,6523,0.2421531420040992,0,0.0,0.10686711299786111,0,5,5,A,5248,0.55,True,2.702998133994697
0,37.812727646239324,950,0,,0.4596194077712549,0.7158503659957205,astar,False,0,256261,0,4682,612,0.20970802199735772,0,0.0,0.007323922996874899,0,6,6,A,5249,0.45,True,2.3385732809983892
0,36.982513286617404,942,0,,0.4596194077712549,0.770041740994202,astar,False,0,207685,0,5351,691,0.23057202600466553,0,0.0,0.007906903003458865,0,5,5,A,5250,0.2875,True,1.817245660997287
0,37.827707431764935,936,0,,0.4596194077712549,0.942520313001296,astar,False,0,233740,0,26031,3297,0.24702400700334692,0,0.0,0.0616030259989202,0,4,4,A,5251,0.4,True,2.187539681995986
0,43.56639595958311,1147,0,,0.481300322044355,1.445979388001433,astar,False,0,203021,0,279746,34984,0.13444506600353634,0,0.0,0.4115475369981141,0,5,5,A,5252,0.475,True,5.360099764002371
0,37.807593944760136,966,0,,0.4596194077712549,1.0182593950012233,astar,False,0,302353,0,9654,1263,0.9677538560063113,0,0.0,0.05029178099357523,0,5,5,A,5253,0.475,True,2.565593031999015
0,40.52992406685505,1030,0,,0.4596194077712549,0.7954478949977783,astar,False,0,230849,0,7833,1010,0.0842059069982497,0,0.0,0.02359626899851719,0,5,5,A,5254,0.475,True,2.027431027003331
0,41.609994440900685,1064,0,,0.46157339611377224,0.8772467189992312,astar,False,0,276033,0,72029,9025,0.3568218110012822,0,0.0,0.13644204199954402,0,6,6,A,5255,0.4375,True,2.5539101469839807
0,40.066838295716266,1032,0,,0.481300322044355,1.143720090003626,astar,False,0,216230,0,273220,34175,0.28865296200092416,0,0.0,0.40693118799390504,0,5,5,A,5256,0.4375,True,2.750122026001918
0,45.40722698609631,1252,0,,0.481300322044355,1.4240443689996027,astar,False,0,300907,0,6413,815,0.10412496399658266,0,0.0,0.028438363995519467,0,8,8,A,5257,0.55,True,5.327036179987772
0,42.40997683018918,1131,0,,0.47502631506054627,1.026168530996074,astar,False,0,293085,0,6441,825,0.11122799899749225,0,0.0,0.027451929003291298,0,7,7,A,5258,0.5875,True,3.3806944280004245
0,41.75232486762155,1066,0,,0.47817360864021063,0.5900786950005568,astar,False,0,244786,0,22623,2977,0.23676073299429845,0,0.0,0.0551808570016874,0,7,7,A,5259,0.4375,True,2.630528631998459
0,39.07338124670551,1002,0,,0.49239212016440975,1.2527983550025965,astar,False,0,245352,0,12730,1614,0.24662326500401832,0,0.0,0.04268638900248334,0,6,6,A,5260,0.5125,True,4.288926505993004
0,38.03511216966936,925,0,,0.4596194077712549,0.4078960560000269,astar,False,0,185413,0,37867,4764,0.26678456800436834,0,0.0,0.0731421960008447,0,5,5,A,5261,0.3875,True,1.2356932350012357
0,41.94890049354016,1044,0,,0.4596194077712549,1.2003744699977688,astar,False,0,221580,0,106241,13349,0.3175658350010053,0,0.0,0.17089096899871947,0,4,4,A,5262,0.5875,True,2.2641346359887393
0,37.68419520849183,922,0,,0.4596194077712549,0.5407568629962043,astar,False,0,143325,0,60206,7557,0.3856651289970614,0,0.0,0.102795500002685,0,4,4,A,5263,0.35,True,1.8056984779905179
0,37.44056553844175,942,0,,0.4628714724413279,0.7304574820009293,astar,False,0,197036,0,89904,11378,0.5845639330000267,0,0.0,0.14352793500438565,0,4,4,A,5264,0.4125,True,1.4625639990044874
0,40.124807713957466,998,0,,0.4596194077712549,0.7338632129976759,astar,False,0,278506,0,9633,1209,0.32973106099962024,0,0.0,0.04888136200315785,0,5,5,A,5265,0.425,True,2.3537835239912965
0,37.0547990185142,904,0,,0.4596194077712549,0.6546514500005287,astar,False,0,149268,0,68288,8575,0.12862565599789377,0,0.0,0.1140820079963305,0,4,4,A,5266,0.4,True,1.8772765070098103
0,41.5106456077123,1083,0,,0.4596194077712549,1.1461989769959473,astar,False,0,286959,0,7406,955,0.16013514399674023,0,0.0,0.028938655996171292,0,5,5,A,5267,0.5375,True,3.7138691889922484
0,37.0196288606549,909,0,,0.4596194077712549,0.46256136299780337,astar,False,0,216222,0,29381,3693,0.3264107349968981,0,0.0,0.06516570600069826,0,4,4,A,5268,0.4375,True,1.3976147279972793
0,37.52991507799488,927,0,,0.4850257725111133,0.8412138979983865,astar,False,0,260393,0,21176,2697,0.11944079599925317,0,0.0,0.04226953000033973,0,6,6,A,5269,0.4625,True,3.2946557230025064
0,39.764607838543995,1025,0,,0.4596194077712549,0.7769036200043047,astar,False,0,318066,0,4789,611,0.13765777899971,0,0.0,0.026127224002266303,0,7,7,A,5270,0.5375,True,2.8533456299992395
0,36.87132210682521,917,0,,0.4596194077712549,0.7168000569945434,astar,False,0,89995,0,259534,32490,0.3210517140032607,0,0.0,0.3821799880024628,0,3,3,A,5271,0.45,True,1.2867055049937335
0,38.38986647785924,1003,0,,0.4596194077712549,1.0608503069961444,astar,False,0,311354,0,37648,4787,0.3592239010031335,0,0.0,0.08658489699882921,0,5,5,A,5272,0.475,True,2.209496268995281
0,39.77143375200718,1044,0,,0.4596194077712549,0.8339845509981387,astar,False,0,286062,0,18949,2442,0.1768904270065832,0,0.0,0.043384876000345685,0,8,8,A,5273,0.5375,True,3.0883523319789674
0,43.93265132504172,1160,0,,0.49239212016440975,1.045951330997923,astar,False,0,300281,0,100243,12577,0.22521473100641742,0,0.0,0.1851940869964892,0,8,8,A,5274,0.575,True,4.944498008015216
0,36.494911611149476,892,0,,0.4596194077712549,0.707973618998949,astar,False,0,229060,0,4212,537,0.11166169899661327,0,0.0,0.031235458998708054,0,6,6,A,5275,0.4375,True,1.9252042030057055
0,45.335710548669034,1155,0,,0.4596194077712549,0.6945928260029177,astar,False,0,290189,0,5558,711,0.1883660300009069,0,0.0,0.026434071005496662,0,6,6,A,5276,0.525,True,2.693701858006534
0,39.645559770325974,1014,0,,0.4596194077712549,1.035311539999384,astar,False,0,241639,0,8419,1059,0.19624753200332634,0,0.0,0.0365189369986183,0,5,5,A,5277,0.5125,True,2.169921358996362
0,37.66239957092805,918,0,,0.4596194077712549,0.5127811990023474,astar,False,0,179407,0,40790,5132,0.05737246700300602,0,0.0,0.0784128990053432,0,6,6,A,5278,0.4625,True,1.4679845399950864
0,37.67391410814055,944,0,,0.49239212016440975,0.6364459180040285,astar,False,0,260795,0,39388,4991,0.5491201810000348,0,0.0,0.08590831199398963,0,6,6,A,5279,0.4375,True,3.0541597880073823
0,39.13078306813957,994,0,,0.4596194077712549,0.922399871997186,astar,False,0,278167,0,22465,2903,0.362581831002899,0,0.0,0.06450903900258709,0,5,5,A,5280,0.4,True,2.1725706969882594
0,40.97096863424248,1056,0,,0.47502631506054627,0.3631161719968077,astar,False,0,188555,0,7690,1016,0.1496904910018202,0,0.0,0.020522660001006443,0,8,8,A,5281,0.475,True,1.6239787519880338
0,38.51888871954193,970,0,,0.4596194077712549,0.7089821769986884,astar,False,0,236746,0,8759,1147,0.16514014899439644,0,0.0,0.023896906001027673,0,6,6,A,5282,0.375,True,2.8393774130017846
0,38.17351964580578,950,0,,0.4596194077712549,0.4747399750049226,astar,False,0,174547,0,9720,1263,0.338610521001101,0,0.0,0.02285286899859784,0,5,5,A,5283,0.45,True,1.7196718940031133
0,40.06718630484308,1018,0,,0.4596194077712549,0.7235446060003596,astar,False,0,236441,0,15562,2008,0.47499123599845916,0,0.0,0.032691663000150584,0,5,5,A,5284,0.475,True,2.308683266004664
0,38.32697037056504,976,0,,0.4850257725111133,0.6862975170006393,astar,False,0,248260,0,43236,5424,0.19359956499829423,0,0.0,0.08635962200060021,0,6,6,A,5285,0.4875,True,2.816788274998544
0,36.425643394728986,880,0,,0.481300322044355,0.6901774430007208,astar,False,0,151359,0,35600,4499,0.6188698620026116,0,0.0,0.07045909500448033,0,2,2,A,5286,0.5375,True,1.085688603001472
0,40.23553569676474,1083,0,,0.4850257725111133,0.9605759889964247,astar,False,0,283539,0,8521,1080,0.13371074899623636,0,0.0,0.011610130000917707,0,6,6,A,5287,0.425,True,2.4472823159885593
0,40.13169151502417,1029,0,,0.4596194077712549,0.9902922149994993,astar,False,0,244692,0,6963,929,0.1788639950027573,0,0.0,0.022192281001480296,0,6,6,A,5288,0.4375,True,2.4824777949907
0,38.398441287898954,976,0,,0.4596194077712549,0.5977430999992066,astar,False,0,225938,0,9298,1177,0.08995644799870206,0,0.0,0.02434141199773876,0,8,8,A,5289,0.425,True,2.598378914015484
0,41.31612723461157,1040,0,,0.46738634982207333,0.8335510059987428,astar,False,0,328163,0,20535,2575,0.14711134100070922,0,0.0,0.04682193299959181,0,7,7,A,5290,0.475,True,3.2372611250029877
0,40.776808072139346,1017,0,,0.49239212016440975,0.5456039369964856,astar,False,0,262581,0,102234,12938,0.29430542300542584,0,0.0,0.1721270240013837,0,6,6,A,5291,0.4125,True,2.0526028019958176
0,37.15309097438068,939,0,,0.4628714724413279,1.11519824500283,astar,False,0,281432,0,52271,6603,0.2888709850012674,0,0.0,0.10481514699495165,0,5,5,A,5292,0.45,True,2.85580317700078
0,39.0095294479156,979,0,,0.4596194077712549,0.7356278509978438,astar,False,0,319933,0,8862,1118,0.1509759969994775,0,0.0,0.03095523400406819,0,6,6,A,5293,0.4875,True,2.6240153390026535
0,38.722891015129264,933,0,,0.49239212016440975,0.7986375389955356,astar,False,0,297362,0,15242,1913,0.21367751100478927,0,0.0,0.05891147199872648,0,4,4,A,5294,0.4375,True,1.7824979659926612
0,37.47434570824706,907,0,,0.481300322044355,0.43934068299859064,astar,False,0,94396,0,61033,7641,0.27426352899783524,0,0.0,0.0949138310024864,0,4,4,A,5295,0.3375,True,1.3517098619995522
0,44.320917668724945,1204,0,,0.47502631506054627,0.7016116759987199,astar,False,0,277745,0,5866,750,0.10791445799986832,0,0.0,0.008675170000060461,0,7,7,A,5296,0.5875,True,3.109199776001333
0,37.660005763348494,933,0,,0.4850257725111133,1.1570932360045845,astar,False,0,261956,0,16529,2116,0.09911914599797456,0,0.0,0.03577328199753538,0,4,4,A,5297,0.4,True,2.1375016370002413
0,39.21492481091488,993,0,,0.4596194077712549,0.8427654100014479,astar,False,0,234754,0,9371,1190,0.2799799200001871,0,0.0,0.025325485999928787,0,6,6,A,5298,0.5,True,2.2069108670038986
0,37.64046160862954,902,0,,0.4596194077712549,0.9571226199986995,astar,False,0,229824,0,12808,1607,0.21954182999616023,0,0.0,0.04338636699685594,0,4,4,A,5299,0.3875,True,1.4099030279976432
0,43.16944233523524,1138,0,,0.46157339611377224,1.0972633990022587,astar,False,0,287287,0,8347,1061,0.14607473900105106,0,0.0,0.030562126004952006,0,7,7,A,5300,0.45,True,4.124633129002177
0,40.09949763698171,1038,0,,0.4596194077712549,0.6065086539965705,astar,False,0,282253,0,16023,2078,0.20713909899495775,0,0.0,0.040154366004571784,0,7,7,A,5301,0.475,True,3.1055548309959704
0,38.94678484539661,977,0,,0.4596194077712549,0.6706532190000871,astar,False,0,113881,0,138056,17377,0.08721547399909468,0,0.0,0.2009326979969046,0,5,5,A,5302,0.4,True,1.6743301559981774
0,40.85738665767924,1087,0,,0.4850257725111133,0.9655833430006169,astar,False,0,278214,0,10904,1434,0.383906400995329,0,0.0,0.03224600599787664,0,7,7,A,5303,0.5,True,2.711492486996576
0,37.18382790442308,890,0,,0.4596194077712549,0.6825586190025206,astar,False,0,158941,0,2900,372,0.10825249199842801,0,0.0,0.02363325300393626,0,3,3,A,5304,0.325,True,1.0302444209955866
0,36.90928302298976,918,0,,0.4628714724413279,0.3979709890045342,astar,False,0,161636,0,62715,7879,0.2917071250049048,0,0.0,0.10465314299653983,0,5,5,A,5305,0.4625,True,1.5774154360042303
0,37.67331193709568,961,0,,0.4596194077712549,0.6986757800041232,astar,False,0,244586,0,12790,1662,0.11383357500017155,0,0.0,0.03274152399535524,0,6,6,A,5306,0.3625,True,2.1480047599980026
0,40.30111976961059,1027,0,,0.4596194077712549,0.7462392760062357,astar,False,0,303727,0,9846,1283,0.18833795699902112,0,0.0,0.032660650002071634,0,8,8,A,5307,0.475,True,3.052417353996134
0,39.32466666546524,978,0,,0.4628714724413279,0.845111769005598,astar,False,0,235756,0,19997,2523,0.13318514300044626,0,0.0,0.05312063200108241,0,5,5,A,5308,0.425,True,2.1340706090122694
0,38.331380354585896,964,0,,0.4596194077712549,0.7403309150031419,astar,False,0,333850,0,4226,550,0.6132920749951154,0,0.0,0.026015080002252944,0,5,5,A,5309,0.6,True,2.8288154780093464
0,39.13412872035708,970,0,,0.4596194077712549,0.8425201960053528,astar,False,0,249711,0,7799,994,0.5025094040029217,0,0.0,0.036244408001948614,0,5,5,A,5310,0.4375,True,2.4770359360118164
0,46.59316005535669,1230,0,,0.481300322044355,0.9252137160001439,astar,False,0,231791,0,65041,8315,0.2769670430061524,0,0.0,0.1055263520029257,0,7,7,A,5311,0.4875,True,3.6011340959958034
0,37.23600232898971,951,0,,0.4596194077712549,0.7000031850038795,astar,False,0,253542,0,37684,4871,0.6201360050035873,0,0.0,0.07888393200119026,0,5,5,A,5312,0.525,True,2.060482790999231
0,41.99188471472181,1089,0,,0.4596194077712549,0.9830486610007938,astar,False,0,272916,0,9430,1197,0.28138888299872633,0,0.0,0.030485495997709222,0,7,7,A,5313,0.5125,True,3.9463076130123227
0,37.33089947198297,925,0,,0.4596194077712549,0.6302986090013292,astar,False,0,266453,0,9789,1256,0.5843067050009267,0,0.0,0.04578909499832662,0,6,6,A,5314,0.4375,True,2.601418853002542
0,37.990414703574004,910,0,,0.481300322044355,0.7699807669996517,astar,False,0,165837,0,5652,719,0.7512241629956407,0,0.0,0.018523250000725966,0,4,4,A,5315,0.3625,True,1.142589636001503
0,36.443276637232756,910,0,,0.49239212016440975,0.5483499269976164,astar,False,0,183232,0,112345,14107,0.3628891820044373,0,0.0,0.18159585900139064,0,5,5,A,5316,0.3375,True,2.0953569569974206
0,38.58240970055514,992,0,,0.4596194077712549,1.083405795005092,astar,False,0,246410,0,5686,724,0.041653484004200436,0,0.0,0.020849332999205217,0,8,8,A,5317,0.5,True,3.0991334740028833
0,38.98663231370494,1004,0,,0.4596194077712549,0.8401301159974537,astar,False,0,207237,0,9392,1200,0.08657016999495681,0,0.0,0.012793903995770961,0,6,6,A,5318,0.425,True,2.6541519799866364
0,38.63328517272245,962,0,,0.4596194077712549,0.5216894269979093,astar,False,0,192149,0,65467,8272,0.24377308099792572,0,0.0,0.11469257499993546,0,5,5,A,5319,0.375,True,2.2150674129952677
0,40.053450086227066,1036,0,,0.4596194077712549,0.6946275110021816,astar,False,0,205652,0,35256,4454,0.2784807330026524,0,0.0,0.06935006399726262,0,5,5,A,5320,0.4,True,2.5737794030064833
0,40.035641019414555,1030,0,,0.4596194077712549,0.821603493001021,astar,False,0,229121,0,65545,8288,0.1511945559977903,0,0.0,0.11809851600264665,0,7,7,A,5321,0.5625,True,3.1514950880082324
0,39.146320009240746,966,0,,0.4850257725111133,0.7851597420012695,astar,False,0,182583,0,26494,3327,0.23703556899999967,0,0.0,0.057091782000497915,0,4,4,A,5322,0.3875,True,1.5418058220020612
0,38.83176371316505,966,0,,0.481300322044355,1.007056857997668,astar,False,0,243751,0,7296,920,0.6116432979979436,0,0.0,0.023898437000752892,0,4,4,A,5323,0.4,True,2.3404963569919346
0,38.24985436386077,950,0,,0.4596194077712549,0.6829700670059538,astar,False,0,264618,0,7105,908,0.24691005899512675,0,0.0,0.026286317995982245,0,8,8,A,5324,0.4875,True,2.8932691180161783
0,39.79251245761551,1000,0,,0.4596194077712549,0.8967855849987245,astar,False,0,210007,0,10678,1374,0.3050088699965272,0,0.0,0.026173530997766647,0,5,5,A,5325,0.4625,True,2.3776410420032335
0,41.0578280682169,1040,0,,0.481300322044355,0.757227727001009,astar,False,0,233313,0,5923,762,0.1333875470008934,0,0.0,0.020536030999210197,0,6,6,A,5326,0.4,True,2.238763224995637
0,36.406567547158225,884,0,,0.4596194077712549,0.43017577700084075,astar,False,0,163747,0,60739,7612,0.1343845719966339,0,0.0,0.10897700199711835,0,5,5,A,5327,0.475,True,1.2924008870031685
0,49.60826750964074,1365,0,,0.4596194077712549,0.9422125499986578,astar,False,0,334432,0,22099,2843,0.48838944399903994,0,0.0,0.05063833600434009,0,7,7,A,5328,0.6125,True,5.22883403099695
0,39.46078689156997,1009,0,,0.4596194077712549,1.1634520779989543,astar,False,0,237546,0,73016,9169,0.45881460700184107,0,0.0,0.13148819200432627,0,5,5,A,5329,0.5,True,4.193260775995441
0,44.58933947487122,1197,0,,0.4596194077712549,0.6905443279974861,astar,False,0,257401,0,69802,8898,0.14621535599872004,0,0.0,0.11859358199581038,0,7,7,A,5330,0.5,True,3.095131115995173
0,37.97667632422139,928,0,,0.481300322044355,0.7281917590007652,astar,False,0,272185,0,10119,1276,0.18423274099768605,0,0.0,0.03206007200060412,0,5,5,A,5331,0.4,True,2.2705957269936334
0,39.51038331710005,1030,0,,0.4596194077712549,1.0318460279959254,astar,False,0,303901,0,6768,859,0.0994881929946132,0,0.0,0.02833318799821427,0,8,8,A,5332,0.5125,True,2.8826256160027697
0,38.541970090199094,937,0,,0.4850257725111133,0.3820579099992756,astar,False,0,185090,0,25126,3179,0.16515708699444076,0,0.0,0.05680803500581533,0,5,5,A,5333,0.4375,True,1.3598190569973667
0,39.162132911927046,1022,0,,0.4596194077712549,0.510408529000415,astar,False,0,224465,0,24529,3213,0.3096139300032519,0,0.0,0.05611189000046579,0,6,6,A,5334,0.4,True,2.3283825190010248
0,37.97398094791582,956,0,,0.481300322044355,0.843805173994042,astar,False,0,200758,0,6933,885,0.6251469199996791,0,0.0,0.020961536996765062,0,4,4,A,5335,0.3375,True,2.285175294004148
0,40.20884658964712,1036,0,,0.4596194077712549,0.5818546939990483,astar,False,0,197365,0,6070,785,0.24781683099718066,0,0.0,0.019313017000968102,0,5,5,A,5336,0.425,True,1.6897641650066362
0,40.2840302880812,1027,0,,0.4769171835864189,1.0098012239977834,astar,False,0,258521,0,78431,9838,0.18568562499422114,0,0.0,0.13665917600155808,0,6,6,A,5337,0.4875,True,2.2903970849947655
0,39.249035649479644,974,0,,0.4596194077712549,0.8606659489960293,astar,False,0,236194,0,6445,833,0.2706317999982275,0,0.0,0.0209871619954356,0,5,5,A,5338,0.5125,True,2.5021711939916713
0,38.73555780742645,949,0,,0.46738634982207333,0.6036992290028138,astar,False,0,179321,0,13899,1757,0.09126044900040142,0,0.0,0.040721290999499615,0,6,6,A,5339,0.3875,True,1.9296808270009933
0,46.29767021015326,1235,0,,0.4596194077712549,1.0596448889991734,astar,False,0,308718,0,5506,709,0.27238360800402006,0,0.0,0.026852805000089575,0,6,6,A,5340,0.475,True,3.214527337993786
0,38.20267672824471,976,0,,0.49239212016440975,0.9985934680007631,astar,False,0,247320,0,24521,3126,0.19865059400035534,0,0.0,0.047589746995072346,0,7,7,A,5341,0.4375,True,3.7644418839990976
0,39.40009881282223,1002,0,,0.4850257725111133,0.7098261270002695,astar,False,0,257209,0,46411,5840,0.2676847920010914,0,0.0,0.09301187600067351,0,5,5,A,5342,0.4375,True,2.2338422649991116
0,37.2865052646591,923,0,,0.4769171835864189,0.6102945279999403,astar,False,0,175328,0,19192,2417,0.10442769400106044,0,0.0,0.049278528000286315,0,6,6,A,5343,0.325,True,2.466377744996862
0,38.8162725373692,995,0,,0.4596194077712549,0.8811312089965213,astar,False,0,215204,0,36115,4597,0.5111745450049057,0,0.0,0.06978177100245375,0,5,5,A,5344,0.425,True,3.0595157940042554
0,40.36017995262462,1033,0,,0.4596194077712549,0.8603804360027425,astar,False,0,241661,0,109180,13659,0.5147126830052002,0,0.0,0.1870336399952066,0,6,6,A,5345,0.45,True,3.5624465299988515
0,37.63533004465576,922,0,,0.4596194077712549,1.1056671900005313,astar,False,0,271171,0,9261,1182,0.15181298400420928,0,0.0,0.04759645500598708,0,4,4,A,5346,0.45,True,1.8914057289948687
0,39.128313304620605,968,0,,0.4596194077712549,0.5897800870006904,astar,False,0,173345,0,78033,9810,0.2868292049970478,0,0.0,0.1325860420038225,0,4,4,A,5347,0.4875,True,1.585371353015944
0,37.91524601308924,948,0,,0.4596194077712549,0.617669396000565,astar,False,0,208778,0,6855,868,0.1741421159968013,0,0.0,0.032329880996258,0,5,5,A,5348,0.425,True,1.9908533090056153
0,39.807256022847774,1039,0,,0.47817360864021063,0.6629379509977298,astar,False,0,259830,0,4202,532,0.23162237900396576,0,0.0,0.006222930001968052,0,5,5,A,5349,0.45,True,2.3254674070049077
0,37.11668585272818,889,0,,0.481300322044355,0.42851970799529226,astar,False,0,37287,0,51469,6445,0.14433758499944815,0,0.0,0.07814074000634719,0,2,2,A,5350,0.325,True,0.6537044739961857
0,39.91479064471771,986,0,,0.4596194077712549,0.9908238040006836,astar,False,0,315743,0,5091,650,0.5529955400052131,0,0.0,0.02632740599801764,0,6,6,A,5351,0.4375,True,2.773561949012219
0,38.72776866741676,990,0,,0.4596194077712549,0.6832283519979683,astar,False,0,312531,0,29548,3756,0.5665204949982581,0,0.0,0.07855404699512292,0,6,6,A,5352,0.4375,True,3.3117189100012183
0,37.57694086976865,917,0,,0.4596194077712549,0.6408531460037921,astar,False,0,248127,0,6316,819,0.47824035600206116,0,0.0,0.02135230600106297,0,4,4,A,5353,0.4375,True,1.6367742840011488
0,41.57119733249098,1076,0,,0.4596194077712549,1.3784297849997529,astar,False,0,271809,0,9241,1171,0.10360508099984145,0,0.0,0.03021249599987641,0,6,6,A,5354,0.4125,True,3.0570852430100786
0,38.05652923514178,948,0,,0.4596194077712549,0.841141176999372,astar,False,0,256946,0,10158,1310,0.2840717430008226,0,0.0,0.02763951400265796,0,4,4,A,5355,0.4375,True,2.179473552001582
0,41.716989744812544,1071,0,,0.4596194077712549,0.5362370580041897,astar,False,0,270066,0,10707,1359,0.08567436200246448,0,0.0,0.031620250003470574,0,7,7,A,5356,0.4,True,2.2294513449960505
0,40.994644791255176,1042,0,,0.4596194077712549,0.6686534979962744,astar,False,0,250247,0,7038,898,0.1217571669985773,0,0.0,0.022880611999426037,0,7,7,A,5357,0.4375,True,2.347903919995588
0,39.41008484504811,976,0,,0.4596194077712549,0.7067748910048977,astar,False,0,256893,0,9283,1197,0.14056353500200203,0,0.0,0.025554359002853744,0,5,5,A,5358,0.4,True,1.8009348860141472
0,37.19063755023074,920,0,,0.4596194077712549,0.7523258049986907,astar,False,0,217682,0,25964,3268,0.26415375800570473,0,0.0,0.0781833720029681,0,5,5,A,5359,0.4875,True,2.27996665599494
0,42.5920964258013,1102,0,,0.47502631506054627,1.254209525999613,astar,False,0,328876,0,12145,1528,0.12054568700114032,0,0.0,0.03531283299525967,0,6,6,A,5360,0.55,True,2.650771551008802
0,37.043722043333865,922,0,,0.4596194077712549,1.0517680819975794,astar,False,0,291349,0,7545,973,0.2525345739995828,0,0.0,0.029001946000789758,0,5,5,A,5361,0.375,True,2.0287624819902703
0,36.09603512572603,900,0,,0.46157339611377224,0.5962972050037934,astar,False,0,229997,0,13793,1752,0.25167298399901483,0,0.0,0.04665927499445388,0,6,6,A,5362,0.4125,True,2.286900143015373
0,44.593473951459906,1168,0,,0.4628714724413279,0.7854702179974993,astar,False,0,342131,0,37162,4650,0.2151842849998502,0,0.0,0.118336620995251,0,7,7,A,5363,0.6125,True,3.5390368980006315
0,37.80691829165924,947,0,,0.4596194077712549,1.1090665759984404,astar,False,0,228838,0,55417,6938,0.054826052000862546,0,0.0,0.12122336899483344,0,5,5,A,5364,0.3875,True,3.499387019990536
0,37.56886798156848,940,0,,0.481300322044355,0.7813486540035228,astar,False,0,102039,0,171166,21455,0.18293895199894905,0,0.0,0.2619976419955492,0,4,4,A,5365,0.4375,True,1.8378540269986843
0,37.98093364896407,931,0,,0.4596194077712549,0.6648478489951231,astar,False,0,278233,0,3220,413,0.6422424750053324,0,0.0,0.022464884998044,0,4,4,A,5366,0.4875,True,2.1293981569906464
0,38.84726688502528,960,0,,0.4596194077712549,0.9620478650031146,astar,False,0,305767,0,38322,4824,0.2599422540006344,0,0.0,0.09327644600125495,0,5,5,A,5367,0.55,True,3.124272392007697
0,41.74205285054213,1090,0,,0.4850257725111133,1.346502309999778,astar,False,0,238962,0,37618,4745,0.7551570100040408,0,0.0,0.07879499300179305,0,4,4,A,5368,0.375,True,2.9805089400033467
0,38.846223580391644,962,0,,0.4596194077712549,0.4477737549968879,astar,False,0,211001,0,15924,2025,0.3727957119990606,0,0.0,0.046449178000329994,0,6,6,A,5369,0.4625,True,1.9796660210049595
0,38.56934002281839,997,0,,0.4596194077712549,0.9653219449974131,astar,False,0,248422,0,20721,2654,0.27026008499524323,0,0.0,0.053564376998110674,0,4,4,A,5370,0.375,True,2.466038380996906
0,36.9949366531202,942,0,,0.4596194077712549,1.0749157069949433,astar,False,0,185374,0,146257,18318,0.23239377400022931,0,0.0,0.2201266299962299,0,4,4,A,5371,0.4875,True,2.57323827399523
0,44.631921075926144,1146,0,,0.4596194077712549,0.6885805040001287,astar,False,0,282141,0,19528,2550,0.25048481099656783,0,0.0,0.0484341690025758,0,7,7,A,5372,0.4875,True,2.533710086005158
0,40.60203134350729,1031,0,,0.49239212016440975,0.6683017850009492,astar,False,0,203300,0,89197,11263,0.2912418819978484,0,0.0,0.1495324469942716,0,6,6,A,5373,0.5375,True,2.836198194003373
0,37.53946899449049,913,0,,0.4596194077712549,0.9170090679981513,astar,False,0,221061,0,9095,1160,0.3332688880036585,0,0.0,0.04147185899637407,0,3,3,A,5374,0.425,True,1.3239063409928349
0,43.57349866080871,1118,0,,0.481300322044355,1.0077812660019845,astar,False,0,234836,0,78080,9876,0.08803064600215293,0,0.0,0.13516414599871496,0,6,6,A,5375,0.525,True,2.88455926401366
0,45.784634119549764,1216,0,,0.4596194077712549,1.2712356929987436,astar,False,0,344799,0,10577,1336,0.14820813199912664,0,0.0,0.03419381400453858,0,9,9,A,5376,0.6625,True,5.306578772986541
0,42.873611396004954,1112,0,,0.4628714724413279,1.347781427000882,astar,False,0,259412,0,56221,7077,0.567617931003042,0,0.0,0.103020563001337,0,5,5,A,5377,0.4875,True,3.8220235830012825
0,37.955049784571514,955,0,,0.4596194077712549,0.5192670969991013,astar,False,0,171193,0,85934,10841,0.2548802919991431,0,0.0,0.15406117199745495,0,4,4,A,5378,0.3625,True,1.9454804469933151
0,37.86412730334823,949,0,,0.4850257725111133,0.6194038560061017,astar,False,0,239891,0,52008,6540,0.20159459099522792,0,0.0,0.10003913599939551,0,7,7,A,5379,0.475,True,2.8470906630100217
0,40.656291263176016,1047,0,,0.4596194077712549,1.3412668910023058,astar,False,0,258162,0,37406,4768,0.3520558960008202,0,0.0,0.07637957200495293,0,6,6,A,5380,0.4375,True,4.705908524003462
0,37.811464663641516,925,0,,0.4596194077712549,0.6284188009958598,astar,False,0,265828,0,49436,6236,0.2029520069991122,0,0.0,0.10451152300083777,0,6,6,A,5381,0.475,True,3.1526844289837754
0,38.73684851615617,967,0,,0.49239212016440975,0.6419179720032844,astar,False,0,188549,0,43507,5458,0.24029432799579808,0,0.0,0.08352857000136282,0,4,4,A,5382,0.375,True,1.850049756001681
0,38.35865440887294,929,0,,0.4596194077712549,0.7699164259975078,astar,False,0,175578,0,9869,1285,0.09826964699459495,0,0.0,0.02315228200313868,0,4,4,A,5383,0.425,True,1.0015745630080346
0,46.47880004691972,1186,0,,0.4596194077712549,1.1396740409982158,astar,False,0,232902,0,43644,5473,0.47048122600244824,0,0.0,0.08652466200146591,0,4,4,A,5384,0.5,True,2.894546084004105
0,37.26377175745332,928,0,,0.4596194077712549,0.48934947200177703,astar,False,0,158513,0,12094,1526,0.14019643399660708,0,0.0,0.036994733003666624,0,6,6,A,5385,0.425,True,1.61946536799951
0,38.552747210401414,948,0,,0.4596194077712549,0.7808279859964387,astar,False,0,258277,0,12149,1577,0.19734960999630857,0,0.0,0.02972953599964967,0,4,4,A,5386,0.3375,True,1.6519282569934148
0,37.51555976199164,914,0,,0.4596194077712549,0.40364263599622063,astar,False,0,160064,0,3665,468,0.3007877210038714,0,0.0,0.015434590000950266,0,5,5,A,5387,0.4,True,1.6747750399954384
0,38.74020680320874,993,0,,0.4596194077712549,0.701104938001663,astar,False,0,262273,0,9385,1193,0.08590918000118108,0,0.0,0.029370119998930022,0,6,6,A,5388,0.4875,True,2.2948038410031586
0,40.00114251001906,1073,0,,0.4596194077712549,0.806091688995366,astar,False,0,242486,0,26907,3435,0.39005585000268184,0,0.0,0.04860348699730821,0,5,5,A,5389,0.475,True,1.8897491959942272
0,41.258146197919686,1055,0,,0.4596194077712549,0.6839936199976364,astar,False,0,206749,0,7325,927,0.13482174000091618,0,0.0,0.020893439002975356,0,7,7,A,5390,0.425,True,2.4674017790021026
0,36.702905384473695,916,0,,0.4596194077712549,0.8757622069970239,astar,False,0,281601,0,10681,1345,0.14258285899995826,0,0.0,0.03231213000253774,0,6,6,A,5391,0.475,True,2.0035574280045694
0,35.89979728320883,879,0,,0.4596194077712549,0.9546572320032283,astar,False,0,266044,0,32436,4092,0.869642315999954,0,0.0,0.08399083399854135,0,4,4,A,5392,0.4625,True,1.7652138760022353
0,40.71254138011946,1104,0,,0.48254533465779303,0.8838187149958685,astar,False,0,232117,0,8276,1062,0.1760040189983556,0,0.0,0.023591962999489624,0,5,5,A,5393,0.425,True,2.134465430994169
0,39.99753282666024,1034,0,,0.4628714724413279,0.6439826689966139,astar,False,0,244498,0,85724,10728,0.30040200800431194,0,0.0,0.15380590400309302,0,7,7,A,5394,0.475,True,2.4785109639997245
0,39.118842422186184,984,0,,0.4596194077712549,0.7176747049961705,astar,False,0,280232,0,4996,628,0.06650508500024443,0,0.0,0.025221400006557815,0,6,6,A,5395,0.45,True,2.2239256059983745
0,38.4593979887329,959,0,,0.4596194077712549,0.6629186409991235,astar,False,0,163866,0,5879,767,0.1348867179985973,0,0.0,0.01787217499804683,0,6,6,A,5396,0.45,True,2.5355223049991764
0,37.645142931109646,958,0,,0.4596194077712549,1.0253126120005618,astar,False,0,309484,0,8863,1154,0.30561276999651454,0,0.0,0.03131774200301152,0,7,7,A,5397,0.5875,True,4.498557680992235
0,36.73473861693525,928,0,,0.489948976935355,0.6850234249941423,astar,False,0,185306,0,23238,2938,0.18728035299864132,0,0.0,0.05348517699894728,0,6,6,A,5398,0.4375,True,2.0595712220019777
0,37.73969546357093,963,0,,0.4596194077712549,0.6245134499986307,astar,False,0,202786,0,23068,2968,0.31512483400001656,0,0.0,0.05392915700213052,0,6,6,A,5399,0.425,True,2.277233735003392
0,36.50250969932751,886,0,,0.4596194077712549,0.7775686370005133,astar,False,0,201531,0,70356,8836,0.6519491210056003,0,0.0,0.1235837909989641,0,3,3,A,5400,0.425,True,1.3245516200040583
0,39.079365052392575,964,0,,0.4596194077712549,0.6205885839954135,astar,False,0,155554,0,57175,7170,0.5187510569958249,0,0.0,0.10031610800069757,0,3,3,A,5401,0.2875,True,1.2885830229934072
0,38.10676484768894,914,0,,0.4596194077712549,0.8392964049999136,astar,False,0,173062,0,23590,2975,0.7805639610014623,0,0.0,0.05809619600040605,0,3,3,A,5402,0.3875,True,1.3770219490033924
0,37.5910987064499,923,0,,0.4596194077712549,0.5446664129995042,astar,False,0,157996,0,7850,1020,0.10011329899862176,0,0.0,0.020349139005702455,0,5,5,A,5403,0.3875,True,1.2054308700026013
0,42.235261784343,1104,0,,0.4596194077712549,1.1940455380026833,astar,False,0,312221,0,18860,2376,0.5193548109964468,0,0.0,0.06458057000418194,0,7,7,A,5404,0.55,True,4.556869256011851
0,42.60971724385509,1128,0,,0.4596194077712549,0.8320547100011026,astar,False,0,298223,0,7695,993,0.1610482050018618,0,0.0,0.010844465999980457,0,7,7,A,5405,0.5375,True,3.483177916998102
0,35.92625049725115,896,0,,0.4596194077712549,0.3633982970059151,astar,False,0,163573,0,8661,1114,0.20135497100272914,0,0.0,0.03061482700286433,0,5,5,A,5406,0.35,True,1.2875670659996103
0,37.95266266659337,946,0,,0.4596194077712549,0.6136828420058009,astar,False,0,270210,0,5609,710,0.22883332700439496,0,0.0,0.025791537002078258,0,6,6,A,5407,0.4,True,2.428484638010559
0,36.74651860794222,915,0,,0.4596194077712549,0.8535250850036391,astar,False,0,229986,0,5098,658,0.2533240980046685,0,0.0,0.03174337700329488,0,4,4,A,5408,0.4,True,1.7349820800081943
0,40.9287049427154,1062,0,,0.4596194077712549,0.8229622829967411,astar,False,0,261948,0,52993,6737,0.23135514499881538,0,0.0,0.11752686800173251,0,5,5,A,5409,0.5125,True,2.634231864991307
0,39.70572427431387,1031,0,,0.4596194077712549,0.9455327579998993,astar,False,0,241760,0,4912,652,0.09642404599435395,0,0.0,0.008455208997474983,0,7,7,A,5410,0.425,True,3.295473194004444
0,41.48629530183429,1072,0,,0.46157339611377224,0.9023199840012239,astar,False,0,213080,0,280091,35047,0.18329067900049267,0,0.0,0.4285023150005145,0,4,4,A,5411,0.4375,True,2.6271055309989606
0,36.8889218607377,890,0,,0.481300322044355,0.5576651559968013,astar,False,0,50294,0,154907,19372,0.13622054900042713,0,0.0,0.2246375020040432,0,3,3,A,5412,0.4625,True,1.4539358469992294
0,40.32648811106517,1042,0,,0.4596194077712549,0.8917421919977642,astar,False,0,253912,0,34285,4354,0.12192297099682037,0,0.0,0.07382094499917002,0,7,7,A,5413,0.5125,True,2.856644480008981
0,40.47408999896001,1039,0,,0.4596194077712549,0.9026220870000543,astar,False,0,240114,0,8855,1125,0.08300891899853013,0,0.0,0.038308936993416864,0,7,7,A,5414,0.4125,True,2.695280540996464
0,38.228351256520135,951,0,,0.4596194077712549,0.7247635039966553,astar,False,0,309595,0,25918,3314,0.2966404609978781,0,0.0,0.07253120899986243,0,6,6,A,5415,0.525,True,2.431307887993171
0,36.225503643901064,887,0,,0.4596194077712549,0.5793920509968302,astar,False,0,216534,0,11206,1413,0.18144477100577205,0,0.0,0.02638875599950552,0,7,7,A,5416,0.4375,True,1.8675295789871598
0,38.09089881337668,944,0,,0.4596194077712549,0.6505429070020909,astar,False,0,221297,0,6841,874,0.0859730540032615,0,0.0,0.02171955199446529,0,7,7,A,5417,0.45,True,2.616639333005878
0,39.872161965134374,1030,0,,0.4596194077712549,1.0967252000045846,astar,False,0,236226,0,26065,3329,0.29937303999759024,0,0.0,0.06369519599684281,0,7,7,A,5418,0.5,True,4.282601744009298
0,38.08119845356589,926,0,,0.4596194077712549,0.357024431003083,astar,False,0,120840,0,59463,7491,0.18988285199884558,0,0.0,0.0974438339981134,0,5,5,A,5419,0.475,True,1.2300852560074418
0,40.04062057580127,1025,0,,0.49239212016440975,0.7489827620011056,astar,False,0,274683,0,67813,8503,0.12202581200108398,0,0.0,0.13363229099923046,0,6,6,A,5420,0.5,True,2.575580535005429
0,39.05541066132369,967,0,,0.481300322044355,0.7176670439948794,astar,False,0,210334,0,148444,18626,0.47336425200046506,0,0.0,0.2387897559965495,0,5,5,A,5421,0.4375,True,1.9011912570058485
0,38.662146546759494,966,0,,0.4628714724413279,0.5878306259983219,astar,False,0,235851,0,51134,6458,0.2943684409983689,0,0.0,0.0943537959974492,0,7,7,A,5422,0.5,True,2.5673001450049924
0,37.4224422146058,920,0,,0.4596194077712549,0.7096245010034181,astar,False,0,219370,0,5164,674,0.20391581500007305,0,0.0,0.0196229260036489,0,4,4,A,5423,0.4375,True,1.5580736140036606
0,43.05557700532796,1128,0,,0.4887228253314979,0.8245740640049917,astar,False,0,280436,0,34348,4398,0.2281432739982847,0,0.0,0.07763294799951836,0,6,6,A,5424,0.475,True,3.188452132009843
0,38.953747554825256,965,0,,0.4596194077712549,0.41522797999641625,astar,False,0,169762,0,12448,1586,0.3431672030055779,0,0.0,0.026884846003667917,0,5,5,A,5425,0.45,True,1.6667546889948426
0,37.61434631703375,965,0,,0.4596194077712549,0.8253703899972606,astar,False,0,256993,0,7041,888,0.2913948629939114,0,0.0,0.022704443996190093,0,5,5,A,5426,0.4125,True,2.246205244999146
0,41.048297895825904,1043,0,,0.47817360864021063,0.6085014329946716,astar,False,0,222279,0,10104,1323,0.053308950999053195,0,0.0,0.024967492005089298,0,6,6,A,5427,0.4875,True,2.0507604960002936
0,41.09048799778515,1071,0,,0.49239212016440975,0.9448202439962188,astar,False,0,293046,0,127441,16005,0.3444807039995794,0,0.0,0.24231333599891514,0,6,6,A,5428,0.475,True,3.2197841849992983
0,35.91544513500974,867,0,,0.4628714724413279,0.936342594002781,astar,False,0,269443,0,37721,4722,0.3520221959988703,0,0.0,0.08789077300025383,0,4,4,A,5429,0.425,True,1.6630475070051034
0,38.22535059798059,958,0,,0.4850257725111133,1.2211935019950033,astar,False,0,307671,0,25508,3199,0.2770684299975983,0,0.0,0.07382447199779563,0,5,5,A,5430,0.4875,True,3.5083362579971435
0,42.22100035790146,1072,0,,0.4596194077712549,0.862655053002527,astar,False,0,255270,0,9147,1167,0.34528382099961163,0,0.0,0.02645232000213582,0,6,6,A,5431,0.4625,True,2.7603409540024586
0,40.24795807890119,1046,0,,0.49239212016440975,0.8255917090064031,astar,False,0,211779,0,82964,10539,0.3834868909980287,0,0.0,0.13574508899910143,0,6,6,A,5432,0.4375,True,3.178079708995938
0,38.093617538340006,952,0,,0.4596194077712549,0.7167062149965204,astar,False,0,255601,0,12706,1650,0.16331992599589285,0,0.0,0.0334732699993765,0,5,5,A,5433,0.4125,True,2.310066948994063
0,37.720337156526156,934,0,,0.4596194077712549,0.8063155630006804,astar,False,0,280262,0,14644,1835,0.1440117630045279,0,0.0,0.03734399800305255,0,6,6,A,5434,0.4125,True,2.768607713995152
0,37.72630360936586,948,0,,0.49239212016440975,0.637087513001461,astar,False,0,251722,0,14193,1803,0.20877040599589236,0,0.0,0.04825249099667417,0,6,6,A,5435,0.55,True,2.693913456008886
0,38.81257535332113,1009,0,,0.4596194077712549,0.5339835679988028,astar,False,0,218226,0,29989,3881,0.4651856550044613,0,0.0,0.062332743997103535,0,6,6,A,5436,0.3375,True,1.9734571169974515
0,45.23944596643682,1234,0,,0.47502631506054627,0.9227856479992624,astar,False,0,253638,0,114579,14485,0.06276177800464211,0,0.0,0.18290668800182175,0,5,5,A,5437,0.5125,True,2.728340023008059
0,38.26307357160062,935,0,,0.4596194077712549,0.3439256569981808,astar,False,0,204788,0,9616,1234,0.09608885200577788,0,0.0,0.028028129003359936,0,7,7,A,5438,0.3625,True,1.6396263230053592
0,37.14421844836901,919,0,,0.4596194077712549,0.5678086580010131,astar,False,0,188043,0,9534,1218,0.1071590030041989,0,0.0,0.02395678000175394,0,7,7,A,5439,0.4125,True,2.2984724519919837
0,44.170240835925185,1158,0,,0.49239212016440975,1.6569350740028312,astar,False,0,255002,0,23041,2923,0.1365212880045874,0,0.0,0.05832702499901643,0,8,8,A,5440,0.4375,True,5.323268487009045
0,37.71798612441266,914,0,,0.4596194077712549,0.5332904509996297,astar,False,0,182628,0,2661,339,0.5183955689935829,0,0.0,0.014760074998775963,0,4,4,A,5441,0.4125,True,1.3595519899899955
0,42.15578080858273,1137,0,,0.4596194077712549,1.1850181270056055,astar,False,0,297411,0,22847,2923,0.26863025299826404,0,0.0,0.06830039000487886,0,6,6,A,5442,0.4625,True,4.368409168993821
0,39.79138813807402,1004,0,,0.4596194077712549,0.45981490099802613,astar,False,0,209345,0,8302,1079,0.12545125600445317,0,0.0,0.02325310900050681,0,7,7,A,5443,0.4375,True,1.713109306008846
0,38.960966660474945,989,0,,0.4596194077712549,1.0894726389960852,astar,False,0,272021,0,12460,1597,0.5264700609986903,0,0.0,0.051827994000632316,0,6,6,A,5444,0.5125,True,3.3657915170042543
0,36.91413922935716,915,0,,0.4596194077712549,1.0900776120033697,astar,False,0,165530,0,40494,5111,0.23452517000259832,0,0.0,0.07650857400585664,0,4,4,A,5445,0.4625,True,2.234406454008422
0,40.47667559074561,1052,0,,0.4596194077712549,1.1711483870021766,astar,False,0,273860,0,5955,752,0.3302970529985032,0,0.0,0.026672805994166993,0,5,5,A,5446,0.55,True,3.4561791900196113
0,38.63627890027587,965,0,,0.4596194077712549,0.6852048190048663,astar,False,0,294783,0,8849,1136,0.1953623039953527,0,0.0,0.02999765399727039,0,6,6,A,5447,0.4875,True,2.3526753180049127
0,38.89037046892175,951,0,,0.4850257725111133,0.8607173570053419,astar,False,0,67850,0,400919,50296,0.28047728399542393,0,0.0,0.5609752879972802,0,2,2,A,5448,0.3875,True,0.9285070410041953
0,42.743946995058934,1118,0,,0.4850257725111133,0.9854905589963892,astar,False,0,313743,0,15820,2003,0.19914962699840544,0,0.0,0.060114022999187,0,7,7,A,5449,0.6,True,3.9838670329918386
0,37.45857318270665,924,0,,0.4596194077712549,0.8617542379943188,astar,False,0,271115,0,38746,4867,0.4161626269997214,0,0.0,0.11344108799676178,0,4,4,A,5450,0.5,True,2.2810062319986173
0,41.74495720391721,1081,0,,0.4596194077712549,1.4037375560001237,astar,False,0,286357,0,5042,640,0.1007488640025258,0,0.0,0.030289996997453272,0,6,6,A,5451,0.525,True,2.834453300005407
0,40.04669983354633,1024,0,,0.4596194077712549,0.9270528380002361,astar,False,0,271529,0,36120,4560,0.8387155790042016,0,0.0,0.08721381799841765,0,4,4,A,5452,0.4625,True,2.4859473390024505
0,40.033951014164984,1030,0,,0.4596194077712549,0.8873701210031868,astar,False,0,303858,0,67180,8556,0.4400869179953588,0,0.0,0.12792298400017899,0,5,5,A,5453,0.5,True,2.3170221589971334
0,38.498592129640485,965,0,,0.4596194077712549,0.5371535060039605,astar,False,0,284533,0,8690,1125,0.1872976840022602,0,0.0,0.04858990300272126,0,8,8,A,5454,0.5,True,2.736802173007163
0,36.578768660542394,905,0,,0.481300322044355,0.7063631950004492,astar,False,0,268796,0,5479,709,0.18594131000281777,0,0.0,0.024809343995002564,0,5,5,A,5455,0.5375,True,2.05285319100949
0,38.97024948008114,1003,0,,0.4966387016735619,1.083220889995573,astar,False,0,239910,0,9234,1214,0.1803480890011997,0,0.0,0.03697593200195115,0,3,3,A,5456,0.35,True,1.8044787439939682
0,38.867946318564506,964,0,,0.4769171835864189,0.5443609870053479,astar,False,0,200492,0,109997,13805,0.33944498699565884,0,0.0,0.19767768299789168,0,4,4,A,5457,0.45,True,1.6010257129964884
0,40.018420820532654,992,0,,0.49239212016440975,0.7131116809978266,astar,False,0,250323,0,20444,2610,0.34821634700347204,0,0.0,0.04118218199437251,0,6,6,A,5458,0.45,True,2.559367661990109
0,39.464554617760896,1010,0,,0.4596194077712549,1.1164411489953636,astar,False,0,223533,0,6987,888,0.10798066699499032,0,0.0,0.010176960997341666,0,6,6,A,5459,0.3875,True,3.0241316280007595
0,39.19721595300348,994,0,,0.46157339611377224,0.7343115030016634,astar,False,0,259095,0,14007,1777,0.15856163699936587,0,0.0,0.045276632998138666,0,7,7,A,5460,0.4625,True,3.1049940820230404
0,38.05413104941527,956,0,,0.4596194077712549,0.5781312469989643,astar,False,0,239444,0,25502,3221,0.27578807000099914,0,0.0,0.06297112400352489,0,7,7,A,5461,0.4125,True,2.884941959993739
0,39.67247194835818,1017,0,,0.4596194077712549,1.06198603699886,astar,False,0,261367,0,32732,4174,0.21476789799635299,0,0.0,0.057287376999738626,0,6,6,A,5462,0.425,True,3.184926601999905
0,39.40685540788791,993,0,,0.4596194077712549,0.8031380190004711,astar,False,0,187307,0,148497,18601,0.415772072999971,0,0.0,0.23770360599883134,0,5,5,A,5463,0.5125,True,2.7455115989941987
0,39.81198675016645,987,0,,0.481300322044355,0.7528060420008842,astar,False,0,270966,0,3459,436,0.3313648120019934,0,0.0,0.02271577100327704,0,5,5,A,5464,0.475,True,2.455627454990463
0,38.85306717253258,1002,0,,0.4628714724413279,0.7196225919979042,astar,False,0,244178,0,64832,8129,0.18740386599529302,0,0.0,0.11767094799870392,0,5,5,A,5465,0.4625,True,2.255842105994816
0,39.23052254723453,1010,0,,0.481300322044355,0.8374277390030329,astar,False,0,322750,0,10269,1306,0.13888810200296575,0,0.0,0.05365797400008887,0,6,6,A,5466,0.475,True,3.058155751998129
0,37.93365903341721,956,0,,0.4596194077712549,0.8012617580025108,astar,False,0,327139,0,9058,1143,0.15111103499657474,0,0.0,0.031680149004387204,0,7,7,A,5467,0.575,True,3.027621066008578
0,40.700344605289146,1019,0,,0.4596194077712549,0.9492253599964897,astar,False,0,302847,0,3840,508,0.10565650400531013,0,0.0,0.023946107998199295,0,6,6,A,5468,0.475,True,2.9788025760062737
0,36.39163806402128,904,0,,0.4596194077712549,0.6866591660000267,astar,False,0,223091,0,8655,1138,0.6620529790016008,0,0.0,0.024371321997023188,0,4,4,A,5469,0.3125,True,1.5580852139974013
0,36.26053543416516,886,0,,0.4596194077712549,0.3193357609998202,astar,False,0,76308,0,120086,15038,0.1322996949966182,0,0.0,0.18278789600299206,0,4,4,A,5470,0.425,True,1.0946667149983114
0,39.44735676027074,1002,0,,0.4628714724413279,0.52642620599363,astar,False,0,223758,0,65552,8286,0.26398189199971966,0,0.0,0.1157467520024511,0,7,7,A,5471,0.4,True,2.4210872859839583
0,41.39736836106412,1088,0,,0.4596194077712549,0.8289693940023426,astar,False,0,270730,0,7989,1031,0.15117568900313927,0,0.0,0.029442185994412284,0,6,6,A,5472,0.4125,True,2.793499448001967
0,41.279062765178594,1057,0,,0.49239212016440975,0.5932692279966432,astar,False,0,224239,0,76083,9591,0.34372527900268324,0,0.0,0.12721459699969273,0,5,5,A,5473,0.4375,True,2.0957045020040823
0,41.114690768523424,1056,0,,0.46738634982207333,1.0787390179975773,astar,False,0,213474,0,19835,2535,0.22720372599724215,0,0.0,0.0500701439959812,0,5,5,A,5474,0.4375,True,2.1377376439995714
0,38.743313944728705,960,0,,0.4596194077712549,0.5203041189961368,astar,False,0,195068,0,112751,14161,0.19279654599813512,0,0.0,0.18329732100391993,0,5,5,A,5475,0.525,True,1.8775471189946984
0,37.018502606849324,926,0,,0.4596194077712549,0.6158889869984705,astar,False,0,192711,0,9502,1219,0.12890104899997823,0,0.0,0.024059152005065698,0,6,6,A,5476,0.3875,True,1.769575852995331
0,38.797058925223155,1014,0,,0.46157339611377224,0.8645532209993689,astar,False,0,247934,0,7672,967,0.14564179900480667,0,0.0,0.02366035299928626,0,6,6,A,5477,0.4125,True,2.842905158002395
0,44.48506386242481,1208,0,,0.4596194077712549,0.9630946460019914,astar,False,0,278646,0,10964,1381,0.39527888700104086,0,0.0,0.032436246998258866,0,6,6,A,5478,0.525,True,3.1540582750094472
0,39.84702873976862,1034,0,,0.49239212016440975,0.581572179995419,astar,False,0,239969,0,58755,7373,0.09943015900353203,0,0.0,0.1092337480004062,0,6,6,A,5479,0.4,True,2.5577904779929668
0,37.34984684828038,913,0,,0.4596194077712549,0.5914595459980774,astar,False,0,160481,0,5039,656,0.33116790399799356,0,0.0,0.016983097993943375,0,3,3,A,5480,0.4125,True,1.4351215669958037
0,38.77204184883539,976,0,,0.4596194077712549,0.7314823470005649,astar,False,0,308575,0,7769,999,0.1550380429980578,0,0.0,0.02933150500030024,0,7,7,A,5481,0.425,True,2.729355919000227
0,40.60881507101531,1057,0,,0.4596194077712549,0.8362273709935835,astar,False,0,234423,0,34984,4471,0.11740559399913764,0,0.0,0.07290615500096465,0,6,6,A,5482,0.45,True,3.101347365991387
0,38.83323584278945,980,0,,0.4596194077712549,1.290273373000673,astar,False,0,206713,0,36503,4570,0.06682115099829389,0,0.0,0.0751045709985192,0,6,6,A,5483,0.3875,True,3.7755026140002883
0,37.02919187900148,930,0,,0.4596194077712549,1.5035819600016112,astar,False,0,300751,0,7393,945,0.17612370399729116,0,0.0,0.028521022002678365,0,4,4,A,5484,0.475,True,2.340807231994404
0,38.423683782299804,935,0,,0.481300322044355,0.3195364690036513,astar,False,0,51436,0,37734,4749,0.14595047300099395,0,0.0,0.05989363700064132,0,4,4,A,5485,0.425,True,0.740934791007021
0,40.310808218015765,1021,0,,0.4596194077712549,0.7741371950032772,astar,False,0,294737,0,69711,8861,0.5397216779965675,0,0.0,0.12411493599938694,0,5,5,A,5486,0.5125,True,2.392437518996303
0,41.56537326910133,1094,0,,0.4596194077712549,0.7855073419996188,astar,False,0,298948,0,56569,7156,0.261532835997059,0,0.0,0.1139895809974405,0,7,7,A,5487,0.45,True,3.1887973729972146
0,39.05381694958984,1006,0,,0.4596194077712549,0.7520316420050221,astar,False,0,291571,0,5122,652,0.09954789200128289,0,0.0,0.0071775809992686845,0,8,8,A,5488,0.35,True,2.5030851520059514
0,39.7353445576287,1004,0,,0.4596194077712549,0.8730693739998969,astar,False,0,288581,0,9373,1190,0.2515637960023014,0,0.0,0.04858843800320756,0,7,7,A,5489,0.475,True,3.4345083869920927
0,38.38609765268887,979,0,,0.4596194077712549,0.7481753620013478,astar,False,0,191455,0,12642,1638,0.23523149199900217,0,0.0,0.02872085600392893,0,8,8,A,5490,0.475,True,2.431666889009648
0,37.10305232367127,926,0,,0.4596194077712549,0.5387630480036023,astar,False,0,216648,0,76724,9671,0.40411074900475796,0,0.0,0.13208755099913105,0,6,6,A,5491,0.3875,True,1.7167286219992093
0,39.324692980546274,980,0,,0.4596194077712549,0.4125060639998992,astar,False,0,204492,0,63483,7965,0.18998518299486022,0,0.0,0.11410912700375775,0,6,6,A,5492,0.45,True,2.0601388039940502
0,42.20244540875483,1104,0,,0.46738634982207333,1.409334828997089,astar,False,0,223395,0,16860,2110,0.23361075000138953,0,0.0,0.047307783002906945,0,5,5,A,5493,0.45,True,4.165066683992336
0,38.319283455794505,982,0,,0.4596194077712549,0.9876533070055302,astar,False,0,300995,0,7732,982,0.14646848200209206,0,0.0,0.0288890049996553,0,6,6,A,5494,0.4375,True,3.198557310992328
0,38.73313142559128,984,0,,0.4596194077712549,0.9029567559991847,astar,False,0,320300,0,3189,413,0.23838627900113352,0,0.0,0.02452452499710489,0,5,5,A,5495,0.575,True,3.054770691996964
0,37.949275250899234,943,0,,0.4596194077712549,0.8192646899988176,astar,False,0,225369,0,17460,2197,0.5792524799981038,0,0.0,0.05007080400537234,0,4,4,A,5496,0.475,True,2.561685906002822
0,41.86314789947426,1106,0,,0.4596194077712549,0.8667781689946423,astar,False,0,269883,0,12129,1528,0.19948755299992627,0,0.0,0.052338718000100926,0,5,5,A,5497,0.475,True,2.9590326369871036
0,39.73643585044381,1035,0,,0.4850257725111133,0.6684240989998216,astar,False,0,258523,0,22099,2874,0.4525144720028038,0,0.0,0.05606142800388625,0,5,5,A,5498,0.4,True,2.440339198001311
0,41.197241819227024,1021,0,,0.4628714724413279,1.0852514809957938,astar,False,0,257031,0,29027,3643,0.26927488100045593,0,0.0,0.06844041099975584,0,6,6,A,5499,0.5125,True,3.3061974070151336
0,37.89394824785438,905,0,,0.4596194077712549,0.8082041490051779,astar,False,0,267394,0,7966,1013,0.7635953129938571,0,0.0,0.044383690001268405,0,4,4,B,5000,0.43333333333333335,True,2.0178530199991656
0,37.855602885587686,941,0,,0.4596194077712549,0.7963927500022692,astar,False,0,266230,0,8225,1053,0.23645806399872527,0,0.0,0.028269630995055195,0,6,6,B,5001,0.5083333333333333,True,2.5405799069994828
0,38.784161411837964,1001,0,,0.4596194077712549,0.786440551004489,astar,False,0,253664,0,57401,7251,0.4343529710022267,0,0.0,0.10956629800057271,0,5,5,B,5002,0.4583333333333333,True,2.191959123018023
0,40.74558864413651,1041,0,,0.4596194077712549,1.1501980979955988,astar,False,0,269176,0,8854,1131,0.18364599099732004,0,0.0,0.030319391000375617,0,6,6,B,5003,0.4583333333333333,True,2.7812834839933203
0,38.80088979664995,967,0,,0.4596194077712549,0.5110631569987163,astar,False,0,226519,0,3955,517,0.10906138700374868,0,0.0,0.017422106000594795,0,7,7,B,5004,0.39166666666666666,True,2.068623803992523
0,39.34535960905561,992,0,,0.4596194077712549,0.6762306979944697,astar,False,0,273722,0,8486,1084,0.10889555200265022,0,0.0,0.046415532000537496,0,7,7,B,5005,0.49166666666666664,True,2.6326918859849684
0,38.14793562764672,981,0,,0.4596194077712549,0.7557731039996725,astar,False,0,260092,0,6742,852,0.19696985500195296,0,0.0,0.022923082004126627,0,7,7,B,5006,0.48333333333333334,True,2.7764014339991263
0,39.73901991018946,996,0,,0.4596194077712549,0.8309764430014184,astar,False,0,281233,0,8063,1029,0.487303002999397,0,0.0,0.028584096005943138,0,7,7,B,5007,0.4083333333333333,True,4.0762439600002836
0,38.13632817823595,942,0,,0.4596194077712549,0.702107763994718,astar,False,0,298785,0,34749,4410,0.6165278879998368,0,0.0,0.08483866500318982,0,5,5,B,5008,0.39166666666666666,True,2.770332817992312
0,39.917196135484865,1017,0,,0.4596194077712549,0.9188537570007611,astar,False,0,274724,0,28103,3534,0.19816018299752614,0,0.0,0.07870288000412984,0,5,5,B,5009,0.43333333333333335,True,3.2940790520005976
0,38.29442031534132,926,0,,0.4596194077712549,0.4224996929988265,astar,False,0,167412,0,2927,374,0.09353574200213188,0,0.0,0.014212868001777679,0,6,6,B,5010,0.35,True,1.7351603519928176
0,40.748071404783495,1049,0,,0.4628714724413279,1.1322182410003734,astar,False,0,240516,0,102091,12788,0.19360741499986034,0,0.0,0.19482993199926568,0,6,6,B,5011,0.45,True,3.9473627579864115
0,37.76330871622648,994,0,,0.4596194077712549,1.2739103099956992,astar,False,0,256539,0,40741,5125,0.5255904770019697,0,0.0,0.08728716499899747,0,5,5,B,5012,0.475,True,3.156391160991916
0,38.71151427162855,968,0,,0.4628714724413279,0.9429066899974714,astar,False,0,216657,0,97502,12203,0.27347530699626077,0,0.0,0.16872329100442585,0,6,6,B,5013,0.4166666666666667,True,2.0264394599944353
0,40.273165468476655,1051,0,,0.481300322044355,1.3075066599994898,astar,False,0,271366,0,50204,6406,0.39638855300290743,0,0.0,0.09975841500272509,0,3,3,B,5014,0.44166666666666665,True,1.9421521769982064
0,38.90266695724376,949,0,,0.4628714724413279,0.795906767998531,astar,False,0,247400,0,40634,5083,0.15376991600351175,0,0.0,0.08444947400130332,0,5,5,B,5015,0.35833333333333334,True,2.0705036520012072
0,39.32570869950518,1013,0,,0.4596194077712549,0.841856099999859,astar,False,0,221983,0,21836,2762,0.14732702800392872,0,0.0,0.05431452099583112,0,6,6,B,5016,0.4083333333333333,True,2.665433156005747
0,39.05641275876274,996,0,,0.4596194077712549,0.7836264469951857,astar,False,0,306182,0,34197,4420,0.48008506600308465,0,0.0,0.10662309699546313,0,7,7,B,5017,0.5416666666666666,True,4.216450821993931
0,37.82603645882786,919,0,,0.4596194077712549,0.7632571569993161,astar,False,0,133539,0,80343,10147,0.6304659689994878,0,0.0,0.13092740799766034,0,2,2,B,5018,0.375,True,0.7864866300005815
0,38.642776454638536,979,0,,0.4596194077712549,0.8758313899961649,astar,False,0,224008,0,3178,423,0.06770518100529443,0,0.0,0.016558927003643475,0,8,8,B,5019,0.44166666666666665,True,3.7950650619823136
0,39.24154147379348,983,0,,0.47502631506054627,0.5624682450070395,astar,False,0,216409,0,20977,2688,0.13840058600180782,0,0.0,0.03815907499665627,0,6,6,B,5020,0.39166666666666666,True,2.0651993960127584
0,41.4905920688712,1062,0,,0.4596194077712549,1.4460919679986546,astar,False,0,289767,0,23110,2997,0.22366488500119885,0,0.0,0.04953745799866738,0,6,6,B,5021,0.5333333333333333,True,3.0201213039981667
0,43.169782329984045,1164,0,,0.47502631506054627,1.110071456998412,astar,False,0,315552,0,5835,744,0.15644872400298482,0,0.0,0.04614080600003945,0,10,10,B,5022,0.5,True,5.4778385880053975
0,37.33981433451784,929,0,,0.46157339611377224,0.6791853140020976,astar,False,0,215166,0,14756,1868,0.25166014499700395,0,0.0,0.04311066900118021,0,7,7,B,5023,0.45,True,3.1787911359933787
0,39.7664629980958,1000,0,,0.4850257725111133,0.8656698379927548,astar,False,0,137290,0,373198,46827,0.28223058699950343,0,0.0,0.546743984996283,0,3,3,B,5024,0.44166666666666665,True,2.138881421989936
0,36.95068054663647,931,0,,0.481300322044355,0.8093936249933904,astar,False,0,305591,0,47894,6092,0.6399865379935363,0,0.0,0.08421990100032417,0,4,4,B,5025,0.475,True,2.1364178609946975
0,38.68190245544862,966,0,,0.4596194077712549,0.5847274699990521,astar,False,0,181538,0,10691,1358,0.2838680669956375,0,0.0,0.02474880899535492,0,5,5,B,5026,0.375,True,2.1319441069936147
0,41.65839691202312,1062,0,,0.481300322044355,0.5975161300011678,astar,False,0,172134,0,10840,1381,0.05224983399966732,0,0.0,0.025445371997193433,0,7,7,B,5027,0.44166666666666665,True,2.008385532993998
0,39.710194425243714,1035,0,,0.481300322044355,0.557035587997234,astar,False,0,289762,0,82220,10550,0.3683514299991657,0,0.0,0.14047610399575206,0,6,6,B,5028,0.35833333333333334,True,2.042086568988452
0,41.99773255689663,1061,0,,0.4596194077712549,0.9686924490015372,astar,False,0,281756,0,9164,1183,0.2074103550039581,0,0.0,0.03049979000206804,0,7,7,B,5029,0.4666666666666667,True,3.101097757004027
0,38.84449221482828,951,0,,0.4596194077712549,0.4938072349978029,astar,False,0,154639,0,73795,9247,0.10809597100160317,0,0.0,0.12101365899434313,0,7,7,B,5030,0.44166666666666665,True,1.652202423007111
0,38.1674046501566,967,0,,0.4596194077712549,0.9397669440004393,astar,False,0,217639,0,213389,26719,0.295661416996154,0,0.0,0.32851711200055433,0,5,5,B,5031,0.35,True,2.8407984860023134
0,37.745648823884025,939,0,,0.4596194077712549,0.5694046970020281,astar,False,0,206203,0,11421,1475,0.12801116299669957,0,0.0,0.02707913799531525,0,6,6,B,5032,0.44166666666666665,True,1.8565075130100013
0,38.02808123724677,955,0,,0.49239212016440975,0.6707833429973107,astar,False,0,229025,0,25698,3260,0.6218982939972193,0,0.0,0.0483567060000496,0,5,5,B,5033,0.425,True,2.098916061986529
0,38.614414309885476,948,0,,0.4596194077712549,0.7439971170024364,astar,False,0,289122,0,8791,1144,0.21733713099820307,0,0.0,0.01223647400183836,0,5,5,B,5034,0.45,True,1.980624871001055
0,38.895968246192005,1012,0,,0.4850257725111133,0.7499005459976615,astar,False,0,231971,0,120658,15143,0.5588738699952955,0,0.0,0.18739499199728016,0,5,5,B,5035,0.48333333333333334,True,2.2408933699916815
0,39.473759611819574,1033,0,,0.4596194077712549,1.0081950739986496,astar,False,0,334391,0,11292,1448,0.2087168760044733,0,0.0,0.0341678020049585,0,8,8,B,5036,0.5083333333333333,True,4.8417833110070205
0,38.79478291187929,988,0,,0.4596194077712549,0.9298742339960882,astar,False,0,325782,0,10144,1290,0.06253294100315543,0,0.0,0.033206656997208484,0,9,9,B,5037,0.43333333333333335,True,4.9329903129910235
0,37.01794174849758,956,0,,0.4596194077712549,1.0611841770005412,astar,False,0,337452,0,30257,3827,0.21023930799856316,0,0.0,0.07991557100467617,0,6,6,B,5038,0.4,True,2.6856252399957157
0,39.73293815835662,1005,0,,0.4596194077712549,0.8686899960011942,astar,False,0,238044,0,6666,851,0.11399660100141773,0,0.0,0.009271679002267774,0,7,7,B,5039,0.48333333333333334,True,2.6659676030103583
0,40.759751348744736,1033,0,,0.4596194077712549,1.1614563449984416,astar,False,0,223145,0,11044,1405,0.12386563299514819,0,0.0,0.038192605003132485,0,7,7,B,5040,0.425,True,3.3588247710067662
0,39.51131132354823,985,0,,0.4596194077712549,0.6319665539995185,astar,False,0,316270,0,22123,2793,0.30630209900118643,0,0.0,0.07006695600284729,0,8,8,B,5041,0.4083333333333333,True,2.7805729729952873
0,41.86248138146437,1113,0,,0.4596194077712549,1.1024967670018668,astar,False,0,333623,0,8567,1089,0.3716894700046396,0,0.0,0.031351197001640685,0,6,6,B,5042,0.4583333333333333,True,4.206971073996101
0,41.321768725952055,1100,0,,0.4596194077712549,1.0801514129998395,astar,False,0,276043,0,4176,529,0.13109815099596744,0,0.0,0.024327935003384482,0,8,8,B,5043,0.43333333333333335,True,4.196406130002288
0,40.078002596825506,994,0,,0.4628714724413279,0.8924032340000849,astar,False,0,281309,0,86070,10775,0.448474142998748,0,0.0,0.15710462899733102,0,6,6,B,5044,0.425,True,3.66804191400297
0,38.69955224795929,952,0,,0.4596194077712549,0.4946561920005479,astar,False,0,195549,0,19087,2414,0.4448067729972536,0,0.0,0.0492358659976162,0,5,5,B,5045,0.43333333333333335,True,1.4771874059952097
0,38.76381439023996,965,0,,0.4596194077712549,0.6402184309990844,astar,False,0,239301,0,97395,12224,0.16016713600402,0,0.0,0.1650508370003081,0,5,5,B,5046,0.38333333333333336,True,2.0027823700074805
0,39.24608459901855,1009,0,,0.4596194077712549,0.8757082459997036,astar,False,0,252957,0,9461,1202,0.07917965900560375,0,0.0,0.025688953006465454,0,7,7,B,5047,0.425,True,3.188797524999245
0,41.79648324206346,1100,0,,0.4596194077712549,0.817222194003989,astar,False,0,239672,0,104280,13168,0.4935963250027271,0,0.0,0.15351243899931433,0,6,6,B,5048,0.4666666666666667,True,3.2773131010035286
0,40.18666186049363,1014,0,,0.4596194077712549,1.0395334150016424,astar,False,0,270466,0,7099,905,0.09313617699808674,0,0.0,0.027711855997040402,0,6,6,B,5049,0.49166666666666664,True,2.082560521987034
0,38.0977744447554,955,0,,0.4596194077712549,0.5962943010017625,astar,False,0,251960,0,10428,1327,0.5671922140027164,0,0.0,0.028859697995358147,0,6,6,B,5050,0.4166666666666667,True,2.0807593330027885
0,39.36822819923687,984,0,,0.4596194077712549,1.0908132810000097,astar,False,0,238920,0,3783,483,0.07232054600171978,0,0.0,0.017752923995431047,0,7,7,B,5051,0.475,True,2.2223382300071535
0,37.84099225716853,957,0,,0.49239212016440975,1.152158144999703,astar,False,0,297643,0,15227,1943,0.36558650599909015,0,0.0,0.05928604099608492,0,6,6,B,5052,0.475,True,3.9152711690112483
0,38.93056082615252,973,0,,0.4850257725111133,0.7810402980030631,astar,False,0,222470,0,111147,14041,0.6034767210003338,0,0.0,0.17471187699993607,0,4,4,B,5053,0.425,True,1.770148428993707
0,38.65916181299211,981,0,,0.4596194077712549,0.9443510499986587,astar,False,0,308393,0,11077,1415,0.10394631799863419,0,0.0,0.03409686500526732,0,8,8,B,5054,0.49166666666666664,True,3.682663983992825
0,38.262547180316865,973,0,,0.4596194077712549,0.5863969870042638,astar,False,0,235546,0,9210,1175,0.19756392999988748,0,0.0,0.026023042999440804,0,7,7,B,5055,0.44166666666666665,True,2.3465009539941093
0,38.701280618418885,971,0,,0.4596194077712549,0.5015605009975843,astar,False,0,256677,0,4387,562,0.09739856099622557,0,0.0,0.019386725005460903,0,6,6,B,5056,0.375,True,2.1100492349869455
0,40.08076563616265,1006,0,,0.49239212016440975,0.8023072059950209,astar,False,0,282130,0,129094,16166,0.15368926899827784,0,0.0,0.24340820199722657,0,6,6,B,5057,0.48333333333333334,True,3.0451445399885415
0,38.459671736217935,971,0,,0.4596194077712549,0.6611289200009196,astar,False,0,332345,0,5716,728,0.060969501006184146,0,0.0,0.028107066995289642,0,8,8,B,5058,0.5,True,2.8778105660094297
0,36.50882472693691,901,0,,0.4596194077712549,0.6231222269998398,astar,False,0,272433,0,14243,1797,0.2923604079987854,0,0.0,0.0394024260021979,0,5,5,B,5059,0.43333333333333335,True,2.5610189720027847
0,39.45608461056724,967,0,,0.4596194077712549,0.9836588729958748,astar,False,0,321031,0,6074,794,0.11232797000411665,0,0.0,0.027541808995010797,0,6,6,B,5060,0.5083333333333333,True,2.5763667689898284
0,36.92026156598712,900,0,,0.4596194077712549,0.7103952470060904,astar,False,0,221122,0,7795,992,0.3296279659989523,0,0.0,0.0337404410020099,0,5,5,B,5061,0.45,True,2.7868318750115577
0,35.881179066093246,859,0,,0.4628714724413279,0.43922962899523554,astar,False,0,177885,0,36956,4663,0.3281482159945881,0,0.0,0.07170533499447629,0,4,4,B,5062,0.4083333333333333,True,1.0837357420023181
0,38.65028001823197,974,0,,0.4596194077712549,0.7869285389970173,astar,False,0,285498,0,9369,1190,0.11602788199525094,0,0.0,0.031007564000901766,0,6,6,B,5063,0.425,True,3.0916429409917328
0,39.60766934721847,1006,0,,0.4596194077712549,1.1371276080026291,astar,False,0,221801,0,16188,2106,0.48486648999823956,0,0.0,0.03413994899892714,0,4,4,B,5064,0.39166666666666666,True,2.6796756960029597
0,36.98307813986189,909,0,,0.49239212016440975,0.6152373930017347,astar,False,0,193036,0,18769,2359,0.1454119370027911,0,0.0,0.04694021799514303,0,5,5,B,5065,0.45,True,2.2947054840042256
0,40.809862457518605,1043,0,,0.4596194077712549,0.9144854900005157,astar,False,0,247227,0,13298,1667,0.1506571419959073,0,0.0,0.043967395002255216,0,5,5,B,5066,0.4,True,1.7821228710090509
0,38.23704375382592,1010,0,,0.4596194077712549,0.9737420770034078,astar,False,0,283820,0,23645,2990,0.49025496800459223,0,0.0,0.06841962299949955,0,5,5,B,5067,0.4583333333333333,True,2.6094841380036087
0,39.60100183963028,1004,0,,0.4596194077712549,0.6532226999988779,astar,False,0,336499,0,3584,459,0.2559778169961646,0,0.0,0.00510335000581108,0,6,6,B,5068,0.48333333333333334,True,2.7664631020015804
0,38.985660688873594,975,0,,0.4596194077712549,0.5970096930032014,astar,False,0,248698,0,16618,2093,0.17173604800336761,0,0.0,0.04851785799837671,0,6,6,B,5069,0.38333333333333336,True,2.6888077100156806
0,44.939310354703416,1213,0,,0.4596194077712549,1.0677080290042795,astar,False,0,309967,0,3882,505,0.1343700860015815,0,0.0,0.025403920000826474,0,9,9,B,5070,0.5166666666666667,True,4.644467426005576
0,40.27862065863224,1040,0,,0.4596194077712549,1.0456957790011074,astar,False,0,300023,0,2406,308,0.21929089300101623,0,0.0,0.003947711004002485,0,7,7,B,5071,0.48333333333333334,True,4.101817263006524
0,38.86391637682534,1013,0,,0.4596194077712549,1.1909133399967686,astar,False,0,262271,0,7052,906,0.16633934000128647,0,0.0,0.025809384002059232,0,7,7,B,5072,0.4666666666666667,True,3.0071158619903144
0,43.89191054215308,1136,0,,0.4596194077712549,1.035563617995649,astar,False,0,303607,0,6835,878,0.21208994399785297,0,0.0,0.04672597799799405,0,7,7,B,5073,0.5166666666666667,True,3.472915082005784
0,37.549576734323075,946,0,,0.4596194077712549,0.604317479999736,astar,False,0,193610,0,6293,809,0.0805275479942793,0,0.0,0.01970460099983029,0,6,6,B,5074,0.4166666666666667,True,2.0278237409947906
0,39.877713092185054,1035,0,,0.46157339611377224,0.7276231979994918,astar,False,0,222240,0,130864,16437,0.2888158019995899,0,0.0,0.2049646829982521,0,7,7,B,5075,0.4,True,2.9902202189987293
0,36.55408698220848,914,0,,0.4596194077712549,0.7768586599995615,astar,False,0,289713,0,6204,792,0.2268008879982517,0,0.0,0.045265438995556906,0,7,7,B,5076,0.475,True,2.4405750360092497
0,38.97877146259869,1005,0,,0.4596194077712549,1.1421008489996893,astar,False,0,257431,0,8372,1065,0.16833465699892258,0,0.0,0.024802068001008593,0,6,6,B,5077,0.38333333333333336,True,3.403022868995322
0,41.593071078508025,1066,0,,0.4596194077712549,1.3466733070017654,astar,False,0,304804,0,9654,1217,0.26825854100025026,0,0.0,0.03146525299962377,0,7,7,B,5078,0.45,True,3.918555631993513
0,36.515951633186106,879,0,,0.481300322044355,0.5504244919939083,astar,False,0,214095,0,10718,1366,0.18377202700503403,0,0.0,0.038021459004085045,0,5,5,B,5079,0.45,True,1.4610454449939425
0,40.232845609941705,1033,0,,0.4596194077712549,0.6678775869950186,astar,False,0,290221,0,9698,1268,0.6175835889953305,0,0.0,0.050073622005584184,0,6,6,B,5080,0.425,True,2.2571897890011314
0,37.75118225809819,950,0,,0.4596194077712549,0.818146400997648,astar,False,0,257317,0,5263,666,0.27097227099875454,0,0.0,0.020042696000018623,0,6,6,B,5081,0.4,True,2.432037038997805
0,37.71626682773205,940,0,,0.4596194077712549,0.5192474460054655,astar,False,0,205044,0,44224,5599,0.39462409299449064,0,0.0,0.07907807000447065,0,5,5,B,5082,0.425,True,1.9045612610061653
0,41.05374062950709,1052,0,,0.4596194077712549,0.8980083830028889,astar,False,0,319094,0,6462,851,0.26632068600156344,0,0.0,0.04775526600133162,0,5,5,B,5083,0.45,True,2.924117030001071
0,38.18001328207898,962,0,,0.4596194077712549,0.7662701709996327,astar,False,0,258049,0,5104,646,0.262916199004394,0,0.0,0.019596899997850414,0,5,5,B,5084,0.5,True,2.410765355998592
0,40.03577964623985,1018,0,,0.4596194077712549,0.35958064300211845,astar,False,0,221272,0,14482,1900,0.32908368799689924,0,0.0,0.03026517599937506,0,7,7,B,5085,0.4666666666666667,True,1.9650782809985685
0,40.08037999644669,1009,0,,0.4596194077712549,0.6249630330057698,astar,False,0,291082,0,31477,4008,0.22009412899933523,0,0.0,0.062174906001018826,0,7,7,B,5086,0.49166666666666664,True,2.683520504004264
0,40.785958031786485,1042,0,,0.4596194077712549,0.9171058869978879,astar,False,0,256317,0,5216,662,0.1515267849972588,0,0.0,0.02083715000480879,0,6,6,B,5087,0.425,True,3.488985056988895
0,40.9836557825787,1030,0,,0.4596194077712549,1.2717425719965831,astar,False,0,225266,0,9136,1159,0.12000141899625305,0,0.0,0.02433820599981118,0,7,7,B,5088,0.35833333333333334,True,3.389672077013529
0,38.32906548805701,934,0,,0.4596194077712549,0.7401164270049776,astar,False,0,237614,0,4140,532,0.14380814099422423,0,0.0,0.0059748919957201,0,5,5,B,5089,0.35833333333333334,True,1.4722007700038375
0,38.56287175685192,934,0,,0.4596194077712549,0.5914757790014846,astar,False,0,197035,0,5351,694,0.09954052200191654,0,0.0,0.018404882997856475,0,4,4,B,5090,0.4083333333333333,True,1.424737247005396
0,39.42015350103428,1000,0,,0.4596194077712549,0.8576461490010843,astar,False,0,315381,0,6255,798,0.11571439699764596,0,0.0,0.0277601549969404,0,7,7,B,5091,0.4666666666666667,True,2.995993663011177
0,40.73168663130247,1032,0,,0.46157339611377224,0.9055042559994035,astar,False,0,311570,0,7338,926,0.20440517300448846,0,0.0,0.03433657600544393,0,7,7,B,5092,0.48333333333333334,True,3.1210677630078862
0,39.02937761685676,968,0,,0.4596194077712549,0.6649894820002373,astar,False,0,205433,0,8237,1047,0.08245631700265221,0,0.0,0.023170776999904774,0,6,6,B,5093,0.425,True,2.238980647001881
0,39.53697618222743,1016,0,,0.4596194077712549,0.7508763310033828,astar,False,0,177351,0,12117,1536,0.0952142090027337,0,0.0,0.026495316000364255,0,6,6,B,5094,0.425,True,2.8292546330194455
0,37.386815743188365,911,0,,0.49239212016440975,0.8171060220047366,astar,False,0,272423,0,16998,2141,0.31781433400465176,0,0.0,0.04216586599795846,0,5,5,B,5095,0.36666666666666664,True,2.8942850880048354
0,36.45875475482303,906,0,,0.4596194077712549,1.176572809003119,astar,False,0,279376,0,7732,979,0.3794021919966326,0,0.0,0.027896397004951723,0,5,5,B,5096,0.425,True,2.656721927007311
0,36.16225735157159,875,0,,0.46157339611377224,1.073309840001457,astar,False,0,249647,0,31746,3997,1.0025464759964962,0,0.0,0.0699915540026268,0,3,3,B,5097,0.43333333333333335,True,1.751552873000037
0,36.87536781752962,911,0,,0.4596194077712549,0.8916324489982799,astar,False,0,290975,0,21373,2710,0.2374576709989924,0,0.0,0.06588090500008548,0,5,5,B,5098,0.45,True,2.3042314920021454
0,38.79653878194044,977,0,,0.4596194077712549,1.1196049560021493,astar,False,0,227349,0,61042,7678,0.13339387199812336,0,0.0,0.11011510699609062,0,7,7,B,5099,0.475,True,3.640326394001022
0,39.198371840613746,1007,0,,0.4769171835864189,1.0155559939958039,astar,False,0,293962,0,75894,9574,0.44671572300285334,0,0.0,0.16582344900234602,0,7,7,B,5100,0.525,True,3.4064861919978284
0,40.29737153743379,1030,0,,0.4596194077712549,1.1861507590001565,astar,False,0,285089,0,55564,6997,0.1895145300004515,0,0.0,0.1350629279986606,0,5,5,B,5101,0.475,True,2.9669067920040106
0,40.49117939448398,1049,0,,0.4596194077712549,0.7841487499972573,astar,False,0,198730,0,94205,12004,0.488968894998834,0,0.0,0.14820858200255316,0,6,6,B,5102,0.38333333333333336,True,2.7864259499983746
0,38.00472690294207,964,0,,0.4596194077712549,0.6207219770003576,astar,False,0,208410,0,8694,1107,0.22512484800245147,0,0.0,0.023666786000831053,0,7,7,B,5103,0.425,True,2.702074512009858
0,36.92034223982198,921,0,,0.49239212016440975,0.69576034599595,astar,False,0,264689,0,60697,7626,0.5278587970024091,0,0.0,0.138526593997085,0,6,6,B,5104,0.4166666666666667,True,3.025738021999132
0,38.928558895360986,996,0,,0.4596194077712549,0.8146452939981828,astar,False,0,263763,0,5550,739,0.1410267350001959,0,0.0,0.007953230997372884,0,7,7,B,5105,0.5166666666666667,True,3.4175755700052832
0,38.930161101581206,979,0,,0.4596194077712549,0.7294270880011027,astar,False,0,324509,0,23301,2974,0.33531009199941764,0,0.0,0.06967960800102446,0,6,6,B,5106,0.475,True,3.47359769600007
0,37.93752137920402,938,0,,0.4596194077712549,0.6279766129955533,astar,False,0,290354,0,5942,763,0.11685176299943123,0,0.0,0.008469822998449672,0,7,7,B,5107,0.4666666666666667,True,2.2462732799976948
0,43.73748619564614,1154,0,,0.4596194077712549,0.7032773559985799,astar,False,0,174424,0,48977,6289,0.24223638500552624,0,0.0,0.08089994900365127,0,5,5,B,5108,0.26666666666666666,True,2.3747828159903293
0,39.802795326365384,1049,0,,0.49239212016440975,1.3575899679999566,astar,False,0,247559,0,24370,3083,0.49665834099869244,0,0.0,0.08122370899945963,0,5,5,B,5109,0.4166666666666667,True,4.433692025995697
0,38.07237292671479,984,0,,0.4596194077712549,0.8705385450011818,astar,False,0,267158,0,130047,16330,0.5129509799953667,0,0.0,0.19864954299555393,0,5,5,B,5110,0.44166666666666665,True,2.7614745480022975
0,39.70113872504162,991,0,,0.4596194077712549,0.8980844340039766,astar,False,0,288149,0,11728,1525,0.1838974819984287,0,0.0,0.033727458998328075,0,7,7,B,5111,0.45,True,2.9534218960106955
0,37.68922050514035,937,0,,0.4628714724413279,0.6462869829992997,astar,False,0,250076,0,70305,8821,0.43640473399864277,0,0.0,0.12484944500465645,0,7,7,B,5112,0.425,True,2.643279143005202
0,42.277566148743794,1065,0,,0.4628714724413279,1.0785025220029638,astar,False,0,260766,0,72702,9090,0.13609067099605454,0,0.0,0.12847133800096344,0,7,7,B,5113,0.5583333333333333,True,3.581914122980379
0,40.08349419245149,1009,0,,0.4596194077712549,0.7561491879969253,astar,False,0,201415,0,4788,615,0.1902271560029476,0,0.0,0.018024648001301102,0,5,5,B,5114,0.35833333333333334,True,1.9225830380019033
0,36.86150756159939,919,0,,0.4596194077712549,0.8302993010001956,astar,False,0,328448,0,11942,1523,0.209963870998763,0,0.0,0.05491027999960352,0,6,6,B,5115,0.5083333333333333,True,2.446495672003948
0,38.58926230304421,969,0,,0.4596194077712549,0.5291778390019317,astar,False,0,257337,0,11371,1454,0.08640217399806716,0,0.0,0.028689061997283716,0,9,9,B,5116,0.475,True,3.0451791870000307
0,44.44449798006846,1174,0,,0.49239212016440975,1.4548323190028896,astar,False,0,286710,0,74235,9281,0.19651777800027048,0,0.0,0.13746091700159013,0,6,6,B,5117,0.4666666666666667,True,3.3364393779920647
0,37.22133733366378,923,0,,0.49239212016440975,0.8483643910003593,astar,False,0,269795,0,73417,9221,0.37906794699665625,0,0.0,0.13660476000222843,0,5,5,B,5118,0.45,True,2.6950844040038646
0,38.33475953362296,938,0,,0.4596194077712549,0.9053951850000885,astar,False,0,306835,0,11948,1497,0.26626124500035075,0,0.0,0.03423143999680178,0,6,6,B,5119,0.43333333333333335,True,2.789007708997815
0,37.509461805422454,929,0,,0.4596194077712549,0.5483792260056362,astar,False,0,188510,0,11871,1541,0.396265321993269,0,0.0,0.03592819200275699,0,5,5,B,5120,0.4583333333333333,True,2.2396262090042
0,38.056530721939666,952,0,,0.49239212016440975,0.8251752420037519,astar,False,0,228493,0,40392,5057,0.12431781199848047,0,0.0,0.0805536000043503,0,6,6,B,5121,0.44166666666666665,True,2.588317254994763
0,39.79215004761594,1010,0,,0.4596194077712549,0.8042109189991606,astar,False,0,308326,0,8634,1104,0.09718364699801896,0,0.0,0.03028347899817163,0,8,8,B,5122,0.4083333333333333,True,2.7846283739927458
0,36.740389374324266,910,0,,0.4596194077712549,0.5349922069945023,astar,False,0,201601,0,39191,4956,0.4580830420018174,0,0.0,0.07598860999860335,0,6,6,B,5123,0.525,True,1.6170645479942323
0,39.24927142693263,1009,0,,0.4596194077712549,0.6406430380011443,astar,False,0,277677,0,10272,1306,0.09481444899574853,0,0.0,0.04859338299866067,0,9,9,B,5124,0.44166666666666665,True,3.3152049640048062
0,37.887871971869764,945,0,,0.46157339611377224,0.6866509320025216,astar,False,0,301842,0,65835,8287,0.22315642499597743,0,0.0,0.1278070799962734,0,7,7,B,5125,0.475,True,3.1595181099983165
0,41.406739567622765,1039,0,,0.49239212016440975,0.5668047689978266,astar,False,0,206291,0,44918,5629,0.06171865299984347,0,0.0,0.08580400899518281,0,7,7,B,5126,0.35833333333333334,True,2.2420373739878414
0,38.749702707949645,968,0,,0.4596194077712549,0.521174349996727,astar,False,0,338799,0,7578,966,0.1351573619976989,0,0.0,0.0301539430001867,0,7,7,B,5127,0.475,True,2.640119173003768
0,38.015519769728186,943,0,,0.4596194077712549,0.7927650480050943,astar,False,0,206204,0,56002,7042,0.4297183189992211,0,0.0,0.1036367459964822,0,6,6,B,5128,0.4,True,2.176676013994438
0,38.04409603393843,996,0,,0.4596194077712549,0.6539499770005932,astar,False,0,263160,0,18948,2426,0.2931550450011855,0,0.0,0.04290905100060627,0,6,6,B,5129,0.4666666666666667,True,2.3099739249955746
0,41.13509882039797,1084,0,,0.4596194077712549,0.778568968999025,astar,False,0,256263,0,4589,589,0.11399012099718675,0,0.0,0.019307697999465745,0,7,7,B,5130,0.5083333333333333,True,2.972664782006177
0,38.60112944992775,1015,0,,0.4596194077712549,1.076902147004148,astar,False,0,284855,0,11190,1450,0.17430582700035302,0,0.0,0.03299464800511487,0,8,8,B,5131,0.48333333333333334,True,4.435164888003783
0,40.091756259777924,1022,0,,0.4596194077712549,0.636532504002389,astar,False,0,254797,0,8939,1155,0.0758089060036582,0,0.0,0.02613654000015231,0,6,6,B,5132,0.4666666666666667,True,1.8663701559999026
0,37.77094635523267,955,0,,0.4596194077712549,0.646973374998197,astar,False,0,225867,0,102518,12970,0.3914319309988059,0,0.0,0.16297222900175257,0,6,6,B,5133,0.45,True,2.592803386003652
0,37.53388365272808,940,0,,0.4596194077712549,0.6653794980011298,astar,False,0,259727,0,10268,1302,0.09530269999959273,0,0.0,0.027002697002899367,0,7,7,B,5134,0.38333333333333336,True,2.0098588510008994
0,40.65637082065272,1020,0,,0.4596194077712549,0.7968762739983504,astar,False,0,181811,0,11158,1420,0.2923849069993594,0,0.0,0.025165027000184637,0,5,5,B,5135,0.36666666666666664,True,1.8172933799942257
0,36.976634705582306,910,0,,0.4628714724413279,0.7147475419988041,astar,False,0,257753,0,27582,3501,0.6499446849993546,0,0.0,0.06415302799723577,0,6,6,B,5136,0.475,True,2.6585932160087395
0,37.50551634069477,953,0,,0.49239212016440975,0.658557769995241,astar,False,0,259436,0,54033,6774,0.11841129999811528,0,0.0,0.10185599699616432,0,6,6,B,5137,0.38333333333333336,True,2.266245375983999
0,37.9529313576988,952,0,,0.4628714724413279,0.556943832001707,astar,False,0,318839,0,33489,4264,0.4739430390036432,0,0.0,0.08240911400207551,0,7,7,B,5138,0.5,True,2.3241446550018736
0,39.80822800253202,1007,0,,0.4596194077712549,0.6223098389964434,astar,False,0,242664,0,11350,1450,0.14931854500173358,0,0.0,0.028082656994229183,0,6,6,B,5139,0.35,True,2.1851042679991224
0,38.062377009303844,941,0,,0.4596194077712549,0.7803503009999986,astar,False,0,239144,0,6459,821,0.12259346200153232,0,0.0,0.021368572997744195,0,7,7,B,5140,0.45,True,2.426522751004086
0,38.14256521068021,963,0,,0.4596194077712549,0.515626209002221,astar,False,0,211255,0,5010,655,0.11537582599703455,0,0.0,0.01899890200002119,0,7,7,B,5141,0.44166666666666665,True,1.981609776004916
0,38.652027730781185,977,0,,0.4596194077712549,0.5987220680035534,astar,False,0,273062,0,5835,742,0.10511385399877327,0,0.0,0.02897813799791038,0,8,8,B,5142,0.4083333333333333,True,2.632623482015333
0,39.021152745562155,1019,0,,0.4628714724413279,0.7510480489945621,astar,False,0,288876,0,120791,15130,0.5454322279983899,0,0.0,0.2022553880015039,0,5,5,B,5143,0.4583333333333333,True,2.7206466520001413
0,38.02547898731229,937,0,,0.4596194077712549,0.3972660889994586,astar,False,0,213135,0,10164,1305,0.15371056299773045,0,0.0,0.025973989002523012,0,7,7,B,5144,0.45,True,1.8219316470058402
0,38.077354649362135,965,0,,0.4596194077712549,1.2143895980043453,astar,False,0,287233,0,36137,4534,0.46817928300151834,0,0.0,0.08830447699438082,0,6,6,B,5145,0.45,True,3.2973168850076036
0,36.804705663500215,935,0,,0.4596194077712549,0.8530455159998382,astar,False,0,256018,0,13635,1742,0.6985479099967051,0,0.0,0.04548725600034231,0,4,4,B,5146,0.45,True,2.410432516000583
0,36.76782105541516,922,0,,0.4596194077712549,0.7704616400005762,astar,False,0,257314,0,2357,298,0.19532178399822442,0,0.0,0.01704933199653169,0,7,7,B,5147,0.4083333333333333,True,2.7991268530022353
0,38.72636429496216,953,0,,0.4596194077712549,0.4904419940066873,astar,False,0,218427,0,36617,4586,0.2642991879984038,0,0.0,0.07772965500043938,0,6,6,B,5148,0.475,True,1.6740303750048042
0,46.18302023566102,1222,0,,0.4596194077712549,0.9160629890029668,astar,False,0,308980,0,10812,1381,0.15314514800411416,0,0.0,0.03294886599906022,0,8,8,B,5149,0.48333333333333334,True,3.923077233012009
0,36.355472052088615,901,0,,0.4596194077712549,0.6105076639942126,astar,False,0,203524,0,74082,9377,0.17971459199907258,0,0.0,0.12202817900106311,0,6,6,B,5150,0.4166666666666667,True,1.8549573689815588
0,39.27654772104652,972,0,,0.4596194077712549,0.7671578680019593,astar,False,0,269557,0,3054,398,0.1567772859998513,0,0.0,0.023001658999419305,0,5,5,B,5151,0.5166666666666667,True,2.041405656003917
0,38.72956365299852,985,0,,0.4596194077712549,0.5736994950057124,astar,False,0,236359,0,9223,1193,0.10010379899904365,0,0.0,0.013225071998022031,0,6,6,B,5152,0.425,True,2.272403535003832
0,40.164572643123535,1003,0,,0.49239212016440975,1.0938124370004516,astar,False,0,271094,0,82773,10365,0.23571083300339524,0,0.0,0.15044148999731988,0,5,5,B,5153,0.49166666666666664,True,2.6657436980021885
0,38.52358788955299,960,0,,0.4596194077712549,0.9072429290026776,astar,False,0,278830,0,9902,1272,0.18364917200233322,0,0.0,0.031361842004116625,0,7,7,B,5154,0.44166666666666665,True,2.3328221939955256
0,38.59534303480181,993,0,,0.46738634982207333,0.9034822360044927,astar,False,0,266053,0,81364,10190,0.16924851999647217,0,0.0,0.1468967979963054,0,6,6,B,5155,0.4666666666666667,True,2.8262683050124906
0,39.38456193060238,997,0,,0.4596194077712549,0.8566883770035929,astar,False,0,280518,0,19522,2504,0.32058342800155515,0,0.0,0.06162059199414216,0,6,6,B,5156,0.5,True,2.503243532999477
0,39.04822123886267,970,0,,0.4596194077712549,0.6734866679980769,astar,False,0,268678,0,5211,667,0.233560116001172,0,0.0,0.02451040700543672,0,6,6,B,5157,0.39166666666666666,True,2.2269117609976092
0,39.2781041526721,989,0,,0.4596194077712549,0.9801165469980333,astar,False,0,279444,0,9369,1197,0.18565744499937864,0,0.0,0.03122377300314838,0,7,7,B,5158,0.5333333333333333,True,2.5309238050031126
0,38.667598737967936,963,0,,0.4596194077712549,1.0700054859989905,astar,False,0,328049,0,60255,7539,0.36159439599578036,0,0.0,0.12078105399996275,0,6,6,B,5159,0.45,True,3.8588547890030895
0,37.970213752102374,950,0,,0.4596194077712549,0.98973146899516,astar,False,0,319201,0,9410,1186,0.4788295769976685,0,0.0,0.0320959570017294,0,4,4,B,5160,0.4583333333333333,True,2.599351557000773
0,41.68695010279575,1062,0,,0.4596194077712549,1.3463834450012655,astar,False,0,205809,0,88922,11201,0.21572227899741847,0,0.0,0.1472259069996653,0,5,5,B,5161,0.44166666666666665,True,3.0298047630058136
0,41.85686278408694,1109,0,,0.4596194077712549,0.8455539369970211,astar,False,0,261114,0,24151,3084,0.35274872399895685,0,0.0,0.057386952998058405,0,6,6,B,5162,0.39166666666666666,True,2.496913412993308
0,43.665660084252806,1123,0,,0.4596194077712549,1.1404576589993667,astar,False,0,310635,0,110322,14020,0.9630143549948116,0,0.0,0.17576658300095005,0,5,5,B,5163,0.4666666666666667,True,2.3770422999950824
0,37.551375134478306,961,0,,0.4596194077712549,1.0866866149954149,astar,False,0,245227,0,23392,3005,0.3307289660006063,0,0.0,0.05746924700360978,0,5,5,B,5164,0.3333333333333333,True,2.607990742988477
0,38.83435065776762,959,0,,0.4596194077712549,0.8319801690013264,astar,False,0,256745,0,9602,1224,0.11105521699937526,0,0.0,0.025942909000150394,0,6,6,B,5165,0.4,True,2.137807850005629
0,38.603339706605176,1013,0,,0.4596194077712549,1.1647719749962562,astar,False,0,328517,0,8226,1044,0.12251227499655215,0,0.0,0.030506725997838657,0,8,8,B,5166,0.45,True,4.707131807997939
0,40.844944270386,1038,0,,0.4850257725111133,0.5406664140027715,astar,False,0,225575,0,67484,8608,0.34455101800267585,0,0.0,0.11181420299544698,0,7,7,B,5167,0.43333333333333335,True,2.595878062020347
0,36.79510354962726,892,0,,0.49239212016440975,0.6361625499994261,astar,False,0,222783,0,11835,1503,0.20573105500079691,0,0.0,0.028286957000091206,0,4,4,B,5168,0.43333333333333335,True,2.007512139993196
0,40.00885563042587,1013,0,,0.4596194077712549,0.5727348199943663,astar,False,0,274073,0,83569,10519,0.40137207999941893,0,0.0,0.1519842490015435,0,6,6,B,5169,0.36666666666666664,True,2.6605607560049975
0,36.97990927584903,912,0,,0.4628714724413279,0.6112139140022919,astar,False,0,210747,0,42922,5429,0.32199752499582246,0,0.0,0.08463965699775144,0,5,5,B,5170,0.38333333333333336,True,1.863704408009653
0,37.76429408321728,913,0,,0.4596194077712549,1.0763776079984382,astar,False,0,217767,0,2340,299,0.36079465599323157,0,0.0,0.015158193004026543,0,4,4,B,5171,0.38333333333333336,True,1.6724080959975254
0,37.611322255624145,952,0,,0.481300322044355,0.7260252170017338,astar,False,0,290872,0,6299,799,0.24401011900044978,0,0.0,0.026809080001839902,0,7,7,B,5172,0.5083333333333333,True,2.6137990890056244
0,38.615047012138945,972,0,,0.4596194077712549,1.225200268003391,astar,False,0,304586,0,7882,1007,0.11338382300164085,0,0.0,0.029900137000367977,0,7,7,B,5173,0.45,True,3.1765880919920164
0,41.45244423381453,1071,0,,0.4596194077712549,0.994980266004859,astar,False,0,253085,0,27876,3616,0.4232331469975179,0,0.0,0.05035956300707767,0,6,6,B,5174,0.4083333333333333,True,3.0014810110078542
0,38.22935722799513,937,0,,0.4596194077712549,0.674046111998905,astar,False,0,195890,0,34740,4348,0.22189352700661402,0,0.0,0.07164916399779031,0,5,5,B,5175,0.38333333333333336,True,1.586360966997745
0,37.65932486385793,956,0,,0.4596194077712549,0.9951549550023628,astar,False,0,298896,0,6275,830,0.1932043779961532,0,0.0,0.027095642995845992,0,7,7,B,5176,0.4083333333333333,True,2.828221739997389
0,40.76836858790249,1012,0,,0.4596194077712549,0.8543338070012396,astar,False,0,268035,0,9723,1287,0.12453268499666592,0,0.0,0.03049346400075592,0,6,6,B,5177,0.43333333333333335,True,2.4750976840005023
0,36.44739327567563,887,0,,0.4596194077712549,0.4575979940054822,astar,False,0,196947,0,54357,6824,0.32147713199810823,0,0.0,0.09957006399781676,0,5,5,B,5178,0.4,True,1.833541440006229
0,42.56221790170435,1121,0,,0.4596194077712549,0.7215202769948519,astar,False,0,267907,0,20524,2657,0.2504802270050277,0,0.0,0.04313720200298121,0,6,6,B,5179,0.45,True,2.6424890700000105
0,39.169001249281656,964,0,,0.4628714724413279,0.7563238949951483,astar,False,0,278334,0,34316,4353,0.6458000249986071,0,0.0,0.10980749399459455,0,5,5,B,5180,0.425,True,1.8136576129909372
0,36.991713936356916,923,0,,0.4596194077712549,1.2185010009998223,astar,False,0,333191,0,4916,633,0.2423969860028592,0,0.0,0.026604555001540575,0,5,5,B,5181,0.49166666666666664,True,3.1959374840080272
0,40.4638372453888,1013,0,,0.4596194077712549,0.7470894960060832,astar,False,0,227622,0,6344,803,0.22040230999846244,0,0.0,0.020496828998147976,0,7,7,B,5182,0.4583333333333333,True,2.993287801007682
0,39.22552257160679,1010,0,,0.4596194077712549,1.0490970049941097,astar,False,0,189935,0,147200,18456,0.3871586590030347,0,0.0,0.23616104800021276,0,5,5,B,5183,0.39166666666666666,True,3.3166869209962897
0,39.22305537000244,961,0,,0.4596194077712549,0.7727752719947603,astar,False,0,222953,0,11047,1393,0.3348338249998051,0,0.0,0.02645740599837154,0,5,5,B,5184,0.44166666666666665,True,1.7288356159915566
0,37.48138105203682,949,0,,0.4596194077712549,0.6616620429995237,astar,False,0,261557,0,7403,962,0.5087584339999012,0,0.0,0.03590609799721278,0,5,5,B,5185,0.39166666666666666,True,2.259254372002033
0,38.66885307338173,963,0,,0.4596194077712549,0.6239494180044858,astar,False,0,186351,0,5007,642,0.24973794799734605,0,0.0,0.017465390999859665,0,7,7,B,5186,0.375,True,2.6032148100130144
0,43.725575342072645,1181,0,,0.49239212016440975,1.30223959399882,astar,False,0,301672,0,150843,18898,0.5658220219993382,0,0.0,0.24714343599771382,0,4,4,B,5187,0.5333333333333333,True,3.4699160879972624
0,37.676957248991236,948,0,,0.4596194077712549,0.7186148920009146,astar,False,0,286366,0,10716,1371,0.5829257430013968,0,0.0,0.07432254999730503,0,5,5,B,5188,0.425,True,2.8557233300089138
0,38.50307967632434,979,0,,0.4769171835864189,0.9520899909985019,astar,False,0,315763,0,19349,2455,0.2765935269999318,0,0.0,0.06593420200078981,0,6,6,B,5189,0.55,True,4.062051922992396
0,40.89848869826936,1024,0,,0.4596194077712549,0.8966693289985415,astar,False,0,203732,0,7554,948,0.08313991899922257,0,0.0,0.02254255799925886,0,6,6,B,5190,0.39166666666666666,True,2.811322357993049
0,37.60250840037294,964,0,,0.4781736086402098,0.5295854579962906,astar,False,0,162783,0,8152,1087,0.07830650100368075,0,0.0,0.02071763799904147,0,7,7,B,5191,0.43333333333333335,True,2.0246677309987717
0,38.65778191230659,960,0,,0.481300322044355,0.6511096760004875,astar,False,0,208845,0,8256,1053,0.05563200100004906,0,0.0,0.023414954004692845,0,6,6,B,5192,0.35,True,2.605464047010173
0,39.436447387404094,980,0,,0.4596194077712549,0.8979347300046356,astar,False,0,317966,0,8178,1092,0.11539178100065328,0,0.0,0.029704268999921624,0,5,5,B,5193,0.49166666666666664,True,2.6860078759928
0,38.93829973589554,975,0,,0.4596194077712549,1.0211752409959445,astar,False,0,259426,0,9413,1193,0.39846667000529123,0,0.0,0.03905487999873003,0,5,5,B,5194,0.4083333333333333,True,2.218304398993496
0,39.0067933452096,1024,0,,0.4596194077712549,0.9063360670043039,astar,False,0,228815,0,240680,30113,0.15137411099567544,0,0.0,0.3752699100004975,0,6,6,B,5195,0.4083333333333333,True,2.921741451995331
0,37.10414341266171,944,0,,0.46157339611377224,0.6869241489985143,astar,False,0,195478,0,11149,1406,0.20052700099768117,0,0.0,0.036762581003131345,0,7,7,B,5196,0.38333333333333336,True,2.535093931997835
0,40.78283844530566,1071,0,,0.4596194077712549,0.5836152530027903,astar,False,0,239785,0,23633,3018,0.2124094309983775,0,0.0,0.0437272999988636,0,8,8,B,5197,0.5083333333333333,True,2.88186226500693
0,38.74268481198844,947,0,,0.4596194077712549,0.6003263129969127,astar,False,0,269261,0,10044,1280,0.13980849800282158,0,0.0,0.048352634999901056,0,6,6,B,5198,0.4166666666666667,True,2.1016865510027856
0,39.729438409189775,1027,0,,0.4596194077712549,0.8016759029997047,astar,False,0,301663,0,10287,1309,0.49621046100219246,0,0.0,0.036282740999013186,0,5,5,B,5199,0.38333333333333336,True,2.6909576619946165
0,38.2190296679328,927,0,,0.4596194077712549,0.5281773390015587,astar,False,0,178056,0,66627,8348,0.37956348300212994,0,0.0,0.11561506400175858,0,4,4,B,5200,0.36666666666666664,True,1.481638233002741
0,38.23638055255094,958,0,,0.4596194077712549,0.5636535019948496,astar,False,0,298680,0,2651,341,0.1468916649973835,0,0.0,0.005073681997600943,0,8,8,B,5201,0.425,True,2.3292247130011674
0,37.863283153043035,977,0,,0.4596194077712549,0.6863339720002841,astar,False,0,336955,0,10030,1279,0.3109865539954626,0,0.0,0.03269115600414807,0,7,7,B,5202,0.55,True,3.153446067990444
0,39.57925349575483,1005,0,,0.4596194077712549,1.157490827004949,astar,False,0,253671,0,4916,622,0.07236886600003345,0,0.0,0.020448727998882532,0,7,7,B,5203,0.4166666666666667,True,3.445296785001119
0,36.69746610186528,894,0,,0.4596194077712549,0.5101731450049556,astar,False,0,176642,0,36715,4631,0.39654699899983825,0,0.0,0.07336334799765609,0,4,4,B,5204,0.36666666666666664,True,1.7728163990104804
0,37.20040479583599,914,0,,0.4596194077712549,0.7009655489964643,astar,False,0,238361,0,8340,1053,0.3543304349950631,0,0.0,0.036624789994675666,0,5,5,B,5205,0.48333333333333334,True,2.524836188989866
0,41.24045106633715,1099,0,,0.4596194077712549,1.2749625889991876,astar,False,0,293192,0,16695,2184,0.2038962540027569,0,0.0,0.04084040800080402,0,7,7,B,5206,0.4583333333333333,True,4.22085844999674
0,38.83255010479538,992,0,,0.4596194077712549,1.4499213969975244,astar,False,0,224275,0,4177,533,0.18042606800008798,0,0.0,0.017680595003184862,0,8,8,B,5207,0.4,True,4.004002884001238
0,35.5724841754228,881,0,,0.4596194077712549,0.5837197639993974,astar,False,0,190697,0,11755,1497,0.06796341599692823,0,0.0,0.03784489499957999,0,7,7,B,5208,0.3416666666666667,True,1.4291303579957457
0,37.711689315611245,937,0,,0.4596194077712549,0.8942791119989124,astar,False,0,250925,0,18639,2412,0.15415923999535153,0,0.0,0.051414303001365624,0,4,4,B,5209,0.44166666666666665,True,2.050487795000663
0,37.542972892780746,911,0,,0.4596194077712549,0.912062805997266,astar,False,0,257898,0,15507,1959,0.3430708849991788,0,0.0,0.04796047100535361,0,5,5,B,5210,0.45,True,2.6387867069934146
0,37.4012249058338,923,0,,0.4850257725111133,0.9525481070013484,astar,False,0,226589,0,10057,1281,0.3806063890006044,0,0.0,0.014402023000002373,0,6,6,B,5211,0.35833333333333334,True,2.8596780560037587
0,36.375940834561945,891,0,,0.4596194077712549,0.4089193549953052,astar,False,0,232478,0,17350,2204,0.08668554299947573,0,0.0,0.03533415299898479,0,7,7,B,5212,0.4166666666666667,True,1.8970898619954824
0,37.55866568696451,936,0,,0.4628714724413279,0.7690777199968579,astar,False,0,203965,0,34272,4330,0.19273081899882527,0,0.0,0.07072151900501922,0,5,5,B,5213,0.4166666666666667,True,2.781826700993406
0,38.118271344482004,932,0,,0.4596194077712549,0.5044796340007451,astar,False,0,185737,0,17270,2175,0.37548042100388557,0,0.0,0.04746762199647492,0,4,4,B,5214,0.4,True,1.4918577860080404
0,39.88506579388659,1041,0,,0.4596194077712549,0.9864299900000333,astar,False,0,322058,0,79324,10055,0.8312493120029103,0,0.0,0.15272852800262626,0,6,6,B,5215,0.4166666666666667,True,3.0117266599991126
0,37.372177022385,921,0,,0.4769171835864189,0.893407303999993,astar,False,0,276388,0,23476,2968,0.8247908710036427,0,0.0,0.06808027900115121,0,4,4,B,5216,0.4,True,2.485279061998881
0,36.97546195153697,930,0,,0.4596194077712549,0.5128220679980586,astar,False,0,205841,0,11495,1476,0.11907515100028832,0,0.0,0.029178103999583982,0,6,6,B,5217,0.4666666666666667,True,1.5565204259983147
0,40.271819619838666,1040,0,,0.4596194077712549,0.5409216940024635,astar,False,0,240963,0,9019,1132,0.1252446329963277,0,0.0,0.02485675099887885,0,8,8,B,5218,0.43333333333333335,True,2.3691942550067324
0,36.772283114697835,914,0,,0.4596194077712549,0.6533993929988355,astar,False,0,238672,0,63126,7940,0.53554245900159,0,0.0,0.11605214799783425,0,5,5,B,5219,0.36666666666666664,True,1.8153444839990698
0,39.03125515275548,988,0,,0.4596194077712549,0.9258986709974124,astar,False,0,265170,0,10346,1308,0.06586225800128886,0,0.0,0.04681898200215073,0,7,7,B,5220,0.45,True,2.6515261169915902
0,39.24560227047905,988,0,,0.4596194077712549,0.7074206679972121,astar,False,0,214479,0,1896,245,0.10853029200370656,0,0.0,0.014329977006127592,0,7,7,B,5221,0.4166666666666667,True,2.381606543996895
0,40.72650121628426,1064,0,,0.4781736086402098,0.805701659002807,astar,False,0,281560,0,8108,1016,0.18460419899929548,0,0.0,0.028974715998629108,0,7,7,B,5222,0.39166666666666666,True,2.9525360770057887
0,39.995480819706145,1018,0,,0.4756574397610127,0.8387006630000542,astar,False,0,301997,0,10882,1468,0.5150654969984316,0,0.0,0.05123089600238018,0,5,5,B,5223,0.49166666666666664,True,2.832083008994232
0,39.00044490764396,972,0,,0.481300322044355,0.7069710410069092,astar,False,0,209426,0,27661,3518,0.16675169199879747,0,0.0,0.05077053199784132,0,6,6,B,5224,0.425,True,1.8768298599970876
0,37.74879075415596,954,0,,0.4850257725111133,0.7116321720022825,astar,False,0,203042,0,8614,1087,0.07829071200103499,0,0.0,0.035204742998757865,0,6,6,B,5225,0.3416666666666667,True,2.452799317004974
0,37.835519865014916,915,0,,0.4628714724413279,0.8801544449961511,astar,False,0,281429,0,23377,2935,0.1446967459996813,0,0.0,0.05080818100395845,0,6,6,B,5226,0.425,True,2.1604910390014993
0,37.59371355381684,941,0,,0.4596194077712549,0.6392492110026069,astar,False,0,229618,0,24959,3234,0.2439961449999828,0,0.0,0.0611174369987566,0,7,7,B,5227,0.4083333333333333,True,2.789507328008767
0,39.172529636538314,1000,0,,0.4596194077712549,0.7095279830027721,astar,False,0,344154,0,6541,841,0.1877822410024237,0,0.0,0.028944641999260057,0,8,8,B,5228,0.4666666666666667,True,3.4492782570087
0,43.12962148759788,1140,0,,0.4596194077712549,0.61824212600186,astar,False,0,277477,0,31044,4012,0.32783330300298985,0,0.0,0.07488385299802758,0,7,7,B,5229,0.44166666666666665,True,2.6542634980069124
0,38.681688517695086,971,0,,0.4628714724413279,1.3723587059939746,astar,False,0,258265,0,51306,6416,0.14346007800486404,0,0.0,0.08760213400091743,0,6,6,B,5230,0.475,True,2.90905362299236
0,40.31579540153485,1043,0,,0.4596194077712549,0.5812155859966879,astar,False,0,249286,0,6717,875,0.1905894170049578,0,0.0,0.021680090001609642,0,7,7,B,5231,0.4083333333333333,True,2.247575773988501
0,38.39637262889613,953,0,,0.49239212016440975,0.5673606370037305,astar,False,0,288747,0,22689,2867,0.15036651999980677,0,0.0,0.06669876099476824,0,7,7,B,5232,0.475,True,3.019063862004259
0,38.23071907810713,951,0,,0.4596194077712549,1.0277364200010197,astar,False,0,226191,0,126218,15829,0.1949527010001475,0,0.0,0.20276804199966136,0,4,4,B,5233,0.38333333333333336,True,2.55667698400066
0,38.962482940379125,999,0,,0.481300322044355,0.8491923389956355,astar,False,0,231255,0,207380,26138,0.5278596989955986,0,0.0,0.3140564400018775,0,5,5,B,5234,0.4166666666666667,True,2.2286318420010502
0,45.01626571098757,1224,0,,0.4887228253314979,0.6990761250053765,astar,False,0,285334,0,8413,1089,0.11768918899906566,0,0.0,0.029670969997823704,0,8,8,B,5235,0.44166666666666665,True,3.289802387007512
0,38.13940481297151,981,0,,0.4769171835864189,1.2404722310020588,astar,False,0,243656,0,24842,3107,0.17610519799927715,0,0.0,0.046571620005124714,0,7,7,B,5236,0.5083333333333333,True,3.960498895001365
0,38.32456543461622,969,0,,0.4596194077712549,0.7091888330032816,astar,False,0,303383,0,6671,838,0.2554853199981153,0,0.0,0.02755241800332442,0,6,6,B,5237,0.43333333333333335,True,3.092385459007346
0,45.07822398605364,1166,0,,0.489948976935355,0.8955634550002287,astar,False,0,225866,0,102789,12875,0.1792543889969238,0,0.0,0.1686266750039067,0,5,5,B,5238,0.4166666666666667,True,2.320143712000572
0,38.68633312426173,997,0,,0.481300322044355,0.5133213030057959,astar,False,0,289704,0,11710,1532,0.15170704000047408,0,0.0,0.03385463500308106,0,7,7,B,5239,0.5166666666666667,True,2.4636034130016924
0,39.92296927463577,1058,0,,0.4596194077712549,0.8618704580003396,astar,False,0,278103,0,38535,4891,0.2611200590035878,0,0.0,0.07695252900157357,0,7,7,B,5240,0.425,True,3.721205646004819
0,36.80791375581967,910,0,,0.481300322044355,0.6881211099971551,astar,False,0,282106,0,8455,1081,0.09411704099329654,0,0.0,0.02963862899923697,0,6,6,B,5241,0.38333333333333336,True,1.8583097789960448
0,38.11278495283789,935,0,,0.4850257725111133,0.8585007340006996,astar,False,0,227296,0,51784,6501,0.24224285999662243,0,0.0,0.09122985699650599,0,5,5,B,5242,0.4,True,2.9226770890090847
0,37.72518219788621,939,0,,0.4596194077712549,0.7951038550017984,astar,False,0,204806,0,7065,888,0.2869870360009372,0,0.0,0.032842585002072155,0,4,4,B,5243,0.425,True,1.823506198998075
0,40.60744399769284,1041,0,,0.4596194077712549,0.8984246860054554,astar,False,0,359470,0,10475,1338,0.10633633000543341,0,0.0,0.05522300899610855,0,8,8,B,5244,0.475,True,3.1710274900033255
0,41.09005290319467,1052,0,,0.4596194077712549,0.8269493339976179,astar,False,0,236097,0,4195,541,0.36100817599799484,0,0.0,0.0180870309995953,0,7,7,B,5245,0.4166666666666667,True,3.0733752459927928
0,41.90836865525597,1059,0,,0.4596194077712549,0.7140536220031208,astar,False,0,267375,0,79417,10188,0.34758890500233974,0,0.0,0.13755983900045976,0,5,5,B,5246,0.43333333333333335,True,2.65989952700329
0,40.46802944574668,1028,0,,0.49239212016440975,1.351336439998704,astar,False,0,251915,0,24613,3118,0.3363853110058699,0,0.0,0.06634553400363075,0,6,6,B,5247,0.45,True,3.1694821269993554
0,39.06876722330097,1009,0,,0.4596194077712549,0.72006277100445,astar,False,0,235169,0,7357,934,0.07224956100253621,0,0.0,0.022790161994635127,0,6,6,B,5248,0.4666666666666667,True,2.4508210139902076
0,37.19765188673115,915,0,,0.4596194077712549,0.7319987560040317,astar,False,0,314673,0,9397,1216,0.34118666099675465,0,0.0,0.03227276600227924,0,5,5,B,5249,0.475,True,2.5427133980047074
0,37.106777355329456,942,0,,0.4596194077712549,0.6724661240004934,astar,False,0,287066,0,18647,2454,0.2258301290057716,0,0.0,0.0425972860030015,0,6,6,B,5250,0.375,True,2.507537953017163
0,36.77682431421908,896,0,,0.4596194077712549,0.7866843750016415,astar,False,0,276935,0,7025,891,0.1946993859965005,0,0.0,0.028025699997670017,0,5,5,B,5251,0.35833333333333334,True,2.331290579008055
0,38.77190894510543,976,0,,0.481300322044355,0.9039067149933544,astar,False,0,253516,0,9250,1172,0.28140039799473016,0,0.0,0.03819403400120791,0,6,6,B,5252,0.4083333333333333,True,3.104343800994684
0,37.489503033350275,938,0,,0.4596194077712549,1.0399466719973134,astar,False,0,279380,0,7817,1036,1.011903724000149,0,0.0,0.02788349199545337,0,5,5,B,5253,0.425,True,2.0935782740052673
0,38.1251426798622,937,0,,0.4596194077712549,0.5287487890018383,astar,False,0,236073,0,7036,882,0.13599060899286997,0,0.0,0.021738536001066677,0,6,6,B,5254,0.45,True,2.0271220990034635
0,38.87859400507385,951,0,,0.4596194077712549,0.6980789650042425,astar,False,0,215187,0,8867,1125,0.2379021310043754,0,0.0,0.03464264699869091,0,5,5,B,5255,0.35833333333333334,True,1.6347676240038709
0,37.926026604919755,942,0,,0.4596194077712549,0.8344458639985532,astar,False,0,169349,0,33795,4235,0.06909378000273136,0,0.0,0.06818376400042325,0,4,4,B,5256,0.35,True,1.577665705990512
0,38.62052784499502,974,0,,0.4596194077712549,0.756201546995726,astar,False,0,266092,0,120428,15119,0.3256515489993035,0,0.0,0.20657692600070732,0,4,4,B,5257,0.325,True,2.0046964309949544
0,37.82835344859633,941,0,,0.4596194077712549,0.8046333789970959,astar,False,0,282516,0,28209,3544,0.11244397400150774,0,0.0,0.0753245239975513,0,8,8,B,5258,0.475,True,2.5625027030037018
0,39.40504564700779,989,0,,0.4596194077712549,1.1596817320023547,astar,False,0,302731,0,13881,1797,0.16941192400554428,0,0.0,0.03806900600466179,0,5,5,B,5259,0.44166666666666665,True,3.0739030920012738
0,36.82463016351561,920,0,,0.4596194077712549,0.4773209859995404,astar,False,0,240444,0,9331,1186,0.11619848499685759,0,0.0,0.024785733003227506,0,7,7,B,5260,0.4666666666666667,True,2.444742290987051
0,39.54644117874662,1011,0,,0.4596194077712549,0.5828849469980923,astar,False,0,245340,0,6237,824,0.19661235500097973,0,0.0,0.009356272996228654,0,6,6,B,5261,0.4083333333333333,True,2.237454673013417
0,37.86567106139049,946,0,,0.4596194077712549,0.63613499100029,astar,False,0,263909,0,10653,1339,0.285601214003691,0,0.0,0.0307629029994132,0,6,6,B,5262,0.4666666666666667,True,2.5363091139952303
0,39.35103720309145,1002,0,,0.4756574397610127,0.8551068870001473,astar,False,0,296076,0,9923,1322,0.20069309700193116,0,0.0,0.013910460998886265,0,7,7,B,5263,0.375,True,3.428263666006387
0,38.197113160526065,990,0,,0.4596194077712549,0.8563039049986401,astar,False,0,281459,0,41818,5308,0.4166704960007337,0,0.0,0.090834447000816,0,6,6,B,5264,0.4166666666666667,True,2.327133924009104
0,38.503558797147214,951,0,,0.4596194077712549,0.7468245179989026,astar,False,0,230833,0,29082,3657,0.19753718800347997,0,0.0,0.06570090199966216,0,5,5,B,5265,0.2916666666666667,True,1.6669337689963868
0,39.74024057728711,996,0,,0.4596194077712549,0.9104200649962877,astar,False,0,219289,0,112990,14140,0.6166830610018224,0,0.0,0.1894540070061339,0,4,4,B,5266,0.4666666666666667,True,2.8490619079966564
0,38.25255469630222,957,0,,0.4596194077712549,1.0250680999961332,astar,False,0,315481,0,6554,834,0.4709797579998849,0,0.0,0.028100645999074914,0,4,4,B,5267,0.43333333333333335,True,2.660175558994524
0,36.49543621869222,882,0,,0.4596194077712549,0.6564877809942118,astar,False,0,268673,0,3308,426,0.32224602199858055,0,0.0,0.022559060002095066,0,5,5,B,5268,0.4166666666666667,True,1.9590159799845424
0,39.35086962229005,979,0,,0.4596194077712549,0.8375330649942043,astar,False,0,327501,0,9887,1257,0.13192820000404026,0,0.0,0.03344715000275755,0,6,6,B,5269,0.5333333333333333,True,3.405466219999653
0,41.454902211059455,1083,0,,0.47502631506054627,1.1025051350006834,astar,False,0,274629,0,6826,881,0.14868179100449197,0,0.0,0.026779875995998736,0,6,6,B,5270,0.5083333333333333,True,2.768115488004696
0,37.78764678314398,955,0,,0.4596194077712549,0.584809234002023,astar,False,0,238918,0,4565,575,0.06519603800552431,0,0.0,0.019095119001576677,0,7,7,B,5271,0.4083333333333333,True,2.224223687997437
0,37.106994179456336,930,0,,0.4596194077712549,0.47731754899723455,astar,False,0,192971,0,4948,648,0.1668537549994653,0,0.0,0.01818451400322374,0,6,6,B,5272,0.475,True,1.7399318000025232
0,37.86797270857357,947,0,,0.4596194077712549,0.6023649100025068,astar,False,0,280096,0,10182,1282,0.3062448470009258,0,0.0,0.049273380995146,0,7,7,B,5273,0.5083333333333333,True,3.0287523989973124
0,38.48632664872347,971,0,,0.4596194077712549,1.1221000970035675,astar,False,0,338452,0,18800,2448,1.0781848989936407,0,0.0,0.04360258700035047,0,5,5,B,5274,0.48333333333333334,True,2.6213746720095514
0,36.86395706685447,913,0,,0.46157339611377224,0.7299017370023648,astar,False,0,275560,0,12731,1615,0.20948603400029242,0,0.0,0.0353455610020319,0,7,7,B,5275,0.43333333333333335,True,2.908302569994703
0,41.626673758482056,1079,0,,0.481300322044355,0.9670923289959319,astar,False,0,335223,0,5739,740,0.15963010799896438,0,0.0,0.027816977999464143,0,8,8,B,5276,0.5083333333333333,True,3.3657122769946
0,37.72306193670569,964,0,,0.4887228253314979,0.694237420000718,astar,False,0,283321,0,19422,2485,0.27418765999755124,0,0.0,0.043149632001586724,0,6,6,B,5277,0.5,True,2.382434158003889
0,38.418064075466795,961,0,,0.4596194077712549,0.504806610995729,astar,False,0,192135,0,41568,5267,0.2888026520013227,0,0.0,0.0656857400026638,0,6,6,B,5278,0.4166666666666667,True,1.4158699529871228
0,37.51185350053402,927,0,,0.4596194077712549,0.5730376880019321,astar,False,0,199759,0,74483,9331,0.22910769100417383,0,0.0,0.1288292269964586,0,6,6,B,5279,0.4083333333333333,True,1.9929790030000731
0,38.54512722911845,1013,0,,0.4596194077712549,1.1143137959952583,astar,False,0,265670,0,50029,6299,0.1692756010015728,0,0.0,0.08620917300140718,0,6,6,B,5280,0.375,True,2.675491156987846
0,39.592217551052684,1003,0,,0.46157339611377224,0.7629298360043322,astar,False,0,269977,0,5613,728,0.16915077900193864,0,0.0,0.00770032199943671,0,8,8,B,5281,0.4166666666666667,True,2.9387504160185927
0,37.984401705064066,941,0,,0.4596194077712549,0.7155774150014622,astar,False,0,168654,0,10467,1336,0.25384509500145214,0,0.0,0.033657424995908514,0,4,4,B,5282,0.38333333333333336,True,1.6417387630062876
0,39.8883010327991,1020,0,,0.49239212016440975,0.9775525250006467,astar,False,0,289012,0,11782,1500,0.19244897500175284,0,0.0,0.03518734399403911,0,7,7,B,5283,0.43333333333333335,True,3.046537612011889
0,48.33107590877274,1245,0,,0.4596194077712549,1.3009176319974358,astar,False,0,287908,0,10824,1386,0.4084013009996852,0,0.0,0.032779565000964794,0,5,5,B,5284,0.475,True,2.853954298996541
0,39.479396777436186,1014,0,,0.4596194077712549,0.7429302749951603,astar,False,0,218064,0,12499,1584,0.19550903699564515,0,0.0,0.03957498999807285,0,8,8,B,5285,0.43333333333333335,True,2.7688199749973137
0,37.035571967979415,914,0,,0.4596194077712549,0.7931474810029613,astar,False,0,205012,0,34061,4266,0.10968004100141115,0,0.0,0.07057946499844547,0,5,5,B,5286,0.475,True,2.474663524000789
0,39.71295777087713,1037,0,,0.4596194077712549,0.8501413959966158,astar,False,0,279492,0,83217,10596,0.3232029130012961,0,0.0,0.14576302299974486,0,5,5,B,5287,0.425,True,2.2731402549979975
0,37.92999670668223,932,0,,0.4596194077712549,0.5579003840030055,astar,False,0,194831,0,9992,1270,0.12092420299450168,0,0.0,0.02570799400564283,0,7,7,B,5288,0.43333333333333335,True,2.172043342005054
0,43.48086769477022,1145,0,,0.4596194077712549,0.927985185997386,astar,False,0,292478,0,10147,1290,0.09492645799764432,0,0.0,0.03172700399591122,0,9,9,B,5289,0.4583333333333333,True,3.480872635002015
0,40.24017702307546,1041,0,,0.47502631506054627,0.7648486370017054,astar,False,0,252399,0,16848,2180,0.16626344500400592,0,0.0,0.03536318000260508,0,6,6,B,5290,0.4083333333333333,True,2.352224569003738
0,42.40746824391897,1061,0,,0.4596194077712549,1.182581969005696,astar,False,0,231282,0,214716,27014,0.8578724039980443,0,0.0,0.31759555600001477,0,4,4,B,5291,0.4166666666666667,True,1.7575496340141399
0,38.13103036677397,960,0,,0.4596194077712549,1.3680972679940169,astar,False,0,248243,0,9304,1180,0.1284326380045968,0,0.0,0.02574001700122608,0,6,6,B,5292,0.4583333333333333,True,2.472514720990148
0,39.05923507540025,979,0,,0.4596194077712549,0.6497863879994838,astar,False,0,213618,0,12454,1596,0.3092081789945951,0,0.0,0.02779693699994823,0,5,5,B,5293,0.44166666666666665,True,2.364343616005499
0,43.53245378911509,1119,0,,0.4628714724413279,1.0742227100054151,astar,False,0,295882,0,34679,4347,0.4648450780005078,0,0.0,0.08598860299389344,0,6,6,B,5294,0.45,True,3.619660673008184
0,37.82067038456531,926,0,,0.4596194077712549,0.5169170259978273,astar,False,0,150248,0,92640,11611,0.1611465780006256,0,0.0,0.15201205699850107,0,5,5,B,5295,0.3416666666666667,True,1.654887285993027
0,37.74120337572193,930,0,,0.4596194077712549,0.82681117500033,astar,False,0,264418,0,8667,1150,0.3942603310060804,0,0.0,0.02872296499845106,0,5,5,B,5296,0.525,True,2.20740934600326
0,40.6307373618776,1008,0,,0.4596194077712549,0.967956102998869,astar,False,0,304636,0,7498,952,0.2543852510061697,0,0.0,0.07080025699542603,0,6,6,B,5297,0.425,True,3.555370234003931
0,37.840955114718284,953,0,,0.4596194077712549,0.7429089609941002,astar,False,0,284672,0,8070,1047,0.19886170599784236,0,0.0,0.028555812998092733,0,6,6,B,5298,0.44166666666666665,True,2.4088836899973103
0,39.09303953451744,979,0,,0.4596194077712549,0.8291536179967807,astar,False,0,236028,0,61719,7813,0.350425971999357,0,0.0,0.10663552299956791,0,5,5,B,5299,0.36666666666666664,True,2.27210339299927
0,39.023412031431896,994,0,,0.4596194077712549,0.6651090140003362,astar,False,0,268752,0,17362,2223,0.1794756379968021,0,0.0,0.0405826439964585,0,5,5,B,5300,0.475,True,2.7161292689925176
0,39.013467333178454,996,0,,0.4596194077712549,1.035905789998651,astar,False,0,230135,0,22637,2903,0.1576609260009718,0,0.0,0.054786433996923734,0,6,6,B,5301,0.45,True,2.3537645579854143
0,44.562815149199835,1170,0,,0.49239212016440975,1.0503214339987608,astar,False,0,255579,0,168117,21045,0.35587972500070464,0,0.0,0.28397223399952054,0,6,6,B,5302,0.45,True,4.14076441898942
0,39.55709228516379,1042,0,,0.4596194077712549,0.7751388530014083,astar,False,0,230918,0,10258,1340,0.21931509099522373,0,0.0,0.02530937000119593,0,6,6,B,5303,0.4083333333333333,True,2.5067769970046356
0,38.75412227693854,944,0,,0.4596194077712549,0.5614965159984422,astar,False,0,211918,0,21457,2694,0.1378239650002797,0,0.0,0.05687897500320105,0,5,5,B,5304,0.3333333333333333,True,1.8858390979949036
0,39.834510301514655,1059,0,,0.481300322044355,0.6841828159958823,astar,False,0,274850,0,8463,1076,0.13539998700434808,0,0.0,0.02974337799969362,0,8,8,B,5305,0.43333333333333335,True,3.102409056991746
0,36.749190721882485,907,0,,0.4596194077712549,0.5613069149985677,astar,False,0,204615,0,10773,1374,0.22950460600259248,0,0.0,0.025499852003122214,0,5,5,B,5306,0.375,True,1.743901501999062
0,39.90722150016336,1006,0,,0.4596194077712549,0.6900489370018477,astar,False,0,290842,0,10855,1387,0.11853366099967388,0,0.0,0.03315242900134763,0,7,7,B,5307,0.43333333333333335,True,3.0612980790028814
0,43.29298052264128,1143,0,,0.481300322044355,0.9854102940007579,astar,False,0,230364,0,104965,13280,0.4792372250012704,0,0.0,0.16578417800337775,0,4,4,B,5308,0.3333333333333333,True,2.142124431011325
0,39.069685546243846,965,0,,0.4596194077712549,0.790782042000501,astar,False,0,285269,0,8976,1129,0.2081176020001294,0,0.0,0.030201059998944402,0,7,7,B,5309,0.5166666666666667,True,3.8272575350129046
0,38.11964170587909,925,0,,0.4596194077712549,0.7105004109980655,astar,False,0,235120,0,5293,674,0.28915743800462224,0,0.0,0.02005471799930092,0,4,4,B,5310,0.39166666666666666,True,2.019417137002165
0,43.58977910419026,1139,0,,0.4596194077712549,1.330076045000169,astar,False,0,337438,0,16776,2116,0.46088987799885217,0,0.0,0.06958849399961764,0,8,8,B,5311,0.5166666666666667,True,4.9722593359983875
0,38.41666250076929,980,0,,0.4596194077712549,1.127197936999437,astar,False,0,236866,0,3721,481,0.11615590599831194,0,0.0,0.017884822002088185,0,7,7,B,5312,0.48333333333333334,True,3.4180540359957376
0,38.14533709263748,938,0,,0.4596194077712549,1.0581898969976464,astar,False,0,268743,0,1988,255,0.06619950599997537,0,0.0,0.003429705000598915,0,5,5,B,5313,0.4,True,2.570495163992746
0,38.083031506338955,948,0,,0.4596194077712549,1.0414648900041357,astar,False,0,335655,0,3064,394,0.3225357800038182,0,0.0,0.04449263899732614,0,7,7,B,5314,0.4666666666666667,True,4.196361065005476
0,41.00012899657649,1065,0,,0.47502631506054627,0.9340884359990014,astar,False,0,281510,0,6955,906,0.17474560699338326,0,0.0,0.027117664998513646,0,6,6,B,5315,0.38333333333333336,True,2.801957092000521
0,41.559967112815876,1076,0,,0.4596194077712549,0.905209119002393,astar,False,0,255917,0,7299,943,0.13691303600353422,0,0.0,0.02375014500285033,0,7,7,B,5316,0.44166666666666665,True,2.691879581005196
0,37.59630797000251,967,0,,0.4596194077712549,0.8408595049986616,astar,False,0,303057,0,4077,521,0.07566588799818419,0,0.0,0.04392574799567228,0,8,8,B,5317,0.4666666666666667,True,3.0287929569967673
0,38.504348760332434,961,0,,0.4596194077712549,0.9032777619941044,astar,False,0,267939,0,7033,908,0.20245976600563154,0,0.0,0.027035984996473417,0,6,6,B,5318,0.4583333333333333,True,2.8732173579919618
0,38.435497299345556,996,0,,0.4596194077712549,0.6139315509935841,astar,False,0,269676,0,5136,668,0.2136368270003004,0,0.0,0.025416554999537766,0,7,7,B,5319,0.43333333333333335,True,2.91281299500406
0,38.71270982218021,959,0,,0.4628714724413279,0.7283592080057133,astar,False,0,217997,0,28550,3578,0.2613649000049918,0,0.0,0.06322447300044587,0,7,7,B,5320,0.35833333333333334,True,2.828435358009301
0,38.180788205672286,969,0,,0.48254533465779303,0.7178221819995088,astar,False,0,301702,0,10305,1344,0.3968761910000467,0,0.0,0.03275910800584825,0,8,8,B,5321,0.49166666666666664,True,2.446638322988292
0,41.48205594052878,1048,0,,0.49239212016440975,0.9000147089973325,astar,False,0,286530,0,22639,2892,0.20013066699902993,0,0.0,0.06793215300422162,0,6,6,B,5322,0.43333333333333335,True,2.978175421987544
0,38.605956355127255,968,0,,0.4596194077712549,0.6253415219980525,astar,False,0,256168,0,5622,718,0.08506312900135526,0,0.0,0.021012983997934498,0,7,7,B,5323,0.39166666666666666,True,2.9940362079942133
0,38.45345826079283,963,0,,0.4596194077712549,0.8283991620046436,astar,False,0,224678,0,48148,6046,0.15117317999829538,0,0.0,0.09892000199761242,0,6,6,B,5324,0.43333333333333335,True,3.3845088000089163
0,40.47185228583571,1033,0,,0.4596194077712549,1.0587464920026832,astar,False,0,236046,0,7896,1031,0.1398511290026363,0,0.0,0.011291852002614178,0,6,6,B,5325,0.45,True,3.1763324049970834
0,41.11819386748148,1030,0,,0.4769171835864189,1.1627797539986204,astar,False,0,179939,0,75482,9464,0.1307528619945515,0,0.0,0.15255492099822732,0,5,5,B,5326,0.375,True,2.3912897229893133
0,37.43436408605284,934,0,,0.4596194077712549,0.6621114009976736,astar,False,0,188832,0,52345,6548,0.11673661899840226,0,0.0,0.09641911299695494,0,6,6,B,5327,0.475,True,2.001389240002027
0,38.67818741737311,958,0,,0.4596194077712549,0.6619773089987575,astar,False,0,334032,0,6019,773,0.11004909899929771,0,0.0,0.028388011996867135,0,7,7,B,5328,0.4666666666666667,True,3.1400092029944062
0,39.68394489697028,992,0,,0.4596194077712549,1.066666234000877,astar,False,0,310237,0,6456,816,0.26017778599634767,0,0.0,0.027763272999436595,0,6,6,B,5329,0.5,True,3.3818493130020215
0,40.84573557793889,1066,0,,0.4596194077712549,1.256752127999789,astar,False,0,252113,0,10830,1362,0.1499848320017918,0,0.0,0.027871906000655144,0,6,6,B,5330,0.38333333333333336,True,3.7378871759865433
0,37.62358974557024,927,0,,0.4596194077712549,0.5281616380016203,astar,False,0,168005,0,11146,1400,0.15723914399859495,0,0.0,0.03505578999465797,0,6,6,B,5331,0.35,True,2.0055251860030694
0,40.85773396446311,1060,0,,0.4596194077712549,0.7636205289963982,astar,False,0,275003,0,10783,1359,0.19142540900065796,0,0.0,0.05011243500484852,0,7,7,B,5332,0.49166666666666664,True,2.852758279987029
0,41.046680050442944,1047,0,,0.49239212016440975,1.3140856780009926,astar,False,0,240792,0,25091,3145,0.2735194050037535,0,0.0,0.059961949998978525,0,6,6,B,5333,0.43333333333333335,True,3.384706329990877
0,38.87315888297146,990,0,,0.4596194077712549,0.9529681089989026,astar,False,0,309559,0,15683,2020,0.2683241549966624,0,0.0,0.05921275899891043,0,8,8,B,5334,0.43333333333333335,True,3.408855241992569
0,39.36089436926462,1013,0,,0.4596194077712549,1.155812712997431,astar,False,0,281764,0,4508,585,0.10120710000046529,0,0.0,0.024139583998476155,0,6,6,B,5335,0.35833333333333334,True,2.5710180060050334
0,36.78105005075235,906,0,,0.4769171835864189,0.6175091389959562,astar,False,0,246718,0,18788,2354,0.3617701639959705,0,0.0,0.052139944993541576,0,6,6,B,5336,0.4583333333333333,True,2.083717046996753
0,47.34998916513567,1282,0,,0.4596194077712549,1.3583654289977858,astar,False,0,323213,0,10098,1265,0.24698886000260245,0,0.0,0.053696508999564685,0,8,8,B,5337,0.475,True,4.425505824998254
0,45.504628727269136,1214,0,,0.4596194077712549,0.9754774899993208,astar,False,0,264925,0,148554,18786,0.2635218799987342,0,0.0,0.26311288599390537,0,5,5,B,5338,0.5333333333333333,True,2.7991802349934005
0,38.25857295932784,936,0,,0.4596194077712549,0.8511040099983802,astar,False,0,287598,0,10492,1341,0.14522433399542933,0,0.0,0.03234069799509598,0,5,5,B,5339,0.425,True,2.4191556990117533
0,42.34598406732894,1136,0,,0.4596194077712549,0.6284555439997348,astar,False,0,283331,0,80343,10268,0.48393779400066705,0,0.0,0.1431366210017586,0,6,6,B,5340,0.44166666666666665,True,2.2593532479950227
0,37.78605767941096,953,0,,0.46738634982207333,0.9115911639964906,astar,False,0,303387,0,21945,2792,0.2366530959989177,0,0.0,0.06794570200145245,0,7,7,B,5341,0.4166666666666667,True,3.0691906759820995
0,42.526494915890076,1100,0,,0.4596194077712549,0.6838078040018445,astar,False,0,255120,0,5530,699,0.06425690399919404,0,0.0,0.020738145998620894,0,7,7,B,5342,0.4166666666666667,True,2.5305689910019282
0,37.54886024478063,945,0,,0.4596194077712549,0.7516356619962608,astar,False,0,266486,0,4835,618,0.2932843859962304,0,0.0,0.02363259000412654,0,7,7,B,5343,0.3333333333333333,True,3.240790854993975
0,37.25523790080683,909,0,,0.4769171835864189,1.0068403699988266,astar,False,0,257803,0,18349,2311,0.9542802040014067,0,0.0,0.05210324699874036,0,4,4,B,5344,0.38333333333333336,True,3.10425326400582
0,38.08995700685855,942,0,,0.4596194077712549,0.46141502499813214,astar,False,0,118846,0,94969,11901,0.22493646400107536,0,0.0,0.1548196969961282,0,4,4,B,5345,0.425,True,1.5722346079928684
0,39.41400970109612,1002,0,,0.4596194077712549,1.044452544003434,astar,False,0,251731,0,14941,1942,0.1060687630015309,0,0.0,0.03305467600148404,0,5,5,B,5346,0.4166666666666667,True,2.4564759130007587
0,40.2640492359088,1010,0,,0.4596194077712549,0.44801295700017363,astar,False,0,227942,0,12951,1676,0.26881909200164955,0,0.0,0.029820351999660488,0,8,8,B,5347,0.475,True,2.1232196539858705
0,37.637083674930196,935,0,,0.4596194077712549,0.9188349980031489,astar,False,0,342735,0,7730,994,0.26676949599641375,0,0.0,0.03505761000269558,0,6,6,B,5348,0.5,True,3.397990380995907
0,40.77240320910524,1072,0,,0.4850257725111133,0.7259771109966096,astar,False,0,219859,0,51528,6609,0.530172531005519,0,0.0,0.10008991599897854,0,7,7,B,5349,0.45,True,2.6035008970065974
0,38.23323347481236,949,0,,0.489948976935355,0.9311666050052736,astar,False,0,232619,0,23939,3038,0.26460824399691774,0,0.0,0.06354039400321199,0,4,4,B,5350,0.39166666666666666,True,2.0536286190035753
0,47.675896708029484,1265,0,,0.4596194077712549,1.515253378005582,astar,False,0,398023,0,5993,756,0.3909038589990814,0,0.0,0.03158814299968071,0,7,7,B,5351,0.5833333333333334,True,6.804627716999676
0,37.22901758422708,933,0,,0.4596194077712549,0.6419523759977892,astar,False,0,253929,0,11035,1395,0.151109437996638,0,0.0,0.028028026994434185,0,5,5,B,5352,0.38333333333333336,True,2.397522712002683
0,45.18893005062602,1196,0,,0.4596194077712549,1.1902849309990415,astar,False,0,335148,0,5822,750,0.1788666669963277,0,0.0,0.028322534999460913,0,9,9,B,5353,0.5666666666666667,True,5.729467780998675
0,41.19538997445342,1073,0,,0.4596194077712549,1.3702083320022211,astar,False,0,317850,0,9606,1226,0.10625751400220906,0,0.0,0.0331610430002911,0,9,9,B,5354,0.38333333333333336,True,4.935625493999396
0,38.803514083240195,970,0,,0.4781736086402098,0.9102066990017192,astar,False,0,257867,0,19804,2550,0.18265226500079734,0,0.0,0.05128717100160429,0,5,5,B,5355,0.4166666666666667,True,2.7628939100031857
0,39.53515208297178,1002,0,,0.4596194077712549,0.46596844499435974,astar,False,0,261143,0,38726,4958,0.1877725169979385,0,0.0,0.07944375000079162,0,6,6,B,5356,0.39166666666666666,True,2.0264851929823635
0,40.40228981113341,1009,0,,0.4850257725111133,0.9462426610043622,astar,False,0,308828,0,35126,4425,0.4340522139973473,0,0.0,0.09436883000307716,0,5,5,B,5357,0.48333333333333334,True,2.488458478008397
0,40.93030779081406,1042,0,,0.4628714724413279,0.9868971110045095,astar,False,0,237750,0,52840,6617,0.18006776300171623,0,0.0,0.10226391600008355,0,5,5,B,5358,0.375,True,2.3276995430060197
0,38.95475876544391,1002,0,,0.47502631506054627,0.5759037759999046,astar,False,0,264245,0,16857,2198,0.534493223996833,0,0.0,0.04110526000295067,0,6,6,B,5359,0.5083333333333333,True,2.8469089139980497
0,40.48783235708923,1036,0,,0.4596194077712549,0.9080532980005955,astar,False,0,321571,0,36940,4639,0.26466352900024503,0,0.0,0.09155946799728554,0,6,6,B,5360,0.475,True,2.608899803002714
0,36.52166143572738,893,0,,0.49239212016440975,0.6735562499961816,astar,False,0,210517,0,56491,7088,0.5697350940026809,0,0.0,0.1009765150010935,0,5,5,B,5361,0.38333333333333336,True,1.9294745480001438
0,35.55125373873303,869,0,,0.4596194077712549,0.693271439995442,astar,False,0,239602,0,23851,3017,0.3583765299990773,0,0.0,0.0647424169947044,0,6,6,B,5362,0.4,True,2.7394176539964974
0,38.45127049035443,979,0,,0.4596194077712549,0.8225297180033522,astar,False,0,239927,0,4257,547,0.5071369869983755,0,0.0,0.021454621994053014,0,6,6,B,5363,0.45,True,2.7650790710031288
0,38.057578463439334,945,0,,0.4628714724413279,1.0014629800061812,astar,False,0,324932,0,42989,5402,0.44809701800113544,0,0.0,0.10725753400038229,0,5,5,B,5364,0.49166666666666664,True,3.860642919993552
0,41.960196990645855,1122,0,,0.48254533465779303,0.969574342998385,astar,False,0,250530,0,8223,1061,0.1326878339968971,0,0.0,0.024380369002756197,0,8,8,B,5365,0.425,True,4.24824885000271
0,39.53468906491295,1018,0,,0.4596194077712549,1.1267462810064899,astar,False,0,280123,0,5008,643,0.24757358100032434,0,0.0,0.007241039005748462,0,5,5,B,5366,0.4083333333333333,True,2.9361256120027974
0,39.4170526047774,1020,0,,0.4628714724413279,0.9312417379987892,astar,False,0,336654,0,44600,5607,0.21763838199694874,0,0.0,0.08686277399829123,0,6,6,B,5367,0.5166666666666667,True,3.705508118997386
0,39.49205285054195,1015,0,,0.4596194077712549,1.238860625999223,astar,False,0,296634,0,33672,4265,0.17132578099699458,0,0.0,0.08659423100471031,0,7,7,B,5368,0.4166666666666667,True,3.385380768988398
0,39.91093354063533,1024,0,,0.4596194077712549,1.4170758050022414,astar,False,0,294311,0,4467,566,0.9557701140001882,0,0.0,0.025555706000886858,0,4,4,B,5369,0.4666666666666667,True,3.9506607170042116
0,39.435441753370974,1018,0,,0.4596194077712549,0.7491867010030546,astar,False,0,151935,0,41953,5380,0.42016692199831596,0,0.0,0.07167539100191789,0,3,3,B,5370,0.38333333333333336,True,1.6370481670019217
0,36.58346479054422,920,0,,0.4596194077712549,0.6937294310046127,astar,False,0,265175,0,25920,3284,0.1931793959956849,0,0.0,0.0566068810003344,0,7,7,B,5371,0.45,True,2.4575477780090296
0,40.99604229113952,1048,0,,0.4596194077712549,0.7232800479978323,astar,False,0,217244,0,10841,1361,0.12184890000207815,0,0.0,0.026407281999127008,0,7,7,B,5372,0.4,True,2.2074757399968803
0,42.85556381369022,1126,0,,0.4596194077712549,0.7057350479954039,astar,False,0,214381,0,40692,5196,0.3926781820046017,0,0.0,0.07647689399891533,0,7,7,B,5373,0.44166666666666665,True,2.765884329986875
0,40.8028586111748,1069,0,,0.4596194077712549,1.225770941004157,astar,False,0,264214,0,10317,1338,0.595252482999058,0,0.0,0.03024911200191127,0,6,6,B,5374,0.4083333333333333,True,4.088235084003827
0,39.26114368068657,961,0,,0.4596194077712549,0.5712406500024372,astar,False,0,264199,0,37311,4690,0.347589153003355,0,0.0,0.08936337799968896,0,6,6,B,5375,0.4583333333333333,True,2.2832580050089746
0,40.19360814850539,1052,0,,0.4887228253314979,0.8691364760015858,astar,False,0,315161,0,5499,699,0.22164674300438492,0,0.0,0.026881467005296145,0,7,7,B,5376,0.48333333333333334,True,2.8633516569898347
0,38.8788300090117,966,0,,0.4596194077712549,0.6988849840054172,astar,False,0,269288,0,9190,1191,0.4094375130007393,0,0.0,0.029716144999838434,0,5,5,B,5377,0.5,True,2.4470144340157276
0,39.493212122730924,1010,0,,0.4596194077712549,1.181899393995991,astar,False,0,326120,0,9252,1217,0.32986087699828204,0,0.0,0.052650544996140525,0,7,7,B,5378,0.45,True,5.151622708996001
0,37.97721388199921,942,0,,0.4596194077712549,0.689858675999858,astar,False,0,216160,0,8810,1119,0.10770230399793945,0,0.0,0.0239053339973907,0,8,8,B,5379,0.44166666666666665,True,2.8652117410092615
0,39.25548823789755,1038,0,,0.4596194077712549,0.5663442930017482,astar,False,0,261573,0,9872,1275,0.27623795199906453,0,0.0,0.027633420999336522,0,7,7,B,5380,0.475,True,2.907218587999523
0,39.881616182658256,1023,0,,0.4596194077712549,0.8519786160031799,astar,False,0,285876,0,13317,1729,0.1729631039997912,0,0.0,0.03582226899743546,0,6,6,B,5381,0.43333333333333335,True,3.4596460280081374
0,45.307365834437626,1203,0,,0.4596194077712549,1.2108325450026314,astar,False,0,294121,0,58466,7405,0.5078652299998794,0,0.0,0.12181232200236991,0,6,6,B,5382,0.5416666666666666,True,3.906853623011557
0,41.23703969279813,1044,0,,0.4628714724413279,1.4002916509998613,astar,False,0,307302,0,54326,6799,0.24663385799794924,0,0.0,0.11465547899570083,0,5,5,B,5383,0.425,True,2.289069323000149
0,37.634098752194035,921,0,,0.481300322044355,0.780145425000228,astar,False,0,118928,0,169954,21252,0.10251123800117057,0,0.0,0.2598657020062092,0,4,4,B,5384,0.39166666666666666,True,1.8271811710001202
0,36.64869599794526,893,0,,0.4596194077712549,0.5622106800001347,astar,False,0,233671,0,30232,3784,0.3146807119992445,0,0.0,0.06840611799998442,0,6,6,B,5385,0.4666666666666667,True,2.1779288669931702
0,44.81811734242481,1173,0,,0.4596194077712549,1.2223604899991187,astar,False,0,292311,0,13863,1781,0.1210207679978339,0,0.0,0.05605018200003542,0,8,8,B,5386,0.45,True,4.268003472992859
0,37.782178810825414,932,0,,0.4596194077712549,0.7818177690060111,astar,False,0,236073,0,5585,708,0.15331622800295008,0,0.0,0.020949224002833944,0,6,6,B,5387,0.4,True,2.4487169290077873
0,39.47601416124632,1008,0,,0.4596194077712549,0.6994165279975277,astar,False,0,272366,0,73409,9360,0.5120552080043126,0,0.0,0.13621163299831096,0,6,6,B,5388,0.44166666666666665,True,2.466212027997244
0,39.351133844501135,995,0,,0.4596194077712549,0.9962527449970366,astar,False,0,289248,0,28492,3656,0.4198439639949356,0,0.0,0.0537456000020029,0,5,5,B,5389,0.475,True,2.5339835159902577
0,42.376674335343736,1084,0,,0.48254533465779303,0.7052951410005335,astar,False,0,279658,0,12915,1683,0.1225559219965362,0,0.0,0.05334916599531425,0,7,7,B,5390,0.4083333333333333,True,2.792472027002077
0,37.426437854656385,960,0,,0.4596194077712549,0.6644876710051904,astar,False,0,204720,0,145183,18193,0.20975795399863273,0,0.0,0.2415250100020785,0,6,6,B,5391,0.375,True,2.2650422360165976
0,36.205827587012024,895,0,,0.4596194077712549,0.680478474998381,astar,False,0,279353,0,10371,1350,0.20746382699871901,0,0.0,0.032092440997075755,0,8,8,B,5392,0.44166666666666665,True,2.315477518015541
0,38.425842239018486,976,0,,0.4596194077712549,0.76108744800149,astar,False,0,230200,0,9430,1199,0.1578158859992982,0,0.0,0.03750998099712888,0,7,7,B,5393,0.43333333333333335,True,3.1384444379946217
0,38.54458910150766,969,0,,0.4596194077712549,0.5396749060018919,astar,False,0,241619,0,16178,2050,0.3012066150040482,0,0.0,0.05210909200104652,0,7,7,B,5394,0.4583333333333333,True,2.2278638490024605
0,38.80979696648125,965,0,,0.4596194077712549,0.7310952719999477,astar,False,0,302918,0,6304,797,0.2790735919988947,0,0.0,0.027097395002783742,0,7,7,B,5395,0.44166666666666665,True,2.7650687900022604
0,39.227488900142895,1002,0,,0.4628714724413279,0.8327230609938852,astar,False,0,304464,0,89027,11276,0.49924867899972014,0,0.0,0.16578502699849196,0,5,5,B,5396,0.5,True,3.2728170969930943
0,37.82301089675395,966,0,,0.4628714724413279,0.8245253699933528,astar,False,0,176278,0,126168,15834,0.31565346800198313,0,0.0,0.20170117000088794,0,5,5,B,5397,0.45,True,2.472510826999496
0,35.92635333301012,882,0,,0.46157339611377224,0.3842755709993071,astar,False,0,195614,0,12935,1659,0.1428301330015529,0,0.0,0.029791412001941353,0,6,6,B,5398,0.39166666666666666,True,1.64680030701129
0,37.3307214346153,927,0,,0.4596194077712549,0.568681906996062,astar,False,0,245710,0,6878,894,0.18276492999575567,0,0.0,0.009890113993606064,0,7,7,B,5399,0.4583333333333333,True,2.475622955011204
0,36.84155515503239,906,0,,0.4850257725111133,1.133690114998899,astar,False,0,240543,0,9933,1272,0.254999806995329,0,0.0,0.038579193998884875,0,3,3,B,5400,0.4083333333333333,True,1.6605375240033027
0,39.77149708674869,985,0,,0.4596194077712549,0.6895844129976467,astar,False,0,142299,0,68541,8605,0.11443751100159716,0,0.0,0.13085081899771467,0,5,5,B,5401,0.3416666666666667,True,1.7915325180001673
0,39.40721073922061,988,0,,0.4596194077712549,0.8213151570016635,astar,False,0,252473,0,96980,12279,0.6531425909997779,0,0.0,0.16614238699548878,0,4,4,B,5402,0.43333333333333335,True,2.1200615340057993
0,37.7668346377381,933,0,,0.4596194077712549,0.6664230489986949,astar,False,0,238185,0,42943,5481,0.2305099040022469,0,0.0,0.08408353899721988,0,4,4,B,5403,0.35833333333333334,True,1.6245141499966849
0,38.73114056912998,964,0,,0.4596194077712549,0.829075693996856,astar,False,0,307958,0,7065,901,0.10929118499916513,0,0.0,0.02911929700348992,0,8,8,B,5404,0.5,True,3.2407739970003604
0,38.94868260729261,972,0,,0.4596194077712549,0.619051384004706,astar,False,0,222722,0,12614,1580,0.15766542400524486,0,0.0,0.029070197000692133,0,7,7,B,5405,0.4083333333333333,True,2.671050610006205
0,37.80434140866107,976,0,,0.4596194077712549,1.1306146419956349,astar,False,0,265972,0,9426,1198,0.07533562099706614,0,0.0,0.03049521899811225,0,8,8,B,5406,0.36666666666666664,True,2.9460292239891714
0,39.5312708962843,1033,0,,0.4596194077712549,0.8815631170000415,astar,False,0,247641,0,5794,742,0.13675425000110408,0,0.0,0.035476702003506944,0,6,6,B,5407,0.38333333333333336,True,2.9216018520019134
0,37.32681298045774,936,0,,0.4628714724413279,0.5269513330058544,astar,False,0,270441,0,18407,2358,0.4641030739949201,0,0.0,0.06231067100452492,0,7,7,B,5408,0.38333333333333336,True,2.0785245719962404
0,39.5070101343732,991,0,,0.4596194077712549,0.8874555639995378,astar,False,0,270086,0,94102,11869,0.46183348200429464,0,0.0,0.1737554680003086,0,6,6,B,5409,0.48333333333333334,True,3.1849498940064223
0,39.22520695603286,998,0,,0.4596194077712549,0.6749555900023552,astar,False,0,299187,0,12405,1555,0.21096493499499047,0,0.0,0.0412764810025692,0,8,8,B,5410,0.4583333333333333,True,3.2455558340079733
0,39.76813296367469,1011,0,,0.4596194077712549,1.0272468300026958,astar,False,0,216167,0,249614,31243,0.5832602349983063,0,0.0,0.40245090700045694,0,5,5,B,5411,0.425,True,2.907179031004489
0,37.533997620245714,926,0,,0.4769171835864189,1.1603424599961727,astar,False,0,271364,0,24025,3020,0.25872034399799304,0,0.0,0.07047158500063233,0,5,5,B,5412,0.43333333333333335,True,3.7196125959962956
0,38.21832577290598,968,0,,0.481300322044355,0.8471963080010028,astar,False,0,211568,0,40949,5207,0.21860268500313396,0,0.0,0.07972919500025455,0,7,7,B,5413,0.4083333333333333,True,3.657257192004181
0,38.32386705319413,952,0,,0.4596194077712549,0.5980291140003828,astar,False,0,229142,0,8765,1116,0.1516634259969578,0,0.0,0.024678578003658913,0,5,5,B,5414,0.4083333333333333,True,1.87498843800131
0,38.285336104618274,950,0,,0.4596194077712549,1.0342595140027697,astar,False,0,297191,0,7205,926,0.22183704499911983,0,0.0,0.02866818499751389,0,6,6,B,5415,0.4666666666666667,True,2.266925785006606
0,35.89160537445359,868,0,,0.4596194077712549,0.6232064150026417,astar,False,0,182708,0,6523,825,0.2664578409967362,0,0.0,0.030936146002204623,0,5,5,B,5416,0.4,True,1.7690186819963856
0,38.947223489695304,980,0,,0.4596194077712549,0.7507735449980828,astar,False,0,276760,0,54935,6981,0.5006142310012365,0,0.0,0.11171624400594737,0,5,5,B,5417,0.4,True,2.7138841889900505
0,37.38502559801934,921,0,,0.4596194077712549,0.9584582600000431,astar,False,0,194871,0,48818,6132,0.46975928399479017,0,0.0,0.09241090500290738,0,4,4,B,5418,0.43333333333333335,True,3.142847831994004
0,39.1650967230135,970,0,,0.481300322044355,1.0878128920012387,astar,False,0,260359,0,11892,1533,0.35293621999881,0,0.0,0.0426083970014588,0,5,5,B,5419,0.4666666666666667,True,2.4912064200107125
0,40.24583918880823,1019,0,,0.4596194077712549,0.6827344670018647,astar,False,0,272954,0,4771,611,0.15964955800154712,0,0.0,0.0251336529981927,0,6,6,B,5420,0.48333333333333334,True,2.4269337670120876
0,38.27254702843825,967,0,,0.4596194077712549,1.1671478139978717,astar,False,0,180800,0,18330,2324,0.2686809609949705,0,0.0,0.04655285499757156,0,5,5,B,5421,0.38333333333333336,True,2.3792381519961054
0,39.56016603142009,1027,0,,0.4628714724413279,0.87119304099906,astar,False,0,291018,0,41184,5163,0.26322741500189295,0,0.0,0.10218599699874176,0,6,6,B,5422,0.43333333333333335,True,2.5597331800090615
0,37.15935563595482,922,0,,0.4596194077712549,0.7093541430003825,astar,False,0,295437,0,5305,679,0.16235472999687772,0,0.0,0.02637970899377251,0,7,7,B,5423,0.43333333333333335,True,2.629793886000698
0,40.51903804876101,1077,0,,0.4596194077712549,1.3161059240010218,astar,False,0,263214,0,13910,1799,0.25897340099618305,0,0.0,0.034604720000061207,0,6,6,B,5424,0.38333333333333336,True,4.167263636998541
0,39.85904626009921,1025,0,,0.4596194077712549,0.6823766230008914,astar,False,0,316216,0,9479,1214,0.11730354300379986,0,0.0,0.032350510999094695,0,8,8,B,5425,0.43333333333333335,True,3.2756449669905123
0,39.94706709642003,1044,0,,0.4596194077712549,1.094714742997894,astar,False,0,285056,0,22561,2865,0.27078133600298315,0,0.0,0.05044223000004422,0,7,7,B,5426,0.45,True,4.926259978994494
0,39.71800352331054,997,0,,0.4596194077712549,0.674724251999578,astar,False,0,242815,0,10031,1297,0.16578163700614823,0,0.0,0.02605172099720221,0,5,5,B,5427,0.4083333333333333,True,2.21085437698639
0,40.93019362527004,1064,0,,0.4596194077712549,1.1382276920048753,astar,False,0,351679,0,15723,2036,0.6080849650024902,0,0.0,0.0474042069981806,0,5,5,B,5428,0.4666666666666667,True,3.2527007370008505
0,38.07486505549706,992,0,,0.4596194077712549,0.7624279910014593,astar,False,0,248019,0,27124,3527,0.3116934290010249,0,0.0,0.061089680006261915,0,5,5,B,5429,0.4166666666666667,True,2.1234869500040077
0,37.469686093441716,915,0,,0.4628714724413279,1.0048207830041065,astar,False,0,191105,0,29173,3656,0.10374931299884338,0,0.0,0.06365076299698558,0,4,4,B,5430,0.39166666666666666,True,2.4536411489971215
0,37.160563131887365,929,0,,0.4850257725111133,0.6612194420013111,astar,False,0,294970,0,64803,8119,0.34153916399372974,0,0.0,0.12704384400421986,0,5,5,B,5431,0.39166666666666666,True,2.1403418940026313
0,39.13744076062011,992,0,,0.4596194077712549,0.8516966340030194,astar,False,0,250285,0,5026,647,0.09702476100210333,0,0.0,0.019445108002400957,0,7,7,B,5432,0.425,True,3.403540002014779
0,38.014277710119615,939,0,,0.4596194077712549,0.7552474609983619,astar,False,0,97244,0,122348,15327,0.18619411699910415,0,0.0,0.19169492900255136,0,3,3,B,5433,0.375,True,1.5827607110040844
0,40.912915082414074,1069,0,,0.4596194077712549,0.9703674789998331,astar,False,0,306845,0,84434,10611,0.25109360100032063,0,0.0,0.15642499100067653,0,5,5,B,5434,0.425,True,2.9221040249976795
0,37.84417157500991,954,0,,0.4596194077712549,0.7076193970060558,astar,False,0,230722,0,148158,18581,0.38309418199787615,0,0.0,0.26708358000178123,0,5,5,B,5435,0.4666666666666667,True,2.6788274250066024
0,37.642941152585585,958,0,,0.46157339611377224,0.7021818529974553,astar,False,0,244562,0,22567,2884,0.2608526480034925,0,0.0,0.058136571002251,0,7,7,B,5436,0.35,True,2.1941094659850933
0,37.35304119785065,921,0,,0.4596194077712549,0.7013595259995782,astar,False,0,256246,0,4446,567,0.07876838999800384,0,0.0,0.0328157980038668,0,6,6,B,5437,0.43333333333333335,True,2.789119618006225
0,40.02844370362406,1010,0,,0.4596194077712549,1.1706635750015266,astar,False,0,251032,0,9251,1204,0.23425062799651641,0,0.0,0.0393382219990599,0,6,6,B,5438,0.4083333333333333,True,3.073493948999385
0,37.31267515904353,930,0,,0.4596194077712549,0.5905288979993202,astar,False,0,244516,0,51341,6453,0.4059491189982509,0,0.0,0.11999370100238593,0,6,6,B,5439,0.45,True,2.8263004640029976
0,38.14273866954546,943,0,,0.4596194077712549,0.48403137500281446,astar,False,0,185944,0,2659,339,0.10459668000112288,0,0.0,0.014381453998794314,0,6,6,B,5440,0.4083333333333333,True,1.9608010920055676
0,39.63725452588357,1002,0,,0.4769171835864189,0.7984883870012709,astar,False,0,255234,0,15291,1917,0.11406321999675129,0,0.0,0.049237213999731466,0,8,8,B,5441,0.4166666666666667,True,3.062643356999615
0,42.47481759876989,1100,0,,0.4596194077712549,1.01281151099829,astar,False,0,308802,0,69626,8751,0.19389809200220043,0,0.0,0.13798089799820445,0,7,7,B,5442,0.48333333333333334,True,4.440477768992423
0,39.30660675108105,975,0,,0.4596194077712549,0.5546309729979839,astar,False,0,209872,0,11095,1455,0.11819056900276337,0,0.0,0.027735866999137215,0,7,7,B,5443,0.4083333333333333,True,2.0120181160018547
0,37.40133245973951,925,0,,0.4850257725111133,0.8373761359980563,astar,False,0,225048,0,15286,1948,0.3915787290025037,0,0.0,0.035523851998732425,0,6,6,B,5444,0.43333333333333335,True,3.5303297430073144
0,37.22016953316047,931,0,,0.4596194077712549,1.0309953699979815,astar,False,0,236714,0,6860,870,0.2644084310013568,0,0.0,0.022854602000734303,0,6,6,B,5445,0.48333333333333334,True,3.464910364993557
0,37.0779959343056,918,0,,0.489948976935355,0.7519609539958765,astar,False,0,299953,0,52389,6555,0.2268676099993172,0,0.0,0.09210557999904267,0,6,6,B,5446,0.5083333333333333,True,3.217387343989685
0,38.63627890027591,965,0,,0.4596194077712549,0.9354861560059362,astar,False,0,274438,0,6066,768,0.12020784999913303,0,0.0,0.02688037599727977,0,6,6,B,5447,0.44166666666666665,True,2.2447000100073637
0,39.1081670078166,974,0,,0.4596194077712549,0.9410273930043331,astar,False,0,338792,0,3405,441,0.20770354400156066,0,0.0,0.04502029599825619,0,7,7,B,5448,0.43333333333333335,True,3.5195583709937637
0,43.97997729886217,1165,0,,0.4596194077712549,0.966001013002824,astar,False,0,308075,0,28852,3624,0.13875075199757703,0,0.0,0.07850516199687263,0,7,7,B,5449,0.55,True,3.9971738820022438
0,39.63754721166233,1019,0,,0.4628714724413279,0.7243826929989154,astar,False,0,177589,0,63703,7972,0.11316844900284195,0,0.0,0.11387670499971136,0,7,7,B,5450,0.4166666666666667,True,3.246583427004225
0,39.767455037537815,1001,0,,0.4596194077712549,1.5599977539968677,astar,False,0,300923,0,8190,1027,0.11165149500448024,0,0.0,0.0299530960037373,0,8,8,B,5451,0.43333333333333335,True,3.710160894996079
0,39.63096390225801,1006,0,,0.4596194077712549,0.7128480050014332,astar,False,0,266914,0,8977,1154,0.3063175960051012,0,0.0,0.04597706800268497,0,7,7,B,5452,0.4666666666666667,True,2.8742246800102293
0,38.72049863624921,1009,0,,0.4596194077712549,0.9473913299952983,astar,False,0,286539,0,3369,431,0.12292551699647447,0,0.0,0.023989535999135114,0,8,8,B,5453,0.425,True,2.9952223470027093
0,38.81315057086768,973,0,,0.4596194077712549,0.7186892410027212,astar,False,0,362210,0,7099,914,0.2344871049936046,0,0.0,0.03053907200228423,0,9,9,B,5454,0.5083333333333333,True,3.846029437998368
0,36.99325567502027,930,0,,0.481300322044355,0.5882961340030306,astar,False,0,213823,0,41152,5188,0.3600099579998641,0,0.0,0.07391630000347504,0,5,5,B,5455,0.475,True,2.157206573006988
0,39.23936636253556,1007,0,,0.4850257725111133,1.1096989780053264,astar,False,0,265196,0,18675,2383,0.48120159300015075,0,0.0,0.06185192900011316,0,6,6,B,5456,0.425,True,4.083939765005198
0,41.94905238187611,1087,0,,0.4596194077712549,1.4452257250013645,astar,False,0,260102,0,61619,7741,0.3996154279957409,0,0.0,0.12822469099774025,0,4,4,B,5457,0.45,True,2.5952027430103044
0,38.81482558911833,1002,0,,0.4596194077712549,0.7162407740033814,astar,False,0,236137,0,77706,9726,0.19743384300090838,0,0.0,0.13835192500118865,0,6,6,B,5458,0.4083333333333333,True,3.033692814009555
0,38.85550916205598,981,0,,0.4596194077712549,0.8416468220020761,astar,False,0,247895,0,5339,685,0.16295438900124282,0,0.0,0.020692118996521458,0,6,6,B,5459,0.44166666666666665,True,2.3361916090070736
0,38.39096270343431,946,0,,0.49239212016440975,0.9227525070018601,astar,False,0,218707,0,48365,6105,0.8252050750015769,0,0.0,0.09626444500463549,0,5,5,B,5460,0.39166666666666666,True,2.2889692810058477
0,38.36707477456766,983,0,,0.4628714724413279,0.6673109789990121,astar,False,0,207987,0,88788,11202,0.4898123279999709,0,0.0,0.14753659400594188,0,5,5,B,5461,0.425,True,2.4680868039940833
0,41.24681610933734,1108,0,,0.4596194077712549,0.7191003729967633,astar,False,0,233002,0,50431,6407,0.4878520929996739,0,0.0,0.07867241599888075,0,5,5,B,5462,0.45,True,2.05271143498976
0,38.74648960862336,983,0,,0.4628714724413279,0.6427748370042536,astar,False,0,178567,0,37516,4715,0.12636170799669344,0,0.0,0.06522783100081142,0,7,7,B,5463,0.4583333333333333,True,2.9195903969957726
0,39.30926597077979,969,0,,0.4596194077712549,0.6509275680000428,astar,False,0,212413,0,9682,1238,0.23291964699456003,0,0.0,0.03766095000173664,0,5,5,B,5464,0.36666666666666664,True,2.2593356760044117
0,37.7331385992819,951,0,,0.481300322044355,1.4159685839986196,astar,False,0,320146,0,11466,1459,0.5030537040001946,0,0.0,0.05384501800290309,0,4,4,B,5465,0.45,True,2.442994468998222
0,40.89508098846154,1063,0,,0.4596194077712549,1.1319860840012552,astar,False,0,329572,0,7862,996,0.06340681399888126,0,0.0,0.0305619700011448,0,7,7,B,5466,0.48333333333333334,True,4.080591250007274
0,37.0640248326817,915,0,,0.4596194077712549,0.8865854809992015,astar,False,0,293544,0,10221,1289,0.18017005499859806,0,0.0,0.033658375999948476,0,5,5,B,5467,0.5333333333333333,True,2.6326214510118007
0,41.636892227373586,1073,0,,0.4628714724413279,0.749938850000035,astar,False,0,217892,0,107604,13500,0.08519298600003822,0,0.0,0.18099412199808285,0,7,7,B,5468,0.45,True,2.7139004679920617
0,36.5625926083163,901,0,,0.4596194077712549,0.7068617249969975,astar,False,0,224416,0,9528,1248,0.09626025400211802,0,0.0,0.026641201999154873,0,4,4,B,5469,0.3333333333333333,True,1.603096631995868
0,39.30223024250743,1011,0,,0.4596194077712549,1.1159436050002114,astar,False,0,177264,0,116999,14631,0.09642328399786493,0,0.0,0.19480794700211845,0,6,6,B,5470,0.38333333333333336,True,3.3108316589932656
0,41.450594857938334,1087,0,,0.4596194077712549,0.9202678369983914,astar,False,0,281825,0,8928,1128,0.16508819699811283,0,0.0,0.04869689900078811,0,7,7,B,5471,0.425,True,2.8501013399945805
0,38.60295277333567,970,0,,0.4596194077712549,1.402376630998333,astar,False,0,322014,0,9072,1161,0.20443109900224954,0,0.0,0.05205712700262666,0,5,5,B,5472,0.4083333333333333,True,3.033339456007525
0,39.0821493438294,973,0,,0.49239212016440975,0.9300401719956426,astar,False,0,263293,0,50217,6346,0.23372676700091688,0,0.0,0.10524234100012109,0,5,5,B,5473,0.4666666666666667,True,2.688582763992599
0,38.82637691134762,947,0,,0.4596194077712549,0.4322502049981267,astar,False,0,193492,0,10410,1325,0.07948699600092368,0,0.0,0.025397740995686036,0,8,8,B,5474,0.38333333333333336,True,1.7433946620003553
0,40.31235940043353,1021,0,,0.4596194077712549,0.9349870899968664,astar,False,0,233768,0,13493,1721,0.1290117519965861,0,0.0,0.044176467999932356,0,7,7,B,5475,0.48333333333333334,True,3.527769846987212
0,36.960634641205495,922,0,,0.481300322044355,0.4662682380003389,astar,False,0,238325,0,7909,1019,0.08387184599996544,0,0.0,0.024356133995752316,0,7,7,B,5476,0.4083333333333333,True,2.0007163020127336
0,39.38572991614549,998,0,,0.4769171835864189,1.3133395219992963,astar,False,0,252676,0,95087,11980,0.13723821000166936,0,0.0,0.16243684400251368,0,5,5,B,5477,0.425,True,3.2984470810042694
0,38.52027380991389,940,0,,0.4850257725111133,0.8630203740030993,astar,False,0,252103,0,13292,1704,0.8305519269997603,0,0.0,0.03217945599317318,0,5,5,B,5478,0.43333333333333335,True,2.240784755005734
0,39.543862068850096,992,0,,0.4596194077712549,0.627400265999313,astar,False,0,131932,0,10851,1385,0.13903964099881705,0,0.0,0.03222001300309785,0,7,7,B,5479,0.325,True,2.143078370987496
0,37.06139013760587,898,0,,0.4596194077712549,0.5209998419959447,astar,False,0,159279,0,16663,2105,0.4604086959952838,0,0.0,0.049366841005394235,0,3,3,B,5480,0.4083333333333333,True,1.4683450640004594
0,43.34130158478858,1096,0,,0.4596194077712549,1.3479854350007372,astar,False,0,345968,0,6698,868,0.11728402299922891,0,0.0,0.031049725999764632,0,9,9,B,5481,0.48333333333333334,True,4.377475791974575
0,40.97058130610641,1079,0,,0.4596194077712549,1.4668189889998757,astar,False,0,279090,0,10966,1378,0.12646311199932825,0,0.0,0.033368745003826916,0,8,8,B,5482,0.4583333333333333,True,6.762966242007678
0,41.31236139076173,1114,0,,0.4596194077712549,0.7863502530017286,astar,False,0,307842,0,44836,5684,0.24545637499977602,0,0.0,0.09920794000208843,0,6,6,B,5483,0.44166666666666665,True,2.6370451629991294
0,37.982429976669074,980,0,,0.4596194077712549,1.0070637899989379,astar,False,0,245950,0,4854,640,0.19428137900104048,0,0.0,0.02005127799930051,0,7,7,B,5484,0.48333333333333334,True,2.85611682900344
0,39.153612355550415,973,0,,0.4596194077712549,0.9112853140031802,astar,False,0,263941,0,10304,1299,0.8602796389968717,0,0.0,0.05067577699810499,0,5,5,B,5485,0.45,True,2.0804086230054963
0,38.850736791266044,986,0,,0.4596194077712549,0.7972215760019026,astar,False,0,198691,0,12109,1564,0.21339572699798737,0,0.0,0.02756808999401983,0,6,6,B,5486,0.425,True,2.3785709279982257
0,38.7200031370776,983,0,,0.4596194077712549,0.7633718489960302,astar,False,0,291103,0,3112,395,0.37039255000127014,0,0.0,0.023675700998865068,0,7,7,B,5487,0.4,True,3.4236582689918578
0,39.893299631308814,1017,0,,0.4596194077712549,0.7005318550000084,astar,False,0,271089,0,59014,7528,0.40177999300067313,0,0.0,0.11423811099666636,0,6,6,B,5488,0.4,True,2.276036531999125
0,39.745121611862906,989,0,,0.4596194077712549,1.2528542290019686,astar,False,0,343302,0,10518,1360,0.2331494219979504,0,0.0,0.03514379300031578,0,7,7,B,5489,0.425,True,2.8208527859969763
0,41.75389419158368,1107,0,,0.4596194077712549,0.8465472049938398,astar,False,0,315509,0,5809,731,0.20089708299929043,0,0.0,0.028595629999472294,0,9,9,B,5490,0.48333333333333334,True,4.4095089479887974
0,36.49827093667827,893,0,,0.4596194077712549,0.47547141300310614,astar,False,0,161960,0,9778,1246,0.1230054760017083,0,0.0,0.028118014997744467,0,6,6,B,5491,0.3416666666666667,True,1.2970831170023303
0,39.93072328434971,1006,0,,0.46738634982207333,0.9876476229983382,astar,False,0,204499,0,203243,25485,0.6507969990052516,0,0.0,0.32863707600336056,0,5,5,B,5492,0.4166666666666667,True,2.2125302060012473
0,39.19943025685293,1001,0,,0.4596194077712549,0.931791962000716,astar,False,0,279711,0,8720,1126,0.18360854600177845,0,0.0,0.030630015004135203,0,8,8,B,5493,0.45,True,4.042466642997169
0,42.828846229780694,1158,0,,0.4596194077712549,0.86654383399582,astar,False,0,326123,0,46878,6050,0.5441159849942778,0,0.0,0.10136600699479459,0,8,8,B,5494,0.48333333333333334,True,4.714275810001709
0,39.4124712538114,1017,0,,0.4596194077712549,0.8062523280023015,astar,False,0,320695,0,3588,458,0.1600120680013788,0,0.0,0.026295593997929245,0,6,6,B,5495,0.55,True,3.523943653999595
0,38.0144224371568,946,0,,0.4628714724413279,1.040718732001551,astar,False,0,277137,0,36786,4668,0.4870143829975859,0,0.0,0.08991145500476705,0,6,6,B,5496,0.4083333333333333,True,3.884595777002687
0,37.94578858659328,934,0,,0.4596194077712549,0.8439615909956046,astar,False,0,270916,0,32416,4076,0.2717636430024868,0,0.0,0.08218796000437578,0,4,4,B,5497,0.4166666666666667,True,2.528900760997203
0,41.647024595474406,1102,0,,0.4887228253314979,0.9795304549988941,astar,False,0,327438,0,6241,800,0.11020693599857623,0,0.0,0.009421426999324467,0,6,6,B,5498,0.5083333333333333,True,3.5879428639964317
0,39.49430675959253,1004,0,,0.4596194077712549,0.5653471619953052,astar,False,0,256120,0,107300,13498,0.37520029900042573,0,0.0,0.1849044140035403,0,5,5,B,5499,0.43333333333333335,True,2.301319407983101
0,39.17682054625705,978,0,,0.4596194077712549,1.1519482519943267,astar,False,0,281267,0,6161,775,0.18079483000474283,0,0.0,0.02709311900252942,0,5,5,C,5000,0.4161490683229814,True,3.211623488990881
0,42.37972410080109,1115,0,,0.4596194077712549,1.4719617670052685,astar,False,0,308887,0,4085,512,0.2642284550020122,0,0.0,0.02825317400129279,0,8,8,C,5001,0.4968944099378882,True,5.02311529799772
0,38.19871985306528,979,0,,0.46738634982207333,0.8146600459949696,astar,False,0,239450,0,9822,1240,0.12595006199990166,0,0.0,0.029405594999843743,0,6,6,C,5002,0.43478260869565216,True,2.831969622988254
0,41.175151418122844,1081,0,,0.4596194077712549,0.7400655709934654,astar,False,0,322626,0,38110,4843,0.39733780499955174,0,0.0,0.0876958110020496,0,9,9,C,5003,0.4720496894409938,True,3.0141235499904724
0,39.80508243861244,1010,0,,0.4596194077712549,1.0108541130030062,astar,False,0,222784,0,5921,758,0.3925351040015812,0,0.0,0.019845021997753065,0,6,6,C,5004,0.37888198757763975,True,3.2911167119964375
0,43.101024113594335,1135,0,,0.4596194077712549,0.8413470960003906,astar,False,0,270969,0,7919,1010,0.11353216600400629,0,0.0,0.02818869299517246,0,7,7,C,5005,0.484472049689441,True,3.6807793240077444
0,38.30734688261635,983,0,,0.47502631506054627,0.7163014960024157,astar,False,0,363494,0,11380,1496,0.19866524600365665,0,0.0,0.03726609199657105,0,7,7,C,5006,0.4472049689440994,True,3.0872216380157624
0,39.1929896063863,972,0,,0.4596194077712549,0.9396594819991151,astar,False,0,239725,0,7305,940,0.19547727999452036,0,0.0,0.009862310995231383,0,5,5,C,5007,0.3416149068322981,True,3.1810552519891644
0,40.51162688350993,1051,0,,0.49239212016440975,1.0410819859971525,astar,False,0,319563,0,120336,15108,0.3462249990043347,0,0.0,0.21559833400533535,0,5,5,C,5008,0.4161490683229814,True,2.929133142992214
0,38.43638444468872,949,0,,0.481300322044355,0.7661910980023094,astar,False,0,301212,0,13844,1748,0.3090750189949176,0,0.0,0.03793938400485786,0,6,6,C,5009,0.40993788819875776,True,2.776546553002845
0,48.940459284662815,1343,0,,0.4628714724413279,1.8797581870021531,astar,False,0,267625,0,72887,9147,0.1408850679945317,0,0.0,0.13575693999882787,0,9,9,C,5010,0.515527950310559,True,7.923267543010297
0,38.756893914722426,976,0,,0.4596194077712549,1.0316698950045975,astar,False,0,241469,0,78261,9847,0.3002496670014807,0,0.0,0.14078447000065353,0,5,5,C,5011,0.43478260869565216,True,2.2255182470107684
0,38.954780578802975,1042,0,,0.4596194077712549,0.774399945003097,astar,False,0,287615,0,21978,2835,0.5511869469992234,0,0.0,0.04878272100177128,0,6,6,C,5012,0.39751552795031053,True,2.6533122719993116
0,43.05776752119785,1134,0,,0.4596194077712549,0.8278475859988248,astar,False,0,324513,0,7589,998,0.28125002900196705,0,0.0,0.029702842999540735,0,8,8,C,5013,0.45962732919254656,True,4.2425459869918996
0,36.9790442532631,918,0,,0.4596194077712549,1.021362326995586,astar,False,0,297137,0,95385,11978,0.3669215069967322,0,0.0,0.17585731799772475,0,5,5,C,5014,0.422360248447205,True,2.428914463998808
0,39.46803708926727,984,0,,0.481300322044355,0.7946090089972131,astar,False,0,186050,0,144328,18147,0.5513056139971013,0,0.0,0.23899239300226327,0,4,4,C,5015,0.35403726708074534,True,1.8089332910021767
0,38.08879527815611,961,0,,0.4596194077712549,0.7545843659972888,astar,False,0,197921,0,152687,19133,0.1692114700053935,0,0.0,0.2429165909998119,0,5,5,C,5016,0.40372670807453415,True,2.2591725759921246
0,41.53148851827092,1093,0,,0.4596194077712549,1.6357659489949583,astar,False,0,297838,0,5357,685,0.13134713700128486,0,0.0,0.026507046997721773,0,7,7,C,5017,0.5217391304347826,True,4.297211180994054
0,38.40170096336693,956,0,,0.4596194077712549,0.5325060310060508,astar,False,0,215126,0,54434,6873,0.4451280920038698,0,0.0,0.08614587200281676,0,4,4,C,5018,0.3416149068322981,True,1.426551955002651
0,38.348806758441825,975,0,,0.4596194077712549,0.7770898610033328,astar,False,0,355375,0,8774,1115,0.1398441310011549,0,0.0,0.032981939999444876,0,7,7,C,5019,0.42857142857142855,True,3.7534325100059505
0,38.47131852802754,942,0,,0.4596194077712549,0.4871670369975618,astar,False,0,154814,0,8353,1062,0.10425362399837468,0,0.0,0.020453252000152133,0,6,6,C,5020,0.36645962732919257,True,1.7632001039892202
0,39.94478471083348,1020,0,,0.4850257725111133,0.48517408600309864,astar,False,0,246633,0,17989,2379,0.3687272139941342,0,0.0,0.04907489200559212,0,7,7,C,5021,0.45962732919254656,True,2.147437263993197
0,38.98278881636776,971,0,,0.4596194077712549,0.4083992390005733,astar,False,0,203226,0,4753,597,0.0898925009969389,0,0.0,0.017868273993371986,0,8,8,C,5022,0.4658385093167702,True,1.938427496002987
0,40.164078403229645,1019,0,,0.4596194077712549,1.0521980220000842,astar,False,0,353903,0,27040,3468,0.2659597199963173,0,0.0,0.07829846299864585,0,7,7,C,5023,0.4906832298136646,True,4.714173651002056
0,41.68021841404487,1099,0,,0.49239212016440975,0.8250497420012834,astar,False,0,300919,0,61752,7732,0.18561909799609566,0,0.0,0.10431321000214666,0,9,9,C,5024,0.4782608695652174,True,3.9994326539963367
0,36.78009180160601,922,0,,0.4596194077712549,1.0251295890047913,astar,False,0,319082,0,3326,427,0.301904268002545,0,0.0,0.024154747996362858,0,6,6,C,5025,0.45962732919254656,True,3.1247890360100428
0,41.37389163630594,1081,0,,0.4596194077712549,1.3646953889983706,astar,False,0,318719,0,9790,1242,0.15017798299959395,0,0.0,0.033086656003433745,0,7,7,C,5026,0.4720496894409938,True,4.66331420600909
0,47.7765679157004,1326,0,,0.47502631506054627,1.8555532099999255,astar,False,0,280760,0,41619,5238,0.5163817339998786,0,0.0,0.11784150700259488,0,7,7,C,5027,0.391304347826087,True,6.691809413001465
0,38.23769659162296,1000,0,,0.4596194077712549,0.8144256309969933,astar,False,0,331361,0,14815,1886,0.17358841199893504,0,0.0,0.060910450003575534,0,7,7,C,5028,0.34782608695652173,True,2.5763981500131194
0,39.688249875177966,1001,0,,0.4628714724413279,1.3386346719998983,astar,False,0,323420,0,31941,4079,0.5016765779946581,0,0.0,0.08406618300068658,0,6,6,C,5029,0.4720496894409938,True,3.5364543500036234
0,38.73905065605544,945,0,,0.4596194077712549,0.7029731049988186,astar,False,0,222779,0,73854,9257,0.14228955900034634,0,0.0,0.1448020030002226,0,6,6,C,5030,0.422360248447205,True,2.146081841994601
0,41.34262326316355,1060,0,,0.4596194077712549,0.8405050869987463,astar,False,0,310932,0,4191,536,0.2523763049975969,0,0.0,0.04407196999818552,0,7,7,C,5031,0.43478260869565216,True,3.0691228179930476
0,38.487486485724574,960,0,,0.4596194077712549,0.9820842180051841,astar,False,0,290683,0,11540,1495,0.22985104100371245,0,0.0,0.05253413299942622,0,7,7,C,5032,0.40372670807453415,True,3.6528068560073734
0,40.71595786840867,1103,0,,0.4596194077712549,1.070960927005217,astar,False,0,294124,0,10094,1288,0.30232204999629175,0,0.0,0.033670137003355194,0,5,5,C,5033,0.4472049689440994,True,3.135820212010003
0,38.92221084878017,974,0,,0.4596194077712549,0.5858274119964335,astar,False,0,291635,0,5125,653,0.3077158060041256,0,0.0,0.026361313000961673,0,8,8,C,5034,0.42857142857142855,True,2.5367883809885825
0,38.12787733478198,969,0,,0.4596194077712549,0.762029060999339,astar,False,0,309848,0,18655,2368,0.1341486229939619,0,0.0,0.04399480199936079,0,7,7,C,5035,0.42857142857142855,True,2.8162509619796765
0,40.37729208200257,1083,0,,0.489948976935355,0.6402686049987096,astar,False,0,345595,0,64271,8257,0.3654354690006585,0,0.0,0.13237782600481296,0,8,8,C,5036,0.4658385093167702,True,3.8576053790020524
0,39.66389979433358,1012,0,,0.4596194077712549,0.8881385430067894,astar,False,0,285291,0,16435,2137,0.4364056790000177,0,0.0,0.06369267300033243,0,8,8,C,5037,0.4720496894409938,True,4.620255139008805
0,39.25588114089107,1019,0,,0.4850257725111133,0.8944899369962513,astar,False,0,233906,0,114377,14331,0.3289952679988346,0,0.0,0.19154335499479203,0,7,7,C,5038,0.4658385093167702,True,3.130987994998577
0,40.97463296669878,1070,0,,0.47502631506054627,0.6088013959961245,astar,False,0,260166,0,6320,818,0.12880869299988262,0,0.0,0.008857093002006877,0,9,9,C,5039,0.45962732919254656,True,3.279901144982432
0,39.64512148076809,1012,0,,0.4596194077712549,0.9538512329963851,astar,False,0,340789,0,13280,1716,0.14221234500291757,0,0.0,0.03807791400322458,0,8,8,C,5040,0.43478260869565216,True,3.265737244000775
0,39.16285461287373,968,0,,0.4596194077712549,0.6314784830028657,astar,False,0,209208,0,7155,897,0.08744365500024287,0,0.0,0.03218994400231168,0,6,6,C,5041,0.35403726708074534,True,1.7173796810093336
0,41.402035489932516,1067,0,,0.4596194077712549,0.7613348239974584,astar,False,0,235726,0,69680,8737,0.2280987889971584,0,0.0,0.15485982799873454,0,7,7,C,5042,0.4161490683229814,True,2.8795751389916404
0,37.82242889773185,973,0,,0.4596194077712549,0.7990698139983579,astar,False,0,265935,0,113353,14221,0.43180825099989306,0,0.0,0.22577113700390328,0,6,6,C,5043,0.40993788819875776,True,2.899854168994352
0,39.33984892418407,1022,0,,0.4596194077712549,0.4897627679965808,astar,False,0,231291,0,10478,1336,0.0814578160061501,0,0.0,0.026343108002038207,0,9,9,C,5044,0.45962732919254656,True,2.5504878090068814
0,42.342495973111866,1090,0,,0.4596194077712549,1.5851840959949186,astar,False,0,275717,0,115548,14504,0.227008100002422,0,0.0,0.20938758699776372,0,6,6,C,5045,0.40993788819875776,True,4.041383355994185
0,38.40506330705016,946,0,,0.4596194077712549,0.5375270169970463,astar,False,0,229527,0,7649,976,0.0660852490036632,0,0.0,0.022600423006224446,0,7,7,C,5046,0.40993788819875776,True,2.300127305003116
0,39.54806511435795,988,0,,0.4596194077712549,0.948106949996145,astar,False,0,280563,0,8494,1084,0.23604703700402752,0,0.0,0.030201207999198232,0,6,6,C,5047,0.422360248447205,True,3.3383026130031794
0,38.72229060010107,988,0,,0.481300322044355,0.9164698029999272,astar,False,0,331041,0,39181,4967,0.8185070959953009,0,0.0,0.09683405899704667,0,6,6,C,5048,0.453416149068323,True,3.8056535810028436
0,40.93879389484957,1037,0,,0.4596194077712549,0.8705984350017388,astar,False,0,265522,0,6805,866,0.09924069400585722,0,0.0,0.00990405899938196,0,8,8,C,5049,0.453416149068323,True,2.471160972992948
0,37.69358180279295,932,0,,0.4596194077712549,0.6222963010004605,astar,False,0,259631,0,11538,1470,0.5923006259981776,0,0.0,0.029741619000560604,0,5,5,C,5050,0.38509316770186336,True,2.002754764012934
0,38.51793382672169,954,0,,0.4596194077712549,0.7102811400036444,astar,False,0,208010,0,29022,3693,0.127679650002392,0,0.0,0.06628347199875861,0,5,5,C,5051,0.38509316770186336,True,2.274272390997794
0,36.53679961520591,904,0,,0.481300322044355,0.8867603649996454,astar,False,0,341853,0,10153,1285,0.3322936190015753,0,0.0,0.03431341499526752,0,6,6,C,5052,0.4968944099378882,True,3.334903848997783
0,40.90769719326752,1065,0,,0.4596194077712549,0.58976997800346,astar,False,0,225488,0,40186,5230,0.392087853004341,0,0.0,0.07812428000033833,0,5,5,C,5053,0.4161490683229814,True,1.866131620015949
0,38.184674798514436,954,0,,0.4596194077712549,0.6151152550010011,astar,False,0,271648,0,10248,1305,0.12241363999783061,0,0.0,0.03265478899993468,0,7,7,C,5054,0.4472049689440994,True,2.26635983199958
0,37.85357315136134,937,0,,0.4596194077712549,0.6672830210009124,astar,False,0,198895,0,6686,853,0.08054143899789779,0,0.0,0.021581712004262954,0,8,8,C,5055,0.43478260869565216,True,2.7755031670094468
0,39.83363559854087,1022,0,,0.481300322044355,0.3791553990013199,astar,False,0,193519,0,4012,515,0.07847233900247375,0,0.0,0.005935468005191069,0,8,8,C,5056,0.36024844720496896,True,1.8368539720104309
0,41.12525265064024,1052,0,,0.4596194077712549,1.197601912994287,astar,False,0,258392,0,9111,1151,0.23681150499760406,0,0.0,0.02621882700623246,0,6,6,C,5057,0.4720496894409938,True,3.5887748829918564
0,39.84996610873308,1019,0,,0.4596194077712549,0.7527049790005549,astar,False,0,325534,0,14247,1855,0.18703798599744914,0,0.0,0.03972001199872466,0,8,8,C,5058,0.4720496894409938,True,3.192160733997298
0,38.44051953527887,989,0,,0.4756574397610127,0.6924612860020716,astar,False,0,318926,0,23874,3081,0.33515608699963195,0,0.0,0.06809003099624533,0,7,7,C,5059,0.40993788819875776,True,3.169692747978843
0,39.078662536455,983,0,,0.49239212016440975,1.0811508949991548,astar,False,0,268158,0,21110,2660,0.43607923699892126,0,0.0,0.0859379710018402,0,4,4,C,5060,0.4782608695652174,True,2.1887593639912666
0,37.64077888426829,941,0,,0.4596194077712549,0.9121419860020978,astar,False,0,257727,0,7083,902,0.1282864359964151,0,0.0,0.02395340100338217,0,6,6,C,5061,0.4161490683229814,True,2.945579106999503
0,39.37250807517061,1011,0,,0.4850257725111133,1.0408934000006411,astar,False,0,331078,0,40091,5087,0.18930788999568904,0,0.0,0.09462664699822199,0,6,6,C,5062,0.4658385093167702,True,3.312161373993149
0,41.107782184611516,1070,0,,0.4596194077712549,0.9948146130045643,astar,False,0,265352,0,39089,4902,0.13201010799821233,0,0.0,0.0729288180009462,0,6,6,C,5063,0.391304347826087,True,3.477809704010724
0,38.22891826402871,953,0,,0.4596194077712549,0.7276372479973361,astar,False,0,285516,0,11077,1395,0.06866249899758259,0,0.0,0.033167940004204866,0,7,7,C,5064,0.391304347826087,True,3.0515396390037495
0,37.07734220857372,908,0,,0.4596194077712549,0.7684942890045932,astar,False,0,257882,0,8647,1108,0.14575024599616881,0,0.0,0.026266193999617826,0,5,5,C,5065,0.39751552795031053,True,2.4629724740079837
0,38.03405509948082,960,0,,0.4596194077712549,0.8194016240013298,astar,False,0,304589,0,12132,1538,0.26951091500086477,0,0.0,0.05398627200338524,0,7,7,C,5066,0.39751552795031053,True,2.858451417996548
0,36.16512599971808,902,0,,0.4596194077712549,0.45902737400319893,astar,False,0,174872,0,50680,6411,0.3304590150000877,0,0.0,0.1035408620009548,0,5,5,C,5067,0.4161490683229814,True,1.6343901450018166
0,38.51372261901679,969,0,,0.4596194077712549,0.5494059740012744,astar,False,0,295920,0,10483,1339,0.193822569999611,0,0.0,0.03747312600171426,0,7,7,C,5068,0.4409937888198758,True,2.495876313005283
0,39.8450005170942,1014,0,,0.4596194077712549,1.4479996789959841,astar,False,0,301209,0,9114,1169,0.28511307099688565,0,0.0,0.030342669000674505,0,6,6,C,5069,0.40372670807453415,True,4.590642781993665
0,39.23349433114826,976,0,,0.4596194077712549,0.7086954759943183,astar,False,0,240115,0,20850,2652,0.39836391999415355,0,0.0,0.05546252499334514,0,6,6,C,5070,0.4658385093167702,True,2.372736763987632
0,44.75023537470736,1170,0,,0.47502631506054627,1.0219884809994255,astar,False,0,323420,0,5504,705,0.27759700200113,0,0.0,0.027067793998867273,0,8,8,C,5071,0.515527950310559,True,3.8865069929961464
0,37.57053542565924,979,0,,0.4596194077712549,0.6081627479943563,astar,False,0,223720,0,25019,3197,0.2654824390046997,0,0.0,0.0575935790038784,0,7,7,C,5072,0.4409937888198758,True,2.0103936869782046
0,40.81272223294948,1052,0,,0.49239212016440975,1.124903837000602,astar,False,0,333058,0,95172,12020,0.9503917250040104,0,0.0,0.17222165699786274,0,5,5,C,5073,0.422360248447205,True,2.8800942130037583
0,41.81877370904481,1126,0,,0.4628714724413279,1.1472678869977244,astar,False,0,278477,0,21471,2740,0.5823998399937409,0,0.0,0.06577036700036842,0,5,5,C,5074,0.422360248447205,True,4.229132809996372
0,40.12749014641932,1028,0,,0.4596194077712549,0.7203194179965067,astar,False,0,195293,0,125808,15860,0.42910738100181334,0,0.0,0.20140283100045053,0,6,6,C,5075,0.4472049689440994,True,2.4171758190059336
0,42.83968005999827,1155,0,,0.481300322044355,1.1912040389943286,astar,False,0,311286,0,6459,812,0.12425777400494553,0,0.0,0.027756750998378266,0,7,7,C,5076,0.4906832298136646,True,3.3263672169996426
0,37.9080311985517,937,0,,0.4596194077712549,0.8448549379972974,astar,False,0,357700,0,7313,930,0.4257111769984476,0,0.0,0.030157256995153148,0,6,6,C,5077,0.4161490683229814,True,3.329138316999888
0,39.47351697003968,1026,0,,0.4596194077712549,1.2821432060009101,astar,False,0,340939,0,10826,1372,0.22287346499797422,0,0.0,0.03477272299642209,0,7,7,C,5078,0.40993788819875776,True,4.951968749985099
0,39.422722201036,1014,0,,0.4596194077712549,0.6264631439989898,astar,False,0,222992,0,2338,301,0.10161430999869481,0,0.0,0.016141320003953297,0,8,8,C,5079,0.45962732919254656,True,2.7367682440017234
0,39.600196257304674,997,0,,0.4596194077712549,0.8639517889969284,astar,False,0,334561,0,11747,1516,0.21184852100122953,0,0.0,0.035587382000812795,0,8,8,C,5080,0.37267080745341613,True,3.782148814003449
0,38.41169957637929,989,0,,0.4596194077712549,1.0052815500021097,astar,False,0,298210,0,19578,2471,0.12879264700313797,0,0.0,0.06373820500448346,0,6,6,C,5081,0.37267080745341613,True,3.1442032450067927
0,37.77023652392877,936,0,,0.4596194077712549,0.7111593470035587,astar,False,0,278132,0,11996,1530,0.12759719099994982,0,0.0,0.054901165996852797,0,6,6,C,5082,0.391304347826087,True,2.7342110329991556
0,40.19117136913739,1051,0,,0.4596194077712549,1.075541106001765,astar,False,0,306390,0,13546,1746,0.13471101299364818,0,0.0,0.03683327000180725,0,7,7,C,5083,0.42857142857142855,True,4.414049740000337
0,38.55633795839765,982,0,,0.4596194077712549,0.7110315799945965,astar,False,0,321594,0,20946,2696,0.3529540419986006,0,0.0,0.06680833800055552,0,7,7,C,5084,0.4720496894409938,True,3.266646897995088
0,41.82438787593092,1112,0,,0.4628714724413279,1.1524697349959752,astar,False,0,261227,0,33799,4256,0.13716127200314077,0,0.0,0.07295930599502753,0,6,6,C,5085,0.42857142857142855,True,3.8444983119916287
0,40.94486701092467,1049,0,,0.4966387016735619,0.6966394490009407,astar,False,0,341680,0,6687,858,0.28556002199911745,0,0.0,0.02939706799952546,0,8,8,C,5086,0.4968944099378882,True,3.2907450090060593
0,40.785592232522156,1054,0,,0.4628714724413279,0.6137086019953131,astar,False,0,263853,0,14527,1831,0.39113915499910945,0,0.0,0.05825654300133465,0,7,7,C,5087,0.40993788819875776,True,2.955802270997083
0,41.101157948958246,1048,0,,0.4596194077712549,0.7590851999993902,astar,False,0,272976,0,4819,612,0.2154509589963709,0,0.0,0.024326740996912122,0,8,8,C,5088,0.40993788819875776,True,3.8704314819988213
0,40.489582806338404,1023,0,,0.46157339611377224,0.9107325389995822,astar,False,0,285509,0,14138,1781,0.13316539500374347,0,0.0,0.05502079000143567,0,8,8,C,5089,0.422360248447205,True,2.852517850995355
0,40.317581717095734,1019,0,,0.481300322044355,0.9639702339991345,astar,False,0,339399,0,11779,1483,0.17932496000139508,0,0.0,0.035768055997323245,0,7,7,C,5090,0.40993788819875776,True,3.6692433070056722
0,43.75096519183079,1163,0,,0.47502631506054627,1.6687691719998838,astar,False,0,320501,0,9554,1225,0.11649282400321681,0,0.0,0.03224833200511057,0,8,8,C,5091,0.4782608695652174,True,5.273509020997153
0,39.44168663130234,989,0,,0.4850257725111133,0.6321371030062437,astar,False,0,265428,0,72957,9210,0.3377870170006645,0,0.0,0.1503287539962912,0,6,6,C,5092,0.391304347826087,True,2.00747165701614
0,40.499011817592105,1029,0,,0.4596194077712549,1.1099689260008745,astar,False,0,330535,0,7281,929,0.12161337399447802,0,0.0,0.03175475700118113,0,7,7,C,5093,0.4658385093167702,True,4.518110028002411
0,38.57520994713606,974,0,,0.4596194077712549,0.9002373839975917,astar,False,0,317265,0,1444,184,0.10121857600461226,0,0.0,0.02134369299892569,0,8,8,C,5094,0.422360248447205,True,3.254372863993922
0,43.744317909567904,1137,0,,0.481300322044355,1.5681082450028043,astar,False,0,288381,0,40982,5218,0.34755820599821163,0,0.0,0.10446501200203784,0,3,3,C,5095,0.38509316770186336,True,2.9351871690014377
0,39.98346471506705,1050,0,,0.4596194077712549,0.9085532989993226,astar,False,0,345909,0,15857,2025,0.46072693099995377,0,0.0,0.06840924800053472,0,8,8,C,5096,0.5093167701863354,True,4.9383745639934205
0,43.89835908212405,1125,0,,0.4628714724413279,1.8964799749956,astar,False,0,367301,0,91327,11457,0.25460405700141564,0,0.0,0.18075547799526248,0,6,6,C,5097,0.5341614906832298,True,4.770656515000155
0,37.297134052621246,935,0,,0.4596194077712549,0.8574236489948817,astar,False,0,303001,0,6704,864,0.6464943489991128,0,0.0,0.02909527799783973,0,6,6,C,5098,0.43478260869565216,True,3.228678064981068
0,40.2905084781371,1021,0,,0.4596194077712549,1.217081839000457,astar,False,0,280878,0,27394,3457,0.13971328399929916,0,0.0,0.08137715900375042,0,7,7,C,5099,0.5279503105590062,True,4.8285721440042835
0,36.04822032159694,873,0,,0.4596194077712549,0.9008245610020822,astar,False,0,346007,0,5605,724,0.2097397540055681,0,0.0,0.02828703999693971,0,6,6,C,5100,0.4472049689440994,True,2.5464722239994444
0,39.368254654979395,1004,0,,0.4596194077712549,0.835018054000102,astar,False,0,253264,0,5448,684,0.22319257199706044,0,0.0,0.020962912996765226,0,8,8,C,5101,0.4782608695652174,True,3.8661959540113457
0,38.363311428839836,976,0,,0.4596194077712549,1.2226998940022895,astar,False,0,210151,0,34727,4395,0.19228497299627634,0,0.0,0.07450466600130312,0,7,7,C,5102,0.36645962732919257,True,4.428411918997881
0,42.16708188306426,1116,0,,0.4596194077712549,0.8145825510000577,astar,False,0,278456,0,7852,1005,0.13006475199654233,0,0.0,0.0285134720033966,0,9,9,C,5103,0.453416149068323,True,4.2111871679953765
0,38.375052200065696,996,0,,0.4596194077712549,0.912827660999028,astar,False,0,246756,0,25560,3323,0.7389497449985356,0,0.0,0.04693252200377174,0,6,6,C,5104,0.36645962732919257,True,3.349333990001469
0,38.94223421904273,989,0,,0.49239212016440975,0.8059953570045764,astar,False,0,275720,0,85656,10755,0.5531154179989244,0,0.0,0.19310725400282536,0,7,7,C,5105,0.4720496894409938,True,3.620943025998713
0,41.90884075802184,1099,0,,0.4596194077712549,1.271701285004383,astar,False,0,263260,0,15777,2047,0.17404953700315673,0,0.0,0.03822334799770033,0,5,5,C,5106,0.37888198757763975,True,3.189121358002012
0,42.158627442515666,1099,0,,0.4596194077712549,1.2243730469999718,astar,False,0,257707,0,4549,586,0.13964389000466326,0,0.0,0.0066148580008302815,0,9,9,C,5107,0.5217391304347826,True,5.384592178015737
0,38.91159874534104,960,0,,0.4596194077712549,0.6335671429987997,astar,False,0,250110,0,7325,958,0.21030612899630796,0,0.0,0.0234094740008004,0,6,6,C,5108,0.30434782608695654,True,2.1588426050002454
0,39.09896848366727,1004,0,,0.4596194077712549,0.8910476000019116,astar,False,0,303431,0,11895,1506,0.2308836589945713,0,0.0,0.035289409999677446,0,7,7,C,5109,0.4658385093167702,True,3.9035654090039316
0,35.95251578021339,886,0,,0.4596194077712549,1.0304621429968392,astar,False,0,319656,0,8298,1043,0.2597465770013514,0,0.0,0.03171192099398468,0,5,5,C,5110,0.39751552795031053,True,2.6153580259997398
0,43.08452834172601,1151,0,,0.4596194077712549,1.0094479439940187,astar,False,0,327652,0,35833,4641,0.23246678199939197,0,0.0,0.0908869999984745,0,7,7,C,5111,0.4161490683229814,True,3.601309853991552
0,39.11856033336054,995,0,,0.46157339611377224,0.8393815280069248,astar,False,0,205058,0,115208,14437,0.19304197699966608,0,0.0,0.2170777720020851,0,7,7,C,5112,0.37888198757763975,True,3.2490101650109864
0,39.82146441819135,991,0,,0.4596194077712549,0.8449038559992914,astar,False,0,260455,0,6946,873,0.284744305005006,0,0.0,0.037764864006021526,0,7,7,C,5113,0.4968944099378882,True,2.687916511997173
0,41.01187947637676,1059,0,,0.4596194077712549,1.352808424999239,astar,False,0,355607,0,6477,813,0.11923647200455889,0,0.0,0.030449976002273615,0,8,8,C,5114,0.39751552795031053,True,3.7554320670096786
0,36.48305085092503,901,0,,0.4628714724413279,0.5996038430021144,astar,False,0,191127,0,74165,9350,0.28458808900177246,0,0.0,0.13370504699560115,0,5,5,C,5115,0.4658385093167702,True,1.9475893850176362
0,38.456470096908404,977,0,,0.4596194077712549,0.6679121920024045,astar,False,0,286499,0,7341,952,0.2077229390051798,0,0.0,0.010268941005051602,0,7,7,C,5116,0.4472049689440994,True,3.1902752130044973
0,38.107218759454724,964,0,,0.4596194077712549,0.8567762269958621,astar,False,0,307536,0,6566,856,0.16558109999459703,0,0.0,0.01097701900289394,0,7,7,C,5117,0.4472049689440994,True,2.8328772859895253
0,39.07119448016495,1012,0,,0.4769171835864189,1.2313798699979088,astar,False,0,282460,0,38352,4853,0.3615880869983812,0,0.0,0.09676432400010526,0,7,7,C,5118,0.453416149068323,True,3.9792796280089533
0,39.18557122441935,985,0,,0.4596194077712549,0.6767694820009638,astar,False,0,334825,0,11268,1437,0.39533353600563714,0,0.0,0.0554060459980974,0,7,7,C,5119,0.4472049689440994,True,3.177954013008275
0,39.21410033891652,1026,0,,0.4596194077712549,0.8259129780053627,astar,False,0,298265,0,10151,1281,0.1020154710058705,0,0.0,0.03347392599971499,0,7,7,C,5120,0.453416149068323,True,3.139380931017513
0,39.20219522647819,1008,0,,0.4596194077712549,0.9145102520051296,astar,False,0,294882,0,25889,3283,0.25511465299496194,0,0.0,0.07980336499895202,0,7,7,C,5121,0.4720496894409938,True,3.6479476840104326
0,39.31464788123663,980,0,,0.4596194077712549,0.4876416170009179,astar,False,0,238686,0,9074,1160,0.07941153799765743,0,0.0,0.026297873999283183,0,7,7,C,5122,0.40993788819875776,True,2.099086191999959
0,42.079506256778664,1083,0,,0.4628714724413279,1.3588750689959852,astar,False,0,285436,0,17990,2284,0.21782083500147564,0,0.0,0.043250912000075914,0,8,8,C,5123,0.5590062111801242,True,5.861071837993222
0,37.78301817736358,939,0,,0.4628714724413279,0.9909394229980535,astar,False,0,331563,0,42322,5354,0.8821640640016994,0,0.0,0.10741056100232527,0,6,6,C,5124,0.40372670807453415,True,3.2405030929949135
0,37.30581136426316,914,0,,0.481300322044355,0.9328063180000754,astar,False,0,290896,0,10577,1345,0.1222524760014494,0,0.0,0.032390634005423635,0,7,7,C,5125,0.4409937888198758,True,2.8117766629948164
0,42.33424173400222,1084,0,,0.4596194077712549,0.7014740949962288,astar,False,0,206317,0,3948,506,0.12007720099791186,0,0.0,0.017761720999260433,0,7,7,C,5126,0.35403726708074534,True,3.0246710240098764
0,38.70051439874601,985,0,,0.4596194077712549,0.6561571220008773,astar,False,0,315168,0,67552,8648,0.28739456000039354,0,0.0,0.14003865099948598,0,7,7,C,5127,0.4658385093167702,True,3.345370373011974
0,36.930006784206284,918,0,,0.46157339611377224,0.5845408009990933,astar,False,0,235860,0,9649,1216,0.09414353600004688,0,0.0,0.026884247999987565,0,8,8,C,5128,0.39751552795031053,True,2.2520115619845456
0,44.925273523999465,1232,0,,0.4596194077712549,0.9340229320005164,astar,False,0,347398,0,18425,2376,0.2539157889987109,0,0.0,0.04366742499405518,0,7,7,C,5129,0.4720496894409938,True,3.7207128719965112
0,38.1503888601542,958,0,,0.4596194077712549,0.9132381500021438,astar,False,0,311855,0,10588,1353,0.20549550400028238,0,0.0,0.05798071600293042,0,6,6,C,5130,0.4658385093167702,True,3.476271010003984
0,39.63693680796548,1040,0,,0.4596194077712549,0.972499240997422,astar,False,0,288156,0,14393,1827,0.288098627999716,0,0.0,0.03768932999810204,0,7,7,C,5131,0.42857142857142855,True,2.76779973799421
0,41.691319033763854,1101,0,,0.4628714724413279,0.9265905890060822,astar,False,0,321787,0,37156,4658,0.42273992500122404,0,0.0,0.10112086500157602,0,7,7,C,5132,0.4658385093167702,True,3.4255528049980057
0,44.58411302615114,1214,0,,0.4596194077712549,2.7384418830042705,astar,False,0,292429,0,15171,1902,0.21611311599554028,0,0.0,0.057035858000745066,0,7,7,C,5133,0.34782608695652173,True,8.252028692011663
0,36.92358928021285,918,0,,0.4596194077712549,0.6140924380015349,astar,False,0,245545,0,5528,708,0.13364661500236252,0,0.0,0.03537349100224674,0,7,7,C,5134,0.40993788819875776,True,1.8872824710051646
0,43.687771256479714,1143,0,,0.4596194077712549,0.9721987690063543,astar,False,0,326539,0,10053,1274,0.10150343300483655,0,0.0,0.03382906700426247,0,9,9,C,5135,0.43478260869565216,True,4.564750596007798
0,37.21751782312784,923,0,,0.489948976935355,0.9164642300020205,astar,False,0,285654,0,21474,2713,0.29352462999668205,0,0.0,0.07225409599777777,0,6,6,C,5136,0.4161490683229814,True,2.496318213008635
0,35.61021763542072,860,0,,0.4596194077712549,0.5043345540034352,astar,False,0,214772,0,61848,7749,0.3398897369988845,0,0.0,0.11985539700253867,0,5,5,C,5137,0.39751552795031053,True,1.9742929080093745
0,42.41845300873874,1146,0,,0.4596194077712549,1.286142500997812,astar,False,0,344100,0,40121,5127,0.3266462070023408,0,0.0,0.09567000900278799,0,7,7,C,5138,0.5341614906832298,True,4.832669864998024
0,42.109334065843676,1104,0,,0.4596194077712549,0.8246237940038554,astar,False,0,342175,0,9767,1280,0.28989384599844925,0,0.0,0.03415583000605693,0,7,7,C,5139,0.4161490683229814,True,3.3120895399988513
0,40.258773112371614,1008,0,,0.4596194077712549,0.973332173001836,astar,False,0,291679,0,3817,502,0.2084195580027881,0,0.0,0.006334746001812164,0,8,8,C,5140,0.4472049689440994,True,4.143354061008722
0,39.08499161755144,994,0,,0.4596194077712549,0.8025932750024367,astar,False,0,353805,0,10783,1392,0.14940747700165957,0,0.0,0.0566559029975906,0,8,8,C,5141,0.4782608695652174,True,3.786563233996276
0,39.03688054452363,989,0,,0.4596194077712549,0.7667927559959935,astar,False,0,251110,0,28501,3694,0.23976417499943636,0,0.0,0.06408308800018858,0,6,6,C,5142,0.391304347826087,True,2.305041537991201
0,37.47431075096253,943,0,,0.4596194077712549,0.6422720670016133,astar,False,0,236504,0,11373,1448,0.08490992399310926,0,0.0,0.02881617599632591,0,7,7,C,5143,0.45962732919254656,True,2.5085882819912513
0,40.46857423148111,1064,0,,0.4628714724413279,0.7347199009964243,astar,False,0,293179,0,54849,6878,0.2663557729974855,0,0.0,0.11545946999831358,0,8,8,C,5144,0.40372670807453415,True,3.035264024991193
0,37.37191309058919,939,0,,0.4596194077712549,0.806429512995237,astar,False,0,355178,0,10415,1323,0.39376771800016286,0,0.0,0.057371738002984785,0,7,7,C,5145,0.4472049689440994,True,3.647510139984661
0,37.947720815402036,976,0,,0.4596194077712549,1.1812167560055968,astar,False,0,298711,0,43258,5461,0.7644369860063307,0,0.0,0.10000307999871438,0,5,5,C,5146,0.4161490683229814,True,3.503639975999249
0,37.361942270628646,965,0,,0.49239212016440975,0.7813706699962495,astar,False,0,292367,0,9194,1197,0.24028042999998434,0,0.0,0.013173892999475356,0,7,7,C,5147,0.4161490683229814,True,3.4400507299869787
0,37.69055693692476,928,0,,0.4596194077712549,0.7138010589987971,astar,False,0,226422,0,38827,4859,0.23785952199978055,0,0.0,0.08225236600264907,0,5,5,C,5148,0.45962732919254656,True,1.6530730570011656
0,40.00000508375931,1013,0,,0.4596194077712549,0.8094285810002475,astar,False,0,349164,0,5494,710,0.22282721800002037,0,0.0,0.0077939959955983795,0,8,8,C,5149,0.4658385093167702,True,3.9037083520015585
0,36.34341144448184,889,0,,0.4596194077712549,0.569026227996801,astar,False,0,217645,0,8325,1075,0.17010974699951475,0,0.0,0.023144012004195247,0,6,6,C,5150,0.4409937888198758,True,1.8115482479915954
0,44.56309534313088,1171,0,,0.4596194077712549,1.25798234299873,astar,False,0,328700,0,6459,829,0.38973026200255845,0,0.0,0.029494162001356017,0,8,8,C,5151,0.43478260869565216,True,5.209204320999561
0,39.34713724612729,1006,0,,0.4596194077712549,0.7270289000007324,astar,False,0,318446,0,10601,1375,0.16486706100113224,0,0.0,0.014200894001987763,0,7,7,C,5152,0.43478260869565216,True,2.925945726012287
0,39.13869385833673,992,0,,0.4596194077712549,0.8241787790029775,astar,False,0,268109,0,4202,558,0.3716512649989454,0,0.0,0.025086114001169335,0,4,4,C,5153,0.4658385093167702,True,2.472258439011057
0,38.851455855197,973,0,,0.4596194077712549,0.9658281279989751,astar,False,0,337573,0,15120,1904,0.20390744099859148,0,0.0,0.06029944500187412,0,8,8,C,5154,0.453416149068323,True,3.7625915800017538
0,36.51026727529359,909,0,,0.4628714724413279,0.9770391299971379,astar,False,0,319654,0,47323,5928,0.43871791399578797,0,0.0,0.11396389500441728,0,7,7,C,5155,0.45962732919254656,True,3.9922930559987435
0,43.22242989624655,1127,0,,0.481300322044355,1.2470741869983613,astar,False,0,317733,0,12496,1566,0.11815149799804203,0,0.0,0.05494275400269544,0,8,8,C,5156,0.5031055900621118,True,4.234189384005731
0,38.67740954806663,939,0,,0.4596194077712549,0.9038709660017048,astar,False,0,189262,0,64484,8110,0.129982705002476,0,0.0,0.11715863500285195,0,4,4,C,5157,0.37888198757763975,True,1.6339191400038544
0,44.93266259389916,1175,0,,0.4596194077712549,1.4146896340025705,astar,False,0,330719,0,10912,1365,0.1757114259962691,0,0.0,0.035951857003965415,0,10,10,C,5158,0.5403726708074534,True,4.78264370301622
0,39.41421778680169,997,0,,0.4769171835864189,1.4175611579994438,astar,False,0,292557,0,14681,1856,0.16424627100059297,0,0.0,0.05804113000340294,0,5,5,C,5159,0.422360248447205,True,3.682250654004747
0,39.31080249713304,998,0,,0.47502631506054627,1.0652981989987893,astar,False,0,280088,0,6703,852,0.11345246500422945,0,0.0,0.02694792299735127,0,5,5,C,5160,0.40372670807453415,True,2.8318497290019877
0,40.982391661568826,1041,0,,0.481300322044355,0.9028524599998491,astar,False,0,284424,0,100877,12707,0.16123939999670256,0,0.0,0.1995156010016217,0,6,6,C,5161,0.42857142857142855,True,2.935319187992718
0,44.77024373525329,1197,0,,0.4596194077712549,0.8895349829981569,astar,False,0,311970,0,18322,2320,0.25250364499515854,0,0.0,0.06786092800030019,0,6,6,C,5162,0.40993788819875776,True,2.824175694004225
0,38.71654320179821,963,0,,0.4596194077712549,0.9687169910030207,astar,False,0,336603,0,11477,1486,0.3458689979961491,0,0.0,0.06246870900213253,0,6,6,C,5163,0.4720496894409938,True,2.628082565002842
0,37.09571062993976,928,0,,0.4596194077712549,1.0651767830058816,astar,False,0,185529,0,28259,3541,0.4926717260022997,0,0.0,0.06713722000131384,0,5,5,C,5164,0.3416149068322981,True,2.6848801439991803
0,39.01148702488258,991,0,,0.481300322044355,0.8309967090026475,astar,False,0,280541,0,9019,1152,0.1295614279952133,0,0.0,0.04900624800211517,0,7,7,C,5165,0.42857142857142855,True,3.3114446270046756
0,37.388629746361715,946,0,,0.4850257725111133,1.169443766004406,astar,False,0,281708,0,19283,2502,0.29088986800343264,0,0.0,0.04325266500381986,0,7,7,C,5166,0.4409937888198758,True,2.9777848680023453
0,39.878548167318094,1012,0,,0.4596194077712549,0.8600868670037016,astar,False,0,295864,0,8626,1094,0.14050984499772312,0,0.0,0.030057241005124524,0,7,7,C,5167,0.45962732919254656,True,3.209269120998215
0,52.27379187158581,1485,0,,0.4596194077712549,1.9103452099952847,astar,False,0,365841,0,539603,67507,0.2543009869987145,0,0.0,0.900950401002774,0,6,6,C,5168,0.5031055900621118,True,6.491237018992251
0,38.091353464046236,935,0,,0.4596194077712549,0.619569770002272,astar,False,0,270213,0,7594,990,0.25086856900452403,0,0.0,0.046218791998398956,0,6,6,C,5169,0.32919254658385094,True,2.2059853950122488
0,37.812264255970746,953,0,,0.4596194077712549,0.5872867169964593,astar,False,0,250691,0,6497,839,0.16799825400084956,0,0.0,0.009572700000717305,0,6,6,C,5170,0.453416149068323,True,2.183979280984204
0,39.17018153352184,993,0,,0.4596194077712549,1.136187506999704,astar,False,0,328055,0,6281,814,0.34412957599852234,0,0.0,0.02938290600286564,0,7,7,C,5171,0.38509316770186336,True,3.0654517639923142
0,36.88565775108541,910,0,,0.4596194077712549,0.6209743910003453,astar,False,0,216632,0,6311,805,0.5883753760062973,0,0.0,0.03241838500252925,0,6,6,C,5172,0.45962732919254656,True,2.4789891460022773
0,37.064092467843885,929,0,,0.4596194077712549,0.7863352070053224,astar,False,0,269117,0,8103,1033,0.09820898299949476,0,0.0,0.02812855700176442,0,7,7,C,5173,0.4409937888198758,True,2.9508653200100525
0,38.850089253692744,971,0,,0.4596194077712549,0.8071354960047756,astar,False,0,232801,0,34807,4482,0.734158295999805,0,0.0,0.07241231000080006,0,5,5,C,5174,0.42857142857142855,True,2.837931591006054
0,40.04744813940498,1015,0,,0.4596194077712549,0.8269251379970228,astar,False,0,220329,0,4616,586,0.13816416000190657,0,0.0,0.018154804994992446,0,6,6,C,5175,0.37267080745341613,True,2.454194311001629
0,40.444177677600315,1048,0,,0.4596194077712549,1.252874392994272,astar,False,0,314326,0,12616,1631,0.5633286469965242,0,0.0,0.035271439999633,0,6,6,C,5176,0.422360248447205,True,3.353169543996046
0,38.555282009251854,949,0,,0.4756574397610127,0.6582536480054841,astar,False,0,234366,0,26400,3404,0.17670850500144297,0,0.0,0.060836426993773784,0,6,6,C,5177,0.37267080745341613,True,2.065097455008072
0,38.22232618168522,988,0,,0.4596194077712549,0.8650363359993207,astar,False,0,333890,0,9890,1248,0.1607596929970896,0,0.0,0.03582399900187738,0,7,7,C,5178,0.36645962732919257,True,3.9444653730170103
0,39.00625902465013,983,0,,0.4628714724413279,1.1943082649959251,astar,False,0,350991,0,29125,3647,0.21407223500136752,0,0.0,0.08327026399638271,0,6,6,C,5179,0.42857142857142855,True,4.2377770349994535
0,39.900178739342245,995,0,,0.4596194077712549,0.8729295820012339,astar,False,0,336935,0,4737,627,0.24665070299670333,0,0.0,0.026895360002527013,0,7,7,C,5180,0.43478260869565216,True,3.510903395988862
0,38.432962853167304,964,0,,0.4596194077712549,1.0701996959978715,astar,False,0,317013,0,10064,1275,0.24431279000418726,0,0.0,0.03284502200403949,0,5,5,C,5181,0.484472049689441,True,3.1320019559934735
0,41.527664088087064,1070,0,,0.4781736086402098,0.8435887779996847,astar,False,0,202036,0,6086,781,0.1311932419994264,0,0.0,0.019519205001415685,0,6,6,C,5182,0.40372670807453415,True,2.5883567900018534
0,37.630223866332805,927,0,,0.4628714724413279,0.8474153239949374,astar,False,0,280703,0,23814,3037,0.22935670399601804,0,0.0,0.07234502299979795,0,6,6,C,5183,0.391304347826087,True,3.5203401429971564
0,45.90364411503302,1187,0,,0.4596194077712549,0.7179856339935213,astar,False,0,351739,0,8541,1085,0.12312054399808403,0,0.0,0.05426004999753786,0,9,9,C,5184,0.4968944099378882,True,3.60782153699256
0,37.252924341362224,936,0,,0.4596194077712549,0.8517817899992224,astar,False,0,217750,0,10744,1371,0.2964077860015095,0,0.0,0.028342074001557194,0,5,5,C,5185,0.4409937888198758,True,2.4868816179950954
0,39.23157385276854,983,0,,0.481300322044355,0.8935849010013044,astar,False,0,305073,0,10530,1336,0.5003785099979723,0,0.0,0.034298908001801465,0,6,6,C,5186,0.422360248447205,True,3.4028929580163094
0,36.17343464219875,875,0,,0.4596194077712549,0.9647412109989091,astar,False,0,239742,0,6655,858,0.19467652900493704,0,0.0,0.021955023003101815,0,4,4,C,5187,0.39751552795031053,True,2.057680115001858
0,39.09475378788632,1011,0,,0.49239212016440975,0.9398048160001053,astar,False,0,281410,0,48218,6056,0.22903090200270526,0,0.0,0.10406317799788667,0,6,6,C,5188,0.40993788819875776,True,3.574953323994123
0,39.455068857181786,1036,0,,0.4596194077712549,1.2861149300006218,astar,False,0,338481,0,10598,1332,0.16372158900048817,0,0.0,0.05696338900452247,0,6,6,C,5189,0.5031055900621118,True,4.39539360600611
0,40.85054930587592,1034,0,,0.4596194077712549,0.966079689002072,astar,False,0,341728,0,4406,563,0.11952308700711001,0,0.0,0.03266241399978753,0,7,7,C,5190,0.4409937888198758,True,3.5224094509976567
0,36.921036537796525,933,0,,0.4596194077712549,0.8201718630007235,astar,False,0,245900,0,6598,860,0.12527603700436885,0,0.0,0.022137909996672533,0,8,8,C,5191,0.422360248447205,True,2.6503464500055998
0,38.70535550543535,962,0,,0.4596194077712549,0.7660938379995059,astar,False,0,303161,0,6862,875,0.09303589799674228,0,0.0,0.034330864000367,0,7,7,C,5192,0.37888198757763975,True,2.933805642001971
0,39.84968548507149,1012,0,,0.4596194077712549,0.8377299210042111,astar,False,0,317349,0,8446,1104,0.13637483300408348,0,0.0,0.03145176299585728,0,6,6,C,5193,0.4782608695652174,True,3.2530774589977227
0,39.3133754954039,1002,0,,0.4596194077712549,0.9340948879980715,astar,False,0,301803,0,9529,1248,0.6004816560016479,0,0.0,0.050971556003787555,0,6,6,C,5194,0.42857142857142855,True,3.314522685992415
0,36.942672129996474,932,0,,0.4596194077712549,0.4893212289971416,astar,False,0,249473,0,10433,1325,0.07370851899759145,0,0.0,0.027679999002430122,0,8,8,C,5195,0.43478260869565216,True,2.2019377759861527
0,37.66649839278391,976,0,,0.46157339611377224,1.4684947789937723,astar,False,0,251821,0,17128,2155,0.20098797300306614,0,0.0,0.03841068199835718,0,5,5,C,5196,0.37888198757763975,True,2.582403301006707
0,39.34232112702446,1006,0,,0.4596194077712549,1.0006228150014067,astar,False,0,246817,0,6282,805,0.17339536500367103,0,0.0,0.022114341998531017,0,7,7,C,5197,0.4968944099378882,True,2.949182596996252
0,39.60805494401189,992,0,,0.4596194077712549,1.2751143669956946,astar,False,0,329483,0,10874,1405,0.25830743700498715,0,0.0,0.03582735999953002,0,6,6,C,5198,0.4472049689440994,True,3.4542863549941103
0,36.89259641459013,908,0,,0.4596194077712549,1.0500497710017953,astar,False,0,235946,0,13044,1670,0.11331589699693723,0,0.0,0.03179669399833074,0,5,5,C,5199,0.39751552795031053,True,1.911653050003224
0,39.51344525566109,995,0,,0.4596194077712549,0.8115082350050216,astar,False,0,334262,0,5812,752,0.3052021190014784,0,0.0,0.028381553005601745,0,8,8,C,5200,0.42857142857142855,True,3.3855454940130585
0,38.93027882199839,989,0,,0.4596194077712549,0.8748462759976974,astar,False,0,259145,0,4893,620,0.117941525997594,0,0.0,0.007492773002013564,0,6,6,C,5201,0.4472049689440994,True,2.4154243009907077
0,37.175415187399004,952,0,,0.4596194077712549,1.2452872209978523,astar,False,0,310039,0,9317,1179,0.16827503300009994,0,0.0,0.05127881399675971,0,6,6,C,5202,0.4720496894409938,True,3.025647400994785
0,40.22396345599849,1053,0,,0.4596194077712549,0.7676797370004351,astar,False,0,310433,0,7623,977,0.25930800000060117,0,0.0,0.030583428997488227,0,7,7,C,5203,0.4658385093167702,True,3.662656971013348
0,37.75048125376696,932,0,,0.4628714724413279,1.079396296001505,astar,False,0,306341,0,46531,5844,0.4432370889990125,0,0.0,0.1056627110010595,0,5,5,C,5204,0.42857142857142855,True,3.5033796969946707
0,37.51797838896496,925,0,,0.4596194077712549,0.7581615059971227,astar,False,0,236631,0,12336,1565,0.2513141599993105,0,0.0,0.04315191599744139,0,6,6,C,5205,0.40372670807453415,True,3.102493680999032
0,37.8048579885479,953,0,,0.4596194077712549,0.7431178690021625,astar,False,0,274749,0,23195,2928,0.16896518300200114,0,0.0,0.07011025300016627,0,7,7,C,5206,0.453416149068323,True,3.571409759009839
0,36.830712442954535,929,0,,0.4596194077712549,0.7972271600010572,astar,False,0,274631,0,10776,1367,0.6184274010010995,0,0.0,0.05186703000072157,0,6,6,C,5207,0.4472049689440994,True,3.0358356090000598
0,36.16998634180238,915,0,,0.4596194077712549,0.7536486520039034,astar,False,0,244998,0,62577,7860,0.2217542830039747,0,0.0,0.12016210000001593,0,6,6,C,5208,0.3416149068322981,True,2.434721620003984
0,42.373018324688964,1128,0,,0.481300322044355,1.5139674339952762,astar,False,0,233470,0,6681,870,0.2019785980010056,0,0.0,0.009564125997712836,0,6,6,C,5209,0.422360248447205,True,4.806844215992896
0,40.120475059160164,1011,0,,0.4596194077712549,0.7814866459957557,astar,False,0,282653,0,3668,468,0.2298248350052745,0,0.0,0.023490256004151888,0,8,8,C,5210,0.4472049689440994,True,4.20087810599216
0,37.433356940190045,922,0,,0.481300322044355,0.9332085630012443,astar,False,0,270295,0,10162,1288,0.13934074700227939,0,0.0,0.03159486899676267,0,6,6,C,5211,0.38509316770186336,True,3.0027109520015074
0,38.14432611848699,969,0,,0.4596194077712549,0.7965807960063103,astar,False,0,239463,0,5029,645,0.26254071799485246,0,0.0,0.02175302799878409,0,6,6,C,5212,0.40372670807453415,True,2.647869813001307
0,41.98374144647289,1098,0,,0.4769171835864189,1.4335257709972211,astar,False,0,332471,0,14968,1917,0.24702892999630421,0,0.0,0.041158350999467075,0,7,7,C,5213,0.5093167701863354,True,5.240943125005288
0,38.37496182006541,936,0,,0.49239212016440975,1.0826858470027219,astar,False,0,209242,0,49178,6221,0.9884902839985443,0,0.0,0.09305834200495156,0,3,3,C,5214,0.37267080745341613,True,1.5738872389993048
0,39.965503019900744,1018,0,,0.4628714724413279,1.0958324370003538,astar,False,0,373951,0,30347,3854,0.2386573839976336,0,0.0,0.08653223000146681,0,8,8,C,5215,0.484472049689441,True,4.893295046997082
0,38.421811223120216,968,0,,0.4596194077712549,1.0155897189979441,astar,False,0,281481,0,10866,1388,0.21790025399968727,0,0.0,0.05160991400043713,0,6,6,C,5216,0.36645962732919257,True,3.3587701869982993
0,39.127968450675525,1044,0,,0.4596194077712549,0.8883665169996675,astar,False,0,318119,0,18724,2427,0.4736143609989085,0,0.0,0.04521008099982282,0,6,6,C,5217,0.45962732919254656,True,2.792806883000594
0,38.23291701763263,936,0,,0.481300322044355,1.0251791660048184,astar,False,0,252913,0,29766,3800,0.9527861609967658,0,0.0,0.07160094700520858,0,5,5,C,5218,0.37888198757763975,True,2.0544721750047756
0,36.583237658992886,899,0,,0.4596194077712549,0.6242763620030019,astar,False,0,210444,0,56741,7138,0.3408228800035431,0,0.0,0.10813641399727203,0,5,5,C,5219,0.39751552795031053,True,1.9282407960054115
0,38.54522484895224,966,0,,0.4596194077712549,1.0214000289997784,astar,False,0,258982,0,7942,1023,0.16880240599857643,0,0.0,0.024509049995685928,0,7,7,C,5220,0.37888198757763975,True,2.789072120009223
0,40.732810064343376,1050,0,,0.4596194077712549,0.8163951780006755,astar,False,0,298251,0,2291,296,0.1354925630002981,0,0.0,0.022509795002406463,0,7,7,C,5221,0.4720496894409938,True,3.262601315000211
0,37.86304017285097,935,0,,0.49239212016440975,0.545397984002193,astar,False,0,233342,0,45119,5643,0.3419066999995266,0,0.0,0.08997279799950775,0,7,7,C,5222,0.40372670807453415,True,2.3219169770018198
0,38.86312583958411,967,0,,0.4596194077712549,1.043896160001168,astar,False,0,292181,0,9081,1150,0.10238398100045742,0,0.0,0.05053406699880725,0,7,7,C,5223,0.422360248447205,True,3.0096853360009845
0,43.00478906862315,1144,0,,0.4596194077712549,1.0952756690021488,astar,False,0,298317,0,10410,1315,0.13603224699909333,0,0.0,0.03392908800014993,0,6,6,C,5224,0.422360248447205,True,2.5472678650039597
0,37.20452668544426,940,0,,0.49239212016440975,1.0157850779942237,astar,False,0,184038,0,11708,1479,0.2727205999981379,0,0.0,0.028751769998052623,0,6,6,C,5225,0.36024844720496896,True,2.9050921779926284
0,39.57338783065855,975,0,,0.4596194077712549,0.7991382370018982,astar,False,0,211120,0,8865,1127,0.25599841099756304,0,0.0,0.03640975099551724,0,7,7,C,5226,0.391304347826087,True,2.497347696000361
0,39.443419181301614,1001,0,,0.4596194077712549,0.70116262800002,astar,False,0,199797,0,35519,4529,0.414507384004537,0,0.0,0.05798317600419978,0,6,6,C,5227,0.391304347826087,True,2.7029509200001485
0,39.07311838156886,1000,0,,0.4596194077712549,0.7939437520035426,astar,False,0,289727,0,40734,5204,0.4484175889956532,0,0.0,0.09101040500536328,0,6,6,C,5228,0.4658385093167702,True,3.28153967900289
0,39.392779492998045,991,0,,0.4596194077712549,0.8215568550003809,astar,False,0,239121,0,6581,847,0.09973274399817456,0,0.0,0.022628104998148046,0,8,8,C,5229,0.4409937888198758,True,2.4335944699996617
0,36.331759944444705,879,0,,0.4596194077712549,0.6614513710010215,astar,False,0,291875,0,8186,1029,0.23047729000245454,0,0.0,0.03002635799930431,0,5,5,C,5230,0.391304347826087,True,2.3097190229964326
0,39.44402916644369,1004,0,,0.481300322044355,0.8367542479973054,astar,False,0,202765,0,16299,2126,0.17371647099935217,0,0.0,0.04795739400287857,0,7,7,C,5231,0.40372670807453415,True,2.1532978090035613
0,40.11292025098052,1033,0,,0.4596194077712549,0.6178217660053633,astar,False,0,276059,0,4009,506,0.21742032700421987,0,0.0,0.02406064599927049,0,7,7,C,5232,0.4472049689440994,True,3.2983952709982987
0,40.1910134506227,1018,0,,0.4628714724413279,1.343883770001412,astar,False,0,322307,0,40211,5054,0.35565932800091105,0,0.0,0.09811270300269825,0,5,5,C,5233,0.40372670807453415,True,3.877507396005967
0,38.6877015533859,977,0,,0.4769171835864189,1.3682343839973328,astar,False,0,335357,0,16225,2086,0.19586743199761258,0,0.0,0.04330626999581,0,6,6,C,5234,0.4161490683229814,True,3.5913441610027803
0,37.161992976757745,910,0,,0.4596194077712549,0.6223396839995985,astar,False,0,227777,0,8793,1113,0.5837764639945817,0,0.0,0.038250696001341566,0,6,6,C,5235,0.36645962732919257,True,2.375924016989302
0,37.7879329503953,961,0,,0.4596194077712549,0.7448466200003168,astar,False,0,242565,0,6284,800,0.18500090899760835,0,0.0,0.021225445001618937,0,8,8,C,5236,0.39751552795031053,True,2.5268506519933
0,42.52633166970768,1119,0,,0.4596194077712549,1.6701920020059333,astar,False,0,279423,0,14942,1890,0.1496085149992723,0,0.0,0.042795452995051164,0,7,7,C,5237,0.38509316770186336,True,6.029429650006932
0,39.2408019119411,1000,0,,0.4628714724413279,0.7096460280008614,astar,False,0,275264,0,110857,13944,0.4929390190009144,0,0.0,0.19740634000481805,0,5,5,C,5238,0.391304347826087,True,1.7363065619938425
0,40.68104308450548,1090,0,,0.4596194077712549,1.1669624140049564,astar,False,0,258943,0,15834,2042,0.253622472002462,0,0.0,0.04852665599901229,0,6,6,C,5239,0.4409937888198758,True,3.2447791660088114
0,39.31605585328701,1027,0,,0.4628714724413279,1.129695998999523,astar,False,0,274261,0,19851,2540,0.2811807710022549,0,0.0,0.0472967690002406,0,6,6,C,5240,0.39751552795031053,True,3.6543003949991544
0,37.66387263287349,958,0,,0.4596194077712549,0.860758340000757,astar,False,0,257682,0,7966,1026,0.17697987600695342,0,0.0,0.02532736300054239,0,8,8,C,5241,0.37267080745341613,True,2.7955650169969886
0,40.457932139095306,1014,0,,0.4596194077712549,0.8087806300027296,astar,False,0,270784,0,77299,9760,0.3226568390018656,0,0.0,0.13258031700388528,0,6,6,C,5242,0.4472049689440994,True,3.8783779929945013
0,39.77172981997064,1030,0,,0.4596194077712549,1.1861843899969244,astar,False,0,360767,0,6687,855,0.2186697190045379,0,0.0,0.05167226000048686,0,7,7,C,5243,0.4472049689440994,True,5.351642992005509
0,39.90325135573018,1008,0,,0.4596194077712549,0.8663014089979697,astar,False,0,231864,0,9169,1167,0.14375621799990768,0,0.0,0.024383316005696543,0,7,7,C,5244,0.42857142857142855,True,3.204681195988087
0,38.952773682581366,982,0,,0.481300322044355,0.537487975001568,astar,False,0,237083,0,8672,1098,0.3059538759989664,0,0.0,0.027509322004334535,0,6,6,C,5245,0.43478260869565216,True,2.1202039400013746
0,40.458743120038456,1055,0,,0.481300322044355,1.5994443349991343,astar,False,0,247450,0,313438,39203,0.25606099399738014,0,0.0,0.5039467419992434,0,5,5,C,5246,0.39751552795031053,True,4.936863008995715
0,40.921410396913096,1034,0,,0.49239212016440975,1.107171041003312,astar,False,0,371127,0,19826,2517,0.4463277440008824,0,0.0,0.050201983998704236,0,7,7,C,5247,0.43478260869565216,True,4.272183566019521
0,38.025163326368975,968,0,,0.4596194077712549,0.8726266969970311,astar,False,0,256288,0,36906,4652,0.41970995999872684,0,0.0,0.08235822500137147,0,6,6,C,5248,0.45962732919254656,True,3.4565800319978734
0,39.60596574390687,1028,0,,0.4596194077712549,1.0566344859980745,astar,False,0,275128,0,12413,1591,0.17758650999894598,0,0.0,0.035736550998990424,0,7,7,C,5249,0.453416149068323,True,4.684509499005799
0,36.56376220342764,921,0,,0.4596194077712549,0.5163952540024184,astar,False,0,197751,0,10723,1387,0.1671560809991206,0,0.0,0.025733232003403828,0,8,8,C,5250,0.37888198757763975,True,2.259625614002289
0,43.66668146072077,1153,0,,0.481300322044355,0.7074811310012592,astar,False,0,268116,0,54248,6958,0.2781563379976433,0,0.0,0.10766927600343479,0,7,7,C,5251,0.40372670807453415,True,3.282938112002739
0,43.5518375183562,1149,0,,0.481300322044355,0.8670712519960944,astar,False,0,289320,0,73974,9464,0.5821423630040954,0,0.0,0.13643980999768246,0,6,6,C,5252,0.4472049689440994,True,3.6468078209800296
0,37.062223812736676,925,0,,0.4596194077712549,1.1177473279967671,astar,False,0,330973,0,5015,662,0.26268750500457827,0,0.0,0.027291826001601294,0,6,6,C,5253,0.4409937888198758,True,3.948980847984785
0,40.65095870341734,1068,0,,0.4596194077712549,0.6689285100001143,astar,False,0,316183,0,8415,1070,0.10433246199681889,0,0.0,0.031079052001587115,0,9,9,C,5254,0.40372670807453415,True,3.18282986900158
0,42.50573037218882,1098,0,,0.4596194077712549,1.0236046650024946,astar,False,0,309544,0,35223,4489,0.2043831400005729,0,0.0,0.08959420900646364,0,7,7,C,5255,0.45962732919254656,True,4.133023365000554
0,38.53080799191279,975,0,,0.46738634982207333,0.5744621240010019,astar,False,0,182326,0,100486,12603,0.21354381299897796,0,0.0,0.17143169500195654,0,6,6,C,5256,0.34782608695652173,True,2.4327118799992604
0,38.13803001137434,972,0,,0.4596194077712549,1.0497445680011879,astar,False,0,225739,0,4289,546,0.20049103399651358,0,0.0,0.01827869899716461,0,6,6,C,5257,0.34782608695652173,True,3.347987750006723
0,38.32540972344409,941,0,,0.4596194077712549,0.558104250994802,astar,False,0,254593,0,28311,3558,0.3835656010051025,0,0.0,0.06907708999642637,0,6,6,C,5258,0.484472049689441,True,1.9983077920041978
0,39.3274720538791,986,0,,0.4596194077712549,0.6226923369977158,astar,False,0,195692,0,10009,1275,0.05068677500094054,0,0.0,0.024743633999605663,0,6,6,C,5259,0.4161490683229814,True,2.1718378660007147
0,41.62088341308488,1101,0,,0.47502631506054627,0.924456476001069,astar,False,0,347044,0,7373,958,0.13763189099699957,0,0.0,0.030283376996521838,0,8,8,C,5260,0.4782608695652174,True,3.4902565920056077
0,38.95871606660111,962,0,,0.4596194077712549,0.7963657540021813,astar,False,0,232076,0,5612,725,0.14400501100317342,0,0.0,0.020444721005333122,0,5,5,C,5261,0.4161490683229814,True,1.7593578380037798
0,38.89898058580718,985,0,,0.4596194077712549,1.1702199930005008,astar,False,0,354074,0,7832,996,0.14016611199622275,0,0.0,0.03993857099703746,0,7,7,C,5262,0.4906832298136646,True,4.140903553001408
0,38.8234636099625,984,0,,0.4596194077712549,0.7610728139989078,astar,False,0,249490,0,14800,1920,0.10881996000534855,0,0.0,0.049424643999373075,0,7,7,C,5263,0.40372670807453415,True,2.529217005998362
0,37.43292051856358,955,0,,0.4769171835864189,0.9037573850000626,astar,False,0,319993,0,5915,756,0.15284277599857887,0,0.0,0.00843067400273867,0,5,5,C,5264,0.39751552795031053,True,2.071141083004477
0,39.09238130708648,964,0,,0.481300322044355,1.282342170998163,astar,False,0,240277,0,199445,24954,0.9254862929956289,0,0.0,0.3476173830058542,0,4,4,C,5265,0.32919254658385094,True,2.239618943996902
0,37.418179969680594,907,0,,0.4850257725111133,0.7014048260025447,astar,False,0,221714,0,12716,1594,0.19264573200052837,0,0.0,0.04746912600239739,0,6,6,C,5266,0.39751552795031053,True,2.784503292001318
0,41.19255469630228,1055,0,,0.4596194077712549,1.1048977019963786,astar,False,0,291008,0,10936,1383,0.22927637599786976,0,0.0,0.034375625000393484,0,7,7,C,5267,0.4409937888198758,True,3.69143227400491
0,43.4785227973433,1104,0,,0.4596194077712549,1.1371057349970215,astar,False,0,337593,0,7829,983,0.10425670300173806,0,0.0,0.031536909998976626,0,9,9,C,5268,0.4658385093167702,True,5.283830475003924
0,37.61050382302556,933,0,,0.481300322044355,0.9591218510031467,astar,False,0,254756,0,10708,1362,0.5153319330056547,0,0.0,0.041576005998649634,0,5,5,C,5269,0.43478260869565216,True,3.621915419003926
0,40.26769441719493,1031,0,,0.4596194077712549,0.6432097009965219,astar,False,0,232282,0,3770,489,0.15491362000466324,0,0.0,0.017614117001357954,0,7,7,C,5270,0.4782608695652174,True,2.9477927909902064
0,39.31338271443232,1010,0,,0.481300322044355,1.1067651989942533,astar,False,0,241510,0,249560,31260,0.13753258399810875,0,0.0,0.43314339999778895,0,5,5,C,5271,0.391304347826087,True,3.0402983849999146
0,39.08148119393444,1007,0,,0.4769171835864189,1.2657379860029323,astar,False,0,324430,0,22325,2807,0.6032796109939227,0,0.0,0.09657822599547217,0,5,5,C,5272,0.45962732919254656,True,2.8267692999943392
0,38.214663184156635,954,0,,0.4596194077712549,0.6468460969990701,astar,False,0,263057,0,6677,855,0.17844136799976695,0,0.0,0.02584163600113243,0,8,8,C,5273,0.484472049689441,True,3.0453737499992712
0,38.515077731913166,979,0,,0.49239212016440975,0.5740889130029245,astar,False,0,290673,0,79848,10049,0.21088825599872507,0,0.0,0.15397991399368038,0,8,8,C,5274,0.4720496894409938,True,3.3473533789874637
0,36.75851550808158,907,0,,0.4596194077712549,0.7625931980001042,astar,False,0,247185,0,26372,3364,0.2797741770045832,0,0.0,0.06315947500115726,0,6,6,C,5275,0.422360248447205,True,2.2812886470055673
0,39.140420508912705,975,0,,0.4596194077712549,1.111421079003776,astar,False,0,364458,0,3789,487,0.31121779899694957,0,0.0,0.02577916200243635,0,6,6,C,5276,0.4720496894409938,True,3.2579136430067592
0,38.25100132909883,970,0,,0.4596194077712549,0.757974997999554,astar,False,0,310411,0,7012,894,0.2227354490023572,0,0.0,0.035564842000894714,0,8,8,C,5277,0.45962732919254656,True,3.176422430005914
0,40.76461169755137,1062,0,,0.4596194077712549,0.9871641380013898,astar,False,0,328960,0,19068,2424,0.18378452800243394,0,0.0,0.07389885200245772,0,9,9,C,5278,0.43478260869565216,True,2.9039047519981978
0,37.563842681391186,954,0,,0.4596194077712549,0.9717775509998319,astar,False,0,348412,0,73846,9255,0.34666211500007194,0,0.0,0.16461938399879728,0,7,7,C,5279,0.40372670807453415,True,3.563986239991209
0,36.96313804826123,935,0,,0.49239212016440975,0.8349691179973888,astar,False,0,272331,0,120714,15181,0.36374846000398975,0,0.0,0.22269417499774136,0,5,5,C,5280,0.40993788819875776,True,2.338336437001999
0,40.49450110442497,1060,0,,0.4596194077712549,0.7716115390066989,astar,False,0,225554,0,8370,1105,0.1654725199987297,0,0.0,0.02383823700074572,0,8,8,C,5281,0.39751552795031053,True,3.1184510169987334
0,37.93168092567763,938,0,,0.4596194077712549,0.7730795590032358,astar,False,0,241858,0,18218,2311,0.08476439399964875,0,0.0,0.03701667299901601,0,5,5,C,5282,0.36024844720496896,True,2.3057571910030674
0,38.75947852285975,989,0,,0.4596194077712549,0.5994856390025234,astar,False,0,282772,0,8035,1025,0.13553318499907618,0,0.0,0.02977657300652936,0,9,9,C,5283,0.422360248447205,True,3.31742527399183
0,39.63262786361591,1006,0,,0.4596194077712549,0.8314989749997039,astar,False,0,324628,0,10757,1369,0.1903847939975094,0,0.0,0.03508715800126083,0,7,7,C,5284,0.4161490683229814,True,3.33216920200357
0,37.79887945915511,941,0,,0.4596194077712549,0.7576766019992647,astar,False,0,265785,0,4002,508,0.16466642100567697,0,0.0,0.02246747699973639,0,8,8,C,5285,0.40993788819875776,True,2.549336996009515
0,39.345206168714846,1003,0,,0.4596194077712549,1.4967434349964606,astar,False,0,236743,0,34127,4274,0.23980242799734697,0,0.0,0.0680950629975996,0,6,6,C,5286,0.4161490683229814,True,4.5032702990138205
0,38.80266339836179,1005,0,,0.4596194077712549,1.051378891999775,astar,False,0,325957,0,18510,2355,0.2568446149962256,0,0.0,0.050671542005147785,0,7,7,C,5287,0.484472049689441,True,3.98848620300123
0,37.89484952042462,930,0,,0.4596194077712549,0.5593851119992905,astar,False,0,237985,0,9695,1232,0.13413079300516983,0,0.0,0.025757755000086036,0,6,6,C,5288,0.40993788819875776,True,2.248511492005491
0,38.986897998573426,1001,0,,0.4596194077712549,1.0305119659969932,astar,False,0,301331,0,9806,1244,0.09264832099870546,0,0.0,0.031560518000333104,0,9,9,C,5289,0.40372670807453415,True,4.30338097600179
0,38.825761435346806,969,0,,0.4596194077712549,0.7031628210024792,astar,False,0,265660,0,10227,1307,0.09201059699989855,0,0.0,0.03173412899923278,0,8,8,C,5290,0.453416149068323,True,2.520656890999817
0,40.29129508661682,1012,0,,0.4628714724413279,0.6038762030002545,astar,False,0,176640,0,30211,3804,0.1484712009987561,0,0.0,0.0646563629998127,0,5,5,C,5291,0.37267080745341613,True,1.851564263997716
0,37.3714048315566,979,0,,0.4596194077712549,0.853479494995554,astar,False,0,306123,0,9312,1181,0.16925881399947684,0,0.0,0.03184836900618393,0,7,7,C,5292,0.45962732919254656,True,2.784026138993795
0,42.49379351662755,1091,0,,0.4596194077712549,1.211843778997718,astar,False,0,348099,0,11036,1398,0.12009514099918306,0,0.0,0.035578636001446284,0,7,7,C,5293,0.515527950310559,True,4.445842651010025
0,38.91833257390177,942,0,,0.4596194077712549,0.9267810099991038,astar,False,0,333145,0,7389,944,0.3865981759954593,0,0.0,0.030354258997249417,0,4,4,C,5294,0.39751552795031053,True,2.0374216069903923
0,37.92611194333798,932,0,,0.4596194077712549,0.6720634899975266,astar,False,0,270278,0,9798,1265,0.46339415699912934,0,0.0,0.049513705002027564,0,6,6,C,5295,0.37267080745341613,True,2.6176235279854154
0,38.87745662529112,989,0,,0.4596194077712549,0.7475877580000088,astar,False,0,324226,0,4945,631,0.23701371900097,0,0.0,0.007599333002872299,0,6,6,C,5296,0.515527950310559,True,3.0055916020064615
0,42.51890836555493,1131,0,,0.4596194077712549,1.2308355029963423,astar,False,0,315773,0,7750,992,0.10917606899602106,0,0.0,0.0295708609992289,0,9,9,C,5297,0.42857142857142855,True,5.615104855001846
0,39.367208364287606,1025,0,,0.48254533465779303,0.7688955810008338,astar,False,0,264184,0,9606,1253,0.5405812710014288,0,0.0,0.030247404996771365,0,6,6,C,5298,0.4409937888198758,True,2.5367323490063427
0,39.55083607341205,1010,0,,0.4628714724413279,1.2022779670005548,astar,False,0,267390,0,30751,3862,0.231962026002293,0,0.0,0.0771590849981294,0,6,6,C,5299,0.36645962732919257,True,3.5622121180058457
0,38.355615492537105,956,0,,0.4596194077712549,0.8042383949941723,astar,False,0,328289,0,6354,831,0.1717429220007034,0,0.0,0.009423887997400016,0,6,6,C,5300,0.45962732919254656,True,3.3225052720008534
0,40.3861881125649,1043,0,,0.4596194077712549,0.9017716419984936,astar,False,0,258313,0,8379,1077,0.30257666100078495,0,0.0,0.024906632999773137,0,7,7,C,5301,0.4161490683229814,True,3.1488354569955845
0,41.27435843852549,1055,0,,0.49239212016440975,0.7168818550053402,astar,False,0,253246,0,15347,1930,0.11376425199705409,0,0.0,0.034645175001060124,0,7,7,C,5302,0.484472049689441,True,3.6581711870094296
0,36.92083903559462,933,0,,0.4596194077712549,0.6359740870029782,astar,False,0,255240,0,13926,1798,0.10840206599823432,0,0.0,0.03383112300070934,0,7,7,C,5303,0.39751552795031053,True,2.1297525910122204
0,37.25412227693857,894,0,,0.4596194077712549,0.45364620000327704,astar,False,0,194817,0,4814,609,0.26801864900335204,0,0.0,0.01807072300289292,0,5,5,C,5304,0.3105590062111801,True,1.6014350340046803
0,37.281709429860946,930,0,,0.489948976935355,0.924613347997365,astar,False,0,242305,0,45614,5733,0.2142530990022351,0,0.0,0.09191221999935806,0,6,6,C,5305,0.38509316770186336,True,2.575387608987512
0,37.008530550102726,926,0,,0.4596194077712549,0.5667408000008436,astar,False,0,216074,0,10965,1396,0.3401368109989562,0,0.0,0.03932846800307743,0,6,6,C,5306,0.36645962732919257,True,2.0214666800020495
0,40.13141414212612,1023,0,,0.4596194077712549,1.155359201002284,astar,False,0,299340,0,37959,4821,0.5273655720011448,0,0.0,0.08987221199640771,0,6,6,C,5307,0.40993788819875776,True,3.5438627880066633
0,38.94797618988205,970,0,,0.4596194077712549,1.0701613659985014,astar,False,0,266251,0,26413,3359,0.24149121200025547,0,0.0,0.07182841800386086,0,5,5,C,5308,0.391304347826087,True,2.2141631099875667
0,40.28527862403326,1037,0,,0.4596194077712549,0.6992460830006166,astar,False,0,232913,0,7223,928,0.15501199800200993,0,0.0,0.03539468099916121,0,7,7,C,5309,0.45962732919254656,True,3.111755733989412
0,39.27170231348586,975,0,,0.4596194077712549,0.7323677059976035,astar,False,0,269402,0,16174,2083,0.6729291660012677,0,0.0,0.05920075500034727,0,5,5,C,5310,0.40372670807453415,True,2.119350029002817
0,42.28485486369845,1110,0,,0.4596194077712549,1.3097125089989277,astar,False,0,368554,0,32163,4145,0.32426325099368114,0,0.0,0.07194609200087143,0,7,7,C,5311,0.4720496894409938,True,5.02840999498585
0,36.87850016260992,925,0,,0.4596194077712549,0.7430801589944167,astar,False,0,296351,0,6819,884,0.14447312999982387,0,0.0,0.028453409002395347,0,7,7,C,5312,0.4906832298136646,True,2.6040958409867017
0,41.20210766048771,1078,0,,0.4596194077712549,1.4497715960023925,astar,False,0,329960,0,1967,257,0.12303616900317138,0,0.0,0.023164416001236532,0,7,7,C,5313,0.40372670807453415,True,4.226484802005871
0,37.339944927687974,934,0,,0.4596194077712549,0.7651121720045921,astar,False,0,254968,0,14302,1847,0.7322674800016102,0,0.0,0.03258124199783197,0,6,6,C,5314,0.4409937888198758,True,3.04181618601433
0,39.60417011952263,999,0,,0.481300322044355,0.7321441199965193,astar,False,0,268481,0,9833,1251,0.18225780699867755,0,0.0,0.04707297399727395,0,7,7,C,5315,0.4161490683229814,True,2.6405908259985154
0,40.04467707305948,1052,0,,0.4596194077712549,0.8906371140037663,astar,False,0,329245,0,4033,513,0.1347773040033644,0,0.0,0.00798064999980852,0,8,8,C,5316,0.4658385093167702,True,3.532821751010488
0,39.4949876264429,1051,0,,0.4596194077712549,1.2379136430026847,astar,False,0,182705,0,151464,18956,0.08230076499603456,0,0.0,0.2395418040032382,0,6,6,C,5317,0.38509316770186336,True,4.388053055998171
0,39.185454823644044,1004,0,,0.4596194077712549,0.9258137630022247,astar,False,0,296482,0,75121,9522,0.48401506599475397,0,0.0,0.14414104100433178,0,5,5,C,5318,0.4720496894409938,True,3.211873706008191
0,39.19012716732237,1005,0,,0.4596194077712549,0.8037017440001364,astar,False,0,291127,0,19592,2527,0.42074040100123966,0,0.0,0.04421221600205172,0,6,6,C,5319,0.422360248447205,True,2.8801592470044852
0,40.41646523812885,1051,0,,0.46738634982207333,1.0824031509982888,astar,False,0,253621,0,200605,25155,0.2442457720026141,0,0.0,0.321061953996832,0,5,5,C,5320,0.38509316770186336,True,3.300089026997739
0,40.07556959266516,1045,0,,0.4596194077712549,0.9969667000041227,astar,False,0,300374,0,8400,1058,0.3741063529960229,0,0.0,0.02978659200016409,0,7,7,C,5321,0.5093167701863354,True,4.185839982019388
0,38.90028970543754,952,0,,0.481300322044355,0.9239751979985158,astar,False,0,273073,0,10552,1348,0.1847822189956787,0,0.0,0.032190920996072236,0,6,6,C,5322,0.37888198757763975,True,2.2857483040133957
0,39.66037194285568,1028,0,,0.4596194077712549,1.071786684995459,astar,False,0,270779,0,5275,668,0.1260676189995138,0,0.0,0.0252268370022648,0,7,7,C,5323,0.40993788819875776,True,3.093429022002965
0,39.60603618668078,1030,0,,0.46738634982207333,1.0290892539997003,astar,False,0,350247,0,14641,1873,0.1486927320001996,0,0.0,0.06082944999798201,0,8,8,C,5324,0.453416149068323,True,4.000335859003826
0,39.43376137442567,981,0,,0.4596194077712549,0.8901823630003491,astar,False,0,321253,0,4987,655,0.20835083499696339,0,0.0,0.026438528999278788,0,8,8,C,5325,0.453416149068323,True,3.521240736998152
0,41.253269626989756,1049,0,,0.4596194077712549,1.4821732250056812,astar,False,0,309224,0,8855,1127,0.11908448499889346,0,0.0,0.03221544199914206,0,7,7,C,5326,0.391304347826087,True,3.7173246020029183
0,39.360911708137216,1021,0,,0.4596194077712549,1.3269457589995,astar,False,0,319307,0,12019,1506,0.21578409599896986,0,0.0,0.03596616000140784,0,7,7,C,5327,0.4968944099378882,True,4.3180091319882195
0,38.567232873078325,963,0,,0.4596194077712549,0.6537992480007233,astar,False,0,239019,0,16812,2145,0.1735680929996306,0,0.0,0.049884455002029426,0,6,6,C,5328,0.422360248447205,True,2.431802653998602
0,41.492258754146306,1085,0,,0.4596194077712549,0.6503222450046451,astar,False,0,347552,0,49641,6381,0.39885543000127655,0,0.0,0.10525314000551589,0,8,8,C,5329,0.5217391304347826,True,4.077335228997981
0,37.6613199902107,935,0,,0.481300322044355,0.7504620100007742,astar,False,0,142229,0,133413,16800,0.13319334499828983,0,0.0,0.20630793199961772,0,4,4,C,5330,0.38509316770186336,True,2.167896827995719
0,38.059914421889026,949,0,,0.46157339611377224,0.5278010670008371,astar,False,0,154663,0,13186,1685,0.10495574300148292,0,0.0,0.028203410001879092,0,7,7,C,5331,0.34782608695652173,True,2.2475061449877103
0,44.427368165198665,1191,0,,0.46157339611377224,1.560135662999528,astar,False,0,326035,0,9000,1126,0.2201019899948733,0,0.0,0.03201983100007055,0,7,7,C,5332,0.4472049689440994,True,6.618733252013044
0,41.22080126565616,1076,0,,0.4596194077712549,1.3718515439977637,astar,False,0,316183,0,32314,4082,0.2804554200047278,0,0.0,0.08356348099914612,0,7,7,C,5333,0.4782608695652174,True,5.157061999008874
0,37.78587966235778,955,0,,0.4596194077712549,0.4715058849978959,astar,False,0,255527,0,8601,1103,0.10287647000222933,0,0.0,0.02487187100632582,0,8,8,C,5334,0.42857142857142855,True,2.4490671800012933
0,39.22082294251548,1022,0,,0.4596194077712549,0.8168921960022999,astar,False,0,225565,0,9783,1265,0.21423594399675494,0,0.0,0.026202820998150855,0,5,5,C,5335,0.32298136645962733,True,1.7124830240063602
0,37.577374727070904,940,0,,0.4596194077712549,0.8302266680038883,astar,False,0,200905,0,49307,6183,0.4259430859965505,0,0.0,0.09260575700318441,0,6,6,C,5336,0.4161490683229814,True,2.304678555999999
0,39.22976621936953,996,0,,0.481300322044355,1.0899746360009885,astar,False,0,346694,0,7745,986,0.06463815100141801,0,0.0,0.031027878998429514,0,8,8,C,5337,0.45962732919254656,True,3.941443930983951
0,38.21587764407942,964,0,,0.4850257725111133,0.6628762269974686,astar,False,0,291337,0,16910,2130,0.5944264560021111,0,0.0,0.06003099299414316,0,5,5,C,5338,0.42857142857142855,True,2.568014705000678
0,39.81784136079899,1012,0,,0.4596194077712549,0.7770639930022298,astar,False,0,289182,0,16569,2134,0.3583818360057194,0,0.0,0.041173190002155025,0,6,6,C,5339,0.39751552795031053,True,2.569239705997461
0,38.5109797345699,980,0,,0.4596194077712549,0.5741085919944453,astar,False,0,265949,0,86631,10995,0.41734775199438445,0,0.0,0.1545829250026145,0,6,6,C,5340,0.4409937888198758,True,2.0393581879980047
0,37.22458581683463,926,0,,0.49239212016440975,0.8063338979991386,astar,False,0,156739,0,23912,3043,0.14220601100532804,0,0.0,0.05323046099510975,0,6,6,C,5341,0.37888198757763975,True,2.8624541299941484
0,40.77744946018512,1033,0,,0.4596194077712549,0.8666159169952152,astar,False,0,300509,0,8788,1142,0.16632273399591213,0,0.0,0.012751786001899745,0,5,5,C,5342,0.42857142857142855,True,2.746498142994824
0,37.92003773484178,964,0,,0.481300322044355,0.9250560250002309,astar,False,0,271209,0,7408,929,0.10723854300158564,0,0.0,0.04559196999616688,0,5,5,C,5343,0.34782608695652173,True,2.7118020550042274
0,37.22009071454919,907,0,,0.4596194077712549,0.9883891310018953,astar,False,0,258980,0,6797,858,0.19821958299871767,0,0.0,0.02236937400448369,0,6,6,C,5344,0.38509316770186336,True,3.479756842003553
0,38.57775354575326,974,0,,0.4596194077712549,1.2930366020009387,astar,False,0,251293,0,9592,1221,0.19081609600107186,0,0.0,0.03857784399588127,0,6,6,C,5345,0.37267080745341613,True,3.510789947991725
0,40.53393827434677,1053,0,,0.4596194077712549,0.9476209529966582,astar,False,0,326579,0,14942,1929,0.17772129800141556,0,0.0,0.0410034060041653,0,8,8,C,5346,0.39751552795031053,True,4.040438216987241
0,39.68463798093916,994,0,,0.4596194077712549,0.5149026450017118,astar,False,0,183354,0,85391,10714,0.255404041003203,0,0.0,0.15265967400046065,0,7,7,C,5347,0.43478260869565216,True,2.512288101010199
0,41.79413994977768,1057,0,,0.4596194077712549,1.0582941090033273,astar,False,0,344848,0,8757,1129,0.18949938700097846,0,0.0,0.03404157000477426,0,5,5,C,5348,0.4472049689440994,True,3.6186354919991572
0,40.144169444196436,1061,0,,0.4596194077712549,1.534918994999316,astar,False,0,332538,0,6431,848,0.7452669749982306,0,0.0,0.03224558800138766,0,5,5,C,5349,0.4968944099378882,True,5.187019658987992
0,37.94176161223602,931,0,,0.4596194077712549,1.1827834569994593,astar,False,0,307066,0,11338,1432,0.20735231100115925,0,0.0,0.04178926600434352,0,6,6,C,5350,0.36645962732919257,True,2.683536606004054
0,39.94920623244621,1012,0,,0.4596194077712549,0.9518111460056389,astar,False,0,306860,0,6948,875,0.28072607799549587,0,0.0,0.030344701001013163,0,5,5,C,5351,0.4161490683229814,True,3.0215504779989715
0,40.784244862752026,1095,0,,0.4628714724413279,1.759570646994689,astar,False,0,316280,0,28960,3640,0.1492606949977926,0,0.0,0.07934082200517878,0,8,8,C,5352,0.5341614906832298,True,6.418131631995493
0,38.79804693308025,978,0,,0.4596194077712549,1.2838429719995474,astar,False,0,304017,0,7610,1004,0.25170780600456055,0,0.0,0.047603068000171334,0,7,7,C,5353,0.453416149068323,True,3.3136065420039813
0,39.35671031801306,991,0,,0.4596194077712549,0.7151970740014804,astar,False,0,271470,0,10609,1360,0.10074720199918374,0,0.0,0.050166557004558854,0,9,9,C,5354,0.32298136645962733,True,2.8092476409874507
0,37.854174255020006,928,0,,0.4596194077712549,0.909951474997797,astar,False,0,226753,0,7705,985,0.056986459996551275,0,0.0,0.023765419995470438,0,6,6,C,5355,0.39751552795031053,True,2.7648282569862204
0,38.45588368150081,942,0,,0.4596194077712549,0.782868927999516,astar,False,0,247012,0,11041,1393,0.2151213170000119,0,0.0,0.029805066995322704,0,7,7,C,5356,0.391304347826087,True,2.3910216439981014
0,39.849863404262145,991,0,,0.4596194077712549,0.7135117509969859,astar,False,0,301284,0,11204,1413,0.26522665100492304,0,0.0,0.03753217800112907,0,6,6,C,5357,0.453416149068323,True,2.500994196998363
0,41.91464328627572,1057,0,,0.481300322044355,0.8852447690005647,astar,False,0,278300,0,9524,1218,0.1689405520010041,0,0.0,0.03570969499560306,0,7,7,C,5358,0.4409937888198758,True,2.7835290859948145
0,37.401520667776204,932,0,,0.4596194077712549,0.9307738690040424,astar,False,0,299368,0,2554,334,0.10999108699616045,0,0.0,0.003949218997149728,0,6,6,C,5359,0.4906832298136646,True,2.667792416010343
0,38.06547737696731,942,0,,0.4596194077712549,0.4844111740021617,astar,False,0,274511,0,9662,1212,0.16803596100362483,0,0.0,0.03088831700006267,0,8,8,C,5360,0.4472049689440994,True,2.464450213010423
0,37.86968092038775,969,0,,0.4596194077712549,0.42252509799436666,astar,False,0,215978,0,6278,806,0.1787691750068916,0,0.0,0.009391147999849636,0,7,7,C,5361,0.40993788819875776,True,2.253908358994522
0,36.620227767688576,927,0,,0.4596194077712549,0.7190131710012793,astar,False,0,272891,0,11230,1440,0.35861246699641924,0,0.0,0.04967009300162317,0,6,6,C,5362,0.34782608695652173,True,2.6504526420030743
0,38.4706103185745,990,0,,0.4596194077712549,1.0047987540019676,astar,False,0,272019,0,20657,2666,0.9350192100027925,0,0.0,0.06915330300398637,0,5,5,C,5363,0.42857142857142855,True,3.1246577779966174
0,38.278390154235495,971,0,,0.4596194077712549,0.7672822530003032,astar,False,0,254034,0,10167,1280,0.1915127630054485,0,0.0,0.026541767998423893,0,7,7,C,5364,0.4782608695652174,True,3.8033897549976246
0,38.13637014794762,973,0,,0.4596194077712549,0.537968071999785,astar,False,0,286412,0,7928,992,0.3305937149998499,0,0.0,0.029866076998587232,0,8,8,C,5365,0.391304347826087,True,2.796529642007954
0,37.7876241245474,920,0,,0.4596194077712549,0.7285047750046942,astar,False,0,311066,0,6007,766,0.2994262130014249,0,0.0,0.030111443003988825,0,5,5,C,5366,0.4472049689440994,True,2.7583023070110357
0,36.466972512510296,879,0,,0.481300322044355,0.689840393999475,astar,False,0,88456,0,44714,5599,0.28846329000225523,0,0.0,0.07069221200072207,0,3,3,C,5367,0.42857142857142855,True,1.5575871809996897
0,39.8430073948371,1018,0,,0.4596194077712549,0.7198950489982963,astar,False,0,316082,0,8929,1141,0.13377664099971298,0,0.0,0.03254624200053513,0,8,8,C,5368,0.38509316770186336,True,3.6423726319917478
0,39.236740898672565,992,0,,0.49239212016440975,0.7506459280048148,astar,False,0,316191,0,16332,2052,0.40180487299949164,0,0.0,0.06157400800293544,0,6,6,C,5369,0.4472049689440994,True,2.806045556004392
0,39.22809110600785,1026,0,,0.4596194077712549,1.351206788996933,astar,False,0,327762,0,6718,859,0.15994375599984778,0,0.0,0.029365235001023393,0,6,6,C,5370,0.4161490683229814,True,3.526989884005161
0,36.79559682490004,925,0,,0.4596194077712549,0.9161505719966954,astar,False,0,276926,0,53907,6759,0.2478064640017692,0,0.0,0.11414442600653274,0,6,6,C,5371,0.42857142857142855,True,3.1386240200008615
0,39.21736263469898,968,0,,0.4596194077712549,1.0031515429946012,astar,False,0,303019,0,6727,864,0.22738407499855384,0,0.0,0.02936554299958516,0,6,6,C,5372,0.42857142857142855,True,2.270398705994012
0,38.26842744657498,947,0,,0.4769171835864189,0.6785260940014268,astar,False,0,288459,0,20251,2622,0.33704896000563167,0,0.0,0.06503422700188821,0,6,6,C,5373,0.4968944099378882,True,2.684993996997946
0,39.31211834712781,987,0,,0.4596194077712549,0.8097220659983577,astar,False,0,286950,0,50501,6329,0.15995259400369832,0,0.0,0.1082103719963925,0,8,8,C,5374,0.4472049689440994,True,2.4328253520070575
0,40.84651381271007,1030,0,,0.4596194077712549,1.1055110239976784,astar,False,0,332243,0,10245,1294,0.4884508739996818,0,0.0,0.033803218000684865,0,7,7,C,5375,0.4472049689440994,True,3.4722241159979603
0,38.26669472715632,977,0,,0.481300322044355,0.764680442000099,astar,False,0,292425,0,10338,1310,0.2406184729989036,0,0.0,0.050521709003078286,0,9,9,C,5376,0.45962732919254656,True,3.5973994719970506
0,41.540453390604384,1092,0,,0.4596194077712549,1.7066527610004414,astar,False,0,321393,0,9729,1257,0.15058883500023512,0,0.0,0.012889411998912692,0,8,8,C,5377,0.5279503105590062,True,5.469993521001015
0,39.692034632670016,1010,0,,0.4596194077712549,1.0231064179970417,astar,False,0,206956,0,5256,664,0.08481089799897745,0,0.0,0.018950843004859053,0,8,8,C,5378,0.422360248447205,True,3.219231315997604
0,37.01294981328729,914,0,,0.4596194077712549,1.0439330139997764,astar,False,0,329796,0,9497,1191,0.21830345399939688,0,0.0,0.03287049299979117,0,5,5,C,5379,0.422360248447205,True,3.149014069007535
0,38.28291031200964,977,0,,0.4596194077712549,0.8848343360004947,astar,False,0,286264,0,7774,1012,0.17848234900156967,0,0.0,0.032912239999859594,0,8,8,C,5380,0.4409937888198758,True,3.956290922003973
0,38.14962700180088,940,0,,0.4596194077712549,0.5518714580030064,astar,False,0,233913,0,10341,1364,0.14807890300289728,0,0.0,0.028070425003534183,0,6,6,C,5381,0.39751552795031053,True,2.5306341879986576
0,39.77405631002043,1014,0,,0.4596194077712549,0.6950715229977504,astar,False,0,285952,0,13874,1806,0.15429110599507112,0,0.0,0.036179809998429846,0,8,8,C,5382,0.37888198757763975,True,2.9310710539866704
0,39.992998569852084,1022,0,,0.4596194077712549,0.5373866969966912,astar,False,0,202528,0,5526,720,0.09898150200024247,0,0.0,0.019246294999902602,0,8,8,C,5383,0.37888198757763975,True,2.0045361499942373
0,37.57623078654974,917,0,,0.4596194077712549,1.1485267370007932,astar,False,0,315773,0,11133,1424,0.7527535750050447,0,0.0,0.053495751999435015,0,4,4,C,5384,0.422360248447205,True,2.4120407459922717
0,40.64414622223614,1085,0,,0.4596194077712549,1.265804759997991,astar,False,0,342959,0,5040,646,0.16311413299990818,0,0.0,0.028024578998156358,0,7,7,C,5385,0.453416149068323,True,3.251318511000136
0,41.49679699886529,1083,0,,0.4596194077712549,1.5662673449987778,astar,False,0,347591,0,16084,2073,0.598306161002256,0,0.0,0.04171550099999877,0,7,7,C,5386,0.422360248447205,True,3.946804439990956
0,39.234756736713265,1009,0,,0.4596194077712549,0.7528085009980714,astar,False,0,315299,0,37157,4777,0.29739610900287516,0,0.0,0.08838036399538396,0,7,7,C,5387,0.38509316770186336,True,2.84294775599119
0,37.785719788730965,950,0,,0.4596194077712549,0.7931828900036635,astar,False,0,328659,0,9123,1160,0.11699452600441873,0,0.0,0.03173262500058627,0,8,8,C,5388,0.453416149068323,True,2.651067630991747
0,37.49716414830441,939,0,,0.46738634982207333,0.6113124619951122,astar,False,0,231126,0,24123,3036,0.5520889649997116,0,0.0,0.05862070199509617,0,6,6,C,5389,0.4968944099378882,True,1.9210217610016116
0,42.15513104601816,1082,0,,0.4596194077712549,0.9312638460032758,astar,False,0,269163,0,33195,4269,0.24960746100259712,0,0.0,0.07880118199682329,0,6,6,C,5390,0.4658385093167702,True,2.861585692000517
0,36.92356555625334,913,0,,0.4596194077712549,0.6726648660041974,astar,False,0,266261,0,2987,397,0.0907087409941596,0,0.0,0.021456500006024726,0,8,8,C,5391,0.36024844720496896,True,2.328673208998225
0,36.52465009695121,899,0,,0.4596194077712549,1.0998953620000975,astar,False,0,246875,0,8173,1036,0.0670978220005054,0,0.0,0.02560111499769846,0,8,8,C,5392,0.42857142857142855,True,2.7034652599904803
0,38.403487258896526,962,0,,0.4596194077712549,0.7232305310026277,astar,False,0,299602,0,30112,3870,0.35861896900314605,0,0.0,0.07778722600050969,0,7,7,C,5393,0.4161490683229814,True,2.8691632490081247
0,44.34509775427122,1123,0,,0.49239212016440975,1.1276290720052202,astar,False,0,320159,0,94809,11878,0.2491960109982756,0,0.0,0.17689229400275508,0,6,6,C,5394,0.4720496894409938,True,2.89593985000829
0,43.28509567175565,1144,0,,0.4850257725111133,1.0494450699989102,astar,False,0,303332,0,36008,4524,0.1642960419994779,0,0.0,0.08678836599574424,0,7,7,C,5395,0.453416149068323,True,3.7286536210012855
0,39.07998673376331,983,0,,0.4596194077712549,0.728060450994235,astar,False,0,303604,0,6976,885,0.18512297800043598,0,0.0,0.02830845300195506,0,7,7,C,5396,0.45962732919254656,True,3.209361220993742
0,38.68323384251966,1010,0,,0.4596194077712549,1.1435257340053795,astar,False,0,314192,0,10734,1388,0.173103531000379,0,0.0,0.03455953700176906,0,9,9,C,5397,0.4720496894409938,True,4.782667407002009
0,35.961500519267794,884,0,,0.46738634982207333,0.6711305389981135,astar,False,0,302736,0,17186,2206,0.3044020119996276,0,0.0,0.061658120997890364,0,6,6,C,5398,0.37267080745341613,True,2.268896378984209
0,37.59557424835767,935,0,,0.4596194077712549,0.9869421050025267,astar,False,0,327805,0,8523,1101,0.271051632000308,0,0.0,0.032843876993865706,0,7,7,C,5399,0.43478260869565216,True,3.145692865997262
0,36.50250969932754,886,0,,0.4596194077712549,0.7257447160009178,astar,False,0,253265,0,10065,1266,0.24827414200262865,0,0.0,0.04058709899982205,0,4,4,C,5400,0.39751552795031053,True,1.9178230239995173
0,41.24341484085682,1073,0,,0.4596194077712549,1.0386769180040574,astar,False,0,348606,0,9658,1244,0.13291279200348072,0,0.0,0.05906378000508994,0,6,6,C,5401,0.34782608695652173,True,3.287520998994296
0,39.09603324915985,971,0,,0.481300322044355,1.0163637650039163,astar,False,0,320504,0,13084,1639,0.09860526800184743,0,0.0,0.03655014999822015,0,6,6,C,5402,0.4409937888198758,True,2.789025160993333
0,37.88984978963979,940,0,,0.4596194077712549,0.776796734004165,astar,False,0,258690,0,13300,1728,0.16493295800319174,0,0.0,0.045458699998562224,0,5,5,C,5403,0.34782608695652173,True,2.0236273519985843
0,38.21474446606195,953,0,,0.4596194077712549,0.6904383299988694,astar,False,0,275859,0,7534,960,0.09908030299993698,0,0.0,0.028736742002365645,0,9,9,C,5404,0.45962732919254656,True,2.9151823399879504
0,40.76625620042133,1033,0,,0.4596194077712549,1.166436973006057,astar,False,0,308840,0,10465,1339,0.2438762709934963,0,0.0,0.03574314800061984,0,6,6,C,5405,0.42857142857142855,True,3.4177998800150817
0,36.328676904122375,909,0,,0.4596194077712549,1.0736425170034636,astar,False,0,260107,0,8659,1109,0.10879772400221555,0,0.0,0.024935983994510025,0,7,7,C,5406,0.3416149068322981,True,2.528111131010519
0,43.88928171542736,1153,0,,0.49239212016440975,1.279770920998999,astar,False,0,276227,0,76502,9601,0.25984568599960767,0,0.0,0.1462888780006324,0,7,7,C,5407,0.453416149068323,True,4.390152623003814
0,37.868945014813505,952,0,,0.4596194077712549,1.2197544169976027,astar,False,0,247440,0,6110,777,0.22795138400397263,0,0.0,0.02195000200299546,0,6,6,C,5408,0.422360248447205,True,2.924419940005464
0,38.56759887940358,963,0,,0.4596194077712549,0.5344853299975512,astar,False,0,184571,0,61536,7723,0.25775126699591056,0,0.0,0.11554201199760428,0,8,8,C,5409,0.422360248447205,True,2.66368613398663
0,42.08939959799554,1103,0,,0.4887228253314979,0.992320662997372,astar,False,0,303826,0,6704,848,0.3421505079968483,0,0.0,0.02853059100016253,0,7,7,C,5410,0.40993788819875776,True,3.567222519995994
0,39.64724984612925,1002,0,,0.4850257725111133,1.0809391439979663,astar,False,0,321277,0,37758,4761,0.2313607160031097,0,0.0,0.09703885299677495,0,7,7,C,5411,0.38509316770186336,True,3.7559015359947807
0,38.0436318209811,955,0,,0.4596194077712549,0.6720166129962308,astar,False,0,173847,0,58957,7421,0.12010575200110907,0,0.0,0.10452779300248949,0,5,5,C,5412,0.39751552795031053,True,2.2414898599890876
0,40.00516776750551,1052,0,,0.4596194077712549,0.9837542929963092,astar,False,0,338882,0,7570,980,0.1784539290019893,0,0.0,0.03385849399637664,0,8,8,C,5413,0.4782608695652174,True,4.084952726996562
0,38.65475017073985,968,0,,0.4596194077712549,1.0500061029961216,astar,False,0,248485,0,7179,911,0.09704958599468227,0,0.0,0.022863942002004478,0,6,6,C,5414,0.38509316770186336,True,2.5029871330043534
0,37.7538642420423,924,0,,0.4596194077712549,0.8882164929964347,astar,False,0,274807,0,9521,1204,0.43057505400065565,0,0.0,0.05007108700374374,0,5,5,C,5415,0.45962732919254656,True,2.3384609459972125
0,38.39683265297857,995,0,,0.4596194077712549,0.8115467359966715,astar,False,0,354464,0,10395,1325,0.1299177740002051,0,0.0,0.03505987399694277,0,9,9,C,5416,0.4409937888198758,True,3.770005685997603
0,39.323030847732724,983,0,,0.4596194077712549,0.7081735610045143,astar,False,0,276329,0,12463,1564,0.30781692099844804,0,0.0,0.03436822399817174,0,7,7,C,5417,0.43478260869565216,True,3.260511405991565
0,38.09098447507352,964,0,,0.4596194077712549,0.8654153710012906,astar,False,0,238064,0,55780,6978,0.27957258799870033,0,0.0,0.10608977099764161,0,5,5,C,5418,0.39751552795031053,True,2.8595729380031116
0,42.97862919319608,1117,0,,0.4596194077712549,1.714506682001229,astar,False,0,255144,0,6816,866,0.1598143940063892,0,0.0,0.023009805001493078,0,6,6,C,5419,0.4720496894409938,True,4.0414086369928555
0,38.20532187052703,934,0,,0.4596194077712549,0.7693651169975055,astar,False,0,290176,0,8710,1123,0.17982781400496606,0,0.0,0.05795364199730102,0,5,5,C,5420,0.422360248447205,True,2.2113276710006176
0,42.12960330328587,1079,0,,0.4596194077712549,1.680754433000402,astar,False,0,299831,0,10982,1387,0.14876990500488319,0,0.0,0.03413379600533517,0,7,7,C,5421,0.40372670807453415,True,4.3648342870073975
0,43.432663865040375,1142,0,,0.4596194077712549,1.317178707999119,astar,False,0,331467,0,7858,992,0.20826440199743956,0,0.0,0.031198000004224014,0,10,10,C,5422,0.4658385093167702,True,6.486524395993911
0,41.459801527486775,1096,0,,0.4596194077712549,1.4659000110041234,astar,False,0,293625,0,5159,660,0.2450443789930432,0,0.0,0.04654259399831062,0,6,6,C,5423,0.43478260869565216,True,4.210750562007888
0,42.06572852434428,1124,0,,0.4596194077712549,1.065626292998786,astar,False,0,318129,0,8923,1158,0.24752100199839333,0,0.0,0.032631828005833086,0,9,9,C,5424,0.453416149068323,True,5.484476111989352
0,39.1028644372794,965,0,,0.4596194077712549,0.4519784889998846,astar,False,0,188187,0,5472,704,0.295592342998134,0,0.0,0.019546153002011124,0,7,7,C,5425,0.42857142857142855,True,2.107751257994096
0,39.17574675286082,1039,0,,0.4850257725111133,0.961576875000901,astar,False,0,306285,0,9244,1212,0.3262795990012819,0,0.0,0.05469625700061442,0,6,6,C,5426,0.391304347826087,True,3.310375261004083
0,39.31256196453751,981,0,,0.4596194077712549,0.6171112119991449,astar,False,0,286340,0,10694,1371,0.15776204299618257,0,0.0,0.051697160000912845,0,6,6,C,5427,0.39751552795031053,True,2.6117902239930118
0,41.344680639748034,1089,0,,0.4596194077712549,0.6934758240022347,astar,False,0,333140,0,28871,3723,0.30637399899569573,0,0.0,0.055708291998598725,0,8,8,C,5428,0.40372670807453415,True,3.385738303011749
0,40.79088669378243,1032,0,,0.4596194077712549,0.8466590759999235,astar,False,0,396250,0,8461,1084,0.23332373599987477,0,0.0,0.033530733999214135,0,7,7,C,5429,0.5279503105590062,True,3.7422985859957407
0,43.36381597417316,1191,0,,0.481300322044355,1.437917868999648,astar,False,0,365316,0,9234,1201,0.38277276199369226,0,0.0,0.03382270300062373,0,9,9,C,5430,0.5217391304347826,True,6.743694695993327
0,38.03607611740961,947,0,,0.4596194077712549,1.0184554930019658,astar,False,0,246288,0,2610,338,0.1841860970016569,0,0.0,0.018413170000712853,0,7,7,C,5431,0.37888198757763975,True,2.5949486539902864
0,39.43795807890113,1019,0,,0.4596194077712549,0.910613772997749,astar,False,0,322804,0,4323,556,0.2743430759946932,0,0.0,0.04603319899615599,0,7,7,C,5432,0.39751552795031053,True,4.007929485000204
0,37.586115371960595,921,0,,0.4628714724413279,0.7988551369999186,astar,False,0,234514,0,27566,3468,0.2781032470011269,0,0.0,0.07548016899818322,0,5,5,C,5433,0.36024844720496896,True,2.8881912760043633
0,39.03835664118683,1009,0,,0.4596194077712549,1.5662963040012983,astar,False,0,284757,0,9881,1256,0.13319842900091317,0,0.0,0.05044639499828918,0,6,6,C,5434,0.38509316770186336,True,3.5988533639902016
0,45.152110967402955,1186,0,,0.4596194077712549,1.518872836997616,astar,False,0,323649,0,7623,998,0.2663961180005572,0,0.0,0.05132413700630423,0,8,8,C,5435,0.5093167701863354,True,5.7819311849962105
0,36.798159765592565,917,0,,0.4596194077712549,0.6383455570030492,astar,False,0,240585,0,30476,3906,0.5667640799947549,0,0.0,0.07083449899801053,0,5,5,C,5436,0.3416149068322981,True,1.9374168049980653
0,36.1470108940476,875,0,,0.4596194077712549,0.8618587070013746,astar,False,0,213321,0,5951,753,0.43320044300344307,0,0.0,0.020671866004704498,0,4,4,C,5437,0.37267080745341613,True,1.797778483996808
0,38.40491123344126,936,0,,0.4596194077712549,0.5908851779968245,astar,False,0,249546,0,4729,613,0.17604687399580143,0,0.0,0.019441600998106878,0,6,6,C,5438,0.391304347826087,True,2.364273029998003
0,40.46584182996188,1067,0,,0.4596194077712549,0.8631353230011882,astar,False,0,334680,0,33084,4244,0.2818794880004134,0,0.0,0.06986412999685854,0,7,7,C,5439,0.4472049689440994,True,3.591968157001247
0,39.28200707101627,1005,0,,0.46157339611377224,1.314669587998651,astar,False,0,309972,0,10678,1361,0.18006756300019333,0,0.0,0.03415844200208085,0,6,6,C,5440,0.422360248447205,True,4.615988089994062
0,40.089020760975025,1027,0,,0.481300322044355,0.772904034005478,astar,False,0,214418,0,161727,20252,0.2053292609998607,0,0.0,0.2627402259968221,0,5,5,C,5441,0.43478260869565216,True,2.5452001099984045
0,38.741659593369455,1000,0,,0.4628714724413279,0.8555461789947003,astar,False,0,319773,0,23925,2996,0.1537558740019449,0,0.0,0.07790862600086257,0,7,7,C,5442,0.4409937888198758,True,3.7466796709995833
0,39.3863123785659,976,0,,0.4628714724413279,0.8791016260001925,astar,False,0,256857,0,112650,14119,0.6623134959954768,0,0.0,0.1958767439937219,0,5,5,C,5443,0.43478260869565216,True,2.5021761499883723
0,38.110154969678675,942,0,,0.4596194077712549,0.9211985279980581,astar,False,0,345989,0,8474,1067,0.8141011370025808,0,0.0,0.032136531997821294,0,6,6,C,5444,0.43478260869565216,True,3.396443197991175
0,40.88568251868275,1042,0,,0.4596194077712549,0.9784350849949988,astar,False,0,314953,0,8450,1073,0.6878440380023676,0,0.0,0.030804572001216002,0,6,6,C,5445,0.515527950310559,True,4.28360990199144
0,38.44093965945777,980,0,,0.4596194077712549,1.2213100410008337,astar,False,0,327732,0,7486,944,0.2222300119974534,0,0.0,0.05045523100125138,0,8,8,C,5446,0.43478260869565216,True,4.577018537005642
0,39.800400115489126,1027,0,,0.4596194077712549,1.0398664759995881,astar,False,0,349037,0,10980,1394,0.2686993679963052,0,0.0,0.036133972003881354,0,7,7,C,5447,0.4720496894409938,True,3.4808860899938736
0,41.77530337493154,1089,0,,0.4596194077712549,0.848164718998305,astar,False,0,339796,0,31828,4051,0.47352569900249364,0,0.0,0.09401513099874137,0,7,7,C,5448,0.4658385093167702,True,3.459629732009489
0,37.34659634769569,953,0,,0.4596194077712549,0.9599843949981732,astar,False,0,288377,0,8441,1081,0.20666653800435597,0,0.0,0.049541363994649146,0,6,6,C,5449,0.4720496894409938,True,2.8717233430143096
0,37.76247145215427,942,0,,0.49239212016440975,0.6045250739989569,astar,False,0,254013,0,15649,1994,0.28102420100185554,0,0.0,0.04874160699546337,0,6,6,C,5450,0.38509316770186336,True,2.5981678659954923
0,40.25951564514449,1029,0,,0.4596194077712549,0.9580300489978981,astar,False,0,254026,0,7794,996,0.11345162100042216,0,0.0,0.025090935996558983,0,7,7,C,5451,0.43478260869565216,True,2.823005300000659
0,39.1255937702344,973,0,,0.4596194077712549,0.854760335998435,astar,False,0,217360,0,18119,2314,0.14483062200451968,0,0.0,0.03859576799732167,0,6,6,C,5452,0.40372670807453415,True,2.4467097469969303
0,37.54431681342959,935,0,,0.4596194077712549,1.0154919199994765,astar,False,0,242896,0,138731,17456,0.3850158299974282,0,0.0,0.22851893400365952,0,5,5,C,5453,0.40372670807453415,True,2.428945132989611
0,40.084479579945125,1051,0,,0.4596194077712549,0.9983150599946384,astar,False,0,300394,0,11596,1511,0.3227623479979229,0,0.0,0.05338533600297524,0,7,7,C,5454,0.4782608695652174,True,3.828105589003826
0,37.37472753759609,951,0,,0.4596194077712549,0.8523372629933874,astar,False,0,372397,0,9944,1269,0.10476577300141798,0,0.0,0.03852002599887783,0,8,8,C,5455,0.4409937888198758,True,4.217855137001607
0,43.64385337701326,1165,0,,0.47502631506054627,1.0146181220043218,astar,False,0,319662,0,12224,1577,0.3593311640070169,0,0.0,0.03488417799962917,0,7,7,C,5456,0.4409937888198758,True,4.342662505012413
0,39.1764744559883,966,0,,0.4596194077712549,0.983655332995113,astar,False,0,346783,0,68067,8592,0.3891257989962469,0,0.0,0.13737398800003575,0,6,6,C,5457,0.45962732919254656,True,2.7401371909945738
0,39.37489701586767,1007,0,,0.4596194077712549,0.7708004739979515,astar,False,0,346076,0,12575,1633,0.25344241399579914,0,0.0,0.05984631000319496,0,8,8,C,5458,0.40993788819875776,True,4.524702939008421
0,39.835366308557276,1041,0,,0.4596194077712549,1.3794921910011908,astar,False,0,308000,0,10097,1288,0.1241362719956669,0,0.0,0.03340887200465659,0,7,7,C,5459,0.43478260869565216,True,3.6460755709995283
0,38.923317683555844,977,0,,0.4596194077712549,0.8105639010027517,astar,False,0,292942,0,10581,1343,0.3473715989966877,0,0.0,0.036443290002353024,0,6,6,C,5460,0.4161490683229814,True,3.2398825160053093
0,38.25648602953711,976,0,,0.4596194077712549,0.7948108350028633,astar,False,0,300466,0,23867,3017,0.3690943320034421,0,0.0,0.06972683699859772,0,6,6,C,5461,0.4782608695652174,True,3.6198615560133476
0,43.638502252161544,1155,0,,0.4596194077712549,1.2127052349969745,astar,False,0,337365,0,8030,1031,0.08097350600291975,0,0.0,0.010957357997540385,0,9,9,C,5462,0.4658385093167702,True,5.020497614990745
0,38.57714978040324,967,0,,0.4596194077712549,0.8479285019930103,astar,False,0,209591,0,8281,1051,0.19955981399834855,0,0.0,0.022848549000627827,0,6,6,C,5463,0.42857142857142855,True,2.971766967981239
0,42.54338718599332,1100,0,,0.481300322044355,1.3040679589976207,astar,False,0,367768,0,4984,640,0.1969299080010387,0,0.0,0.028663230004895013,0,7,7,C,5464,0.453416149068323,True,3.7159137220151024
0,38.81755418701026,1012,0,,0.4596194077712549,1.116790376996505,astar,False,0,328829,0,25441,3251,0.28145206599583616,0,0.0,0.06087680999917211,0,8,8,C,5465,0.4720496894409938,True,3.2893232469941722
0,38.292726008339685,963,0,,0.4596194077712549,1.0172228459996404,astar,False,0,239763,0,8828,1124,0.07632861699676141,0,0.0,0.026648104001651518,0,7,7,C,5466,0.40993788819875776,True,2.962392158988223
0,37.57792310212911,940,0,,0.4596194077712549,0.8855322089948459,astar,False,0,314109,0,7636,978,0.27136054600123316,0,0.0,0.03257392700470518,0,6,6,C,5467,0.5093167701863354,True,3.274681230985152
0,40.980273178539775,1042,0,,0.4596194077712549,1.110200276998512,astar,False,0,345102,0,6794,870,0.11866329400072573,0,0.0,0.029556196001067292,0,9,9,C,5468,0.484472049689441,True,4.470769860992732
0,39.370532000709666,983,0,,0.4596194077712549,1.0645686139978352,astar,False,0,254057,0,10147,1287,0.11440966399823083,0,0.0,0.027791194996098056,0,7,7,C,5469,0.36645962732919257,True,2.7596382400006405
0,38.19259604177191,962,0,,0.4596194077712549,1.3713485639964347,astar,False,0,167134,0,41136,5174,0.1653933620036696,0,0.0,0.08196012800181052,0,5,5,C,5470,0.422360248447205,True,3.1789051290033967
0,38.76588489769463,971,0,,0.46157339611377224,0.704466584000329,astar,False,0,265337,0,13877,1741,0.17744410599698313,0,0.0,0.053402102006657515,0,8,8,C,5471,0.45962732919254656,True,2.855638506000105
0,39.49743978781351,1011,0,,0.4596194077712549,0.8423106999980519,astar,False,0,279882,0,11634,1502,0.21302350600308273,0,0.0,0.034611943003255874,0,7,7,C,5472,0.4161490683229814,True,3.432507778008585
0,39.19185497131431,975,0,,0.4628714724413279,0.5900595730054192,astar,False,0,243822,0,31928,4044,0.149230916002125,0,0.0,0.07152103099360829,0,8,8,C,5473,0.42857142857142855,True,2.422786946000997
0,40.95351327846242,1044,0,,0.4596194077712549,0.69928263300244,astar,False,0,292356,0,10827,1378,0.2063809899991611,0,0.0,0.034417039998515975,0,9,9,C,5474,0.42857142857142855,True,2.7736100040056044
0,39.759932993562636,1003,0,,0.4628714724413279,0.5999104919974343,astar,False,0,241315,0,77312,9820,0.269827689997328,0,0.0,0.13899513999785995,0,7,7,C,5475,0.4720496894409938,True,2.762566881996463
0,40.11343551285911,1071,0,,0.46738634982207333,0.8185417369968491,astar,False,0,293091,0,3811,490,0.13521303499874193,0,0.0,0.005542986000364181,0,7,7,C,5476,0.40372670807453415,True,2.5574069849972147
0,41.095881435161864,1084,0,,0.4596194077712549,1.205744525002956,astar,False,0,346482,0,17881,2300,0.1765059680037666,0,0.0,0.08087946200248552,0,8,8,C,5477,0.45962732919254656,True,3.7495696099940687
0,39.15630411371713,967,0,,0.4596194077712549,0.7926581390056526,astar,False,0,244167,0,5684,738,0.3464806609990774,0,0.0,0.02178019600250991,0,6,6,C,5478,0.40372670807453415,True,2.760425636006403
0,39.60724302001664,985,0,,0.49239212016440975,0.6601750510017155,astar,False,0,227722,0,81539,10330,0.20655433999490924,0,0.0,0.1432828020042507,0,6,6,C,5479,0.35403726708074534,True,2.3823910540013458
0,37.95764338717498,949,0,,0.4596194077712549,1.136522328000865,astar,False,0,255989,0,13212,1703,0.33133005099807633,0,0.0,0.031410212999617215,0,5,5,C,5480,0.40372670807453415,True,2.8358858639985556
0,38.26240764810003,947,0,,0.4596194077712549,1.074245587005862,astar,False,0,351822,0,2310,300,0.13808880099531962,0,0.0,0.025082852997002192,0,8,8,C,5481,0.4906832298136646,True,4.006656963007117
0,40.59072415960537,1039,0,,0.4596194077712549,0.9779090119991452,astar,False,0,335898,0,30709,3856,0.2809468880004715,0,0.0,0.09379129199805902,0,6,6,C,5482,0.422360248447205,True,4.125260583001364
0,38.046473940457005,972,0,,0.4596194077712549,1.2165733139991062,astar,False,0,291307,0,45033,5755,0.2849018159977277,0,0.0,0.10363846200198168,0,6,6,C,5483,0.39751552795031053,True,4.815592606995779
0,39.207282790411654,1020,0,,0.47502631506054627,0.6441394100038451,astar,False,0,256724,0,20006,2603,0.27740648300095927,0,0.0,0.03965123499801848,0,8,8,C,5484,0.4658385093167702,True,3.241112782008713
0,42.91229201199047,1119,0,,0.4596194077712549,1.144455387002381,astar,False,0,341635,0,6587,854,0.26904028699937044,0,0.0,0.05101928899966879,0,7,7,C,5485,0.4968944099378882,True,3.4940122940024594
0,39.935000859978054,1018,0,,0.4596194077712549,1.0922865579996142,astar,False,0,254255,0,11751,1496,0.14101748800021596,0,0.0,0.02979106099519413,0,8,8,C,5486,0.43478260869565216,True,3.224118004000047
0,39.4849273775695,994,0,,0.4596194077712549,0.6983650340043823,astar,False,0,189039,0,62975,7878,0.21631341600004816,0,0.0,0.11951839799439767,0,6,6,C,5487,0.4161490683229814,True,2.621971263004525
0,40.80874119008175,1050,0,,0.481300322044355,1.091616856996552,astar,False,0,236861,0,9362,1200,0.07368273199972464,0,0.0,0.04047685499972431,0,7,7,C,5488,0.37888198757763975,True,3.505260639998596
0,40.35593330265927,1028,0,,0.4596194077712549,1.0781668050040025,astar,False,0,259973,0,9675,1244,0.15847835500608198,0,0.0,0.028762062000168953,0,8,8,C,5489,0.4720496894409938,True,3.5758289380028145
0,39.46911280459057,1018,0,,0.4596194077712549,1.1085171309969155,astar,False,0,303986,0,6251,807,0.15430447700055083,0,0.0,0.028532698001072276,0,7,7,C,5490,0.453416149068323,True,4.207097761005571
0,37.373935441217036,940,0,,0.4596194077712549,1.0320457829948282,astar,False,0,249026,0,51774,6535,0.2717445489979582,0,0.0,0.10365697200177237,0,4,4,C,5491,0.36024844720496896,True,2.3632950480023283
0,39.18410423551591,972,0,,0.4596194077712549,0.6285993549972773,astar,False,0,177746,0,119512,14974,0.17742747199372388,0,0.0,0.22409518099448178,0,6,6,C,5492,0.40993788819875776,True,2.1178353099967353
0,39.858547139307476,1018,0,,0.49239212016440975,0.9602377190021798,astar,False,0,328083,0,19196,2418,0.24165763800556306,0,0.0,0.0463143669985584,0,8,8,C,5493,0.4161490683229814,True,4.715864646997943
0,38.8567856221739,1014,0,,0.4596194077712549,0.5691788920012186,astar,False,0,327022,0,10073,1312,0.22683821200189414,0,0.0,0.01372112799435854,0,8,8,C,5494,0.43478260869565216,True,3.4245551049898495
0,38.19438034240158,959,0,,0.4596194077712549,0.7751876699985587,astar,False,0,249790,0,4040,508,0.17395495499658864,0,0.0,0.01934820799942827,0,6,6,C,5495,0.4906832298136646,True,3.019999864001875
0,42.212076122552816,1129,0,,0.4596194077712549,1.504568249998556,astar,False,0,314674,0,25408,3248,0.4999912050043349,0,0.0,0.0759891380002955,0,7,7,C,5496,0.39751552795031053,True,6.928926810003759
0,38.03365655223747,939,0,,0.4596194077712549,0.8153281580016483,astar,False,0,293904,0,34591,4346,0.25214399700053036,0,0.0,0.09204499099723762,0,5,5,C,5497,0.4409937888198758,True,3.1194366840136354
0,42.41642718492593,1068,0,,0.4596194077712549,0.9428517069973168,astar,False,0,270949,0,5728,740,0.10341070099821081,0,0.0,0.008043957001063973,0,6,6,C,5498,0.453416149068323,True,3.2384993710074923
0,39.12349506879609,973,0,,0.4596194077712549,1.1326228979960433,astar,False,0,293933,0,8103,1052,0.2514275909998105,0,0.0,0.030653914000140503,0,6,6,C,5499,0.4161490683229814,True,3.081964117991447
0,41.269541325643665,1049,0,,0.4596194077712549,0.6478093279947643,astar,False,0,236868,0,6529,857,0.13388933399983216,0,0.0,0.021852607002074365,0,7,7,D,5000,0.42,True,3.1104656729949056
0,38.262293361170855,950,0,,0.4596194077712549,0.6894630259994301,astar,False,0,237495,0,8086,1038,0.26324364299944136,0,0.0,0.02749965099792462,0,6,6,D,5001,0.52,True,2.6874623089970555
0,38.436587818709114,989,0,,0.49239212016440975,1.0021365900029195,astar,False,0,257164,0,114316,14355,0.3052296909954748,0,0.0,0.22546214400063036,0,5,5,D,5002,0.46,True,2.8796728480010643
0,39.89279643800082,1025,0,,0.4596194077712549,1.3214890829985961,astar,False,0,292972,0,5455,701,0.320704231999116,0,0.0,0.03041653599939309,0,6,6,D,5003,0.5,True,2.9961537750132266
0,39.221772914195874,986,0,,0.4628714724413279,0.812003390994505,astar,False,0,214681,0,85497,10709,0.28361757800303167,0,0.0,0.14958643999852939,0,5,5,D,5004,0.44,True,2.4256013019912643
0,39.84469943727583,1019,0,,0.4596194077712549,0.8233792570026708,astar,False,0,282195,0,8131,1040,0.16829345899895998,0,0.0,0.050403450994053856,0,7,7,D,5005,0.54,True,3.239033217992983
0,37.11535770175887,918,0,,0.4596194077712549,0.7752726760008954,astar,False,0,282277,0,8764,1132,0.2389185930005624,0,0.0,0.04953857199870981,0,5,5,D,5006,0.49,True,2.311780682997778
0,41.88960865521991,1071,0,,0.481300322044355,0.9502243989991257,astar,False,0,258696,0,27583,3478,0.1430629489987041,0,0.0,0.06804351299797418,0,7,7,D,5007,0.37,True,4.210290388997237
0,41.604784888910416,1063,0,,0.4596194077712549,0.9926598770034616,astar,False,0,248713,0,9982,1279,0.09574423899903195,0,0.0,0.02972503700584639,0,8,8,D,5008,0.44,True,3.8346455060018343
0,41.17116583168163,1053,0,,0.4596194077712549,1.1486241609964054,astar,False,0,279238,0,92369,11683,0.5618313839950133,0,0.0,0.16840330299601192,0,5,5,D,5009,0.5,True,3.9635173569913604
0,38.2768467222124,925,0,,0.4596194077712549,0.8836076780062285,astar,False,0,239893,0,5293,671,0.10719312700530281,0,0.0,0.021022225002525374,0,5,5,D,5010,0.35,True,2.0523067460089806
0,38.76843720404779,971,0,,0.4596194077712549,1.074711084998853,astar,False,0,228619,0,11554,1464,0.25932193900371203,0,0.0,0.04767567899398273,0,5,5,D,5011,0.45,True,2.684761566997622
0,38.98566369634851,1048,0,,0.4596194077712549,0.7207607019954594,astar,False,0,243488,0,75962,9639,0.49867241299944,0,0.0,0.15442425399669446,0,6,6,D,5012,0.47,True,3.2749367039941717
0,36.16063115408308,878,0,,0.481300322044355,0.6032131380052306,astar,False,0,175099,0,27408,3478,0.48096773799625225,0,0.0,0.06578209999861429,0,4,4,D,5013,0.42,True,1.7077097240107832
0,37.26110486086972,939,0,,0.49239212016440975,0.956144697003765,astar,False,0,249447,0,76388,9590,0.22856118100025924,0,0.0,0.1506954950018553,0,5,5,D,5014,0.42,True,2.408690641008434
0,46.1851734563822,1234,0,,0.4596194077712549,2.001881089003291,astar,False,0,275707,0,9864,1246,0.15378654500091216,0,0.0,0.03148158000112744,0,6,6,D,5015,0.43,True,5.584186680003768
0,39.23659181705071,1015,0,,0.4596194077712549,0.9104947950036149,astar,False,0,203947,0,218793,27405,0.31439589200454066,0,0.0,0.3843471150030382,0,5,5,D,5016,0.47,True,3.1843915870049386
0,40.11655561226139,1004,0,,0.4596194077712549,1.2474998100005905,astar,False,0,239460,0,11091,1408,0.12638242099637864,0,0.0,0.030840327999612782,0,6,6,D,5017,0.57,True,3.6520492710042163
0,39.41832001220059,999,0,,0.4628714724413279,0.9563861830029055,astar,False,0,247164,0,48250,6062,0.10698264499660581,0,0.0,0.09577123100461904,0,5,5,D,5018,0.36,True,2.8654365679904004
0,38.278512385926525,971,0,,0.4596194077712549,1.1009640770062106,astar,False,0,285705,0,16061,2083,0.710994415996538,0,0.0,0.05845621300250059,0,4,4,D,5019,0.51,True,3.6404053270016448
0,39.6033077088849,1005,0,,0.47502631506054627,0.6658502409991343,astar,False,0,229324,0,19856,2547,0.15029095100180712,0,0.0,0.04380037200462539,0,7,7,D,5020,0.39,True,3.09652079299849
0,41.33919163304414,1035,0,,0.4596194077712549,0.8837734129992896,astar,False,0,286914,0,6402,822,0.2804642200062517,0,0.0,0.029297535998921376,0,7,7,D,5021,0.52,True,4.053504523006268
0,38.80808752164209,995,0,,0.4596194077712549,0.9932374630006962,astar,False,0,266378,0,44461,5702,0.8863362199990661,0,0.0,0.10599786199600203,0,5,5,D,5022,0.48,True,2.6029613190039527
0,38.229519962002456,957,0,,0.4596194077712549,1.292088469999726,astar,False,0,226449,0,10782,1359,0.34127772999636363,0,0.0,0.026899513002717867,0,7,7,D,5023,0.46,True,4.390719767005066
0,38.064991135519726,935,0,,0.4596194077712549,0.9772541909987922,astar,False,0,138995,0,144267,18042,0.3227804289999767,0,0.0,0.2327839749996201,0,3,3,D,5024,0.44,True,2.0546846659999574
0,36.90310695350789,929,0,,0.4596194077712549,0.7011160919937538,astar,False,0,204888,0,62364,7890,0.28666245200292906,0,0.0,0.11273342500498984,0,4,4,D,5025,0.44,True,1.8671579579968238
0,44.2831600377771,1202,0,,0.481300322044355,1.115411419996235,astar,False,0,287276,0,37128,4743,0.4359854499998619,0,0.0,0.07501752099778969,0,5,5,D,5026,0.45,True,4.37724274599168
0,41.57597917066981,1116,0,,0.489948976935355,0.7942019089969108,astar,False,0,204683,0,20313,2608,0.3166964029951487,0,0.0,0.05022965100215515,0,5,5,D,5027,0.46,True,2.458954073001223
0,36.83180914131833,920,0,,0.4596194077712549,1.0636293810021016,astar,False,0,250582,0,37671,4747,0.22103474300092785,0,0.0,0.09849012400081847,0,5,5,D,5028,0.39,True,2.3655896470008884
0,39.464940350761154,989,0,,0.4596194077712549,0.8900837960027275,astar,False,0,283934,0,9087,1172,0.21315073299774667,0,0.0,0.03168257499783067,0,6,6,D,5029,0.51,True,2.6826024549955036
0,39.02022814611634,961,0,,0.4596194077712549,0.547589963003702,astar,False,0,186864,0,69667,8752,0.26001949299825355,0,0.0,0.13176058200042462,0,8,8,D,5030,0.48,True,2.396133833004569
0,37.91446092500447,942,0,,0.481300322044355,1.1114603840032942,astar,False,0,212230,0,126833,15901,0.20592639799724566,0,0.0,0.22633356000005733,0,5,5,D,5031,0.39,True,3.09911055900011
0,38.80630899566364,964,0,,0.4596194077712549,20.44247267299943,astar,False,0,227382,0,6593,844,0.6423093859993969,0,0.0,0.025069862000236753,0,5,5,D,5032,0.46,True,22.723909359010577
0,37.451685134178916,942,0,,0.49239212016440975,1.5903613260015845,astar,False,0,233319,0,38842,4914,1.4602484040005947,0,0.0,0.12881669699709164,0,4,4,D,5033,0.47,True,3.4650940819992684
0,41.36515457393271,1072,0,,0.4596194077712549,1.5626996460050577,astar,False,0,268641,0,80943,10121,0.36723128700396046,0,0.0,0.22934178500145208,0,7,7,D,5034,0.45,True,4.421536930007278
0,37.818831879076974,950,0,,0.4596194077712549,1.0750862780041643,astar,False,0,221319,0,18888,2402,0.3207498880001367,0,0.0,0.07385815899760928,0,5,5,D,5035,0.41,True,2.7838153670090833
0,43.42721198973538,1142,0,,0.4596194077712549,2.003102538001258,astar,False,0,317983,0,4295,547,0.08254972000577254,0,0.0,0.05869582799641648,0,8,8,D,5036,0.53,True,7.891231474997767
0,42.865157376661855,1168,0,,0.49239212016440975,1.8381667590001598,astar,False,0,304786,0,110592,13857,0.3569577570015099,0,0.0,0.26035345000127563,0,7,7,D,5037,0.56,True,7.888541661006457
0,39.05669283168744,1031,0,,0.4596194077712549,1.112713526999869,astar,False,0,307197,0,29486,3739,0.45651435099716764,0,0.0,0.09880530300142709,0,7,7,D,5038,0.41,True,4.735132308000175
0,38.81286673160728,988,0,,0.4596194077712549,1.1290571380013716,astar,False,0,242477,0,6887,877,0.14426993199595017,0,0.0,0.027868615004990716,0,9,9,D,5039,0.47,True,3.523123494000174
0,38.337913686903924,956,0,,0.4596194077712549,0.7205519010021817,astar,False,0,215255,0,11056,1410,0.10807173100329237,0,0.0,0.04927657900407212,0,7,7,D,5040,0.44,True,2.9541492979915347
0,39.56190006857876,990,0,,0.4628714724413279,0.8063881550042424,astar,False,0,227569,0,71226,8964,0.608119511998666,0,0.0,0.1714336139993975,0,5,5,D,5041,0.36,True,2.5220019860062166
0,38.10328440674286,950,0,,0.4596194077712549,0.7937715720036067,astar,False,0,240215,0,8804,1118,0.12637199800519738,0,0.0,0.03118864600401139,0,6,6,D,5042,0.42,True,2.598110018996522
0,39.56014534435942,1004,0,,0.4596194077712549,1.683139354994637,astar,False,0,311015,0,14076,1785,0.47802336199674755,0,0.0,0.07185841599857667,0,5,5,D,5043,0.5,True,3.779226173995994
0,40.37087489522846,1034,0,,0.4596194077712549,1.5477595679985825,astar,False,0,235891,0,88265,11146,0.4364161810008227,0,0.0,0.2057420450000791,0,6,6,D,5044,0.45,True,5.2618937749939505
0,40.54940939446066,1041,0,,0.481300322044355,1.1910603639989858,astar,False,0,222863,0,92033,11656,0.38324324400309706,0,0.0,0.2018327730038436,0,4,4,D,5045,0.44,True,2.776876428994001
0,39.55550919858198,1015,0,,0.4850257725111133,1.1006467010010965,astar,False,0,263189,0,69608,8733,0.1272307099934551,0,0.0,0.18448426899703918,0,6,6,D,5046,0.38,True,4.095762100005231
0,38.14924260441886,948,0,,0.4596194077712549,1.5350847739973688,astar,False,0,291611,0,142000,17825,1.1832049989970983,0,0.0,0.34628994300146587,0,4,4,D,5047,0.41,True,3.6121576509976876
0,40.59346809016209,1057,0,,0.47502631506054627,1.9036800659960136,astar,False,0,328689,0,10635,1397,0.7156456680022529,0,0.0,0.043903702004172374,0,5,5,D,5048,0.46,True,5.106372951995581
0,38.94798220405334,952,0,,0.4596194077712549,0.7715967420008383,astar,False,0,238147,0,7983,1017,0.21441615000367165,0,0.0,0.031201265002891887,0,7,7,D,5049,0.42,True,2.4480448740068823
0,38.75527661113481,991,0,,0.4596194077712549,0.674820587002614,astar,False,0,242957,0,10882,1387,0.23289004599791951,0,0.0,0.03579191099561285,0,6,6,D,5050,0.45,True,2.5904436459968565
0,44.00631911064695,1156,0,,0.4596194077712549,1.0225934170011897,astar,False,0,249520,0,4713,602,0.09682257600070443,0,0.0,0.010631620003550779,0,8,8,D,5051,0.53,True,3.8185465000060503
0,39.77393598232065,1038,0,,0.4596194077712549,1.543913519999478,astar,False,0,347589,0,5418,692,0.4591750440013129,0,0.0,0.033818211006291676,0,7,7,D,5052,0.53,True,6.330577758999425
0,39.73203268872861,1008,0,,0.4596194077712549,1.0842300389995216,astar,False,0,281369,0,4502,583,0.16669757199997548,0,0.0,0.030664417005027644,0,6,6,D,5053,0.44,True,3.7262634950020583
0,39.81901895949346,1047,0,,0.4596194077712549,1.2182854999991832,astar,False,0,297514,0,10456,1338,0.1626374460029183,0,0.0,0.06255638899892801,0,7,7,D,5054,0.47,True,3.893373530001554
0,39.937917312340566,1045,0,,0.4628714724413279,1.268711657001404,astar,False,0,207972,0,125268,15689,0.12687097500020172,0,0.0,0.3111571629997343,0,6,6,D,5055,0.41,True,3.598677072004648
0,39.327899667252765,1001,0,,0.4596194077712549,0.9287033279979369,astar,False,0,275934,0,32112,4084,0.6543048649982666,0,0.0,0.1022923569980776,0,6,6,D,5056,0.39,True,3.4608695049973903
0,41.843486415549236,1066,0,,0.4596194077712549,1.1161961750040064,astar,False,0,273341,0,13067,1661,0.1894193970001652,0,0.0,0.06839522400696296,0,7,7,D,5057,0.5,True,4.624075710999023
0,40.43717390259742,1051,0,,0.4596194077712549,1.6550533200061182,astar,False,0,291575,0,10064,1263,0.11475875099858968,0,0.0,0.040067996000288986,0,7,7,D,5058,0.48,True,3.9153427259952878
0,38.39632689331632,978,0,,0.4628714724413279,1.261271866998868,astar,False,0,281558,0,60294,7548,0.1892306239969912,0,0.0,0.16929939900001045,0,7,7,D,5059,0.46,True,4.771915462995821
0,41.8970478203802,1096,0,,0.4596194077712549,1.0718321790045593,astar,False,0,310095,0,43834,5595,0.3989846550030052,0,0.0,0.12304339899856132,0,7,7,D,5060,0.5,True,3.2748690210210043
0,37.07842390414651,909,0,,0.4596194077712549,0.9751821989993914,astar,False,0,243402,0,6399,817,0.5656971019998309,0,0.0,0.02892338300443953,0,5,5,D,5061,0.4,True,4.2527933190067415
0,36.04448859051002,869,0,,0.4596194077712549,1.3793989810001221,astar,False,0,219338,0,10302,1310,0.13068991199543234,0,0.0,0.033241764998820145,0,3,3,D,5062,0.41,True,1.6926655610004673
0,37.60366096939826,930,0,,0.4596194077712549,1.0601618279979448,astar,False,0,195601,0,20619,2597,0.43701131899433676,0,0.0,0.06862623400229495,0,6,6,D,5063,0.37,True,3.727774072001921
0,39.09075592586946,978,0,,0.4769171835864189,1.2502820869995048,astar,False,0,290838,0,5719,753,0.1587065959975007,0,0.0,0.03177456700359471,0,5,5,D,5064,0.41,True,3.809890157004702
0,38.34285519409582,939,0,,0.4596194077712549,0.8110225700002047,astar,False,0,206827,0,4889,618,0.18120170299516758,0,0.0,0.023743879995890893,0,6,6,D,5065,0.45,True,3.3348497669940116
0,37.721994491874284,938,0,,0.4596194077712549,0.8931630160004715,astar,False,0,289421,0,7406,957,0.25480301799689187,0,0.0,0.03698503399937181,0,6,6,D,5066,0.44,True,3.1887106229987694
0,37.9434398568939,994,0,,0.49239212016440975,1.5426375420065597,astar,False,0,322587,0,21757,2745,0.34928738600137876,0,0.0,0.0895443730041734,0,7,7,D,5067,0.51,True,4.826711185000022
0,42.10820963349466,1100,0,,0.4596194077712549,0.9953015190039878,astar,False,0,290028,0,29746,3835,0.5289261500001885,0,0.0,0.0795295409989194,0,7,7,D,5068,0.45,True,3.889752310999029
0,41.31338580101924,1082,0,,0.4596194077712549,0.9218121320009232,astar,False,0,307397,0,10861,1424,0.16950698800064856,0,0.0,0.04280167400429491,0,7,7,D,5069,0.42,True,4.46571233200666
0,39.33592073801945,979,0,,0.4596194077712549,0.8714317370031495,astar,False,0,260502,0,11976,1531,0.3403072329965653,0,0.0,0.040934640004707035,0,5,5,D,5070,0.55,True,3.0260829820108484
0,37.65640853200921,912,0,,0.4596194077712549,0.8684699259974877,astar,False,0,261280,0,33760,4226,0.5167697369979578,0,0.0,0.09927112700097496,0,5,5,D,5071,0.43,True,3.0124622870062012
0,36.03685143645983,879,0,,0.4596194077712549,0.6640497660046094,astar,False,0,107473,0,126804,15893,0.0797303620056482,0,0.0,0.2605353230028413,0,5,5,D,5072,0.45,True,2.0770136160062975
0,41.44573738485108,1076,0,,0.4596194077712549,1.5922936720016878,astar,False,0,276790,0,4897,631,0.28901934700115817,0,0.0,0.0316095279995352,0,7,7,D,5073,0.46,True,4.909928620996652
0,37.336561582421616,936,0,,0.4628714724413279,0.98983042799955,astar,False,0,236031,0,17446,2217,0.6490322969984845,0,0.0,0.06488289499975508,0,5,5,D,5074,0.46,True,2.8911503630079096
0,39.091165470100464,986,0,,0.4596194077712549,0.996168541998486,astar,False,0,94005,0,127763,16001,0.07563006100099301,0,0.0,0.26190140200196765,0,7,7,D,5075,0.4,True,3.80725954099762
0,43.59394412871019,1176,0,,0.46157339611377224,1.125190904000192,astar,False,0,331468,0,7117,898,0.3486309960062499,0,0.0,0.058920957999362145,0,9,9,D,5076,0.56,True,5.371824994006602
0,39.13413292910425,970,0,,0.4596194077712549,1.0876434210003936,astar,False,0,278820,0,9412,1215,0.2148489259998314,0,0.0,0.040376525997999124,0,7,7,D,5077,0.48,True,4.685538792997249
0,39.12204510746369,1006,0,,0.4596194077712549,1.7311770729938871,astar,False,0,297951,0,4560,589,0.1690423420004663,0,0.0,0.031108986004255712,0,8,8,D,5078,0.47,True,5.74640136299422
0,38.29816375980918,979,0,,0.4628714724413279,1.239471663000586,astar,False,0,305761,0,33503,4220,0.43364133799332194,0,0.0,0.09123766899574548,0,8,8,D,5079,0.49,True,3.688131773007626
0,39.64527201681316,1013,0,,0.481300322044355,1.2562027879976085,astar,False,0,300552,0,147998,18537,0.43760411900439067,0,0.0,0.3311109109999961,0,6,6,D,5080,0.45,True,4.230569157982245
0,37.604563209264406,936,0,,0.4596194077712549,1.4884487279996392,astar,False,0,287330,0,6024,757,0.19441502199333627,0,0.0,0.03249158700054977,0,6,6,D,5081,0.39,True,4.596543722007482
0,37.6738404208609,939,0,,0.4596194077712549,1.1764052219950827,astar,False,0,284775,0,10938,1374,0.12359002699668054,0,0.0,0.06261882599937962,0,5,5,D,5082,0.44,True,3.4111594930072897
0,36.794989546317396,903,0,,0.4596194077712549,0.9541042579949135,astar,False,0,227600,0,10331,1323,0.40550452699972084,0,0.0,0.04743214799964335,0,4,4,D,5083,0.39,True,2.499337358996854
0,37.213099860730104,919,0,,0.4628714724413279,0.885131201997865,astar,False,0,178309,0,25677,3251,0.3732399309956236,0,0.0,0.06205564799893182,0,4,4,D,5084,0.47,True,2.362618090992328
0,41.6685718523756,1060,0,,0.4596194077712549,0.765996059999452,astar,False,0,273327,0,56346,7133,0.5841965110012097,0,0.0,0.18032698999741115,0,6,6,D,5085,0.5,True,2.8533499800105346
0,40.38994277043274,1045,0,,0.4596194077712549,0.8270792389957933,astar,False,0,303942,0,4330,557,0.14050821099954192,0,0.0,0.03213627199875191,0,8,8,D,5086,0.51,True,3.925049653982569
0,41.13816149289179,1038,0,,0.4596194077712549,1.108232673999737,astar,False,0,258260,0,10077,1270,0.16858391799905803,0,0.0,0.034302318999834824,0,6,6,D,5087,0.45,True,3.42323190899333
0,40.83755405202603,1033,0,,0.4596194077712549,1.2073669810051797,astar,False,0,233284,0,8224,1063,0.267108724998252,0,0.0,0.030951492000895087,0,8,8,D,5088,0.39,True,3.8919158139979118
0,38.241197522413096,929,0,,0.4596194077712549,1.0824682460006443,astar,False,0,227060,0,21444,2711,0.16744904100050917,0,0.0,0.06947575499361847,0,7,7,D,5089,0.39,True,2.195143411991012
