collision_count,executed_path_length,execution_steps,failed_planner_calls,failure_reason,final_goal_distance,maximum_planning_time_s,planner,planner_artificial_obstacles_inserted,planner_backtrack_failed,planner_backtrack_tries,planner_blocked_steps,planner_max_active_virtual_obstacles,planner_planning_effort,planner_recovery_events,planner_virtual_obstacles_created,planning_calls,replans,scenario,seed,sensed_obstacle_ratio,success,total_planning_time_s
0,37.69999999999998,377,0,,0.45191682081931944,0.03331015100047807,rapf,0,False,0,0,0,158.0,0,0,3,3,A,5000,0.4375,True,0.04148323800018261
3,83.92673582019219,847,18,,0.4801665774959431,0.22956121800052642,rapf,36,False,18,0,36,1054.0,36,36,45,45,A,5001,0.625,True,2.6982166889993096
0,82.6857254436272,833,18,,0.45778988510329166,0.1345241500002885,rapf,36,False,18,0,36,414.0,36,36,28,28,A,5002,0.5125,True,1.0928416830029164
2,50.28326917946752,505,4,,0.43641709062527495,0.06297002700011944,rapf,8,False,4,0,8,791.0,8,8,24,24,A,5003,0.5,True,0.9445629130023008
0,40.60000000000008,406,0,,0.4797461764589085,0.04746731999966869,rapf,0,False,0,0,0,492.0,0,0,11,11,A,5004,0.4625,True,0.3065417970001363
1,52.00043501734929,521,4,,0.49063986768358914,0.1713274129997444,rapf,8,False,4,0,8,915.0,8,8,27,27,A,5005,0.6125,True,1.5847805009989315
0,38.300000000000146,383,0,,0.4937432795555421,0.058038459999806946,rapf,0,False,0,0,0,488.0,0,0,16,16,A,5006,0.4875,True,0.4496979130008185
2,37.80000000000005,378,0,,0.4086108992221656,0.0365888950000226,rapf,0,False,0,0,0,355.0,0,0,9,9,A,5007,0.3875,True,0.21372642000005726
2,48.373296475691525,484,4,,0.4101865544110287,0.05946531700010382,rapf,8,False,4,0,8,283.0,8,8,10,10,A,5008,0.3625,True,0.23498449299950153
0,53.92968778258717,541,5,,0.4497993213305786,0.05859584100016946,rapf,10,False,5,0,10,450.0,10,10,15,15,A,5009,0.425,True,0.32800933699945745
0,42.30000000000022,423,1,,0.42830113158554767,0.039996927000174765,rapf,2,False,1,0,2,241.0,2,2,8,8,A,5010,0.3625,True,0.19357336300072348
0,37.400000000000084,374,0,,0.4747348188618329,0.046103779999612016,rapf,0,False,0,0,0,262.0,0,0,6,6,A,5011,0.425,True,0.15226101899952482
0,35.50000000000006,355,0,,0.4454632834070664,0.05766798100012238,rapf,0,False,0,0,0,441.0,0,0,9,9,A,5012,0.45,True,0.17575718999978562
0,39.500000000000064,395,1,,0.41037244205978096,0.03875248900021688,rapf,2,False,1,0,2,419.0,2,2,10,10,A,5013,0.45,True,0.20748999099942012
3,46.8062232555612,469,3,,0.488501582568478,0.08152349699957995,rapf,6,False,3,0,6,686.0,6,6,19,19,A,5014,0.475,True,0.6237175729984301
0,38.4000000000002,384,0,,0.4572551360212464,0.02856518899989169,rapf,0,False,0,0,0,205.0,0,0,4,4,A,5015,0.4125,True,0.0661926789998688
0,35.700000000000095,357,0,,0.43129015409606286,0.04090915200049494,rapf,0,False,0,0,0,794.0,0,0,21,21,A,5016,0.425,True,0.7520500970003923
3,39.94727760500757,400,1,,0.4612648937905437,0.0500492179999128,rapf,2,False,1,0,2,337.0,2,2,10,10,A,5017,0.5625,True,0.306750686999294
0,55.2008930571149,553,6,,0.41930892753262644,0.06881050599986338,rapf,12,False,6,0,12,626.0,12,12,22,22,A,5018,0.375,True,0.7258577269967645
3,40.383260830441984,404,1,,0.44267311345505433,0.08520620099989173,rapf,2,False,1,0,2,351.0,2,2,9,9,A,5019,0.5375,True,0.33069006799996714
0,38.500000000000185,385,0,,0.42968504099989135,0.04295268900023075,rapf,0,False,0,0,0,577.0,0,0,16,16,A,5020,0.4,True,0.3916653660016891
0,41.100000000000215,411,1,,0.45114125041619213,0.05524476899972797,rapf,2,False,1,0,2,372.0,2,2,10,10,A,5021,0.475,True,0.32110383299914247
0,37.400000000000134,374,0,,0.42243834332346814,0.03157884800020838,rapf,0,False,0,0,0,448.0,0,0,9,9,A,5022,0.4875,True,0.14687739700093516
0,36.600000000000136,366,0,,0.44457364782137804,0.05177829100011877,rapf,0,False,0,0,0,428.0,0,0,10,10,A,5023,0.4625,True,0.2755628450004224
0,36.900000000000055,369,0,,0.4830708388860675,0.04018770899983792,rapf,0,False,0,0,0,253.0,0,0,6,6,A,5024,0.45,True,0.19185915299749468
0,37.00000000000009,370,0,,0.4354266316202732,0.056739599000138696,rapf,0,False,0,0,0,407.0,0,0,11,11,A,5025,0.4875,True,0.436403706999954
0,47.19991753291248,473,3,,0.4922136998709261,0.06573599000057584,rapf,6,False,3,0,6,442.0,6,6,13,13,A,5026,0.4625,True,0.4004089650015885
0,38.30000000000008,383,0,,0.4499444386479127,0.09253440900010901,rapf,0,False,0,0,0,922.0,0,0,22,22,A,5027,0.4375,True,0.6394652900016808
0,36.19999999999997,362,0,,0.43531073187796293,0.03852471699974558,rapf,0,False,0,0,0,348.0,0,0,10,10,A,5028,0.4,True,0.24504020200038212
1,47.34075290275924,474,3,,0.48607139830140916,0.08405754799969145,rapf,6,False,3,0,6,562.0,6,6,19,19,A,5029,0.5125,True,0.7167186269989543
0,38.999999999999886,390,0,,0.42796495480528685,0.05363875100010773,rapf,0,False,0,0,0,520.0,0,0,11,11,A,5030,0.525,True,0.31682001300032425
0,37.500000000000156,375,0,,0.41609795294826263,0.05824062600004254,rapf,0,False,0,0,0,943.0,0,0,24,24,A,5031,0.45,True,0.8362561389985785
0,36.90000000000008,369,0,,0.481087158376054,0.04372656700070365,rapf,0,False,0,0,0,503.0,0,0,14,14,A,5032,0.475,True,0.40989760599950387
3,44.13391335646535,442,2,,0.4262573102744186,0.05371234099948197,rapf,4,False,2,0,4,523.0,4,4,13,13,A,5033,0.4375,True,0.32555593799952476
0,42.700000000000244,427,1,,0.4801261555530751,0.04633000499961781,rapf,2,False,1,0,2,547.0,2,2,12,12,A,5034,0.5,True,0.2567967729983138
0,37.400000000000155,374,0,,0.41951795028783395,0.03174144199965667,rapf,0,False,0,0,0,368.0,0,0,9,9,A,5035,0.4375,True,0.1919623980020333
12,41.4000000000002,414,1,,0.4401652119515438,0.04221752699959325,rapf,2,False,1,0,2,556.0,2,2,14,14,A,5036,0.4625,True,0.3904686719979509
0,48.35021750867471,484,3,,0.45461814042262816,0.06282372099940403,rapf,6,False,3,0,6,627.0,6,6,19,19,A,5037,0.45,True,0.63474067900097
0,36.80000000000007,368,0,,0.4041397969329355,0.035878968000361056,rapf,0,False,0,0,0,344.0,0,0,7,7,A,5038,0.35,True,0.13254258500001015
0,62.092671752654326,623,8,,0.4631173864655746,0.08842549299970415,rapf,16,False,8,0,16,948.0,16,16,30,30,A,5039,0.475,True,0.7710973649982407
0,38.300000000000104,383,0,,0.4765215812704192,0.044120835999819974,rapf,0,False,0,0,0,301.0,0,0,8,8,A,5040,0.475,True,0.19484643999840046
0,55.38915639798671,557,6,,0.4187457105224322,0.058847817000241776,rapf,12,False,6,0,12,507.0,12,12,18,18,A,5041,0.45,True,0.4068881529992723
0,40.9515524449707,410,1,,0.4580396825562001,0.03886069700001826,rapf,2,False,1,0,2,316.0,2,2,8,8,A,5042,0.425,True,0.17308781100018678
3,50.384772936226135,504,4,,0.4528733403561286,0.05284174999997049,rapf,8,False,4,0,8,923.0,8,8,24,24,A,5043,0.4625,True,0.6023040189975291
0,36.800000000000104,368,0,,0.4688389714039899,0.03761002299961547,rapf,0,False,0,0,0,270.0,0,0,7,7,A,5044,0.45,True,0.14840151699900161
3,61.45021750867489,617,7,,0.4873048771797644,0.07226078099938604,rapf,14,False,7,0,14,993.0,14,14,28,28,A,5045,0.45,True,1.089283608000187
1,54.80379330778535,550,6,,0.44358294629991646,0.06886070600012317,rapf,12,False,6,0,12,365.0,12,12,15,15,A,5046,0.4,True,0.42833964999772434
0,37.100000000000094,371,0,,0.40200854943515535,0.05173356200066337,rapf,0,False,0,0,0,1066.0,0,0,22,22,A,5047,0.4375,True,0.5221803460026422
0,43.38348008080927,434,2,,0.41625611158938636,0.0569671670000389,rapf,4,False,2,0,4,369.0,4,4,12,12,A,5048,0.5,True,0.3299719489996278
8,60.06198880352078,604,8,,0.46329113412585843,0.09586125399982848,rapf,16,False,8,0,16,1025.0,16,16,35,35,A,5049,0.4875,True,1.3435817050003607
1,67.95732832927467,684,12,,0.4792935387842554,0.13402862000020832,rapf,24,False,12,0,24,689.0,24,24,28,28,A,5050,0.5625,True,1.3889687119981318
1,49.88572834391633,501,4,,0.4165710978727931,0.06029565500011813,rapf,8,False,4,0,8,621.0,8,8,18,18,A,5051,0.3875,True,0.6541114829988146
3,46.30000000000032,463,2,,0.473890330212692,0.057432300000073155,rapf,4,False,2,0,4,1437.0,4,4,36,36,A,5052,0.5375,True,1.281342042999313
0,38.20000000000015,382,0,,0.4574397469885796,0.0476973029999499,rapf,0,False,0,0,0,243.0,0,0,7,7,A,5053,0.4125,True,0.22331527000005735
0,41.78326083044204,418,1,,0.4494698646662491,0.03766412400000263,rapf,2,False,1,0,2,401.0,2,2,10,10,A,5054,0.4375,True,0.20332415299890272
0,36.70000000000007,367,0,,0.479943169231122,0.04035007099992072,rapf,0,False,0,0,0,254.0,0,0,5,5,A,5055,0.4125,True,0.09636544800014235
2,37.90000000000014,379,0,,0.46049313493999317,0.038745892999941134,rapf,0,False,0,0,0,286.0,0,0,6,6,A,5056,0.375,True,0.1350863190000382
0,43.10000000000006,431,1,,0.4543871079806891,0.09433597899987944,rapf,2,False,1,0,2,1410.0,2,2,32,32,A,5057,0.5,True,1.4542630259966245
0,46.383260830442055,464,2,,0.4109985427002118,0.14288485999986733,rapf,4,False,2,0,4,602.0,4,4,17,17,A,5058,0.5125,True,0.6896508929994525
0,43.57262723235025,436,2,,0.47588174506937847,0.06705037399933644,rapf,4,False,2,0,4,346.0,4,4,10,10,A,5059,0.4125,True,0.22864169199783646
0,59.49928748331393,597,7,,0.44001363584589304,0.07149844200012012,rapf,14,False,7,0,14,961.0,14,14,31,31,A,5060,0.45,True,1.098307656999168
1,37.50000000000012,375,0,,0.4582983371427945,0.03323644200008857,rapf,0,False,0,0,0,149.0,0,0,4,4,A,5061,0.4375,True,0.0896939519998341
0,36.10000000000018,361,0,,0.4884089527095633,0.033535114000187605,rapf,0,False,0,0,0,587.0,0,0,26,26,A,5062,0.425,True,0.7542409840016262
13,50.31900734897394,504,3,,0.4395181266020443,0.03955626100014342,rapf,6,False,3,0,6,973.0,6,6,26,26,A,5063,0.3,True,0.5706701100007194
0,40.41839569503502,405,1,,0.43467788534813295,0.03520733999994263,rapf,2,False,1,0,2,235.0,2,2,7,7,A,5064,0.375,True,0.16746139299903007
4,36.899999999999956,369,0,,0.4042411733008315,0.03827892600020277,rapf,0,False,0,0,0,393.0,0,0,13,13,A,5065,0.45,True,0.39478849099941726
0,36.89999999999997,369,0,,0.47483051186681025,0.03687275199990836,rapf,0,False,0,0,0,215.0,0,0,5,5,A,5066,0.4125,True,0.1252538930011724
0,36.400000000000034,364,0,,0.4216277498891238,0.03544678500020382,rapf,0,False,0,0,0,368.0,0,0,9,9,A,5067,0.45,True,0.21048092099954374
1,43.50000000000019,435,1,,0.4864357200751321,0.06213526400006231,rapf,2,False,1,0,2,1075.0,2,2,25,25,A,5068,0.525,True,0.8398018460011372
0,39.10000000000014,391,0,,0.4602458889150847,0.03590654700019513,rapf,0,False,0,0,0,495.0,0,0,12,12,A,5069,0.4,True,0.2795575670015751
0,55.189642117617176,553,5,,0.48661766940628226,0.0808428370000911,rapf,10,False,5,0,10,472.0,10,10,16,16,A,5070,0.6125,True,0.5581828459999087
0,41.41673916955824,415,1,,0.47854829696460494,0.040894855999795254,rapf,2,False,1,0,2,413.0,2,2,10,10,A,5071,0.425,True,0.25425541199820145
0,42.60000000000013,426,2,,0.43210290823105796,0.048180124000282376,rapf,4,False,2,0,4,722.0,4,4,19,19,A,5072,0.475,True,0.6076560499996049
9,96.47385740154543,971,21,,0.4754736134282751,0.1879182969996691,rapf,42,False,21,0,42,992.0,42,42,43,43,A,5073,0.475,True,2.7242177589996572
3,41.60000000000009,416,1,,0.44061930926488685,0.05224373300006846,rapf,2,False,1,0,2,1119.0,2,2,26,26,A,5074,0.5625,True,0.671931933000451
0,38.100000000000165,381,0,,0.46653282620364434,0.04377815299994836,rapf,0,False,0,0,0,435.0,0,0,10,10,A,5075,0.4625,True,0.2823674019991813
0,35.59999999999998,356,0,,0.4960419561108232,0.04872033099945838,rapf,0,False,0,0,0,421.0,0,0,10,10,A,5076,0.475,True,0.3096997109996664
0,65.56122354862447,660,11,,0.4227682004408541,0.12282539599982556,rapf,22,False,11,0,22,430.0,22,22,20,20,A,5077,0.375,True,0.7947525259978647
0,51.13391335646544,512,3,,0.48890771450371223,0.06524114000058034,rapf,6,False,3,0,6,735.0,6,6,19,19,A,5078,0.4,True,0.57599107200258
0,37.700000000000095,377,0,,0.4135341540811079,0.046079152999482176,rapf,0,False,0,0,0,750.0,0,0,21,21,A,5079,0.4875,True,0.7461516229986955
0,45.77929173242873,458,2,,0.4932103453319987,0.05924601500009885,rapf,4,False,2,0,4,646.0,4,4,16,16,A,5080,0.45,True,0.4553058159990542
4,70.01004406187285,703,11,,0.43243257093160625,0.10832841699993878,rapf,22,False,11,0,22,692.0,22,22,27,27,A,5081,0.4375,True,0.9564854830005061
0,37.40000000000007,374,0,,0.48105349427177196,0.0379659560003347,rapf,0,False,0,0,0,385.0,0,0,11,11,A,5082,0.5,True,0.28049563000240596
0,36.20000000000008,362,0,,0.4787990720900318,0.031773160000739153,rapf,0,False,0,0,0,281.0,0,0,8,8,A,5083,0.3625,True,0.18604498500189948
0,36.40000000000009,364,0,,0.4902184756224126,0.052465963999566156,rapf,0,False,0,0,0,197.0,0,0,4,4,A,5084,0.5,True,0.10323523299939552
0,58.93031118758925,593,6,,0.4786250494327606,0.08783425000001444,rapf,12,False,6,0,12,614.0,12,12,21,21,A,5085,0.575,True,0.662745169001937
0,69.8151554060993,702,12,,0.4058896068857824,0.10987274399940361,rapf,24,False,12,0,24,613.0,24,24,26,26,A,5086,0.55,True,0.9030528290013535
0,50.40087003469797,505,4,,0.4375874053188414,0.05765658899963455,rapf,8,False,4,0,8,402.0,8,8,16,16,A,5087,0.4375,True,0.4637219029991684
2,55.4847019219349,557,6,,0.43581078973843373,0.0595401660002608,rapf,12,False,6,0,12,643.0,12,12,23,23,A,5088,0.4125,True,0.4901317259973439
0,38.20000000000004,382,0,,0.4298246148882627,0.038001682999492914,rapf,0,False,0,0,0,343.0,0,0,8,8,A,5089,0.425,True,0.1884226510001099
0,38.00000000000013,380,0,,0.45978721323776034,0.031186610000077053,rapf,0,False,0,0,0,140.0,0,0,3,3,A,5090,0.4375,True,0.057796965000306955
0,38.40000000000006,384,0,,0.4373108872021283,0.04291576699961297,rapf,0,False,0,0,0,628.0,0,0,18,18,A,5091,0.4625,True,0.5089582089985925
0,37.80000000000005,378,0,,0.4746694244451533,0.033546748999469855,rapf,0,False,0,0,0,260.0,0,0,6,6,A,5092,0.4375,True,0.13679879899973457
0,37.60000000000021,376,0,,0.41105594062249856,0.03807884199977707,rapf,0,False,0,0,0,372.0,0,0,10,10,A,5093,0.4625,True,0.27938330999950267
0,38.80000000000012,388,0,,0.4073909168730174,0.042043976999593724,rapf,0,False,0,0,0,261.0,0,0,6,6,A,5094,0.4125,True,0.1743790650007213
0,47.656768947181725,478,4,,0.485537387651042,0.054334036000000197,rapf,8,False,4,0,8,266.0,8,8,10,10,A,5095,0.4125,True,0.17194483500225033
0,37.30000000000008,373,0,,0.43777210960740537,0.050494723999690905,rapf,0,False,0,0,0,388.0,0,0,9,9,A,5096,0.5125,True,0.26404899200042564
0,46.85302616304942,470,4,,0.41617513066387213,0.07228812700031995,rapf,8,False,4,0,8,447.0,8,8,14,14,A,5097,0.4125,True,0.4126923709991388
0,52.9689950647513,531,5,,0.45005193527359233,0.06151464100003068,rapf,10,False,5,0,10,606.0,10,10,18,18,A,5098,0.45,True,0.5003957699973398
0,49.13539538750618,492,4,,0.48964526180096535,0.09130323299996235,rapf,8,False,4,0,8,468.0,8,8,15,15,A,5099,0.5625,True,0.6998450739984037
0,43.00536590141251,431,2,,0.46130932971760186,0.09910133100038365,rapf,4,False,2,0,4,411.0,4,4,11,11,A,5100,0.5375,True,0.4186989919980988
0,37.00000000000005,370,0,,0.40604611281867176,0.03335504100050457,rapf,0,False,0,0,0,309.0,0,0,8,8,A,5101,0.475,True,0.17968685300002107
0,36.300000000000125,363,0,,0.4609707814087885,0.02956103599990456,rapf,0,False,0,0,0,125.0,0,0,3,3,A,5102,0.325,True,0.05679056600001786
0,37.3000000000001,373,0,,0.4845307617701518,0.04083980599989445,rapf,0,False,0,0,0,451.0,0,0,10,10,A,5103,0.475,True,0.2579955470018831
0,35.90000000000007,359,0,,0.49278173583603135,0.05596695500025817,rapf,0,False,0,0,0,309.0,0,0,7,7,A,5104,0.425,True,0.1769891350013495
0,37.29999999999978,373,0,,0.43728013289931683,0.04599543700078357,rapf,0,False,0,0,0,312.0,0,0,6,6,A,5105,0.5625,True,0.09383683900159667
0,36.8000000000001,368,0,,0.4285645526953088,0.03228314500029228,rapf,0,False,0,0,0,338.0,0,0,7,7,A,5106,0.3875,True,0.1346090320012081
0,42.09999999999997,421,1,,0.44300330222107903,0.03307926300021791,rapf,2,False,1,0,2,163.0,2,2,5,5,A,5107,0.4125,True,0.09316924800168636
0,37.69999999999998,377,0,,0.42088626751023417,0.025720118999743136,rapf,0,False,0,0,0,342.0,0,0,8,8,A,5108,0.3,True,0.14399261300059152
10,86.25390527062936,869,17,,0.44963454241416095,0.12744922999991104,rapf,34,False,17,0,34,842.0,34,34,37,37,A,5109,0.5,True,1.831901665002988
0,40.41233857276411,405,2,,0.47255494311370577,0.04398748899984639,rapf,4,False,2,0,4,465.0,4,4,13,13,A,5110,0.4125,True,0.3730264949999764
2,42.31415265721329,424,1,,0.46462177358980106,0.07266459800030134,rapf,2,False,1,0,2,391.0,2,2,10,10,A,5111,0.475,True,0.3475784600022962
0,41.59999999999986,416,1,,0.437497266247256,0.06414100399979361,rapf,2,False,1,0,2,449.0,2,2,12,12,A,5112,0.4125,True,0.3996505460008848
0,38.300000000000026,383,0,,0.4287267873410694,0.09937652799999341,rapf,0,False,0,0,0,418.0,0,0,10,10,A,5113,0.425,True,0.38153877900003863
0,40.30000000000018,403,1,,0.4837827140250958,0.03812640599971928,rapf,2,False,1,0,2,203.0,2,2,7,7,A,5114,0.3875,True,0.16976015200089023
6,46.39356353040351,464,3,,0.4953467433019563,0.0821169020000525,rapf,6,False,3,0,6,322.0,6,6,11,11,A,5115,0.4875,True,0.3931255339994095
0,45.417001689098214,455,2,,0.45288580889487723,0.14973539099992195,rapf,4,False,2,0,4,889.0,4,4,23,23,A,5116,0.5,True,1.057167461998688
2,37.50000000000013,375,0,,0.4549514939524749,0.06682219000049372,rapf,0,False,0,0,0,712.0,0,0,16,16,A,5117,0.45,True,0.4953896650022216
1,36.99999999999999,370,0,,0.49397833336711006,0.033757234000404424,rapf,0,False,0,0,0,1009.0,0,0,23,23,A,5118,0.4,True,0.5986098359990137
0,38.29999999999999,383,0,,0.4248062747383266,0.04563561400027538,rapf,0,False,0,0,0,720.0,0,0,15,15,A,5119,0.3875,True,0.3318743360005101
0,37.99999999999999,380,0,,0.4879815794098557,0.060446928000601474,rapf,0,False,0,0,0,255.0,0,0,6,6,A,5120,0.5125,True,0.23404407200087007
0,44.300000000000196,443,2,,0.4736927062847612,0.05546703999971214,rapf,4,False,2,0,4,457.0,4,4,16,16,A,5121,0.425,True,0.576925033000407
3,40.30000000000005,403,0,,0.4499115172935421,0.03663606800000707,rapf,0,False,0,0,0,408.0,0,0,12,12,A,5122,0.45,True,0.3243236459975378
0,37.70000000000018,377,0,,0.49442181917909866,0.05584065999937593,rapf,0,False,0,0,0,484.0,0,0,15,15,A,5123,0.6125,True,0.584584276996793
6,38.70000000000007,387,0,,0.4975124354579953,0.046014825999918685,rapf,0,False,0,0,0,973.0,0,0,24,24,A,5124,0.5,True,0.7460532479990434
8,99.05177294403238,1000,25,max_steps,2.6475709190850623,0.1811625450000065,rapf,50,False,25,0,50,957.0,50,50,48,48,A,5125,0.5375,False,2.514705268004036
0,37.500000000000234,375,0,,0.4660620662410499,0.02786224399915227,rapf,0,False,0,0,0,94.0,0,0,2,2,A,5126,0.2875,True,0.030707185998835484
0,39.500000000000085,395,0,,0.442528357638222,0.10291602699999203,rapf,0,False,0,0,0,613.0,0,0,17,17,A,5127,0.475,True,0.6096497539992924
0,55.42182952684059,556,6,,0.4529492086722051,0.1075488670003324,rapf,12,False,6,0,12,519.0,12,12,18,18,A,5128,0.4625,True,0.6991220679992693
0,36.30000000000009,363,0,,0.4943197660741954,0.048938437000288104,rapf,0,False,0,0,0,444.0,0,0,11,11,A,5129,0.5125,True,0.4153933860006873
1,37.600000000000094,376,0,,0.42604229800306087,0.05289302700020926,rapf,0,False,0,0,0,469.0,0,0,16,16,A,5130,0.525,True,0.5633306219997394
0,41.23349095709817,413,1,,0.4318864303736306,0.08600841900079104,rapf,2,False,1,0,2,717.0,2,2,18,18,A,5131,0.525,True,0.7173873800002184
0,65.82046123054046,661,10,,0.44726633470693766,0.07975943499968707,rapf,20,False,10,0,20,279.0,20,20,18,18,A,5132,0.475,True,0.5522234550007852
0,56.20853534550417,565,7,,0.4038107500341546,0.07870504099992104,rapf,14,False,7,0,14,505.0,14,14,21,21,A,5133,0.4625,True,0.6456320710021828
0,36.30000000000014,363,0,,0.4033270665544352,0.07698434400026599,rapf,0,False,0,0,0,413.0,0,0,10,10,A,5134,0.4125,True,0.2746001170016825
0,39.00000000000029,390,0,,0.423991771270996,0.02321860900065076,rapf,0,False,0,0,0,579.0,0,0,10,10,A,5135,0.4375,True,0.13742113200078165
0,36.10000000000001,361,0,,0.4678521344594157,0.03736648700032674,rapf,0,False,0,0,0,201.0,0,0,5,5,A,5136,0.4375,True,0.11941197800024383
0,35.9000000000001,359,0,,0.48206677842285955,0.04030786699968303,rapf,0,False,0,0,0,341.0,0,0,9,9,A,5137,0.425,True,0.23228007000125217
0,60.89296615594945,613,9,,0.4719807036781109,0.10194898200006719,rapf,18,False,9,0,18,632.0,18,18,21,21,A,5138,0.3375,True,0.7445290959994963
0,56.253589026605724,565,7,,0.42740800572594295,0.10470244699990872,rapf,14,False,7,0,14,633.0,14,14,22,22,A,5139,0.5875,True,0.7918440350022138
0,91.93759096042287,929,22,,0.4788356799105446,0.24674914600018383,rapf,44,False,22,0,44,1063.0,44,44,42,42,A,5140,0.525,True,1.161208669995176
0,47.9408988502181,481,3,,0.43329021805560847,0.053847213000153715,rapf,6,False,3,0,6,433.0,6,6,12,12,A,5141,0.4875,True,0.25829591900037485
0,40.50000000000015,405,1,,0.40076367556445114,0.04224162900027295,rapf,2,False,1,0,2,191.0,2,2,6,6,A,5142,0.4125,True,0.16060220700001082
0,43.11673916955835,432,2,,0.4477218420833254,0.05345369600036065,rapf,4,False,2,0,4,348.0,4,4,11,11,A,5143,0.5125,True,0.3907160330008992
0,47.42811767522869,475,3,,0.47063157915247,0.05760089700015669,rapf,6,False,3,0,6,636.0,6,6,18,18,A,5144,0.5375,True,0.6423416210009236
0,40.60000000000026,406,1,,0.493045575754919,0.04108452499986015,rapf,2,False,1,0,2,494.0,2,2,11,11,A,5145,0.425,True,0.2455797659995369
2,52.69985943170775,527,5,,0.47032878711304693,0.08883378999962588,rapf,10,False,5,0,10,884.0,10,10,25,25,A,5146,0.5375,True,1.0961305570008335
0,48.3172715032175,489,9,,0.4022145341357799,0.09479132000069512,rapf,18,False,5,0,18,711.0,18,18,24,24,A,5147,0.425,True,1.0505956889983281
3,37.700000000000124,377,0,,0.48821828402717643,0.043245011000180966,rapf,0,False,0,0,0,390.0,0,0,11,11,A,5148,0.475,True,0.34068478100016364
0,51.958562205147146,521,5,,0.44651160517632454,0.09675336700001935,rapf,10,False,5,0,10,1137.0,10,10,29,29,A,5149,0.45,True,1.2611405919997196
0,36.1000000000001,361,0,,0.44647883784968656,0.03954084899942245,rapf,0,False,0,0,0,295.0,0,0,7,7,A,5150,0.4125,True,0.18634433599891054
2,39.20000000000013,392,0,,0.4017252814358983,0.053803954000613885,rapf,0,False,0,0,0,608.0,0,0,21,21,A,5151,0.525,True,0.8609752429993023
2,39.100000000000115,391,0,,0.49469008281080484,0.03951383999992686,rapf,0,False,0,0,0,412.0,0,0,8,8,A,5152,0.3625,True,0.2099844899985328
0,49.96517438960819,502,4,,0.4024565305561045,0.06095534899941413,rapf,8,False,4,0,8,544.0,8,8,20,20,A,5153,0.4875,True,0.5785846609978762
1,37.79999999999989,378,0,,0.4498052229414981,0.04449278299944126,rapf,0,False,0,0,0,738.0,0,0,16,16,A,5154,0.4375,True,0.3472347440010708
0,36.600000000000136,366,0,,0.44080057024108427,0.07765516400013439,rapf,0,False,0,0,0,370.0,0,0,8,8,A,5155,0.4875,True,0.3092737689994465
0,38.90000000000004,389,0,,0.46559952382647357,0.05987531700066029,rapf,0,False,0,0,0,538.0,0,0,14,14,A,5156,0.45,True,0.4411553410018314
5,38.80000000000014,388,0,,0.4350860389780971,0.03398753399960697,rapf,0,False,0,0,0,283.0,0,0,6,6,A,5157,0.3625,True,0.14151169099932304
0,42.50000000000018,425,2,,0.48512289959482635,0.06289373399977194,rapf,4,False,2,0,4,487.0,4,4,13,13,A,5158,0.55,True,0.4000017089983885
0,37.40000000000016,374,0,,0.496123878403861,0.036157728000034695,rapf,0,False,0,0,0,141.0,0,0,3,3,A,5159,0.4375,True,0.07065436000084446
0,36.50000000000005,365,0,,0.4740557314657097,0.03167097100049432,rapf,0,False,0,0,0,316.0,0,0,6,6,A,5160,0.4125,True,0.06322628000179975
4,40.100000000000094,401,0,,0.4602932783175836,0.04232107899952098,rapf,0,False,0,0,0,562.0,0,0,14,14,A,5161,0.4125,True,0.4056896579986642
0,40.200000000000145,402,0,,0.4964709977993865,0.03969243500068842,rapf,0,False,0,0,0,394.0,0,0,9,9,A,5162,0.3375,True,0.19485576699935336
0,38.000000000000014,380,0,,0.45416801800166534,0.03889775500010728,rapf,0,False,0,0,0,544.0,0,0,13,13,A,5163,0.4,True,0.3424807779983894
0,35.90000000000003,359,0,,0.4265907845670863,0.04095338599927345,rapf,0,False,0,0,0,309.0,0,0,7,7,A,5164,0.3375,True,0.16223676400113618
0,45.20202764812548,453,2,,0.4157806497835969,0.12221255200074665,rapf,4,False,2,0,4,824.0,4,4,20,20,A,5165,0.4375,True,0.5800755330001266
0,37.90000000000005,379,0,,0.49869213986211,0.04366780100008327,rapf,0,False,0,0,0,491.0,0,0,12,12,A,5166,0.4375,True,0.38063011599933816
0,54.909527749265926,551,5,,0.4023712306682926,0.07494868199955818,rapf,10,False,5,0,10,827.0,10,10,28,28,A,5167,0.475,True,1.0804346500017346
2,46.60000000000025,466,2,,0.4565602782286503,0.06168487600007211,rapf,4,False,2,0,4,611.0,4,4,15,15,A,5168,0.3875,True,0.5499587660015095
0,37.40000000000001,374,0,,0.47892933684022276,0.1190084019999631,rapf,0,False,0,0,0,247.0,0,0,6,6,A,5169,0.3625,True,0.31013227900075435
0,48.450652526023546,487,4,,0.4524716101545766,0.10648141900037444,rapf,8,False,4,0,8,369.0,8,8,12,12,A,5170,0.4625,True,0.4904562330002591
0,53.821672344203705,541,5,,0.472510763341662,0.08374113999980182,rapf,10,False,5,0,10,577.0,10,10,17,17,A,5171,0.4625,True,0.6399668280018886
1,45.9161108999265,461,3,,0.4446579870145007,0.14301522599998862,rapf,6,False,3,0,6,333.0,6,6,11,11,A,5172,0.55,True,0.5711413930002891
0,52.83685687982923,533,10,,0.4453184602390702,0.1350750709998465,rapf,20,False,8,0,20,533.0,20,20,22,22,A,5173,0.4375,True,1.073963373000879
4,68.18229529371014,684,9,,0.4538254326007144,0.14438398699985555,rapf,18,False,9,0,18,1109.0,18,18,37,37,A,5174,0.6,True,1.9506711320009344
0,37.300000000000246,373,0,,0.4479710128108985,0.026203414000519842,rapf,0,False,0,0,0,232.0,0,0,4,4,A,5175,0.475,True,0.06140754700118123
6,78.20102068107916,787,14,,0.4247301634025814,0.16566982900076255,rapf,28,False,14,0,28,979.0,28,28,35,35,A,5176,0.5,True,1.575546119001956
0,40.58413086513973,406,1,,0.4068256182664207,0.029602264999994077,rapf,2,False,1,0,2,360.0,2,2,8,8,A,5177,0.3875,True,0.1458111320007447
0,39.2276716058656,393,1,,0.42669589343390957,0.04101112300031673,rapf,2,False,1,0,2,376.0,2,2,11,11,A,5178,0.475,True,0.32604515200091555
3,44.50000000000022,445,1,,0.461500525650149,0.055635415999859106,rapf,2,False,1,0,2,498.0,2,2,12,12,A,5179,0.45,True,0.4086710419987867
0,38.29999999999993,383,0,,0.4641957582860576,0.019356367999534996,rapf,0,False,0,0,0,287.0,0,0,5,5,A,5180,0.45,True,0.051344221999897854
0,40.250217508674616,403,1,,0.43197716888763144,0.08388041800026258,rapf,2,False,1,0,2,218.0,2,2,7,7,A,5181,0.45,True,0.23022597400085942
0,40.50000000000015,405,0,,0.4465993252594611,0.0636904240000149,rapf,0,False,0,0,0,533.0,0,0,13,13,A,5182,0.475,True,0.429783272998975
2,73.64116437771683,743,16,,0.46747768468487705,0.19885009399968112,rapf,32,False,16,0,32,875.0,32,32,35,35,A,5183,0.4375,True,2.0068667339974127
5,61.155353106289716,614,8,,0.4291291368018682,0.0620455629996286,rapf,16,False,8,0,16,621.0,16,16,25,25,A,5184,0.3875,True,0.7823455199986711
2,48.516159627514114,487,4,,0.49124622187928624,0.06014041399976122,rapf,8,False,4,0,8,452.0,8,8,14,14,A,5185,0.475,True,0.30801269799576403
0,37.89999999999992,379,0,,0.4268597521562759,0.005581718999565055,rapf,0,False,0,0,0,185.0,0,0,3,3,A,5186,0.375,True,0.01375453800028481
0,36.40000000000011,364,0,,0.40064355949231156,0.0291258690003815,rapf,0,False,0,0,0,143.0,0,0,4,4,A,5187,0.3875,True,0.08818307599995023
0,36.799999999999976,368,0,,0.40711527162755456,0.038865569999870786,rapf,0,False,0,0,0,446.0,0,0,10,10,A,5188,0.45,True,0.20705926200025715
0,36.80000000000009,368,0,,0.43500360316636866,0.05417102100000193,rapf,0,False,0,0,0,287.0,0,0,6,6,A,5189,0.5375,True,0.17394559000058507
0,38.50000000000009,385,0,,0.4815476975628433,0.033601932000237866,rapf,0,False,0,0,0,222.0,0,0,6,6,A,5190,0.375,True,0.1486967500004539
0,53.894706523491934,541,6,,0.491678036140036,0.0602893880004558,rapf,12,False,6,0,12,373.0,12,12,15,15,A,5191,0.525,True,0.41312835200005793
2,39.70000000000012,397,0,,0.42268714020365483,0.03631629699975747,rapf,0,False,0,0,0,526.0,0,0,12,12,A,5192,0.4125,True,0.2298903170021731
3,41.07783752416271,411,1,,0.4194100434541028,0.08615151300000434,rapf,2,False,1,0,2,442.0,2,2,12,12,A,5193,0.4875,True,0.45337653899969155
0,53.50275072538453,537,5,,0.4028317456125255,0.0835324709996712,rapf,10,False,5,0,10,418.0,10,10,14,14,A,5194,0.4875,True,0.4183668529994975
1,36.30000000000014,363,0,,0.4384476320445122,0.03390925899930153,rapf,0,False,0,0,0,328.0,0,0,7,7,A,5195,0.4125,True,0.1466708789967015
2,36.00000000000007,360,0,,0.49009861855529274,0.036156336999738414,rapf,0,False,0,0,0,353.0,0,0,8,8,A,5196,0.45,True,0.166962551999859
2,55.84462148813918,561,6,,0.46099127017223357,0.07155965600031777,rapf,12,False,6,0,12,538.0,12,12,20,20,A,5197,0.4875,True,0.530493510001179
0,39.40000000000012,394,0,,0.4846188347297842,0.037182609000410594,rapf,0,False,0,0,0,329.0,0,0,9,9,A,5198,0.45,True,0.24434825100070157
1,36.600000000000115,366,0,,0.4390015641385611,0.04250646299988148,rapf,0,False,0,0,0,426.0,0,0,11,11,A,5199,0.45,True,0.3236401879958066
6,39.40000000000016,394,0,,0.41817592531213343,0.052135765999992145,rapf,0,False,0,0,0,556.0,0,0,12,12,A,5200,0.4,True,0.3359960649995628
1,43.100000000000094,431,1,,0.4871129381211857,0.05132415099978971,rapf,2,False,1,0,2,466.0,2,2,12,12,A,5201,0.4875,True,0.3499166569981753
1,58.65817768677197,588,6,,0.41944634091398086,0.06816050999987056,rapf,12,False,6,0,12,1023.0,12,12,33,33,A,5202,0.5375,True,1.3015623339988451
3,39.00000000000014,390,0,,0.4332784358148827,0.060159482000017306,rapf,0,False,0,0,0,585.0,0,0,12,12,A,5203,0.5125,True,0.3943905679998352
1,36.30000000000002,363,0,,0.4141912363818096,0.037192866000623326,rapf,0,False,0,0,0,428.0,0,0,12,12,A,5204,0.4,True,0.31337443200118287
4,41.000000000000156,410,1,,0.4627005240214727,0.036598099999537226,rapf,2,False,1,0,2,453.0,2,2,10,10,A,5205,0.475,True,0.14727278199916327
0,37.10000000000018,371,0,,0.45400486234805737,0.06247586700010288,rapf,0,False,0,0,0,965.0,0,0,26,26,A,5206,0.475,True,0.915410809997411
4,41.01717418690719,411,2,,0.4890039113088699,0.12833213700014312,rapf,4,False,2,0,4,727.0,4,4,21,21,A,5207,0.4875,True,1.1271438560006573
0,34.79999999999994,348,0,,0.4797353940011295,0.04744570399998338,rapf,0,False,0,0,0,243.0,0,0,6,6,A,5208,0.4375,True,0.18237780299932638
3,37.30000000000011,373,0,,0.4375270121600616,0.04773762999957398,rapf,0,False,0,0,0,341.0,0,0,9,9,A,5209,0.4625,True,0.24261556200053747
0,37.40000000000002,374,0,,0.44366674845139914,0.03641921799953707,rapf,0,False,0,0,0,308.0,0,0,7,7,A,5210,0.475,True,0.14751515200077847
0,37.50000000000012,375,0,,0.4796996013023276,0.06454992799990578,rapf,0,False,0,0,0,244.0,0,0,6,6,A,5211,0.3625,True,0.189701375000368
0,44.916739169558305,451,5,,0.46532274448566713,0.11418961799972749,rapf,10,False,4,0,10,683.0,10,10,19,19,A,5212,0.45,True,0.8686099439983082
0,37.000000000000064,370,0,,0.40169991777147596,0.038232273000176065,rapf,0,False,0,0,0,468.0,0,0,13,13,A,5213,0.425,True,0.3831139499998244
2,39.300000000000146,393,0,,0.40633635709802646,0.04523001000052318,rapf,0,False,0,0,0,346.0,0,0,10,10,A,5214,0.45,True,0.37371547700058727
0,38.8000000000001,388,0,,0.46773014022196796,0.07360625199999049,rapf,0,False,0,0,0,444.0,0,0,11,11,A,5215,0.4625,True,0.3320661220004695
0,41.90000000000019,419,1,,0.46051585992765626,0.04507630300031451,rapf,2,False,1,0,2,439.0,2,2,12,12,A,5216,0.45,True,0.30920848100140574
0,36.50000000000001,365,0,,0.448235330091945,0.06651935299942124,rapf,0,False,0,0,0,562.0,0,0,27,27,A,5217,0.475,True,0.8101851239971438
0,76.5061619555143,772,14,,0.4320517947084378,0.1632390929999019,rapf,28,False,14,0,28,512.0,28,28,28,28,A,5218,0.45,True,1.1398955399981787
0,37.300000000000004,373,0,,0.42535793044425857,0.04428376699979708,rapf,0,False,0,0,0,416.0,0,0,10,10,A,5219,0.3625,True,0.2856822839985398
3,41.100000000000136,411,1,,0.4281790191724372,0.12103628100066999,rapf,2,False,1,0,2,397.0,2,2,11,11,A,5220,0.5375,True,0.727721298000688
0,44.68413086513974,447,2,,0.4394333965362864,0.062448083000163024,rapf,4,False,2,0,4,566.0,4,4,31,31,A,5221,0.5,True,0.84610510100174
0,41.50000000000016,415,1,,0.43244583615566123,0.09232078300010471,rapf,2,False,1,0,2,319.0,2,2,7,7,A,5222,0.4125,True,0.2381472440010839
0,39.400000000000155,394,0,,0.4702294382437269,0.040307387999746425,rapf,0,False,0,0,0,328.0,0,0,8,8,A,5223,0.45,True,0.23062128799938364
1,38.40000000000019,384,0,,0.43820578764093815,0.042298485999708646,rapf,0,False,0,0,0,301.0,0,0,9,9,A,5224,0.4375,True,0.2583772770003634
0,37.10000000000015,371,0,,0.49827883512585935,0.03541128100005153,rapf,0,False,0,0,0,510.0,0,0,14,14,A,5225,0.3625,True,0.3692467230011971
0,39.000000000000135,390,0,,0.45732415802291415,0.06644813399998384,rapf,0,False,0,0,0,385.0,0,0,9,9,A,5226,0.5,True,0.28766446499957965
4,36.90000000000002,369,0,,0.42786292549182614,0.048217976999694656,rapf,0,False,0,0,0,619.0,0,0,15,15,A,5227,0.475,True,0.5071802180027589
0,53.15365520160676,535,6,,0.4500202109287816,0.12423095299982378,rapf,12,False,6,0,12,679.0,12,12,20,20,A,5228,0.475,True,0.8927105470011156
0,38.20000000000013,382,0,,0.4356980941448589,0.03855549699983385,rapf,0,False,0,0,0,296.0,0,0,7,7,A,5229,0.4125,True,0.18682033000004594
0,36.900000000000006,369,0,,0.44362430117210744,0.039027972999974736,rapf,0,False,0,0,0,411.0,0,0,11,11,A,5230,0.475,True,0.34663588700095715
0,46.09920049422905,461,2,,0.40172516802706665,0.09285856099995726,rapf,4,False,2,0,4,839.0,4,4,19,19,A,5231,0.4625,True,0.6762777660023858
2,41.016739169558335,411,1,,0.4975690025012226,0.14178846599952522,rapf,2,False,1,0,2,571.0,2,2,14,14,A,5232,0.4625,True,0.7156665829979829
0,37.30000000000019,373,0,,0.4364858083843577,0.03819615399970644,rapf,0,False,0,0,0,283.0,0,0,7,7,A,5233,0.3625,True,0.17496221999863337
0,40.400000000000105,404,1,,0.4553653460224358,0.05685903799985681,rapf,2,False,1,0,2,354.0,2,2,9,9,A,5234,0.45,True,0.24672248900060367
0,37.80000000000011,378,0,,0.4173125129109598,0.06212633300037851,rapf,0,False,0,0,0,506.0,0,0,10,10,A,5235,0.3875,True,0.20116935299938632
1,38.5,385,0,,0.4961502432136724,0.06793468900013977,rapf,0,False,0,0,0,546.0,0,0,12,12,A,5236,0.5375,True,0.49474095000005036
0,40.065651626185996,401,1,,0.44519207846979153,0.04373189000034472,rapf,2,False,1,0,2,243.0,2,2,6,6,A,5237,0.425,True,0.14674048000142648
2,38.89999999999996,389,0,,0.41372975419027264,0.03728687800048647,rapf,0,False,0,0,0,300.0,0,0,7,7,A,5238,0.375,True,0.14806538400080171
0,75.49031533469936,759,14,,0.4867309461811714,0.18107065500043973,rapf,28,False,14,0,28,843.0,28,28,31,31,A,5239,0.6375,True,1.627769937004814
3,43.5555893164254,436,1,,0.47215488821117746,0.04579541299972334,rapf,2,False,1,0,2,625.0,2,2,17,17,A,5240,0.475,True,0.5318070370003625
0,47.15060114539086,472,3,,0.476480790718884,0.06105697000020882,rapf,6,False,3,0,6,407.0,6,6,14,14,A,5241,0.5,True,0.48551665999912075
0,37.300000000000125,373,0,,0.44135134404249254,0.04121137699985411,rapf,0,False,0,0,0,249.0,0,0,8,8,A,5242,0.3875,True,0.24545441400005075
0,41.60000000000018,416,1,,0.4271519784332391,0.05060346799928084,rapf,2,False,1,0,2,495.0,2,2,13,13,A,5243,0.475,True,0.41102094300094905
1,38.300000000000196,383,0,,0.4817192595246706,0.04035063599985733,rapf,0,False,0,0,0,498.0,0,0,11,11,A,5244,0.4625,True,0.2516072129992608
0,37.50000000000016,375,0,,0.48416529860209734,0.04744044099970779,rapf,0,False,0,0,0,349.0,0,0,9,9,A,5245,0.4125,True,0.2779254689985464
1,39.44978249132574,395,1,,0.448193004738922,0.049741111000003,rapf,2,False,1,0,2,306.0,2,2,8,8,A,5246,0.45,True,0.201424723000855
11,49.889013159053796,500,3,,0.4513147884175402,0.05226013799983775,rapf,5,False,3,0,5,533.0,5,5,20,20,A,5247,0.4875,True,0.5967795039987323
5,36.80000000000009,368,0,,0.4571748976138172,0.05759553000007145,rapf,0,False,0,0,0,558.0,0,0,15,15,A,5248,0.5125,True,0.559349893000217
0,37.500000000000206,375,0,,0.44124842366725747,0.05631671700029983,rapf,0,False,0,0,0,435.0,0,0,11,11,A,5249,0.45,True,0.3769926039994971
0,36.50000000000003,365,0,,0.46648233884333296,0.02854390799984685,rapf,0,False,0,0,0,294.0,0,0,8,8,A,5250,0.325,True,0.1601388670014785
0,37.500000000000064,375,0,,0.46060913880352017,0.09528642499935813,rapf,0,False,0,0,0,430.0,0,0,9,9,A,5251,0.3875,True,0.3136233929963055
8,61.16957813028966,614,7,,0.4148264922353969,0.08504431300025317,rapf,14,False,7,0,14,825.0,14,14,25,25,A,5252,0.475,True,0.8478152969992152
2,36.5000000000001,365,0,,0.4691982391189231,0.03477408200069476,rapf,0,False,0,0,0,490.0,0,0,15,15,A,5253,0.475,True,0.3917731939982332
0,59.190883776019994,594,8,,0.4422493934495671,0.09055799999987357,rapf,16,False,8,0,16,512.0,16,16,23,23,A,5254,0.525,True,0.8312027170013607
0,63.56106544593746,639,8,,0.4371813663117142,0.07641812500060041,rapf,16,False,8,0,16,1025.0,16,16,35,35,A,5255,0.5125,True,1.234077792003518
3,47.816877607090795,479,3,,0.43970297204646136,0.07060128200009785,rapf,6,False,3,0,6,543.0,6,6,16,16,A,5256,0.475,True,0.532465448000039
0,51.92370425133548,520,5,,0.4583147140068059,0.06076061900057539,rapf,10,False,5,0,10,345.0,10,10,12,12,A,5257,0.3125,True,0.3068943730013416
0,57.43782347546739,579,9,,0.4774270210509492,0.09167943500051479,rapf,18,False,8,0,18,650.0,18,18,21,21,A,5258,0.4375,True,0.575551244003691
0,39.50000000000006,395,0,,0.4709270148313057,0.044386532999851624,rapf,0,False,0,0,0,422.0,0,0,9,9,A,5259,0.5,True,0.2292225539986248
0,39.99248678276342,400,1,,0.43466626880908915,0.04080761899967911,rapf,2,False,1,0,2,409.0,2,2,10,10,A,5260,0.5,True,0.27606811200075754
0,38.80000000000011,388,0,,0.4005686689137736,0.03925999000057345,rapf,0,False,0,0,0,529.0,0,0,11,11,A,5261,0.4,True,0.20848790900163294
0,62.34063375629072,626,9,,0.41087598695795724,0.09359251699970628,rapf,18,False,9,0,18,879.0,18,18,29,29,A,5262,0.5875,True,1.3763581109997176
0,37.50000000000018,375,0,,0.43584735815517817,0.03702791600062483,rapf,0,False,0,0,0,645.0,0,0,15,15,A,5263,0.35,True,0.38712343200131727
0,46.94102868139043,470,3,,0.41127836983942884,0.06285511300029611,rapf,6,False,3,0,6,708.0,6,6,21,21,A,5264,0.475,True,0.7163660690039251
0,38.99999999999986,390,0,,0.4055022099755438,0.0373866480003926,rapf,0,False,0,0,0,344.0,0,0,7,7,A,5265,0.375,True,0.1334409080000114
0,39.347602216717895,394,1,,0.4284529679956995,0.04652731400074117,rapf,2,False,1,0,2,368.0,2,2,9,9,A,5266,0.4125,True,0.2554015810001147
0,42.80000000000016,428,1,,0.4875557553700429,0.05835226599992893,rapf,2,False,1,0,2,547.0,2,2,13,13,A,5267,0.475,True,0.4003262740006903
0,39.37238908370825,394,1,,0.40151476472417286,0.04418112100029248,rapf,2,False,1,0,2,352.0,2,2,11,11,A,5268,0.4375,True,0.3750947679991441
0,37.20000000000007,372,0,,0.4144469217764919,0.04060715900050127,rapf,0,False,0,0,0,470.0,0,0,13,13,A,5269,0.45,True,0.3729670510001597
0,39.20000000000021,392,0,,0.40636279335187986,0.05044795199955843,rapf,0,False,0,0,0,604.0,0,0,15,15,A,5270,0.5,True,0.526485420001336
0,36.40000000000006,364,0,,0.45771460599288744,0.049085965999438486,rapf,0,False,0,0,0,240.0,0,0,5,5,A,5271,0.4375,True,0.1484709260012096
0,37.60000000000013,376,0,,0.4920127013340087,0.07231529700038664,rapf,0,False,0,0,0,733.0,0,0,19,19,A,5272,0.475,True,0.6975867040000594
2,39.19999999999999,392,0,,0.4318919624497067,0.049933731999772135,rapf,0,False,0,0,0,1042.0,0,0,26,26,A,5273,0.55,True,1.0104696119988148
1,52.674779408969826,529,6,,0.49292922692689844,0.12143902100069681,rapf,12,False,6,0,12,553.0,12,12,20,20,A,5274,0.5625,True,0.8081667020023815
0,36.00000000000008,360,0,,0.4090412099958515,0.041984453000623034,rapf,0,False,0,0,0,254.0,0,0,7,7,A,5275,0.45,True,0.20406308700057707
0,63.01013076481466,632,8,,0.4917598111624882,0.10557401000005484,rapf,16,False,8,0,16,659.0,16,16,24,24,A,5276,0.5,True,1.025179883000419
0,49.75127923914155,499,5,,0.47818798705654136,0.0851495419992716,rapf,10,False,5,0,10,635.0,10,10,19,19,A,5277,0.5625,True,0.6926176650013076
3,45.37236945859558,454,2,,0.49403597523572246,0.06150747900028364,rapf,4,False,2,0,4,620.0,4,4,20,20,A,5278,0.5625,True,0.7627274760006912
0,36.90000000000006,369,0,,0.4341126858396188,0.03556974299954163,rapf,0,False,0,0,0,568.0,0,0,11,11,A,5279,0.4,True,0.17769517099986842
0,66.11407460686068,665,11,,0.48157839618878123,0.09762697299993306,rapf,22,False,11,0,22,724.0,22,22,27,27,A,5280,0.3875,True,1.2238288380003723
2,43.400000000000276,434,1,,0.41573502130107987,0.06289539600038552,rapf,2,False,1,0,2,960.0,2,2,21,21,A,5281,0.5,True,0.8114958230007687
4,37.800000000000054,378,0,,0.4312393358575102,0.03638115099965944,rapf,0,False,0,0,0,258.0,0,0,7,7,A,5282,0.3625,True,0.19523910800035083
0,37.60000000000011,376,0,,0.4810096965819945,0.03667071399922861,rapf,0,False,0,0,0,343.0,0,0,8,8,A,5283,0.45,True,0.17406649099939386
0,41.800000000000196,418,1,,0.41206358358271,0.04149247399982414,rapf,2,False,1,0,2,542.0,2,2,13,13,A,5284,0.4375,True,0.352545762999398
0,37.9000000000001,379,0,,0.43481555043603387,0.04476438999972743,rapf,0,False,0,0,0,377.0,0,0,9,9,A,5285,0.4875,True,0.2525857719992928
0,36.10000000000013,361,0,,0.4435432419464823,0.04131909599982464,rapf,0,False,0,0,0,206.0,0,0,5,5,A,5286,0.5375,True,0.1630932699990808
0,43.32666465751762,434,2,,0.4437625176474271,0.04456088000006275,rapf,4,False,2,0,4,254.0,4,4,8,8,A,5287,0.4,True,0.19628770199960854
0,98.8813174960038,1000,30,max_steps,11.830586592650386,0.30607831199995417,rapf,60,False,30,0,60,670.0,60,60,45,45,A,5288,0.45,False,2.5414881039996544
0,46.407403980023474,465,3,,0.45464904555689584,0.05947118299991416,rapf,6,False,3,0,6,673.0,6,6,18,18,A,5289,0.425,True,0.58373210299942
3,51.93878751565975,521,4,,0.41390752714099194,0.07496854200053349,rapf,8,False,4,0,8,687.0,8,8,18,18,A,5290,0.575,True,0.4799943219986744
0,49.27074064955173,493,3,,0.42904366327228183,0.05274110799928167,rapf,6,False,3,0,6,413.0,6,6,14,14,A,5291,0.4125,True,0.4106996810005512
0,40.10000000000024,401,1,,0.46297108604189674,0.12482848200033914,rapf,2,False,1,0,2,655.0,2,2,18,18,A,5292,0.425,True,0.61773321900273
1,38.200000000000074,382,0,,0.4843653292364465,0.040303546999894024,rapf,0,False,0,0,0,584.0,0,0,15,15,A,5293,0.5,True,0.5091558449976219
0,41.983260830441935,420,1,,0.4992490467476031,0.041137679999337706,rapf,2,False,1,0,2,230.0,2,2,7,7,A,5294,0.4375,True,0.17302807299893175
0,37.200000000000045,372,0,,0.48482889283551783,0.03842589499981841,rapf,0,False,0,0,0,274.0,0,0,5,5,A,5295,0.3375,True,0.06852048700147861
3,99.19849194297294,1000,24,max_steps,1.3262168613378573,0.2391949620005107,rapf,48,False,24,0,48,724.0,48,48,41,41,A,5296,0.675,False,2.5693466269995042
0,39.00000000000006,390,1,,0.4355063372554853,0.039144133999798214,rapf,2,False,1,0,2,385.0,2,2,14,14,A,5297,0.4,True,0.4203295960005562
0,44.51561278214862,446,3,,0.44111610012624464,0.06680854600017483,rapf,6,False,3,0,6,401.0,6,6,13,13,A,5298,0.475,True,0.4663549270007934
0,37.700000000000145,377,0,,0.4060112464291945,0.04486839899982442,rapf,0,False,0,0,0,161.0,0,0,4,4,A,5299,0.3875,True,0.12974066999959177
0,45.900000000000304,459,2,,0.43833072537594847,0.05407296799967298,rapf,4,False,2,0,4,749.0,4,4,28,28,A,5300,0.475,True,0.9909567879985843
0,91.21790369994505,920,21,,0.4914209818622043,0.17645363800056657,rapf,42,False,21,0,42,1143.0,42,42,42,42,A,5301,0.5125,True,2.107712581998385
0,38.600000000000115,386,0,,0.41331094943381436,0.04406217199993989,rapf,0,False,0,0,0,463.0,0,0,10,10,A,5302,0.45,True,0.2227378219977254
2,53.33958387093289,537,6,,0.481243683187662,0.08799315200030833,rapf,12,False,6,0,12,445.0,12,12,16,16,A,5303,0.475,True,0.4694915080017381
0,37.300000000000104,373,0,,0.4155130218160186,0.123487200999989,rapf,0,False,0,0,0,678.0,0,0,22,22,A,5304,0.35,True,0.9570462929996211
0,36.70000000000008,367,0,,0.4380973269218631,0.04645133600024565,rapf,0,False,0,0,0,482.0,0,0,12,12,A,5305,0.475,True,0.3363876020002863
2,37.50000000000002,375,0,,0.4948069687856811,0.042744882999613765,rapf,0,False,0,0,0,690.0,0,0,15,15,A,5306,0.4125,True,0.33826889699776075
0,54.45968479845585,545,5,,0.43543051720111764,0.06390570800067508,rapf,10,False,5,0,10,999.0,10,10,27,27,A,5307,0.4875,True,0.8127123420026692
0,39.2000000000002,392,0,,0.4341912707387734,0.10148465000020224,rapf,0,False,0,0,0,196.0,0,0,5,5,A,5308,0.425,True,0.1955838469993978
0,54.80636409096883,549,5,,0.44626855673412885,0.08995734300060576,rapf,10,False,5,0,10,1176.0,10,10,32,32,A,5309,0.6625,True,1.2710804210028073
0,39.40000000000002,394,0,,0.4733445950805718,0.045285444999535684,rapf,0,False,0,0,0,309.0,0,0,7,7,A,5310,0.4375,True,0.18884051499844645
0,54.27219482727322,544,6,,0.4588001439856942,0.07394426700011536,rapf,12,False,6,0,12,740.0,12,12,23,23,A,5311,0.4875,True,0.6530282199983048
7,47.71630415220949,478,4,,0.404929211214677,0.07357520999994449,rapf,8,False,4,0,8,735.0,8,8,22,22,A,5312,0.55,True,0.7920596099984323
0,38.70000000000003,387,0,,0.49582941712011763,0.05651284099985787,rapf,0,False,0,0,0,745.0,0,0,17,17,A,5313,0.3625,True,0.46232632199917134
0,36.80000000000002,368,0,,0.4440191273008042,0.03796102100022836,rapf,0,False,0,0,0,405.0,0,0,9,9,A,5314,0.4375,True,0.1878857510009766
0,37.899999999999956,379,0,,0.44063420391662284,0.010194198000135657,rapf,0,False,0,0,0,288.0,0,0,5,5,A,5315,0.35,True,0.035574652001741924
0,36.10000000000009,361,0,,0.44418831203207526,0.03454483600035019,rapf,0,False,0,0,0,580.0,0,0,15,15,A,5316,0.35,True,0.3676028110021434
0,44.083695847790885,442,3,,0.4991628793512069,0.06105454199951055,rapf,6,False,3,0,6,333.0,6,6,11,11,A,5317,0.475,True,0.32244546200035984
0,60.059394903304025,602,8,,0.427642885666634,0.0763949029997093,rapf,16,False,8,0,16,744.0,16,16,26,26,A,5318,0.4875,True,0.6396937529989373
2,37.800000000000125,378,0,,0.4303147245816803,0.03341195600023639,rapf,0,False,0,0,0,510.0,0,0,11,11,A,5319,0.375,True,0.21315806099846668
3,38.60000000000012,386,0,,0.4260442041330288,0.04542764100006025,rapf,0,False,0,0,0,231.0,0,0,6,6,A,5320,0.45,True,0.14493686499918113
0,41.80000000000008,418,1,,0.40307812206713856,0.11466314599965699,rapf,2,False,1,0,2,519.0,2,2,14,14,A,5321,0.5625,True,0.6335658609987149
2,46.01891425630289,461,2,,0.4759596202874991,0.06092770000032033,rapf,4,False,2,0,4,273.0,4,4,10,10,A,5322,0.4125,True,0.30364845199892443
0,38.700000000000024,387,0,,0.49938734551506775,0.038828904000183684,rapf,0,False,0,0,0,554.0,0,0,11,11,A,5323,0.425,True,0.2070225980005489
0,38.20000000000005,382,0,,0.43467939391503074,0.09133004100021935,rapf,0,False,0,0,0,638.0,0,0,16,16,A,5324,0.475,True,0.6920604060005644
0,38.400000000000006,384,0,,0.47149359666758556,0.03156326499993156,rapf,0,False,0,0,0,179.0,0,0,4,4,A,5325,0.425,True,0.08341088899942406
6,45.183260830442045,452,1,,0.4436877728759177,0.05851511400032905,rapf,2,False,1,0,2,860.0,2,2,18,18,A,5326,0.4625,True,0.4592352010013201
0,36.10000000000012,361,0,,0.4809618543789509,0.0435700319994794,rapf,0,False,0,0,0,359.0,0,0,9,9,A,5327,0.4625,True,0.26439955300065776
8,88.48351417393886,891,19,,0.47593545718032104,0.19252265300019644,rapf,38,False,19,0,38,952.0,38,38,39,39,A,5328,0.525,True,1.9255918020007812
0,38.90000000000019,389,0,,0.4538859053937663,0.03769288900002721,rapf,0,False,0,0,0,804.0,0,0,18,18,A,5329,0.475,True,0.4201387569992221
0,66.92879994293861,674,11,,0.4570873719375063,0.10233915699973295,rapf,22,False,11,0,22,459.0,22,22,22,22,A,5330,0.45,True,0.6258276580010715
1,37.50000000000004,375,0,,0.4598749419720249,0.035914312999921094,rapf,0,False,0,0,0,250.0,0,0,7,7,A,5331,0.3875,True,0.17394383199825825
3,73.46951816581257,738,13,,0.46683277921203276,0.1595413439999902,rapf,26,False,13,0,26,1137.0,26,26,42,42,A,5332,0.55,True,2.2546818859991618
0,38.30000000000013,383,0,,0.4531708146766665,0.037441032999595336,rapf,0,False,0,0,0,286.0,0,0,7,7,A,5333,0.4375,True,0.19638581599974714
4,43.30000000000013,433,1,,0.46543739202944034,0.11352601799990225,rapf,2,False,1,0,2,1093.0,2,2,23,23,A,5334,0.425,True,0.5683473310009504
0,37.30000000000002,373,0,,0.41018905195594724,0.035783694999736326,rapf,0,False,0,0,0,266.0,0,0,6,6,A,5335,0.425,True,0.1240004350001982
0,37.90000000000002,379,0,,0.41324795645185597,0.04949890599982609,rapf,0,False,0,0,0,806.0,0,0,20,20,A,5336,0.4875,True,0.7264433520003877
0,38.50000000000015,385,0,,0.4980208279260935,0.03804564100028074,rapf,0,False,0,0,0,626.0,0,0,14,14,A,5337,0.4625,True,0.3071438609986217
0,41.100000000000136,411,1,,0.4080601988162288,0.041372233999936725,rapf,2,False,1,0,2,366.0,2,2,10,10,A,5338,0.4625,True,0.25179572599972744
3,38.800000000000146,388,0,,0.48514869022521845,0.0363599210004395,rapf,0,False,0,0,0,559.0,0,0,12,12,A,5339,0.425,True,0.26529661800122994
0,69.72300938584718,701,11,,0.4062160206917002,0.11305468600039603,rapf,22,False,11,0,22,461.0,22,22,21,21,A,5340,0.45,True,0.6471284340022976
0,59.31055088314638,596,8,,0.4449405719799776,0.09106195799995476,rapf,16,False,8,0,16,447.0,16,16,18,18,A,5341,0.3875,True,0.46381150799879833
1,39.10000000000005,391,0,,0.49211411334685473,0.03704993300016213,rapf,0,False,0,0,0,397.0,0,0,12,12,A,5342,0.4375,True,0.34654510600012145
0,40.70000000000024,407,1,,0.46199359263967027,0.041766291000385536,rapf,2,False,1,0,2,450.0,2,2,12,12,A,5343,0.325,True,0.31111204600074416
0,38.2000000000001,382,0,,0.45645887748591346,0.031682967000051576,rapf,0,False,0,0,0,347.0,0,0,10,10,A,5344,0.425,True,0.2298210549997748
6,42.9000000000002,429,1,,0.4327413317058716,0.04037341000002925,rapf,2,False,1,0,2,540.0,2,2,12,12,A,5345,0.3875,True,0.26723883600152476
0,37.90000000000008,379,0,,0.468677519665374,0.034095534000698535,rapf,0,False,0,0,0,215.0,0,0,7,7,A,5346,0.45,True,0.18499209800120298
0,38.80000000000022,388,0,,0.4351933497364585,0.041397575999326364,rapf,0,False,0,0,0,344.0,0,0,8,8,A,5347,0.4875,True,0.2061694370013356
0,37.20000000000012,372,0,,0.47914122753982696,0.041114319999906,rapf,0,False,0,0,0,528.0,0,0,13,13,A,5348,0.425,True,0.3110298179999518
0,37.500000000000064,375,0,,0.4975434168221107,0.0393289099993126,rapf,0,False,0,0,0,312.0,0,0,8,8,A,5349,0.45,True,0.23869227199884335
0,36.90000000000004,369,0,,0.45289562456212124,0.02823744000033912,rapf,0,False,0,0,0,175.0,0,0,5,5,A,5350,0.325,True,0.09741278700039402
1,50.327749500524014,505,4,,0.4362793477122157,0.046874962000401865,rapf,8,False,4,0,8,513.0,8,8,18,18,A,5351,0.4375,True,0.4202792740006771
0,43.70129019267424,438,2,,0.4963110555123969,0.04174735699962184,rapf,4,False,2,0,4,528.0,4,4,16,16,A,5352,0.4375,True,0.379356312998425
0,37.30000000000012,373,0,,0.46974615829112815,0.03329983500043454,rapf,0,False,0,0,0,169.0,0,0,4,4,A,5353,0.4375,True,0.0890454669988685
0,61.04057361510407,613,7,,0.4760122616442783,0.06784177600002295,rapf,14,False,7,0,14,898.0,14,14,30,30,A,5354,0.425,True,0.998373819003973
2,43.90978156208449,440,2,,0.4697934844623126,0.044364679999489454,rapf,4,False,2,0,4,228.0,4,4,9,9,A,5355,0.5125,True,0.2503700689985635
0,38.90000000000004,389,0,,0.448632562474185,0.039001958999506314,rapf,0,False,0,0,0,285.0,0,0,7,7,A,5356,0.4125,True,0.1697970439981873
0,44.00000000000014,440,1,,0.40486920308404734,0.040909940999881655,rapf,2,False,1,0,2,357.0,2,2,10,10,A,5357,0.45,True,0.2430815449988586
0,39.10000000000007,391,0,,0.40693694133363334,0.04876083599992853,rapf,0,False,0,0,0,231.0,0,0,6,6,A,5358,0.4,True,0.1520513729992672
0,40.400000000000155,404,1,,0.4891133079063572,0.05099377300030028,rapf,2,False,1,0,2,380.0,2,2,11,11,A,5359,0.475,True,0.40151901799890766
0,69.60959421518469,702,12,,0.41478603895107047,0.09197606599991559,rapf,24,False,12,0,24,699.0,24,24,30,30,A,5360,0.5125,True,0.8708417229981933
0,45.98598307317902,460,3,,0.43115610478732336,0.04653730700010783,rapf,6,False,3,0,6,476.0,6,6,15,15,A,5361,0.375,True,0.3327484920000643
0,35.70000000000019,357,0,,0.49087727009483006,0.03602502200010349,rapf,0,False,0,0,0,476.0,0,0,11,11,A,5362,0.425,True,0.26405156899909343
2,96.02069366418995,1000,56,max_steps,10.326197478885858,0.4267502479997347,rapf,112,False,27,0,112,771.0,112,112,75,75,A,5363,0.675,False,5.8347027609997895
0,55.33977535411394,556,7,,0.47630842354717845,0.08609435800008214,rapf,14,False,7,0,14,254.0,14,14,12,12,A,5364,0.425,True,0.23103053999875556
0,37.60000000000004,376,0,,0.423851759420207,0.044974775999435224,rapf,0,False,0,0,0,440.0,0,0,10,10,A,5365,0.4375,True,0.34658032799779903
0,38.10000000000017,381,0,,0.40359739626234187,0.04275848299948848,rapf,0,False,0,0,0,501.0,0,0,12,12,A,5366,0.475,True,0.39843342200038023
0,45.98863316257709,462,3,,0.4751204853858216,0.056592437000290374,rapf,6,False,3,0,6,450.0,6,6,14,14,A,5367,0.4625,True,0.45737677900069684
2,52.94741759488407,531,5,,0.4329459583722942,0.04803251200064551,rapf,10,False,5,0,10,323.0,10,10,12,12,A,5368,0.3625,True,0.21095714700004464
0,39.00000000000012,390,0,,0.4628812223034103,0.04113937199963402,rapf,0,False,0,0,0,421.0,0,0,10,10,A,5369,0.475,True,0.2970910970007026
2,38.10000000000013,381,0,,0.4184092347251473,0.033267220000197995,rapf,0,False,0,0,0,344.0,0,0,10,10,A,5370,0.4,True,0.2717586200014921
0,43.70000000000025,437,2,,0.4584135393900855,0.07121606799955771,rapf,4,False,2,0,4,680.0,4,4,18,18,A,5371,0.4625,True,0.6571377609989213
4,55.10133712795907,552,5,,0.49907307650569166,0.05427560399948561,rapf,10,False,5,0,10,639.0,10,10,22,22,A,5372,0.4375,True,0.6792106539996894
0,44.000000000000156,440,1,,0.49750619398421325,0.04772611099997448,rapf,2,False,1,0,2,800.0,2,2,20,20,A,5373,0.4625,True,0.5492483089992675
0,37.300000000000075,373,0,,0.428098627123871,0.03047543799948471,rapf,0,False,0,0,0,296.0,0,0,12,12,A,5374,0.425,True,0.3205109550017369
0,38.90000000000005,389,0,,0.4576439494059569,0.03687405900018348,rapf,0,False,0,0,0,602.0,0,0,12,12,A,5375,0.45,True,0.22971728700213134
0,83.9475975162168,855,27,,0.41067388761769613,0.22035823899932439,rapf,54,False,19,0,54,1147.0,54,54,55,55,A,5376,0.5875,True,3.2962385659993743
0,48.81760920425618,489,3,,0.4573216712839361,0.044508443000268016,rapf,6,False,3,0,6,357.0,6,6,11,11,A,5377,0.3875,True,0.26733001499906095
0,37.80000000000007,378,0,,0.45898449057812457,0.0352712200001406,rapf,0,False,0,0,0,640.0,0,0,14,14,A,5378,0.4,True,0.32987527000113914
0,37.800000000000075,378,0,,0.4838394313852496,0.04938787999981287,rapf,0,False,0,0,0,443.0,0,0,12,12,A,5379,0.55,True,0.4768510919993787
2,59.974844707596226,601,7,,0.4625308005109367,0.07081722900056775,rapf,14,False,7,0,14,742.0,14,14,24,24,A,5380,0.525,True,0.6297119099990596
0,37.29999999999981,373,0,,0.4605737023656898,0.041746290999981284,rapf,0,False,0,0,0,266.0,0,0,6,6,A,5381,0.475,True,0.14003253300052165
0,36.900000000000055,369,0,,0.4984971010520953,0.038437773000623565,rapf,0,False,0,0,0,322.0,0,0,9,9,A,5382,0.425,True,0.2810870380008055
2,38.50000000000011,385,0,,0.40781705580294847,0.03357507600048848,rapf,0,False,0,0,0,331.0,0,0,10,10,A,5383,0.425,True,0.23362839500077826
0,73.63423024359399,747,21,,0.4578278511790955,0.1725508350000382,rapf,42,False,16,0,42,661.0,42,42,33,33,A,5384,0.525,True,1.1990324450007392
0,36.20000000000015,362,0,,0.4878885336481576,0.03691920700021001,rapf,0,False,0,0,0,376.0,0,0,7,7,A,5385,0.4375,True,0.10272320700005366
0,38.70000000000011,387,0,,0.4804861160155374,0.028168048999759776,rapf,0,False,0,0,0,512.0,0,0,15,15,A,5386,0.375,True,0.3332228649987883
0,37.50000000000013,375,0,,0.43190773943024635,0.03601227499984816,rapf,0,False,0,0,0,757.0,0,0,17,17,A,5387,0.4,True,0.4328705300013098
0,38.20000000000001,382,0,,0.4051344162569576,0.041012278999915,rapf,0,False,0,0,0,319.0,0,0,9,9,A,5388,0.5,True,0.2583948940000482
1,43.00000000000013,430,1,,0.47366793965725484,0.05055384800016327,rapf,2,False,1,0,2,410.0,2,2,12,12,A,5389,0.5,True,0.3877008460003708
0,46.47233006068579,465,2,,0.4419010860623217,0.04173332299978938,rapf,4,False,2,0,4,456.0,4,4,13,13,A,5390,0.4625,True,0.29739396900004067
2,36.400000000000034,364,0,,0.41122329161186966,0.0383731780002563,rapf,0,False,0,0,0,573.0,0,0,17,17,A,5391,0.4875,True,0.45992552600000636
0,35.500000000000064,355,0,,0.4842910090311001,0.03684098899975652,rapf,0,False,0,0,0,237.0,0,0,5,5,A,5392,0.4625,True,0.10239013299906219
0,44.871690272672446,450,3,,0.4232785948827563,0.04804681199948391,rapf,6,False,3,0,6,463.0,6,6,15,15,A,5393,0.375,True,0.3920562439989226
0,42.30000000000017,423,1,,0.48659542836761577,0.04453031499997451,rapf,2,False,1,0,2,568.0,2,2,16,16,A,5394,0.3875,True,0.42726144500193186
0,39.200000000000074,392,0,,0.42301772486274697,0.034228303999952914,rapf,0,False,0,0,0,410.0,0,0,11,11,A,5395,0.475,True,0.2845230070006437
0,37.80000000000013,378,0,,0.4231742361684429,0.03888721000021178,rapf,0,False,0,0,0,345.0,0,0,9,9,A,5396,0.45,True,0.23305175400037115
0,36.69999999999999,367,0,,0.4840185002690098,0.04690260800089163,rapf,0,False,0,0,0,503.0,0,0,14,14,A,5397,0.575,True,0.4205289779993109
2,36.8,368,0,,0.4570969703521126,0.032260437999866554,rapf,0,False,0,0,0,396.0,0,0,10,10,A,5398,0.4,True,0.1965905009992639
0,44.94557909238184,450,3,,0.47264431294323156,0.04012630400029593,rapf,6,False,3,0,6,574.0,6,6,18,18,A,5399,0.425,True,0.4168225609992078
0,36.20000000000011,362,0,,0.4461967603953214,0.030881445999511925,rapf,0,False,0,0,0,179.0,0,0,5,5,A,5400,0.4125,True,0.1088895360016977
0,38.30000000000021,383,0,,0.4376265912230103,0.00814449900008185,rapf,0,False,0,0,0,122.0,0,0,2,2,A,5401,0.2875,True,0.01118049799970322
0,37.7000000000001,377,0,,0.47001399186588,0.0051322869994692155,rapf,0,False,0,0,0,122.0,0,0,2,2,A,5402,0.3875,True,0.007871473999330192
2,37.300000000000075,373,0,,0.46237005433224815,0.0364992920003715,rapf,0,False,0,0,0,248.0,0,0,7,7,A,5403,0.4,True,0.18366975700155308
15,63.07860641409333,633,9,,0.4985974311629789,0.09572018200015009,rapf,18,False,9,0,18,1115.0,18,18,35,35,A,5404,0.5,True,1.393031898001027
3,44.20000000000029,442,1,,0.42922838085048404,0.12022744500063709,rapf,2,False,1,0,2,581.0,2,2,16,16,A,5405,0.5125,True,0.5811543759982669
0,35.800000000000146,358,0,,0.42446581944844514,0.025848537000456417,rapf,0,False,0,0,0,380.0,0,0,10,10,A,5406,0.3625,True,0.191472886000156
0,38.40000000000009,384,0,,0.40253414702937196,0.0335999590006395,rapf,0,False,0,0,0,499.0,0,0,14,14,A,5407,0.3875,True,0.379266916999768
2,66.1033144971501,664,10,,0.4273427709019198,0.0733736250003858,rapf,20,False,10,0,20,582.0,20,20,27,27,A,5408,0.45,True,0.7809242740040645
0,40.10000000000009,401,0,,0.4717419187794944,0.045963951999510755,rapf,0,False,0,0,0,371.0,0,0,10,10,A,5409,0.5375,True,0.369835641001373
0,44.02775857320496,442,2,,0.462301357220272,0.03961314900061552,rapf,4,False,2,0,4,399.0,4,4,13,13,A,5410,0.4125,True,0.3164200540004458
1,47.54599052328928,477,3,,0.4375879419339948,0.054012507000152254,rapf,6,False,3,0,6,384.0,6,6,13,13,A,5411,0.45,True,0.35426362499856623
0,36.8,368,0,,0.43910305887461243,0.031091682999431214,rapf,0,False,0,0,0,212.0,0,0,5,5,A,5412,0.4625,True,0.11049289199854684
4,67.8998863521855,681,10,,0.441683679936012,0.08665913400000136,rapf,20,False,10,0,20,477.0,20,20,21,21,A,5413,0.45,True,0.5129769519990077
0,47.792180048361416,479,3,,0.4058698748950961,0.05427252299978136,rapf,6,False,3,0,6,347.0,6,6,11,11,A,5414,0.45,True,0.29647008999927493
0,38.000000000000064,380,0,,0.41428217619845753,0.04275173799942422,rapf,0,False,0,0,0,475.0,0,0,14,14,A,5415,0.525,True,0.38406675799797085
0,39.40000000000013,394,1,,0.4309941820575755,0.04035057999954006,rapf,2,False,1,0,2,473.0,2,2,14,14,A,5416,0.4375,True,0.3849860889995398
0,37.90000000000009,379,0,,0.47506583982152756,0.08140320599977713,rapf,0,False,0,0,0,654.0,0,0,14,14,A,5417,0.4625,True,0.42493829800059757
0,57.24394591524865,574,7,,0.41005461629187767,0.08959742800016102,rapf,14,False,7,0,14,779.0,14,14,26,26,A,5418,0.5375,True,0.9624917579994872
0,39.80000000000017,398,0,,0.4315872649388767,0.0953575510002338,rapf,0,False,0,0,0,579.0,0,0,13,13,A,5419,0.475,True,0.5367906329975085
0,43.800000000000246,438,1,,0.4496825054220062,0.05461885600016103,rapf,2,False,1,0,2,551.0,2,2,16,16,A,5420,0.5,True,0.6739813909980512
7,41.99999999999988,420,1,,0.4313951375154631,0.054158603999894694,rapf,2,False,1,0,2,558.0,2,2,13,13,A,5421,0.4375,True,0.366845782999917
2,38.50000000000012,385,0,,0.42574638879993504,0.03920020499936072,rapf,0,False,0,0,0,587.0,0,0,14,14,A,5422,0.5,True,0.361060394998276
4,41.79999999999996,418,1,,0.4024489059418682,0.04259920200001943,rapf,2,False,1,0,2,502.0,2,2,20,20,A,5423,0.4375,True,0.6000929909996557
2,47.260391965675865,473,3,,0.40806124920601594,0.0521133699994607,rapf,6,False,3,0,6,525.0,6,6,18,18,A,5424,0.45,True,0.6477466189999177
3,39.1000000000001,391,0,,0.49798430677933897,0.04102958900057274,rapf,0,False,0,0,0,447.0,0,0,12,12,A,5425,0.475,True,0.38675498600059655
0,40.3000000000002,403,1,,0.42458811689199377,0.04552318100013508,rapf,2,False,1,0,2,840.0,2,2,21,21,A,5426,0.4,True,0.5568025120010134
2,46.70000000000023,467,2,,0.465980912140373,0.04288085999996838,rapf,4,False,2,0,4,473.0,4,4,15,15,A,5427,0.5,True,0.3933451579987377
0,40.00000000000009,400,0,,0.40103389364101527,0.041398400000616675,rapf,0,False,0,0,0,810.0,0,0,17,17,A,5428,0.475,True,0.348503895002068
4,35.90000000000003,359,0,,0.42136597116428137,0.03317536000031396,rapf,0,False,0,0,0,149.0,0,0,4,4,A,5429,0.4375,True,0.09605481700145901
0,37.600000000000016,376,0,,0.4856144041000525,0.040813298000102805,rapf,0,False,0,0,0,331.0,0,0,8,8,A,5430,0.4875,True,0.1741453310014549
1,56.272349289027865,567,7,,0.4343922749461489,0.1623281100000895,rapf,14,False,7,0,14,588.0,14,14,21,21,A,5431,0.4375,True,0.8545477320003556
6,39.50000000000019,395,0,,0.47528479743326746,0.0421369979994779,rapf,0,False,0,0,0,408.0,0,0,10,10,A,5432,0.4375,True,0.3002866589995392
0,37.700000000000124,377,0,,0.41359589630352483,0.03513876099987101,rapf,0,False,0,0,0,370.0,0,0,12,12,A,5433,0.4125,True,0.3476785150005526
0,53.00188043937694,532,6,,0.40374050845136683,0.06435496099948068,rapf,12,False,6,0,12,566.0,12,12,16,16,A,5434,0.4125,True,0.4390870100005486
0,36.80000000000002,368,0,,0.426953942428849,0.04709243599972979,rapf,0,False,0,0,0,526.0,0,0,11,11,A,5435,0.55,True,0.2766246790006335
1,37.40000000000014,374,0,,0.4990919158684445,0.025538783999763837,rapf,0,False,0,0,0,320.0,0,0,9,9,A,5436,0.3125,True,0.1660550080014218
0,56.69742306115532,570,7,,0.43256968178239125,0.07673208200048975,rapf,14,False,7,0,14,449.0,14,14,18,18,A,5437,0.4125,True,0.5395110370009206
0,38.00000000000018,380,0,,0.40931543072026516,0.06125625999993645,rapf,0,False,0,0,0,299.0,0,0,7,7,A,5438,0.375,True,0.1858628600002703
0,38.500000000000135,385,0,,0.49937484054591547,0.041922942000383046,rapf,0,False,0,0,0,975.0,0,0,23,23,A,5439,0.3875,True,0.5901991350001481
0,49.817327236493135,499,3,,0.42984022249605003,0.09403041200039297,rapf,6,False,3,0,6,1041.0,6,6,25,25,A,5440,0.4375,True,0.8159282169999642
0,37.50000000000008,375,0,,0.4196854871016866,0.0352560170003926,rapf,0,False,0,0,0,202.0,0,0,5,5,A,5441,0.4125,True,0.13291448900054093
0,52.32708544289526,525,5,,0.43542867338302693,0.06926088399995933,rapf,10,False,5,0,10,566.0,10,10,18,18,A,5442,0.475,True,0.6824728829978994
0,38.90000000000009,389,0,,0.4920018353248186,0.04840657100066892,rapf,0,False,0,0,0,625.0,0,0,18,18,A,5443,0.425,True,0.6211350370003856
0,38.200000000000095,382,0,,0.42258086254338767,0.035926241999732156,rapf,0,False,0,0,0,478.0,0,0,10,10,A,5444,0.425,True,0.1923440450000271
1,36.499999999999986,365,0,,0.49466426927413887,0.043928864000008616,rapf,0,False,0,0,0,335.0,0,0,8,8,A,5445,0.475,True,0.26844335599980695
0,41.7000000000001,417,1,,0.4570039281911338,0.060869986999932735,rapf,2,False,1,0,2,459.0,2,2,11,11,A,5446,0.6,True,0.3489461459994345
0,38.70000000000013,387,0,,0.4188910051218079,0.08970591799970862,rapf,0,False,0,0,0,552.0,0,0,16,16,A,5447,0.5125,True,0.579211490002308
0,41.60000000000021,416,1,,0.4211194170865796,0.03644261799945525,rapf,2,False,1,0,2,392.0,2,2,8,8,A,5448,0.375,True,0.1221703350001917
0,59.069537026840635,593,7,,0.4574818259049116,0.11486168900046323,rapf,14,False,7,0,14,606.0,14,14,23,23,A,5449,0.6,True,0.9330641489987102
0,40.11673916955836,402,1,,0.4396515171418108,0.04718922200027009,rapf,2,False,1,0,2,404.0,2,2,11,11,A,5450,0.45,True,0.3913271769997664
0,48.648502252368914,487,3,,0.44115693755803725,0.06009811200055992,rapf,6,False,3,0,6,401.0,6,6,12,12,A,5451,0.4875,True,0.28117852400100674
0,43.700000000000166,437,1,,0.4650277410541349,0.04479506200004835,rapf,2,False,1,0,2,618.0,2,2,16,16,A,5452,0.45,True,0.4412854990005144
0,36.90000000000001,369,0,,0.4980950963178294,0.03149362400017708,rapf,0,False,0,0,0,303.0,0,0,8,8,A,5453,0.3375,True,0.1784351650003373
0,37.700000000000095,377,0,,0.47770550925708183,0.04687993200059282,rapf,0,False,0,0,0,389.0,0,0,9,9,A,5454,0.5,True,0.2414946000017153
0,36.0000000000001,360,0,,0.42808532871732363,0.04588919700017868,rapf,0,False,0,0,0,282.0,0,0,8,8,A,5455,0.5375,True,0.2962852499986184
0,38.40000000000019,384,0,,0.4933102527578907,0.03376906599987706,rapf,0,False,0,0,0,296.0,0,0,8,8,A,5456,0.3625,True,0.18411217099946953
0,38.80000000000016,388,0,,0.4631942071650344,0.09003592899989599,rapf,0,False,0,0,0,309.0,0,0,9,9,A,5457,0.45,True,0.40126443300050596
0,46.9502175086746,470,3,,0.48612707276844747,0.04787212399969576,rapf,6,False,3,0,6,381.0,6,6,12,12,A,5458,0.4125,True,0.3206123010013471
0,38.700000000000045,387,0,,0.47559019974948247,0.02936499899988121,rapf,0,False,0,0,0,232.0,0,0,5,5,A,5459,0.35,True,0.09603425500063167
0,38.4000000000001,384,0,,0.4629192237786178,0.04545669999970414,rapf,0,False,0,0,0,468.0,0,0,11,11,A,5460,0.45,True,0.25776532199961366
8,37.50000000000011,375,0,,0.4987828583701392,0.045835473999432,rapf,0,False,0,0,0,392.0,0,0,9,9,A,5461,0.4125,True,0.2816556670004502
0,46.17244249973454,463,4,,0.4649238525675333,0.05558223500065651,rapf,8,False,4,0,8,358.0,8,8,13,13,A,5462,0.4375,True,0.3251127780004026
0,39.400000000000155,394,0,,0.4071416300523108,0.04211927200049104,rapf,0,False,0,0,0,348.0,0,0,9,9,A,5463,0.5125,True,0.2618360440010292
2,40.20000000000009,402,0,,0.47744521730307227,0.03668960600043647,rapf,0,False,0,0,0,652.0,0,0,16,16,A,5464,0.4625,True,0.3801459460028127
0,66.20400777293825,665,10,,0.4545322424125143,0.1821924730002138,rapf,20,False,10,0,20,717.0,20,20,28,28,A,5465,0.525,True,1.4216573970015816
2,41.70000000000023,417,1,,0.45728087448463256,0.052895896000336506,rapf,2,False,1,0,2,633.0,2,2,20,20,A,5466,0.4625,True,0.6922672370010332
0,40.50000000000011,405,1,,0.4465856302769562,0.10500531599973328,rapf,2,False,1,0,2,601.0,2,2,17,17,A,5467,0.575,True,0.7461809740007084
0,67.80708952381039,681,10,,0.4858428682377454,0.15617612700043537,rapf,20,False,10,0,20,979.0,20,20,31,31,A,5468,0.525,True,1.2362304550015324
0,36.20000000000009,362,0,,0.4946968869429792,0.029068144999655487,rapf,0,False,0,0,0,204.0,0,0,6,6,A,5469,0.3125,True,0.10956200399959926
0,43.4857168190279,435,2,,0.42367882430766785,0.044554566999977396,rapf,4,False,2,0,4,735.0,4,4,16,16,A,5470,0.425,True,0.3497088230005829
3,42.09999999999992,421,1,,0.48565707402242275,0.05083973500040884,rapf,2,False,1,0,2,707.0,2,2,19,19,A,5471,0.4,True,0.5336545070013017
0,65.06321815448185,655,11,,0.47123477919911044,0.10839085199950205,rapf,22,False,11,0,22,354.0,22,22,20,20,A,5472,0.4125,True,0.5578626010001244
0,39.800000000000146,398,0,,0.4142983725905644,0.04579498499970214,rapf,0,False,0,0,0,582.0,0,0,16,16,A,5473,0.425,True,0.5886050030003389
0,40.100000000000044,401,0,,0.4726620338067375,0.03831933499986917,rapf,0,False,0,0,0,433.0,0,0,9,9,A,5474,0.35,True,0.17769408300137002
10,46.6310889621747,467,2,,0.49646948525323303,0.09279701299965382,rapf,4,False,2,0,4,1143.0,4,4,30,30,A,5475,0.475,True,1.1799950659988099
0,36.40000000000001,364,0,,0.40487003584929204,0.03327906200047437,rapf,0,False,0,0,0,293.0,0,0,8,8,A,5476,0.375,True,0.17820179000136704
0,42.50000000000027,425,1,,0.4540020611133131,0.11950506300036068,rapf,2,False,1,0,2,640.0,2,2,14,14,A,5477,0.3875,True,0.4702935930008607
0,46.00000000000017,460,1,,0.4175027498835999,0.07694311599971115,rapf,2,False,1,0,2,604.0,2,2,14,14,A,5478,0.4875,True,0.46612685799937026
0,39.30000000000014,393,0,,0.4849323263335646,0.033360434000314854,rapf,0,False,0,0,0,904.0,0,0,31,31,A,5479,0.4,True,0.7270564489981552
0,36.400000000000105,364,0,,0.40506773115310746,0.0028682020001724595,rapf,0,False,0,0,0,64.0,0,0,1,1,A,5480,0.4375,True,0.0028682020001724595
0,38.300000000000175,383,0,,0.49868750504539694,0.04097907800041867,rapf,0,False,0,0,0,789.0,0,0,16,16,A,5481,0.4875,True,0.30925921499965625
0,57.02212161377874,573,8,,0.47901238250397804,0.10088564299985592,rapf,16,False,8,0,16,498.0,16,16,19,19,A,5482,0.45,True,0.561995559000934
5,49.09879393144347,493,5,,0.4300982305421487,0.0669807470003434,rapf,10,False,5,0,10,463.0,10,10,15,15,A,5483,0.4125,True,0.44466762100273627
0,36.300000000000026,363,0,,0.42967155232825727,0.04036338799960504,rapf,0,False,0,0,0,1242.0,0,0,23,23,A,5484,0.4875,True,0.3439865389982515
0,38.600000000000115,386,0,,0.4579259505733694,0.04877519599995139,rapf,0,False,0,0,0,479.0,0,0,10,10,A,5485,0.425,True,0.24980027899891866
0,50.755824865015576,508,4,,0.4298783555515748,0.07011320000037813,rapf,8,False,4,0,8,525.0,8,8,18,18,A,5486,0.5125,True,0.6261104000004707
0,40.20000000000013,402,0,,0.47566760293707033,0.037758307000331115,rapf,0,False,0,0,0,460.0,0,0,11,11,A,5487,0.4125,True,0.2521225840000625
0,38.20000000000008,382,0,,0.42262641657479194,0.029150237000067136,rapf,0,False,0,0,0,389.0,0,0,10,10,A,5488,0.35,True,0.20959434199903626
3,40.00000000000024,400,0,,0.4755742549570163,0.03822393600057694,rapf,0,False,0,0,0,783.0,0,0,18,18,A,5489,0.475,True,0.3713228840006195
0,37.40000000000008,374,0,,0.484987092331168,0.040282310000293364,rapf,0,False,0,0,0,777.0,0,0,17,17,A,5490,0.45,True,0.35703795500103297
0,36.800000000000146,368,0,,0.4516754760511784,0.04403204000027472,rapf,0,False,0,0,0,484.0,0,0,11,11,A,5491,0.3875,True,0.23532469200017658
0,39.50000000000009,395,0,,0.4425568622590368,0.058554827999614645,rapf,0,False,0,0,0,1100.0,0,0,25,25,A,5492,0.475,True,0.9789484980019552
0,58.56669440685229,588,7,,0.46556237060045913,0.0803481599996303,rapf,14,False,7,0,14,648.0,14,14,21,21,A,5493,0.3625,True,0.7566741869986799
1,37.900000000000134,379,0,,0.4207038801895692,0.04667252700073732,rapf,0,False,0,0,0,589.0,0,0,13,13,A,5494,0.4375,True,0.41436210699885123
4,40.80000000000011,408,1,,0.4780797077721933,0.0629922500002067,rapf,2,False,1,0,2,421.0,2,2,14,14,A,5495,0.5375,True,0.6298185499999818
2,37.90000000000014,379,0,,0.43420897832180616,0.040845927000191296,rapf,0,False,0,0,0,330.0,0,0,8,8,A,5496,0.475,True,0.19176882400097384
1,43.60000000000015,436,1,,0.43898222349651245,0.038675925000461575,rapf,2,False,1,0,2,615.0,2,2,17,17,A,5497,0.4125,True,0.4971340620031697
4,44.00000000000025,440,1,,0.40801258946095165,0.039464002000386245,rapf,2,False,1,0,2,434.0,2,2,12,12,A,5498,0.3875,True,0.2745483349999631
0,51.31053114337999,514,4,,0.40345131388445715,0.05224484799964557,rapf,8,False,4,0,8,842.0,8,8,21,21,A,5499,0.425,True,0.4668307139954777
0,37.700000000000024,377,0,,0.45467124575264684,0.06164902599994093,rapf,0,False,0,0,0,126.0,0,0,3,3,B,5000,0.43333333333333335,True,0.1113273670007402
4,43.404371614536316,435,2,,0.4762640551214506,0.08287952200043947,rapf,4,False,2,0,4,566.0,4,4,14,14,B,5001,0.5,True,0.5232664269997258
0,44.82442971445214,450,3,,0.44532319342312426,0.0741348609999477,rapf,6,False,3,0,6,536.0,6,6,16,16,B,5002,0.45,True,0.6407108759995026
0,45.09714614976384,451,2,,0.4443341226391037,0.07939287000044715,rapf,4,False,2,0,4,758.0,4,4,20,20,B,5003,0.45,True,0.7030578460035031
4,41.583260830442036,416,1,,0.4296923683187741,0.07327676499971858,rapf,2,False,1,0,2,1533.0,2,2,43,43,B,5004,0.43333333333333335,True,1.5675553489963931
2,66.56483773182866,685,25,,0.42035118845975006,0.23436136599957536,rapf,50,False,12,0,50,688.0,50,50,39,39,B,5005,0.5166666666666667,True,2.2886553310017916
0,37.80000000000012,378,0,,0.4404122063969501,0.055971462999877986,rapf,0,False,0,0,0,626.0,0,0,15,15,B,5006,0.4583333333333333,True,0.5763724550006373
0,43.25516149265565,433,2,,0.43196877609030254,0.0676988289997098,rapf,4,False,2,0,4,417.0,4,4,12,12,B,5007,0.43333333333333335,True,0.431825777000995
0,37.600000000000016,376,0,,0.498576341279752,0.05320945399944321,rapf,0,False,0,0,0,299.0,0,0,6,6,B,5008,0.4166666666666667,True,0.14605032599956758
0,44.4000000000002,444,2,,0.46945034499687116,0.07964542499939853,rapf,4,False,2,0,4,451.0,4,4,12,12,B,5009,0.4666666666666667,True,0.5185329189989716
0,37.90000000000009,379,0,,0.47698240802016834,0.05048103299941431,rapf,0,False,0,0,0,290.0,0,0,7,7,B,5010,0.35,True,0.26056686399897444
0,70.69742848102841,710,12,,0.47818241489747243,0.14959837199967296,rapf,24,False,12,0,24,910.0,24,24,32,32,B,5011,0.4583333333333333,True,1.7415034629993897
1,37.50000000000005,375,0,,0.4702499219226883,0.07116967699948873,rapf,0,False,0,0,0,967.0,0,0,25,25,B,5012,0.5,True,1.1606021959978534
0,53.48408418897881,537,6,,0.42337907892653737,0.10048708999966038,rapf,12,False,6,0,12,762.0,12,12,24,24,B,5013,0.425,True,1.0414291070028412
0,59.00222952669191,593,8,,0.47925122719039986,0.13506991500071308,rapf,16,False,8,0,16,345.0,16,16,17,17,B,5014,0.45,True,0.7833359860023847
0,39.60000000000006,396,0,,0.4326614779888936,0.05369940599939582,rapf,0,False,0,0,0,468.0,0,0,11,11,B,5015,0.38333333333333336,True,0.4204695169974002
0,45.00000000000022,450,2,,0.4928992459961002,0.0616797079992466,rapf,4,False,2,0,4,926.0,4,4,23,23,B,5016,0.4083333333333333,True,0.8805277909996221
0,46.40000000000026,464,2,,0.41540639966374143,0.11842850900029589,rapf,4,False,2,0,4,661.0,4,4,24,24,B,5017,0.5833333333333334,True,1.4298579369997242
4,39.802715245874445,399,1,,0.4915178208246564,0.052312522999272915,rapf,2,False,1,0,2,329.0,2,2,11,11,B,5018,0.375,True,0.43841673800034187
1,44.200000000000145,443,2,,0.46025983865800285,0.06893823599966709,rapf,4,False,2,0,4,465.0,4,4,13,13,B,5019,0.45,True,0.4736215670018282
0,38.60000000000009,386,0,,0.4893824011652346,0.05290030900050624,rapf,0,False,0,0,0,360.0,0,0,10,10,B,5020,0.38333333333333336,True,0.33332350400178257
5,80.91787264770393,814,16,,0.47320927561513115,0.1527898610002012,rapf,32,False,16,0,32,1669.0,32,32,51,51,B,5021,0.49166666666666664,True,3.406515084003331
2,72.79106221416659,733,12,,0.4462370045095887,0.15187978999983898,rapf,24,False,12,0,24,701.0,24,24,32,32,B,5022,0.55,True,1.535505787999682
0,36.79999999999999,368,0,,0.41027475763728727,0.07955844499974773,rapf,0,False,0,0,0,547.0,0,0,14,14,B,5023,0.45,True,0.6029602309990878
0,57.105524286303314,574,7,,0.4817710286849121,0.09191684899997199,rapf,14,False,7,0,14,717.0,14,14,21,21,B,5024,0.45,True,0.7819365960003779
0,36.400000000000134,364,0,,0.4191127158734943,0.058178400999167934,rapf,0,False,0,0,0,317.0,0,0,8,8,B,5025,0.475,True,0.3388856269975804
0,41.50000000000006,415,1,,0.43832267931910435,0.0477627840000423,rapf,2,False,1,0,2,452.0,2,2,11,11,B,5026,0.35,True,0.3424679260015182
0,44.6556207475863,447,2,,0.48885252427514536,0.06355451199942763,rapf,4,False,2,0,4,448.0,4,4,15,15,B,5027,0.44166666666666665,True,0.568310711997583
7,98.00486067445063,1000,42,max_steps,20.538949455452148,0.34017078500073694,rapf,84,False,34,0,84,853.0,84,84,62,62,B,5028,0.4,False,5.602030482002192
0,45.549347473977,456,2,,0.4286846698614581,0.053568194000035874,rapf,4,False,2,0,4,506.0,4,4,12,12,B,5029,0.39166666666666666,True,0.3161225559988452
3,45.333006177392456,454,2,,0.4764727487118562,0.06967400400026236,rapf,4,False,2,0,4,653.0,4,4,16,16,B,5030,0.45,True,0.649149535000106
0,37.50000000000009,375,0,,0.44457827158139285,0.055148180999822216,rapf,0,False,0,0,0,871.0,0,0,20,20,B,5031,0.35833333333333334,True,0.8061165070021161
4,38.10000000000005,381,0,,0.42604555958318624,0.0798686620000808,rapf,0,False,0,0,0,406.0,0,0,10,10,B,5032,0.4083333333333333,True,0.33529959400038933
0,48.36483227127916,484,3,,0.44833096461045224,0.08711266499994963,rapf,6,False,3,0,6,745.0,6,6,23,23,B,5033,0.48333333333333334,True,0.9658330199999909
0,44.488643106716545,446,2,,0.48090340722343433,0.06500410799981182,rapf,4,False,2,0,4,747.0,4,4,19,19,B,5034,0.44166666666666665,True,0.5992183650005245
2,43.3140941783213,434,2,,0.42876432559627725,0.09867475500050205,rapf,4,False,2,0,4,420.0,4,4,12,12,B,5035,0.5,True,0.5871077880001394
3,40.40573875652426,405,1,,0.4413601440974108,0.15645165200021438,rapf,2,False,1,0,2,1008.0,2,2,32,32,B,5036,0.5166666666666667,True,1.815407624004365
2,42.100000000000215,421,1,,0.48718695420758346,0.06753219999973226,rapf,2,False,1,0,2,755.0,2,2,21,21,B,5037,0.44166666666666665,True,1.0475756819978415
1,40.000000000000114,400,1,,0.42802557399702473,0.07877453099990817,rapf,2,False,1,0,2,404.0,2,2,11,11,B,5038,0.38333333333333336,True,0.45798300499973266
0,41.800000000000146,418,1,,0.45529519722276657,0.07957940000051167,rapf,2,False,1,0,2,1636.0,2,2,36,36,B,5039,0.4166666666666667,True,1.3917655770055717
1,46.533478339116556,467,3,,0.414801678175408,0.06952452899986383,rapf,6,False,3,0,6,439.0,6,6,13,13,B,5040,0.475,True,0.49046139500023855
0,48.21717418690737,483,3,,0.4296416509143292,0.06293702600032702,rapf,6,False,3,0,6,473.0,6,6,12,12,B,5041,0.39166666666666666,True,0.347869369998989
0,91.2108836919893,918,18,,0.45376626573944784,0.18890521399953286,rapf,36,False,18,0,36,2096.0,36,36,62,62,B,5042,0.48333333333333334,True,4.90540460000193
2,62.075354839803005,623,8,,0.4402490766814454,0.11981886200010194,rapf,15,False,8,0,15,1736.0,15,15,56,56,B,5043,0.475,True,2.8243674320019636
0,47.210156975468315,473,3,,0.44865331452750434,0.07822641999973712,rapf,6,False,3,0,6,572.0,6,6,16,16,B,5044,0.45,True,0.6771324209967133
0,42.500000000000135,425,1,,0.48357375451108076,0.07067531800021243,rapf,2,False,1,0,2,612.0,2,2,15,15,B,5045,0.45,True,0.5670879770004831
0,38.10000000000001,381,0,,0.41541507366514496,0.06370291100029135,rapf,0,False,0,0,0,631.0,0,0,17,17,B,5046,0.38333333333333336,True,0.8117677059972266
1,42.10000000000021,421,1,,0.44407036184296855,0.11225788800038572,rapf,2,False,1,0,2,514.0,2,2,16,16,B,5047,0.44166666666666665,True,0.7013344260003578
0,43.26712501140171,434,2,,0.44600652650235517,0.06596149199958745,rapf,4,False,2,0,4,1240.0,4,4,34,34,B,5048,0.45,True,1.424452852002105
0,40.20000000000012,402,0,,0.47582538408762853,0.07395871899916528,rapf,0,False,0,0,0,543.0,0,0,15,15,B,5049,0.475,True,0.6708839039974919
0,46.61673916955837,467,3,,0.463339905445866,0.0720299230006276,rapf,6,False,3,0,6,810.0,6,6,20,20,B,5050,0.43333333333333335,True,0.9275103899990427
0,42.199999999999974,422,1,,0.42680948864261087,0.07685825999942608,rapf,2,False,1,0,2,531.0,2,2,14,14,B,5051,0.475,True,0.5231711349997568
0,40.77480674426091,408,1,,0.43209774306235876,0.08822943699942698,rapf,2,False,1,0,2,911.0,2,2,21,21,B,5052,0.43333333333333335,True,0.8201135039998917
0,45.30060623750452,454,3,,0.4216239242090005,0.06075642199994036,rapf,6,False,3,0,6,378.0,6,6,14,14,B,5053,0.4166666666666667,True,0.4664302579985815
0,41.60000000000019,416,1,,0.4477502275694998,0.07124639100038621,rapf,2,False,1,0,2,728.0,2,2,18,18,B,5054,0.475,True,0.7547478010010309
6,46.06222992165677,461,3,,0.4408367410292043,0.1049941419996685,rapf,6,False,3,0,6,810.0,6,6,22,22,B,5055,0.4583333333333333,True,1.0771469240016813
1,44.31673916955837,444,2,,0.4466600101544328,0.056058311999549915,rapf,4,False,2,0,4,409.0,4,4,11,11,B,5056,0.35,True,0.2900850999985778
0,39.80000000000017,398,0,,0.4188479795687795,0.06758344500030944,rapf,0,False,0,0,0,423.0,0,0,10,10,B,5057,0.5,True,0.48836096100149007
2,37.6,376,0,,0.4557262579027048,0.06337256400001934,rapf,0,False,0,0,0,439.0,0,0,12,12,B,5058,0.5,True,0.545306517001336
0,36.700000000000166,367,0,,0.46117826038591,0.0608869349998713,rapf,0,False,0,0,0,577.0,0,0,15,15,B,5059,0.4166666666666667,True,0.6104716119998557
0,42.40000000000013,424,1,,0.47012051644982866,0.0856053220004469,rapf,2,False,1,0,2,438.0,2,2,11,11,B,5060,0.5,True,0.4634908269990774
0,36.30000000000005,363,0,,0.4916476246292318,0.04877936800039606,rapf,0,False,0,0,0,154.0,0,0,4,4,B,5061,0.44166666666666665,True,0.13530315800107928
0,36.10000000000008,361,0,,0.443878357666178,0.042647721999856,rapf,0,False,0,0,0,252.0,0,0,8,8,B,5062,0.4,True,0.2282637860007526
0,42.7000000000002,427,1,,0.4491720520880689,0.05265003299973614,rapf,2,False,1,0,2,602.0,2,2,15,15,B,5063,0.375,True,0.4781902149989037
0,62.37062247373401,627,8,,0.42697647905261904,0.08562557000004745,rapf,16,False,8,0,16,860.0,16,16,31,31,B,5064,0.375,True,1.1288873349985806
0,36.600000000000136,366,0,,0.4136061940391822,0.05087333400024363,rapf,0,False,0,0,0,422.0,0,0,10,10,B,5065,0.4583333333333333,True,0.3314071340000737
0,43.705824730181405,438,2,,0.4154450941753185,0.05813564799973392,rapf,4,False,2,0,4,170.0,4,4,6,6,B,5066,0.38333333333333336,True,0.1590403719992537
1,37.10000000000014,371,0,,0.47062167646033676,0.05243690599945694,rapf,0,False,0,0,0,342.0,0,0,9,9,B,5067,0.44166666666666665,True,0.3090755679986614
3,63.28066465712848,636,8,,0.4666457916741447,0.12668626400045468,rapf,16,False,8,0,16,964.0,16,16,29,29,B,5068,0.5166666666666667,True,1.1814707760031524
3,44.158698904562065,442,2,,0.4331747306516695,0.0592115740000736,rapf,4,False,2,0,4,626.0,4,4,16,16,B,5069,0.38333333333333336,True,0.3919658929989964
3,44.30000000000014,443,1,,0.4102318023359101,0.07412771899998916,rapf,2,False,1,0,2,795.0,2,2,18,18,B,5070,0.49166666666666664,True,0.63900304100207
0,39.90000000000013,399,0,,0.4367414044192613,0.05972927200036793,rapf,0,False,0,0,0,512.0,0,0,12,12,B,5071,0.48333333333333334,True,0.4769712269999218
3,47.532608304418815,477,5,,0.4489235118814546,0.07662450099996931,rapf,10,False,5,0,10,567.0,10,10,17,17,B,5072,0.4583333333333333,True,0.669088098001339
0,54.88590517502722,550,5,,0.41388411201792413,0.0946613169999182,rapf,10,False,5,0,10,533.0,10,10,18,18,B,5073,0.49166666666666664,True,0.7913795240010586
5,37.600000000000044,376,0,,0.42797663230265154,0.05768597199948999,rapf,0,False,0,0,0,794.0,0,0,20,20,B,5074,0.43333333333333335,True,0.7973514379991684
2,42.560770673094574,426,1,,0.43078261681695346,0.08465430999967793,rapf,2,False,1,0,2,594.0,2,2,13,13,B,5075,0.5166666666666667,True,0.4541803339989201
9,68.48626810158822,690,10,,0.48204720179122246,0.1551711490001253,rapf,20,False,10,0,20,952.0,20,20,32,32,B,5076,0.4083333333333333,True,1.5878043000038815
0,57.85662169962874,582,8,,0.4483050632605762,0.08420341099918005,rapf,16,False,8,0,16,457.0,16,16,20,20,B,5077,0.38333333333333336,True,0.6671794209960353
0,48.39995912961006,484,3,,0.405953969516023,0.06765742999959912,rapf,6,False,3,0,6,600.0,6,6,16,16,B,5078,0.45,True,0.5357457970012547
0,36.50000000000004,365,0,,0.41614898707590986,0.05481180799961294,rapf,0,False,0,0,0,312.0,0,0,11,11,B,5079,0.45,True,0.47889631200087024
0,39.00000000000008,390,0,,0.43199404675315584,0.05186203999983263,rapf,0,False,0,0,0,505.0,0,0,11,11,B,5080,0.43333333333333335,True,0.365624454000681
0,37.20000000000014,372,0,,0.4465173248171786,0.04177187699951901,rapf,0,False,0,0,0,467.0,0,0,11,11,B,5081,0.4,True,0.2902514829993379
1,37.30000000000006,373,0,,0.4551060559858897,0.04166727899973921,rapf,0,False,0,0,0,352.0,0,0,8,8,B,5082,0.4166666666666667,True,0.17895215000044118
4,65.08554337160903,656,11,,0.4436276645585866,0.17331293600000208,rapf,22,False,11,0,22,229.0,22,22,16,16,B,5083,0.44166666666666665,True,0.6858748360009486
0,38.800000000000004,388,0,,0.4527993367535225,0.07523526800014224,rapf,0,False,0,0,0,461.0,0,0,12,12,B,5084,0.49166666666666664,True,0.6486222240018833
12,50.44564391129805,505,4,,0.4685977733713413,0.08319868099988526,rapf,8,False,4,0,8,833.0,8,8,22,22,B,5085,0.45,True,0.7751276409990169
7,50.41673916955844,505,4,,0.4076698088777713,0.07653172199934488,rapf,8,False,4,0,8,812.0,8,8,26,26,B,5086,0.48333333333333334,True,1.1471374359998663
28,78.19492476470957,785,13,,0.40481564825548416,0.13064964400018653,rapf,26,False,13,0,26,1082.0,26,26,45,45,B,5087,0.4583333333333333,True,2.484630431997175
0,44.649782491325794,447,1,,0.48055554307356163,0.10607380900000862,rapf,2,False,1,0,2,765.0,2,2,21,21,B,5088,0.475,True,1.014835812999081
2,38.30000000000007,383,0,,0.44105773230298506,0.056231259999549366,rapf,0,False,0,0,0,731.0,0,0,21,21,B,5089,0.4,True,0.8319733689986606
1,38.100000000000044,381,0,,0.49664158237749423,0.05287607799982652,rapf,0,False,0,0,0,167.0,0,0,5,5,B,5090,0.4,True,0.19783127899972897
0,42.10000000000016,421,1,,0.49085302443825773,0.06637534199944639,rapf,2,False,1,0,2,696.0,2,2,17,17,B,5091,0.4666666666666667,True,0.5386579839987462
0,46.78326083044208,468,2,,0.42911429724033046,0.08788275899951259,rapf,4,False,2,0,4,958.0,4,4,23,23,B,5092,0.49166666666666664,True,0.8197586810001667
0,42.10000000000016,421,1,,0.41390266535735815,0.05866450699977577,rapf,2,False,1,0,2,636.0,2,2,26,26,B,5093,0.4083333333333333,True,1.0124255549990266
0,38.000000000000085,380,0,,0.42522811573189867,0.05606486400029098,rapf,0,False,0,0,0,682.0,0,0,17,17,B,5094,0.39166666666666666,True,0.7191475139998147
0,37.10000000000009,371,0,,0.44592176038840015,0.053452240000297024,rapf,0,False,0,0,0,327.0,0,0,8,8,B,5095,0.36666666666666664,True,0.27294870800051285
0,46.25065252602361,463,3,,0.4238215095019915,0.11843680200036033,rapf,6,False,3,0,6,1778.0,6,6,40,40,B,5096,0.43333333333333335,True,1.1673035359990536
0,36.20000000000004,362,0,,0.45570113663357475,0.053081646999999066,rapf,0,False,0,0,0,390.0,0,0,9,9,B,5097,0.425,True,0.27572378299919365
0,43.70000000000023,437,2,,0.449954493348791,0.0694591040000887,rapf,4,False,2,0,4,669.0,4,4,21,21,B,5098,0.4583333333333333,True,0.8835119909990681
0,41.21673916955823,413,1,,0.4925067444545735,0.07731689100000949,rapf,2,False,1,0,2,727.0,2,2,17,17,B,5099,0.48333333333333334,True,0.739417685999797
0,41.799999999999955,418,1,,0.409350413978963,0.14724349200059805,rapf,2,False,1,0,2,487.0,2,2,13,13,B,5100,0.5,True,0.7378224000030968
0,43.50000000000023,435,1,,0.4562728029427776,0.07700461800050107,rapf,2,False,1,0,2,379.0,2,2,11,11,B,5101,0.5083333333333333,True,0.5471451579996938
0,45.53404303449676,456,2,,0.4325478045896687,0.06455040099990583,rapf,4,False,2,0,4,1214.0,4,4,34,34,B,5102,0.35833333333333334,True,1.244266580999465
1,40.600000000000094,406,1,,0.4102176951588448,0.06385686300018278,rapf,2,False,1,0,2,624.0,2,2,18,18,B,5103,0.44166666666666665,True,0.6093945960010387
2,39.40000000000022,394,1,,0.4749860098035914,0.05756136400032119,rapf,2,False,1,0,2,573.0,2,2,14,14,B,5104,0.4166666666666667,True,0.4623184530000799
2,41.60000000000017,416,1,,0.41838335103057495,0.07842177099973924,rapf,2,False,1,0,2,592.0,2,2,15,15,B,5105,0.5333333333333333,True,0.549848615002702
3,40.40000000000017,404,0,,0.43746616284849615,0.10707552399981068,rapf,0,False,0,0,0,471.0,0,0,12,12,B,5106,0.475,True,0.7183109689995035
2,42.30000000000025,423,1,,0.4493946102903203,0.06267701399974612,rapf,2,False,1,0,2,643.0,2,2,17,17,B,5107,0.5083333333333333,True,0.6661302270013039
0,41.11673916955845,412,1,,0.41019105021797075,0.03520504500011157,rapf,2,False,1,0,2,638.0,2,2,17,17,B,5108,0.3,True,0.37579844599804346
0,38.500000000000085,385,0,,0.4249287890594272,0.05223089099945355,rapf,0,False,0,0,0,392.0,0,0,9,9,B,5109,0.4083333333333333,True,0.27075381400027254
0,38.00000000000007,380,0,,0.42336291037722706,0.07500774900017859,rapf,0,False,0,0,0,622.0,0,0,14,14,B,5110,0.44166666666666665,True,0.5977334949993747
0,40.59999999999993,406,1,,0.41784580730630716,0.0661738550006703,rapf,2,False,1,0,2,287.0,2,2,8,8,B,5111,0.45,True,0.31662231600330415
0,37.50000000000003,375,0,,0.43485144722994673,0.04781319399990025,rapf,0,False,0,0,0,589.0,0,0,20,20,B,5112,0.4,True,0.7294813510034146
0,55.26642975369678,555,6,,0.464879314181376,0.10404967100021167,rapf,12,False,6,0,12,872.0,12,12,28,28,B,5113,0.5333333333333333,True,1.60632745500061
2,44.25931264763734,443,2,,0.4248194495013244,0.06164601599994057,rapf,4,False,2,0,4,408.0,4,4,13,13,B,5114,0.375,True,0.3805933030016604
0,39.30000000000011,393,1,,0.436680092455896,0.06223347400009516,rapf,2,False,1,0,2,385.0,2,2,13,13,B,5115,0.475,True,0.5948968390011942
3,38.00000000000017,380,0,,0.40755631134400505,0.06680915700053447,rapf,0,False,0,0,0,1620.0,0,0,35,35,B,5116,0.475,True,1.7723922330060304
4,61.25439577837312,615,9,,0.43365182249699424,0.15658810199965956,rapf,18,False,9,0,18,1502.0,18,18,48,48,B,5117,0.6083333333333333,True,4.129701486000158
0,40.00000000000019,400,1,,0.4150647147816585,0.06329155700041156,rapf,2,False,1,0,2,570.0,2,2,15,15,B,5118,0.44166666666666665,True,0.6239431030007836
0,37.90000000000007,379,0,,0.47461198015864103,0.05217142499986949,rapf,0,False,0,0,0,560.0,0,0,11,11,B,5119,0.44166666666666665,True,0.24816604000079678
0,37.80000000000001,378,0,,0.424768476574373,0.0530067740000959,rapf,0,False,0,0,0,374.0,0,0,10,10,B,5120,0.475,True,0.35809146399878955
0,37.29999999999997,373,0,,0.4398946123674491,0.0414898640001411,rapf,0,False,0,0,0,423.0,0,0,10,10,B,5121,0.4166666666666667,True,0.3035851409986208
7,39.4000000000001,394,0,,0.4424133557245858,0.044832468000095105,rapf,0,False,0,0,0,384.0,0,0,11,11,B,5122,0.4083333333333333,True,0.39392327800123894
3,36.400000000000105,364,0,,0.4987722427147239,0.06462033000025258,rapf,0,False,0,0,0,593.0,0,0,15,15,B,5123,0.525,True,0.7175080449987945
0,40.1334783391165,402,1,,0.4421990556258386,0.07129765299941937,rapf,2,False,1,0,2,1006.0,2,2,25,25,B,5124,0.475,True,1.0488428969983943
6,40.900000000000155,409,1,,0.4612892328772497,0.06899150099980034,rapf,2,False,1,0,2,705.0,2,2,18,18,B,5125,0.475,True,0.761800310995568
0,45.94319126253434,460,2,,0.43919988542891003,0.0555584200001249,rapf,4,False,2,0,4,436.0,4,4,13,13,B,5126,0.375,True,0.403931484000168
2,48.20000000000019,482,3,,0.4105406050343849,0.07509453700004087,rapf,6,False,3,0,6,607.0,6,6,17,17,B,5127,0.49166666666666664,True,0.5947723770004814
802,20.50000000000002,1000,1,max_steps,17.44672474646767,0.07246735700027784,rapf,2,False,1,1,2,868.0,2,2,21,21,B,5128,0.30833333333333335,False,0.9008697640019818
0,41.80000000000013,418,1,,0.4609895523287749,0.07586634600011166,rapf,2,False,1,0,2,717.0,2,2,19,19,B,5129,0.45,True,0.8788687919986842
6,81.58023504993709,822,17,,0.4381225909422633,0.25084178799988877,rapf,34,False,17,0,34,533.0,34,34,31,31,B,5130,0.5166666666666667,True,1.9719680459984374
0,40.235668782432164,403,1,,0.41057037656420603,0.06305622499985475,rapf,2,False,1,0,2,729.0,2,2,19,19,B,5131,0.48333333333333334,True,0.7947315930032346
0,45.52207314344476,456,2,,0.45282490369525324,0.07496287199955987,rapf,4,False,2,0,4,490.0,4,4,17,17,B,5132,0.45,True,0.8069668939997428
1,40.70000000000021,407,1,,0.4830153169044605,0.051783800000521296,rapf,2,False,1,0,2,722.0,2,2,19,19,B,5133,0.4,True,0.5811203799985378
1,37.20000000000011,372,0,,0.46561213922662725,0.0446403959995223,rapf,0,False,0,0,0,456.0,0,0,10,10,B,5134,0.38333333333333336,True,0.2725574710020737
4,80.63041218679817,812,15,,0.4931726014554099,0.1653987589997996,rapf,30,False,15,0,30,2048.0,30,30,56,56,B,5135,0.48333333333333334,True,3.723971026001891
0,36.49999999999994,365,0,,0.4803893963798804,0.05253009199986991,rapf,0,False,0,0,0,367.0,0,0,10,10,B,5136,0.475,True,0.34539279699856706
5,40.10000000000017,401,1,,0.4037136698653221,0.05373195499942085,rapf,2,False,1,0,2,647.0,2,2,20,20,B,5137,0.39166666666666666,True,0.7681150110029193
0,41.90000000000024,419,1,,0.4560904989152453,0.07149683899933734,rapf,2,False,1,0,2,941.0,2,2,24,24,B,5138,0.5333333333333333,True,0.9282791229989016
0,39.60000000000015,396,0,,0.44228685411141916,0.048257030000058876,rapf,0,False,0,0,0,464.0,0,0,13,13,B,5139,0.3416666666666667,True,0.41027456000028906
0,40.50000000000014,405,1,,0.4773322765551562,0.0684666830002243,rapf,2,False,1,0,2,501.0,2,2,13,13,B,5140,0.45,True,0.48185047100014344
3,42.000000000000206,420,1,,0.4894087916634724,0.06611053500000708,rapf,2,False,1,0,2,644.0,2,2,16,16,B,5141,0.475,True,0.5736018099978537
0,38.19999999999991,382,0,,0.4621102732646256,0.05551049299992883,rapf,0,False,0,0,0,494.0,0,0,16,16,B,5142,0.4083333333333333,True,0.6478939119988354
3,43.50000000000018,435,2,,0.4011381117655858,0.11231448099988484,rapf,4,False,2,0,4,1111.0,4,4,29,29,B,5143,0.4583333333333333,True,1.5390312310028094
1,37.90000000000012,379,0,,0.482094883826658,0.05090268799995101,rapf,0,False,0,0,0,486.0,0,0,12,12,B,5144,0.4666666666666667,True,0.44678561099772196
1,37.700000000000024,377,0,,0.44725208028110625,0.0571600129997023,rapf,0,False,0,0,0,1148.0,0,0,26,26,B,5145,0.44166666666666665,True,0.90341970100053
0,42.4,424,2,,0.4767703365123413,0.07339459600007103,rapf,4,False,2,0,4,737.0,4,4,20,20,B,5146,0.44166666666666665,True,0.8542655150013161
0,36.70000000000013,367,0,,0.4646479087509238,0.06143848300052923,rapf,0,False,0,0,0,625.0,0,0,15,15,B,5147,0.4083333333333333,True,0.713069927001925
0,40.90000000000025,409,1,,0.4814398582050178,0.06131214800007001,rapf,2,False,1,0,2,518.0,2,2,13,13,B,5148,0.44166666666666665,True,0.4532434290013043
5,42.40000000000005,424,1,,0.47161642037386203,0.09610330099985731,rapf,2,False,1,0,2,780.0,2,2,20,20,B,5149,0.525,True,0.8655484890005027
0,36.10000000000007,361,0,,0.47510397170113644,0.056751043000076606,rapf,0,False,0,0,0,599.0,0,0,15,15,B,5150,0.425,True,0.6297541820013066
0,38.9000000000001,389,0,,0.4476468453148381,0.12146528899938858,rapf,0,False,0,0,0,466.0,0,0,13,13,B,5151,0.5166666666666667,True,0.6497468019988446
0,38.00000000000006,380,0,,0.4306908207895144,0.053429462000167405,rapf,0,False,0,0,0,256.0,0,0,7,7,B,5152,0.4166666666666667,True,0.2310521819999849
3,66.07070045276822,665,10,,0.48053786746317023,0.12462141300056828,rapf,20,False,10,0,20,566.0,20,20,23,23,B,5153,0.5,True,0.8335710559986182
0,37.90000000000003,379,0,,0.4067303547438636,0.056724512000073446,rapf,0,False,0,0,0,1157.0,0,0,29,29,B,5154,0.4,True,1.234925050000129
2,38.00000000000012,380,0,,0.44823512022482787,0.06372442300016701,rapf,0,False,0,0,0,696.0,0,0,15,15,B,5155,0.45,True,0.47548956600167
4,47.30000000000021,473,2,,0.431261463842715,0.07991136200053006,rapf,4,False,2,0,4,1202.0,4,4,29,29,B,5156,0.49166666666666664,True,1.1311653530010517
0,43.20000000000016,432,1,,0.4667282280372999,0.1263571219997175,rapf,2,False,1,0,2,768.0,2,2,20,20,B,5157,0.39166666666666666,True,0.8252190339990193
4,40.70000000000015,407,1,,0.47072584429780434,0.11112687699915114,rapf,2,False,1,0,2,635.0,2,2,20,20,B,5158,0.5416666666666666,True,1.1748023259988258
4,64.93055493136501,653,9,,0.4217821006723913,0.13563944199995603,rapf,18,False,9,0,18,791.0,18,18,30,30,B,5159,0.49166666666666664,True,1.654318359998797
0,37.300000000000104,373,0,,0.44938436274409554,0.066880645999845,rapf,0,False,0,0,0,399.0,0,0,10,10,B,5160,0.44166666666666665,True,0.4921850169994286
3,44.41586913486063,445,2,,0.45049871064605057,0.05528860399954283,rapf,4,False,2,0,4,383.0,4,4,12,12,B,5161,0.38333333333333336,True,0.4005323719975422
0,40.000000000000085,400,0,,0.43529622544507524,0.05148468100014725,rapf,0,False,0,0,0,454.0,0,0,10,10,B,5162,0.4,True,0.3159317569989071
0,47.43234356595814,475,3,,0.4743822487847231,0.06610644100055652,rapf,6,False,3,0,6,719.0,6,6,21,21,B,5163,0.43333333333333335,True,0.9398992449987418
0,40.200000000000045,402,1,,0.4563608824352041,0.05729065499963326,rapf,2,False,1,0,2,684.0,2,2,18,18,B,5164,0.3416666666666667,True,0.6736200949990234
0,42.00000000000024,420,1,,0.4322649542450022,0.04817618200013385,rapf,2,False,1,0,2,661.0,2,2,18,18,B,5165,0.4,True,0.5829822349978713
4,42.50000000000016,425,1,,0.40582763418815776,0.08178313500047807,rapf,2,False,1,0,2,949.0,2,2,25,25,B,5166,0.45,True,1.1200311870006772
0,46.01660163208021,461,2,,0.4599484905823288,0.0713691379996817,rapf,4,False,2,0,4,804.0,4,4,25,25,B,5167,0.475,True,1.1750346799999534
0,36.799999999999926,368,0,,0.45468905354635214,0.0842190280000068,rapf,0,False,0,0,0,332.0,0,0,8,8,B,5168,0.43333333333333335,True,0.34207883099861647
4,39.600000000000065,396,0,,0.47624797688378834,0.046714752999832854,rapf,0,False,0,0,0,673.0,0,0,13,13,B,5169,0.35833333333333334,True,0.31762369300122373
0,36.300000000000125,363,0,,0.4498065246351599,0.05208133900032408,rapf,0,False,0,0,0,186.0,0,0,4,4,B,5170,0.39166666666666666,True,0.0943924760003938
0,37.60000000000016,376,0,,0.45648546909242593,0.05606970699955127,rapf,0,False,0,0,0,249.0,0,0,5,5,B,5171,0.375,True,0.13893620999988343
0,42.92229573511828,430,2,,0.47081161682722106,0.0761901769992619,rapf,4,False,2,0,4,754.0,4,4,23,23,B,5172,0.48333333333333334,True,0.9847450930001287
0,50.75021750867458,510,5,,0.4677399180523217,0.1385218370005532,rapf,10,False,5,0,10,831.0,10,10,26,26,B,5173,0.43333333333333335,True,1.20353588800117
0,46.50000000000023,465,2,,0.4604604289774418,0.05236703700029466,rapf,4,False,2,0,4,522.0,4,4,16,16,B,5174,0.4083333333333333,True,0.5582152320002933
0,37.60000000000015,376,0,,0.4680076909219509,0.047061500000381784,rapf,0,False,0,0,0,292.0,0,0,8,8,B,5175,0.375,True,0.28128880899930664
0,36.900000000000084,369,0,,0.4946708563399174,0.04625000200030627,rapf,0,False,0,0,0,337.0,0,0,8,8,B,5176,0.4,True,0.22345218200098316
1,42.20000000000017,422,1,,0.4063792345406983,0.07390860200030147,rapf,2,False,1,0,2,862.0,2,2,37,37,B,5177,0.43333333333333335,True,1.587459253999441
0,36.20000000000008,362,0,,0.4249278395083195,0.043318810000528174,rapf,0,False,0,0,0,293.0,0,0,7,7,B,5178,0.3416666666666667,True,0.17875176300276507
0,98.94551477133756,1000,27,max_steps,6.250570336046382,0.3185390799999368,rapf,54,False,27,0,54,515.0,54,54,39,39,B,5179,0.5916666666666667,False,2.5340516959986417
0,39.000000000000114,390,0,,0.40640484105143404,0.04858965600033116,rapf,0,False,0,0,0,389.0,0,0,8,8,B,5180,0.4166666666666667,True,0.17977615200015862
0,40.40000000000014,404,1,,0.4559938634571214,0.06017484899984993,rapf,2,False,1,0,2,234.0,2,2,8,8,B,5181,0.4583333333333333,True,0.34070388300096965
0,55.92082975024076,560,4,,0.46196021712055524,0.08347159999993892,rapf,8,False,4,0,8,984.0,8,8,29,29,B,5182,0.525,True,1.2323349270000108
6,52.12047582332152,522,4,,0.44634582792676925,0.07736935899993114,rapf,8,False,4,0,8,1149.0,8,8,32,32,B,5183,0.4,True,1.2582288110015725
4,46.51630415220951,466,3,,0.4454659274571409,0.06857994299934944,rapf,6,False,3,0,6,468.0,6,6,12,12,B,5184,0.43333333333333335,True,0.3007465789987691
1,44.40000000000022,444,1,,0.488836226847244,0.061645091000173124,rapf,2,False,1,0,2,1500.0,2,2,35,35,B,5185,0.48333333333333334,True,1.1948912460002248
0,38.1,381,0,,0.48969642708508293,0.03066600500005734,rapf,0,False,0,0,0,397.0,0,0,8,8,B,5186,0.36666666666666664,True,0.15940421899995272
0,97.51304469033711,1000,44,max_steps,16.399140919676316,0.3225202769999669,rapf,88,False,32,0,88,1066.0,88,88,68,68,B,5187,0.38333333333333336,False,5.05696283600264
0,44.86695667823284,449,3,,0.42293649018713514,0.057875586000591284,rapf,6,False,3,0,6,407.0,6,6,11,11,B,5188,0.425,True,0.34582510000018374
6,38.30000000000018,383,0,,0.4237520561881527,0.07275201700031175,rapf,0,False,0,0,0,444.0,0,0,12,12,B,5189,0.5416666666666666,True,0.6041177150009389
0,42.68326083044203,427,1,,0.48018561256981,0.056594560999656096,rapf,2,False,1,0,2,286.0,2,2,7,7,B,5190,0.4,True,0.2436069170016708
0,61.298402111962254,615,8,,0.42804528168664796,0.12194398099927639,rapf,16,False,8,0,16,1268.0,16,16,43,43,B,5191,0.44166666666666665,True,2.109197489995495
0,38.60000000000012,386,0,,0.4267238720484826,0.04447045699998853,rapf,0,False,0,0,0,1032.0,0,0,25,25,B,5192,0.4083333333333333,True,0.5900807530024395
0,47.86739169558164,480,3,,0.4439051540002618,0.07718077799927414,rapf,6,False,3,0,6,935.0,6,6,35,35,B,5193,0.44166666666666665,True,1.6141867129990715
0,43.86695667823273,439,2,,0.42360793785238987,0.05515304599975934,rapf,4,False,2,0,4,265.0,4,4,8,8,B,5194,0.4083333333333333,True,0.19640304499989725
0,44.31963872553482,444,3,,0.40139559450709766,0.17358956099997158,rapf,6,False,3,0,6,465.0,6,6,13,13,B,5195,0.475,True,0.6139383600002475
0,36.60000000000005,366,0,,0.4914481649069178,0.06476908399963577,rapf,0,False,0,0,0,695.0,0,0,20,20,B,5196,0.38333333333333336,True,0.7872814969987303
0,39.600000000000136,396,0,,0.4901529856547342,0.05593385900010617,rapf,0,False,0,0,0,763.0,0,0,21,21,B,5197,0.49166666666666664,True,0.7935826340008134
3,42.500000000000156,425,1,,0.4016590504106568,0.055927073000020755,rapf,2,False,1,0,2,405.0,2,2,14,14,B,5198,0.425,True,0.506664959997579
1,59.80350982665475,600,7,,0.45206410478317277,0.13105855499998142,rapf,14,False,7,0,14,878.0,14,14,27,27,B,5199,0.5083333333333333,True,1.3386588920020586
0,37.90000000000025,379,0,,0.4979024523889762,0.056669362999855366,rapf,0,False,0,0,0,711.0,0,0,26,26,B,5200,0.375,True,1.1526733239979876
0,38.20000000000006,382,0,,0.4917500686169833,0.0514668839996375,rapf,0,False,0,0,0,1244.0,0,0,31,31,B,5201,0.425,True,1.1609693450000123
5,40.200000000000045,402,1,,0.4172477867164926,0.11012151100021583,rapf,2,False,1,0,2,530.0,2,2,15,15,B,5202,0.525,True,0.6672230149997631
3,39.90000000000016,399,0,,0.4533908502192778,0.05616111700055626,rapf,0,False,0,0,0,631.0,0,0,17,17,B,5203,0.45,True,0.6896671450003851
0,36.29999999999993,363,0,,0.41546387636007065,0.03869584499989287,rapf,0,False,0,0,0,243.0,0,0,7,7,B,5204,0.36666666666666664,True,0.20280135399934807
1,36.79999999999997,368,0,,0.4016535097188367,0.05055680500026938,rapf,0,False,0,0,0,356.0,0,0,8,8,B,5205,0.5,True,0.23007236900048156
2,42.80000000000008,428,1,,0.4882697205377071,0.06002385299962043,rapf,2,False,1,0,2,846.0,2,2,27,27,B,5206,0.44166666666666665,True,1.0493324549988756
0,49.304770332570676,495,5,,0.40795346937129506,0.07426494199989975,rapf,10,False,5,0,10,641.0,10,10,18,18,B,5207,0.45,True,0.5392655310024566
5,35.30000000000015,353,0,,0.45412644892658144,0.039086234999558656,rapf,0,False,0,0,0,404.0,0,0,10,10,B,5208,0.325,True,0.263710662999074
3,55.2802853805719,553,5,,0.4657797234422954,0.07066087699968193,rapf,10,False,5,0,10,1399.0,10,10,41,41,B,5209,0.48333333333333334,True,1.6869642790006765
0,37.200000000000095,372,0,,0.4803842226327467,0.05038477299967781,rapf,0,False,0,0,0,391.0,0,0,8,8,B,5210,0.4666666666666667,True,0.175221625998347
3,37.10000000000004,371,0,,0.4241097211248707,0.0528918039999553,rapf,0,False,0,0,0,316.0,0,0,7,7,B,5211,0.36666666666666664,True,0.2267511479985842
0,36.300000000000104,363,0,,0.4608793318675709,0.07366490000003978,rapf,0,False,0,0,0,262.0,0,0,6,6,B,5212,0.4166666666666667,True,0.24558119799985434
2,37.10000000000014,371,0,,0.4077679040036085,0.050366884999675676,rapf,0,False,0,0,0,1572.0,0,0,33,33,B,5213,0.39166666666666666,True,0.8658210720022907
0,37.90000000000006,379,0,,0.4565095953132699,0.06136617700030911,rapf,0,False,0,0,0,449.0,0,0,11,11,B,5214,0.38333333333333336,True,0.4660149030005414
0,41.60000000000012,416,1,,0.4430092708151673,0.04799032499977329,rapf,2,False,1,0,2,323.0,2,2,9,9,B,5215,0.38333333333333336,True,0.2387675299987677
0,37.20000000000021,372,0,,0.4075153917697892,0.10313276299984864,rapf,0,False,0,0,0,365.0,0,0,8,8,B,5216,0.39166666666666666,True,0.2578027050030869
1,40.1000000000001,401,1,,0.4529104190053528,0.06569492100061325,rapf,2,False,1,0,2,294.0,2,2,9,9,B,5217,0.4583333333333333,True,0.40139980200092396
0,39.700000000000045,397,0,,0.4740374449114431,0.07930388299973856,rapf,0,False,0,0,0,698.0,0,0,20,20,B,5218,0.45,True,1.0261373760013157
0,36.6000000000001,366,0,,0.40932476866729794,0.05204189999949449,rapf,0,False,0,0,0,719.0,0,0,18,18,B,5219,0.375,True,0.6505612409973764
0,52.04900524369792,521,4,,0.4483604134447124,0.07883704800042324,rapf,8,False,4,0,8,605.0,8,8,18,18,B,5220,0.4083333333333333,True,0.6407383499999924
0,56.6398913316561,569,7,,0.4672498807114515,0.10861687200031156,rapf,14,False,7,0,14,473.0,14,14,18,18,B,5221,0.525,True,0.693252363997999
0,44.543113108468035,446,2,,0.40499676626105074,0.06419315800030745,rapf,4,False,2,0,4,737.0,4,4,16,16,B,5222,0.4,True,0.49896353099939006
2,49.10769399841653,492,3,,0.4073499230308477,0.07432942400009779,rapf,6,False,3,0,6,432.0,6,6,15,15,B,5223,0.5083333333333333,True,0.5633851809998305
3,38.800000000000104,388,0,,0.49196762121755583,0.05512771400026395,rapf,0,False,0,0,0,788.0,0,0,17,17,B,5224,0.425,True,0.4633554270021705
0,40.50000000000011,405,1,,0.498428746222142,0.06255091200000606,rapf,2,False,1,0,2,798.0,2,2,18,18,B,5225,0.35,True,0.5215329180009576
0,37.80000000000015,378,0,,0.47972151325359147,0.054912605000026815,rapf,0,False,0,0,0,377.0,0,0,10,10,B,5226,0.43333333333333335,True,0.3809939349994238
3,41.500000000000306,415,1,,0.46159069253296164,0.061722839000140084,rapf,2,False,1,0,2,679.0,2,2,20,20,B,5227,0.4166666666666667,True,0.8669753869999113
0,54.525321694218015,548,6,,0.4889849943235698,0.08665510500031814,rapf,12,False,6,0,12,723.0,12,12,23,23,B,5228,0.475,True,0.9533056149994081
0,56.61915508727584,569,7,,0.49748761475958225,0.10555636000026425,rapf,14,False,7,0,14,414.0,14,14,17,17,B,5229,0.45,True,0.6217617519996566
0,42.014106799499245,421,2,,0.4675019717498236,0.08312904600006732,rapf,4,False,2,0,4,454.0,4,4,12,12,B,5230,0.49166666666666664,True,0.5537750329986011
11,61.338910752430564,615,8,,0.4667163703510782,0.16258768500028964,rapf,16,False,8,0,16,1040.0,16,16,39,39,B,5231,0.4583333333333333,True,2.2220989419984107
0,38.50000000000016,385,0,,0.44005936555197905,0.06359386600070138,rapf,0,False,0,0,0,433.0,0,0,10,10,B,5232,0.4666666666666667,True,0.37702155399983894
0,38.00000000000004,380,0,,0.41523817309613575,0.06221332600034657,rapf,0,False,0,0,0,473.0,0,0,10,10,B,5233,0.4,True,0.366225174999272
0,38.20000000000004,382,0,,0.46879740786996305,0.05688340600045194,rapf,0,False,0,0,0,374.0,0,0,8,8,B,5234,0.4083333333333333,True,0.2579247160010709
8,56.57844468307653,568,6,,0.4174276504675263,0.08308302400018874,rapf,12,False,6,0,12,1032.0,12,12,29,29,B,5235,0.425,True,0.9121955989985508
1,49.33347833911661,495,4,,0.4521081045370726,0.10606391500004975,rapf,8,False,4,0,8,1143.0,8,8,29,29,B,5236,0.5083333333333333,True,1.4947098849997928
0,37.40000000000006,374,0,,0.4878952168715222,0.06572160300038377,rapf,0,False,0,0,0,440.0,0,0,11,11,B,5237,0.43333333333333335,True,0.4322621929986781
0,98.67605618934768,1000,35,max_steps,24.697886685498627,0.2933661529996243,rapf,70,False,35,0,70,715.0,70,70,49,49,B,5238,0.375,False,2.9162461470014023
0,51.200000000000365,512,3,,0.47163412497404755,0.08853654199992889,rapf,6,False,3,0,6,1386.0,6,6,34,34,B,5239,0.5166666666666667,True,1.4328043699988484
4,38.7000000000001,387,0,,0.4926814714866242,0.05937038399952144,rapf,0,False,0,0,0,574.0,0,0,14,14,B,5240,0.425,True,0.5611689520001164
1,36.40000000000008,364,0,,0.47743071648740165,0.05038270899967756,rapf,0,False,0,0,0,569.0,0,0,14,14,B,5241,0.38333333333333336,True,0.5593090669999583
1,38.099999999999895,381,0,,0.40241418199283496,0.1258345010000994,rapf,0,False,0,0,0,423.0,0,0,10,10,B,5242,0.4083333333333333,True,0.43243649099895265
0,37.90000000000002,379,0,,0.4328728652513495,0.05735366500084638,rapf,0,False,0,0,0,393.0,0,0,11,11,B,5243,0.425,True,0.388909751999563
2,40.10000000000008,401,0,,0.48218932570939654,0.06457444700026826,rapf,0,False,0,0,0,708.0,0,0,19,19,B,5244,0.5,True,0.8285196650022044
0,46.30918907011333,464,2,,0.41075143678207204,0.09570352300033846,rapf,4,False,2,0,4,675.0,4,4,16,16,B,5245,0.38333333333333336,True,0.56742068100084
0,46.00000000000005,460,2,,0.48849863490480605,0.0637068129999534,rapf,4,False,2,0,4,868.0,4,4,24,24,B,5246,0.38333333333333336,True,1.0612757850003618
0,48.16548141146541,482,3,,0.4577825694500662,0.06896911799958616,rapf,6,False,3,0,6,626.0,6,6,16,16,B,5247,0.4583333333333333,True,0.46194573499906255
0,40.800000000000175,408,1,,0.416499831337785,0.06414012299956084,rapf,2,False,1,0,2,400.0,2,2,12,12,B,5248,0.4583333333333333,True,0.48142478200134065
0,37.100000000000136,371,0,,0.4944716242121578,0.059311293999599,rapf,0,False,0,0,0,291.0,0,0,7,7,B,5249,0.44166666666666665,True,0.27120896599899424
0,37.90000000000016,379,0,,0.4508497471753563,0.06179559500014875,rapf,0,False,0,0,0,602.0,0,0,13,13,B,5250,0.425,True,0.3990970870008823
0,36.50000000000009,365,0,,0.4934412896079008,0.05112849400029518,rapf,0,False,0,0,0,424.0,0,0,9,9,B,5251,0.36666666666666664,True,0.2656353530010165
0,38.30000000000006,383,0,,0.46834946024986546,0.05505514900050912,rapf,0,False,0,0,0,389.0,0,0,9,9,B,5252,0.44166666666666665,True,0.34628164200057654
0,39.30000000000026,393,1,,0.45094720891530576,0.04496429399932822,rapf,2,False,1,0,2,303.0,2,2,9,9,B,5253,0.44166666666666665,True,0.2223863219987834
1,38.100000000000136,381,0,,0.45529878837191157,0.0867740240000785,rapf,0,False,0,0,0,426.0,0,0,12,12,B,5254,0.45,True,0.5652820740006064
7,43.20000000000005,432,1,,0.4017512687934901,0.06457181600035256,rapf,2,False,1,0,2,690.0,2,2,24,24,B,5255,0.375,True,0.9438190160008162
0,37.10000000000008,371,0,,0.4341198009893112,0.08355222699992737,rapf,0,False,0,0,0,295.0,0,0,7,7,B,5256,0.35,True,0.29142832800062024
8,42.20000000000016,422,1,,0.4719745245714684,0.05988132599941309,rapf,2,False,1,0,2,405.0,2,2,11,11,B,5257,0.4,True,0.4520701839992398
0,98.34446309571716,1000,33,max_steps,11.20627355096848,0.4797759709999809,rapf,66,False,29,0,66,1035.0,66,66,55,55,B,5258,0.5,False,4.582405914995434
3,53.15892916649453,532,5,,0.44807084869814384,0.0834193310001865,rapf,10,False,5,0,10,806.0,10,10,26,26,B,5259,0.4666666666666667,True,0.9443758479983444
0,38.70000000000015,387,0,,0.47107228307479065,0.06278916299925186,rapf,0,False,0,0,0,777.0,0,0,19,19,B,5260,0.49166666666666664,True,0.8282449889984491
0,38.80000000000025,388,0,,0.44601847846902926,0.04109788100049627,rapf,0,False,0,0,0,300.0,0,0,7,7,B,5261,0.4166666666666667,True,0.15766080399953353
0,37.100000000000165,371,0,,0.4093394060205924,0.12070567999944615,rapf,0,False,0,0,0,461.0,0,0,11,11,B,5262,0.48333333333333334,True,0.5948542180012737
0,39.00000000000011,390,0,,0.45919503268575695,0.051190494000366016,rapf,0,False,0,0,0,594.0,0,0,13,13,B,5263,0.375,True,0.34953586400206405
0,44.2000000000002,442,2,,0.44695020726014006,0.10735143100009736,rapf,4,False,2,0,4,1041.0,4,4,27,27,B,5264,0.425,True,1.1277951369984294
0,38.40000000000007,384,0,,0.4050740961797771,0.03888762799942924,rapf,0,False,0,0,0,338.0,0,0,7,7,B,5265,0.3,True,0.1360354889984592
2,42.124496560551954,422,2,,0.48649338918519286,0.08265476999986276,rapf,4,False,2,0,4,737.0,4,4,19,19,B,5266,0.5,True,0.939172941999459
0,40.70000000000015,407,1,,0.4270782681569417,0.07335220200002368,rapf,2,False,1,0,2,297.0,2,2,8,8,B,5267,0.43333333333333335,True,0.29370962400025746
0,36.10000000000008,361,0,,0.49176674735168435,0.04820283099979861,rapf,0,False,0,0,0,160.0,0,0,4,4,B,5268,0.4166666666666667,True,0.13655297999957838
0,49.21673916955832,493,3,,0.43948042972347817,0.07229950799955986,rapf,6,False,3,0,6,768.0,6,6,20,20,B,5269,0.4,True,0.6677661169978819
6,48.23191186911695,483,3,,0.4450096592081377,0.07714102400041156,rapf,6,False,3,0,6,677.0,6,6,22,22,B,5270,0.5,True,1.0271626050007399
0,36.600000000000044,366,0,,0.4840527342153279,0.059040222000476206,rapf,0,False,0,0,0,1397.0,0,0,31,31,B,5271,0.4166666666666667,True,1.4132275639994987
0,43.74978249132571,438,2,,0.42170193642961923,0.0632731519999652,rapf,4,False,2,0,4,530.0,4,4,17,17,B,5272,0.475,True,0.6950890319985774
0,41.30000000000011,413,1,,0.4363399420134295,0.07467328599977918,rapf,2,False,1,0,2,788.0,2,2,19,19,B,5273,0.5,True,0.8051895550015615
6,38.20000000000013,382,0,,0.4785858313133728,0.059725545999754104,rapf,0,False,0,0,0,479.0,0,0,12,12,B,5274,0.5,True,0.4245461470009104
0,36.40000000000004,364,0,,0.499830051226482,0.049328847000651876,rapf,0,False,0,0,0,518.0,0,0,15,15,B,5275,0.4083333333333333,True,0.5244525340003747
0,55.00027662925538,554,6,,0.48899959841740503,0.09645352999996248,rapf,12,False,6,0,12,490.0,12,12,17,17,B,5276,0.5416666666666666,True,0.5399359629991523
0,44.605821422729676,447,2,,0.4228762826972669,0.07655844200053252,rapf,4,False,2,0,4,750.0,4,4,24,24,B,5277,0.5416666666666666,True,1.0805288020001171
4,43.9000000000002,439,2,,0.4040290996402372,0.08747979399959149,rapf,4,False,2,0,4,701.0,4,4,21,21,B,5278,0.44166666666666665,True,0.8069880429984551
0,56.13427589219216,563,6,,0.437855067694654,0.12468285599970841,rapf,12,False,6,0,12,743.0,12,12,24,24,B,5279,0.4,True,1.1425561869991725
10,98.98532469146596,1000,28,max_steps,12.73925773528272,0.2495974519997617,rapf,56,False,28,0,56,1375.0,56,56,61,61,B,5280,0.4583333333333333,False,3.6991552949994
0,40.000000000000036,400,0,,0.48280219258422785,0.05576043400014896,rapf,0,False,0,0,0,883.0,0,0,21,21,B,5281,0.4083333333333333,True,0.7300942990004842
0,37.100000000000065,371,0,,0.42241960295061165,0.04766175199983991,rapf,0,False,0,0,0,311.0,0,0,8,8,B,5282,0.375,True,0.262692786001935
11,77.34461075363141,780,13,,0.44932840405596647,0.1619665990001522,rapf,26,False,13,0,26,2445.0,26,26,67,67,B,5283,0.5416666666666666,True,3.8834053170039624
0,57.800547709203585,584,12,,0.45258889947651954,0.11840555999970093,rapf,24,False,9,0,24,346.0,24,24,18,18,B,5284,0.43333333333333335,True,0.6301521539999158
3,42.400000000000226,424,1,,0.49923247807944293,0.06070390600052633,rapf,2,False,1,0,2,912.0,2,2,24,24,B,5285,0.43333333333333335,True,0.8877454929997839
2,42.50000000000004,425,1,,0.4069925609048117,0.061842047999562055,rapf,2,False,1,0,2,704.0,2,2,15,15,B,5286,0.4666666666666667,True,0.5301851629974408
3,45.603710866545384,457,3,,0.49859514300667596,0.11824283700025262,rapf,6,False,3,0,6,448.0,6,6,15,15,B,5287,0.39166666666666666,True,0.574742888999026
0,38.20000000000009,382,0,,0.44509406225140663,0.09771323699987988,rapf,0,False,0,0,0,645.0,0,0,20,20,B,5288,0.44166666666666665,True,0.9274345869980607
9,53.94688829761072,541,5,,0.43030614368467546,0.083641813000213,rapf,10,False,5,0,10,1065.0,10,10,34,34,B,5289,0.44166666666666665,True,1.3366031879986622
0,39.6000000000002,396,0,,0.4355870185237323,0.072536661000413,rapf,0,False,0,0,0,632.0,0,0,15,15,B,5290,0.4166666666666667,True,0.5723097900008725
1,49.6958083166587,498,3,,0.4757659852711606,0.08068810799977655,rapf,6,False,3,0,6,473.0,6,6,17,17,B,5291,0.39166666666666666,True,0.7359789589982029
9,42.43545033265879,425,2,,0.49232894458451415,0.07095088200003374,rapf,4,False,2,0,4,930.0,4,4,20,20,B,5292,0.45,True,0.5679139359990586
0,38.5000000000002,385,0,,0.4763925738962131,0.058656864000113274,rapf,0,False,0,0,0,535.0,0,0,15,15,B,5293,0.44166666666666665,True,0.5740550709988383
2,74.79593097727056,751,13,,0.49170514475182786,0.16592708499956643,rapf,25,False,13,0,25,893.0,25,25,37,37,B,5294,0.4666666666666667,True,2.0461914629986495
4,38.20000000000001,382,0,,0.4552106732011032,0.05619983199994749,rapf,0,False,0,0,0,901.0,0,0,19,19,B,5295,0.35,True,0.5336602310007947
0,37.90000000000004,379,0,,0.46969577243982186,0.07419527000001835,rapf,0,False,0,0,0,375.0,0,0,11,11,B,5296,0.5416666666666666,True,0.518378648001999
704,30.184130865139725,1000,6,max_steps,20.516641591669032,0.09006313400004728,rapf,12,False,6,1,12,542.0,12,12,18,18,B,5297,0.25833333333333336,False,0.7654120319994036
3,37.8000000000001,378,0,,0.4986508772947102,0.058201216000270506,rapf,0,False,0,0,0,657.0,0,0,16,16,B,5298,0.45,True,0.6520901350040731
0,38.90000000000005,389,0,,0.4694821203389723,0.0470229129996369,rapf,0,False,0,0,0,574.0,0,0,12,12,B,5299,0.35833333333333334,True,0.3135419849995742
0,43.10000000000029,431,1,,0.47242220431644366,0.10863259500001732,rapf,2,False,1,0,2,744.0,2,2,19,19,B,5300,0.475,True,1.1153362250024657
0,38.50000000000007,385,0,,0.43733160636889334,0.07162713600064308,rapf,0,False,0,0,0,869.0,0,0,28,28,B,5301,0.4583333333333333,True,1.1353805810040285
0,48.200435017349136,483,3,,0.4156573220209701,0.09778449999976147,rapf,6,False,3,0,6,566.0,6,6,16,16,B,5302,0.4083333333333333,True,0.9149897140023313
0,42.30000000000012,423,1,,0.4991798150595139,0.07938510100029816,rapf,2,False,1,0,2,656.0,2,2,16,16,B,5303,0.44166666666666665,True,0.704697958001816
0,41.20000000000011,412,1,,0.4955993601787228,0.097529816000133,rapf,2,False,1,0,2,625.0,2,2,17,17,B,5304,0.3333333333333333,True,0.9117160570003762
11,43.61601388690925,437,2,,0.48348505996756524,0.065349466999578,rapf,4,False,2,0,4,492.0,4,4,16,16,B,5305,0.39166666666666666,True,0.6692356480016315
0,39.900000000000176,399,1,,0.42059052507056655,0.056213775999822246,rapf,2,False,1,0,2,584.0,2,2,16,16,B,5306,0.4,True,0.5859632699994108
0,38.50000000000006,385,0,,0.4601155395213351,0.06835412899999938,rapf,0,False,0,0,0,659.0,0,0,17,17,B,5307,0.425,True,0.8476614329983931
0,48.419843163428666,485,3,,0.45358245985326623,0.07604429700040782,rapf,6,False,3,0,6,396.0,6,6,12,12,B,5308,0.31666666666666665,True,0.3330377789998238
2,41.6334783391164,417,1,,0.4812916525076069,0.09776080200026627,rapf,2,False,1,0,2,769.0,2,2,19,19,B,5309,0.5416666666666666,True,1.001253036001799
2,37.6,376,0,,0.46894360680201125,0.049098170999968715,rapf,0,False,0,0,0,267.0,0,0,5,5,B,5310,0.4,True,0.09311114800038922
1,54.24788512544032,544,5,,0.45599404893396384,0.06863339099982113,rapf,10,False,5,0,10,848.0,10,10,23,23,B,5311,0.44166666666666665,True,0.7613463269981366
5,40.50000000000017,405,1,,0.4272371365518876,0.06120781999925384,rapf,2,False,1,0,2,607.0,2,2,18,18,B,5312,0.48333333333333334,True,0.6510820319972481
0,37.80000000000014,378,0,,0.49032999905808444,0.03810805499961134,rapf,0,False,0,0,0,419.0,0,0,9,9,B,5313,0.39166666666666666,True,0.2259492789999058
2,74.23165969877009,751,19,,0.47679739412252,0.21590544399987266,rapf,38,False,14,0,38,1055.0,38,38,43,43,B,5314,0.475,True,3.3749182210012805
1,46.50000000000021,465,2,,0.4748881312383597,0.05834795800001302,rapf,4,False,2,0,4,588.0,4,4,17,17,B,5315,0.4,True,0.6115905240003485
0,66.01313645357347,663,11,,0.40018662499036245,0.1020841110002948,rapf,22,False,11,0,22,988.0,22,22,35,35,B,5316,0.44166666666666665,True,1.3631981400021687
0,36.700000000000095,367,0,,0.420328221153005,0.055801344999963476,rapf,0,False,0,0,0,325.0,0,0,8,8,B,5317,0.44166666666666665,True,0.2694219830000293
7,38.40000000000009,384,0,,0.4562268090917172,0.05822421699940605,rapf,0,False,0,0,0,783.0,0,0,20,20,B,5318,0.48333333333333334,True,0.8533179929991093
0,38.90000000000017,389,0,,0.43444271916105553,0.049208412000552926,rapf,0,False,0,0,0,846.0,0,0,21,21,B,5319,0.44166666666666665,True,0.6991664789993592
0,38.100000000000115,381,0,,0.4768615832200391,0.05302573300014046,rapf,0,False,0,0,0,297.0,0,0,6,6,B,5320,0.375,True,0.1847116869994352
0,38.90000000000011,389,0,,0.41955531630563714,0.060620997000114585,rapf,0,False,0,0,0,650.0,0,0,18,18,B,5321,0.5083333333333333,True,0.7916742900006284
3,52.05651334162161,521,4,,0.4511571097678111,0.06243111699950532,rapf,8,False,4,0,8,627.0,8,8,19,19,B,5322,0.36666666666666664,True,0.5773655209968638
0,41.600000000000186,416,1,,0.45511458255062137,0.06473787000049924,rapf,2,False,1,0,2,765.0,2,2,20,20,B,5323,0.4,True,0.8178309149998313
5,38.000000000000064,380,0,,0.42289208617418805,0.05684342499989725,rapf,0,False,0,0,0,358.0,0,0,8,8,B,5324,0.4083333333333333,True,0.2714699030011616
0,39.7000000000001,397,0,,0.4430113590094897,0.05911277799987147,rapf,0,False,0,0,0,552.0,0,0,13,13,B,5325,0.4583333333333333,True,0.462247280000156
0,41.00000000000003,410,0,,0.48082448385592963,0.12450324999917939,rapf,0,False,0,0,0,1068.0,0,0,24,24,B,5326,0.38333333333333336,True,0.724741590001031
0,42.30000000000015,423,1,,0.4559258136186968,0.0705344479993073,rapf,2,False,1,0,2,477.0,2,2,11,11,B,5327,0.4583333333333333,True,0.3632986529992195
0,38.10000000000012,381,0,,0.4877727299008386,0.06473180200009665,rapf,0,False,0,0,0,428.0,0,0,10,10,B,5328,0.48333333333333334,True,0.37217775600038294
0,80.72824209228568,815,18,,0.48024578067403534,0.19390905199998087,rapf,36,False,17,0,36,892.0,36,36,35,35,B,5329,0.375,True,1.744569641004091
4,46.42339844755629,465,3,,0.45511933286978035,0.05742520400053763,rapf,6,False,3,0,6,762.0,6,6,18,18,B,5330,0.35,True,0.42267577800066647
0,37.400000000000134,374,0,,0.4366978705693327,0.04067298500012839,rapf,0,False,0,0,0,558.0,0,0,13,13,B,5331,0.35,True,0.3285234649983977
4,98.69423939692227,1000,26,max_steps,6.609911705034267,0.2978825529999085,rapf,52,False,26,0,52,1449.0,52,52,61,61,B,5332,0.6333333333333333,False,3.5580657949967645
1,44.91630415220947,450,2,,0.40661060480599664,0.05698731300071813,rapf,4,False,2,0,4,538.0,4,4,20,20,B,5333,0.4,True,0.7442565939991255
0,37.90000000000007,379,0,,0.42992330498840553,0.06549780600016675,rapf,0,False,0,0,0,563.0,0,0,14,14,B,5334,0.45,True,0.5582706399982271
3,64.19844734068289,647,10,,0.41232372579336324,0.0918358110002373,rapf,20,False,10,0,20,1053.0,20,20,34,34,B,5335,0.35833333333333334,True,1.4079979690031905
0,37.20000000000006,372,0,,0.4871358076194072,0.0549977000000581,rapf,0,False,0,0,0,453.0,0,0,10,10,B,5336,0.44166666666666665,True,0.29416647600100987
1,93.18349413189345,938,22,,0.44892088466601593,0.21024933500029874,rapf,44,False,22,0,44,1484.0,44,44,56,56,B,5337,0.4666666666666667,True,4.034560983001938
0,56.562985609559036,569,7,,0.40574761855535707,0.10679323800013663,rapf,14,False,7,0,14,534.0,14,14,22,22,B,5338,0.5083333333333333,True,1.1273535410018667
0,37.69999999999999,377,0,,0.43473290056878455,0.05294900599983521,rapf,0,False,0,0,0,614.0,0,0,14,14,B,5339,0.43333333333333335,True,0.38128149499971187
0,48.69672289365774,487,3,,0.4510888585374494,0.08356944400020438,rapf,6,False,3,0,6,641.0,6,6,18,18,B,5340,0.425,True,0.6357781560009244
0,42.300000000000146,423,1,,0.49421356646320075,0.05950610800027789,rapf,2,False,1,0,2,1478.0,2,2,36,36,B,5341,0.43333333333333335,True,1.439848044999053
2,44.54630629785906,446,2,,0.4208176937552026,0.055799556000238226,rapf,4,False,2,0,4,357.0,4,4,11,11,B,5342,0.39166666666666666,True,0.33240006400228594
2,36.90000000000006,369,0,,0.42359298818672386,0.03560183999979927,rapf,0,False,0,0,0,506.0,0,0,15,15,B,5343,0.3,True,0.4367148699975587
0,36.600000000000094,366,0,,0.4348784204457019,0.02665307600000233,rapf,0,False,0,0,0,213.0,0,0,4,4,B,5344,0.38333333333333336,True,0.056549147000623634
0,38.00000000000007,380,0,,0.4735938320237327,0.05730134999976144,rapf,0,False,0,0,0,1047.0,0,0,25,25,B,5345,0.39166666666666666,True,0.9499292659975254
0,38.500000000000064,385,0,,0.45924153548607,0.09237405300063983,rapf,0,False,0,0,0,360.0,0,0,14,14,B,5346,0.4166666666666667,True,0.5695961430010357
0,44.800000000000196,448,1,,0.4465266631869213,0.0623563050003213,rapf,2,False,1,0,2,1014.0,2,2,26,26,B,5347,0.475,True,0.9828661670017027
2,37.20000000000002,372,0,,0.4755433736806624,0.05811802100015484,rapf,0,False,0,0,0,856.0,0,0,22,22,B,5348,0.5,True,0.8776542929981588
0,38.100000000000044,381,0,,0.48895040854751004,0.06125737000002118,rapf,0,False,0,0,0,373.0,0,0,8,8,B,5349,0.4583333333333333,True,0.29458212699864816
0,37.90000000000006,379,0,,0.4772023763080578,0.049079411999628064,rapf,0,False,0,0,0,225.0,0,0,7,7,B,5350,0.39166666666666666,True,0.2527148980007041
0,76.40807051901534,773,18,,0.42087443764167676,0.19328472599954694,rapf,36,False,14,0,36,1530.0,36,36,52,52,B,5351,0.5666666666666667,True,2.6607308900038333
0,37.100000000000115,371,0,,0.4050374234420608,0.04505231099938101,rapf,0,False,0,0,0,455.0,0,0,14,14,B,5352,0.39166666666666666,True,0.5219604219992107
5,66.61883921288525,668,9,,0.49682139746889026,0.09591846500006795,rapf,18,False,9,0,18,1202.0,18,18,39,39,B,5353,0.5083333333333333,True,2.0469997750014954
0,41.000000000000114,410,0,,0.43015427563414077,0.07383166700037691,rapf,0,False,0,0,0,741.0,0,0,20,20,B,5354,0.4083333333333333,True,0.7778703590001896
0,41.20000000000002,412,1,,0.4683224290870384,0.049077983000643144,rapf,2,False,1,0,2,241.0,2,2,7,7,B,5355,0.425,True,0.19801814000038576
0,39.500000000000064,395,0,,0.4935961599384759,0.04995348600004945,rapf,0,False,0,0,0,417.0,0,0,10,10,B,5356,0.45,True,0.3287214699994365
0,40.099999999999966,401,0,,0.4434888173321008,0.054762857999776315,rapf,0,False,0,0,0,386.0,0,0,10,10,B,5357,0.475,True,0.39363564500035864
0,42.800000000000026,428,1,,0.4930486869734798,0.03936591499950737,rapf,2,False,1,0,2,263.0,2,2,7,7,B,5358,0.3416666666666667,True,0.15924534899841092
1,37.30000000000015,373,0,,0.4278849641943756,0.06176138099999662,rapf,0,False,0,0,0,292.0,0,0,9,9,B,5359,0.5083333333333333,True,0.4436843969997426
0,58.778144577067174,590,7,,0.43006929367646146,0.09895563600002788,rapf,14,False,7,0,14,473.0,14,14,19,19,B,5360,0.4583333333333333,True,0.7313766730003408
0,36.39999999999998,364,0,,0.4924011576466163,0.04548081899974932,rapf,0,False,0,0,0,355.0,0,0,10,10,B,5361,0.375,True,0.32680732600056217
0,35.20000000000002,352,0,,0.45397890634683824,0.05061650399966311,rapf,0,False,0,0,0,595.0,0,0,14,14,B,5362,0.4,True,0.45407241499833617
2,37.500000000000064,375,0,,0.45018662190529823,0.046460446000310185,rapf,0,False,0,0,0,612.0,0,0,14,14,B,5363,0.4583333333333333,True,0.39534639000248717
0,37.50000000000009,375,0,,0.43494571475143967,0.05913381400023354,rapf,0,False,0,0,0,242.0,0,0,6,6,B,5364,0.49166666666666664,True,0.2640751069993712
0,71.43244394798462,719,12,,0.4105607213052534,0.154234790999908,rapf,24,False,12,0,24,953.0,24,24,35,35,B,5365,0.43333333333333335,True,1.5923341789984988
0,63.30973140652349,635,9,,0.4444372630770511,0.1147484680004709,rapf,18,False,9,0,18,619.0,18,18,23,23,B,5366,0.425,True,0.8258006910018594
2,38.300000000000004,383,0,,0.4135574331462156,0.10531283100044675,rapf,0,False,0,0,0,452.0,0,0,11,11,B,5367,0.475,True,0.5519725950007341
0,54.025131946855936,543,6,,0.4063828343014596,0.10329107500001555,rapf,12,False,6,0,12,918.0,12,12,27,27,B,5368,0.4583333333333333,True,1.3657780959965748
0,45.00000000000007,450,1,,0.46033398598179953,0.08089707599992835,rapf,2,False,1,0,2,1374.0,2,2,31,31,B,5369,0.48333333333333334,True,1.2592690770006811
0,46.746829743773354,468,3,,0.45728122775690877,0.059843089999958465,rapf,6,False,3,0,6,355.0,6,6,12,12,B,5370,0.375,True,0.30395582699929946
0,36.50000000000005,365,0,,0.40244951115408617,0.06419185499999003,rapf,0,False,0,0,0,769.0,0,0,17,17,B,5371,0.44166666666666665,True,0.6688787500006583
0,46.2163041522094,463,2,,0.46411254774298183,0.05718709699976898,rapf,4,False,2,0,4,716.0,4,4,21,21,B,5372,0.4,True,0.6825113089989827
0,40.30000000000013,403,0,,0.4547761615398241,0.06879410400051711,rapf,0,False,0,0,0,859.0,0,0,20,20,B,5373,0.4,True,0.6372959409991381
0,51.87668454996828,521,5,,0.430112152536719,0.08607705799931864,rapf,10,False,5,0,10,710.0,10,10,21,21,B,5374,0.49166666666666664,True,0.9611671610000485
18,99.03821055345173,1000,24,max_steps,0.6680748552653236,0.29631945799974346,rapf,48,False,22,0,48,2754.0,48,48,74,74,B,5375,0.55,False,5.070111296000505
3,42.241879813057054,423,2,,0.4393836262975915,0.13828183699934016,rapf,4,False,2,0,4,930.0,4,4,30,30,B,5376,0.475,True,1.489902787999199
5,59.53414773452957,598,8,,0.41491507263491706,0.11856270699991,rapf,16,False,8,0,16,781.0,16,16,29,29,B,5377,0.525,True,1.5908151229987197
0,44.805808357700215,449,2,,0.4988178674921932,0.07419539199963765,rapf,4,False,2,0,4,600.0,4,4,16,16,B,5378,0.44166666666666665,True,0.6474757250007315
0,41.100000000000094,411,1,,0.46655010986903817,0.07493324799997936,rapf,2,False,1,0,2,704.0,2,2,19,19,B,5379,0.5,True,0.9475934419997429
0,38.5000000000001,385,0,,0.421711216828708,0.07935207300033653,rapf,0,False,0,0,0,845.0,0,0,25,25,B,5380,0.43333333333333335,True,1.1641343290011719
0,42.0000000000002,420,1,,0.4073104912952324,0.051321822999852884,rapf,2,False,1,0,2,452.0,2,2,12,12,B,5381,0.4083333333333333,True,0.4399927430004027
8,68.52081572038574,690,12,,0.41910990626967937,0.12516501800018887,rapf,24,False,12,0,24,742.0,24,24,30,30,B,5382,0.525,True,1.750478393004414
0,46.002169306542434,461,2,,0.4941490266521412,0.0733659669995177,rapf,4,False,2,0,4,462.0,4,4,12,12,B,5383,0.4083333333333333,True,0.3622794479970253
0,37.09999999999999,371,0,,0.46835186805814427,0.06264167500012263,rapf,0,False,0,0,0,347.0,0,0,7,7,B,5384,0.4,True,0.25264037499982805
0,36.2000000000001,362,0,,0.4896449320988553,0.05646214999978838,rapf,0,False,0,0,0,578.0,0,0,12,12,B,5385,0.44166666666666665,True,0.41755717000160075
11,97.85105160663103,1000,42,max_steps,19.405568410873027,0.3763902069995311,rapf,84,False,33,0,84,998.0,84,84,60,60,B,5386,0.3416666666666667,False,3.6490313040003457
0,41.700000000000166,417,1,,0.4210900426986291,0.05618878199948085,rapf,2,False,1,0,2,604.0,2,2,13,13,B,5387,0.4166666666666667,True,0.3193106139997326
0,68.43473026196726,689,11,,0.482657928409892,0.10721869300050457,rapf,22,False,11,0,22,891.0,22,22,38,38,B,5388,0.4583333333333333,True,1.5551255469981697
0,40.699999999999925,407,1,,0.47657846958085903,0.06401645299956726,rapf,2,False,1,0,2,569.0,2,2,13,13,B,5389,0.49166666666666664,True,0.3446738180000466
7,57.179509108676875,573,5,,0.4368494812292946,0.1502403399999821,rapf,10,False,5,0,10,1340.0,10,10,42,42,B,5390,0.475,True,1.9064530919958997
0,38.600000000000115,386,0,,0.4360890952340156,0.05168604899972706,rapf,0,False,0,0,0,519.0,0,0,14,14,B,5391,0.45,True,0.45399002600152016
0,35.8000000000001,358,0,,0.4706406063949385,0.05907676100014214,rapf,0,False,0,0,0,386.0,0,0,9,9,B,5392,0.44166666666666665,True,0.27936231900093844
2,38.000000000000114,380,0,,0.4834858172788652,0.05058469000050536,rapf,0,False,0,0,0,1066.0,0,0,31,31,B,5393,0.4,True,1.2761254869974437
4,37.600000000000165,376,0,,0.48029531623287774,0.06652898399988771,rapf,0,False,0,0,0,733.0,0,0,16,16,B,5394,0.44166666666666665,True,0.5010613620015647
2,46.38867026418849,464,2,,0.4335621807764819,0.06278306099920883,rapf,4,False,2,0,4,650.0,4,4,19,19,B,5395,0.475,True,0.7679411229983089
5,42.700000000000294,427,1,,0.4299983177982635,0.0685017149999112,rapf,2,False,1,0,2,480.0,2,2,14,14,B,5396,0.5083333333333333,True,0.585899669002174
5,37.30000000000012,373,0,,0.48936201575572585,0.061003788999187236,rapf,0,False,0,0,0,1169.0,0,0,26,26,B,5397,0.5,True,0.8758602750012869
0,36.00000000000006,360,0,,0.438498491664914,0.047035278999828734,rapf,0,False,0,0,0,624.0,0,0,14,14,B,5398,0.4,True,0.35044718099925376
1,47.00348670108722,471,3,,0.4629982421594611,0.08316075099992304,rapf,6,False,3,0,6,799.0,6,6,28,28,B,5399,0.4666666666666667,True,1.0144033630012927
0,44.31004825112751,444,3,,0.42328482769636705,0.05017433100056223,rapf,6,False,3,0,6,216.0,6,6,9,9,B,5400,0.4166666666666667,True,0.2422886060021483
2,46.05065252602349,462,2,,0.44788878984990715,0.06117245499990531,rapf,4,False,2,0,4,752.0,4,4,20,20,B,5401,0.4,True,0.6646811049995449
0,38.40000000000007,384,0,,0.48423924120527884,0.09939452400067239,rapf,0,False,0,0,0,411.0,0,0,11,11,B,5402,0.4083333333333333,True,0.5232114689988521
0,37.50000000000011,375,0,,0.46613884802947536,0.05027847500059579,rapf,0,False,0,0,0,408.0,0,0,12,12,B,5403,0.36666666666666664,True,0.4530171930018696
0,42.19138826008008,422,1,,0.4748879212101481,0.06219557900021755,rapf,2,False,1,0,2,624.0,2,2,15,15,B,5404,0.475,True,0.5535777670002062
0,39.90000000000011,399,0,,0.4628967334487552,0.05767992800065258,rapf,0,False,0,0,0,836.0,0,0,23,23,B,5405,0.4583333333333333,True,0.9498320779985079
0,41.20000000000012,412,1,,0.44400442683226016,0.04655067599924223,rapf,2,False,1,0,2,432.0,2,2,13,13,B,5406,0.35,True,0.3765003329999672
3,39.30000000000011,393,0,,0.40941243978082276,0.04786744500052009,rapf,0,False,0,0,0,826.0,0,0,21,21,B,5407,0.375,True,0.7486040639996645
0,39.99999999999999,400,1,,0.475966205193121,0.1202480829997512,rapf,2,False,1,0,2,897.0,2,2,23,23,B,5408,0.39166666666666666,True,0.8066885540001749
0,49.20000000000019,492,2,,0.47138563408665046,0.10764040300000488,rapf,4,False,2,0,4,996.0,4,4,29,29,B,5409,0.5,True,1.3705490209977143
0,38.50000000000003,385,0,,0.4288223322059074,0.048654778999662085,rapf,0,False,0,0,0,601.0,0,0,15,15,B,5410,0.4583333333333333,True,0.5673799749984028
0,39.00000000000004,390,0,,0.45385754289286323,0.044952788000045985,rapf,0,False,0,0,0,348.0,0,0,7,7,B,5411,0.43333333333333335,True,0.14830767799958267
0,37.39999999999994,374,0,,0.44822623306356824,0.04799189200002729,rapf,0,False,0,0,0,605.0,0,0,15,15,B,5412,0.43333333333333335,True,0.4751925399987158
3,48.22489575517143,483,3,,0.4201836451032277,0.08278500500000519,rapf,6,False,3,0,6,959.0,6,6,27,27,B,5413,0.39166666666666666,True,0.9629262359958375
0,37.900000000000084,379,0,,0.41887695886594956,0.04721908900046401,rapf,0,False,0,0,0,285.0,0,0,7,7,B,5414,0.4083333333333333,True,0.20116469400090864
0,37.60000000000011,376,0,,0.4548889636385013,0.05942521300039516,rapf,0,False,0,0,0,726.0,0,0,18,18,B,5415,0.4583333333333333,True,0.7764082769981542
0,35.80000000000005,358,0,,0.4733842832940073,0.051209211999776016,rapf,0,False,0,0,0,365.0,0,0,12,12,B,5416,0.4,True,0.48178624699994543
0,38.30000000000012,383,0,,0.40641629137005747,0.05361353499938559,rapf,0,False,0,0,0,388.0,0,0,10,10,B,5417,0.4,True,0.401744742000119
0,36.9000000000001,369,0,,0.4392915207607282,0.052514833000714134,rapf,0,False,0,0,0,398.0,0,0,10,10,B,5418,0.43333333333333335,True,0.3562875170009647
13,50.02490207461504,501,3,,0.48230279032990314,0.08955962500021997,rapf,6,False,3,0,6,1240.0,6,6,32,32,B,5419,0.5083333333333333,True,1.735025948000839
4,40.60000000000015,406,0,,0.4414617350608928,0.05954359399947862,rapf,0,False,0,0,0,613.0,0,0,19,19,B,5420,0.5083333333333333,True,0.9043152120011655
0,41.600000000000115,416,1,,0.40921663630757943,0.05047442300019611,rapf,2,False,1,0,2,698.0,2,2,15,15,B,5421,0.3416666666666667,True,0.37777748099779274
0,47.40000000000034,474,1,,0.4902032507219022,0.07495784200000344,rapf,2,False,1,0,2,1276.0,2,2,34,34,B,5422,0.4166666666666667,True,1.341669458999604
0,37.100000000000044,371,0,,0.48186961360055236,0.05703131399968697,rapf,0,False,0,0,0,409.0,0,0,11,11,B,5423,0.44166666666666665,True,0.45809882000048674
0,38.20000000000011,382,0,,0.4345543240458611,0.10688330399989354,rapf,0,False,0,0,0,438.0,0,0,9,9,B,5424,0.35,True,0.34306076600023516
8,54.74167848565142,549,5,,0.4173998130556059,0.16817494200040528,rapf,10,False,5,0,10,972.0,10,10,25,25,B,5425,0.45,True,1.3601957010005208
0,42.700000000000244,427,1,,0.485310510663173,0.06914552299986099,rapf,2,False,1,0,2,1419.0,2,2,38,38,B,5426,0.425,True,2.0078654079989064
0,46.80043501734906,469,2,,0.46572418727955106,0.05876658699980908,rapf,4,False,2,0,4,819.0,4,4,20,20,B,5427,0.45,True,0.6797586820002834
0,45.70000000000029,457,2,,0.45970679530225556,0.11296152900013112,rapf,4,False,2,0,4,506.0,4,4,15,15,B,5428,0.45,True,0.6819682090017523
0,36.600000000000044,366,0,,0.4599484869456204,0.058915325999805646,rapf,0,False,0,0,0,295.0,0,0,9,9,B,5429,0.4,True,0.3183183999999528
0,37.00000000000001,370,0,,0.44057007626900224,0.050443287000234704,rapf,0,False,0,0,0,162.0,0,0,4,4,B,5430,0.4,True,0.13541748400166398
0,37.70000000000006,377,0,,0.43194817151495346,0.08974842699990404,rapf,0,False,0,0,0,303.0,0,0,8,8,B,5431,0.35833333333333334,True,0.3873019589982505
0,51.2292148988359,513,4,,0.43730181037571986,0.06958985399978701,rapf,8,False,4,0,8,810.0,8,8,23,23,B,5432,0.44166666666666665,True,0.9266859870040207
1,37.1999999999999,372,0,,0.46693096765397757,0.04321255499962717,rapf,0,False,0,0,0,401.0,0,0,11,11,B,5433,0.39166666666666666,True,0.36904866799795855
0,50.392731902545336,505,3,,0.4062662411688822,0.08420071199998347,rapf,6,False,3,0,6,919.0,6,6,24,24,B,5434,0.425,True,0.9257379080027022
3,38.10000000000011,381,0,,0.4865742461227912,0.057439289999820176,rapf,0,False,0,0,0,552.0,0,0,12,12,B,5435,0.475,True,0.3740334689991869
0,45.21786388262835,453,3,,0.4300825908719123,0.05231748200003494,rapf,6,False,3,0,6,517.0,6,6,18,18,B,5436,0.36666666666666664,True,0.6163744229997974
0,82.5573431615119,832,17,,0.437471940994505,0.18159176700009994,rapf,34,False,17,0,34,1110.0,34,34,43,43,B,5437,0.55,True,2.3502829560002283
0,38.90000000000012,389,0,,0.49085239034665856,0.05155906500021956,rapf,0,False,0,0,0,557.0,0,0,12,12,B,5438,0.39166666666666666,True,0.34534252300181834
0,53.38865696374227,535,5,,0.43418384190056997,0.08134011299989652,rapf,10,False,5,0,10,917.0,10,10,26,26,B,5439,0.48333333333333334,True,0.8987035650015969
1,38.00000000000013,380,0,,0.41060405966804875,0.05012791399985872,rapf,0,False,0,0,0,653.0,0,0,21,21,B,5440,0.43333333333333335,True,0.6863452679999682
0,39.60000000000017,396,0,,0.44950926188789336,0.05686345800040726,rapf,0,False,0,0,0,822.0,0,0,20,20,B,5441,0.4,True,0.7585431229981623
0,55.6855799227255,557,5,,0.4891314524544851,0.12163794499974756,rapf,10,False,5,0,10,876.0,10,10,28,28,B,5442,0.5,True,1.4655109749974145
0,38.8000000000001,388,0,,0.4038833719640629,0.050972187999832386,rapf,0,False,0,0,0,378.0,0,0,10,10,B,5443,0.4083333333333333,True,0.33868957699996827
0,37.00000000000013,370,0,,0.44136220965502804,0.06797559499955241,rapf,0,False,0,0,0,439.0,0,0,11,11,B,5444,0.43333333333333335,True,0.37176806000024953
2,36.50000000000015,365,0,,0.47424419836657095,0.10515768099958223,rapf,0,False,0,0,0,640.0,0,0,14,14,B,5445,0.4666666666666667,True,0.6729294359993219
0,36.400000000000055,364,0,,0.4530816212813133,0.08756059200004529,rapf,0,False,0,0,0,628.0,0,0,13,13,B,5446,0.5083333333333333,True,0.5792920349986161
0,38.50000000000016,385,0,,0.4991089061134798,0.055235329999959504,rapf,0,False,0,0,0,272.0,0,0,7,7,B,5447,0.4583333333333333,True,0.2998054020008567
0,42.30000000000015,423,1,,0.4540140932461077,0.06395338499987702,rapf,2,False,1,0,2,845.0,2,2,19,19,B,5448,0.425,True,0.6941284779986745
0,93.13541924225078,939,22,,0.4502453183427042,0.21624089300075866,rapf,44,False,22,0,44,742.0,44,44,41,41,B,5449,0.5,True,2.5034797680064003
1,47.41854370106331,475,3,,0.40878136627980216,0.10839515299994673,rapf,6,False,3,0,6,869.0,6,6,23,23,B,5450,0.4083333333333333,True,1.1330867690003288
0,63.63229713148145,640,10,,0.42602510162736223,0.0943073070002356,rapf,19,False,10,0,19,606.0,19,19,22,22,B,5451,0.425,True,0.7334066369994616
0,50.53448296923238,507,3,,0.4973308237808961,0.0517915370000992,rapf,6,False,3,0,6,633.0,6,6,20,20,B,5452,0.38333333333333336,True,0.5906346930005384
9,37.3,373,0,,0.41135348905561253,0.05256525100048748,rapf,0,False,0,0,0,563.0,0,0,15,15,B,5453,0.39166666666666666,True,0.5567656149996765
0,41.500000000000234,415,1,,0.4824636117902793,0.07726267099951656,rapf,2,False,1,0,2,855.0,2,2,27,27,B,5454,0.475,True,1.558507799999461
0,40.70000000000007,407,1,,0.41736221738435014,0.16689449499972397,rapf,2,False,1,0,2,442.0,2,2,10,10,B,5455,0.48333333333333334,True,0.4354760760006684
0,44.20456252016459,443,2,,0.4981524902979119,0.05596880899975076,rapf,4,False,2,0,4,544.0,4,4,17,17,B,5456,0.4166666666666667,True,0.6067104599987942
0,41.90000000000016,419,1,,0.4765456390873942,0.053117630000087956,rapf,2,False,1,0,2,405.0,2,2,9,9,B,5457,0.425,True,0.23282691899930796
0,38.50000000000011,385,0,,0.4113197774950377,0.08600625700000819,rapf,0,False,0,0,0,639.0,0,0,15,15,B,5458,0.4083333333333333,True,0.5703474849979102
0,38.50000000000005,385,0,,0.49139803615880606,0.052487046000351256,rapf,0,False,0,0,0,339.0,0,0,8,8,B,5459,0.4,True,0.2641972840001472
2,38.60000000000018,386,0,,0.4486852108971442,0.04589755099914328,rapf,0,False,0,0,0,636.0,0,0,14,14,B,5460,0.38333333333333336,True,0.3136780339982579
2,98.47855103319677,1000,41,max_steps,30.91712179112423,0.4455162650001512,rapf,82,False,39,0,82,1740.0,82,82,75,75,B,5461,0.43333333333333335,False,9.660446063000563
8,52.63414354143178,528,5,,0.44244216089439653,0.08535360200039577,rapf,10,False,5,0,10,954.0,10,10,28,28,B,5462,0.4666666666666667,True,1.0393431060010698
0,45.37602231380133,455,2,,0.4237318043343008,0.06978772699949332,rapf,4,False,2,0,4,434.0,4,4,13,13,B,5463,0.5,True,0.5306805899963365
0,48.33568776907306,485,3,,0.4356597218343592,0.05277691999981471,rapf,6,False,3,0,6,470.0,6,6,16,16,B,5464,0.375,True,0.4680593709990717
0,42.60000000000012,426,1,,0.470790393037438,0.07481293799992272,rapf,2,False,1,0,2,377.0,2,2,10,10,B,5465,0.48333333333333334,True,0.4856139850016916
0,48.2082363863853,484,3,,0.4906325193243397,0.07277125299970066,rapf,6,False,3,0,6,609.0,6,6,18,18,B,5466,0.475,True,0.7504120100002183
0,36.70000000000008,367,0,,0.40732045832121905,0.17468861499946797,rapf,0,False,0,0,0,426.0,0,0,15,15,B,5467,0.525,True,0.9424258759981967
0,42.516739169558406,426,1,,0.49774215987003884,0.066061315999832,rapf,2,False,1,0,2,280.0,2,2,8,8,B,5468,0.44166666666666665,True,0.31134732799910125
0,35.800000000000196,358,0,,0.41922446090529547,0.03918776000045909,rapf,0,False,0,0,0,208.0,0,0,7,7,B,5469,0.325,True,0.20953929999996035
0,42.70000000000021,427,1,,0.4461874753758361,0.06584056000065175,rapf,2,False,1,0,2,1220.0,2,2,27,27,B,5470,0.36666666666666664,True,1.0333659820007597
3,55.41243598236063,557,6,,0.4059455010010154,0.09921763200054556,rapf,12,False,6,0,12,479.0,12,12,17,17,B,5471,0.45,True,0.6154096569989633
0,37.40000000000011,374,0,,0.4020617441874113,0.04568232499968872,rapf,0,False,0,0,0,298.0,0,0,9,9,B,5472,0.38333333333333336,True,0.31025953399785067
1,38.20000000000009,382,0,,0.43444748146957063,0.06593957099994441,rapf,0,False,0,0,0,613.0,0,0,17,17,B,5473,0.45,True,0.8398774300003424
0,38.90000000000009,389,0,,0.42188108176797146,0.0531089920004888,rapf,0,False,0,0,0,732.0,0,0,17,17,B,5474,0.39166666666666666,True,0.544978094999351
7,43.70000000000014,437,1,,0.49248244930472596,0.11505491999923834,rapf,2,False,1,0,2,922.0,2,2,26,26,B,5475,0.43333333333333335,True,1.5027898459993594
1,36.90000000000014,369,0,,0.40894446154753755,0.056336131000534806,rapf,0,False,0,0,0,465.0,0,0,12,12,B,5476,0.4166666666666667,True,0.42240271599985135
0,98.04762087136149,1000,43,max_steps,29.348628444024644,0.47884274300031393,rapf,86,False,38,0,86,1162.0,86,86,66,66,B,5477,0.36666666666666664,False,5.004440598001565
0,38.300000000000146,383,0,,0.4438294022642218,0.07551724000040849,rapf,0,False,0,0,0,356.0,0,0,9,9,B,5478,0.4083333333333333,True,0.4468778010004826
0,38.40000000000009,384,0,,0.432181102515702,0.07636379599989596,rapf,0,False,0,0,0,585.0,0,0,14,14,B,5479,0.3416666666666667,True,0.47057585299990023
0,36.400000000000105,364,0,,0.40506773115310746,0.0031765969997650245,rapf,0,False,0,0,0,64.0,0,0,1,1,B,5480,0.4,True,0.0031765969997650245
1,68.82730787933735,693,11,,0.4570839770415338,0.16203715500068938,rapf,22,False,11,0,22,966.0,22,22,32,32,B,5481,0.49166666666666664,True,1.6638430750035695
6,60.47575775212529,607,7,,0.49561166621169267,0.10247463700034132,rapf,14,False,7,0,14,1086.0,14,14,31,31,B,5482,0.4,True,1.3470224980001149
0,50.62610585671334,508,5,,0.44715343856647,0.09378016199934791,rapf,10,False,5,0,10,356.0,10,10,14,14,B,5483,0.43333333333333335,True,0.5574307849992692
12,61.960807856521654,622,9,,0.43367243711781467,0.14486681800008228,rapf,18,False,9,0,18,916.0,18,18,35,35,B,5484,0.5666666666666667,True,2.094631954997567
7,39.100000000000186,391,0,,0.44015179522135134,0.058808017000046675,rapf,0,False,0,0,0,724.0,0,0,16,16,B,5485,0.4583333333333333,True,0.617032412997105
0,38.700000000000074,387,0,,0.4147613892443816,0.060781111999858695,rapf,0,False,0,0,0,828.0,0,0,18,18,B,5486,0.45,True,0.7210939780006811
8,47.02151316272231,471,3,,0.41788267310242805,0.0646155260001251,rapf,6,False,3,0,6,898.0,6,6,24,24,B,5487,0.38333333333333336,True,0.7280975399971794
0,43.088719527563946,432,2,,0.422892043722433,0.059098333999827446,rapf,4,False,2,0,4,360.0,4,4,12,12,B,5488,0.4,True,0.4000432599987107
0,42.7000000000001,427,1,,0.43701723561702505,0.06159302000014577,rapf,2,False,1,0,2,714.0,2,2,17,17,B,5489,0.45,True,0.5563644329986346
5,40.20000000000018,402,0,,0.4169127824495695,0.07849408900074195,rapf,0,False,0,0,0,1400.0,0,0,35,35,B,5490,0.4666666666666667,True,1.6024490140016496
4,37.69999999999997,377,0,,0.4525546583631989,0.042650295000385086,rapf,0,False,0,0,0,2119.0,0,0,44,44,B,5491,0.35833333333333334,True,0.8127127180023308
0,42.400000000000276,424,1,,0.4855054570356697,0.07065019299989217,rapf,2,False,1,0,2,659.0,2,2,14,14,B,5492,0.44166666666666665,True,0.38319167100053164
0,46.40000000000016,464,2,,0.447480499324373,0.09204167999996571,rapf,4,False,2,0,4,1001.0,4,4,25,25,B,5493,0.43333333333333335,True,1.0455216259979352
1,45.63366554898574,457,2,,0.46288921180031933,0.07312412299961579,rapf,4,False,2,0,4,915.0,4,4,27,27,B,5494,0.4583333333333333,True,1.1818568030012102
2,38.099999999999966,381,0,,0.4526322013066279,0.10168943000007857,rapf,0,False,0,0,0,326.0,0,0,11,11,B,5495,0.5166666666666667,True,0.5661281029997554
2,47.043454821469325,472,3,,0.48926547531900094,0.05756777500027965,rapf,6,False,3,0,6,447.0,6,6,12,12,B,5496,0.35833333333333334,True,0.2998370340001202
5,40.07886946800845,401,1,,0.4599880529239228,0.06099294799969357,rapf,2,False,1,0,2,542.0,2,2,15,15,B,5497,0.4583333333333333,True,0.5963651840020248
0,53.10000000000034,531,3,,0.45693371357735596,0.13157778000004328,rapf,6,False,3,0,6,1124.0,6,6,33,33,B,5498,0.5166666666666667,True,1.7698448540013487
0,44.70000000000011,447,1,,0.49075239360526635,0.06226890400012053,rapf,2,False,1,0,2,607.0,2,2,17,17,B,5499,0.43333333333333335,True,0.7632409439993353
0,38.60000000000014,386,0,,0.416615307530419,0.059547218999796314,rapf,0,False,0,0,0,359.0,0,0,8,8,C,5000,0.40372670807453415,True,0.2582970439989367
8,74.1133184442334,746,13,,0.42865635779761185,0.2664938969992363,rapf,26,False,12,0,26,1363.0,26,26,45,45,C,5001,0.4906832298136646,True,3.9953698570025153
1,37.000000000000135,370,0,,0.4467483975139297,0.07714084100007312,rapf,0,False,0,0,0,722.0,0,0,17,17,C,5002,0.40993788819875776,True,0.6760625839988279
12,46.455699981383376,465,2,,0.49548821462661496,0.08521000299970183,rapf,4,False,2,0,4,798.0,4,4,22,22,C,5003,0.4720496894409938,True,1.1839452079993862
0,38.70000000000012,387,0,,0.41783975865423406,0.11019626100005553,rapf,0,False,0,0,0,1443.0,0,0,40,40,C,5004,0.391304347826087,True,2.311206637000396
834,17.200000000000014,1000,2,max_steps,26.553911592707752,0.12822639100068045,rapf,3,False,2,1,3,1431.0,3,3,31,31,C,5005,0.20496894409937888,False,1.9926409350027825
0,37.500000000000036,375,0,,0.49913847125378696,0.08597011399979237,rapf,0,False,0,0,0,706.0,0,0,17,17,C,5006,0.4472049689440994,True,0.7928705769982116
0,40.90000000000005,409,1,,0.4380017728780168,0.0736413899994659,rapf,2,False,1,0,2,402.0,2,2,12,12,C,5007,0.32919254658385094,True,0.5761031289985112
1,63.0365820281294,633,8,,0.42256541327182295,0.11388046699994447,rapf,16,False,8,0,16,594.0,16,16,22,22,C,5008,0.4409937888198758,True,1.0557701039979293
0,41.50000000000015,415,1,,0.4874534777432976,0.09112461699987762,rapf,2,False,1,0,2,532.0,2,2,15,15,C,5009,0.45962732919254656,True,0.8884830490005697
6,78.85368161443162,793,13,,0.4905113663001803,0.17419351900025504,rapf,26,False,13,0,26,2165.0,26,26,58,58,C,5010,0.515527950310559,True,4.848171815000569
0,48.91567064485909,491,4,,0.4371329808133977,0.08311669300019275,rapf,8,False,4,0,8,673.0,8,8,19,19,C,5011,0.4161490683229814,True,0.7413487889971293
0,44.30000000000017,443,2,,0.4264177322643885,0.08672706499964988,rapf,4,False,2,0,4,662.0,4,4,17,17,C,5012,0.4161490683229814,True,0.804867583999112
0,62.772881289637695,630,9,,0.449981369358401,0.1300102289997085,rapf,18,False,9,0,18,735.0,18,18,27,27,C,5013,0.453416149068323,True,1.5403179960012494
0,47.01296360115178,471,3,,0.47540293543635465,0.08907931800058577,rapf,6,False,3,0,6,498.0,6,6,16,16,C,5014,0.45962732919254656,True,0.8464853550012776
0,43.66739169558156,437,2,,0.471159301780262,0.0800244339998244,rapf,4,False,2,0,4,448.0,4,4,15,15,C,5015,0.35403726708074534,True,0.6107575269979861
3,50.6285134487754,508,5,,0.4889249089675847,0.123107116999563,rapf,10,False,5,0,10,1287.0,10,10,34,34,C,5016,0.40372670807453415,True,1.62136913699851
1,47.556460165197436,477,3,,0.49900962437892804,0.15016656299940223,rapf,6,False,3,0,6,829.0,6,6,26,26,C,5017,0.4968944099378882,True,1.862113643001976
0,38.200000000000095,382,0,,0.48239495826128487,0.08007455400002073,rapf,0,False,0,0,0,572.0,0,0,17,17,C,5018,0.35403726708074534,True,0.9646543369990468
0,41.60000000000008,416,1,,0.44492018814747747,0.08674582300045586,rapf,2,False,1,0,2,1113.0,2,2,32,32,C,5019,0.4782608695652174,True,2.0200834539973584
0,38.100000000000065,381,0,,0.4856931184779325,0.06540037699960521,rapf,0,False,0,0,0,911.0,0,0,33,33,C,5020,0.39751552795031053,True,1.5883791249989372
647,36.36189960562238,1000,6,max_steps,16.150056122326617,0.1610068099998898,rapf,12,False,6,1,12,1151.0,12,12,35,35,C,5021,0.42857142857142855,False,1.7936332859981121
7,49.927514116467975,501,4,,0.4141675097594201,0.09215979700002208,rapf,8,False,4,0,8,1077.0,8,8,34,34,C,5022,0.4782608695652174,True,1.9974872749980932
4,57.75911521870289,580,6,,0.49095719076179817,0.11152038900036132,rapf,12,False,6,0,12,1070.0,12,12,33,33,C,5023,0.5279503105590062,True,1.719253283999933
8,98.2627291277671,1000,38,max_steps,32.99812313181898,0.38616731700039963,rapf,76,False,38,0,76,1405.0,76,76,75,75,C,5024,0.43478260869565216,False,5.753350446003424
0,42.90000000000016,429,1,,0.448953151806719,0.1819098269997994,rapf,2,False,1,0,2,817.0,2,2,20,20,C,5025,0.484472049689441,True,1.148773897002684
4,47.608578540363595,477,2,,0.47129021366194146,0.2025489590005236,rapf,4,False,2,0,4,1022.0,4,4,26,26,C,5026,0.45962732919254656,True,1.5242561889972421
0,56.250217508674766,563,4,,0.4575173521491264,0.08291987899974629,rapf,8,False,4,0,8,1597.0,8,8,39,39,C,5027,0.37267080745341613,True,1.4753181279957062
4,60.57113771197052,609,10,,0.42479372856299735,0.09435365500030457,rapf,18,False,10,0,18,1077.0,18,18,39,39,C,5028,0.39751552795031053,True,1.5643113750047632
0,42.90000000000015,429,1,,0.4791772049131747,0.07702695399984805,rapf,2,False,1,0,2,751.0,2,2,21,21,C,5029,0.4658385093167702,True,1.106634156999462
2,38.60000000000022,386,0,,0.4780808967869251,0.07302040900049178,rapf,0,False,0,0,0,573.0,0,0,12,12,C,5030,0.422360248447205,True,0.48234346700155584
0,49.30087003469812,494,3,,0.45325098697483135,0.09022254800038354,rapf,6,False,3,0,6,1035.0,6,6,30,30,C,5031,0.42857142857142855,True,1.647396610999749
5,55.883260830442175,559,4,,0.4317215837438683,0.09732423900004505,rapf,8,False,4,0,8,815.0,8,8,22,22,C,5032,0.40372670807453415,True,1.0449316369986263
0,92.22377746161133,934,22,,0.40549713671652177,0.23637387200051307,rapf,43,False,22,0,43,917.0,43,43,42,42,C,5033,0.546583850931677,True,3.2065497289968334
3,77.3922003638006,779,15,,0.47065901294009305,0.20072032000007312,rapf,30,False,15,0,30,1492.0,30,30,57,57,C,5034,0.4782608695652174,True,4.616048918996967
0,37.70000000000012,377,0,,0.4391346175800337,0.06331005100037146,rapf,0,False,0,0,0,796.0,0,0,20,20,C,5035,0.40993788819875776,True,0.9196151089990963
3,84.69133324782054,854,18,,0.49486623665671087,0.22418525899956876,rapf,36,False,18,0,36,1146.0,36,36,47,47,C,5036,0.5341614906832298,True,3.1811140510008045
2,48.616653858387565,487,4,,0.4943932707674654,0.0944511159996182,rapf,6,False,4,0,6,597.0,6,6,18,18,C,5037,0.43478260869565216,True,0.7996378149964585
3,99.19720744157586,1000,27,max_steps,5.1837147632281,0.2699092989996643,rapf,54,False,27,0,54,1425.0,54,54,59,59,C,5038,0.515527950310559,False,4.736476959993524
8,47.17704954859096,473,2,,0.4276242437594998,0.08953224899960333,rapf,4,False,2,0,4,1533.0,4,4,42,42,C,5039,0.484472049689441,True,2.3640527580000708
4,44.900000000000276,449,1,,0.45632539485381035,0.11420437500055414,rapf,2,False,1,0,2,1035.0,2,2,30,30,C,5040,0.422360248447205,True,1.659304210999835
0,38.900000000000205,389,0,,0.41905557313181396,0.05873499100016488,rapf,0,False,0,0,0,652.0,0,0,15,15,C,5041,0.34782608695652173,True,0.5805475730003309
0,38.800000000000075,388,0,,0.43769304387586816,0.06376567899951624,rapf,0,False,0,0,0,789.0,0,0,19,19,C,5042,0.39751552795031053,True,0.7622335800015207
3,40.400000000000155,404,1,,0.4121164397541693,0.07404326400046557,rapf,2,False,1,0,2,844.0,2,2,20,20,C,5043,0.422360248447205,True,0.8497378279980694
0,53.229093679142,533,4,,0.486847186816921,0.09627426699989883,rapf,8,False,4,0,8,1244.0,8,8,34,34,C,5044,0.4720496894409938,True,1.8380509949965926
776,23.050142167235204,1000,5,max_steps,28.030706571505267,0.07892279399948166,rapf,10,False,5,1,10,610.0,10,10,16,16,C,5045,0.15527950310559005,False,0.6189103350006917
0,38.60000000000004,386,0,,0.43246834019287833,0.07645196500016027,rapf,0,False,0,0,0,551.0,0,0,15,15,C,5046,0.39751552795031053,True,0.8178834210011701
4,42.97083476870641,431,2,,0.42453570021315135,0.10586309700011043,rapf,4,False,2,0,4,482.0,4,4,15,15,C,5047,0.40993788819875776,True,0.6934555540001384
0,47.70000000000025,477,2,,0.4489325148872837,0.08419857600074465,rapf,4,False,2,0,4,619.0,4,4,18,18,C,5048,0.4782608695652174,True,0.9284190449989183
2,59.228275260312685,594,6,,0.4182530780657828,0.1294468890000644,rapf,12,False,6,0,12,977.0,12,12,32,32,C,5049,0.43478260869565216,True,1.8485630520008272
1,37.00000000000005,370,0,,0.4767175022953893,0.08574218800004019,rapf,0,False,0,0,0,789.0,0,0,20,20,C,5050,0.37267080745341613,True,0.9923251110021738
0,39.50000000000014,395,0,,0.4654419035896258,0.07734046600035072,rapf,0,False,0,0,0,1033.0,0,0,25,25,C,5051,0.39751552795031053,True,1.2555544970000483
0,36.20000000000005,362,0,,0.4278702180201022,0.08528504299920314,rapf,0,False,0,0,0,559.0,0,0,13,13,C,5052,0.484472049689441,True,0.6676228719970823
0,37.60000000000002,376,0,,0.4075446843841931,0.06402325100043527,rapf,0,False,0,0,0,440.0,0,0,12,12,C,5053,0.391304347826087,True,0.5269790659986029
0,38.900000000000205,389,0,,0.4384473524049058,0.08514602499963075,rapf,0,False,0,0,0,970.0,0,0,22,22,C,5054,0.453416149068323,True,1.193723139002941
0,41.50000000000012,415,1,,0.4850210935767339,0.09239147100015543,rapf,2,False,1,0,2,544.0,2,2,12,12,C,5055,0.42857142857142855,True,0.6678045990011015
0,55.180264014122315,553,5,,0.48523804722276304,0.09029271799954586,rapf,10,False,5,0,10,903.0,10,10,24,24,C,5056,0.33540372670807456,True,0.7939477890013222
8,66.96225437697713,673,10,,0.4114664686396597,0.2244631980001941,rapf,20,False,10,0,20,1411.0,20,20,42,42,C,5057,0.515527950310559,True,4.015411745996062
2,44.566287708052876,446,2,,0.44557955738989075,0.17284929100060253,rapf,4,False,2,0,4,916.0,4,4,27,27,C,5058,0.42857142857142855,True,1.9652772049994383
0,40.80000000000018,408,1,,0.46914240087189474,0.06841773799988005,rapf,2,False,1,0,2,668.0,2,2,17,17,C,5059,0.4161490683229814,True,0.688993505002145
8,67.19872880265213,674,8,,0.47422843344632787,0.13424350400055118,rapf,16,False,8,0,16,1665.0,16,16,48,48,C,5060,0.4409937888198758,True,2.880160544003047
0,36.40000000000001,364,0,,0.4403770308705868,0.09872871299921826,rapf,0,False,0,0,0,265.0,0,0,7,7,C,5061,0.43478260869565216,True,0.4448943199977293
9,67.66223577174081,681,12,,0.47625280280707544,0.20483066999986477,rapf,24,False,12,0,24,883.0,24,24,31,31,C,5062,0.4720496894409938,True,2.0932679279985678
6,98.56565572242425,1000,33,max_steps,15.532997035185119,0.3514927919995898,rapf,65,False,31,0,65,831.0,65,65,52,52,C,5063,0.40993788819875776,False,3.873238940000192
0,38.30000000000009,383,0,,0.4230613753063743,0.07192798599953676,rapf,0,False,0,0,0,694.0,0,0,23,23,C,5064,0.39751552795031053,True,1.1222252130000925
1,46.21234924974869,463,2,,0.49551676579729476,0.08347173899983318,rapf,4,False,2,0,4,636.0,4,4,18,18,C,5065,0.4409937888198758,True,0.952450529998714
4,37.400000000000084,374,0,,0.40925999840441324,0.06620162699982757,rapf,0,False,0,0,0,558.0,0,0,14,14,C,5066,0.39751552795031053,True,0.6973914790023628
3,36.20000000000012,362,0,,0.4741619034254019,0.06845398099994782,rapf,0,False,0,0,0,472.0,0,0,13,13,C,5067,0.422360248447205,True,0.6976138810014163
9,38.800000000000054,388,0,,0.40564284381651733,0.07716451899977983,rapf,0,False,0,0,0,1344.0,0,0,37,37,C,5068,0.43478260869565216,True,2.118241882998518
2,98.97584338164727,1000,24,max_steps,7.974264896754101,0.23857367300024634,rapf,48,False,24,0,48,1613.0,48,48,66,66,C,5069,0.5279503105590062,False,5.9188143870014756
8,42.1000000000002,421,1,,0.44368164261576715,0.10745879099977174,rapf,2,False,1,0,2,680.0,2,2,18,18,C,5070,0.45962732919254656,True,0.9350792619998174
0,98.479961012894,1000,36,max_steps,20.754408459342972,0.32383180800025,rapf,72,False,34,0,72,975.0,72,72,55,55,C,5071,0.35403726708074534,False,4.5224943030007125
2,38.40000000000005,384,0,,0.4730682619031414,0.07361500499973772,rapf,0,False,0,0,0,833.0,0,0,21,21,C,5072,0.45962732919254656,True,1.132851775000745
5,98.85665684483655,1000,35,max_steps,25.030508690776134,0.343151353000394,rapf,70,False,35,0,70,912.0,70,70,57,57,C,5073,0.36645962732919257,False,3.5776207629951386
0,65.17764300406037,656,10,,0.44370960286064237,0.1443104409991065,rapf,20,False,10,0,20,750.0,20,20,28,28,C,5074,0.42857142857142855,True,1.4369301959986842
0,78.47377123325386,789,12,,0.4572922573420116,0.19336698700044508,rapf,24,False,12,0,24,1413.0,24,24,43,43,C,5075,0.5031055900621118,True,2.8114690010042978
0,54.24419715771911,545,6,,0.49685405237488506,0.18129129800036026,rapf,12,False,6,0,12,721.0,12,12,23,23,C,5076,0.4658385093167702,True,1.4908002700003635
0,46.59113681470551,466,3,,0.42941915074120734,0.08402683199983585,rapf,6,False,3,0,6,1035.0,6,6,32,32,C,5077,0.4161490683229814,True,2.0081680840003173
8,65.06905172320225,653,8,,0.47235364956405534,0.12375846799932333,rapf,16,False,8,0,16,1424.0,16,16,45,45,C,5078,0.42857142857142855,True,2.283355195997501
6,38.50000000000002,385,0,,0.4592342684984865,0.08870467200085841,rapf,0,False,0,0,0,783.0,0,0,21,21,C,5079,0.4161490683229814,True,1.1596790619978492
0,41.40043501734906,415,1,,0.44300020541586826,0.061714804000075674,rapf,2,False,1,0,2,771.0,2,2,19,19,C,5080,0.37267080745341613,True,0.8297039569979461
0,37.90000000000003,379,0,,0.4535355085407432,0.06181721500070125,rapf,0,False,0,0,0,700.0,0,0,17,17,C,5081,0.43478260869565216,True,0.5851250570021875
0,36.7000000000001,367,0,,0.47588782200676044,0.05898361400068097,rapf,0,False,0,0,0,1555.0,0,0,35,35,C,5082,0.38509316770186336,True,1.1748779870031285
5,41.40000000000013,414,1,,0.4867998701803933,0.08401510499970755,rapf,2,False,1,0,2,359.0,2,2,10,10,C,5083,0.4472049689440994,True,0.458851845000936
2,41.90000000000022,419,1,,0.4121822951605681,0.07600380199983192,rapf,2,False,1,0,2,524.0,2,2,16,16,C,5084,0.4782608695652174,True,0.8677038630003153
0,61.123610271209955,614,8,,0.44243278244802514,0.10136075799982791,rapf,16,False,8,0,16,897.0,16,16,32,32,C,5085,0.4161490683229814,True,1.5127599849993203
5,41.60000000000017,416,1,,0.4333051150884463,0.07743810200008738,rapf,2,False,1,0,2,832.0,2,2,21,21,C,5086,0.453416149068323,True,0.9873247039986381
0,54.01311201931642,541,5,,0.4583789069573532,0.10052496200023597,rapf,10,False,5,0,10,910.0,10,10,27,27,C,5087,0.4720496894409938,True,1.3465220159996534
0,39.900000000000055,399,0,,0.49632174376250343,0.11307311400014441,rapf,0,False,0,0,0,889.0,0,0,21,21,C,5088,0.39751552795031053,True,0.8040322050019313
0,91.20492999777221,920,21,,0.49175045621651947,0.20996679099971516,rapf,41,False,21,0,41,696.0,41,41,40,40,C,5089,0.5341614906832298,True,1.9574206779952874
0,39.80000000000017,398,0,,0.48600278701978167,0.06407841800046299,rapf,0,False,0,0,0,411.0,0,0,10,10,C,5090,0.422360248447205,True,0.45051168800000596
0,56.20373928662353,564,5,,0.45600121802845367,0.09774302300047566,rapf,10,False,5,0,10,1177.0,10,10,36,36,C,5091,0.4968944099378882,True,2.1718669870024314
2,41.70000000000011,417,1,,0.4171893672444946,0.07062146499993105,rapf,2,False,1,0,2,467.0,2,2,15,15,C,5092,0.39751552795031053,True,0.7458744490004392
4,42.30000000000016,423,1,,0.41051408264028516,0.2042257109997081,rapf,2,False,1,0,2,747.0,2,2,21,21,C,5093,0.4472049689440994,True,1.5291607569979533
3,38.100000000000115,381,0,,0.4659327125215674,0.06534747900059301,rapf,0,False,0,0,0,839.0,0,0,24,24,C,5094,0.4161490683229814,True,1.3145833829976254
6,91.78130327102036,924,20,,0.42553220593241664,0.19218061400079023,rapf,40,False,20,0,40,971.0,40,40,46,46,C,5095,0.43478260869565216,True,2.8988918729974102
2,62.35565822261971,626,9,,0.46985257434153654,0.13414061100047547,rapf,18,False,9,0,18,884.0,18,18,31,31,C,5096,0.5527950310559007,True,1.8842666770024152
2,88.01958897562699,887,20,,0.4186986694970588,0.2086248779996822,rapf,40,False,19,0,40,1545.0,40,40,57,57,C,5097,0.5093167701863354,True,5.011444124001173
3,71.2578040550811,716,11,,0.45005669646088414,0.15381557399996382,rapf,21,False,11,0,21,732.0,21,21,32,32,C,5098,0.4658385093167702,True,1.5992105950017503
0,52.76643284753552,529,5,,0.4711527986217717,0.12377902199932578,rapf,8,False,5,0,8,1145.0,8,8,31,31,C,5099,0.5093167701863354,True,1.6158295200011707
0,35.80000000000014,358,0,,0.4358446933018922,0.0719799119997333,rapf,0,False,0,0,0,483.0,0,0,15,15,C,5100,0.4472049689440994,True,0.9132436750023771
0,42.70000000000022,427,1,,0.4263815753594641,0.1379310570000598,rapf,2,False,1,0,2,622.0,2,2,20,20,C,5101,0.484472049689441,True,1.268642822999027
0,46.21630415220953,463,3,,0.43683316354140467,0.10806560600030934,rapf,6,False,3,0,6,672.0,6,6,18,18,C,5102,0.38509316770186336,True,0.940485752999848
0,64.29265874063393,647,10,,0.4035452028096037,0.17800205899948196,rapf,20,False,10,0,20,586.0,20,20,24,24,C,5103,0.453416149068323,True,1.3511651539993181
0,38.6000000000001,386,0,,0.49504054953054055,0.20919349399991916,rapf,0,False,0,0,0,754.0,0,0,21,21,C,5104,0.422360248447205,True,1.5937633149997055
2,38.000000000000114,380,0,,0.44321798096110615,0.0763861449995602,rapf,0,False,0,0,0,868.0,0,0,22,22,C,5105,0.4658385093167702,True,1.0307514269998137
0,58.21518356363699,584,7,,0.4388179981531965,0.10360329099967203,rapf,14,False,7,0,14,628.0,14,14,24,24,C,5106,0.391304347826087,True,1.070480580999174
7,43.20000000000014,432,1,,0.45901006449405424,0.08023647899972275,rapf,2,False,1,0,2,587.0,2,2,16,16,C,5107,0.4906832298136646,True,0.8553209780011457
3,38.20000000000002,382,0,,0.46247410362315494,0.05019520099995134,rapf,0,False,0,0,0,647.0,0,0,15,15,C,5108,0.3105590062111801,True,0.45068916200034437
0,82.8469811922106,834,16,,0.47298999708394107,0.17407530800028326,rapf,31,False,16,0,31,1031.0,31,31,39,39,C,5109,0.5341614906832298,True,2.212508727002387
2,40.20000000000012,402,1,,0.4802932822141655,0.14998278699931689,rapf,2,False,1,0,2,830.0,2,2,25,25,C,5110,0.40993788819875776,True,1.6006203719998666
1,99.20835425479521,1000,29,max_steps,17.202624411372856,0.25376268300078664,rapf,58,False,29,0,58,1704.0,58,58,71,71,C,5111,0.6024844720496895,False,5.978632248999929
1,59.23239565234224,595,7,,0.4022579278078477,0.12829037699975743,rapf,14,False,7,0,14,919.0,14,14,27,27,C,5112,0.391304347826087,True,1.4461603230020046
2,54.42746416851772,546,5,,0.47455057101082826,0.09416440800032433,rapf,10,False,5,0,10,1306.0,10,10,34,34,C,5113,0.4720496894409938,True,1.8695230959974651
0,43.00000000000015,430,1,,0.4217958639191545,0.07372744399981457,rapf,2,False,1,0,2,846.0,2,2,20,20,C,5114,0.391304347826087,True,0.671601916000327
0,36.00000000000005,360,0,,0.492013764592952,0.0913012199998775,rapf,0,False,0,0,0,343.0,0,0,9,9,C,5115,0.45962732919254656,True,0.5802263720006522
9,41.199999999999974,412,1,,0.4583419314740639,0.09242019400062418,rapf,2,False,1,0,2,1520.0,2,2,36,36,C,5116,0.45962732919254656,True,2.128263891999268
7,43.100000000000165,431,1,,0.4647594564973682,0.1489324909998686,rapf,2,False,1,0,2,804.0,2,2,26,26,C,5117,0.4472049689440994,True,1.6747409749996223
2,46.895581207719395,470,3,,0.4284753885367025,0.0898703029997705,rapf,6,False,3,0,6,735.0,6,6,20,20,C,5118,0.4720496894409938,True,1.0006590650009457
0,38.70000000000002,387,0,,0.4160148554123296,0.07076986100037175,rapf,0,False,0,0,0,642.0,0,0,14,14,C,5119,0.43478260869565216,True,0.4152617960007774
0,37.70000000000008,377,0,,0.48079962074720384,0.07520823300001211,rapf,0,False,0,0,0,565.0,0,0,16,16,C,5120,0.4720496894409938,True,0.9026264959993568
0,38.59999999999999,386,0,,0.4815496126934265,0.07016288900013024,rapf,0,False,0,0,0,942.0,0,0,24,24,C,5121,0.4658385093167702,True,1.1449079509966396
4,39.30000000000009,393,0,,0.49763334035717915,0.061054445000081614,rapf,0,False,0,0,0,444.0,0,0,13,13,C,5122,0.42857142857142855,True,0.6182258910012024
0,68.61836507602801,688,10,,0.4610583599191304,0.11411452500033192,rapf,20,False,10,0,20,973.0,20,20,30,30,C,5123,0.4782608695652174,True,1.6223856810056532
2,40.30000000000026,403,1,,0.4906566316637406,0.09199475800051005,rapf,2,False,1,0,2,1815.0,2,2,41,41,C,5124,0.4161490683229814,True,1.8215839550020974
0,37.3000000000001,373,0,,0.47746315976327,0.07345998199980386,rapf,0,False,0,0,0,625.0,0,0,24,24,C,5125,0.4409937888198758,True,1.2914601490019777
0,47.48369584779109,476,3,,0.41090029876623974,0.06342813700030092,rapf,6,False,3,0,6,526.0,6,6,14,14,C,5126,0.36024844720496896,True,0.44218035499943653
2,42.2000000000002,422,1,,0.4369601737543303,0.07809359099974245,rapf,2,False,1,0,2,798.0,2,2,18,18,C,5127,0.484472049689441,True,0.8583995729995877
0,36.60000000000006,366,0,,0.4912202681565771,0.07117210399974283,rapf,0,False,0,0,0,473.0,0,0,12,12,C,5128,0.39751552795031053,True,0.4673169319985391
6,60.72561981738717,609,8,,0.41766701613595403,0.14218252299997403,rapf,15,False,8,0,15,1044.0,15,15,36,36,C,5129,0.4658385093167702,True,2.4334768780008744
7,37.90000000000003,379,0,,0.4542070293035323,0.07379149899952608,rapf,0,False,0,0,0,489.0,0,0,21,21,C,5130,0.4968944099378882,True,1.2002551979994678
4,45.73537482599052,458,2,,0.4760879931773848,0.08827557400036312,rapf,4,False,2,0,4,886.0,4,4,25,25,C,5131,0.43478260869565216,True,1.234030650999557
0,47.21517457877043,473,2,,0.401159193251097,0.0708886070005974,rapf,4,False,2,0,4,716.0,4,4,20,20,C,5132,0.4161490683229814,True,1.03263660599805
0,79.68832057548501,805,19,,0.4361933769910826,0.15726409600029,rapf,38,False,16,0,38,1219.0,38,38,44,44,C,5133,0.36024844720496896,True,3.064315169996007
8,37.100000000000094,371,0,,0.4564847958568774,0.06641526800012798,rapf,0,False,0,0,0,881.0,0,0,25,25,C,5134,0.422360248447205,True,1.2980801540015818
7,44.300000000000246,443,1,,0.45223868598493244,0.078044324000075,rapf,2,False,1,0,2,1392.0,2,2,32,32,C,5135,0.42857142857142855,True,1.3443684979993122
11,76.40449929756456,778,23,,0.4277062519770163,0.21314364699992439,rapf,46,False,14,0,46,2976.0,46,46,88,88,C,5136,0.5279503105590062,True,9.905816083995887
0,35.600000000000165,356,0,,0.47197943553652755,0.06532412700016721,rapf,0,False,0,0,0,607.0,0,0,13,13,C,5137,0.40372670807453415,True,0.306317563000448
0,67.41673916955858,677,10,,0.41980719193990457,0.111763644000348,rapf,20,False,10,0,20,1166.0,20,20,33,33,C,5138,0.4906832298136646,True,1.8646283819998644
0,46.72195851025559,468,2,,0.45295546576744605,0.07633316500050569,rapf,4,False,2,0,4,620.0,4,4,19,19,C,5139,0.422360248447205,True,0.9175680110001849
1,48.05566611645442,481,3,,0.44109365802174383,0.08485867499985034,rapf,6,False,3,0,6,792.0,6,6,21,21,C,5140,0.4472049689440994,True,0.920287534999261
11,41.00000000000016,410,1,,0.4753695428436804,0.07860698999957094,rapf,2,False,1,0,2,960.0,2,2,26,26,C,5141,0.4658385093167702,True,1.360714550000921
0,44.51784528908922,446,2,,0.489656062667379,0.06779278999965754,rapf,4,False,2,0,4,364.0,4,4,13,13,C,5142,0.391304347826087,True,0.5645643149973694
0,40.800000000000125,408,1,,0.4775436466065088,0.08525739600008819,rapf,2,False,1,0,2,826.0,2,2,25,25,C,5143,0.45962732919254656,True,1.5628003030005857
0,42.80000000000019,428,1,,0.42815925704304714,0.06716722199962533,rapf,2,False,1,0,2,1230.0,2,2,29,29,C,5144,0.40372670807453415,True,1.1077058029977707
10,43.91408794801483,440,2,,0.49168434172068426,0.07903421500031982,rapf,4,False,2,0,4,855.0,4,4,21,21,C,5145,0.453416149068323,True,0.8252220109989139
1,42.16695667823284,422,2,,0.4386925198293469,0.07823922500028857,rapf,4,False,2,0,4,652.0,4,4,20,20,C,5146,0.42857142857142855,True,1.0214917970006354
0,65.5813437822722,660,11,,0.41117327702557316,0.183197041999847,rapf,22,False,11,0,22,726.0,22,22,26,26,C,5147,0.4409937888198758,True,1.0730962859997817
1,38.00000000000007,380,0,,0.4423804473402849,0.10266905800017412,rapf,0,False,0,0,0,448.0,0,0,10,10,C,5148,0.4658385093167702,True,0.5558342779977465
0,51.808892557288786,519,4,,0.43576230510614067,0.11131780199957575,rapf,8,False,4,0,8,1285.0,8,8,28,28,C,5149,0.4968944099378882,True,1.3804408140013038
0,41.00000000000021,410,1,,0.4005530868998672,0.09198130000004312,rapf,2,False,1,0,2,568.0,2,2,16,16,C,5150,0.4658385093167702,True,1.0163138179987072
1,74.39197231434237,748,13,,0.4627176088711394,0.12995925999985047,rapf,26,False,13,0,26,1014.0,26,26,37,37,C,5151,0.36024844720496896,True,1.9988730579980256
0,44.50000000000012,445,1,,0.49555481476597957,0.08354801099994802,rapf,2,False,1,0,2,941.0,2,2,25,25,C,5152,0.45962732919254656,True,1.3715215339998394
2,41.44978249132563,415,1,,0.4372358814039718,0.08025861500027531,rapf,2,False,1,0,2,219.0,2,2,7,7,C,5153,0.4472049689440994,True,0.33634302399877924
13,51.75165435522575,519,4,,0.48681784706541653,0.0926896470000429,rapf,8,False,4,0,8,1202.0,8,8,35,35,C,5154,0.453416149068323,True,2.0733849810012543
0,39.60000000000015,396,1,,0.43953317754323695,0.08620008500020049,rapf,2,False,1,0,2,511.0,2,2,16,16,C,5155,0.4658385093167702,True,1.018713011001637
6,52.36888578711201,526,5,,0.4973929459041745,0.07922754599985637,rapf,10,False,5,0,10,1049.0,10,10,37,37,C,5156,0.43478260869565216,True,2.1488239899999826
0,41.90000000000007,419,1,,0.4043914021805145,0.068968421000136,rapf,2,False,1,0,2,437.0,2,2,11,11,C,5157,0.38509316770186336,True,0.39536849400155916
4,99.26603187868909,1000,27,max_steps,5.801236203816759,0.22667082600037247,rapf,54,False,27,0,54,1944.0,54,54,67,67,C,5158,0.5279503105590062,False,6.86333057900174
1,41.30000000000016,413,1,,0.4236269762725677,0.07320293200064043,rapf,2,False,1,0,2,441.0,2,2,13,13,C,5159,0.4409937888198758,True,0.6834050790002948
0,98.66614423048233,1000,35,max_steps,24.68696934471022,0.34780912999940483,rapf,68,False,35,0,68,737.0,68,68,51,51,C,5160,0.4161490683229814,False,3.201617495994469
8,40.30000000000015,403,0,,0.4375335298069027,0.07261785699938628,rapf,0,False,0,0,0,916.0,0,0,21,21,C,5161,0.43478260869565216,True,1.0276282730001185
11,76.9138880878985,774,13,,0.4326786740958159,0.17268410599990602,rapf,26,False,13,0,26,992.0,26,26,34,34,C,5162,0.4472049689440994,True,1.3666115539981547
3,51.6993002441909,519,5,,0.46589949180289303,0.09936124900013965,rapf,10,False,5,0,10,603.0,10,10,21,21,C,5163,0.484472049689441,True,1.0843864919970656
0,38.89999999999985,389,1,,0.4064835872873261,0.05263283800013596,rapf,2,False,1,0,2,554.0,2,2,12,12,C,5164,0.33540372670807456,True,0.25065217399969697
3,44.005366216115604,441,2,,0.41020703068107545,0.06742893899991032,rapf,4,False,2,0,4,601.0,4,4,17,17,C,5165,0.4161490683229814,True,0.6951039189998482
4,41.30000000000021,413,1,,0.40310552053439414,0.07338598000023921,rapf,2,False,1,0,2,828.0,2,2,23,23,C,5166,0.422360248447205,True,1.1010340030015868
8,40.943384762942216,410,1,,0.44937260322253775,0.07678579200000968,rapf,2,False,1,0,2,661.0,2,2,20,20,C,5167,0.45962732919254656,True,1.090695655001582
0,96.45003862075862,1000,57,max_steps,27.45005381892766,0.5125692139999956,rapf,114,False,35,0,114,1060.0,114,114,78,78,C,5168,0.39751552795031053,False,7.490391030007231
0,38.00000000000004,380,0,,0.40655442274525433,0.051598093999928096,rapf,0,False,0,0,0,289.0,0,0,8,8,C,5169,0.3105590062111801,True,0.26854199599802087
0,70.95786977959072,713,12,,0.40367004315747,0.16399751200060564,rapf,24,False,12,0,24,752.0,24,24,31,31,C,5170,0.5093167701863354,True,2.0501393830008965
3,38.500000000000036,385,0,,0.4089993997133321,0.06504107799992198,rapf,0,False,0,0,0,545.0,0,0,13,13,C,5171,0.391304347826087,True,0.46504328200171585
0,36.400000000000105,364,0,,0.40024395033783555,0.07612528300069243,rapf,0,False,0,0,0,752.0,0,0,17,17,C,5172,0.4409937888198758,True,0.8274663620004503
0,51.9221447709047,521,6,,0.40322950643303684,0.08854627799973969,rapf,12,False,6,0,12,1452.0,12,12,41,41,C,5173,0.4472049689440994,True,1.9558929270033332
4,47.64261535395,477,2,,0.42677574993488354,0.07752274499944178,rapf,4,False,2,0,4,2300.0,4,4,60,60,C,5174,0.453416149068323,True,3.287921462995655
0,42.70000000000025,427,1,,0.4326680110539467,0.06634543200016196,rapf,2,False,1,0,2,477.0,2,2,12,12,C,5175,0.34782608695652173,True,0.44185699300214765
1,75.90533805719488,763,14,,0.4502317147998168,0.20637589900070452,rapf,28,False,14,0,28,1205.0,28,28,44,44,C,5176,0.43478260869565216,True,3.14588009200088
0,43.198182531942706,433,2,,0.46339099753798396,0.06124831799934327,rapf,4,False,2,0,4,400.0,4,4,12,12,C,5177,0.391304347826087,True,0.41220545299984224
0,38.100000000000215,381,0,,0.46960268949922607,0.07599829999981011,rapf,0,False,0,0,0,334.0,0,0,10,10,C,5178,0.37267080745341613,True,0.5224752559997796
4,44.61118045835733,447,2,,0.4825952539398712,0.07844110200039722,rapf,4,False,2,0,4,584.0,4,4,14,14,C,5179,0.40993788819875776,True,0.5359210890010218
0,53.85115899759875,540,5,,0.41669361092375523,0.09501936399919941,rapf,10,False,5,0,10,699.0,10,10,22,22,C,5180,0.40372670807453415,True,1.0867510450016198
0,52.46381871505295,527,6,,0.41318011471315774,0.1116798650000419,rapf,12,False,6,0,12,544.0,12,12,22,22,C,5181,0.4968944099378882,True,1.152074817000539
10,51.08500089983771,512,4,,0.43219518901364584,0.08527971300009085,rapf,8,False,4,0,8,510.0,8,8,23,23,C,5182,0.45962732919254656,True,1.2128749510020498
0,37.50000000000006,375,0,,0.4702394988054903,0.06975027400039835,rapf,0,False,0,0,0,757.0,0,0,19,19,C,5183,0.37267080745341613,True,0.8779349199985518
