collision_count,executed_path_length,execution_steps,failed_planner_calls,failure_reason,final_goal_distance,maximum_planning_time_s,planner,planner_artificial_obstacles_inserted,planner_backtrack_failed,planner_backtrack_tries,planner_blocked_steps,planner_max_active_virtual_obstacles,planner_path_reuse_ratio,planner_planning_effort,planner_recovery_events,planner_repair_events,planner_selection_changes_due_to_midpoint_checking,planner_unique_midpoint_rejections,planner_virtual_obstacles_created,planning_calls,replans,scenario,seed,sensed_obstacle_ratio,success,total_planning_time_s
0,37.69999999999998,377,0,,0.45191682081931944,0.07742518899976858,r2apf,0,False,0,0,0,,158.0,0,0,0,2,0,3,3,A,5000,0.4375,True,0.09672796599988942
0,41.00000000000012,410,0,,0.429794120959644,0.14582367500042892,r2apf,0,False,0,0,0,,404.0,0,0,4,17,0,10,10,A,5001,0.6125,True,0.8193362940028237
0,37.30000000000023,373,0,,0.4915906083443214,0.10228092899978947,r2apf,1,False,0,0,1,0.2,235.0,1,1,1,5,1,6,6,A,5002,0.475,True,0.4471590040002411
0,45.95076008046995,460,2,,0.40105267804900646,0.1217720949998693,r2apf,3,False,2,0,3,0.14285714285714285,490.0,3,1,7,21,3,14,14,A,5003,0.4875,True,1.0880132219990628
0,40.50000000000004,405,0,,0.4385604198322339,0.10818719500002771,r2apf,0,False,0,0,0,,430.0,0,0,1,9,0,9,9,A,5004,0.45,True,0.5203975249987707
0,43.50000000000004,435,1,,0.4422973278106106,0.14889532799952576,r2apf,3,False,1,0,3,0.25,612.0,3,2,11,22,3,15,15,A,5005,0.6,True,1.4087276469999779
0,38.40000000000014,384,0,,0.4170820891787466,0.0832825799998318,r2apf,0,False,0,0,0,,349.0,0,0,2,9,0,9,9,A,5006,0.4875,True,0.4584401139991314
0,37.90000000000013,379,0,,0.4046344996155132,0.08638220700049715,r2apf,0,False,0,0,0,,276.0,0,0,1,2,0,7,7,A,5007,0.3875,True,0.3392576629994437
0,38.60000000000013,386,0,,0.4788882735190471,0.14859256799991272,r2apf,4,False,0,0,4,0.23363095238095238,343.0,4,4,4,6,4,7,7,A,5008,0.3375,True,0.5308737539990034
0,38.40000000000012,384,0,,0.48907816042004654,0.10070647500015184,r2apf,1,False,0,0,1,0.16666666666666666,339.0,1,1,1,4,1,7,7,A,5009,0.425,True,0.4107412059984199
0,39.70000000000023,397,0,,0.41556886418984335,0.10700059099963255,r2apf,1,False,0,0,1,0.3333333333333333,201.0,1,1,3,6,1,5,5,A,5010,0.3625,True,0.3184018259998993
0,37.40000000000016,374,0,,0.4557711351735269,0.3147442609997597,r2apf,0,False,0,0,0,,181.0,0,0,1,3,0,4,4,A,5011,0.425,True,0.4976345069999297
0,35.500000000000156,355,0,,0.4425618572145524,0.07576205399982427,r2apf,0,False,0,0,0,,342.0,0,0,2,6,0,7,7,A,5012,0.45,True,0.26429366800039134
0,36.30000000000009,363,0,,0.46247129799335623,0.09145794400046725,r2apf,1,False,0,0,1,0.16666666666666666,314.0,1,1,3,6,1,7,7,A,5013,0.45,True,0.39448707300198294
0,43.4010295905499,435,2,,0.44933050355963294,0.15901417499935633,r2apf,5,False,2,0,5,0.17777777777777778,502.0,5,3,5,12,5,14,14,A,5014,0.475,True,1.1604433109996535
0,38.6000000000002,386,0,,0.40842729258139365,0.06750491300044814,r2apf,0,False,0,0,0,,163.0,0,0,1,1,0,3,3,A,5015,0.3875,True,0.0942475480005669
0,35.800000000000004,358,0,,0.4469772175192215,0.09926428900052997,r2apf,0,False,0,0,0,,372.0,0,0,3,12,0,9,9,A,5016,0.425,True,0.668156423000255
0,38.600000000000136,386,0,,0.4732508343924627,0.13742965500023274,r2apf,2,False,0,0,2,0.3333333333333333,301.0,2,2,4,14,2,8,8,A,5017,0.5875,True,0.6753149870000925
0,51.49428394722482,517,5,,0.43272508763754347,0.15752805700049066,r2apf,10,False,5,0,10,0.2733333333333333,356.0,10,5,6,11,10,13,13,A,5018,0.45,True,0.8130577759993685
0,38.300000000000075,383,0,,0.4151867685448397,0.13391854600013176,r2apf,2,False,0,0,2,0.18333333333333335,307.0,2,2,4,7,2,7,7,A,5019,0.5375,True,0.526203730000816
0,38.40000000000003,384,0,,0.43108524144235416,0.09608973199920001,r2apf,0,False,0,0,0,,304.0,0,0,2,8,0,8,8,A,5020,0.3875,True,0.4188931759981642
0,37.200000000000124,372,0,,0.4372751178296485,0.09671335599978192,r2apf,0,False,0,0,0,,255.0,0,0,3,5,0,6,6,A,5021,0.475,True,0.3080486899980315
0,37.39999999999994,374,0,,0.4561366765439804,0.07162719499956438,r2apf,0,False,0,0,0,,289.0,0,0,2,5,0,6,6,A,5022,0.475,True,0.2520732089997182
0,36.40000000000002,364,0,,0.4896832798135636,0.09146163900004467,r2apf,0,False,0,0,0,,338.0,0,0,3,11,0,8,8,A,5023,0.4625,True,0.4651988120003807
0,36.900000000000055,369,0,,0.4830708388860675,0.0906689590001406,r2apf,0,False,0,0,0,,253.0,0,0,0,3,0,6,6,A,5024,0.45,True,0.43947471500086976
0,37.10000000000004,371,0,,0.4504853310995102,0.10455559300044115,r2apf,0,False,0,0,0,,236.0,0,0,3,7,0,6,6,A,5025,0.4875,True,0.4400155770008496
0,40.80000000000023,408,0,,0.48482705989093283,0.12432623600034276,r2apf,3,False,0,0,3,0.2222222222222222,365.0,3,3,2,3,3,8,8,A,5026,0.45,True,0.573105266001221
0,38.50000000000006,385,0,,0.49634837661228903,0.07437871299953258,r2apf,0,False,0,0,0,,365.0,0,0,3,10,0,9,9,A,5027,0.45,True,0.4542914869989545
0,36.4,364,0,,0.4350953775490355,0.07490712999970128,r2apf,0,False,0,0,0,,306.0,0,0,2,9,0,8,8,A,5028,0.4,True,0.3799345139977959
0,44.64840793644811,448,2,,0.49182110104353327,0.11966124600076,r2apf,4,False,2,0,4,0.18333333333333335,506.0,4,2,6,21,4,16,16,A,5029,0.575,True,1.1928409050033224
0,39.000000000000156,390,0,,0.4681500462396391,0.11689613500038831,r2apf,0,False,0,0,0,,462.0,0,0,5,12,0,10,10,A,5030,0.5375,True,0.7075019170006271
0,37.20000000000014,372,0,,0.47055734066536276,0.09031154100011918,r2apf,0,False,0,0,0,,396.0,0,0,3,16,0,11,11,A,5031,0.4375,True,0.739223292999668
0,37.30000000000008,373,0,,0.4374114135385597,0.10671959700084699,r2apf,0,False,0,0,0,,318.0,0,0,4,6,0,8,8,A,5032,0.4875,True,0.4902238250006121
0,40.166521660883966,402,1,,0.4422903679830753,0.11513667700000951,r2apf,3,False,1,0,3,0.25,367.0,3,2,6,17,3,9,9,A,5033,0.4875,True,0.5257953030004501
0,39.50000000000011,395,0,,0.4806009910522235,0.10151916199993138,r2apf,1,False,0,0,1,0.2,303.0,1,1,2,3,1,6,6,A,5034,0.5,True,0.33759158099928754
0,37.30000000000003,373,0,,0.4965545445158721,0.07281476400021347,r2apf,0,False,0,0,0,,244.0,0,0,3,6,0,6,6,A,5035,0.4375,True,0.29847683099887945
0,36.80000000000018,368,0,,0.4892699924474919,0.09451862900004926,r2apf,1,False,0,0,1,0.16666666666666666,466.0,1,1,3,22,1,11,11,A,5036,0.4625,True,0.7376182300004075
0,44.50000000000017,445,1,,0.44841486414463816,0.11480686899994907,r2apf,3,False,1,0,3,0.25,563.0,3,2,1,8,3,15,15,A,5037,0.45,True,1.0352516389984885
0,36.80000000000007,368,0,,0.4041397969329355,0.08899849899989931,r2apf,0,False,0,0,0,,344.0,0,0,0,0,0,7,7,A,5038,0.35,True,0.3204776150005273
0,42.40000000000013,424,1,,0.4066382782700483,0.1250991589995465,r2apf,3,False,1,0,3,0.25,421.0,3,2,4,21,3,11,11,A,5039,0.4625,True,0.7421040239987633
0,37.600000000000065,376,0,,0.487586940294303,0.08707168899945827,r2apf,0,False,0,0,0,,283.0,0,0,1,6,0,7,7,A,5040,0.475,True,0.36204305199953524
0,44.01673916955837,441,1,,0.40893554916497016,0.09786440399966523,r2apf,2,False,1,0,2,0.3333333333333333,408.0,2,1,3,8,2,11,11,A,5041,0.4125,True,0.6460616730000766
0,38.50000000000013,385,0,,0.4514329411246657,0.09332474300026661,r2apf,1,False,0,0,1,0.3333333333333333,271.0,1,1,1,5,1,6,6,A,5042,0.4375,True,0.3435992980012088
0,38.600000000000136,386,0,,0.4583018841339555,0.11558576199968229,r2apf,1,False,0,0,1,0.14285714285714285,611.0,1,1,4,23,1,14,14,A,5043,0.475,True,0.8741842150011507
0,36.700000000000124,367,0,,0.44540045874742956,0.09107742400010466,r2apf,0,False,0,0,0,,252.0,0,0,1,2,0,6,6,A,5044,0.45,True,0.2817983240011017
0,43.60000000000018,436,1,,0.4414618574045401,0.1301123680004821,r2apf,3,False,1,0,3,0.15476190476190477,496.0,3,2,3,12,3,12,12,A,5045,0.4625,True,0.9244601479995254
0,42.199999999999974,422,1,,0.48003624293705227,0.08871662799992919,r2apf,2,False,1,0,2,0.16666666666666666,267.0,2,1,4,7,2,8,8,A,5046,0.4,True,0.471233846999894
0,41.60000000000023,416,1,,0.4066565496077976,0.09207618299933529,r2apf,1,False,1,0,1,,392.0,1,0,7,15,1,10,10,A,5047,0.475,True,0.5591065230000822
0,41.40000000000012,414,1,,0.4713313794554031,0.11845847699987644,r2apf,2,False,1,0,2,0.16666666666666666,332.0,2,1,3,12,2,9,9,A,5048,0.4875,True,0.5579661859965199
0,69.17319275533048,694,10,,0.47400784673916374,0.26037924899992504,r2apf,23,False,10,0,23,0.27871017871017867,613.0,23,13,7,32,23,23,23,A,5049,0.4625,True,1.8145117650010434
0,61.96137804978504,623,9,,0.4345670731689978,0.3223888669999724,r2apf,17,False,9,0,17,0.4329906204906205,599.0,17,8,6,12,17,22,22,A,5050,0.5875,True,1.9785135089987307
0,42.200000000000216,422,1,,0.4113300533810793,0.11510935699971014,r2apf,5,False,1,0,5,0.2579365079365079,315.0,5,4,1,2,5,8,8,A,5051,0.375,True,0.5009780689997569
0,42.5000000000002,425,1,,0.43913095275218156,0.1302868809998472,r2apf,3,False,1,0,3,0.25,774.0,3,2,7,19,3,19,19,A,5052,0.5375,True,1.3950321690008423
0,38.20000000000018,382,0,,0.4503156846042617,0.07711345699954109,r2apf,0,False,0,0,0,,222.0,0,0,1,4,0,6,6,A,5053,0.4125,True,0.3723954849983784
0,39.70000000000018,397,0,,0.4608018995703793,0.08775092699943343,r2apf,2,False,0,0,2,0.16666666666666666,482.0,2,2,2,9,2,11,11,A,5054,0.4375,True,0.6042910799988022
0,36.70000000000007,367,0,,0.479943169231122,0.09323746199970628,r2apf,0,False,0,0,0,,254.0,0,0,0,1,0,5,5,A,5055,0.4125,True,0.21944947700012563
0,37.90000000000013,379,0,,0.47343740555371766,0.07607590099996742,r2apf,0,False,0,0,0,,286.0,0,0,3,6,0,6,6,A,5056,0.3875,True,0.2920031370003926
0,49.139269040931865,493,3,,0.4778200127404653,0.14242898199972842,r2apf,7,False,3,0,7,0.3666666666666667,512.0,7,4,4,7,7,14,14,A,5057,0.5,True,1.0558605579990399
0,43.20000000000014,432,1,,0.4244747734184613,0.127342968999983,r2apf,5,False,1,0,5,0.21309523809523812,350.0,5,4,2,6,5,10,10,A,5058,0.5,True,0.7943932750004024
0,44.072627232350314,441,2,,0.431537585854602,0.12717527099994186,r2apf,3,False,2,0,3,0.5333333333333333,355.0,3,1,1,3,3,10,10,A,5059,0.4125,True,0.44635678899976483
0,40.700000000000166,407,0,,0.44485287018521813,0.12246842199965613,r2apf,2,False,0,0,2,0.23809523809523808,490.0,2,2,2,15,2,11,11,A,5060,0.475,True,0.6982026180003231
0,37.50000000000012,375,0,,0.4582983371427945,0.0789243589997568,r2apf,0,False,0,0,0,,149.0,0,0,0,1,0,4,4,A,5061,0.4375,True,0.20181018899893388
0,36.20000000000023,362,0,,0.4985256739791557,0.0741792839999107,r2apf,0,False,0,0,0,,122.0,0,0,4,8,0,4,4,A,5062,0.425,True,0.2139874670001518
0,39.90000000000009,399,0,,0.46248619544109976,0.08609386700027244,r2apf,1,False,0,0,1,0.2857142857142857,450.0,1,1,5,13,1,11,11,A,5063,0.3125,True,0.5559924839990344
0,38.400000000000205,384,0,,0.47961201697032124,0.09456395100005466,r2apf,1,False,0,0,1,0.16666666666666666,213.0,1,1,2,5,1,5,5,A,5064,0.375,True,0.31137997299993003
0,36.60000000000005,366,0,,0.49247547402013714,0.09168923099969106,r2apf,0,False,0,0,0,,223.0,0,0,2,4,0,7,7,A,5065,0.45,True,0.46956565500022407
0,36.89999999999997,369,0,,0.47483051186681025,0.07148372099982225,r2apf,0,False,0,0,0,,215.0,0,0,0,0,0,5,5,A,5066,0.4125,True,0.26537044599899673
0,36.40000000000018,364,0,,0.41733688694686044,0.08238807399993675,r2apf,0,False,0,0,0,,331.0,0,0,1,6,0,8,8,A,5067,0.45,True,0.41727221200108033
0,42.20000000000008,422,1,,0.40692231348791363,0.12453545900007157,r2apf,1,False,1,0,1,,374.0,1,0,5,8,1,9,9,A,5068,0.525,True,0.4928873870012467
0,38.60000000000005,386,0,,0.4826316650017366,0.07510396199995739,r2apf,0,False,0,0,0,,210.0,0,0,1,2,0,5,5,A,5069,0.3875,True,0.23493442600010894
0,43.1309243885899,432,1,,0.45647817476939645,0.1676657529997101,r2apf,4,False,1,0,4,0.1984126984126984,369.0,4,3,4,7,4,9,9,A,5070,0.6,True,0.7271337249985663
0,40.98326083044189,410,1,,0.42357260722465445,0.09877145400059817,r2apf,3,False,1,0,3,0.26666666666666666,301.0,3,2,2,4,3,7,7,A,5071,0.425,True,0.37479076600084227
0,37.20000000000017,372,0,,0.4569434866557134,0.0967348200001652,r2apf,0,False,0,0,0,,363.0,0,0,3,12,0,8,8,A,5072,0.475,True,0.5000283310000668
0,40.20000000000004,402,0,,0.48745675475215816,0.11619316100041033,r2apf,1,False,0,0,1,0.3333333333333333,316.0,1,1,0,7,1,7,7,A,5073,0.575,True,0.47840657500000816
0,39.10000000000013,391,0,,0.4626081646581883,0.12402508000013768,r2apf,1,False,0,0,1,0.14285714285714285,500.0,1,1,4,10,1,12,12,A,5074,0.5625,True,0.8563874330011458
0,40.9665216608838,410,1,,0.42156116521309167,0.10613806800029124,r2apf,3,False,1,0,3,0.3333333333333333,448.0,3,2,2,11,3,12,12,A,5075,0.4375,True,0.8162492690007639
0,35.70000000000007,357,0,,0.40805571053014705,0.10221721600009914,r2apf,0,False,0,0,0,,340.0,0,0,1,5,0,8,8,A,5076,0.475,True,0.49508980800146674
0,46.59008002092017,467,3,,0.42443221209927107,0.1403248579999854,r2apf,7,False,3,0,7,0.20833333333333331,272.0,7,4,3,9,7,9,9,A,5077,0.375,True,0.5679015299974708
0,48.900000000000084,489,2,,0.4076125543647728,0.1325087609993716,r2apf,5,False,2,0,5,0.20634920634920637,437.0,5,3,1,7,5,11,11,A,5078,0.4,True,0.5786609619990486
0,37.400000000000084,374,0,,0.4737556709035742,0.10409983299996384,r2apf,0,False,0,0,0,,533.0,0,0,3,19,0,14,14,A,5079,0.4875,True,1.0542267419987184
0,38.80000000000015,388,0,,0.4967788534948201,0.11229641299996729,r2apf,1,False,0,0,1,0.2,538.0,1,1,4,16,1,12,12,A,5080,0.45,True,0.8210042710006746
0,49.778978886717404,498,3,,0.473742024038345,0.15895607299989933,r2apf,9,False,3,0,9,0.3153439153439153,436.0,9,6,4,16,9,13,13,A,5081,0.475,True,0.8695462339992446
0,37.40000000000017,374,0,,0.44500515943246716,0.08670421399983752,r2apf,0,False,0,0,0,,259.0,0,0,3,8,0,7,7,A,5082,0.5,True,0.3933917720005411
0,36.20000000000013,362,0,,0.4718053948651886,0.0729379179992975,r2apf,0,False,0,0,0,,231.0,0,0,1,1,0,6,6,A,5083,0.3625,True,0.27891835699938383
0,36.40000000000009,364,0,,0.4902184756224126,0.11231414499980019,r2apf,0,False,0,0,0,,197.0,0,0,0,1,0,4,4,A,5084,0.5,True,0.2246382960001938
0,51.22687179141547,515,4,,0.4857773853884532,0.15958102300010069,r2apf,7,False,4,0,7,0.2253968253968254,542.0,7,3,7,13,7,17,17,A,5085,0.55,True,1.1428656259995478
0,52.74303413808071,528,4,,0.40333429791216874,0.20742225799949665,r2apf,13,False,4,0,13,0.2712962962962963,540.0,13,9,8,18,13,16,16,A,5086,0.55,True,1.278442073999031
0,45.40000000000018,454,2,,0.499074463485766,0.10938966300000175,r2apf,4,False,2,0,4,0.16666666666666666,337.0,4,2,1,11,4,11,11,A,5087,0.4375,True,0.6619853629981662
0,42.60000000000023,426,1,,0.4664592540354774,0.07718597599978239,r2apf,1,False,1,0,1,,471.0,1,0,7,15,1,14,14,A,5088,0.375,True,0.6837919479976335
0,38.20000000000004,382,0,,0.4298246148882627,0.08461635200001183,r2apf,0,False,0,0,0,,343.0,0,0,0,7,0,8,8,A,5089,0.425,True,0.4201069490009104
0,38.00000000000013,380,0,,0.45978721323776034,0.07135660600033589,r2apf,0,False,0,0,0,,140.0,0,0,0,0,0,3,3,A,5090,0.4375,True,0.13033132000055048
0,38.50000000000008,385,0,,0.49242746539115906,0.09210222300043824,r2apf,0,False,0,0,0,,425.0,0,0,3,12,0,11,11,A,5091,0.4625,True,0.6265111970014914
0,37.8,378,0,,0.4746694244451683,0.0793399229996794,r2apf,0,False,0,0,0,,221.0,0,0,1,2,0,5,5,A,5092,0.4375,True,0.249587750999126
0,37.50000000000004,375,0,,0.4128568576181831,0.08616823200009094,r2apf,0,False,0,0,0,,282.0,0,0,2,7,0,7,7,A,5093,0.4625,True,0.41868543900000077
0,38.80000000000012,388,0,,0.4073909168730174,0.09527671999967424,r2apf,0,False,0,0,0,,261.0,0,0,0,1,0,6,6,A,5094,0.4125,True,0.3944273119996069
0,42.710488446625064,428,2,,0.43354803634847133,0.08019238900033088,r2apf,4,False,2,0,4,0.26666666666666666,268.0,4,2,2,8,4,8,8,A,5095,0.4125,True,0.29733483099971636
0,37.300000000000026,373,0,,0.4074875476414639,0.10691322700040473,r2apf,0,False,0,0,0,,352.0,0,0,3,11,0,8,8,A,5096,0.5125,True,0.4785086820002107
0,37.40000000000004,374,0,,0.45737105379771825,0.12197112000012567,r2apf,1,False,0,0,1,0.3333333333333333,362.0,1,1,2,5,1,8,8,A,5097,0.4125,True,0.531043591998241
0,38.40000000000018,384,0,,0.4988458843833928,0.09133189799922548,r2apf,1,False,0,0,1,0.16666666666666666,478.0,1,1,5,15,1,11,11,A,5098,0.475,True,0.6795620639995832
0,42.18326083044207,422,1,,0.4716016167434944,0.1953609250003865,r2apf,5,False,1,0,5,0.31031746031746027,368.0,5,4,2,8,5,9,9,A,5099,0.5625,True,0.7444783000019015
0,41.20000000000022,412,1,,0.41423546915185944,0.12715034499979083,r2apf,2,False,1,0,2,0.3333333333333333,352.0,2,1,2,10,2,9,9,A,5100,0.55,True,0.6478162429993972
0,36.90000000000017,369,0,,0.41654654124512863,0.06650404300035007,r2apf,0,False,0,0,0,,207.0,0,0,1,4,0,6,6,A,5101,0.4625,True,0.2892639940009758
0,36.300000000000125,363,0,,0.4609707814087885,0.061241809999955876,r2apf,0,False,0,0,0,,125.0,0,0,0,3,0,3,3,A,5102,0.325,True,0.11634989100002713
0,37.300000000000054,373,0,,0.4142999980566452,0.08864565699968807,r2apf,0,False,0,0,0,,382.0,0,0,3,9,0,8,8,A,5103,0.4875,True,0.4065589359988735
0,35.90000000000007,359,0,,0.49278173583603135,0.0790789209995637,r2apf,0,False,0,0,0,,309.0,0,0,0,3,0,7,7,A,5104,0.425,True,0.3334099220010103
0,37.29999999999998,373,0,,0.43132910905169103,0.10475211999983003,r2apf,0,False,0,0,0,,202.0,0,0,2,3,0,4,4,A,5105,0.5625,True,0.1578104150003128
0,36.79999999999999,368,0,,0.41276440414971227,0.07391767399985838,r2apf,0,False,0,0,0,,289.0,0,0,1,3,0,6,6,A,5106,0.3875,True,0.2581865329993889
0,38.50000000000001,385,0,,0.45462117669527324,0.07481474900032481,r2apf,1,False,0,0,1,0.2857142857142857,166.0,1,1,0,1,1,4,4,A,5107,0.4125,True,0.19804556799954298
0,38.99999999999998,390,0,,0.4513932875050188,0.06531179899957351,r2apf,1,False,0,0,1,0.3333333333333333,222.0,1,1,1,2,1,4,4,A,5108,0.3625,True,0.11560920499960048
0,49.30000000000025,493,2,,0.45017934633791523,0.16751347300032648,r2apf,7,False,2,0,7,0.2,535.0,7,5,7,20,7,15,15,A,5109,0.5,True,1.315680784999131
0,36.70000000000014,367,0,,0.44568073858335117,0.08700586599934468,r2apf,1,False,0,0,1,0.16666666666666666,319.0,1,1,0,2,1,7,7,A,5110,0.4375,True,0.41059814900017955
0,40.40000000000012,404,0,,0.481417516499453,0.1078023909994954,r2apf,1,False,0,0,1,0.3333333333333333,365.0,1,1,2,3,1,8,8,A,5111,0.475,True,0.5654183810001996
0,39.00000000000016,390,0,,0.481510267911613,0.08189007200053311,r2apf,1,False,0,0,1,0.3333333333333333,355.0,1,1,2,7,1,8,8,A,5112,0.4125,True,0.41797528699953546
0,38.300000000000054,383,0,,0.42153559699525933,0.07265071999972861,r2apf,0,False,0,0,0,,230.0,0,0,1,2,0,5,5,A,5113,0.425,True,0.1927448659998845
0,37.50000000000009,375,0,,0.46770322278079274,0.08617429100013396,r2apf,1,False,0,0,1,0.16666666666666666,185.0,1,1,0,2,1,5,5,A,5114,0.3875,True,0.261086116000115
0,42.79356353040333,428,2,,0.41573483691444757,0.1431402150001304,r2apf,4,False,2,0,4,0.22916666666666666,299.0,4,2,3,13,4,10,10,A,5115,0.5,True,0.7138535880003474
0,38.90000000000005,389,0,,0.4801148233959467,0.12151309299952118,r2apf,1,False,0,0,1,0.14285714285714285,521.0,1,1,4,13,1,12,12,A,5116,0.5,True,0.9062402029985606
0,37.70000000000009,377,0,,0.45158523405068496,0.08554167999955098,r2apf,0,False,0,0,0,,452.0,0,0,7,17,0,10,10,A,5117,0.4625,True,0.506423637001717
0,37.60000000000004,376,0,,0.4764325994580974,0.07925118900038797,r2apf,0,False,0,0,0,,450.0,0,0,5,16,0,11,11,A,5118,0.4375,True,0.6028934209989529
0,38.30000000000014,383,0,,0.4213286249464762,0.08067706499969063,r2apf,0,False,0,0,0,,338.0,0,0,1,3,0,8,8,A,5119,0.3875,True,0.39028534199951537
0,37.99999999999999,380,0,,0.4879815794098557,0.11497558799965191,r2apf,0,False,0,0,0,,255.0,0,0,0,0,0,6,6,A,5120,0.5125,True,0.46323687599942787
0,40.86652166088388,409,1,,0.4333787179463369,0.12051536200033297,r2apf,3,False,1,0,3,0.25,246.0,3,2,2,11,3,7,7,A,5121,0.425,True,0.43264873099906254
0,53.40941939349699,536,5,,0.4508289831842072,0.1311799670002074,r2apf,8,False,5,0,8,0.20555555555555557,382.0,8,3,6,14,8,15,15,A,5122,0.475,True,0.849535093000668
0,37.900000000000105,379,0,,0.41690025609507375,0.12748778899913304,r2apf,0,False,0,0,0,,339.0,0,0,2,10,0,9,9,A,5123,0.625,True,0.7556141690001823
0,38.7,387,0,,0.49087025736570783,0.10395494099975622,r2apf,0,False,0,0,0,,495.0,0,0,5,12,0,12,12,A,5124,0.5,True,0.8593681060001472
0,38.50000000000018,385,0,,0.4474889943117182,0.08781587599969498,r2apf,0,False,0,0,0,,403.0,0,0,4,10,0,9,9,A,5125,0.475,True,0.4540785280014461
0,37.500000000000234,375,0,,0.4660620662410499,0.056566832000498835,r2apf,0,False,0,0,0,,94.0,0,0,0,1,0,2,2,A,5126,0.2875,True,0.06300071800069418
0,40.000000000000085,400,0,,0.430085394116013,0.09903576000033354,r2apf,0,False,0,0,0,,481.0,0,0,4,9,0,12,12,A,5127,0.475,True,0.7791621350015703
0,46.51739852373672,466,3,,0.4577270110961888,0.1369903870008784,r2apf,4,False,3,0,4,0.3333333333333333,315.0,4,1,3,7,4,9,9,A,5128,0.4375,True,0.47211301300194464
0,38.90000000000021,389,0,,0.4078903468703039,0.10901028900025267,r2apf,1,False,0,0,1,0.14285714285714285,404.0,1,1,4,6,1,10,10,A,5129,0.4875,True,0.8372347859994989
0,37.500000000000085,375,0,,0.44166827834343847,0.09199176499987516,r2apf,0,False,0,0,0,,319.0,0,0,5,12,0,9,9,A,5130,0.5125,True,0.6110012029985228
0,39.10000000000002,391,0,,0.4752639963912697,0.11156207299973175,r2apf,1,False,0,0,1,0.25,553.0,1,1,4,9,1,13,13,A,5131,0.5,True,0.9259354750001876
0,51.00000000000025,510,4,,0.45461426721252957,0.11182204599936085,r2apf,6,False,4,0,6,0.3333333333333333,267.0,6,2,3,9,6,12,12,A,5132,0.45,True,0.810872916000335
0,41.10000000000015,411,1,,0.4681550276613835,0.13828536300025007,r2apf,4,False,1,0,4,0.273015873015873,308.0,4,3,5,11,4,9,9,A,5133,0.4,True,0.6059456709990627
0,36.4000000000001,364,0,,0.4661104918739982,0.07825605900052324,r2apf,0,False,0,0,0,,243.0,0,0,3,4,0,6,6,A,5134,0.4125,True,0.3159917770008178
0,39.30000000000009,393,0,,0.4486768624190531,0.11073909900005674,r2apf,0,False,0,0,0,,472.0,0,0,2,12,0,10,10,A,5135,0.5125,True,0.6191204059969095
0,36.10000000000003,361,0,,0.44777754153648025,0.08096133700018981,r2apf,0,False,0,0,0,,177.0,0,0,1,1,0,4,4,A,5136,0.4375,True,0.18770993299858674
0,35.80000000000004,358,0,,0.4502001724104237,0.09077693700055534,r2apf,0,False,0,0,0,,275.0,0,0,2,7,0,7,7,A,5137,0.425,True,0.4319923180000842
0,43.50000000000009,435,1,,0.47704528788538153,0.1078999629999089,r2apf,5,False,1,0,5,0.212797619047619,370.0,5,4,2,13,5,8,8,A,5138,0.3125,True,0.4809919839999566
0,43.98326083044206,440,1,,0.4015979971250528,0.14676128799965227,r2apf,5,False,1,0,5,0.33769841269841266,457.0,5,4,3,8,5,12,12,A,5139,0.5875,True,0.8879521229991951
0,43.30000000000015,433,1,,0.4016304355380936,0.1484741189997294,r2apf,4,False,1,0,4,0.273015873015873,433.0,4,3,4,11,4,11,11,A,5140,0.5125,True,0.8059898319979766
0,59.802971729709576,601,8,,0.47550309868619556,0.19628434700007347,r2apf,14,False,8,0,14,0.2063492063492063,548.0,14,6,6,12,14,19,19,A,5141,0.5625,True,1.221103516999392
0,37.20000000000008,372,0,,0.4881926740455987,0.09142666500065388,r2apf,1,False,0,0,1,0.3333333333333333,190.0,1,1,0,5,1,5,5,A,5142,0.4125,True,0.33261145199958264
0,37.70000000000011,377,0,,0.47187084386595063,0.11696048099929612,r2apf,2,False,0,0,2,0.25,312.0,2,2,0,1,2,8,8,A,5143,0.5125,True,0.6905778359996475
0,38.80000000000009,388,0,,0.42218637368740763,0.15134819400009292,r2apf,2,False,0,0,2,0.12878787878787878,571.0,2,2,10,18,2,14,14,A,5144,0.55,True,1.2937415330006843
0,40.600000000000115,406,1,,0.47357258921626477,0.09075200300048891,r2apf,1,False,1,0,1,,384.0,1,0,3,10,1,9,9,A,5145,0.425,True,0.4051773510000203
0,64.66516467383511,650,10,,0.40458652485933105,0.2801253039997391,r2apf,18,False,10,0,18,0.25029761904761905,569.0,18,8,6,16,18,21,21,A,5146,0.4875,True,1.3944828310004596
0,49.807261997530546,500,4,,0.4776967921687914,0.16502866200062272,r2apf,10,False,4,0,10,0.3111111111111111,504.0,10,6,3,11,10,14,14,A,5147,0.4625,True,1.0381053580022126
0,37.800000000000125,378,0,,0.48091843429328796,0.09385036200001196,r2apf,0,False,0,0,0,,305.0,0,0,1,4,0,7,7,A,5148,0.475,True,0.4067576140005258
0,44.64286583300835,447,2,,0.4010709947471915,0.13052294899989647,r2apf,5,False,2,0,5,0.16984126984126982,511.0,5,3,2,4,5,12,12,A,5149,0.45,True,0.7552547280010913
0,36.00000000000007,360,0,,0.4294099466278166,0.09395767000023625,r2apf,1,False,0,0,1,0.3333333333333333,300.0,1,1,2,8,1,7,7,A,5150,0.4125,True,0.43344382400027825
0,39.600000000000115,396,0,,0.4094172318231829,0.09782155199991394,r2apf,0,False,0,0,0,,281.0,0,0,2,6,0,8,8,A,5151,0.525,True,0.5931892729995525
0,37.70000000000011,377,0,,0.40503200234241526,0.09752431299966702,r2apf,0,False,0,0,0,,268.0,0,0,3,7,0,7,7,A,5152,0.425,True,0.44648236699958943
0,38.80000000000008,388,0,,0.4150406077447509,0.1073626699999295,r2apf,1,False,0,0,1,0.2,226.0,1,1,2,4,1,5,5,A,5153,0.5,True,0.25461999800063495
0,37.9000000000001,379,0,,0.4869558827466396,0.087047452000661,r2apf,0,False,0,0,0,,393.0,0,0,4,10,0,9,9,A,5154,0.4375,True,0.4579668579999634
0,36.600000000000136,366,0,,0.44080057024108427,0.10401651199936168,r2apf,0,False,0,0,0,,370.0,0,0,0,3,0,8,8,A,5155,0.4875,True,0.43265377299940155
0,38.80000000000007,388,0,,0.4771727391018142,0.09485637099987798,r2apf,0,False,0,0,0,,455.0,0,0,3,12,0,11,11,A,5156,0.45,True,0.6922009130003062
0,38.70000000000007,387,0,,0.4261838800160384,0.07200039999952423,r2apf,0,False,0,0,0,,239.0,0,0,2,5,0,5,5,A,5157,0.3625,True,0.23717817799752083
0,39.70000000000015,397,1,,0.45412083007663906,0.12331335300041246,r2apf,3,False,1,0,3,0.25,383.0,3,2,2,10,3,9,9,A,5158,0.5625,True,0.527743274000386
0,37.40000000000016,374,0,,0.496123878403861,0.079618974999903,r2apf,0,False,0,0,0,,141.0,0,0,0,0,0,3,3,A,5159,0.4375,True,0.15753392999977223
0,36.50000000000007,365,0,,0.4557137453252911,0.07084926799961977,r2apf,0,False,0,0,0,,261.0,0,0,1,3,0,5,5,A,5160,0.4125,True,0.12282786700052384
0,40.20000000000007,402,0,,0.4866848341756684,0.08348925700011023,r2apf,0,False,0,0,0,,429.0,0,0,6,14,0,10,10,A,5161,0.4,True,0.5786073460012631
0,39.800000000000104,398,0,,0.4349468486292471,0.09862286299994594,r2apf,1,False,0,0,1,0.16666666666666666,321.0,1,1,2,4,1,7,7,A,5162,0.35,True,0.32575725100014097
0,38.10000000000003,381,0,,0.42699297425723903,0.0860932599998705,r2apf,0,False,0,0,0,,303.0,0,0,4,10,0,8,8,A,5163,0.4,True,0.452458826000111
0,35.60000000000007,356,0,,0.47972167933050375,0.08815138400041178,r2apf,1,False,0,0,1,0.16666666666666666,222.0,1,1,1,3,1,5,5,A,5164,0.325,True,0.2614945629993599
0,42.300000000000274,423,1,,0.4124728032909353,0.10074984699986089,r2apf,3,False,1,0,3,0.16666666666666666,304.0,3,2,2,4,3,8,8,A,5165,0.4375,True,0.4113227799989545
0,37.80000000000014,378,0,,0.4796036522427808,0.08880310399945301,r2apf,0,False,0,0,0,,341.0,0,0,1,6,0,8,8,A,5166,0.425,True,0.45251080699927115
0,42.600000000000286,426,1,,0.4625132195208947,0.09221681300005002,r2apf,2,False,1,0,2,0.16666666666666666,445.0,2,1,4,8,2,11,11,A,5167,0.45,True,0.6025995279997005
0,39.400000000000006,394,0,,0.45196935091232915,0.10937083600038022,r2apf,1,False,0,0,1,0.2,598.0,1,1,3,18,1,13,13,A,5168,0.5,True,0.8633277340004497
0,37.39999999999981,374,0,,0.45277635000205,0.08515325500047766,r2apf,0,False,0,0,0,,182.0,0,0,2,6,0,4,4,A,5169,0.3625,True,0.2005219600005148
0,41.500000000000206,415,1,,0.4882707431115155,0.11094427399984852,r2apf,4,False,1,0,4,0.20634920634920637,254.0,4,3,2,3,4,6,6,A,5170,0.4625,True,0.3289396139998644
0,45.000000000000334,450,1,,0.45627412713007826,0.12315152700011822,r2apf,5,False,1,0,5,0.23452380952380952,365.0,5,4,1,2,5,9,9,A,5171,0.4625,True,0.556492038000215
0,39.10000000000007,391,0,,0.4000959703446858,0.15136203400015802,r2apf,1,False,0,0,1,0.16666666666666666,352.0,1,1,1,6,1,9,9,A,5172,0.55,True,0.7411205760017765
0,39.90000000000004,399,0,,0.4449475060540177,0.0934032200002548,r2apf,2,False,0,0,2,0.3333333333333333,277.0,2,2,2,6,2,6,6,A,5173,0.5,True,0.29363408600056573
0,50.96536054676589,510,3,,0.4669053486659799,0.15821611999945162,r2apf,10,False,3,0,10,0.2802721088435374,446.0,10,7,5,14,10,14,14,A,5174,0.5,True,0.9795693119986026
0,37.300000000000246,373,0,,0.4479710128108985,0.051071926999611605,r2apf,0,False,0,0,0,,232.0,0,0,0,3,0,4,4,A,5175,0.475,True,0.12015621999944415
0,62.373009753279995,627,8,,0.4295452758687809,0.2405917000005502,r2apf,20,False,8,0,20,0.2822420634920635,669.0,20,12,13,26,20,22,22,A,5176,0.55,True,1.7052305720017102
0,38.19999999999999,382,0,,0.4842183055154461,0.06274090900024021,r2apf,1,False,0,0,1,0.3333333333333333,198.0,1,1,1,4,1,4,4,A,5177,0.3875,True,0.13702879399988888
0,53.46271514007913,537,6,,0.445184234230692,0.28917963200001395,r2apf,23,False,6,0,23,0.317203548085901,378.0,23,17,7,15,23,15,15,A,5178,0.425,True,1.2905576620014472
0,44.8133973146353,449,2,,0.41812819676462976,0.10401848199944652,r2apf,5,False,2,0,5,0.24444444444444446,449.0,5,3,4,21,5,12,12,A,5179,0.375,True,0.7096325869988505
0,38.40000000000008,384,0,,0.4715318116183233,0.04350895500010665,r2apf,0,False,0,0,0,,226.0,0,0,1,3,0,4,4,A,5180,0.4625,True,0.09759907700026815
0,38.00000000000009,380,0,,0.41012637170850685,0.09602844099936192,r2apf,1,False,0,0,1,0.16666666666666666,222.0,1,1,0,3,1,6,6,A,5181,0.45,True,0.3896514179996302
0,40.400000000000084,404,0,,0.4034198417540439,0.0930271030001677,r2apf,0,False,0,0,0,,401.0,0,0,4,16,0,10,10,A,5182,0.4625,True,0.6616895990000558
0,58.92088928413713,592,8,,0.43672768169879367,0.2058272220001527,r2apf,16,False,8,0,16,0.3111111111111111,533.0,16,8,4,13,16,20,20,A,5183,0.4375,True,1.6477888000008534
0,44.60000000000017,446,1,,0.48374049718573864,0.14376334000007773,r2apf,6,False,1,0,6,0.292063492063492,447.0,6,5,2,7,6,11,11,A,5184,0.4125,True,0.7954482759996608
0,46.208766573166386,463,3,,0.4872873627505692,0.12909459599995898,r2apf,6,False,3,0,6,0.2619047619047619,402.0,6,3,2,12,6,12,12,A,5185,0.475,True,0.6329323489981107
0,37.79999999999995,378,0,,0.45957302010732537,0.013170696999623033,r2apf,0,False,0,0,0,,125.0,0,0,1,1,0,2,2,A,5186,0.3625,True,0.019456978999187413
0,36.40000000000011,364,0,,0.40064355949231156,0.06858481000017491,r2apf,0,False,0,0,0,,143.0,0,0,0,2,0,4,4,A,5187,0.3875,True,0.20687141199960024
0,36.80000000000006,368,0,,0.40713884195379874,0.08807186299964087,r2apf,0,False,0,0,0,,390.0,0,0,1,8,0,9,9,A,5188,0.45,True,0.4639006830002472
0,36.80000000000009,368,0,,0.43500360316636866,0.12644349600032,r2apf,0,False,0,0,0,,287.0,0,0,0,9,0,6,6,A,5189,0.5375,True,0.4004790110011527
0,38.60000000000003,386,0,,0.4235409210535786,0.07621624500006874,r2apf,0,False,0,0,0,,204.0,0,0,1,3,0,5,5,A,5190,0.375,True,0.2699187360003634
0,45.924159680659834,461,3,,0.4900523187687829,0.1160684010001205,r2apf,6,False,3,0,6,0.2222222222222222,366.0,6,3,0,4,6,12,12,A,5191,0.525,True,0.7229197039987412
0,40.500000000000085,405,0,,0.41535470655749784,0.1250393950003854,r2apf,2,False,0,0,2,0.2111111111111111,467.0,2,2,8,17,2,12,12,A,5192,0.425,True,0.6571679549997498
0,39.10000000000009,391,0,,0.4306209835266926,0.11824238899953343,r2apf,1,False,0,0,1,0.25,252.0,1,1,1,7,1,6,6,A,5193,0.475,True,0.39796380900043005
0,46.11692726912983,462,2,,0.4293116581438909,0.24450341900046624,r2apf,9,False,2,0,9,0.3522108843537414,399.0,9,7,3,8,9,10,10,A,5194,0.4875,True,0.8403565870012244
0,36.30000000000014,363,0,,0.4384476320445122,0.07829590900018957,r2apf,0,False,0,0,0,,328.0,0,0,0,7,0,7,7,A,5195,0.4125,True,0.3307105660014713
0,36.00000000000007,360,0,,0.49009861855529274,0.0809746199993242,r2apf,0,False,0,0,0,,353.0,0,0,0,2,0,8,8,A,5196,0.45,True,0.3755852939993929
0,51.95220361489128,520,4,,0.42923786874771874,0.17417674800071836,r2apf,11,False,4,0,11,0.2646258503401361,538.0,11,7,9,30,11,19,19,A,5197,0.5,True,1.3711696119999033
0,44.15353097725289,443,2,,0.4404694546906194,0.10048757700042188,r2apf,3,False,2,0,3,0.16666666666666666,223.0,3,1,4,8,3,7,7,A,5198,0.4375,True,0.31256219600072654
0,36.40000000000005,364,0,,0.48704835130573315,0.08836883599997236,r2apf,0,False,0,0,0,,248.0,0,0,1,3,0,6,6,A,5199,0.4625,True,0.3288455330011857
0,42.700000000000266,427,1,,0.49316731603852326,0.08713704999991023,r2apf,2,False,1,0,2,0.4444444444444444,395.0,2,1,3,5,2,9,9,A,5200,0.4,True,0.47017443499953515
0,39.40000000000016,394,0,,0.4727938311786647,0.10250406599971029,r2apf,1,False,0,0,1,0.3333333333333333,380.0,1,1,3,7,1,9,9,A,5201,0.4875,True,0.5099856909982918
0,54.377865004531074,545,5,,0.46849638945444755,0.17045800400046573,r2apf,9,False,5,0,9,0.2861111111111111,764.0,9,4,7,29,9,24,24,A,5202,0.6,True,1.9109111670022685
0,43.4000000000001,434,1,,0.40048789761537046,0.12027366799975425,r2apf,5,False,1,0,5,0.25,458.0,5,4,9,18,5,11,11,A,5203,0.475,True,0.8033009869996022
0,36.40000000000009,364,0,,0.4441095441604667,0.07644235899988416,r2apf,0,False,0,0,0,,197.0,0,0,1,5,0,4,4,A,5204,0.4125,True,0.13797979399987526
0,39.90000000000017,399,1,,0.4056054938444648,0.07923248000042804,r2apf,2,False,1,0,2,0.16666666666666666,241.0,2,1,3,8,2,6,6,A,5205,0.4625,True,0.21955907099891192
0,40.8000000000001,408,1,,0.46805295783822704,0.1192113139995854,r2apf,2,False,1,0,2,0.2,444.0,2,1,3,16,2,12,12,A,5206,0.4375,True,0.7535515319996193
0,36.60000000000007,366,0,,0.4898361231246939,0.11173494699960429,r2apf,1,False,0,0,1,0.3333333333333333,357.0,1,1,2,6,1,8,8,A,5207,0.4125,True,0.5684043929986728
0,34.79999999999994,348,0,,0.4797353940011295,0.0817832949996955,r2apf,0,False,0,0,0,,243.0,0,0,0,5,0,6,6,A,5208,0.4375,True,0.36286208199999237
0,37.30000000000011,373,0,,0.4375270121600616,0.07700916299927485,r2apf,0,False,0,0,0,,341.0,0,0,1,5,0,9,9,A,5209,0.4625,True,0.47119262799969874
0,37.40000000000002,374,0,,0.44366674845139914,0.0768927140006781,r2apf,0,False,0,0,0,,308.0,0,0,0,8,0,7,7,A,5210,0.475,True,0.3070435619993077
0,37.5000000000001,375,0,,0.4598979698272905,0.06727975699959643,r2apf,0,False,0,0,0,,217.0,0,0,1,2,0,5,5,A,5211,0.3625,True,0.19193543399887858
0,41.60000000000017,416,1,,0.4699909399315978,0.09764194899980794,r2apf,3,False,1,0,3,0.25,269.0,3,2,2,5,3,8,8,A,5212,0.425,True,0.48501977600062673
0,37.00000000000001,370,0,,0.47638762257488804,0.08104385700062267,r2apf,0,False,0,0,0,,339.0,0,0,3,14,0,9,9,A,5213,0.4125,True,0.5084594190020653
0,67.48824970933876,679,10,,0.48468370892018636,0.220993873000225,r2apf,16,False,10,0,16,0.3952711640211641,378.0,16,6,4,18,16,20,20,A,5214,0.5375,True,1.3981536179999239
0,38.70000000000011,387,0,,0.42367916385620313,0.08691552900017996,r2apf,0,False,0,0,0,,390.0,0,0,1,3,0,9,9,A,5215,0.4625,True,0.4525066149999475
0,41.70000000000017,417,1,,0.42735028396464353,0.1021541520003666,r2apf,2,False,1,0,2,0.3333333333333333,418.0,2,1,0,7,2,11,11,A,5216,0.45,True,0.6121007649990133
0,36.600000000000094,366,0,,0.40992511671393395,0.08938766199935344,r2apf,0,False,0,0,0,,265.0,0,0,1,2,0,7,7,A,5217,0.475,True,0.45539731299959385
0,40.0000000000001,400,0,,0.444938136441899,0.09840870999960316,r2apf,1,False,0,0,1,0.3333333333333333,251.0,1,1,4,8,1,7,7,A,5218,0.45,True,0.4967173509994609
0,37.30000000000005,373,0,,0.41848933069354094,0.08521800300059112,r2apf,0,False,0,0,0,,327.0,0,0,1,2,0,7,7,A,5219,0.3625,True,0.3472679179994884
0,41.00000000000018,410,1,,0.49757368472965324,0.10444891699989967,r2apf,1,False,1,0,1,,365.0,1,0,4,11,1,10,10,A,5220,0.5375,True,0.6759427689994482
0,42.50000000000005,425,1,,0.42654602039160877,0.0906709500004581,r2apf,2,False,1,0,2,0.16666666666666666,234.0,2,1,1,4,2,6,6,A,5221,0.525,True,0.24184507800055144
0,44.13922577570997,442,2,,0.4395799877202902,0.10379844599992794,r2apf,4,False,2,0,4,0.18333333333333335,266.0,4,2,1,2,4,7,7,A,5222,0.4,True,0.29459311599930516
0,39.400000000000155,394,0,,0.4702294382437269,0.0841133420008191,r2apf,0,False,0,0,0,,287.0,0,0,1,4,0,7,7,A,5223,0.45,True,0.3880772740021712
0,38.80000000000013,388,0,,0.4491908464702476,0.08089006999944104,r2apf,0,False,0,0,0,,234.0,0,0,2,6,0,6,6,A,5224,0.4375,True,0.31290278300002683
0,37.00000000000005,370,0,,0.40703532584157187,0.07917151499987085,r2apf,0,False,0,0,0,,270.0,0,0,3,10,0,7,7,A,5225,0.3625,True,0.3863368310012447
0,39.00000000000006,390,0,,0.4276999399107251,0.09332121300030849,r2apf,0,False,0,0,0,,327.0,0,0,1,8,0,8,8,A,5226,0.5,True,0.48479558000144607
0,41.10000000000016,411,1,,0.45222492215166943,0.11064410699964355,r2apf,3,False,1,0,3,0.26666666666666666,369.0,3,2,4,6,3,9,9,A,5227,0.45,True,0.555323857998701
0,52.20343769293224,524,4,,0.47201375885823216,0.14076496599955135,r2apf,9,False,4,0,9,0.25666666666666665,421.0,9,5,4,8,9,13,13,A,5228,0.4625,True,0.9280053269994823
0,38.20000000000013,382,0,,0.4356980941448589,0.08546523499990144,r2apf,0,False,0,0,0,,296.0,0,0,0,2,0,7,7,A,5229,0.4125,True,0.4155006629998752
0,36.60000000000002,366,0,,0.40158557100276443,0.08948199800033763,r2apf,0,False,0,0,0,,276.0,0,0,1,2,0,7,7,A,5230,0.4625,True,0.4631288640002822
0,41.20000000000015,412,1,,0.49428947345312857,0.11156885099990177,r2apf,2,False,1,0,2,0.16666666666666666,439.0,2,1,6,12,2,10,10,A,5231,0.45,True,0.5707820639981946
0,38.200000000000074,382,0,,0.4052689064124853,0.10841750400049932,r2apf,1,False,0,0,1,0.3333333333333333,393.0,1,1,2,7,1,8,8,A,5232,0.475,True,0.4919457619998866
0,37.20000000000013,372,0,,0.4156972138763683,0.07481701899996551,r2apf,0,False,0,0,0,,228.0,0,0,1,2,0,5,5,A,5233,0.3625,True,0.20598507400063681
0,37.10000000000007,371,0,,0.44545279221214246,0.07499361099962698,r2apf,0,False,0,0,0,,225.0,0,0,3,8,0,5,5,A,5234,0.4375,True,0.24470429599932686
0,37.90000000000003,379,0,,0.4013557030265361,0.06571011100004398,r2apf,0,False,0,0,0,,390.0,0,0,1,7,0,8,8,A,5235,0.35,True,0.29211444900010974
0,38.4999999999999,385,0,,0.41348132164852236,0.10900948599919502,r2apf,0,False,0,0,0,,498.0,0,0,2,11,0,11,11,A,5236,0.5375,True,0.7896933369966064
0,37.80000000000005,378,0,,0.41266059652126985,0.07579420799993386,r2apf,1,False,0,0,1,0.3333333333333333,246.0,1,1,1,3,1,5,5,A,5237,0.425,True,0.24470171300072252
0,39.0000000000001,390,0,,0.440054608556311,0.0894853449999573,r2apf,0,False,0,0,0,,249.0,0,0,1,2,0,6,6,A,5238,0.4,True,0.2920394609982395
0,53.62300881146953,538,5,,0.4011167680196972,0.31403287000011915,r2apf,16,False,5,0,16,0.2754329004329004,519.0,16,11,11,20,16,15,15,A,5239,0.6375,True,1.5111347799993382
0,40.200000000000145,402,0,,0.4264672758386242,0.09555159600040497,r2apf,1,False,0,0,1,0.16666666666666666,441.0,1,1,6,14,1,11,11,A,5240,0.475,True,0.6818282539998108
0,41.73347833911648,418,1,,0.48932961119625706,0.10523634899982426,r2apf,3,False,1,0,3,0.25,344.0,3,2,1,8,3,9,9,A,5241,0.475,True,0.5952438299991627
0,37.30000000000008,373,0,,0.4734601956638499,0.07135357400056819,r2apf,0,False,0,0,0,,205.0,0,0,3,6,0,6,6,A,5242,0.3875,True,0.3315227319999394
0,38.50000000000014,385,0,,0.48921892911374243,0.0987092630002735,r2apf,1,False,0,0,1,0.2857142857142857,318.0,1,1,0,5,1,7,7,A,5243,0.4875,True,0.4152368569984901
0,39.70000000000015,397,0,,0.43282490720557676,0.0867175129997122,r2apf,1,False,0,0,1,0.3333333333333333,439.0,1,1,3,4,1,10,10,A,5244,0.4875,True,0.5911172019996229
0,37.50000000000017,375,0,,0.4868951429698281,0.08407065400024294,r2apf,0,False,0,0,0,,285.0,0,0,2,6,0,7,7,A,5245,0.4125,True,0.38840846299990517
0,37.500000000000185,375,0,,0.47561975107789134,0.11678931000005832,r2apf,1,False,0,0,1,0.16666666666666666,282.0,1,1,1,3,1,6,6,A,5246,0.4625,True,0.31357042400122737
0,40.50000000000008,405,0,,0.4155367235418898,0.10867730299924006,r2apf,2,False,0,0,2,0.3333333333333333,443.0,2,2,3,4,2,11,11,A,5247,0.475,True,0.6914766439986124
0,36.90000000000005,369,0,,0.4659576561536977,0.08662133500001801,r2apf,0,False,0,0,0,,381.0,0,0,2,16,0,10,10,A,5248,0.525,True,0.6383844539996062
0,37.600000000000136,376,0,,0.4464941766038675,0.10113529899990681,r2apf,0,False,0,0,0,,401.0,0,0,1,9,0,10,10,A,5249,0.45,True,0.6382994130008228
0,36.50000000000003,365,0,,0.46648233884333296,0.06292504599969106,r2apf,0,False,0,0,0,,294.0,0,0,0,1,0,8,8,A,5250,0.325,True,0.3536689859993203
0,37.200000000000045,372,0,,0.47254290825672873,0.10435660599978291,r2apf,1,False,0,0,1,0.3333333333333333,337.0,1,1,4,12,1,7,7,A,5251,0.4125,True,0.32690882900078577
0,50.19482949287567,503,3,,0.41892062443178407,0.13812525899993489,r2apf,9,False,3,0,9,0.19576719576719578,518.0,9,6,7,17,9,13,13,A,5252,0.475,True,0.7823013970019019
0,36.9000000000001,369,0,,0.4480014752032311,0.07075160200020036,r2apf,0,False,0,0,0,,341.0,0,0,5,11,0,10,10,A,5253,0.475,True,0.5202562659997056
0,47.400000000000226,474,2,,0.4712622269630139,0.11705889099994238,r2apf,5,False,2,0,5,0.17777777777777778,331.0,5,3,3,10,5,12,12,A,5254,0.4875,True,0.836954575001073
0,48.6000000000002,486,2,,0.46679303581291287,0.12162751500000013,r2apf,5,False,2,0,5,0.21944444444444444,493.0,5,3,5,19,5,14,14,A,5255,0.4625,True,0.9309751549999419
0,40.40000000000021,404,0,,0.486196699526698,0.12672257000031095,r2apf,3,False,0,0,3,0.15873015873015872,464.0,3,3,2,9,3,10,10,A,5256,0.475,True,0.6532225220007604
0,46.64143416431575,467,3,,0.4715942943777809,0.10063840900056675,r2apf,5,False,3,0,5,0.20833333333333331,250.0,5,2,4,5,5,8,8,A,5257,0.3125,True,0.3298185569992711
0,46.55518243408432,467,3,,0.4315612998935871,0.165905560000283,r2apf,6,False,3,0,6,0.2333333333333333,514.0,6,3,6,14,6,15,15,A,5258,0.575,True,1.0935916710004676
0,39.50000000000006,395,0,,0.4709270148313057,0.10079422699982388,r2apf,0,False,0,0,0,,363.0,0,0,1,3,0,8,8,A,5259,0.5,True,0.4993508820007264
0,37.399999999999984,374,0,,0.48369381000679873,0.08444785200026672,r2apf,1,False,0,0,1,0.3333333333333333,326.0,1,1,0,5,1,7,7,A,5260,0.5,True,0.3987925820001692
0,38.7000000000001,387,0,,0.48209362847375475,0.07074579700019967,r2apf,0,False,0,0,0,,352.0,0,0,1,4,0,8,8,A,5261,0.4,True,0.3580894819997411
0,45.20000000000015,452,2,,0.4025189047993183,0.1541102729997874,r2apf,5,False,2,0,5,0.14484126984126985,474.0,5,3,3,9,5,14,14,A,5262,0.5875,True,1.240990080001211
0,37.300000000000104,373,0,,0.43408181322223965,0.07853615899966826,r2apf,0,False,0,0,0,,382.0,0,0,3,7,0,8,8,A,5263,0.35,True,0.3760121799996341
0,40.716739169558274,408,1,,0.40251082226639556,0.12251533600010589,r2apf,4,False,1,0,4,0.2333333333333333,325.0,4,3,6,9,4,9,9,A,5264,0.4625,True,0.6169712809996781
0,39.100000000000136,391,0,,0.43245152807103443,0.08138392699947872,r2apf,0,False,0,0,0,,302.0,0,0,2,3,0,6,6,A,5265,0.375,True,0.2273954149995916
0,38.7665216608838,388,1,,0.4870628268206413,0.10022276200015767,r2apf,1,False,1,0,1,,328.0,1,0,3,10,1,8,8,A,5266,0.4,True,0.4381203139992067
0,39.500000000000135,395,0,,0.4007565180358187,0.12686344499979896,r2apf,1,False,0,0,1,0.16666666666666666,435.0,1,1,2,5,1,9,9,A,5267,0.475,True,0.5530820230005702
0,37.199999999999996,372,0,,0.45599582359295293,0.09360259500044776,r2apf,1,False,0,0,1,0.3333333333333333,364.0,1,1,4,15,1,10,10,A,5268,0.4375,True,0.7500183880019904
0,38.10000000000015,381,0,,0.4081532911497764,0.08350357000017539,r2apf,0,False,0,0,0,,369.0,0,0,3,11,0,10,10,A,5269,0.4625,True,0.5808976140024242
0,38.900000000000155,389,0,,0.4686219089080532,0.1023613170000317,r2apf,0,False,0,0,0,,507.0,0,0,3,13,0,12,12,A,5270,0.5,True,0.8142313489979642
0,36.40000000000006,364,0,,0.45771460599288744,0.09946007999951689,r2apf,0,False,0,0,0,,240.0,0,0,0,3,0,5,5,A,5271,0.4375,True,0.3063703189991429
0,41.60000000000016,416,1,,0.43965566157741126,0.13742237299993576,r2apf,3,False,1,0,3,0.2777777777777778,456.0,3,2,2,10,3,12,12,A,5272,0.475,True,0.8380801220000649
0,39.10000000000015,391,0,,0.43053060666271614,0.1193588460000683,r2apf,1,False,0,0,1,0.3333333333333333,508.0,1,1,2,10,1,12,12,A,5273,0.55,True,0.8345425619991147
0,51.00000000000033,510,3,,0.47840800996827465,0.15847953299999062,r2apf,8,False,3,0,8,0.1622222222222222,601.0,8,5,9,19,8,17,17,A,5274,0.5,True,1.446441855001467
0,36.00000000000008,360,0,,0.4090412099958515,0.07949711099990964,r2apf,0,False,0,0,0,,254.0,0,0,0,7,0,7,7,A,5275,0.45,True,0.4130964899995888
0,46.23909870408459,463,2,,0.4273986240685888,0.13403175699932035,r2apf,4,False,2,0,4,0.38888888888888884,423.0,4,2,4,10,4,12,12,A,5276,0.5375,True,0.8227063040003486
0,47.1243609779291,473,4,,0.4387058156091309,0.17736317599974427,r2apf,9,False,4,0,9,0.2733333333333333,315.0,9,5,6,14,9,11,11,A,5277,0.55,True,0.7075414920000185
0,38.00000000000006,380,0,,0.4509585297894378,0.10825171200031036,r2apf,1,False,0,0,1,0.3333333333333333,307.0,1,1,5,16,1,7,7,A,5278,0.525,True,0.4723672139998598
0,40.60000000000021,406,1,,0.46037748211938284,0.07807866500024829,r2apf,2,False,1,0,2,0.16666666666666666,506.0,2,1,4,13,2,13,13,A,5279,0.375,True,0.7238897639990682
0,41.500000000000135,415,1,,0.40973258246663946,0.0878499179998471,r2apf,2,False,1,0,2,0.3333333333333333,341.0,2,1,2,7,2,10,10,A,5280,0.375,True,0.5561484689987992
0,40.30000000000014,403,0,,0.47660314423052574,0.1254905409996354,r2apf,1,False,0,0,1,0.16666666666666666,433.0,1,1,1,8,1,9,9,A,5281,0.5125,True,0.5543791300015073
0,37.800000000000054,378,0,,0.4312393358575102,0.08192467099979694,r2apf,0,False,0,0,0,,258.0,0,0,0,1,0,7,7,A,5282,0.3625,True,0.43513119099952746
0,44.322516810068926,444,2,,0.4624534052961289,0.09343347499998345,r2apf,4,False,2,0,4,0.25,432.0,4,2,5,15,4,12,12,A,5283,0.4,True,0.6574590549998902
0,42.0000000000001,420,1,,0.4463196220906637,0.08274595799957751,r2apf,2,False,1,0,2,0.16666666666666666,298.0,2,1,2,9,2,8,8,A,5284,0.4625,True,0.37580817400157684
0,37.90000000000011,379,0,,0.434815550436024,0.09340155399968353,r2apf,0,False,0,0,0,,297.0,0,0,2,6,0,7,7,A,5285,0.4875,True,0.412231022000924
0,36.10000000000013,361,0,,0.4435432419464823,0.09237284699975135,r2apf,0,False,0,0,0,,206.0,0,0,0,1,0,5,5,A,5286,0.5375,True,0.33981511400088493
0,38.200000000000024,382,0,,0.4652484206316217,0.09978199299985135,r2apf,2,False,0,0,2,0.3333333333333333,197.0,2,2,0,0,2,4,4,A,5287,0.4,True,0.22814889699930063
0,39.60000000000014,396,0,,0.4078259795251152,0.08527802999924461,r2apf,0,False,0,0,0,,713.0,0,0,5,20,0,20,20,A,5288,0.4375,True,1.1904540779987656
0,46.90000000000021,469,2,,0.42276382486478387,0.15673669400075596,r2apf,8,False,2,0,8,0.24126984126984127,510.0,8,6,6,13,8,13,13,A,5289,0.5125,True,1.0814131910010474
0,46.849782491325804,469,2,,0.4814135567525804,0.1263703690001421,r2apf,4,False,2,0,4,0.22619047619047616,422.0,4,2,1,4,4,11,11,A,5290,0.55,True,0.7116969629996674
0,44.300000000000125,443,1,,0.4512735152522557,0.12889668800016807,r2apf,5,False,1,0,5,0.33333333333333337,345.0,5,4,4,9,5,10,10,A,5291,0.425,True,0.7930059069994968
0,36.60000000000008,366,0,,0.4393672740031273,0.10675423799966666,r2apf,1,False,0,0,1,0.2,402.0,1,1,3,8,1,9,9,A,5292,0.425,True,0.5332493429978058
0,39.600000000000186,396,0,,0.4034428642993324,0.11499543100035226,r2apf,1,False,0,0,1,0.3333333333333333,396.0,1,1,5,11,1,11,11,A,5293,0.4875,True,0.8603121619999001
0,38.80000000000002,388,0,,0.41578818509425153,0.09844029200030491,r2apf,1,False,0,0,1,0.3333333333333333,202.0,1,1,2,4,1,5,5,A,5294,0.4375,True,0.3143540649989518
0,37.200000000000045,372,0,,0.48482889283551783,0.07807121400037431,r2apf,0,False,0,0,0,,274.0,0,0,0,4,0,5,5,A,5295,0.3375,True,0.1400588649994461
0,66.9884106501328,672,9,,0.46913060883564456,0.34370729100010067,r2apf,18,False,9,0,18,0.3628026294692961,613.0,18,9,6,23,18,23,23,A,5296,0.675,True,2.498872068002129
0,39.50000000000006,395,1,,0.4278166841470132,0.08370536099937453,r2apf,1,False,1,0,1,,250.0,1,0,3,12,1,8,8,A,5297,0.425,True,0.4345399339999858
0,42.34909112126492,424,2,,0.497734958010243,0.12854877300014778,r2apf,3,False,2,0,3,0.2857142857142857,292.0,3,1,2,4,3,9,9,A,5298,0.4875,True,0.5585668859994257
0,37.700000000000145,377,0,,0.4060112464291945,0.09926038300000073,r2apf,0,False,0,0,0,,161.0,0,0,0,2,0,4,4,A,5299,0.3875,True,0.28426021299947024
0,40.70000000000019,407,0,,0.4183035533957535,0.10444155400000454,r2apf,1,False,0,0,1,0.16666666666666666,380.0,1,1,4,10,1,10,10,A,5300,0.475,True,0.8289599549998456
0,47.476526616889984,475,3,,0.43585510557483936,0.11633562099996198,r2apf,4,False,3,0,4,0.14285714285714285,625.0,4,1,4,22,4,16,16,A,5301,0.475,True,0.8529413749993182
0,40.8810917212866,409,1,,0.41186897430224695,0.0984378650000508,r2apf,1,False,1,0,1,,431.0,1,0,4,12,1,10,10,A,5302,0.45,True,0.44945983400066325
0,44.02943641315928,441,2,,0.48463780339413104,0.16371900100057246,r2apf,5,False,2,0,5,0.38055555555555554,434.0,5,3,2,12,5,12,12,A,5303,0.4875,True,0.854953005002244
0,37.500000000000014,375,0,,0.44706449612472404,0.10336075400027767,r2apf,1,False,0,0,1,0.14285714285714285,153.0,1,1,4,8,1,4,4,A,5304,0.3625,True,0.25442784799997753
0,46.51065162288181,466,3,,0.40479601570275914,0.24277353300021787,r2apf,12,False,3,0,12,0.29484126984126985,379.0,12,9,10,22,12,12,12,A,5305,0.4625,True,0.9312702170000193
0,37.90000000000003,379,0,,0.4164864224827444,0.0883102379993943,r2apf,0,False,0,0,0,,438.0,0,0,4,12,0,10,10,A,5306,0.425,True,0.523079307999069
0,46.18326083044207,462,2,,0.4173197201591184,0.10976004999974975,r2apf,3,False,2,0,3,0.3333333333333333,557.0,3,1,4,17,3,15,15,A,5307,0.4875,True,0.9281315919988629
0,39.2000000000002,392,0,,0.4341912707387734,0.08616787899973133,r2apf,0,False,0,0,0,,196.0,0,0,0,1,0,5,5,A,5308,0.425,True,0.2834978319988295
0,45.350751485962704,454,2,,0.47474709169189216,0.14939334799964854,r2apf,5,False,2,0,5,0.2333333333333333,568.0,5,3,3,19,5,16,16,A,5309,0.6625,True,1.3214450420027788
0,39.40000000000002,394,0,,0.4733445950805718,0.08881264899991947,r2apf,0,False,0,0,0,,309.0,0,0,0,0,0,7,7,A,5310,0.4375,True,0.3591868940002314
0,54.84011078850909,551,5,,0.42727992306095636,0.16931226500037155,r2apf,12,False,5,0,12,0.2819727891156462,451.0,12,7,8,16,12,15,15,A,5311,0.4875,True,1.0147872940024172
0,36.300000000000146,363,0,,0.40457782682644106,0.14902666299985867,r2apf,3,False,0,0,3,0.28835978835978837,522.0,3,3,7,18,3,12,12,A,5312,0.5375,True,0.8709009559997867
0,38.80000000000009,388,0,,0.40770233200429146,0.059817512999870814,r2apf,0,False,0,0,0,,412.0,0,0,1,8,0,9,9,A,5313,0.3625,True,0.4085522229988783
0,36.80000000000002,368,0,,0.4440191273008042,0.08387086099992302,r2apf,0,False,0,0,0,,405.0,0,0,0,8,0,9,9,A,5314,0.4375,True,0.40516617400044197
0,37.80000000000012,378,0,,0.43369311682650225,0.04669367099995725,r2apf,0,False,0,0,0,,273.0,0,0,2,6,0,5,5,A,5315,0.375,True,0.10906313700070314
0,36.000000000000135,360,0,,0.40782159416174135,0.062335596000593796,r2apf,0,False,0,0,0,,379.0,0,0,1,4,0,9,9,A,5316,0.3375,True,0.4094468909997886
0,41.616739169558294,417,2,,0.4903127369754399,0.11043665199940733,r2apf,3,False,2,0,3,0.16666666666666666,293.0,3,1,1,10,3,9,9,A,5317,0.475,True,0.4849995559989111
0,42.36384289092619,424,1,,0.412947904923237,0.12270018499930302,r2apf,3,False,1,0,3,0.30952380952380953,411.0,3,2,3,14,3,11,11,A,5318,0.425,True,0.6222232789996269
0,37.90000000000012,379,0,,0.46431638003514997,0.06495514300058858,r2apf,0,False,0,0,0,,426.0,0,0,2,4,0,9,9,A,5319,0.375,True,0.33311435999985406
0,38.60000000000012,386,0,,0.4260442041330288,0.08622257500064734,r2apf,0,False,0,0,0,,231.0,0,0,0,6,0,6,6,A,5320,0.45,True,0.31067647600048076
0,38.50000000000019,385,0,,0.47526986697715445,0.11845849299970723,r2apf,1,False,0,0,1,0.3333333333333333,391.0,1,1,1,7,1,8,8,A,5321,0.5125,True,0.45083775599869114
0,43.90000000000031,439,1,,0.49598856057433255,0.09774803199979942,r2apf,3,False,1,0,3,0.25,213.0,3,2,1,7,3,7,7,A,5322,0.4125,True,0.4076786980003817
0,38.400000000000034,384,0,,0.41797803435866043,0.09086017800018453,r2apf,0,False,0,0,0,,336.0,0,0,3,5,0,7,7,A,5323,0.4125,True,0.33992814300108876
0,38.09999999999998,381,0,,0.4604696571734455,0.09903333000056591,r2apf,0,False,0,0,0,,400.0,0,0,3,6,0,10,10,A,5324,0.4625,True,0.7500515119991178
0,38.400000000000006,384,0,,0.47149359666758556,0.06982646799951908,r2apf,0,False,0,0,0,,179.0,0,0,0,1,0,4,4,A,5325,0.425,True,0.18317265899986523
0,51.26366053732859,514,3,,0.4376091205352223,0.15111059799983195,r2apf,5,False,3,0,5,0.30952380952380953,688.0,5,2,5,18,5,17,17,A,5326,0.475,True,1.1038734410012694
0,36.20000000000018,362,0,,0.4687296612967569,0.08499404099984531,r2apf,0,False,0,0,0,,327.0,0,0,2,5,0,8,8,A,5327,0.4625,True,0.46281798699965293
0,43.3167391695583,434,1,,0.49211646412228166,0.15513710899995203,r2apf,4,False,1,0,4,0.20952380952380953,461.0,4,3,7,14,4,11,11,A,5328,0.5125,True,0.8402849899985085
0,38.70000000000015,387,0,,0.4328608902985798,0.0808161069999187,r2apf,0,False,0,0,0,,454.0,0,0,2,15,0,11,11,A,5329,0.4625,True,0.581288673999552
0,48.50000000000033,485,2,,0.44309170058988673,0.19821654899988062,r2apf,7,False,2,0,7,0.21160173160173162,570.0,7,5,4,14,7,16,16,A,5330,0.4625,True,1.1699970889976612
0,37.70000000000003,377,0,,0.44218122151766903,0.09213827499934268,r2apf,1,False,0,0,1,0.3333333333333333,206.0,1,1,4,10,1,5,5,A,5331,0.375,True,0.24315844499960804
0,48.303823396346104,484,4,,0.43944222264283356,0.1691414770002666,r2apf,7,False,4,0,7,0.20833333333333334,525.0,7,3,5,15,7,16,16,A,5332,0.525,True,1.145320102002188
0,38.400000000000034,384,0,,0.4116499149188573,0.08234446500046033,r2apf,0,False,0,0,0,,252.0,0,0,1,5,0,6,6,A,5333,0.4375,True,0.344603128000017
0,43.0181676595516,431,2,,0.47094297524760714,0.08525449299941101,r2apf,2,False,2,0,2,,543.0,2,0,3,11,2,14,14,A,5334,0.4,True,0.5983284639978592
0,37.30000000000002,373,0,,0.41018905195594724,0.08293846100059454,r2apf,0,False,0,0,0,,266.0,0,0,0,2,0,6,6,A,5335,0.425,True,0.28486327799964783
0,40.166521660883795,402,1,,0.4011569146116797,0.11205898899970634,r2apf,2,False,1,0,2,0.3333333333333333,543.0,2,1,1,7,2,14,14,A,5336,0.475,True,0.9924471429985715
0,38.50000000000015,385,0,,0.4980208279260935,0.0864694949996192,r2apf,0,False,0,0,0,,363.0,0,0,2,7,0,9,9,A,5337,0.4625,True,0.5413458110006104
0,38.30000000000009,383,0,,0.4510380340661554,0.10236161400007404,r2apf,1,False,0,0,1,0.25,260.0,1,1,4,7,1,6,6,A,5338,0.475,True,0.3841391140003907
0,46.033478339116584,461,2,,0.458280140109191,0.11394179400031135,r2apf,3,False,2,0,3,0.14285714285714285,501.0,3,1,3,12,3,13,13,A,5339,0.475,True,0.7011923639993256
0,52.34315629042773,525,4,,0.4262236558702543,0.16530364499976713,r2apf,12,False,4,0,12,0.3645833333333333,338.0,12,8,2,10,12,11,11,A,5340,0.4375,True,0.7264177249981003
0,37.60000000000003,376,0,,0.4662294869730987,0.10302239900011045,r2apf,1,False,0,0,1,0.14285714285714285,359.0,1,1,5,13,1,9,9,A,5341,0.4125,True,0.6374716290001743
0,39.100000000000044,391,0,,0.4009889548126904,0.08266486800039274,r2apf,0,False,0,0,0,,326.0,0,0,2,4,0,9,9,A,5342,0.4375,True,0.556762102999528
0,36.90000000000017,369,0,,0.48566952728359375,0.06854154400025436,r2apf,0,False,0,0,0,,253.0,0,0,4,8,0,6,6,A,5343,0.325,True,0.2504982029995517
0,44.642052131364146,447,2,,0.4744201271649821,0.12945968999974866,r2apf,6,False,2,0,6,0.3630952380952381,363.0,6,4,6,11,6,12,12,A,5344,0.4375,True,0.7295374969990007
0,58.271728641970654,584,6,,0.4214881986782254,0.20238935599991237,r2apf,14,False,6,0,14,0.2251488095238095,478.0,14,8,6,24,14,16,16,A,5345,0.5375,True,1.0348881310010256
0,37.90000000000007,379,0,,0.4456220883513692,0.0807300540000142,r2apf,0,False,0,0,0,,174.0,0,0,2,4,0,5,5,A,5346,0.45,True,0.2846801959994991
0,38.80000000000022,388,0,,0.4351933497364585,0.0978483380004036,r2apf,0,False,0,0,0,,344.0,0,0,0,3,0,8,8,A,5347,0.4875,True,0.48355711800104473
0,37.300000000000175,373,0,,0.45585097347453585,0.10242045799986954,r2apf,0,False,0,0,0,,454.0,0,0,7,19,0,10,10,A,5348,0.5625,True,0.5987958849991628
0,37.50000000000009,375,0,,0.4826949936092689,0.12364693000017724,r2apf,1,False,0,0,1,0.125,270.0,1,1,1,4,1,7,7,A,5349,0.45,True,0.516231353000876
0,36.90000000000004,369,0,,0.45289562456212124,0.06802783300008741,r2apf,0,False,0,0,0,,175.0,0,0,0,1,0,5,5,A,5350,0.325,True,0.23494674700032192
0,52.55561012946741,526,4,,0.45086174687399394,0.17041230399991036,r2apf,10,False,4,0,10,0.24027777777777778,479.0,10,6,4,10,10,15,15,A,5351,0.4625,True,0.9130546539990974
0,40.700000000000145,407,1,,0.49336035558192864,0.08886152600007335,r2apf,2,False,1,0,2,0.3333333333333333,383.0,2,1,2,4,2,10,10,A,5352,0.425,True,0.5105159510012527
0,37.30000000000012,373,0,,0.46974615829112815,0.07514569600061805,r2apf,0,False,0,0,0,,169.0,0,0,0,1,0,4,4,A,5353,0.4375,True,0.20518922900009784
0,48.617825434799634,488,3,,0.42010164203891154,0.11465882100037561,r2apf,7,False,3,0,7,0.20833333333333331,351.0,7,4,4,11,7,11,11,A,5354,0.425,True,0.6578863049990105
0,41.7000000000001,417,1,,0.4453512881311563,0.09080526500019914,r2apf,2,False,1,0,2,0.3333333333333333,209.0,2,1,1,4,2,7,7,A,5355,0.5125,True,0.46353516899944225
0,38.90000000000004,389,0,,0.448632562474185,0.09068264599955,r2apf,0,False,0,0,0,,285.0,0,0,0,1,0,7,7,A,5356,0.4125,True,0.3910740769988479
0,40.3000000000002,403,0,,0.4846465052571806,0.10698412300007476,r2apf,1,False,0,0,1,0.14285714285714285,323.0,1,1,1,6,1,8,8,A,5357,0.4375,True,0.47417599399977917
0,39.10000000000007,391,0,,0.40693694133363334,0.07756566700027179,r2apf,0,False,0,0,0,,231.0,0,0,0,2,0,6,6,A,5358,0.4,True,0.29749574000015855
0,37.1000000000001,371,0,,0.40183111091454027,0.09765717000027507,r2apf,0,False,0,0,0,,237.0,0,0,3,4,0,6,6,A,5359,0.4875,True,0.46524676799890585
0,38.100000000000094,381,0,,0.44895364893383977,0.09928684900023654,r2apf,0,False,0,0,0,,325.0,0,0,2,9,0,8,8,A,5360,0.525,True,0.4876817740014303
0,40.900000000000155,409,1,,0.4725858993592666,0.09122496899999533,r2apf,3,False,1,0,3,0.25,291.0,3,2,2,11,3,8,8,A,5361,0.375,True,0.43583674800174776
0,35.500000000000114,355,0,,0.44553517685488103,0.08285633499963296,r2apf,0,False,0,0,0,,335.0,0,0,2,4,0,8,8,A,5362,0.425,True,0.45415512299950933
0,70.06522003353169,706,11,,0.40597685574035836,0.37607272999957786,r2apf,24,False,11,0,24,0.4203627290583812,579.0,24,13,8,22,24,25,25,A,5363,0.5875,True,2.006854811998892
0,52.67325369323024,529,6,,0.4577466778618975,0.1741035949999059,r2apf,12,False,6,0,12,0.2746212121212121,251.0,12,6,3,5,12,11,11,A,5364,0.425,True,0.48564748399985547
0,37.60000000000004,376,0,,0.42385175942020203,0.10953623800014611,r2apf,0,False,0,0,0,,363.0,0,0,1,9,0,8,8,A,5365,0.4375,True,0.6067452930010404
0,38.1000000000001,381,0,,0.4208988704299177,0.09726610800044,r2apf,0,False,0,0,0,,331.0,0,0,2,4,0,7,7,A,5366,0.4875,True,0.43637044900060573
0,41.41673916955828,415,1,,0.4500265294829693,0.1283461700004409,r2apf,3,False,1,0,3,0.20833333333333331,423.0,3,2,4,6,3,11,11,A,5367,0.45,True,0.8616310649995285
0,48.32125970684336,484,3,,0.43778612795564725,0.11009171200021228,r2apf,6,False,3,0,6,0.25396825396825395,326.0,6,3,4,13,6,10,10,A,5368,0.3625,True,0.4355748930020127
0,38.900000000000134,389,0,,0.4652499603843852,0.09524425099971268,r2apf,0,False,0,0,0,,314.0,0,0,1,4,0,7,7,A,5369,0.475,True,0.4408254959980695
0,41.2000000000002,412,1,,0.4076859123021386,0.08483789300044009,r2apf,1,False,1,0,1,,255.0,1,0,2,3,1,8,8,A,5370,0.4125,True,0.42798118500195415
0,40.09416031886591,401,1,,0.42852591348098246,0.10808404399995197,r2apf,3,False,1,0,3,0.1625,555.0,3,2,4,7,3,13,13,A,5371,0.45,True,0.8684999790002621
0,58.669814595575914,589,7,,0.4613706124961541,0.17200694199982536,r2apf,14,False,7,0,14,0.27465986394557823,320.0,14,7,3,18,14,14,14,A,5372,0.4625,True,0.7069152020003457
0,46.92895523281016,470,2,,0.4899259763753573,0.10393404100068437,r2apf,4,False,2,0,4,0.20833333333333331,608.0,4,2,6,13,4,16,16,A,5373,0.4,True,0.8353810259977763
0,37.20000000000003,372,0,,0.44734788079014576,0.07483615499950247,r2apf,0,False,0,0,0,,146.0,0,0,3,4,0,4,4,A,5374,0.425,True,0.2213073369994163
0,38.80000000000015,388,0,,0.4516791116275185,0.0908409039993785,r2apf,0,False,0,0,0,,484.0,0,0,4,18,0,10,10,A,5375,0.45,True,0.48166223199859814
0,62.15102601711209,624,9,,0.40613043946936506,0.48353611399943475,r2apf,28,False,9,0,28,0.4407473245708539,829.0,28,19,12,32,28,27,27,A,5376,0.575,True,2.946380739998858
0,43.3000000000002,433,1,,0.468008367657623,0.09674122300020827,r2apf,4,False,1,0,4,0.21746031746031744,388.0,4,3,0,8,4,9,9,A,5377,0.3875,True,0.5488049649984532
0,38.00000000000007,380,0,,0.42590429610301417,0.08205601199915691,r2apf,0,False,0,0,0,,373.0,0,0,3,10,0,8,8,A,5378,0.4125,True,0.4103299029984555
0,38.300000000000004,383,0,,0.4021856391587787,0.1138489249997292,r2apf,1,False,0,0,1,0.16666666666666666,289.0,1,1,4,10,1,7,7,A,5379,0.525,True,0.6010599309993268
0,40.20000000000017,402,0,,0.4079336141794462,0.13928520399986155,r2apf,3,False,0,0,3,0.19576719576719573,497.0,3,3,2,10,3,10,10,A,5380,0.5,True,0.5886657319988444
0,37.29999999999981,373,0,,0.4605737023656898,0.09212280599967926,r2apf,0,False,0,0,0,,266.0,0,0,0,5,0,6,6,A,5381,0.475,True,0.31434707500102377
0,37.10000000000004,371,0,,0.428892947264595,0.08857704999991256,r2apf,0,False,0,0,0,,262.0,0,0,2,7,0,7,7,A,5382,0.4125,True,0.4776620680013366
0,38.30000000000016,383,0,,0.4614070866799521,0.08028612900034204,r2apf,0,False,0,0,0,,234.0,0,0,2,4,0,6,6,A,5383,0.425,True,0.2964473199999702
0,46.346908245544434,464,3,,0.46488613247318916,0.22923864200038224,r2apf,10,False,3,0,10,0.3386010814582243,414.0,10,7,1,8,10,10,10,A,5384,0.4875,True,0.7313548830006766
0,36.10000000000014,361,0,,0.4689501080086841,0.08570800399957079,r2apf,0,False,0,0,0,,258.0,0,0,1,3,0,5,5,A,5385,0.4375,True,0.20061270900077943
0,38.80000000000011,388,0,,0.4398995091989282,0.06444371300040075,r2apf,0,False,0,0,0,,268.0,0,0,5,9,0,8,8,A,5386,0.3875,True,0.4082265119986914
0,37.700000000000095,377,0,,0.4904227872610264,0.08049662700068438,r2apf,0,False,0,0,0,,382.0,0,0,6,11,0,8,8,A,5387,0.4,True,0.3917237070018018
0,37.9,379,0,,0.49576131104247567,0.0820105880002302,r2apf,0,False,0,0,0,,279.0,0,0,1,4,0,7,7,A,5388,0.5,True,0.38274451900088025
0,39.00000000000019,390,0,,0.49139666228373224,0.11624411100001453,r2apf,1,False,0,0,1,0.16666666666666666,380.0,1,1,2,8,1,10,10,A,5389,0.5,True,0.759800348000681
0,43.60000000000025,436,1,,0.42737320309358817,0.08699750899995706,r2apf,2,False,1,0,2,0.16666666666666666,375.0,2,1,2,5,2,10,10,A,5390,0.4625,True,0.5382125700007236
0,36.8000000000001,368,0,,0.44996911799974376,0.09515888199985056,r2apf,0,False,0,0,0,,338.0,0,0,2,12,0,9,9,A,5391,0.45,True,0.542743786999381
0,35.500000000000064,355,0,,0.4842910090311001,0.08188602100017306,r2apf,0,False,0,0,0,,237.0,0,0,0,0,0,5,5,A,5392,0.4625,True,0.23364862400012498
0,40.14133803281841,402,1,,0.4982273423579675,0.09005115600029967,r2apf,3,False,1,0,3,0.25,363.0,3,2,3,14,3,10,10,A,5393,0.375,True,0.5994001100007154
0,41.00000000000018,410,1,,0.4272151071528151,0.14281453900002816,r2apf,5,False,1,0,5,0.24999999999999997,415.0,5,4,5,14,5,11,11,A,5394,0.3875,True,0.7117240289999245
0,39.200000000000045,392,0,,0.42220317496748627,0.07899535199976526,r2apf,0,False,0,0,0,,334.0,0,0,1,5,0,9,9,A,5395,0.475,True,0.5228722750007364
0,37.80000000000013,378,0,,0.4231742361684429,0.08398192100048618,r2apf,0,False,0,0,0,,345.0,0,0,0,12,0,9,9,A,5396,0.45,True,0.5303407300007166
0,36.900000000000155,369,0,,0.4987558344873738,0.10667368600024929,r2apf,0,False,0,0,0,,415.0,0,0,3,10,0,10,10,A,5397,0.575,True,0.6315443600005892
0,36.90000000000011,369,0,,0.46959903830044564,0.07613715199931903,r2apf,0,False,0,0,0,,303.0,0,0,3,6,0,7,7,A,5398,0.4,True,0.3066038729994034
0,37.300000000000004,373,0,,0.4473967001584849,0.09483473599993886,r2apf,2,False,0,0,2,0.16666666666666666,430.0,2,2,3,7,2,10,10,A,5399,0.425,True,0.553152613999373
0,36.20000000000006,362,0,,0.438999918706563,0.0704038860003493,r2apf,0,False,0,0,0,,159.0,0,0,1,1,0,4,4,A,5400,0.4125,True,0.18088737200014293
0,38.30000000000021,383,0,,0.4376265912230103,0.01875593300064793,r2apf,0,False,0,0,0,,122.0,0,0,0,1,0,2,2,A,5401,0.2875,True,0.02590029900056834
0,37.7000000000001,377,0,,0.47001399186588,0.012286182000025292,r2apf,0,False,0,0,0,,122.0,0,0,0,0,0,2,2,A,5402,0.3875,True,0.018794604000504478
0,37.500000000000036,375,0,,0.402729669892424,0.08262878799996543,r2apf,0,False,0,0,0,,248.0,0,0,1,5,0,7,7,A,5403,0.4125,True,0.4245492829995783
0,57.950144210004154,580,6,,0.43263236466004684,0.17102180300025793,r2apf,11,False,6,0,11,0.2638095238095238,786.0,11,5,12,27,11,23,23,A,5404,0.55,True,1.802062889998524
0,44.500000000000284,445,1,,0.4941827618606631,0.10973398299938708,r2apf,1,False,1,0,1,,474.0,1,0,3,10,1,12,12,A,5405,0.5125,True,0.6831180329991184
0,35.800000000000146,358,0,,0.42446581944844514,0.06125291799980914,r2apf,0,False,0,0,0,,289.0,0,0,1,3,0,8,8,A,5406,0.3625,True,0.3737382779991094
0,38.700000000000095,387,0,,0.4719885225538291,0.10292939200007822,r2apf,2,False,0,0,2,0.16666666666666666,407.0,2,2,3,8,2,10,10,A,5407,0.375,True,0.6494336879986804
0,82.33644903199502,829,17,,0.4751127859754177,0.38498740200066095,r2apf,44,False,17,0,44,0.30185853241408794,521.0,44,27,15,28,44,30,30,A,5408,0.5625,True,2.8518876900025134
0,40.10000000000013,401,0,,0.43109525583036645,0.10858185999950365,r2apf,0,False,0,0,0,,309.0,0,0,1,3,0,8,8,A,5409,0.5375,True,0.6635225539985186
0,41.81673916955825,419,1,,0.46913740587436575,0.08557508600006258,r2apf,2,False,1,0,2,0.3333333333333333,376.0,2,1,1,5,2,11,11,A,5410,0.4125,True,0.6536535710001772
0,58.13085539427131,584,6,,0.46776451870854424,0.20527658999981213,r2apf,12,False,6,0,12,0.21481481481481482,543.0,12,6,14,31,12,19,19,A,5411,0.55,True,1.6023919550025312
0,36.8,368,0,,0.43910305887461243,0.06955895499959297,r2apf,0,False,0,0,0,,212.0,0,0,0,1,0,5,5,A,5412,0.4625,True,0.2602926449990264
0,51.71822285911486,519,5,,0.4462355825130322,0.16086949199961964,r2apf,9,False,5,0,9,0.36547619047619045,517.0,9,4,4,15,9,18,18,A,5413,0.4875,True,1.0712081589999798
0,44.61004825112745,447,2,,0.4628200500454713,0.13036184799966577,r2apf,4,False,2,0,4,0.15476190476190477,305.0,4,2,2,3,4,9,9,A,5414,0.425,True,0.5349826949995986
0,38.30000000000006,383,0,,0.40741166245426214,0.09925701199972536,r2apf,0,False,0,0,0,,372.0,0,0,3,11,0,9,9,A,5415,0.525,True,0.5860287980003704
0,37.000000000000085,370,0,,0.4021246255742468,0.08607186000062939,r2apf,1,False,0,0,1,0.16666666666666666,360.0,1,1,4,6,1,9,9,A,5416,0.425,True,0.5025183119996655
0,38.000000000000064,380,0,,0.45518821257177766,0.09392055499938579,r2apf,1,False,0,0,1,0.3333333333333333,353.0,1,1,4,7,1,7,7,A,5417,0.4,True,0.373512568001388
0,50.402583764343525,505,4,,0.4371260123785375,0.1418814630005727,r2apf,7,False,4,0,7,0.2222222222222222,621.0,7,3,8,19,7,19,19,A,5418,0.5375,True,1.3748854760005997
0,39.20000000000009,392,0,,0.4697839902102064,0.14895284799968067,r2apf,1,False,0,0,1,0.16666666666666666,421.0,1,1,4,10,1,9,9,A,5419,0.475,True,0.6686659509996389
0,44.92977330435455,451,2,,0.45894112147580507,0.12551434800025163,r2apf,4,False,2,0,4,0.16666666666666666,472.0,4,2,4,15,4,15,15,A,5420,0.4875,True,1.2782515190001504
0,38.500000000000014,385,0,,0.4244872345855101,0.116795665000609,r2apf,2,False,0,0,2,0.26666666666666666,392.0,2,2,3,7,2,8,8,A,5421,0.425,True,0.49392258700027014
0,38.700000000000244,387,0,,0.4865983588656919,0.093375759999617,r2apf,0,False,0,0,0,,501.0,0,0,4,9,0,12,12,A,5422,0.4875,True,0.719796793999194
0,41.79999999999997,418,1,,0.42771863378321995,0.08558789499966224,r2apf,1,False,1,0,1,,257.0,1,0,6,15,1,9,9,A,5423,0.4375,True,0.48749946099906083
0,42.30000000000016,423,1,,0.4728649596024014,0.09740467499977967,r2apf,2,False,1,0,2,0.16666666666666666,341.0,2,1,2,8,2,10,10,A,5424,0.45,True,0.6721869459997833
0,39.00000000000006,390,0,,0.4235481836113643,0.08990530099981697,r2apf,0,False,0,0,0,,369.0,0,0,1,6,0,9,9,A,5425,0.475,True,0.595749624999371
0,37.700000000000074,377,0,,0.4535815067761766,0.11140366999916296,r2apf,1,False,0,0,1,0.3333333333333333,540.0,1,1,7,18,1,13,13,A,5426,0.4,True,0.8634662090007623
0,43.40000000000018,434,1,,0.4763019945943373,0.09159078399989085,r2apf,2,False,1,0,2,0.3333333333333333,354.0,2,1,4,10,2,11,11,A,5427,0.475,True,0.6527206949995161
0,39.90000000000009,399,0,,0.4821919916245514,0.09347025799979747,r2apf,0,False,0,0,0,,454.0,0,0,3,6,0,10,10,A,5428,0.4625,True,0.5310301580002488
0,35.99999999999998,360,0,,0.44491666543835307,0.07677542999954312,r2apf,0,False,0,0,0,,149.0,0,0,2,4,0,4,4,A,5429,0.425,True,0.2234655850006675
0,37.60000000000001,376,0,,0.482148783515718,0.09205831700000999,r2apf,0,False,0,0,0,,283.0,0,0,1,5,0,7,7,A,5430,0.4875,True,0.35621148199970776
0,43.10992345839527,432,2,,0.4370319144684796,0.14337484600036987,r2apf,7,False,2,0,7,0.24,436.0,7,5,8,17,7,12,12,A,5431,0.425,True,0.9097741639998276
0,39.80000000000015,398,0,,0.44193580677048827,0.08676850000028935,r2apf,0,False,0,0,0,,355.0,0,0,3,12,0,9,9,A,5432,0.375,True,0.5619846480030901
0,61.12439817374928,613,8,,0.4983061990604057,0.47162549099994067,r2apf,27,False,8,0,27,0.37764866712235134,443.0,27,19,7,21,27,19,19,A,5433,0.525,True,1.8849871920001533
0,47.759722447312924,479,3,,0.47491033885147,0.1402681270001267,r2apf,6,False,3,0,6,0.17777777777777778,415.0,6,3,1,9,6,12,12,A,5434,0.475,True,0.6900096879999182
0,36.700000000000024,367,0,,0.4436683448328578,0.1098771939996368,r2apf,0,False,0,0,0,,428.0,0,0,3,23,0,10,10,A,5435,0.55,True,0.6986149029999069
0,37.10000000000012,371,0,,0.43833907046450116,0.07469809299982444,r2apf,1,False,0,0,1,0.3333333333333333,305.0,1,1,1,4,1,8,8,A,5436,0.3125,True,0.3460717240013764
0,46.247181953293094,464,3,,0.4133201949005478,0.13229873500040412,r2apf,7,False,3,0,7,0.3416666666666666,290.0,7,4,2,7,7,10,10,A,5437,0.4125,True,0.6373198850023982
0,37.99999999999998,380,0,,0.40537626138969873,0.07534627700079,r2apf,0,False,0,0,0,,294.0,0,0,2,5,0,7,7,A,5438,0.375,True,0.3581921320001129
0,40.37917250167534,404,1,,0.4236471566164914,0.09389559299961547,r2apf,1,False,1,0,1,,687.0,1,0,6,22,1,16,16,A,5439,0.3875,True,0.7724555049999253
0,45.70197383042938,458,2,,0.40077259495332385,0.12483952599995973,r2apf,6,False,2,0,6,0.2773809523809524,615.0,6,4,6,15,6,14,14,A,5440,0.4375,True,0.8713170510018244
0,37.50000000000008,375,0,,0.4196854871016866,0.07805843400001322,r2apf,0,False,0,0,0,,202.0,0,0,0,3,0,5,5,A,5441,0.4125,True,0.299974602000475
0,50.06970346225711,502,4,,0.4592061266843585,0.13155843999993522,r2apf,5,False,4,0,5,0.2857142857142857,435.0,5,1,5,10,5,14,14,A,5442,0.4875,True,0.9598876069985636
0,39.00000000000008,390,0,,0.44616763761323325,0.08865659500042966,r2apf,0,False,0,0,0,,283.0,0,0,1,5,0,7,7,A,5443,0.4375,True,0.41093337099937344
0,38.200000000000074,382,0,,0.42258086254338934,0.08203144899925974,r2apf,0,False,0,0,0,,331.0,0,0,1,4,0,7,7,A,5444,0.425,True,0.30142268399958994
0,41.63990430066024,417,1,,0.4394030928174259,0.12553366999964055,r2apf,1,False,1,0,1,,258.0,1,0,4,8,1,7,7,A,5445,0.5875,True,0.43879992099846277
0,39.00000000000014,390,0,,0.4481896873710522,0.13358764899930975,r2apf,1,False,0,0,1,0.16666666666666666,419.0,1,1,4,8,1,9,9,A,5446,0.6,True,0.6594824410003639
0,38.00000000000012,380,0,,0.46791486657690406,0.0906559400000333,r2apf,0,False,0,0,0,,273.0,0,0,3,7,0,7,7,A,5447,0.5125,True,0.4255186970021896
0,41.60000000000013,416,1,,0.4803230095675655,0.06991791800010105,r2apf,1,False,1,0,1,,280.0,1,0,5,6,1,6,6,A,5448,0.375,True,0.18535354499999812
0,43.319295879411676,434,2,,0.4113837906594325,0.16694698599985713,r2apf,10,False,2,0,10,0.282390873015873,423.0,10,8,1,3,10,10,10,A,5449,0.45,True,0.6533600210004806
0,37.600000000000136,376,0,,0.4011618429014868,0.10158512400084874,r2apf,1,False,0,0,1,0.16666666666666666,295.0,1,1,2,3,1,7,7,A,5450,0.45,True,0.5603774690007413
0,42.98326083044204,430,1,,0.4235678975963748,0.11321881100047904,r2apf,3,False,1,0,3,0.16666666666666666,403.0,3,2,0,4,3,10,10,A,5451,0.4875,True,0.5612045760008186
0,48.98276857690709,490,3,,0.4334950381850547,0.10768111899960786,r2apf,6,False,3,0,6,0.20634920634920637,485.0,6,3,2,15,6,14,14,A,5452,0.4375,True,0.7045670480001718
0,37.19999999999998,372,0,,0.4696831113754683,0.07076965200030827,r2apf,0,False,0,0,0,,278.0,0,0,1,5,0,7,7,A,5453,0.35,True,0.34183922600095684
0,37.70000000000009,377,0,,0.4712028992478767,0.10233439300009195,r2apf,0,False,0,0,0,,331.0,0,0,1,3,0,8,8,A,5454,0.5,True,0.5086782409998705
0,36.10000000000011,361,0,,0.4345973858981963,0.1060239440002988,r2apf,0,False,0,0,0,,219.0,0,0,1,5,0,6,6,A,5455,0.5375,True,0.46402592699996603
0,38.10000000000011,381,0,,0.4568485126797961,0.0631673519992546,r2apf,0,False,0,0,0,,158.0,0,0,1,2,0,4,4,A,5456,0.35,True,0.1780974929988588
0,38.80000000000015,388,0,,0.46319420716504445,0.09550345900061075,r2apf,0,False,0,0,0,,228.0,0,0,1,4,0,6,6,A,5457,0.45,True,0.42471296500116296
0,41.90000000000004,419,1,,0.43799640867327905,0.0980735769999228,r2apf,3,False,1,0,3,0.3333333333333333,390.0,3,2,9,17,3,10,10,A,5458,0.425,True,0.5927582839995011
0,38.700000000000045,387,0,,0.47559019974948247,0.06847685499997169,r2apf,0,False,0,0,0,,232.0,0,0,0,1,0,5,5,A,5459,0.35,True,0.22252017699975113
0,38.40000000000009,384,0,,0.4629192237786178,0.0775184320000335,r2apf,0,False,0,0,0,,419.0,0,0,1,9,0,10,10,A,5460,0.45,True,0.4414175639994937
0,37.600000000000094,376,0,,0.47412639229949816,0.10495053400063625,r2apf,0,False,0,0,0,,356.0,0,0,1,2,0,8,8,A,5461,0.425,True,0.5208218030002172
0,44.53043018581334,446,3,,0.45179579193671343,0.10853136100013216,r2apf,5,False,3,0,5,0.15476190476190477,397.0,5,2,4,10,5,13,13,A,5462,0.4375,True,0.7341807610036994
0,39.70000000000012,397,0,,0.42869069530695986,0.10916791099953116,r2apf,1,False,0,0,1,0.3333333333333333,364.0,1,1,4,12,1,9,9,A,5463,0.55,True,0.6407888120011194
0,46.216739169558394,463,2,,0.4114003251476828,0.11799333399994794,r2apf,4,False,2,0,4,0.25,428.0,4,2,4,9,4,11,11,A,5464,0.475,True,0.5532849080000233
0,47.9543398701213,481,3,,0.4765658623058416,0.16858328000034817,r2apf,5,False,3,0,5,0.20833333333333331,480.0,5,2,4,14,5,15,15,A,5465,0.55,True,1.1988304340011382
0,38.20000000000012,382,0,,0.457143301244915,0.08118867099983618,r2apf,1,False,0,0,1,0.16666666666666666,467.0,1,1,3,18,1,13,13,A,5466,0.4625,True,0.8399842459984939
0,37.40000000000011,374,0,,0.4560669248351319,0.10796124999978929,r2apf,1,False,0,0,1,0.3333333333333333,360.0,1,1,2,11,1,9,9,A,5467,0.575,True,0.6982173639980829
0,51.68182477447194,518,4,,0.46354379706481275,0.14371234999998705,r2apf,8,False,4,0,8,0.2270833333333333,391.0,8,4,4,14,8,12,12,A,5468,0.5125,True,0.5608441650010718
0,36.400000000000134,364,0,,0.48850238515895084,0.05378344800010382,r2apf,0,False,0,0,0,,186.0,0,0,1,2,0,5,5,A,5469,0.3125,True,0.17937624899877846
0,43.38877675117421,434,2,,0.40962400682906736,0.088243393999619,r2apf,3,False,2,0,3,0.16666666666666666,429.0,3,1,4,21,3,10,10,A,5470,0.425,True,0.39351752399943507
0,39.500000000000135,395,0,,0.459647242028868,0.09420986299937795,r2apf,1,False,0,0,1,0.16666666666666666,455.0,1,1,9,15,1,11,11,A,5471,0.4125,True,0.6192612879985973
0,52.03015040465315,522,5,,0.4749788634293265,0.16512616599993635,r2apf,11,False,5,0,11,0.3084656084656085,269.0,11,6,2,5,11,12,12,A,5472,0.4125,True,0.6017022229998474
0,39.800000000000146,398,0,,0.4503805805654991,0.09179787299945019,r2apf,0,False,0,0,0,,399.0,0,0,4,12,0,10,10,A,5473,0.4375,True,0.6730490799973268
0,40.100000000000044,401,0,,0.4726620338067375,0.07151921000058792,r2apf,0,False,0,0,0,,374.0,0,0,1,4,0,8,8,A,5474,0.35,True,0.32032129499930306
0,41.700000000000145,417,0,,0.47243954793678067,0.12590316999921924,r2apf,0,False,0,0,0,,614.0,0,0,6,12,0,14,14,A,5475,0.4625,True,0.9894718379982805
0,36.40000000000001,364,0,,0.40487003584929204,0.06757229399954667,r2apf,0,False,0,0,0,,261.0,0,0,1,5,0,7,7,A,5476,0.375,True,0.32547588599936716
0,38.10000000000017,381,0,,0.4985800640896085,0.08383084300021437,r2apf,1,False,0,0,1,0.16666666666666666,403.0,1,1,3,8,1,8,8,A,5477,0.4,True,0.4350506750006389
0,51.4308128262232,516,4,,0.4217510384426042,0.14773089699974662,r2apf,6,False,4,0,6,0.23809523809523808,562.0,6,2,5,12,6,16,16,A,5478,0.425,True,0.9968046399981176
0,39.70000000000012,397,0,,0.40637989421523085,0.10171385200010263,r2apf,0,False,0,0,0,,439.0,0,0,6,15,0,11,11,A,5479,0.4,True,0.5586240159982481
0,36.400000000000105,364,0,,0.40506773115310746,0.006459608000113803,r2apf,0,False,0,0,0,,64.0,0,0,0,0,0,1,1,A,5480,0.4375,True,0.006459608000113803
0,38.600000000000094,386,0,,0.4989031123666762,0.093158614999993,r2apf,0,False,0,0,0,,422.0,0,0,4,15,0,9,9,A,5481,0.4875,True,0.43066569399979926
0,47.19514515636334,473,3,,0.4082185908216193,0.13692678500046895,r2apf,4,False,3,0,4,0.1111111111111111,447.0,4,1,5,13,4,15,15,A,5482,0.4875,True,1.0517827620014941
0,51.4916143963157,516,4,,0.4949655026635621,0.12880415899962827,r2apf,7,False,4,0,7,0.2222222222222222,472.0,7,3,3,7,7,14,14,A,5483,0.425,True,0.828712200001064
0,36.20000000000003,362,0,,0.44033810743757285,0.09327687299992249,r2apf,0,False,0,0,0,,193.0,0,0,2,3,0,5,5,A,5484,0.475,True,0.2694597569980033
0,38.600000000000136,386,0,,0.4510407942542906,0.09019719200023246,r2apf,0,False,0,0,0,,404.0,0,0,2,14,0,8,8,A,5485,0.425,True,0.3775156639994748
0,41.90000000000019,419,1,,0.4591697841702065,0.11333635800019692,r2apf,3,False,1,0,3,0.16666666666666666,280.0,3,2,3,4,3,8,8,A,5486,0.4875,True,0.5839832060019035
0,43.60000000000006,436,1,,0.4517162907398303,0.13134414400064998,r2apf,4,False,1,0,4,0.24206349206349206,411.0,4,3,2,9,4,11,11,A,5487,0.4625,True,0.681087120002303
0,38.599999999999966,386,0,,0.45199979261730244,0.06846974499967473,r2apf,0,False,0,0,0,,352.0,0,0,1,5,0,9,9,A,5488,0.375,True,0.4344594780022817
0,39.4000000000001,394,0,,0.48561372801196623,0.08396841499961738,r2apf,0,False,0,0,0,,503.0,0,0,4,14,0,12,12,A,5489,0.475,True,0.6135435929982123
0,37.100000000000044,371,0,,0.4167381179091823,0.08095192500059056,r2apf,0,False,0,0,0,,361.0,0,0,3,11,0,8,8,A,5490,0.4375,True,0.36171938800089265
0,36.70000000000009,367,0,,0.43246251979244327,0.07860473999971873,r2apf,0,False,0,0,0,,355.0,0,0,1,6,0,8,8,A,5491,0.3875,True,0.35042323699872213
0,46.29999999999996,463,2,,0.4168364325748271,0.14234671099984553,r2apf,4,False,2,0,4,0.15476190476190477,531.0,4,2,6,21,4,13,13,A,5492,0.4875,True,1.0055895679997775
0,54.75220537275357,549,5,,0.40882782762291686,0.3203827609995642,r2apf,16,False,5,0,16,0.3234126984126984,524.0,16,11,3,13,16,15,15,A,5493,0.3625,True,1.139234093997402
0,44.31673916955843,444,2,,0.4206727659347074,0.10834379500010982,r2apf,3,False,2,0,3,0.2,366.0,3,1,2,6,3,10,10,A,5494,0.425,True,0.5440692620004484
0,37.60000000000005,376,0,,0.4170556390192533,0.12008537500059902,r2apf,0,False,0,0,0,,235.0,0,0,2,10,0,7,7,A,5495,0.5375,True,0.5989600470002188
0,37.6000000000002,376,0,,0.45867048335851035,0.09480063200044242,r2apf,0,False,0,0,0,,295.0,0,0,3,7,0,7,7,A,5496,0.4625,True,0.37487744800273504
0,40.50000000000008,405,0,,0.45584440681005867,0.11032620700007101,r2apf,2,False,0,0,2,0.25,352.0,2,2,5,13,2,9,9,A,5497,0.425,True,0.5932904670007701
0,39.400000000000105,394,0,,0.4918824256389439,0.10056912599975476,r2apf,1,False,0,0,1,0.125,447.0,1,1,4,19,1,12,12,A,5498,0.4,True,0.6722938709990558
0,46.419698234944484,465,2,,0.48695565761792725,0.09301103500001773,r2apf,4,False,2,0,4,0.25,532.0,4,2,4,17,4,13,13,A,5499,0.425,True,0.6212846010012072
0,37.700000000000024,377,0,,0.45467124575264684,0.11784044100022584,r2apf,0,False,0,0,0,,126.0,0,0,0,0,0,3,3,B,5000,0.43333333333333335,True,0.23197223900024255
0,41.30000000000017,413,1,,0.44050144442093003,0.15955641000073228,r2apf,2,False,1,0,2,0.16666666666666666,550.0,2,1,1,22,2,13,13,B,5001,0.5,True,1.206551342002058
0,41.01673916955827,411,1,,0.41886320512299513,0.17691376999937347,r2apf,4,False,1,0,4,0.17592592592592593,377.0,4,3,1,9,4,10,10,B,5002,0.4583333333333333,True,0.9079291250000097
0,42.90000000000018,429,1,,0.4889008203531349,0.14735207299963804,r2apf,2,False,1,0,2,0.16666666666666666,462.0,2,1,6,17,2,12,12,B,5003,0.45,True,0.9251123870008087
0,38.5,385,0,,0.42095880715573697,0.16192342700014706,r2apf,1,False,0,0,1,0.16666666666666666,509.0,1,1,5,17,1,12,12,B,5004,0.4166666666666667,True,1.022363975999724
0,52.63907913550575,527,5,,0.482827762287706,0.2814588580004056,r2apf,11,False,5,0,11,0.23055555555555554,557.0,11,6,2,17,11,16,16,B,5005,0.5166666666666667,True,1.3641987250002785
0,37.80000000000003,378,0,,0.4297519057610079,0.12932241399994382,r2apf,0,False,0,0,0,,414.0,0,0,3,9,0,10,10,B,5006,0.4583333333333333,True,0.8292563329987388
0,39.200000000000024,392,0,,0.45659192585533637,0.14475677500013262,r2apf,1,False,0,0,1,0.3333333333333333,338.0,1,1,2,8,1,8,8,B,5007,0.44166666666666665,True,0.6524517960015146
0,37.600000000000016,376,0,,0.498576341279752,0.11505543899966142,r2apf,0,False,0,0,0,,299.0,0,0,0,2,0,6,6,B,5008,0.4166666666666667,True,0.3170508399989558
0,46.61413113272736,467,3,,0.4946293896553475,0.18938951900054235,r2apf,6,False,3,0,6,0.2333333333333333,397.0,6,3,3,7,6,12,12,B,5009,0.49166666666666664,True,1.159864033001213
0,37.90000000000009,379,0,,0.47698240802016834,0.1118270550014131,r2apf,0,False,0,0,0,,242.0,0,0,1,4,0,6,6,B,5010,0.35,True,0.48339180500261136
0,64.96291079835959,652,9,,0.4186262788755518,0.22953663199950824,r2apf,20,False,9,0,20,0.3297979797979798,534.0,20,11,14,31,20,21,21,B,5011,0.48333333333333334,True,2.0978783809987362
0,46.12661389848279,462,3,,0.45003362333514874,0.24440599199988355,r2apf,5,False,3,0,5,0.18333333333333335,657.0,5,2,5,15,5,17,17,B,5012,0.5166666666666667,True,1.4447856809965742
0,41.944000775444415,421,2,,0.4046361827774098,0.14029994899829035,r2apf,5,False,2,0,5,0.31746031746031744,346.0,5,3,1,11,5,10,10,B,5013,0.4166666666666667,True,0.7400445240000408
0,49.032189062982205,492,4,,0.49813493444182955,0.2703546200009441,r2apf,9,False,4,0,9,0.4055011655011655,251.0,9,5,3,9,9,10,10,B,5014,0.45,True,0.8695370440000261
0,42.400000000000205,424,1,,0.41806128236924733,0.12873458600006416,r2apf,3,False,1,0,3,0.17142857142857143,369.0,3,2,1,16,3,9,9,B,5015,0.375,True,0.6344195420024334
0,36.90000000000003,369,0,,0.43792342096905207,0.1197569800006022,r2apf,1,False,0,0,1,0.16666666666666666,483.0,1,1,5,12,1,10,10,B,5016,0.425,True,0.7009299429992097
0,39.10000000000012,391,0,,0.45415181184387465,0.1625728729995899,r2apf,1,False,0,0,1,0.3333333333333333,362.0,1,1,1,10,1,8,8,B,5017,0.5666666666666667,True,0.7332123380019766
0,38.50000000000003,385,0,,0.4768102679557753,0.1313180300003296,r2apf,1,False,0,0,1,0.14285714285714285,200.0,1,1,2,7,1,5,5,B,5018,0.35833333333333334,True,0.4386458090029919
0,39.683260830441995,397,1,,0.4423058508675598,0.12562365499979933,r2apf,2,False,1,0,2,0.3333333333333333,347.0,2,1,5,14,2,9,9,B,5019,0.475,True,0.6198200049948355
0,38.60000000000009,386,0,,0.4893824011652346,0.10273428199980117,r2apf,0,False,0,0,0,,360.0,0,0,0,8,0,10,10,B,5020,0.38333333333333336,True,0.6893822540041583
0,47.45143441086764,475,3,,0.47164335123696954,0.1879040800013172,r2apf,11,False,3,0,11,0.2700396825396825,545.0,11,8,12,35,11,16,16,B,5021,0.49166666666666664,True,1.766785419998996
0,50.946943900840445,510,3,,0.4829253358269831,0.18173736300013843,r2apf,7,False,3,0,7,0.21666666666666665,466.0,7,4,7,21,7,15,15,B,5022,0.525,True,1.3413182089989277
0,36.49999999999995,365,0,,0.49565052062048254,0.1322076209999068,r2apf,0,False,0,0,0,,370.0,0,0,3,11,0,9,9,B,5023,0.45,True,0.7335461260008742
0,38.60000000000012,386,0,,0.46477814492370706,0.1324661800008471,r2apf,1,False,0,0,1,0.2222222222222222,304.0,1,1,2,8,1,6,6,B,5024,0.425,True,0.48230182900078944
0,36.800000000000075,368,0,,0.41331670184450664,0.1606960919998528,r2apf,1,False,0,0,1,0.3333333333333333,307.0,1,1,4,6,1,8,8,B,5025,0.475,True,0.8162528739994741
0,38.1,381,0,,0.4008337954131795,0.12963043699892296,r2apf,1,False,0,0,1,0.16666666666666666,366.0,1,1,4,13,1,8,8,B,5026,0.36666666666666664,True,0.6512336369996774
0,42.4000000000002,424,1,,0.43161994653988284,0.13771390700094344,r2apf,2,False,1,0,2,0.16666666666666666,360.0,2,1,3,12,2,11,11,B,5027,0.44166666666666665,True,0.928005394001957
0,75.34544409990707,760,14,,0.4408480864430588,0.3762788089989044,r2apf,32,False,14,0,32,0.43013375513375507,579.0,32,18,14,31,32,29,29,B,5028,0.48333333333333334,True,3.0309347709971917
0,46.03536571393214,461,2,,0.4693160831082021,0.14583469399985916,r2apf,6,False,2,0,6,0.21666666666666667,572.0,6,4,2,15,6,15,15,B,5029,0.475,True,1.3158702499986248
0,39.00000000000013,390,0,,0.47873774654301476,0.1469101779985067,r2apf,1,False,0,0,1,0.16666666666666666,527.0,1,1,5,12,1,11,11,B,5030,0.44166666666666665,True,0.9440733219998947
0,37.90000000000016,379,0,,0.4329533712964452,0.15224162300000899,r2apf,1,False,0,0,1,0.16666666666666666,510.0,1,1,9,19,1,12,12,B,5031,0.375,True,1.0856708900046215
0,37.80000000000005,378,0,,0.4141555965799485,0.10393181899962656,r2apf,0,False,0,0,0,,366.0,0,0,2,10,0,8,8,B,5032,0.39166666666666666,True,0.4767582219956239
0,41.200000000000124,412,1,,0.40060097859930055,0.1161668409986305,r2apf,2,False,1,0,2,0.16666666666666666,416.0,2,1,3,10,2,11,11,B,5033,0.4166666666666667,True,0.7695686329989258
0,44.818813821797995,449,2,,0.49612310241088087,0.14440417100013292,r2apf,2,False,2,0,2,,415.0,2,0,2,11,2,13,13,B,5034,0.4666666666666667,True,1.0959910589990614
0,41.400000000000205,414,1,,0.4352966606798708,0.13946335900072881,r2apf,2,False,1,0,2,0.16666666666666666,341.0,2,1,2,4,2,9,9,B,5035,0.5,True,0.7777847559991642
0,49.12076230187264,492,3,,0.4635022244792215,0.2433963510011381,r2apf,10,False,3,0,10,0.27749433106575966,510.0,10,7,8,18,10,14,14,B,5036,0.49166666666666664,True,1.6106647369961138
0,38.200000000000074,382,0,,0.4381911060706047,0.1326514619995578,r2apf,0,False,0,0,0,,503.0,0,0,5,23,0,13,13,B,5037,0.45,True,1.1924130089973914
0,36.60000000000004,366,0,,0.44258948103652,0.1478826910006319,r2apf,1,False,0,0,1,0.14285714285714285,326.0,1,1,1,4,1,8,8,B,5038,0.39166666666666666,True,0.7399458050003886
0,38.90000000000017,389,0,,0.4240141773431751,0.13088854500165326,r2apf,1,False,0,0,1,0.16666666666666666,417.0,1,1,1,6,1,8,8,B,5039,0.4166666666666667,True,0.4643071279988362
0,42.466521660883906,425,1,,0.44182817192123625,0.14341717599927506,r2apf,3,False,1,0,3,0.25,496.0,3,2,1,10,3,12,12,B,5040,0.48333333333333334,True,1.0144366770000488
0,45.694506021570994,458,2,,0.46785849421756864,0.1203180849988712,r2apf,4,False,2,0,4,0.18333333333333335,519.0,4,2,4,18,4,14,14,B,5041,0.4,True,1.032000874994992
0,68.38275587531615,687,9,,0.4812751034736043,0.2889882999988913,r2apf,20,False,9,0,20,0.3285550308277581,1024.0,20,11,8,28,20,30,30,B,5042,0.49166666666666664,True,3.3885051639990706
0,47.26712791401436,474,3,,0.46382021742394036,0.1683146459999989,r2apf,6,False,3,0,6,0.18888888888888888,605.0,6,3,6,24,6,16,16,B,5043,0.475,True,1.146386981001342
0,71.6951658763434,720,12,,0.4690161802242334,0.34703872300087824,r2apf,26,False,12,0,26,0.2900510204081632,740.0,26,14,15,34,26,29,29,B,5044,0.5833333333333334,True,3.3388504540034774
0,38.900000000000105,389,0,,0.4708393262561493,0.14990604800004803,r2apf,1,False,0,0,1,0.3333333333333333,313.0,1,1,2,5,1,7,7,B,5045,0.45,True,0.5789682299982815
0,37.90000000000004,379,0,,0.4734643583566784,0.11937759200009168,r2apf,0,False,0,0,0,,327.0,0,0,5,13,0,8,8,B,5046,0.38333333333333336,True,0.6937490170021192
0,41.600000000000165,416,1,,0.45967559672730746,0.14741846800097846,r2apf,3,False,1,0,3,0.16666666666666666,285.0,3,2,4,11,3,9,9,B,5047,0.475,True,0.771240915004455
0,39.80000000000004,398,0,,0.4116143003278323,0.1219406420004816,r2apf,0,False,0,0,0,,338.0,0,0,1,6,0,9,9,B,5048,0.4583333333333333,True,0.831869811998331
0,43.70000000000024,437,1,,0.4273261541095032,0.13572447000115062,r2apf,1,False,1,0,1,,327.0,1,0,2,15,1,10,10,B,5049,0.49166666666666664,True,0.8397670520025713
0,44.1167391695584,442,2,,0.4979838468553685,0.20017473900043115,r2apf,5,False,2,0,5,0.15873015873015872,530.0,5,3,6,20,5,14,14,B,5050,0.4666666666666667,True,1.4239211180029088
0,39.300000000000075,393,0,,0.474103023032235,0.15273539400004665,r2apf,0,False,0,0,0,,415.0,0,0,3,11,0,11,11,B,5051,0.475,True,1.0390168530011579
0,38.50000000000013,385,0,,0.4010053302494058,0.14803196600041701,r2apf,2,False,0,0,2,0.25,622.0,2,2,5,12,2,14,14,B,5052,0.4166666666666667,True,1.259807695998461
0,44.40540602869751,445,3,,0.4939943111527888,0.14445566600079474,r2apf,5,False,3,0,5,0.25,223.0,5,2,6,14,5,9,9,B,5053,0.4166666666666667,True,0.618774147997101
0,38.70000000000006,387,0,,0.4774860385668623,0.17774715999985347,r2apf,2,False,0,0,2,0.3333333333333333,562.0,2,2,4,14,2,12,12,B,5054,0.475,True,0.9309666730023309
0,37.60000000000017,376,0,,0.4764778052111984,0.1390814650003449,r2apf,0,False,0,0,0,,464.0,0,0,7,18,0,10,10,B,5055,0.44166666666666665,True,0.9154479789976904
0,41.400000000000205,414,1,,0.45144376733576863,0.12142310299896053,r2apf,2,False,1,0,2,0.16666666666666666,385.0,2,1,1,3,2,9,9,B,5056,0.35,True,0.5020510880003712
0,39.700000000000095,397,0,,0.4982339688783132,0.15304047400059062,r2apf,0,False,0,0,0,,375.0,0,0,2,10,0,9,9,B,5057,0.5,True,1.0195098549993418
0,37.90000000000014,379,0,,0.4743757986471944,0.14787614499982737,r2apf,0,False,0,0,0,,371.0,0,0,2,13,0,10,10,B,5058,0.5,True,1.0066829059978772
0,36.800000000000175,368,0,,0.4353137574660689,0.11861336199945072,r2apf,0,False,0,0,0,,450.0,0,0,5,11,0,11,11,B,5059,0.43333333333333335,True,0.8722504490015126
0,42.40000000000013,424,1,,0.47012051644982866,0.18199493999964034,r2apf,2,False,1,0,2,0.125,438.0,2,1,0,15,2,11,11,B,5060,0.5,True,0.9972615590031637
0,36.30000000000005,363,0,,0.4916476246292318,0.10114830000020447,r2apf,0,False,0,0,0,,154.0,0,0,0,4,0,4,4,B,5061,0.44166666666666665,True,0.2895471149986406
0,36.10000000000008,361,0,,0.443878357666178,0.1009193249992677,r2apf,0,False,0,0,0,,252.0,0,0,0,13,0,8,8,B,5062,0.4,True,0.5363063310014695
0,40.80000000000015,408,1,,0.4565788636127242,0.1250469400001748,r2apf,3,False,1,0,3,0.25,355.0,3,2,2,13,3,10,10,B,5063,0.425,True,0.7494471230020281
0,50.87566835109131,510,4,,0.47116624223114767,0.18190377199971408,r2apf,9,False,4,0,9,0.2999206349206349,481.0,9,5,5,15,9,16,16,B,5064,0.38333333333333336,True,1.1544271009934164
0,37.20000000000016,372,0,,0.4891685725153391,0.11734357600107614,r2apf,0,False,0,0,0,,357.0,0,0,7,11,0,9,9,B,5065,0.45,True,0.7151089490052982
0,43.10582473018136,432,2,,0.49635061261901064,0.1361955840002338,r2apf,4,False,2,0,4,0.25,169.0,4,2,1,7,4,6,6,B,5066,0.375,True,0.3970475210007862
0,52.936891897825156,533,6,,0.46586223921055,0.1833525499987445,r2apf,7,False,6,0,7,0.2,378.0,7,1,3,8,7,15,15,B,5067,0.48333333333333334,True,0.9850214759990195
0,42.500000000000156,425,1,,0.43058145585026275,0.1695335479998903,r2apf,3,False,1,0,3,0.25,534.0,3,2,4,21,3,13,13,B,5068,0.5,True,1.1283767050008464
0,50.64917378807922,507,3,,0.4243247886333674,0.17474575500091305,r2apf,6,False,3,0,6,0.35185185185185186,546.0,6,3,7,16,6,16,16,B,5069,0.425,True,1.3197992940040422
0,40.30000000000005,403,0,,0.4921229400339478,0.14233670300018275,r2apf,2,False,0,0,2,0.25,585.0,2,2,4,13,2,12,12,B,5070,0.475,True,0.8965474299984635
0,40.2,402,0,,0.446312367753363,0.1360384809995594,r2apf,0,False,0,0,0,,473.0,0,0,2,9,0,11,11,B,5071,0.475,True,0.924888817997271
0,39.03304332176748,391,1,,0.4471919989257435,0.12757363300079305,r2apf,2,False,1,0,2,0.14285714285714285,336.0,2,1,2,8,2,9,9,B,5072,0.425,True,0.7030350050044945
0,51.9859042579388,521,4,,0.4402586273181336,0.2149146550000296,r2apf,12,False,4,0,12,0.3064484126984127,414.0,12,8,5,30,12,14,14,B,5073,0.49166666666666664,True,1.4116719670000748
0,37.19999999999997,372,0,,0.4286159590493663,0.12797498100007942,r2apf,0,False,0,0,0,,477.0,0,0,9,25,0,12,12,B,5074,0.45,True,1.0345002350040886
0,39.00000000000007,390,0,,0.4579466151531342,0.12901983699885022,r2apf,0,False,0,0,0,,361.0,0,0,1,11,0,8,8,B,5075,0.4,True,0.5693667209961859
0,71.80540808255833,723,12,,0.4587092925643457,0.4332529749990499,r2apf,30,False,12,0,30,0.2408509700176367,677.0,30,18,11,36,30,27,27,B,5076,0.475,True,3.1411833809997916
0,46.74412729647757,469,3,,0.4343794629386302,0.14351795699985814,r2apf,8,False,3,0,8,0.23523809523809525,348.0,8,5,8,19,8,13,13,B,5077,0.39166666666666666,True,1.0424685100024362
0,45.80000000000022,458,2,,0.45084980174936873,0.13535889400009182,r2apf,3,False,2,0,3,0.14285714285714285,611.0,3,1,3,15,3,15,15,B,5078,0.45,True,1.0951913660028367
0,36.40000000000003,364,0,,0.42528943525119073,0.12342304999947373,r2apf,0,False,0,0,0,,213.0,0,0,2,7,0,6,6,B,5079,0.45,True,0.5442966999962664
0,38.900000000000084,389,0,,0.4585409809829815,0.12132781200125464,r2apf,1,False,0,0,1,0.3333333333333333,418.0,1,1,6,10,1,9,9,B,5080,0.43333333333333335,True,0.6730232420050015
0,37.300000000000125,373,0,,0.44590711287595464,0.0943784629998845,r2apf,0,False,0,0,0,,335.0,0,0,5,9,0,8,8,B,5081,0.4083333333333333,True,0.49165994100076205
0,37.300000000000026,373,0,,0.4486034322049067,0.09597173399924941,r2apf,0,False,0,0,0,,293.0,0,0,1,5,0,7,7,B,5082,0.4083333333333333,True,0.40345238500049163
0,50.52905846359674,507,5,,0.43265353151499353,0.21840450200033956,r2apf,13,False,5,0,13,0.33026695526695526,247.0,13,8,6,19,13,12,12,B,5083,0.425,True,1.1363365640008851
0,40.70000000000008,407,1,,0.45499484418989067,0.19148303300062253,r2apf,2,False,1,0,2,0.16666666666666666,335.0,2,1,2,6,2,9,9,B,5084,0.525,True,0.9223261809984251
0,47.646969077315866,477,3,,0.45220248937922625,0.17382696500135353,r2apf,6,False,3,0,6,0.21746031746031744,461.0,6,3,9,22,6,13,13,B,5085,0.4583333333333333,True,0.9836585600023682
0,43.912537763719676,440,2,,0.4838199897554383,0.15334791699933703,r2apf,4,False,2,0,4,0.16666666666666666,520.0,4,2,3,23,4,16,16,B,5086,0.48333333333333334,True,1.517488913008492
0,43.80000000000014,438,1,,0.40433675751683346,0.09461827199993422,r2apf,3,False,1,0,3,0.16666666666666666,368.0,3,2,2,15,3,10,10,B,5087,0.39166666666666666,True,0.6119603219995042
0,42.80000000000014,428,0,,0.47734152799019375,0.14857641499838792,r2apf,1,False,0,0,1,0.16666666666666666,610.0,1,1,8,24,1,15,15,B,5088,0.475,True,1.3877927709963842
0,38.499999999999986,385,0,,0.46045582535481927,0.11005870699955267,r2apf,0,False,0,0,0,,334.0,0,0,4,10,0,8,8,B,5089,0.4,True,0.5288006449991371
0,38.300000000000075,383,0,,0.43414985078467017,0.1168608400002995,r2apf,0,False,0,0,0,,167.0,0,0,1,7,0,5,5,B,5090,0.4,True,0.4290753550012596
0,49.820735220312265,500,4,,0.47581043439161963,0.2015950969998812,r2apf,11,False,4,0,11,0.32086167800453513,613.0,11,7,5,15,11,16,16,B,5091,0.49166666666666664,True,1.1499208460027148
0,43.30000000000023,433,1,,0.4169370662119025,0.15767681100078335,r2apf,2,False,1,0,2,0.14285714285714285,722.0,2,1,7,20,2,18,18,B,5092,0.5083333333333333,True,1.7234846060036944
0,38.100000000000065,381,0,,0.42509160042781413,0.13340335999964736,r2apf,1,False,0,0,1,0.125,361.0,1,1,2,15,1,9,9,B,5093,0.425,True,0.8036275329995988
0,41.50000000000006,415,1,,0.4892084659040498,0.15706559200043557,r2apf,3,False,1,0,3,0.2708333333333333,327.0,3,2,7,12,3,8,8,B,5094,0.4,True,0.6888693399996555
0,37.10000000000009,371,0,,0.44592176038840015,0.09602577999976347,r2apf,0,False,0,0,0,,327.0,0,0,0,5,0,8,8,B,5095,0.36666666666666664,True,0.5920811779997166
0,36.500000000000156,365,0,,0.4829342828463172,0.12444524400052615,r2apf,0,False,0,0,0,,789.0,0,0,3,38,0,17,17,B,5096,0.43333333333333335,True,1.085522192001008
0,35.90000000000009,359,0,,0.4543960157267541,0.12356429099963862,r2apf,0,False,0,0,0,,236.0,0,0,3,11,0,5,5,B,5097,0.4166666666666667,True,0.2902961849995336
0,37.300000000000125,373,0,,0.4319848471567689,0.12309947399990051,r2apf,0,False,0,0,0,,438.0,0,0,3,29,0,11,11,B,5098,0.4583333333333333,True,0.9302702039985888
0,39.100000000000094,391,0,,0.4310105572693711,0.16330851299971982,r2apf,1,False,0,0,1,0.16666666666666666,472.0,1,1,3,8,1,10,10,B,5099,0.48333333333333334,True,0.8314816659985809
0,45.70157745948415,458,2,,0.45531404631076716,0.17897604699828662,r2apf,6,False,2,0,6,0.26785714285714285,454.0,6,4,5,16,6,13,13,B,5100,0.5,True,1.256802099002016
0,43.40000000000024,434,1,,0.4855654966464563,0.1474836420002248,r2apf,1,False,1,0,1,,298.0,1,0,1,4,1,8,8,B,5101,0.5083333333333333,True,0.6240481210024882
0,42.16652166088382,422,1,,0.4158151222853562,0.15763979699841002,r2apf,3,False,1,0,3,0.16666666666666666,357.0,3,2,6,17,3,10,10,B,5102,0.425,True,0.8612564349987224
0,38.70000000000008,387,0,,0.4449245725221455,0.13891244600017671,r2apf,1,False,0,0,1,0.3333333333333333,474.0,1,1,4,16,1,12,12,B,5103,0.39166666666666666,True,1.003004455997143
0,36.800000000000026,368,0,,0.4739777416156292,0.11703024700000242,r2apf,0,False,0,0,0,,363.0,0,0,5,11,0,7,7,B,5104,0.425,True,0.3677178699999786
0,38.50000000000003,385,0,,0.4608994453477911,0.137081938000847,r2apf,0,False,0,0,0,,436.0,0,0,7,21,0,11,11,B,5105,0.5166666666666667,True,0.9448215180000261
0,37.800000000000125,378,0,,0.49337027337716094,0.13639148899892461,r2apf,1,False,0,0,1,0.3333333333333333,342.0,1,1,2,12,1,9,9,B,5106,0.48333333333333334,True,0.8958298989982723
0,37.900000000000055,379,0,,0.46887608808885295,0.11997891300052288,r2apf,0,False,0,0,0,,328.0,0,0,4,15,0,8,8,B,5107,0.4666666666666667,True,0.6261544940007298
0,40.483260830441985,405,1,,0.43682601439158,0.10859238099874347,r2apf,4,False,1,0,4,0.3206349206349206,438.0,4,3,6,12,4,11,11,B,5108,0.2916666666666667,True,0.5113995099964086
0,38.300000000000175,383,0,,0.49184379852152704,0.1044993669984251,r2apf,0,False,0,0,0,,315.0,0,0,2,6,0,7,7,B,5109,0.4083333333333333,True,0.4215783339968766
0,41.88326083044209,419,2,,0.4570268435140986,0.13345385399952647,r2apf,4,False,2,0,4,0.25,401.0,4,2,4,8,4,10,10,B,5110,0.39166666666666666,True,0.5810417519969633
0,37.900000000000105,379,0,,0.41730428577201345,0.1526884409995546,r2apf,1,False,0,0,1,0.16666666666666666,233.0,1,1,2,5,1,5,5,B,5111,0.45,True,0.4258839469985105
0,37.30000000000002,373,0,,0.45757209120384135,0.11235221900096803,r2apf,0,False,0,0,0,,381.0,0,0,2,6,0,10,10,B,5112,0.4,True,0.718780131002859
0,45.09763370939397,451,2,,0.43615666104911693,0.1902339580010448,r2apf,6,False,2,0,6,0.2626984126984127,503.0,6,4,9,20,6,15,15,B,5113,0.525,True,1.7868191590041533
0,41.199999999999996,412,1,,0.46849186620197425,0.11764238999967347,r2apf,2,False,1,0,2,0.16666666666666666,257.0,2,1,2,5,2,7,7,B,5114,0.35,True,0.3779890450005041
0,36.30000000000011,363,0,,0.48289040322410276,0.1384203029992932,r2apf,0,False,0,0,0,,316.0,0,0,2,9,0,9,9,B,5115,0.475,True,0.9333467819997168
0,44.31673916955846,444,2,,0.434338174699691,0.18182592899938754,r2apf,3,False,2,0,3,0.14285714285714285,475.0,3,1,6,20,3,13,13,B,5116,0.5083333333333333,True,1.4128131640027277
0,64.0592029427628,644,10,,0.44370622792882036,0.31388323200008017,r2apf,16,False,10,0,16,0.2561868686868687,556.0,16,6,4,23,16,22,22,B,5117,0.5,True,2.00285504500971
0,36.60000000000004,366,0,,0.4598444538410241,0.1371332069993514,r2apf,1,False,0,0,1,0.2,475.0,1,1,1,15,1,11,11,B,5118,0.45,True,0.943745681001019
0,37.70000000000005,377,0,,0.45449708468513117,0.1177358679997269,r2apf,0,False,0,0,0,,295.0,0,0,2,6,0,6,6,B,5119,0.45,True,0.3583860110029491
0,37.800000000000175,378,0,,0.4213420408718417,0.11936033700112603,r2apf,0,False,0,0,0,,290.0,0,0,4,11,0,8,8,B,5120,0.475,True,0.642874548000691
0,37.3000000000001,373,0,,0.49713629175687984,0.11190293099934934,r2apf,0,False,0,0,0,,283.0,0,0,2,13,0,7,7,B,5121,0.4166666666666667,True,0.546591835000072
0,39.70000000000005,397,0,,0.42848971401444397,0.1017016669993609,r2apf,0,False,0,0,0,,332.0,0,0,3,11,0,9,9,B,5122,0.425,True,0.7197131440043449
0,37.30000000000011,373,0,,0.4163966955476851,0.18899887100087653,r2apf,1,False,0,0,1,0.16666666666666666,385.0,1,1,2,11,1,9,9,B,5123,0.5583333333333333,True,0.8864696970031218
0,38.00000000000003,380,0,,0.48349162132013107,0.17466007099937997,r2apf,1,False,0,0,1,0.2,597.0,1,1,8,22,1,14,14,B,5124,0.48333333333333334,True,1.3386524049965374
0,38.000000000000085,380,0,,0.4053500657237493,0.17760456799987878,r2apf,1,False,0,0,1,0.2,374.0,1,1,4,10,1,8,8,B,5125,0.475,True,0.6004379799978778
0,40.00000000000008,400,0,,0.43421909074292087,0.1265930120007397,r2apf,2,False,0,0,2,0.2,351.0,2,2,4,12,2,8,8,B,5126,0.375,True,0.6075379860012617
0,44.286868997424634,443,2,,0.4535141453847535,0.15328166400104237,r2apf,3,False,2,0,3,0.2,507.0,3,1,2,12,3,13,13,B,5127,0.475,True,0.9415037150029093
0,37.0000000000001,370,0,,0.4012743093332066,0.13473716400039848,r2apf,1,False,0,0,1,0.16666666666666666,487.0,1,1,5,16,1,10,10,B,5128,0.4,True,0.8104882820007333
0,38.30000000000013,383,0,,0.4688246953149404,0.13637965499947313,r2apf,1,False,0,0,1,0.16666666666666666,482.0,1,1,4,12,1,12,12,B,5129,0.45,True,1.2310451259982074
0,55.09198049169575,553,6,,0.471968324086332,0.4314973590007867,r2apf,15,False,6,0,15,0.46808870142203474,346.0,15,9,9,23,15,14,14,B,5130,0.5083333333333333,True,1.2941950830008864
0,45.03469528856613,451,2,,0.47674269861976426,0.1442224759994133,r2apf,4,False,2,0,4,0.17142857142857143,609.0,4,2,10,22,4,16,16,B,5131,0.4583333333333333,True,1.3993546340007015
0,42.30000000000018,423,1,,0.47676998949643357,0.14775011699930474,r2apf,2,False,1,0,2,0.3333333333333333,324.0,2,1,6,16,2,10,10,B,5132,0.45,True,1.0082125129974884
0,41.40000000000016,414,1,,0.4791381279864526,0.1487920559993654,r2apf,3,False,1,0,3,0.18333333333333335,546.0,3,2,10,28,3,15,15,B,5133,0.4083333333333333,True,1.281499156004429
0,44.72558271763607,448,3,,0.42297400898173576,0.14865129900135798,r2apf,5,False,3,0,5,0.2708333333333333,601.0,5,2,3,20,5,16,16,B,5134,0.4083333333333333,True,1.1853185899999517
0,39.0,390,0,,0.46407297288137167,0.11453166899991629,r2apf,2,False,0,0,2,0.25,652.0,2,2,6,21,2,13,13,B,5135,0.36666666666666664,True,0.8065234450023127
0,36.70000000000005,367,0,,0.42656672954581454,0.12312092200045299,r2apf,0,False,0,0,0,,311.0,0,0,1,8,0,7,7,B,5136,0.48333333333333334,True,0.463144616000136
0,40.300000000000175,403,1,,0.4100054171836297,0.12351368300005561,r2apf,2,False,1,0,2,0.3333333333333333,498.0,2,1,1,9,2,14,14,B,5137,0.39166666666666666,True,1.0734545960003743
0,37.500000000000085,375,0,,0.44500417484045984,0.1641657709988067,r2apf,2,False,0,0,2,0.18333333333333335,620.0,2,2,6,25,2,15,15,B,5138,0.525,True,1.5320284889949107
0,39.30000000000019,393,0,,0.48045479328697605,0.10445435199835629,r2apf,0,False,0,0,0,,359.0,0,0,3,9,0,9,9,B,5139,0.3416666666666667,True,0.6097976349974488
0,40.400000000000134,404,1,,0.4896350182777514,0.14912506799919356,r2apf,1,False,1,0,1,,475.0,1,0,1,12,1,12,12,B,5140,0.45,True,0.9355087769981765
0,48.06373854395023,481,3,,0.44133149742221,0.1810325170008582,r2apf,5,False,3,0,5,0.16666666666666666,656.0,5,2,16,36,5,18,18,B,5141,0.5166666666666667,True,1.7139398700037418
0,38.19999999999998,382,0,,0.4562856946209524,0.13639936900108296,r2apf,0,False,0,0,0,,423.0,0,0,2,11,0,12,12,B,5142,0.4083333333333333,True,1.1531112030006625
0,39.76559994280667,398,1,,0.4825100759436244,0.14216045899956953,r2apf,2,False,1,0,2,0.2857142857142857,495.0,2,1,4,13,2,13,13,B,5143,0.4583333333333333,True,1.2610396919972118
0,37.90000000000012,379,0,,0.46910499459229504,0.11958317300013732,r2apf,1,False,0,0,1,0.3333333333333333,351.0,1,1,2,11,1,9,9,B,5144,0.4583333333333333,True,0.8010409310008981
0,41.300000000000175,413,1,,0.40833176608100175,0.137086894001186,r2apf,3,False,1,0,3,0.29166666666666663,500.0,3,2,3,13,3,12,12,B,5145,0.44166666666666665,True,0.9257923810018838
0,39.70000000000007,397,1,,0.48650323289858904,0.1585476109994488,r2apf,2,False,1,0,2,0.16666666666666666,477.0,2,1,9,23,2,12,12,B,5146,0.44166666666666665,True,1.0987069019975024
0,72.62140232018544,731,13,,0.49013698623137797,0.32220927699927415,r2apf,22,False,13,0,22,0.3319063652396986,724.0,22,9,12,35,22,28,28,B,5147,0.5,True,3.1096533549953165
0,38.500000000000085,385,0,,0.4621156273920184,0.15797299499899964,r2apf,1,False,0,0,1,0.14285714285714285,416.0,1,1,4,16,1,10,10,B,5148,0.4666666666666667,True,0.9488308059972042
0,39.600000000000136,396,0,,0.4693196031068732,0.15944738600046549,r2apf,1,False,0,0,1,0.125,768.0,1,1,11,27,1,17,17,B,5149,0.525,True,1.7839038809997874
0,36.000000000000135,360,0,,0.4693863995386122,0.12168873299924599,r2apf,0,False,0,0,0,,358.0,0,0,3,16,0,8,8,B,5150,0.425,True,0.630826189997606
0,38.9000000000001,389,0,,0.4547622817178156,0.12416801499966823,r2apf,0,False,0,0,0,,354.0,0,0,2,4,0,9,9,B,5151,0.5166666666666667,True,0.7822165389989095
0,38.00000000000006,380,0,,0.4306908207895144,0.12563985700035118,r2apf,0,False,0,0,0,,256.0,0,0,0,7,0,7,7,B,5152,0.4166666666666667,True,0.5437053549994744
0,40.30000000000013,403,0,,0.43246917297441306,0.16334955599995737,r2apf,2,False,0,0,2,0.24285714285714285,451.0,2,2,3,10,2,10,10,B,5153,0.48333333333333334,True,0.8737979509987781
0,38.500000000000156,385,0,,0.4269615737577599,0.13254711300032795,r2apf,0,False,0,0,0,,568.0,0,0,6,22,0,14,14,B,5154,0.44166666666666665,True,1.2250949039989791
0,38.000000000000135,380,0,,0.48096423390621573,0.15081629599990265,r2apf,0,False,0,0,0,,448.0,0,0,4,15,0,10,10,B,5155,0.45,True,0.8555144329948234
0,42.100000000000044,421,1,,0.4827894531052919,0.14249384800132248,r2apf,1,False,1,0,1,,535.0,1,0,5,19,1,14,14,B,5156,0.4666666666666667,True,1.1105258079987834
0,39.10000000000003,391,0,,0.4359643121295394,0.11875140099982673,r2apf,0,False,0,0,0,,440.0,0,0,5,9,0,10,10,B,5157,0.4,True,0.7552970310007368
0,36.700000000000145,367,0,,0.4557478200758867,0.18138365800041356,r2apf,2,False,0,0,2,0.25,493.0,2,2,4,12,2,13,13,B,5158,0.5333333333333333,True,1.3826507539979502
0,46.700000000000294,467,2,,0.4660687497862475,0.16098471199984488,r2apf,4,False,2,0,4,0.26666666666666666,419.0,4,2,4,18,4,12,12,B,5159,0.48333333333333334,True,1.1441558050009917
0,53.94068830821987,542,6,,0.4649299166097363,0.2812833200005116,r2apf,13,False,6,0,13,0.31133350776207924,381.0,13,7,4,22,13,15,15,B,5160,0.5,True,1.430881546000819
0,40.20000000000008,402,0,,0.4131578979158165,0.11061635700025363,r2apf,2,False,0,0,2,0.25,389.0,2,2,3,11,2,8,8,B,5161,0.39166666666666666,True,0.5288939980018768
0,40.000000000000085,400,0,,0.43529622544507524,0.11662352600069426,r2apf,0,False,0,0,0,,454.0,0,0,0,5,0,10,10,B,5162,0.4,True,0.7066918379987328
0,43.40000000000025,434,1,,0.4196445010633478,0.15430108299915446,r2apf,2,False,1,0,2,0.16666666666666666,326.0,2,1,3,14,2,9,9,B,5163,0.45,True,0.8503847680003673
0,38.50000000000013,385,0,,0.433126509558893,0.1057336789999681,r2apf,0,False,0,0,0,,344.0,0,0,2,16,0,9,9,B,5164,0.3333333333333333,True,0.6792872530022578
0,41.80000000000015,418,1,,0.4425824106505324,0.10990634900008445,r2apf,1,False,1,0,1,,471.0,1,0,5,15,1,12,12,B,5165,0.4083333333333333,True,0.7054771999974037
0,37.70000000000004,377,0,,0.4530051690370121,0.12251056899913237,r2apf,1,False,0,0,1,0.3333333333333333,496.0,1,1,1,15,1,11,11,B,5166,0.44166666666666665,True,0.8369182839960558
0,45.000000000000256,450,1,,0.49607893655438884,0.15795324499958951,r2apf,3,False,1,0,3,0.20833333333333331,534.0,3,2,6,24,3,15,15,B,5167,0.49166666666666664,True,1.462660490999042
0,36.70000000000013,367,0,,0.4734176434981982,0.13272768200113205,r2apf,0,False,0,0,0,,257.0,0,0,1,7,0,6,6,B,5168,0.425,True,0.46952739500011376
0,39.400000000000226,394,0,,0.49233715667416517,0.1038429520012869,r2apf,0,False,0,0,0,,474.0,0,0,4,12,0,10,10,B,5169,0.3416666666666667,True,0.6196459930015408
0,36.300000000000125,363,0,,0.4498065246351599,0.11237650600014604,r2apf,0,False,0,0,0,,186.0,0,0,0,1,0,4,4,B,5170,0.39166666666666666,True,0.20656179599973257
0,37.60000000000016,376,0,,0.45648546909242593,0.1210390100004588,r2apf,0,False,0,0,0,,249.0,0,0,0,3,0,5,5,B,5171,0.375,True,0.29242636100207164
0,37.10000000000003,371,0,,0.49593781013053456,0.1544248169993807,r2apf,0,False,0,0,0,,369.0,0,0,4,19,0,9,9,B,5172,0.49166666666666664,True,0.8216211429989926
0,39.81673916955831,399,1,,0.43043776354899865,0.11259588499888196,r2apf,5,False,1,0,5,0.3,377.0,5,4,3,6,5,9,9,B,5173,0.4166666666666667,True,0.5751073299998097
0,43.81673916955833,439,1,,0.4375810322231376,0.1915570179990027,r2apf,5,False,1,0,5,0.18293650793650795,462.0,5,4,4,14,5,12,12,B,5174,0.43333333333333335,True,1.0228416409991041
0,37.500000000000135,375,0,,0.4780751016910223,0.10618954699930327,r2apf,0,False,0,0,0,,219.0,0,0,2,3,0,5,5,B,5175,0.375,True,0.3216316609978094
0,37.10000000000004,371,0,,0.4777957933352084,0.10408315700078674,r2apf,0,False,0,0,0,,320.0,0,0,3,11,0,8,8,B,5176,0.4,True,0.5039030539992382
0,39.500000000000085,395,0,,0.4478320705678274,0.12441004699940095,r2apf,1,False,0,0,1,0.2,431.0,1,1,5,20,1,12,12,B,5177,0.45,True,1.06149059100062
0,36.200000000000124,362,0,,0.4183761079759549,0.09667939500104694,r2apf,0,False,0,0,0,,241.0,0,0,1,7,0,6,6,B,5178,0.3416666666666667,True,0.37004352000076324
0,63.479832070804896,638,9,,0.45022893520729784,0.2882758979994833,r2apf,24,False,9,0,24,0.28182539682539687,406.0,24,15,7,23,24,20,20,B,5179,0.5416666666666666,True,2.5023282040001504
0,39.00000000000008,390,0,,0.47317392354129195,0.11195999599840434,r2apf,0,False,0,0,0,,305.0,0,0,2,9,0,6,6,B,5180,0.4166666666666667,True,0.28553522099718975
0,37.20000000000009,372,0,,0.45081611081427236,0.13645269900007406,r2apf,1,False,0,0,1,0.3333333333333333,191.0,1,1,1,3,1,5,5,B,5181,0.4583333333333333,True,0.45883628299816337
0,43.70000000000017,437,1,,0.47391396446057793,0.15942564199940534,r2apf,3,False,1,0,3,0.18333333333333335,567.0,3,2,3,14,3,14,14,B,5182,0.4666666666666667,True,1.2499199549984041
0,38.300000000000026,383,0,,0.46591714372275983,0.13012368700037769,r2apf,1,False,0,0,1,0.3333333333333333,527.0,1,1,3,13,1,11,11,B,5183,0.39166666666666666,True,0.7764570150029613
0,42.50000000000019,425,1,,0.40359602606468986,0.13506305999908363,r2apf,2,False,1,0,2,0.3333333333333333,359.0,2,1,4,13,2,8,8,B,5184,0.43333333333333335,True,0.42454797299978964
0,42.40000000000013,424,1,,0.4601683473968275,0.14691356799994537,r2apf,3,False,1,0,3,0.25,724.0,3,2,6,18,3,17,17,B,5185,0.49166666666666664,True,1.4486743819998082
0,38.30000000000004,383,0,,0.4410717871029777,0.06943890799993824,r2apf,0,False,0,0,0,,309.0,0,0,3,11,0,6,6,B,5186,0.375,True,0.23969224999927974
0,53.24056134739779,535,6,,0.44607892384721554,0.2692010589998972,r2apf,14,False,6,0,14,0.3513888888888889,400.0,14,8,3,8,14,15,15,B,5187,0.5166666666666667,True,1.4795074490011757
0,42.40000000000026,424,2,,0.429456284957822,0.1158208190008736,r2apf,3,False,2,0,3,0.3333333333333333,401.0,3,1,4,13,3,10,10,B,5188,0.4166666666666667,True,0.668177891000596
0,38.50000000000012,385,0,,0.4325489202026823,0.17118683399894508,r2apf,0,False,0,0,0,,368.0,0,0,3,10,0,9,9,B,5189,0.5416666666666666,True,0.9865699429992674
0,39.50000000000017,395,0,,0.42279681048535334,0.11776140199981455,r2apf,1,False,0,0,1,0.16666666666666666,290.0,1,1,2,9,1,6,6,B,5190,0.38333333333333336,True,0.49028328900021734
0,46.20000000000018,462,3,,0.4586407525220659,0.13224923199959449,r2apf,4,False,3,0,4,0.3333333333333333,595.0,4,1,15,42,4,20,20,B,5191,0.43333333333333335,True,1.668042240999057
0,38.600000000000136,386,0,,0.41676449571878615,0.11139362399990205,r2apf,0,False,0,0,0,,414.0,0,0,9,30,0,11,11,B,5192,0.4166666666666667,True,0.740714718000163
0,39.20000000000019,392,0,,0.47657936109783405,0.13930505600001197,r2apf,2,False,0,0,2,0.24285714285714285,389.0,2,2,7,17,2,10,10,B,5193,0.48333333333333334,True,1.0343121050009358
0,38.80000000000014,388,0,,0.4240647510109819,0.1422193150010571,r2apf,1,False,0,0,1,0.16666666666666666,452.0,1,1,3,8,1,10,10,B,5194,0.45,True,0.8825822390008398
0,39.60000000000015,396,1,,0.4758704963006814,0.1599779860007402,r2apf,3,False,1,0,3,0.25,410.0,3,2,2,11,3,10,10,B,5195,0.475,True,0.8613726520052296
0,37.200000000000095,372,0,,0.4303944687320864,0.11208994700064068,r2apf,0,False,0,0,0,,439.0,0,0,2,16,0,11,11,B,5196,0.375,True,0.7780629890021373
0,39.60000000000003,396,0,,0.4624307416149163,0.16737528000157909,r2apf,1,False,0,0,1,0.16666666666666666,491.0,1,1,2,12,1,13,13,B,5197,0.525,True,1.1886917730025743
0,39.00000000000008,390,0,,0.4237455101908544,0.10008961700077634,r2apf,0,False,0,0,0,,267.0,0,0,3,4,0,7,7,B,5198,0.4166666666666667,True,0.4841754139997647
0,53.39571613443668,534,4,,0.4966100016675221,0.20962644499923044,r2apf,8,False,4,0,8,0.16904761904761903,714.0,8,4,9,24,8,20,20,B,5199,0.5083333333333333,True,1.909532350000518
0,38.00000000000021,380,0,,0.45141239709984704,0.10778309899978922,r2apf,0,False,0,0,0,,145.0,0,0,1,3,0,3,3,B,5200,0.375,True,0.15784183199866675
0,38.40000000000004,384,0,,0.45389347943721176,0.11908907199904206,r2apf,0,False,0,0,0,,440.0,0,0,4,12,0,11,11,B,5201,0.43333333333333335,True,0.9128361189996212
0,39.80000000000028,398,1,,0.4148841563470132,0.1353668089996063,r2apf,2,False,1,0,2,0.14285714285714285,500.0,2,1,5,14,2,14,14,B,5202,0.5,True,1.241495919000954
0,40.70000000000015,407,0,,0.4831344695353167,0.12487058000078832,r2apf,0,False,0,0,0,,500.0,0,0,2,8,0,12,12,B,5203,0.44166666666666665,True,1.0495250719995965
0,36.19999999999998,362,0,,0.416219577255566,0.08951911999974982,r2apf,0,False,0,0,0,,168.0,0,0,1,6,0,4,4,B,5204,0.36666666666666664,True,0.2041284810002253
0,37.000000000000085,370,0,,0.4107791659728975,0.12577605700062122,r2apf,0,False,0,0,0,,295.0,0,0,1,12,0,7,7,B,5205,0.5083333333333333,True,0.4997507489970303
0,44.221117261814676,443,2,,0.4636515007276955,0.1469640690011147,r2apf,2,False,2,0,2,,402.0,2,0,4,16,2,13,13,B,5206,0.44166666666666665,True,0.9928053810053825
0,42.76695667823275,428,2,,0.45231249704525917,0.140897347999271,r2apf,5,False,2,0,5,0.3333333333333333,291.0,5,3,4,12,5,8,8,B,5207,0.43333333333333335,True,0.5209442420000414
0,35.40000000000004,354,0,,0.4901319893558234,0.10031520899974566,r2apf,0,False,0,0,0,,393.0,0,0,2,8,0,10,10,B,5208,0.325,True,0.6635718799989263
0,40.88326083044203,409,1,,0.4728865614122157,0.11274738899919612,r2apf,2,False,1,0,2,0.3333333333333333,436.0,2,1,8,23,2,13,13,B,5209,0.44166666666666665,True,0.9258526029989298
0,37.200000000000074,372,0,,0.4688837228814174,0.11543195400008699,r2apf,0,False,0,0,0,,277.0,0,0,1,2,0,6,6,B,5210,0.4666666666666667,True,0.38462034099939046
0,37.10000000000004,371,0,,0.4241097211248707,0.09993511799984844,r2apf,0,False,0,0,0,,316.0,0,0,0,4,0,7,7,B,5211,0.36666666666666664,True,0.45254707999993116
0,36.40000000000003,364,0,,0.40172192288069913,0.12618136499986576,r2apf,0,False,0,0,0,,303.0,0,0,3,12,0,7,7,B,5212,0.4166666666666667,True,0.5380113300016092
0,36.900000000000105,369,0,,0.41143307551885494,0.12091201600014756,r2apf,0,False,0,0,0,,407.0,0,0,3,12,0,10,10,B,5213,0.39166666666666666,True,0.7952781810017768
0,38.000000000000135,380,0,,0.47163449794763107,0.11011917900032131,r2apf,0,False,0,0,0,,283.0,0,0,2,9,0,6,6,B,5214,0.39166666666666666,True,0.37683743700472405
0,39.30000000000019,393,0,,0.4539226781881435,0.1078460200005793,r2apf,1,False,0,0,1,0.3333333333333333,250.0,1,1,0,1,1,6,6,B,5215,0.38333333333333336,True,0.39898557600099593
0,37.29999999999996,373,0,,0.40046300847453936,0.10123872399890388,r2apf,0,False,0,0,0,,332.0,0,0,3,7,0,8,8,B,5216,0.4166666666666667,True,0.5390029509999295
0,40.1000000000001,401,1,,0.4529104190053528,0.13000349799949618,r2apf,1,False,1,0,1,,294.0,1,0,0,8,1,9,9,B,5217,0.4583333333333333,True,0.8281039589946886
0,40.000000000000114,400,0,,0.40544333717547465,0.13510959499944875,r2apf,0,False,0,0,0,,465.0,0,0,5,16,0,12,12,B,5218,0.45,True,1.1902143250008521
0,36.500000000000114,365,0,,0.4199929926095491,0.11370634999912,r2apf,0,False,0,0,0,,428.0,0,0,3,13,0,11,11,B,5219,0.375,True,0.8462275020010566
0,54.549841429124506,547,5,,0.4899471351718257,0.1914242529983312,r2apf,11,False,5,0,11,0.26587301587301587,415.0,11,6,6,24,11,15,15,B,5220,0.4666666666666667,True,1.4067882799972722
0,41.93347833911638,420,1,,0.48467080296053344,0.13401815500037628,r2apf,2,False,1,0,2,0.3333333333333333,248.0,2,1,4,11,2,7,7,B,5221,0.5166666666666667,True,0.5269690469976922
0,42.30000000000017,423,1,,0.4372793856347049,0.13693686599981447,r2apf,2,False,1,0,2,0.125,634.0,2,1,4,16,2,13,13,B,5222,0.4,True,0.8345331799973792
0,44.400000000000155,444,1,,0.4192831085128032,0.13153212099859957,r2apf,2,False,1,0,2,0.3333333333333333,409.0,2,1,7,19,2,12,12,B,5223,0.49166666666666664,True,1.0169114769978478
0,39.000000000000085,390,0,,0.4908492443793457,0.12690508000014233,r2apf,0,False,0,0,0,,423.0,0,0,4,9,0,10,10,B,5224,0.425,True,0.6951721710047423
0,37.90000000000009,379,0,,0.49552094161432936,0.12279107399990608,r2apf,1,False,0,0,1,0.16666666666666666,542.0,1,1,5,12,1,12,12,B,5225,0.3416666666666667,True,0.9116856650016416
0,37.80000000000022,378,0,,0.4584334231236267,0.12586179899881245,r2apf,0,False,0,0,0,,312.0,0,0,2,11,0,8,8,B,5226,0.43333333333333335,True,0.628520779997416
0,38.20000000000006,382,0,,0.44603912819504576,0.13313764300073672,r2apf,1,False,0,0,1,0.2,387.0,1,1,5,18,1,10,10,B,5227,0.4083333333333333,True,0.8996100240001397
0,76.60860237015169,771,14,,0.42744492460459693,0.7493743869999889,r2apf,30,False,14,0,30,0.419878120782726,699.0,30,16,18,43,30,28,28,B,5228,0.6583333333333333,True,2.973152274002132
0,46.35363069283913,465,3,,0.45178081704756035,0.16703879200031224,r2apf,5,False,3,0,5,0.24285714285714285,381.0,5,2,4,11,5,12,12,B,5229,0.44166666666666665,True,0.9222685910026485
0,40.96652166088383,410,1,,0.40784864367327284,0.1594845780000469,r2apf,1,False,1,0,1,,402.0,1,0,2,4,1,10,10,B,5230,0.49166666666666664,True,1.0031948149990058
0,55.739518948683255,559,6,,0.4247018360021408,0.21708320600009756,r2apf,10,False,6,0,10,0.25,610.0,10,4,12,37,10,21,21,B,5231,0.475,True,2.0608818430009705
0,38.50000000000016,385,0,,0.44005936555197905,0.13723041999946872,r2apf,0,False,0,0,0,,433.0,0,0,0,4,0,10,10,B,5232,0.4666666666666667,True,0.8163575989983656
0,85.78602662251855,863,18,,0.49119273878686126,0.2941582439998456,r2apf,26,False,18,0,26,0.27177579365079363,766.0,26,8,13,34,26,33,33,B,5233,0.43333333333333335,True,3.110630814000615
0,38.20000000000015,382,0,,0.46449406819114225,0.13383451099980448,r2apf,0,False,0,0,0,,462.0,0,0,2,10,0,10,10,B,5234,0.4083333333333333,True,0.7430029670013027
0,48.200000000000095,482,2,,0.4791109980126439,0.1940713149997464,r2apf,8,False,2,0,8,0.2531746031746031,744.0,8,6,8,19,8,18,18,B,5235,0.43333333333333335,True,1.2743125149954722
0,40.50000000000016,405,1,,0.4738575151143852,0.1823264279992145,r2apf,4,False,1,0,4,0.20634920634920637,739.0,4,3,3,17,4,16,16,B,5236,0.5083333333333333,True,1.5511139609934617
0,37.4000000000001,374,0,,0.4808281327187837,0.13072700899829215,r2apf,0,False,0,0,0,,327.0,0,0,3,8,0,8,8,B,5237,0.43333333333333335,True,0.6805410329980077
0,53.39116001498407,536,5,,0.40195423970462285,0.21016791300098703,r2apf,11,False,5,0,11,0.19391534391534393,337.0,11,6,2,8,11,13,13,B,5238,0.4,True,1.0424716450015694
0,38.50000000000009,385,0,,0.4426916165297412,0.16254409999964992,r2apf,0,False,0,0,0,,624.0,0,0,11,28,0,18,18,B,5239,0.5166666666666667,True,2.173073371997816
0,43.10000000000013,431,1,,0.4908534761712151,0.15919421800026612,r2apf,3,False,1,0,3,0.18333333333333335,447.0,3,2,3,10,3,12,12,B,5240,0.4166666666666667,True,1.0970197669994377
0,36.50000000000014,365,0,,0.4876683723820112,0.11360574799982714,r2apf,0,False,0,0,0,,340.0,0,0,1,10,0,8,8,B,5241,0.38333333333333336,True,0.5939300330010155
0,38.20000000000001,382,0,,0.41430726942615664,0.11206517500068003,r2apf,0,False,0,0,0,,301.0,0,0,4,11,0,7,7,B,5242,0.4083333333333333,True,0.5016557500002818
0,37.2000000000001,372,0,,0.47081014311155184,0.12152567100019951,r2apf,0,False,0,0,0,,266.0,0,0,2,5,0,6,6,B,5243,0.425,True,0.36420264299704286
0,39.9000000000002,399,0,,0.40385163442204225,0.12752828500015312,r2apf,0,False,0,0,0,,465.0,0,0,3,18,0,12,12,B,5244,0.49166666666666664,True,0.9920283899955393
0,39.70000000000011,397,0,,0.40531946813273323,0.1040405820003798,r2apf,0,False,0,0,0,,471.0,0,0,4,12,0,10,10,B,5245,0.375,True,0.5583807769999112
0,39.30000000000006,393,0,,0.4348102092282664,0.14017855000020063,r2apf,2,False,0,0,2,0.3333333333333333,368.0,2,2,4,17,2,9,9,B,5246,0.38333333333333336,True,0.8518058359986753
0,43.50000000000012,435,1,,0.41483334137327404,0.14583847299945774,r2apf,3,False,1,0,3,0.25,477.0,3,2,3,13,3,12,12,B,5247,0.4666666666666667,True,1.0130894659996557
0,43.54540461475151,436,2,,0.4642191839516336,0.1557535009997082,r2apf,3,False,2,0,3,0.16666666666666666,414.0,3,1,11,24,3,14,14,B,5248,0.4583333333333333,True,1.233045240998763
0,37.100000000000136,371,0,,0.4944716242121578,0.13334750600006373,r2apf,0,False,0,0,0,,291.0,0,0,0,4,0,7,7,B,5249,0.44166666666666665,True,0.6109318950020679
0,51.11089488980651,512,4,,0.42435227712976137,0.21035956199921202,r2apf,6,False,4,0,6,0.1388888888888889,449.0,6,2,2,8,6,13,13,B,5250,0.5333333333333333,True,0.7974246559952007
0,36.600000000000136,366,0,,0.4024166973424288,0.11943891900045855,r2apf,0,False,0,0,0,,372.0,0,0,1,8,0,8,8,B,5251,0.375,True,0.558936649998941
0,38.300000000000146,383,0,,0.4391688605012786,0.1250586400001339,r2apf,0,False,0,0,0,,496.0,0,0,3,14,0,11,11,B,5252,0.44166666666666665,True,0.8836692410004616
0,36.900000000000155,369,0,,0.4430514216323132,0.09686109600079362,r2apf,0,False,0,0,0,,284.0,0,0,1,8,0,7,7,B,5253,0.44166666666666665,True,0.38682053700176766
0,38.3000000000001,383,0,,0.4925519148193777,0.12048661199878552,r2apf,0,False,0,0,0,,322.0,0,0,3,7,0,9,9,B,5254,0.45,True,0.7879267819971574
0,38.400000000000155,384,0,,0.4545581115923346,0.09031727100045828,r2apf,0,False,0,0,0,,256.0,0,0,1,4,0,6,6,B,5255,0.35833333333333334,True,0.31614701800026523
0,37.10000000000016,371,0,,0.42667930961333905,0.11331897200034291,r2apf,0,False,0,0,0,,189.0,0,0,1,2,0,4,4,B,5256,0.35,True,0.23458136700173782
0,37.899999999999984,379,0,,0.49151088225129647,0.12758925600064686,r2apf,1,False,0,0,1,0.2,405.0,1,1,1,7,1,10,10,B,5257,0.39166666666666666,True,0.9387454659972718
0,37.40000000000015,374,0,,0.4842840560593642,0.13590805799867667,r2apf,0,False,0,0,0,,383.0,0,0,4,14,0,8,8,B,5258,0.5083333333333333,True,0.6422511919990939
0,43.90000000000025,439,1,,0.4053644868550368,0.16553712700078904,r2apf,5,False,1,0,5,0.2916666666666667,612.0,5,4,11,27,5,14,14,B,5259,0.475,True,1.0530915389990696
0,37.20000000000006,372,0,,0.4196888995755986,0.1279085580008541,r2apf,0,False,0,0,0,,469.0,0,0,5,14,0,11,11,B,5260,0.49166666666666664,True,0.8723318979991745
0,39.30000000000027,393,0,,0.400613233123092,0.12424838800143334,r2apf,1,False,0,0,1,0.16666666666666666,287.0,1,1,1,4,1,6,6,B,5261,0.4166666666666667,True,0.29892889199982164
0,37.10000000000016,371,0,,0.43146342090159123,0.15247029300007853,r2apf,0,False,0,0,0,,360.0,0,0,2,16,0,8,8,B,5262,0.48333333333333334,True,0.7377367540011619
0,39.10000000000006,391,0,,0.47251684496343804,0.10424178100038262,r2apf,0,False,0,0,0,,446.0,0,0,4,16,0,10,10,B,5263,0.38333333333333336,True,0.6251337620033155
0,41.500000000000064,415,1,,0.49444502782025634,0.17064538300110144,r2apf,2,False,1,0,2,0.2,378.0,2,1,2,11,2,10,10,B,5264,0.43333333333333335,True,0.8326921259995288
0,38.40000000000007,384,0,,0.4050740961797771,0.0890634110000974,r2apf,0,False,0,0,0,,338.0,0,0,0,2,0,7,7,B,5265,0.3,True,0.3120281990013609
0,63.076816794849734,632,8,,0.42613055696245494,0.39886356399983924,r2apf,22,False,8,0,22,0.3469568130282416,730.0,22,14,15,33,22,25,25,B,5266,0.5583333333333333,True,3.6733385999996244
0,37.50000000000015,375,0,,0.43913807572994995,0.14126411700090102,r2apf,0,False,0,0,0,,278.0,0,0,1,5,0,7,7,B,5267,0.44166666666666665,True,0.6303983639991202
0,36.10000000000008,361,0,,0.49176674735168435,0.10836492499947781,r2apf,0,False,0,0,0,,160.0,0,0,0,2,0,4,4,B,5268,0.4166666666666667,True,0.3102674609981477
0,42.658123070953096,427,1,,0.437454933972701,0.15840213100091205,r2apf,3,False,1,0,3,0.25,517.0,3,2,8,17,3,14,14,B,5269,0.5,True,1.2959210939989134
0,47.600000000000165,476,2,,0.46067583534024276,0.17049259899977187,r2apf,5,False,2,0,5,0.2222222222222222,621.0,5,3,6,21,5,18,18,B,5270,0.5083333333333333,True,1.9904094050016283
0,39.06652166088377,391,1,,0.4183602363897098,0.13595187499959138,r2apf,1,False,1,0,1,,393.0,1,0,2,6,1,10,10,B,5271,0.4083333333333333,True,0.9254080779974174
0,37.20000000000013,372,0,,0.430236670500754,0.14939289299945813,r2apf,1,False,0,0,1,0.3333333333333333,493.0,1,1,5,19,1,14,14,B,5272,0.475,True,1.429593084996668
0,37.6000000000001,376,0,,0.45337517907642944,0.1764586089993827,r2apf,1,False,0,0,1,0.2,443.0,1,1,2,7,1,10,10,B,5273,0.5083333333333333,True,0.9637292149982386
0,37.70000000000002,377,0,,0.42106349184521286,0.1293906020000577,r2apf,1,False,0,0,1,0.1111111111111111,431.0,1,1,5,18,1,11,11,B,5274,0.49166666666666664,True,0.9411873680001008
0,36.20000000000002,362,0,,0.4777267843606219,0.10571268500098085,r2apf,0,False,0,0,0,,288.0,0,0,1,4,0,6,6,B,5275,0.4083333333333333,True,0.30093095600022934
0,40.300000000000125,403,0,,0.42793282854328824,0.16057966399966972,r2apf,1,False,0,0,1,0.3333333333333333,355.0,1,1,7,15,1,8,8,B,5276,0.5,True,0.7282108279960084
0,42.70000000000017,427,1,,0.4429933994276146,0.15590323400101624,r2apf,2,False,1,0,2,0.3333333333333333,417.0,2,1,4,9,2,12,12,B,5277,0.5333333333333333,True,1.129814455000087
0,42.00000000000017,420,1,,0.42875330383238547,0.14128986900141172,r2apf,2,False,1,0,2,0.3333333333333333,433.0,2,1,4,11,2,12,12,B,5278,0.43333333333333335,True,0.920514761002778
0,49.810310063403776,499,4,,0.43968680448710656,0.1634012399990752,r2apf,5,False,4,0,5,0.14285714285714285,481.0,5,1,3,16,5,15,15,B,5279,0.425,True,1.1964847749986802
0,75.96236604295325,764,14,,0.4062326066353045,0.44681337300062296,r2apf,41,False,14,0,41,0.4699720577171558,605.0,41,27,13,32,41,29,29,B,5280,0.49166666666666664,True,3.5906250850039214
0,40.200000000000145,402,0,,0.4743947272794526,0.14216044599925226,r2apf,2,False,0,0,2,0.18333333333333335,553.0,2,2,5,22,2,13,13,B,5281,0.39166666666666666,True,1.0818514010024955
0,37.100000000000215,371,0,,0.4188949922487885,0.11219633799919393,r2apf,0,False,0,0,0,,191.0,0,0,2,4,0,5,5,B,5282,0.375,True,0.36000992199842585
0,43.20000000000015,432,1,,0.47436008799968543,0.15810355500070727,r2apf,2,False,1,0,2,0.2857142857142857,571.0,2,1,9,27,2,14,14,B,5283,0.425,True,1.2855624710009579
0,49.951200235226736,501,4,,0.4384923782190807,0.18653863500003354,r2apf,9,False,4,0,9,0.22380952380952376,314.0,9,5,1,6,9,10,10,B,5284,0.43333333333333335,True,0.7799832379987492
0,40.00000000000017,400,0,,0.40208069772063426,0.1293638919996738,r2apf,0,False,0,0,0,,521.0,0,0,12,23,0,13,13,B,5285,0.43333333333333335,True,1.0606288030030555
0,36.600000000000016,366,0,,0.4255025753659012,0.128045438999834,r2apf,1,False,0,0,1,0.16666666666666666,330.0,1,1,5,10,1,7,7,B,5286,0.45,True,0.5973587360003876
0,39.22551343664693,393,1,,0.496824956637647,0.11615286900087085,r2apf,2,False,1,0,2,0.3333333333333333,359.0,2,1,3,9,2,11,11,B,5287,0.36666666666666664,True,0.8984473150012491
0,38.200000000000074,382,0,,0.4387526985584662,0.12484221299928322,r2apf,0,False,0,0,0,,411.0,0,0,4,17,0,10,10,B,5288,0.44166666666666665,True,0.7937370680010645
0,46.466521660883956,465,2,,0.4986762105020961,0.15710608800145565,r2apf,4,False,2,0,4,0.20833333333333331,637.0,4,2,8,29,4,18,18,B,5289,0.45,True,1.5353247600014583
0,39.70000000000014,397,0,,0.44999685489445357,0.1384230719995685,r2apf,0,False,0,0,0,,492.0,0,0,4,16,0,12,12,B,5290,0.4166666666666667,True,0.9492584560011892
0,44.30000000000016,443,1,,0.46330534222185804,0.25992470999881334,r2apf,6,False,1,0,6,0.3010678210678211,402.0,6,5,4,10,6,11,11,B,5291,0.4,True,1.1893058169953292
0,45.05247648752062,452,3,,0.4443161443244851,0.18585058000098797,r2apf,5,False,3,0,5,0.18333333333333335,699.0,5,2,7,22,5,17,17,B,5292,0.49166666666666664,True,1.3511405089993787
0,38.600000000000136,386,0,,0.4185638258228874,0.12818565300040063,r2apf,0,False,0,0,0,,513.0,0,0,7,15,0,12,12,B,5293,0.44166666666666665,True,0.9575574839982437
0,53.942834000404446,540,3,,0.49909423326672553,0.18782420699972135,r2apf,9,False,3,0,9,0.31111111111111106,561.0,9,6,5,20,9,16,16,B,5294,0.425,True,1.6246563910026453
0,37.80000000000014,378,0,,0.4334305983019713,0.10412788100074977,r2apf,0,False,0,0,0,,346.0,0,0,5,13,0,7,7,B,5295,0.35833333333333334,True,0.3911316350022389
0,37.70000000000004,377,0,,0.47021609369066675,0.15597157400043216,r2apf,0,False,0,0,0,,315.0,0,0,3,15,0,8,8,B,5296,0.5416666666666666,True,0.7180924219992448
0,46.86652166088399,470,3,,0.4207199644278906,0.16389181799968355,r2apf,7,False,3,0,7,0.1607142857142857,330.0,7,4,5,13,7,11,11,B,5297,0.43333333333333335,True,0.9348760749981011
0,41.31673916955822,414,1,,0.49875351449288663,0.17180345599990687,r2apf,4,False,1,0,4,0.2333333333333333,555.0,4,3,7,23,4,15,15,B,5298,0.43333333333333335,True,1.4365822239979025
0,38.60000000000016,386,0,,0.46454257327197296,0.10277259199938271,r2apf,0,False,0,0,0,,326.0,0,0,4,6,0,7,7,B,5299,0.35,True,0.4114100850001705
0,50.81944787085347,509,3,,0.48030924988668433,0.18969788399954268,r2apf,6,False,3,0,6,0.2222222222222222,570.0,6,3,7,21,6,18,18,B,5300,0.55,True,2.133420701002251
0,38.70000000000015,387,0,,0.43025105492236104,0.14686541400078568,r2apf,0,False,0,0,0,,428.0,0,0,6,16,0,10,10,B,5301,0.4583333333333333,True,0.7442960900025355
0,73.90081199107894,744,13,,0.42294085536455944,0.3679594780005573,r2apf,28,False,13,0,28,0.3248455248455249,531.0,28,15,5,26,28,24,24,B,5302,0.5333333333333333,True,2.5862524209969706
0,39.800000000000146,398,0,,0.4266570117942316,0.16854000399871438,r2apf,1,False,0,0,1,0.14285714285714285,599.0,1,1,3,11,1,13,13,B,5303,0.44166666666666665,True,1.0684926539943262
0,37.800000000000004,378,0,,0.4565935107441417,0.1201291779998428,r2apf,1,False,0,0,1,0.2,307.0,1,1,3,14,1,8,8,B,5304,0.3416666666666667,True,0.6982768009984284
0,39.10000000000021,391,0,,0.4749776793451296,0.14268274800087966,r2apf,1,False,0,0,1,0.16666666666666666,463.0,1,1,9,27,1,13,13,B,5305,0.425,True,1.246647050995307
0,37.200000000000195,372,0,,0.4398756070804672,0.12170785799935402,r2apf,1,False,0,0,1,0.16666666666666666,466.0,1,1,4,19,1,12,12,B,5306,0.4,True,0.9136366220009222
0,38.70000000000007,387,0,,0.4101543427394365,0.12523409599998558,r2apf,0,False,0,0,0,,466.0,0,0,3,9,0,11,11,B,5307,0.425,True,0.902877182003067
0,44.400000000000205,444,1,,0.44582754739593555,0.12778494299891463,r2apf,3,False,1,0,3,0.25,276.0,3,2,2,6,3,7,7,B,5308,0.30833333333333335,True,0.38053375499839603
0,41.04238228575826,411,1,,0.4282288610201503,0.16221327600032964,r2apf,2,False,1,0,2,0.16666666666666666,455.0,2,1,9,19,2,12,12,B,5309,0.525,True,1.1820047430028353
0,37.6,376,0,,0.46894360680201125,0.1075828779994481,r2apf,0,False,0,0,0,,267.0,0,0,0,1,0,5,5,B,5310,0.4,True,0.19642970399763726
0,48.55745988281535,486,2,,0.4881119423654661,0.1432442519999313,r2apf,7,False,2,0,7,0.18690476190476188,551.0,7,5,2,7,7,13,13,B,5311,0.4166666666666667,True,0.9785948329972598
0,40.10000000000021,401,1,,0.47067455324930235,0.17235086700020474,r2apf,6,False,1,0,6,0.3190476190476191,397.0,6,5,11,28,6,11,11,B,5312,0.48333333333333334,True,1.008571469996241
0,37.600000000000236,376,0,,0.4807459874988605,0.0881639589988481,r2apf,0,False,0,0,0,,301.0,0,0,2,9,0,6,6,B,5313,0.39166666666666666,True,0.2858468430022185
0,45.650217508674686,457,2,,0.43137857535422774,0.26201863899950695,r2apf,7,False,2,0,7,0.3082539682539682,587.0,7,5,9,23,7,16,16,B,5314,0.5083333333333333,True,1.8077667580018897
0,40.50000000000013,405,0,,0.47551374478973557,0.12418513000011444,r2apf,2,False,0,0,2,0.25,574.0,2,2,4,17,2,14,14,B,5315,0.4,True,1.1763344100018003
0,41.70000000000018,417,1,,0.45765781775680714,0.1807026019996556,r2apf,5,False,1,0,5,0.2048611111111111,552.0,5,4,7,17,5,14,14,B,5316,0.425,True,1.1578414180021355
0,36.700000000000095,367,0,,0.420328221153005,0.1231593119991885,r2apf,0,False,0,0,0,,325.0,0,0,0,2,0,8,8,B,5317,0.44166666666666665,True,0.5927478689991403
0,38.50000000000013,385,0,,0.4791143815872521,0.12854774999868823,r2apf,0,False,0,0,0,,414.0,0,0,4,14,0,10,10,B,5318,0.475,True,0.8017832629993791
0,39.700000000000145,397,0,,0.43958660660785154,0.10848017800162779,r2apf,0,False,0,0,0,,554.0,0,0,4,13,0,16,16,B,5319,0.425,True,1.301229313001386
0,38.100000000000115,381,0,,0.4768615832200391,0.11422017000040796,r2apf,0,False,0,0,0,,297.0,0,0,0,2,0,6,6,B,5320,0.375,True,0.38910141400083376
0,38.90000000000013,389,0,,0.4443879725171868,0.1496103760000551,r2apf,1,False,0,0,1,0.3333333333333333,515.0,1,1,8,19,1,14,14,B,5321,0.5083333333333333,True,1.3593060169987439
0,45.40000000000018,454,1,,0.43777560142105465,0.12751416900027834,r2apf,4,False,1,0,4,0.34722222222222215,423.0,4,3,1,6,4,11,11,B,5322,0.36666666666666664,True,0.8252131650006049
0,38.80000000000012,388,0,,0.42144135031507274,0.15838694099875283,r2apf,0,False,0,0,0,,466.0,0,0,3,23,0,11,11,B,5323,0.4,True,0.9451867639982083
0,38.10000000000016,381,0,,0.49152042061276113,0.12389400400024897,r2apf,0,False,0,0,0,,305.0,0,0,4,14,0,7,7,B,5324,0.4,True,0.5572098470001947
0,41.50000000000024,415,0,,0.4224389312564834,0.10805792000064685,r2apf,0,False,0,0,0,,503.0,0,0,4,14,0,14,14,B,5325,0.44166666666666665,True,1.1150595580020308
0,51.778762666898295,519,4,,0.4674075317554277,0.19891532399924472,r2apf,8,False,4,0,8,0.2232142857142857,550.0,8,4,8,19,8,15,15,B,5326,0.45,True,1.2301565329998994
0,37.7000000000001,377,0,,0.4864480052436037,0.1322220540005219,r2apf,1,False,0,0,1,0.3333333333333333,288.0,1,1,2,6,1,6,6,B,5327,0.4666666666666667,True,0.4268201470022177
0,38.100000000000115,381,0,,0.4629861785892358,0.14620232799825317,r2apf,0,False,0,0,0,,366.0,0,0,3,10,0,8,8,B,5328,0.475,True,0.5983387460000813
0,54.262529840596855,545,5,,0.4451919772204172,0.2622143099997629,r2apf,16,False,5,0,16,0.3282253100434918,541.0,16,11,4,20,16,16,16,B,5329,0.375,True,1.3712349889974575
0,39.00000000000015,390,0,,0.4078478901481803,0.10870844400051283,r2apf,1,False,0,0,1,0.3333333333333333,425.0,1,1,5,9,1,9,9,B,5330,0.35833333333333334,True,0.5448908139987907
0,37.70000000000011,377,0,,0.4151399205512277,0.08875950499896135,r2apf,0,False,0,0,0,,426.0,0,0,3,11,0,10,10,B,5331,0.3333333333333333,True,0.5748292809985287
0,45.600000000000236,456,1,,0.45799065181562615,0.2118854790005571,r2apf,4,False,1,0,4,0.15873015873015872,673.0,4,3,9,26,4,17,17,B,5332,0.49166666666666664,True,1.93074665200038
0,42.35021750867461,424,1,,0.4477955620305786,0.13310929699946428,r2apf,2,False,1,0,2,0.2,469.0,2,1,6,24,2,13,13,B,5333,0.38333333333333336,True,0.9581186319992412
0,37.9000000000001,379,0,,0.40705655442970806,0.146119789000295,r2apf,1,False,0,0,1,0.3333333333333333,417.0,1,1,4,15,1,10,10,B,5334,0.4583333333333333,True,0.8182352670010005
0,37.60000000000012,376,0,,0.4489737892810651,0.11377456999980495,r2apf,0,False,0,0,0,,403.0,0,0,3,11,0,9,9,B,5335,0.36666666666666664,True,0.5832010569993145
0,37.29999999999996,373,0,,0.48976173774288345,0.13045127199984563,r2apf,0,False,0,0,0,,423.0,0,0,2,7,0,9,9,B,5336,0.44166666666666665,True,0.5499414710029669
0,57.523153597157126,577,7,,0.4712366413277905,0.31483404299979156,r2apf,19,False,7,0,19,0.36055194805194807,805.0,19,12,8,35,19,23,23,B,5337,0.5,True,2.291795244000241
0,52.042702732519174,523,5,,0.48367350846032753,0.2377442159995553,r2apf,13,False,5,0,13,0.3529040404040404,457.0,13,8,4,25,13,17,17,B,5338,0.5083333333333333,True,2.0507520800001657
0,37.700000000000074,377,0,,0.41682452098116357,0.12059551299898885,r2apf,0,False,0,0,0,,255.0,0,0,4,4,0,6,6,B,5339,0.43333333333333335,True,0.4270590729993273
0,39.90000000000005,399,0,,0.4847027908214352,0.17566607899971132,r2apf,3,False,0,0,3,0.27777777777777773,443.0,3,3,3,9,3,10,10,B,5340,0.425,True,0.9263509969969164
0,37.40000000000008,374,0,,0.49647662746877996,0.14455393000025651,r2apf,1,False,0,0,1,0.3333333333333333,478.0,1,1,5,20,1,11,11,B,5341,0.43333333333333335,True,0.9088679619981122
0,42.00000000000009,420,1,,0.49750398140269536,0.1138714210010221,r2apf,2,False,1,0,2,0.3333333333333333,315.0,2,1,1,3,2,9,9,B,5342,0.39166666666666666,True,0.6340784550011449
0,36.99999999999996,370,0,,0.474148497806572,0.08377849600037734,r2apf,0,False,0,0,0,,308.0,0,0,5,16,0,8,8,B,5343,0.30833333333333335,True,0.48865288799788686
0,36.600000000000094,366,0,,0.4348784204457019,0.06298152499948628,r2apf,0,False,0,0,0,,213.0,0,0,0,3,0,4,4,B,5344,0.38333333333333336,True,0.13360089699926903
0,37.90000000000001,379,0,,0.44923562200709194,0.12657897600001888,r2apf,0,False,0,0,0,,456.0,0,0,10,30,0,11,11,B,5345,0.44166666666666665,True,0.9871818859992345
0,38.30000000000002,383,0,,0.4291784485618482,0.12305811599981098,r2apf,0,False,0,0,0,,246.0,0,0,6,15,0,8,8,B,5346,0.4166666666666667,True,0.7064308219996747
0,44.60000000000023,446,1,,0.4141415652316125,0.15885678399899916,r2apf,2,False,1,0,2,0.2,698.0,2,1,10,30,2,19,19,B,5347,0.475,True,1.7044823550004367
0,37.00000000000012,370,0,,0.4754400950379135,0.12457101099971624,r2apf,0,False,0,0,0,,385.0,0,0,3,15,0,8,8,B,5348,0.5,True,0.584136897998178
0,47.64162354457547,477,3,,0.44563738136618236,0.2300658910007769,r2apf,6,False,3,0,6,0.21428571428571427,503.0,6,3,8,25,6,17,17,B,5349,0.5,True,1.8179642289996991
0,37.90000000000006,379,0,,0.4772023763080578,0.11577736900107993,r2apf,0,False,0,0,0,,225.0,0,0,0,5,0,7,7,B,5350,0.39166666666666666,True,0.5781282629995985
0,56.97285496099322,573,6,,0.4382576928162294,0.3935610740008997,r2apf,17,False,6,0,17,0.4316730084813395,581.0,17,11,8,23,17,18,18,B,5351,0.5666666666666667,True,2.0000452590047644
0,37.20000000000019,372,0,,0.4424584245278934,0.10804574200119532,r2apf,0,False,0,0,0,,349.0,0,0,5,15,0,10,10,B,5352,0.39166666666666666,True,0.842944700998487
0,55.04590243125742,551,5,,0.4075584233692642,0.1832547390004038,r2apf,9,False,5,0,9,0.25,784.0,9,4,9,36,9,23,23,B,5353,0.5083333333333333,True,2.2748248990064894
0,40.7000000000002,407,0,,0.4547874864327425,0.12257898800089606,r2apf,0,False,0,0,0,,467.0,0,0,3,7,0,11,11,B,5354,0.4083333333333333,True,0.8290506139965146
0,38.300000000000026,383,0,,0.4657718558679381,0.1216096309999557,r2apf,1,False,0,0,1,0.3333333333333333,243.0,1,1,0,5,1,6,6,B,5355,0.425,True,0.42984190200149897
0,39.500000000000064,395,0,,0.4935961599384759,0.11696964700058743,r2apf,0,False,0,0,0,,417.0,0,0,0,5,0,10,10,B,5356,0.45,True,0.7589633490024426
0,40.20000000000004,402,0,,0.45862253190838925,0.1307572749992687,r2apf,0,False,0,0,0,,281.0,0,0,3,9,0,7,7,B,5357,0.475,True,0.6143469470007403
0,42.800000000000026,428,1,,0.4930486869734798,0.08937850100119249,r2apf,1,False,1,0,1,,263.0,1,0,0,4,1,7,7,B,5358,0.3416666666666667,True,0.3694801730034669
0,37.50000000000004,375,0,,0.46146577749804674,0.14503565300037735,r2apf,0,False,0,0,0,,262.0,0,0,2,7,0,8,8,B,5359,0.5083333333333333,True,0.8897603349996643
0,52.59362558299746,528,5,,0.42714573885835355,0.25041050800064113,r2apf,7,False,5,0,7,0.3142857142857143,342.0,7,2,5,10,7,13,13,B,5360,0.4666666666666667,True,0.8416551030022674
0,36.299999999999955,363,0,,0.45111368518183503,0.10162637800021912,r2apf,0,False,0,0,0,,271.0,0,0,2,5,0,7,7,B,5361,0.375,True,0.4802908790006768
0,36.50000000000005,365,0,,0.42866119613829573,0.1439586100004817,r2apf,1,False,0,0,1,0.14285714285714285,374.0,1,1,7,20,1,10,10,B,5362,0.39166666666666666,True,0.9093583129997569
0,37.70000000000015,377,0,,0.4311420797263017,0.10897219300022698,r2apf,0,False,0,0,0,,435.0,0,0,2,8,0,10,10,B,5363,0.4583333333333333,True,0.6536987529998441
0,37.50000000000009,375,0,,0.43494571475143967,0.1401144920000661,r2apf,0,False,0,0,0,,242.0,0,0,0,5,0,6,6,B,5364,0.49166666666666664,True,0.6262844089997088
0,47.32355813787096,474,3,,0.48844867011152365,0.18649609299973235,r2apf,6,False,3,0,6,0.2333333333333333,531.0,6,3,4,15,6,15,15,B,5365,0.4166666666666667,True,1.2870469280042016
0,52.49978043054322,527,5,,0.4451079368017643,0.2535957639993285,r2apf,9,False,5,0,9,0.3333333333333333,496.0,9,4,4,14,9,16,16,B,5366,0.43333333333333335,True,1.3276310869987356
0,38.20000000000011,382,0,,0.4541718683129009,0.16549391799890145,r2apf,0,False,0,0,0,,338.0,0,0,3,8,0,8,8,B,5367,0.4666666666666667,True,0.8005209919992922
0,39.90000000000017,399,0,,0.45368269184299503,0.151751666000564,r2apf,1,False,0,0,1,0.3333333333333333,547.0,1,1,2,13,1,11,11,B,5368,0.475,True,0.8772182660013641
0,41.00000000000012,410,0,,0.461284167801667,0.14221451000048546,r2apf,1,False,0,0,1,0.16666666666666666,777.0,1,1,9,26,1,16,16,B,5369,0.475,True,1.5656514980000793
0,38.50000000000016,385,0,,0.4294106658109369,0.08838830000058806,r2apf,0,False,0,0,0,,378.0,0,0,4,10,0,10,10,B,5370,0.38333333333333336,True,0.6279183569968154
0,36.7000000000001,367,0,,0.4673250484391972,0.13501269499829505,r2apf,0,False,0,0,0,,553.0,0,0,9,18,0,12,12,B,5371,0.44166666666666665,True,1.036087188997044
0,40.700000000000024,407,0,,0.49012591446422726,0.13923977100057527,r2apf,1,False,0,0,1,0.2857142857142857,527.0,1,1,7,16,1,13,13,B,5372,0.4083333333333333,True,0.9653182930051116
0,40.4000000000001,404,0,,0.47395709798693114,0.12214362799932132,r2apf,1,False,0,0,1,0.2,527.0,1,1,3,9,1,12,12,B,5373,0.4,True,0.8426285319947056
0,49.37624953261934,495,4,,0.42767102799582657,0.1732067660013854,r2apf,6,False,4,0,6,0.26666666666666666,583.0,6,2,4,13,6,17,17,B,5374,0.5,True,1.5366947169986815
0,61.62576496606019,619,7,,0.4085780601483761,0.2569269790001272,r2apf,15,False,7,0,15,0.2607142857142857,693.0,15,8,15,36,15,21,21,B,5375,0.5166666666666667,True,2.096739417005665
0,43.100000000000186,431,1,,0.4590124983605845,0.17606394799986447,r2apf,3,False,1,0,3,0.35416666666666663,577.0,3,2,6,24,3,15,15,B,5376,0.5083333333333333,True,1.7528573169984156
0,41.400000000000205,414,1,,0.446708920872339,0.14580699699945399,r2apf,1,False,1,0,1,,353.0,1,0,4,9,1,10,10,B,5377,0.5,True,0.8551146799945855
0,38.40000000000007,384,0,,0.434693841714594,0.15175413799988746,r2apf,1,False,0,0,1,0.14285714285714285,452.0,1,1,2,6,1,10,10,B,5378,0.44166666666666665,True,0.8688014199997269
0,38.100000000000065,381,0,,0.45781826563084704,0.17390325700034737,r2apf,1,False,0,0,1,0.2,420.0,1,1,6,11,1,11,11,B,5379,0.5,True,1.3008148100016115
0,41.70000000000021,417,1,,0.4395459381653865,0.12363896599890722,r2apf,1,False,1,0,1,,435.0,1,0,10,21,1,13,13,B,5380,0.43333333333333335,True,1.141363808999813
0,38.10000000000017,381,0,,0.43065142169340115,0.11936536299981526,r2apf,1,False,0,0,1,0.16666666666666666,295.0,1,1,3,9,1,7,7,B,5381,0.4166666666666667,True,0.5156816489998164
0,68.47191330397358,689,11,,0.44317014899795115,0.4924876490003953,r2apf,22,False,11,0,22,0.36824892279437726,527.0,22,11,3,12,22,22,22,B,5382,0.575,True,2.2391814129969134
0,56.36197112555181,566,6,,0.4224490737637726,0.38821362700036843,r2apf,14,False,6,0,14,0.31765873015873014,426.0,14,8,8,20,14,15,15,B,5383,0.475,True,1.2387504919970524
0,37.100000000000136,371,0,,0.46579143551350566,0.14145258999997168,r2apf,0,False,0,0,0,,249.0,0,0,1,8,0,5,5,B,5384,0.4,True,0.3985835389994463
0,36.00000000000012,360,0,,0.48795331065250686,0.11960339500001282,r2apf,0,False,0,0,0,,402.0,0,0,1,6,0,8,8,B,5385,0.43333333333333335,True,0.5711991869993653
0,96.48904295102267,974,22,,0.4536160620680362,0.593629429999055,r2apf,45,False,22,0,45,0.3607939162286989,887.0,45,23,22,52,45,40,40,B,5386,0.5416666666666666,True,4.847328375994039
0,37.6,376,0,,0.443978329453623,0.125758243000746,r2apf,1,False,0,0,1,0.16666666666666666,437.0,1,1,4,16,1,9,9,B,5387,0.4083333333333333,True,0.5955522610020125
0,51.03149822056896,512,5,,0.4601932592201638,0.21671082300053968,r2apf,11,False,5,0,11,0.3256105006105006,409.0,11,6,9,21,11,16,16,B,5388,0.475,True,1.320990989006532
0,47.792281443875574,479,3,,0.47739800488710776,0.2102624029994331,r2apf,7,False,3,0,7,0.1884920634920635,548.0,7,4,6,17,7,14,14,B,5389,0.55,True,0.9663578479994612
0,54.4194949880006,545,4,,0.45821341072862876,0.1756827509998402,r2apf,5,False,4,0,5,0.2,771.0,5,1,6,21,5,22,22,B,5390,0.4583333333333333,True,1.5520520770078292
0,36.20000000000007,362,0,,0.45931136037777887,0.10652355499951227,r2apf,1,False,0,0,1,0.3333333333333333,416.0,1,1,5,16,1,10,10,B,5391,0.36666666666666664,True,0.6733725519989093
0,35.80000000000012,358,0,,0.46413479716248074,0.13985108499946364,r2apf,0,False,0,0,0,,273.0,0,0,1,2,0,7,7,B,5392,0.44166666666666665,True,0.6077077159970941
0,38.80000000000007,388,0,,0.4073720200154777,0.12140502399961406,r2apf,1,False,0,0,1,0.2,586.0,1,1,6,25,1,16,16,B,5393,0.39166666666666666,True,1.4677536960007274
0,37.90000000000001,379,0,,0.41287163049878667,0.12006331200063869,r2apf,0,False,0,0,0,,465.0,0,0,4,12,0,10,10,B,5394,0.43333333333333335,True,0.6479273929999181
0,38.70000000000007,387,0,,0.4055502252203351,0.11404666399903363,r2apf,0,False,0,0,0,,455.0,0,0,7,21,0,12,12,B,5395,0.45,True,1.0344002840029134
0,38.20000000000012,382,0,,0.4942090323670287,0.13173661600012565,r2apf,0,False,0,0,0,,358.0,0,0,2,3,0,9,9,B,5396,0.475,True,0.7661066470009246
0,38.00000000000001,380,0,,0.4768051860666845,0.1392267819992412,r2apf,0,False,0,0,0,,638.0,0,0,10,29,0,15,15,B,5397,0.5083333333333333,True,1.2508677479981998
0,36.00000000000006,360,0,,0.438498491664914,0.10830100499879336,r2apf,0,False,0,0,0,,516.0,0,0,2,15,0,12,12,B,5398,0.4,True,0.7810045119986171
0,37.20000000000006,372,0,,0.4061184619989466,0.1567166079985327,r2apf,1,False,0,0,1,0.3333333333333333,465.0,1,1,5,18,1,10,10,B,5399,0.4666666666666667,True,0.6983112529997015
0,36.6,366,0,,0.4928525410800706,0.11066259600011108,r2apf,1,False,0,0,1,0.16666666666666666,187.0,1,1,0,0,1,5,5,B,5400,0.4083333333333333,True,0.36999447800189955
0,44.10000000000017,441,1,,0.4954349209374611,0.13843015000020387,r2apf,2,False,1,0,2,0.16666666666666666,511.0,2,1,6,30,2,14,14,B,5401,0.4083333333333333,True,1.271314892996088
0,42.70000000000016,427,1,,0.4505286440954092,0.13808221199906257,r2apf,2,False,1,0,2,0.16666666666666666,297.0,2,1,4,12,2,9,9,B,5402,0.425,True,0.7856511760001013
0,37.400000000000105,374,0,,0.4079653961985252,0.10788171499916643,r2apf,0,False,0,0,0,,210.0,0,0,2,9,0,6,6,B,5403,0.35,True,0.4616191170007369
0,40.3000000000002,403,0,,0.46077663107116096,0.13096970999868063,r2apf,1,False,0,0,1,0.14285714285714285,468.0,1,1,1,10,1,10,10,B,5404,0.4666666666666667,True,0.7587055199983297
0,47.09359831629055,471,2,,0.47759404482742024,0.1605325799991988,r2apf,5,False,2,0,5,0.2222222222222222,627.0,5,3,8,19,5,15,15,B,5405,0.475,True,1.1132141669968405
0,37.0000000000001,370,0,,0.4453944479155586,0.11642657899938058,r2apf,1,False,0,0,1,0.16666666666666666,393.0,1,1,3,7,1,10,10,B,5406,0.35,True,0.6739897339994059
0,38.80000000000011,388,0,,0.45528687777572224,0.10855722499945841,r2apf,0,False,0,0,0,,330.0,0,0,5,13,0,8,8,B,5407,0.375,True,0.6236474490015098
0,50.414477796687216,505,4,,0.45400106803880064,0.23621660499884456,r2apf,10,False,4,0,10,0.30238095238095236,570.0,10,6,10,26,10,18,18,B,5408,0.4166666666666667,True,1.5389979110004788
0,40.60000000000006,406,0,,0.438009128953422,0.17035685900009412,r2apf,1,False,0,0,1,0.16666666666666666,582.0,1,1,9,26,1,15,15,B,5409,0.5,True,1.5527855620021
0,38.60000000000014,386,0,,0.4761949740700754,0.11546706999979506,r2apf,0,False,0,0,0,,460.0,0,0,4,11,0,11,11,B,5410,0.4583333333333333,True,0.9109959350025747
0,39.00000000000012,390,0,,0.4864560909147838,0.1366700739999942,r2apf,0,False,0,0,0,,342.0,0,0,1,4,0,7,7,B,5411,0.43333333333333335,True,0.38353114999881655
0,37.1000000000001,371,0,,0.43376141276581226,0.10254856100073084,r2apf,0,False,0,0,0,,309.0,0,0,2,4,0,6,6,B,5412,0.425,True,0.29207056499944883
0,50.0528115482747,502,4,,0.47435748339238754,0.21398017699902994,r2apf,16,False,4,0,16,0.21587301587301586,545.0,16,12,9,29,16,16,16,B,5413,0.4,True,1.3208728180015896
0,38.2000000000001,382,0,,0.4405579791668235,0.1113658750000468,r2apf,0,False,0,0,0,,239.0,0,0,1,1,0,6,6,B,5414,0.4083333333333333,True,0.39994336900053895
0,37.70000000000005,377,0,,0.4452708604119902,0.13692258199989737,r2apf,0,False,0,0,0,,253.0,0,0,4,8,0,6,6,B,5415,0.45,True,0.47455245399942214
0,35.90000000000008,359,0,,0.46886056122707703,0.12100524000015866,r2apf,0,False,0,0,0,,250.0,0,0,2,6,0,7,7,B,5416,0.4,True,0.647827798002254
0,38.400000000000155,384,0,,0.4149257593122793,0.13145073099985893,r2apf,0,False,0,0,0,,349.0,0,0,2,13,0,9,9,B,5417,0.4,True,0.8411430749983992
0,36.9000000000001,369,0,,0.4392915207607282,0.12340233700160752,r2apf,0,False,0,0,0,,398.0,0,0,0,19,0,10,10,B,5418,0.43333333333333335,True,0.8501462820004235
0,51.30746886731198,515,4,,0.48878868437050094,0.23074729800100613,r2apf,7,False,4,0,7,0.27777777777777773,684.0,7,3,7,32,7,19,19,B,5419,0.48333333333333334,True,1.9282080619977933
0,46.00000000000025,460,2,,0.49794559525902127,0.19033412099997804,r2apf,4,False,2,0,4,0.14583333333333331,384.0,4,2,7,16,4,13,13,B,5420,0.5083333333333333,True,1.390119252999284
0,45.18326083044206,452,2,,0.42052604262325893,0.15383780500087596,r2apf,3,False,2,0,3,0.3333333333333333,606.0,3,1,6,24,3,15,15,B,5421,0.4083333333333333,True,1.1967103679999127
0,42.684238419586244,427,1,,0.44557647408839557,0.12450551599977189,r2apf,1,False,1,0,1,,417.0,1,0,5,18,1,12,12,B,5422,0.4,True,0.9439196820003417
0,37.00000000000012,370,0,,0.4924848347345391,0.12206764799884695,r2apf,0,False,0,0,0,,300.0,0,0,3,9,0,8,8,B,5423,0.44166666666666665,True,0.7034418549992552
0,38.20000000000011,382,0,,0.43497055516969807,0.10159823400135792,r2apf,0,False,0,0,0,,392.0,0,0,1,10,0,8,8,B,5424,0.35,True,0.43255609100015135
0,43.90000000000015,439,1,,0.40828676738514763,0.18234666300122626,r2apf,5,False,1,0,5,0.23214285714285712,549.0,5,4,4,12,5,12,12,B,5425,0.45,True,1.0645723359994008
0,43.0000000000001,430,1,,0.4727731892540442,0.14586415699886857,r2apf,1,False,1,0,1,,651.0,1,0,6,22,1,17,17,B,5426,0.43333333333333335,True,1.7416989270022896
0,40.60000000000001,406,0,,0.4334697873764052,0.12113054399924295,r2apf,1,False,0,0,1,0.16666666666666666,337.0,1,1,7,14,1,9,9,B,5427,0.4083333333333333,True,0.672813571001825
0,39.40000000000004,394,0,,0.45461286122186756,0.16390374100046756,r2apf,2,False,0,0,2,0.15476190476190477,351.0,2,2,4,6,2,9,9,B,5428,0.4583333333333333,True,0.832937099999981
0,36.600000000000044,366,0,,0.4599484869456204,0.09879662999992433,r2apf,0,False,0,0,0,,296.0,0,0,1,8,0,9,9,B,5429,0.4,True,0.6314335900024162
0,37.00000000000001,370,0,,0.44057007626900224,0.10607042700030433,r2apf,0,False,0,0,0,,162.0,0,0,0,4,0,4,4,B,5430,0.4,True,0.28885733999959484
0,36.7000000000001,367,0,,0.4900159830586193,0.1291250249996665,r2apf,0,False,0,0,0,,295.0,0,0,3,10,0,8,8,B,5431,0.4,True,0.8094558190005046
0,43.400000000000276,434,1,,0.40334406352618735,0.12899455199840304,r2apf,3,False,1,0,3,0.15476190476190477,548.0,3,2,3,10,3,14,14,B,5432,0.44166666666666665,True,1.1900286950003647
0,37.600000000000115,376,0,,0.4097467459452046,0.11396344099921407,r2apf,1,False,0,0,1,0.16666666666666666,370.0,1,1,3,10,1,10,10,B,5433,0.38333333333333336,True,0.8012990709976293
0,61.477783242596836,619,9,,0.4088693069816729,0.22203559999979916,r2apf,12,False,9,0,12,0.3055555555555555,615.0,12,3,9,28,12,23,23,B,5434,0.4666666666666667,True,1.8190862020001077
0,37.40000000000011,374,0,,0.44034830364441446,0.126879863000795,r2apf,0,False,0,0,0,,436.0,0,0,2,11,0,11,11,B,5435,0.44166666666666665,True,1.0473084700006439
0,59.27217971502203,597,8,,0.4262054666791333,0.23762290899867367,r2apf,19,False,8,0,19,0.3043650793650793,485.0,19,11,11,22,19,21,21,B,5436,0.4083333333333333,True,1.750575863999984
0,85.83614165343916,866,17,,0.4955278792987037,0.4023954269996466,r2apf,32,False,17,0,32,0.27904761904761904,767.0,32,15,16,52,32,35,35,B,5437,0.625,True,4.817377760999079
0,39.20000000000008,392,0,,0.4242848831751193,0.12979222200010554,r2apf,1,False,0,0,1,0.16666666666666666,415.0,1,1,2,13,1,9,9,B,5438,0.4083333333333333,True,0.7076288710013614
0,45.4334783391164,455,2,,0.4386667318526361,0.15406772599999385,r2apf,3,False,2,0,3,0.16666666666666666,622.0,3,1,4,19,3,16,16,B,5439,0.49166666666666664,True,1.15280222399997
0,38.50000000000018,385,0,,0.46744838460950966,0.11762711300070805,r2apf,0,False,0,0,0,,431.0,0,0,5,15,0,12,12,B,5440,0.43333333333333335,True,0.9954521919971739
0,38.300000000000075,383,0,,0.4926196387696599,0.11374763200001325,r2apf,0,False,0,0,0,,322.0,0,0,3,12,0,7,7,B,5441,0.36666666666666664,True,0.4925382020010147
0,44.24581402468873,443,2,,0.45368911525094735,0.18220372200084967,r2apf,6,False,2,0,6,0.20833333333333331,518.0,6,4,6,14,6,14,14,B,5442,0.49166666666666664,True,1.5210625499985326
0,38.70000000000013,387,0,,0.46088826394583626,0.11220566500014684,r2apf,0,False,0,0,0,,371.0,0,0,2,13,0,10,10,B,5443,0.4166666666666667,True,0.8030272619962489
0,37.00000000000013,370,0,,0.44136220965502804,0.1095168609990651,r2apf,0,False,0,0,0,,439.0,0,0,0,5,0,11,11,B,5444,0.43333333333333335,True,0.7930602050000743
0,44.862553194246786,450,3,,0.41526123389487174,0.15621439299866324,r2apf,6,False,3,0,6,0.3333333333333333,411.0,6,3,2,9,6,11,11,B,5445,0.45,True,0.7234799519974331
0,36.69999999999999,367,0,,0.428029989653556,0.15591471399966395,r2apf,0,False,0,0,0,,626.0,0,0,3,25,0,13,13,B,5446,0.5083333333333333,True,0.9911918159978086
0,38.70000000000013,387,0,,0.4655385011586076,0.10944105899943679,r2apf,0,False,0,0,0,,238.0,0,0,1,6,0,6,6,B,5447,0.4583333333333333,True,0.44517728600112605
0,42.00000000000012,420,1,,0.4537017655768046,0.14562876700074412,r2apf,1,False,1,0,1,,435.0,1,0,1,4,1,10,10,B,5448,0.44166666666666665,True,0.7768214149982668
0,73.11076697852556,736,13,,0.4462818763221935,0.4984747089984012,r2apf,28,False,13,0,28,0.3819848452201393,525.0,28,15,15,36,28,25,25,B,5449,0.5166666666666667,True,2.9185908759918675
0,46.01742232900613,461,3,,0.4042988595974354,0.20887504600068496,r2apf,8,False,3,0,8,0.29436507936507933,492.0,8,5,10,23,8,14,14,B,5450,0.43333333333333335,True,1.4068465040054434
0,49.554218392038315,497,4,,0.40270554356172195,0.17154104800101777,r2apf,12,False,4,0,12,0.23720238095238094,534.0,12,8,8,22,12,17,17,B,5451,0.43333333333333335,True,1.484461451007519
0,42.97776685201282,430,1,,0.46578288832273407,0.1096879450014967,r2apf,3,False,1,0,3,0.2,358.0,3,2,2,4,3,9,9,B,5452,0.38333333333333336,True,0.4962075070015999
0,37.200000000000074,372,0,,0.46707191009947946,0.12474936399848957,r2apf,0,False,0,0,0,,397.0,0,0,8,17,0,11,11,B,5453,0.4,True,0.9754853439972067
0,43.60000000000022,437,2,,0.4148210096650733,0.17564660700008972,r2apf,5,False,2,0,5,0.17777777777777778,558.0,5,3,5,19,5,17,17,B,5454,0.5083333333333333,True,1.8758383269978367
0,40.70000000000007,407,1,,0.41736221738435014,0.1446997619987087,r2apf,1,False,1,0,1,,442.0,1,0,0,13,1,10,10,B,5455,0.48333333333333334,True,0.7237121380003373
0,38.30000000000006,383,0,,0.4940175358379303,0.12408146199959447,r2apf,2,False,0,0,2,0.16666666666666666,395.0,2,2,3,6,2,11,11,B,5456,0.4166666666666667,True,0.9070843829958903
0,42.20000000000003,422,1,,0.4855984269313116,0.12714845399932528,r2apf,2,False,1,0,2,0.3333333333333333,262.0,2,1,2,11,2,6,6,B,5457,0.44166666666666665,True,0.33956566699816904
0,38.600000000000065,386,0,,0.415669168261751,0.11380537200057006,r2apf,0,False,0,0,0,,424.0,0,0,5,14,0,10,10,B,5458,0.4166666666666667,True,0.8000363159972039
0,38.40000000000008,384,0,,0.4699703029915259,0.11970947200097726,r2apf,0,False,0,0,0,,315.0,0,0,1,5,0,7,7,B,5459,0.4,True,0.4892207690027135
0,41.50000000000017,415,1,,0.44848960639537616,0.11934243200084893,r2apf,2,False,1,0,2,0.1111111111111111,515.0,2,1,4,13,2,13,13,B,5460,0.38333333333333336,True,0.7687549070014938
0,49.14552899719275,493,4,,0.43133944204550473,0.20352282599924365,r2apf,8,False,4,0,8,0.2604166666666667,399.0,8,4,7,14,8,14,14,B,5461,0.5083333333333333,True,1.3643543969992606
0,59.72121090000619,600,8,,0.44449293096968323,0.218310902999292,r2apf,12,False,8,0,12,0.21666666666666667,652.0,12,4,8,38,12,24,24,B,5462,0.45,True,2.2657789700006106
0,58.4349699704987,587,7,,0.4443148922357986,0.22706779100008134,r2apf,14,False,7,0,14,0.22517006802721085,501.0,14,7,11,38,14,20,20,B,5463,0.4666666666666667,True,1.7131045150017599
0,39.70000000000009,397,0,,0.4100367740031247,0.09969065100085572,r2apf,0,False,0,0,0,,353.0,0,0,2,11,0,9,9,B,5464,0.375,True,0.5923679809984606
0,38.80000000000016,388,0,,0.48805086876717485,0.18210765600088052,r2apf,1,False,0,0,1,0.2857142857142857,340.0,1,1,3,9,1,8,8,B,5465,0.48333333333333334,True,0.9731187880006473
0,41.000000000000135,410,0,,0.46602190913083025,0.17608556999948632,r2apf,4,False,0,0,4,0.24642857142857144,464.0,4,4,2,7,4,11,11,B,5466,0.4666666666666667,True,1.2160612609986856
0,36.700000000000074,367,0,,0.4109603046741773,0.13610206399971503,r2apf,0,False,0,0,0,,326.0,0,0,2,11,0,9,9,B,5467,0.525,True,0.9092598170009296
0,42.116739169558386,422,1,,0.44555572919972664,0.15266515599978447,r2apf,2,False,1,0,2,0.16666666666666666,280.0,2,1,0,3,2,8,8,B,5468,0.43333333333333335,True,0.7121009769998636
0,36.000000000000206,360,0,,0.4016518680160076,0.07944517499890935,r2apf,0,False,0,0,0,,170.0,0,0,1,6,0,5,5,B,5469,0.325,True,0.2902381109997805
0,41.30000000000018,413,1,,0.4681113455974462,0.12093862199981231,r2apf,1,False,1,0,1,,505.0,1,0,5,14,1,11,11,B,5470,0.375,True,0.7834326999982295
0,53.023737179200694,533,5,,0.41012726552492146,0.1918890859997191,r2apf,8,False,5,0,8,0.22817460317460317,477.0,8,3,2,9,8,16,16,B,5471,0.425,True,1.2455424970030435
0,37.300000000000175,373,0,,0.4923516536564857,0.10611798599893518,r2apf,0,False,0,0,0,,257.0,0,0,1,8,0,7,7,B,5472,0.38333333333333336,True,0.5244316469979822
0,38.200000000000045,382,0,,0.43321685831321816,0.1359558799995284,r2apf,0,False,0,0,0,,434.0,0,0,3,13,0,11,11,B,5473,0.45,True,1.0262108940023609
0,38.90000000000005,389,0,,0.4207376811793209,0.1116026409999904,r2apf,0,False,0,0,0,,437.0,0,0,5,19,0,11,11,B,5474,0.39166666666666666,True,0.8403084989986382
0,51.52228789210802,516,3,,0.45622476234653125,0.17723944399949687,r2apf,4,False,3,0,4,0.3333333333333333,805.0,4,1,7,34,4,23,23,B,5475,0.44166666666666665,True,2.364770606001912
0,36.900000000000055,369,0,,0.437345673794426,0.11656173600022157,r2apf,0,False,0,0,0,,366.0,0,0,3,6,0,9,9,B,5476,0.425,True,0.651051382003061
0,44.716739169558295,448,2,,0.43116267022930665,0.13967332399988663,r2apf,4,False,2,0,4,0.3142857142857143,561.0,4,2,4,9,4,14,14,B,5477,0.39166666666666666,True,0.8948850910001056
0,38.90000000000021,389,0,,0.49688483346035295,0.10965353500068886,r2apf,0,False,0,0,0,,320.0,0,0,3,13,0,8,8,B,5478,0.43333333333333335,True,0.6340597920006985
0,38.30000000000002,383,0,,0.4476174797436016,0.09764447400084464,r2apf,0,False,0,0,0,,498.0,0,0,7,17,0,12,12,B,5479,0.3333333333333333,True,0.726264323997384
0,36.400000000000105,364,0,,0.40506773115310746,0.006572333000804065,r2apf,0,False,0,0,0,,64.0,0,0,0,0,0,1,1,B,5480,0.4,True,0.006572333000804065
0,50.24230632632062,504,3,,0.40955351219947483,0.2488052480002807,r2apf,9,False,3,0,9,0.2953042328042328,464.0,9,6,9,22,9,13,13,B,5481,0.475,True,1.138118745000611
0,46.58082538629823,466,2,,0.4900583768479613,0.1570388100008131,r2apf,5,False,2,0,5,0.15873015873015872,740.0,5,3,4,20,5,18,18,B,5482,0.4,True,1.520581201000823
0,46.8409593990121,469,3,,0.4483152873433153,0.19529341099951125,r2apf,5,False,3,0,5,0.30952380952380953,370.0,5,2,3,17,5,12,12,B,5483,0.43333333333333335,True,1.093581623996215
0,47.22942674475064,473,3,,0.4086689665402201,0.2026621509994584,r2apf,5,False,3,0,5,0.24285714285714285,591.0,5,2,8,26,5,18,18,B,5484,0.5666666666666667,True,1.8542427769971255
0,42.55108125327145,426,1,,0.4245190193093303,0.14313054699960048,r2apf,1,False,1,0,1,,543.0,1,0,13,33,1,13,13,B,5485,0.475,True,1.1920457860014722
0,38.400000000000034,384,0,,0.4421522048885849,0.13953661100094905,r2apf,0,False,0,0,0,,445.0,0,0,4,10,0,11,11,B,5486,0.4166666666666667,True,1.0911888710033963
0,40.10000000000016,401,0,,0.42246847875242066,0.15480055899934086,r2apf,2,False,0,0,2,0.18333333333333335,636.0,2,2,7,21,2,15,15,B,5487,0.38333333333333336,True,1.1935871000023326
0,40.71673916955839,408,1,,0.4926134422418271,0.12190693699994881,r2apf,2,False,1,0,2,0.3333333333333333,358.0,2,1,1,2,2,11,11,B,5488,0.4,True,0.8441559049988427
0,39.30000000000009,393,0,,0.4034945030036239,0.14152500300042448,r2apf,1,False,0,0,1,0.16666666666666666,553.0,1,1,11,19,1,13,13,B,5489,0.45,True,1.1449128910026047
0,41.9728241509352,420,1,,0.43487353441649323,0.1628227400015021,r2apf,1,False,1,0,1,,480.0,1,0,4,23,1,11,11,B,5490,0.5,True,0.772758896002415
0,39.0000000000002,390,0,,0.4371076205865001,0.13151013499918918,r2apf,1,False,0,0,1,0.16666666666666666,488.0,1,1,9,21,1,12,12,B,5491,0.36666666666666664,True,0.8351465850028035
0,42.000000000000156,420,1,,0.4830354742487682,0.19286998899951868,r2apf,3,False,1,0,3,0.17142857142857143,413.0,3,2,5,10,3,9,9,B,5492,0.4083333333333333,True,0.6520318450020568
0,41.70000000000013,417,1,,0.471732470063384,0.15323765799985267,r2apf,5,False,1,0,5,0.20833333333333331,460.0,5,4,3,14,5,11,11,B,5493,0.38333333333333336,True,1.0112899679988914
0,46.000000000000234,460,2,,0.42779133633507394,0.16125536800063855,r2apf,3,False,2,0,3,0.16666666666666666,616.0,3,1,4,16,3,17,17,B,5494,0.475,True,1.603980797002805
0,38.0000000000001,380,0,,0.4506807436462054,0.1457028260010702,r2apf,0,False,0,0,0,,235.0,0,0,2,6,0,7,7,B,5495,0.5166666666666667,True,0.7763646200019139
0,38.30000000000006,383,0,,0.4971433791932981,0.11596805699991819,r2apf,1,False,0,0,1,0.3333333333333333,390.0,1,1,2,6,1,8,8,B,5496,0.35833333333333334,True,0.5106787750046351
0,49.77339484944402,499,3,,0.47182785824315515,0.17919796200112614,r2apf,4,False,3,0,4,0.16666666666666666,493.0,4,1,10,28,4,15,15,B,5497,0.45,True,1.3798051480061986
0,56.544857792412316,567,6,,0.4368544544669554,0.2369087999995827,r2apf,8,False,6,0,8,0.42063492063492064,635.0,8,2,9,26,8,22,22,B,5498,0.5666666666666667,True,2.3543502619995706
0,48.45730871878828,486,4,,0.4721417103762528,0.2119661550004821,r2apf,8,False,4,0,8,0.16309523809523807,431.0,8,4,8,24,8,14,14,B,5499,0.45,True,1.1848703409978043
0,38.60000000000014,386,0,,0.416615307530419,0.14161527000032947,r2apf,0,False,0,0,0,,359.0,0,0,0,6,0,8,8,C,5000,0.40372670807453415,True,0.6054043869989982
0,60.02674463111447,601,6,,0.4641044589969578,0.27598320600009174,r2apf,13,False,6,0,13,0.23860544217687077,811.0,13,7,14,37,13,24,24,C,5001,0.5093167701863354,True,3.4778752330057614
0,37.10000000000012,371,0,,0.4406763942514652,0.14840598400041927,r2apf,0,False,0,0,0,,319.0,0,0,4,17,0,8,8,C,5002,0.4161490683229814,True,0.7619524260026083
0,47.98854820393427,481,3,,0.4157901409731707,0.1865919819992996,r2apf,5,False,3,0,5,0.3333333333333333,458.0,5,2,8,26,5,14,14,C,5003,0.4906832298136646,True,1.4938353760007885
0,50.08783006647243,503,4,,0.4087972906510602,0.24607475999982853,r2apf,4,False,4,0,4,,554.0,4,0,7,27,4,17,17,C,5004,0.4782608695652174,True,1.8183038490024046
0,56.14889096176052,563,5,,0.42029082767838355,0.359779835000154,r2apf,12,False,5,0,12,0.23015873015873017,844.0,12,7,9,46,12,24,24,C,5005,0.5714285714285714,True,4.133086996005659
0,45.44477291962526,455,2,,0.4536762723303782,0.23433872799978417,r2apf,7,False,2,0,7,0.17333333333333334,504.0,7,5,13,39,7,15,15,C,5006,0.4968944099378882,True,2.033637409995208
0,38.40000000000011,384,0,,0.4649295680773202,0.15808450300028198,r2apf,1,False,0,0,1,0.125,350.0,1,1,1,9,1,9,9,C,5007,0.33540372670807456,True,0.8251851960012573
0,51.529054996422346,516,4,,0.4937460320968622,0.20024827899942466,r2apf,7,False,4,0,7,0.27777777777777773,500.0,7,3,14,23,7,17,17,C,5008,0.42857142857142855,True,1.979273958995691
0,38.59999999999995,386,0,,0.4735037667954922,0.17568003099950147,r2apf,1,False,0,0,1,0.3333333333333333,413.0,1,1,5,20,1,10,10,C,5009,0.45962732919254656,True,1.2053128909992665
0,88.97163550053793,896,17,,0.4502422264991722,0.4747500490011589,r2apf,30,False,17,0,30,0.27152014652014655,1183.0,30,13,29,80,30,40,40,C,5010,0.4968944099378882,True,6.0793278720029775
0,37.80000000000015,378,0,,0.4367127534272167,0.14044069800002035,r2apf,0,False,0,0,0,,503.0,0,0,5,21,0,11,11,C,5011,0.391304347826087,True,0.810122020997369
0,62.11554140533351,623,9,,0.46646255326598535,0.2936025069993775,r2apf,14,False,9,0,14,0.2019047619047619,622.0,14,5,14,29,14,23,23,C,5012,0.4409937888198758,True,2.331236018997515
0,68.09560371052218,684,11,,0.42351326168264203,0.4010588490000373,r2apf,23,False,11,0,23,0.2614087301587302,831.0,23,12,17,42,23,30,30,C,5013,0.4968944099378882,True,4.078982479006299
0,36.50000000000013,365,0,,0.4044205684191411,0.15243189499960863,r2apf,0,False,0,0,0,,310.0,0,0,3,11,0,7,7,C,5014,0.43478260869565216,True,0.6844892859990068
0,41.08326083044192,411,1,,0.45427006741884474,0.14341608900031133,r2apf,3,False,1,0,3,0.2,339.0,3,2,5,14,3,9,9,C,5015,0.36645962732919257,True,0.7381337580009131
0,45.142988840804506,452,3,,0.4931536141224346,0.21009649000006902,r2apf,5,False,3,0,5,0.17142857142857143,344.0,5,2,5,14,5,11,11,C,5016,0.40993788819875776,True,1.0427361940000992
0,46.75609407477045,469,3,,0.4965278070144706,0.2082485409991932,r2apf,4,False,3,0,4,0.16666666666666666,461.0,4,1,8,14,4,14,14,C,5017,0.4658385093167702,True,1.637064622997059
0,38.10000000000001,381,0,,0.44682813470272864,0.14049744999829272,r2apf,0,False,0,0,0,,282.0,0,0,6,16,0,8,8,C,5018,0.34782608695652173,True,0.8828848419980204
0,39.00000000000011,390,0,,0.44301052617455805,0.18758689500100445,r2apf,0,False,0,0,0,,443.0,0,0,3,20,0,12,12,C,5019,0.5031055900621118,True,1.5646804600019095
0,38.10000000000004,381,0,,0.4621465140364521,0.13752076899982058,r2apf,0,False,0,0,0,,465.0,0,0,5,23,0,11,11,C,5020,0.40372670807453415,True,0.9628272680020018
0,42.700000000000244,427,1,,0.4071134962018651,0.20055479599977843,r2apf,5,False,1,0,5,0.1964285714285714,634.0,5,4,16,38,5,16,16,C,5021,0.4409937888198758,True,1.761981169000137
0,50.06420788904279,502,4,,0.4393758489016809,0.28207548200043675,r2apf,11,False,4,0,11,0.2380952380952381,720.0,11,7,6,22,11,22,22,C,5022,0.484472049689441,True,2.641832211000292
0,42.83347833911648,429,1,,0.42699275837953693,0.16113191799922788,r2apf,2,False,1,0,2,0.3333333333333333,738.0,2,1,6,21,2,17,17,C,5023,0.40372670807453415,True,1.5476218749972759
0,43.10000000000007,431,1,,0.4857888303834065,0.19768637800007127,r2apf,3,False,1,0,3,0.21428571428571427,677.0,3,2,10,32,3,18,18,C,5024,0.43478260869565216,True,2.406241794999005
0,54.84396370796963,550,6,,0.4579091887518611,0.5164746619993821,r2apf,13,False,6,0,13,0.24081632653061225,478.0,13,7,13,34,13,17,17,C,5025,0.45962732919254656,True,2.093678667999484
0,42.816739169558375,429,1,,0.4805579315558137,0.21650787999897148,r2apf,3,False,1,0,3,0.25,509.0,3,2,5,19,3,13,13,C,5026,0.4658385093167702,True,1.5631933550030226
0,62.65578555608711,629,8,,0.48555615367259736,0.24793701699854864,r2apf,17,False,8,0,17,0.3386243386243386,885.0,17,9,16,42,17,28,28,C,5027,0.43478260869565216,True,3.24508432300172
0,61.88834705822505,623,9,,0.41521562774491355,0.2441187650001666,r2apf,14,False,9,0,14,0.3230769230769231,557.0,14,5,13,39,14,22,22,C,5028,0.4161490683229814,True,1.664019574996928
0,41.2000000000002,412,0,,0.42385534086306154,0.22102258599989,r2apf,3,False,0,0,3,0.27777777777777773,918.0,3,3,10,29,3,22,22,C,5029,0.5031055900621118,True,3.013023950996285
0,39.300000000000026,393,0,,0.40169188617045004,0.15751890199862828,r2apf,0,False,0,0,0,,491.0,0,0,3,14,0,10,10,C,5030,0.43478260869565216,True,0.8901599799974065
0,42.00000000000011,420,1,,0.44456497070648954,0.16620656499981123,r2apf,4,False,1,0,4,0.38888888888888884,415.0,4,3,6,19,4,11,11,C,5031,0.37888198757763975,True,1.1613445800012414
0,42.600000000000165,426,0,,0.4779935205595445,0.26046857599976647,r2apf,3,False,0,0,3,0.27777777777777773,789.0,3,3,9,35,3,18,18,C,5032,0.40372670807453415,True,2.5003620569950726
0,64.87563497247605,653,10,,0.4704908976973102,0.5413566429997445,r2apf,20,False,10,0,20,0.30777777777777776,617.0,20,10,7,25,20,24,24,C,5033,0.5341614906832298,True,3.2611394750001637
0,58.261264000547776,585,7,,0.4336220049104982,0.2537047480000183,r2apf,11,False,7,0,11,0.2270833333333333,514.0,11,4,5,12,11,17,17,C,5034,0.4472049689440994,True,1.4887344560047495
0,37.80000000000011,378,0,,0.4987991552094881,0.14366720199905103,r2apf,0,False,0,0,0,,360.0,0,0,6,10,0,10,10,C,5035,0.42857142857142855,True,1.0820040260005044
0,48.86856367783675,489,3,,0.49063644739890905,0.24728346199844964,r2apf,9,False,3,0,9,0.19305555555555554,615.0,9,6,11,28,9,20,20,C,5036,0.5093167701863354,True,3.057350017999852
0,45.43743223397205,456,3,,0.46934286342009696,0.21341053200012539,r2apf,5,False,3,0,5,0.18333333333333335,491.0,5,2,6,27,5,14,14,C,5037,0.39751552795031053,True,1.3687848830013536
0,53.32090889890321,535,6,,0.44122065721187903,0.28301078799995594,r2apf,13,False,6,0,13,0.2658163265306122,524.0,13,7,7,28,13,18,18,C,5038,0.4658385093167702,True,2.281667616998675
0,44.00000000000029,440,1,,0.4646396998401807,0.19284137900103815,r2apf,2,False,1,0,2,0.25,662.0,2,1,8,32,2,17,17,C,5039,0.4720496894409938,True,1.918593136999334
0,37.800000000000004,378,0,,0.4318274858291687,0.15508749699984037,r2apf,0,False,0,0,0,,415.0,0,0,3,19,0,10,10,C,5040,0.40372670807453415,True,0.9174940550001338
0,38.500000000000156,385,0,,0.48416828535099377,0.1260619320000842,r2apf,0,False,0,0,0,,418.0,0,0,2,5,0,10,10,C,5041,0.37267080745341613,True,0.9032542130007641
0,47.40000000000032,474,2,,0.4913990246219182,0.19131330699929094,r2apf,4,False,2,0,4,0.18333333333333335,569.0,4,2,8,19,4,15,15,C,5042,0.422360248447205,True,1.4190629929998977
0,37.50000000000009,375,0,,0.4168648911592078,0.15896463399985805,r2apf,2,False,0,0,2,0.25,452.0,2,2,2,9,2,9,9,C,5043,0.42857142857142855,True,0.6003407719999814
0,53.50576322352792,536,4,,0.4007641823580364,0.22042721400066512,r2apf,7,False,4,0,7,0.25396825396825395,1031.0,7,3,14,38,7,28,28,C,5044,0.4906832298136646,True,3.4274350029991183
0,47.4696070024229,476,2,,0.43269707366788973,0.23202433699952962,r2apf,5,False,2,0,5,0.19722222222222222,636.0,5,3,8,31,5,18,18,C,5045,0.4968944099378882,True,2.641457168996567
0,40.60547203638093,407,1,,0.4186791453326773,0.1627196079989517,r2apf,1,False,1,0,1,,410.0,1,0,8,16,1,12,12,C,5046,0.4161490683229814,True,1.369833810000273
0,42.10000000000006,421,1,,0.41592461643728146,0.16484659500019916,r2apf,2,False,1,0,2,0.16666666666666666,416.0,2,1,5,20,2,13,13,C,5047,0.42857142857142855,True,1.4709080100055871
0,38.50000000000014,385,0,,0.4547554314161911,0.15772431400000642,r2apf,0,False,0,0,0,,367.0,0,0,2,8,0,9,9,C,5048,0.45962732919254656,True,1.0106428669969318
0,55.90000000000048,559,4,,0.4897959629516125,0.22097103600026458,r2apf,7,False,4,0,7,0.2222222222222222,590.0,7,3,7,26,7,20,20,C,5049,0.45962732919254656,True,2.437987357001475
0,37.30000000000003,373,0,,0.40892586395525404,0.15608115499890118,r2apf,0,False,0,0,0,,449.0,0,0,9,37,0,11,11,C,5050,0.37267080745341613,True,1.102050200001031
0,39.400000000000134,394,0,,0.4208462102114561,0.1638168310000765,r2apf,0,False,0,0,0,,372.0,0,0,6,17,0,9,9,C,5051,0.391304347826087,True,0.9177163109998219
0,40.30000000000009,403,1,,0.443988421463598,0.19613573999959044,r2apf,2,False,1,0,2,0.14285714285714285,503.0,2,1,12,26,2,13,13,C,5052,0.4906832298136646,True,1.6019943700011936
0,66.28714168413528,668,11,,0.44645533627830886,0.2878275240000221,r2apf,12,False,11,0,12,0.3333333333333333,356.0,12,1,10,30,12,20,20,C,5053,0.453416149068323,True,1.3956438770001114
0,37.7000000000001,377,0,,0.4765550477659572,0.16506845000003523,r2apf,1,False,0,0,1,0.3333333333333333,438.0,1,1,5,14,1,9,9,C,5054,0.4409937888198758,True,0.6931399110017082
0,36.90000000000006,369,0,,0.43327281862577216,0.17244103699886182,r2apf,0,False,0,0,0,,337.0,0,0,1,6,0,7,7,C,5055,0.40993788819875776,True,0.7916931210002076
0,48.674381653942746,487,3,,0.42307176387540907,0.20298798099975102,r2apf,8,False,3,0,8,0.18857142857142856,720.0,8,5,10,32,8,19,19,C,5056,0.37888198757763975,True,1.634137926997937
0,64.09005311392949,643,8,,0.49930025572776887,0.3446276859995123,r2apf,16,False,8,0,16,0.26875,771.0,16,8,16,46,16,26,26,C,5057,0.5279503105590062,True,4.084754639003222
0,45.983260830442006,460,2,,0.4543356196620724,0.1999387440009741,r2apf,3,False,2,0,3,0.3333333333333333,640.0,3,1,9,49,3,21,21,C,5058,0.45962732919254656,True,2.796430464999503
0,38.20000000000009,382,0,,0.4150408749346788,0.17070032900119259,r2apf,1,False,0,0,1,0.16666666666666666,582.0,1,1,4,10,1,14,14,C,5059,0.40372670807453415,True,1.3419557470006112
0,58.000000000000455,580,5,,0.43427416654046713,0.23946616200009885,r2apf,8,False,5,0,8,0.2888888888888889,735.0,8,3,9,33,8,20,20,C,5060,0.40993788819875776,True,1.9268516410065786
0,37.00000000000004,370,0,,0.4711997679759568,0.15935709000041243,r2apf,0,False,0,0,0,,279.0,0,0,5,17,0,9,9,C,5061,0.422360248447205,True,1.1166019770007551
0,58.232576523933915,585,6,,0.45590430855438907,0.308705233001092,r2apf,17,False,6,0,17,0.23982683982683986,708.0,17,11,11,39,17,23,23,C,5062,0.5093167701863354,True,3.334028526007387
0,96.40029995106414,974,23,,0.47424337482643797,0.6003837089992885,r2apf,49,False,23,0,49,0.32959540459540454,723.0,49,26,25,55,49,41,41,C,5063,0.577639751552795,True,5.332378269993569
0,38.30000000000011,383,0,,0.4149209551313739,0.1713844390014856,r2apf,1,False,0,0,1,0.16666666666666666,414.0,1,1,3,15,1,11,11,C,5064,0.39751552795031053,True,1.109721642002114
0,44.41673916955831,445,2,,0.43027663877868394,0.1768796360011038,r2apf,3,False,2,0,3,0.16666666666666666,377.0,3,1,3,9,3,11,11,C,5065,0.42857142857142855,True,1.0290876949984522
0,37.60000000000007,376,0,,0.45464424839910206,0.14748478000001342,r2apf,0,False,0,0,0,,381.0,0,0,2,4,0,9,9,C,5066,0.40372670807453415,True,0.8815078239986178
0,39.000000000000085,390,1,,0.4056886078269018,0.1569235730003129,r2apf,2,False,1,0,2,0.16666666666666666,353.0,2,1,4,13,2,10,10,C,5067,0.38509316770186336,True,1.0132801649979228
0,43.30000000000009,433,1,,0.4116802322035535,0.2250026860001526,r2apf,3,False,1,0,3,0.2,495.0,3,2,11,38,3,13,13,C,5068,0.43478260869565216,True,1.4310734939972463
0,69.60508065915913,700,10,,0.48940501520665125,0.40364429500004917,r2apf,22,False,10,0,22,0.3043169793169793,671.0,22,12,9,28,22,24,24,C,5069,0.4906832298136646,True,3.0281577089972416
0,72.15298966839127,725,11,,0.481619535996177,0.49175151999952504,r2apf,29,False,11,0,29,0.339021164021164,805.0,29,18,20,63,29,30,30,C,5070,0.577639751552795,True,5.446090622994234
0,95.30210978479516,961,22,,0.44773442861067314,0.936503332999564,r2apf,60,False,22,0,60,0.41263310885021415,869.0,60,38,28,82,60,40,40,C,5071,0.5652173913043478,True,7.154105937001077
0,41.40000000000011,414,1,,0.4516576273794958,0.1812374210003327,r2apf,3,False,1,0,3,0.18333333333333335,511.0,3,2,4,13,3,14,14,C,5072,0.453416149068323,True,1.6563075899994146
0,74.41771257138875,749,13,,0.4342374380464114,0.7015448969996214,r2apf,26,False,13,0,26,0.4736992207176619,439.0,26,13,8,27,26,22,22,C,5073,0.453416149068323,True,2.351794932003031
0,53.83629700556133,540,6,,0.44077268396522457,0.29057950300011726,r2apf,13,False,6,0,13,0.3238095238095238,497.0,13,7,9,18,13,17,17,C,5074,0.4409937888198758,True,1.751744632003465
0,41.80000000000008,418,1,,0.4577789642101917,0.18335843800014118,r2apf,2,False,1,0,2,0.2,584.0,2,1,8,14,2,13,13,C,5075,0.42857142857142855,True,1.2615203550049046
0,49.15975535382763,493,4,,0.4471553402913471,0.3727071760004037,r2apf,9,False,4,0,9,0.18793650793650793,526.0,9,5,9,29,9,16,16,C,5076,0.4658385093167702,True,2.297170782003377
0,41.500000000000135,415,1,,0.493831438464778,0.23687386399979005,r2apf,4,False,1,0,4,0.2904040404040404,424.0,4,3,3,15,4,12,12,C,5077,0.40993788819875776,True,1.4021977429983963
0,48.98990217164224,491,3,,0.44691031015756616,0.2221064170007594,r2apf,7,False,3,0,7,0.24999999999999997,631.0,7,4,13,47,7,18,18,C,5078,0.4161490683229814,True,1.9502917399931903
0,43.100000000000165,431,1,,0.4940468035500822,0.1733551699999225,r2apf,3,False,1,0,3,0.25,497.0,3,2,10,32,3,15,15,C,5079,0.422360248447205,True,1.7542499990013312
0,39.19999999999971,392,0,,0.43175677043399724,0.136925667999094,r2apf,1,False,0,0,1,0.1111111111111111,432.0,1,1,3,6,1,8,8,C,5080,0.37267080745341613,True,0.5051664290003828
0,38.100000000000016,381,0,,0.48586800976694666,0.1467466490012157,r2apf,0,False,0,0,0,,360.0,0,0,6,19,0,10,10,C,5081,0.43478260869565216,True,0.9667663330037612
0,36.900000000000084,369,0,,0.4811088208220473,0.12899551000009524,r2apf,0,False,0,0,0,,356.0,0,0,5,15,0,10,10,C,5082,0.37888198757763975,True,0.8917022290024761
0,38.40000000000002,384,0,,0.45503915630530284,0.21295222800108604,r2apf,1,False,0,0,1,0.16666666666666666,362.0,1,1,2,12,1,9,9,C,5083,0.4409937888198758,True,1.0388288120011566
0,41.10000000000012,411,1,,0.4886135841486627,0.16867711800114193,r2apf,1,False,1,0,1,,413.0,1,0,2,18,1,12,12,C,5084,0.4658385093167702,True,1.3437852579991159
0,41.10000000000009,411,0,,0.47903403618078105,0.1671548280010029,r2apf,0,False,0,0,0,,453.0,0,0,4,14,0,11,11,C,5085,0.4161490683229814,True,1.160999993004225
0,39.10000000000014,391,0,,0.48180168058250256,0.18380138599968632,r2apf,1,False,0,0,1,0.16666666666666666,525.0,1,1,5,21,1,12,12,C,5086,0.453416149068323,True,1.3614832729963382
0,53.29921236225197,535,4,,0.4219913048376942,0.22449361399958434,r2apf,10,False,4,0,10,0.1851851851851852,734.0,10,6,12,47,10,23,23,C,5087,0.453416149068323,True,2.824143437001112
0,45.3497824913258,454,2,,0.4816339555710973,0.16896799400092277,r2apf,4,False,2,0,4,0.15476190476190477,706.0,4,2,13,35,4,18,18,C,5088,0.4161490683229814,True,1.5992235599987907
0,43.100000000000165,431,1,,0.4686812429985191,0.18917965299988282,r2apf,4,False,1,0,4,0.18888888888888888,392.0,4,3,5,13,4,11,11,C,5089,0.4409937888198758,True,1.1502945800002635
0,39.800000000000125,398,0,,0.4427833121401939,0.15776877000098466,r2apf,0,False,0,0,0,,337.0,0,0,2,13,0,8,8,C,5090,0.4161490683229814,True,0.8276932750013657
0,47.24258659108318,473,2,,0.4823204409396221,0.20930595100071514,r2apf,3,False,2,0,3,0.16666666666666666,795.0,3,1,7,27,3,21,21,C,5091,0.4782608695652174,True,2.4651969210044626
0,38.600000000000115,386,0,,0.4445522176594892,0.1677335780004796,r2apf,0,False,0,0,0,,285.0,0,0,2,3,0,7,7,C,5092,0.391304347826087,True,0.7250358190012776
0,39.70000000000016,397,0,,0.48036537300289617,0.2542721359986899,r2apf,3,False,0,0,3,0.273015873015873,379.0,3,3,2,21,3,8,8,C,5093,0.43478260869565216,True,0.9077048459985235
0,38.20000000000011,382,0,,0.41301833475126287,0.17656763000013598,r2apf,1,False,0,0,1,0.3333333333333333,455.0,1,1,5,19,1,12,12,C,5094,0.40993788819875776,True,1.4154037660027825
0,52.52333449529182,526,5,,0.4852199709436116,0.23615471400080423,r2apf,15,False,5,0,15,0.3244444444444445,495.0,15,10,9,35,15,19,19,C,5095,0.40993788819875776,True,2.465578708002795
0,49.44356380395937,495,3,,0.4170276492511992,0.222067386001072,r2apf,6,False,3,0,6,0.2916666666666667,622.0,6,3,6,22,6,18,18,C,5096,0.5031055900621118,True,2.187329840999155
0,47.498135934507026,475,3,,0.44574672427947454,0.23521698000149627,r2apf,8,False,3,0,8,0.2773809523809524,523.0,8,5,12,39,8,17,17,C,5097,0.45962732919254656,True,2.5658637289998296
0,44.313410994202776,444,2,,0.4589711492492057,0.23091847899922868,r2apf,9,False,2,0,9,0.22971552257266542,754.0,9,7,13,39,9,20,20,C,5098,0.39751552795031053,True,2.59934567199889
0,52.66643276639935,528,5,,0.4010631898443269,0.2758121160004521,r2apf,6,False,5,0,6,0.16666666666666666,716.0,6,1,4,25,6,22,22,C,5099,0.5093167701863354,True,2.8174898590023076
0,35.80000000000006,358,0,,0.4351560765663961,0.16196995199970843,r2apf,0,False,0,0,0,,291.0,0,0,5,16,0,9,9,C,5100,0.4472049689440994,True,1.1314776219969644
0,41.50000000000016,415,1,,0.4084961293270908,0.1939322500002163,r2apf,3,False,1,0,3,0.30952380952380953,357.0,3,2,8,18,3,11,11,C,5101,0.4782608695652174,True,1.2727892000002612
0,40.44978249132569,405,1,,0.4589820012149196,0.1505964080006379,r2apf,3,False,1,0,3,0.25,555.0,3,2,4,30,3,16,16,C,5102,0.36024844720496896,True,1.7023280110061023
0,45.14978249132574,452,2,,0.45621154947251047,0.18784422099997755,r2apf,3,False,2,0,3,0.2,394.0,3,1,3,17,3,12,12,C,5103,0.391304347826087,True,1.1229938819924428
0,46.50520051117363,467,3,,0.4498899701015193,0.20906429099886736,r2apf,5,False,3,0,5,0.25,483.0,5,2,8,25,5,15,15,C,5104,0.453416149068323,True,1.6342395469946496
0,38.3000000000001,383,0,,0.4013480276430229,0.1717409039993072,r2apf,0,False,0,0,0,,547.0,0,0,7,31,0,14,14,C,5105,0.4720496894409938,True,1.5559339799947338
0,75.50693780111797,762,14,,0.4303220906123037,0.43123003500113555,r2apf,35,False,14,0,35,0.29372637944066515,600.0,35,21,12,43,35,28,28,C,5106,0.515527950310559,True,3.6846428850003576
0,40.00000000000014,400,0,,0.4767261350969284,0.18804730599913455,r2apf,1,False,0,0,1,0.3333333333333333,537.0,1,1,5,21,1,13,13,C,5107,0.5093167701863354,True,1.6599138370002038
0,38.10000000000001,381,0,,0.4313811760907081,0.109341036000842,r2apf,0,False,0,0,0,,438.0,0,0,3,16,0,10,10,C,5108,0.30434782608695654,True,0.6477172639970377
0,53.70136404133282,539,5,,0.42625012968276554,0.31780246299967985,r2apf,17,False,5,0,17,0.33878968253968256,535.0,17,12,9,29,17,17,17,C,5109,0.484472049689441,True,2.198782265999398
0,37.00000000000007,370,0,,0.4414178599223913,0.16516655400118907,r2apf,1,False,0,0,1,0.2,479.0,1,1,6,20,1,13,13,C,5110,0.422360248447205,True,1.6139441470004385
0,72.80073568536773,733,12,,0.4914661729535691,0.382100017999619,r2apf,21,False,12,0,21,0.2927248677248677,637.0,21,9,12,38,21,27,27,C,5111,0.484472049689441,True,3.2160310950057465
0,44.957513506544885,450,1,,0.48648847459285705,0.20253606799997215,r2apf,3,False,1,0,3,0.30952380952380953,746.0,3,2,10,36,3,20,20,C,5112,0.4720496894409938,True,2.263626436004415
0,58.1508688524641,583,6,,0.4727225636585165,0.2647453019999375,r2apf,13,False,6,0,13,0.27312925170068025,822.0,13,7,13,45,13,24,24,C,5113,0.5031055900621118,True,2.5106743029955396
0,43.20000000000012,432,1,,0.47312728160355566,0.1771069840015116,r2apf,3,False,1,0,3,0.15476190476190477,438.0,3,2,6,15,3,12,12,C,5114,0.39751552795031053,True,1.1690693610016751
0,36.00000000000004,360,0,,0.4938306346317416,0.18460356099967612,r2apf,0,False,0,0,0,,250.0,0,0,2,10,0,6,6,C,5115,0.45962732919254656,True,0.7488921449967165
0,42.20000000000021,422,1,,0.40001813431531263,0.19526996500098903,r2apf,1,False,1,0,1,,741.0,1,0,6,27,1,18,18,C,5116,0.4658385093167702,True,2.3339764999982435
0,41.300000000000125,413,1,,0.41538664128206126,0.20177982200038969,r2apf,3,False,1,0,3,0.25,445.0,3,2,7,19,3,13,13,C,5117,0.4720496894409938,True,1.5751886349971755
0,46.00000000000013,460,2,,0.42642390089160503,0.24889925299976312,r2apf,6,False,2,0,6,0.2857142857142857,585.0,6,4,5,23,6,15,15,C,5118,0.5031055900621118,True,1.9599406630004523
0,38.30000000000021,383,0,,0.4723502513415929,0.16614534499967704,r2apf,0,False,0,0,0,,331.0,0,0,5,13,0,8,8,C,5119,0.4409937888198758,True,0.725291209997522
0,45.122125162825114,452,2,,0.4050672789412571,0.22820283900000504,r2apf,4,False,2,0,4,0.2589285714285714,310.0,4,2,3,12,4,10,10,C,5120,0.4409937888198758,True,1.1702067800015357
0,48.23131668568241,483,3,,0.4287468530150613,0.2309599830005027,r2apf,4,False,3,0,4,0.16666666666666666,816.0,4,1,16,43,4,23,23,C,5121,0.45962732919254656,True,2.6254855600054725
0,40.00000000000025,400,0,,0.4906201650145033,0.17641464799999085,r2apf,1,False,0,0,1,0.16666666666666666,358.0,1,1,3,12,1,10,10,C,5122,0.422360248447205,True,1.1597763580048195
0,78.07825964331518,787,14,,0.4821175811691803,0.5034017899997707,r2apf,24,False,14,0,24,0.38166666666666665,987.0,24,10,22,58,24,35,35,C,5123,0.5031055900621118,True,5.198579732998041
0,40.700000000000195,407,1,,0.4924743313576101,0.16900001999965752,r2apf,3,False,1,0,3,0.16666666666666666,490.0,3,2,8,18,3,12,12,C,5124,0.422360248447205,True,1.1522860789991682
0,37.00000000000006,370,0,,0.495076109230358,0.17666643600023235,r2apf,0,False,0,0,0,,348.0,0,0,3,7,0,9,9,C,5125,0.4472049689440994,True,1.0322362029983196
0,41.00000000000015,410,0,,0.4960516736274727,0.1281451430004381,r2apf,0,False,0,0,0,,526.0,0,0,4,16,0,12,12,C,5126,0.3416149068322981,True,0.960268665001422
0,38.20000000000015,382,0,,0.4216036947480961,0.19451205100085645,r2apf,1,False,0,0,1,0.3333333333333333,467.0,1,1,4,18,1,10,10,C,5127,0.4906832298136646,True,1.106691122002303
0,36.80000000000004,368,0,,0.45208237829414266,0.1743650999997044,r2apf,0,False,0,0,0,,381.0,0,0,3,14,0,9,9,C,5128,0.40372670807453415,True,0.9478993240009004
0,65.86366128172754,664,11,,0.436987068520953,0.5240146310006821,r2apf,25,False,11,0,25,0.34331065759637186,541.0,25,14,11,51,25,25,25,C,5129,0.5031055900621118,True,4.081318692000423
0,38.100000000000044,381,0,,0.4934961115438151,0.17633943399960117,r2apf,0,False,0,0,0,,237.0,0,0,4,13,0,7,7,C,5130,0.5031055900621118,True,0.8960758250013896
0,43.0000000000001,430,1,,0.433450356515949,0.1896200659994065,r2apf,2,False,1,0,2,0.16666666666666666,559.0,2,1,6,20,2,15,15,C,5131,0.43478260869565216,True,1.6181328289985686
0,45.00000000000023,450,1,,0.46721935406203285,0.16572968799846421,r2apf,2,False,1,0,2,0.3333333333333333,506.0,2,1,4,17,2,13,13,C,5132,0.4161490683229814,True,1.4237252779967093
0,72.12435984457056,724,12,,0.40437690311408747,0.28205196899943985,r2apf,22,False,12,0,22,0.28428571428571425,641.0,22,10,9,19,22,25,25,C,5133,0.34782608695652173,True,2.75743533300556
0,36.99999999999995,370,0,,0.43117975932001446,0.17086502200072573,r2apf,0,False,0,0,0,,444.0,0,0,3,11,0,10,10,C,5134,0.42857142857142855,True,0.976508443000057
0,42.74859069723056,428,1,,0.4007191770464397,0.17862700699879497,r2apf,2,False,1,0,2,0.16666666666666666,699.0,2,1,8,33,2,16,16,C,5135,0.4161490683229814,True,1.4728254319998086
0,74.79340795011078,753,14,,0.41841680730311703,0.3957797359998949,r2apf,32,False,14,0,32,0.3414462081128748,826.0,32,18,23,57,32,32,32,C,5136,0.5341614906832298,True,4.782122070997502
0,35.59999999999997,356,0,,0.47507469434823274,0.16029506500126445,r2apf,0,False,0,0,0,,257.0,0,0,2,9,0,6,6,C,5137,0.40993788819875776,True,0.4737071969993849
0,60.8946102548957,612,8,,0.4013362950091718,0.2984316669990221,r2apf,17,False,8,0,17,0.245679012345679,773.0,17,9,12,54,17,26,26,C,5138,0.4720496894409938,True,3.6309149539956707
0,54.81695876291484,550,5,,0.4489050069230329,0.41514995399847976,r2apf,15,False,5,0,15,0.38944444444444437,390.0,15,10,8,16,15,14,14,C,5139,0.422360248447205,True,1.6018080419980834
0,66.60056392669276,668,9,,0.430711654807654,0.2722207309998339,r2apf,13,False,9,0,13,0.22499999999999998,698.0,13,4,14,50,13,26,26,C,5140,0.484472049689441,True,2.787461910997081
0,38.80000000000012,388,0,,0.4621977804833439,0.19782435199886095,r2apf,3,False,0,0,3,0.2253968253968254,741.0,3,3,10,36,3,19,19,C,5141,0.453416149068323,True,2.2966694319966336
0,38.20000000000007,382,0,,0.48993361255571277,0.17134984500080463,r2apf,1,False,0,0,1,0.3333333333333333,340.0,1,1,3,20,1,10,10,C,5142,0.391304347826087,True,1.1451152200061188
0,46.772823553124674,470,4,,0.4446462823028221,0.26261176299885847,r2apf,10,False,4,0,10,0.25873015873015875,511.0,10,6,15,37,10,18,18,C,5143,0.4968944099378882,True,2.631187894990944
0,40.300000000000075,403,0,,0.4785960083076735,0.14148932800162584,r2apf,0,False,0,0,0,,530.0,0,0,6,27,0,12,12,C,5144,0.40372670807453415,True,1.0401842300016142
0,42.23664195104692,423,1,,0.47212750692552596,0.2484078369998315,r2apf,4,False,1,0,4,0.18888888888888888,683.0,4,3,12,40,4,17,17,C,5145,0.4906832298136646,True,2.022552155001904
0,45.20000000000009,452,2,,0.48915652877091775,0.20759022300080687,r2apf,4,False,2,0,4,0.26666666666666666,605.0,4,2,3,23,4,16,16,C,5146,0.4782608695652174,True,1.9830547550009214
0,48.404867524124995,486,4,,0.4858534564761549,0.3140690949985583,r2apf,8,False,4,0,8,0.35700757575757575,431.0,8,4,4,13,8,13,13,C,5147,0.453416149068323,True,1.19667410799957
0,38.00000000000007,380,0,,0.4423804473402849,0.17614701599995897,r2apf,0,False,0,0,0,,448.0,0,0,0,4,0,10,10,C,5148,0.4658385093167702,True,1.1176932600028522
0,39.20000000000017,392,0,,0.4291360747912149,0.19460346599953482,r2apf,1,False,0,0,1,0.16666666666666666,766.0,1,1,9,30,1,15,15,C,5149,0.5093167701863354,True,1.5877644700012752
0,37.40000000000012,374,0,,0.41035767410577034,0.20286645899977884,r2apf,1,False,0,0,1,0.2,368.0,1,1,2,8,1,9,9,C,5150,0.453416149068323,True,1.2178796739972313
0,50.434622735146654,506,3,,0.4937658135762337,0.19269622399951913,r2apf,7,False,3,0,7,0.30753968253968256,538.0,7,4,5,22,7,15,15,C,5151,0.35403726708074534,True,1.3309924739987764
0,45.61385898243396,457,2,,0.42295677795858,0.22519364999971003,r2apf,5,False,2,0,5,0.2333333333333333,484.0,5,3,7,23,5,14,14,C,5152,0.4720496894409938,True,1.8583869860030973
0,39.100000000000065,391,0,,0.44254836581778656,0.24902720300087822,r2apf,2,False,0,0,2,0.20833333333333331,205.0,2,2,3,7,2,5,5,C,5153,0.4472049689440994,True,0.6492771610028285
0,50.822534887586365,509,3,,0.4755306668572348,0.24254803499934496,r2apf,9,False,3,0,9,0.3491101491101491,539.0,9,6,10,33,9,15,15,C,5154,0.453416149068323,True,1.6873441279967665
0,38.700000000000095,387,1,,0.4467460828304186,0.19618779400116182,r2apf,1,False,1,0,1,,312.0,1,0,2,6,1,9,9,C,5155,0.4658385093167702,True,1.1638059290035017
0,47.75841949074198,478,3,,0.40656200670144677,0.18601507800121908,r2apf,8,False,3,0,8,0.16666666666666666,610.0,8,5,10,24,8,17,17,C,5156,0.422360248447205,True,1.90000460000374
0,39.10000000000008,391,0,,0.4456612406730655,0.18022945600023377,r2apf,1,False,0,0,1,0.3333333333333333,353.0,1,1,3,13,1,8,8,C,5157,0.38509316770186336,True,0.749590077002722
0,45.255764393310216,453,2,,0.4202261095773298,0.21631838000030257,r2apf,4,False,2,0,4,0.18333333333333335,519.0,4,2,7,15,4,14,14,C,5158,0.4720496894409938,True,1.5954086769997957
0,38.90000000000008,389,0,,0.498363778935563,0.17532411700085504,r2apf,1,False,0,0,1,0.3333333333333333,352.0,1,1,3,7,1,8,8,C,5159,0.4409937888198758,True,0.9703929329989478
0,84.85789555082393,856,18,,0.40867804162163157,0.7888153009989765,r2apf,45,False,18,0,45,0.2648829565496232,427.0,45,27,11,32,45,27,27,C,5160,0.546583850931677,True,3.8850644629983435
0,51.82462338751329,519,4,,0.4495608074696502,0.24306471800082363,r2apf,11,False,4,0,11,0.1850340136054422,594.0,11,7,6,18,11,16,16,C,5161,0.4906832298136646,True,1.8305578329982382
0,56.432138750756515,567,5,,0.4813201769881121,0.3565926520004723,r2apf,13,False,5,0,13,0.32314560439560436,717.0,13,8,14,34,13,20,20,C,5162,0.453416149068323,True,1.955423340001289
0,44.48184438543753,445,2,,0.4276870506151577,0.21130152300065674,r2apf,4,False,2,0,4,0.26666666666666666,329.0,4,2,4,17,4,11,11,C,5163,0.4968944099378882,True,1.3157443710006191
0,35.799999999999976,358,0,,0.4772352961508696,0.1368274759988708,r2apf,1,False,0,0,1,0.3333333333333333,443.0,1,1,7,27,1,10,10,C,5164,0.33540372670807456,True,0.7574193920027028
0,41.33884455600733,414,1,,0.46424079341194646,0.1594846440002584,r2apf,2,False,1,0,2,0.3333333333333333,366.0,2,1,5,21,2,10,10,C,5165,0.422360248447205,True,0.9102298050001991
0,42.0000000000001,420,1,,0.47971711582016774,0.1755240460006462,r2apf,1,False,1,0,1,,607.0,1,0,6,36,1,17,17,C,5166,0.42857142857142855,True,1.8170702909974352
0,38.90000000000004,389,0,,0.41592341585280124,0.21567991700067068,r2apf,1,False,0,0,1,0.2,509.0,1,1,4,23,1,13,13,C,5167,0.4658385093167702,True,1.6425870410002972
0,86.87870767148974,876,18,,0.49661810643373383,0.7447386869989714,r2apf,40,False,18,0,40,0.3882149416240326,858.0,40,22,21,79,40,38,38,C,5168,0.5962732919254659,True,7.394445538999207
0,38.00000000000004,380,0,,0.40655442274525433,0.12211323299925425,r2apf,0,False,0,0,0,,289.0,0,0,1,4,0,8,8,C,5169,0.3105590062111801,True,0.641979543997877
0,60.16233925986864,604,8,,0.4470506668546297,0.28812702700088266,r2apf,15,False,8,0,15,0.26525974025974025,617.0,15,7,9,46,15,25,25,C,5170,0.45962732919254656,True,3.362130605002676
0,39.00000000000004,390,0,,0.4463981290767037,0.15816711399929773,r2apf,0,False,0,0,0,,465.0,0,0,2,8,0,11,11,C,5171,0.38509316770186336,True,0.9535313209999003
0,37.50000000000013,375,0,,0.4827187488652381,0.1867592020007578,r2apf,0,False,0,0,0,,477.0,0,0,10,25,0,12,12,C,5172,0.4658385093167702,True,1.5109226599979593
0,40.70000000000012,407,1,,0.416582462581159,0.17162720499982242,r2apf,3,False,1,0,3,0.15476190476190477,444.0,3,2,6,15,3,12,12,C,5173,0.4409937888198758,True,1.2625275419977697
0,46.325190893299535,464,2,,0.41407668404938214,0.16898705499988864,r2apf,3,False,2,0,3,0.3333333333333333,746.0,3,1,13,42,3,21,21,C,5174,0.4409937888198758,True,2.278934969997863
0,43.000000000000135,430,1,,0.4812607674864759,0.1720513039999787,r2apf,2,False,1,0,2,0.16666666666666666,371.0,2,1,2,10,2,9,9,C,5175,0.34782608695652173,True,0.7387884979998489
0,43.55197679843431,436,2,,0.4012970392433329,0.22413148200030264,r2apf,6,False,2,0,6,0.22499999999999998,425.0,6,4,6,24,6,12,12,C,5176,0.39751552795031053,True,1.107101011002669
0,38.100000000000094,381,0,,0.43862762725555426,0.1254274670009181,r2apf,1,False,0,0,1,0.3333333333333333,307.0,1,1,3,25,1,8,8,C,5177,0.36645962732919257,True,0.6823102430025756
0,37.900000000000205,379,0,,0.45480609130357313,0.15218743399964296,r2apf,0,False,0,0,0,,256.0,0,0,2,13,0,7,7,C,5178,0.37888198757763975,True,0.7387470279973058
0,46.95480112969202,470,3,,0.48963075038758735,0.20076365800014173,r2apf,4,False,3,0,4,0.2,573.0,4,1,6,24,4,16,16,C,5179,0.43478260869565216,True,1.5808573689992045
0,68.37294720315276,689,11,,0.472215796152651,0.37204761499924643,r2apf,24,False,11,0,24,0.23223443223443224,571.0,24,13,9,40,24,24,24,C,5180,0.4782608695652174,True,3.1328875339968363
0,71.96463422989494,726,13,,0.45783737973632066,0.5126987090006878,r2apf,19,False,13,0,19,0.2333333333333333,434.0,19,6,5,18,19,23,23,C,5181,0.5031055900621118,True,2.4385040310007753
0,48.30000000000028,483,2,,0.4427605526583938,0.23757442699934472,r2apf,7,False,2,0,7,0.215,492.0,7,5,11,40,7,16,16,C,5182,0.4968944099378882,True,2.4787944219970086
0,38.00000000000012,380,0,,0.45009553289014187,0.16901797199898283,r2apf,0,False,0,0,0,,547.0,0,0,12,23,0,13,13,C,5183,0.38509316770186336,True,1.4006070069954148
0,44.80000000000016,448,1,,0.42883247917054035,0.16700100900015968,r2apf,2,False,1,0,2,0.5555555555555556,621.0,2,1,6,28,2,15,15,C,5184,0.40993788819875776,True,1.5237757170016266
0,37.099999999999945,371,0,,0.44580783428079146,0.17058619199997338,r2apf,0,False,0,0,0,,550.0,0,0,7,25,0,14,14,C,5185,0.4409937888198758,True,1.4636576750017412
0,39.40000000000005,394,0,,0.41823512971592436,0.15665220800110546,r2apf,0,False,0,0,0,,356.0,0,0,5,20,0,10,10,C,5186,0.4161490683229814,True,1.0730595069999254
0,36.200000000000166,362,0,,0.4197669487612515,0.13976657199964393,r2apf,0,False,0,0,0,,195.0,0,0,3,8,0,6,6,C,5187,0.38509316770186336,True,0.5165508529971703
0,38.400000000000105,384,0,,0.480994302509874,0.1732141739994404,r2apf,1,False,0,0,1,0.16666666666666666,507.0,1,1,6,20,1,12,12,C,5188,0.422360248447205,True,1.4702986779957428
0,39.00000000000005,390,0,,0.4027662877687612,0.22043679299895302,r2apf,0,False,0,0,0,,513.0,0,0,3,17,0,12,12,C,5189,0.5031055900621118,True,1.7011130769988085
0,40.20000000000007,402,0,,0.4115452187818195,0.16578366499925323,r2apf,0,False,0,0,0,,320.0,0,0,1,7,0,8,8,C,5190,0.4472049689440994,True,0.8889683409979625
0,37.90000000000005,379,0,,0.4383853748225889,0.14700125999843294,r2apf,0,False,0,0,0,,526.0,0,0,4,22,0,15,15,C,5191,0.422360248447205,True,1.6525934230012354
0,38.90000000000017,389,0,,0.4128919532770411,0.1220100310001726,r2apf,0,False,0,0,0,,580.0,0,0,9,25,0,12,12,C,5192,0.37888198757763975,True,0.7751288139988901
0,45.61673916955845,457,2,,0.42353294891257737,0.18744058499942184,r2apf,3,False,2,0,3,0.3333333333333333,462.0,3,1,9,25,3,14,14,C,5193,0.4782608695652174,True,1.6240983749976294
0,56.85416876666697,572,8,,0.4657021964522855,0.2187688869998965,r2apf,11,False,8,0,11,0.27777777777777773,492.0,11,3,9,14,11,18,18,C,5194,0.4472049689440994,True,1.1514151840019622
0,37.10000000000014,371,0,,0.41639577069993994,0.16860254800121766,r2apf,0,False,0,0,0,,503.0,0,0,7,19,0,13,13,C,5195,0.4161490683229814,True,1.3084701590014447
0,43.71673916955833,438,2,,0.48499773726519424,0.18284952999965753,r2apf,4,False,2,0,4,0.26785714285714285,454.0,4,2,2,9,4,12,12,C,5196,0.391304347826087,True,1.1616319149961782
0,38.50000000000017,385,0,,0.4220842111514416,0.1622015349985304,r2apf,0,False,0,0,0,,543.0,0,0,6,22,0,14,14,C,5197,0.4968944099378882,True,1.5515327339981013
0,38.90000000000016,389,0,,0.4658368748446685,0.14359392400001525,r2apf,0,False,0,0,0,,323.0,0,0,2,10,0,9,9,C,5198,0.4472049689440994,True,0.9276135119980609
0,36.80000000000003,368,0,,0.4572922558673881,0.15997601799972472,r2apf,0,False,0,0,0,,298.0,0,0,3,9,0,7,7,C,5199,0.40372670807453415,True,0.6441323690032732
0,72.77428599224463,733,13,,0.43339082178233124,0.42970085599881713,r2apf,23,False,13,0,23,0.2994047619047619,548.0,23,10,17,32,23,26,26,C,5200,0.515527950310559,True,3.086294402000931
0,38.10000000000004,381,0,,0.4709777801441685,0.16058306300146796,r2apf,0,False,0,0,0,,480.0,0,0,4,19,0,11,11,C,5201,0.39751552795031053,True,1.2793262989998766
0,37.20000000000008,372,0,,0.4285042984973376,0.18436810599996534,r2apf,0,False,0,0,0,,464.0,0,0,7,30,0,13,13,C,5202,0.4968944099378882,True,1.6846515540000837
0,56.74610480891539,569,5,,0.43337537981375346,0.2601340880009957,r2apf,9,False,5,0,9,0.20833333333333331,741.0,9,4,14,43,9,22,22,C,5203,0.40372670807453415,True,2.821491328997581
0,36.69999999999992,367,0,,0.48679534651669853,0.15640053099923534,r2apf,1,False,0,0,1,0.2,337.0,1,1,2,9,1,7,7,C,5204,0.42857142857142855,True,0.7132149479984946
0,38.60000000000001,386,0,,0.4325803433146065,0.157550355001149,r2apf,0,False,0,0,0,,424.0,0,0,4,11,0,10,10,C,5205,0.42857142857142855,True,0.9421670419997099
0,39.00000000000016,390,0,,0.47128536523043335,0.17625198000132514,r2apf,2,False,0,0,2,0.22619047619047616,432.0,2,2,4,20,2,10,10,C,5206,0.38509316770186336,True,1.0527179179989616
0,40.20000000000003,402,1,,0.4857358001156796,0.19717896600013773,r2apf,1,False,1,0,1,,525.0,1,0,1,9,1,12,12,C,5207,0.4658385093167702,True,1.1238635799982148
0,36.400000000000055,364,0,,0.42021482029900153,0.14565967700036708,r2apf,2,False,0,0,2,0.25,510.0,2,2,4,17,2,12,12,C,5208,0.34782608695652173,True,1.1119057509986305
0,51.6926156519681,518,4,,0.4516224255040936,0.2931938329984405,r2apf,11,False,4,0,11,0.288265306122449,573.0,11,7,6,27,11,17,17,C,5209,0.484472049689441,True,2.07284857599916
0,52.77519048164867,529,4,,0.45872064119831973,0.2021710079989134,r2apf,9,False,4,0,9,0.19666666666666668,685.0,9,5,10,25,9,20,20,C,5210,0.39751552795031053,True,2.1552515379989927
0,36.90000000000015,369,0,,0.40967170580839196,0.13965510399975756,r2apf,1,False,0,0,1,0.16666666666666666,264.0,1,1,1,3,1,5,5,C,5211,0.38509316770186336,True,0.32712790900041
0,37.70000000000008,377,0,,0.40231548403495454,0.18449490400053037,r2apf,2,False,0,0,2,0.16666666666666666,382.0,2,2,6,13,2,9,9,C,5212,0.40372670807453415,True,0.9851237000002584
0,45.0655392523315,451,2,,0.4827409210613006,0.22919547899982717,r2apf,5,False,2,0,5,0.16984126984126982,692.0,5,3,10,26,5,19,19,C,5213,0.4968944099378882,True,2.736569297996539
0,45.25795648403708,453,2,,0.47733554402372164,0.18813999600024545,r2apf,5,False,2,0,5,0.3333333333333333,262.0,5,3,5,12,5,9,9,C,5214,0.37267080745341613,True,0.9077588719992491
0,44.80000000000009,448,1,,0.43130070875571114,0.2035225409999839,r2apf,2,False,1,0,2,0.3333333333333333,652.0,2,1,5,24,2,16,16,C,5215,0.4720496894409938,True,1.9696320010007184
0,38.30000000000013,383,0,,0.46257793930753915,0.15038554900093004,r2apf,0,False,0,0,0,,429.0,0,0,4,14,0,10,10,C,5216,0.38509316770186336,True,0.9782280029976391
0,41.20000000000013,412,1,,0.4651064342707602,0.19121376700059045,r2apf,2,False,1,0,2,0.25,307.0,2,1,3,10,2,9,9,C,5217,0.4409937888198758,True,1.1002051529976598
0,41.40000000000018,414,1,,0.48056088013452575,0.18637171999944258,r2apf,3,False,1,0,3,0.16666666666666666,295.0,3,2,2,8,3,8,8,C,5218,0.37888198757763975,True,0.8708402830015984
0,36.00000000000009,360,0,,0.4138182684514286,0.16632794399993145,r2apf,0,False,0,0,0,,376.0,0,0,1,6,0,9,9,C,5219,0.391304347826087,True,1.0828617679999297
0,37.00000000000016,370,0,,0.49529399192515283,0.12621276600111742,r2apf,1,False,0,0,1,0.16666666666666666,410.0,1,1,1,12,1,10,10,C,5220,0.36024844720496896,True,0.82976482900267
0,47.20087003469786,473,3,,0.43597995532888423,0.20358283900168317,r2apf,7,False,3,0,7,0.2464285714285714,387.0,7,4,1,8,7,12,12,C,5221,0.4658385093167702,True,1.3046011680016818
0,43.51673916955834,436,2,,0.41621203159113823,0.1927287200014689,r2apf,4,False,2,0,4,0.22916666666666666,529.0,4,2,3,11,4,13,13,C,5222,0.422360248447205,True,1.0975461609978083
0,37.50000000000005,375,0,,0.49974346377297824,0.1539105659994675,r2apf,0,False,0,0,0,,352.0,0,0,3,22,0,10,10,C,5223,0.4161490683229814,True,1.0763176239997847
0,55.1539807606148,553,4,,0.4882266173258545,0.3112451159995544,r2apf,8,False,4,0,8,0.2523809523809524,575.0,8,4,7,27,8,18,18,C,5224,0.4409937888198758,True,2.033200254003532
0,37.00000000000004,370,0,,0.4567983433627071,0.17483303600056388,r2apf,0,False,0,0,0,,432.0,0,0,3,11,0,9,9,C,5225,0.36645962732919257,True,0.6224534319990198
0,39.20000000000013,392,0,,0.4632136969655722,0.1615641719999985,r2apf,1,False,0,0,1,0.16666666666666666,352.0,1,1,2,12,1,8,8,C,5226,0.39751552795031053,True,0.7583452140006557
0,45.50000000000016,455,2,,0.4979930800668528,0.20276118499896256,r2apf,6,False,2,0,6,0.24047619047619048,546.0,6,4,9,32,6,16,16,C,5227,0.40372670807453415,True,2.0695711170010327
0,38.700000000000166,387,0,,0.45969076161917555,0.16560487099923193,r2apf,0,False,0,0,0,,408.0,0,0,3,15,0,10,10,C,5228,0.453416149068323,True,1.0814693529991928
0,40.300000000000196,403,0,,0.48937206177205295,0.16791119100162177,r2apf,0,False,0,0,0,,638.0,0,0,8,18,0,14,14,C,5229,0.43478260869565216,True,1.262635308006793
0,36.20000000000008,362,0,,0.4945180943450744,0.14728530600041267,r2apf,0,False,0,0,0,,308.0,0,0,3,8,0,7,7,C,5230,0.40372670807453415,True,0.6352256430000125
0,38.500000000000185,385,0,,0.408891758734673,0.16054620999966573,r2apf,1,False,0,0,1,0.16666666666666666,548.0,1,1,5,31,1,14,14,C,5231,0.4161490683229814,True,1.587485962001665
0,56.54560785286895,568,6,,0.4285043300971635,0.32184608799980197,r2apf,14,False,6,0,14,0.350974025974026,495.0,14,8,4,27,14,18,18,C,5232,0.4409937888198758,True,1.933324461002485
0,38.5000000000002,385,0,,0.4745697156676912,0.1682867969993822,r2apf,0,False,0,0,0,,247.0,0,0,2,4,0,6,6,C,5233,0.40372670807453415,True,0.7108976449999318
0,44.30000000000018,443,1,,0.47784601466937426,0.19698360700022022,r2apf,2,False,1,0,2,0.2857142857142857,488.0,2,1,4,14,2,12,12,C,5234,0.37888198757763975,True,1.1526723829956609
0,37.90000000000004,379,0,,0.4714523068659241,0.12244660400028806,r2apf,0,False,0,0,0,,477.0,0,0,4,16,0,11,11,C,5235,0.36024844720496896,True,0.8301340779980819
0,37.60000000000008,376,0,,0.4265229928867612,0.14059552000071562,r2apf,0,False,0,0,0,,481.0,0,0,7,18,0,12,12,C,5236,0.38509316770186336,True,1.0914346930003376
0,49.489267316446956,496,2,,0.4548991158535295,0.18125071599934017,r2apf,5,False,2,0,5,0.273015873015873,726.0,5,3,6,19,5,19,19,C,5237,0.33540372670807456,True,1.5718384129977494
0,63.65024366648206,640,9,,0.48413537521091615,0.3773478070015699,r2apf,19,False,9,0,19,0.2835714285714286,664.0,19,10,10,52,19,24,24,C,5238,0.4906832298136646,True,2.495712576996084
0,56.18280972502387,563,6,,0.4243497727421388,0.27237566400071955,r2apf,9,False,6,0,9,0.2222222222222222,644.0,9,3,13,40,9,21,21,C,5239,0.4472049689440994,True,2.3954594120023103
0,44.95376419335871,450,2,,0.4849310348696095,0.1619093579993205,r2apf,4,False,2,0,4,0.25,521.0,4,2,5,12,4,15,15,C,5240,0.36645962732919257,True,1.430600907002372
0,38.3000000000001,383,0,,0.49614826452395067,0.15400149099878035,r2apf,1,False,0,0,1,0.16666666666666666,387.0,1,1,2,15,1,10,10,C,5241,0.37888198757763975,True,0.9688078469953325
0,44.783260830441975,448,1,,0.4990820604722945,0.21084916299878387,r2apf,6,False,1,0,6,0.2857142857142857,512.0,6,5,9,27,6,12,12,C,5242,0.4472049689440994,True,1.357642789998863
0,41.90000000000011,419,1,,0.4790652295410473,0.15026236300036544,r2apf,2,False,1,0,2,0.16666666666666666,530.0,2,1,6,18,2,13,13,C,5243,0.39751552795031053,True,0.9979961070021091
0,43.2000000000002,432,1,,0.4570695233797473,0.1910143010009051,r2apf,3,False,1,0,3,0.2708333333333333,387.0,3,2,8,26,3,12,12,C,5244,0.422360248447205,True,1.2871701569983998
0,42.40000000000019,424,1,,0.4180969700846488,0.1726786279996304,r2apf,2,False,1,0,2,0.2,485.0,2,1,7,25,2,15,15,C,5245,0.453416149068323,True,1.8037258980002662
0,50.18369584779105,503,4,,0.40265780545916274,0.17935821100036264,r2apf,9,False,4,0,9,0.2733333333333333,695.0,9,5,6,27,9,19,19,C,5246,0.36024844720496896,True,1.7351733479972609
0,42.983260830442006,430,1,,0.4116516866442091,0.19844280100005562,r2apf,3,False,1,0,3,0.3333333333333333,556.0,3,2,5,17,3,13,13,C,5247,0.4409937888198758,True,1.4830058549996465
0,38.00000000000013,380,0,,0.41231593210292933,0.17106937000062317,r2apf,0,False,0,0,0,,336.0,0,0,4,6,0,8,8,C,5248,0.484472049689441,True,0.9185404109975934
0,39.300000000000054,393,0,,0.44552380963507976,0.21268709799915086,r2apf,2,False,0,0,2,0.25,509.0,2,2,5,16,2,13,13,C,5249,0.4968944099378882,True,1.8868004709947854
0,36.20000000000003,362,0,,0.4917953795118962,0.1367717659995833,r2apf,0,False,0,0,0,,582.0,0,0,5,20,0,14,14,C,5250,0.391304347826087,True,1.1695107400028064
0,40.300000000000026,403,0,,0.47149048022374235,0.19678850000127568,r2apf,1,False,0,0,1,0.16666666666666666,463.0,1,1,3,8,1,10,10,C,5251,0.36024844720496896,True,1.0411895060024108
0,42.90000000000014,429,1,,0.4248597315810566,0.3186581629997818,r2apf,6,False,1,0,6,0.33238095238095233,567.0,6,5,7,24,6,14,14,C,5252,0.4658385093167702,True,2.0646560339955613
0,40.60000000000009,406,1,,0.4804219407939841,0.1558882019999146,r2apf,2,False,1,0,2,0.2,433.0,2,1,10,23,2,12,12,C,5253,0.4472049689440994,True,1.0622627529974125
0,43.800000000000146,438,1,,0.40151082283964823,0.19058464099907724,r2apf,1,False,1,0,1,,611.0,1,0,8,29,1,16,16,C,5254,0.422360248447205,True,1.7332422349973058
0,65.28966191060225,656,8,,0.4103342057772756,0.2192251699998451,r2apf,11,False,8,0,11,0.2148148148148148,595.0,11,3,10,41,11,23,23,C,5255,0.38509316770186336,True,1.9595125920041028
0,39.20000000000017,392,0,,0.40141031722854265,0.17974142099956225,r2apf,2,False,0,0,2,0.24285714285714285,434.0,2,2,2,8,2,10,10,C,5256,0.37267080745341613,True,1.0705385559995193
0,37.49999999999999,375,0,,0.45984247014382257,0.17342669900062901,r2apf,1,False,0,0,1,0.3333333333333333,411.0,1,1,1,9,1,9,9,C,5257,0.35403726708074534,True,0.8041892149994965
0,37.500000000000114,375,0,,0.4557077410748026,0.21194141599880822,r2apf,1,False,0,0,1,0.16666666666666666,414.0,1,1,7,25,1,10,10,C,5258,0.4968944099378882,True,1.5201610119966062
0,39.80000000000015,398,0,,0.4432573011825889,0.17009194899947033,r2apf,0,False,0,0,0,,841.0,0,0,7,42,0,19,19,C,5259,0.4161490683229814,True,1.8057258460012235
0,39.916739169558326,400,1,,0.4869560079153428,0.17193544499968993,r2apf,3,False,1,0,3,0.3333333333333333,431.0,3,2,5,17,3,11,11,C,5260,0.37267080745341613,True,1.0508081250009127
0,63.4012149820552,635,6,,0.45808883569880005,0.29082920699875103,r2apf,11,False,6,0,11,0.20666666666666664,810.0,11,5,10,38,11,25,25,C,5261,0.4720496894409938,True,3.3089686519997485
0,54.90593312380899,550,5,,0.4233718912408605,0.19686742599878926,r2apf,6,False,5,0,6,0.375,872.0,6,1,15,45,6,23,23,C,5262,0.4782608695652174,True,2.203883082001994
0,38.300000000000146,383,0,,0.49801216243028235,0.15469842499987863,r2apf,0,False,0,0,0,,511.0,0,0,4,24,0,13,13,C,5263,0.40993788819875776,True,1.3003222390034352
0,37.50000000000005,375,0,,0.4223005377443716,0.14609942399874853,r2apf,0,False,0,0,0,,220.0,0,0,2,6,0,6,6,C,5264,0.39751552795031053,True,0.639878599999065
0,45.79105515999583,458,2,,0.4354086845686676,0.17777947399918048,r2apf,4,False,2,0,4,0.14583333333333331,429.0,4,2,3,10,4,10,10,C,5265,0.36645962732919257,True,0.663608001996181
0,37.30000000000002,373,0,,0.4192283794827755,0.1691382569988491,r2apf,1,False,0,0,1,0.16666666666666666,343.0,1,1,6,8,1,8,8,C,5266,0.422360248447205,True,0.8803753329957544
0,47.941930062857715,480,2,,0.4244217121516071,0.22503144499933114,r2apf,4,False,2,0,4,0.16666666666666666,711.0,4,2,7,20,4,18,18,C,5267,0.453416149068323,True,1.9433459140000195
0,44.14260828293509,442,1,,0.4960151139579548,0.18713188900073874,r2apf,3,False,1,0,3,0.26666666666666666,543.0,3,2,6,22,3,13,13,C,5268,0.45962732919254656,True,1.454737035999642
0,40.10000000000007,401,1,,0.40861496017785953,0.16147447399998782,r2apf,2,False,1,0,2,0.2,499.0,2,1,8,27,2,14,14,C,5269,0.453416149068323,True,1.4600727730012295
0,42.90000000000002,429,1,,0.47535243666017607,0.2243498060015554,r2apf,3,False,1,0,3,0.2833333333333333,523.0,3,2,7,27,3,15,15,C,5270,0.453416149068323,True,1.8220475020043523
0,40.200000000000124,402,1,,0.49204192366893945,0.2007765020007355,r2apf,3,False,1,0,3,0.3333333333333333,409.0,3,2,6,12,3,10,10,C,5271,0.40993788819875776,True,1.1701979660010693
0,38.60000000000012,386,0,,0.47293205695950696,0.22095771800013608,r2apf,2,False,0,0,2,0.20833333333333331,391.0,2,2,6,9,2,9,9,C,5272,0.4472049689440994,True,0.97331365500213
0,39.30000000000003,393,0,,0.4502517086716925,0.23923514099988097,r2apf,3,False,0,0,3,0.2222222222222222,598.0,3,3,8,33,3,16,16,C,5273,0.5031055900621118,True,2.2708159079993493
0,53.708652209556874,538,4,,0.4401766837909298,0.19925158199839643,r2apf,7,False,4,0,7,0.5051282051282052,782.0,7,3,13,38,7,20,20,C,5274,0.38509316770186336,True,2.1941047109939973
0,41.80000000000017,418,1,,0.4154824705902074,0.17687903799924243,r2apf,3,False,1,0,3,0.18333333333333335,343.0,3,2,5,15,3,11,11,C,5275,0.4472049689440994,True,1.312386919002165
0,39.40000000000011,394,0,,0.43420462614561667,0.16076969299865596,r2apf,1,False,0,0,1,0.2,490.0,1,1,5,22,1,12,12,C,5276,0.4658385093167702,True,1.2314298589953978
0,41.60000000000018,416,1,,0.4289043480784604,0.196165667999594,r2apf,2,False,1,0,2,0.3333333333333333,410.0,2,1,4,13,2,12,12,C,5277,0.484472049689441,True,1.4005665270015015
0,42.23347833911638,423,1,,0.4945286385501609,0.18190662000051816,r2apf,1,False,1,0,1,,656.0,1,0,6,25,1,17,17,C,5278,0.4472049689440994,True,1.850514446005036
0,37.90000000000006,379,0,,0.4859212747373767,0.1703379410009802,r2apf,1,False,0,0,1,0.2,494.0,1,1,2,8,1,10,10,C,5279,0.422360248447205,True,0.9094061640043947
0,36.30000000000007,363,0,,0.4054213916341271,0.161222603999704,r2apf,0,False,0,0,0,,393.0,0,0,3,9,0,9,9,C,5280,0.4161490683229814,True,0.7594172930002969
0,39.80000000000012,398,0,,0.4684912393354911,0.14991145599924494,r2apf,0,False,0,0,0,,560.0,0,0,6,14,0,12,12,C,5281,0.39751552795031053,True,1.0610193020002043
0,37.60000000000011,376,0,,0.4498187776940825,0.1489050349991885,r2apf,1,False,0,0,1,0.16666666666666666,178.0,1,1,2,5,1,5,5,C,5282,0.37888198757763975,True,0.4859957780008699
0,46.447864305482796,465,2,,0.4825376640987153,0.19370887500008394,r2apf,3,False,2,0,3,0.16666666666666666,617.0,3,1,16,28,3,17,17,C,5283,0.4472049689440994,True,1.9388597100041807
0,52.76360582438547,528,4,,0.4511157071205233,0.26791516299999785,r2apf,10,False,4,0,10,0.24583333333333332,529.0,10,6,9,22,10,15,15,C,5284,0.5031055900621118,True,2.0362076979981794
0,38.00000000000007,380,0,,0.45441081298602304,0.14740955500019481,r2apf,0,False,0,0,0,,434.0,0,0,1,6,0,10,10,C,5285,0.39751552795031053,True,0.7699124350001512
0,42.20000000000024,422,1,,0.42549527646934754,0.20916835099887976,r2apf,5,False,1,0,5,0.1919642857142857,419.0,5,4,8,16,5,9,9,C,5286,0.37888198757763975,True,0.8583320839934458
0,45.80102959054989,459,3,,0.4830674969647151,0.2890750200003822,r2apf,6,False,3,0,6,0.27777777777777773,449.0,6,3,7,22,6,14,14,C,5287,0.4720496894409938,True,1.697771774001012
0,37.499999999999964,375,0,,0.4063977902358645,0.13871893599934992,r2apf,0,False,0,0,0,,406.0,0,0,4,23,0,12,12,C,5288,0.40372670807453415,True,1.3656795699989743
0,43.10000000000028,431,1,,0.4228280706382217,0.19182204699973227,r2apf,2,False,1,0,2,0.1111111111111111,673.0,2,1,14,35,2,18,18,C,5289,0.40372670807453415,True,2.111145321001459
0,38.4000000000002,384,0,,0.48169305761413944,0.17859088800105383,r2apf,0,False,0,0,0,,453.0,0,0,4,16,0,10,10,C,5290,0.45962732919254656,True,0.9310727319989383
0,41.10000000000012,411,0,,0.48468960802809,0.1545785629987222,r2apf,0,False,0,0,0,,594.0,0,0,8,28,0,14,14,C,5291,0.39751552795031053,True,1.3351441879985941
0,42.38326083044195,424,2,,0.4903640943483543,0.208530771000369,r2apf,3,False,2,0,3,0.14285714285714285,750.0,3,1,9,32,3,19,19,C,5292,0.453416149068323,True,2.029309601000932
0,41.9000000000002,419,0,,0.4842233903778006,0.2356173670013959,r2apf,4,False,0,0,4,0.1607142857142857,591.0,4,4,14,29,4,14,14,C,5293,0.38509316770186336,True,2.2292328830008046
0,39.20000000000006,392,0,,0.47452821491901764,0.14508579299945268,r2apf,0,False,0,0,0,,183.0,0,0,2,6,0,5,5,C,5294,0.39751552795031053,True,0.5495330280009512
0,38.10000000000009,381,0,,0.4927914974601472,0.15395136599909165,r2apf,0,False,0,0,0,,303.0,0,0,5,13,0,7,7,C,5295,0.36645962732919257,True,0.7457164380011818
0,38.60000000000009,386,0,,0.4461640564954408,0.2053897589994449,r2apf,0,False,0,0,0,,371.0,0,0,2,6,0,10,10,C,5296,0.5217391304347826,True,1.4822732729971904
0,41.084238419586114,411,1,,0.47933628507286785,0.1477607069991791,r2apf,2,False,1,0,2,0.2,322.0,2,1,1,6,2,9,9,C,5297,0.38509316770186336,True,0.7747253569996246
0,40.67776685201266,407,1,,0.48447190927137534,0.19862429499880818,r2apf,3,False,1,0,3,0.25,381.0,3,2,3,11,3,11,11,C,5298,0.43478260869565216,True,1.3352539269944828
0,41.200000000000145,412,0,,0.4776011599557757,0.21965390500008652,r2apf,1,False,0,0,1,0.16666666666666666,412.0,1,1,2,6,1,10,10,C,5299,0.453416149068323,True,1.4202778359995136
0,38.60000000000006,386,0,,0.40359199039044846,0.17978757099990617,r2apf,1,False,0,0,1,0.2,410.0,1,1,1,8,1,10,10,C,5300,0.45962732919254656,True,1.2461784519982757
0,45.30000000000015,453,1,,0.4304315332647489,0.22523000599903753,r2apf,2,False,1,0,2,0.16666666666666666,645.0,2,1,12,43,2,16,16,C,5301,0.422360248447205,True,2.051922996995927
0,56.53337957405867,567,6,,0.42437307302626337,0.24889978600003815,r2apf,11,False,6,0,11,0.29047619047619044,649.0,11,5,8,21,11,20,20,C,5302,0.4782608695652174,True,2.4690122729953146
0,36.50000000000007,365,0,,0.4243748890823528,0.15567627500058734,r2apf,0,False,0,0,0,,464.0,0,0,1,26,0,12,12,C,5303,0.4161490683229814,True,1.2972387179997895
0,37.80000000000008,378,0,,0.47212475540800647,0.13710975700087147,r2apf,1,False,0,0,1,0.2,258.0,1,1,0,7,1,6,6,C,5304,0.32919254658385094,True,0.5494746120020864
0,42.200000000000074,422,1,,0.48383037356690145,0.22390646100029699,r2apf,4,False,1,0,4,0.2253968253968254,549.0,4,3,5,25,4,13,13,C,5305,0.4409937888198758,True,1.2433130629979132
0,37.90000000000009,379,0,,0.471151767252866,0.1489441989997431,r2apf,1,False,0,0,1,0.16666666666666666,572.0,1,1,6,21,1,12,12,C,5306,0.39751552795031053,True,0.9294559709978785
0,38.70000000000017,387,0,,0.4549991233906678,0.15081800699954329,r2apf,0,False,0,0,0,,458.0,0,0,8,25,0,12,12,C,5307,0.4161490683229814,True,1.2812948700011475
0,39.200000000000095,392,0,,0.4501474457366064,0.14434640600120474,r2apf,0,False,0,0,0,,381.0,0,0,8,15,0,10,10,C,5308,0.391304347826087,True,0.9624976420000166
0,44.633913356465406,447,2,,0.4485535711441274,0.2303310360002797,r2apf,7,False,2,0,7,0.18666666666666665,715.0,7,5,9,25,7,19,19,C,5309,0.484472049689441,True,2.6789128120017267
0,39.7000000000001,397,0,,0.4690289212190542,0.1419106710000051,r2apf,0,False,0,0,0,,375.0,0,0,4,12,0,9,9,C,5310,0.39751552795031053,True,0.7682776939964242
0,45.38326083044209,454,2,,0.4054952161989475,0.18124459699902218,r2apf,3,False,2,0,3,0.16666666666666666,492.0,3,1,6,14,3,13,13,C,5311,0.4409937888198758,True,1.2289377819979563
0,40.6665216608838,407,1,,0.4874930290039019,0.18854046199885488,r2apf,4,False,1,0,4,0.20634920634920637,519.0,4,3,8,22,4,14,14,C,5312,0.4658385093167702,True,1.6048453879975568
0,50.825978484486,509,4,,0.43672413710111346,0.19834745399930398,r2apf,8,False,4,0,8,0.23809523809523808,642.0,8,4,6,21,8,17,17,C,5313,0.38509316770186336,True,1.5093699709977955
0,37.4,374,0,,0.4196796401873417,0.17407147999983863,r2apf,1,False,0,0,1,0.2,348.0,1,1,2,8,1,8,8,C,5314,0.4409937888198758,True,0.8241045810045762
0,39.10000000000008,391,0,,0.44837947980523474,0.1591208629997709,r2apf,0,False,0,0,0,,560.0,0,0,6,18,0,14,14,C,5315,0.422360248447205,True,1.3032169559992326
0,54.364892922668126,546,6,,0.43633976230199417,0.23719611799970153,r2apf,11,False,6,0,11,0.18,525.0,11,5,6,21,11,18,18,C,5316,0.4658385093167702,True,1.5901742789992568
0,59.563403226743524,599,8,,0.49463742304906216,0.2933966569999029,r2apf,14,False,8,0,14,0.3311558811558812,1051.0,14,6,20,48,14,30,30,C,5317,0.5031055900621118,True,3.928050913000334
0,44.983260830441964,450,2,,0.4267235335149256,0.20815764100007073,r2apf,4,False,2,0,4,0.21428571428571427,601.0,4,2,9,27,4,16,16,C,5318,0.4968944099378882,True,1.921143405001203
0,42.00000000000016,420,1,,0.42528682022090014,0.18487380199985637,r2apf,4,False,1,0,4,0.2333333333333333,444.0,4,3,3,20,4,13,13,C,5319,0.37888198757763975,True,1.336463058996742
0,44.80000000000019,448,1,,0.4476752406673568,0.2236085019994789,r2apf,4,False,1,0,4,0.38888888888888884,543.0,4,3,3,19,4,12,12,C,5320,0.42857142857142855,True,1.2382185549977294
0,46.11504530934493,462,2,,0.48807466325840737,0.2373325400003523,r2apf,4,False,2,0,4,0.23809523809523808,660.0,4,2,5,37,4,17,17,C,5321,0.4658385093167702,True,1.8966017509956146
0,39.10000000000009,391,0,,0.4602051578292068,0.1323257879994344,r2apf,0,False,0,0,0,,404.0,0,0,7,27,0,11,11,C,5322,0.38509316770186336,True,1.0918846969980223
0,39.70000000000008,397,0,,0.40733559537544706,0.1730832110006304,r2apf,0,False,0,0,0,,642.0,0,0,9,34,0,15,15,C,5323,0.40993788819875776,True,1.613946281002427
0,45.85431153507054,459,2,,0.4522717337797254,0.21808957499888493,r2apf,2,False,2,0,2,,526.0,2,0,6,29,2,14,14,C,5324,0.4720496894409938,True,1.731362659998922
0,39.699999999999996,397,0,,0.43116724500543535,0.18125857900122355,r2apf,0,False,0,0,0,,376.0,0,0,4,16,0,9,9,C,5325,0.453416149068323,True,0.9093917750014953
0,50.075234482235736,501,3,,0.47950522043185867,0.18996366399915132,r2apf,7,False,3,0,7,0.1607142857142857,773.0,7,4,12,24,7,19,19,C,5326,0.36645962732919257,True,1.9216835830011405
0,42.70000000000021,427,1,,0.4886832734178164,0.2094356460002018,r2apf,3,False,1,0,3,0.16666666666666666,470.0,3,2,4,17,3,12,12,C,5327,0.515527950310559,True,1.6146796370030643
0,38.70000000000011,387,0,,0.4758238689486014,0.1689675409998017,r2apf,0,False,0,0,0,,433.0,0,0,4,13,0,10,10,C,5328,0.42857142857142855,True,1.0410575139958382
0,43.50000000000013,435,1,,0.45239378358102883,0.20922122400043008,r2apf,2,False,1,0,2,0.16666666666666666,679.0,2,1,4,29,2,16,16,C,5329,0.5031055900621118,True,1.6641545049951674
0,36.80000000000006,368,0,,0.4735560096026963,0.14722343799985538,r2apf,0,False,0,0,0,,277.0,0,0,3,12,0,7,7,C,5330,0.37888198757763975,True,0.7006084399999963
0,38.1000000000001,381,0,,0.4909499137441142,0.13013945400052762,r2apf,0,False,0,0,0,,365.0,0,0,3,28,0,11,11,C,5331,0.35403726708074534,True,1.1218637870006205
0,48.697329234838264,487,3,,0.49310769735533194,0.1661291060008807,r2apf,4,False,3,0,4,0.16666666666666666,477.0,4,1,2,15,4,13,13,C,5332,0.40372670807453415,True,1.1176177590004954
0,41.40000000000004,414,0,,0.47169395505174977,0.25508288300079585,r2apf,2,False,0,0,2,0.16666666666666666,470.0,2,2,4,17,2,10,10,C,5333,0.4720496894409938,True,1.2176527970023017
0,37.50000000000025,375,0,,0.48243793867956314,0.15003095899919572,r2apf,0,False,0,0,0,,471.0,0,0,1,13,0,11,11,C,5334,0.39751552795031053,True,1.062482863002515
0,44.8832608304421,449,2,,0.42075934148919375,0.16692152700125007,r2apf,3,False,2,0,3,0.16666666666666666,635.0,3,1,10,26,3,16,16,C,5335,0.3416149068322981,True,1.278403915997842
0,40.30000000000013,403,1,,0.44240020912611666,0.19716274100028386,r2apf,2,False,1,0,2,0.16666666666666666,480.0,2,1,3,14,2,11,11,C,5336,0.4409937888198758,True,1.064632215000529
0,42.50000000000025,425,1,,0.4610931490426877,0.14984498500052723,r2apf,2,False,1,0,2,0.16666666666666666,489.0,2,1,6,12,2,12,12,C,5337,0.38509316770186336,True,1.1035235909930634
0,41.100000000000136,411,1,,0.4050423035007372,0.16604986499987717,r2apf,2,False,1,0,2,0.16666666666666666,497.0,2,1,8,29,2,14,14,C,5338,0.36645962732919257,True,1.6060213450000447
0,40.20000000000021,402,0,,0.471093246005202,0.16700306399980036,r2apf,1,False,0,0,1,0.16666666666666666,376.0,1,1,0,12,1,10,10,C,5339,0.391304347826087,True,1.0845121970014588
0,38.90000000000002,389,0,,0.4087257588191009,0.1846791520001716,r2apf,1,False,0,0,1,0.3333333333333333,458.0,1,1,3,13,1,11,11,C,5340,0.40372670807453415,True,1.1866028970016487
0,37.200000000000124,372,0,,0.4720606782892265,0.1598595720006415,r2apf,0,False,0,0,0,,467.0,0,0,4,19,0,12,12,C,5341,0.391304347826087,True,1.1977246710030158
0,42.78326083044187,428,1,,0.40435805123207547,0.1847663240005204,r2apf,3,False,1,0,3,0.18333333333333335,309.0,3,2,3,13,3,10,10,C,5342,0.42857142857142855,True,1.1718991789985012
0,37.90000000000011,379,0,,0.432636079727117,0.1179372799997509,r2apf,0,False,0,0,0,,428.0,0,0,6,17,0,11,11,C,5343,0.36024844720496896,True,0.9382584749982925
0,36.60000000000017,366,0,,0.44091976601908967,0.11111085300035484,r2apf,0,False,0,0,0,,193.0,0,0,0,4,0,4,4,C,5344,0.37267080745341613,True,0.16221369200138724
0,38.10000000000008,381,0,,0.431817641725188,0.16084941900044214,r2apf,0,False,0,0,0,,490.0,0,0,5,20,0,12,12,C,5345,0.36645962732919257,True,1.3421960399991804
0,40.20000000000008,402,0,,0.49247392582861776,0.21639146999950754,r2apf,1,False,0,0,1,0.16666666666666666,515.0,1,1,5,19,1,13,13,C,5346,0.45962732919254656,True,1.712727795000319
0,39.60000000000005,396,0,,0.4585000208795233,0.17720552900027542,r2apf,0,False,0,0,0,,538.0,0,0,5,30,0,13,13,C,5347,0.45962732919254656,True,1.4947096990017599
0,54.58839050553807,547,5,,0.44764103496310154,0.209165608001058,r2apf,9,False,5,0,9,0.175,522.0,9,4,1,11,9,16,16,C,5348,0.45962732919254656,True,1.3433867690000625
0,49.93476927063147,501,4,,0.46769401691273393,0.20645970899931854,r2apf,5,False,4,0,5,0.16666666666666666,408.0,5,1,3,8,5,12,12,C,5349,0.4782608695652174,True,0.8130940619976172
0,37.700000000000045,377,0,,0.46030589314553294,0.13789728300071147,r2apf,0,False,0,0,0,,350.0,0,0,0,11,0,9,9,C,5350,0.36645962732919257,True,0.8077711860005365
0,39.50000000000007,395,0,,0.43073725996843604,0.14301211000019975,r2apf,1,False,0,0,1,0.16666666666666666,288.0,1,1,0,7,1,7,7,C,5351,0.40372670807453415,True,0.697609837001437
0,51.05829636072178,512,4,,0.41707670076353,0.2573910259998229,r2apf,12,False,4,0,12,0.24375,726.0,12,8,8,37,12,21,21,C,5352,0.5403726708074534,True,2.6424512670055265
0,42.70000000000017,427,1,,0.46496099175523753,0.22794946700014407,r2apf,4,False,1,0,4,0.2624338624338624,348.0,4,3,6,18,4,10,10,C,5353,0.45962732919254656,True,1.2088489630041295
0,39.600000000000115,396,0,,0.46874847927719665,0.12486878300114768,r2apf,0,False,0,0,0,,398.0,0,0,6,20,0,10,10,C,5354,0.33540372670807456,True,0.888888304001739
0,37.300000000000125,373,0,,0.4708486151421354,0.1257616209986736,r2apf,0,False,0,0,0,,285.0,0,0,3,14,0,8,8,C,5355,0.39751552795031053,True,0.7218399779994797
0,43.60000000000011,436,1,,0.4791371830043014,0.1705831040017074,r2apf,2,False,1,0,2,0.3333333333333333,503.0,2,1,8,19,2,14,14,C,5356,0.43478260869565216,True,1.577050016996509
0,39.70000000000018,397,0,,0.4485725152210762,0.15158500500001537,r2apf,0,False,0,0,0,,330.0,0,0,1,10,0,9,9,C,5357,0.422360248447205,True,0.9847026459992776
0,40.400000000000155,404,0,,0.4755788390992422,0.18187527999907616,r2apf,2,False,0,0,2,0.25,497.0,2,2,5,17,2,12,12,C,5358,0.42857142857142855,True,1.3368005819975224
0,39.61673916955833,397,1,,0.4165934669524329,0.1934404319999885,r2apf,1,False,1,0,1,,292.0,1,0,5,21,1,10,10,C,5359,0.4782608695652174,True,1.3054820289980853
0,38.5,385,0,,0.4675568755686762,0.14897731599921826,r2apf,0,False,0,0,0,,621.0,0,0,9,30,0,14,14,C,5360,0.42857142857142855,True,1.1413625220011454
0,45.91743590626801,460,3,,0.41251272904839065,0.18861312300032296,r2apf,3,False,3,0,3,,416.0,3,0,2,16,3,14,14,C,5361,0.42857142857142855,True,1.2506689459987683
0,38.416739169558234,385,1,,0.4572022881422867,0.1684299810003722,r2apf,2,False,1,0,2,0.3333333333333333,451.0,2,1,1,13,2,12,12,C,5362,0.37888198757763975,True,1.0900108360019658
0,41.50000000000018,415,1,,0.4989354892996299,0.1567020999991655,r2apf,3,False,1,0,3,0.22619047619047616,561.0,3,2,3,18,3,14,14,C,5363,0.4472049689440994,True,1.1930242850012291
0,37.7000000000001,377,0,,0.4051631467708387,0.17492995399879874,r2apf,0,False,0,0,0,,297.0,0,0,3,6,0,8,8,C,5364,0.484472049689441,True,1.0696223020022444
0,44.70000000000028,447,1,,0.4800958046351574,0.22018045999902824,r2apf,4,False,1,0,4,0.18888888888888888,659.0,4,3,10,25,4,18,18,C,5365,0.37888198757763975,True,2.074348767002448
0,37.80000000000003,378,0,,0.46617348654633245,0.15815205800026888,r2apf,0,False,0,0,0,,467.0,0,0,4,20,0,11,11,C,5366,0.4409937888198758,True,1.0764483779985312
0,36.20000000000001,362,0,,0.47637050607510545,0.16868566499942972,r2apf,0,False,0,0,0,,288.0,0,0,4,12,0,7,7,C,5367,0.42857142857142855,True,0.7387228209972818
0,45.90000000000025,459,2,,0.42103833095308296,0.1938758729993424,r2apf,2,False,2,0,2,,696.0,2,0,10,31,2,18,18,C,5368,0.39751552795031053,True,1.8233257989995764
0,76.3216071736301,768,13,,0.49509829856970394,0.40558211999996274,r2apf,28,False,13,0,28,0.29195767195767197,624.0,28,15,12,44,28,28,28,C,5369,0.5093167701863354,True,3.936803280001186
0,38.600000000000115,386,0,,0.4772279342536323,0.18017315299948677,r2apf,2,False,0,0,2,0.25,377.0,2,2,4,11,2,10,10,C,5370,0.40993788819875776,True,1.0359230209978705
0,41.40000000000024,414,1,,0.43594500577431156,0.1653665000012552,r2apf,1,False,1,0,1,,458.0,1,0,5,11,1,10,10,C,5371,0.422360248447205,True,0.7896280160002789
0,46.40000000000022,464,2,,0.4304657341283163,0.2142757520014129,r2apf,4,False,2,0,4,0.4949494949494949,444.0,4,2,5,27,4,14,14,C,5372,0.391304347826087,True,1.396676969001419
0,38.90000000000005,389,0,,0.46534816655318695,0.16440354000042134,r2apf,0,False,0,0,0,,547.0,0,0,5,27,0,14,14,C,5373,0.4658385093167702,True,1.5200120579993381
0,40.800000000000125,408,0,,0.4135787091217313,0.2191120850002335,r2apf,1,False,0,0,1,0.3333333333333333,508.0,1,1,6,19,1,12,12,C,5374,0.4720496894409938,True,1.4535189569942304
0,63.48408493467452,637,8,,0.41794980588370134,0.2587508969991177,r2apf,11,False,8,0,11,0.1638888888888889,990.0,11,3,15,59,11,28,28,C,5375,0.4906832298136646,True,2.795724990994131
0,41.50000000000012,415,1,,0.41437381087336567,0.2169714000010572,r2apf,5,False,1,0,5,0.3104166666666666,503.0,5,4,6,24,5,11,11,C,5376,0.4782608695652174,True,1.1261260840001341
0,39.70000000000017,397,0,,0.45119926949402006,0.17453274599938595,r2apf,0,False,0,0,0,,336.0,0,0,2,16,0,8,8,C,5377,0.4968944099378882,True,0.7166217559988581
0,43.30000000000019,433,1,,0.4351034682589051,0.20035537500007194,r2apf,2,False,1,0,2,0.16666666666666666,684.0,2,1,6,23,2,17,17,C,5378,0.453416149068323,True,2.135935274996882
0,36.50000000000005,365,0,,0.45542763565256167,0.15803412899913383,r2apf,0,False,0,0,0,,371.0,0,0,5,13,0,9,9,C,5379,0.42857142857142855,True,0.9266635199983284
0,49.800000000000274,498,2,,0.43468690132754173,0.22976318299879495,r2apf,8,False,2,0,8,0.2847222222222222,845.0,8,6,6,23,8,19,19,C,5380,0.453416149068323,True,1.9358920120012044
0,38.00000000000011,380,0,,0.4516550501851701,0.1376690460001555,r2apf,0,False,0,0,0,,355.0,0,0,4,22,0,12,12,C,5381,0.40372670807453415,True,1.1904610200035677
0,39.300000000000075,393,0,,0.4994976404840993,0.15967269599968859,r2apf,0,False,0,0,0,,780.0,0,0,6,51,0,20,20,C,5382,0.422360248447205,True,2.2875013569992007
0,41.10000000000019,411,0,,0.4256767416288363,0.1653803319986764,r2apf,1,False,0,0,1,0.3333333333333333,660.0,1,1,9,35,1,18,18,C,5383,0.42857142857142855,True,2.126922598001329
0,37.10000000000008,371,0,,0.45072566383117435,0.1759202909997839,r2apf,0,False,0,0,0,,263.0,0,0,0,6,0,6,6,C,5384,0.4161490683229814,True,0.7230037539993646
0,98.68007230670635,1000,33,max_steps,20.187754991446003,0.8983867850001843,r2apf,60,False,33,0,60,0.34734514456736676,804.0,60,27,26,65,60,49,49,C,5385,0.4968944099378882,False,7.160794554998574
0,60.809748916348696,611,7,,0.4008924045450012,0.3149178559997381,r2apf,22,False,7,0,22,0.35313612313612314,709.0,22,15,13,43,22,23,23,C,5386,0.37267080745341613,True,3.0393981599954714
0,39.90000000000013,399,0,,0.41109499115249165,0.1586246030001348,r2apf,1,False,0,0,1,0.3333333333333333,405.0,1,1,4,16,1,10,10,C,5387,0.37267080745341613,True,0.8812641430013173
0,45.60000000000024,456,2,,0.4718314166718192,0.22217171299962502,r2apf,4,False,2,0,4,0.15476190476190477,404.0,4,2,10,20,4,12,12,C,5388,0.4720496894409938,True,1.3340907370056811
0,38.4000000000002,384,0,,0.43973269548793537,0.18046593899998697,r2apf,1,False,0,0,1,0.2,519.0,1,1,1,7,1,12,12,C,5389,0.4906832298136646,True,1.1891070320016297
0,39.500000000000185,395,0,,0.4039200594424279,0.16360036799960653,r2apf,1,False,0,0,1,0.16666666666666666,430.0,1,1,3,8,1,10,10,C,5390,0.42857142857142855,True,0.9899445000010019
0,42.6167391695583,427,2,,0.4233886429870382,0.15248432599946682,r2apf,3,False,2,0,3,0.16666666666666666,471.0,3,1,7,36,3,14,14,C,5391,0.34782608695652173,True,1.1016586700006883
0,48.125694477013106,482,4,,0.48488486063345726,0.25782459800029756,r2apf,8,False,4,0,8,0.16904761904761906,487.0,8,4,6,22,8,16,16,C,5392,0.4906832298136646,True,2.1037217790053546
0,40.5167391695583,406,1,,0.40350813840680083,0.16333695699904638,r2apf,3,False,1,0,3,0.25,519.0,3,2,3,10,3,13,13,C,5393,0.4161490683229814,True,1.1835890559996187
0,38.200000000000124,382,0,,0.40135106680762095,0.16368038099972182,r2apf,0,False,0,0,0,,520.0,0,0,6,23,0,12,12,C,5394,0.43478260869565216,True,1.0137383679957566
0,71.64588099048787,721,13,,0.429713313038944,0.35008650199961266,r2apf,23,False,13,0,23,0.24238095238095242,625.0,23,10,12,32,23,28,28,C,5395,0.546583850931677,True,3.2609737339989806
0,45.30000000000018,453,2,,0.49842076727080054,0.2846575910007232,r2apf,5,False,2,0,5,0.38888888888888884,545.0,5,3,11,41,5,16,16,C,5396,0.484472049689441,True,2.240096357996663
0,40.200000000000074,402,1,,0.41715545297517165,0.18467871400025615,r2apf,3,False,1,0,3,0.18333333333333335,646.0,3,2,7,20,3,16,16,C,5397,0.45962732919254656,True,1.8074886620015604
0,37.0000000000001,370,0,,0.4953352211647756,0.13022156199986057,r2apf,0,False,0,0,0,,445.0,0,0,9,26,0,12,12,C,5398,0.36645962732919257,True,1.0639769429963053
0,78.09571704210644,786,15,,0.4120614778130052,0.33660575800058723,r2apf,31,False,15,0,31,0.2869047619047619,819.0,31,16,18,40,31,31,31,C,5399,0.40993788819875776,True,3.307143365003867
0,36.09999999999992,361,0,,0.43921408167066023,0.12633406199893216,r2apf,0,False,0,0,0,,180.0,0,0,3,6,0,6,6,C,5400,0.39751552795031053,True,0.589487734998329
0,97.28620714605844,979,21,,0.4774231572110263,0.4879258620003384,r2apf,36,False,21,0,36,0.26186628186628186,736.0,36,15,18,50,36,38,38,C,5401,0.5652173913043478,True,4.8027905889994145
0,38.20000000000016,382,0,,0.44739779147787756,0.14760000800015405,r2apf,0,False,0,0,0,,233.0,0,0,4,14,0,7,7,C,5402,0.4161490683229814,True,0.7859188050006196
0,37.50000000000007,375,0,,0.49640739295711533,0.13447009199990134,r2apf,0,False,0,0,0,,285.0,0,0,4,13,0,8,8,C,5403,0.36024844720496896,True,0.7575891429951298
0,38.00000000000004,380,0,,0.48872295303756197,0.16778634399997827,r2apf,1,False,0,0,1,0.2,588.0,1,1,4,23,1,14,14,C,5404,0.453416149068323,True,1.5141841069998918
0,45.68423841958613,457,2,,0.419882479418892,0.15054128500014485,r2apf,4,False,2,0,4,0.16666666666666666,624.0,4,2,8,18,4,14,14,C,5405,0.38509316770186336,True,0.9073599140028819
0,36.90000000000015,369,0,,0.43471656043621887,0.170317841000724,r2apf,3,False,0,0,3,0.2333333333333333,533.0,3,3,9,23,3,12,12,C,5406,0.37267080745341613,True,1.0429894350018003
0,41.80000000000014,418,0,,0.40927735433649676,0.21634480300053838,r2apf,2,False,0,0,2,0.25,429.0,2,2,7,13,2,10,10,C,5407,0.45962732919254656,True,1.3533063319991925
0,42.60000000000015,426,1,,0.42992194591979505,0.17401752600017062,r2apf,2,False,1,0,2,0.16666666666666666,374.0,2,1,2,7,2,10,10,C,5408,0.422360248447205,True,1.1251895799978229
0,38.400000000000134,384,0,,0.4661431399781242,0.15934985800049617,r2apf,0,False,0,0,0,,558.0,0,0,7,29,0,13,13,C,5409,0.422360248447205,True,1.3611571900019044
0,58.25365113480667,587,7,,0.4965732074456464,0.2929597010006546,r2apf,15,False,7,0,15,0.3256448412698413,596.0,15,8,12,34,15,21,21,C,5410,0.4782608695652174,True,2.3038031160012906
0,39.90000000000009,399,0,,0.4196664818558472,0.18427763499857974,r2apf,1,False,0,0,1,0.16666666666666666,454.0,1,1,3,8,1,10,10,C,5411,0.42857142857142855,True,0.8999179849961365
0,48.32823115535503,484,3,,0.40127151538024236,0.1990751339999406,r2apf,6,False,3,0,6,0.2333333333333333,769.0,6,3,12,40,6,22,22,C,5412,0.4658385093167702,True,2.510061687000416
0,46.0665216608839,461,2,,0.4418558775928518,0.26386590199945203,r2apf,4,False,2,0,4,0.24285714285714285,789.0,4,2,18,55,4,21,21,C,5413,0.4658385093167702,True,2.23810803699962
0,41.54193006285768,416,1,,0.44711594579258224,0.17964913400101068,r2apf,1,False,1,0,1,,525.0,1,0,7,27,1,15,15,C,5414,0.40993788819875776,True,1.6822978150012204
0,41.66651372430954,417,1,,0.41235839225899357,0.21482529599961708,r2apf,3,False,1,0,3,0.26666666666666666,407.0,3,2,9,26,3,11,11,C,5415,0.4968944099378882,True,1.5392300289986451
0,36.700000000000045,367,0,,0.40244715596961683,0.17590138000014122,r2apf,0,False,0,0,0,,469.0,0,0,4,15,0,11,11,C,5416,0.4161490683229814,True,1.0625868210008775
0,38.7000000000001,387,0,,0.40656587314091636,0.1990307509986451,r2apf,1,False,0,0,1,0.14285714285714285,376.0,1,1,2,14,1,8,8,C,5417,0.4409937888198758,True,0.940760761997808
0,39.20000000000013,392,0,,0.43998288660335877,0.18316454900013923,r2apf,2,False,0,0,2,0.3333333333333333,578.0,2,2,7,31,2,14,14,C,5418,0.39751552795031053,True,1.6313594070015824
0,62.63285351832895,629,8,,0.43161826449232055,0.39021747399965534,r2apf,14,False,8,0,14,0.2625,593.0,14,6,9,29,14,22,22,C,5419,0.5900621118012422,True,3.246608761999596
0,37.90000000000012,379,0,,0.40897118480348793,0.15980852500069886,r2apf,0,False,0,0,0,,261.0,0,0,2,5,0,6,6,C,5420,0.4409937888198758,True,0.6464108010004566
0,50.620446184015805,507,4,,0.46688972861840244,0.25338280699907045,r2apf,9,False,4,0,9,0.22095238095238096,675.0,9,5,9,28,9,18,18,C,5421,0.36645962732919257,True,1.7776548409947281
0,39.70000000000016,397,0,,0.4044414416234273,0.1571297840000625,r2apf,0,False,0,0,0,,610.0,0,0,10,32,0,13,13,C,5422,0.4472049689440994,True,0.9994094649973704
0,63.74799116570615,641,8,,0.44941661506360486,0.4106820979995973,r2apf,17,False,8,0,17,0.20092592592592592,850.0,17,9,7,31,17,26,26,C,5423,0.5093167701863354,True,3.9058533040042676
0,59.07731208509945,594,7,,0.49650516436112774,0.23352605099898938,r2apf,13,False,7,0,13,0.27010582010582007,468.0,13,6,3,18,13,17,17,C,5424,0.36024844720496896,True,1.2354413399953046
0,44.00000000000017,440,1,,0.43739468601386305,0.2191712189996906,r2apf,2,False,1,0,2,0.16666666666666666,537.0,2,1,7,20,2,14,14,C,5425,0.4906832298136646,True,1.5778691049999907
0,47.432149428061024,475,3,,0.4155478893792968,0.2600181159996282,r2apf,10,False,3,0,10,0.20425170068027212,724.0,10,7,13,31,10,20,20,C,5426,0.4720496894409938,True,2.768078817993228
0,38.600000000000115,386,0,,0.4363863166423739,0.1405958190007368,r2apf,0,False,0,0,0,,340.0,0,0,3,15,0,10,10,C,5427,0.391304347826087,True,1.0861114979979902
0,48.412508378692095,485,3,,0.4653086657445255,0.20368322800095484,r2apf,7,False,3,0,7,0.20833333333333331,382.0,7,4,6,18,7,12,12,C,5428,0.422360248447205,True,1.0248119669977314
0,42.9342591170901,430,2,,0.4725951034430601,0.2340722150001966,r2apf,6,False,2,0,6,0.175,505.0,6,4,12,39,6,17,17,C,5429,0.5031055900621118,True,2.377056450000964
0,55.373177644921604,555,5,,0.42217730809858944,0.2337866750003741,r2apf,8,False,5,0,8,0.17777777777777778,734.0,8,3,6,23,8,23,23,C,5430,0.5031055900621118,True,2.582184494003741
0,43.616739169558365,437,2,,0.4714605141258228,0.17035069499979727,r2apf,5,False,2,0,5,0.3206349206349206,399.0,5,3,4,13,5,11,11,C,5431,0.36024844720496896,True,0.9716638360005163
0,48.4053879512311,486,4,,0.4296686492896867,0.20135924900023383,r2apf,7,False,4,0,7,0.2222222222222222,356.0,7,3,6,13,7,12,12,C,5432,0.40372670807453415,True,1.0583344329970714
0,37.60000000000014,376,0,,0.4384560326985163,0.1399957590001577,r2apf,1,False,0,0,1,0.3333333333333333,361.0,1,1,6,17,1,10,10,C,5433,0.36645962732919257,True,0.9871017989989923
0,46.825791996099184,469,3,,0.47366086797691903,0.1781967459992302,r2apf,4,False,3,0,4,0.16666666666666666,585.0,4,1,8,27,4,16,16,C,5434,0.4161490683229814,True,1.4584459389971016
0,60.42066668417313,607,7,,0.4381821952805161,0.26693920199977583,r2apf,20,False,7,0,20,0.2912393162393162,924.0,20,13,13,53,20,28,28,C,5435,0.40372670807453415,True,3.970599788997788
0,47.76374216922441,478,4,,0.4546700090882318,0.16781017100038298,r2apf,8,False,4,0,8,0.28214285714285714,397.0,8,4,4,26,8,16,16,C,5436,0.33540372670807456,True,1.4295590509973408
0,35.90000000000014,359,0,,0.42530806465728244,0.14465340000060678,r2apf,0,False,0,0,0,,267.0,0,0,2,15,0,6,6,C,5437,0.37267080745341613,True,0.614125410998895
0,40.00000000000017,400,0,,0.4260947177726139,0.18503422100002354,r2apf,2,False,0,0,2,0.25,515.0,2,2,6,18,2,12,12,C,5438,0.40372670807453415,True,1.427068702005272
0,44.80000000000024,448,1,,0.43821424574150114,0.3676485949999915,r2apf,8,False,1,0,8,0.265532879818594,868.0,8,7,9,49,8,20,20,C,5439,0.45962732919254656,True,2.646649088997947
0,52.9758654559858,531,5,,0.45044284455555644,0.21219997499974852,r2apf,8,False,5,0,8,0.25396825396825395,826.0,8,3,11,39,8,24,24,C,5440,0.422360248447205,True,2.2896600600051897
0,42.00000000000003,420,1,,0.4600755408598616,0.20271578500069154,r2apf,3,False,1,0,3,0.2708333333333333,362.0,3,2,5,21,3,10,10,C,5441,0.4161490683229814,True,1.321759924003345
0,65.69189004618303,661,10,,0.4801291316263762,0.47225765099938144,r2apf,25,False,10,0,25,0.2785185185185185,661.0,25,15,14,41,25,26,26,C,5442,0.5217391304347826,True,4.47141438700055
0,39.50000000000015,395,0,,0.4994546883158456,0.1705823419997614,r2apf,1,False,0,0,1,0.16666666666666666,347.0,1,1,2,5,1,8,8,C,5443,0.4472049689440994,True,0.6880889609965379
0,38.900000000000084,389,0,,0.4004240126699966,0.1666699180004798,r2apf,1,False,0,0,1,0.3333333333333333,405.0,1,1,2,17,1,10,10,C,5444,0.45962732919254656,True,0.9857371959988086
0,42.10000000000013,421,1,,0.4392202328142374,0.17320766000011645,r2apf,3,False,1,0,3,0.16666666666666666,465.0,3,2,6,20,3,12,12,C,5445,0.37267080745341613,True,1.3001584319972608
0,38.600000000000065,386,0,,0.42039338751831323,0.2167501909989369,r2apf,1,False,0,0,1,0.14285714285714285,343.0,1,1,2,6,1,7,7,C,5446,0.484472049689441,True,0.74038634200042
0,40.400000000000134,404,0,,0.4766536054202949,0.16555263599911996,r2apf,0,False,0,0,0,,572.0,0,0,7,24,0,15,15,C,5447,0.4782608695652174,True,1.7518791729999066
0,45.10000000000018,451,1,,0.4480297546945706,0.21885024699986388,r2apf,2,False,1,0,2,0.14285714285714285,608.0,2,1,7,27,2,16,16,C,5448,0.5093167701863354,True,2.451280166998913
0,38.000000000000135,380,0,,0.4370569299927327,0.17913088500063168,r2apf,0,False,0,0,0,,593.0,0,0,9,24,0,14,14,C,5449,0.4720496894409938,True,1.5791071880012169
0,37.800000000000225,378,0,,0.4303388627776841,0.1741262600007758,r2apf,0,False,0,0,0,,454.0,0,0,2,9,0,10,10,C,5450,0.38509316770186336,True,0.9673805880011059
0,59.481668211059755,597,6,,0.49982771214024985,0.3619932740002696,r2apf,14,False,6,0,14,0.2923611111111111,727.0,14,8,10,22,14,22,22,C,5451,0.5341614906832298,True,3.1613340970052377
0,38.8000000000002,388,0,,0.4775024069699948,0.14258093500029645,r2apf,0,False,0,0,0,,385.0,0,0,5,13,0,10,10,C,5452,0.40372670807453415,True,1.0379414339986397
0,36.899999999999984,369,0,,0.4184692774681763,0.1553263820005668,r2apf,0,False,0,0,0,,328.0,0,0,6,11,0,8,8,C,5453,0.37267080745341613,True,0.6908145889992738
0,51.95162058994797,522,5,,0.42533460723125943,0.21764183300001605,r2apf,9,False,5,0,9,0.19583333333333333,700.0,9,4,13,37,9,22,22,C,5454,0.5031055900621118,True,2.6711910030044237
0,37.30000000000007,373,0,,0.435355767548986,0.17877246599891805,r2apf,0,False,0,0,0,,505.0,0,0,2,14,0,12,12,C,5455,0.4472049689440994,True,1.1800415829948179
0,51.88777182576594,520,4,,0.49275029332446346,0.3914299759999267,r2apf,13,False,4,0,13,0.32206589706589706,576.0,13,9,7,15,13,17,17,C,5456,0.4658385093167702,True,2.1150193919966114
0,37.80000000000006,378,0,,0.4963351608123121,0.16413632100011455,r2apf,0,False,0,0,0,,221.0,0,0,1,6,0,5,5,C,5457,0.4472049689440994,True,0.5336102820019732
0,57.50978749713208,577,6,,0.42779371094818935,0.3614014260001568,r2apf,16,False,6,0,16,0.2644444444444444,540.0,16,10,15,39,16,19,19,C,5458,0.453416149068323,True,2.953129456998795
0,50.977506133671874,511,4,,0.4900024246345758,0.25220453099973383,r2apf,8,False,4,0,8,0.2255952380952381,524.0,8,4,7,14,8,15,15,C,5459,0.4472049689440994,True,1.6597652100008418
0,43.30000000000015,433,1,,0.41063197748781655,0.18206155900043086,r2apf,4,False,1,0,4,0.19841269841269837,527.0,4,3,13,28,4,13,13,C,5460,0.40993788819875776,True,1.1676479389989254
0,37.700000000000024,377,0,,0.49179782639538294,0.20935128900055133,r2apf,1,False,0,0,1,0.3333333333333333,397.0,1,1,4,18,1,12,12,C,5461,0.4906832298136646,True,1.715545385994119
0,57.48054099650634,577,7,,0.4934580511607097,0.25629220500013616,r2apf,13,False,7,0,13,0.3670634920634921,541.0,13,6,5,21,13,18,18,C,5462,0.422360248447205,True,1.5283327759971144
0,48.55382480542204,488,4,,0.4226992261109216,0.19165407400032564,r2apf,5,False,4,0,5,0.16666666666666666,334.0,5,1,5,12,5,13,13,C,5463,0.40993788819875776,True,1.2060330640033499
0,54.500000000000306,545,3,,0.47745155705765546,0.22990001399921312,r2apf,7,False,3,0,7,0.20625,752.0,7,4,13,32,7,19,19,C,5464,0.453416149068323,True,2.0145280580018152
0,36.60000000000005,366,0,,0.48759080314213477,0.20071490999907837,r2apf,0,False,0,0,0,,452.0,0,0,0,16,0,11,11,C,5465,0.45962732919254656,True,1.4824281250039348
0,38.20000000000005,382,0,,0.4521847166910573,0.13674416899993957,r2apf,0,False,0,0,0,,507.0,0,0,5,26,0,13,13,C,5466,0.40993788819875776,True,1.3327175700014777
0,37.50000000000009,375,0,,0.4331127930525075,0.17409773799954564,r2apf,0,False,0,0,0,,371.0,0,0,2,13,0,10,10,C,5467,0.515527950310559,True,1.346050803002072
0,43.30000000000013,433,1,,0.4424662584448799,0.19497570600105973,r2apf,2,False,1,0,2,0.14285714285714285,533.0,2,1,8,20,2,13,13,C,5468,0.484472049689441,True,1.4444222240017552
0,47.89537467201021,480,4,,0.46199180290630276,0.15646569899945462,r2apf,6,False,4,0,6,0.25,378.0,6,2,6,14,6,15,15,C,5469,0.39751552795031053,True,1.2866783460031002
0,39.04978249132568,391,1,,0.4920488800799821,0.15761588899840717,r2apf,2,False,1,0,2,0.2857142857142857,354.0,2,1,4,12,2,8,8,C,5470,0.391304347826087,True,0.557100043997707
0,38.800000000000104,388,0,,0.40649006277118455,0.1591270919998351,r2apf,0,False,0,0,0,,595.0,0,0,7,20,0,15,15,C,5471,0.45962732919254656,True,1.6773934219963849
0,39.80000000000004,398,0,,0.4968161034907809,0.17876433600031305,r2apf,1,False,0,0,1,0.14285714285714285,418.0,1,1,3,12,1,11,11,C,5472,0.422360248447205,True,1.4768946099975437
0,38.30000000000009,383,0,,0.48239113699673697,0.15613401200062071,r2apf,0,False,0,0,0,,416.0,0,0,6,22,0,10,10,C,5473,0.40993788819875776,True,1.0339545800034102
0,44.300000000000146,443,1,,0.4926055488739042,0.223746215000574,r2apf,3,False,1,0,3,0.1625,618.0,3,2,5,23,3,16,16,C,5474,0.45962732919254656,True,1.9374397350002255
0,41.649782491325766,417,1,,0.40627703262155407,0.19336207400010608,r2apf,3,False,1,0,3,0.26666666666666666,594.0,3,2,6,39,3,15,15,C,5475,0.45962732919254656,True,1.7674277129990514
0,45.30000000000019,453,2,,0.4479955336873871,0.1887838019993069,r2apf,4,False,2,0,4,0.15476190476190477,538.0,4,2,8,24,4,15,15,C,5476,0.42857142857142855,True,1.583685120996961
0,46.383260830442,464,2,,0.4670265462853265,0.21874113299963938,r2apf,3,False,2,0,3,0.3333333333333333,766.0,3,1,10,47,3,20,20,C,5477,0.4161490683229814,True,2.33418548899499
0,38.70000000000014,387,0,,0.47071154073333216,0.14212344999941706,r2apf,0,False,0,0,0,,292.0,0,0,2,7,0,7,7,C,5478,0.39751552795031053,True,0.6383799330014881
0,43.81271169775346,439,2,,0.42984175818938275,0.16971477900005993,r2apf,6,False,2,0,6,0.23214285714285712,386.0,6,4,8,25,6,11,11,C,5479,0.34782608695652173,True,0.9816034149989719
0,39.299999999999976,393,0,,0.45735426051134304,0.19281500199940638,r2apf,1,False,0,0,1,0.16666666666666666,532.0,1,1,7,21,1,15,15,C,5480,0.45962732919254656,True,2.2180969800010644
0,38.10000000000012,381,0,,0.4467946367458369,0.17550964300062333,r2apf,0,False,0,0,0,,372.0,0,0,3,9,0,9,9,C,5481,0.484472049689441,True,0.9102907870019408
0,56.86225487073966,571,6,,0.40064038730367335,0.3494415969998954,r2apf,14,False,6,0,14,0.292063492063492,734.0,14,8,14,33,14,22,22,C,5482,0.453416149068323,True,2.3204494859983242
0,38.10000000000015,381,0,,0.4415209745402258,0.16162888500002737,r2apf,0,False,0,0,0,,632.0,0,0,3,13,0,13,13,C,5483,0.4161490683229814,True,1.102556766003545
0,40.70000000000016,407,1,,0.45369342991011885,0.2183256509997591,r2apf,2,False,1,0,2,0.16666666666666666,451.0,2,1,5,15,2,13,13,C,5484,0.4968944099378882,True,1.4277740390043618
0,44.70000000000016,447,1,,0.4822275408921934,0.22122975800084532,r2apf,3,False,1,0,3,0.17142857142857143,556.0,3,2,10,36,3,14,14,C,5485,0.4906832298136646,True,1.6335327700016933
0,45.70000000000015,457,2,,0.4778615555687218,0.2033368190004694,r2apf,4,False,2,0,4,0.24285714285714285,554.0,4,2,8,23,4,14,14,C,5486,0.4472049689440994,True,1.433427345002201
0,79.73760685737271,802,16,,0.448311766973773,0.5499713190001785,r2apf,32,False,16,0,32,0.3119994588744589,715.0,32,16,14,31,32,32,32,C,5487,0.5093167701863354,True,3.630277443002342
0,46.98326083044218,470,2,,0.4111634765119703,0.19383048300005612,r2apf,6,False,2,0,6,0.175,474.0,6,4,5,9,6,13,13,C,5488,0.38509316770186336,True,1.2566660060074355
0,43.700000000000024,437,1,,0.49103831784791585,0.18220879599903128,r2apf,2,False,1,0,2,0.2857142857142857,481.0,2,1,5,17,2,12,12,C,5489,0.4658385093167702,True,1.1715733410001121
0,37.5,375,0,,0.467591304286257,0.1646818320004968,r2apf,0,False,0,0,0,,533.0,0,0,2,13,0,12,12,C,5490,0.43478260869565216,True,1.0007703669980401
0,38.60000000000004,386,0,,0.4725048424254962,0.1410981079989142,r2apf,0,False,0,0,0,,373.0,0,0,6,20,0,11,11,C,5491,0.38509316770186336,True,1.1392535969989694
0,43.30000000000023,433,1,,0.461805237175778,0.17703506500038202,r2apf,2,False,1,0,2,0.16666666666666666,654.0,2,1,5,18,2,15,15,C,5492,0.37267080745341613,True,1.4990024830021866
0,46.71143870136256,468,2,,0.41989474326790993,0.24060647300029814,r2apf,5,False,2,0,5,0.2333333333333333,552.0,5,3,7,28,5,16,16,C,5493,0.453416149068323,True,1.955994081999961
0,40.90000000000011,409,1,,0.4551515818291774,0.18098333799935062,r2apf,2,False,1,0,2,0.3333333333333333,580.0,2,1,7,18,2,16,16,C,5494,0.422360248447205,True,1.7217302940025547
0,42.85218210608009,429,2,,0.4438592165638536,0.19519948400011344,r2apf,2,False,2,0,2,,370.0,2,0,3,17,2,11,11,C,5495,0.4782608695652174,True,1.2675513710019004
0,54.00233021729206,543,6,,0.4962749511467235,0.21620930999961274,r2apf,9,False,6,0,9,0.16666666666666666,488.0,9,3,4,15,9,17,17,C,5496,0.40993788819875776,True,1.8401413999981742
0,39.100000000000115,391,0,,0.4249900483565601,0.20719887799896242,r2apf,1,False,0,0,1,0.2,436.0,1,1,11,20,1,11,11,C,5497,0.4658385093167702,True,1.5504239029978635
0,45.06782671293056,451,2,,0.4780122100794392,0.19513134600128978,r2apf,5,False,2,0,5,0.17777777777777778,388.0,5,3,4,12,5,12,12,C,5498,0.453416149068323,True,1.3381081580046157
0,41.40000000000012,414,1,,0.45253193911371153,0.20039901900054247,r2apf,3,False,1,0,3,0.17142857142857143,470.0,3,2,2,28,3,13,13,C,5499,0.40993788819875776,True,1.5431714320002357
0,44.34568450258186,444,1,,0.4374756926255327,0.12424933100010094,r2apf,3,False,1,0,3,0.25,365.0,3,2,6,10,3,10,10,D,5000,0.44,True,0.6665148139982193
0,37.600000000000165,376,0,,0.47620260589853836,0.13456219900035649,r2apf,0,False,0,0,0,,348.0,0,0,4,8,0,9,9,D,5001,0.54,True,0.8965179450024152
0,85.06574155051365,857,17,,0.46921266590439986,0.3311368319991743,r2apf,24,False,17,0,24,0.2942176870748299,577.0,24,7,15,28,24,31,31,D,5002,0.58,True,2.6756801869942137
0,42.000000000000185,420,1,,0.4576936121768721,0.15643870199892262,r2apf,2,False,1,0,2,0.14285714285714285,597.0,2,1,6,16,2,16,16,D,5003,0.49,True,1.2838495019987022
0,43.40000000000007,434,1,,0.4437000677195935,0.13158391500110156,r2apf,2,False,1,0,2,0.16666666666666666,469.0,2,1,2,15,2,11,11,D,5004,0.44,True,0.805759566001143
0,41.500000000000156,415,0,,0.4051767497218366,0.1843146560004243,r2apf,2,False,0,0,2,0.2698412698412698,510.0,2,2,6,17,2,12,12,D,5005,0.52,True,1.1557096709984762
0,36.99999999999998,370,0,,0.4091122738160359,0.09570803200040245,r2apf,0,False,0,0,0,,272.0,0,0,6,15,0,8,8,D,5006,0.45,True,0.5416176310009178
0,43.54940809883435,436,1,,0.4165588460837786,0.17545963399970788,r2apf,5,False,1,0,5,0.2876984126984127,573.0,5,4,7,23,5,15,15,D,5007,0.44,True,1.353095898999527
0,40.20000000000008,402,0,,0.47405692963204865,0.13001720499960356,r2apf,1,False,0,0,1,0.3333333333333333,480.0,1,1,6,18,1,12,12,D,5008,0.45,True,1.0076805809985672
0,39.50000000000008,395,0,,0.45686288044938683,0.1332529789997352,r2apf,1,False,0,0,1,0.3333333333333333,294.0,1,1,3,9,1,6,6,D,5009,0.48,True,0.4472425549993204
0,37.90000000000013,379,0,,0.4644698218063611,0.08977276599944162,r2apf,0,False,0,0,0,,170.0,0,0,1,1,0,4,4,D,5010,0.35,True,0.23872212800051784
0,38.40000000000009,384,0,,0.4274116983753558,0.10020783799882338,r2apf,0,False,0,0,0,,290.0,0,0,0,5,0,7,7,D,5011,0.43,True,0.4396322330030671
0,38.70000000000017,387,0,,0.45251208996737163,0.14146006199916883,r2apf,1,False,0,0,1,0.16666666666666666,616.0,1,1,4,22,1,13,13,D,5012,0.48,True,0.8360865099984949
0,59.88723020478131,600,7,,0.4739697246165939,0.19201899099971342,r2apf,12,False,7,0,12,0.19714285714285712,605.0,12,5,7,24,12,22,22,D,5013,0.48,True,1.6792338399918663
0,38.60000000000012,386,0,,0.4863491487406566,0.11657573299999058,r2apf,1,False,0,0,1,0.3333333333333333,388.0,1,1,2,6,1,9,9,D,5014,0.43,True,0.610837744001401
0,61.92649973789024,621,7,,0.42427885498958295,0.19103296200046316,r2apf,12,False,7,0,12,0.265,745.0,12,5,11,28,12,23,23,D,5015,0.43,True,2.049039127003198
0,38.500000000000135,385,0,,0.4087503051535853,0.13185528500071086,r2apf,2,False,0,0,2,0.15476190476190477,523.0,2,2,3,11,2,12,12,D,5016,0.47,True,1.0234022660042683
0,47.13391335646546,472,3,,0.4837883222282142,0.14335376400049427,r2apf,6,False,3,0,6,0.17777777777777778,338.0,6,3,1,1,6,10,10,D,5017,0.45,True,0.6867665529989608
0,38.70000000000015,387,0,,0.48620092546225957,0.10793604300124571,r2apf,0,False,0,0,0,,292.0,0,0,1,7,0,7,7,D,5018,0.36,True,0.5073212930001318
0,39.00000000000001,390,0,,0.44643447345912474,0.1556550059995061,r2apf,1,False,0,0,1,0.14285714285714285,416.0,1,1,1,9,1,9,9,D,5019,0.5,True,0.6001481750008679
0,39.10000000000019,391,0,,0.4356361191126632,0.0866056060003757,r2apf,0,False,0,0,0,,403.0,0,0,3,9,0,11,11,D,5020,0.39,True,0.6548708669997723
0,54.86833866125966,551,6,,0.47031894923094625,0.23663256699910562,r2apf,15,False,6,0,15,0.27178130511463844,702.0,15,9,10,37,15,21,21,D,5021,0.55,True,2.1253379369973118
0,39.00000000000014,390,0,,0.4057618671288906,0.1358543299993471,r2apf,1,False,0,0,1,0.14285714285714285,556.0,1,1,8,18,1,13,13,D,5022,0.5,True,0.9121093489993655
0,39.000000000000114,390,0,,0.4667858923759395,0.11496925400024338,r2apf,1,False,0,0,1,0.2,341.0,1,1,2,9,1,9,9,D,5023,0.44,True,0.6248250820008252
0,40.6999999999999,407,1,,0.49861421868813866,0.12344337699869357,r2apf,1,False,1,0,1,,328.0,1,0,2,6,1,8,8,D,5024,0.43,True,0.5941511900000478
0,39.90000000000006,399,1,,0.41354931506350007,0.1273647540001548,r2apf,2,False,1,0,2,0.16666666666666666,157.0,2,1,1,6,2,5,5,D,5025,0.44,True,0.36498843700064754
0,52.17620398195436,524,4,,0.4402652302090606,0.19709073599915428,r2apf,11,False,4,0,11,0.3040816326530612,478.0,11,7,4,17,11,14,14,D,5026,0.49,True,1.1327185879999888
0,45.90992835054831,460,2,,0.4745739461092503,0.1224280730002647,r2apf,4,False,2,0,4,0.26666666666666666,315.0,4,2,4,8,4,10,10,D,5027,0.4,True,0.5921560200004023
0,36.90000000000015,369,0,,0.4327036018688735,0.08244472099977429,r2apf,0,False,0,0,0,,306.0,0,0,2,9,0,8,8,D,5028,0.39,True,0.43703299899607373
0,46.10000000000021,461,2,,0.41911374624267944,0.1260982130006596,r2apf,3,False,2,0,3,0.3333333333333333,530.0,3,1,5,23,3,16,16,D,5029,0.53,True,1.1143905310018454
0,43.80000000000023,438,1,,0.405436960896031,0.15834909300065192,r2apf,1,False,1,0,1,,600.0,1,0,6,19,1,14,14,D,5030,0.52,True,1.2053519180026342
0,40.4673363266938,405,1,,0.4344173815804009,0.12991369999872404,r2apf,2,False,1,0,2,0.3333333333333333,427.0,2,1,5,17,2,11,11,D,5031,0.39,True,0.9107372089983983
0,37.80000000000018,378,0,,0.41482853041458967,0.10434439900018333,r2apf,2,False,0,0,2,0.25,317.0,2,2,1,4,2,7,7,D,5032,0.44,True,0.4599716750017251
0,37.599999999999994,376,0,,0.4243792210269328,0.12337658700016618,r2apf,1,False,0,0,1,0.3333333333333333,469.0,1,1,4,18,1,12,12,D,5033,0.48,True,0.883973423997304
0,44.70000000000015,447,1,,0.40772062185033225,0.12055529200006276,r2apf,1,False,1,0,1,,410.0,1,0,5,13,1,11,11,D,5034,0.41,True,0.8062233060027211
0,37.20000000000002,372,0,,0.47999302026912766,0.08154744500097877,r2apf,0,False,0,0,0,,274.0,0,0,3,9,0,7,7,D,5035,0.4,True,0.39048804100457346
0,59.64519145310873,599,7,,0.4622452489012681,0.33458696200068516,r2apf,19,False,7,0,19,0.4181237407243599,595.0,19,12,10,34,19,21,21,D,5036,0.55,True,2.2908011640029144
0,74.93461064069214,753,14,,0.44907059217659767,0.30280457499975455,r2apf,24,False,14,0,24,0.3317460317460318,770.0,24,10,6,38,24,31,31,D,5037,0.59,True,3.1198648770059663
0,65.6154812399244,659,9,,0.4959844406148132,0.25577345800047624,r2apf,19,False,9,0,19,0.2874603174603174,693.0,19,10,7,16,19,24,24,D,5038,0.49,True,2.3499990599993907
0,37.90000000000009,379,0,,0.4897151766800228,0.1126497040004324,r2apf,0,False,0,0,0,,512.0,0,0,4,17,0,12,12,D,5039,0.49,True,0.8678627909994248
0,37.60000000000012,376,0,,0.4804403506433027,0.09962580899991735,r2apf,0,False,0,0,0,,432.0,0,0,5,23,0,13,13,D,5040,0.45,True,0.90296347799449
0,48.81673916955841,489,2,,0.4981836936157521,0.11624468699847057,r2apf,5,False,2,0,5,0.16666666666666666,489.0,5,3,6,9,5,13,13,D,5041,0.39,True,0.7826895470007003
0,38.99999999999997,390,0,,0.4229926553899165,0.09625027900074201,r2apf,0,False,0,0,0,,425.0,0,0,4,10,0,10,10,D,5042,0.4,True,0.6209823320023133
0,63.08466107086888,634,9,,0.4082426825904279,0.25415098799931,r2apf,14,False,9,0,14,0.25555555555555554,539.0,14,5,9,21,14,21,21,D,5043,0.48,True,1.3742923389945645
0,39.40000000000012,394,0,,0.4688509900237858,0.12031839600058447,r2apf,3,False,0,0,3,0.19444444444444442,460.0,3,3,6,19,3,11,11,D,5044,0.45,True,0.914481795998654
0,58.830757318536946,591,7,,0.45319835762133415,0.18973197800005437,r2apf,16,False,7,0,16,0.25833333333333336,270.0,16,9,3,13,16,13,13,D,5045,0.49,True,0.9343331499985652
0,42.10000000000008,421,1,,0.46834989626806484,0.12540520499896957,r2apf,3,False,1,0,3,0.25,358.0,3,2,2,7,3,10,10,D,5046,0.42,True,0.7527577910004766
0,41.100000000000094,411,1,,0.41910087807751123,0.11037088099874381,r2apf,3,False,1,0,3,0.16666666666666666,329.0,3,2,4,7,3,8,8,D,5047,0.44,True,0.4839211759990576
0,81.82635690461066,824,17,,0.43482097712356865,0.4017017679998389,r2apf,36,False,17,0,36,0.35065694539378756,672.0,36,19,8,34,36,32,32,D,5048,0.59,True,4.340402768995773
0,39.20000000000012,392,0,,0.4492411577245557,0.08965994299978775,r2apf,0,False,0,0,0,,431.0,0,0,1,19,0,11,11,D,5049,0.44,True,0.6687274859959871
0,38.10000000000011,381,0,,0.41580171102062424,0.12462653200054774,r2apf,0,False,0,0,0,,262.0,0,0,3,9,0,7,7,D,5050,0.46,True,0.5764394409998204
0,46.412494443332804,465,2,,0.432097771892322,0.2043593080015853,r2apf,7,False,2,0,7,0.37686868686868685,353.0,7,5,2,7,7,10,10,D,5051,0.5,True,0.9436168470019766
0,39.8000000000002,398,0,,0.4828472687241602,0.11247880299924873,r2apf,1,False,0,0,1,0.3333333333333333,525.0,1,1,4,10,1,12,12,D,5052,0.38,True,0.8072828059976018
0,40.70000000000017,407,1,,0.432228119151956,0.099553072001072,r2apf,2,False,1,0,2,0.16666666666666666,286.0,2,1,5,9,2,9,9,D,5053,0.45,True,0.6850184890045057
0,39.80000000000022,398,0,,0.40659188650898714,0.1099456759984605,r2apf,1,False,0,0,1,0.16666666666666666,487.0,1,1,1,9,1,10,10,D,5054,0.45,True,0.5610035369991238
0,38.000000000000014,380,0,,0.4138703620629293,0.11435172300116392,r2apf,0,False,0,0,0,,485.0,0,0,2,9,0,11,11,D,5055,0.4,True,0.857190378001178
0,38.90000000000013,389,0,,0.408063199170331,0.09255078000023786,r2apf,0,False,0,0,0,,381.0,0,0,2,7,0,8,8,D,5056,0.39,True,0.43408877900037623
0,46.635559836223244,467,2,,0.4654916347069463,0.15702213300028234,r2apf,4,False,2,0,4,0.225,613.0,4,2,5,16,4,15,15,D,5057,0.49,True,1.3198661299993546
0,41.983260830441985,420,1,,0.4222558523473633,0.1360597710008733,r2apf,1,False,1,0,1,,404.0,1,0,2,9,1,11,11,D,5058,0.43,True,0.815970830999504
0,40.13304332176745,402,1,,0.40385697435158646,0.11621275800098374,r2apf,2,False,1,0,2,0.16666666666666666,468.0,2,1,3,11,2,13,13,D,5059,0.46,True,0.9714258660023916
0,49.36156159187315,495,3,,0.45373366769119533,0.17932747199847654,r2apf,8,False,3,0,8,0.16190476190476188,575.0,8,5,4,21,8,18,18,D,5060,0.52,True,1.7137934189977386
0,37.00000000000002,370,0,,0.4160772607761332,0.0901511229985772,r2apf,0,False,0,0,0,,185.0,0,0,1,3,0,5,5,D,5061,0.41,True,0.3329028400021343
0,36.00000000000025,360,0,,0.4047543391793732,0.08793055400019512,r2apf,0,False,0,0,0,,179.0,0,0,3,15,0,7,7,D,5062,0.41,True,0.47712019299979147
0,37.60000000000013,376,0,,0.46767240088330164,0.08360503299991251,r2apf,0,False,0,0,0,,273.0,0,0,0,1,0,6,6,D,5063,0.39,True,0.32620682600099826
0,41.90000000000017,419,1,,0.4965045961965954,0.09794875999978103,r2apf,1,False,1,0,1,,174.0,1,0,1,4,1,6,6,D,5064,0.4,True,0.3682161899996572
0,40.9000000000002,409,1,,0.48430221895366926,0.11455770099928486,r2apf,2,False,1,0,2,0.16666666666666666,402.0,2,1,7,20,2,12,12,D,5065,0.45,True,0.8981031419989449
0,37.100000000000016,371,0,,0.40736965511980094,0.0802235870014556,r2apf,0,False,0,0,0,,289.0,0,0,2,8,0,8,8,D,5066,0.42,True,0.5024980520029203
0,37.100000000000044,371,0,,0.4346799280856735,0.10687720900023123,r2apf,0,False,0,0,0,,305.0,0,0,3,8,0,8,8,D,5067,0.47,True,0.5914506440021796
0,44.50000000000022,445,1,,0.4059478710943746,0.15990693400090095,r2apf,4,False,1,0,4,0.16666666666666666,537.0,4,3,3,5,4,13,13,D,5068,0.46,True,1.0442739529971732
0,43.23347833911633,433,1,,0.47281158465848017,0.12576008799987903,r2apf,3,False,1,0,3,0.22619047619047616,539.0,3,2,2,10,3,15,15,D,5069,0.43,True,1.1746381420016405
0,40.20000000000015,402,0,,0.4154093139705172,0.14927715100020578,r2apf,1,False,0,0,1,0.3333333333333333,417.0,1,1,5,22,1,11,11,D,5070,0.54,True,1.0264369510041433
0,37.40000000000014,374,0,,0.4307983358110848,0.09233123500052898,r2apf,0,False,0,0,0,,261.0,0,0,0,3,0,5,5,D,5071,0.43,True,0.23808866199942713
0,36.6000000000001,366,0,,0.43888042762717433,0.1115724629999022,r2apf,0,False,0,0,0,,288.0,0,0,0,5,0,7,7,D,5072,0.41,True,0.5157702359992982
0,39.70000000000016,397,0,,0.43016753527989876,0.12312208099865529,r2apf,0,False,0,0,0,,378.0,0,0,2,15,0,8,8,D,5073,0.43,True,0.4814579349986161
0,37.00000000000012,370,0,,0.41772848163239396,0.10357772900169948,r2apf,0,False,0,0,0,,441.0,0,0,7,19,0,10,10,D,5074,0.46,True,0.6430218719997356
0,39.70000000000007,397,0,,0.47332125603516595,0.14903174200117064,r2apf,2,False,0,0,2,0.25,623.0,2,2,7,15,2,13,13,D,5075,0.48,True,1.0845403539988183
0,68.6968418874772,692,11,,0.44298258300932314,0.25582461900012277,r2apf,14,False,11,0,14,0.2333333333333333,740.0,14,3,4,28,14,27,27,D,5076,0.56,True,1.9394831950030493
0,38.600000000000016,386,0,,0.4039902862652175,0.12318080100158113,r2apf,1,False,0,0,1,0.3333333333333333,304.0,1,1,7,11,1,9,9,D,5077,0.48,True,0.792977224002243
0,38.60000000000015,386,0,,0.45172582682495915,0.09396308999930625,r2apf,0,False,0,0,0,,358.0,0,0,3,7,0,10,10,D,5078,0.4,True,0.6895715089976875
0,38.20000000000003,382,0,,0.48210152523879546,0.11563494300025923,r2apf,0,False,0,0,0,,429.0,0,0,3,9,0,11,11,D,5079,0.45,True,0.918878512997253
0,39.0,390,0,,0.4290224927844309,0.13639594500091334,r2apf,1,False,0,0,1,0.125,595.0,1,1,7,21,1,13,13,D,5080,0.49,True,1.2111388520061155
0,36.80000000000009,368,0,,0.44614748142788435,0.08106290900104796,r2apf,0,False,0,0,0,,296.0,0,0,2,2,0,6,6,D,5081,0.38,True,0.28355829900101526
0,37.30000000000006,373,0,,0.4741252003691199,0.1000995510003122,r2apf,0,False,0,0,0,,258.0,0,0,2,6,0,7,7,D,5082,0.44,True,0.4305820409954322
0,36.0999999999998,361,0,,0.43570860973957537,0.07242810600109806,r2apf,0,False,0,0,0,,81.0,0,0,0,0,0,2,2,D,5083,0.37,True,0.07914166700174974
0,37.10000000000007,371,0,,0.48487043531492113,0.1357473129992286,r2apf,1,False,0,0,1,0.3333333333333333,251.0,1,1,1,5,1,6,6,D,5084,0.5,True,0.4986784419979813
0,52.78223044208353,530,4,,0.48859043465621216,0.20767611199880776,r2apf,6,False,4,0,6,0.5714285714285714,551.0,6,2,7,22,6,17,17,D,5085,0.51,True,1.3153984810014663
0,48.914994275787926,491,3,,0.4789091434001815,0.1781552960001136,r2apf,9,False,3,0,9,0.2571428571428571,631.0,9,6,4,22,9,18,18,D,5086,0.49,True,1.4875443760083726
0,44.88326083044193,449,2,,0.4918000476430254,0.11484915199980605,r2apf,4,False,2,0,4,0.18333333333333335,349.0,4,2,3,15,4,11,11,D,5087,0.45,True,0.7936544439980935
0,39.00000000000017,390,0,,0.48886160567608183,0.07999678000123822,r2apf,0,False,0,0,0,,396.0,0,0,2,12,0,9,9,D,5088,0.37,True,0.4219764040026348
0,38.10000000000014,381,0,,0.49125468107661324,0.09997582799951488,r2apf,0,False,0,0,0,,377.0,0,0,3,7,0,9,9,D,5089,0.4,True,0.5895089839996217
0,38.300000000000054,383,0,,0.4827089758046277,0.10157578400139755,r2apf,0,False,0,0,0,,128.0,0,0,2,4,0,3,3,D,5090,0.42,True,0.17983642800209054
0,41.10000000000017,411,0,,0.4550089171661644,0.1516538550004043,r2apf,3,False,0,0,3,0.17777777777777778,546.0,3,3,5,13,3,12,12,D,5091,0.47,True,0.9635886010019021
0,37.80000000000004,378,0,,0.47479369787315556,0.09626002000004519,r2apf,0,False,0,0,0,,219.0,0,0,0,2,0,5,5,D,5092,0.39,True,0.278351617998851
0,38.50000000000017,385,0,,0.4441593585994685,0.10439919599957648,r2apf,0,False,0,0,0,,242.0,0,0,1,6,0,6,6,D,5093,0.43,True,0.4154147549998015
0,48.48496859195489,486,4,,0.4099455459256033,0.16542213399952743,r2apf,5,False,4,0,5,0.16666666666666666,254.0,5,1,5,10,5,10,10,D,5094,0.48,True,0.672823431001234
0,37.2000000000002,372,0,,0.47589088042526606,0.07774136099942552,r2apf,0,False,0,0,0,,311.0,0,0,2,10,0,8,8,D,5095,0.35,True,0.3961068789994897
0,43.5832608304422,436,2,,0.48942858772246983,0.1511682889995427,r2apf,5,False,2,0,5,0.2333333333333333,507.0,5,3,4,20,5,14,14,D,5096,0.52,True,1.081639156996971
0,36.20000000000006,362,0,,0.4090746823996715,0.10638257599930512,r2apf,0,False,0,0,0,,206.0,0,0,1,6,0,5,5,D,5097,0.42,True,0.33367581899983634
0,37.799999999999976,378,0,,0.4728910919507949,0.09602838899991184,r2apf,1,False,0,0,1,0.16666666666666666,377.0,1,1,2,8,1,8,8,D,5098,0.45,True,0.4154371730019193
0,42.4000000000002,424,1,,0.4369583811795855,0.16036787600023672,r2apf,3,False,1,0,3,0.16666666666666666,662.0,3,2,6,18,3,15,15,D,5099,0.53,True,1.3984518559973367
0,61.13284097677373,614,8,,0.4597937889721348,0.2771794239997689,r2apf,21,False,8,0,21,0.41548857125780203,756.0,21,13,11,30,21,24,24,D,5100,0.5,True,2.1246726589961327
0,37.300000000000125,373,0,,0.46659479880074056,0.09822049899958074,r2apf,0,False,0,0,0,,400.0,0,0,3,13,0,11,11,D,5101,0.46,True,0.7580670309980633
0,37.70000000000008,377,0,,0.47469238711682776,0.08725222300017776,r2apf,0,False,0,0,0,,309.0,0,0,4,16,0,10,10,D,5102,0.37,True,0.7099075059995812
0,38.400000000000155,384,0,,0.44998686512478225,0.09127885000089009,r2apf,1,False,0,0,1,0.3333333333333333,487.0,1,1,4,8,1,10,10,D,5103,0.35,True,0.5827960270016774
0,36.399999999999935,364,0,,0.447579931403656,0.11064151600112382,r2apf,1,False,0,0,1,0.3333333333333333,738.0,1,1,4,33,1,25,25,D,5104,0.41,True,2.130753971998274
0,37.400000000000055,374,0,,0.4163286427940101,0.11315826300051413,r2apf,0,False,0,0,0,,240.0,0,0,2,4,0,6,6,D,5105,0.5,True,0.37214078300348774
0,42.786171779193424,429,2,,0.46256724847302494,0.1262387659990054,r2apf,3,False,2,0,3,0.14285714285714285,364.0,3,1,0,8,3,12,12,D,5106,0.47,True,0.9029337339979975
0,48.20636677221076,483,3,,0.40236939884660966,0.18160825899940392,r2apf,8,False,3,0,8,0.26666666666666666,382.0,8,5,9,25,8,13,13,D,5107,0.56,True,1.1667679800011683
0,37.70000000000018,377,0,,0.43221720907038247,0.06376835700029915,r2apf,0,False,0,0,0,,241.0,0,0,1,3,0,5,5,D,5108,0.29,True,0.17647371500061126
0,38.200000000000095,382,0,,0.47248934014216587,0.11657024200030719,r2apf,1,False,0,0,1,0.16666666666666666,355.0,1,1,2,9,1,9,9,D,5109,0.41,True,0.6609802039984061
0,44.68326083044196,447,2,,0.4607406425865197,0.11368855500040809,r2apf,5,False,2,0,5,0.2222222222222222,626.0,5,3,7,21,5,15,15,D,5110,0.38,True,1.025250717993913
0,55.19222196394336,554,6,,0.4193055340310378,0.1962692249999236,r2apf,8,False,6,0,8,0.25,361.0,8,2,5,10,8,14,14,D,5111,0.49,True,0.8815938480001932
0,38.00000000000008,380,0,,0.4426979016440174,0.10291188300107024,r2apf,0,False,0,0,0,,361.0,0,0,3,15,0,8,8,D,5112,0.42,True,0.48404499500247766
0,38.900000000000205,389,0,,0.492837888571075,0.09825625899975421,r2apf,0,False,0,0,0,,268.0,0,0,2,5,0,7,7,D,5113,0.46,True,0.43179082500319055
0,38.10000000000012,381,0,,0.4666390253472068,0.08825220600010653,r2apf,0,False,0,0,0,,324.0,0,0,1,5,0,7,7,D,5114,0.4,True,0.3679965639985312
0,37.30000000000008,373,0,,0.4091677050958422,0.14768536500014307,r2apf,1,False,0,0,1,0.16666666666666666,430.0,1,1,6,11,1,11,11,D,5115,0.49,True,1.0383298360011395
0,45.816739169558375,459,2,,0.4807613589897057,0.18390552000164462,r2apf,4,False,2,0,4,0.17142857142857143,631.0,4,2,13,36,4,16,16,D,5116,0.47,True,1.7258833150062856
0,37.300000000000146,373,0,,0.4824174800331366,0.12150168300104269,r2apf,0,False,0,0,0,,359.0,0,0,2,5,0,8,8,D,5117,0.44,True,0.5131339920008031
0,40.88326083044205,409,1,,0.4049045000428236,0.1055723230001604,r2apf,2,False,1,0,2,0.3333333333333333,477.0,2,1,4,15,2,12,12,D,5118,0.42,True,0.7923249320010655
0,38.300000000000125,383,0,,0.40553649010705056,0.09861384000032558,r2apf,0,False,0,0,0,,302.0,0,0,2,10,0,8,8,D,5119,0.39,True,0.4754081410010258
0,49.57275812810006,497,4,,0.4049035276207623,0.20018298300055903,r2apf,9,False,4,0,9,0.3,392.0,9,5,7,22,9,14,14,D,5120,0.53,True,1.3600580980000814
0,40.800000000000146,408,1,,0.45193662593209993,0.11293853999995918,r2apf,2,False,1,0,2,0.2857142857142857,301.0,2,1,5,13,2,9,9,D,5121,0.41,True,0.6277546030014491
0,39.50000000000004,395,0,,0.4479969831159661,0.09240145299918368,r2apf,1,False,0,0,1,0.3333333333333333,279.0,1,1,1,4,1,7,7,D,5122,0.4,True,0.4624139439983992
0,36.99999999999986,370,0,,0.4147236370822926,0.17795828100133804,r2apf,1,False,0,0,1,0.16666666666666666,436.0,1,1,3,11,1,10,10,D,5123,0.63,True,0.9671796340007859
0,50.03853972856125,502,5,,0.4586573616925563,0.2416009339995071,r2apf,12,False,5,0,12,0.36056483199340345,393.0,12,7,8,23,12,14,14,D,5124,0.48,True,1.0592104600000312
0,37.5000000000001,375,0,,0.4195017108496173,0.12268987100105733,r2apf,0,False,0,0,0,,363.0,0,0,3,12,0,8,8,D,5125,0.52,True,0.4894569130065065
0,38.10000000000002,381,0,,0.48891536627281484,0.0747451759998512,r2apf,0,False,0,0,0,,237.0,0,0,2,7,0,6,6,D,5126,0.3,True,0.29340903099910065
0,37.70000000000007,377,0,,0.45313550196160646,0.11792033799974888,r2apf,0,False,0,0,0,,431.0,0,0,2,11,0,10,10,D,5127,0.46,True,0.7041496389974782
0,41.00000000000018,410,1,,0.4207183662937691,0.1335157760004222,r2apf,2,False,1,0,2,0.16666666666666666,419.0,2,1,2,16,2,10,10,D,5128,0.41,True,0.6939278390018444
0,38.40000000000012,384,0,,0.43233490009764247,0.1450019349995273,r2apf,1,False,0,0,1,0.16666666666666666,438.0,1,1,9,15,1,11,11,D,5129,0.54,True,1.1246208119973744
0,37.10000000000017,371,0,,0.437394534277837,0.10918089500046335,r2apf,0,False,0,0,0,,292.0,0,0,3,12,0,8,8,D,5130,0.5,True,0.660784263000096
0,48.593994716906835,487,4,,0.48749970462247133,0.16638661899924045,r2apf,6,False,4,0,6,0.25,622.0,6,2,5,21,6,18,18,D,5131,0.49,True,1.4167948800004524
0,47.94044952369311,481,3,,0.44307853356017685,0.1479773520004528,r2apf,4,False,3,0,4,0.16666666666666666,379.0,4,1,5,16,4,14,14,D,5132,0.49,True,1.1987441639994358
0,36.49999999999996,365,0,,0.45789145833138206,0.09197962200050824,r2apf,0,False,0,0,0,,222.0,0,0,2,8,0,6,6,D,5133,0.4,True,0.39769565599999623
0,36.00000000000011,360,0,,0.45614346655996757,0.10249360299894761,r2apf,1,False,0,0,1,0.16666666666666666,253.0,1,1,1,8,1,6,6,D,5134,0.4,True,0.36948633399879327
0,39.50000000000008,395,0,,0.4848574172022261,0.10318018599900824,r2apf,1,False,0,0,1,0.3333333333333333,428.0,1,1,4,7,1,9,9,D,5135,0.4,True,0.4845080350023636
0,36.200000000000095,362,0,,0.4379021757876521,0.10108942300030321,r2apf,0,False,0,0,0,,177.0,0,0,1,1,0,4,4,D,5136,0.46,True,0.2358355370033678
0,36.60000000000005,366,0,,0.47609028396756253,0.10714998000003106,r2apf,0,False,0,0,0,,304.0,0,0,3,8,0,8,8,D,5137,0.43,True,0.6290094380019582
0,53.961646974916846,542,5,,0.4742793886738428,0.19643578399882244,r2apf,11,False,5,0,11,0.31541005291005286,635.0,11,6,10,28,11,19,19,D,5138,0.54,True,1.797264423003071
0,39.9000000000001,399,0,,0.49312312321735613,0.11160110499986331,r2apf,0,False,0,0,0,,373.0,0,0,3,8,0,10,10,D,5139,0.43,True,0.7370993470012763
0,37.40000000000002,374,0,,0.42736416737159216,0.12492697000016051,r2apf,0,False,0,0,0,,513.0,0,0,3,10,0,12,12,D,5140,0.47,True,0.7992087269976764
0,39.10000000000011,391,0,,0.41997773415299444,0.14224625599854335,r2apf,2,False,0,0,2,0.18333333333333335,494.0,2,2,4,19,2,11,11,D,5141,0.54,True,1.0353397550006775
0,37.700000000000195,377,0,,0.45080498339884667,0.11767144599980384,r2apf,0,False,0,0,0,,286.0,0,0,0,9,0,7,7,D,5142,0.45,True,0.5526467270010471
0,36.500000000000036,365,0,,0.4772303713153972,0.11798069500036945,r2apf,0,False,0,0,0,,334.0,0,0,0,2,0,9,9,D,5143,0.51,True,0.8036959470027796
0,56.61781800316094,568,6,,0.4018181064257724,0.3010439330009831,r2apf,22,False,6,0,22,0.3259650072150072,443.0,22,16,5,16,22,16,16,D,5144,0.56,True,1.8834777210013272
0,52.95825207533572,531,6,,0.41922072420767514,0.203352945000006,r2apf,10,False,6,0,10,0.4527417027417028,458.0,10,4,2,7,10,17,17,D,5145,0.48,True,1.1805765310091374
0,37.2,372,0,,0.4382272661548412,0.13079471600030956,r2apf,1,False,0,0,1,0.16666666666666666,478.0,1,1,6,21,1,10,10,D,5146,0.53,True,0.8851409520029847
0,35.799999999999805,358,0,,0.44909060431753595,0.12430077400131267,r2apf,0,False,0,0,0,,226.0,0,0,2,3,0,5,5,D,5147,0.46,True,0.34630911300155276
0,38.70000000000011,387,0,,0.4872449159509787,0.13165361599931202,r2apf,0,False,0,0,0,,424.0,0,0,3,9,0,10,10,D,5148,0.48,True,0.9212822810004582
0,43.20000000000021,432,1,,0.43194491372287336,0.15807735699854675,r2apf,3,False,1,0,3,0.16666666666666666,632.0,3,2,8,13,3,14,14,D,5149,0.55,True,1.293344868998247
0,35.70000000000005,357,0,,0.45372581509318965,0.09460268799921323,r2apf,0,False,0,0,0,,275.0,0,0,1,7,0,6,6,D,5150,0.41,True,0.32047095799498493
0,40.70000000000009,407,0,,0.4541743067768084,0.12669242499941902,r2apf,1,False,0,0,1,0.16666666666666666,335.0,1,1,2,7,1,8,8,D,5151,0.49,True,0.6610031220006931
0,38.60000000000004,386,0,,0.4388794826762344,0.116558318000898,r2apf,0,False,0,0,0,,269.0,0,0,1,2,0,7,7,D,5152,0.46,True,0.5549735489985324
0,61.97977409465706,623,9,,0.4160123919860369,0.21160884700111637,r2apf,14,False,9,0,14,0.16499999999999998,369.0,14,5,5,16,14,17,17,D,5153,0.52,True,0.9972712219951063
0,38.20000000000007,382,0,,0.4437149931080826,0.09717572999943513,r2apf,0,False,0,0,0,,456.0,0,0,3,13,0,10,10,D,5154,0.41,True,0.6136290039994492
0,36.20000000000008,362,0,,0.41575293854886597,0.11807842900088872,r2apf,0,False,0,0,0,,471.0,0,0,3,11,0,10,10,D,5155,0.42,True,0.6595774940014962
0,38.90000000000016,389,0,,0.4340983849293041,0.1406584259984811,r2apf,1,False,0,0,1,0.16666666666666666,443.0,1,1,4,15,1,11,11,D,5156,0.48,True,0.9027229499988607
0,38.500000000000135,385,0,,0.4404401934869577,0.09387763000086125,r2apf,0,False,0,0,0,,277.0,0,0,2,6,0,7,7,D,5157,0.36,True,0.40852902500046184
0,42.65720147455728,427,2,,0.47873396961969034,0.14327826799853938,r2apf,2,False,2,0,2,,427.0,2,0,2,17,2,12,12,D,5158,0.57,True,0.8447231850004755
0,38.0000000000001,380,0,,0.47461254899190214,0.10554972299905785,r2apf,0,False,0,0,0,,265.0,0,0,1,3,0,6,6,D,5159,0.46,True,0.3733071930018923
0,37.900000000000084,379,0,,0.4572786861386568,0.13786042500032636,r2apf,1,False,0,0,1,0.3333333333333333,296.0,1,1,3,7,1,6,6,D,5160,0.46,True,0.43692354500126385
0,40.4000000000002,404,0,,0.4469366176991004,0.11425980700005312,r2apf,1,False,0,0,1,0.16666666666666666,479.0,1,1,4,14,1,11,11,D,5161,0.42,True,0.7936024610025925
0,39.50000000000013,395,0,,0.4717151246821639,0.08589940700039733,r2apf,0,False,0,0,0,,357.0,0,0,2,9,0,8,8,D,5162,0.35,True,0.4147705119976308
0,52.118128712397265,523,5,,0.452957566933722,0.19114364699998987,r2apf,9,False,5,0,9,0.24047619047619048,311.0,9,4,3,8,9,12,12,D,5163,0.54,True,0.9165511069986678
0,37.50000000000011,375,0,,0.42976145549569306,0.11555466900063038,r2apf,1,False,0,0,1,0.16666666666666666,360.0,1,1,3,10,1,8,8,D,5164,0.4,True,0.5073136140017596
0,38.10000000000013,381,0,,0.49984252583393485,0.09554335499888111,r2apf,1,False,0,0,1,0.3333333333333333,392.0,1,1,2,8,1,10,10,D,5165,0.42,True,0.6223147209966555
0,42.00000000000007,420,1,,0.4394181509519476,0.1508003920007468,r2apf,4,False,1,0,4,0.21428571428571427,556.0,4,3,3,16,4,14,14,D,5166,0.44,True,1.153280058000746
0,37.70000000000003,377,0,,0.43094150096999884,0.10096431499914615,r2apf,0,False,0,0,0,,420.0,0,0,4,11,0,11,11,D,5167,0.43,True,0.6938394740045624
0,36.80000000000009,368,0,,0.49026570289377747,0.11380520700004126,r2apf,0,False,0,0,0,,310.0,0,0,2,12,0,8,8,D,5168,0.44,True,0.6229828790019383
0,43.00000000000028,430,1,,0.4929048306042139,0.0964637249999214,r2apf,2,False,1,0,2,0.16666666666666666,378.0,2,1,2,13,2,8,8,D,5169,0.37,True,0.34579396300068765
0,36.10000000000006,361,0,,0.4200548026932606,0.09580329399977927,r2apf,0,False,0,0,0,,188.0,0,0,1,3,0,5,5,D,5170,0.39,True,0.32047229899944796
0,45.216739169558366,453,2,,0.4396296070243758,0.12070204799965722,r2apf,7,False,2,0,7,0.30547619047619046,393.0,7,5,3,14,7,10,10,D,5171,0.37,True,0.5918042289977166
0,39.10000000000001,391,0,,0.4552117469377164,0.16223106399957032,r2apf,1,False,0,0,1,0.16666666666666666,336.0,1,1,2,9,1,9,9,D,5172,0.49,True,0.7982160660012596
0,41.21673916955831,413,1,,0.4196244089964895,0.1075244229996315,r2apf,4,False,1,0,4,0.38359788359788355,517.0,4,3,2,10,4,14,14,D,5173,0.46,True,1.0225199590022385
0,38.40000000000014,384,0,,0.4189557223521562,0.089386673998888,r2apf,0,False,0,0,0,,348.0,0,0,1,3,0,8,8,D,5174,0.44,True,0.5135162940005102
0,37.30000000000002,373,0,,0.44857063354019067,0.08747958299863967,r2apf,0,False,0,0,0,,164.0,0,0,0,0,0,3,3,D,5175,0.39,True,0.10738711699741543
0,36.40000000000007,364,0,,0.442279871507216,0.10533779699835577,r2apf,0,False,0,0,0,,276.0,0,0,1,3,0,6,6,D,5176,0.41,True,0.302158550997774
0,39.600000000000094,396,0,,0.48493019312158125,0.09935231499912334,r2apf,1,False,0,0,1,0.14285714285714285,350.0,1,1,1,6,1,9,9,D,5177,0.44,True,0.6701948170029937
0,36.20000000000011,362,0,,0.44504959681403566,0.11552181899969582,r2apf,1,False,0,0,1,0.3333333333333333,208.0,1,1,0,3,1,5,5,D,5178,0.39,True,0.2922628579999582
0,46.2000000000003,462,2,,0.4088495290158164,0.13942993299860973,r2apf,4,False,2,0,4,0.18333333333333335,415.0,4,2,3,5,4,11,11,D,5179,0.37,True,0.6497892519982997
0,38.40000000000009,384,0,,0.44039701716731533,0.08351436399971135,r2apf,0,False,0,0,0,,282.0,0,0,2,7,0,5,5,D,5180,0.45,True,0.17095356500067282
0,37.80000000000013,378,0,,0.4775912957343028,0.13936578599896166,r2apf,1,False,0,0,1,0.16666666666666666,373.0,1,1,3,9,1,9,9,D,5181,0.5,True,0.6565932559969951
0,40.40000000000016,404,0,,0.47596057547424303,0.11803151599997364,r2apf,0,False,0,0,0,,379.0,0,0,2,11,0,9,9,D,5182,0.46,True,0.6993273039988708
0,37.400000000000055,374,0,,0.4479572756337021,0.10151350700107287,r2apf,0,False,0,0,0,,324.0,0,0,1,3,0,8,8,D,5183,0.36,True,0.5796327080024639
0,39.900000000000084,399,0,,0.4017346692146102,0.11359509700014314,r2apf,1,False,0,0,1,0.16666666666666666,432.0,1,1,1,5,1,9,9,D,5184,0.43,True,0.5339096649986459
0,41.40000000000017,414,1,,0.47877425034834176,0.09060752900040825,r2apf,2,False,1,0,2,0.3333333333333333,416.0,2,1,6,16,2,10,10,D,5185,0.4,True,0.4908380950037099
0,37.50000000000014,375,0,,0.45873530881847246,0.0844888119991083,r2apf,0,False,0,0,0,,164.0,0,0,1,4,0,3,3,D,5186,0.37,True,0.10508883499824151
0,37.30000000000014,373,0,,0.4128795592210759,0.09274764399924607,r2apf,0,False,0,0,0,,253.0,0,0,2,7,0,7,7,D,5187,0.43,True,0.4869393319986557
0,37.80000000000019,378,0,,0.4558549839128065,0.10201039300045522,r2apf,1,False,0,0,1,0.3333333333333333,370.0,1,1,1,10,1,10,10,D,5188,0.4,True,0.7395722709989059
0,38.60000000000018,386,0,,0.4171731161672182,0.17520862800120085,r2apf,1,False,0,0,1,0.3333333333333333,315.0,1,1,3,6,1,7,7,D,5189,0.54,True,0.633110963002764
0,39.60000000000013,396,0,,0.4474684274347764,0.11025102899839112,r2apf,2,False,0,0,2,0.23809523809523808,352.0,2,2,1,13,2,8,8,D,5190,0.4,True,0.6654818159986462
0,49.353908850031665,495,4,,0.46478240256975856,0.1749059789999592,r2apf,8,False,4,0,8,0.2797619047619047,432.0,8,4,4,13,8,16,16,D,5191,0.47,True,1.2011689980008668
0,39.200000000000024,392,0,,0.42314612075245733,0.09156279099988751,r2apf,0,False,0,0,0,,331.0,0,0,7,17,0,9,9,D,5192,0.42,True,0.5463236780051375
0,51.34428508231042,515,4,,0.42542789983612683,0.20300094000049285,r2apf,4,False,4,0,4,,482.0,4,0,3,13,4,17,17,D,5193,0.53,True,1.4963191759998153
0,37.4000000000001,374,0,,0.499624274718371,0.10034019200065813,r2apf,0,False,0,0,0,,253.0,0,0,3,6,0,6,6,D,5194,0.46,True,0.4141805730032502
0,36.30000000000012,363,0,,0.41976540619281777,0.10559456400005729,r2apf,0,False,0,0,0,,421.0,0,0,1,3,0,9,9,D,5195,0.43,True,0.5655781520035816
0,37.80000000000016,378,0,,0.4959820099171769,0.13214188600068155,r2apf,1,False,0,0,1,0.3333333333333333,432.0,1,1,5,14,1,10,10,D,5196,0.42,True,0.6883188159954443
0,42.82194170370144,429,1,,0.4221102012829942,0.12491756999952486,r2apf,2,False,1,0,2,0.16666666666666666,548.0,2,1,2,22,2,15,15,D,5197,0.5,True,1.0856843090023176
0,43.30000000000023,433,1,,0.4141174585711704,0.1925519609994808,r2apf,6,False,1,0,6,0.3225396825396825,317.0,6,5,4,9,6,9,9,D,5198,0.45,True,0.7751664979987254
0,36.400000000000055,364,0,,0.4870483513056571,0.10108645599939337,r2apf,0,False,0,0,0,,247.0,0,0,1,4,0,6,6,D,5199,0.42,True,0.35902596399682807
0,42.30000000000024,423,1,,0.49621334903374725,0.10756644399953075,r2apf,2,False,1,0,2,0.16666666666666666,314.0,2,1,4,10,2,8,8,D,5200,0.4,True,0.505932630998359
0,41.800000000000146,418,1,,0.45361744232576107,0.12442029099838692,r2apf,3,False,1,0,3,0.3333333333333333,356.0,3,2,1,9,3,8,8,D,5201,0.4,True,0.4394100589943264
0,42.00000000000016,420,1,,0.40749124035060674,0.13646334699842555,r2apf,3,False,1,0,3,0.3333333333333333,283.0,3,2,2,4,3,8,8,D,5202,0.48,True,0.6824891009964631
0,38.10000000000012,381,0,,0.45931501699464233,0.09984191700095835,r2apf,1,False,0,0,1,0.16666666666666666,493.0,1,1,5,24,1,13,13,D,5203,0.42,True,0.998073093001949
0,36.30000000000006,363,0,,0.4532649806176726,0.07721199200022966,r2apf,0,False,0,0,0,,239.0,0,0,1,3,0,6,6,D,5204,0.35,True,0.31511915500050236
0,40.600000000000044,406,1,,0.4157640844832343,0.1208903860006103,r2apf,2,False,1,0,2,0.16666666666666666,400.0,2,1,3,8,2,11,11,D,5205,0.53,True,0.846895777996906
0,42.300000000000125,423,1,,0.49590659402997295,0.15216431000044395,r2apf,4,False,1,0,4,0.2333333333333333,429.0,4,3,1,17,4,12,12,D,5206,0.43,True,0.8891752500021539
0,44.00000000000027,440,1,,0.41515253921585854,0.13081726400014304,r2apf,5,False,1,0,5,0.21874999999999997,741.0,5,4,7,20,5,15,15,D,5207,0.38,True,1.058281519000957
0,36.100000000000115,361,0,,0.4178714694916479,0.08366861099966627,r2apf,0,False,0,0,0,,180.0,0,0,1,2,0,5,5,D,5208,0.35,True,0.30127218699817604
0,37.90000000000001,379,0,,0.40130889305463885,0.1027682720014127,r2apf,0,False,0,0,0,,562.0,0,0,7,23,0,14,14,D,5209,0.45,True,0.9892417980099708
0,37.1000000000001,371,0,,0.46291415549827486,0.10658380300083081,r2apf,0,False,0,0,0,,185.0,0,0,1,3,0,4,4,D,5210,0.49,True,0.21122328900128196
0,41.3000000000001,413,1,,0.46683889038569354,0.0982688269996288,r2apf,2,False,1,0,2,0.16666666666666666,507.0,2,1,10,18,2,12,12,D,5211,0.4,True,0.7462926550015254
0,42.33347833911634,424,2,,0.4043540256452313,0.13923386500027846,r2apf,5,False,2,0,5,0.15873015873015872,365.0,5,3,3,11,5,10,10,D,5212,0.41,True,0.7245169890011312
0,36.899999999999885,369,0,,0.4356646140476284,0.0930862610002805,r2apf,0,False,0,0,0,,345.0,0,0,3,7,0,8,8,D,5213,0.37,True,0.46779416899698845
0,67.33184151624135,678,10,,0.44301554088300255,0.2721123390001594,r2apf,15,False,10,0,15,0.2911111111111111,608.0,15,5,11,33,15,26,26,D,5214,0.51,True,2.1185943799937377
0,37.60000000000006,376,0,,0.44596826010430146,0.0953168199994252,r2apf,0,False,0,0,0,,460.0,0,0,8,16,0,10,10,D,5215,0.4,True,0.5155697259997396
0,37.50000000000012,375,0,,0.47798098393223853,0.0861316739992617,r2apf,0,False,0,0,0,,348.0,0,0,2,4,0,8,8,D,5216,0.37,True,0.4417828669975279
0,37.10000000000012,371,0,,0.4202808538721768,0.11012338399996224,r2apf,0,False,0,0,0,,289.0,0,0,0,6,0,8,8,D,5217,0.47,True,0.6926128919985786
0,50.392645235038536,505,4,,0.4750994924648288,0.17898778900053003,r2apf,9,False,4,0,9,0.33166666666666667,400.0,9,5,4,13,9,14,14,D,5218,0.44,True,1.2064232350003294
0,48.20000000000019,482,3,,0.4268826258209591,0.19346243499967386,r2apf,10,False,3,0,10,0.26666666666666666,340.0,10,7,4,8,10,10,10,D,5219,0.41,True,0.7983084189982037
0,48.458988242707846,486,4,,0.4841937180306133,0.16226152899980661,r2apf,7,False,4,0,7,0.2253968253968254,530.0,7,3,5,31,7,18,18,D,5220,0.54,True,1.5027403999974922
0,38.80000000000015,388,0,,0.4212161444898258,0.1287027259986644,r2apf,0,False,0,0,0,,307.0,0,0,3,5,0,8,8,D,5221,0.5,True,0.6945589429979009
0,40.81673916955835,409,1,,0.40967140958796716,0.12682886099901225,r2apf,3,False,1,0,3,0.25,475.0,3,2,2,4,3,10,10,D,5222,0.42,True,0.5466161799959082
0,40.100000000000016,401,0,,0.43647277361625064,0.16188533599961374,r2apf,2,False,0,0,2,0.18333333333333335,391.0,2,2,5,15,2,10,10,D,5223,0.46,True,0.7985770860013872
0,44.85045469002901,449,2,,0.4420124960837045,0.11137421899911715,r2apf,2,False,2,0,2,,378.0,2,0,3,12,2,11,11,D,5224,0.47,True,0.5443998889968498
0,39.30000000000017,393,1,,0.4269775593330779,0.1267791499994928,r2apf,1,False,1,0,1,,357.0,1,0,3,16,1,10,10,D,5225,0.4,True,0.6379716099963844
0,59.8285142290394,601,8,,0.40147733685790665,0.23989321099907102,r2apf,16,False,8,0,16,0.27822420634920636,456.0,16,8,13,35,16,19,19,D,5226,0.59,True,1.6567343579990848
0,37.7000000000002,377,0,,0.4643073105848104,0.12875471699953778,r2apf,0,False,0,0,0,,765.0,0,0,9,59,0,23,23,D,5227,0.48,True,2.3235302880002564
0,60.92915311050917,611,7,,0.41972121281844094,0.220440241999313,r2apf,16,False,7,0,16,0.326350809684143,704.0,16,9,9,27,16,22,22,D,5228,0.48,True,2.470067943995673
0,39.300000000000225,393,0,,0.47964841382917484,0.11528618099873711,r2apf,1,False,0,0,1,0.2,329.0,1,1,2,5,1,8,8,D,5229,0.4,True,0.5673985309949785
0,40.90000000000011,409,1,,0.4635101549372503,0.12662112900034117,r2apf,2,False,1,0,2,0.16666666666666666,244.0,2,1,1,3,2,6,6,D,5230,0.48,True,0.40410732999953325
0,49.99535304550625,500,3,,0.4969221365701386,0.171099735000098,r2apf,5,False,3,0,5,0.4027777777777778,752.0,5,2,16,34,5,20,20,D,5231,0.5,True,1.5875941550002608
0,38.20000000000013,382,0,,0.4309077865848408,0.10533696300080919,r2apf,0,False,0,0,0,,370.0,0,0,3,10,0,8,8,D,5232,0.47,True,0.5249762479979836
0,41.50000000000016,415,1,,0.44482457300419265,0.11522649300059129,r2apf,3,False,1,0,3,0.25,274.0,3,2,2,7,3,7,7,D,5233,0.34,True,0.4673352700028772
0,39.5000000000001,395,0,,0.424979837678385,0.14875922099963645,r2apf,2,False,0,0,2,0.3333333333333333,465.0,2,2,6,13,2,11,11,D,5234,0.48,True,0.8788696839983459
0,41.500000000000114,415,1,,0.4125207331312062,0.10078283700022439,r2apf,3,False,1,0,3,0.16666666666666666,558.0,3,2,7,18,3,13,13,D,5235,0.4,True,0.6636084189976827
0,37.000000000000036,370,0,,0.4842883181900636,0.09709654200014484,r2apf,0,False,0,0,0,,381.0,0,0,1,7,0,8,8,D,5236,0.43,True,0.4543014589962695
0,38.00000000000007,380,0,,0.4966432839358637,0.10462330500013195,r2apf,0,False,0,0,0,,380.0,0,0,2,6,0,9,9,D,5237,0.42,True,0.5730218380031147
0,37.700000000000124,377,0,,0.46856941671472024,0.08769437999944785,r2apf,0,False,0,0,0,,197.0,0,0,2,3,0,5,5,D,5238,0.38,True,0.2901458050000656
0,54.08161403163521,543,6,,0.4586776484042025,0.2628180970004905,r2apf,9,False,6,0,9,0.2518518518518518,396.0,9,3,5,14,9,14,14,D,5239,0.53,True,0.9299219320018892
0,52.30697499513375,524,5,,0.40959451364105354,0.21448903399868868,r2apf,10,False,5,0,10,0.2733333333333333,505.0,10,5,8,26,10,17,17,D,5240,0.44,True,1.254718045996924
0,37.90000000000003,379,0,,0.4958941368751205,0.11364366899942979,r2apf,0,False,0,0,0,,411.0,0,0,6,16,0,10,10,D,5241,0.45,True,0.8608139570005733
0,37.59999999999999,376,0,,0.45119246204669905,0.09014992499942309,r2apf,0,False,0,0,0,,380.0,0,0,2,6,0,9,9,D,5242,0.4,True,0.4915959929985547
0,37.600000000000094,376,0,,0.42290968784695576,0.10290537599939853,r2apf,0,False,0,0,0,,238.0,0,0,1,4,0,6,6,D,5243,0.44,True,0.3506524669992359
0,39.10000000000016,391,0,,0.4873068924924997,0.12519558499843697,r2apf,1,False,0,0,1,0.16666666666666666,507.0,1,1,4,8,1,11,11,D,5244,0.52,True,0.8041891409993696
0,48.43347833911655,485,2,,0.46225477223925504,0.16123921799953678,r2apf,6,False,2,0,6,0.28869047619047616,459.0,6,4,7,19,6,12,12,D,5245,0.52,True,0.9386154129970237
0,37.100000000000115,371,0,,0.4910595170526592,0.1128415679995669,r2apf,0,False,0,0,0,,293.0,0,0,4,14,0,7,7,D,5246,0.44,True,0.5583549380007753
0,44.20000000000014,442,1,,0.4191029630862614,0.13585567500012985,r2apf,2,False,1,0,2,0.3333333333333333,597.0,2,1,7,24,2,15,15,D,5247,0.52,True,1.2599985000033485
0,41.3573888835207,414,1,,0.4731496214054399,0.14741810399937094,r2apf,2,False,1,0,2,0.16666666666666666,445.0,2,1,10,25,2,14,14,D,5248,0.5,True,1.1954706689994055
0,37.30000000000014,373,0,,0.4114489377533408,0.12257510500057833,r2apf,0,False,0,0,0,,378.0,0,0,1,6,0,10,10,D,5249,0.46,True,0.7901251520015649
0,52.25209978351556,525,6,,0.48686139026828495,0.21386143600102514,r2apf,12,False,6,0,12,0.3544973544973545,467.0,12,6,7,19,12,17,17,D,5250,0.45,True,1.053134438005145
0,37.700000000000095,377,0,,0.4140567076587529,0.10792357500031358,r2apf,0,False,0,0,0,,440.0,0,0,4,13,0,11,11,D,5251,0.41,True,0.8093825520008977
0,38.000000000000135,380,0,,0.43081303600889403,0.13754044100096507,r2apf,0,False,0,0,0,,294.0,0,0,1,9,0,7,7,D,5252,0.5,True,0.57038528099838
0,40.40000000000018,404,1,,0.44206364015207655,0.08483670900022844,r2apf,2,False,1,0,2,0.16666666666666666,375.0,2,1,2,11,2,11,11,D,5253,0.43,True,0.5841714589987532
0,43.80000000000036,438,1,,0.43834914341970166,0.1366896280014771,r2apf,3,False,1,0,3,0.13392857142857142,436.0,3,2,6,19,3,13,13,D,5254,0.43,True,1.0553846349994274
0,67.69557994866771,682,11,,0.4787988537557218,0.2461145849993045,r2apf,23,False,11,0,23,0.32275132275132273,452.0,23,12,13,41,23,22,22,D,5255,0.43,True,1.7851089899959334
0,37.100000000000094,371,0,,0.4115616100852354,0.10168334199988749,r2apf,0,False,0,0,0,,309.0,0,0,1,6,0,7,7,D,5256,0.38,True,0.3741982759984239
0,41.10000000000009,411,1,,0.4576451569603968,0.12507220399857033,r2apf,2,False,1,0,2,0.16666666666666666,277.0,2,1,3,7,2,7,7,D,5257,0.37,True,0.49764322499868285
0,38.800000000000104,388,0,,0.42701677078801964,0.12314841899933526,r2apf,0,False,0,0,0,,423.0,0,0,5,21,0,10,10,D,5258,0.5,True,0.7569098710027902
0,49.16256827637492,492,3,,0.45348301160047577,0.24324868399889965,r2apf,10,False,3,0,10,0.2789115646258503,500.0,10,7,5,15,10,14,14,D,5259,0.51,True,1.1922533170018141
0,37.4000000000002,374,0,,0.4802065451267274,0.11288687299929734,r2apf,0,False,0,0,0,,479.0,0,0,3,11,0,11,11,D,5260,0.52,True,0.7850347380044695
0,38.50000000000014,385,0,,0.47726223455748057,0.08307708400025149,r2apf,0,False,0,0,0,,292.0,0,0,1,3,0,6,6,D,5261,0.37,True,0.23964080900077533
0,41.033478339116364,411,1,,0.47084157906545526,0.11623397000039404,r2apf,2,False,1,0,2,0.3333333333333333,505.0,2,1,1,8,2,14,14,D,5262,0.49,True,1.0725724260009883
0,39.90000000000012,399,0,,0.40709764472972165,0.11832735799907823,r2apf,1,False,0,0,1,0.16666666666666666,513.0,1,1,3,10,1,11,11,D,5263,0.43,True,0.8028127559973655
0,36.60000000000009,366,0,,0.4434323136689442,0.08960684400153696,r2apf,1,False,0,0,1,0.16666666666666666,277.0,1,1,3,10,1,6,6,D,5264,0.36,True,0.3644672120008181
0,38.60000000000011,386,0,,0.48341842237829064,0.07953356100006204,r2apf,0,False,0,0,0,,262.0,0,0,2,4,0,5,5,D,5265,0.33,True,0.17214287999922817
0,98.74929521081806,1000,34,max_steps,24.436197943986578,1.1493050219996803,r2apf,96,False,34,0,96,0.4401414011352342,867.0,96,62,21,56,96,49,49,D,5266,0.5,False,8.701543831997697
0,38.00000000000006,380,0,,0.4951605132501225,0.11663692799993441,r2apf,0,False,0,0,0,,301.0,0,0,2,4,0,8,8,D,5267,0.45,True,0.6416844029972708
0,36.10000000000009,361,0,,0.43301968702261223,0.1045146599990403,r2apf,0,False,0,0,0,,190.0,0,0,0,5,0,5,5,D,5268,0.44,True,0.4000606030003837
0,37.70000000000005,377,0,,0.44496911620000285,0.10605749400019704,r2apf,1,False,0,0,1,0.16666666666666666,476.0,1,1,4,12,1,11,11,D,5269,0.41,True,0.7439382760039734
0,46.64193751512235,467,2,,0.4920508641756738,0.11658582800009754,r2apf,4,False,2,0,4,0.1388888888888889,569.0,4,2,9,24,4,15,15,D,5270,0.43,True,1.0356218959932448
0,45.467172350339084,457,3,,0.47325104040210164,0.14923171299960813,r2apf,7,False,3,0,7,0.22619047619047616,640.0,7,4,12,28,7,18,18,D,5271,0.39,True,1.5142613159969187
0,40.80000000000014,408,1,,0.4984551636212046,0.13729822800087277,r2apf,3,False,1,0,3,0.25,481.0,3,2,5,22,3,13,13,D,5272,0.43,True,0.967542730997593
0,38.70000000000011,387,0,,0.4931256269017893,0.12558542499937175,r2apf,0,False,0,0,0,,532.0,0,0,3,20,0,13,13,D,5273,0.54,True,1.2467995789957058
0,41.48815919125282,415,1,,0.45577490510060253,0.1131810349997977,r2apf,1,False,1,0,1,,393.0,1,0,2,13,1,10,10,D,5274,0.49,True,0.6133517569978721
0,36.60000000000007,366,0,,0.49395114582994554,0.09096578900062013,r2apf,0,False,0,0,0,,252.0,0,0,0,4,0,7,7,D,5275,0.43,True,0.44442001200150116
0,45.65964597314946,457,2,,0.4634726022237213,0.18544168200060085,r2apf,6,False,2,0,6,0.26041666666666663,324.0,6,4,1,8,6,9,9,D,5276,0.47,True,0.717046334002589
0,38.60000000000013,386,0,,0.4617621129504594,0.14514519899967127,r2apf,1,False,0,0,1,0.3333333333333333,380.0,1,1,5,11,1,9,9,D,5277,0.55,True,0.7993114409982809
0,43.0996273236703,431,1,,0.4797602913098754,0.11282875799952308,r2apf,2,False,1,0,2,0.16666666666666666,441.0,2,1,10,21,2,12,12,D,5278,0.48,True,0.8361855630028003
0,36.400000000000155,364,0,,0.4080685186489748,0.10974338699998043,r2apf,0,False,0,0,0,,324.0,0,0,2,8,0,8,8,D,5279,0.45,True,0.5984444219975558
0,37.2000000000001,372,0,,0.4353397767187184,0.08616776899907563,r2apf,0,False,0,0,0,,402.0,0,0,0,7,0,10,10,D,5280,0.38,True,0.5656921860008879
0,38.500000000000064,385,0,,0.46164147764730984,0.12904413300020678,r2apf,0,False,0,0,0,,460.0,0,0,2,12,0,11,11,D,5281,0.44,True,0.8070406569986517
0,37.600000000000065,376,0,,0.4481952462023526,0.09223943399956624,r2apf,0,False,0,0,0,,181.0,0,0,1,3,0,5,5,D,5282,0.39,True,0.342808260998936
0,55.9746401624335,563,6,,0.44353126076656396,0.24712573699980567,r2apf,10,False,6,0,10,0.3020833333333333,608.0,10,4,9,21,10,20,20,D,5283,0.49,True,1.6389695620000566
0,39.10000000000011,391,0,,0.4220482331497292,0.11106420500073,r2apf,0,False,0,0,0,,381.0,0,0,2,6,0,8,8,D,5284,0.43,True,0.5480360930050665
0,44.58584098322455,447,2,,0.418169193177804,0.1446489690006274,r2apf,3,False,2,0,3,0.2,610.0,3,1,3,11,3,15,15,D,5285,0.52,True,1.1067159029971663
0,36.59999999999988,366,0,,0.4649990985998226,0.09353437000027043,r2apf,0,False,0,0,0,,383.0,0,0,2,6,0,8,8,D,5286,0.43,True,0.5768579970008432
0,50.89814698877444,510,4,,0.45367268629907676,0.28403026099840645,r2apf,12,False,4,0,12,0.2519345238095238,429.0,12,8,5,12,12,14,14,D,5287,0.44,True,1.1841568960007862
0,43.300000000000125,433,1,,0.4718579048336322,0.10450730100092187,r2apf,1,False,1,0,1,,379.0,1,0,4,10,1,11,11,D,5288,0.44,True,0.656269015998987
0,38.1000000000002,381,0,,0.48717234208966836,0.11603253199973551,r2apf,0,False,0,0,0,,534.0,0,0,7,23,0,13,13,D,5289,0.4,True,0.9444650129953516
0,43.20000000000023,432,1,,0.465070163559001,0.1381393779993232,r2apf,3,False,1,0,3,0.23809523809523808,577.0,3,2,2,18,3,14,14,D,5290,0.49,True,1.0148074429962435
0,55.3104773292629,554,5,,0.44798162320996804,0.16338751500006765,r2apf,6,False,5,0,6,0.16666666666666666,399.0,6,1,2,10,6,16,16,D,5291,0.41,True,1.0369159279980522
0,36.70000000000018,367,0,,0.45039638770829415,0.10771693700007745,r2apf,0,False,0,0,0,,403.0,0,0,2,4,0,9,9,D,5292,0.46,True,0.6192240660038806
0,38.70000000000013,387,0,,0.47499525809274323,0.11720327800139785,r2apf,1,False,0,0,1,0.3333333333333333,449.0,1,1,5,12,1,10,10,D,5293,0.46,True,0.7724895370047307
0,48.40000000000025,484,2,,0.4397973239872694,0.14176799500091875,r2apf,5,False,2,0,5,0.27777777777777773,445.0,5,3,2,10,5,12,12,D,5294,0.46,True,0.8846326860020781
0,37.40000000000011,374,0,,0.40007183775228017,0.11209437800062005,r2apf,0,False,0,0,0,,360.0,0,0,1,4,0,7,7,D,5295,0.39,True,0.3032577999983914
0,38.20000000000026,382,0,,0.4499024427348604,0.11799856499965244,r2apf,0,False,0,0,0,,375.0,0,0,7,15,0,9,9,D,5296,0.56,True,0.6686877260017354
0,36.40000000000014,364,0,,0.4382341356425394,0.08912360300018918,r2apf,0,False,0,0,0,,175.0,0,0,2,5,0,5,5,D,5297,0.39,True,0.34536588399896573
0,37.100000000000016,371,0,,0.45370485652532727,0.11973969500104431,r2apf,0,False,0,0,0,,383.0,0,0,1,7,0,9,9,D,5298,0.47,True,0.7047095240013732
0,38.400000000000084,384,0,,0.4189077190517919,0.12017209700024978,r2apf,0,False,0,0,0,,245.0,0,0,2,3,0,6,6,D,5299,0.41,True,0.509778286997971
0,38.800000000000104,388,0,,0.48331737093765176,0.12213718099883408,r2apf,0,False,0,0,0,,281.0,0,0,1,5,0,7,7,D,5300,0.55,True,0.6109193970005435
0,41.900000000000325,419,1,,0.43171758757285694,0.10533079100059695,r2apf,1,False,1,0,1,,273.0,1,0,3,6,1,7,7,D,5301,0.46,True,0.35650202900069417
0,38.30000000000018,383,0,,0.44748891070753316,0.11479119000068749,r2apf,1,False,0,0,1,0.3333333333333333,396.0,1,1,4,9,1,10,10,D,5302,0.43,True,0.8109415390008508
0,37.60000000000005,376,0,,0.4062367089037382,0.11292308300107834,r2apf,0,False,0,0,0,,716.0,0,0,3,15,0,18,18,D,5303,0.44,True,1.394171304998963
0,38.1000000000001,381,0,,0.40159112497568905,0.0994073429992568,r2apf,1,False,0,0,1,0.2,202.0,1,1,0,4,1,5,5,D,5304,0.34,True,0.3375457469992398
0,36.900000000000055,369,0,,0.44971648745437337,0.10627002799992624,r2apf,0,False,0,0,0,,321.0,0,0,2,14,0,8,8,D,5305,0.43,True,0.5635846700006368
0,37.199999999999996,372,0,,0.4361234583510389,0.10000844199930725,r2apf,1,False,0,0,1,0.16666666666666666,494.0,1,1,6,16,1,11,11,D,5306,0.38,True,0.6571899220016348
0,38.60000000000017,386,0,,0.42690625370981994,0.10753484300039418,r2apf,1,False,0,0,1,0.16666666666666666,451.0,1,1,6,15,1,10,10,D,5307,0.42,True,0.6643747400048596
0,47.6000000000001,476,2,,0.44268165072540705,0.15217946499979007,r2apf,4,False,2,0,4,0.21666666666666667,336.0,4,2,6,21,4,11,11,D,5308,0.45,True,0.8644084949992248
0,46.0658748242305,461,2,,0.4915845468797011,0.1950348770005803,r2apf,4,False,2,0,4,0.25,615.0,4,2,6,28,4,17,17,D,5309,0.63,True,1.8675610939990293
0,43.10000000000021,431,1,,0.46701630681208417,0.142520000001241,r2apf,4,False,1,0,4,0.29166666666666663,466.0,4,3,3,12,4,12,12,D,5310,0.45,True,0.8264637390002463
0,41.19999999999999,412,1,,0.4583865782279858,0.09697468900048989,r2apf,3,False,1,0,3,0.15476190476190477,306.0,3,2,2,7,3,8,8,D,5311,0.46,True,0.40726531699692714
0,36.30000000000011,363,0,,0.4800934416553293,0.12004370100112283,r2apf,1,False,0,0,1,0.16666666666666666,384.0,1,1,3,7,1,9,9,D,5312,0.52,True,0.7313312120022601
0,38.50000000000013,385,0,,0.45323292808929394,0.07879707999927632,r2apf,0,False,0,0,0,,399.0,0,0,3,10,0,10,10,D,5313,0.37,True,0.5771699149991036
0,36.800000000000054,368,0,,0.45128914888293065,0.11373150300096313,r2apf,0,False,0,0,0,,339.0,0,0,1,5,0,8,8,D,5314,0.43,True,0.5315654130008625
0,44.00000000000026,440,1,,0.46958336116256555,0.10634325200044259,r2apf,4,False,1,0,4,0.2333333333333333,471.0,4,3,1,9,4,12,12,D,5315,0.36,True,0.6988473529982002
0,37.900000000000155,379,0,,0.4769755028295801,0.10022963499977777,r2apf,0,False,0,0,0,,287.0,0,0,2,4,0,8,8,D,5316,0.44,True,0.5621374239999568
0,37.30000000000004,373,0,,0.4735992133473827,0.12152046600022004,r2apf,1,False,0,0,1,0.2,483.0,1,1,4,12,1,12,12,D,5317,0.47,True,0.9282122409967997
0,38.70000000000017,387,0,,0.4440123276153102,0.13990233599906787,r2apf,1,False,0,0,1,0.3333333333333333,274.0,1,1,3,12,1,6,6,D,5318,0.5,True,0.43347527799960517
0,40.77703987377441,408,1,,0.40087710284076766,0.10260956199999782,r2apf,1,False,1,0,1,,308.0,1,0,1,4,1,9,9,D,5319,0.43,True,0.4961070689969347
0,39.10000000000011,391,0,,0.4240388516974028,0.12265658900105336,r2apf,2,False,0,0,2,0.25,360.0,2,2,3,6,2,8,8,D,5320,0.39,True,0.5048117100031959
0,42.73064135693991,428,2,,0.48125608565263833,0.14208475400118914,r2apf,3,False,2,0,3,0.14285714285714285,449.0,3,1,3,12,3,12,12,D,5321,0.51,True,0.7603327300075762
0,42.10000000000018,421,1,,0.4943850197712119,0.10291591900022468,r2apf,1,False,1,0,1,,243.0,1,0,0,5,1,8,8,D,5322,0.4,True,0.4977182590009761
0,39.800000000000026,398,0,,0.4579805201758566,0.1181795169995894,r2apf,0,False,0,0,0,,446.0,0,0,4,11,0,10,10,D,5323,0.46,True,0.7408550130003277
0,57.63854679518572,577,6,,0.4152183066097152,0.2635407480011054,r2apf,14,False,6,0,14,0.3160984848484848,497.0,14,8,7,19,14,18,18,D,5324,0.47,True,1.5013783349950245
0,41.40000000000019,414,0,,0.45172202468951567,0.14216406299965456,r2apf,0,False,0,0,0,,563.0,0,0,6,26,0,14,14,D,5325,0.54,True,1.322678137998082
0,49.36366053732855,495,3,,0.45482405106152857,0.15277296400017804,r2apf,5,False,3,0,5,0.30952380952380953,558.0,5,2,5,17,5,16,16,D,5326,0.4,True,1.0390971839951817
0,43.10000000000014,431,1,,0.42546045166453383,0.18347662700034562,r2apf,5,False,1,0,5,0.32380952380952377,615.0,5,4,9,24,5,16,16,D,5327,0.56,True,1.5686152950038377
0,45.100000000000186,451,1,,0.47766231290297523,0.18659849499999837,r2apf,4,False,1,0,4,0.2333333333333333,736.0,4,3,11,28,4,19,19,D,5328,0.52,True,2.2406876149980235
0,38.30000000000007,383,0,,0.4512844013547694,0.09510952299933706,r2apf,1,False,0,0,1,0.16666666666666666,441.0,1,1,2,9,1,10,10,D,5329,0.42,True,0.6017410120002751
0,59.654298837682944,599,8,,0.4943166029742893,0.206524287999855,r2apf,13,False,8,0,13,0.24666666666666665,497.0,13,5,11,21,13,20,20,D,5330,0.45,True,1.2457946089998586
0,38.500000000000114,385,0,,0.4004281758098803,0.10439342300014687,r2apf,1,False,0,0,1,0.16666666666666666,438.0,1,1,5,15,1,10,10,D,5331,0.41,True,0.5689993150026567
0,42.500000000000185,425,1,,0.4578536130119254,0.18526921900047455,r2apf,3,False,1,0,3,0.25,625.0,3,2,10,21,3,16,16,D,5332,0.54,True,1.7710919019973517
0,39.39999999999995,394,0,,0.4020735947462182,0.10954107399993518,r2apf,0,False,0,0,0,,313.0,0,0,3,7,0,8,8,D,5333,0.45,True,0.6332614360035222
0,38.300000000000004,383,0,,0.48083970306341745,0.11353491199952259,r2apf,0,False,0,0,0,,441.0,0,0,2,12,0,10,10,D,5334,0.44,True,0.7296471419995214
0,37.00000000000009,370,0,,0.43612033410435647,0.08195845299997018,r2apf,0,False,0,0,0,,437.0,0,0,4,13,0,9,9,D,5335,0.36,True,0.42578075700293994
0,40.3000000000001,403,1,,0.44346422303780253,0.13957412899981136,r2apf,2,False,1,0,2,0.3333333333333333,404.0,2,1,4,14,2,10,10,D,5336,0.44,True,0.5915793910007778
0,42.51445402716149,426,2,,0.4826887894614487,0.1281958260005922,r2apf,3,False,2,0,3,0.3333333333333333,301.0,3,1,2,4,3,10,10,D,5337,0.45,True,0.7027179009983229
0,37.9,379,0,,0.42349903453675775,0.1065100159994472,r2apf,0,False,0,0,0,,266.0,0,0,1,5,0,7,7,D,5338,0.45,True,0.540034564999587
0,40.60000000000015,406,0,,0.4897337920880325,0.14342193999982555,r2apf,2,False,0,0,2,0.25,452.0,2,2,4,12,2,11,11,D,5339,0.45,True,0.9876351310012979
0,43.30000000000022,433,1,,0.47978422267672244,0.14817240800039144,r2apf,4,False,1,0,4,0.2333333333333333,305.0,4,3,4,12,4,8,8,D,5340,0.42,True,0.6593204920045537
0,38.90000000000017,389,0,,0.4115242706950145,0.15701479699964693,r2apf,2,False,0,0,2,0.22619047619047616,334.0,2,2,4,9,2,8,8,D,5341,0.46,True,0.7668138350018125
0,38.90000000000008,389,0,,0.4466958429109888,0.1111812330000248,r2apf,1,False,0,0,1,0.3333333333333333,282.0,1,1,1,4,1,7,7,D,5342,0.41,True,0.507344687001023
0,37.30000000000009,373,0,,0.4603829652722872,0.08020656400003645,r2apf,0,False,0,0,0,,530.0,0,0,4,18,0,13,13,D,5343,0.34,True,0.6902952660038864
0,36.800000000000175,368,0,,0.4104797856259017,0.08888465699965309,r2apf,0,False,0,0,0,,312.0,0,0,1,8,0,8,8,D,5344,0.42,True,0.440621221998299
0,37.59999999999997,376,0,,0.44456142457414477,0.08020335799847089,r2apf,1,False,0,0,1,0.16666666666666666,314.0,1,1,2,7,1,6,6,D,5345,0.4,True,0.3185659119972115
0,39.40000000000005,394,0,,0.4968782167255498,0.08672416000081284,r2apf,0,False,0,0,0,,271.0,0,0,1,5,0,7,7,D,5346,0.44,True,0.4467972259990347
0,43.26515251729392,433,1,,0.41505838119195954,0.15970241700051702,r2apf,5,False,1,0,5,0.2583333333333333,384.0,5,4,2,7,5,9,9,D,5347,0.51,True,0.772394201001589
0,37.10000000000012,371,0,,0.42496125253634287,0.10263522900095268,r2apf,0,False,0,0,0,,417.0,0,0,3,19,0,9,9,D,5348,0.49,True,0.5889112820023001
0,43.70000000000019,437,1,,0.4928325988143534,0.15294807299869717,r2apf,4,False,1,0,4,0.21428571428571427,418.0,4,3,6,7,4,11,11,D,5349,0.49,True,0.981246605002525
0,43.30000000000014,433,1,,0.4491372499530859,0.1370633110000199,r2apf,3,False,1,0,3,0.22619047619047616,270.0,3,2,3,8,3,8,8,D,5350,0.46,True,0.67436593399907
0,50.829703295161316,510,4,,0.41120709886932816,0.135917714000243,r2apf,9,False,4,0,9,0.24595238095238098,451.0,9,5,5,16,9,16,16,D,5351,0.5,True,1.2777170529989235
0,40.900000000000134,409,1,,0.4843447060495316,0.11885034599981736,r2apf,3,False,1,0,3,0.15476190476190477,263.0,3,2,6,10,3,8,8,D,5352,0.39,True,0.5792601400007698
0,37.700000000000074,377,0,,0.4479008871734801,0.09038172799955646,r2apf,0,False,0,0,0,,233.0,0,0,0,2,0,6,6,D,5353,0.46,True,0.38623537399871566
0,55.78291103519459,561,6,,0.40590175166341785,0.20403799499945308,r2apf,15,False,6,0,15,0.3578594245260912,448.0,15,9,7,16,15,17,17,D,5354,0.47,True,1.3081588399982138
0,38.30000000000014,383,0,,0.48518972615192363,0.08406959899912181,r2apf,1,False,0,0,1,0.125,294.0,1,1,1,8,1,8,8,D,5355,0.4,True,0.4890435849993082
0,39.40000000000012,394,0,,0.4549555372306381,0.10344491000068956,r2apf,0,False,0,0,0,,441.0,0,0,0,5,0,11,11,D,5356,0.47,True,0.7551532289999159
0,42.86652166088389,429,1,,0.433866026385163,0.10594920099902083,r2apf,1,False,1,0,1,,353.0,1,0,5,20,1,10,10,D,5357,0.44,True,0.6662938659992506
0,43.9000000000001,439,1,,0.40940674905992747,0.0910064110012172,r2apf,2,False,1,0,2,0.16666666666666666,341.0,2,1,2,5,2,10,10,D,5358,0.34,True,0.5688640700027463
0,38.400000000000176,384,0,,0.4869685567612846,0.13007211800140794,r2apf,0,False,0,0,0,,401.0,0,0,9,18,0,12,12,D,5359,0.47,True,1.2682371489972866
0,37.500000000000036,375,0,,0.4492482544530724,0.11458913999922515,r2apf,0,False,0,0,0,,252.0,0,0,3,7,0,6,6,D,5360,0.49,True,0.4033960049982852
0,36.30000000000008,363,0,,0.46959628291376204,0.0956761160014139,r2apf,0,False,0,0,0,,388.0,0,0,2,4,0,10,10,D,5361,0.36,True,0.5700479940005607
0,35.80000000000006,358,0,,0.49963903364139844,0.10066636400006246,r2apf,0,False,0,0,0,,376.0,0,0,2,10,0,9,9,D,5362,0.39,True,0.667722957998194
0,38.7000000000001,387,0,,0.49029698709442815,0.12408882799900312,r2apf,1,False,0,0,1,0.3333333333333333,491.0,1,1,7,15,1,11,11,D,5363,0.46,True,0.744103682000059
0,38.40000000000014,384,0,,0.44657759142647663,0.11261315400042804,r2apf,0,False,0,0,0,,258.0,0,0,3,5,0,6,6,D,5364,0.48,True,0.46748525599832647
0,37.099999999999966,371,0,,0.4564185913517656,0.10574446600003284,r2apf,0,False,0,0,0,,301.0,0,0,0,1,0,6,6,D,5365,0.42,True,0.327717896001559
0,66.69201306779274,671,11,,0.42906107296283025,0.273283201000595,r2apf,23,False,11,0,23,0.3231684981684982,407.0,23,12,4,12,23,19,19,D,5366,0.39,True,1.3000525489987922
0,80.76808895555477,814,16,,0.42654779248280283,0.5687274880001496,r2apf,43,False,16,0,43,0.34901127678905447,532.0,43,27,11,43,43,27,27,D,5367,0.64,True,3.721065814992471
0,38.80000000000009,388,0,,0.41578118139789766,0.13529069900141621,r2apf,1,False,0,0,1,0.16666666666666666,553.0,1,1,3,6,1,12,12,D,5368,0.47,True,0.9064093860051798
0,38.700000000000074,387,0,,0.47895602658952685,0.10551452500112646,r2apf,1,False,0,0,1,0.2,410.0,1,1,2,6,1,9,9,D,5369,0.43,True,0.6422138350008026
0,37.000000000000085,370,0,,0.45455215299259466,0.07350871499875211,r2apf,0,False,0,0,0,,225.0,0,0,0,2,0,5,5,D,5370,0.37,True,0.22700112499842362
0,37.70000000000012,377,0,,0.43131581358448146,0.12389914200139174,r2apf,0,False,0,0,0,,620.0,0,0,4,12,0,13,13,D,5371,0.47,True,0.8833727670044027
0,40.80000000000008,408,0,,0.4199744308503489,0.06968931499977771,r2apf,0,False,0,0,0,,511.0,0,0,3,7,0,13,13,D,5372,0.38,True,0.6245264309964114
0,43.10000000000015,431,1,,0.4724592302178408,0.10367672400025185,r2apf,3,False,1,0,3,0.30952380952380953,601.0,3,2,5,19,3,15,15,D,5373,0.36,True,0.9026478689993382
0,39.500000000000135,395,0,,0.46469407153786907,0.12063477800074907,r2apf,0,False,0,0,0,,340.0,0,0,2,7,0,8,8,D,5374,0.44,True,0.612913129001754
0,43.27314754788293,433,1,,0.43080100179186986,0.17433971799982828,r2apf,6,False,1,0,6,0.23333333333333334,636.0,6,5,9,24,6,14,14,D,5375,0.44,True,0.9192949719945318
0,49.02823854213187,491,4,,0.4047811283484813,0.18080777499926626,r2apf,6,False,4,0,6,0.3222222222222222,449.0,6,2,3,18,6,14,14,D,5376,0.53,True,1.087713150001946
0,42.70000000000024,427,1,,0.4112725174470565,0.11597470499873452,r2apf,1,False,1,0,1,,442.0,1,0,2,5,1,12,12,D,5377,0.5,True,0.9185159220050991
0,44.57954932296782,447,2,,0.4862725385710636,0.1462500280013046,r2apf,3,False,2,0,3,0.3333333333333333,682.0,3,1,3,17,3,18,18,D,5378,0.45,True,1.5046790220003459
0,41.60000000000015,416,1,,0.4300949191099764,0.2022179440009495,r2apf,4,False,1,0,4,0.2222222222222222,327.0,4,3,3,15,4,8,8,D,5379,0.45,True,0.7078629470015585
0,38.4000000000002,384,0,,0.4156759899438978,0.13945742699979746,r2apf,2,False,0,0,2,0.25,370.0,2,2,3,16,2,11,11,D,5380,0.48,True,1.0021898410050198
0,38.60000000000014,386,0,,0.4694400586495708,0.10904907699841715,r2apf,0,False,0,0,0,,293.0,0,0,5,10,0,8,8,D,5381,0.46,True,0.6021660609985702
0,38.00000000000016,380,0,,0.45453642618208273,0.12909121899974707,r2apf,1,False,0,0,1,0.16666666666666666,317.0,1,1,3,6,1,8,8,D,5382,0.39,True,0.5981810499997664
0,38.30000000000006,383,0,,0.44314338672907266,0.09256953299882298,r2apf,0,False,0,0,0,,243.0,0,0,0,6,0,6,6,D,5383,0.4,True,0.3155837009981042
0,47.144840285122996,472,2,,0.42084344338813634,0.16425669799900788,r2apf,4,False,2,0,4,0.3333333333333333,536.0,4,2,5,16,4,13,13,D,5384,0.52,True,1.0922859249985777
0,38.70000000000013,387,0,,0.44966743547990407,0.1404215809998277,r2apf,1,False,0,0,1,0.16666666666666666,435.0,1,1,1,6,1,10,10,D,5385,0.49,True,0.862454740998146
0,38.60000000000015,386,0,,0.4286745904941944,0.08563572599996405,r2apf,0,False,0,0,0,,174.0,0,0,0,1,0,5,5,D,5386,0.39,True,0.325860928003749
0,80.45263284030347,812,17,,0.4691657570982858,0.31641469100031827,r2apf,29,False,17,0,29,0.37728174603174597,793.0,29,12,9,21,29,32,32,D,5387,0.48,True,2.654971890995512
0,37.800000000000026,378,0,,0.4733937492939944,0.09279455900104949,r2apf,0,False,0,0,0,,377.0,0,0,3,8,0,10,10,D,5388,0.48,True,0.6904328979999264
0,37.400000000000084,374,0,,0.44850751371480646,0.1161804650000704,r2apf,0,False,0,0,0,,296.0,0,0,2,5,0,7,7,D,5389,0.47,True,0.40817212099864264
0,41.20000000000019,412,0,,0.42674941224838747,0.11533168999994814,r2apf,5,False,0,0,5,0.21333333333333332,670.0,5,5,9,23,5,17,17,D,5390,0.37,True,1.1545858369972848
0,42.60000000000012,426,1,,0.45291656217998194,0.12154476700015948,r2apf,2,False,1,0,2,0.2857142857142857,418.0,2,1,4,11,2,12,12,D,5391,0.45,True,0.8849755930023093
0,35.70000000000004,357,0,,0.4278212990340117,0.12392894299955515,r2apf,0,False,0,0,0,,278.0,0,0,1,4,0,7,7,D,5392,0.46,True,0.5255309119984304
0,36.90000000000007,369,0,,0.44737371553041716,0.08972544499920332,r2apf,0,False,0,0,0,,340.0,0,0,3,13,0,8,8,D,5393,0.35,True,0.4464438639988657
0,38.2000000000001,382,0,,0.43237560166819505,0.10763001699888264,r2apf,0,False,0,0,0,,393.0,0,0,3,13,0,10,10,D,5394,0.48,True,0.7258307679967402
0,39.10000000000008,391,0,,0.49942652148119904,0.09116201500000898,r2apf,0,False,0,0,0,,272.0,0,0,4,12,0,7,7,D,5395,0.43,True,0.5011873399998876
0,38.000000000000085,380,0,,0.4375894841801887,0.12027087000024039,r2apf,0,False,0,0,0,,385.0,0,0,2,8,0,10,10,D,5396,0.5,True,0.8316749609984981
0,36.90000000000008,369,0,,0.4012991579138286,0.10250892600015504,r2apf,0,False,0,0,0,,321.0,0,0,2,7,0,8,8,D,5397,0.42,True,0.5441082590004953
0,38.70000000000017,387,1,,0.4735040390561776,0.10884501400141744,r2apf,2,False,1,0,2,0.16666666666666666,378.0,2,1,2,9,2,9,9,D,5398,0.42,True,0.45108272400466376
0,45.6883316852727,458,3,,0.40875236179740765,0.13339250799981528,r2apf,4,False,3,0,4,0.3333333333333333,518.0,4,1,3,20,4,16,16,D,5399,0.5,True,1.0756704220020765
0,36.30000000000011,363,0,,0.4159611889430499,0.0916107019984338,r2apf,0,False,0,0,0,,183.0,0,0,0,1,0,5,5,D,5400,0.44,True,0.33385313899998437
0,39.1000000000001,391,0,,0.41476065098719356,0.09320451399980811,r2apf,1,False,0,0,1,0.3333333333333333,391.0,1,1,3,15,1,9,9,D,5401,0.34,True,0.5644777939996857
0,39.30000000000011,393,0,,0.4977748176591083,0.10148596199906024,r2apf,0,False,0,0,0,,319.0,0,0,2,3,0,7,7,D,5402,0.41,True,0.3857607329991879
0,37.100000000000136,371,0,,0.4570715611610185,0.09770527500040771,r2apf,0,False,0,0,0,,207.0,0,0,1,9,0,6,6,D,5403,0.38,True,0.3948335510012839
0,64.41515823588831,648,9,,0.42195617331440577,0.2038439070001914,r2apf,13,False,9,0,13,0.3416666666666667,712.0,13,4,12,31,13,25,25,D,5404,0.52,True,1.9939054060050694
0,45.6457297823712,457,2,,0.46560348455875483,0.13690635499915516,r2apf,3,False,2,0,3,0.16666666666666666,540.0,3,1,2,9,3,15,15,D,5405,0.49,True,1.0283873110020068
0,39.3000000000002,393,1,,0.4344473269003122,0.09272951999992074,r2apf,1,False,1,0,1,,438.0,1,0,3,10,1,12,12,D,5406,0.41,True,0.646126080002432
0,37.60000000000013,376,0,,0.411840559730815,0.09829144700051984,r2apf,0,False,0,0,0,,327.0,0,0,3,6,0,8,8,D,5407,0.4,True,0.5539535850020911
0,45.18456588248858,453,3,,0.44063754637700014,0.17050377799932903,r2apf,10,False,3,0,10,0.29523809523809524,327.0,10,7,2,9,10,10,10,D,5408,0.44,True,0.7896786789970065
0,39.600000000000094,396,0,,0.4479761988339382,0.13473705099931976,r2apf,0,False,0,0,0,,497.0,0,0,7,21,0,12,12,D,5409,0.54,True,1.0198881919968699
0,38.70000000000021,387,0,,0.4964978442552906,0.09182549599972845,r2apf,0,False,0,0,0,,352.0,0,0,5,8,0,8,8,D,5410,0.42,True,0.5041561580001144
0,42.15812307095308,422,1,,0.4031989881283249,0.11176042700026301,r2apf,2,False,1,0,2,0.3333333333333333,333.0,2,1,4,7,2,10,10,D,5411,0.41,True,0.7223329000007652
0,37.20000000000012,372,0,,0.44848403568285133,0.07997626699943794,r2apf,0,False,0,0,0,,265.0,0,0,0,1,0,6,6,D,5412,0.4,True,0.2922253679989808
0,42.500000000000114,425,1,,0.4539711236927995,0.12009020699952089,r2apf,4,False,1,0,4,0.31746031746031744,567.0,4,3,5,22,4,14,14,D,5413,0.41,True,1.0224324869996053
0,37.00000000000007,370,0,,0.4830483898800431,0.09909271600008651,r2apf,0,False,0,0,0,,262.0,0,0,4,7,0,7,7,D,5414,0.4,True,0.4589483130002918
0,39.60000000000009,396,0,,0.4593883218271014,0.15517604900014703,r2apf,1,False,0,0,1,0.16666666666666666,369.0,1,1,4,9,1,9,9,D,5415,0.48,True,0.7697593559969391
0,37.19999999999995,372,0,,0.4493741945462017,0.12993872399965767,r2apf,1,False,0,0,1,0.3333333333333333,323.0,1,1,5,13,1,9,9,D,5416,0.43,True,0.744706016001146
0,53.44951604000957,537,6,,0.45195171023491526,0.18032885200045712,r2apf,10,False,6,0,10,0.22499999999999998,300.0,10,4,3,8,10,13,13,D,5417,0.45,True,0.8065169289984624
0,39.50000000000016,395,0,,0.4873501242343416,0.10754818599889404,r2apf,0,False,0,0,0,,534.0,0,0,5,29,0,13,13,D,5418,0.46,True,0.9727998079979443
0,39.7000000000001,397,0,,0.48653816630748037,0.1341653639992728,r2apf,0,False,0,0,0,,351.0,0,0,1,6,0,8,8,D,5419,0.49,True,0.6598543679974682
0,52.33834062312827,525,4,,0.45441718671333436,0.1702288550004596,r2apf,5,False,4,0,5,0.16666666666666666,530.0,5,1,8,16,5,18,18,D,5420,0.48,True,1.6212095549999503
0,38.30000000000013,383,0,,0.4149681675026021,0.10584125500099617,r2apf,0,False,0,0,0,,484.0,0,0,8,21,0,10,10,D,5421,0.4,True,0.5875144500005263
0,42.26651376576485,423,1,,0.451516760953075,0.11644838100073684,r2apf,2,False,1,0,2,0.16666666666666666,456.0,2,1,5,10,2,11,11,D,5422,0.43,True,0.6294070940002712
0,70.25956486901674,706,11,,0.4061621034477604,0.2379785310004081,r2apf,20,False,11,0,20,0.22275132275132276,736.0,20,9,10,25,20,28,28,D,5423,0.55,True,2.7246395210004266
0,38.80000000000007,388,0,,0.4712921483625591,0.09124847199927899,r2apf,0,False,0,0,0,,367.0,0,0,2,7,0,8,8,D,5424,0.38,True,0.40224192200184916
0,54.74329612658244,549,5,,0.4099709947722649,0.19592573099907895,r2apf,9,False,5,0,9,0.2770833333333333,429.0,9,4,7,20,9,16,16,D,5425,0.47,True,1.2638788200001727
0,49.19758799363008,494,5,,0.43373125279668906,0.19332561600094778,r2apf,11,False,5,0,11,0.3547619047619048,424.0,11,6,1,6,11,14,14,D,5426,0.44,True,1.048313845998564
0,39.60000000000017,396,0,,0.4824756208073571,0.09724076400016202,r2apf,0,False,0,0,0,,408.0,0,0,8,24,0,12,12,D,5427,0.46,True,0.8627529010027501
0,38.600000000000065,386,0,,0.4671224123261399,0.10208433800107741,r2apf,0,False,0,0,0,,499.0,0,0,1,8,0,12,12,D,5428,0.44,True,0.7798292979987309
0,36.600000000000016,366,0,,0.4411721491722834,0.08939033799833851,r2apf,1,False,0,0,1,0.16666666666666666,234.0,1,1,2,4,1,6,6,D,5429,0.44,True,0.3911943329967471
0,37.20000000000008,372,0,,0.4289211882133124,0.09197264999966137,r2apf,0,False,0,0,0,,174.0,0,0,1,4,0,5,5,D,5430,0.41,True,0.3162910809951427
0,39.16652166088383,392,1,,0.47420082680766307,0.12123410599997442,r2apf,2,False,1,0,2,0.3333333333333333,274.0,2,1,1,5,2,8,8,D,5431,0.4,True,0.648468799998227
0,39.10000000000011,391,0,,0.4170979097314153,0.10309777099973871,r2apf,0,False,0,0,0,,309.0,0,0,1,7,0,8,8,D,5432,0.37,True,0.5717883449997316
0,44.455332707062695,446,2,,0.4773202767234695,0.10718735699992976,r2apf,3,False,2,0,3,0.16666666666666666,308.0,3,1,2,8,3,10,10,D,5433,0.43,True,0.6743377359998703
0,51.55125605278401,516,4,,0.41980574467211823,0.16069532099936623,r2apf,6,False,4,0,6,0.15476190476190477,516.0,6,2,11,21,6,15,15,D,5434,0.42,True,0.928758618001666
0,37.29999999999999,373,0,,0.46322734346626926,0.12038702700010617,r2apf,0,False,0,0,0,,375.0,0,0,0,13,0,9,9,D,5435,0.47,True,0.7438493989975541
0,38.000000000000036,380,0,,0.47131125501286425,0.08961111800090293,r2apf,2,False,0,0,2,0.25,352.0,2,2,3,8,2,10,10,D,5436,0.31,True,0.5726628930005973
0,36.6000000000001,366,0,,0.4644783052903301,0.09513641899866343,r2apf,0,False,0,0,0,,289.0,0,0,0,4,0,8,8,D,5437,0.4,True,0.518589945997519
0,38.50000000000011,385,0,,0.4473735967778026,0.10432827300064673,r2apf,0,False,0,0,0,,300.0,0,0,1,7,0,7,7,D,5438,0.39,True,0.42804472900206747
0,43.93347833911645,440,2,,0.48542216434262725,0.26528257000063604,r2apf,7,False,2,0,7,0.40888888888888886,530.0,7,5,9,25,7,13,13,D,5439,0.47,True,0.9343139450011222
0,38.800000000000125,388,0,,0.43018994043788494,0.11182389299938222,r2apf,1,False,0,0,1,0.2,334.0,1,1,3,10,1,8,8,D,5440,0.38,True,0.4956146029962838
0,38.50000000000005,385,0,,0.42302137055526895,0.08970879499975126,r2apf,0,False,0,0,0,,330.0,0,0,0,4,0,7,7,D,5441,0.38,True,0.37694899199777865
0,52.372384138949116,524,4,,0.4491275748799506,0.17518370200014033,r2apf,9,False,4,0,9,0.19714285714285712,568.0,9,5,4,11,9,16,16,D,5442,0.45,True,1.4929036790035752
0,38.800000000000146,388,0,,0.4665135599494346,0.09809778199996799,r2apf,0,False,0,0,0,,279.0,0,0,2,3,0,6,6,D,5443,0.44,True,0.37033074899954954
0,37.30000000000012,373,0,,0.4485728287855418,0.10678052000002936,r2apf,0,False,0,0,0,,382.0,0,0,0,1,0,9,9,D,5444,0.51,True,0.619656209999448
0,38.500000000000206,385,0,,0.4668941619301785,0.12383177800074918,r2apf,1,False,0,0,1,0.3333333333333333,287.0,1,1,1,5,1,8,8,D,5445,0.52,True,0.6725340480024897
0,40.50000000000025,405,1,,0.43238799875339795,0.13878793999901973,r2apf,2,False,1,0,2,0.16666666666666666,606.0,2,1,7,23,2,16,16,D,5446,0.5,True,1.484543335998751
0,38.30000000000005,383,0,,0.46150981007832687,0.10669551499995578,r2apf,0,False,0,0,0,,249.0,0,0,1,3,0,6,6,D,5447,0.45,True,0.41077612900153326
0,46.55947294644979,467,3,,0.4863372634822999,0.13529547700090916,r2apf,8,False,3,0,8,0.30833333333333335,592.0,8,5,6,19,8,15,15,D,5448,0.4,True,1.1731670119970659
0,47.5530869114582,477,4,,0.48834737553551216,0.14485267600139196,r2apf,8,False,4,0,8,0.3273809523809524,433.0,8,4,4,17,8,15,15,D,5449,0.51,True,1.1506513740059745
0,42.700000000000145,427,1,,0.4606660500469282,0.12704063199998927,r2apf,4,False,1,0,4,0.1865079365079365,421.0,4,3,3,12,4,10,10,D,5450,0.41,True,0.7555508559980808
0,39.399999999999984,394,0,,0.4627719848048288,0.148332749000474,r2apf,2,False,0,0,2,0.16666666666666666,585.0,2,2,2,8,2,13,13,D,5451,0.47,True,1.0289311990072747
0,49.25457294137245,494,3,,0.44175002814663,0.13115360000119836,r2apf,6,False,3,0,6,0.17777777777777778,541.0,6,3,3,16,6,15,15,D,5452,0.44,True,0.912225241003398
0,37.10000000000002,371,0,,0.42185292510991806,0.10975315699943167,r2apf,0,False,0,0,0,,284.0,0,0,2,6,0,7,7,D,5453,0.4,True,0.47744825100016897
0,44.44272828390747,445,2,,0.43780752036823023,0.13908762500068406,r2apf,5,False,2,0,5,0.17777777777777778,568.0,5,3,7,14,5,16,16,D,5454,0.49,True,1.2772085620053986
0,36.300000000000075,363,0,,0.40046723680148316,0.1127697049996641,r2apf,0,False,0,0,0,,291.0,0,0,1,5,0,7,7,D,5455,0.47,True,0.5237450100012211
0,39.300000000000054,393,0,,0.42341236342573085,0.09657732199957536,r2apf,0,False,0,0,0,,358.0,0,0,2,6,0,9,9,D,5456,0.47,True,0.6001444249995984
0,51.44391284001232,515,4,,0.4603034174173056,0.18749692999881518,r2apf,10,False,4,0,10,0.20892857142857146,519.0,10,6,10,20,10,15,15,D,5457,0.49,True,1.1020927039990056
0,38.200000000000195,382,0,,0.42380508116424903,0.0845255639997049,r2apf,0,False,0,0,0,,435.0,0,0,4,13,0,10,10,D,5458,0.38,True,0.5885072569963086
0,38.200000000000045,382,0,,0.43179660685872545,0.09460486599891738,r2apf,0,False,0,0,0,,225.0,0,0,0,0,0,5,5,D,5459,0.37,True,0.28561656500096433
0,39.50000000000014,395,0,,0.44567787176276286,0.09856398199917749,r2apf,0,False,0,0,0,,374.0,0,0,4,9,0,9,9,D,5460,0.42,True,0.5164442179993785
0,43.30000000000026,433,1,,0.4377939441790601,0.13229683399913483,r2apf,5,False,1,0,5,0.16904761904761906,562.0,5,4,7,13,5,13,13,D,5461,0.36,True,1.1008739640001295
0,51.32533077320431,514,5,,0.4213552687657751,0.16681727100149146,r2apf,10,False,5,0,10,0.2952380952380952,450.0,10,5,6,21,10,16,16,D,5462,0.43,True,1.1667587599968101
0,41.10000000000014,411,0,,0.44830641578322766,0.13489293299971905,r2apf,2,False,0,0,2,0.24285714285714285,443.0,2,2,8,16,2,12,12,D,5463,0.53,True,1.0852519029995165
0,38.70000000000011,387,0,,0.4308425533609018,0.08365461700122978,r2apf,0,False,0,0,0,,213.0,0,0,2,4,0,6,6,D,5464,0.38,True,0.3806160330022976
0,40.40000000000003,404,1,,0.47101918974138823,0.15522105600030045,r2apf,2,False,1,0,2,0.16666666666666666,262.0,2,1,3,6,2,8,8,D,5465,0.48,True,0.8281234110017976
0,38.70000000000003,387,0,,0.49331008274198296,0.12396208199970715,r2apf,1,False,0,0,1,0.16666666666666666,417.0,1,1,2,10,1,10,10,D,5466,0.46,True,0.6832717000015691
0,37.200000000000095,372,0,,0.41415396508520147,0.12533677499959595,r2apf,0,False,0,0,0,,391.0,0,0,2,7,0,10,10,D,5467,0.58,True,0.9033813549995102
0,38.59999999999999,386,0,,0.47082021672373436,0.12145150400101556,r2apf,0,False,0,0,0,,264.0,0,0,0,3,0,7,7,D,5468,0.47,True,0.5586621510010445
0,35.60000000000008,356,0,,0.46861918249151946,0.07787115400060429,r2apf,0,False,0,0,0,,188.0,0,0,3,7,0,5,5,D,5469,0.37,True,0.258041528000831
0,36.600000000000115,366,0,,0.4023304278503343,0.10284673499882047,r2apf,0,False,0,0,0,,348.0,0,0,2,7,0,7,7,D,5470,0.43,True,0.3633586119995016
0,38.10000000000018,381,0,,0.41219027372110123,0.10481337900091603,r2apf,0,False,0,0,0,,432.0,0,0,1,9,0,10,10,D,5471,0.41,True,0.6813710159985931
0,37.80000000000007,378,0,,0.4543803662682758,0.09204780899926845,r2apf,0,False,0,0,0,,310.0,0,0,3,13,0,8,8,D,5472,0.4,True,0.4932095899966953
0,47.53258983140185,477,3,,0.4167917919308587,0.20384513499993773,r2apf,10,False,3,0,10,0.292233560090703,392.0,10,7,5,9,10,11,11,D,5473,0.45,True,0.8472216729987849
0,39.30000000000012,393,0,,0.4079250192981405,0.09089430099993479,r2apf,0,False,0,0,0,,394.0,0,0,5,13,0,9,9,D,5474,0.4,True,0.5036927470046066
0,39.600000000000065,396,0,,0.4451607721945885,0.1659360329995252,r2apf,1,False,0,0,1,0.16666666666666666,623.0,1,1,8,12,1,15,15,D,5475,0.5,True,1.432164448999174
0,41.2000000000002,412,1,,0.40713365016621483,0.12359033099892258,r2apf,4,False,1,0,4,0.38888888888888884,165.0,4,3,1,2,4,4,4,D,5476,0.37,True,0.20697741099866107
0,37.30000000000009,373,0,,0.48381177055500113,0.11394671999914863,r2apf,1,False,0,0,1,0.14285714285714285,544.0,1,1,2,13,1,11,11,D,5477,0.43,True,0.7739903169949685
0,42.80000000000015,428,0,,0.4677943687588462,0.1282528720003029,r2apf,1,False,0,0,1,0.2,520.0,1,1,2,8,1,11,11,D,5478,0.47,True,0.8412547720017756
0,39.30000000000012,393,0,,0.4038829268467702,0.11117313999966427,r2apf,1,False,0,0,1,0.3333333333333333,488.0,1,1,4,20,1,12,12,D,5479,0.42,True,0.7859499479982333
0,36.500000000000156,365,0,,0.43174099584385117,0.08421785199971055,r2apf,0,False,0,0,0,,162.0,0,0,0,0,0,3,3,D,5480,0.42,True,0.1573744280012761
0,39.100000000000165,391,0,,0.44058972640062183,0.11306865900041885,r2apf,2,False,0,0,2,0.30952380952380953,506.0,2,2,9,27,2,11,11,D,5481,0.46,True,0.7223686890029057
0,93.1658094205651,941,21,,0.4429564696582194,0.37031789399952686,r2apf,36,False,21,0,36,0.3011904761904762,660.0,36,15,12,32,36,37,37,D,5482,0.53,True,3.087207547001526
0,43.86652166088393,439,2,,0.48112860882776287,0.13731336599994393,r2apf,6,False,2,0,6,0.28125,488.0,6,4,2,8,6,13,13,D,5483,0.38,True,0.8697325569974055
0,71.59608367235319,720,12,,0.41972064399184583,0.47201006000068446,r2apf,26,False,12,0,26,0.38869196801527633,609.0,26,14,12,32,26,25,25,D,5484,0.51,True,2.4206586480049737
0,39.90000000000011,399,0,,0.47597854854738725,0.13123724700017192,r2apf,0,False,0,0,0,,458.0,0,0,7,14,0,11,11,D,5485,0.5,True,1.035322564001035
0,39.80000000000018,398,0,,0.4350282330792722,0.1182981160000054,r2apf,1,False,0,0,1,0.3333333333333333,442.0,1,1,1,8,1,10,10,D,5486,0.4,True,0.7700051789997815
0,41.600000000000264,416,0,,0.4981030131025763,0.13919403799991414,r2apf,1,False,0,0,1,0.14285714285714285,607.0,1,1,4,15,1,15,15,D,5487,0.47,True,1.0846067950005818
0,38.20000000000011,382,0,,0.40619765803577224,0.07568595500015363,r2apf,0,False,0,0,0,,320.0,0,0,4,11,0,10,10,D,5488,0.36,True,0.6041665490010928
0,53.389367014304504,534,3,,0.4555801500861965,0.1610033659999317,r2apf,8,False,3,0,8,0.2666666666666667,725.0,8,5,7,27,8,20,20,D,5489,0.52,True,1.6509115469980316
0,38.30000000000016,383,0,,0.42461593869446196,0.11404880999907618,r2apf,1,False,0,0,1,0.16666666666666666,426.0,1,1,4,10,1,10,10,D,5490,0.45,True,0.6434298699969077
0,36.30000000000003,363,0,,0.4066092801350647,0.0817295249999006,r2apf,0,False,0,0,0,,319.0,0,0,0,2,0,7,7,D,5491,0.35,True,0.2835418090016901
0,40.300000000000075,403,0,,0.4393480722514916,0.10438923699985025,r2apf,2,False,0,0,2,0.24285714285714285,388.0,2,2,2,4,2,7,7,D,5492,0.31,True,0.4111979089975648
0,49.275791393982985,494,3,,0.4874280450851487,0.2356865870006004,r2apf,11,False,3,0,11,0.24454365079365076,502.0,11,8,10,19,11,13,13,D,5493,0.37,True,1.1451882979999937
0,41.900000000000134,419,1,,0.4648306114004712,0.13645935699969414,r2apf,3,False,1,0,3,0.25,473.0,3,2,7,18,3,12,12,D,5494,0.44,True,0.9456344789959985
0,43.76826173027924,439,2,,0.48778768795558164,0.16373336000106065,r2apf,4,False,2,0,4,0.25,246.0,4,2,4,8,4,9,9,D,5495,0.48,True,0.8148023510020721
0,39.90000000000013,399,0,,0.4521025732627971,0.11583401399911963,r2apf,1,False,0,0,1,0.3333333333333333,412.0,1,1,2,10,1,10,10,D,5496,0.46,True,0.7081597819978924
0,50.614454027161614,507,3,,0.49134868905627116,0.14933277800082578,r2apf,7,False,3,0,7,0.23958333333333331,415.0,7,4,4,15,7,13,13,D,5497,0.38,True,0.9383562570019421
0,38.800000000000075,388,0,,0.4587813055307568,0.09953775599933579,r2apf,1,False,0,0,1,0.3333333333333333,406.0,1,1,2,12,1,9,9,D,5498,0.46,True,0.49721429299825104
0,79.61461270130383,803,16,,0.4170226451573003,0.2511840770002891,r2apf,23,False,16,0,23,0.18253968253968253,955.0,23,7,10,31,23,37,37,D,5499,0.53,True,3.536180194994813
0,38.50000000000007,385,0,,0.47301772755464216,0.1370723590007401,r2apf,0,False,0,0,0,,247.0,0,0,0,4,0,7,7,E,5000,0.45,True,0.6891208980032388
0,38.90000000000013,389,0,,0.4042595076388247,0.1959047759992245,r2apf,0,False,0,0,0,,409.0,0,0,6,13,0,10,10,E,5001,0.5142857142857142,True,1.287405597004181
0,43.800000000000274,438,1,,0.47328170129542707,0.1858363979990827,r2apf,3,False,1,0,3,0.2222222222222222,482.0,3,2,8,12,3,13,13,E,5002,0.36428571428571427,True,1.32845726600317
0,40.00000000000013,400,0,,0.4440392743649134,0.1681666820004466,r2apf,0,False,0,0,0,,485.0,0,0,12,28,0,12,12,E,5003,0.4857142857142857,True,1.218795840999519
0,37.8000000000001,378,0,,0.44292070584799603,0.1510518499999307,r2apf,0,False,0,0,0,,331.0,0,0,4,9,0,7,7,E,5004,0.37857142857142856,True,0.5366295160019945
0,38.400000000000105,384,0,,0.49918350264430894,0.1756548670000484,r2apf,1,False,0,0,1,0.16666666666666666,719.0,1,1,10,30,1,17,17,E,5005,0.4857142857142857,True,1.7769550039993192
0,37.20000000000009,372,0,,0.44988500076926163,0.13839934099996754,r2apf,0,False,0,0,0,,443.0,0,0,4,23,0,13,13,E,5006,0.45,True,1.2713404550013365
0,41.600000000000044,416,1,,0.4377050826339119,0.14252057900012005,r2apf,1,False,1,0,1,,422.0,1,0,5,13,1,12,12,E,5007,0.39285714285714285,True,1.0300687970011495
0,38.39999999999987,384,0,,0.4813576014922312,0.14404795799964631,r2apf,0,False,0,0,0,,389.0,0,0,5,14,0,8,8,E,5008,0.4,True,0.5870702189986332
0,40.3887817383453,404,1,,0.42030304543891034,0.1468350859995553,r2apf,2,False,1,0,2,0.14285714285714285,421.0,2,1,2,13,2,11,11,E,5009,0.4142857142857143,True,1.1782092329995066
0,46.784489018855,469,2,,0.40410094187918416,0.20732946699899912,r2apf,5,False,2,0,5,0.2703703703703703,356.0,5,3,5,9,5,10,10,E,5010,0.45,True,1.0872689050011104
0,37.60000000000004,376,0,,0.4574924498006715,0.13139046099968255,r2apf,0,False,0,0,0,,336.0,0,0,2,6,0,9,9,E,5011,0.40714285714285714,True,0.8606700039981661
0,41.700000000000145,417,1,,0.4013075345344279,0.21534251800039783,r2apf,2,False,1,0,2,0.14285714285714285,536.0,2,1,7,17,2,13,13,E,5012,0.4714285714285714,True,1.3129047860002174
0,56.18132265260703,565,7,,0.4240069836862206,0.30282802199872094,r2apf,19,False,7,0,19,0.24910714285714283,426.0,19,12,6,15,19,17,17,E,5013,0.4714285714285714,True,1.934826038997926
0,35.60000000000004,356,0,,0.45955719340481616,0.12330869900142716,r2apf,0,False,0,0,0,,102.0,0,0,1,4,0,3,3,E,5014,0.42142857142857143,True,0.2375675030034472
0,40.10000000000006,401,0,,0.43023576308371836,0.12057701400044607,r2apf,0,False,0,0,0,,461.0,0,0,3,12,0,12,12,E,5015,0.34285714285714286,True,1.0160381159985263
0,37.5000000000001,375,0,,0.4067415997447046,0.13785885899960704,r2apf,1,False,0,0,1,0.16666666666666666,445.0,1,1,3,11,1,10,10,E,5016,0.37142857142857144,True,0.8761009979989467
0,80.89804303900908,815,16,,0.49075138768551185,0.4051772870006971,r2apf,33,False,16,0,33,0.2688375350140056,710.0,33,17,13,49,33,33,33,E,5017,0.6142857142857143,True,4.590952787000788
0,41.80000000000014,418,1,,0.49412912819831817,0.1323919790011132,r2apf,1,False,1,0,1,,281.0,1,0,0,3,1,8,8,E,5018,0.34285714285714286,True,0.6539184050016047
0,41.10000000000015,411,1,,0.46134819143673883,0.19962248699994234,r2apf,3,False,1,0,3,0.18333333333333335,251.0,3,2,0,3,3,6,6,E,5019,0.5214285714285715,True,0.4308305669983383
0,47.2255651818745,473,2,,0.49191422233505927,0.1547881509995932,r2apf,4,False,2,0,4,0.3142857142857143,603.0,4,2,8,25,4,16,16,E,5020,0.4142857142857143,True,1.4324085260013817
0,40.30000000000014,403,0,,0.4639164124035489,0.16767626499859034,r2apf,3,False,0,0,3,0.15873015873015872,470.0,3,3,5,14,3,11,11,E,5021,0.4642857142857143,True,1.111151738996341
0,40.80000000000022,408,1,,0.4222985079509561,0.13123781099966436,r2apf,2,False,1,0,2,0.42857142857142855,736.0,2,1,11,34,2,18,18,E,5022,0.45,True,1.5513774000010017
0,41.70000000000015,417,1,,0.4141231632812599,0.21590790300069784,r2apf,5,False,1,0,5,0.2916666666666667,513.0,5,4,7,20,5,13,13,E,5023,0.5142857142857142,True,1.5823564219990658
0,38.70000000000012,387,0,,0.48291957332121954,0.17670363700017333,r2apf,1,False,0,0,1,0.3333333333333333,411.0,1,1,2,9,1,9,9,E,5024,0.39285714285714285,True,0.7872218389966292
0,37.300000000000054,373,0,,0.4539929487018205,0.1752154280002287,r2apf,0,False,0,0,0,,439.0,0,0,6,19,0,12,12,E,5025,0.4785714285714286,True,1.4947547019964986
0,39.40000000000011,394,0,,0.40739089550037005,0.17200060200048028,r2apf,0,False,0,0,0,,688.0,0,0,6,31,0,17,17,E,5026,0.4785714285714286,True,1.9162245279985655
0,43.40000000000011,434,1,,0.41498735810631293,0.20404426499953843,r2apf,3,False,1,0,3,0.18333333333333335,519.0,3,2,6,19,3,14,14,E,5027,0.45,True,1.339178839001761
0,37.20000000000009,372,0,,0.45366630633441335,0.11282106399994518,r2apf,0,False,0,0,0,,301.0,0,0,2,14,0,8,8,E,5028,0.37142857142857144,True,0.5664260090015887
0,38.4000000000001,384,0,,0.45250847525594534,0.19865344400022877,r2apf,1,False,0,0,1,0.16666666666666666,399.0,1,1,5,14,1,10,10,E,5029,0.4785714285714286,True,1.0793508399983693
0,39.50000000000009,395,0,,0.4756167126659835,0.17186501499963924,r2apf,1,False,0,0,1,0.3333333333333333,393.0,1,1,3,8,1,8,8,E,5030,0.4642857142857143,True,0.701046538002629
0,64.96225128977522,653,11,,0.4609868476939157,0.48455714500050817,r2apf,32,False,11,0,32,0.44891127391127383,519.0,32,21,20,33,32,22,22,E,5031,0.4785714285714286,True,3.076334487997883
0,49.035094777692244,491,3,,0.4057858835555501,0.2702071980002074,r2apf,8,False,3,0,8,0.28095238095238095,808.0,8,5,9,30,8,20,20,E,5032,0.45714285714285713,True,2.1363462730023457
0,47.337598032197064,475,4,,0.45664927521956106,0.20469210100054624,r2apf,7,False,4,0,7,0.2063492063492063,642.0,7,3,6,25,7,20,20,E,5033,0.4857142857142857,True,2.074259532004362
0,57.08005880956356,573,6,,0.4647188647273029,0.2803231539983244,r2apf,13,False,6,0,13,0.2564625850340136,643.0,13,7,6,26,13,19,19,E,5034,0.45714285714285713,True,1.9757579639972391
0,37.69999999999999,377,0,,0.4993118148684366,0.14566824800022005,r2apf,0,False,0,0,0,,505.0,0,0,10,23,0,14,14,E,5035,0.4714285714285714,True,1.54591008600255
0,38.700000000000074,387,0,,0.4900160445318153,0.183929007000188,r2apf,1,False,0,0,1,0.3333333333333333,592.0,1,1,9,23,1,16,16,E,5036,0.5,True,2.0691434129967092
0,38.1000000000001,381,0,,0.4990835365772882,0.15627759199924185,r2apf,1,False,0,0,1,0.3333333333333333,415.0,1,1,7,15,1,9,9,E,5037,0.42142857142857143,True,0.9728994539964333
0,42.65589026566136,427,2,,0.4553805119227837,0.15509899800053972,r2apf,5,False,2,0,5,0.30952380952380953,466.0,5,3,5,15,5,13,13,E,5038,0.36428571428571427,True,1.3142270109983656
0,46.71583663818736,468,2,,0.43205822423080104,0.17818521300068824,r2apf,3,False,2,0,3,0.16666666666666666,697.0,3,1,5,22,3,20,20,E,5039,0.4928571428571429,True,2.130907736003792
0,45.63391335646537,458,2,,0.4725506048588276,0.1803804739993211,r2apf,8,False,2,0,8,0.22916666666666666,568.0,8,6,4,17,8,14,14,E,5040,0.42142857142857143,True,1.3706503699922905
0,42.8000000000002,428,1,,0.45373547076396936,0.1128528829995048,r2apf,3,False,1,0,3,0.18333333333333335,377.0,3,2,1,5,3,9,9,E,5041,0.35714285714285715,True,0.5671747100004723
0,42.000000000000135,420,1,,0.42133178768866086,0.13004882200038992,r2apf,1,False,1,0,1,,430.0,1,0,7,22,1,10,10,E,5042,0.37857142857142856,True,0.647439962000135
0,41.50000000000015,415,1,,0.4963019059854248,0.17286439800045628,r2apf,3,False,1,0,3,0.15476190476190477,757.0,3,2,7,37,3,18,18,E,5043,0.45714285714285713,True,1.6293560909998632
0,39.50000000000009,395,0,,0.49211343009483893,0.13949566900009813,r2apf,0,False,0,0,0,,432.0,0,0,7,11,0,12,12,E,5044,0.40714285714285714,True,1.1669522070023959
0,42.60000000000004,426,1,,0.43657003771062547,0.17051079900011246,r2apf,2,False,1,0,2,0.3333333333333333,458.0,2,1,3,5,2,11,11,E,5045,0.44285714285714284,True,1.1577854170009232
0,38.8000000000001,388,0,,0.41848132578966235,0.16790023800058407,r2apf,0,False,0,0,0,,348.0,0,0,5,10,0,9,9,E,5046,0.45714285714285713,True,1.0322967850006535
0,49.75433402073033,499,4,,0.47606912020976133,0.22278930299944477,r2apf,11,False,4,0,11,0.30799319727891156,530.0,11,7,11,31,11,20,20,E,5047,0.44285714285714284,True,2.353491591002239
0,47.31954587575324,474,2,,0.42697479714006603,0.17757801299921994,r2apf,4,False,2,0,4,0.25,473.0,4,2,1,14,4,12,12,E,5048,0.40714285714285714,True,0.9760811120013386
0,45.421964735702666,455,2,,0.4476318429840635,0.1779208469997684,r2apf,2,False,2,0,2,,433.0,2,0,8,27,2,14,14,E,5049,0.4642857142857143,True,1.3204867569984344
0,37.300000000000104,373,0,,0.42361566258762523,0.14223910799955775,r2apf,0,False,0,0,0,,310.0,0,0,3,11,0,7,7,E,5050,0.39285714285714285,True,0.547738229004608
0,44.30000000000027,443,1,,0.49817730012533445,0.22168154000064533,r2apf,4,False,1,0,4,0.23611111111111108,523.0,4,3,6,17,4,12,12,E,5051,0.44285714285714284,True,1.0615308440028457
0,41.600000000000136,416,1,,0.4914419222360263,0.10750033999829611,r2apf,2,False,1,0,2,0.16666666666666666,391.0,2,1,2,14,2,10,10,E,5052,0.35714285714285715,True,0.6175088099989807
0,58.08446681920017,584,7,,0.4044197427404681,0.3096689829999377,r2apf,21,False,7,0,21,0.3686327561327562,392.0,21,14,13,37,21,17,17,E,5053,0.4357142857142857,True,1.8175032430026477
0,55.625556037861166,558,5,,0.45503007849543453,0.26188546099911036,r2apf,16,False,5,0,16,0.3175324675324675,813.0,16,11,9,41,16,23,23,E,5054,0.4928571428571429,True,2.6604907980017742
0,37.500000000000085,375,0,,0.4452714033616743,0.16982771400034835,r2apf,0,False,0,0,0,,368.0,0,0,1,6,0,8,8,E,5055,0.4357142857142857,True,0.9261887520024175
0,67.16069457297306,677,11,,0.45111355986031615,0.578458464000505,r2apf,30,False,11,0,30,0.38628666654982446,923.0,30,19,26,55,30,32,32,E,5056,0.5571428571428572,True,4.367543995997039
0,39.70000000000015,397,0,,0.40302491449530825,0.168986695998683,r2apf,0,False,0,0,0,,255.0,0,0,2,7,0,6,6,E,5057,0.4785714285714286,True,0.6762255269986781
0,55.9274032712365,560,6,,0.40100453921450024,0.2609866589991725,r2apf,13,False,6,0,13,0.2372448979591837,596.0,13,7,10,37,13,20,20,E,5058,0.5142857142857142,True,2.238855823999984
0,36.69999999999988,367,0,,0.411879105701714,0.11931452200042258,r2apf,0,False,0,0,0,,383.0,0,0,5,9,0,9,9,E,5059,0.4,True,0.6390355639960035
0,40.400000000000205,404,0,,0.4361437566456752,0.18087104999904113,r2apf,1,False,0,0,1,0.3333333333333333,708.0,1,1,6,19,1,15,15,E,5060,0.4928571428571429,True,1.4965117949996056
0,36.79999999999998,368,0,,0.4970375985777066,0.135725406000347,r2apf,0,False,0,0,0,,206.0,0,0,1,5,0,5,5,E,5061,0.45,True,0.46938231400054065
0,35.79999999999995,358,0,,0.4017435417244349,0.1036939550012903,r2apf,0,False,0,0,0,,157.0,0,0,1,3,0,4,4,E,5062,0.37142857142857144,True,0.21075106800162757
0,39.600000000000094,396,0,,0.4623092357909756,0.12179468999966048,r2apf,0,False,0,0,0,,416.0,0,0,2,10,0,10,10,E,5063,0.35,True,0.8397764029978134
0,37.7000000000002,377,0,,0.4958502174365692,0.14069340400055808,r2apf,0,False,0,0,0,,298.0,0,0,8,19,0,9,9,E,5064,0.40714285714285714,True,0.9395208880014252
0,81.12331786111041,818,16,,0.4710355383941239,0.5139535239995894,r2apf,43,False,16,0,43,0.4460661487932618,608.0,43,27,20,50,43,32,32,E,5065,0.6142857142857143,True,5.287113450998731
0,37.10000000000002,371,0,,0.4466580878541816,0.12217936200067925,r2apf,0,False,0,0,0,,223.0,0,0,3,8,0,6,6,E,5066,0.39285714285714285,True,0.551826795001034
0,36.300000000000054,363,0,,0.45423931140173596,0.1373067410004296,r2apf,0,False,0,0,0,,420.0,0,0,3,21,0,11,11,E,5067,0.42857142857142855,True,1.1052452520016232
0,51.085132791944346,511,4,,0.49401495437819226,0.1998404540008778,r2apf,5,False,4,0,5,0.2,550.0,5,1,6,20,5,16,16,E,5068,0.44285714285714284,True,1.4672833639997407
0,38.80000000000016,388,0,,0.4555895697929553,0.13476555299894244,r2apf,0,False,0,0,0,,446.0,0,0,4,8,0,10,10,E,5069,0.38571428571428573,True,0.8358551650017034
0,39.30000000000012,393,0,,0.47837894955190086,0.1689207669987809,r2apf,0,False,0,0,0,,443.0,0,0,3,25,0,12,12,E,5070,0.4857142857142857,True,1.4646516809989407
0,37.60000000000016,376,0,,0.4122803967960277,0.15087920100086194,r2apf,0,False,0,0,0,,378.0,0,0,1,10,0,8,8,E,5071,0.45714285714285713,True,0.546639113999845
0,36.800000000000246,368,0,,0.40200578263662656,0.13960083500023757,r2apf,0,False,0,0,0,,843.0,0,0,8,38,0,30,30,E,5072,0.42857142857142855,True,3.11825550499816
0,40.200000000000095,402,0,,0.4711393320438874,0.1796158329998434,r2apf,2,False,0,0,2,0.25,415.0,2,2,4,14,2,11,11,E,5073,0.45,True,1.2269183640000847
0,42.300000000000104,423,1,,0.42406813812659194,0.1436684560012509,r2apf,5,False,1,0,5,0.38541666666666663,461.0,5,4,3,9,5,10,10,E,5074,0.36428571428571427,True,0.7175983470006031
0,56.33295300802144,564,5,,0.41198344756257327,0.23713973499980057,r2apf,8,False,5,0,8,0.20833333333333334,789.0,8,3,10,34,8,23,23,E,5075,0.4857142857142857,True,2.824123979999058
0,37.900000000000134,379,0,,0.42018926501300113,0.18865405500037014,r2apf,1,False,0,0,1,0.3333333333333333,605.0,1,1,5,23,1,13,13,E,5076,0.45714285714285713,True,1.4588208640016092
0,48.946006711873764,490,3,,0.47461424574188754,0.2469760359999782,r2apf,10,False,3,0,10,0.2957482993197279,385.0,10,7,5,19,10,12,12,E,5077,0.5,True,1.4716876979982771
0,38.30000000000007,383,0,,0.4720815539331084,0.1426648809992912,r2apf,0,False,0,0,0,,391.0,0,0,4,23,0,9,9,E,5078,0.42142857142857143,True,0.7195439560018713
0,66.15325101503645,665,11,,0.4325757555221305,0.3131801559993619,r2apf,18,False,11,0,18,0.2285714285714286,461.0,18,7,10,32,18,24,24,E,5079,0.5714285714285714,True,2.7639808659987466
0,39.20000000000023,392,0,,0.40733948028512046,0.12921169899891538,r2apf,0,False,0,0,0,,463.0,0,0,7,13,0,11,11,E,5080,0.38571428571428573,True,0.9299478339980851
0,38.100000000000236,381,0,,0.471940444091225,0.15433491799922194,r2apf,2,False,0,0,2,0.24285714285714285,455.0,2,2,5,15,2,11,11,E,5081,0.37857142857142856,True,0.9997535929960577
0,38.00000000000017,380,0,,0.43037956562827584,0.11731841599976178,r2apf,1,False,0,0,1,0.2,498.0,1,1,6,21,1,13,13,E,5082,0.37857142857142856,True,1.0555412889934814
0,36.499999999999964,365,0,,0.43445477073563554,0.1480243390014948,r2apf,1,False,0,0,1,0.2,270.0,1,1,2,19,1,9,9,E,5083,0.40714285714285714,True,1.0200924450000457
0,37.30000000000012,373,0,,0.4471515501280862,0.17925957899933564,r2apf,0,False,0,0,0,,292.0,0,0,1,9,0,7,7,E,5084,0.5071428571428571,True,0.757449540999005
0,41.000000000000206,410,0,,0.4077416461796299,0.16499555799964583,r2apf,0,False,0,0,0,,514.0,0,0,5,21,0,13,13,E,5085,0.4857142857142857,True,1.4170659700012038
0,38.30000000000012,383,0,,0.4429930781841819,0.15316691299995,r2apf,1,False,0,0,1,0.3333333333333333,542.0,1,1,3,13,1,12,12,E,5086,0.4785714285714286,True,1.1695497400032764
0,50.28751899455166,504,4,,0.4695777089435508,0.15864219899958698,r2apf,5,False,4,0,5,0.3333333333333333,402.0,5,1,6,13,5,13,13,E,5087,0.40714285714285714,True,0.8783050269994419
0,40.30000000000013,403,0,,0.4006043767024656,0.15796447499997157,r2apf,0,False,0,0,0,,628.0,0,0,8,23,0,16,16,E,5088,0.42142857142857143,True,1.5675648199994612
0,40.000000000000064,400,0,,0.4973953786473445,0.14944146299967542,r2apf,1,False,0,0,1,0.3333333333333333,490.0,1,1,1,7,1,11,11,E,5089,0.40714285714285714,True,1.028881491998618
0,48.8507250406852,490,3,,0.4895090314850758,0.2583407839993015,r2apf,7,False,3,0,7,0.23452380952380952,264.0,7,4,8,12,7,10,10,E,5090,0.4357142857142857,True,1.1232101929999772
0,38.70000000000016,387,0,,0.48377342863618616,0.1509896959996695,r2apf,1,False,0,0,1,0.2,402.0,1,1,4,12,1,9,9,E,5091,0.4714285714285714,True,0.7715447129994573
0,38.8000000000001,388,0,,0.4084973655278537,0.12221949599916115,r2apf,0,False,0,0,0,,390.0,0,0,10,18,0,10,10,E,5092,0.37857142857142856,True,0.8373811709989241
0,39.50000000000014,395,0,,0.4403759085192197,0.15993134699965594,r2apf,0,False,0,0,0,,386.0,0,0,6,12,0,10,10,E,5093,0.4714285714285714,True,1.0999152619988308
0,38.60000000000013,386,0,,0.4577320977870674,0.1905064679995121,r2apf,2,False,0,0,2,0.30952380952380953,456.0,2,2,5,19,2,11,11,E,5094,0.39285714285714285,True,1.3322264550006366
0,37.20000000000006,372,0,,0.4265882349945303,0.1097005640003772,r2apf,0,False,0,0,0,,169.0,0,0,1,1,0,4,4,E,5095,0.35714285714285715,True,0.29359800400015956
0,42.8167391695584,429,2,,0.40840865484635064,0.16139428300084546,r2apf,4,False,2,0,4,0.16666666666666666,296.0,4,2,4,15,4,9,9,E,5096,0.42857142857142855,True,0.6429811910002172
0,36.29999999999997,363,0,,0.47102701035544026,0.1391982739987725,r2apf,0,False,0,0,0,,308.0,0,0,1,11,0,8,8,E,5097,0.4142857142857143,True,0.8143420969972794
0,39.633478339116444,397,1,,0.4936281881199968,0.13708817199949408,r2apf,1,False,1,0,1,,552.0,1,0,5,22,1,15,15,E,5098,0.4357142857142857,True,1.3987918909988366
0,37.80000000000012,378,0,,0.46408125618883245,0.19139999700018961,r2apf,0,False,0,0,0,,461.0,0,0,2,12,0,10,10,E,5099,0.5071428571428571,True,0.9802047709999897
0,35.80000000000016,358,0,,0.41346616022410343,0.14612913800010574,r2apf,0,False,0,0,0,,221.0,0,0,2,7,0,6,6,E,5100,0.45714285714285713,True,0.6161190959992382
0,40.00000000000014,400,0,,0.4097454482362653,0.16499797500000568,r2apf,1,False,0,0,1,0.125,453.0,1,1,6,20,1,10,10,E,5101,0.4785714285714286,True,0.8760963259974233
0,37.00000000000012,370,0,,0.49451791233141534,0.12561198500043247,r2apf,1,False,0,0,1,0.16666666666666666,397.0,1,1,2,13,1,9,9,E,5102,0.38571428571428573,True,0.7248155499964923
0,37.500000000000014,375,0,,0.42267249090963027,0.13208604600004037,r2apf,1,False,0,0,1,0.3333333333333333,446.0,1,1,5,14,1,10,10,E,5103,0.44285714285714284,True,0.8228364340011467
0,36.19999999999999,362,0,,0.4403564826129346,0.11350066300110484,r2apf,0,False,0,0,0,,270.0,0,0,1,8,0,6,6,E,5104,0.37857142857142856,True,0.42280839800150716
0,39.00000000000016,390,0,,0.4473927820151012,0.16249175100165303,r2apf,1,False,0,0,1,0.16666666666666666,503.0,1,1,4,24,1,12,12,E,5105,0.5214285714285715,True,1.137168658000519
0,38.200000000000145,382,0,,0.4460214021894233,0.1605519139993703,r2apf,2,False,0,0,2,0.25,391.0,2,2,3,6,2,9,9,E,5106,0.42857142857142855,True,0.7936832039995352
0,37.9000000000001,379,0,,0.4479712323816982,0.20188111900097283,r2apf,1,False,0,0,1,0.16666666666666666,363.0,1,1,2,4,1,9,9,E,5107,0.4714285714285714,True,0.9890689969997766
0,46.02162690150646,461,2,,0.4233949855551467,0.11029015400163189,r2apf,2,False,2,0,2,,530.0,2,0,4,15,2,16,16,E,5108,0.3,True,0.9044601040022826
0,38.000000000000206,380,0,,0.48364093637633687,0.1639796799991018,r2apf,1,False,0,0,1,0.14285714285714285,203.0,1,1,2,8,1,4,4,E,5109,0.4357142857142857,True,0.31374468299691216
0,35.80000000000002,358,0,,0.44404702517545996,0.13117339499876834,r2apf,0,False,0,0,0,,229.0,0,0,0,1,0,5,5,E,5110,0.39285714285714285,True,0.3738804759996128
0,39.999999999999936,400,0,,0.497586335672599,0.1841344950007624,r2apf,1,False,0,0,1,0.25,409.0,1,1,6,17,1,9,9,E,5111,0.4785714285714286,True,0.9941601419977815
0,40.10000000000009,401,0,,0.47608483003808005,0.16583010999966064,r2apf,1,False,0,0,1,0.3333333333333333,416.0,1,1,1,4,1,10,10,E,5112,0.4142857142857143,True,0.888484694996805
0,40.900000000000105,409,0,,0.44094167414298074,0.13744477500040375,r2apf,0,False,0,0,0,,547.0,0,0,7,21,0,14,14,E,5113,0.42857142857142855,True,1.353901164002309
0,43.30000000000017,433,1,,0.4506044575425752,0.18025679099991976,r2apf,3,False,1,0,3,0.18333333333333335,443.0,3,2,2,13,3,11,11,E,5114,0.42857142857142855,True,1.009615060997021
0,36.300000000000054,363,0,,0.45155877191951993,0.17264975999933085,r2apf,1,False,0,0,1,0.3333333333333333,512.0,1,1,5,17,1,13,13,E,5115,0.45714285714285713,True,1.3514204060011252
0,38.10000000000012,381,0,,0.46868477648424595,0.1597906030001468,r2apf,0,False,0,0,0,,505.0,0,0,4,14,0,12,12,E,5116,0.44285714285714284,True,1.3580573040035233
0,38.30000000000009,383,0,,0.41390098493006267,0.19453309300115507,r2apf,1,False,0,0,1,0.16666666666666666,491.0,1,1,1,20,1,13,13,E,5117,0.45714285714285713,True,1.4902459730055853
0,39.20000000000016,392,0,,0.40919891953000004,0.15277216100002988,r2apf,1,False,0,0,1,0.14285714285714285,467.0,1,1,1,9,1,11,11,E,5118,0.44285714285714284,True,1.1448023270004342
0,46.68326083044206,467,2,,0.4045173104717989,0.17564604100152792,r2apf,5,False,2,0,5,0.2333333333333333,562.0,5,3,10,28,5,16,16,E,5119,0.44285714285714284,True,1.733255878001728
0,37.60000000000017,376,0,,0.4972677252377501,0.13922088599974813,r2apf,0,False,0,0,0,,479.0,0,0,3,16,0,13,13,E,5120,0.4928571428571429,True,1.2269749120023334
0,48.4689123082355,485,3,,0.4175667450277205,0.18510461400001077,r2apf,6,False,3,0,6,0.20370370370370372,661.0,6,3,7,25,6,18,18,E,5121,0.45,True,1.6352692399996158
0,39.40000000000006,394,0,,0.49661858019467264,0.12213391699879139,r2apf,0,False,0,0,0,,489.0,0,0,2,15,0,12,12,E,5122,0.4142857142857143,True,1.0312990829934279
0,56.51662568641259,567,6,,0.48466519579888195,0.27133444199898804,r2apf,14,False,6,0,14,0.2604166666666667,905.0,14,8,14,52,14,25,25,E,5123,0.5571428571428572,True,3.5168889129981835
0,41.10000000000013,411,1,,0.45359769425352586,0.1584151330007444,r2apf,3,False,1,0,3,0.16666666666666666,546.0,3,2,13,28,3,14,14,E,5124,0.4357142857142857,True,1.296762326006501
0,40.283260830441975,403,1,,0.48546106859268917,0.16965507399982016,r2apf,3,False,1,0,3,0.18333333333333335,599.0,3,2,8,17,3,14,14,E,5125,0.4642857142857143,True,1.2106728819981072
0,43.600000000000136,436,1,,0.4080226528194142,0.12913946699882217,r2apf,1,False,1,0,1,,687.0,1,0,6,22,1,18,18,E,5126,0.37142857142857144,True,1.5290996439980518
0,41.5000000000001,415,1,,0.4413522238884956,0.19156198100063193,r2apf,1,False,1,0,1,,455.0,1,0,2,13,1,12,12,E,5127,0.5214285714285715,True,1.4347122400031367
0,42.00000000000019,420,1,,0.40082267320647924,0.17710724100106745,r2apf,2,False,1,0,2,0.5,635.0,2,1,10,32,2,16,16,E,5128,0.45,True,1.8169282880007813
0,49.14551332625577,493,4,,0.4431055717283165,0.23018564699850685,r2apf,9,False,4,0,9,0.28761904761904755,556.0,9,5,14,42,9,17,17,E,5129,0.44285714285714284,True,2.1442059189994325
0,67.29017716590168,675,9,,0.4804843921485806,0.2688186750001478,r2apf,17,False,9,0,17,0.25610119047619045,728.0,17,8,12,44,17,26,26,E,5130,0.5285714285714286,True,2.5917149419983616
0,38.900000000000155,389,0,,0.483221474330608,0.11504503399919486,r2apf,2,False,0,0,2,0.14285714285714285,283.0,2,2,1,6,2,5,5,E,5131,0.40714285714285714,True,0.29459509099979186
0,51.08492369003629,512,4,,0.47219047118661395,0.28584955299993453,r2apf,12,False,4,0,12,0.29166666666666663,425.0,12,8,3,18,12,16,16,E,5132,0.44285714285714284,True,1.8296837639973091
0,37.60000000000001,376,0,,0.44486087137834307,0.14759689400125353,r2apf,0,False,0,0,0,,249.0,0,0,4,12,0,6,6,E,5133,0.39285714285714285,True,0.6587873330026923
0,38.1000000000001,381,0,,0.47879652387592747,0.14170077900053002,r2apf,0,False,0,0,0,,427.0,0,0,5,15,0,9,9,E,5134,0.42142857142857143,True,0.6896143189969735
0,39.50000000000015,395,0,,0.439280537358191,0.1363358779999544,r2apf,1,False,0,0,1,0.16666666666666666,564.0,1,1,8,23,1,11,11,E,5135,0.37142857142857144,True,0.74754114499774
0,37.30000000000006,373,0,,0.44448653571568897,0.1303546440012724,r2apf,0,False,0,0,0,,478.0,0,0,6,22,0,10,10,E,5136,0.4142857142857143,True,0.7505694850024156
0,41.40000000000004,414,1,,0.407941960320007,0.1451031740016333,r2apf,4,False,1,0,4,0.2222222222222222,520.0,4,3,5,18,4,13,13,E,5137,0.38571428571428573,True,1.1458508950036048
0,39.916739169558156,400,1,,0.44484158821312775,0.18725244699999166,r2apf,4,False,1,0,4,0.2571428571428571,316.0,4,3,5,16,4,8,8,E,5138,0.4,True,0.7330919269988954
0,39.80000000000007,398,0,,0.41349834662352103,0.10382296300122107,r2apf,0,False,0,0,0,,380.0,0,0,1,15,0,9,9,E,5139,0.34285714285714286,True,0.5903095510020648
0,38.10000000000008,381,0,,0.4641672714399258,0.16678818999935174,r2apf,0,False,0,0,0,,456.0,0,0,4,19,0,11,11,E,5140,0.4785714285714286,True,1.0928421339995111
0,54.23562354554141,544,6,,0.4333431319786045,0.19577860800018243,r2apf,12,False,6,0,12,0.29256854256854253,635.0,12,6,9,21,12,19,19,E,5141,0.45714285714285713,True,1.6982790869951714
0,37.20000000000002,372,0,,0.4005125707554025,0.138213211999755,r2apf,0,False,0,0,0,,344.0,0,0,3,26,0,10,10,E,5142,0.38571428571428573,True,1.0196806429994467
0,37.30000000000011,373,0,,0.4822147510360603,0.16603320300055202,r2apf,1,False,0,0,1,0.16666666666666666,404.0,1,1,2,18,1,11,11,E,5143,0.4642857142857143,True,1.4030263180011389
0,39.00000000000017,390,0,,0.4152433159718743,0.12487527200028126,r2apf,1,False,0,0,1,0.3333333333333333,674.0,1,1,3,23,1,15,15,E,5144,0.39285714285714285,True,1.2990299600005528
0,50.533356497162764,507,4,,0.49062351299451673,0.2500464719996671,r2apf,9,False,4,0,9,0.36666666666666664,431.0,9,5,6,13,9,14,14,E,5145,0.4142857142857143,True,1.2733921139970334
0,35.100000000000065,351,0,,0.41679101719186357,0.15808954000021913,r2apf,0,False,0,0,0,,404.0,0,0,3,17,0,10,10,E,5146,0.44285714285714284,True,1.2081162040030904
0,36.60000000000008,366,0,,0.44213675919157297,0.15428701200107753,r2apf,0,False,0,0,0,,522.0,0,0,8,13,0,11,11,E,5147,0.4,True,1.0541828789991996
0,38.10000000000013,381,0,,0.4960306101458883,0.15195571100048255,r2apf,0,False,0,0,0,,350.0,0,0,4,10,0,8,8,E,5148,0.4785714285714286,True,0.8032331390004401
0,39.100000000000186,391,0,,0.4792761826542941,0.17655444299998635,r2apf,2,False,0,0,2,0.25,776.0,2,2,11,39,2,18,18,E,5149,0.5214285714285715,True,2.0703980830021464
0,42.40000000000017,424,1,,0.4517708302215177,0.22496821799904865,r2apf,4,False,1,0,4,0.3206349206349206,441.0,4,3,2,20,4,10,10,E,5150,0.4714285714285714,True,1.1023789899973053
0,39.600000000000136,396,0,,0.45799172886202333,0.13946125199981907,r2apf,0,False,0,0,0,,352.0,0,0,2,4,0,8,8,E,5151,0.4857142857142857,True,0.6714126719980413
0,45.116739169558315,452,2,,0.4865995880185334,0.17021747100079665,r2apf,4,False,2,0,4,0.41666666666666663,314.0,4,2,5,8,4,10,10,E,5152,0.44285714285714284,True,0.95974598700559
0,54.3604600495904,546,6,,0.44080743659081206,0.28745357300067553,r2apf,14,False,6,0,14,0.19270833333333331,376.0,14,8,3,7,14,16,16,E,5153,0.5428571428571428,True,1.9796945250018325
0,42.20000000000005,422,1,,0.42815863760289596,0.1882773030010867,r2apf,2,False,1,0,2,0.16666666666666666,452.0,2,1,3,9,2,11,11,E,5154,0.4,True,0.9646097910008393
0,37.50000000000009,375,0,,0.4896954253651413,0.19401747199844976,r2apf,1,False,0,0,1,0.16666666666666666,578.0,1,1,3,13,1,13,13,E,5155,0.5,True,1.462213039993003
0,38.40000000000015,384,0,,0.4745579423428189,0.16110535799998615,r2apf,1,False,0,0,1,0.3333333333333333,344.0,1,1,3,11,1,7,7,E,5156,0.4857142857142857,True,0.5520260480006982
0,38.900000000000055,389,0,,0.4669438569550651,0.1397731870001735,r2apf,1,False,0,0,1,0.3333333333333333,321.0,1,1,2,6,1,7,7,E,5157,0.38571428571428573,True,0.646805743996083
0,63.43132670231245,637,8,,0.42028374814726155,0.36734823899860203,r2apf,24,False,8,0,24,0.32022682178932177,731.0,24,16,14,41,24,25,25,E,5158,0.5714285714285714,True,3.632876948995545
0,38.10000000000015,381,0,,0.4659697968201569,0.14220295599989186,r2apf,0,False,0,0,0,,332.0,0,0,4,10,0,8,8,E,5159,0.44285714285714284,True,0.8159702249995462
0,37.000000000000036,370,0,,0.45572150470427936,0.12918351199914468,r2apf,0,False,0,0,0,,121.0,0,0,0,0,0,3,3,E,5160,0.37142857142857144,True,0.24539635499968426
0,40.50000000000019,405,0,,0.4345168510635098,0.1545078460003424,r2apf,0,False,0,0,0,,631.0,0,0,7,22,0,14,14,E,5161,0.4785714285714286,True,1.4268847780022043
0,42.200000000000145,422,0,,0.4842582821093351,0.1619740219994128,r2apf,0,False,0,0,0,,532.0,0,0,5,19,0,12,12,E,5162,0.42142857142857143,True,1.1910116789986205
0,42.31673916955827,424,1,,0.4659875291473576,0.16993165500025498,r2apf,2,False,1,0,2,0.16666666666666666,481.0,2,1,5,16,2,12,12,E,5163,0.5071428571428571,True,1.1213934169991262
0,36.29999999999997,363,0,,0.40348234958671886,0.1487152010013233,r2apf,0,False,0,0,0,,384.0,0,0,5,13,0,8,8,E,5164,0.35,True,0.6745828060047643
0,39.00000000000007,390,0,,0.4197026150891949,0.15697454700057278,r2apf,1,False,0,0,1,0.2,517.0,1,1,7,27,1,14,14,E,5165,0.4142857142857143,True,1.3141409030013165
0,41.00000000000016,410,1,,0.4278953120925057,0.12606394800059206,r2apf,4,False,1,0,4,0.21428571428571427,519.0,4,3,7,29,4,12,12,E,5166,0.4,True,0.8917227900019498
0,37.900000000000226,379,0,,0.44951236449405507,0.15227761599999212,r2apf,0,False,0,0,0,,466.0,0,0,4,15,0,11,11,E,5167,0.45,True,1.012932327003
0,36.80000000000008,368,0,,0.47630633477380785,0.15207169899986184,r2apf,0,False,0,0,0,,339.0,0,0,2,8,0,8,8,E,5168,0.4,True,0.7765963190013281
0,39.60000000000003,396,0,,0.495421689579975,0.11140166199947998,r2apf,0,False,0,0,0,,298.0,0,0,3,9,0,8,8,E,5169,0.35,True,0.5475192189987865
0,54.10631371215467,544,5,,0.4412229462119511,0.2597137200009456,r2apf,9,False,5,0,9,0.21309523809523812,512.0,9,4,5,20,9,17,17,E,5170,0.4928571428571429,True,1.5724693439988187
0,43.30000000000025,433,1,,0.4993231675829337,0.19411913600015396,r2apf,4,False,1,0,4,0.25396825396825395,545.0,4,3,4,10,4,12,12,E,5171,0.39285714285714285,True,0.8597799960043631
0,43.5000000000002,435,1,,0.4061657448194418,0.3427891080009431,r2apf,6,False,1,0,6,0.22095238095238093,597.0,6,5,14,31,6,15,15,E,5172,0.5214285714285715,True,1.8809323240020603
0,39.40000000000012,394,0,,0.41911629005963263,0.1417501939995418,r2apf,0,False,0,0,0,,612.0,0,0,11,35,0,17,17,E,5173,0.4714285714285714,True,1.7232971290013666
0,62.29018671903261,624,7,,0.42113444421633517,0.2826053069984482,r2apf,19,False,7,0,19,0.3030226717726717,628.0,19,12,8,29,19,23,23,E,5174,0.44285714285714284,True,2.539813385998059
0,39.20000000000009,392,0,,0.4601245962855627,0.1312400909991993,r2apf,0,False,0,0,0,,260.0,0,0,0,2,0,6,6,E,5175,0.40714285714285714,True,0.4521879109979636
0,41.700000000000074,417,1,,0.44690562293807484,0.13152616300067166,r2apf,2,False,1,0,2,0.3333333333333333,413.0,2,1,6,15,2,12,12,E,5176,0.38571428571428573,True,0.9738306170020223
0,38.60000000000003,386,0,,0.4302455672145446,0.1048551870007941,r2apf,0,False,0,0,0,,320.0,0,0,4,19,0,9,9,E,5177,0.35,True,0.6372789750002994
0,37.900000000000034,379,0,,0.4703676364854552,0.13166228699992644,r2apf,0,False,0,0,0,,405.0,0,0,2,6,0,10,10,E,5178,0.37857142857142856,True,0.760341545998017
0,99.04232914214643,1000,27,max_steps,14.128276350474048,0.9259524159988359,r2apf,67,False,27,0,67,0.37047242381801204,1084.0,67,40,27,96,67,50,50,E,5179,0.5857142857142857,False,7.793087779999041
0,53.96612253626335,542,5,,0.42486717478154523,0.503440000999035,r2apf,16,False,5,0,16,0.36596736596736595,422.0,16,11,13,23,16,16,16,E,5180,0.4714285714285714,True,2.325384521998785
0,37.800000000000125,378,0,,0.45360160656973364,0.1585011429997394,r2apf,0,False,0,0,0,,428.0,0,0,5,12,0,12,12,E,5181,0.4357142857142857,True,1.4903556350018334
0,50.30971284373564,504,4,,0.4454037786493948,0.18389646399919002,r2apf,6,False,4,0,6,0.18333333333333335,457.0,6,2,4,13,6,14,14,E,5182,0.45,True,1.0560444809980254
0,44.91673916955841,450,2,,0.43214860399449284,0.17595983799947135,r2apf,5,False,2,0,5,0.16666666666666666,625.0,5,3,11,27,5,15,15,E,5183,0.40714285714285714,True,1.4888948749976407
0,47.800000000000054,478,2,,0.427672225455431,0.1801189300003898,r2apf,6,False,2,0,6,0.15624999999999997,628.0,6,4,7,29,6,15,15,E,5184,0.37142857142857144,True,1.348353921001035
0,42.60000000000029,426,1,,0.428791008644056,0.23413639399950625,r2apf,6,False,1,0,6,0.3304761904761905,901.0,6,5,15,46,6,20,20,E,5185,0.4142857142857143,True,1.5727393149973068
0,39.80000000000017,398,0,,0.4852000030445336,0.1467218830002821,r2apf,1,False,0,0,1,0.125,423.0,1,1,3,13,1,11,11,E,5186,0.4142857142857143,True,0.9302171509971231
0,35.80000000000004,358,0,,0.41719415678894134,0.1189264770000591,r2apf,0,False,0,0,0,,90.0,0,0,0,1,0,2,2,E,5187,0.4,True,0.12510639900028764
0,36.30000000000011,363,0,,0.4692262229605686,0.13711269400118908,r2apf,0,False,0,0,0,,228.0,0,0,1,4,0,5,5,E,5188,0.4142857142857143,True,0.4202190079995489
0,41.61673916955835,417,1,,0.406110448308094,0.20882714900108112,r2apf,2,False,1,0,2,0.16666666666666666,668.0,2,1,4,31,2,16,16,E,5189,0.5071428571428571,True,1.7780273450007371
0,39.10000000000009,391,0,,0.4290043266632274,0.18688090800060309,r2apf,1,False,0,0,1,0.14285714285714285,308.0,1,1,2,9,1,7,7,E,5190,0.4142857142857143,True,0.6951394669995352
0,37.80000000000001,378,0,,0.4348849873467267,0.1483745329987869,r2apf,1,False,0,0,1,0.2,503.0,1,1,7,20,1,14,14,E,5191,0.4142857142857143,True,1.2708526099977462
0,39.20000000000014,392,0,,0.45215317837458685,0.11913596699923801,r2apf,1,False,0,0,1,0.16666666666666666,613.0,1,1,5,26,1,16,16,E,5192,0.37142857142857144,True,1.2570404000016424
0,63.40699032529157,636,9,,0.40478112573608127,0.33025412100141693,r2apf,20,False,9,0,20,0.3691919191919192,568.0,20,11,10,36,20,23,23,E,5193,0.5071428571428571,True,2.810224216998904
0,38.80000000000012,388,0,,0.4150458265368358,0.16775409799993213,r2apf,0,False,0,0,0,,417.0,0,0,3,9,0,9,9,E,5194,0.4642857142857143,True,0.856374027001948
0,45.47849978129386,456,3,,0.46398803950528666,0.19510622500092722,r2apf,4,False,3,0,4,0.2,514.0,4,1,7,24,4,15,15,E,5195,0.4357142857142857,True,1.2106840369997371
0,37.30000000000017,373,0,,0.46183999387676494,0.13788387599925045,r2apf,0,False,0,0,0,,679.0,0,0,9,40,0,16,16,E,5196,0.38571428571428573,True,1.2326280180004687
0,38.30000000000006,383,0,,0.45982407250050517,0.14974078699924576,r2apf,0,False,0,0,0,,499.0,0,0,6,20,0,13,13,E,5197,0.5357142857142857,True,1.3079468489977444
0,38.80000000000012,388,0,,0.49404164426042146,0.13243419299942616,r2apf,0,False,0,0,0,,476.0,0,0,3,16,0,12,12,E,5198,0.45714285714285713,True,1.0682700309953361
0,39.40000000000011,394,0,,0.438265564882454,0.17165358400052355,r2apf,0,False,0,0,0,,347.0,0,0,2,11,0,8,8,E,5199,0.44285714285714284,True,0.8694221669993567
0,38.80000000000016,388,0,,0.4832755156178491,0.09780094199959422,r2apf,0,False,0,0,0,,185.0,0,0,1,3,0,4,4,E,5200,0.35714285714285715,True,0.23801449100210448
0,38.500000000000064,385,0,,0.48632615304425353,0.14583867200053646,r2apf,0,False,0,0,0,,465.0,0,0,5,20,0,11,11,E,5201,0.42857142857142855,True,1.1742249690032622
0,47.39225928573896,475,3,,0.46702321165290306,0.2015449050013558,r2apf,4,False,3,0,4,0.16666666666666666,538.0,4,1,13,28,4,16,16,E,5202,0.4142857142857143,True,1.4666351589949045
0,39.60000000000023,396,0,,0.43363456092212654,0.14554936200147495,r2apf,0,False,0,0,0,,596.0,0,0,7,14,0,13,13,E,5203,0.44285714285714284,True,1.1935912609969819
0,36.300000000000075,363,0,,0.4972538618037179,0.10510184600025241,r2apf,0,False,0,0,0,,228.0,0,0,3,8,0,5,5,E,5204,0.38571428571428573,True,0.32100808800169034
0,37.30000000000005,373,0,,0.40786765154045596,0.13253087700104516,r2apf,0,False,0,0,0,,452.0,0,0,3,18,0,11,11,E,5205,0.44285714285714284,True,0.9128603730023315
0,42.00000000000017,420,1,,0.43729137947931596,0.20554135400016094,r2apf,4,False,1,0,4,0.2222222222222222,463.0,4,3,4,22,4,12,12,E,5206,0.45,True,1.2192995739987964
0,37.50000000000001,375,0,,0.46652993127612274,0.13483278999956383,r2apf,1,False,0,0,1,0.3333333333333333,436.0,1,1,5,15,1,10,10,E,5207,0.37142857142857144,True,0.8557203349973861
0,41.68373259358291,417,2,,0.43407939661828576,0.1449073200001294,r2apf,2,False,2,0,2,,371.0,2,0,2,10,2,11,11,E,5208,0.40714285714285714,True,0.8545466949963156
0,56.66877640437541,568,6,,0.4960800351998566,0.18540387200118857,r2apf,9,False,6,0,9,0.2962962962962963,552.0,9,3,6,20,9,17,17,E,5209,0.45,True,1.3368498229992838
0,39.50000000000011,395,0,,0.44768089564356034,0.17766342799950507,r2apf,2,False,0,0,2,0.25,257.0,2,2,3,7,2,6,6,E,5210,0.4785714285714286,True,0.5994197569998505
0,38.10000000000012,381,0,,0.4448921574145196,0.11467654000080074,r2apf,0,False,0,0,0,,370.0,0,0,1,11,0,10,10,E,5211,0.37142857142857144,True,0.8257998730005056
0,45.70000000000023,457,2,,0.43173761283443146,0.1994595770011074,r2apf,5,False,2,0,5,0.17777777777777778,581.0,5,3,5,24,5,15,15,E,5212,0.4357142857142857,True,1.610590095000589
0,45.20000000000022,452,1,,0.40826354391869557,0.20208300200101803,r2apf,4,False,1,0,4,0.16666666666666666,909.0,4,3,16,46,4,20,20,E,5213,0.5071428571428571,True,2.036455770008615
0,38.10000000000004,381,0,,0.4747559598129463,0.14763137900081347,r2apf,0,False,0,0,0,,306.0,0,0,3,17,0,7,7,E,5214,0.42142857142857143,True,0.5977416350033309
0,40.800000000000104,408,0,,0.47859264549244085,0.15829339300034917,r2apf,1,False,0,0,1,0.16666666666666666,674.0,1,1,11,23,1,14,14,E,5215,0.42857142857142855,True,1.212591234001593
0,38.300000000000146,383,0,,0.4122495311348951,0.12839402400095423,r2apf,0,False,0,0,0,,519.0,0,0,4,8,0,12,12,E,5216,0.40714285714285714,True,1.0464639670026372
0,40.10000000000002,401,1,,0.4108279510759692,0.21898331699958362,r2apf,3,False,1,0,3,0.16666666666666666,409.0,3,2,3,16,3,12,12,E,5217,0.4857142857142857,True,1.5134516389989585
0,38.69999999999984,387,0,,0.4517877245887815,0.15301363300022786,r2apf,0,False,0,0,0,,468.0,0,0,4,24,0,12,12,E,5218,0.42857142857142855,True,1.372715314002562
0,36.20000000000003,362,0,,0.42086259695246797,0.1103035699998145,r2apf,0,False,0,0,0,,219.0,0,0,2,4,0,5,5,E,5219,0.40714285714285714,True,0.33927158400001645
0,42.00000000000021,420,1,,0.40287616811959487,0.12892619500053115,r2apf,2,False,1,0,2,0.3333333333333333,394.0,2,1,4,16,2,11,11,E,5220,0.40714285714285714,True,0.9299178069995833
0,39.10000000000002,391,0,,0.41602382136759947,0.18584872099927452,r2apf,2,False,0,0,2,0.17142857142857143,496.0,2,2,5,17,2,12,12,E,5221,0.4857142857142857,True,1.4820524550013943
0,44.116739169558244,442,2,,0.41269231775148824,0.1744058699987363,r2apf,4,False,2,0,4,0.22916666666666666,532.0,4,2,7,21,4,13,13,E,5222,0.4357142857142857,True,0.9895086929991521
0,52.967822993912684,531,5,,0.4870365007934943,0.1724551480001537,r2apf,9,False,5,0,9,0.24642857142857139,512.0,9,4,5,16,9,17,17,E,5223,0.42857142857142855,True,1.4841375630021503
0,38.90000000000005,389,0,,0.45498826663274167,0.14335135700093815,r2apf,0,False,0,0,0,,428.0,0,0,2,10,0,10,10,E,5224,0.42857142857142855,True,0.8631619569987379
0,37.40000000000004,374,0,,0.4273169987469514,0.14633115899960103,r2apf,1,False,0,0,1,0.3333333333333333,411.0,1,1,2,12,1,9,9,E,5225,0.4,True,0.7717980099951092
0,38.800000000000004,388,0,,0.45806477708020327,0.15347874500002945,r2apf,3,False,0,0,3,0.24999999999999997,391.0,3,3,0,7,3,8,8,E,5226,0.4,True,0.7894151469990902
0,37.40000000000007,374,0,,0.44830532881894647,0.13835392500004673,r2apf,0,False,0,0,0,,392.0,0,0,3,9,0,10,10,E,5227,0.4,True,0.8864341079988662
0,38.30000000000016,383,0,,0.40077292377655777,0.14239881400135346,r2apf,0,False,0,0,0,,364.0,0,0,2,15,0,9,9,E,5228,0.42142857142857143,True,0.9273359610033367
0,45.016739169558385,451,2,,0.46261720555532126,0.13883559299938497,r2apf,2,False,2,0,2,,504.0,2,0,5,25,2,14,14,E,5229,0.4142857142857143,True,1.0737963699993998
0,40.099999999999966,401,1,,0.43918006376960417,0.19501505099833594,r2apf,3,False,1,0,3,0.26666666666666666,339.0,3,2,5,9,3,9,9,E,5230,0.4357142857142857,True,0.9493058459993335
0,43.40000000000022,434,1,,0.45552401995202924,0.18111965999923996,r2apf,4,False,1,0,4,0.21428571428571427,535.0,4,3,10,46,4,14,14,E,5231,0.4857142857142857,True,1.7449620610022976
0,38.30000000000011,383,0,,0.43799299951252546,0.15160451600058877,r2apf,0,False,0,0,0,,399.0,0,0,0,8,0,8,8,E,5232,0.45,True,0.614317307001329
0,37.70000000000016,377,0,,0.4676444056712394,0.1567335749987251,r2apf,1,False,0,0,1,0.16666666666666666,303.0,1,1,3,10,1,8,8,E,5233,0.39285714285714285,True,0.8806509259957238
0,39.00000000000006,390,0,,0.4221851884730026,0.1387559719987621,r2apf,0,False,0,0,0,,477.0,0,0,8,21,0,12,12,E,5234,0.39285714285714285,True,1.0434969770012685
0,37.900000000000134,379,0,,0.45442020962856117,0.09614346799935447,r2apf,0,False,0,0,0,,399.0,0,0,3,12,0,9,9,E,5235,0.3357142857142857,True,0.4920189169970399
0,39.72613856150223,398,1,,0.4092589431658718,0.15168843699939316,r2apf,1,False,1,0,1,,538.0,1,0,8,26,1,13,13,E,5236,0.42142857142857143,True,1.1713463200012484
0,39.60000000000011,396,0,,0.4227528452669064,0.14613912099957815,r2apf,1,False,0,0,1,0.3333333333333333,599.0,1,1,7,27,1,14,14,E,5237,0.39285714285714285,True,1.2064563000003545
0,38.00000000000006,380,0,,0.48388087446111294,0.13158170499991684,r2apf,0,False,0,0,0,,381.0,0,0,2,17,0,10,10,E,5238,0.42142857142857143,True,0.8553886820009211
0,56.922760363166425,573,7,,0.4469397450337715,0.23752806000084092,r2apf,9,False,7,0,9,0.40476190476190477,552.0,9,2,11,39,9,20,20,E,5239,0.45714285714285713,True,1.925090000995624
0,37.30000000000018,373,0,,0.411964160596871,0.12479325599997537,r2apf,0,False,0,0,0,,469.0,0,0,3,13,0,10,10,E,5240,0.44285714285714284,True,0.6538476530022308
0,37.00000000000008,370,0,,0.48033935465334243,0.11718910100171342,r2apf,0,False,0,0,0,,324.0,0,0,3,9,0,8,8,E,5241,0.37142857142857144,True,0.6751656380019995
0,53.87605199023169,540,6,,0.4619973827531356,0.22043225600100413,r2apf,15,False,6,0,15,0.3125220458553792,367.0,15,9,3,15,15,15,15,E,5242,0.4642857142857143,True,1.4483548360003624
0,38.50000000000012,385,0,,0.48222910928506685,0.1765000309987954,r2apf,3,False,0,0,3,0.2063492063492063,442.0,3,3,8,24,3,11,11,E,5243,0.42857142857142855,True,1.149359409995668
0,46.616146257198594,467,2,,0.48611796664913876,0.18091128099877096,r2apf,6,False,2,0,6,0.32499999999999996,609.0,6,4,5,29,6,15,15,E,5244,0.5,True,1.449700266995933
0,45.76859805391488,458,2,,0.4759990257497578,0.18557025299924135,r2apf,2,False,2,0,2,,531.0,2,0,8,24,2,15,15,E,5245,0.4785714285714286,True,1.3376338220041362
0,36.90000000000004,369,0,,0.4813428637047068,0.1260215980000794,r2apf,0,False,0,0,0,,487.0,0,0,5,13,0,12,12,E,5246,0.4,True,0.9367260620019806
0,39.199999999999996,392,0,,0.40131688228536705,0.139778822000153,r2apf,0,False,0,0,0,,372.0,0,0,3,12,0,8,8,E,5247,0.38571428571428573,True,0.5702744550017087
0,37.49999999999999,375,0,,0.46810199133302605,0.20358544400005485,r2apf,1,False,0,0,1,0.2,373.0,1,1,4,16,1,9,9,E,5248,0.4785714285714286,True,1.0689545600034762
0,50.16351000884816,503,4,,0.4227243314532612,0.18503125100141915,r2apf,6,False,4,0,6,0.25,539.0,6,2,9,22,6,15,15,E,5249,0.5,True,1.0396964619994833
0,36.30000000000017,363,0,,0.4915976937180319,0.15388692199849174,r2apf,1,False,0,0,1,0.14285714285714285,493.0,1,1,3,16,1,11,11,E,5250,0.45,True,0.9809239669975796
0,36.799999999999926,368,0,,0.491458261600613,0.1404772050009342,r2apf,0,False,0,0,0,,413.0,0,0,1,9,0,9,9,E,5251,0.35714285714285715,True,0.7683032110035128
0,39.2000000000001,392,0,,0.4932581661522872,0.17586676300015824,r2apf,0,False,0,0,0,,494.0,0,0,6,24,0,12,12,E,5252,0.4642857142857143,True,1.2001241510042746
0,36.90000000000004,369,0,,0.4745557688912704,0.1519543659996998,r2apf,2,False,0,0,2,0.26666666666666666,382.0,2,2,4,15,2,11,11,E,5253,0.4642857142857143,True,1.0692172679973737
0,47.60000000000019,476,2,,0.4744604396171392,0.17028797500097426,r2apf,2,False,2,0,2,,753.0,2,0,7,31,2,20,20,E,5254,0.44285714285714284,True,1.9376358080025966
0,60.78562719846924,611,8,,0.47883581620371424,0.2363455469985638,r2apf,14,False,8,0,14,0.21746031746031744,334.0,14,6,7,26,14,17,17,E,5255,0.42142857142857143,True,1.3742022600017663
0,37.20000000000015,372,0,,0.40192213104391133,0.12590360499962117,r2apf,0,False,0,0,0,,153.0,0,0,1,2,0,3,3,E,5256,0.35714285714285715,True,0.14630683899849828
0,39.500000000000114,395,0,,0.41864239315837726,0.1438196290000633,r2apf,1,False,0,0,1,0.2,496.0,1,1,3,7,1,11,11,E,5257,0.32142857142857145,True,0.9555853539986856
0,38.700000000000145,387,0,,0.44733680871040465,0.1972988540001097,r2apf,0,False,0,0,0,,497.0,0,0,8,25,0,14,14,E,5258,0.5214285714285715,True,1.999942682998153
0,40.800000000000146,408,0,,0.44688321913924983,0.1657503660007933,r2apf,2,False,0,0,2,0.25,645.0,2,2,9,28,2,15,15,E,5259,0.42142857142857143,True,1.454180415998053
0,48.441268250631666,486,4,,0.4326052793230555,0.20822613800010004,r2apf,8,False,4,0,8,0.2936507936507936,498.0,8,4,10,31,8,17,17,E,5260,0.4928571428571429,True,1.717076648001239
0,38.700000000000124,387,0,,0.4488181176105142,0.13203253500068968,r2apf,1,False,0,0,1,0.3333333333333333,208.0,1,1,5,6,1,6,6,E,5261,0.39285714285714285,True,0.4858961240006465
0,52.99464472309682,531,4,,0.4091380031344711,0.23334068700023636,r2apf,11,False,4,0,11,0.2738095238095238,593.0,11,7,10,27,11,18,18,E,5262,0.5428571428571428,True,2.4092513020004844
0,41.41673916955834,415,1,,0.4044772966178765,0.15240872599861177,r2apf,2,False,1,0,2,0.125,617.0,2,1,0,7,2,16,16,E,5263,0.42857142857142855,True,1.4512804719961423
0,40.50000000000003,405,1,,0.4444127455858007,0.11623260399937863,r2apf,2,False,1,0,2,0.14285714285714285,233.0,2,1,1,6,2,6,6,E,5264,0.3357142857142857,True,0.4269707110033778
0,38.100000000000215,381,0,,0.4618601427152324,0.08347198400042544,r2apf,0,False,0,0,0,,381.0,0,0,1,7,0,7,7,E,5265,0.29285714285714287,True,0.27200818699930096
0,46.300000000000104,463,2,,0.4687336119608367,0.20141094899918244,r2apf,5,False,2,0,5,0.21746031746031746,561.0,5,3,9,17,5,16,16,E,5266,0.4357142857142857,True,2.045837154995752
0,40.200000000000124,402,0,,0.45062537290774174,0.1385579060006421,r2apf,1,False,0,0,1,0.16666666666666666,403.0,1,1,1,12,1,9,9,E,5267,0.42857142857142855,True,0.720989178000309
0,37.50000000000002,375,0,,0.4930475066383377,0.1344440590000886,r2apf,0,False,0,0,0,,403.0,0,0,3,11,0,10,10,E,5268,0.4,True,0.9209092609962681
0,38.100000000000165,381,0,,0.43082722903421855,0.16228391700133216,r2apf,1,False,0,0,1,0.2,441.0,1,1,6,14,1,10,10,E,5269,0.4785714285714286,True,0.9062700510021386
0,43.200000000000244,432,1,,0.417883171197878,0.20773561299938592,r2apf,5,False,1,0,5,0.1964285714285714,671.0,5,4,10,31,5,18,18,E,5270,0.5,True,2.320424050994916
0,36.900000000000134,369,0,,0.4391254656071005,0.15736622700023872,r2apf,0,False,0,0,0,,433.0,0,0,6,12,0,9,9,E,5271,0.4,True,0.9093216129986104
0,41.30000000000018,413,1,,0.47749840693893775,0.16858317399965017,r2apf,2,False,1,0,2,0.2,475.0,2,1,11,32,2,14,14,E,5272,0.45,True,1.4589899509956012
0,37.60000000000009,376,0,,0.4879097499071066,0.1675423699998646,r2apf,0,False,0,0,0,,524.0,0,0,2,20,0,13,13,E,5273,0.5357142857142857,True,1.4933544139948935
0,56.12551802951691,563,5,,0.49672534906869215,0.23148842900081945,r2apf,15,False,5,0,15,0.3001953601953602,763.0,15,10,8,30,15,23,23,E,5274,0.5071428571428571,True,2.7215270180004154
0,42.20000000000015,422,1,,0.4340917211292096,0.16265070899862621,r2apf,2,False,1,0,2,0.16666666666666666,483.0,2,1,6,21,2,13,13,E,5275,0.4714285714285714,True,1.3672657629977039
0,41.00000000000007,410,0,,0.4501199290582197,0.18656529799955024,r2apf,1,False,0,0,1,0.16666666666666666,513.0,1,1,4,16,1,13,13,E,5276,0.5214285714285715,True,1.3722684370004572
0,37.099999999999945,371,0,,0.4009669859676649,0.10668255699965812,r2apf,0,False,0,0,0,,445.0,0,0,2,15,0,10,10,E,5277,0.42142857142857143,True,0.7001693289985269
0,41.40000000000006,414,1,,0.4746476543953227,0.14068003100146598,r2apf,3,False,1,0,3,0.16666666666666666,494.0,3,2,5,28,3,13,13,E,5278,0.4142857142857143,True,1.0503370099977474
0,38.40000000000013,384,0,,0.49378642609827694,0.1373964859994885,r2apf,1,False,0,0,1,0.2,532.0,1,1,4,16,1,11,11,E,5279,0.4142857142857143,True,0.7851873540002998
0,38.60000000000005,386,0,,0.47527755766599694,0.18104061399935745,r2apf,1,False,0,0,1,0.2857142857142857,254.0,1,1,0,4,1,6,6,E,5280,0.4642857142857143,True,0.5982610370010661
0,40.40000000000006,404,0,,0.4457301298776026,0.16756548499870405,r2apf,1,False,0,0,1,0.16666666666666666,543.0,1,1,11,25,1,13,13,E,5281,0.4357142857142857,True,1.2713642759972572
0,37.30000000000013,373,0,,0.4612362925620825,0.13226948400006222,r2apf,0,False,0,0,0,,178.0,0,0,1,5,0,5,5,E,5282,0.38571428571428573,True,0.41468197599715495
0,38.80000000000012,388,0,,0.47638993108985017,0.13283775200034142,r2apf,0,False,0,0,0,,450.0,0,0,4,12,0,10,10,E,5283,0.39285714285714285,True,0.8476012830033142
0,38.9000000000001,389,0,,0.44497993863319335,0.17201058600039687,r2apf,1,False,0,0,1,0.16666666666666666,410.0,1,1,3,16,1,10,10,E,5284,0.4,True,1.0585689180006739
0,41.4167391695584,415,1,,0.4140411768379535,0.1551353510003537,r2apf,2,False,1,0,2,0.3333333333333333,475.0,2,1,2,14,2,12,12,E,5285,0.4642857142857143,True,1.0320029979993706
0,40.20000000000019,402,1,,0.4288725617149847,0.1510556720004388,r2apf,6,False,1,0,6,0.2523809523809524,426.0,6,5,7,14,6,9,9,E,5286,0.35714285714285715,True,0.7101957029972255
0,42.69333636490933,427,2,,0.48903202698356735,0.16279874700012442,r2apf,3,False,2,0,3,0.16666666666666666,421.0,3,1,4,12,3,14,14,E,5287,0.38571428571428573,True,1.3879910009945888
0,38.100000000000044,381,0,,0.40661368186096936,0.1755484700006491,r2apf,1,False,0,0,1,0.3333333333333333,380.0,1,1,6,20,1,11,11,E,5288,0.4642857142857143,True,1.2185478989977128
0,43.430620416450324,435,2,,0.45453697067369664,0.22897537800054124,r2apf,5,False,2,0,5,0.3148148148148148,436.0,5,3,3,10,5,11,11,E,5289,0.42142857142857143,True,1.0770340400013083
0,50.72396775312298,508,4,,0.40427934737914095,0.18428438099908817,r2apf,7,False,4,0,7,0.16666666666666666,788.0,7,3,7,20,7,21,21,E,5290,0.4928571428571429,True,1.9379639249964384
0,40.200000000000195,402,0,,0.42645471612851554,0.13246789299955708,r2apf,0,False,0,0,0,,306.0,0,0,5,20,0,9,9,E,5291,0.39285714285714285,True,0.8661868219987809
0,44.900000000000226,449,2,,0.4296589355265122,0.23632390799866698,r2apf,5,False,2,0,5,0.19841269841269837,771.0,5,3,12,42,5,19,19,E,5292,0.42857142857142855,True,1.824242579003112
0,52.915258375856666,530,4,,0.478659894532441,0.2690718920002837,r2apf,10,False,4,0,10,0.360479797979798,516.0,10,6,10,24,10,16,16,E,5293,0.4142857142857143,True,1.8114290499979688
0,39.50000000000002,395,0,,0.47068562559290955,0.16438330999881146,r2apf,1,False,0,0,1,0.2,240.0,1,1,2,5,1,6,6,E,5294,0.44285714285714284,True,0.6237050469990209
0,55.13914400528127,553,5,,0.48672514778310366,0.3560341709999193,r2apf,15,False,5,0,15,0.3711544011544011,632.0,15,10,18,38,15,20,20,E,5295,0.4357142857142857,True,2.2641174610016606
0,44.38326083044191,444,2,,0.45617224508855125,0.20654768099848297,r2apf,4,False,2,0,4,0.25,440.0,4,2,6,20,4,14,14,E,5296,0.4928571428571429,True,1.8419511779975437
0,36.000000000000036,360,0,,0.45565163449720647,0.10803187300007266,r2apf,0,False,0,0,0,,147.0,0,0,0,2,0,4,4,E,5297,0.39285714285714285,True,0.28265149499929976
0,40.78326083044201,408,1,,0.4942275244185901,0.1903767580006388,r2apf,3,False,1,0,3,0.23809523809523808,502.0,3,2,9,20,3,13,13,E,5298,0.45714285714285713,True,1.4361979480036098
0,49.12666030434407,492,4,,0.44291644907149874,0.22130662400013534,r2apf,10,False,4,0,10,0.22777777777777777,493.0,10,6,12,26,10,15,15,E,5299,0.4357142857142857,True,1.7261657419985568
0,37.400000000000034,374,0,,0.46314304659295913,0.13466673499897297,r2apf,0,False,0,0,0,,325.0,0,0,3,13,0,8,8,E,5300,0.45,True,0.6881169479984237
0,41.20000000000021,412,1,,0.45542345743695667,0.15791370700026164,r2apf,2,False,1,0,2,0.16666666666666666,364.0,2,1,5,13,2,9,9,E,5301,0.4357142857142857,True,0.6779402360007225
0,41.80000000000017,418,1,,0.45049129572488567,0.16779388100076176,r2apf,1,False,1,0,1,,483.0,1,0,9,46,1,12,12,E,5302,0.42142857142857143,True,1.2255418519998784
0,38.30000000000004,383,0,,0.46704785066794435,0.18640599900027155,r2apf,1,False,0,0,1,0.16666666666666666,485.0,1,1,3,18,1,12,12,E,5303,0.44285714285714284,True,1.3784674709986575
0,37.70000000000012,377,0,,0.49718697194204664,0.12484449000112363,r2apf,1,False,0,0,1,0.2,285.0,1,1,1,9,1,7,7,E,5304,0.35,True,0.674395309000829
0,37.000000000000085,370,0,,0.4790532366587383,0.1440584680003667,r2apf,0,False,0,0,0,,379.0,0,0,2,8,0,9,9,E,5305,0.42857142857142855,True,0.729462595003497
0,37.30000000000017,373,0,,0.40476471935581154,0.11682707199906872,r2apf,0,False,0,0,0,,524.0,0,0,8,24,0,12,12,E,5306,0.39285714285714285,True,0.7931941830011056
0,38.400000000000155,384,0,,0.44068355850340635,0.1332081839991588,r2apf,0,False,0,0,0,,429.0,0,0,2,13,0,11,11,E,5307,0.42142857142857143,True,1.0552013699998497
0,38.500000000000114,385,0,,0.46758116594458043,0.11581045300044934,r2apf,0,False,0,0,0,,338.0,0,0,2,13,0,10,10,E,5308,0.38571428571428573,True,0.82640831700337
0,42.60000000000025,426,1,,0.44400516362501063,0.2445950860001176,r2apf,5,False,1,0,5,0.24642857142857144,589.0,5,4,7,12,5,15,15,E,5309,0.4928571428571429,True,1.914816509002776
0,37.90000000000016,379,0,,0.4215063064289633,0.1347871039997699,r2apf,0,False,0,0,0,,329.0,0,0,1,7,0,7,7,E,5310,0.39285714285714285,True,0.4572904600008769
0,38.60000000000013,386,0,,0.43765635406809733,0.16567953699995996,r2apf,1,False,0,0,1,0.14285714285714285,609.0,1,1,8,28,1,16,16,E,5311,0.4142857142857143,True,1.762725643997328
0,37.50000000000005,375,0,,0.483309105168844,0.18816429499929654,r2apf,1,False,0,0,1,0.3333333333333333,460.0,1,1,4,14,1,11,11,E,5312,0.5,True,1.0502665769963642
0,37.900000000000134,379,0,,0.4904745318415169,0.11563641900102084,r2apf,0,False,0,0,0,,359.0,0,0,2,7,0,8,8,E,5313,0.36428571428571427,True,0.5263961120017484
0,37.39999999999999,374,0,,0.4072412543466969,0.15068258700011938,r2apf,0,False,0,0,0,,370.0,0,0,3,16,0,10,10,E,5314,0.45714285714285713,True,0.9909714000004897
0,48.90000000000021,489,2,,0.4449564068802359,0.16519441200034635,r2apf,3,False,2,0,3,0.2857142857142857,605.0,3,1,5,18,3,16,16,E,5315,0.44285714285714284,True,1.472546417000558
0,77.055183971106,777,15,,0.4968024139903949,0.6523600469990924,r2apf,35,False,15,0,35,0.33376984126984127,724.0,35,20,13,37,35,34,34,E,5316,0.5714285714285714,True,5.163453343997389
0,37.10000000000005,371,0,,0.41883830883456763,0.14528620100099943,r2apf,0,False,0,0,0,,380.0,0,0,2,4,0,8,8,E,5317,0.42142857142857143,True,0.6778799789972254
0,56.72029514982193,569,5,,0.4364215845073621,0.2805691770008707,r2apf,13,False,5,0,13,0.32395833333333335,741.0,13,8,9,28,13,22,22,E,5318,0.45714285714285713,True,2.530757884003833
0,69.2562995912901,697,12,,0.40781265143228074,0.3228824739999254,r2apf,30,False,12,0,30,0.41595318261984926,698.0,30,18,7,27,30,28,28,E,5319,0.55,True,3.2156053349990543
0,39.70000000000019,397,0,,0.42621802467618414,0.15028834899931098,r2apf,1,False,0,0,1,0.3333333333333333,433.0,1,1,5,14,1,10,10,E,5320,0.37142857142857144,True,0.904041674999462
0,45.92364044104674,460,2,,0.49145062492533,0.16405376600050658,r2apf,3,False,2,0,3,0.3333333333333333,550.0,3,1,9,20,3,17,17,E,5321,0.4928571428571429,True,1.7604833860023064
0,39.10000000000009,391,0,,0.4787785880573946,0.13281880900103715,r2apf,1,False,0,0,1,0.3333333333333333,347.0,1,1,3,16,1,9,9,E,5322,0.36428571428571427,True,0.699723632002133
0,99.13526202887626,1000,25,max_steps,7.066160115962323,0.6920287040011317,r2apf,36,False,25,0,36,0.4392607392607392,943.0,36,11,14,49,36,43,43,E,5323,0.5571428571428572,False,4.769546094008547
0,39.10000000000009,391,0,,0.4049652989802738,0.1564038909982628,r2apf,2,False,0,0,2,0.3333333333333333,665.0,2,2,12,49,2,17,17,E,5324,0.4142857142857143,True,1.8940659929940011
0,40.20000000000014,402,0,,0.4975942006250757,0.1246038139997836,r2apf,1,False,0,0,1,0.16666666666666666,567.0,1,1,5,21,1,14,14,E,5325,0.40714285714285714,True,1.216923954001686
0,40.500000000000114,405,0,,0.4432225049438403,0.14849696500095888,r2apf,0,False,0,0,0,,512.0,0,0,3,9,0,11,11,E,5326,0.39285714285714285,True,0.9599211360018671
0,61.32707547152375,616,7,,0.4637542648143566,0.2661057909990632,r2apf,22,False,7,0,22,0.3253439153439153,725.0,22,15,18,37,22,22,22,E,5327,0.5142857142857142,True,2.882684527003221
0,38.49999999999997,385,0,,0.4700481965937768,0.1496837909999158,r2apf,1,False,0,0,1,0.16666666666666666,380.0,1,1,2,13,1,8,8,E,5328,0.42857142857142855,True,0.6484609509989241
0,38.60000000000012,386,0,,0.4635044674538691,0.1737814089992753,r2apf,0,False,0,0,0,,441.0,0,0,3,15,0,10,10,E,5329,0.4928571428571429,True,0.8731333039995661
0,37.100000000000165,371,0,,0.4303899651820787,0.13378471299984085,r2apf,0,False,0,0,0,,323.0,0,0,2,11,0,8,8,E,5330,0.37857142857142856,True,0.7309752630008006
0,44.066521660883886,441,2,,0.45657614980784744,0.1651546609991783,r2apf,4,False,2,0,4,0.25,409.0,4,2,3,21,4,14,14,E,5331,0.38571428571428573,True,1.2343577270039532
0,46.731763291740734,468,3,,0.43256502235705774,0.23376925500087964,r2apf,8,False,3,0,8,0.18761904761904763,703.0,8,5,6,37,8,19,19,E,5332,0.4928571428571429,True,2.2247673220026627
0,43.20000000000027,432,1,,0.4420792951142215,0.11937184899943531,r2apf,3,False,1,0,3,0.26666666666666666,373.0,3,2,2,9,3,10,10,E,5333,0.35714285714285715,True,0.6118518649982434
0,38.00000000000004,380,0,,0.49827542568483896,0.15658134600016638,r2apf,2,False,0,0,2,0.23809523809523808,410.0,2,2,5,12,2,10,10,E,5334,0.42857142857142855,True,0.9691913919959916
0,46.553349159013244,466,2,,0.44025394316848043,0.15221053999994183,r2apf,5,False,2,0,5,0.21428571428571427,502.0,5,3,5,16,5,13,13,E,5335,0.39285714285714285,True,1.0669694129937852
0,37.10000000000015,371,0,,0.43551031514718314,0.203353031000006,r2apf,1,False,0,0,1,0.3333333333333333,421.0,1,1,5,19,1,10,10,E,5336,0.4785714285714286,True,1.0617624679980509
0,42.678565163900394,427,1,,0.48580793491945584,0.17962500300018291,r2apf,2,False,1,0,2,0.16666666666666666,865.0,2,1,12,36,2,21,21,E,5337,0.42857142857142855,True,2.451803452004242
0,46.03953299472135,461,3,,0.443082452188189,0.19143990100019437,r2apf,5,False,3,0,5,0.25,346.0,5,2,5,19,5,11,11,E,5338,0.42857142857142855,True,1.0764161040024192
0,37.90000000000016,379,0,,0.48280706587070893,0.1274682830007805,r2apf,0,False,0,0,0,,282.0,0,0,1,2,0,7,7,E,5339,0.39285714285714285,True,0.6159946280004078
0,42.91673916955822,430,1,,0.40925412588824667,0.1667879249998805,r2apf,3,False,1,0,3,0.16666666666666666,650.0,3,2,6,22,3,15,15,E,5340,0.42142857142857143,True,1.1767658359985944
0,43.30000000000015,433,1,,0.43161071832577774,0.16388678700059245,r2apf,3,False,1,0,3,0.2,621.0,3,2,6,35,3,16,16,E,5341,0.42142857142857143,True,1.6359530799945787
0,51.63391335646549,517,3,,0.4303489768851126,0.20249415000034787,r2apf,10,False,3,0,10,0.3361678004535147,453.0,10,7,4,8,10,14,14,E,5342,0.4142857142857143,True,1.4705326650000643
0,36.9000000000001,369,0,,0.41888719619258247,0.09191474399995059,r2apf,0,False,0,0,0,,291.0,0,0,2,10,0,8,8,E,5343,0.32142857142857145,True,0.5469352969994361
0,36.60000000000017,366,0,,0.4374245588403637,0.10913117699965369,r2apf,0,False,0,0,0,,185.0,0,0,1,5,0,4,4,E,5344,0.36428571428571427,True,0.21582022400070855
0,37.80000000000017,378,0,,0.4806742731558116,0.1365828899997723,r2apf,0,False,0,0,0,,436.0,0,0,2,10,0,9,9,E,5345,0.42142857142857143,True,0.6951403319999372
0,41.30000000000019,413,1,,0.4408865196676848,0.14905223000096157,r2apf,1,False,1,0,1,,255.0,1,0,2,4,1,7,7,E,5346,0.42142857142857143,True,0.5443090429998847
0,43.00000000000016,430,1,,0.4384906824905684,0.18114246699951764,r2apf,2,False,1,0,2,0.14285714285714285,587.0,2,1,9,32,2,15,15,E,5347,0.4785714285714286,True,1.4495110209991253
0,37.40000000000006,374,0,,0.48671584940179435,0.14415474300039932,r2apf,1,False,0,0,1,0.3333333333333333,541.0,1,1,3,18,1,12,12,E,5348,0.42857142857142855,True,1.110966557998836
0,38.9000000000001,389,0,,0.45678028078656424,0.18839599100101623,r2apf,1,False,0,0,1,0.3333333333333333,396.0,1,1,5,11,1,11,11,E,5349,0.4714285714285714,True,1.1924394390025554
0,38.60000000000017,386,0,,0.4980588860082475,0.15941852799915068,r2apf,2,False,0,0,2,0.18333333333333335,337.0,2,2,1,5,2,8,8,E,5350,0.39285714285714285,True,0.7180637139972532
0,53.2675050745824,534,5,,0.4499259520739977,0.198478274000081,r2apf,10,False,5,0,10,0.26857142857142857,488.0,10,5,5,17,10,16,16,E,5351,0.44285714285714284,True,1.5883718210006919
0,45.570957074373396,457,3,,0.41303133498682393,0.17498242400142772,r2apf,6,False,3,0,6,0.2650793650793651,498.0,6,3,8,19,6,13,13,E,5352,0.45714285714285713,True,0.9870039480028936
0,49.700000000000294,497,2,,0.45341887382925905,0.2166109760000836,r2apf,8,False,2,0,8,0.2681216931216931,769.0,8,6,10,29,8,21,21,E,5353,0.5071428571428571,True,3.042009673998109
0,44.40000000000023,444,1,,0.4092314850090609,0.22337538700048754,r2apf,5,False,1,0,5,0.30674603174603177,427.0,5,4,8,20,5,11,11,E,5354,0.35,True,0.9668649080031173
0,39.00000000000009,390,0,,0.4220869281614632,0.11276799600091181,r2apf,0,False,0,0,0,,308.0,0,0,2,12,0,9,9,E,5355,0.39285714285714285,True,0.7648784040029568
0,51.72165074596756,518,4,,0.45776030296939724,0.1621927929991216,r2apf,8,False,4,0,8,0.2523809523809524,638.0,8,4,5,17,8,18,18,E,5356,0.4,True,1.41637312900275
0,39.500000000000064,395,0,,0.45244535488665905,0.13607623200005037,r2apf,0,False,0,0,0,,329.0,0,0,2,7,0,9,9,E,5357,0.45,True,0.9015058400018461
0,40.80000000000019,408,0,,0.45017074057620293,0.12864772899956733,r2apf,0,False,0,0,0,,463.0,0,0,4,22,0,12,12,E,5358,0.37857142857142856,True,0.9948738500024774
0,60.88767459958063,612,9,,0.47600670687537755,0.41951736900045944,r2apf,23,False,9,0,23,0.22040816326530613,571.0,23,14,2,20,23,22,22,E,5359,0.5571428571428572,True,3.3116004949970375
0,43.70000000000016,437,1,,0.47636777729736685,0.1772304019996227,r2apf,3,False,1,0,3,0.25,614.0,3,2,5,16,3,16,16,E,5360,0.45,True,1.4513701749965549
0,43.31831320819874,435,2,,0.40010851114078627,0.17790438600059133,r2apf,5,False,2,0,5,0.2222222222222222,444.0,5,3,3,10,5,14,14,E,5361,0.4357142857142857,True,1.2741065840054944
0,37.50000000000014,375,0,,0.45743714892157356,0.16633621499931905,r2apf,1,False,0,0,1,0.16666666666666666,446.0,1,1,1,17,1,10,10,E,5362,0.37857142857142856,True,0.8783681980021356
0,41.90000000000012,419,1,,0.4834784900433758,0.15721175500038953,r2apf,2,False,1,0,2,0.16666666666666666,504.0,2,1,5,17,2,14,14,E,5363,0.4142857142857143,True,1.3602770960023918
0,37.20000000000003,372,0,,0.45363435048545575,0.15862507600104436,r2apf,0,False,0,0,0,,301.0,0,0,7,15,0,8,8,E,5364,0.4785714285714286,True,1.0097176540002692
0,38.40000000000013,384,0,,0.49280626018935375,0.14206754000042565,r2apf,0,False,0,0,0,,421.0,0,0,1,8,0,10,10,E,5365,0.40714285714285714,True,0.8481783099996392
0,44.00000000000021,440,1,,0.44705105969510556,0.18950925299941446,r2apf,3,False,1,0,3,0.23809523809523808,429.0,3,2,8,18,3,13,13,E,5366,0.4857142857142857,True,1.5859782740026276
0,36.10000000000016,361,0,,0.4800130779338521,0.16541253799914557,r2apf,0,False,0,0,0,,336.0,0,0,3,12,0,9,9,E,5367,0.4714285714285714,True,0.9377450079937262
0,38.000000000000135,380,0,,0.4018050172777166,0.14104771299935237,r2apf,0,False,0,0,0,,517.0,0,0,2,12,0,12,12,E,5368,0.42142857142857143,True,0.9233258409967675
0,38.90000000000013,389,0,,0.43227005738383556,0.14256191200001922,r2apf,0,False,0,0,0,,583.0,0,0,2,16,0,14,14,E,5369,0.45,True,1.4449229539968655
0,41.20000000000019,412,1,,0.4784643208660095,0.14068319299985887,r2apf,3,False,1,0,3,0.3333333333333333,505.0,3,2,6,18,3,15,15,E,5370,0.38571428571428573,True,1.1924939879991143
0,45.938440561491014,460,3,,0.42357273631973097,0.18171800800155324,r2apf,5,False,3,0,5,0.23809523809523808,602.0,5,2,7,24,5,17,17,E,5371,0.4642857142857143,True,1.5054893660017115
0,42.20000000000016,422,0,,0.4116078342718856,0.12371139999959269,r2apf,0,False,0,0,0,,596.0,0,0,7,27,0,16,16,E,5372,0.40714285714285714,True,1.2756593080011953
0,40.80000000000024,408,0,,0.493165601995474,0.18885566399876552,r2apf,2,False,0,0,2,0.3333333333333333,649.0,2,2,4,26,2,14,14,E,5373,0.4928571428571429,True,1.5722889620028582
0,70.82844614802717,711,11,,0.4201506892324792,0.30492368600062036,r2apf,25,False,11,0,25,0.29472789115646264,770.0,25,14,16,38,25,28,28,E,5374,0.4785714285714286,True,3.7276000110068708
0,47.40000000000025,474,2,,0.46259976669540254,0.20886819099905551,r2apf,6,False,2,0,6,0.25833333333333336,779.0,6,4,14,39,6,19,19,E,5375,0.4857142857142857,True,1.9527842180013977
0,43.90000000000005,439,2,,0.4133272617949563,0.19461934299943096,r2apf,4,False,2,0,4,0.11805555555555555,426.0,4,2,0,13,4,12,12,E,5376,0.5,True,1.182776580000791
0,62.519877377582574,628,7,,0.4924788094884958,0.34028147399840236,r2apf,26,False,7,0,26,0.32651325282904226,642.0,26,19,8,28,26,21,21,E,5377,0.5928571428571429,True,3.261842580004668
0,43.7000000000001,437,1,,0.43404368010485606,0.1785286829999677,r2apf,3,False,1,0,3,0.15476190476190477,571.0,3,2,4,10,3,14,14,E,5378,0.45,True,1.5026997570003005
0,41.80000000000011,418,1,,0.46122585860292736,0.2232261830013158,r2apf,3,False,1,0,3,0.25,401.0,3,2,2,12,3,11,11,E,5379,0.5071428571428571,True,1.4080439030003618
0,43.5000000000002,435,1,,0.49206233190803716,0.2008039939992159,r2apf,6,False,1,0,6,0.2546031746031746,624.0,6,5,4,16,6,15,15,E,5380,0.4857142857142857,True,1.5950757549981063
0,38.40000000000012,384,0,,0.4115681907091426,0.14460194999992382,r2apf,1,False,0,0,1,0.16666666666666666,228.0,1,1,3,7,1,5,5,E,5381,0.39285714285714285,True,0.37512061900270055
0,39.40000000000009,394,0,,0.4895655118674459,0.16060822200051916,r2apf,1,False,0,0,1,0.2,529.0,1,1,1,21,1,13,13,E,5382,0.4357142857142857,True,1.3570157270005438
0,74.08403398457607,745,13,,0.4953148108876591,0.4777447589985968,r2apf,31,False,13,0,31,0.4480444709611377,750.0,31,18,10,34,31,28,28,E,5383,0.6071428571428571,True,3.7101124939963483
0,37.30000000000005,373,0,,0.45875810659206057,0.17756452200046624,r2apf,0,False,0,0,0,,292.0,0,0,1,10,0,6,6,E,5384,0.4357142857142857,True,0.6217021539978305
0,44.354393452534,444,2,,0.4582590833546093,0.23307676299918967,r2apf,4,False,2,0,4,0.35416666666666663,663.0,4,2,8,28,4,18,18,E,5385,0.4928571428571429,True,2.031251976010026
0,42.90000000000003,429,0,,0.48181302447150287,0.18542443300066225,r2apf,4,False,0,0,4,0.26875,628.0,4,4,7,22,4,14,14,E,5386,0.4357142857142857,True,1.5237873590012896
0,38.80000000000016,388,0,,0.43307582105228865,0.17105367200019828,r2apf,2,False,0,0,2,0.25,392.0,2,2,5,8,2,8,8,E,5387,0.4,True,0.6959375720034586
0,46.82660783726662,470,3,,0.4532589944177836,0.18507614499867486,r2apf,7,False,3,0,7,0.2604166666666667,510.0,7,4,5,14,7,15,15,E,5388,0.5285714285714286,True,1.462981733997367
0,40.56652166088393,406,1,,0.44247286582704115,0.18620740299957106,r2apf,3,False,1,0,3,0.16666666666666666,417.0,3,2,3,9,3,11,11,E,5389,0.45,True,1.0683967609948013
0,45.87046644215189,459,2,,0.4686118062554753,0.18321993700010353,r2apf,4,False,2,0,4,0.2857142857142857,652.0,4,2,9,26,4,17,17,E,5390,0.4714285714285714,True,1.5114821510051115
0,40.10000000000009,401,1,,0.4013991672530806,0.14618654299920308,r2apf,1,False,1,0,1,,441.0,1,0,9,37,1,14,14,E,5391,0.4357142857142857,True,1.2047301669954322
0,36.70000000000011,367,0,,0.44057908428941833,0.14913545899980818,r2apf,1,False,0,0,1,0.2,393.0,1,1,4,18,1,11,11,E,5392,0.4357142857142857,True,1.2079284880001069
0,36.800000000000075,368,0,,0.4087439075559236,0.1383341639993887,r2apf,0,False,0,0,0,,329.0,0,0,2,7,0,8,8,E,5393,0.45,True,0.6896572160003416
0,38.600000000000186,386,0,,0.48437818059109594,0.15191784299895517,r2apf,0,False,0,0,0,,541.0,0,0,9,23,0,13,13,E,5394,0.44285714285714284,True,1.1067433360003633
0,42.40000000000015,424,1,,0.4341965097226896,0.1414247359989531,r2apf,2,False,1,0,2,0.3333333333333333,396.0,2,1,3,13,2,11,11,E,5395,0.4928571428571429,True,1.0930367979963194
0,37.50000000000015,375,0,,0.414371176865718,0.16264607400080422,r2apf,1,False,0,0,1,0.16666666666666666,344.0,1,1,2,8,1,9,9,E,5396,0.4785714285714286,True,1.0133294150000438
0,42.300000000000054,423,1,,0.4233636348642676,0.15477983900018444,r2apf,1,False,1,0,1,,692.0,1,0,10,38,1,19,19,E,5397,0.4357142857142857,True,1.8126626849989407
0,43.23174705863027,433,2,,0.40983094213836885,0.14398840899957577,r2apf,2,False,2,0,2,,486.0,2,0,10,36,2,15,15,E,5398,0.4,True,1.1859175960016728
0,40.40000000000013,404,1,,0.4474978769903427,0.15539978400011023,r2apf,1,False,1,0,1,,540.0,1,0,5,28,1,14,14,E,5399,0.45714285714285713,True,1.1051491759953933
0,36.899999999999984,369,0,,0.41869561623081364,0.1082598480006709,r2apf,0,False,0,0,0,,169.0,0,0,2,5,0,5,5,E,5400,0.37142857142857144,True,0.4142132399992988
0,39.60000000000019,396,0,,0.454712119020097,0.09563585900104954,r2apf,0,False,0,0,0,,419.0,0,0,3,11,0,9,9,E,5401,0.30714285714285716,True,0.6000589989998844
0,46.200000000000244,462,1,,0.44496838445652254,0.21101735299998836,r2apf,5,False,1,0,5,0.15476190476190477,388.0,5,4,5,18,5,10,10,E,5402,0.4714285714285714,True,1.3964130300028046
0,37.80000000000003,378,0,,0.4776565304562787,0.12347253099869704,r2apf,1,False,0,0,1,0.3333333333333333,222.0,1,1,0,1,1,5,5,E,5403,0.32857142857142857,True,0.34225837999838404
0,43.77885874074596,439,2,,0.4949008797616349,0.16800390299977153,r2apf,4,False,2,0,4,0.22619047619047616,477.0,4,2,3,13,4,12,12,E,5404,0.4857142857142857,True,0.8996963179943123
0,39.80000000000008,398,0,,0.49834895059791784,0.1554011989992432,r2apf,0,False,0,0,0,,407.0,0,0,6,10,0,10,10,E,5405,0.45,True,0.918507286998647
0,40.909321690399096,410,2,,0.4668624537240965,0.131897059000039,r2apf,3,False,2,0,3,0.16666666666666666,355.0,3,1,4,15,3,11,11,E,5406,0.36428571428571427,True,0.6629615509991709
0,39.00000000000008,390,0,,0.49985944452807457,0.14288846199997352,r2apf,0,False,0,0,0,,488.0,0,0,6,16,0,13,13,E,5407,0.40714285714285714,True,1.2988115060015843
0,37.50000000000003,375,0,,0.4019129989483903,0.12945405800019216,r2apf,1,False,0,0,1,0.2,430.0,1,1,3,19,1,11,11,E,5408,0.4142857142857143,True,1.1056285740014573
0,39.299999999999805,393,0,,0.41765512510924385,0.1489111690007121,r2apf,0,False,0,0,0,,476.0,0,0,3,19,0,11,11,E,5409,0.45714285714285713,True,1.023680925998633
0,42.800000000000196,428,1,,0.4221118178529227,0.16238166199946136,r2apf,3,False,1,0,3,0.25,536.0,3,2,8,24,3,14,14,E,5410,0.39285714285714285,True,1.3833266660058143
0,60.2813002967175,606,8,,0.4195803938044425,0.23556152600031055,r2apf,12,False,8,0,12,0.25,424.0,12,4,4,11,12,18,18,E,5411,0.4928571428571429,True,1.5763879210007872
0,37.499999999999964,375,0,,0.4580194035625409,0.1364767609993578,r2apf,0,False,0,0,0,,385.0,0,0,6,12,0,9,9,E,5412,0.44285714285714284,True,0.7252980589983054
0,43.71038966884755,438,2,,0.42986024138517465,0.13137364700014587,r2apf,4,False,2,0,4,0.16666666666666666,529.0,4,2,6,30,4,14,14,E,5413,0.39285714285714285,True,1.0293519239985471
0,38.800000000000075,388,0,,0.4366124355767898,0.1412530899997364,r2apf,1,False,0,0,1,0.3333333333333333,286.0,1,1,1,6,1,8,8,E,5414,0.36428571428571427,True,0.7415178129995184
0,37.80000000000004,378,0,,0.48873062883728424,0.15804998400017212,r2apf,0,False,0,0,0,,303.0,0,0,7,16,0,8,8,E,5415,0.4642857142857143,True,0.8829401289967791
0,37.000000000000135,370,0,,0.427486182649275,0.13554960700093943,r2apf,0,False,0,0,0,,408.0,0,0,6,10,0,11,11,E,5416,0.38571428571428573,True,0.8935366770001565
0,38.0000000000001,380,0,,0.46314815009380683,0.148193609998998,r2apf,0,False,0,0,0,,427.0,0,0,3,10,0,9,9,E,5417,0.42142857142857143,True,0.8583798179988662
0,37.399999999999935,374,0,,0.48088258277486956,0.1511443479994341,r2apf,1,False,0,0,1,0.16666666666666666,450.0,1,1,8,15,1,10,10,E,5418,0.42857142857142855,True,0.9354259230058233
0,69.62332596716912,701,11,,0.40558401906690433,0.4632844970001315,r2apf,23,False,11,0,23,0.3282738095238095,614.0,23,12,9,41,23,25,25,E,5419,0.5571428571428572,True,3.1759830419996433
0,37.800000000000175,378,0,,0.4643518846071601,0.14852415499990457,r2apf,0,False,0,0,0,,371.0,0,0,1,12,0,9,9,E,5420,0.4357142857142857,True,0.9454798000024311
0,39.70000000000011,397,0,,0.49611019217599467,0.15071869200073706,r2apf,1,False,0,0,1,0.3333333333333333,690.0,1,1,8,24,1,15,15,E,5421,0.4,True,1.4380374279971875
0,39.00000000000007,390,0,,0.4542519598873426,0.13950346400088165,r2apf,0,False,0,0,0,,627.0,0,0,10,28,0,15,15,E,5422,0.4357142857142857,True,1.3555989919987042
0,36.90000000000009,369,0,,0.41459290780212643,0.13470239200069045,r2apf,0,False,0,0,0,,302.0,0,0,2,9,0,8,8,E,5423,0.4357142857142857,True,0.7846641030009778
0,52.571892171194044,526,4,,0.41099808760432777,0.14152488900072058,r2apf,6,False,4,0,6,0.16666666666666666,567.0,6,2,4,21,6,16,16,E,5424,0.35,True,1.1110181789936178
0,44.300000000000146,443,1,,0.40992116094587694,0.13900829600061115,r2apf,3,False,1,0,3,0.30952380952380953,642.0,3,2,13,35,3,16,16,E,5425,0.42142857142857143,True,1.415351091998673
0,38.40000000000015,384,0,,0.4744394143633216,0.1551378839994868,r2apf,2,False,0,0,2,0.3333333333333333,372.0,2,2,2,12,2,9,9,E,5426,0.4,True,1.0078186339960666
0,42.700000000000145,427,1,,0.41522509417730585,0.1362920480005414,r2apf,3,False,1,0,3,0.16666666666666666,365.0,3,2,5,12,3,10,10,E,5427,0.42142857142857143,True,0.8764759440036869
0,46.89382190020804,469,2,,0.4932688325000122,0.15994869899986952,r2apf,5,False,2,0,5,0.3412698412698412,440.0,5,3,5,15,5,12,12,E,5428,0.4357142857142857,True,1.0277901570007089
0,40.28326083044191,403,1,,0.4517458926744295,0.16034806400057278,r2apf,3,False,1,0,3,0.25,291.0,3,2,2,4,3,8,8,E,5429,0.4857142857142857,True,0.7149116930013406
0,38.700000000000145,387,0,,0.46989547073642535,0.11113340600059018,r2apf,0,False,0,0,0,,342.0,0,0,1,4,0,9,9,E,5430,0.37857142857142856,True,0.6160321090010257
0,36.600000000000136,366,0,,0.45323125919680285,0.12605638900095073,r2apf,0,False,0,0,0,,287.0,0,0,1,5,0,7,7,E,5431,0.36428571428571427,True,0.48385509100080526
0,41.70000000000015,417,1,,0.40791146712429527,0.15141373599908547,r2apf,1,False,1,0,1,,367.0,1,0,5,9,1,10,10,E,5432,0.45714285714285713,True,0.93616560099872
0,37.30000000000019,373,0,,0.4556149227010185,0.11156886099888652,r2apf,0,False,0,0,0,,264.0,0,0,3,9,0,6,6,E,5433,0.35714285714285715,True,0.5192094899994117
0,37.7000000000001,377,0,,0.4440368805787355,0.138309959000253,r2apf,0,False,0,0,0,,396.0,0,0,1,7,0,9,9,E,5434,0.42857142857142855,True,0.6260171849971812
0,40.30000000000013,403,1,,0.46208974654906776,0.15077969000049052,r2apf,2,False,1,0,2,0.3333333333333333,377.0,2,1,4,16,2,11,11,E,5435,0.45714285714285713,True,0.9695382529989729
0,39.900000000000105,399,1,,0.45546244146616016,0.11804371099970012,r2apf,1,False,1,0,1,,356.0,1,0,2,5,1,9,9,E,5436,0.36428571428571427,True,0.5471998169978178
0,42.500000000000256,425,1,,0.4758891070032289,0.1638827320002747,r2apf,2,False,1,0,2,0.16666666666666666,568.0,2,1,4,13,2,13,13,E,5437,0.40714285714285714,True,1.1201859600023454
0,39.800000000000175,398,0,,0.43157963499404983,0.14544824699987657,r2apf,1,False,0,0,1,0.16666666666666666,476.0,1,1,3,16,1,10,10,E,5438,0.38571428571428573,True,0.8915564600010839
0,41.37703987377441,414,1,,0.4036372168837535,0.13720748000014282,r2apf,3,False,1,0,3,0.25,675.0,3,2,7,26,3,15,15,E,5439,0.37142857142857144,True,1.1982228990018484
0,39.10000000000016,391,0,,0.4961067031781847,0.13797125299970503,r2apf,0,False,0,0,0,,503.0,0,0,3,18,0,11,11,E,5440,0.40714285714285714,True,0.8286103259997617
0,45.706975414969925,458,2,,0.4623385754386409,0.200436881999849,r2apf,4,False,2,0,4,0.23809523809523808,298.0,4,2,6,13,4,9,9,E,5441,0.4357142857142857,True,1.0351600579979277
0,38.40000000000005,384,0,,0.4150530013574502,0.14832371100055752,r2apf,1,False,0,0,1,0.14285714285714285,703.0,1,1,6,19,1,17,17,E,5442,0.42142857142857143,True,1.7595454229976895
0,39.00000000000011,390,0,,0.42008152795768333,0.12972735800030932,r2apf,1,False,0,0,1,0.3333333333333333,360.0,1,1,1,3,1,9,9,E,5443,0.4142857142857143,True,0.7896311040003638
0,46.23185152767248,463,2,,0.4641785257161502,0.16061308500138693,r2apf,4,False,2,0,4,0.2708333333333333,483.0,4,2,1,7,4,14,14,E,5444,0.4714285714285714,True,1.2028644900037762
0,37.00000000000011,370,0,,0.41906947139324363,0.16057786300007137,r2apf,0,False,0,0,0,,404.0,0,0,7,15,0,10,10,E,5445,0.45,True,1.0102773559974594
0,36.8,368,0,,0.4557519921074937,0.13199039100072696,r2apf,0,False,0,0,0,,250.0,0,0,0,2,0,5,5,E,5446,0.4357142857142857,True,0.34418005800216633
0,44.772117690543,449,2,,0.44335654721515255,0.1704957319998357,r2apf,4,False,2,0,4,0.20833333333333331,526.0,4,2,14,23,4,16,16,E,5447,0.4785714285714286,True,1.5046377829967241
0,42.20000000000018,422,1,,0.43056788294352755,0.18700841999998374,r2apf,3,False,1,0,3,0.15476190476190477,487.0,3,2,3,14,3,12,12,E,5448,0.45,True,1.2590722610020748
0,67.80381593873496,683,11,,0.47967505246870795,0.4697002499997325,r2apf,23,False,11,0,23,0.40020537454747984,874.0,23,12,11,43,23,31,31,E,5449,0.6214285714285714,True,4.256783370001358
0,43.34748527226302,435,2,,0.4153033734234948,0.12993604199982656,r2apf,4,False,2,0,4,0.25,297.0,4,2,1,7,4,8,8,E,5450,0.39285714285714285,True,0.4921689229995536
0,57.79309872904276,580,7,,0.4995246240789211,0.2575211289986328,r2apf,10,False,7,0,10,0.3148148148148148,791.0,10,3,10,29,10,23,23,E,5451,0.5285714285714286,True,2.6954957250036387
0,39.60000000000015,396,0,,0.43861068262884356,0.16245658600018942,r2apf,3,False,0,0,3,0.21428571428571427,416.0,3,3,1,11,3,10,10,E,5452,0.42857142857142855,True,0.9317488280012185
0,37.8000000000001,378,0,,0.4245988790997211,0.18978138400052558,r2apf,1,False,0,0,1,0.16666666666666666,364.0,1,1,3,8,1,9,9,E,5453,0.4357142857142857,True,0.7956984719985485
0,41.40000000000019,414,1,,0.4566462024637497,0.15789911899992148,r2apf,3,False,1,0,3,0.18333333333333335,411.0,3,2,4,30,3,13,13,E,5454,0.4642857142857143,True,1.4817844749995857
0,37.00000000000007,370,0,,0.4709099788184946,0.1702399929999956,r2apf,1,False,0,0,1,0.2,568.0,1,1,9,24,1,13,13,E,5455,0.45,True,1.3469081690000166
0,38.600000000000094,386,0,,0.4761939673164672,0.13064992900035577,r2apf,1,False,0,0,1,0.3333333333333333,421.0,1,1,4,13,1,11,11,E,5456,0.37857142857142856,True,0.9096833859985054
0,45.71528878739711,458,2,,0.4354094655860045,0.18567935800092528,r2apf,5,False,2,0,5,0.15277777777777776,404.0,5,3,1,6,5,11,11,E,5457,0.4357142857142857,True,0.983898449998378
0,60.740510448507045,610,8,,0.4533520154421323,0.23043929000050412,r2apf,12,False,8,0,12,0.2107142857142857,572.0,12,4,9,22,12,22,22,E,5458,0.5214285714285715,True,2.565121238998472
0,38.40000000000014,384,0,,0.441269357412064,0.12063641699933214,r2apf,1,False,0,0,1,0.14285714285714285,273.0,1,1,4,6,1,7,7,E,5459,0.39285714285714285,True,0.5500203860010515
0,40.70000000000017,407,0,,0.4707943158986439,0.17874534799921094,r2apf,3,False,0,0,3,0.16666666666666666,368.0,3,3,5,12,3,8,8,E,5460,0.44285714285714284,True,0.7465134079975542
0,41.50000000000013,415,1,,0.41192920514797293,0.15910248799991678,r2apf,1,False,1,0,1,,380.0,1,0,2,9,1,11,11,E,5461,0.4642857142857143,True,1.1739502830023412
0,37.099999999999994,371,0,,0.48398101202508625,0.18957193099959113,r2apf,1,False,0,0,1,0.3333333333333333,478.0,1,1,5,16,1,13,13,E,5462,0.45,True,1.4201916229976632
0,44.78981544254804,449,2,,0.4728023032714675,0.16116495499954908,r2apf,3,False,2,0,3,0.3333333333333333,378.0,3,1,1,13,3,11,11,E,5463,0.45,True,1.0450200800005405
0,50.57033945030304,507,3,,0.4339595157437864,0.21851949200026866,r2apf,8,False,3,0,8,0.36666666666666664,692.0,8,5,15,45,8,18,18,E,5464,0.4785714285714286,True,1.6614828730071167
0,39.70000000000008,397,0,,0.4052444739514717,0.20029514700036088,r2apf,2,False,0,0,2,0.22619047619047616,652.0,2,2,5,29,2,15,15,E,5465,0.4714285714285714,True,1.6314497499988647
0,38.20000000000008,382,0,,0.43195617533223835,0.11857074500039744,r2apf,0,False,0,0,0,,445.0,0,0,7,22,0,12,12,E,5466,0.42142857142857143,True,1.084198683996874
0,47.360862438091985,476,4,,0.4061924204750926,0.230714799999987,r2apf,9,False,4,0,9,0.2019047619047619,338.0,9,5,3,18,9,13,13,E,5467,0.5071428571428571,True,1.4711496459985938
0,38.80000000000003,388,0,,0.4464351551754603,0.14200096199965628,r2apf,0,False,0,0,0,,333.0,0,0,3,11,0,8,8,E,5468,0.4642857142857143,True,0.7895374940035254
0,42.400000000000254,424,1,,0.4229472461569349,0.14901974100030202,r2apf,3,False,1,0,3,0.25,448.0,3,2,7,13,3,13,13,E,5469,0.4,True,1.1081264040021779
0,98.41341305961333,995,24,,0.4048088600613678,1.0139044679999643,r2apf,51,False,24,0,51,0.48316892197611155,1184.0,51,27,25,79,51,49,49,E,5470,0.6428571428571429,True,8.321832018003988
0,58.49700329615788,588,7,,0.4008624324191374,0.26100001400118344,r2apf,11,False,7,0,11,0.23958333333333331,536.0,11,4,6,23,11,20,20,E,5471,0.4785714285714286,True,1.9360830260011426
0,37.50000000000009,375,0,,0.4146607563224417,0.1419723469989549,r2apf,0,False,0,0,0,,307.0,0,0,3,9,0,8,8,E,5472,0.40714285714285714,True,0.748320826998679
0,38.60000000000014,386,0,,0.4134514435227106,0.15217879499869014,r2apf,0,False,0,0,0,,321.0,0,0,2,19,0,8,8,E,5473,0.45,True,0.697032173997286
0,46.14775807475106,462,2,,0.4981502945192349,0.13935360399955243,r2apf,3,False,2,0,3,0.16666666666666666,515.0,3,1,7,18,3,14,14,E,5474,0.38571428571428573,True,1.0676220079949417
0,42.50000000000004,425,1,,0.49603918251980633,0.17281875200023933,r2apf,3,False,1,0,3,0.25,595.0,3,2,10,31,3,15,15,E,5475,0.42142857142857143,True,1.4841271060013241
0,39.616739169558244,397,1,,0.4500077048767771,0.13758212300126615,r2apf,2,False,1,0,2,0.16666666666666666,543.0,2,1,4,12,2,14,14,E,5476,0.38571428571428573,True,1.2836055730003864
0,51.82991227578806,520,4,,0.4563695714430614,0.2653305919993727,r2apf,11,False,4,0,11,0.2550453514739229,652.0,11,7,11,41,11,20,20,E,5477,0.45714285714285713,True,2.6321689689993946
0,38.90000000000018,389,0,,0.4654108285507061,0.1427178960002493,r2apf,0,False,0,0,0,,339.0,0,0,4,12,0,8,8,E,5478,0.44285714285714284,True,0.7060865910007124
0,40.200000000000145,402,0,,0.40282706982678534,0.1343391190002876,r2apf,1,False,0,0,1,0.14285714285714285,339.0,1,1,3,8,1,8,8,E,5479,0.38571428571428573,True,0.6089166799974919
0,38.80000000000006,388,0,,0.4979076580120354,0.15003072299987252,r2apf,1,False,0,0,1,0.16666666666666666,321.0,1,1,3,9,1,8,8,E,5480,0.4,True,0.8295117149991711
0,39.5000000000001,395,0,,0.43112806256999825,0.14917875600076513,r2apf,0,False,0,0,0,,588.0,0,0,13,23,0,13,13,E,5481,0.44285714285714284,True,1.126897743999507
0,58.8720737689327,591,6,,0.42767764042106965,0.3431748420007352,r2apf,17,False,6,0,17,0.3111471861471861,678.0,17,11,6,18,17,21,21,E,5482,0.4857142857142857,True,2.32377691900183
0,58.894588191747665,590,7,,0.42040310815718196,0.2128839369997877,r2apf,11,False,7,0,11,0.2583333333333333,569.0,11,4,8,28,11,21,21,E,5483,0.4785714285714286,True,2.0542378699974506
0,45.216739169558366,453,2,,0.44171111358048865,0.19435490199975902,r2apf,2,False,2,0,2,,564.0,2,0,5,27,2,16,16,E,5484,0.5142857142857142,True,1.893857041002775
0,43.50000000000017,435,1,,0.4520262462217149,0.17637948700030393,r2apf,3,False,1,0,3,0.15476190476190477,717.0,3,2,11,45,3,19,19,E,5485,0.4142857142857143,True,2.06005455200102
0,38.40000000000008,384,0,,0.447616479651218,0.14056972500111442,r2apf,0,False,0,0,0,,385.0,0,0,2,9,0,9,9,E,5486,0.4142857142857143,True,0.8690626210009214
0,63.44178368004296,637,8,,0.4622827527187098,0.6967678020009771,r2apf,27,False,8,0,27,0.5363299983289392,781.0,27,19,10,34,27,24,24,E,5487,0.5,True,3.12597326300056
0,37.90000000000011,379,0,,0.46658730160846795,0.1450046169993584,r2apf,1,False,0,0,1,0.16666666666666666,319.0,1,1,2,10,1,8,8,E,5488,0.38571428571428573,True,0.6518703749952692
0,40.00000000000007,400,0,,0.4439793134649733,0.15240664599878073,r2apf,1,False,0,0,1,0.2,457.0,1,1,3,19,1,11,11,E,5489,0.4785714285714286,True,1.0974641590000829
0,38.1000000000001,381,0,,0.44405180652447024,0.15222194700072578,r2apf,0,False,0,0,0,,507.0,0,0,5,14,0,12,12,E,5490,0.44285714285714284,True,1.007787405000272
0,43.10000000000022,431,1,,0.4755582551063014,0.14259457799926167,r2apf,3,False,1,0,3,0.26666666666666666,622.0,3,2,8,27,3,15,15,E,5491,0.38571428571428573,True,1.208698149992415
0,38.80000000000017,388,0,,0.4745156625266257,0.1529612949998409,r2apf,0,False,0,0,0,,423.0,0,0,3,15,0,9,9,E,5492,0.39285714285714285,True,0.7709722190011234
0,56.95132087808728,571,6,,0.49623086150102547,0.29304993500045384,r2apf,13,False,6,0,13,0.2568027210884353,586.0,13,7,11,31,13,18,18,E,5493,0.42142857142857143,True,1.6189884670002357
0,46.57236379916747,466,2,,0.4870997748137797,0.24414631099898543,r2apf,7,False,2,0,7,0.19857142857142857,544.0,7,5,6,21,7,14,14,E,5494,0.5071428571428571,True,1.8143810849996953
0,52.043881519986435,522,5,,0.4501170748339076,0.23253699199995026,r2apf,11,False,5,0,11,0.23333333333333336,399.0,11,6,3,13,11,15,15,E,5495,0.5,True,1.7183649640010117
0,38.30000000000008,383,0,,0.4039144136781912,0.13910861200020008,r2apf,0,False,0,0,0,,391.0,0,0,3,15,0,9,9,E,5496,0.4,True,0.7669779450025089
0,47.32570532307625,474,2,,0.4027160183755479,0.29987195700050506,r2apf,8,False,2,0,8,0.28518518518518515,525.0,8,6,6,20,8,15,15,E,5497,0.4785714285714286,True,2.0415057010013697
0,44.379846382132285,445,2,,0.41966975766319703,0.17532205099996645,r2apf,4,False,2,0,4,0.25,488.0,4,2,11,19,4,13,13,E,5498,0.45714285714285713,True,1.079828826001176
0,38.50000000000002,385,0,,0.47856732724528833,0.14447842400113586,r2apf,0,False,0,0,0,,349.0,0,0,3,9,0,8,8,E,5499,0.4142857142857143,True,0.7832362120007019
