collision_count,executed_path_length,execution_steps,failed_planner_calls,failure_reason,final_goal_distance,maximum_planning_time_s,planner,planner_backtrack_failed,planner_backtrack_tries,planner_blocked_steps,planner_collision_checks,planner_first_solution_cost,planner_first_solution_sample,planner_max_active_virtual_obstacles,planner_nodes,planner_path_cost,planner_planning_effort,planner_samples,planner_virtual_obstacles_created,planning_calls,replans,scenario,seed,sensed_obstacle_ratio,success,total_planning_time_s
0,39.300000000000026,393,0,,0.4336832314967754,0.5214563400077168,rrt_star,False,0,0,5507,11.910467578699398,294,0,791,11.763363203789469,0.0,894,0,8,8,A,5000,0.4625,True,2.225061708013527
0,38.700000000000166,387,0,,0.4902028302955727,0.3397242350038141,rrt_star,False,0,0,4183,10.88644525627646,147,0,640,10.810193078534818,0.0,747,0,7,7,A,5001,0.3375,True,1.250940038007684
0,45.700000000000216,457,0,,0.48646675261795813,0.9001692250021733,rrt_star,False,0,0,9715,18.70251365513063,797,0,1150,18.619795818214094,0.0,1397,0,9,9,A,5002,0.5125,True,4.1218822869996075
0,41.30000000000018,413,0,,0.476841561760876,0.7071502860053442,rrt_star,False,0,0,6922,12.337983369175388,486,0,940,11.784517497945306,0.0,1086,0,7,7,A,5003,0.5125,True,2.945773096027551
0,44.900000000000276,449,0,,0.4485331989379829,0.5603501180012245,rrt_star,False,0,0,4751,11.792151296427999,209,0,704,11.589615322247443,0.0,810,0,9,9,A,5004,0.55,True,2.6662137449602596
0,41.80000000000017,418,0,,0.46850027715608306,0.5013830129755661,rrt_star,False,0,0,4996,15.708602973242385,256,0,749,15.68333689948744,0.0,856,0,7,7,A,5005,0.475,True,1.75030086300103
0,43.50000000000016,435,0,,0.4092013963914112,0.6106276100035757,rrt_star,False,0,0,4742,8.81536277756332,205,0,686,8.724031025732463,0.0,805,0,14,14,A,5006,0.5375,True,5.007787406939315
0,39.70000000000008,397,0,,0.40265744243484286,0.40680301800603047,rrt_star,False,0,0,5733,20.40044187209335,313,0,826,20.228245812413046,0.0,914,0,6,6,A,5007,0.45,True,1.4743762790167239
0,39.50000000000002,395,0,,0.44847972362589894,0.4155082759971265,rrt_star,False,0,0,5260,10.967898068664505,292,0,743,10.961427635063588,0.0,892,0,7,7,A,5008,0.3375,True,1.7699307919829153
0,39.79999999999994,398,0,,0.4465444559145155,0.5246963289973792,rrt_star,False,0,0,5758,11.593642444330804,341,0,828,11.566080106837624,0.0,941,0,6,6,A,5009,0.4125,True,1.5074057769670617
0,39.900000000000134,399,0,,0.44378389479878283,0.4844517959863879,rrt_star,False,0,0,6245,15.160926076353263,398,0,893,15.063756125324346,0.0,998,0,5,5,A,5010,0.3625,True,1.1094343540025875
0,39.200000000000095,392,0,,0.453848244835075,0.5006721919926349,rrt_star,False,0,0,4913,11.011583927027871,246,0,736,10.862222420769745,0.0,846,0,7,7,A,5011,0.4625,True,1.955015545943752
0,51.40000000000022,514,0,,0.4389445266378765,0.575788369984366,rrt_star,False,0,0,7849,25.94868001872589,577,0,1015,25.88930801996473,0.0,1178,0,13,13,A,5012,0.4625,True,3.2857704969646875
0,40.10000000000003,401,0,,0.4254818890375869,0.4017041320039425,rrt_star,False,0,0,4681,14.445780697040496,234,0,712,14.436226936523665,0.0,834,0,7,7,A,5013,0.4625,True,1.406888239987893
0,36.900000000000084,369,0,,0.4879002115453264,0.405708242993569,rrt_star,False,0,0,4648,13.551703996921505,207,0,694,13.504298994593194,0.0,807,0,5,5,A,5014,0.45,True,1.1483089880202897
0,41.10000000000008,411,0,,0.4213707043241296,0.3319189670146443,rrt_star,False,0,0,5132,19.96107335187699,283,0,768,19.64654735108703,0.0,883,0,6,6,A,5015,0.4,True,1.281439943035366
0,39.90000000000003,399,0,,0.48220021959492615,0.4641868250037078,rrt_star,False,0,0,6100,20.79354956685668,354,0,858,20.412239590977315,0.0,954,0,6,6,A,5016,0.45,True,1.504002765956102
0,40.30000000000013,403,0,,0.44368784694714264,0.4517860099731479,rrt_star,False,0,0,5403,20.979067703993287,287,0,777,20.490446772012206,0.0,888,0,7,7,A,5017,0.5375,True,1.8214719819952734
0,41.20000000000016,412,0,,0.48112518153920963,0.47911631999886595,rrt_star,False,0,0,4916,10.194587855121023,231,0,734,10.194587855121023,0.0,831,0,5,5,A,5018,0.425,True,1.0281609969970305
0,44.200000000000195,442,0,,0.4240193662634828,0.741661567997653,rrt_star,False,0,0,5943,10.873641932872726,329,0,801,10.835439963033128,0.0,929,0,13,13,A,5019,0.6125,True,5.397957854962442
0,43.9000000000002,439,0,,0.4076088755939241,0.492731175996596,rrt_star,False,0,0,4895,14.411703053068607,245,0,738,14.162052748166786,0.0,845,0,11,11,A,5020,0.475,True,3.3218787050282117
0,45.600000000000186,456,0,,0.4618509031487916,0.46831498498795554,rrt_star,False,0,0,5054,9.759459310555018,266,0,746,9.662989010605067,0.0,866,0,9,9,A,5021,0.4125,True,2.29140015001758
0,38.70000000000019,387,0,,0.4638529171688531,0.38982260299962945,rrt_star,False,0,0,4364,11.996636226590793,163,0,668,11.996636226590793,0.0,763,0,7,7,A,5022,0.4625,True,1.637874645035481
0,37.60000000000008,376,0,,0.47553483505049343,0.5136909220018424,rrt_star,False,0,0,5684,12.3309853693787,291,0,811,12.30283310984296,0.0,891,0,4,4,A,5023,0.4375,True,1.1189164700044785
0,37.50000000000006,375,0,,0.42124034264557836,0.4892719769850373,rrt_star,False,0,0,5526,14.785395976331035,277,0,778,14.774550959006527,0.0,877,0,5,5,A,5024,0.475,True,1.548043301969301
0,37.30000000000009,373,0,,0.41507425371960305,0.5531700300052762,rrt_star,False,0,0,5247,10.134157185784721,257,0,785,10.129668158148997,0.0,857,0,11,11,A,5025,0.475,True,4.173785980121465
0,40.60000000000008,406,0,,0.4925709850695089,0.37883951599360444,rrt_star,False,0,0,4398,13.839739699477432,239,0,649,13.811940199982532,0.0,839,0,8,8,A,5026,0.4125,True,1.471469315001741
0,39.30000000000014,393,0,,0.45198162838240546,0.42464890898554586,rrt_star,False,0,0,5079,13.042002823802793,243,0,750,12.874068428492924,0.0,843,0,6,6,A,5027,0.4375,True,1.4780699869734235
0,37.30000000000004,373,0,,0.4377070824465318,0.5087022799998522,rrt_star,False,0,0,5515,11.42701039971411,321,0,793,11.15488298384965,0.0,921,0,6,6,A,5028,0.4,True,1.4721752949990332
0,42.10000000000025,421,0,,0.47879354231112353,0.5354339899786282,rrt_star,False,0,0,4116,9.070352504888133,236,0,588,9.0016162715065,0.0,836,0,13,13,A,5029,0.575,True,4.430107130960096
0,39.50000000000012,395,0,,0.487879731458434,0.3928552680008579,rrt_star,False,0,0,6464,23.208545310860437,361,0,913,23.097011083024036,0.0,962,0,4,4,A,5030,0.5,True,1.1271842720161658
0,41.70000000000017,417,0,,0.459953351755911,0.5007874389993958,rrt_star,False,0,0,6051,19.889580317485077,335,0,861,19.873387167308515,0.0,935,0,9,9,A,5031,0.4625,True,2.8498259219923057
0,52.50000000000021,525,0,,0.4819899187392018,0.6467058700218331,rrt_star,False,0,0,6487,16.023108527264995,425,0,899,15.897139636234298,0.0,1025,0,14,14,A,5032,0.5625,True,5.531681649008533
0,39.49999999999997,395,0,,0.4656972338348917,0.48546252999221906,rrt_star,False,0,0,5465,14.44792395507118,335,0,808,13.922979538338925,0.0,935,0,9,9,A,5033,0.4375,True,2.0128115989791695
0,40.000000000000284,400,0,,0.4314034153073275,0.32560219400329515,rrt_star,False,0,0,5515,21.07277444006161,297,0,798,20.85070688681328,0.0,897,0,4,4,A,5034,0.4375,True,0.8925863740150817
0,38.200000000000195,382,0,,0.49498533397838096,0.6279680689913221,rrt_star,False,0,0,6022,9.222540959190637,354,0,834,9.204393503916034,0.0,954,0,5,5,A,5035,0.475,True,1.4313292690203525
0,40.70000000000011,407,0,,0.4015462420905065,0.5045660840114579,rrt_star,False,0,0,5138,14.592970952413493,325,0,700,14.210305963209724,0.0,925,0,11,11,A,5036,0.5125,True,3.0079639050527476
0,41.70000000000006,417,0,,0.4975393769824381,0.523666194989346,rrt_star,False,0,0,4599,8.007297687363774,217,0,696,7.999324808877304,0.0,817,0,11,11,A,5037,0.4875,True,3.3734926939359866
0,37.70000000000008,377,0,,0.49303490414039824,0.38635101300315,rrt_star,False,0,0,5307,18.83837152301583,295,0,786,17.91582060589853,0.0,895,0,7,7,A,5038,0.3875,True,1.4459319169982336
0,44.7000000000002,447,0,,0.4088155340302962,0.8523897410195787,rrt_star,False,0,0,8501,18.017624561329715,661,0,1067,15.906061250439791,0.0,1261,0,8,8,A,5039,0.5125,True,2.5840650370228104
0,40.500000000000114,405,0,,0.4864913254506609,0.5286495090113021,rrt_star,False,0,0,5041,10.784921917696737,256,0,743,10.300710153936901,0.0,856,0,10,10,A,5040,0.475,True,3.0887913100013975
0,46.300000000000246,463,0,,0.48168064095802315,0.4571702510002069,rrt_star,False,0,0,6676,23.06809565360286,435,0,913,22.947165768879064,0.0,1035,0,6,6,A,5041,0.375,True,1.4732453990436625
0,41.100000000000115,411,0,,0.46464051862069444,0.5820268700190354,rrt_star,False,0,0,5729,10.112882053539522,348,0,816,10.076215443181672,0.0,948,0,7,7,A,5042,0.4625,True,2.1340999779931735
0,39.70000000000018,397,0,,0.48161974614527325,0.47571513600996695,rrt_star,False,0,0,5264,16.631991060063665,315,0,786,16.32184160711517,0.0,915,0,10,10,A,5043,0.5,True,2.8540898019855376
0,38.90000000000009,389,0,,0.4112934342338291,0.5472308449971024,rrt_star,False,0,0,5422,12.626169561778232,318,0,785,12.551410557753218,0.0,918,0,7,7,A,5044,0.4875,True,2.5265239820000716
0,51.00000000000028,510,0,,0.46155173073248007,0.6460021889943164,rrt_star,False,0,0,5484,9.69319517682859,330,0,802,9.684810573422528,0.0,931,0,10,10,A,5045,0.55,True,4.534415466041537
0,43.900000000000134,439,0,,0.4440552480187309,0.44742505298927426,rrt_star,False,0,0,5204,18.16269416094276,265,0,773,18.08293609401108,0.0,865,0,6,6,A,5046,0.4625,True,1.573577213974204
0,38.100000000000186,381,0,,0.49816899443671064,0.4170848639914766,rrt_star,False,0,0,4155,8.514802041409316,153,0,644,8.514802041409316,0.0,753,0,8,8,A,5047,0.4375,True,1.9552470660128165
0,38.70000000000007,387,0,,0.4968201356560193,0.5132271039765328,rrt_star,False,0,0,5718,14.616290189028796,341,0,834,14.616290189028796,0.0,941,0,9,9,A,5048,0.525,True,2.6356950560293626
0,50.4000000000002,504,0,,0.46783818448430214,0.5816877640027087,rrt_star,False,0,0,5837,21.578409024004024,368,0,842,21.225070620430493,0.0,968,0,11,11,A,5049,0.5375,True,3.401064741949085
0,51.20000000000035,512,0,,0.48888847453724904,0.9061070870084222,rrt_star,False,0,0,7346,16.782958148994695,605,0,970,16.665446923285756,0.0,1205,0,17,17,A,5050,0.6375,True,9.40405373700196
0,43.40000000000018,434,0,,0.45203437229978727,0.4806624019984156,rrt_star,False,0,0,6620,18.857924390472565,402,0,891,18.794307531804154,0.0,1002,0,9,9,A,5051,0.4125,True,2.792234592983732
0,38.60000000000011,386,0,,0.4823051675215494,0.416786546993535,rrt_star,False,0,0,5996,13.103346249137832,302,0,842,13.09924242250274,0.0,902,0,5,5,A,5052,0.3375,True,1.087225536990445
0,45.20000000000022,452,0,,0.404318047810451,0.7607116879953537,rrt_star,False,0,0,7323,16.15372570584908,514,0,982,16.0372852530531,0.0,1114,0,11,11,A,5053,0.525,True,4.336119550978765
0,39.000000000000156,390,0,,0.4602648052608713,0.4498249769967515,rrt_star,False,0,0,5900,16.60155200995555,293,0,821,16.584742631090666,0.0,893,0,7,7,A,5054,0.4375,True,1.7462974350200966
0,41.70000000000022,417,0,,0.4563965978497277,0.5562060170050245,rrt_star,False,0,0,6200,17.38083576825235,350,0,848,16.968058225939423,0.0,950,0,7,7,A,5055,0.45,True,2.007870316039771
0,38.29999999999999,383,0,,0.4973324903619963,0.43882856698473915,rrt_star,False,0,0,6005,15.20123662526145,356,0,858,15.109067849639956,0.0,956,0,6,6,A,5056,0.3625,True,1.4350678589835297
0,39.700000000000095,397,0,,0.47181372211653877,0.5234625029843301,rrt_star,False,0,0,4907,10.519432622409669,234,0,715,10.485757000844744,0.0,835,0,9,9,A,5057,0.4625,True,2.4746858019789215
0,50.500000000000284,505,0,,0.4454806185764191,0.42704768999828957,rrt_star,False,0,0,7152,25.569826373885597,406,0,939,25.569348329933657,0.0,1006,0,4,4,A,5058,0.3625,True,1.1078292970196344
0,44.40000000000005,444,0,,0.425069980944837,0.42911021001054905,rrt_star,False,0,0,4662,14.59397011087904,339,0,689,14.542461486420018,0.0,940,0,6,6,A,5059,0.4375,True,1.1710747739998624
0,46.400000000000254,464,0,,0.42999213898438815,0.6331399299961049,rrt_star,False,0,0,4136,9.534608734713878,158,0,631,9.534608734713878,0.0,759,0,13,13,A,5060,0.5375,True,4.443755821965169
0,37.800000000000075,378,0,,0.42697126335294694,0.37236977799329907,rrt_star,False,0,0,4793,12.188983263316356,197,0,715,12.043144642992397,0.0,797,0,8,8,A,5061,0.3625,True,1.836206149077043
0,39.10000000000015,391,0,,0.49937477540873015,0.5833751060126815,rrt_star,False,0,0,5663,12.160097762787974,292,0,800,11.805349015499946,0.0,893,0,13,13,A,5062,0.525,True,4.536576866987161
0,38.60000000000008,386,0,,0.417616900288429,0.36692660898552276,rrt_star,False,0,0,4961,12.800154256027989,239,0,744,12.754838708193788,0.0,839,0,6,6,A,5063,0.3375,True,1.3314956730173435
0,44.10000000000017,441,0,,0.40898460215361543,0.6572083419887349,rrt_star,False,0,0,4966,13.631969710891854,217,0,733,13.35558212078861,0.0,817,0,12,12,A,5064,0.4625,True,3.9029539299663156
0,40.70000000000018,407,0,,0.4616234743246643,0.36600953500601463,rrt_star,False,0,0,4888,19.926962596347053,221,0,736,19.408244907170218,0.0,821,0,10,10,A,5065,0.4625,True,2.414762123080436
0,38.30000000000007,383,0,,0.4759172279036317,0.44948112199199386,rrt_star,False,0,0,5132,12.843867238836754,263,0,747,12.70075579867708,0.0,863,0,7,7,A,5066,0.4625,True,1.8369809449941386
0,35.80000000000009,358,0,,0.4743651244873667,0.4421475499984808,rrt_star,False,0,0,5146,12.01253272557105,221,0,747,11.88419866366496,0.0,821,0,7,7,A,5067,0.45,True,1.870990464987699
0,52.700000000000216,527,0,,0.4391977483718157,0.9016783669940196,rrt_star,False,0,0,7093,13.031818340910224,496,0,934,12.971284003984533,0.0,1096,0,11,11,A,5068,0.65,True,4.2706744249444455
0,43.70000000000019,437,0,,0.41939086158941874,0.5052306949801277,rrt_star,False,0,0,4144,9.133245845359756,123,0,643,9.133245845359756,0.0,725,0,6,6,A,5069,0.45,True,1.8990664879675023
0,52.7000000000003,527,0,,0.4506804869754884,0.9431526719999965,rrt_star,False,0,0,5681,22.994108871289257,367,0,828,20.916795243144506,0.0,967,0,9,9,A,5070,0.625,True,3.9406460439495277
0,40.300000000000104,403,0,,0.468376984799192,0.416494920005789,rrt_star,False,0,0,5047,12.90573259097007,253,0,757,12.788279389498731,0.0,853,0,8,8,A,5071,0.4625,True,1.8425153969437815
0,39.000000000000085,390,0,,0.434818523608038,0.4868861790164374,rrt_star,False,0,0,5280,14.676634759166127,255,0,781,14.27318753319291,0.0,855,0,10,10,A,5072,0.475,True,2.5193101270124316
0,40.20000000000014,402,0,,0.42717423227159107,0.6381115250114817,rrt_star,False,0,0,4924,12.385916520294845,288,0,707,12.379914723142404,0.0,888,0,9,9,A,5073,0.5375,True,3.5166525809909217
0,41.80000000000018,418,0,,0.46002865625941,0.6393053560168482,rrt_star,False,0,0,6690,18.02636646627232,497,0,895,17.444665646129323,0.0,1097,0,7,7,A,5074,0.5,True,3.002686560037546
0,39.000000000000114,390,0,,0.4700380630197846,0.48705814097775146,rrt_star,False,0,0,5263,16.133358352394325,275,0,751,15.990289746073014,0.0,875,0,7,7,A,5075,0.5,True,2.0827077839931007
0,36.49999999999999,365,0,,0.41845389406638567,0.5563087160116993,rrt_star,False,0,0,6003,15.931217520247838,410,0,849,15.852328185876603,0.0,1011,0,8,8,A,5076,0.4375,True,1.9908170100534335
0,39.30000000000009,393,0,,0.4848129814596613,0.3551675420021638,rrt_star,False,0,0,6086,12.30081134144446,366,0,846,12.300811341444458,0.0,966,0,7,7,A,5077,0.2875,True,1.3152887640171684
0,41.10000000000015,411,0,,0.48335636316138736,0.3600317009841092,rrt_star,False,0,0,6134,18.450014189729416,305,0,834,18.329262081492278,0.0,905,0,10,10,A,5078,0.325,True,2.076125292980578
0,38.40000000000016,384,0,,0.46638604588202465,0.5020547730091494,rrt_star,False,0,0,4080,10.080142127109562,228,0,572,10.080142127109562,0.0,828,0,11,11,A,5079,0.5,True,3.624870445986744
0,49.80000000000027,498,0,,0.4127089724528098,0.442323708004551,rrt_star,False,0,0,4042,9.516777857799015,202,0,623,9.516777857799015,0.0,802,0,10,10,A,5080,0.5,True,2.9607566240010783
0,47.800000000000274,478,0,,0.4399932453034268,0.6840252479887567,rrt_star,False,0,0,8490,21.194708808074747,680,0,1071,20.39979716729248,0.0,1280,0,8,8,A,5081,0.525,True,2.2138208909891546
0,39.900000000000134,399,0,,0.4012350268083445,0.44223237299593166,rrt_star,False,0,0,5756,20.416802925183227,362,0,813,20.36101911147294,0.0,962,0,6,6,A,5082,0.4375,True,1.609007601015037
0,39.300000000000125,393,0,,0.4611691690399362,0.4101435769989621,rrt_star,False,0,0,4806,12.256820855767938,230,0,710,12.198643819279086,0.0,830,0,6,6,A,5083,0.375,True,0.9448893420048989
0,48.200000000000166,482,0,,0.4954237610051135,0.6322766710072756,rrt_star,False,0,0,6580,18.22629690997683,419,0,899,18.224712612267176,0.0,1019,0,9,9,A,5084,0.5125,True,3.2627113310154527
0,43.10000000000018,431,0,,0.4559267045701235,0.6631841140042525,rrt_star,False,0,0,6254,15.768654144068218,430,0,839,15.108937846690484,0.0,1030,0,9,9,A,5085,0.5375,True,3.35091595799895
0,44.00000000000015,440,0,,0.41788587757200724,0.8010316590080038,rrt_star,False,0,0,4510,12.454295779407245,205,0,675,12.041834101114835,0.0,805,0,16,16,A,5086,0.55,True,6.014369207958225
0,40.100000000000044,401,0,,0.405902714344701,0.4661766850040294,rrt_star,False,0,0,5764,10.881070577817512,328,0,834,10.835929379309805,0.0,928,0,9,9,A,5087,0.3625,True,2.5770195470249746
0,42.20000000000023,422,0,,0.42109262435260214,0.6740857340046205,rrt_star,False,0,0,6516,11.357724333107244,395,0,888,11.263595709179608,0.0,996,0,12,12,A,5088,0.4875,True,4.881188464001752
0,41.1000000000001,411,0,,0.4575344007065179,0.3884671700070612,rrt_star,False,0,0,6249,20.41145305998376,341,0,882,19.899016991074262,0.0,941,0,11,11,A,5089,0.4375,True,2.307136729999911
0,39.00000000000009,390,0,,0.40919887228787705,0.46016274401335977,rrt_star,False,0,0,5238,15.62772014812079,231,0,771,15.626525948004899,0.0,831,0,5,5,A,5090,0.475,True,1.2340952270606067
0,41.20000000000005,412,0,,0.4972399394730407,0.4618535659974441,rrt_star,False,0,0,5272,18.464158145328057,302,0,788,18.462631896247856,0.0,902,0,7,7,A,5091,0.55,True,1.802494701987598
0,41.90000000000025,419,0,,0.4895600364049857,0.5093700370052829,rrt_star,False,0,0,5469,12.808496586100611,315,0,749,12.71057062567336,0.0,915,0,11,11,A,5092,0.475,True,3.126379049004754
0,46.10000000000021,461,0,,0.43756820070938407,0.6887552799889818,rrt_star,False,0,0,7153,9.878128356586346,458,0,951,9.646306003902442,0.0,1058,0,10,10,A,5093,0.475,True,2.9928754959837534
0,39.39999999999996,394,0,,0.4106531672267715,0.4178383540129289,rrt_star,False,0,0,4586,11.00232964223083,193,0,680,10.82825461751242,0.0,793,0,8,8,A,5094,0.425,True,2.260925279057119
0,38.500000000000114,385,0,,0.4324949600650048,0.1823551720008254,rrt_star,False,0,0,6052,22.746776828903453,321,0,858,22.663544152029267,0.0,921,0,5,5,A,5095,0.35,True,0.640833887970075
0,38.80000000000012,388,0,,0.4609843364855746,0.5843140470096841,rrt_star,False,0,0,5450,12.210337045573727,258,0,774,12.180785784258429,0.0,858,0,9,9,A,5096,0.5625,True,2.6233938990044408
0,37.300000000000175,373,0,,0.4044102744499308,0.5912722229841165,rrt_star,False,0,0,5759,16.787764271242146,349,0,830,16.356690614445554,0.0,949,0,5,5,A,5097,0.45,True,1.4999364340037573
0,37.900000000000055,379,0,,0.43628646293368273,0.6134555090102367,rrt_star,False,0,0,6348,10.022534567416207,440,0,872,9.96151642348108,0.0,1040,0,8,8,A,5098,0.45,True,2.157095658010803
0,40.80000000000016,408,0,,0.4624726301150221,0.38768071398953907,rrt_star,False,0,0,7340,20.14175359969938,455,0,997,20.093055954531085,0.0,1055,0,5,5,A,5099,0.4,True,1.139214817987522
0,42.4000000000001,424,0,,0.45530069400072615,0.594490860006772,rrt_star,False,0,0,5262,16.360569034783012,331,0,762,16.185953319714272,0.0,931,0,14,14,A,5100,0.5375,True,4.365198072919156
0,39.500000000000085,395,0,,0.45448905390611616,0.5300147790112533,rrt_star,False,0,0,5331,12.203283262881238,279,0,774,11.904141299438905,0.0,879,0,6,6,A,5101,0.5,True,1.3627301820088178
0,38.40000000000008,384,0,,0.46414033031250723,0.5148768879880663,rrt_star,False,0,0,4905,9.300319661379334,224,0,739,9.166350068401332,0.0,825,0,6,6,A,5102,0.375,True,1.7284839670173824
0,39.20000000000014,392,0,,0.4381569571952533,0.48137828600010835,rrt_star,False,0,0,4324,9.817593146220345,182,0,622,9.750256875215653,0.0,782,0,6,6,A,5103,0.5,True,1.6496088960266206
0,36.90000000000001,369,0,,0.4706129476750621,0.2759412000013981,rrt_star,False,0,0,5921,22.461580737625017,272,0,842,22.396973802946647,0.0,872,0,5,5,A,5104,0.475,True,0.7098124279873446
0,40.60000000000021,406,0,,0.47661558334190973,0.4908960000029765,rrt_star,False,0,0,4880,10.814313986258512,243,0,748,10.61524074271378,0.0,843,0,6,6,A,5105,0.45,True,1.404045720002614
0,37.700000000000145,377,0,,0.41572746829560797,0.24177298898575827,rrt_star,False,0,0,7697,29.227149092019125,476,0,1007,29.050150981274093,0.0,1076,0,3,3,A,5106,0.45,True,0.434148517990252
0,38.10000000000011,381,0,,0.4604272257623121,0.4042059260245878,rrt_star,False,0,0,4366,11.6883307858549,222,0,663,11.67947523496489,0.0,823,0,7,7,A,5107,0.4,True,1.781480584089877
0,42.80000000000013,428,0,,0.45278145133055087,0.42930573897319846,rrt_star,False,0,0,8405,17.493066158128865,603,0,1051,17.422153636890425,0.0,1204,0,5,5,A,5108,0.2875,True,1.3201620519685093
0,50.80000000000027,508,0,,0.4416411494416635,0.6209505049919244,rrt_star,False,0,0,5287,13.424845645350208,272,0,743,13.358929609658283,0.0,872,0,12,12,A,5109,0.575,True,3.3776268070796505
0,37.800000000000146,378,0,,0.41862369635813146,0.4109543520025909,rrt_star,False,0,0,4361,11.743908528856707,158,0,670,11.626915038033705,0.0,758,0,6,6,A,5110,0.45,True,1.4504232140316162
0,44.000000000000114,440,0,,0.41807093866344325,0.5299575740064029,rrt_star,False,0,0,5875,12.411182267153052,406,0,846,12.094576945462057,0.0,1007,0,9,9,A,5111,0.4125,True,2.1956182119611185
0,39.200000000000166,392,0,,0.4881018411307791,0.2944260690128431,rrt_star,False,0,0,5668,27.670742685632376,328,0,798,27.627605185871978,0.0,928,0,5,5,A,5112,0.5125,True,0.9607875420188066
0,38.40000000000002,384,0,,0.4732704147539296,0.45251299400115386,rrt_star,False,0,0,4679,8.618118972186977,180,0,699,8.585878286725205,0.0,780,0,5,5,A,5113,0.4375,True,1.2278430039878003
0,43.70000000000025,437,0,,0.4937819922873765,0.5869022830156609,rrt_star,False,0,0,6649,13.219731842939101,487,0,901,13.12888837341923,0.0,1087,0,5,5,A,5114,0.45,True,1.7117814209777862
0,36.500000000000036,365,0,,0.4730568766569961,0.5379057209938765,rrt_star,False,0,0,5000,11.203741946449743,221,0,741,11.18346721900241,0.0,821,0,7,7,A,5115,0.5125,True,2.1227890090085566
0,38.60000000000014,386,0,,0.4822075942139195,0.5408493080176413,rrt_star,False,0,0,5276,10.349405556220015,263,0,729,10.126231820284744,0.0,863,0,10,10,A,5116,0.5,True,2.671659427956911
0,38.000000000000114,380,0,,0.4445982524479597,0.5959549229883123,rrt_star,False,0,0,5817,10.662788218022678,387,0,799,9.273627054058835,0.0,987,0,11,11,A,5117,0.4625,True,3.695518823020393
0,38.1000000000001,381,0,,0.464102433663793,0.34923901900765486,rrt_star,False,0,0,5714,16.431727093531,288,0,813,16.235687677349617,0.0,888,0,6,6,A,5118,0.3125,True,1.3173885309952311
0,39.400000000000034,394,0,,0.4074660223330744,0.38898441498167813,rrt_star,False,0,0,6088,16.087102838198653,318,0,852,15.921767601788563,0.0,919,0,3,3,A,5119,0.3375,True,0.5706343059719075
0,41.700000000000124,417,0,,0.48960965519404154,0.45096180398832075,rrt_star,False,0,0,6282,22.02622544897386,378,0,861,21.86829358511357,0.0,978,0,6,6,A,5120,0.5375,True,1.6886175099643879
0,37.70000000000006,377,0,,0.47877155371394325,0.19815368100535125,rrt_star,False,0,0,5691,23.941372984713418,278,0,831,23.803370798840533,0.0,878,0,5,5,A,5121,0.3625,True,0.6661815969855525
0,45.70000000000029,457,0,,0.46204596102143997,0.581571921997238,rrt_star,False,0,0,7640,12.174046067967717,553,0,1001,12.174046067967717,0.0,1153,0,10,10,A,5122,0.3875,True,2.714807368989568
0,41.700000000000166,417,0,,0.48892097496240644,0.5211022139992565,rrt_star,False,0,0,6239,25.52389653138006,361,0,872,25.41039980058534,0.0,961,0,9,9,A,5123,0.475,True,2.802654901955975
0,45.4000000000002,454,0,,0.44176069058828243,0.791329907020554,rrt_star,False,0,0,8242,15.530046191533469,629,0,1032,14.883403861716317,0.0,1229,0,13,13,A,5124,0.5,True,3.8855531679000705
0,40.90000000000015,409,0,,0.48241694042986205,0.3641283889883198,rrt_star,False,0,0,5804,21.465965995646126,317,0,817,21.334461958030133,0.0,917,0,5,5,A,5125,0.475,True,1.113792352960445
0,39.20000000000019,392,0,,0.42930797476552623,0.262563015014166,rrt_star,False,0,0,4996,18.774878189702083,235,0,750,18.743275664376682,0.0,835,0,4,4,A,5126,0.3875,True,0.5644596919883043
0,52.10000000000037,521,0,,0.47726456450966936,0.581990260980092,rrt_star,False,0,0,5448,12.620690058431725,319,0,788,12.300615114898118,0.0,919,0,13,13,A,5127,0.5125,True,4.459672592958668
0,41.60000000000011,416,0,,0.4651411398145283,0.5345051329932176,rrt_star,False,0,0,4813,9.637192588951347,204,0,681,9.572876341418837,0.0,804,0,9,9,A,5128,0.5375,True,2.9291384449752513
0,43.20000000000007,432,0,,0.4905865536206794,0.6143755099910777,rrt_star,False,0,0,5596,11.297165328539021,333,0,797,11.215765263649484,0.0,933,0,12,12,A,5129,0.5,True,4.5281746159889735
0,48.10000000000013,481,0,,0.42796562397397164,0.6490430429985281,rrt_star,False,0,0,5404,10.143516388127146,328,0,772,10.143516388127146,0.0,928,0,11,11,A,5130,0.5625,True,3.8060384709679056
0,43.00000000000023,430,0,,0.48147813660064354,0.6079487640236039,rrt_star,False,0,0,5117,12.228226023027114,285,0,729,12.094880489646219,0.0,885,0,9,9,A,5131,0.55,True,2.679813138965983
0,38.800000000000104,388,0,,0.4923777891703218,0.5192187240172643,rrt_star,False,0,0,5771,14.518446780171677,338,0,835,14.31922260598332,0.0,938,0,9,9,A,5132,0.4375,True,2.7133385819906835
0,41.80000000000013,418,0,,0.45122970130401174,0.6869883110048249,rrt_star,False,0,0,4980,11.115055583676961,245,0,740,10.8585755132574,0.0,845,0,12,12,A,5133,0.5,True,4.509573994029779
0,40.200000000000195,402,0,,0.4653211713271695,0.3006028429954313,rrt_star,False,0,0,6906,28.040009661883925,408,0,941,27.41976973477457,0.0,1008,0,2,2,A,5134,0.4625,True,0.364879390981514
0,44.10000000000023,441,0,,0.4028089252393386,0.5105518030177336,rrt_star,False,0,0,4830,11.053030557097305,229,0,723,11.053030557097305,0.0,829,0,8,8,A,5135,0.475,True,2.1609070869744755
0,38.5,385,0,,0.433098308663311,0.41480848597711883,rrt_star,False,0,0,5374,14.01012574515324,264,0,795,13.538851095959018,0.0,864,0,6,6,A,5136,0.4125,True,1.377504239033442
0,40.90000000000013,409,0,,0.48349395391494937,0.45893382298527285,rrt_star,False,0,0,4851,11.190448442624263,219,0,715,11.190448442624263,0.0,819,0,10,10,A,5137,0.4125,True,3.187613245943794
0,43.80000000000008,438,0,,0.406275337504863,0.6537036979862023,rrt_star,False,0,0,5584,10.514846951254963,298,0,802,10.514846951254963,0.0,898,0,9,9,A,5138,0.575,True,3.683700986963231
0,44.80000000000024,448,0,,0.4117370680833971,0.5552420720050577,rrt_star,False,0,0,4883,7.935501385349465,228,0,735,7.914684258385077,0.0,828,0,11,11,A,5139,0.5,True,3.616886531963246
0,40.1000000000001,401,0,,0.42569887111530896,0.5651364680088591,rrt_star,False,0,0,5720,10.27172544866919,311,0,809,10.163213922861203,0.0,911,0,9,9,A,5140,0.475,True,3.051788834942272
0,46.90000000000023,469,0,,0.4712497570437983,0.4246024739986751,rrt_star,False,0,0,4767,12.797771080464951,208,0,705,12.18538190555251,0.0,808,0,10,10,A,5141,0.425,True,2.2509315029892605
0,41.20000000000016,412,0,,0.47674961781695896,0.5203072149888612,rrt_star,False,0,0,5384,11.130931709525672,295,0,783,10.990914531612477,0.0,895,0,8,8,A,5142,0.475,True,2.8064457780274097
0,40.70000000000015,407,0,,0.4875638338745318,0.5160363230097573,rrt_star,False,0,0,4915,11.236686826519705,327,0,726,11.22173856722181,0.0,927,0,8,8,A,5143,0.475,True,2.9267728950071614
0,41.300000000000054,413,0,,0.40748020552949965,0.6454225420020521,rrt_star,False,0,0,6468,14.60095465393558,402,0,879,14.537884674601992,0.0,1002,0,9,9,A,5144,0.575,True,3.7493707909598015
0,38.10000000000011,381,0,,0.46306754719904875,0.5171709679998457,rrt_star,False,0,0,5800,13.52271501823765,303,0,804,13.39465611314547,0.0,903,0,7,7,A,5145,0.425,True,1.9957498500298243
0,36.300000000000125,363,0,,0.43022457398938957,0.39585386801627465,rrt_star,False,0,0,5601,13.67480983950056,326,0,814,13.555230298866684,0.0,926,0,8,8,A,5146,0.375,True,2.2388606630265713
0,38.00000000000018,380,0,,0.45328964649294956,0.5237008059921209,rrt_star,False,0,0,4934,13.974734540527901,229,0,718,13.867312873582833,0.0,829,0,11,11,A,5147,0.5125,True,2.726741219026735
0,37.70000000000013,377,0,,0.41971317607241104,0.4892911129863933,rrt_star,False,0,0,4409,10.533189950885355,245,0,645,10.524535287856796,0.0,845,0,10,10,A,5148,0.525,True,2.76633581292117
0,38.30000000000016,383,0,,0.41330037111090767,0.5816732779785525,rrt_star,False,0,0,4973,12.395571829520861,268,0,755,12.125810856703849,0.0,868,0,12,12,A,5149,0.575,True,3.8825221379229333
0,47.9000000000002,479,0,,0.4013748451946418,0.5913334090146236,rrt_star,False,0,0,5237,14.479873651511658,302,0,737,14.32319328689887,0.0,902,0,13,13,A,5150,0.525,True,5.324586029077182
0,39.60000000000008,396,0,,0.4232054321557745,0.5305165449972264,rrt_star,False,0,0,5704,12.229538414462654,371,0,807,12.141636596297568,0.0,971,0,6,6,A,5151,0.475,True,1.9523257590190042
0,40.10000000000016,401,0,,0.4812213892480078,0.6735231119964737,rrt_star,False,0,0,7098,11.436696055149941,484,0,936,10.774567812405884,0.0,1084,0,9,9,A,5152,0.4375,True,2.9966389070032164
0,40.10000000000006,401,0,,0.4987952534318433,0.4177671700017527,rrt_star,False,0,0,4917,16.52241573113347,283,0,739,16.33618603207165,0.0,883,0,6,6,A,5153,0.5125,True,1.4394388880755287
0,38.8000000000002,388,0,,0.4806840184491041,0.45754290200420655,rrt_star,False,0,0,5482,14.493180366352064,304,0,787,14.493180366352064,0.0,904,0,7,7,A,5154,0.4625,True,1.8079796609818004
0,45.10000000000019,451,0,,0.46337546147328995,0.48779029599973,rrt_star,False,0,0,4967,14.68735100849761,220,0,734,14.585103991032225,0.0,820,0,8,8,A,5155,0.475,True,1.8729903399944305
0,40.000000000000156,400,0,,0.4047233851228169,0.5683071840030607,rrt_star,False,0,0,6325,13.23480281742014,379,0,880,13.013324460636541,0.0,980,0,6,6,A,5156,0.45,True,1.4218308659619652
0,46.400000000000304,464,1,,0.4489038592712797,0.5383911899989471,rrt_star,False,1,0,7386,13.512915808522981,487,0,997,13.373547306433915,0.0,1087,0,10,10,A,5157,0.3375,True,2.8688393920019735
0,40.5000000000002,405,0,,0.4764660363159882,0.507083208009135,rrt_star,False,0,0,4562,14.132173394331831,207,0,694,13.990175928603103,0.0,807,0,11,11,A,5158,0.6,True,3.304114794911584
0,38.6,386,0,,0.40763356771997505,0.43936625399510376,rrt_star,False,0,0,4909,13.541451483867274,287,0,712,13.319538343869397,0.0,887,0,6,6,A,5159,0.45,True,1.413822040980449
0,39.600000000000065,396,0,,0.48336156929717033,0.4280824849847704,rrt_star,False,0,0,4782,11.18650799457275,208,0,738,11.18650799457275,0.0,808,0,5,5,A,5160,0.4125,True,1.0265970349719282
0,41.30000000000013,413,0,,0.4987162676257646,0.5182385389925912,rrt_star,False,0,0,5249,10.405109693394365,310,0,750,10.23420957289755,0.0,910,0,10,10,A,5161,0.45,True,2.47723538603168
0,45.40000000000016,454,0,,0.44096726960776295,0.5556987659947481,rrt_star,False,0,0,5814,11.566189977002908,317,0,833,11.556099979407753,0.0,917,0,11,11,A,5162,0.475,True,3.8169912110024597
0,40.400000000000205,404,0,,0.4706842575602996,0.5338796589931007,rrt_star,False,0,0,4869,11.822394875667339,242,0,726,11.682318535472445,0.0,842,0,8,8,A,5163,0.5125,True,2.2465852860186715
0,36.30000000000008,363,0,,0.42231561084354546,0.3966634019743651,rrt_star,False,0,0,5769,17.31202237096113,299,0,836,17.227374335300862,0.0,899,0,5,5,A,5164,0.325,True,1.3041599239513744
0,40.500000000000185,405,0,,0.4743995594000252,0.4121069480024744,rrt_star,False,0,0,5158,16.05674220111456,278,0,739,15.734121431955971,0.0,878,0,10,10,A,5165,0.45,True,2.486636989051476
0,42.900000000000155,429,0,,0.4467976813231161,0.5644984969985671,rrt_star,False,0,0,4835,12.345316373756784,285,0,695,12.264473086188676,0.0,885,0,10,10,A,5166,0.5375,True,3.1372816219809465
0,57.40000000000034,574,0,,0.4431593630231546,0.4692990299954545,rrt_star,False,0,0,5548,20.725260760993557,401,0,768,20.399995621238638,0.0,1001,0,5,5,A,5167,0.575,True,1.3304879809729755
0,40.800000000000146,408,0,,0.41617636203240727,0.5717287799925543,rrt_star,False,0,0,4854,10.316966754085872,290,0,710,10.316966754085872,0.0,890,0,7,7,A,5168,0.5125,True,2.8875847110175528
0,38.300000000000104,383,0,,0.45021545780180205,0.35064154901192524,rrt_star,False,0,0,5652,20.530374000000837,330,0,795,20.467985381311912,0.0,930,0,6,6,A,5169,0.4,True,1.4684249680722132
0,39.800000000000196,398,0,,0.4805665045762624,0.5456117590074427,rrt_star,False,0,0,5449,13.629296325077798,282,0,793,13.390484889504156,0.0,882,0,9,9,A,5170,0.475,True,2.464630687056342
0,47.3000000000003,473,0,,0.46430428576153554,0.5722876630024984,rrt_star,False,0,0,5443,12.348951706890887,274,0,798,12.262947377999296,0.0,874,0,10,10,A,5171,0.4875,True,3.490742952999426
0,38.80000000000003,388,0,,0.44108905967265366,0.5042200080060866,rrt_star,False,0,0,4487,10.854025523623942,202,0,688,10.853408618820666,0.0,802,0,6,6,A,5172,0.5125,True,1.516530511988094
0,41.700000000000266,417,0,,0.47215360867883477,0.8049472179845907,rrt_star,False,0,0,5106,9.484117193332306,299,0,753,9.484117193332306,0.0,899,0,11,11,A,5173,0.525,True,4.109892109001521
0,44.6000000000003,446,0,,0.43245635150453504,0.4391200960089918,rrt_star,False,0,0,6121,18.67950142523739,396,0,848,18.453696026939134,0.0,996,0,5,5,A,5174,0.3625,True,1.098779911029851
0,41.100000000000215,411,0,,0.44363829440666075,0.5048159579746425,rrt_star,False,0,0,5188,9.045430348105283,263,0,750,9.045430348105283,0.0,863,0,7,7,A,5175,0.4625,True,1.895643751049647
0,41.40000000000025,414,0,,0.4319947493422979,0.7633402060018852,rrt_star,False,0,0,7707,13.603784885495596,563,0,967,13.315705245017721,0.0,1163,0,9,9,A,5176,0.4875,True,2.8019391079433262
0,39.100000000000165,391,0,,0.44705895435253296,0.3466819350142032,rrt_star,False,0,0,5409,14.60426766049642,282,0,768,14.573245434056593,0.0,882,0,6,6,A,5177,0.325,True,1.1349146630382165
0,37.80000000000015,378,0,,0.46409430016572295,0.37541711298399605,rrt_star,False,0,0,3987,9.124745295820164,164,0,593,9.071737923256418,0.0,764,0,7,7,A,5178,0.4125,True,1.4922999349946622
0,37.900000000000134,379,0,,0.49393020675487775,0.2999377549858764,rrt_star,False,0,0,6190,23.659863509565447,326,0,850,23.505699906846473,0.0,926,0,8,8,A,5179,0.3875,True,1.3450255149509758
0,39.70000000000018,397,0,,0.44451803059578715,0.3597408740024548,rrt_star,False,0,0,5127,19.399462749611335,265,0,751,19.26948441985938,0.0,865,0,7,7,A,5180,0.4875,True,1.3405670449719764
0,38.300000000000146,383,0,,0.44136404827456593,0.40712770499521866,rrt_star,False,0,0,5011,11.721676726915,220,0,745,11.578454644713622,0.0,820,0,10,10,A,5181,0.375,True,2.563922614994226
0,61.400000000000354,614,1,,0.4425613146379852,0.716568008007016,rrt_star,False,1,0,4889,12.996442894988354,273,0,713,12.863348289985549,0.0,873,0,14,14,A,5182,0.6875,True,6.476410879055038
0,41.30000000000021,413,0,,0.4033575490357682,0.295076289010467,rrt_star,False,0,0,5923,30.182744650440476,404,0,834,30.17154826294513,0.0,1004,0,7,7,A,5183,0.4625,True,1.362117363983998
0,48.400000000000304,484,0,,0.4602007362848608,0.6514838129805867,rrt_star,False,0,0,7322,20.23955039241706,589,0,949,19.65544460165639,0.0,1189,0,9,9,A,5184,0.4125,True,2.7799282379855867
0,45.70000000000034,457,0,,0.45444888378457615,0.6956660290015861,rrt_star,False,0,0,5586,10.145302365211899,329,0,786,10.069488568705037,0.0,929,0,11,11,A,5185,0.5875,True,4.739477416995214
0,43.70000000000008,437,0,,0.4541134437004168,0.4351303250005003,rrt_star,False,0,0,4668,19.403289057552634,272,0,693,19.373918127063938,0.0,872,0,9,9,A,5186,0.425,True,2.737269362027291
0,37.80000000000014,378,0,,0.4867207025967092,0.4626510180241894,rrt_star,False,0,0,5385,11.107367251754113,359,0,799,11.091689262539324,0.0,959,0,8,8,A,5187,0.4,True,2.4167780930001754
0,38.10000000000011,381,0,,0.4736741191130533,0.40704001698759384,rrt_star,False,0,0,3865,15.282766363989653,187,0,620,15.280785643563888,0.0,788,0,7,7,A,5188,0.45,True,2.0373428470047656
0,41.90000000000017,419,0,,0.43931658248596467,0.5040759119729046,rrt_star,False,0,0,6251,18.1056086300092,321,0,851,17.37227764253524,0.0,921,0,10,10,A,5189,0.4625,True,3.523452691937564
0,40.70000000000018,407,0,,0.46880862448705485,0.36001536998082884,rrt_star,False,0,0,5806,18.211066927592913,291,0,824,18.097810627830633,0.0,891,0,7,7,A,5190,0.35,True,1.5822039720369503
0,47.30000000000015,473,0,,0.44989123013494386,0.496755928004859,rrt_star,False,0,0,5164,20.060547740635723,318,0,727,19.932282185646795,0.0,919,0,8,8,A,5191,0.5875,True,2.2022897169808857
0,51.100000000000264,511,0,,0.4951025577492934,0.49508529098238796,rrt_star,False,0,0,4356,12.134993377384815,169,0,631,12.000821942738256,0.0,769,0,8,8,A,5192,0.525,True,2.5416083349555265
0,44.30000000000023,443,0,,0.4286457729601277,0.6903745289891958,rrt_star,False,0,0,7597,18.472812515081536,523,0,1014,16.77888408858206,0.0,1123,0,8,8,A,5193,0.4625,True,2.6897129030548967
0,43.10000000000014,431,0,,0.4476183462872633,0.48238245700486004,rrt_star,False,0,0,5063,10.35003913549379,266,0,750,10.35003913549379,0.0,866,0,6,6,A,5194,0.4375,True,1.9245383209781721
0,52.500000000000426,525,0,,0.42917099322079943,0.6553212500002701,rrt_star,False,0,0,6549,15.769872352840142,436,0,868,15.755671994384429,0.0,1037,0,15,15,A,5195,0.5125,True,6.631903010071255
0,37.20000000000018,372,0,,0.4029004195619506,0.4479260479856748,rrt_star,False,0,0,4829,13.166912056466325,254,0,722,12.936798592052432,0.0,854,0,7,7,A,5196,0.45,True,2.1631185619917233
0,62.10000000000051,621,0,,0.4159633485632613,1.1732968690048438,rrt_star,False,0,0,5869,12.651589152164167,399,0,836,12.445977304533983,0.0,999,0,10,10,A,5197,0.55,True,4.640591454983223
0,42.80000000000019,428,0,,0.4370749255301431,0.4133858229906764,rrt_star,False,0,0,6584,23.579338896468766,381,0,890,23.07143098861237,0.0,981,0,5,5,A,5198,0.5125,True,1.4682404719933402
0,42.40000000000016,424,0,,0.46580854857798737,0.5454597059870139,rrt_star,False,0,0,4944,13.171832215831726,278,0,687,13.17100379204272,0.0,879,0,13,13,A,5199,0.4875,True,3.404921707959147
0,41.80000000000016,418,0,,0.4286692998530616,0.3870751259964891,rrt_star,False,0,0,5683,19.693649184831276,305,0,798,19.661808458167688,0.0,905,0,10,10,A,5200,0.4,True,2.458499889995437
0,49.20000000000024,492,0,,0.49678062805968837,0.6818369329848792,rrt_star,False,0,0,6347,15.940245575230577,510,0,822,15.849533340315572,0.0,1111,0,14,14,A,5201,0.575,True,4.917758399969898
0,38.70000000000007,387,0,,0.4640714163156082,0.43238928902428597,rrt_star,False,0,0,6134,17.659750064318388,331,0,858,17.082310428063025,0.0,931,0,6,6,A,5202,0.3625,True,1.3200186740723439
0,39.10000000000014,391,0,,0.4231433807549544,0.5576604019734077,rrt_star,False,0,0,6329,14.464565714607101,381,0,885,14.436841045695996,0.0,981,0,6,6,A,5203,0.45,True,1.9669877529959194
0,39.000000000000135,390,0,,0.4062048716823831,0.3801646860083565,rrt_star,False,0,0,5743,21.50076502785414,324,0,808,21.33476585609432,0.0,925,0,4,4,A,5204,0.45,True,0.6740325179998763
0,39.40000000000001,394,0,,0.4920575694751001,0.5582742340047844,rrt_star,False,0,0,6030,14.098719516824112,358,0,846,13.945449153875668,0.0,958,0,9,9,A,5205,0.475,True,3.0970655809505843
0,39.30000000000009,393,0,,0.4027016499205454,0.5433610990003217,rrt_star,False,0,0,6270,17.524874077538975,394,0,872,17.351450531039198,0.0,994,0,6,6,A,5206,0.4625,True,1.8907180210226215
0,43.90000000000011,439,0,,0.4397539199999775,0.4449884239875246,rrt_star,False,0,0,6346,24.33879019256735,388,0,895,24.186244259511042,0.0,988,0,8,8,A,5207,0.4625,True,1.5712642810249235
0,35.39999999999996,354,0,,0.4348029781390975,0.493558029003907,rrt_star,False,0,0,5791,11.756836279573708,329,0,803,11.756836279573708,0.0,929,0,7,7,A,5208,0.4,True,2.1441737600252964
0,38.900000000000155,389,0,,0.46483053947396347,0.6495540250034537,rrt_star,False,0,0,5810,10.280325892109774,342,0,812,10.280325892109774,0.0,942,0,6,6,A,5209,0.55,True,1.932941817009123
0,39.20000000000019,392,0,,0.48421669218563357,0.44409913700656034,rrt_star,False,0,0,6306,15.619658071039922,393,0,868,15.608738826287572,0.0,993,0,5,5,A,5210,0.45,True,1.1735004850197583
0,38.8000000000001,388,0,,0.40147079209284137,0.3962855690042488,rrt_star,False,0,0,4679,10.212387529914363,228,0,686,10.212387529914363,0.0,828,0,6,6,A,5211,0.3875,True,1.27850283603766
0,37.900000000000034,379,0,,0.4745245306366147,0.3543204620073084,rrt_star,False,0,0,6361,24.468166923258337,372,0,875,23.416155907743843,0.0,972,0,8,8,A,5212,0.45,True,1.4955472480214667
0,39.800000000000146,398,0,,0.4881693618154684,0.40523336999467574,rrt_star,False,0,0,4774,15.749424005527535,200,0,701,15.704732053429298,0.0,800,0,7,7,A,5213,0.4625,True,1.4592875779781025
0,45.000000000000135,450,0,,0.42452224052727877,0.6804763569962233,rrt_star,False,0,0,4616,10.707815465849647,213,0,696,10.64336043792048,0.0,813,0,10,10,A,5214,0.5,True,4.11107507001725
0,44.30000000000014,443,0,,0.4808682070915393,0.5567529319960158,rrt_star,False,0,0,4970,12.160874293218109,241,0,736,11.88817607847512,0.0,841,0,10,10,A,5215,0.5625,True,2.8387814070738386
0,41.1000000000001,411,0,,0.4752985528838074,0.48026646897778846,rrt_star,False,0,0,5475,14.449438524358598,335,0,772,14.087978494483306,0.0,935,0,12,12,A,5216,0.4125,True,3.2022322019329295
0,40.30000000000019,403,0,,0.4457790820730182,0.5373552500095684,rrt_star,False,0,0,6364,10.997549154294184,405,0,891,10.788642729360804,0.0,1005,0,5,5,A,5217,0.4,True,1.0914292679808568
0,41.60000000000021,416,0,,0.4958286965743655,0.6493356900173239,rrt_star,False,0,0,6467,12.198378297270533,436,0,881,12.140663324678435,0.0,1036,0,8,8,A,5218,0.4625,True,2.519836936990032
0,39.80000000000013,398,0,,0.44402145116374303,0.3666940189723391,rrt_star,False,0,0,5383,18.22103858840043,257,0,773,18.09585110910902,0.0,857,0,7,7,A,5219,0.3875,True,1.525504369958071
0,43.200000000000195,432,0,,0.4230592650561137,0.6237467569881119,rrt_star,False,0,0,4389,10.163221248355757,253,0,645,10.125580727462708,0.0,853,0,12,12,A,5220,0.625,True,5.026581346988678
0,40.10000000000007,401,0,,0.403288650304849,0.4630544609972276,rrt_star,False,0,0,5221,15.896564538482664,257,0,743,15.720155455696386,0.0,858,0,9,9,A,5221,0.475,True,1.9731832230172586
0,39.40000000000013,394,0,,0.4650567796427176,0.4722310479846783,rrt_star,False,0,0,5327,11.776067369328807,262,0,763,11.776067369328807,0.0,862,0,6,6,A,5222,0.4125,True,1.6755096120177768
0,40.60000000000007,406,0,,0.46295700744729207,0.7523831639846321,rrt_star,False,0,0,7678,9.130449424005725,567,0,1016,9.105325643677089,0.0,1167,0,12,12,A,5223,0.4625,True,4.243457211996429
0,42.900000000000084,429,0,,0.4487619416439891,0.5327359070070088,rrt_star,False,0,0,4478,11.588353617703127,212,0,673,11.588353617703127,0.0,812,0,7,7,A,5224,0.45,True,2.2627309939998668
0,39.20000000000011,392,0,,0.4823378977853963,0.5132863070175517,rrt_star,False,0,0,6548,11.910355456222145,442,0,898,11.725192516973058,0.0,1042,0,7,7,A,5225,0.375,True,2.0813890210411046
0,44.60000000000013,446,0,,0.4006124617619498,0.46448356000473723,rrt_star,False,0,0,4905,11.242085475581014,249,0,742,11.242068176195236,0.0,849,0,8,8,A,5226,0.4375,True,1.9203466949984431
0,38.000000000000085,380,0,,0.40686908487677337,0.42569237598218024,rrt_star,False,0,0,4463,16.340622635108595,200,0,654,16.340622635108595,0.0,800,0,10,10,A,5227,0.475,True,2.415123193990439
0,43.90000000000014,439,0,,0.4772018696161936,0.44209483900340274,rrt_star,False,0,0,4504,9.081114979718476,203,0,677,8.787954538935857,0.0,803,0,11,11,A,5228,0.4375,True,2.517537848034408
0,38.700000000000095,387,0,,0.4373826801354803,0.385786333004944,rrt_star,False,0,0,5995,20.855610155600168,338,0,862,20.76634934771039,0.0,938,0,5,5,A,5229,0.4625,True,1.1033085669914726
0,46.70000000000023,467,0,,0.4699705638925016,0.6505682219867595,rrt_star,False,0,0,8356,27.213886972867062,621,0,1057,26.64136980838837,0.0,1221,0,7,7,A,5230,0.4625,True,2.7654952399316244
0,43.100000000000136,431,0,,0.40815338532496565,0.42741154800751247,rrt_star,False,0,0,4764,12.240922247528898,207,0,720,12.225657751215136,0.0,809,0,8,8,A,5231,0.4125,True,1.6948436360689811
0,42.60000000000016,426,0,,0.418841171056143,0.6010350919968914,rrt_star,False,0,0,5655,9.713550702304653,279,0,815,9.44984248876241,0.0,879,0,9,9,A,5232,0.4875,True,2.9322692540008575
0,38.20000000000013,382,0,,0.46148808106903233,0.45539455898688175,rrt_star,False,0,0,4447,9.451275424668221,204,0,676,9.371763450257625,0.0,804,0,10,10,A,5233,0.425,True,3.1763672109227628
0,38.30000000000007,383,0,,0.4427732019081653,0.3804771669965703,rrt_star,False,0,0,6135,22.248274392002216,351,0,858,22.177768898919354,0.0,951,0,9,9,A,5234,0.425,True,2.0558056649460923
0,40.60000000000009,406,0,,0.43884048555850264,0.6126520439865999,rrt_star,False,0,0,6299,10.650806734503579,376,0,863,10.64976023023124,0.0,976,0,5,5,A,5235,0.45,True,1.4812116919492837
0,38.800000000000225,388,0,,0.45094524332835834,0.5516903359966818,rrt_star,False,0,0,5581,10.646189088023881,289,0,791,10.564890184397512,0.0,889,0,9,9,A,5236,0.4625,True,2.6642356760276016
0,37.70000000000001,377,0,,0.4439064474687213,0.3991083340079058,rrt_star,False,0,0,5136,17.695696259200936,272,0,736,17.6553799888424,0.0,873,0,6,6,A,5237,0.4875,True,1.5297684039687738
0,40.00000000000011,400,0,,0.45425614551143983,0.5845947950147092,rrt_star,False,0,0,6417,11.477016731235281,414,0,885,11.477016731235281,0.0,1014,0,9,9,A,5238,0.425,True,3.2535306040372234
0,43.50000000000023,435,0,,0.4125667675913643,0.778563263011165,rrt_star,False,0,0,6098,13.902669893365541,375,0,851,13.73651191715448,0.0,975,0,12,12,A,5239,0.6,True,5.0460676639922895
0,46.20000000000015,462,0,,0.42830867223658403,0.38825983201968484,rrt_star,False,0,0,5810,27.8649607831831,331,0,812,27.697457473671644,0.0,931,0,8,8,A,5240,0.5625,True,1.6558375250024255
0,40.30000000000007,403,0,,0.43612011684080937,0.6462056619930081,rrt_star,False,0,0,4353,9.553417146662564,152,0,651,9.254132626412686,0.0,752,0,13,13,A,5241,0.5,True,4.147782223066315
0,37.400000000000055,374,0,,0.44983374868373394,0.38404596399050206,rrt_star,False,0,0,4303,9.353294976954771,162,0,661,9.353294976954771,0.0,762,0,8,8,A,5242,0.3875,True,1.896780359063996
0,48.40000000000019,484,0,,0.4052645660928088,1.1108222369803116,rrt_star,False,0,0,9866,11.563919233079437,807,0,1183,11.0277626805157,0.0,1407,0,12,12,A,5243,0.55,True,4.776409401005367
0,39.70000000000002,397,0,,0.42201585270246306,0.5360103589773644,rrt_star,False,0,0,5156,9.29154748532925,262,0,746,8.85203147753553,0.0,862,0,9,9,A,5244,0.475,True,2.7175556349102408
0,44.90000000000023,449,0,,0.4772723984642824,0.6360087879875209,rrt_star,False,0,0,5891,11.740436887313665,391,0,830,11.707030391322437,0.0,991,0,7,7,A,5245,0.5125,True,2.787052423984278
0,39.200000000000095,392,0,,0.42315284082439986,0.504791452025529,rrt_star,False,0,0,5707,15.481280923316515,335,0,806,15.266850386074198,0.0,935,0,9,9,A,5246,0.4625,True,2.5060695520369336
0,41.80000000000013,418,0,,0.4319376926493518,0.6099449640023522,rrt_star,False,0,0,6270,11.577922136485617,389,0,879,11.547469423833869,0.0,989,0,11,11,A,5247,0.5,True,3.5769371659553144
0,38.40000000000014,384,0,,0.4352006341502543,0.39129388800938614,rrt_star,False,0,0,4732,16.991351375065516,224,0,710,16.77526586638492,0.0,825,0,9,9,A,5248,0.55,True,1.9719436789455358
0,38.1000000000001,381,0,,0.4257342704526329,0.3927938359847758,rrt_star,False,0,0,4147,8.485960260359453,119,0,637,8.439891624859447,0.0,719,0,9,9,A,5249,0.4125,True,2.2411842789442744
0,36.10000000000009,361,0,,0.4233657434128715,0.39600609298213385,rrt_star,False,0,0,5836,10.244892273296639,291,0,821,10.230118025494153,0.0,891,0,7,7,A,5250,0.3,True,1.4979087679821532
0,37.80000000000007,378,0,,0.4945218609107237,0.45914400901529007,rrt_star,False,0,0,5617,14.975089984822318,296,0,797,14.618049240225305,0.0,896,0,7,7,A,5251,0.4125,True,1.433411781967152
0,40.70000000000001,407,0,,0.47656984275087205,0.5097975070239045,rrt_star,False,0,0,5089,12.084085595082753,283,0,742,11.986415354061908,0.0,883,0,14,14,A,5252,0.4875,True,3.0574640260310844
0,45.400000000000226,454,0,,0.41806501532867185,0.8266317440138664,rrt_star,False,0,0,4968,10.363247295059375,344,0,699,10.337275978353178,0.0,944,0,10,10,A,5253,0.5125,True,4.53877409605775
0,48.60000000000025,486,0,,0.47610644069310526,0.9107420789950993,rrt_star,False,0,0,10059,20.34802500835177,808,0,1195,20.141985490204974,0.0,1408,0,7,7,A,5254,0.4375,True,2.8624804519931786
0,42.60000000000019,426,0,,0.43493238202366424,0.5346058839932084,rrt_star,False,0,0,6917,15.025610286172068,550,0,913,14.950988376548286,0.0,1150,0,9,9,A,5255,0.4125,True,2.6636623460508417
0,40.90000000000013,409,0,,0.42266681779625986,0.40956041499157436,rrt_star,False,0,0,4937,17.100399810851204,244,0,756,16.949581080906736,0.0,844,0,8,8,A,5256,0.425,True,2.0089596769830678
0,47.50000000000029,475,0,,0.48056567121968535,0.30447184201329947,rrt_star,False,0,0,6430,29.485490695046558,383,0,894,29.127645200099632,0.0,983,0,7,7,A,5257,0.3,True,1.3332983319705818
0,41.5000000000001,415,0,,0.47534896408023114,0.5251172760035843,rrt_star,False,0,0,7849,17.071124099728916,521,0,1008,16.899425171283447,0.0,1121,0,9,9,A,5258,0.45,True,2.8635352050187066
0,42.50000000000012,425,0,,0.499775797365561,0.49519396299729124,rrt_star,False,0,0,5086,9.620504881064122,245,0,750,9.620504881064122,0.0,845,0,9,9,A,5259,0.4375,True,2.005249365029158
0,46.80000000000022,468,0,,0.4345774756896538,0.6246548729832284,rrt_star,False,0,0,5058,11.056879807058483,252,0,720,11.056879807058483,0.0,852,0,13,13,A,5260,0.6375,True,4.175150447990745
0,40.800000000000125,408,0,,0.4283269781058676,0.4790860539942514,rrt_star,False,0,0,6052,14.138413615936587,365,0,866,14.136592672697615,0.0,965,0,9,9,A,5261,0.4,True,2.845114661002299
0,42.100000000000236,421,0,,0.4215229925352419,0.674721678980859,rrt_star,False,0,0,5579,16.71695441573825,325,0,792,16.439026834578797,0.0,925,0,7,7,A,5262,0.6,True,2.9652377969468944
0,38.60000000000006,386,0,,0.4577132349199564,0.422577065997757,rrt_star,False,0,0,5002,13.15723439764021,221,0,746,13.072493240418037,0.0,821,0,9,9,A,5263,0.375,True,2.1825203119660728
0,47.90000000000037,479,0,,0.45530135114777,0.6559340730018448,rrt_star,False,0,0,7350,20.497683559961413,558,0,958,20.495415567554357,0.0,1158,0,8,8,A,5264,0.5,True,3.057816402055323
0,44.4000000000001,444,0,,0.4492888317504533,0.5253129540069494,rrt_star,False,0,0,4887,10.873102683739893,223,0,733,10.853465012391297,0.0,823,0,9,9,A,5265,0.4625,True,2.799016149016097
0,46.1000000000001,461,0,,0.4002038397431389,0.564018261997262,rrt_star,False,0,0,5895,16.063879912737416,340,0,795,16.01083587563585,0.0,940,0,11,11,A,5266,0.5375,True,3.980757411016384
0,41.3000000000002,413,0,,0.48287860906796926,0.5070635529991705,rrt_star,False,0,0,4897,13.601155343048767,253,0,705,13.595157117306018,0.0,853,0,8,8,A,5267,0.525,True,1.6526164340320975
0,42.20000000000015,422,0,,0.408478402240795,0.5567636509949807,rrt_star,False,0,0,4253,10.318194874904348,236,0,649,10.318194874904346,0.0,836,0,10,10,A,5268,0.5125,True,3.5414242510159966
0,45.80000000000018,458,0,,0.48036793943267814,0.47982816098374315,rrt_star,False,0,0,6252,23.101433186213104,365,0,876,23.003439834297318,0.0,965,0,9,9,A,5269,0.4,True,2.979982265038416
0,42.40000000000019,424,0,,0.48434354676927555,0.605170494003687,rrt_star,False,0,0,5822,9.879499064077867,403,0,821,9.549658550893145,0.0,1003,0,8,8,A,5270,0.4875,True,2.5108446779486258
0,39.80000000000017,398,0,,0.475610161781794,0.37388656998518854,rrt_star,False,0,0,7307,27.37970782999869,452,0,984,26.552356563217757,0.0,1052,0,9,9,A,5271,0.425,True,2.1757709029479884
0,37.40000000000006,374,0,,0.4390203657160714,0.49573306000093,rrt_star,False,0,0,5870,12.068531328362953,370,0,840,12.04239811128897,0.0,970,0,10,10,A,5272,0.4125,True,2.7205585779738612
0,47.80000000000024,478,0,,0.42097300580907543,0.7000587900110986,rrt_star,False,0,0,6670,17.14908862374347,478,0,927,16.854888465061816,0.0,1078,0,10,10,A,5273,0.5125,True,3.6500561489956453
0,47.30000000000025,473,0,,0.49966806736873676,0.45490517301368527,rrt_star,False,0,0,3899,11.207865028991845,137,0,604,11.103246922234035,0.0,737,0,14,14,A,5274,0.5,True,3.9748761120135896
0,38.90000000000009,389,0,,0.46794605197972,0.5344851269910578,rrt_star,False,0,0,5964,10.576542261392566,333,0,829,10.576292842392725,0.0,934,0,7,7,A,5275,0.4375,True,2.5777085089939646
0,44.300000000000104,443,0,,0.4390964085215526,0.5467686290212441,rrt_star,False,0,0,5143,9.862378123886081,273,0,745,9.862378123886081,0.0,873,0,11,11,A,5276,0.4875,True,2.9733084029285237
0,39.600000000000136,396,0,,0.4716577849684603,0.5306361169787124,rrt_star,False,0,0,4388,11.799225081777985,214,0,665,11.687112541028707,0.0,814,0,9,9,A,5277,0.5875,True,3.2727960729098413
0,44.3000000000002,443,0,,0.43152530563094926,0.5072933500050567,rrt_star,False,0,0,4424,12.354012024481344,257,0,663,12.354012024481344,0.0,857,0,11,11,A,5278,0.5375,True,3.979094348032959
0,37.90000000000008,379,0,,0.4732882848051393,0.482903204014292,rrt_star,False,0,0,5204,12.372436264790142,296,0,769,12.299932687864965,0.0,896,0,11,11,A,5279,0.4375,True,3.1683967940625735
0,61.80000000000046,618,0,,0.4307735877611856,0.5897663700161502,rrt_star,False,0,0,4647,14.139444805943524,249,0,682,14.042932409810486,0.0,850,0,10,10,A,5280,0.625,True,3.7699385140731465
0,39.900000000000155,399,0,,0.4628052993877736,0.5494627529988065,rrt_star,False,0,0,6083,10.485329361335078,351,0,856,10.373460340993411,0.0,951,0,5,5,A,5281,0.4125,True,1.5104703639808577
0,42.90000000000028,429,0,,0.4419831166191031,0.76789786099107,rrt_star,False,0,0,7044,12.327020377341235,489,0,953,11.777456771097565,0.0,1089,0,9,9,A,5282,0.525,True,3.569288454047637
0,50.80000000000016,508,0,,0.44408197499471813,0.6982296810019761,rrt_star,False,0,0,5243,9.95210754346826,339,0,746,9.95210754346826,0.0,940,0,15,15,A,5283,0.625,True,5.637776956980815
0,50.300000000000146,503,0,,0.4537257046259656,0.5372266029880848,rrt_star,False,0,0,4976,10.185152551892575,247,0,726,10.169560068089062,0.0,848,0,9,9,A,5284,0.5,True,2.8826749319559895
0,45.900000000000226,459,0,,0.4569509065497493,0.5931486900080927,rrt_star,False,0,0,4453,11.883606311381138,247,0,667,11.880958575755745,0.0,847,0,10,10,A,5285,0.6375,True,3.7893177330552135
0,38.50000000000017,385,0,,0.46707250531994093,0.4827118349785451,rrt_star,False,0,0,5440,14.599592755085913,278,0,776,14.576266838055536,0.0,879,0,5,5,A,5286,0.5125,True,1.2244683419412468
0,40.800000000000146,408,0,,0.422390432128671,0.5545529990049545,rrt_star,False,0,0,6265,16.187857777473656,423,0,857,15.960250791695772,0.0,1024,0,10,10,A,5287,0.475,True,3.2136575570038985
0,46.900000000000325,469,0,,0.4740023268709436,0.4102143049822189,rrt_star,False,0,0,5315,17.639141813729474,292,0,750,17.58770987517562,0.0,892,0,11,11,A,5288,0.45,True,2.8834445980319288
0,44.10000000000022,441,0,,0.4737396756610835,0.5265617330151144,rrt_star,False,0,0,5577,16.56233369396834,320,0,790,16.488838010304274,0.0,920,0,11,11,A,5289,0.475,True,4.065806410071673
0,58.90000000000029,589,0,,0.4493857413495667,0.7104718089976814,rrt_star,False,0,0,4640,7.469603385015056,234,0,659,7.469603385015056,0.0,834,0,15,15,A,5290,0.6375,True,5.757954136002809
0,42.40000000000014,424,0,,0.41463624061785914,0.5751909360114951,rrt_star,False,0,0,6194,16.151444694248426,398,0,858,14.679240941615978,0.0,998,0,9,9,A,5291,0.45,True,3.693096978007816
0,37.30000000000005,373,0,,0.4649301418989429,0.5845049009949435,rrt_star,False,0,0,6076,12.077051349105403,363,0,863,11.889104946483045,0.0,963,0,13,13,A,5292,0.475,True,4.060859973949846
0,38.00000000000016,380,0,,0.4397904163069652,0.5258799619914498,rrt_star,False,0,0,4916,9.274747410438804,301,0,703,9.241239277418568,0.0,901,0,8,8,A,5293,0.4875,True,2.2365236429905053
0,42.20000000000011,422,0,,0.43373461913995176,0.5106039349921048,rrt_star,False,0,0,4341,13.658995898686898,271,0,657,13.567009916117755,0.0,872,0,5,5,A,5294,0.5125,True,1.487048759998288
0,38.600000000000065,386,0,,0.4823490628685873,0.30625235100160353,rrt_star,False,0,0,6299,23.695920708556724,351,0,874,23.69486602548968,0.0,951,0,6,6,A,5295,0.3375,True,1.1794054220372345
0,50.80000000000023,508,0,,0.4209161442556305,0.6852762819908094,rrt_star,False,0,0,4631,14.441782554702279,473,0,634,14.16687154600572,0.0,1073,0,17,17,A,5296,0.6125,True,7.374808209016919
0,36.90000000000005,369,0,,0.41517051180608017,0.49447921899263747,rrt_star,False,0,0,6188,12.531362196681604,353,0,862,12.530854497746837,0.0,953,0,8,8,A,5297,0.4,True,2.5199585879745428
0,39.80000000000013,398,0,,0.4233997519499711,0.4720719630131498,rrt_star,False,0,0,5066,14.673016553652804,279,0,731,14.625059355399582,0.0,879,0,7,7,A,5298,0.425,True,2.2164751720556524
0,38.80000000000015,388,0,,0.47838910095006304,0.5000646919943392,rrt_star,False,0,0,5869,15.21765424866885,334,0,828,14.997308416090695,0.0,934,0,8,8,A,5299,0.4375,True,2.265529358002823
0,46.50000000000021,465,0,,0.447440241780313,0.5500153159955516,rrt_star,False,0,0,4566,8.529320042196321,228,0,678,8.450435410559624,0.0,828,0,15,15,A,5300,0.5,True,5.175026531011099
0,47.60000000000023,476,0,,0.4415612453528647,0.4853542470082175,rrt_star,False,0,0,4475,9.80204019663451,206,0,673,9.68814978709824,0.0,807,0,14,14,A,5301,0.4875,True,3.9671805929683615
0,42.60000000000023,426,0,,0.452414588016293,0.46373708598548546,rrt_star,False,0,0,6394,21.846628748999322,392,0,875,21.346668561898852,0.0,992,0,7,7,A,5302,0.525,True,1.6746261909720488
0,42.600000000000136,426,0,,0.4559551935538375,0.7203817740082741,rrt_star,False,0,0,6399,12.37741792779248,434,0,875,12.278788409803099,0.0,1034,0,8,8,A,5303,0.55,True,3.691199755965499
0,39.20000000000013,392,0,,0.495875135608514,0.3393569190229755,rrt_star,False,0,0,6066,20.939795297550972,298,0,846,20.833861833346894,0.0,898,0,2,2,A,5304,0.325,True,0.3998188220139127
0,37.4000000000001,374,0,,0.4718323474805552,0.503251468995586,rrt_star,False,0,0,5200,12.099535599052462,285,0,759,12.077955904026208,0.0,885,0,6,6,A,5305,0.45,True,1.8536922869679984
0,38.200000000000045,382,0,,0.46484324878558997,0.46859566602506675,rrt_star,False,0,0,5070,11.701522370435184,270,0,736,11.6072897142089,0.0,870,0,4,4,A,5306,0.425,True,0.9203134030103683
0,44.80000000000017,448,0,,0.4826919346370981,0.4930693340138532,rrt_star,False,0,0,5655,20.499095885278884,332,0,836,19.726569265263212,0.0,932,0,11,11,A,5307,0.475,True,3.027264429052593
0,41.10000000000011,411,0,,0.4116696925117119,0.5164030849991832,rrt_star,False,0,0,6492,12.272482528676155,392,0,896,12.246248530889394,0.0,992,0,5,5,A,5308,0.4125,True,1.5767056409968063
0,45.80000000000018,458,0,,0.4962177304144349,0.5011573969968595,rrt_star,False,0,0,6356,18.167780564769487,390,0,895,18.156241076695114,0.0,990,0,11,11,A,5309,0.4875,True,3.3760756520205177
0,42.500000000000064,425,0,,0.44949807550664306,0.35281557601410896,rrt_star,False,0,0,5435,19.616060323370107,271,0,787,19.18830637166239,0.0,871,0,13,13,A,5310,0.4375,True,2.783047096047085
0,40.400000000000155,404,0,,0.4734952213926882,0.4895882109995,rrt_star,False,0,0,5718,10.791379978281455,371,0,833,10.785212949271823,0.0,971,0,9,9,A,5311,0.425,True,2.247534861031454
0,36.80000000000013,368,0,,0.41198205270742444,0.5767041860090103,rrt_star,False,0,0,5828,12.902838336105109,362,0,834,12.746401690935459,0.0,962,0,4,4,A,5312,0.5,True,1.5062487730174325
0,38.69999999999998,387,0,,0.4911491997041305,0.5382236120058224,rrt_star,False,0,0,4643,8.997428953394628,206,0,703,8.992175807970902,0.0,806,0,7,7,A,5313,0.45,True,2.0543780659500044
0,39.40000000000004,394,0,,0.46034866678698017,0.586073223996209,rrt_star,False,0,0,5424,10.873898548497586,302,0,784,10.873898548497586,0.0,902,0,9,9,A,5314,0.5125,True,3.588718109007459
0,39.30000000000009,393,0,,0.46160484289247483,0.37451576499734074,rrt_star,False,0,0,4836,13.297411894229043,256,0,731,13.297411894229043,0.0,856,0,5,5,A,5315,0.425,True,1.10742587398272
0,40.00000000000024,400,0,,0.4219462377875992,0.648693111987086,rrt_star,False,0,0,6290,13.9769505444376,417,0,880,13.675453962965872,0.0,1017,0,10,10,A,5316,0.4875,True,3.538382215978345
0,43.60000000000019,436,1,,0.45071185057729257,0.5846204900008161,rrt_star,False,1,0,4854,9.661641473072075,211,0,720,9.659468286705373,0.0,811,0,10,10,A,5317,0.5375,True,2.9350400999828707
0,50.00000000000034,500,0,,0.47480254995169285,0.6017972030094825,rrt_star,False,0,0,5212,11.166224778535701,318,0,781,11.108440860041446,0.0,918,0,13,13,A,5318,0.5125,True,4.531556262052618
0,39.00000000000005,390,0,,0.4492933599169427,0.3283874049957376,rrt_star,False,0,0,5297,15.813292417914047,292,0,781,15.796581691107244,0.0,892,0,4,4,A,5319,0.3375,True,0.6889111909840722
0,40.000000000000135,400,0,,0.4276004017628911,0.530417479982134,rrt_star,False,0,0,4459,11.943481083981784,257,0,687,11.943481083981782,0.0,857,0,11,11,A,5320,0.45,True,3.5401056770060677
0,44.40000000000031,444,0,,0.494408678493145,0.5228115280042402,rrt_star,False,0,0,6048,12.274596812383848,412,0,855,12.009663947245823,0.0,1012,0,9,9,A,5321,0.4,True,3.0402115580509417
0,41.300000000000125,413,0,,0.4099962843281457,0.3938545389974024,rrt_star,False,0,0,4580,12.620793197443723,215,0,704,12.53066337785955,0.0,815,0,9,9,A,5322,0.4125,True,2.1627465799683705
0,38.10000000000023,381,0,,0.4595876476649747,0.4393293359898962,rrt_star,False,0,0,5372,10.53965202694503,283,0,770,10.304739971190005,0.0,883,0,9,9,A,5323,0.375,True,2.411567931936588
0,40.50000000000005,405,0,,0.4263074602868016,0.5773143410042394,rrt_star,False,0,0,5989,13.75539350478055,363,0,865,13.467586259315707,0.0,963,0,6,6,A,5324,0.4375,True,1.5738324349804316
0,40.70000000000015,407,0,,0.4376524239865504,0.4672958659939468,rrt_star,False,0,0,5592,19.708003613507717,342,0,798,19.396606522235132,0.0,942,0,9,9,A,5325,0.4875,True,1.8615178050240502
0,44.60000000000022,446,0,,0.4570642800239523,0.6969004769925959,rrt_star,False,0,0,6410,12.103961175604649,419,0,880,11.81600866764212,0.0,1019,0,10,10,A,5326,0.525,True,3.1863956799788866
0,39.40000000000009,394,0,,0.46040358670170645,0.53323560001445,rrt_star,False,0,0,4774,13.904431134063328,197,0,694,13.869842083255175,0.0,797,0,13,13,A,5327,0.5125,True,3.9538074040028732
0,44.50000000000014,445,0,,0.4271909363666243,0.5177688380063046,rrt_star,False,0,0,5521,14.629038084882687,304,0,787,14.488202248512177,0.0,904,0,10,10,A,5328,0.475,True,2.700414149003336
0,45.90000000000014,459,0,,0.4048218820054282,0.5660304710036144,rrt_star,False,0,0,4018,11.588579844341654,191,0,602,11.527353988795237,0.0,791,0,12,12,A,5329,0.5,True,3.6138798659667373
0,44.80000000000032,448,0,,0.48151312321071016,0.7941562900086865,rrt_star,False,0,0,7895,19.776600776982157,674,0,998,19.559989946405775,0.0,1274,0,14,14,A,5330,0.5125,True,5.148416320094839
0,40.4000000000001,404,0,,0.4196396668020711,0.49612271098885685,rrt_star,False,0,0,6116,8.935996854951648,343,0,837,8.934566042940801,0.0,943,0,8,8,A,5331,0.3625,True,2.692268670973135
0,38.00000000000012,380,0,,0.49565029320804316,0.588413171004504,rrt_star,False,0,0,4392,14.560703032306353,238,0,677,14.41660087177296,0.0,838,0,7,7,A,5332,0.525,True,2.5383843400049955
0,43.00000000000009,430,0,,0.43520037996233757,0.46451734099537134,rrt_star,False,0,0,6544,20.8597919920375,448,0,909,20.680555042035827,0.0,1048,0,6,6,A,5333,0.425,True,1.6617856069933623
0,43.500000000000156,435,0,,0.4610480990113268,0.5838747340021655,rrt_star,False,0,0,5012,11.283019042823515,257,0,763,11.268080633007427,0.0,857,0,14,14,A,5334,0.4375,True,3.9338740150560625
0,37.69999999999996,377,0,,0.4753875409657705,0.46126718798768707,rrt_star,False,0,0,5385,11.667666574141913,289,0,764,11.484678701903057,0.0,889,0,5,5,A,5335,0.4125,True,1.3642329600115772
0,43.400000000000155,434,0,,0.40701122525737615,0.36316586699103937,rrt_star,False,0,0,5832,20.913664236901827,329,0,841,20.475169987607163,0.0,929,0,8,8,A,5336,0.3875,True,1.5950772560026962
0,42.20000000000015,422,0,,0.4635465178498181,0.49121029098751023,rrt_star,False,0,0,5868,19.137279670159334,347,0,847,19.00122340465198,0.0,947,0,11,11,A,5337,0.3875,True,2.891906936041778
0,40.6000000000002,406,0,,0.46875984357338724,0.4804234340263065,rrt_star,False,0,0,4458,10.019960627532862,175,0,671,9.971321661842342,0.0,776,0,8,8,A,5338,0.5125,True,2.706381065043388
0,48.10000000000018,481,0,,0.49349597598852674,0.5302399800275452,rrt_star,False,0,0,5364,15.4525989115936,338,0,777,15.244667891700498,0.0,938,0,12,12,A,5339,0.45,True,3.9240176130551845
0,51.20000000000028,512,0,,0.4057485403377599,0.501589741994394,rrt_star,False,0,0,6564,27.39437048695072,591,0,866,27.17337127371919,0.0,1193,0,9,9,A,5340,0.45,True,2.4742542800086085
0,48.0000000000003,480,0,,0.4778938999598949,0.4794785440026317,rrt_star,False,0,0,5391,19.442259663689228,271,0,771,19.43658804432946,0.0,871,0,10,10,A,5341,0.4875,True,2.7147037699760403
0,57.800000000000416,578,0,,0.48644188247994025,0.5801336930016987,rrt_star,False,0,0,5097,11.043995792444617,291,0,774,11.010559949512833,0.0,891,0,10,10,A,5342,0.5375,True,3.6102147520578
0,37.70000000000005,377,0,,0.4854643677120507,0.36584365798626095,rrt_star,False,0,0,5691,18.504247801928837,286,0,812,18.43008139549886,0.0,886,0,3,3,A,5343,0.425,True,0.5435453000245616
0,47.200000000000244,472,0,,0.4365359619197762,0.46853917301632464,rrt_star,False,0,0,6024,18.55709072678617,446,0,864,17.690556417719776,0.0,1046,0,6,6,A,5344,0.3875,True,1.596795674005989
0,55.30000000000048,553,0,,0.44046084536335,0.6016345930111129,rrt_star,False,0,0,4235,14.552650324031774,292,0,620,14.552650324031772,0.0,892,0,11,11,A,5345,0.5375,True,4.141848689032486
0,42.20000000000015,422,0,,0.483300659001371,0.5734784290252719,rrt_star,False,0,0,5588,8.818931954025443,311,0,799,8.794128253625523,0.0,911,0,12,12,A,5346,0.475,True,3.8021894270787016
0,42.90000000000016,429,0,,0.46466467770847425,0.5335849839902949,rrt_star,False,0,0,5175,14.124829398635848,264,0,766,14.079779757806236,0.0,864,0,11,11,A,5347,0.4875,True,3.444707367045339
0,40.500000000000156,405,0,,0.49574681046794794,0.7355088939948473,rrt_star,False,0,0,7660,14.273630450726085,592,0,998,14.060861534603395,0.0,1192,0,11,11,A,5348,0.5,True,3.3888959090108983
0,47.700000000000145,477,0,,0.47235289985246426,0.9538264029833954,rrt_star,False,0,0,9427,16.53933022448759,746,0,1135,16.515601445298106,0.0,1346,0,10,10,A,5349,0.5,True,4.193780019006226
0,41.30000000000007,413,0,,0.4612713325417999,0.4028328369895462,rrt_star,False,0,0,4751,13.039500858602539,202,0,713,12.763454827557425,0.0,802,0,6,6,A,5350,0.4,True,1.1325848959968425
0,40.400000000000105,404,0,,0.4451824989258972,0.5292437089956366,rrt_star,False,0,0,5370,11.052650952269738,326,0,762,11.052650952269738,0.0,926,0,9,9,A,5351,0.475,True,2.3218337019497994
0,38.40000000000013,384,0,,0.4270941722990648,0.47189153599902056,rrt_star,False,0,0,5026,12.649751292424204,295,0,725,12.542811151494694,0.0,895,0,7,7,A,5352,0.4375,True,2.150247590034269
0,38.60000000000007,386,0,,0.48302433955904267,0.5463346659962554,rrt_star,False,0,0,4439,10.704370339249335,198,0,680,10.701559299848208,0.0,798,0,10,10,A,5353,0.5125,True,3.2128123590082396
0,53.100000000000335,531,0,,0.470140837640986,0.544161803991301,rrt_star,False,0,0,5664,19.98145911553085,335,0,791,19.836249398852758,0.0,935,0,16,16,A,5354,0.525,True,5.018705729016801
0,39.00000000000012,390,0,,0.45888135366881827,0.47416175302350894,rrt_star,False,0,0,4848,10.447100188987859,212,0,703,10.275226876109873,0.0,812,0,5,5,A,5355,0.45,True,1.3693816090235487
0,44.700000000000145,447,0,,0.479897668258092,0.5481098769814707,rrt_star,False,0,0,7107,23.203614040648112,548,0,968,22.687202788523308,0.0,1148,0,7,7,A,5356,0.4625,True,2.117839082988212
0,44.100000000000115,441,0,,0.43787480525625067,0.4867990080092568,rrt_star,False,0,0,5527,11.905493009584205,352,0,788,11.649948712873103,0.0,952,0,6,6,A,5357,0.4125,True,1.4296148699941114
0,38.80000000000001,388,0,,0.41365097171988247,0.40849407800124027,rrt_star,False,0,0,5153,10.188501631123486,240,0,755,10.016491695900243,0.0,840,0,6,6,A,5358,0.4,True,1.433196054014843
0,42.00000000000013,420,0,,0.4267606905577001,0.5566253919969313,rrt_star,False,0,0,4713,12.783886467126827,218,0,703,12.741386756330796,0.0,819,0,6,6,A,5359,0.5625,True,2.188251823972678
0,40.49999999999993,405,0,,0.4342595083367679,0.4938111020019278,rrt_star,False,0,0,4679,13.86298400986401,244,0,692,13.740653546223314,0.0,844,0,13,13,A,5360,0.4875,True,3.7082122650754172
0,42.000000000000135,420,0,,0.4347493162706271,0.4590395589766558,rrt_star,False,0,0,6550,16.087680594468722,402,0,893,16.066551115212782,0.0,1002,0,8,8,A,5361,0.325,True,1.9266602269781288
0,39.10000000000006,391,0,,0.44319475433829203,0.6515450600127224,rrt_star,False,0,0,6312,11.328965257343722,403,0,886,11.328965257343722,0.0,1003,0,7,7,A,5362,0.475,True,2.5937408339814283
0,43.90000000000015,439,0,,0.4621434990232158,0.471139820991084,rrt_star,False,0,0,7073,26.304855847590687,528,0,936,25.825178009180743,0.0,1128,0,5,5,A,5363,0.4625,True,1.1075483429885935
0,42.90000000000018,429,0,,0.4454141873971547,0.4270338900096249,rrt_star,False,0,0,4362,12.0673193082397,193,0,670,11.471068208918442,0.0,794,0,6,6,A,5364,0.4375,True,1.3430470940074883
0,40.20000000000006,402,0,,0.43590534409376575,0.679720993997762,rrt_star,False,0,0,6258,12.87915601925885,367,0,851,12.87915601925885,0.0,967,0,7,7,A,5365,0.525,True,2.681571304012323
0,43.00000000000015,430,0,,0.43130953169594816,0.5046678229991812,rrt_star,False,0,0,6296,18.089370902479157,378,0,878,17.557069500143065,0.0,978,0,8,8,A,5366,0.475,True,2.2694985189591534
0,38.20000000000017,382,0,,0.4746794196591553,0.5149347610131372,rrt_star,False,0,0,4860,16.44879018682972,296,0,707,16.119756200585826,0.0,896,0,13,13,A,5367,0.5625,True,4.098824845044874
0,48.50000000000023,485,0,,0.40604752126494786,0.48842890799278393,rrt_star,False,0,0,6413,17.287298750821737,449,0,866,17.257751514943582,0.0,1049,0,8,8,A,5368,0.45,True,1.8388937349664047
0,38.90000000000003,389,0,,0.473492824289647,0.45404150200192817,rrt_star,False,0,0,5325,16.617299539652894,342,0,752,16.22024867958195,0.0,942,0,6,6,A,5369,0.475,True,1.2617277980025392
0,39.20000000000001,392,0,,0.4211328899164916,0.47794589001568966,rrt_star,False,0,0,6277,11.498756366857073,357,0,862,11.484977603725493,0.0,957,0,8,8,A,5370,0.375,True,2.5867702559917234
0,51.90000000000021,519,0,,0.474623407399577,0.617101026000455,rrt_star,False,0,0,5383,9.787856726775408,313,0,805,9.785639217369663,0.0,913,0,9,9,A,5371,0.5625,True,2.9453540880349465
0,44.70000000000027,447,0,,0.43036867780929117,0.4349110490002204,rrt_star,False,0,0,5001,13.175195454245706,290,0,735,13.139785630883225,0.0,890,0,12,12,A,5372,0.45,True,3.443183082068572
0,46.20000000000014,462,0,,0.42960330231195343,0.6635780009964947,rrt_star,False,0,0,5810,12.167849666452403,363,0,808,12.144993195540392,0.0,963,0,12,12,A,5373,0.575,True,4.942146268062061
0,38.80000000000011,388,0,,0.44804946186903627,0.4235373839910608,rrt_star,False,0,0,4770,10.381748299403885,174,0,695,10.259377957076342,0.0,774,0,7,7,A,5374,0.425,True,2.0151199770043604
0,42.5000000000001,425,0,,0.4185191529500642,0.6189019280136563,rrt_star,False,0,0,5342,15.009904447193996,337,0,764,14.993236648084315,0.0,937,0,11,11,A,5375,0.5375,True,3.707713950017933
0,40.2000000000001,402,0,,0.49811109057185776,0.5119360780226998,rrt_star,False,0,0,5039,9.474459251623944,225,0,720,9.145647298043402,0.0,825,0,9,9,A,5376,0.475,True,2.7171241150062997
0,48.90000000000031,489,0,,0.4072803498752445,0.7373531329794787,rrt_star,False,0,0,6769,17.468497750014375,435,0,927,17.466678964487098,0.0,1036,0,13,13,A,5377,0.6125,True,4.577843647944974
0,41.90000000000009,419,0,,0.4588261889335647,0.3854211150028277,rrt_star,False,0,0,4429,13.799464255403056,197,0,683,13.669393902427423,0.0,797,0,8,8,A,5378,0.4375,True,2.038094692019513
0,39.00000000000012,390,0,,0.44437582697189737,0.6391196759941522,rrt_star,False,0,0,5510,12.126068702463025,276,0,803,12.07107123311475,0.0,876,0,9,9,A,5379,0.525,True,3.516346606047591
0,47.90000000000024,479,0,,0.41570589434566096,0.5550304150092416,rrt_star,False,0,0,4375,13.349768348265723,199,0,668,13.249503719765636,0.0,799,0,12,12,A,5380,0.525,True,3.5920713770319708
0,43.000000000000085,430,0,,0.46104490449998503,0.7338241830002517,rrt_star,False,0,0,5625,16.465947319549162,336,0,796,16.19315265720965,0.0,936,0,10,10,A,5381,0.525,True,3.3194725399371237
0,39.89087234702339,399,0,,0.40601286310055573,0.45833395500085317,rrt_star,False,0,0,5518,11.031137849256579,322,0,769,10.812612257014415,0.0,922,0,7,7,A,5382,0.375,True,2.4345677678938955
0,42.200000000000095,422,0,,0.4246970776160407,0.5267288320173975,rrt_star,False,0,0,6033,15.324358151123533,371,0,847,15.081495092045756,0.0,971,0,5,5,A,5383,0.45,True,1.2861781590327155
0,49.70000000000025,497,0,,0.4158474882203018,0.4479151559935417,rrt_star,False,0,0,4863,19.191861612303576,233,0,705,18.768418836988946,0.0,833,0,9,9,A,5384,0.5375,True,2.53902430596645
0,43.50000000000013,435,0,,0.4401594039120722,0.5615876019874122,rrt_star,False,0,0,4841,9.784923791212837,202,0,738,9.77528756154214,0.0,802,0,12,12,A,5385,0.525,True,3.673537505994318
0,42.40000000000009,424,0,,0.49626511428101,0.4133248750003986,rrt_star,False,0,0,5531,14.346964385773148,307,0,794,14.310503634056625,0.0,907,0,6,6,A,5386,0.4,True,1.401668226957554
0,37.900000000000134,379,0,,0.4447142388732319,0.47637556100380607,rrt_star,False,0,0,6024,14.938542373954974,303,0,852,14.867945760551983,0.0,903,0,7,7,A,5387,0.4125,True,1.6467126170173287
0,40.600000000000215,406,0,,0.48791890410588085,0.3113347670005169,rrt_star,False,0,0,5058,15.021230325350919,243,0,774,15.020761591579067,0.0,843,0,7,7,A,5388,0.325,True,1.3151305820210837
0,44.200000000000216,442,0,,0.41865776366753715,0.45865692498045973,rrt_star,False,0,0,5733,21.908339022420854,324,0,830,21.562663927125165,0.0,925,0,5,5,A,5389,0.4625,True,1.0920537909551058
0,42.500000000000185,425,0,,0.4875367611761553,0.6603597659850493,rrt_star,False,0,0,6709,9.80321190349183,447,0,904,9.78817044795331,0.0,1047,0,11,11,A,5390,0.5,True,3.598231984942686
0,38.900000000000084,389,0,,0.46153084903406016,0.47194822900928557,rrt_star,False,0,0,5607,14.699327497838064,280,0,793,14.29357733572709,0.0,880,0,6,6,A,5391,0.3875,True,1.6381259960180614
0,37.60000000000007,376,0,,0.4337710960084269,0.5164181569998618,rrt_star,False,0,0,5520,13.88617256589283,320,0,783,13.773042747178165,0.0,920,0,7,7,A,5392,0.5,True,1.7454451469820924
0,44.20000000000012,442,0,,0.4727686960242145,0.49151091900421306,rrt_star,False,0,0,6233,20.36648960192111,472,0,844,20.105254883098706,0.0,1072,0,8,8,A,5393,0.4625,True,1.9481876430218108
0,42.60000000000023,426,0,,0.47646181933921605,0.6809818119800184,rrt_star,False,0,0,8549,18.638945716315504,731,0,1064,18.09461561509204,0.0,1331,0,10,10,A,5394,0.4125,True,2.791752245015232
0,42.600000000000165,426,0,,0.4262044352712776,0.6951283960079309,rrt_star,False,0,0,5161,9.836095893841396,270,0,734,9.836095893841396,0.0,870,0,12,12,A,5395,0.475,True,4.213451412972063
0,48.600000000000186,486,0,,0.4830748451478199,0.5923811490065418,rrt_star,False,0,0,5498,18.459779586461906,369,0,782,18.138071486445575,0.0,969,0,11,11,A,5396,0.575,True,3.4540767439466435
0,38.100000000000094,381,0,,0.4333208696803894,0.48063311001169495,rrt_star,False,0,0,4766,11.640874744356504,195,0,711,11.640874744356504,0.0,795,0,10,10,A,5397,0.525,True,2.7291067040059716
0,46.50000000000025,465,0,,0.42427306198995707,0.7826422879879829,rrt_star,False,0,0,5866,11.714999142959442,405,0,828,10.957697195648505,0.0,1005,0,16,16,A,5398,0.5625,True,6.950399145047413
0,38.70000000000002,387,0,,0.4417548291560615,0.5459332129976247,rrt_star,False,0,0,6025,12.38251549033168,368,0,860,12.266092551439451,0.0,968,0,5,5,A,5399,0.475,True,1.3458735060121398
0,39.600000000000215,396,0,,0.4187105457164022,0.40259394102031365,rrt_star,False,0,0,5838,15.42807392948829,337,0,836,15.428073929488288,0.0,937,0,10,10,A,5400,0.475,True,2.2234937600733247
0,40.400000000000055,404,0,,0.43120834737440755,0.41479142001480795,rrt_star,False,0,0,6081,18.108222456163467,344,0,827,17.648917041014105,0.0,944,0,6,6,A,5401,0.3375,True,1.1767720350180753
0,40.300000000000054,403,0,,0.4872767105436287,0.33291307199397124,rrt_star,False,0,0,5743,19.233130357279887,296,0,812,19.124601395024953,0.0,896,0,6,6,A,5402,0.3375,True,1.1311954989505466
0,43.70000000000031,437,0,,0.42009842196216185,0.46004606498172507,rrt_star,False,0,0,5932,19.45274603045999,300,0,849,19.45274603045999,0.0,900,0,5,5,A,5403,0.4625,True,1.2729318290075753
0,52.400000000000375,524,0,,0.42632279109149784,0.674115196976345,rrt_star,False,0,0,6626,22.8173348276392,516,0,910,22.36661657019378,0.0,1117,0,15,15,A,5404,0.5875,True,4.830603870941559
0,41.70000000000023,417,0,,0.46260343582080327,0.6283588639926165,rrt_star,False,0,0,5800,13.382762007141633,325,0,831,12.704053863536572,0.0,925,0,11,11,A,5405,0.5375,True,4.491215629997896
0,38.500000000000064,385,0,,0.4277039661121764,0.46056929501355626,rrt_star,False,0,0,5493,11.440985510095034,322,0,795,11.376465186452796,0.0,922,0,6,6,A,5406,0.3875,True,1.6701928630063776
0,43.50000000000018,435,0,,0.43362137039058235,0.4344384909782093,rrt_star,False,0,0,4250,13.463371008516331,241,0,665,13.463371008516331,0.0,841,0,10,10,A,5407,0.4375,True,2.621475578955142
0,45.70000000000021,457,0,,0.4810449027122284,0.5649434300139546,rrt_star,False,0,0,6306,21.096632899662243,419,0,873,21.003162386947686,0.0,1019,0,8,8,A,5408,0.45,True,2.9354180630180053
0,39.30000000000015,393,0,,0.43749768826275726,0.5590970949851908,rrt_star,False,0,0,4251,11.000669059569233,188,0,649,10.938835550258165,0.0,788,0,5,5,A,5409,0.55,True,1.6785100499982946
0,39.4000000000001,394,0,,0.4796418341703753,0.44389993901131675,rrt_star,False,0,0,5396,11.439363617515065,291,0,786,11.424549235658699,0.0,891,0,10,10,A,5410,0.3875,True,2.813367852009833
0,43.000000000000185,430,0,,0.4472067120446144,0.496371639019344,rrt_star,False,0,0,4632,13.248263910518796,219,0,703,13.159240461427821,0.0,819,0,10,10,A,5411,0.4875,True,3.7120822180295363
0,39.10000000000019,391,0,,0.48327722045743116,0.5537189799943008,rrt_star,False,0,0,6131,12.558120748155861,388,0,837,12.288968341868138,0.0,988,0,8,8,A,5412,0.475,True,2.1923858430527616
0,39.70000000000016,397,0,,0.4385943154589497,0.5407427159952931,rrt_star,False,0,0,6442,18.425882760524097,401,0,875,17.696002156215577,0.0,1001,0,6,6,A,5413,0.4625,True,1.4312432880105916
0,38.79999999999992,388,0,,0.45686587729803546,0.33764759299810976,rrt_star,False,0,0,6087,21.82065824146122,407,0,863,21.49433429451556,0.0,1007,0,6,6,A,5414,0.35,True,1.1827660010312684
0,39.90000000000013,399,0,,0.4222417402021863,0.61779530000058,rrt_star,False,0,0,8046,20.563827590460146,552,0,1033,19.092319494475262,0.0,1153,0,6,6,A,5415,0.5125,True,1.798721041996032
0,37.899999999999956,379,0,,0.4681835516163208,0.5720502779877279,rrt_star,False,0,0,6444,10.757832421585807,453,0,885,10.497443264251494,0.0,1053,0,3,3,A,5416,0.425,True,1.122659206012031
0,44.90000000000013,449,0,,0.47007889829788435,0.4469007779844105,rrt_star,False,0,0,3934,10.883859060332561,179,0,588,10.883859060332561,0.0,779,0,10,10,A,5417,0.4875,True,2.726122072956059
0,46.30000000000028,463,0,,0.4518902837273209,0.6592117690015584,rrt_star,False,0,0,5521,11.50059050186828,289,0,814,11.469757930278917,0.0,889,0,12,12,A,5418,0.5625,True,4.708811069955118
0,40.200000000000045,402,0,,0.45627224408418726,0.6095032749872189,rrt_star,False,0,0,5881,12.684843060915336,331,0,826,12.6673205746111,0.0,931,0,7,7,A,5419,0.4875,True,2.1516738459758926
0,40.300000000000196,403,0,,0.45136641774681324,0.6956931710010394,rrt_star,False,0,0,6382,11.158533998210695,527,0,877,11.158533998210695,0.0,1127,0,12,12,A,5420,0.5125,True,5.397800470032962
0,39.300000000000125,393,0,,0.4355778942612299,0.3522851699963212,rrt_star,False,0,0,5352,19.08008167912729,276,0,785,19.057746926217764,0.0,876,0,10,10,A,5421,0.4,True,1.8826569649972953
0,44.600000000000186,446,0,,0.4261305197808714,0.34303846399416216,rrt_star,False,0,0,5212,16.81859616552352,240,0,745,16.759016918139928,0.0,840,0,7,7,A,5422,0.325,True,1.0897752889723051
0,42.300000000000125,423,0,,0.4526697863820271,0.4918289920024108,rrt_star,False,0,0,4971,11.673036877589025,276,0,750,11.665339350791665,0.0,876,0,7,7,A,5423,0.5,True,1.942543214012403
0,41.80000000000013,418,0,,0.4378710419123402,0.4598095479886979,rrt_star,False,0,0,4735,10.983009527333245,204,0,696,10.954048873117987,0.0,804,0,8,8,A,5424,0.35,True,2.20277632898069
0,41.80000000000018,418,0,,0.4368823452266454,0.4687870759807993,rrt_star,False,0,0,5025,18.090092563963744,294,0,752,18.08213210874689,0.0,894,0,10,10,A,5425,0.575,True,3.102243451954564
0,51.900000000000354,519,0,,0.4861078090701801,0.5685058399976697,rrt_star,False,0,0,4547,12.31317158153895,273,0,690,12.31317158153895,0.0,873,0,12,12,A,5426,0.5625,True,4.411959066957934
0,43.60000000000024,436,0,,0.4072351358248527,0.7923488840169739,rrt_star,False,0,0,6921,10.54011573763906,481,0,918,10.523284242545387,0.0,1081,0,12,12,A,5427,0.55,True,4.418671145045664
0,45.60000000000026,456,0,,0.41747936490004095,0.5178732119966298,rrt_star,False,0,0,6028,17.445173114147167,342,0,836,17.427208526082566,0.0,942,0,9,9,A,5428,0.425,True,2.5302915580105036
0,37.30000000000021,373,0,,0.4311596040352121,0.4337681210017763,rrt_star,False,0,0,5557,12.726117710881324,332,0,805,12.437922398640211,0.0,933,0,5,5,A,5429,0.3875,True,1.289876815979369
0,38.300000000000054,383,0,,0.4137687041656239,0.4513821800064761,rrt_star,False,0,0,4906,10.349078734462678,203,0,721,10.335207638279876,0.0,803,0,6,6,A,5430,0.4375,True,1.4605970139673445
0,44.80000000000024,448,0,,0.43916164475145003,0.4164906600199174,rrt_star,False,0,0,4856,12.431399040113192,183,0,707,12.353574164215775,0.0,783,0,10,10,A,5431,0.425,True,2.8700662720075343
0,42.50000000000018,425,0,,0.42465322733043603,0.3661781120172236,rrt_star,False,0,0,4980,15.725975053378994,301,0,727,15.665468806757152,0.0,901,0,7,7,A,5432,0.3375,True,1.8149530940281693
0,41.40000000000025,414,0,,0.47747517094582087,0.5218881239998154,rrt_star,False,0,0,5757,12.91863987754115,353,0,808,12.892504751119294,0.0,953,0,10,10,A,5433,0.4625,True,3.4912535139883403
0,38.70000000000018,387,0,,0.461250272956116,0.4409127140243072,rrt_star,False,0,0,4986,11.96274528934679,225,0,747,11.865607642861901,0.0,825,0,9,9,A,5434,0.4125,True,1.8729252339689992
0,38.80000000000009,388,0,,0.4739977580863645,0.46264843799872324,rrt_star,False,0,0,5412,14.272065568346708,289,0,793,14.17874841581226,0.0,889,0,8,8,A,5435,0.4375,True,1.9389332080027089
0,43.20000000000008,432,0,,0.4013687290646066,0.4741614040103741,rrt_star,False,0,0,5127,13.2395807065303,306,0,771,13.058273293793043,0.0,906,0,15,15,A,5436,0.375,True,4.762234355963301
0,40.100000000000136,401,0,,0.4450054769403923,0.5165369340102188,rrt_star,False,0,0,6781,18.312660570166454,408,0,917,18.006753758403118,0.0,1008,0,6,6,A,5437,0.4,True,1.7249299760151189
0,39.800000000000004,398,0,,0.46385296694599154,0.36228889698395506,rrt_star,False,0,0,4563,15.981498776683754,208,0,691,15.979234590517152,0.0,808,0,3,3,A,5438,0.425,True,0.7431270899542142
0,41.900000000000226,419,0,,0.4048213646559405,0.47126525701605715,rrt_star,False,0,0,5143,12.461119785650117,278,0,751,12.412415857483376,0.0,878,0,7,7,A,5439,0.4375,True,2.086688422015868
0,42.200000000000095,422,0,,0.4512734876345188,0.5354821189830545,rrt_star,False,0,0,5865,13.382532694542865,330,0,818,13.267237884332435,0.0,930,0,8,8,A,5440,0.475,True,1.822038055950543
0,40.300000000000175,403,0,,0.4086633380244566,0.3505225260159932,rrt_star,False,0,0,6148,21.715473695559517,376,0,864,21.67959452142978,0.0,976,0,5,5,A,5441,0.4,True,1.1863600500219036
0,45.40000000000017,454,0,,0.438797003926275,0.4747333510022145,rrt_star,False,0,0,5355,14.806625619817087,332,0,756,14.76357376185019,0.0,933,0,11,11,A,5442,0.425,True,3.321535131020937
0,43.000000000000135,430,0,,0.40225518873127486,0.5483038870152086,rrt_star,False,0,0,6275,12.408950012888761,405,0,863,12.3662687486733,0.0,1005,0,7,7,A,5443,0.4375,True,2.555624008993618
0,39.100000000000115,391,0,,0.43637099762256154,0.4829009269888047,rrt_star,False,0,0,4954,12.921291567517788,242,0,724,12.593711543710954,0.0,842,0,9,9,A,5444,0.5,True,2.428189538011793
0,37.900000000000034,379,0,,0.44818873977711843,0.42253458601771854,rrt_star,False,0,0,4025,10.254097089961887,154,0,619,10.254097089961887,0.0,754,0,9,9,A,5445,0.4625,True,2.354608462017495
0,50.70000000000027,507,2,,0.41085709082972904,0.4757194700068794,rrt_star,False,2,0,4811,19.937311732514463,274,0,740,19.730299905616928,0.0,874,0,13,13,A,5446,0.525,True,3.1632367280253675
0,40.1000000000001,401,0,,0.4904963103395443,0.5253246230131481,rrt_star,False,0,0,4831,11.999296235339282,308,0,729,11.946812193445094,0.0,908,0,8,8,A,5447,0.5125,True,2.5554272139561363
0,46.10000000000013,461,0,,0.44389808081645193,0.5717513920099009,rrt_star,False,0,0,3966,9.369439502108035,162,0,613,9.369439502108035,0.0,762,0,11,11,A,5448,0.5375,True,3.652803941979073
0,43.30000000000025,433,0,,0.46252853787826415,0.49948440201114863,rrt_star,False,0,0,4376,13.097765336205521,220,0,645,13.097765336205521,0.0,820,0,13,13,A,5449,0.5625,True,3.927051779028261
0,39.6000000000001,396,0,,0.4812071677074243,0.5221913330024108,rrt_star,False,0,0,5582,15.139896145185686,314,0,801,14.606713136390267,0.0,914,0,5,5,A,5450,0.45,True,1.2673381899949163
0,46.3000000000002,463,0,,0.44834842495896754,0.5232424690038897,rrt_star,False,0,0,7381,25.101243441071457,455,0,965,23.20629565867353,0.0,1055,0,8,8,A,5451,0.4875,True,1.8649251040187664
0,45.000000000000156,450,0,,0.40530130858613667,0.5216989809996448,rrt_star,False,0,0,6409,19.63645657931439,382,0,866,19.14223214232982,0.0,982,0,5,5,A,5452,0.5125,True,1.518917458015494
0,42.80000000000007,428,0,,0.41431432485605896,0.48163718500291,rrt_star,False,0,0,5459,19.42988613491364,364,0,804,19.124403128118992,0.0,964,0,8,8,A,5453,0.4375,True,2.4813186690444127
0,42.8000000000001,428,0,,0.4736336660767211,0.5476821339980233,rrt_star,False,0,0,6704,19.191415589524823,466,0,924,18.578964999188756,0.0,1066,0,5,5,A,5454,0.4625,True,1.5774957909889054
0,39.90000000000006,399,0,,0.4983910561655716,0.3951913730124943,rrt_star,False,0,0,7355,23.42231927637966,487,0,962,22.962588968595135,0.0,1087,0,6,6,A,5455,0.3625,True,1.3737301460059825
0,39.000000000000064,390,0,,0.45931883660675876,0.425470756017603,rrt_star,False,0,0,6728,14.887555106963925,402,0,918,14.887555106963925,0.0,1002,0,4,4,A,5456,0.3625,True,0.9396241460053716
0,46.00000000000023,460,0,,0.4142036966544758,0.5496964350168128,rrt_star,False,0,0,5582,18.817652945950343,347,0,805,18.765827050636982,0.0,947,0,7,7,A,5457,0.5625,True,2.5831096320180222
0,40.699999999999996,407,0,,0.4487157418247912,0.5329231790092308,rrt_star,False,0,0,5256,11.808300755059374,274,0,747,11.768130653199247,0.0,875,0,11,11,A,5458,0.4875,True,3.590239633951569
0,42.80000000000013,428,0,,0.4796476962401483,0.6353749660192989,rrt_star,False,0,0,6327,13.142124202046789,359,0,853,12.826725339815624,0.0,959,0,5,5,A,5459,0.525,True,1.4638842580316123
0,40.7000000000001,407,0,,0.43198982443508216,0.5256663159816526,rrt_star,False,0,0,5410,13.161887262792755,330,0,782,12.980231910359025,0.0,930,0,10,10,A,5460,0.4625,True,2.480672785983188
0,45.50000000000024,455,0,,0.4672980770732817,0.5887033540057018,rrt_star,False,0,0,4856,17.199183748749846,262,0,723,16.920313088648506,0.0,862,0,16,16,A,5461,0.5375,True,4.74450178197003
0,39.20000000000016,392,0,,0.4998999532527077,0.5167540310067125,rrt_star,False,0,0,5574,9.323113142737338,340,0,800,9.206316645008474,0.0,940,0,7,7,A,5462,0.425,True,1.97125401897938
0,38.10000000000003,381,0,,0.47961735302007225,0.5141178719932213,rrt_star,False,0,0,4503,10.316044103934654,191,0,659,10.29131906820522,0.0,791,0,6,6,A,5463,0.55,True,1.6922163409763016
0,41.60000000000015,416,0,,0.43557092027787414,0.5417727489839308,rrt_star,False,0,0,4968,11.552194647211616,238,0,729,11.539042867067561,0.0,838,0,9,9,A,5464,0.4875,True,2.4255567149666604
0,40.30000000000008,403,0,,0.4445209252557045,0.5252680419944227,rrt_star,False,0,0,4929,13.51065683046395,272,0,730,13.361071727697205,0.0,872,0,10,10,A,5465,0.475,True,3.4524355250468943
0,41.20000000000014,412,0,,0.437654031154339,0.4950091920036357,rrt_star,False,0,0,4337,9.060004488714156,246,0,665,8.952452249012602,0.0,846,0,9,9,A,5466,0.45,True,2.6168673380161636
0,39.20000000000015,392,0,,0.4432116884643881,0.5428339120117016,rrt_star,False,0,0,3427,9.815971242986665,154,0,530,9.791549269883284,0.0,754,0,11,11,A,5467,0.625,True,3.5950808850175235
0,43.500000000000234,435,0,,0.49603821911444307,0.36538711198954843,rrt_star,False,0,0,5522,26.2077553765055,375,0,774,25.724206818512542,0.0,975,0,7,7,A,5468,0.5125,True,1.7374064809409901
0,38.00000000000005,380,0,,0.4851449314712604,0.4841233750048559,rrt_star,False,0,0,6146,12.329832327586345,374,0,853,11.994001935327317,0.0,974,0,6,6,A,5469,0.3625,True,1.746925462037325
0,39.20000000000011,392,0,,0.4507860460597012,0.5980018020200077,rrt_star,False,0,0,5476,14.985333974306965,286,0,791,14.819680108436668,0.0,886,0,6,6,A,5470,0.525,True,1.846588385058567
0,41.200000000000145,412,0,,0.45899309285919143,0.4046057160012424,rrt_star,False,0,0,4441,14.366070188029408,262,0,654,14.366070188029408,0.0,862,0,10,10,A,5471,0.4875,True,2.5368881880131084
0,39.40000000000013,394,0,,0.48816158073862176,0.3594913209963124,rrt_star,False,0,0,4832,10.60525484207643,199,0,711,10.592081177968527,0.0,799,0,5,5,A,5472,0.35,True,1.2569757090241183
0,41.50000000000013,415,0,,0.43277795009752984,0.46489786499296315,rrt_star,False,0,0,5451,15.733665366981409,321,0,762,15.55929036347812,0.0,921,0,7,7,A,5473,0.4625,True,1.799751544953324
0,41.300000000000225,413,0,,0.40973256758539184,0.5032238920102827,rrt_star,False,0,0,4795,11.528247882636915,233,0,716,11.518322273709984,0.0,833,0,8,8,A,5474,0.5125,True,2.7643933170475066
0,48.70000000000033,487,0,,0.4709859056389833,0.6193241479923017,rrt_star,False,0,0,5224,12.388945693943741,280,0,752,12.38394975641109,0.0,880,0,11,11,A,5475,0.55,True,3.8846065489924513
0,39.40000000000014,394,0,,0.46732979025596816,0.33776059999945574,rrt_star,False,0,0,5710,15.474458881205422,323,0,808,15.473487351383215,0.0,923,0,7,7,A,5476,0.35,True,1.2155856149911415
0,41.10000000000008,411,0,,0.4673184606929931,0.46732182998675853,rrt_star,False,0,0,4611,10.35292200733293,213,0,706,10.319800170638747,0.0,813,0,10,10,A,5477,0.45,True,2.9581604349950794
0,41.20000000000012,412,0,,0.4872217002643865,0.6660775920026936,rrt_star,False,0,0,5940,12.096979051028447,339,0,849,12.094278565164602,0.0,939,0,11,11,A,5478,0.525,True,2.9344757319777273
0,40.700000000000124,407,0,,0.43901651083588095,0.5109989210031927,rrt_star,False,0,0,5939,13.11186713681461,352,0,829,12.887961712618058,0.0,952,0,12,12,A,5479,0.4375,True,3.8173732669092715
0,39.800000000000125,398,0,,0.4646286510311173,0.4413577870000154,rrt_star,False,0,0,6547,20.234482138291877,372,0,889,20.10219248011083,0.0,972,0,7,7,A,5480,0.45,True,2.071407251030905
0,38.49999999999995,385,0,,0.47520866130120426,0.4197591729753185,rrt_star,False,0,0,5663,16.9468552812301,329,0,811,16.90092950138646,0.0,929,0,10,10,A,5481,0.4625,True,2.2249341479619034
0,45.700000000000244,457,0,,0.49692167122107156,0.5873348770255689,rrt_star,False,0,0,6243,20.307809473254697,395,0,870,20.021817312664343,0.0,995,0,7,7,A,5482,0.5,True,2.0886258980317507
0,39.500000000000064,395,0,,0.4024345685688551,0.597955945006106,rrt_star,False,0,0,5492,13.275361535429061,279,0,793,13.127253796412129,0.0,879,0,8,8,A,5483,0.4,True,1.8402609729964752
0,51.10000000000008,511,0,,0.42696588432719373,0.6907332830014639,rrt_star,False,0,0,5048,9.699649841004055,333,0,717,9.68766516091268,0.0,933,0,12,12,A,5484,0.65,True,4.425669839052716
0,38.70000000000016,387,0,,0.47035540331290693,0.3945734260196332,rrt_star,False,0,0,5291,16.429926487498587,288,0,712,16.39774751681793,0.0,889,0,5,5,A,5485,0.4,True,0.8344446310366038
0,60.80000000000034,608,0,,0.4518356401102116,0.6883248240046669,rrt_star,False,0,0,6292,14.333242216341098,429,0,843,14.333242216341098,0.0,1029,0,10,10,A,5486,0.55,True,4.27893106197007
0,38.300000000000104,383,0,,0.449384191522453,0.3770763360080309,rrt_star,False,0,0,4465,13.997633862398361,204,0,703,13.870141235629792,0.0,804,0,4,4,A,5487,0.4,True,0.9903680179850198
0,51.10000000000037,511,0,,0.41905922640045296,0.5053670810011681,rrt_star,False,0,0,6991,25.264874503480392,477,0,928,24.90642423518159,0.0,1077,0,13,13,A,5488,0.4125,True,3.3858863530040253
0,44.800000000000125,448,0,,0.4600074727294697,0.5483321660140064,rrt_star,False,0,0,4361,9.201685516587673,173,0,653,9.16506518734207,0.0,773,0,11,11,A,5489,0.5875,True,3.383018057968002
0,38.3000000000001,383,0,,0.41235205599028296,0.5563349269796163,rrt_star,False,0,0,5650,13.235928623203835,292,0,807,13.217375750415815,0.0,892,0,3,3,A,5490,0.5,True,1.0129119559715036
0,52.4978792070413,525,2,,0.48644123180849014,0.5002612840034999,rrt_star,False,2,0,4669,13.663619244215733,241,0,716,13.603224026130325,0.0,841,0,13,13,A,5491,0.4875,True,3.7347462550678756
0,39.50000000000004,395,0,,0.42157625150897454,0.5086507780069951,rrt_star,False,0,0,5445,17.617014856374798,311,0,784,17.339219805587803,0.0,911,0,10,10,A,5492,0.5,True,2.7267972970439587
0,48.400000000000176,484,0,,0.44971011133191713,0.5898564079834614,rrt_star,False,0,0,5335,17.512513458786863,292,0,782,17.460564608207505,0.0,892,0,9,9,A,5493,0.55,True,2.943306847999338
0,38.10000000000014,381,0,,0.4126455985856227,0.4882014379836619,rrt_star,False,0,0,5962,16.917082571932955,329,0,836,16.84424121314189,0.0,930,0,9,9,A,5494,0.475,True,2.567462047911249
0,44.80000000000018,448,0,,0.46925352610423826,0.6271679300116375,rrt_star,False,0,0,4010,8.076872815968205,239,0,604,8.076872815968205,0.0,839,0,12,12,A,5495,0.65,True,5.271629795053741
0,41.20000000000019,412,0,,0.4117844256989521,0.47494587997789495,rrt_star,False,0,0,5616,18.372658305428814,316,0,811,18.13277748415419,0.0,916,0,7,7,A,5496,0.525,True,1.8497519179654773
0,44.80000000000021,448,0,,0.4958625736424375,0.5654681650048587,rrt_star,False,0,0,5394,13.783430923263701,316,0,778,13.705508730565137,0.0,917,0,8,8,A,5497,0.55,True,2.890969962987583
0,41.200000000000095,412,0,,0.41277656988343975,0.3497913909959607,rrt_star,False,0,0,5214,12.277045787846932,248,0,774,12.126501342023493,0.0,849,0,6,6,A,5498,0.3125,True,1.180786533979699
0,41.40000000000018,414,0,,0.4616898476893231,0.46882439899491146,rrt_star,False,0,0,5521,13.979642409811031,279,0,767,13.591450289678662,0.0,879,0,10,10,A,5499,0.4,True,2.8341380030324217
0,39.00000000000014,390,0,,0.41075469456926483,0.6474030620011035,rrt_star,False,0,0,5396,12.817308316882038,334,0,757,12.723549603580828,0.0,934,0,8,8,B,5000,0.43333333333333335,True,3.0668877990392502
0,50.5000000000003,505,0,,0.4333798658309109,0.7021541229914874,rrt_star,False,0,0,3661,10.047252828201485,142,0,563,9.850646822783638,0.0,742,0,19,19,B,5001,0.5166666666666667,True,6.56708461092785
0,41.900000000000176,419,0,,0.42650053273985605,0.645522782986518,rrt_star,False,0,0,5088,13.85436789407563,301,0,747,13.839112763945957,0.0,901,0,13,13,B,5002,0.45,True,5.02185891897534
0,41.50000000000019,415,0,,0.41255924728674376,1.049977577989921,rrt_star,False,0,0,7584,12.64433454969524,618,0,982,11.871667929705058,0.0,1218,0,12,12,B,5003,0.45,True,6.498537927021971
0,39.10000000000015,391,0,,0.44395455403176537,0.5751518989854958,rrt_star,False,0,0,4419,11.00956024713395,203,0,656,10.969746225650338,0.0,803,0,9,9,B,5004,0.4083333333333333,True,2.8505647080310155
0,55.10000000000032,551,0,,0.4487254435211569,0.8917071979958564,rrt_star,False,0,0,6344,19.437898299685703,441,0,883,19.01866528736446,0.0,1041,0,13,13,B,5005,0.5416666666666666,True,4.938794277986744
0,41.00000000000019,410,0,,0.4251338177911311,0.6002737579983659,rrt_star,False,0,0,5702,16.457857329664208,309,0,812,16.351318800413637,0.0,910,0,10,10,B,5006,0.4,True,3.573606465011835
0,41.00000000000012,410,0,,0.41125674820289393,0.7164106450218242,rrt_star,False,0,0,4927,8.121586228310775,207,0,715,8.121586228310775,0.0,807,0,9,9,B,5007,0.45,True,3.9090893950196914
0,63.30000000000052,633,0,,0.4794400077402586,1.300532902998384,rrt_star,False,0,0,6025,20.385078054886755,413,0,833,19.82050823975711,0.0,1013,0,12,12,B,5008,0.5166666666666667,True,8.256478987954324
0,43.7000000000003,437,0,,0.4366444462850567,0.6271287710114848,rrt_star,False,0,0,5661,16.54004409221358,383,0,811,16.386176749320057,0.0,983,0,8,8,B,5009,0.44166666666666665,True,3.5629835949803237
0,39.90000000000017,399,0,,0.4078546963568564,0.6888160409871489,rrt_star,False,0,0,6019,12.004281764001131,395,0,867,11.250479334299662,0.0,995,0,7,7,B,5010,0.35833333333333334,True,2.372946054994827
0,46.70000000000015,467,0,,0.48214525823935056,1.1303518140048254,rrt_star,False,0,0,7957,17.90125377729653,586,0,1025,15.231276502066317,0.0,1186,0,14,14,B,5011,0.5166666666666667,True,6.556460889027221
0,38.50000000000007,385,0,,0.45793589301375465,0.8444658860098571,rrt_star,False,0,0,5674,10.579299823632422,351,0,814,10.396563171874215,0.0,951,0,10,10,B,5012,0.48333333333333334,True,4.496531352051534
0,41.10000000000015,411,0,,0.45974536600934124,0.7179389340162743,rrt_star,False,0,0,5063,10.541257653559498,283,0,760,10.503823253427072,0.0,883,0,7,7,B,5013,0.44166666666666665,True,2.0580385400680825
0,41.30000000000011,413,0,,0.4205535174113897,0.8531898350047413,rrt_star,False,0,0,6589,15.977665416987977,486,0,854,15.977665416987977,0.0,1086,0,12,12,B,5014,0.4166666666666667,True,5.452058449969627
0,44.60000000000021,446,0,,0.4342278384287419,0.5550318080058787,rrt_star,False,0,0,5449,18.734613861717037,322,0,777,18.6537456171217,0.0,922,0,12,12,B,5015,0.4083333333333333,True,3.7649235800199676
0,39.1000000000001,391,0,,0.46587454879255125,0.6009858689794783,rrt_star,False,0,0,4431,12.747855039254217,230,0,678,12.715178898747563,0.0,830,0,10,10,B,5016,0.44166666666666665,True,3.88294629091979
0,49.10000000000018,491,1,,0.47993499263073464,1.0538467059959657,rrt_star,False,1,0,5243,16.45684358770811,303,0,773,16.043180054504397,0.0,903,0,15,15,B,5017,0.525,True,6.8066906269523315
0,41.10000000000003,411,0,,0.479317997054175,0.6265194570005406,rrt_star,False,0,0,4462,9.143687806653888,231,0,663,9.094337191515656,0.0,831,0,8,8,B,5018,0.425,True,2.207746221043635
0,38.600000000000016,386,0,,0.48671659023930697,0.8626169950002804,rrt_star,False,0,0,6221,12.474633675633237,367,0,842,12.309254429646655,0.0,967,0,5,5,B,5019,0.49166666666666664,True,2.429249148030067
0,42.300000000000104,423,0,,0.401594188717199,0.7188615710183512,rrt_star,False,0,0,6186,12.208421292314622,377,0,848,12.173472621481107,0.0,977,0,7,7,B,5020,0.375,True,1.895650906051742
0,42.19999999999992,422,0,,0.4814204636853909,1.128448275005212,rrt_star,False,0,0,7002,14.23975353612263,539,0,912,14.23975353612263,0.0,1139,0,16,16,B,5021,0.49166666666666664,True,7.713035789056448
0,43.400000000000226,434,0,,0.46433045050073996,0.8708205610164441,rrt_star,False,0,0,3983,12.633996131929756,194,0,595,12.571391467459073,0.0,794,0,10,10,B,5022,0.5,True,3.8584166160435416
0,43.20000000000019,432,0,,0.4065582954542476,0.8190988670103252,rrt_star,False,0,0,5307,10.42290037850301,305,0,775,10.42290037850301,0.0,906,0,15,15,B,5023,0.48333333333333334,True,6.578172706038458
0,41.200000000000166,412,0,,0.48789755871563545,0.6950229550129734,rrt_star,False,0,0,4992,14.245747840030472,277,0,704,14.207320354746109,0.0,877,0,13,13,B,5024,0.5,True,5.214461013034452
0,37.80000000000004,378,0,,0.4837791263912003,0.6441436629975215,rrt_star,False,0,0,4632,13.23052919116666,305,0,681,13.09861338831799,0.0,905,0,4,4,B,5025,0.4666666666666667,True,1.4535745920147747
0,41.00000000000016,410,0,,0.4962799022282837,0.48919257998932153,rrt_star,False,0,0,4991,14.264217418561037,264,0,736,14.157081972640519,0.0,864,0,10,10,B,5026,0.36666666666666664,True,2.796406251989538
0,42.500000000000185,425,0,,0.4748189129701101,0.573761065985309,rrt_star,False,0,0,4140,8.402485213317373,210,0,626,8.19943507782743,0.0,810,0,9,9,B,5027,0.425,True,2.7807810309750494
0,58.50000000000033,585,0,,0.43349843426185314,0.878095169988228,rrt_star,False,0,0,5212,15.27290312587706,382,0,743,14.66874724643692,0.0,983,0,15,15,B,5028,0.45,True,7.205876895954134
0,47.50000000000024,475,0,,0.43804286362211753,0.6195359409903176,rrt_star,False,0,0,5024,12.208824898644384,262,0,723,12.15671624673958,0.0,862,0,11,11,B,5029,0.45,True,3.718371088936692
0,40.70000000000009,407,0,,0.44348377022420765,0.5673410900053568,rrt_star,False,0,0,6351,21.32815058232587,371,0,878,21.27281318181618,0.0,971,0,9,9,B,5030,0.49166666666666664,True,3.5313223430130165
0,41.2000000000001,412,0,,0.47778323876504375,0.753549277986167,rrt_star,False,0,0,5319,11.007171960114187,310,0,762,11.007171960114187,0.0,910,0,13,13,B,5031,0.4583333333333333,True,4.744380930031184
0,38.50000000000022,385,0,,0.49552621521412915,0.8151274170086253,rrt_star,False,0,0,6157,13.439068098207821,379,0,871,13.125113992424199,0.0,979,0,8,8,B,5032,0.45,True,4.086575599038042
0,37.699999999999996,377,0,,0.48620829814451977,0.6387252229906153,rrt_star,False,0,0,6022,14.470343783347579,370,0,852,14.212066310587765,0.0,970,0,7,7,B,5033,0.4166666666666667,True,2.657644482998876
0,46.3000000000003,463,0,,0.49130163619973655,0.7180598489940166,rrt_star,False,0,0,7229,25.195170247940062,514,0,946,24.496079308595913,0.0,1114,0,7,7,B,5034,0.375,True,2.2359815690433607
0,42.900000000000276,429,0,,0.4513985910290454,0.7146742280165199,rrt_star,False,0,0,5483,15.568107548291078,355,0,785,14.733619370556855,0.0,955,0,12,12,B,5035,0.475,True,5.30347925904789
0,43.200000000000124,432,0,,0.4318461075867339,0.7512170069967397,rrt_star,False,0,0,4544,10.444518227071347,260,0,687,10.443947271775398,0.0,860,0,14,14,B,5036,0.5416666666666666,True,5.670817608042853
0,42.600000000000094,426,0,,0.45242154068312934,0.6516132179822307,rrt_star,False,0,0,4370,14.905751364125503,231,0,660,14.872739867110921,0.0,831,0,11,11,B,5037,0.45,True,3.787737410981208
0,46.400000000000254,464,0,,0.4005810429105513,0.7133234670036472,rrt_star,False,0,0,4628,14.86279869680703,289,0,670,14.06233866799384,0.0,889,0,15,15,B,5038,0.49166666666666664,True,5.790356520970818
0,39.30000000000015,393,0,,0.49652471427316813,0.585956671013264,rrt_star,False,0,0,5366,17.36642915442896,291,0,803,17.32704251872262,0.0,891,0,12,12,B,5039,0.45,True,3.35189453305793
0,49.20000000000024,492,0,,0.44068301841568736,0.7579276220058091,rrt_star,False,0,0,4749,9.233321496102032,242,0,709,9.078678059269256,0.0,843,0,15,15,B,5040,0.5,True,5.931736121012364
0,39.00000000000007,390,0,,0.4827498190303841,0.6022074529901147,rrt_star,False,0,0,4810,9.39933935711965,198,0,725,9.39933935711965,0.0,798,0,8,8,B,5041,0.4083333333333333,True,2.4957941959728487
0,53.1000000000002,531,0,,0.4935676300918155,0.9770887779886834,rrt_star,False,0,0,6347,12.355345796333719,418,0,905,12.326093787158076,0.0,1018,0,15,15,B,5042,0.5166666666666667,True,7.2263998149719555
0,43.00000000000008,430,0,,0.4996294699859367,0.7262196990195662,rrt_star,False,0,0,5386,15.338815984900817,294,0,783,14.921147056536721,0.0,894,0,18,18,B,5043,0.5333333333333333,True,6.895805230044061
0,39.90000000000009,399,0,,0.41335392919462066,0.7083965069905389,rrt_star,False,0,0,6140,14.467573088552482,389,0,848,14.220985237606984,0.0,989,0,12,12,B,5044,0.44166666666666665,True,4.800601649971213
0,39.800000000000004,398,0,,0.4521855112273403,0.6700978089938872,rrt_star,False,0,0,5337,12.51372095915651,361,0,758,12.465282045670069,0.0,961,0,6,6,B,5045,0.4166666666666667,True,2.4454396340297535
0,43.70000000000014,437,0,,0.4345156199726252,0.697252253012266,rrt_star,False,0,0,4876,15.482926196994287,246,0,742,15.359772462410167,0.0,846,0,11,11,B,5046,0.49166666666666664,True,3.7592417310224846
0,39.40000000000009,394,0,,0.47872506741253606,0.6691881570150144,rrt_star,False,0,0,4207,9.205680795040525,158,0,650,9.185538262706315,0.0,758,0,10,10,B,5047,0.425,True,3.576790600985987
0,42.10000000000008,421,0,,0.4327509035499901,0.6996167179895565,rrt_star,False,0,0,5887,14.037067109726713,382,0,844,13.951611339676106,0.0,982,0,13,13,B,5048,0.4583333333333333,True,4.744370588014135
0,44.70000000000016,447,0,,0.4874916473914311,0.7776055300200824,rrt_star,False,0,0,5358,17.599950136055728,368,0,769,17.32537332253704,0.0,968,0,11,11,B,5049,0.525,True,3.966654245974496
0,37.80000000000007,378,0,,0.4911644034104608,0.7149414219893515,rrt_star,False,0,0,8605,21.827186700105045,580,0,1090,21.513776368728468,0.0,1180,0,8,8,B,5050,0.4083333333333333,True,3.1761584710038733
0,48.70000000000032,487,0,,0.42615140943919305,0.828583896975033,rrt_star,False,0,0,4354,8.313826776634958,229,0,650,8.228405819040846,0.0,829,0,10,10,B,5051,0.5833333333333334,True,5.9498595359618776
0,49.60000000000038,496,0,,0.43533287675894844,0.8758666140201967,rrt_star,False,0,0,4769,9.049230194651383,269,0,710,9.049230194651381,0.0,869,0,13,13,B,5052,0.5833333333333334,True,6.214946817985037
0,44.7000000000002,447,0,,0.4530497425768549,0.898045923007885,rrt_star,False,0,0,7160,20.020214259570206,488,0,971,19.132031773312086,0.0,1088,0,12,12,B,5053,0.475,True,6.095320219930727
0,38.0,380,0,,0.45458166068089834,0.6427846479928121,rrt_star,False,0,0,5100,11.959635713023133,268,0,728,11.959635713023133,0.0,868,0,10,10,B,5054,0.44166666666666665,True,3.3181584530102555
0,38.3000000000001,383,0,,0.4234627081311391,0.4962360159843229,rrt_star,False,0,0,6079,23.823807956660477,327,0,862,23.17063542991364,0.0,927,0,5,5,B,5055,0.44166666666666665,True,1.612629785988247
0,39.60000000000009,396,0,,0.43934535870421176,0.6834767829859629,rrt_star,False,0,0,5161,10.88829959930401,262,0,764,10.88829959930401,0.0,862,0,6,6,B,5056,0.39166666666666666,True,1.8904699360136874
0,42.00000000000009,420,0,,0.48992126321679735,0.7554554289963562,rrt_star,False,0,0,4668,8.230693501402024,203,0,701,8.207399455523667,0.0,803,0,15,15,B,5057,0.5166666666666667,True,5.210763241921086
0,39.100000000000044,391,0,,0.43818354759146544,0.5675953699974343,rrt_star,False,0,0,6948,15.29107543285951,406,0,937,15.24822930218435,0.0,1006,0,5,5,B,5058,0.31666666666666665,True,1.375699864962371
0,37.899999999999835,379,0,,0.4958555611687489,0.6415110740053933,rrt_star,False,0,0,4593,10.71634024850802,185,0,681,10.59919068265247,0.0,786,0,12,12,B,5059,0.4583333333333333,True,3.450330621970352
0,39.40000000000013,394,0,,0.4923843588212277,0.634045615006471,rrt_star,False,0,0,4040,9.601501213850039,158,0,621,9.601501213850039,0.0,758,0,10,10,B,5060,0.49166666666666664,True,4.024066651036264
0,37.49999999999988,375,0,,0.45691394120940304,0.4168631859938614,rrt_star,False,0,0,5279,18.493012934719367,279,0,762,18.46659322207504,0.0,879,0,6,6,B,5061,0.45,True,1.4587749560014345
0,40.00000000000017,400,0,,0.40703625060379683,0.8643997219915036,rrt_star,False,0,0,5372,8.554283970204608,341,0,776,8.554283970204608,0.0,941,0,13,13,B,5062,0.5166666666666667,True,5.975739769026404
0,41.50000000000021,415,0,,0.40973530647076084,0.6279985260043759,rrt_star,False,0,0,5093,10.423774298354155,265,0,758,10.423774298354155,0.0,865,0,8,8,B,5063,0.38333333333333336,True,2.9187698010355234
0,43.30000000000014,433,0,,0.4291071564456666,0.7124805500207003,rrt_star,False,0,0,5460,12.723644336672201,283,0,802,12.342956947173679,0.0,883,0,13,13,B,5064,0.475,True,5.320069538021926
0,44.700000000000294,447,0,,0.49938982705822416,0.8330618829932064,rrt_star,False,0,0,6653,19.25178362007023,473,0,896,18.733327433146076,0.0,1073,0,11,11,B,5065,0.5083333333333333,True,4.6681403939728625
0,43.10000000000018,431,0,,0.46153932242987644,0.6206412030151114,rrt_star,False,0,0,6210,14.695175087693897,334,0,844,14.677044786294875,0.0,934,0,5,5,B,5066,0.39166666666666666,True,1.8350830519921146
0,36.700000000000074,367,0,,0.4097681446027222,0.6332027919997927,rrt_star,False,0,0,4875,11.521474293694707,260,0,703,11.417994956584758,0.0,860,0,6,6,B,5067,0.4166666666666667,True,2.064788124000188
0,56.70000000000033,567,0,,0.4987098122147856,1.3024466600036249,rrt_star,False,0,0,6171,10.146792925192164,503,0,818,9.93475710463785,0.0,1104,0,19,19,B,5068,0.6833333333333333,True,15.160855537018506
0,42.10000000000022,421,0,,0.45658761380495944,0.5594104479823727,rrt_star,False,0,0,3125,9.26432682939854,123,0,479,9.26432682939854,0.0,725,0,9,9,B,5069,0.4166666666666667,True,2.6737964229250792
0,42.3000000000002,423,0,,0.467151062463931,1.046177986980183,rrt_star,False,0,0,5520,13.30628126763728,366,0,798,13.30628126763728,0.0,966,0,15,15,B,5070,0.49166666666666664,True,6.576990305038635
0,43.4000000000002,434,0,,0.473024022364071,0.6170120459864847,rrt_star,False,0,0,5212,17.27982059908161,282,0,776,16.622413267383582,0.0,882,0,9,9,B,5071,0.4166666666666667,True,3.6610626979963854
0,36.700000000000095,367,0,,0.44637397969443293,0.4866370630043093,rrt_star,False,0,0,4735,13.783068310688703,255,0,711,13.57413760534575,0.0,855,0,10,10,B,5072,0.4,True,2.3227070799912326
0,41.600000000000186,416,0,,0.4626187995114521,0.8120501619996503,rrt_star,False,0,0,5378,11.385256024858027,288,0,776,11.170112284424736,0.0,888,0,12,12,B,5073,0.5,True,5.793900174961891
0,40.50000000000019,405,0,,0.444019862786255,0.7898879229906015,rrt_star,False,0,0,6008,12.450399368163104,400,0,860,12.450399368163103,0.0,1000,0,6,6,B,5074,0.4583333333333333,True,2.9838625959528144
0,39.800000000000104,398,0,,0.49640292237331063,0.5397834310133476,rrt_star,False,0,0,5233,17.55997258714642,275,0,770,17.43047506259018,0.0,875,0,6,6,B,5075,0.4083333333333333,True,1.883530602994142
0,43.600000000000186,436,0,,0.4792207545636526,0.6630817370023578,rrt_star,False,0,0,4955,9.129186886387807,245,0,745,9.092286491384051,0.0,845,0,12,12,B,5076,0.425,True,3.1292996029369533
0,39.00000000000013,390,0,,0.4027149568765232,0.6500238410080783,rrt_star,False,0,0,5828,11.660658346924384,360,0,835,11.160832132360662,0.0,960,0,10,10,B,5077,0.36666666666666664,True,3.4510183660604525
0,39.09999999999999,391,0,,0.49438367534968686,0.5679427799768746,rrt_star,False,0,0,4572,10.507168735611186,225,0,684,10.40731408415561,0.0,825,0,7,7,B,5078,0.39166666666666666,True,2.1111705799703486
0,38.50000000000011,385,0,,0.429321259756937,0.6772800009930506,rrt_star,False,0,0,4725,11.209786860565618,269,0,664,11.155944808454123,0.0,869,0,10,10,B,5079,0.475,True,4.313118351972662
0,39.30000000000016,393,0,,0.4245083795953461,0.645757673017215,rrt_star,False,0,0,4355,8.632131171807547,457,0,626,8.632131171807547,0.0,1057,0,10,10,B,5080,0.4166666666666667,True,3.448014599009184
0,39.40000000000003,394,0,,0.45619462087409085,0.6253614150045905,rrt_star,False,0,0,4015,10.390085696298584,209,0,618,10.260903637205613,0.0,810,0,10,10,B,5081,0.475,True,3.8159937299788
0,39.20000000000014,392,0,,0.4556802632952084,0.783726966008544,rrt_star,False,0,0,4645,8.792861777298862,253,0,674,8.792861777298862,0.0,853,0,8,8,B,5082,0.45,True,3.283762000995921
0,39.80000000000002,398,0,,0.40586195040147216,0.47479789800127037,rrt_star,False,0,0,5689,22.310241962569357,334,0,810,22.17475802223391,0.0,936,0,8,8,B,5083,0.45,True,1.5821335579967126
0,40.20000000000015,402,0,,0.46436735810082647,0.7345973700284958,rrt_star,False,0,0,5457,10.768859894509665,380,0,784,10.768858104241108,0.0,981,0,13,13,B,5084,0.425,True,5.239981233986327
0,46.4000000000002,464,0,,0.4864140150370764,0.6807610279938672,rrt_star,False,0,0,4214,11.032901644791515,155,0,643,10.9901773654207,0.0,755,0,14,14,B,5085,0.475,True,5.426259311003378
0,41.90000000000017,419,0,,0.4217710301079844,0.5840381059970241,rrt_star,False,0,0,4195,14.115134851697302,220,0,646,14.0441687385944,0.0,820,0,12,12,B,5086,0.48333333333333334,True,4.2692198349686805
0,54.300000000000324,543,1,,0.4459015035424694,0.8050382320070639,rrt_star,False,1,0,5098,12.303101084846753,324,0,718,12.274237238058623,0.0,925,0,16,16,B,5087,0.5583333333333333,True,7.373942683974747
0,50.10000000000023,501,0,,0.45623796215985296,0.624341729999287,rrt_star,False,0,0,6106,20.39402730261589,370,0,849,20.390450595472096,0.0,970,0,8,8,B,5088,0.55,True,2.454565064952476
0,40.9000000000001,409,0,,0.49483303132189976,0.7873648540116847,rrt_star,False,0,0,7126,11.408343547696358,507,0,959,11.01276389647271,0.0,1107,0,9,9,B,5089,0.36666666666666664,True,2.854576734069269
0,48.200000000000244,482,0,,0.4490628683247096,0.7920138440094888,rrt_star,False,0,0,4506,10.559112037580732,206,0,667,10.5065204321137,0.0,806,0,9,9,B,5090,0.5416666666666666,True,5.067531070992118
0,40.00000000000018,400,0,,0.44662664339753333,0.5768746039830148,rrt_star,False,0,0,4505,10.982178393673513,199,0,683,10.965813642702166,0.0,799,0,11,11,B,5091,0.43333333333333335,True,3.176544367946917
0,41.100000000000065,411,0,,0.4756046437584649,0.5836367869924288,rrt_star,False,0,0,4891,11.894432327709643,268,0,719,11.787242307392361,0.0,868,0,12,12,B,5092,0.44166666666666665,True,3.988808240945218
0,39.7000000000002,397,0,,0.49794228678930424,0.821976248989813,rrt_star,False,0,0,6922,10.317594743097487,458,0,919,10.303177673602585,0.0,1058,0,9,9,B,5093,0.43333333333333335,True,4.462427600985393
0,39.100000000000165,391,0,,0.49367399981018706,0.5945386799867265,rrt_star,False,0,0,4475,9.54175706172889,152,0,677,9.507807594665945,0.0,752,0,9,9,B,5094,0.4083333333333333,True,3.5175217259966303
0,41.000000000000135,410,0,,0.4815651621880109,0.4646358590107411,rrt_star,False,0,0,5273,16.21737713119983,254,0,771,16.21737713119983,0.0,854,0,9,9,B,5095,0.4083333333333333,True,2.5712971850007307
0,39.70000000000022,397,0,,0.41372655376808354,0.6997063420130871,rrt_star,False,0,0,5286,12.912467317978527,273,0,763,12.82755134570011,0.0,873,0,12,12,B,5096,0.425,True,4.114127844979521
0,42.80000000000016,428,0,,0.46957734402376305,0.7493814660119824,rrt_star,False,0,0,5760,17.40220254955376,395,0,821,17.394827219945984,0.0,995,0,15,15,B,5097,0.5083333333333333,True,6.05879144204664
0,37.80000000000011,378,0,,0.43756105923644767,0.7039540440018754,rrt_star,False,0,0,6252,14.474124147852109,377,0,889,14.452054863128733,0.0,977,0,6,6,B,5098,0.475,True,1.7406144060078077
0,54.60000000000044,546,0,,0.4536989997057497,1.340279094001744,rrt_star,False,0,0,7992,12.848507351745042,575,0,1006,12.595913853693908,0.0,1175,0,15,15,B,5099,0.6166666666666667,True,9.335740836104378
0,44.200000000000166,442,0,,0.49716027209170555,0.8138934219896328,rrt_star,False,0,0,4639,8.20944161463407,251,0,693,8.20944161463407,0.0,851,0,20,20,B,5100,0.55,True,9.486857153038727
0,49.40000000000028,494,0,,0.41132822995055385,0.7683326929982286,rrt_star,False,0,0,6731,22.609094634087167,510,0,936,22.470274174702915,0.0,1110,0,8,8,B,5101,0.5333333333333333,True,3.072672971029533
0,41.50000000000015,415,0,,0.4106141471712672,0.6063429809873924,rrt_star,False,0,0,5694,14.959781826934565,321,0,797,14.939236477326759,0.0,921,0,6,6,B,5102,0.425,True,2.020876855007373
0,46.70000000000023,467,0,,0.4675082483776317,1.040136244992027,rrt_star,False,0,0,5934,14.773360247948546,412,0,818,14.528390989090886,0.0,1012,0,15,15,B,5103,0.475,True,6.552222079975763
0,46.8000000000002,468,0,,0.4613321608560974,1.2758663980057463,rrt_star,False,0,0,4331,10.665492699378458,199,0,663,10.665492699378458,0.0,799,0,9,9,B,5104,0.525,True,4.194714287004899
0,41.600000000000236,416,0,,0.44945078495920276,1.1765497820160817,rrt_star,False,0,0,6244,13.420338276409899,495,0,883,13.266721125416957,0.0,1095,0,11,11,B,5105,0.5083333333333333,True,5.596405283024069
0,42.400000000000176,424,0,,0.47845467035051426,0.9408119969884865,rrt_star,False,0,0,4987,8.80595558317387,317,0,694,8.80595558317387,0.0,917,0,14,14,B,5106,0.5,True,6.842690063000191
0,41.90000000000009,419,0,,0.42806178906015124,0.8304379559995141,rrt_star,False,0,0,4812,12.321456876811302,203,0,722,12.140601757124607,0.0,803,0,12,12,B,5107,0.49166666666666664,True,5.48214389194618
0,42.4000000000002,424,0,,0.4444653332924362,0.5925680289801676,rrt_star,False,0,0,6689,15.112973175313918,369,0,898,15.112973175313918,0.0,969,0,6,6,B,5108,0.30833333333333335,True,2.397026989987353
0,44.20000000000028,442,0,,0.44727005439416406,0.8847251060069539,rrt_star,False,0,0,6771,12.066575569000717,424,0,901,12.062373067142692,0.0,1024,0,9,9,B,5109,0.4666666666666667,True,3.1193020210193936
0,37.50000000000006,375,0,,0.44798584186857954,0.5479334550036583,rrt_star,False,0,0,3786,14.364138759850768,166,0,581,14.364138759850768,0.0,766,0,11,11,B,5110,0.4583333333333333,True,3.2280659710231703
0,42.182661218665245,422,0,,0.4911593578087048,0.6621650269953534,rrt_star,False,0,0,4891,15.005635966137586,234,0,725,14.997336726783542,0.0,834,0,16,16,B,5111,0.5,True,5.634042541991221
0,42.6000000000001,426,0,,0.4932653872291626,0.5364658469916321,rrt_star,False,0,0,4814,14.95712868250019,238,0,679,14.905732350430617,0.0,838,0,14,14,B,5112,0.35,True,4.101907264936017
0,47.50000000000022,475,0,,0.4311781195905993,0.627781239018077,rrt_star,False,0,0,5038,17.96190362004399,246,0,740,17.96190362004399,0.0,846,0,13,13,B,5113,0.5833333333333334,True,5.055256564024603
0,48.30000000000019,483,0,,0.433084762114558,1.0253070660110097,rrt_star,False,0,0,5672,11.403357712558616,371,0,815,11.379088879642516,0.0,971,0,10,10,B,5114,0.5,True,6.167122860002564
0,39.20000000000012,392,0,,0.4359029371653441,0.7521393359929789,rrt_star,False,0,0,6002,12.485621626086473,400,0,837,12.485621626086473,0.0,1000,0,13,13,B,5115,0.44166666666666665,True,5.169083857967053
0,38.30000000000011,383,0,,0.42479803518334575,0.8497317810251843,rrt_star,False,0,0,5273,9.640097060554217,263,0,740,9.537260681446043,0.0,863,0,9,9,B,5116,0.5166666666666667,True,3.2919887580210343
0,44.700000000000166,447,0,,0.4577224262519613,1.03453886997886,rrt_star,False,0,0,5430,11.280673640361636,387,0,750,11.27899787823206,0.0,987,0,19,19,B,5117,0.625,True,10.66573275293922
0,40.500000000000085,405,0,,0.41325076090934965,0.7459917200030759,rrt_star,False,0,0,5345,12.603504556720365,288,0,768,12.27697007682225,0.0,889,0,11,11,B,5118,0.4666666666666667,True,4.495706054993207
0,52.300000000000296,523,0,,0.49196578870303215,0.8942974650126416,rrt_star,False,0,0,5236,11.571235519383341,301,0,753,11.399609324477632,0.0,901,0,16,16,B,5119,0.5416666666666666,True,8.606356842094101
0,57.100000000000335,571,0,,0.4297792291634323,0.9119689840008505,rrt_star,False,0,0,7107,25.919660725770697,570,0,925,25.744289672948266,0.0,1170,0,11,11,B,5120,0.5666666666666667,True,5.015866956091486
0,41.000000000000185,410,0,,0.42320938970172606,0.5348101860145107,rrt_star,False,0,0,5447,18.979630066110307,263,0,785,18.73724173405793,0.0,863,0,9,9,B,5121,0.4083333333333333,True,2.5020432810124476
0,46.00000000000011,460,0,,0.4008901416349829,0.9139895809930749,rrt_star,False,0,0,6986,10.614436713927917,500,0,939,10.451680282435511,0.0,1101,0,14,14,B,5122,0.4666666666666667,True,6.205233409011271
0,38.699999999999996,387,0,,0.40513267434208267,0.910586415004218,rrt_star,False,0,0,5537,11.506880981236353,300,0,784,11.420052026259244,0.0,901,0,14,14,B,5123,0.55,True,6.272137063002447
0,40.100000000000136,401,0,,0.4154658019578022,0.6386625890154392,rrt_star,False,0,0,5202,17.549746819939234,248,0,731,17.549746819939234,0.0,848,0,12,12,B,5124,0.525,True,3.854778758948669
0,47.500000000000206,475,0,,0.46349694388291046,0.7925011210027151,rrt_star,False,0,0,5991,21.574473292694705,403,0,824,21.491369740462325,0.0,1003,0,9,9,B,5125,0.5583333333333333,True,3.578711486014072
0,39.80000000000016,398,0,,0.47844442918326846,0.5380103959760163,rrt_star,False,0,0,4723,10.92983972229231,205,0,712,10.796782557098988,0.0,805,0,9,9,B,5126,0.36666666666666664,True,2.983650261943694
0,49.3000000000003,493,0,,0.47950690207781427,1.290483860007953,rrt_star,False,0,0,5090,10.285396295896534,265,0,736,10.285396295896534,0.0,865,0,22,22,B,5127,0.55,True,11.873068347980734
0,38.00000000000014,380,0,,0.4953995083592559,0.6885556660126895,rrt_star,False,0,0,5290,13.853748343622527,254,0,753,13.817506959403623,0.0,855,0,10,10,B,5128,0.4083333333333333,True,4.627345470013097
0,51.66550650244532,517,0,,0.4940245682656119,0.7118648019968532,rrt_star,False,0,0,3982,13.780661596277888,270,0,600,13.768912079494276,0.0,871,0,16,16,B,5129,0.5666666666666667,True,7.082442808023188
0,45.4000000000002,454,0,,0.43263913129205217,0.683506514003966,rrt_star,False,0,0,4575,10.753751797727482,220,0,700,10.752851464001596,0.0,820,0,8,8,B,5130,0.5,True,4.081093222979689
0,40.10000000000011,401,0,,0.4729984611814959,0.7096391380182467,rrt_star,False,0,0,5326,9.877905129514232,275,0,735,9.798658800373973,0.0,875,0,9,9,B,5131,0.45,True,2.684487058024388
0,49.10000000000027,491,0,,0.4331437321598569,0.6109796060191002,rrt_star,False,0,0,5926,27.84273318822114,383,0,837,27.332072272653914,0.0,983,0,11,11,B,5132,0.4,True,4.046360959968297
0,39.399999999999956,394,0,,0.44606140928138127,0.6222465799946804,rrt_star,False,0,0,4937,9.307334145931373,246,0,736,9.255740742559667,0.0,846,0,11,11,B,5133,0.38333333333333336,True,4.100022881029872
0,40.20000000000012,402,0,,0.47765422052025985,0.5344610379834194,rrt_star,False,0,0,4761,14.922308791091321,336,0,680,14.911272012915694,0.0,936,0,12,12,B,5134,0.43333333333333335,True,4.059162021090742
0,49.30000000000027,493,0,,0.4061705360739291,0.8355018669972196,rrt_star,False,0,0,5421,19.171735943073934,376,0,790,19.03098603852332,0.0,976,0,14,14,B,5135,0.6083333333333333,True,5.527873425045982
0,37.90000000000008,379,0,,0.4340379143739294,0.5816466230025981,rrt_star,False,0,0,5318,16.18424189766532,264,0,792,15.9539046643537,0.0,864,0,6,6,B,5136,0.4583333333333333,True,1.8295455570041668
0,41.90000000000021,419,0,,0.47799305903888967,0.8147366759949364,rrt_star,False,0,0,5950,12.526665847126576,376,0,820,12.504768200415597,0.0,976,0,10,10,B,5137,0.4666666666666667,True,5.411097789969062
0,37.90000000000003,379,0,,0.49264310838753683,0.780758477980271,rrt_star,False,0,0,5821,15.498612359173588,379,0,824,15.218512824572754,0.0,980,0,9,9,B,5138,0.5333333333333333,True,3.722087175992783
0,46.40000000000008,464,0,,0.4029779634434853,0.7445534899889026,rrt_star,False,0,0,5753,8.555122777118813,358,0,810,8.214914711541464,0.0,959,0,11,11,B,5139,0.425,True,5.081888515938772
0,41.30000000000031,413,0,,0.40658910901754014,0.8442326550139114,rrt_star,False,0,0,5910,9.432605224209036,322,0,826,9.418492075626887,0.0,922,0,11,11,B,5140,0.4666666666666667,True,5.501272024965147
0,46.00000000000009,460,0,,0.40246301264066436,1.0300028949859552,rrt_star,False,0,0,6990,11.346704350448688,479,0,929,11.311600884836283,0.0,1079,0,19,19,B,5141,0.5,True,8.911159649956971
0,47.10000000000023,471,0,,0.4726920337425858,0.8616389860108029,rrt_star,False,0,0,6065,18.99413100985561,387,0,864,18.622153113765926,0.0,987,0,11,11,B,5142,0.4666666666666667,True,4.725324717001058
0,46.900000000000226,469,0,,0.40585943647790906,0.5717052170075476,rrt_star,False,0,0,5906,23.919326227304627,513,0,793,23.47764705589225,0.0,1113,0,5,5,B,5143,0.325,True,1.5314352690184023
0,40.70000000000018,407,0,,0.4259636580863022,0.7668407729943283,rrt_star,False,0,0,6181,13.302236856363544,364,0,851,13.265027091330747,0.0,964,0,4,4,B,5144,0.48333333333333334,True,2.2628321389784105
0,39.40000000000014,394,0,,0.47207083786866466,0.6320558260194957,rrt_star,False,0,0,5134,14.11249235384881,355,0,742,13.984674793842503,0.0,955,0,12,12,B,5145,0.4083333333333333,True,4.66133250304847
0,36.80000000000004,368,0,,0.43052754590247105,0.6987359890190419,rrt_star,False,0,0,5745,13.750485320722799,339,0,809,13.746148193715515,0.0,939,0,7,7,B,5146,0.43333333333333335,True,3.0672763420443516
0,37.30000000000009,373,0,,0.4933322943364252,0.6180524169758428,rrt_star,False,0,0,5070,13.967808419149312,263,0,718,13.6988631861608,0.0,863,0,10,10,B,5147,0.425,True,3.7985400369216222
0,43.20000000000012,432,0,,0.4803853297878244,0.7784010809846222,rrt_star,False,0,0,4750,9.987010298951285,245,0,713,9.983759181906224,0.0,845,0,14,14,B,5148,0.5166666666666667,True,6.515175806998741
0,49.300000000000225,493,0,,0.42644059675851487,0.8285524149832781,rrt_star,False,0,0,4660,11.049382424954805,230,0,717,11.049382424954805,0.0,830,0,14,14,B,5149,0.6,True,6.4928547559829894
0,48.100000000000264,481,0,,0.4576291710543832,0.8230247080209665,rrt_star,False,0,0,5410,13.004682899605399,302,0,756,12.805441213056719,0.0,902,0,12,12,B,5150,0.525,True,6.20194797104341
0,40.80000000000008,408,0,,0.46666545854770525,0.5230429469957016,rrt_star,False,0,0,5796,16.387120162834155,390,0,809,16.383649802200758,0.0,990,0,5,5,B,5151,0.4,True,1.3496377679693978
0,45.40000000000024,454,0,,0.4041678250391237,0.7965130390075501,rrt_star,False,0,0,6091,16.0104521365922,382,0,863,15.736779657694221,0.0,982,0,12,12,B,5152,0.48333333333333334,True,5.235528152959887
0,42.80000000000016,428,0,,0.4075133425573469,1.175896675005788,rrt_star,False,0,0,7670,11.443830036029453,638,0,1003,11.391619865487565,0.0,1239,0,12,12,B,5153,0.525,True,5.729494092054665
0,46.300000000000196,463,1,,0.4624120654221701,0.7182430219836533,rrt_star,False,1,0,6705,17.919313917423377,393,0,909,17.885471225867768,0.0,993,0,13,13,B,5154,0.475,True,4.9747249329520855
0,45.20000000000029,452,0,,0.475965638716862,0.7386926719918847,rrt_star,False,0,0,5132,15.437666990109483,256,0,748,15.380296163974705,0.0,856,0,8,8,B,5155,0.5083333333333333,True,3.2215295549540315
0,39.50000000000008,395,0,,0.49701726476982944,0.741783477977151,rrt_star,False,0,0,5548,12.837803111218403,336,0,810,12.626248918740709,0.0,936,0,9,9,B,5156,0.4666666666666667,True,4.29607623492484
0,46.40000000000026,464,0,,0.4700487720186196,0.8059995930234436,rrt_star,False,0,0,6762,11.325984493291156,407,0,922,11.1931262985885,0.0,1007,0,11,11,B,5157,0.43333333333333335,True,4.938848120014882
0,45.60000000000018,456,0,,0.47447831712390554,1.22008471400477,rrt_star,False,0,0,8178,15.642406672953893,657,0,1062,15.19104942019602,0.0,1257,0,13,13,B,5158,0.525,True,6.678753374959342
0,46.40000000000028,464,1,,0.4548731341619583,0.6344200870080385,rrt_star,False,1,0,4881,16.538642677540633,312,0,717,16.41286979686889,0.0,912,0,11,11,B,5159,0.475,True,4.1559361789841205
0,39.09999999999999,391,0,,0.4271757901353722,0.6781116399797611,rrt_star,False,0,0,6353,15.136540938394708,370,0,886,14.974174102117445,0.0,970,0,8,8,B,5160,0.375,True,2.8515108069987036
0,43.000000000000185,430,0,,0.4598422822413426,0.7037490780057851,rrt_star,False,0,0,4767,9.839728924661456,239,0,702,9.465927590468265,0.0,840,0,14,14,B,5161,0.475,True,6.093918744911207
0,46.70000000000021,467,0,,0.47205742286862906,0.6101479750068393,rrt_star,False,0,0,6775,22.149638641302406,463,0,931,21.694186898981386,0.0,1063,0,12,12,B,5162,0.375,True,4.594386573007796
0,44.90000000000023,449,0,,0.4925046131973621,0.9204994480242021,rrt_star,False,0,0,7006,18.161343865761943,533,0,934,16.459514116305165,0.0,1135,0,8,8,B,5163,0.48333333333333334,True,3.593951785005629
0,38.70000000000016,387,0,,0.4309172524723434,0.6403031119843945,rrt_star,False,0,0,4317,10.350991039502436,163,0,656,10.350991039502436,0.0,763,0,10,10,B,5164,0.39166666666666666,True,4.2751700609514955
0,43.400000000000205,434,0,,0.48540429095523613,0.5555528330150992,rrt_star,False,0,0,5387,19.211138087886532,305,0,761,19.205145831296118,0.0,905,0,7,7,B,5165,0.44166666666666665,True,2.080494677036768
0,44.6000000000002,446,0,,0.40982120260586663,0.5952652439882513,rrt_star,False,0,0,5123,15.008868646456989,242,0,760,14.919977421636489,0.0,842,0,11,11,B,5166,0.44166666666666665,True,3.3903437389817555
0,41.50000000000017,415,0,,0.4820610198971524,0.7645671909849625,rrt_star,False,0,0,6138,14.584474363200169,346,0,838,14.419601907646749,0.0,946,0,8,8,B,5167,0.4583333333333333,True,3.744081988959806
0,38.70000000000012,387,0,,0.4888391193745294,0.7753896289796103,rrt_star,False,0,0,5663,10.538903813850938,322,0,814,10.419929209949597,0.0,923,0,17,17,B,5168,0.43333333333333335,True,6.450989464035956
0,39.3000000000001,393,0,,0.46330568370880854,0.49135763800586574,rrt_star,False,0,0,5613,16.990861171416604,302,0,812,16.969104767085092,0.0,902,0,12,12,B,5169,0.3333333333333333,True,3.0508330550510436
0,42.1000000000001,421,0,,0.46152449544151414,0.831179796019569,rrt_star,False,0,0,5630,14.928834215098863,316,0,807,14.904597019952563,0.0,916,0,9,9,B,5170,0.49166666666666664,True,3.5613911720574833
0,39.20000000000002,392,0,,0.40611132927312166,0.7447839989908971,rrt_star,False,0,0,5313,9.90514127979951,263,0,778,9.631759764428457,0.0,863,0,8,8,B,5171,0.39166666666666666,True,3.1485155879927333
0,49.40000000000028,494,0,,0.49288061802409516,0.8284371700137854,rrt_star,False,0,0,3962,9.70589233264835,171,0,604,9.70589233264835,0.0,771,0,18,18,B,5172,0.6583333333333333,True,8.37134728798992
0,50.700000000000294,507,0,,0.4769657908330395,0.7310139590117615,rrt_star,False,0,0,6169,16.18111897944245,422,0,871,15.925100901503656,0.0,1022,0,12,12,B,5173,0.4583333333333333,True,4.726146363944281
0,46.20000000000015,462,0,,0.4492764403010203,0.7684860939916689,rrt_star,False,0,0,3925,11.709024378599748,153,0,608,11.59626478872241,0.0,753,0,12,12,B,5174,0.49166666666666664,True,4.76572750901687
0,43.50000000000013,435,0,,0.4314512926524831,0.6703727910062298,rrt_star,False,0,0,5587,15.359672724716386,334,0,800,15.255037930213609,0.0,934,0,11,11,B,5175,0.39166666666666666,True,4.062518849008484
0,40.1000000000002,401,0,,0.40447180565782803,0.8484190450108144,rrt_star,False,0,0,7782,12.979409784004131,562,0,985,12.621148907254218,0.0,1162,0,7,7,B,5176,0.36666666666666664,True,3.153934725065483
0,38.4000000000001,384,0,,0.4401560439520985,0.5380568570108153,rrt_star,False,0,0,5616,11.570811810313014,319,0,815,11.36270639875492,0.0,919,0,3,3,B,5177,0.35833333333333334,True,0.8930987630155869
0,38.900000000000105,389,0,,0.4912269554108151,0.4848617440147791,rrt_star,False,0,0,4939,16.78222976039314,251,0,719,16.71680477148283,0.0,851,0,8,8,B,5178,0.38333333333333336,True,1.9545737460430246
0,44.60000000000015,446,0,,0.48874489571884566,0.9798293350031599,rrt_star,False,0,0,5483,18.22955829691742,466,0,766,17.72713253321787,0.0,1066,0,13,13,B,5179,0.5166666666666667,True,5.181649417063454
0,46.00000000000027,460,0,,0.452628716995509,0.9968709470122121,rrt_star,False,0,0,6609,13.02342337920703,510,0,909,12.981503706381192,0.0,1110,0,15,15,B,5180,0.4666666666666667,True,6.4971899820666295
0,39.1000000000002,391,0,,0.45937450298779064,0.6510211819841061,rrt_star,False,0,0,4818,12.390749083284936,226,0,713,12.114538982429295,0.0,826,0,8,8,B,5181,0.425,True,3.001251481997315
0,40.600000000000115,406,0,,0.44488297816222994,0.6733164640027098,rrt_star,False,0,0,5168,12.299621411245298,248,0,775,12.054761048223668,0.0,848,0,7,7,B,5182,0.43333333333333335,True,2.35404616795131
0,38.700000000000145,387,0,,0.47534326836723095,0.6081040949793532,rrt_star,False,0,0,4195,10.239944075584164,153,0,644,10.17617391624514,0.0,753,0,12,12,B,5183,0.4166666666666667,True,4.765759340982186
0,42.30000000000018,423,0,,0.43930036273456896,0.724934845988173,rrt_star,False,0,0,5998,12.684103525626305,327,0,828,12.648389870808458,0.0,927,0,10,10,B,5184,0.43333333333333335,True,4.422398320020875
0,39.50000000000022,395,0,,0.4489589927991253,0.7022900480078533,rrt_star,False,0,0,5271,11.47922280092052,329,0,755,11.376055772954732,0.0,929,0,8,8,B,5185,0.45,True,3.071474970987765
0,46.90000000000026,469,0,,0.47817858025322385,0.5138795980019495,rrt_star,False,0,0,5007,19.213256006393742,272,0,744,19.11301015611771,0.0,872,0,11,11,B,5186,0.475,True,3.339076979958918
0,55.10000000000044,551,0,,0.4064556821038822,0.7035724660090636,rrt_star,False,0,0,4329,9.425621314773155,176,0,649,9.40901907608671,0.0,776,0,10,10,B,5187,0.525,True,4.304660799971316
0,40.100000000000065,401,0,,0.47704126194790153,0.5168057900154963,rrt_star,False,0,0,4185,11.446143774512533,150,0,647,11.390830972160243,0.0,750,0,5,5,B,5188,0.4,True,1.4765262980363332
0,38.800000000000054,388,0,,0.46789710380855626,0.7582122189924121,rrt_star,False,0,0,5207,12.998582940740793,223,0,745,12.907577857055083,0.0,823,0,11,11,B,5189,0.5083333333333333,True,5.541744830959942
0,47.30000000000035,473,1,,0.4139101559698573,0.6042217939975671,rrt_star,False,1,0,4112,9.73011343741681,186,0,633,9.720964993947769,0.0,786,0,9,9,B,5190,0.45,True,3.121309445006773
0,40.20000000000011,402,0,,0.4835949949177727,0.7032828259980306,rrt_star,False,0,0,5448,14.040106186771247,318,0,776,14.015348219065146,0.0,919,0,7,7,B,5191,0.4666666666666667,True,2.371907649037894
0,38.3000000000001,383,0,,0.4811092896890078,0.795443738985341,rrt_star,False,0,0,4513,8.188404637769338,144,0,661,8.188404637769338,0.0,745,0,10,10,B,5192,0.35833333333333334,True,3.3151514439377934
0,43.90000000000031,439,0,,0.4475231843285959,1.2259527950081974,rrt_star,False,0,0,5604,11.665199550046811,333,0,808,11.568044675875454,0.0,934,0,8,8,B,5193,0.48333333333333334,True,3.9449481990304776
0,45.50000000000025,455,0,,0.4898129555886313,0.7414876499969978,rrt_star,False,0,0,4286,8.507746592544121,176,0,659,8.494187680943991,0.0,776,0,10,10,B,5194,0.4,True,4.273656048026169
0,40.30000000000012,403,0,,0.4478836815962234,0.8025480500073172,rrt_star,False,0,0,6142,13.814756488420214,436,0,840,13.760935904117584,0.0,1036,0,16,16,B,5195,0.45,True,7.178388361964608
0,38.70000000000006,387,0,,0.48286259181772284,0.7973150170000736,rrt_star,False,0,0,6899,11.615094876967841,500,0,916,11.615094876967841,0.0,1100,0,8,8,B,5196,0.375,True,2.8372439820086583
0,39.80000000000018,398,0,,0.45600825788129196,0.9823562079982366,rrt_star,False,0,0,7089,10.099274535747984,521,0,956,10.099274535747982,0.0,1121,0,11,11,B,5197,0.4666666666666667,True,4.931943697039969
0,42.30000000000005,423,0,,0.4063843220132236,0.8705735309922602,rrt_star,False,0,0,5835,10.974503649741173,345,0,818,10.733395436681652,0.0,945,0,11,11,B,5198,0.43333333333333335,True,5.852086512022652
0,43.10000000000015,431,0,,0.42408999212582915,0.6212217459979001,rrt_star,False,0,0,5408,18.856890772914994,335,0,762,18.65467747510409,0.0,935,0,12,12,B,5199,0.49166666666666664,True,3.7364912989432923
0,38.80000000000019,388,0,,0.41315367335832726,0.6522346449783072,rrt_star,False,0,0,5393,11.91567678223849,303,0,762,11.831444024134257,0.0,903,0,9,9,B,5200,0.4083333333333333,True,3.071322126983432
0,43.00000000000011,430,0,,0.4695363067212681,0.7741383470129222,rrt_star,False,0,0,4331,10.095770004263924,191,0,643,10.088771891678368,0.0,791,0,14,14,B,5201,0.48333333333333334,True,5.818916071031708
0,41.80000000000024,418,0,,0.4470908930795117,0.8843356700090226,rrt_star,False,0,0,4682,11.350215486288548,277,0,695,11.350215486288548,0.0,877,0,11,11,B,5202,0.5666666666666667,True,6.207124785025371
0,39.30000000000018,393,0,,0.49985188831806887,0.8434308290015906,rrt_star,False,0,0,6840,10.615907501828397,422,0,931,10.615907501828397,0.0,1022,0,7,7,B,5203,0.4,True,3.202106198936235
0,38.90000000000014,389,0,,0.48346440725261935,0.6682799730042461,rrt_star,False,0,0,6034,12.158928592087895,322,0,846,12.037092202223123,0.0,922,0,8,8,B,5204,0.36666666666666664,True,3.2807792099774815
0,42.50000000000017,425,0,,0.43589394407325616,0.6950029880099464,rrt_star,False,0,0,6015,19.386878723585173,392,0,834,18.391039258867195,0.0,992,0,6,6,B,5205,0.4583333333333333,True,2.475755869061686
0,39.70000000000004,397,0,,0.43877083498309816,0.7973697310080752,rrt_star,False,0,0,7309,15.069276176266984,516,0,983,14.953286917555944,0.0,1116,0,9,9,B,5206,0.44166666666666665,True,2.9614984359941445
0,39.70000000000022,397,0,,0.4970056257240701,0.6470964660111349,rrt_star,False,0,0,5641,9.905052587663866,299,0,814,9.901737121863292,0.0,899,0,11,11,B,5207,0.38333333333333336,True,4.743388467031764
0,44.60000000000023,446,0,,0.49598717104866125,0.6633917980070692,rrt_star,False,0,0,6268,16.929632780059645,357,0,844,16.929632780059645,0.0,957,0,14,14,B,5208,0.43333333333333335,True,5.7631218710157555
0,38.80000000000017,388,0,,0.4757721801469911,0.6470327079878189,rrt_star,False,0,0,5025,9.281347654521483,183,0,706,9.27927077720307,0.0,783,0,9,9,B,5209,0.44166666666666665,True,3.1335978700080886
0,42.900000000000155,429,0,,0.4855156755577206,0.7338618289795704,rrt_star,False,0,0,5989,14.728580090864622,332,0,843,14.55891214924909,0.0,932,0,9,9,B,5210,0.525,True,2.5872551439970266
0,38.0,380,0,,0.42342368741453984,0.5565576300141402,rrt_star,False,0,0,4911,13.107813391665443,243,0,697,12.893663266321528,0.0,843,0,8,8,B,5211,0.39166666666666666,True,2.515950505010551
0,39.59999999999987,396,0,,0.45786210421856144,0.7345486939884722,rrt_star,False,0,0,5585,15.326182794091807,317,0,816,15.094066682283655,0.0,918,0,13,13,B,5212,0.4583333333333333,True,5.949426626961213
0,44.600000000000264,446,0,,0.42288013241775096,0.7245966830232646,rrt_star,False,0,0,4309,14.609008783654788,207,0,649,14.556935285192408,0.0,808,0,12,12,B,5213,0.5166666666666667,True,5.544880691973958
0,48.10000000000033,481,0,,0.4709774936742791,1.065636157989502,rrt_star,False,0,0,8064,18.841231295399822,616,0,1028,18.17006274757313,0.0,1216,0,9,9,B,5214,0.44166666666666665,True,4.303332888026489
0,40.60000000000004,406,0,,0.41198881141233246,0.7538028820126783,rrt_star,False,0,0,4732,9.636256963400042,245,0,690,9.636256963400042,0.0,845,0,12,12,B,5215,0.4583333333333333,True,4.72814942401601
0,37.7000000000001,377,0,,0.46247346738144257,0.6082995769975241,rrt_star,False,0,0,4496,9.975334828718937,196,0,655,9.975334828718937,0.0,796,0,9,9,B,5216,0.43333333333333335,True,2.6654937970160972
0,40.20000000000028,402,0,,0.4861323597901112,0.646118065022165,rrt_star,False,0,0,5620,9.726856040064598,304,0,805,9.726856040064598,0.0,904,0,8,8,B,5217,0.39166666666666666,True,2.693551053002011
0,51.40000000000026,514,0,,0.47979495523880383,0.8087252830155194,rrt_star,False,0,0,5745,21.76683361586395,491,0,760,20.027967320381325,0.0,1091,0,14,14,B,5218,0.525,True,6.450108552991878
0,37.80000000000009,378,0,,0.40436190910066483,0.54834173200652,rrt_star,False,0,0,4350,8.716990448676313,162,0,665,8.707479208139237,0.0,762,0,12,12,B,5219,0.375,True,4.600855554017471
0,49.000000000000306,490,0,,0.4051588923647869,0.9026533089927398,rrt_star,False,0,0,3805,11.209473038364896,164,0,599,11.11442062418675,0.0,765,0,15,15,B,5220,0.5666666666666667,True,8.913328899041517
0,42.00000000000016,420,0,,0.42204085049316736,0.8031442049832549,rrt_star,False,0,0,4632,8.230481757954962,239,0,698,8.228006146231522,0.0,839,0,11,11,B,5221,0.5583333333333333,True,4.98804612189997
0,41.4000000000001,414,0,,0.47651860337031154,0.502408928994555,rrt_star,False,0,0,5513,21.917437639734214,292,0,806,21.917252904782263,0.0,892,0,12,12,B,5222,0.43333333333333335,True,3.106794522027485
0,40.900000000000034,409,0,,0.4627339380875732,0.9350952940003481,rrt_star,False,0,0,5669,11.382695375636352,331,0,814,11.382695375636352,0.0,931,0,14,14,B,5223,0.4583333333333333,True,5.749109415977728
0,39.1000000000001,391,0,,0.45135936584911357,0.635911296994891,rrt_star,False,0,0,5441,14.2372040165057,286,0,789,13.907730159141945,0.0,886,0,7,7,B,5224,0.43333333333333335,True,2.3621107229264453
0,42.300000000000175,423,0,,0.41855194065113727,0.4340468959999271,rrt_star,False,0,0,5652,24.828341013941767,332,0,805,24.799026404199928,0.0,932,0,8,8,B,5225,0.4,True,2.2701785110111814
0,47.20000000000024,472,0,,0.4221866903045735,0.906307041994296,rrt_star,False,0,0,6516,15.286084655503352,431,0,873,15.276113902960518,0.0,1031,0,15,15,B,5226,0.48333333333333334,True,5.86975794902537
0,39.80000000000015,398,0,,0.4298310650568874,0.6042244500131346,rrt_star,False,0,0,3921,9.3429183335244,106,0,611,9.234637169275025,0.0,706,0,13,13,B,5227,0.475,True,4.388041156955296
0,55.40000000000041,554,0,,0.4523427469241551,1.0428646779910196,rrt_star,False,0,0,7083,25.68410931846633,780,0,873,25.62358323610279,0.0,1380,0,17,17,B,5228,0.575,True,7.135257435962558
0,44.00000000000014,440,0,,0.4211930880475553,0.6881125590007287,rrt_star,False,0,0,5638,17.26118523107187,345,0,811,17.061333931635758,0.0,945,0,9,9,B,5229,0.5,True,2.908663104986772
0,38.10000000000006,381,0,,0.45697480155832326,0.7308177340019029,rrt_star,False,0,0,5786,19.764909319745986,341,0,826,19.764909319745986,0.0,941,0,8,8,B,5230,0.5083333333333333,True,4.114520840026671
0,43.70000000000015,437,0,,0.40334115051383695,0.6842730109929107,rrt_star,False,0,0,4121,12.229734085033474,207,0,629,12.228552846750357,0.0,809,0,10,10,B,5231,0.5083333333333333,True,4.406650882068789
0,43.40000000000006,434,0,,0.4420271982981453,0.9228714659984689,rrt_star,False,0,0,6758,12.936684876833759,426,0,920,12.450659311592949,0.0,1026,0,12,12,B,5232,0.5,True,5.123559221014148
0,38.50000000000007,385,0,,0.49886586907820946,0.5485101350059267,rrt_star,False,0,0,5734,19.246207105102084,376,0,780,19.046309905236175,0.0,977,0,6,6,B,5233,0.4,True,1.7519362599996384
0,42.50000000000014,425,0,,0.448585910960341,0.864396740013035,rrt_star,False,0,0,5983,19.74259795976665,453,0,835,19.48830708615617,0.0,1053,0,13,13,B,5234,0.475,True,5.500329008034896
0,40.60000000000011,406,0,,0.49334316654211174,0.7056904729979578,rrt_star,False,0,0,6870,13.266921734354085,461,0,917,13.222084595015161,0.0,1062,0,7,7,B,5235,0.36666666666666664,True,2.671597339998698
0,41.60000000000011,416,0,,0.47459237846534486,0.8320738559996244,rrt_star,False,0,0,5745,12.480005533610901,289,0,791,12.404275811909566,0.0,889,0,13,13,B,5236,0.5,True,6.122614205931313
0,43.40000000000018,434,0,,0.41404660519458875,0.7455920470238198,rrt_star,False,0,0,5245,16.34617270971797,316,0,769,16.222257969716804,0.0,917,0,11,11,B,5237,0.5166666666666667,True,4.285058083041804
0,45.70000000000015,457,0,,0.4269847075426954,0.7356150220148265,rrt_star,False,0,0,5507,9.029709637729285,275,0,772,9.029709637729285,0.0,875,0,10,10,B,5238,0.4583333333333333,True,3.97974247802631
0,47.500000000000256,475,0,,0.46013955868071515,0.9832088519760873,rrt_star,False,0,0,4110,9.469936589587357,205,0,615,9.469936589587356,0.0,805,0,10,10,B,5239,0.575,True,6.226933981961338
0,43.80000000000024,438,0,,0.4204402431321509,0.7823503210092895,rrt_star,False,0,0,5221,14.402691197848995,331,0,739,13.970429116223547,0.0,931,0,18,18,B,5240,0.48333333333333334,True,6.9013159679598175
0,41.79999999999998,418,0,,0.4196350112342569,0.648664378997637,rrt_star,False,0,0,5117,13.162586467794215,362,0,703,13.04611462711279,0.0,962,0,9,9,B,5241,0.45,True,3.9250987540290225
0,38.00000000000011,380,0,,0.4045260239767481,0.5205076159909368,rrt_star,False,0,0,5265,15.271964100747633,245,0,760,15.23257157187896,0.0,845,0,9,9,B,5242,0.44166666666666665,True,3.063787600985961
0,39.900000000000105,399,0,,0.40370040952557185,0.531953877012711,rrt_star,False,0,0,4687,9.522122763111556,159,0,695,9.506940945077059,0.0,759,0,9,9,B,5243,0.36666666666666664,True,3.0826024830457754
0,44.90000000000022,449,0,,0.42834205204671016,0.5560848379973322,rrt_star,False,0,0,5099,13.566263372554143,232,0,758,13.151585889750752,0.0,832,0,8,8,B,5244,0.36666666666666664,True,2.715719581989106
0,39.4,394,0,,0.44154336734328375,0.7678871999960393,rrt_star,False,0,0,6360,10.263005436608458,391,0,883,10.248805935160568,0.0,993,0,12,12,B,5245,0.4166666666666667,True,5.345698496996192
0,47.700000000000266,477,0,,0.49052936956167337,0.9980384779919405,rrt_star,False,0,0,6382,17.890597092086598,399,0,856,17.543662853099924,0.0,999,0,13,13,B,5246,0.4583333333333333,True,6.224186097999336
0,47.30000000000025,473,0,,0.4477244108764786,1.1041230330010876,rrt_star,False,0,0,5745,9.957745064637566,364,0,801,9.957745064637566,0.0,964,0,16,16,B,5247,0.5916666666666667,True,9.954380720999325
0,38.40000000000012,384,0,,0.4292590803327766,0.6016334280138835,rrt_star,False,0,0,4836,14.167519671498482,224,0,723,14.167519671498482,0.0,825,0,7,7,B,5248,0.48333333333333334,True,1.7817496400384698
0,36.900000000000105,369,0,,0.4669584600722815,0.7729938749980647,rrt_star,False,0,0,4862,9.904088679249009,314,0,689,9.579006562681407,0.0,914,0,11,11,B,5249,0.5,True,4.182756613969104
0,36.30000000000001,363,0,,0.47510416361185165,0.7107011720072478,rrt_star,False,0,0,5885,9.908570484215927,295,0,835,9.908570484215927,0.0,895,0,10,10,B,5250,0.375,True,3.7458990369923413
0,40.80000000000016,408,0,,0.446240130596137,0.7260599950095639,rrt_star,False,0,0,5539,13.252608007032261,296,0,785,13.16445154516658,0.0,896,0,10,10,B,5251,0.4583333333333333,True,4.61164268894936
0,42.40000000000026,424,0,,0.48540536026032377,0.800995311990846,rrt_star,False,0,0,5108,11.611270803094419,264,0,724,11.49169370687969,0.0,864,0,13,13,B,5252,0.525,True,5.196682627982227
0,42.50000000000015,425,0,,0.4588911966472954,0.7137132520147134,rrt_star,False,0,0,6177,14.67389826732229,375,0,846,14.024660728210598,0.0,975,0,12,12,B,5253,0.4583333333333333,True,4.861350088001927
0,56.30000000000026,563,0,,0.45919151027920885,0.9062909549975302,rrt_star,False,0,0,5455,14.397687611900317,353,0,773,14.376596422816718,0.0,953,0,13,13,B,5254,0.5583333333333333,True,5.749849141924642
0,39.80000000000017,398,0,,0.46646272599099586,0.6098811230040155,rrt_star,False,0,0,5463,14.136993944825155,285,0,792,14.08947056616167,0.0,885,0,9,9,B,5255,0.3333333333333333,True,2.6760438259807415
0,48.400000000000304,484,0,,0.4099198538131965,0.6341657740122173,rrt_star,False,0,0,4517,17.02083223767674,244,0,662,16.537511981457108,0.0,844,0,12,12,B,5256,0.43333333333333335,True,4.527612424979452
0,45.00000000000013,450,0,,0.42041591649745136,0.8781652220059186,rrt_star,False,0,0,5108,15.26845244182289,263,0,746,15.186183731773905,0.0,863,0,12,12,B,5257,0.5166666666666667,True,5.7626149229181465
0,46.06815615072795,461,0,,0.468939522827771,0.9921644999994896,rrt_star,False,0,0,5169,14.18933465080568,382,0,732,14.18801067412458,0.0,982,0,11,11,B,5258,0.5333333333333333,True,5.068200776935555
0,42.90000000000011,429,0,,0.4961969757668249,0.7421061650093179,rrt_star,False,0,0,5037,9.335161568732856,261,0,739,8.829022810547603,0.0,861,0,13,13,B,5259,0.4166666666666667,True,4.530527075054124
0,39.60000000000028,396,0,,0.45315591583416004,0.7119638740259688,rrt_star,False,0,0,4815,9.893167577942144,250,0,703,9.873074962891339,0.0,850,0,10,10,B,5260,0.5,True,2.824686882086098
0,43.900000000000134,439,0,,0.40916334244673846,0.7960499630135018,rrt_star,False,0,0,6167,14.594520708004845,440,0,868,14.490306001940652,0.0,1040,0,9,9,B,5261,0.43333333333333335,True,3.178469833015697
0,41.400000000000055,414,0,,0.46018707089569655,0.6765849670046009,rrt_star,False,0,0,6739,21.65121782928206,436,0,924,21.59308816952076,0.0,1036,0,7,7,B,5262,0.43333333333333335,True,2.2854011379822623
0,41.20000000000023,412,0,,0.4551989416723111,0.6347316569881514,rrt_star,False,0,0,4419,9.865877430425199,206,0,667,9.865877430425199,0.0,806,0,16,16,B,5263,0.45,True,5.517304603010416
0,43.30000000000017,433,0,,0.4937878197383769,0.6407704940065742,rrt_star,False,0,0,4708,15.358846073817602,235,0,703,15.345194083143213,0.0,836,0,12,12,B,5264,0.4583333333333333,True,4.89217046496924
0,38.800000000000104,388,0,,0.4884630308786555,0.22766577498987317,rrt_star,False,0,0,6746,28.19799922176427,382,0,930,27.920066128059233,0.0,982,0,3,3,B,5265,0.3416666666666667,True,0.4655012210132554
0,42.70000000000016,427,0,,0.4965879459474329,0.8734094060200732,rrt_star,False,0,0,6365,14.439661651029683,364,0,840,14.327410419580389,0.0,964,0,14,14,B,5266,0.5,True,6.595104642037768
0,42.50000000000009,425,0,,0.44559137693622186,0.6354623999795876,rrt_star,False,0,0,5320,18.359944420877795,253,0,757,18.309954839260996,0.0,853,0,11,11,B,5267,0.5,True,3.7288102239836007
0,36.90000000000016,369,0,,0.44027627596619884,0.6608564389753155,rrt_star,False,0,0,5611,12.959203337240758,285,0,793,12.959203337240758,0.0,886,0,4,4,B,5268,0.4083333333333333,True,1.060570782981813
0,40.90000000000016,409,0,,0.443845403356094,0.48371291399234906,rrt_star,False,0,0,6134,17.47526298072272,365,0,860,16.972493776234863,0.0,965,0,3,3,B,5269,0.26666666666666666,True,0.748970949993236
0,43.700000000000294,437,0,,0.4554028652994512,1.0545375600049738,rrt_star,False,0,0,6142,11.445580620218097,403,0,843,11.372102322922455,0.0,1003,0,14,14,B,5270,0.5833333333333334,True,8.45926215700456
0,36.99999999999999,370,0,,0.44394271483271436,0.5928934830008075,rrt_star,False,0,0,6877,16.659732526296303,426,0,930,16.54945460544516,0.0,1026,0,7,7,B,5271,0.35,True,2.721864681923762
0,39.10000000000008,391,0,,0.41593197021284906,0.8342502979794517,rrt_star,False,0,0,4927,10.138600638804792,287,0,736,10.13371067297241,0.0,887,0,10,10,B,5272,0.48333333333333334,True,4.335687529965071
0,41.70000000000008,417,0,,0.43189160521403375,0.853213341004448,rrt_star,False,0,0,5620,13.411977106755488,362,0,788,13.411977106755488,0.0,962,0,13,13,B,5273,0.55,True,5.6933645920071285
0,40.30000000000016,403,0,,0.48340341678425985,0.5861857729905751,rrt_star,False,0,0,3983,10.68299122640413,137,0,627,10.600006680495841,0.0,737,0,11,11,B,5274,0.5083333333333333,True,3.134442006936297
0,37.400000000000084,374,0,,0.49273660180679535,0.4879693280090578,rrt_star,False,0,0,6243,20.01044869969779,425,0,847,19.713219048917217,0.0,1025,0,6,6,B,5275,0.4166666666666667,True,2.068914357019821
0,47.96666241731732,480,0,,0.4185958727328304,0.8306391160003841,rrt_star,False,0,0,6311,18.1267347042058,442,0,847,18.051792184809358,0.0,1042,0,12,12,B,5276,0.4583333333333333,True,4.867577739059925
0,42.2000000000002,422,0,,0.4074062309556322,1.368214216985507,rrt_star,False,0,0,4096,8.936658986261584,214,0,608,8.920294562132785,0.0,815,0,9,9,B,5277,0.6083333333333333,True,5.485063565982273
0,40.20000000000011,402,0,,0.49778128444719383,0.9323344159929547,rrt_star,False,0,0,7780,11.715723301628994,571,0,1003,11.715723301628993,0.0,1171,0,9,9,B,5278,0.425,True,4.092798048979603
0,43.50000000000024,435,0,,0.44871603450584996,0.7753716500010341,rrt_star,False,0,0,4989,12.77386012865177,307,0,724,12.773838229540106,0.0,907,0,11,11,B,5279,0.5166666666666667,True,5.093989577027969
0,57.10000000000036,571,0,,0.40301045426567056,0.7840232439921238,rrt_star,False,0,0,4623,12.953488812437799,239,0,693,12.806828260986194,0.0,839,0,18,18,B,5280,0.5416666666666666,True,8.423312469007215
0,40.20000000000008,402,0,,0.4366505501017619,0.6042335579986684,rrt_star,False,0,0,4922,8.596237341497318,260,0,746,8.540392331869075,0.0,860,0,7,7,B,5281,0.38333333333333336,True,2.5709604479779955
0,46.70000000000022,467,0,,0.43951901924543685,1.098040366981877,rrt_star,False,0,0,6848,8.8724149338792,454,0,925,8.366054424376589,0.0,1054,0,11,11,B,5282,0.525,True,6.511336850991938
0,53.00000000000024,530,0,,0.42498467487369795,0.7047308360051829,rrt_star,False,0,0,5462,22.500868945376308,294,0,782,22.46505642842362,0.0,894,0,14,14,B,5283,0.5916666666666667,True,4.848642014054349
0,42.80000000000017,428,0,,0.4206415018102755,0.5599809459818061,rrt_star,False,0,0,5026,10.084102265390115,247,0,753,10.030113725856229,0.0,848,0,11,11,B,5284,0.3416666666666667,True,3.033731906005414
0,41.50000000000011,415,0,,0.489936461188084,0.6259162670176011,rrt_star,False,0,0,4830,12.185726049023698,273,0,709,12.10166494365332,0.0,873,0,14,14,B,5285,0.44166666666666665,True,4.461426500987727
0,39.50000000000002,395,0,,0.4307172561500026,0.7490129490033723,rrt_star,False,0,0,5231,10.334141498288883,235,0,760,10.334141498288883,0.0,835,0,14,14,B,5286,0.475,True,6.640381843055366
0,39.10000000000012,391,0,,0.4218139804778417,0.7449930879811291,rrt_star,False,0,0,5960,12.651030082534847,371,0,814,12.650603411236135,0.0,971,0,11,11,B,5287,0.4166666666666667,True,5.311809204984456
0,46.50000000000022,465,0,,0.41371321017239215,0.6737829949997831,rrt_star,False,0,0,4621,16.34845077468364,244,0,676,16.23076440950213,0.0,844,0,15,15,B,5288,0.48333333333333334,True,5.778692423977191
0,40.70000000000018,407,0,,0.45619175910349563,0.6669631469994783,rrt_star,False,0,0,5656,12.119632376901334,299,0,813,12.070084017205426,0.0,899,0,9,9,B,5289,0.4083333333333333,True,3.6464096689305734
0,43.300000000000225,433,0,,0.48436270221376004,0.8588006549980491,rrt_star,False,0,0,5788,12.484889624380463,350,0,791,12.015632026377023,0.0,950,0,14,14,B,5290,0.45,True,6.678870562987868
0,65.00000000000031,650,0,,0.4090712654698583,1.244897969008889,rrt_star,False,0,0,5295,13.127254056462622,258,0,762,12.938798339925235,0.0,859,0,21,21,B,5291,0.48333333333333334,True,13.483726063044742
0,37.50000000000016,375,0,,0.46730571784410035,0.5147705450071953,rrt_star,False,0,0,6590,24.383405675345347,394,0,910,24.19367677771627,0.0,994,0,9,9,B,5292,0.4583333333333333,True,2.5289485720568337
0,40.40000000000012,404,0,,0.4414816541277022,0.6101398800092284,rrt_star,False,0,0,4209,9.698236847105989,203,0,631,9.555058446758782,0.0,803,0,10,10,B,5293,0.45,True,3.453751492954325
0,51.00000000000024,510,0,,0.46050299689206325,0.7951469910040032,rrt_star,False,0,0,4037,11.230203108166279,250,0,603,11.202547909904554,0.0,850,0,13,13,B,5294,0.48333333333333334,True,5.312260849983431
0,42.600000000000115,426,0,,0.4373357870688916,0.6115190910059027,rrt_star,False,0,0,5370,17.062882633578237,354,0,760,17.062882633578237,0.0,954,0,6,6,B,5295,0.4166666666666667,True,1.8215961790119763
0,38.30000000000008,383,0,,0.4200887327007458,0.9742230730189476,rrt_star,False,0,0,4995,9.903458818864507,328,0,718,9.826304395556374,0.0,928,0,7,7,B,5296,0.525,True,3.4152483960206155
0,41.10000000000017,411,0,,0.42792771959475845,0.6376126719987951,rrt_star,False,0,0,5841,17.459363066420966,353,0,836,16.981635072579707,0.0,953,0,8,8,B,5297,0.44166666666666665,True,3.1632696189626586
0,39.10000000000015,391,0,,0.43970529409585546,0.7635097649763338,rrt_star,False,0,0,4878,10.949090596210413,266,0,710,10.856857891293368,0.0,866,0,10,10,B,5298,0.5166666666666667,True,4.015033338975627
0,44.00000000000017,440,0,,0.4593831066622362,0.6927346420125104,rrt_star,False,0,0,6462,17.244049099374266,432,0,886,17.120315515392893,0.0,1032,0,10,10,B,5299,0.38333333333333336,True,3.9375185329990927
0,39.89999999999997,399,0,,0.46947803082974077,0.75405638400116,rrt_star,False,0,0,5209,12.212601581712066,296,0,774,12.090772240492202,0.0,896,0,7,7,B,5300,0.5166666666666667,True,3.320906180975726
0,41.900000000000155,419,0,,0.48651736396530143,0.6647180740255862,rrt_star,False,0,0,6028,20.207551191407266,342,0,840,19.9415638102123,0.0,942,0,7,7,B,5301,0.45,True,2.1316594740201253
0,77.49999999999983,775,0,,0.43512574504908874,1.0455707669898402,rrt_star,False,0,0,5070,12.964137269661714,392,0,725,12.876812001308028,0.0,992,0,17,17,B,5302,0.6916666666666667,True,10.28093694098061
0,44.20000000000024,442,0,,0.4577556060788516,0.871648294996703,rrt_star,False,0,0,6315,11.39085374413848,416,0,875,11.185050262266103,0.0,1016,0,16,16,B,5303,0.44166666666666665,True,6.528154593019281
0,41.500000000000185,415,0,,0.48967757605213863,0.6571200189937372,rrt_star,False,0,0,5216,13.15303938089887,334,0,745,12.643877096719793,0.0,934,0,9,9,B,5304,0.4,True,4.492629925021902
0,40.9000000000002,409,0,,0.489330090064835,0.7553532820020337,rrt_star,False,0,0,6004,15.055690546930734,412,0,835,15.046052362823893,0.0,1012,0,12,12,B,5305,0.45,True,5.041612877044827
0,40.00000000000009,400,0,,0.47681955165553763,0.7011996729997918,rrt_star,False,0,0,5135,9.80659771135044,259,0,755,9.80659771135044,0.0,859,0,7,7,B,5306,0.43333333333333335,True,2.3553407909930684
0,43.80000000000006,438,0,,0.4856036395916134,0.7859113999875262,rrt_star,False,0,0,5546,14.015387319430333,339,0,812,13.126626149860833,0.0,939,0,13,13,B,5307,0.48333333333333334,True,5.3549412619904615
0,41.400000000000155,414,0,,0.44495237855290726,0.9152516330068465,rrt_star,False,0,0,5239,10.878711436496069,257,0,769,10.848989272083735,0.0,857,0,9,9,B,5308,0.325,True,3.9548749809910078
0,41.20000000000019,412,0,,0.47646935412602837,0.8481093659938779,rrt_star,False,0,0,4397,11.345469205937887,168,0,670,11.283447642881129,0.0,768,0,11,11,B,5309,0.5333333333333333,True,4.560402523027733
0,38.50000000000012,385,0,,0.4094482687582595,0.645090006000828,rrt_star,False,0,0,4632,9.326130852757913,211,0,691,9.326046029201805,0.0,811,0,12,12,B,5310,0.38333333333333336,True,3.939227514929371
0,39.10000000000021,391,0,,0.445208303396831,0.599589110002853,rrt_star,False,0,0,4354,10.006618902255243,182,0,674,9.671571497934755,0.0,782,0,8,8,B,5311,0.45,True,1.9962544299778529
0,38.100000000000165,381,0,,0.45904146735839185,0.8437550900271162,rrt_star,False,0,0,5307,10.207245092237013,264,0,737,10.164939146063448,0.0,864,0,11,11,B,5312,0.5333333333333333,True,5.473560334998183
0,38.40000000000007,384,0,,0.4954165764422653,0.7771829539851751,rrt_star,False,0,0,6016,12.263188914370016,370,0,842,12.116560633392364,0.0,970,0,8,8,B,5313,0.4583333333333333,True,3.5081732920079958
0,41.20000000000014,412,0,,0.4208359109182556,0.7301390469947364,rrt_star,False,0,0,5172,11.861265212537118,312,0,755,11.847031858492658,0.0,912,0,12,12,B,5314,0.5,True,5.116825480974512
0,47.1000000000002,471,0,,0.40683563093969394,0.6425220129895024,rrt_star,False,0,0,5828,14.53156359865246,334,0,812,14.135744275420844,0.0,934,0,16,16,B,5315,0.4166666666666667,True,5.890661259967601
0,45.10000000000026,451,0,,0.4760838586218994,0.7549377889954485,rrt_star,False,0,0,6245,20.43531355338855,432,0,864,19.925353640246037,0.0,1033,0,11,11,B,5316,0.44166666666666665,True,4.68676002099528
0,40.10000000000017,401,0,,0.45012320099506165,0.637881072005257,rrt_star,False,0,0,5138,13.52166046150371,243,0,752,13.52166046150371,0.0,843,0,11,11,B,5317,0.4666666666666667,True,3.8464746029349044
0,42.400000000000254,424,0,,0.43446432288544357,0.7501862909994088,rrt_star,False,0,0,4353,8.063035435627919,236,0,671,8.041932178843979,0.0,836,0,12,12,B,5318,0.49166666666666664,True,5.313152857939713
0,39.60000000000007,396,0,,0.42126659693759366,0.7207423519867007,rrt_star,False,0,0,4850,11.039138266570928,251,0,737,11.029620235339621,0.0,851,0,12,12,B,5319,0.43333333333333335,True,5.018253303016536
0,41.00000000000009,410,0,,0.4482510919295878,0.8089391349931248,rrt_star,False,0,0,4604,11.031810075119736,248,0,705,10.983927606695048,0.0,848,0,9,9,B,5320,0.44166666666666665,True,3.7990228359994944
0,41.100000000000186,411,0,,0.47987760496987686,1.0795251430245116,rrt_star,False,0,0,5710,10.133372791039799,412,0,809,9.887089609807948,0.0,1012,0,10,10,B,5321,0.5166666666666667,True,6.106514069047989
0,47.60000000000022,476,0,,0.4660517899685495,0.5576738069939893,rrt_star,False,0,0,4825,14.22323946800283,215,0,742,14.22323946800283,0.0,815,0,9,9,B,5322,0.4166666666666667,True,2.271280898945406
0,38.900000000000155,389,0,,0.4601432952433876,0.501940927002579,rrt_star,False,0,0,5404,16.968610528822843,283,0,773,16.888248183418156,0.0,883,0,7,7,B,5323,0.35,True,2.072537623986136
0,40.300000000000125,403,0,,0.47631634265651046,0.7155233309895266,rrt_star,False,0,0,5895,14.697391712162974,345,0,823,14.513589391720979,0.0,945,0,10,10,B,5324,0.45,True,4.201512308965903
0,41.700000000000216,417,0,,0.4109992110850459,0.6895574200025294,rrt_star,False,0,0,5816,10.248223158457856,342,0,817,10.243054276108165,0.0,942,0,9,9,B,5325,0.39166666666666666,True,2.971250244008843
0,46.90000000000025,469,0,,0.4242432727274808,0.7057139180251397,rrt_star,False,0,0,4914,14.759411676184792,268,0,717,14.753504991821009,0.0,868,0,9,9,B,5326,0.5,True,3.210371091030538
0,45.600000000000186,456,0,,0.4153820099034335,0.7580041770124808,rrt_star,False,0,0,5266,13.266792502620087,270,0,776,13.249155178429987,0.0,870,0,18,18,B,5327,0.5083333333333333,True,7.648753485002089
0,40.500000000000064,405,0,,0.47700036928744655,0.7749046249955427,rrt_star,False,0,0,5210,10.96743585390859,271,0,763,10.791729214815685,0.0,871,0,11,11,B,5328,0.48333333333333334,True,3.695679992059013
0,56.5000000000004,565,0,,0.41716511071431545,0.8497582700219937,rrt_star,False,0,0,3657,11.935688571477383,174,0,577,11.93513294750381,0.0,775,0,13,13,B,5329,0.625,True,7.26997438602848
0,39.00000000000001,390,0,,0.463756639403037,0.7327835900068749,rrt_star,False,0,0,5402,10.174818275357449,252,0,760,10.172349434304074,0.0,852,0,10,10,B,5330,0.4583333333333333,True,4.200216861994704
0,51.90000000000031,519,0,,0.42140380193938004,0.9831204160000198,rrt_star,False,0,0,5523,12.280470075137508,343,0,757,12.156272255049238,0.0,943,0,11,11,B,5331,0.55,True,6.244058302952908
0,49.50000000000014,495,0,,0.45104849497566796,0.8578246159886476,rrt_star,False,0,0,5731,18.908017068009233,361,0,821,18.908017068009233,0.0,961,0,12,12,B,5332,0.5833333333333334,True,5.662179068982368
0,59.70000000000036,597,0,,0.4048337237387953,0.6721929690102115,rrt_star,False,0,0,6116,18.46320478489519,391,0,860,18.12534730436315,0.0,991,0,10,10,B,5333,0.35,True,3.7885589170327876
0,43.50000000000019,435,0,,0.4754319372665193,1.0105206049920525,rrt_star,False,0,0,7566,10.94482375230041,590,0,1006,10.94482375230041,0.0,1190,0,15,15,B,5334,0.43333333333333335,True,6.238062983960845
0,43.80000000000015,438,0,,0.461637150326152,0.7043480970023666,rrt_star,False,0,0,5387,13.778962097798926,289,0,769,13.491097008113474,0.0,889,0,13,13,B,5335,0.45,True,5.543444644019473
0,49.80000000000036,498,0,,0.42195508848395874,0.7046252930012997,rrt_star,False,0,0,5044,14.327035273775039,324,0,721,13.79056284795147,0.0,924,0,17,17,B,5336,0.5166666666666667,True,6.452128550008638
0,38.700000000000074,387,0,,0.44459220679854594,0.5323357040178962,rrt_star,False,0,0,5958,20.430450508760668,347,0,842,20.26966038543366,0.0,947,0,7,7,B,5337,0.4666666666666667,True,1.790132429014193
0,50.500000000000306,505,0,,0.43338069215778396,1.0816130159946624,rrt_star,False,0,0,4016,10.962780556748616,198,0,602,10.948034359113352,0.0,798,0,15,15,B,5338,0.5666666666666667,True,8.089448649960104
0,40.90000000000013,409,0,,0.48165632798219404,0.7146739960007835,rrt_star,False,0,0,4669,12.042898718585285,328,0,700,12.009357016178283,0.0,928,0,10,10,B,5339,0.48333333333333334,True,3.7302409410185646
0,52.60000000000031,526,0,,0.4195756108963755,0.9479848420014605,rrt_star,False,0,0,7121,22.950776321213638,542,0,944,22.035242561946546,0.0,1144,0,13,13,B,5340,0.5416666666666666,True,5.968663673091214
0,37.800000000000104,378,0,,0.40332468352313333,0.6788367929984815,rrt_star,False,0,0,4900,12.632541691115646,209,0,717,12.632541691115646,0.0,809,0,9,9,B,5341,0.49166666666666664,True,3.617633240064606
0,39.80000000000013,398,0,,0.4705876490767715,0.6237916230165865,rrt_star,False,0,0,5504,12.479874531859418,324,0,805,12.479874531859418,0.0,924,0,5,5,B,5342,0.4,True,1.7119641449826304
0,37.000000000000156,370,0,,0.4999290032658362,0.4613349080027547,rrt_star,False,0,0,4502,12.252745463728358,188,0,692,12.215196788843134,0.0,788,0,5,5,B,5343,0.375,True,1.1084250990243163
0,41.000000000000156,410,0,,0.42604447077684593,0.5858361989958212,rrt_star,False,0,0,4596,12.335078212889348,234,0,699,12.333086476113728,0.0,834,0,11,11,B,5344,0.4583333333333333,True,4.122878994967323
0,40.900000000000134,409,0,,0.4227075391768567,0.6759813280077651,rrt_star,False,0,0,5644,17.945747594261245,329,0,818,17.35211384024423,0.0,930,0,6,6,B,5345,0.45,True,2.500543292000657
0,47.000000000000206,470,0,,0.46533719675724416,0.862408029002836,rrt_star,False,0,0,6286,15.568843376798283,398,0,860,15.029832902339182,0.0,998,0,11,11,B,5346,0.45,True,4.141792245965917
0,42.30000000000013,423,0,,0.4033020629184436,0.672843484004261,rrt_star,False,0,0,4456,9.135127862984728,198,0,683,9.1044521036733,0.0,798,0,13,13,B,5347,0.475,True,4.3791373479762115
0,42.300000000000026,423,0,,0.444388053586792,0.8134404749725945,rrt_star,False,0,0,5157,12.060390145113411,245,0,738,12.050673324555328,0.0,845,0,9,9,B,5348,0.5416666666666666,True,4.151149764918955
0,45.900000000000155,459,0,,0.4180923584716023,1.1433418450178578,rrt_star,False,0,0,7795,14.510230294810116,598,0,1006,14.461648025035714,0.0,1198,0,14,14,B,5349,0.5333333333333333,True,8.272242497012485
0,42.20000000000009,422,0,,0.4273553622680458,0.5222339070169255,rrt_star,False,0,0,4960,13.462652257136442,264,0,735,13.36250831479483,0.0,864,0,10,10,B,5350,0.35833333333333334,True,3.3371903960069176
0,58.900000000000524,589,0,,0.4886968866205083,0.7077230600116309,rrt_star,False,0,0,5186,15.11287387511773,290,0,739,15.11287387511773,0.0,891,0,10,10,B,5351,0.5666666666666667,True,3.7310500670282636
0,40.100000000000186,401,0,,0.42910594525320306,0.7133202079858165,rrt_star,False,0,0,6308,11.178362149138842,413,0,885,11.159789752073884,0.0,1013,0,12,12,B,5352,0.375,True,4.990037159965141
0,44.20000000000031,442,0,,0.4645158833365836,0.7782373380032368,rrt_star,False,0,0,4320,8.257638288460257,189,0,664,8.181065864959114,0.0,789,0,13,13,B,5353,0.5666666666666667,True,5.200826126965694
0,50.6000000000002,506,0,,0.43792569508722984,0.7388601310085505,rrt_star,False,0,0,6026,20.202557769816167,374,0,838,19.112831813691777,0.0,975,0,15,15,B,5354,0.4666666666666667,True,5.575523338018684
0,38.30000000000008,383,0,,0.4856589418202671,0.5431450660107657,rrt_star,False,0,0,4432,10.416755663208123,190,0,681,10.404385216080088,0.0,791,0,3,3,B,5355,0.4083333333333333,True,0.7694667729956564
0,38.600000000000094,386,0,,0.4651840299419724,0.6077667720091995,rrt_star,False,0,0,5505,12.489111887378247,299,0,796,12.277402634706938,0.0,899,0,8,8,B,5356,0.4083333333333333,True,2.860482883028453
0,54.30000000000036,543,0,,0.4343808454669351,0.8604973059846088,rrt_star,False,0,0,4733,13.879898034422784,290,0,713,13.745081227029448,0.0,890,0,12,12,B,5357,0.5833333333333334,True,5.915982989885379
0,40.00000000000017,400,0,,0.49523907457902494,0.5041069840081036,rrt_star,False,0,0,4867,8.897413037124211,213,0,723,8.897413037124211,0.0,813,0,9,9,B,5358,0.325,True,2.543187739007408
0,36.900000000000006,369,0,,0.4832443814112157,0.7911246810108423,rrt_star,False,0,0,5335,10.990533187623921,299,0,776,10.986720938293661,0.0,899,0,6,6,B,5359,0.5,True,2.8617018570075743
0,39.70000000000022,397,0,,0.47395564220826947,0.5987635650089942,rrt_star,False,0,0,3540,8.884228908586831,149,0,537,8.880124449633241,0.0,749,0,5,5,B,5360,0.5,True,1.5144597180187702
0,40.90000000000007,409,0,,0.4727992406204843,0.44954217900522053,rrt_star,False,0,0,4633,14.602799508424424,172,0,696,14.396448625601897,0.0,772,0,8,8,B,5361,0.38333333333333336,True,2.2992298090830445
0,38.200000000000166,382,0,,0.47063064448857655,0.672064810001757,rrt_star,False,0,0,4841,9.177721631828957,224,0,707,9.177721631828957,0.0,824,0,12,12,B,5362,0.39166666666666666,True,5.3269672509341035
0,39.40000000000019,394,0,,0.49579895824488873,0.7002793089777697,rrt_star,False,0,0,4487,9.297218293507731,186,0,685,9.297218293507731,0.0,786,0,8,8,B,5363,0.5,True,2.9482608959951904
0,43.80000000000021,438,0,,0.4002706676856592,0.764338356006192,rrt_star,False,0,0,4823,10.046433665130412,299,0,696,9.8756037364488,0.0,899,0,12,12,B,5364,0.5166666666666667,True,5.115897395036882
0,54.40000000000028,544,0,,0.40777514974617574,0.7908241539844312,rrt_star,False,0,0,6938,27.580847782967545,492,0,909,27.058290165490085,0.0,1092,0,12,12,B,5365,0.5083333333333333,True,5.347380956023699
0,40.89999999999999,409,0,,0.4016815844021109,0.7128522800048813,rrt_star,False,0,0,5705,10.518704862389743,329,0,804,10.412264192436709,0.0,929,0,7,7,B,5366,0.4166666666666667,True,2.7639199439436197
0,42.00000000000012,420,0,,0.4271562999797076,0.8324839159904514,rrt_star,False,0,0,4823,9.857429963207386,229,0,704,9.75408491017662,0.0,829,0,15,15,B,5367,0.55,True,7.336811018001754
0,38.60000000000005,386,0,,0.49964721085374314,0.6267462880059611,rrt_star,False,0,0,6404,16.225946495057148,421,0,881,16.214027623242757,0.0,1021,0,12,12,B,5368,0.39166666666666666,True,3.72697674902156
0,43.20000000000008,432,0,,0.4057323486723849,1.0608118450036272,rrt_star,False,0,0,4149,10.244682444134488,237,0,633,10.231875543246279,0.0,837,0,11,11,B,5369,0.48333333333333334,True,5.0942240699368995
0,38.400000000000084,384,0,,0.49230220929623325,0.8418271740083583,rrt_star,False,0,0,8563,12.297732240740686,680,0,1072,12.249159813883004,0.0,1280,0,6,6,B,5370,0.375,True,2.660342302027857
0,38.699999999999974,387,0,,0.43865749636393425,0.8050023679970764,rrt_star,False,0,0,6174,14.85952991860279,393,0,874,14.85952991860279,0.0,993,0,10,10,B,5371,0.475,True,4.51097735305666
0,42.700000000000095,427,0,,0.4425174524175142,0.7292952440038789,rrt_star,False,0,0,5593,11.249227811043951,328,0,810,11.249227811043951,0.0,928,0,9,9,B,5372,0.45,True,3.6245592580235098
0,43.2000000000002,432,0,,0.42621900333823864,0.7781887960154563,rrt_star,False,0,0,5156,14.10433595949795,364,0,727,14.035983327522382,0.0,964,0,11,11,B,5373,0.5333333333333333,True,5.399399233021541
0,42.100000000000136,421,0,,0.4333378381388007,1.0329053750028834,rrt_star,False,0,0,4805,11.857287049556781,257,0,707,11.857287049556781,0.0,857,0,9,9,B,5374,0.4666666666666667,True,4.233243943977868
0,55.90000000000037,559,0,,0.48151623742743344,0.7532385890081059,rrt_star,False,0,0,4742,14.318785343964429,216,0,702,14.31243334939423,0.0,816,0,14,14,B,5375,0.55,True,6.396977484953823
0,39.60000000000014,396,0,,0.4694252802170683,0.683317667018855,rrt_star,False,0,0,7079,18.634394008273606,528,0,968,18.624249081985432,0.0,1128,0,6,6,B,5376,0.4,True,2.162558212032309
0,52.90000000000023,529,0,,0.4842428266606341,0.9318954419868533,rrt_star,False,0,0,4786,15.056040327518438,302,0,682,14.216063354188606,0.0,902,0,10,10,B,5377,0.6333333333333333,True,5.431588348961668
0,43.00000000000015,430,0,,0.4003894799780599,0.6260166350111831,rrt_star,False,0,0,3971,11.758273548154063,241,0,589,11.733563888942589,0.0,841,0,11,11,B,5378,0.5,True,3.2534745130396914
0,42.20000000000014,422,0,,0.47537453198003227,0.7279592409904581,rrt_star,False,0,0,7975,24.531745473952967,568,0,1052,23.713958521620647,0.0,1168,0,7,7,B,5379,0.4083333333333333,True,2.6849040600063745
0,51.90000000000019,519,0,,0.44367318792234733,1.4414979110006243,rrt_star,False,0,0,9600,19.156709997465022,832,0,1137,19.026627126956043,0.0,1432,0,11,11,B,5380,0.5583333333333333,True,6.886030823981855
0,38.400000000000084,384,0,,0.4450964640558662,0.5320074970077258,rrt_star,False,0,0,5746,17.179126382737408,336,0,835,17.112981176077017,0.0,936,0,4,4,B,5381,0.425,True,1.110456046037143
0,42.579917946898604,426,0,,0.4217249321320921,0.7813615759951063,rrt_star,False,0,0,5695,14.05239476728901,340,0,781,14.04231906779053,0.0,940,0,8,8,B,5382,0.49166666666666664,True,3.1833412859705277
0,38.9000000000002,389,0,,0.457407025376359,0.616815300018061,rrt_star,False,0,0,4908,15.236808540403288,232,0,723,15.189676639531053,0.0,832,0,9,9,B,5383,0.45,True,3.1410757129779086
0,37.10000000000006,371,0,,0.4811109908013258,0.27968496599351056,rrt_star,False,0,0,5878,26.705357923242566,301,0,836,26.69704647597457,0.0,901,0,7,7,B,5384,0.39166666666666666,True,1.1874435440113302
0,40.900000000000205,409,0,,0.4778673214655076,0.6925702170119621,rrt_star,False,0,0,5387,14.304705557077563,323,0,773,14.296205625085834,0.0,923,0,12,12,B,5385,0.45,True,4.564140175061766
0,51.30000000000037,513,0,,0.4850681095012208,0.9671341950015631,rrt_star,False,0,0,4320,8.505401135387409,188,0,660,8.485191342934767,0.0,788,0,14,14,B,5386,0.6,True,6.872339294903213
0,38.50000000000009,385,0,,0.4174912809695201,0.5224339560081717,rrt_star,False,0,0,5948,16.934005297055432,303,0,824,16.934005297055432,0.0,903,0,6,6,B,5387,0.38333333333333336,True,1.4165710970119108
0,41.70000000000015,417,0,,0.41012605985568573,0.4575596780050546,rrt_star,False,0,0,5173,14.747080387954027,256,0,781,14.747080387954027,0.0,856,0,9,9,B,5388,0.35,True,2.15907940804027
0,44.70000000000022,447,0,,0.479857538400918,2.0850948320003226,rrt_star,False,0,0,15330,16.70545126966475,1312,0,1546,16.354945823554946,0.0,1912,0,10,10,B,5389,0.5,True,5.393627752055181
0,48.000000000000284,480,0,,0.4770589181246873,0.7081115680048242,rrt_star,False,0,0,6382,15.250444373150847,392,0,854,15.22511675234169,0.0,992,0,13,13,B,5390,0.4583333333333333,True,4.607381189998705
0,41.5,415,0,,0.483307954740637,0.6247208100103308,rrt_star,False,0,0,5102,15.194875961941701,278,0,748,14.821103792580828,0.0,878,0,10,10,B,5391,0.425,True,4.35282927803928
0,53.20000000000036,532,0,,0.4533087313573786,0.8653344080084935,rrt_star,False,0,0,5441,10.988219700944212,369,0,763,10.988219700944212,0.0,969,0,9,9,B,5392,0.5166666666666667,True,4.527690162038198
0,42.00000000000011,420,0,,0.4757937364604558,0.8005625339865219,rrt_star,False,0,0,4946,11.576347011532116,246,0,711,11.289894274202522,0.0,847,0,11,11,B,5393,0.4666666666666667,True,4.506453203968704
0,38.00000000000003,380,0,,0.40432088899883445,0.704803879983956,rrt_star,False,0,0,5017,13.381187460148482,297,0,733,13.32108688331208,0.0,897,0,8,8,B,5394,0.49166666666666664,True,3.157820874999743
0,46.500000000000206,465,0,,0.4051098002012382,0.7815247020043898,rrt_star,False,0,0,5701,14.431627955105617,356,0,813,14.431627955105617,0.0,958,0,10,10,B,5395,0.4666666666666667,True,4.459000000992091
0,46.50000000000022,465,0,,0.49203156951908444,0.6959751530084759,rrt_star,False,0,0,5913,23.478708217281458,361,0,847,23.064870695221785,0.0,962,0,10,10,B,5396,0.49166666666666664,True,3.6436371699965093
0,38.20000000000002,382,0,,0.44572654630916314,0.6071157899859827,rrt_star,False,0,0,5407,16.671047163035208,281,0,802,16.563653866631572,0.0,881,0,6,6,B,5397,0.5083333333333333,True,2.5643052669765893
0,37.200000000000095,372,0,,0.413383119974578,0.7492996230139397,rrt_star,False,0,0,7774,15.209215884056047,547,0,1035,15.136700521317108,0.0,1147,0,5,5,B,5398,0.4,True,1.2559325060574338
0,42.600000000000065,426,0,,0.4419589731994772,0.6065386419941206,rrt_star,False,0,0,4657,8.656508971929044,246,0,682,8.656508971929044,0.0,846,0,10,10,B,5399,0.425,True,3.5580264040036127
0,37.00000000000011,370,0,,0.41105376705329383,0.5936102159903385,rrt_star,False,0,0,5443,11.949726465426645,275,0,776,11.923553725158367,0.0,875,0,6,6,B,5400,0.43333333333333335,True,1.476853748987196
0,42.300000000000146,423,0,,0.4933853807317059,0.6546048900054302,rrt_star,False,0,0,5993,13.044059365911982,309,0,819,12.231216911838395,0.0,909,0,9,9,B,5401,0.375,True,3.1692333300597966
0,40.400000000000134,404,0,,0.4899324939372396,0.5586960910004564,rrt_star,False,0,0,4973,17.522280567071395,262,0,761,17.25956874029066,0.0,862,0,8,8,B,5402,0.38333333333333336,True,2.8346003090264276
0,45.90000000000019,459,0,,0.49142568579651763,0.9714608509966638,rrt_star,False,0,0,6628,9.760864516319584,470,0,892,9.107257540906513,0.0,1070,0,13,13,B,5403,0.475,True,5.6972118460107595
0,39.50000000000009,395,0,,0.4306535120172868,0.6821200519916601,rrt_star,False,0,0,4249,13.68140687080265,246,0,614,13.544731141526574,0.0,846,0,11,11,B,5404,0.5416666666666666,True,4.251915320928674
0,42.30000000000014,423,0,,0.45634878893175274,0.6325009760039393,rrt_star,False,0,0,5431,10.183275037690347,302,0,808,10.17444807673349,0.0,902,0,11,11,B,5405,0.375,True,4.086629715980962
0,38.700000000000095,387,0,,0.4421014035947436,0.6751701259927358,rrt_star,False,0,0,4469,8.089284930648999,151,0,680,8.046196479987143,0.0,751,0,8,8,B,5406,0.4166666666666667,True,3.1515999659895897
0,40.50000000000013,405,0,,0.4040641729698246,0.626904172997456,rrt_star,False,0,0,4607,10.611751466540168,231,0,696,10.611751466540168,0.0,831,0,6,6,B,5407,0.4166666666666667,True,1.7304622520168778
0,43.10000000000021,431,0,,0.42471051764293455,0.6443274880002718,rrt_star,False,0,0,5645,11.7726689627339,340,0,810,11.74246983926545,0.0,940,0,15,15,B,5408,0.325,True,5.270198320999043
0,39.30000000000012,393,0,,0.47299921077856205,0.7860801630013157,rrt_star,False,0,0,4193,8.519360121935982,141,0,654,8.377228821320923,0.0,742,0,6,6,B,5409,0.475,True,2.1287505959917326
0,39.50000000000022,395,0,,0.4793418991337962,0.5961080710112583,rrt_star,False,0,0,4373,12.050654189371743,205,0,659,11.99832108880975,0.0,806,0,12,12,B,5410,0.4666666666666667,True,4.125144389952766
0,41.00000000000022,410,0,,0.40964716310408084,0.5626256109972019,rrt_star,False,0,0,5537,20.9589973130527,312,0,802,20.943995256129845,0.0,912,0,6,6,B,5411,0.45,True,1.8169257820118219
0,39.90000000000008,399,0,,0.4871060957147339,0.5670277620083652,rrt_star,False,0,0,6640,19.653981742242763,388,0,902,19.42146281459307,0.0,988,0,6,6,B,5412,0.4583333333333333,True,2.0807228889898397
0,43.40000000000021,434,0,,0.41397854433351894,0.8070507340016775,rrt_star,False,0,0,6000,14.463991335858855,433,0,846,13.966033622168418,0.0,1035,0,14,14,B,5413,0.45,True,6.533163473039167
0,38.50000000000017,385,0,,0.42984438506829187,0.41506475198548287,rrt_star,False,0,0,5573,17.421541133386715,281,0,821,17.356342756704194,0.0,881,0,6,6,B,5414,0.325,True,1.3524630289466586
0,42.000000000000156,420,0,,0.4191396709571862,0.8445644209859893,rrt_star,False,0,0,7098,15.756834819745038,458,0,941,15.251929492377718,0.0,1058,0,10,10,B,5415,0.44166666666666665,True,4.402111611008877
0,38.900000000000134,389,0,,0.40565637372711266,0.7392667140229605,rrt_star,False,0,0,6155,11.565594321552119,412,0,865,11.03179205798201,0.0,1012,0,5,5,B,5416,0.38333333333333336,True,2.364928862050874
0,45.300000000000175,453,0,,0.4349746822388501,1.001328590005869,rrt_star,False,0,0,7119,14.893462990536811,560,0,943,13.55793691556649,0.0,1160,0,8,8,B,5417,0.475,True,3.098351657972671
0,59.000000000000355,590,0,,0.45701715605763144,0.9220476619957481,rrt_star,False,0,0,5352,19.646802818067346,346,0,790,19.41382308809607,0.0,946,0,18,18,B,5418,0.625,True,9.691458461980801
0,38.80000000000015,388,0,,0.4366425177079462,0.5827557420125231,rrt_star,False,0,0,5720,19.47011497793444,351,0,817,19.309998532639582,0.0,951,0,8,8,B,5419,0.43333333333333335,True,3.0174186380172614
0,42.80000000000021,428,0,,0.4934413251533427,0.7970117330260109,rrt_star,False,0,0,4725,9.709153386845838,213,0,711,9.704977563939138,0.0,813,0,14,14,B,5420,0.525,True,7.417965438042302
0,39.600000000000186,396,0,,0.4391651822276716,0.5054319000046235,rrt_star,False,0,0,5154,17.05944761960152,234,0,768,16.95835167494464,0.0,834,0,10,10,B,5421,0.38333333333333336,True,2.770770609000465
0,39.800000000000125,398,0,,0.41429114203729006,0.5778040130098816,rrt_star,False,0,0,4339,11.926921287408684,240,0,637,11.922841284591712,0.0,840,0,12,12,B,5422,0.4666666666666667,True,3.597683956992114
0,39.600000000000065,396,0,,0.4568504386272335,0.619008251989726,rrt_star,False,0,0,4038,9.23542696856886,236,0,609,9.169201917312828,0.0,836,0,10,10,B,5423,0.45,True,4.314356212998973
0,37.900000000000176,379,0,,0.48864686990510325,0.4791131759993732,rrt_star,False,0,0,5996,11.536631906237226,315,0,828,11.498470140353339,0.0,915,0,8,8,B,5424,0.3,True,2.2554307270038407
0,48.800000000000345,488,0,,0.42442891942464556,0.6801376359944697,rrt_star,False,0,0,5524,19.28088514181155,294,0,796,19.070900322727336,0.0,894,0,10,10,B,5425,0.5,True,3.3515017670288216
0,41.40000000000017,414,0,,0.45293406657771895,0.7759379080089275,rrt_star,False,0,0,5158,11.183983991077744,310,0,770,11.173097397388998,0.0,910,0,15,15,B,5426,0.49166666666666664,True,7.046166801941581
0,43.300000000000246,433,0,,0.4687395293374233,0.6649986100092065,rrt_star,False,0,0,5635,14.283082339517904,327,0,788,14.283082339517904,0.0,927,0,9,9,B,5427,0.45,True,3.1328740550088696
0,46.60000000000019,466,0,,0.4007216970079362,0.5785201230028179,rrt_star,False,0,0,5552,22.28562997660004,403,0,772,22.040406039708156,0.0,1003,0,10,10,B,5428,0.5083333333333333,True,3.6181126910378225
0,37.00000000000009,370,0,,0.4224158277379077,0.7285856030066498,rrt_star,False,0,0,5500,10.741267851520346,280,0,785,10.741267851520346,0.0,880,0,9,9,B,5429,0.44166666666666665,True,3.359929180034669
0,38.60000000000003,386,0,,0.4068701047663889,0.6294620239932556,rrt_star,False,0,0,5159,10.600467234255644,323,0,732,10.424181259948273,0.0,923,0,9,9,B,5430,0.4166666666666667,True,3.2264352350030094
0,41.90000000000004,419,0,,0.42664734339378235,0.6130396790103987,rrt_star,False,0,0,4473,12.356267456367128,183,0,669,12.23825115031843,0.0,783,0,12,12,B,5431,0.4,True,4.746267354988959
0,52.1000000000003,521,0,,0.4092583949812979,0.8504159949952736,rrt_star,False,0,0,5753,20.659878992756656,369,0,803,20.65463496573021,0.0,970,0,8,8,B,5432,0.49166666666666664,True,2.702108686004067
0,39.30000000000016,393,0,,0.48976268114960203,0.6563408820074983,rrt_star,False,0,0,5749,14.321489601501591,331,0,823,14.318958589973207,0.0,931,0,8,8,B,5433,0.425,True,2.211379187006969
0,40.30000000000017,403,0,,0.42976554683955637,0.5294619179912843,rrt_star,False,0,0,5316,19.118033012086233,303,0,774,19.11803301208623,0.0,903,0,9,9,B,5434,0.4,True,2.4829395059787203
0,41.60000000000015,416,0,,0.455150072997934,0.7296243069868069,rrt_star,False,0,0,5264,14.384440434253566,289,0,777,14.269014289580277,0.0,889,0,13,13,B,5435,0.49166666666666664,True,4.5483871980104595
0,43.900000000000105,439,0,,0.4997348046494381,0.5889700910192914,rrt_star,False,0,0,5090,14.134388328810985,264,0,763,14.112273548992107,0.0,864,0,11,11,B,5436,0.44166666666666665,True,3.851195844996255
0,58.20000000000035,582,0,,0.47361719546577574,0.8175938240019605,rrt_star,False,0,0,6410,24.430280537429415,408,0,883,24.017883054648127,0.0,1008,0,16,16,B,5437,0.5416666666666666,True,7.848779950058088
0,48.1000000000002,481,0,,0.4033088260022184,0.670536165998783,rrt_star,False,0,0,4736,10.124568441769544,194,0,691,10.120391211203929,0.0,795,0,14,14,B,5438,0.44166666666666665,True,4.731106201943476
0,43.60000000000012,436,1,,0.4877603749553424,0.3163898619823158,rrt_star,False,1,0,6946,28.833415368742894,393,0,938,28.232628131101777,0.0,993,0,8,8,B,5439,0.35833333333333334,True,1.5672125919081736
0,38.599999999999994,386,0,,0.46555015138046385,0.7209295029751956,rrt_star,False,0,0,5163,8.368626923954526,290,0,759,8.368626923954526,0.0,890,0,11,11,B,5440,0.43333333333333335,True,4.7311557329958305
0,41.900000000000276,419,0,,0.42450069202015733,0.5976952360069845,rrt_star,False,0,0,4730,14.959142090025784,237,0,711,14.941121826097799,0.0,837,0,8,8,B,5441,0.425,True,2.5880586620478425
0,46.500000000000306,465,0,,0.4903684767687935,0.8291864219936542,rrt_star,False,0,0,4939,12.971212399498818,300,0,718,12.812570627062172,0.0,900,0,16,16,B,5442,0.525,True,8.401484735921258
0,41.70000000000006,417,0,,0.4370107986918429,0.7592581970093306,rrt_star,False,0,0,6509,12.069090555640967,405,0,893,11.772255118759068,0.0,1005,0,6,6,B,5443,0.4166666666666667,True,2.5388205199851654
0,38.400000000000084,384,0,,0.42425064287647063,0.6585218270192854,rrt_star,False,0,0,4157,8.76265214156316,187,0,638,8.7386661776816,0.0,788,0,11,11,B,5444,0.48333333333333334,True,4.346316951035988
0,43.30000000000012,433,0,,0.44422675081449603,0.6822128069761675,rrt_star,False,0,0,5520,16.58815962927278,307,0,795,16.56838416382708,0.0,907,0,11,11,B,5445,0.5083333333333333,True,3.5425073969527148
0,44.20000000000017,442,0,,0.4591002668000676,0.5988777269958518,rrt_star,False,0,0,4991,15.065575212288339,228,0,732,15.06286212331007,0.0,829,0,12,12,B,5446,0.425,True,3.681435619975673
0,47.500000000000206,475,0,,0.46855059166954477,0.8092965309915598,rrt_star,False,0,0,5237,10.918435011176117,264,0,757,10.918435011176117,0.0,864,0,13,13,B,5447,0.5333333333333333,True,5.631662894971669
0,42.00000000000016,420,0,,0.410468478274455,0.7126562499906868,rrt_star,False,0,0,4783,11.028555971973656,297,0,697,11.025179967279236,0.0,897,0,14,14,B,5448,0.4583333333333333,True,6.673492764006369
0,51.400000000000254,514,0,,0.46735868480931814,0.8271199090231676,rrt_star,False,0,0,4713,9.094056425113289,219,0,681,9.080366282202323,0.0,819,0,11,11,B,5449,0.5833333333333334,True,4.905101124022622
0,48.30000000000013,483,1,,0.4754166061617064,0.6463912180042826,rrt_star,False,1,0,5020,15.979566170984215,339,0,733,15.796734431550023,0.0,939,0,13,13,B,5450,0.4166666666666667,True,5.035616732900962
0,54.50000000000035,545,1,,0.42615565245751585,0.8235249409917742,rrt_star,False,1,0,3916,8.728850051014277,189,0,594,8.728850051014277,0.0,789,0,19,19,B,5451,0.5583333333333333,True,8.173594029969536
0,40.600000000000115,406,0,,0.4232791875968956,0.6109978720196523,rrt_star,False,0,0,6113,12.808151818345431,399,0,832,12.738194630970996,0.0,999,0,8,8,B,5452,0.39166666666666666,True,2.9243062380410265
0,44.70000000000009,447,0,,0.4828967132103715,0.8686896059953142,rrt_star,False,0,0,6883,19.028717444903855,479,0,904,18.770369333225673,0.0,1079,0,12,12,B,5453,0.48333333333333334,True,5.466687185020419
0,39.000000000000206,390,0,,0.4592654475929795,0.7418381049938034,rrt_star,False,0,0,6237,11.718175581650021,394,0,860,11.480617635173305,0.0,994,0,10,10,B,5454,0.4083333333333333,True,3.968133324990049
0,39.400000000000034,394,0,,0.468711223371834,0.7653088149963878,rrt_star,False,0,0,7600,15.60448770684891,463,0,968,15.487850362107158,0.0,1063,0,9,9,B,5455,0.375,True,3.484399547043722
0,38.20000000000013,382,0,,0.4358747863589817,0.6221203830209561,rrt_star,False,0,0,5437,9.138943641949554,243,0,782,9.138943641949554,0.0,843,0,7,7,B,5456,0.38333333333333336,True,2.6747049420373514
0,56.800000000000416,568,0,,0.41787893527912173,0.7635584729723632,rrt_star,False,0,0,4836,17.607995868959996,257,0,716,17.21003997711268,0.0,857,0,12,12,B,5457,0.5833333333333334,True,5.326115772943012
0,43.100000000000186,431,0,,0.4723020749890728,0.6350774790043943,rrt_star,False,0,0,5672,15.222121606533626,299,0,805,15.183829448701937,0.0,899,0,9,9,B,5458,0.475,True,3.4858143480087165
0,41.30000000000018,413,0,,0.45811102758723987,0.8290542579779867,rrt_star,False,0,0,5994,8.892622871058453,324,0,809,8.859163949697813,0.0,924,0,9,9,B,5459,0.44166666666666665,True,3.8585152949381154
0,44.50000000000019,445,0,,0.4695814002931796,0.8696506449778099,rrt_star,False,0,0,5698,12.240663917035516,390,0,808,12.1020587151926,0.0,990,0,15,15,B,5460,0.525,True,6.37029033494764
0,44.000000000000206,440,0,,0.47268819708082055,0.7839764039963484,rrt_star,False,0,0,6575,20.45382928292329,441,0,925,20.344841309833203,0.0,1041,0,11,11,B,5461,0.44166666666666665,True,3.7226033469778486
0,46.60000000000017,466,0,,0.4361149739037603,0.7444603049953002,rrt_star,False,0,0,5327,13.060683496398182,333,0,770,12.654347857039314,0.0,933,0,13,13,B,5462,0.4666666666666667,True,6.152739384036977
0,42.200000000000095,422,0,,0.4687949344393466,0.9214244030008558,rrt_star,False,0,0,6803,17.130602465923396,484,0,906,16.792416105245053,0.0,1084,0,7,7,B,5463,0.55,True,3.190392028016504
0,45.90000000000021,459,0,,0.45397967154623586,0.6985907499911264,rrt_star,False,0,0,5840,15.907549193466874,390,0,827,15.692341887980426,0.0,991,0,18,18,B,5464,0.4083333333333333,True,6.87210563395638
0,39.30000000000011,393,0,,0.4466657890522837,0.7605324620089959,rrt_star,False,0,0,6060,17.81353411813212,589,0,815,17.37378447874284,0.0,1189,0,9,9,B,5465,0.4666666666666667,True,3.8252717390132602
0,46.800000000000296,468,0,,0.44974986721530225,0.8271280550106894,rrt_star,False,0,0,5168,14.497116790096849,384,0,755,13.463550581778161,0.0,984,0,10,10,B,5466,0.5666666666666667,True,4.6250482989999
0,37.80000000000004,378,0,,0.4472653386976031,0.8341529470053501,rrt_star,False,0,0,4649,9.348296051761864,310,0,683,9.348281124384215,0.0,910,0,11,11,B,5467,0.575,True,3.772648633021163
0,42.300000000000125,423,0,,0.4442922619515149,0.8206108099839184,rrt_star,False,0,0,4960,10.497119074839903,276,0,738,10.454799050750601,0.0,876,0,9,9,B,5468,0.5333333333333333,True,4.058342140895547
0,37.30000000000006,373,0,,0.4655602649030732,0.5626755279954523,rrt_star,False,0,0,6157,13.782950006089116,371,0,859,13.782950006089116,0.0,971,0,6,6,B,5469,0.35,True,1.7697740659641568
0,38.500000000000156,385,0,,0.4394703686532512,0.603089641983388,rrt_star,False,0,0,5063,13.279404524972458,246,0,752,13.215411789074945,0.0,846,0,6,6,B,5470,0.4166666666666667,True,1.9632732010213658
0,52.40000000000029,524,0,,0.41483696693091593,0.8885881419992074,rrt_star,False,0,0,7173,23.03253943962517,536,0,966,22.770814318032464,0.0,1136,0,13,13,B,5471,0.4666666666666667,True,5.084145332075423
0,38.30000000000011,383,0,,0.45069551443055356,0.5745400100131519,rrt_star,False,0,0,5053,10.477120674513717,229,0,724,10.464179775843725,0.0,829,0,10,10,B,5472,0.4083333333333333,True,3.529939103027573
0,39.00000000000012,390,0,,0.4975371417995933,0.5931310169980861,rrt_star,False,0,0,4196,12.11894126068015,155,0,662,12.010089796320454,0.0,755,0,12,12,B,5473,0.4666666666666667,True,3.6564450189471245
0,41.40000000000018,414,0,,0.40891992461870824,0.5874044590163976,rrt_star,False,0,0,5937,14.755946642119637,314,0,844,14.755946642119637,0.0,914,0,8,8,B,5474,0.38333333333333336,True,2.7752317850245163
0,42.600000000000215,426,0,,0.493097004577194,0.7701616179838311,rrt_star,False,0,0,5213,12.388697622365372,280,0,727,12.214004634949347,0.0,880,0,8,8,B,5475,0.4583333333333333,True,4.198967755044578
0,39.70000000000013,397,0,,0.4400319915133284,0.6015516500046942,rrt_star,False,0,0,5099,11.60192797648904,270,0,735,11.556544177901543,0.0,870,0,13,13,B,5476,0.4083333333333333,True,3.8555598039820325
0,48.200000000000244,482,0,,0.4519907534293276,0.7613144200004172,rrt_star,False,0,0,4252,10.182764353549478,227,0,663,10.182764353549478,0.0,827,0,16,16,B,5477,0.49166666666666664,True,6.794801197946072
0,42.00000000000014,420,0,,0.43757266385820237,0.7783729390066583,rrt_star,False,0,0,5502,12.010737409775931,339,0,803,12.007471607038735,0.0,939,0,7,7,B,5478,0.4666666666666667,True,3.4253221770050004
0,39.30000000000014,393,0,,0.40494125460061986,0.5434539979905821,rrt_star,False,0,0,5727,13.782878878706217,323,0,813,13.711181808123253,0.0,923,0,7,7,B,5479,0.375,True,1.7816815949918237
0,39.60000000000011,396,0,,0.4087470437822226,0.6543468000018038,rrt_star,False,0,0,6392,14.454501557216188,373,0,876,14.373171212720587,0.0,973,0,5,5,B,5480,0.38333333333333336,True,1.2179123700188939
0,52.600000000000364,526,0,,0.49764981440624223,0.856628173001809,rrt_star,False,0,0,5373,12.187027141654077,329,0,751,12.145260962439147,0.0,929,0,12,12,B,5481,0.5583333333333333,True,4.682608865085058
0,44.90000000000026,449,0,,0.49812338832159164,0.7629511280101724,rrt_star,False,0,0,4850,12.005185405797855,245,0,709,11.721784130970594,0.0,845,0,13,13,B,5482,0.4666666666666667,True,4.756980087986449
0,41.00000000000016,410,0,,0.4345652517664453,0.7477108069870155,rrt_star,False,0,0,5334,17.284951841382686,249,0,765,17.272357974211808,0.0,850,0,8,8,B,5483,0.4083333333333333,True,2.777835346001666
0,52.200000000000344,522,0,,0.46929398354995205,1.0682844989933074,rrt_star,False,0,0,4380,10.253611664122147,216,0,649,10.199554212275633,0.0,816,0,15,15,B,5484,0.525,True,7.308320927026216
0,40.200000000000145,402,0,,0.4165726887577397,0.6664946440141648,rrt_star,False,0,0,4971,11.715240428730773,265,0,723,11.632484536826404,0.0,865,0,12,12,B,5485,0.43333333333333335,True,3.9354555500030983
0,38.79999999999997,388,0,,0.4666163068084438,0.652933222008869,rrt_star,False,0,0,4743,10.596676417646382,182,0,692,10.570021911265428,0.0,782,0,10,10,B,5486,0.43333333333333335,True,3.4589807190641295
0,42.600000000000044,426,0,,0.4211835117008104,0.6897850180102978,rrt_star,False,0,0,4619,12.264436232753345,242,0,697,12.242543139246907,0.0,842,0,9,9,B,5487,0.4,True,3.8169594180362765
0,42.20000000000017,422,0,,0.4110628742121858,0.5984804529871326,rrt_star,False,0,0,4657,13.163988173553768,261,0,682,13.087355769715941,0.0,861,0,11,11,B,5488,0.44166666666666665,True,4.765449608967174
0,45.30000000000022,453,0,,0.42323516482063495,0.5486823639948852,rrt_star,False,0,0,5555,16.9900634666815,327,0,791,16.664599320525777,0.0,927,0,10,10,B,5489,0.4166666666666667,True,3.0528822169580963
0,38.40000000000006,384,0,,0.42276575223547397,0.7916950420185458,rrt_star,False,0,0,5962,14.353116847118034,372,0,853,14.336575600556005,0.0,972,0,7,7,B,5490,0.48333333333333334,True,3.6039530690177344
0,40.9000000000001,409,0,,0.4671866255007296,0.5794898009917233,rrt_star,False,0,0,4667,13.38961795430304,210,0,713,13.38961795430304,0.0,810,0,12,12,B,5491,0.4083333333333333,True,3.684230000944808
0,44.50000000000019,445,1,,0.4920829987231911,0.4258091450028587,rrt_star,False,1,0,5152,21.27787931848088,287,0,765,20.81780826460885,0.0,887,0,9,9,B,5492,0.3333333333333333,True,2.147985375020653
0,46.500000000000135,465,0,,0.4031456809695634,1.0826876320061274,rrt_star,False,0,0,5196,14.684162991990805,310,0,771,14.684162991990805,0.0,910,0,14,14,B,5493,0.48333333333333334,True,6.830305220995797
0,42.500000000000135,425,0,,0.47038459975210634,0.7888552839867771,rrt_star,False,0,0,5566,14.131634980554917,367,0,774,14.110515175294779,0.0,967,0,13,13,B,5494,0.5,True,5.649877943011234
0,39.10000000000011,391,0,,0.4493015084662047,0.8125975699804258,rrt_star,False,0,0,3733,9.564021992360116,157,0,561,9.469416774134986,0.0,757,0,10,10,B,5495,0.55,True,5.017259944987018
0,41.70000000000023,417,0,,0.4613214187853071,0.7194180900114588,rrt_star,False,0,0,5449,13.468615656675784,319,0,793,13.468615656675784,0.0,919,0,7,7,B,5496,0.4583333333333333,True,2.666408482036786
0,42.40000000000026,424,0,,0.41964950873009554,0.6493429359979928,rrt_star,False,0,0,4310,9.977303592417263,147,0,650,9.828936935987453,0.0,748,0,7,7,B,5497,0.45,True,3.0238746590039227
0,40.90000000000027,409,0,,0.41661294717131164,0.5397811970033217,rrt_star,False,0,0,4850,9.026581561382253,229,0,713,8.93384864664976,0.0,829,0,4,4,B,5498,0.35,True,0.9537807990272995
0,46.00000000000035,460,0,,0.44769011596225994,0.6349428219837137,rrt_star,False,0,0,6199,22.68101685921461,391,0,836,22.68101685921461,0.0,991,0,6,6,B,5499,0.4666666666666667,True,1.7287355729786213
0,41.100000000000236,411,0,,0.4876335027888728,0.7490989499783609,rrt_star,False,0,0,5727,13.288025217071356,351,0,800,12.648658518556756,0.0,952,0,7,7,C,5000,0.33540372670807456,True,2.6243760279903654
0,57.10000000000042,571,0,,0.42111061744980893,1.022492164018331,rrt_star,False,0,0,4960,21.45702920929007,386,0,679,21.367162257169014,0.0,986,0,13,13,C,5001,0.546583850931677,True,7.4992813450226095
0,61.90000000000046,619,0,,0.4063044412211978,1.6353650389937684,rrt_star,False,0,0,4485,13.600725849227361,275,0,680,13.33293753995868,0.0,875,0,19,19,C,5002,0.5838509316770186,True,14.238297806994524
0,39.40000000000009,394,0,,0.4045802057025641,1.1404450130066834,rrt_star,False,0,0,6875,12.081681376415512,470,0,920,11.207067423183613,0.0,1070,0,12,12,C,5003,0.4472049689440994,True,7.079205664049368
0,41.40000000000029,414,0,,0.40983577387198433,0.8533377700077835,rrt_star,False,0,0,4538,13.549069712925279,209,0,703,13.468804877437552,0.0,810,0,13,13,C,5004,0.422360248447205,True,6.517069625057047
0,46.60000000000023,466,0,,0.4612395483665473,1.119041883997852,rrt_star,False,0,0,4867,7.687484815772897,265,0,720,7.6767144336965165,0.0,865,0,15,15,C,5005,0.5341614906832298,True,9.222467632964253
0,48.00000000000022,480,0,,0.41459337941827995,1.1811495599977206,rrt_star,False,0,0,5598,12.585091217238025,367,0,790,11.331749038159483,0.0,967,0,20,20,C,5006,0.5279503105590062,True,11.052142649976304
0,40.20000000000009,402,0,,0.49123205156440014,0.808936666988302,rrt_star,False,0,0,4868,8.219960780043188,207,0,723,8.219960780043188,0.0,807,0,10,10,C,5007,0.40372670807453415,True,4.874593834014377
0,50.200000000000315,502,0,,0.4124143274909424,1.2244834089942742,rrt_star,False,0,0,6691,20.64219161975776,469,0,909,18.594807219607492,0.0,1069,0,11,11,C,5008,0.515527950310559,True,8.301414463989204
0,58.40000000000028,584,0,,0.4653576113147748,1.2966330589842983,rrt_star,False,0,0,6462,12.537145112310187,441,0,868,12.473593733219191,0.0,1041,0,13,13,C,5009,0.546583850931677,True,8.413299072999507
0,44.10000000000019,441,0,,0.41691356613935404,0.8547353860049043,rrt_star,False,0,0,5650,17.73178703792715,336,0,822,17.568486776343576,0.0,936,0,12,12,C,5010,0.4472049689440994,True,5.5603409010509495
0,46.90000000000026,469,0,,0.4972527399127114,0.9675213080190588,rrt_star,False,0,0,6921,21.515808323669443,540,0,919,20.37834616639335,0.0,1140,0,12,12,C,5011,0.39751552795031053,True,5.7142136830079835
0,39.90000000000015,399,0,,0.4486746763901753,0.8102519340172876,rrt_star,False,0,0,6150,15.672111685525353,415,0,841,15.573259734483413,0.0,1015,0,10,10,C,5012,0.38509316770186336,True,3.3758278820314445
0,56.10000000000022,561,0,,0.49212999083834286,1.0900321649969555,rrt_star,False,0,0,4539,9.939767597415964,224,0,661,9.834454735660902,0.0,824,0,22,22,C,5013,0.5714285714285714,True,11.39477826395887
0,37.90000000000012,379,0,,0.45492329854611835,0.8316109119914472,rrt_star,False,0,0,4878,13.002451854984884,291,0,718,12.965203447378862,0.0,891,0,10,10,C,5014,0.4472049689440994,True,4.616225759964436
0,55.80000000000027,558,0,,0.483747302047346,0.8992588749970309,rrt_star,False,0,0,4422,9.90104074054982,254,0,658,9.892508451330137,0.0,854,0,15,15,C,5015,0.4782608695652174,True,6.6743087739741895
0,38.10000000000014,381,0,,0.46668873874130024,0.7043605740182102,rrt_star,False,0,0,5135,16.492128874192925,250,0,766,16.479614053607932,0.0,850,0,10,10,C,5016,0.40372670807453415,True,3.9694656720093917
0,68.9000000000002,689,0,,0.4701509994643107,1.3470148720080033,rrt_star,False,0,0,4786,15.092644953586992,239,0,726,15.092644953586992,0.0,839,0,13,13,C,5017,0.6086956521739131,True,9.56592519194237
0,47.20000000000017,472,0,,0.42252615350717326,0.7879813000035938,rrt_star,False,0,0,5664,17.248689416300348,330,0,817,16.371014134831,0.0,930,0,10,10,C,5018,0.40993788819875776,True,3.945714382978622
0,38.100000000000115,381,0,,0.4771974239759394,1.1206249780079816,rrt_star,False,0,0,7644,16.6395727084002,527,0,979,16.545759977732427,0.0,1127,0,8,8,C,5019,0.4782608695652174,True,4.530638601980172
0,41.50000000000009,415,0,,0.45215573642529955,0.8438849409867544,rrt_star,False,0,0,4917,14.749060793583283,232,0,734,14.320122959544957,0.0,833,0,9,9,C,5020,0.4720496894409938,True,3.231705650978256
0,39.300000000000026,393,0,,0.49073496844330244,0.946142107975902,rrt_star,False,0,0,6045,11.190586680404909,445,0,848,11.167292993034659,0.0,1045,0,11,11,C,5021,0.4161490683229814,True,5.464429906976875
0,44.70000000000028,447,0,,0.4271732335894385,1.1123822549998295,rrt_star,False,0,0,4665,11.881384164162887,271,0,706,11.877733561645353,0.0,871,0,17,17,C,5022,0.515527950310559,True,9.717157886072528
0,43.800000000000125,438,0,,0.4295937798011126,1.0448346130142454,rrt_star,False,0,0,5672,10.297399515911996,305,0,821,10.249356354625464,0.0,906,0,13,13,C,5023,0.453416149068323,True,7.550929606077261
0,46.90000000000018,469,0,,0.4384916505707001,1.0243466079991776,rrt_star,False,0,0,5138,15.684628260984184,667,0,685,15.67945314769826,0.0,1267,0,9,9,C,5024,0.453416149068323,True,5.468722409015754
0,38.70000000000003,387,0,,0.49960021524892434,0.9151218399929348,rrt_star,False,0,0,4642,10.702595137150116,257,0,699,10.702595137150116,0.0,857,0,15,15,C,5025,0.4658385093167702,True,8.711673280049581
0,47.800000000000225,478,0,,0.4715613158169635,0.9436557860171888,rrt_star,False,0,0,4418,8.985667856084616,264,0,644,8.985667856084616,0.0,864,0,21,21,C,5026,0.515527950310559,True,10.383735548995901
0,41.300000000000104,413,0,,0.4014268959897404,0.6445220329915173,rrt_star,False,0,0,4274,11.946516908018806,213,0,641,11.715099096228045,0.0,813,0,11,11,C,5027,0.37888198757763975,True,4.136287924950011
0,39.20000000000006,392,0,,0.47465361873850015,0.8711095550097525,rrt_star,False,0,0,5507,12.888212468224502,321,0,795,12.799159826016645,0.0,921,0,20,20,C,5028,0.37888198757763975,True,9.48526419798145
0,43.100000000000215,431,0,,0.47690824717637675,1.3850986580073368,rrt_star,False,0,0,4798,11.623478288732956,262,0,702,11.618540900067833,0.0,862,0,18,18,C,5029,0.515527950310559,True,11.647461593995104
0,64.60000000000049,646,0,,0.4646502546369253,1.3407980279880576,rrt_star,False,0,0,4583,14.890252255646278,244,0,665,14.866213916704854,0.0,844,0,16,16,C,5030,0.6086956521739131,True,10.530578778038034
0,42.40000000000021,424,0,,0.4618199667370734,1.0146886909788009,rrt_star,False,0,0,4836,9.170561702068664,265,0,700,9.170561702068664,0.0,865,0,10,10,C,5031,0.422360248447205,True,6.239094710967038
0,44.40000000000019,444,0,,0.47999759058488006,0.9848273129900917,rrt_star,False,0,0,5280,8.695901337038817,278,0,758,8.695901337038817,0.0,879,0,17,17,C,5032,0.4409937888198758,True,10.013513976882678
0,42.40000000000019,424,0,,0.4919601313519505,0.7412226549931802,rrt_star,False,0,0,5419,16.826336416976293,370,0,779,16.82179998570914,0.0,970,0,7,7,C,5033,0.39751552795031053,True,3.1481745460187085
0,46.00000000000019,460,0,,0.4945662126978368,0.7174051119945943,rrt_star,False,0,0,5060,16.86083430159644,280,0,738,16.74856672620896,0.0,880,0,9,9,C,5034,0.4472049689440994,True,3.42545868299203
0,42.900000000000176,429,0,,0.49540222573021664,0.9116471919987816,rrt_star,False,0,0,5438,15.325738402300361,355,0,781,15.325738402300361,0.0,955,0,14,14,C,5035,0.453416149068323,True,7.499645815056283
0,54.40000000000033,544,0,,0.4586833830402997,1.2776093349966686,rrt_star,False,0,0,5218,13.10983815253002,328,0,749,12.9302577656477,0.0,928,0,21,21,C,5036,0.5962732919254659,True,13.659417248039972
0,47.1000000000002,471,0,,0.43194794280155757,1.470771018997766,rrt_star,False,0,0,4276,10.984817831056894,231,0,637,10.941035498092743,0.0,831,0,21,21,C,5037,0.5900621118012422,True,11.829283898929134
0,40.300000000000175,403,0,,0.4528775329877193,0.8951753829896916,rrt_star,False,0,0,5331,16.335933405127104,289,0,776,16.082762051069455,0.0,889,0,13,13,C,5038,0.484472049689441,True,6.333092462067725
0,47.70000000000025,477,0,,0.45818632013015675,1.2965599400049541,rrt_star,False,0,0,4644,12.185461441516999,200,0,691,12.113219937744478,0.0,800,0,18,18,C,5039,0.5217391304347826,True,10.037144813977648
0,53.00000000000029,530,1,,0.4021872003874285,0.891316752997227,rrt_star,False,1,0,4335,11.248865480671588,248,0,661,11.248843828213333,0.0,849,0,15,15,C,5040,0.484472049689441,True,6.414544001047034
0,44.9000000000002,449,0,,0.42132027193589794,0.9304546909988858,rrt_star,False,0,0,5722,15.62173573326262,354,0,833,15.261109043457814,0.0,954,0,12,12,C,5041,0.40993788819875776,True,6.1086518509546295
0,42.20000000000008,422,0,,0.45914210950253986,1.0678893149888609,rrt_star,False,0,0,5419,10.252104958547577,349,0,788,10.170000304749186,0.0,949,0,16,16,C,5042,0.4409937888198758,True,9.476717509009177
0,42.3000000000002,423,0,,0.4841437411814476,0.9788457549875602,rrt_star,False,0,0,6823,16.645778517553588,467,0,925,16.626948742838078,0.0,1067,0,7,7,C,5043,0.39751552795031053,True,3.749994479032466
0,46.1000000000002,461,0,,0.4856325312450542,0.991070521005895,rrt_star,False,0,0,4797,12.858880932427528,441,0,676,12.735374095677464,0.0,1041,0,18,18,C,5044,0.4720496894409938,True,10.276498570048716
0,48.60000000000017,486,0,,0.46666271340867055,1.1527342659828719,rrt_star,False,0,0,5428,9.396263536061701,330,0,762,9.396263536061701,0.0,930,0,15,15,C,5045,0.5279503105590062,True,10.214608958980534
0,44.60000000000022,446,0,,0.4162489936221563,0.8491602810099721,rrt_star,False,0,0,4088,11.47616429928734,206,0,617,11.432348462858196,0.0,807,0,11,11,C,5046,0.453416149068323,True,6.015641102014342
0,40.000000000000135,400,0,,0.49245146611218577,0.6945205889933277,rrt_star,False,0,0,3181,11.095303056400121,204,0,497,11.002658081082593,0.0,805,0,10,10,C,5047,0.45962732919254656,True,4.10530581601779
0,38.60000000000006,386,0,,0.4481006483658596,0.7453361600055359,rrt_star,False,0,0,5415,15.479994389373617,363,0,803,15.473448549996295,0.0,963,0,11,11,C,5048,0.4472049689440994,True,5.733116607007105
0,47.800000000000246,478,0,,0.4811161433009821,0.9889261600037571,rrt_star,False,0,0,4642,8.596647608412036,238,0,694,8.596647608412036,0.0,838,0,19,19,C,5049,0.5031055900621118,True,11.144427791034104
0,39.90000000000015,399,0,,0.4560464766399844,1.0968178939947393,rrt_star,False,0,0,5904,9.372045409829221,363,0,816,9.276990936301338,0.0,963,0,10,10,C,5050,0.45962732919254656,True,6.254573229001835
0,40.10000000000023,401,0,,0.4177894291016007,0.8849658620019909,rrt_star,False,0,0,4670,7.625250588023336,229,0,691,7.625250588023336,0.0,829,0,7,7,C,5051,0.42857142857142855,True,4.068101349053904
0,39.10000000000013,391,0,,0.4222497381942374,0.9410175039956812,rrt_star,False,0,0,5000,12.874695438917314,304,0,723,12.560912841518272,0.0,904,0,14,14,C,5052,0.4720496894409938,True,7.22736749399337
0,52.30000000000035,523,0,,0.4649036661764217,1.321470519003924,rrt_star,False,0,0,6877,20.35299321402582,487,0,924,19.89448749772078,0.0,1087,0,14,14,C,5053,0.5652173913043478,True,8.462760666036047
0,39.00000000000005,390,0,,0.47563830598552087,1.5090033230080735,rrt_star,False,0,0,9966,12.615849523690196,824,0,1185,12.597297957312776,0.0,1424,0,16,16,C,5054,0.45962732919254656,True,8.734426507988246
0,38.30000000000008,383,0,,0.45253640882857976,0.8406809179869015,rrt_star,False,0,0,4359,10.158855005267592,259,0,621,10.158855005267592,0.0,859,0,6,6,C,5055,0.4409937888198758,True,2.5094100029964466
0,43.20000000000011,432,0,,0.4672134822126187,1.0876511649985332,rrt_star,False,0,0,8209,13.20544085801046,592,0,1060,13.188981656441786,0.0,1192,0,10,10,C,5056,0.37888198757763975,True,5.848869751003804
0,40.50000000000022,405,0,,0.43952513155752376,0.9620623830123805,rrt_star,False,0,0,6052,16.72157075198516,375,0,864,16.656933313558433,0.0,975,0,13,13,C,5057,0.4658385093167702,True,4.761709490092471
0,43.40000000000023,434,0,,0.41189600847232616,0.7377629569964483,rrt_star,False,0,0,5108,14.652716432771143,296,0,738,14.520063518961997,0.0,897,0,8,8,C,5058,0.39751552795031053,True,3.3777160689642187
0,45.40000000000013,454,0,,0.4535612134051941,1.0759379960072692,rrt_star,False,0,0,4839,10.479444537328398,333,0,712,10.479444537328398,0.0,933,0,15,15,C,5059,0.5217391304347826,True,7.926547657989431
0,51.50000000000029,515,0,,0.4465204802437007,1.0610345019958913,rrt_star,False,0,0,3361,9.58043893092803,166,0,501,9.58043893092803,0.0,766,0,20,20,C,5060,0.5093167701863354,True,10.531942631088896
0,39.30000000000006,393,0,,0.48262260595507994,0.777481604978675,rrt_star,False,0,0,4758,10.193888373494442,187,0,703,10.193356442223248,0.0,787,0,11,11,C,5061,0.39751552795031053,True,5.169136047974462
0,39.00000000000012,390,0,,0.4097718160652868,0.8443885690066963,rrt_star,False,0,0,4060,7.7205291408323085,162,0,623,7.7205291408323085,0.0,763,0,10,10,C,5062,0.4658385093167702,True,3.9602369609929156
0,43.600000000000136,436,0,,0.44746355921665265,0.8966191829822492,rrt_star,False,0,0,4183,10.652344348189947,157,0,641,10.652344348189946,0.0,757,0,13,13,C,5063,0.4472049689440994,True,6.58625324696186
0,42.2000000000001,422,0,,0.4094137104121933,0.9309140719997231,rrt_star,False,0,0,5266,10.864628376783003,283,0,800,10.816183493691984,0.0,883,0,14,14,C,5064,0.45962732919254656,True,6.531691750977188
0,43.80000000000023,438,0,,0.4578015848982957,0.741423853993183,rrt_star,False,0,0,4966,18.276580729960866,367,0,731,18.10999689747606,0.0,967,0,11,11,C,5065,0.37888198757763975,True,4.5000134429719765
0,39.20000000000012,392,0,,0.47546422834174845,0.6873240770073608,rrt_star,False,0,0,4508,13.341783271285696,216,0,656,13.086645080476856,0.0,816,0,9,9,C,5066,0.4472049689440994,True,3.2090962420625146
0,37.20000000000004,372,0,,0.46009675617150414,0.9834281280054711,rrt_star,False,0,0,5606,12.280247642959614,380,0,771,11.59897555845551,0.0,980,0,11,11,C,5067,0.42857142857142855,True,5.677377830084879
0,44.60000000000022,446,0,,0.4266460596604232,1.2223655999987386,rrt_star,False,0,0,6539,12.207566715675586,496,0,897,11.745921875023337,0.0,1096,0,17,17,C,5068,0.4906832298136646,True,10.863069822982652
0,48.30000000000024,483,0,,0.4317857618738899,1.0478359159897082,rrt_star,False,0,0,4261,9.057466244643138,180,0,663,9.05339081053835,0.0,780,0,17,17,C,5069,0.4658385093167702,True,8.721445660950849
0,64.60000000000035,646,0,,0.4216711184832315,1.2096451630059164,rrt_star,False,0,0,5445,11.330309512775804,366,0,781,11.152975554128789,0.0,966,0,16,16,C,5070,0.5527950310559007,True,12.031714768963866
0,42.8000000000002,428,0,,0.4397088847729068,0.8190904990187846,rrt_star,False,0,0,5373,13.646328696986881,282,0,759,13.172896089812898,0.0,882,0,10,10,C,5071,0.37888198757763975,True,4.690714397060219
0,39.400000000000205,394,0,,0.4732248246111454,0.8251603809767403,rrt_star,False,0,0,5032,13.132274220342985,255,0,746,13.09114075462184,0.0,855,0,12,12,C,5072,0.4472049689440994,True,4.708478707936592
0,46.18683709330186,462,0,,0.4171015082706587,1.1630117110034917,rrt_star,False,0,0,4856,12.23106792462022,288,0,696,12.140477641111772,0.0,888,0,19,19,C,5073,0.5217391304347826,True,12.409862537082518
0,42.80000000000016,428,0,,0.4319775220509833,0.983768701000372,rrt_star,False,0,0,5348,12.689606692756172,327,0,780,12.56843062429688,0.0,927,0,7,7,C,5074,0.4658385093167702,True,4.040387369052041
0,41.700000000000195,417,0,,0.4058540460754683,0.8862822869850788,rrt_star,False,0,0,4330,8.506587452611374,200,0,645,8.506587452611374,0.0,800,0,11,11,C,5075,0.45962732919254656,True,4.986361526942346
0,63.500000000000384,635,0,,0.4449080881658053,1.1823998749896418,rrt_star,False,0,0,4436,9.187866295269835,245,0,657,9.166662943439015,0.0,845,0,18,18,C,5076,0.6273291925465838,True,11.658272021944867
0,51.00000000000034,510,0,,0.4621362345473627,1.1653342109930236,rrt_star,False,0,0,4832,8.394681663130918,360,0,693,8.266639354117842,0.0,960,0,12,12,C,5077,0.5527950310559007,True,6.896176678972552
0,43.40000000000019,434,0,,0.449946558682509,0.6143920909962617,rrt_star,False,0,0,4294,10.199458211875198,225,0,622,10.060791390078398,0.0,825,0,12,12,C,5078,0.32919254658385094,True,4.047749265941093
0,43.90000000000018,439,0,,0.49096652453268724,1.1436130180081818,rrt_star,False,0,0,5641,12.927875302628422,301,0,800,12.903281139244246,0.0,902,0,14,14,C,5079,0.45962732919254656,True,7.719082981027896
0,40.59999999999996,406,0,,0.40220905713583616,1.2279434470110573,rrt_star,False,0,0,6695,8.69031357994419,475,0,909,8.610320179447722,0.0,1075,0,7,7,C,5080,0.453416149068323,True,3.9101862410316244
0,44.40000000000025,444,0,,0.43845709684603024,0.9054724939924199,rrt_star,False,0,0,4126,9.691173050398664,209,0,620,9.64230410162384,0.0,810,0,13,13,C,5081,0.5093167701863354,True,7.103488433960592
0,39.30000000000006,393,0,,0.49709132575468584,0.9499986250011716,rrt_star,False,0,0,6200,11.452053716975914,422,0,851,11.147205502001007,0.0,1022,0,7,7,C,5082,0.37888198757763975,True,2.5338684159796685
0,51.90000000000036,519,0,,0.46884163425041053,1.445637087977957,rrt_star,False,0,0,7536,15.148499564751122,585,0,976,14.699934263282977,0.0,1185,0,18,18,C,5083,0.515527950310559,True,9.219155829952797
0,39.000000000000114,390,0,,0.42694366433527375,0.9129814000043552,rrt_star,False,0,0,5800,12.219070452672348,389,0,814,12.140050097793406,0.0,989,0,13,13,C,5084,0.42857142857142855,True,6.057731475943001
0,46.60000000000022,466,0,,0.47682256787014204,1.0931723050016444,rrt_star,False,0,0,5675,9.70003933676085,339,0,801,9.70003933676085,0.0,939,0,19,19,C,5085,0.4906832298136646,True,11.109841319033876
0,40.00000000000014,400,0,,0.4651882894102368,0.7952639420109335,rrt_star,False,0,0,4570,10.943796816059098,205,0,701,10.880153969487822,0.0,805,0,11,11,C,5086,0.43478260869565216,True,4.892192542058183
0,41.00000000000019,410,0,,0.49402485129351625,0.8066452209895942,rrt_star,False,0,0,4922,14.533382563644247,274,0,707,14.207691812553389,0.0,874,0,12,12,C,5087,0.45962732919254656,True,6.527797222923255
0,47.92568512680998,480,1,,0.4561149259529365,0.820301223982824,rrt_star,False,1,0,4849,10.211355258030057,229,0,706,9.966706398693523,0.0,829,0,11,11,C,5088,0.42857142857142855,True,5.31587262195535
0,42.500000000000234,425,0,,0.47525318102493913,0.8769498559995554,rrt_star,False,0,0,4569,8.987794006049958,263,0,683,8.804047148131414,0.0,863,0,12,12,C,5089,0.43478260869565216,True,5.428622692998033
0,40.40000000000008,404,0,,0.4251343458898488,0.7434446389961522,rrt_star,False,0,0,4133,9.150919956315558,153,0,636,8.944533966811568,0.0,753,0,10,10,C,5090,0.422360248447205,True,4.4795102889765985
0,50.36133728784654,504,1,,0.4935499146776962,1.160143789020367,rrt_star,False,1,0,5964,12.711251106535052,438,0,831,12.711251106535052,0.0,1038,0,20,20,C,5091,0.546583850931677,True,10.446403208945412
0,39.70000000000014,397,0,,0.4969988010832122,1.0602055920171551,rrt_star,False,0,0,6857,13.11546322586651,573,0,926,13.11546322586651,0.0,1174,0,7,7,C,5092,0.40993788819875776,True,3.294127961009508
0,45.40000000000022,454,0,,0.40180986956498194,0.9687292329908814,rrt_star,False,0,0,7643,16.46371507260373,514,0,1017,16.435095053196818,0.0,1114,0,12,12,C,5093,0.37267080745341613,True,7.017619221034693
0,38.800000000000026,388,0,,0.4719706620050416,0.6926934679795522,rrt_star,False,0,0,4465,12.517172224710217,204,0,667,12.485331207790509,0.0,804,0,11,11,C,5094,0.422360248447205,True,4.1681210969691165
0,46.70000000000034,467,0,,0.4026258223947682,0.8817302369861864,rrt_star,False,0,0,6081,17.862133855507516,372,0,830,17.857732578304557,0.0,972,0,11,11,C,5095,0.4472049689440994,True,5.243886602926068
0,61.25819883373372,613,0,,0.43834641602456187,1.4093481939926278,rrt_star,False,0,0,6390,24.929108599526106,508,0,868,23.102034522358768,0.0,1108,0,19,19,C,5096,0.6459627329192547,True,11.671034699014854
0,48.20000000000025,482,0,,0.4423261716844874,1.2925839410163462,rrt_star,False,0,0,5149,14.44892611920234,395,0,719,14.150731990444909,0.0,995,0,18,18,C,5097,0.5900621118012422,True,14.33554751900374
0,38.69999999999994,387,0,,0.4377292013719105,1.1340748550137505,rrt_star,False,0,0,6208,12.599883543841525,440,0,872,12.557996236779875,0.0,1040,0,11,11,C,5098,0.4720496894409938,True,7.063237247028155
0,58.10000000000044,581,0,,0.4269707708371195,1.781572915992001,rrt_star,False,0,0,7687,12.016136721505987,575,0,983,11.963773762286937,0.0,1175,0,19,19,C,5099,0.5900621118012422,True,17.69493889802834
0,36.8000000000001,368,0,,0.402998342137139,0.9413914450269658,rrt_star,False,0,0,4778,8.306410836215846,251,0,723,8.306410836215846,0.0,851,0,11,11,C,5100,0.4720496894409938,True,4.95263952203095
0,40.10000000000011,401,0,,0.47553020944038454,0.8618281209783163,rrt_star,False,0,0,5126,14.041939460189003,279,0,774,13.59759991553681,0.0,879,0,9,9,C,5101,0.4409937888198758,True,4.491368890943704
0,44.00000000000015,440,0,,0.46565859521964886,1.0745106899994425,rrt_star,False,0,0,8203,18.66120511120023,636,0,1038,17.857722085437434,0.0,1236,0,9,9,C,5102,0.39751552795031053,True,4.310683088027872
0,44.000000000000234,440,0,,0.49540392394167826,1.082378721999703,rrt_star,False,0,0,4449,10.57256220087088,228,0,653,10.412613625711629,0.0,828,0,16,16,C,5103,0.4720496894409938,True,7.932854144019075
0,47.00000000000029,470,0,,0.46059811943633383,1.4369675430061761,rrt_star,False,0,0,9392,20.707125759792664,760,0,1120,19.55460058999455,0.0,1360,0,9,9,C,5104,0.4409937888198758,True,4.9030285609769635
0,43.10000000000011,431,0,,0.4860393675698444,0.9707668260089122,rrt_star,False,0,0,4971,10.034805578247335,243,0,722,9.990947500412787,0.0,843,0,11,11,C,5105,0.4906832298136646,True,5.198243338003522
0,54.100000000000456,541,0,,0.4489021510375003,1.252528099983465,rrt_star,False,0,0,7222,17.55860084465866,498,0,963,17.370274533993342,0.0,1098,0,11,11,C,5106,0.484472049689441,True,7.245632654026849
0,41.40000000000014,414,0,,0.47903351546511563,0.7386968260107096,rrt_star,False,0,0,3834,9.154230530891516,152,0,601,8.812456510125331,0.0,752,0,12,12,C,5107,0.45962732919254656,True,4.363344746961957
0,39.00000000000001,390,0,,0.4811718146116912,0.7096772619988769,rrt_star,False,0,0,5650,11.049322415557631,293,0,785,10.891060098315615,0.0,893,0,9,9,C,5108,0.33540372670807456,True,4.2226516470254865
0,50.80000000000029,508,0,,0.4444422022305209,1.162375284009613,rrt_star,False,0,0,5116,10.035497925070976,272,0,724,9.949120142769903,0.0,872,0,17,17,C,5109,0.5838509316770186,True,11.99756952401367
0,41.10000000000012,411,0,,0.41244646953013103,0.9427733779884875,rrt_star,False,0,0,4774,11.740901920375597,282,0,713,11.724340334542491,0.0,882,0,14,14,C,5110,0.484472049689441,True,6.243525799975032
0,56.000000000000405,560,0,,0.4117646813231975,1.3246759840112645,rrt_star,False,0,0,4781,15.321132000762795,234,0,686,14.986958902484432,0.0,834,0,19,19,C,5111,0.453416149068323,True,9.706727648008382
0,49.20000000000033,492,0,,0.4801278794874724,0.6524611900094897,rrt_star,False,0,0,4733,16.129336306928444,238,0,710,16.098604824524244,0.0,838,0,13,13,C,5112,0.4161490683229814,True,4.319314082997153
0,52.30000000000033,523,0,,0.49211664862374355,0.848421397007769,rrt_star,False,0,0,4924,15.6060956970177,256,0,699,15.509979005051466,0.0,856,0,19,19,C,5113,0.4720496894409938,True,9.352404057077365
0,44.30000000000021,443,0,,0.47927695908813717,1.0127419419877697,rrt_star,False,0,0,5198,12.407488167069399,371,0,711,12.0148793209828,0.0,971,0,13,13,C,5114,0.4720496894409938,True,7.624021173920482
0,38.50000000000019,385,0,,0.4826134306668734,0.969658738002181,rrt_star,False,0,0,5663,14.584196388783683,366,0,789,14.493539662879371,0.0,966,0,12,12,C,5115,0.4968944099378882,True,6.492802187945927
0,39.30000000000011,393,0,,0.42502176145065307,1.0707774159964174,rrt_star,False,0,0,5240,9.354354233204665,263,0,741,9.240430130627422,0.0,863,0,9,9,C,5116,0.5031055900621118,True,4.998344968043966
0,39.00000000000012,390,0,,0.4946933846107593,1.1595394620089792,rrt_star,False,0,0,6176,10.501632711977136,382,0,836,10.34974393681076,0.0,982,0,12,12,C,5117,0.4906832298136646,True,8.4760723579966
0,38.10000000000019,381,0,,0.45959768500178444,0.815887085016584,rrt_star,False,0,0,5272,10.7767786814693,248,0,773,10.671279211387818,0.0,848,0,9,9,C,5118,0.40372670807453415,True,3.845841568952892
0,56.80000000000028,568,0,,0.4887896615688268,1.1808293439971749,rrt_star,False,0,0,4977,10.767542002968556,301,0,724,10.60784684455832,0.0,901,0,13,13,C,5119,0.5527950310559007,True,8.514307004021248
0,41.000000000000135,410,0,,0.4094785078887987,0.7087794089748058,rrt_star,False,0,0,5706,17.57828269750858,334,0,796,17.54149593592097,0.0,934,0,11,11,C,5120,0.43478260869565216,True,4.324248379969504
0,38.80000000000004,388,0,,0.40961765708219405,0.8074220590060577,rrt_star,False,0,0,4943,11.617060812641997,238,0,733,11.617060812641995,0.0,838,0,10,10,C,5121,0.391304347826087,True,3.765451183076948
0,39.30000000000008,393,0,,0.4809685083242526,0.7748942719772458,rrt_star,False,0,0,6605,15.361004920494,422,0,915,15.306615464921205,0.0,1023,0,6,6,C,5122,0.38509316770186336,True,2.1748255439451896
0,44.000000000000114,440,0,,0.4185388406235088,0.9574304790003225,rrt_star,False,0,0,5464,15.848809876277885,312,0,769,15.46578308171042,0.0,913,0,11,11,C,5123,0.5279503105590062,True,4.998151464067632
0,48.000000000000206,480,0,,0.4251524716936263,1.0299329019908328,rrt_star,False,0,0,3988,7.834395306980015,147,0,615,7.829408351493322,0.0,747,0,19,19,C,5124,0.5031055900621118,True,11.491200389980804
0,43.00000000000014,430,0,,0.4553095517620503,0.9926709640130866,rrt_star,False,0,0,4495,8.368276278022694,212,0,655,8.368276278022694,0.0,812,0,18,18,C,5125,0.515527950310559,True,9.831793345947517
0,47.10000000000018,471,0,,0.43152945027950823,0.901181427994743,rrt_star,False,0,0,6208,22.20739735561142,426,0,864,22.16901830512738,0.0,1026,0,15,15,C,5126,0.5031055900621118,True,6.349200907017803
0,42.80000000000017,428,0,,0.47467147261123877,0.9868954159901477,rrt_star,False,0,0,5785,14.371838116889869,331,0,816,13.498841843872668,0.0,931,0,13,13,C,5127,0.453416149068323,True,4.880728040006943
0,41.200000000000124,412,0,,0.40147094501746666,1.1412477119883988,rrt_star,False,0,0,4825,9.579454086001348,204,0,704,9.529958027096168,0.0,804,0,10,10,C,5128,0.4782608695652174,True,7.004207655030768
0,40.40000000000008,404,0,,0.40575048971288347,1.061252854007762,rrt_star,False,0,0,6117,15.18150556999175,529,0,866,14.947487803574358,0.0,1129,0,12,12,C,5129,0.4409937888198758,True,5.871501907007769
0,41.30000000000023,413,0,,0.48056620499993963,0.8255221580038778,rrt_star,False,0,0,6876,19.141523942673214,496,0,926,18.959535177232258,0.0,1096,0,5,5,C,5130,0.3416149068322981,True,2.115052836976247
0,40.100000000000186,401,0,,0.4829678983038073,0.8979654099966865,rrt_star,False,0,0,5392,11.611407505721601,314,0,755,11.393716957730645,0.0,914,0,10,10,C,5131,0.422360248447205,True,5.182598409999628
0,41.2000000000002,412,0,,0.4095381311336786,0.8456760889966972,rrt_star,False,0,0,4664,12.14748403774914,218,0,692,12.041769138114917,0.0,818,0,10,10,C,5132,0.43478260869565216,True,5.331121778988745
0,44.60000000000021,446,0,,0.479802133082117,0.6804456580139231,rrt_star,False,0,0,4490,11.99112978070461,245,0,650,11.785415751726296,0.0,845,0,12,12,C,5133,0.36645962732919257,True,4.782795297011035
0,39.600000000000094,396,0,,0.44926465518062053,0.9151808509777766,rrt_star,False,0,0,5569,13.814890140167217,378,0,789,13.765236349668822,0.0,978,0,11,11,C,5134,0.4409937888198758,True,5.47563422791427
0,45.90000000000013,459,0,,0.4304537567477363,0.9610238780151121,rrt_star,False,0,0,6164,18.609291145798398,401,0,858,18.6088438344271,0.0,1001,0,13,13,C,5135,0.4409937888198758,True,5.582633058016654
0,59.00000000000028,590,0,,0.46158863240099546,1.0291163680085447,rrt_star,False,0,0,4187,12.693131002344238,202,0,625,12.687949717357334,0.0,802,0,15,15,C,5136,0.6024844720496895,True,9.283338892942993
0,42.20000000000011,422,0,,0.479218350611719,0.9721580920158885,rrt_star,False,0,0,4863,11.304725565863787,218,0,725,11.304725565863787,0.0,818,0,11,11,C,5137,0.4472049689440994,True,7.234329380095005
0,47.80000000000015,478,0,,0.4699473975387813,1.1560231460025534,rrt_star,False,0,0,6156,12.15314802602378,440,0,833,11.808072861275605,0.0,1040,0,22,22,C,5138,0.4782608695652174,True,12.656702715030406
0,55.800000000000395,558,0,,0.47170137473766516,1.1949454260175116,rrt_star,False,0,0,4888,12.795528721678323,289,0,734,12.777065424821794,0.0,889,0,9,9,C,5139,0.40993788819875776,True,5.519810725963907
0,39.0000000000002,390,0,,0.4312502799630004,1.0863347309932578,rrt_star,False,0,0,6163,9.840782141114492,357,0,851,9.649941837038003,0.0,957,0,15,15,C,5140,0.4472049689440994,True,6.527080033003585
0,39.900000000000134,399,0,,0.459943727691632,0.7799435459892265,rrt_star,False,0,0,4300,13.167530754395457,208,0,644,12.202137753674258,0.0,808,0,12,12,C,5141,0.4472049689440994,True,4.911724956968101
0,43.60000000000019,436,0,,0.4633399612042256,1.0929122750239912,rrt_star,False,0,0,6818,12.549334625421896,442,0,933,12.309616670016775,0.0,1042,0,17,17,C,5142,0.42857142857142855,True,10.094611601991346
0,38.40000000000008,384,0,,0.41811314285433177,0.5498584329907317,rrt_star,False,0,0,6162,22.546334021120558,368,0,867,22.457991054282196,0.0,970,0,7,7,C,5143,0.391304347826087,True,2.1550691109732725
0,55.80000000000027,558,0,,0.46131990672106515,1.3372180110018235,rrt_star,False,0,0,5787,12.31307860141346,402,0,816,12.26965255920622,0.0,1002,0,12,12,C,5144,0.577639751552795,True,9.739870486024301
0,45.6000000000002,456,0,,0.4214955346432987,1.010535968001932,rrt_star,False,0,0,6753,19.798402027918126,422,0,908,18.876650887029815,0.0,1022,0,13,13,C,5145,0.4782608695652174,True,5.4854423649958335
0,39.20000000000012,392,0,,0.4530715617211537,0.9249211220012512,rrt_star,False,0,0,5463,12.4739127464824,326,0,797,12.470659424055238,0.0,926,0,9,9,C,5146,0.42857142857142855,True,4.9259222699620295
0,57.800000000000374,578,0,,0.44224602869183804,1.1340101759997196,rrt_star,False,0,0,4991,11.495740236592514,263,0,725,11.493519490923557,0.0,863,0,13,13,C,5147,0.515527950310559,True,8.37443893699674
0,44.60000000000027,446,0,,0.4670719982863413,0.8394769389997236,rrt_star,False,0,0,5324,17.44199499978144,280,0,776,17.01325585454441,0.0,880,0,10,10,C,5148,0.5341614906832298,True,4.497194731025957
0,41.7000000000001,417,0,,0.4920153886822666,0.9277534199936781,rrt_star,False,0,0,4479,9.129258176389737,221,0,668,9.103975030736551,0.0,821,0,17,17,C,5149,0.515527950310559,True,6.969901514006779
0,37.60000000000004,376,0,,0.4254004247414318,0.8210702869982924,rrt_star,False,0,0,5377,15.672862281687756,306,0,771,15.656500924418912,0.0,906,0,15,15,C,5150,0.4409937888198758,True,7.399667858029716
0,51.70000000000037,517,0,,0.4285062708614753,0.9733461370051373,rrt_star,False,0,0,4880,14.35463127792583,401,0,685,14.077389130072945,0.0,1005,0,15,15,C,5151,0.5279503105590062,True,8.291817841964075
0,41.70000000000016,417,0,,0.4655990813933933,0.914727438997943,rrt_star,False,0,0,5117,13.359503788115825,436,0,744,13.003468655093988,0.0,1036,0,12,12,C,5152,0.453416149068323,True,5.554629821010167
0,49.40000000000032,494,0,,0.4828592987155583,1.3328801720053889,rrt_star,False,0,0,7250,14.427154023507422,543,0,972,14.327081521035097,0.0,1143,0,16,16,C,5153,0.4968944099378882,True,9.38684376105084
0,39.30000000000006,393,0,,0.4686929445824204,0.9925025069969706,rrt_star,False,0,0,4961,9.959303766510725,278,0,715,9.774696155284287,0.0,878,0,16,16,C,5154,0.422360248447205,True,8.886414343956858
0,40.50000000000011,405,0,,0.43574420236942196,0.8600719420064706,rrt_star,False,0,0,4267,9.943143578388234,207,0,631,9.943143578388234,0.0,807,0,12,12,C,5155,0.4782608695652174,True,4.84476731903851
0,42.29914552963033,423,0,,0.40359585399072223,1.0057150599895976,rrt_star,False,0,0,5726,9.436729326688624,284,0,810,9.323715661160005,0.0,884,0,14,14,C,5156,0.43478260869565216,True,8.371470295038307
0,39.80000000000008,398,0,,0.44852373235139437,0.8983929899986833,rrt_star,False,0,0,6255,12.682446191833348,407,0,892,12.670986383589682,0.0,1007,0,12,12,C,5157,0.38509316770186336,True,5.32293907305575
0,43.70000000000013,437,0,,0.41527097501812216,0.9010075660189614,rrt_star,False,0,0,4009,10.141666752241758,198,0,632,10.141666752241756,0.0,799,0,14,14,C,5158,0.515527950310559,True,7.978396152990172
0,38.400000000000084,384,0,,0.4651140878149041,0.8031892289873213,rrt_star,False,0,0,5042,12.71577831351219,232,0,714,12.678817417775605,0.0,832,0,7,7,C,5159,0.42857142857142855,True,2.7220107809989713
0,43.40000000000022,434,0,,0.4702914321032562,1.1278022800106555,rrt_star,False,0,0,6316,14.683966666744315,512,0,858,14.508479219716213,0.0,1112,0,10,10,C,5160,0.484472049689441,True,4.630255884985672
0,55.800000000000416,558,0,,0.4534321165217511,1.1225153139967006,rrt_star,False,0,0,5520,17.423078568197045,342,0,779,16.195757068928867,0.0,943,0,13,13,C,5161,0.42857142857142855,True,5.9119560969411395
0,50.20000000000017,502,0,,0.44255933338115383,0.8892360379977617,rrt_star,False,0,0,5533,23.408589494675294,486,0,779,22.420270055083375,0.0,1086,0,12,12,C,5162,0.4782608695652174,True,5.435243932035519
0,41.60000000000017,416,0,,0.48863836282648976,0.7380053249944467,rrt_star,False,0,0,4591,15.756345958112929,347,0,649,15.72839669783927,0.0,948,0,8,8,C,5163,0.4161490683229814,True,3.272222876024898
0,38.50000000000012,385,0,,0.4610178556812699,0.8307921210071072,rrt_star,False,0,0,5781,17.54977831887696,330,0,846,17.523213571413443,0.0,930,0,11,11,C,5164,0.422360248447205,True,5.175080074986909
0,43.00000000000024,430,0,,0.4058887368644963,0.9190745950036217,rrt_star,False,0,0,4970,9.512708639408578,246,0,729,9.512708639408578,0.0,846,0,9,9,C,5165,0.4658385093167702,True,4.917986171989469
0,61.30000000000045,613,0,,0.49774170063187206,0.9604205380019266,rrt_star,False,0,0,3767,10.503993389163048,169,0,573,10.503993389163048,0.0,769,0,20,20,C,5166,0.577639751552795,True,9.988096095999936
0,42.80000000000015,428,0,,0.47826656356911385,0.7042031210148707,rrt_star,False,0,0,6347,21.278989816897692,395,0,855,21.095257099819207,0.0,995,0,12,12,C,5167,0.422360248447205,True,5.387284448981518
0,58.60000000000043,586,0,,0.4207337550399851,1.083773181977449,rrt_star,False,0,0,4771,15.510086069987482,322,0,704,15.473749551370469,0.0,923,0,15,15,C,5168,0.5403726708074534,True,8.720921209955122
0,38.20000000000001,382,0,,0.45169619621222135,0.8124073559883982,rrt_star,False,0,0,5815,10.665150883541106,385,0,827,10.665150883541106,0.0,985,0,9,9,C,5169,0.3416149068322981,True,4.4509581589954905
0,53.40000000000028,534,0,,0.40713162859285057,1.238254316005623,rrt_star,False,0,0,5103,14.699977390980651,384,0,732,14.6517435641752,0.0,984,0,18,18,C,5170,0.5900621118012422,True,11.728479764948133
0,43.400000000000276,434,0,,0.45900278904864666,1.1806005100079346,rrt_star,False,0,0,6092,13.534946445564517,565,0,847,13.531966222207247,0.0,1166,0,13,13,C,5171,0.4906832298136646,True,8.395578279014444
0,37.30000000000006,373,0,,0.4263491600094935,0.8311177330033388,rrt_star,False,0,0,4181,9.636262247345389,171,0,647,9.636262247345389,0.0,771,0,12,12,C,5172,0.4658385093167702,True,4.722433818067657
0,51.50000000000027,515,0,,0.4442774995740285,0.9544492910208646,rrt_star,False,0,0,4385,15.136981437383216,281,0,659,14.697009801298064,0.0,881,0,12,12,C,5173,0.5279503105590062,True,5.629183423065115
0,41.7000000000002,417,0,,0.45811622064362784,0.7973993500054348,rrt_star,False,0,0,4914,13.517226018423923,208,0,728,13.470132729197731,0.0,808,0,12,12,C,5174,0.4472049689440994,True,4.743019151035696
0,41.70000000000027,417,0,,0.47547504229087156,0.7557308770192321,rrt_star,False,0,0,5311,14.014491526782551,319,0,775,13.998431414980494,0.0,919,0,13,13,C,5175,0.39751552795031053,True,5.998937585012754
0,55.100000000000364,551,1,,0.42820588725523023,1.1864541689865291,rrt_star,False,1,0,7100,12.62544056873852,520,0,932,11.994288109687146,0.0,1120,0,18,18,C,5176,0.4409937888198758,True,11.394567765062675
0,39.40000000000011,394,0,,0.4284661737414059,0.8723230359901208,rrt_star,False,0,0,5848,8.866938433947784,421,0,815,8.849726379940465,0.0,1021,0,13,13,C,5177,0.35403726708074534,True,5.111742554057855
0,37.70000000000015,377,0,,0.41531184592503173,0.6595874860067852,rrt_star,False,0,0,4160,8.726547187489961,159,0,642,8.717879705158964,0.0,759,0,12,12,C,5178,0.37888198757763975,True,4.226922259986168
0,44.400000000000254,444,0,,0.4229295546503069,0.9676688190083951,rrt_star,False,0,0,5173,12.951708136170444,326,0,745,12.951708136170444,0.0,926,0,20,20,C,5179,0.4409937888198758,True,10.627245049923658
0,44.000000000000156,440,0,,0.4004976198174022,0.8518421640037559,rrt_star,False,0,0,5167,13.827577503056308,255,0,779,13.80687624931047,0.0,855,0,9,9,C,5180,0.4409937888198758,True,3.44628729094984
0,53.700000000000365,537,0,,0.4017692602690606,0.9922856910270639,rrt_star,False,0,0,4656,10.031136940023279,220,0,690,9.811540436553212,0.0,820,0,13,13,C,5181,0.5217391304347826,True,6.56687073406647
0,44.50000000000019,445,0,,0.44538567322989225,0.7451896939892322,rrt_star,False,0,0,5140,18.586051341875013,277,0,754,18.038690663817764,0.0,878,0,11,11,C,5182,0.391304347826087,True,5.494718008005293
0,39.60000000000015,396,0,,0.48266877225533367,0.8680031870026141,rrt_star,False,0,0,5625,10.43890169592099,378,0,801,10.298543445702167,0.0,979,0,13,13,C,5183,0.38509316770186336,True,5.95343707097345
0,40.60000000000018,406,0,,0.4807236494451157,0.6824851960118394,rrt_star,False,0,0,6891,17.003884040166348,440,0,922,16.731756179749812,0.0,1040,0,11,11,C,5184,0.2857142857142857,True,4.436498611990828
0,42.700000000000095,427,0,,0.4213345074565304,1.0512556539906655,rrt_star,False,0,0,5533,12.320932291258332,331,0,789,12.251678316212566,0.0,931,0,9,9,C,5185,0.5031055900621118,True,4.627754511922831
0,43.70000000000021,437,0,,0.41422789399649773,0.8025721049925778,rrt_star,False,0,0,5603,15.558520204783123,331,0,787,15.259070050039684,0.0,931,0,8,8,C,5186,0.4472049689440994,True,3.3401021489698905
0,36.500000000000064,365,0,,0.49827263980049996,0.673331366997445,rrt_star,False,0,0,5002,14.592849229553076,258,0,746,14.517579025222147,0.0,858,0,7,7,C,5187,0.4161490683229814,True,2.7495446350076236
0,40.400000000000205,404,0,,0.4812666107863544,0.9369075840222649,rrt_star,False,0,0,3975,13.993752155511299,157,0,608,13.993752155511299,0.0,757,0,9,9,C,5188,0.391304347826087,True,3.981058185076108
0,43.30000000000017,433,0,,0.40414183017263694,0.7454211150179617,rrt_star,False,0,0,4340,11.519144212485475,217,0,645,11.51569205621859,0.0,817,0,16,16,C,5189,0.37888198757763975,True,6.666363348078448
0,43.200000000000124,432,0,,0.43927225946434795,0.8170321299985517,rrt_star,False,0,0,4479,9.74639693245581,186,0,680,9.74639693245581,0.0,786,0,9,9,C,5190,0.453416149068323,True,3.971115586027736
0,39.10000000000006,391,0,,0.41557639268799884,0.8130060329858679,rrt_star,False,0,0,5693,18.40218473753198,318,0,802,18.126826373470294,0.0,919,0,9,9,C,5191,0.4409937888198758,True,4.054978714993922
0,38.40000000000012,384,0,,0.42420933985309867,0.7710181830043439,rrt_star,False,0,0,3992,8.13102242207322,144,0,597,8.13102242207322,0.0,745,0,8,8,C,5192,0.37267080745341613,True,3.1967801489809062
0,41.800000000000146,418,0,,0.4256709839091824,0.9371974770037923,rrt_star,False,0,0,4483,10.614192685403104,195,0,646,10.346803242376506,0.0,795,0,11,11,C,5193,0.515527950310559,True,5.994608625100227
0,41.200000000000095,412,0,,0.4751680561253378,0.7792735200200696,rrt_star,False,0,0,4418,9.308405819113357,195,0,646,9.276448184285892,0.0,795,0,7,7,C,5194,0.4161490683229814,True,3.9703644629917108
0,39.200000000000145,392,0,,0.46221001531106853,1.0094811159942765,rrt_star,False,0,0,5311,12.100463916185646,374,0,751,12.085961982184932,0.0,974,0,12,12,C,5195,0.453416149068323,True,7.100649864994921
0,40.900000000000105,409,0,,0.46889038763332785,0.7581513389886823,rrt_star,False,0,0,4214,10.484468712747757,163,0,639,10.47746075787222,0.0,763,0,11,11,C,5196,0.40993788819875776,True,4.7900617310078815
0,44.80000000000013,448,0,,0.4134969702057973,1.293404064985225,rrt_star,False,0,0,7505,14.291408750724461,521,0,976,14.163303760252656,0.0,1121,0,10,10,C,5197,0.42857142857142855,True,5.310442492947914
0,46.200000000000216,462,0,,0.49882681539267304,0.9922480669920333,rrt_star,False,0,0,5575,13.76187658353671,345,0,782,13.661974452556395,0.0,945,0,11,11,C,5198,0.453416149068323,True,6.192813788919011
0,44.30000000000016,443,0,,0.435495559822331,0.820390936016338,rrt_star,False,0,0,5560,17.955992828050434,335,0,779,17.56598748394447,0.0,935,0,10,10,C,5199,0.4782608695652174,True,4.041127698001219
0,48.900000000000226,489,0,,0.42490379098208847,1.0298224260041025,rrt_star,False,0,0,5213,14.943611462770653,303,0,747,14.857001942503938,0.0,903,0,16,16,C,5200,0.5714285714285714,True,7.597609131975332
0,41.60000000000018,416,0,,0.44372258727932246,0.76175500600948,rrt_star,False,0,0,4399,12.38017282171679,201,0,676,12.35095091789647,0.0,801,0,15,15,C,5201,0.43478260869565216,True,6.735189943021396
0,39.600000000000094,396,0,,0.40893425913512405,0.706093824992422,rrt_star,False,0,0,5367,16.872904441743213,277,0,785,16.53206579084074,0.0,877,0,10,10,C,5202,0.3416149068322981,True,3.977626457985025
0,46.70000000000018,467,0,,0.400054546942894,1.1318527839903254,rrt_star,False,0,0,5795,10.008576592329248,346,0,788,10.008576592329248,0.0,946,0,21,21,C,5203,0.5031055900621118,True,11.627335052966373
0,46.400000000000304,464,0,,0.41652273035157145,0.7831907389918342,rrt_star,False,0,0,4461,15.501058097937147,203,0,671,15.251052129225682,0.0,803,0,9,9,C,5204,0.546583850931677,True,4.5814423139963765
0,38.50000000000016,385,0,,0.431449287502427,0.8561858629982453,rrt_star,False,0,0,5934,14.321781822197122,333,0,835,13.963024741098696,0.0,933,0,5,5,C,5205,0.391304347826087,True,2.2994118640199304
0,41.00000000000017,410,0,,0.4425037265873291,0.971588818996679,rrt_star,False,0,0,5912,12.595594130875043,386,0,843,12.370671799987496,0.0,986,0,19,19,C,5206,0.4782608695652174,True,10.482363364077173
0,45.90000000000012,459,0,,0.4142727320484384,0.9014267339953221,rrt_star,False,0,0,5105,11.261304824741142,272,0,743,11.228300520129817,0.0,872,0,16,16,C,5207,0.453416149068323,True,8.268220918049337
0,38.799999999999926,388,0,,0.4434496657211887,0.8241069889918435,rrt_star,False,0,0,4193,9.08094492447877,239,0,602,9.051666799342247,0.0,839,0,17,17,C,5208,0.39751552795031053,True,7.296464416984236
0,40.10000000000008,401,0,,0.4669633440531153,0.7935948639933486,rrt_star,False,0,0,4508,13.511983757490723,227,0,646,13.47600918654055,0.0,827,0,10,10,C,5209,0.4720496894409938,True,5.335547120019328
0,41.20000000000003,412,0,,0.4627287413875166,0.8759377649985254,rrt_star,False,0,0,5850,14.492107664155,372,0,808,14.182370765580014,0.0,973,0,10,10,C,5210,0.42857142857142855,True,4.889110615971731
0,50.50000000000023,505,0,,0.49815570723467045,1.1060938709997572,rrt_star,False,0,0,5186,11.884311514834085,280,0,725,11.63838094065918,0.0,881,0,19,19,C,5211,0.5031055900621118,True,11.35611610696651
0,38.5000000000001,385,0,,0.4734602493462174,0.7709229430183768,rrt_star,False,0,0,5041,13.19543532346755,317,0,738,13.093084533349696,0.0,917,0,11,11,C,5212,0.39751552795031053,True,4.915044366003713
0,53.90000000000038,539,0,,0.48448490469292144,1.0705028319789562,rrt_star,False,0,0,3932,11.77301425972116,200,0,591,11.731279510060677,0.0,801,0,11,11,C,5213,0.6645962732919255,True,7.073848074942362
0,41.900000000000226,419,0,,0.4423418805801329,1.3222981830185745,rrt_star,False,0,0,8720,15.21633758206782,662,0,1050,14.448714335865194,0.0,1262,0,7,7,C,5214,0.39751552795031053,True,3.6685888150532264
0,40.90000000000007,409,0,,0.4782030306407654,0.7662490060029086,rrt_star,False,0,0,4869,16.55593031971643,267,0,710,16.4138073374116,0.0,867,0,9,9,C,5215,0.484472049689441,True,4.260300358029781
0,38.10000000000002,381,0,,0.4561551032967046,0.5905739789886866,rrt_star,False,0,0,4451,12.293398426890022,184,0,643,12.165904440912602,0.0,784,0,9,9,C,5216,0.37267080745341613,True,2.844008312007645
0,37.3000000000002,373,0,,0.4769657477759506,0.8372575519897509,rrt_star,False,0,0,5562,12.236029316075955,399,0,799,12.19751615032496,0.0,999,0,8,8,C,5217,0.391304347826087,True,3.107274818030419
0,39.600000000000044,396,0,,0.4648538435907415,0.8881745820108335,rrt_star,False,0,0,5814,10.07449396876783,290,0,806,9.97196863146482,0.0,891,0,8,8,C,5218,0.38509316770186336,True,3.751289717038162
0,37.20000000000006,372,0,,0.43621757931267524,0.8891857940179761,rrt_star,False,0,0,4826,8.845132115925571,252,0,713,8.845132115925571,0.0,852,0,13,13,C,5219,0.4161490683229814,True,6.441391212982126
0,37.30000000000004,373,0,,0.4642327350655812,0.6760488100117072,rrt_star,False,0,0,5401,13.76253877999304,374,0,769,13.62053058854394,0.0,974,0,5,5,C,5220,0.37267080745341613,True,1.9444366370153148
0,50.300000000000225,503,0,,0.40761609960644224,1.033786849991884,rrt_star,False,0,0,5071,9.940635461430734,239,0,730,9.92944903710216,0.0,839,0,9,9,C,5221,0.5403726708074534,True,5.441235299978871
0,40.1000000000001,401,0,,0.4727990350391184,0.7235070620081387,rrt_star,False,0,0,5114,15.2587757499264,269,0,733,15.108585700936697,0.0,869,0,12,12,C,5222,0.422360248447205,True,4.110199861053843
0,40.00000000000011,400,0,,0.46875780020765556,1.0458201130095404,rrt_star,False,0,0,6615,11.907194132678955,484,0,912,11.311008690460257,0.0,1085,0,9,9,C,5223,0.40372670807453415,True,5.032959308009595
0,90.39999999999931,904,0,,0.43512472296213284,1.567032052000286,rrt_star,False,0,0,4468,14.305587814047863,317,0,656,14.267489811162896,0.0,917,0,18,18,C,5224,0.6149068322981367,True,13.960147647099802
0,36.40000000000006,364,0,,0.4992298660177989,0.8439437100023497,rrt_star,False,0,0,5748,9.754413506334721,294,0,815,9.713868995348795,0.0,894,0,12,12,C,5225,0.36024844720496896,True,4.914667352015385
0,46.90000000000016,469,0,,0.48935452321549044,0.878580732998671,rrt_star,False,0,0,4880,8.394884042444245,249,0,714,8.394884042444245,0.0,849,0,21,21,C,5226,0.42857142857142855,True,9.94283749492024
0,41.60000000000016,416,0,,0.4065163059627693,0.6775906839757226,rrt_star,False,0,0,3941,12.21748090985706,148,0,605,12.21748090985706,0.0,748,0,13,13,C,5227,0.453416149068323,True,5.224924883019412
0,40.6000000000001,406,0,,0.42071972904310834,0.9184198750008363,rrt_star,False,0,0,5461,12.85529743912512,301,0,804,12.64770025671917,0.0,901,0,10,10,C,5228,0.42857142857142855,True,5.2804365099582355
0,43.400000000000155,434,0,,0.40904907735340756,1.186402196995914,rrt_star,False,0,0,6247,12.299121883787132,430,0,847,12.132233177960627,0.0,1030,0,12,12,C,5229,0.4968944099378882,True,7.348218272993108
0,39.30000000000004,393,0,,0.47375994384615755,1.032821775006596,rrt_star,False,0,0,4744,12.894471367943112,279,0,704,12.894471367943112,0.0,879,0,10,10,C,5230,0.391304347826087,True,5.275767650018679
0,38.30000000000008,383,0,,0.424047347188041,0.7188466219813563,rrt_star,False,0,0,5082,11.54095557380527,240,0,759,11.54095557380527,0.0,840,0,10,10,C,5231,0.37888198757763975,True,4.239007644995581
0,49.10000000000033,491,0,,0.4091446420685984,1.1853312040038873,rrt_star,False,0,0,6594,9.115792304354201,394,0,881,9.115792304354201,0.0,994,0,16,16,C,5232,0.453416149068323,True,9.336613657069393
0,40.10000000000011,401,0,,0.45706663117636936,0.6895029500010423,rrt_star,False,0,0,5271,19.094280521427937,327,0,782,19.088948389788893,0.0,927,0,9,9,C,5233,0.40993788819875776,True,3.6295563519815914
0,41.0000000000002,410,0,,0.4853119509886921,1.1134036220028065,rrt_star,False,0,0,7397,15.758922189800417,653,0,984,15.509138945226265,0.0,1253,0,15,15,C,5234,0.391304347826087,True,7.68503355505527
0,63.80000000000056,638,0,,0.46737020495709003,1.3161109809880145,rrt_star,False,0,0,5262,11.828955280002015,376,0,733,11.828955280002015,0.0,976,0,22,22,C,5235,0.6149068322981367,True,16.096885220962577
0,55.40000000000038,554,0,,0.4368033956263687,1.0962617920013145,rrt_star,False,0,0,5712,13.46631637349133,323,0,784,13.459218332244701,0.0,923,0,15,15,C,5236,0.5590062111801242,True,9.445982430974254
0,43.800000000000146,438,0,,0.4629463486574178,0.7891679070016835,rrt_star,False,0,0,4752,12.846049615857417,235,0,694,12.284069197850409,0.0,835,0,13,13,C,5237,0.42857142857142855,True,5.029654085898073
0,45.900000000000325,459,0,,0.454805772798071,0.9271984689985402,rrt_star,False,0,0,5641,16.157479167854795,392,0,793,15.994460471330544,0.0,992,0,18,18,C,5238,0.4720496894409938,True,9.830284555064281
0,42.30000000000021,423,0,,0.4938817969839008,1.0562594829825684,rrt_star,False,0,0,4536,9.425353037388767,222,0,665,9.402801814952305,0.0,822,0,13,13,C,5239,0.5093167701863354,True,8.868129432899877
0,40.900000000000176,409,0,,0.44630286601651986,0.7568570860021282,rrt_star,False,0,0,5503,13.000613343767522,308,0,769,12.964427500981895,0.0,908,0,10,10,C,5240,0.35403726708074534,True,4.063464262930211
0,38.20000000000007,382,0,,0.4201162423741038,0.6292800079972949,rrt_star,False,0,0,4996,15.300482835566251,223,0,717,15.237226293856898,0.0,823,0,9,9,C,5241,0.40993788819875776,True,2.4744118950038683
0,46.3000000000003,463,0,,0.47346711608233244,0.8779044959810562,rrt_star,False,0,0,4213,13.489805768232086,197,0,646,13.483654252557084,0.0,797,0,12,12,C,5242,0.546583850931677,True,5.140515759005211
0,44.90000000000016,449,0,,0.4836216790422864,0.8057735170004889,rrt_star,False,0,0,4474,13.616704069031075,206,0,669,13.593469402559595,0.0,806,0,19,19,C,5243,0.37267080745341613,True,6.265989949053619
0,44.400000000000254,444,0,,0.42320244557656167,0.634739969013026,rrt_star,False,0,0,5131,16.255068737218753,232,0,745,16.255068737218753,0.0,832,0,9,9,C,5244,0.37888198757763975,True,3.3847800610237755
0,41.80000000000013,418,0,,0.4583493746129134,0.7672755960084032,rrt_star,False,0,0,4626,15.401419711137477,379,0,662,14.575611339013983,0.0,979,0,10,10,C,5245,0.38509316770186336,True,4.598707144061336
0,47.10000000000026,471,0,,0.4136498244265198,0.7502800500078592,rrt_star,False,0,0,6531,21.648212110447684,357,0,885,21.25215847943234,0.0,957,0,13,13,C,5246,0.43478260869565216,True,4.770770538947545
0,40.60000000000021,406,0,,0.49760595493933585,0.9446424059860874,rrt_star,False,0,0,5114,11.128031883616954,407,0,730,11.101013380714608,0.0,1008,0,12,12,C,5247,0.45962732919254656,True,5.663998854986858
0,37.80000000000015,378,0,,0.45874851837791647,0.7457920529996045,rrt_star,False,0,0,3641,9.766585828951444,115,0,570,9.766585828951444,0.0,715,0,15,15,C,5248,0.5031055900621118,True,5.76530572300544
0,49.90000000000034,499,0,,0.4979176088526141,1.5122610599792097,rrt_star,False,0,0,4933,10.567716744823118,233,0,713,10.520663686968572,0.0,833,0,18,18,C,5249,0.5900621118012422,True,12.235156012990046
0,38.70000000000009,387,0,,0.44113701950169054,1.1775111659953836,rrt_star,False,0,0,7198,9.6665375910767,496,0,951,9.661140165706417,0.0,1096,0,15,15,C,5250,0.4161490683229814,True,7.781138391059358
0,77.69999999999982,777,1,,0.41901436469163583,1.9083165670162998,rrt_star,False,1,0,10265,32.47670809499342,952,0,1217,31.28080802564957,0.0,1553,0,26,26,C,5251,0.5403726708074534,True,19.347016750922194
0,50.80000000000022,508,0,,0.44230987076294787,1.4431374499981757,rrt_star,False,0,0,5858,16.795095155228992,519,0,779,16.652986539458695,0.0,1120,0,15,15,C,5252,0.5590062111801242,True,9.785124813992297
0,37.40000000000002,374,0,,0.49214670504916525,1.1014601299830247,rrt_star,False,0,0,5325,10.000748661880596,344,0,742,10.000748661880596,0.0,944,0,12,12,C,5253,0.43478260869565216,True,6.33351806391147
0,41.00000000000001,410,0,,0.43241413768229936,0.9827213379903696,rrt_star,False,0,0,5219,10.961854513144553,303,0,758,10.943795209208705,0.0,903,0,11,11,C,5254,0.4658385093167702,True,6.994554081989918
0,55.70000000000036,557,1,,0.4290404355241979,1.242451890022494,rrt_star,False,1,0,8378,18.86916398854539,659,0,1069,18.587512029554844,0.0,1259,0,18,18,C,5255,0.39751552795031053,True,10.00066709209932
0,40.90000000000017,409,0,,0.4716963273161412,0.7323231459886301,rrt_star,False,0,0,4572,12.927218107649567,179,0,696,12.885264473882295,0.0,779,0,12,12,C,5256,0.40372670807453415,True,4.19825309998123
0,37.300000000000054,373,0,,0.4940166975169407,0.7225968490238301,rrt_star,False,0,0,5132,9.705728587860042,263,0,768,9.604184062379927,0.0,863,0,9,9,C,5257,0.33540372670807456,True,3.6524377840396482
0,43.8000000000002,438,0,,0.45945546162162637,1.314607881999109,rrt_star,False,0,0,8887,22.364766084664556,677,0,1079,21.923702021517467,0.0,1277,0,7,7,C,5258,0.5403726708074534,True,4.773703484999714
0,43.10000000000008,431,0,,0.43074254185949573,0.894358383025974,rrt_star,False,0,0,4807,9.795532389257044,245,0,709,9.764043343774706,0.0,845,0,16,16,C,5259,0.4472049689440994,True,7.457487546984339
0,38.90000000000012,389,0,,0.4215684872046008,0.7762031400052365,rrt_star,False,0,0,4930,12.254120735595576,265,0,726,12.035862657861456,0.0,865,0,9,9,C,5260,0.39751552795031053,True,3.6630167530674953
0,46.00000000000015,460,0,,0.43346065321065175,1.0030467119941022,rrt_star,False,0,0,5428,9.661691394338263,296,0,805,9.644149034745972,0.0,896,0,21,21,C,5261,0.40993788819875776,True,11.803190222970443
0,50.30000000000034,503,0,,0.46900829414635065,0.9885103400156368,rrt_star,False,0,0,5383,11.794425260944303,325,0,735,11.391073868908014,0.0,925,0,14,14,C,5262,0.484472049689441,True,7.172184025985189
0,41.02460455134402,411,0,,0.4871075296213891,0.8403069729974959,rrt_star,False,0,0,4924,9.432070074880473,206,0,711,9.198725131422126,0.0,806,0,15,15,C,5263,0.422360248447205,True,5.724379892955767
0,39.30000000000025,393,0,,0.4679994634776676,1.0330852750048507,rrt_star,False,0,0,4877,15.40960842412182,273,0,720,15.40960842412182,0.0,873,0,9,9,C,5264,0.45962732919254656,True,4.859499329002574
0,40.000000000000114,400,0,,0.43636022623041854,0.701269440993201,rrt_star,False,0,0,4348,10.249112236374046,209,0,664,10.249112236374044,0.0,810,0,8,8,C,5265,0.391304347826087,True,3.1528835019562393
0,44.50000000000021,445,0,,0.49583270034390814,0.9751387390133459,rrt_star,False,0,0,5860,16.790598143618602,364,0,830,16.71493679527403,0.0,964,0,13,13,C,5266,0.5217391304347826,True,6.404187538049882
0,67.40000000000023,674,0,,0.47896844737369687,1.0750164870114531,rrt_star,False,0,0,3850,10.10019989627388,253,0,570,10.098978210851104,0.0,853,0,25,25,C,5267,0.5900621118012422,True,16.165490025043255
0,39.10000000000009,391,0,,0.42758090710854363,0.8177284830017015,rrt_star,False,0,0,4676,8.754038387524895,235,0,689,8.754038387524895,0.0,835,0,12,12,C,5268,0.422360248447205,True,5.744168658973649
0,54.8000000000003,548,0,,0.47408030902121234,1.011787652008934,rrt_star,False,0,0,5247,21.369103686688884,365,0,763,20.91234089295892,0.0,965,0,10,10,C,5269,0.4720496894409938,True,6.20544722804334
0,45.70000000000025,457,0,,0.41141033278915573,1.266506437008502,rrt_star,False,0,0,6030,12.765846094777451,403,0,839,12.524049928431142,0.0,1003,0,15,15,C,5270,0.5279503105590062,True,11.01072516097338
0,39.80000000000015,398,0,,0.44398853721597464,0.9603383450012188,rrt_star,False,0,0,6530,14.752623407879431,422,0,876,14.65988978669189,0.0,1022,0,12,12,C,5271,0.422360248447205,True,7.361901155003579
0,37.70000000000014,377,0,,0.492449582655359,0.9018991269986145,rrt_star,False,0,0,5238,9.506942804350382,270,0,760,9.506942804350382,0.0,870,0,12,12,C,5272,0.38509316770186336,True,6.629890677053481
0,51.10000000000032,511,0,,0.4655746101567145,1.1284791409852915,rrt_star,False,0,0,6401,24.404280108614824,492,0,871,24.33912655345211,0.0,1092,0,14,14,C,5273,0.4968944099378882,True,7.679182061983738
0,38.30000000000025,383,0,,0.4570600446335382,0.7504509149875958,rrt_star,False,0,0,4704,15.08404435530138,279,0,701,14.88205923522351,0.0,879,0,9,9,C,5274,0.4906832298136646,True,3.6442948559415527
0,40.20000000000019,402,0,,0.42829674625424047,0.851411007985007,rrt_star,False,0,0,5956,16.186097364941507,413,0,803,15.872363879515726,0.0,1013,0,6,6,C,5275,0.4906832298136646,True,3.243804749014089
0,42.400000000000155,424,0,,0.49065987489447493,0.9580012370133772,rrt_star,False,0,0,4565,8.818345316519709,228,0,670,8.808753596975084,0.0,828,0,14,14,C,5276,0.5031055900621118,True,7.652382968022721
0,41.30000000000013,413,0,,0.49003451672182236,0.8911393700109329,rrt_star,False,0,0,4586,11.870489524951621,212,0,702,11.62080744721162,0.0,812,0,15,15,C,5277,0.484472049689441,True,8.539980227971682
0,49.00000000000029,490,0,,0.4446394072241192,1.1295996849949006,rrt_star,False,0,0,7386,19.10609159976846,528,0,981,18.988357379073523,0.0,1129,0,10,10,C,5278,0.4658385093167702,True,5.9914354859502055
0,44.70000000000024,447,0,,0.4637870166304318,0.7608284789894242,rrt_star,False,0,0,4919,17.089997511826596,307,0,712,16.995985218872807,0.0,907,0,12,12,C,5279,0.45962732919254656,True,5.251704714959487
0,41.00000000000003,410,0,,0.49876298944001674,0.863767214003019,rrt_star,False,0,0,4104,11.850310552650972,180,0,632,11.832659373577368,0.0,780,0,9,9,C,5280,0.4782608695652174,True,3.6127758149814326
0,39.60000000000009,396,0,,0.4972212394368521,0.6754153300134931,rrt_star,False,0,0,4250,10.631167247864049,216,0,655,10.617913590385664,0.0,816,0,12,12,C,5281,0.391304347826087,True,4.969198565057013
0,39.70000000000017,397,0,,0.4579543507879996,0.9886776419880334,rrt_star,False,0,0,5701,7.944844899739391,291,0,806,7.772516993637321,0.0,891,0,6,6,C,5282,0.422360248447205,True,3.4241709189955145
0,43.00000000000026,430,0,,0.4162967924335379,0.8937928850064054,rrt_star,False,0,0,4828,10.917333624679769,203,0,709,10.87539935171721,0.0,804,0,12,12,C,5283,0.453416149068323,True,7.27891795404139
0,45.80000000000032,458,0,,0.43703993485159814,0.9410565639846027,rrt_star,False,0,0,4234,10.08780047421781,247,0,618,10.048951260888789,0.0,848,0,11,11,C,5284,0.39751552795031053,True,4.602421201969264
0,39.30000000000003,393,0,,0.46124937972564684,0.8899781270010862,rrt_star,False,0,0,5142,9.469909153581606,258,0,736,9.366411968489242,0.0,858,0,7,7,C,5285,0.43478260869565216,True,3.7924365460057743
0,44.30000000000014,443,0,,0.4466219590908991,0.9586691769945901,rrt_star,False,0,0,6402,11.927021888693991,384,0,885,11.504134890123831,0.0,984,0,16,16,C,5286,0.40993788819875776,True,7.9424805129820015
0,38.00000000000009,380,0,,0.4362301204004473,0.8717061599891167,rrt_star,False,0,0,5443,14.271107017723683,327,0,776,14.271107017723683,0.0,927,0,13,13,C,5287,0.45962732919254656,True,6.755905008962145
0,41.500000000000156,415,0,,0.42106041420393275,0.9178202309994958,rrt_star,False,0,0,5435,13.324504829534801,356,0,783,12.750264910429387,0.0,956,0,10,10,C,5288,0.42857142857142855,True,4.639983494096668
0,41.10000000000017,411,0,,0.4187399318574451,0.7944574310095049,rrt_star,False,0,0,4776,14.89005629866689,299,0,715,14.828862615760315,0.0,899,0,9,9,C,5289,0.4409937888198758,True,4.5619721530529205
0,52.10000000000017,521,0,,0.4638491437588259,1.041017915995326,rrt_star,False,0,0,4778,8.8318801687144,262,0,713,8.777188072749556,0.0,862,0,14,14,C,5290,0.5279503105590062,True,9.00871597006335
0,42.80000000000007,428,0,,0.478540582621191,0.8621541159809567,rrt_star,False,0,0,5838,15.7209014644393,343,0,823,15.699713763580318,0.0,943,0,11,11,C,5291,0.4409937888198758,True,5.645504947024165
0,37.70000000000019,377,0,,0.4312376312333843,0.9156556359957904,rrt_star,False,0,0,6191,14.054452348990871,362,0,863,13.960165281933886,0.0,962,0,10,10,C,5292,0.4161490683229814,True,5.603603554045549
0,44.700000000000124,447,0,,0.4678975936600714,0.9554202650033403,rrt_star,False,0,0,4674,9.386642432923496,203,0,684,9.276011190834915,0.0,803,0,12,12,C,5293,0.5093167701863354,True,5.337440458970377
0,48.4000000000003,484,0,,0.4725033172755591,0.9431518180062994,rrt_star,False,0,0,4734,11.276753896024998,315,0,698,11.276753896024998,0.0,915,0,16,16,C,5294,0.484472049689441,True,8.205469412001548
0,37.90000000000005,379,0,,0.44628156139231673,0.44960206499672495,rrt_star,False,0,0,6371,23.396896027094254,351,0,875,23.270581518658577,0.0,951,0,6,6,C,5295,0.35403726708074534,True,1.2870734330499545
0,39.10000000000007,391,0,,0.476044390307232,1.1110786630015355,rrt_star,False,0,0,4333,10.654651892656185,229,0,658,10.590856496287612,0.0,829,0,14,14,C,5296,0.5093167701863354,True,9.103770119021647
0,48.00000000000026,480,0,,0.4063470647003941,1.1954184329952113,rrt_star,False,0,0,6347,12.769033259514726,462,0,854,12.28404856001856,0.0,1062,0,18,18,C,5297,0.5031055900621118,True,11.947468548023608
0,40.00000000000017,400,0,,0.4417271927478423,0.8672651590022724,rrt_star,False,0,0,6467,18.097356631143803,442,0,904,17.893991562730967,0.0,1042,0,12,12,C,5298,0.4161490683229814,True,5.844591321976623
0,63.40000000000049,634,0,,0.40088732443734393,0.9799301739840303,rrt_star,False,0,0,5249,25.103951702584254,375,0,749,24.356261025332824,0.0,976,0,18,18,C,5299,0.5900621118012422,True,8.680987167026615
0,40.10000000000007,401,0,,0.4093973058189205,1.0654270260129124,rrt_star,False,0,0,4805,9.5188247400317,349,0,698,9.5188247400317,0.0,949,0,9,9,C,5300,0.5217391304347826,True,5.7887458309705835
0,41.10000000000025,411,0,,0.4156006865221687,1.4989176300005056,rrt_star,False,0,0,8854,10.10941203438837,659,0,1090,9.93767358230022,0.0,1259,0,13,13,C,5301,0.43478260869565216,True,7.738793805910973
0,53.80000000000022,538,0,,0.49275072265922126,1.0847360549960285,rrt_star,False,0,0,5987,17.74168055153821,393,0,809,17.619106842968613,0.0,993,0,19,19,C,5302,0.4906832298136646,True,11.048833644919796
0,42.400000000000176,424,0,,0.4891958373613193,1.0170216239930596,rrt_star,False,0,0,3551,8.623690396182218,138,0,550,8.623690396182218,0.0,738,0,10,10,C,5303,0.453416149068323,True,5.478355744970031
0,40.200000000000045,402,0,,0.43874081031587403,0.7855808800086379,rrt_star,False,0,0,5500,11.342990885394624,293,0,801,11.163966399076516,0.0,893,0,9,9,C,5304,0.34782608695652173,True,4.647388588055037
0,40.3000000000001,403,0,,0.4049016822062873,1.0099205940205138,rrt_star,False,0,0,6029,13.302408815840927,363,0,847,13.1154381123789,0.0,963,0,12,12,C,5305,0.45962732919254656,True,6.646035796991782
0,38.70000000000008,387,0,,0.45655866306345755,0.7832568189769518,rrt_star,False,0,0,4763,9.366578235893748,250,0,696,9.364683456556838,0.0,850,0,8,8,C,5306,0.39751552795031053,True,3.4548860440263525
0,42.00000000000019,420,0,,0.4153661059537101,0.8146367959852796,rrt_star,False,0,0,5975,19.64732846430939,343,0,845,18.419922969444166,0.0,944,0,8,8,C,5307,0.37888198757763975,True,2.612804805947235
0,38.80000000000005,388,0,,0.45058813141617987,0.8598671760119032,rrt_star,False,0,0,6447,12.394947584336393,392,0,880,12.381737597188527,0.0,992,0,10,10,C,5308,0.37267080745341613,True,5.001815914059989
0,41.900000000000134,419,0,,0.417742192979751,1.0022337709960993,rrt_star,False,0,0,4658,11.984697152789886,233,0,718,11.855390123540964,0.0,833,0,20,20,C,5309,0.4720496894409938,True,10.549566202040296
0,40.800000000000125,408,0,,0.4236773032599246,0.8377823930059094,rrt_star,False,0,0,4704,9.729031957333081,211,0,677,9.729031957333081,0.0,811,0,12,12,C,5310,0.4409937888198758,True,5.013421756972093
0,38.70000000000011,387,0,,0.4532977364457636,0.6701277960091829,rrt_star,False,0,0,4499,13.277733214005487,197,0,691,13.26299373734611,0.0,797,0,15,15,C,5311,0.40372670807453415,True,4.53754986601416
0,41.100000000000186,411,0,,0.4543815950709567,1.0817002270196099,rrt_star,False,0,0,6070,14.131644558936918,362,0,827,14.079106036377109,0.0,962,0,11,11,C,5312,0.484472049689441,True,5.997263178986032
0,46.90000000000011,469,0,,0.46262588299746166,0.8533324649906717,rrt_star,False,0,0,6279,20.331129139228263,409,0,874,20.31733283083788,0.0,1009,0,14,14,C,5313,0.4658385093167702,True,5.561780192045262
0,38.90000000000019,389,0,,0.4559648253199371,0.9241028120159172,rrt_star,False,0,0,4848,10.906670472648997,245,0,709,10.787686561996509,0.0,845,0,8,8,C,5314,0.484472049689441,True,4.1333447900251485
0,48.40000000000025,484,0,,0.47143599534020997,0.8744765459850896,rrt_star,False,0,0,4674,13.583109465387542,256,0,703,13.19301625014581,0.0,857,0,20,20,C,5315,0.484472049689441,True,10.229383433936164
0,40.50000000000013,405,0,,0.4466620434370075,0.7630359939939808,rrt_star,False,0,0,6004,18.64582004921367,364,0,851,18.52227357063814,0.0,964,0,11,11,C,5316,0.4720496894409938,True,4.900473995017819
0,42.30000000000011,423,0,,0.4933960085648477,0.9230574909888674,rrt_star,False,0,0,4776,9.607535107442194,211,0,696,9.60314325413511,0.0,811,0,13,13,C,5317,0.45962732919254656,True,6.627273588004755
0,48.300000000000274,483,0,,0.4412235261465755,1.1838687949930318,rrt_star,False,0,0,5341,8.597403282295689,344,0,774,8.569394381088808,0.0,944,0,19,19,C,5318,0.5279503105590062,True,12.650165949977236
0,56.800000000000246,568,0,,0.43655023468708143,1.4280944959900808,rrt_star,False,0,0,7610,17.45769633203674,618,0,976,16.287440147274005,0.0,1218,0,18,18,C,5319,0.5093167701863354,True,11.32229061704129
0,56.70000000000037,567,0,,0.413999895650121,0.947232479986269,rrt_star,False,0,0,6873,26.8559304111192,586,0,930,26.654118063601377,0.0,1186,0,13,13,C,5320,0.4161490683229814,True,7.293328990053851
0,38.60000000000017,386,0,,0.40654088468615995,0.9074740820215084,rrt_star,False,0,0,6063,17.38490738008165,515,0,795,17.330991740504224,0.0,1116,0,9,9,C,5321,0.5093167701863354,True,4.3625928240362555
0,41.80000000000021,418,0,,0.4235127962866958,0.740055289992597,rrt_star,False,0,0,4902,14.601602045526525,249,0,710,13.550064487157805,0.0,849,0,12,12,C,5322,0.4472049689440994,True,4.315644343994791
0,38.70000000000001,387,0,,0.4565236158322661,0.9551540919928811,rrt_star,False,0,0,4863,9.686705110085555,238,0,697,9.686547447112934,0.0,838,0,12,12,C,5323,0.37267080745341613,True,5.914883734978503
0,39.40000000000007,394,0,,0.4741297516656798,1.0111563169921283,rrt_star,False,0,0,5654,12.079900234744503,345,0,817,12.05848605007692,0.0,945,0,14,14,C,5324,0.4782608695652174,True,7.4539355199667625
0,42.10000000000021,421,0,,0.41231296419598096,1.102085585007444,rrt_star,False,0,0,6173,13.778915805809662,428,0,864,13.41712843291896,0.0,1028,0,15,15,C,5325,0.4968944099378882,True,8.941253006079933
0,46.30000000000032,463,0,,0.49325228099682017,1.0722011929901782,rrt_star,False,0,0,6986,14.5742974384751,529,0,925,14.526524778357931,0.0,1129,0,18,18,C,5326,0.422360248447205,True,7.036523293034406
0,43.700000000000095,437,1,,0.448233756992341,0.7866768460080493,rrt_star,False,1,0,4732,14.047555606248656,257,0,697,13.99703258076425,0.0,857,0,13,13,C,5327,0.4409937888198758,True,6.22852716196212
0,49.00000000000031,490,0,,0.4299952043644779,1.0529487380117644,rrt_star,False,0,0,4580,11.177772470684973,292,0,657,11.041705923025605,0.0,892,0,13,13,C,5328,0.5217391304347826,True,6.86353448900627
0,41.40000000000011,414,0,,0.47204349666986867,1.007508335984312,rrt_star,False,0,0,5331,14.519224764281665,435,0,780,14.48990769767228,0.0,1035,0,9,9,C,5329,0.4968944099378882,True,5.602342381986091
0,43.00000000000017,430,0,,0.4223571569596953,0.8453373780066613,rrt_star,False,0,0,6129,19.49808207212041,375,0,841,17.570115903859,0.0,975,0,9,9,C,5330,0.391304347826087,True,4.089060061989585
0,40.60000000000019,406,0,,0.43577580455940307,1.2627978299860843,rrt_star,False,0,0,8172,13.18181058172396,555,0,1007,11.343484611775187,0.0,1155,0,6,6,C,5331,0.39751552795031053,True,3.926348798966501
0,45.900000000000276,459,0,,0.41303182982919034,0.853656839026371,rrt_star,False,0,0,4528,10.067145972906905,203,0,697,10.067145972906905,0.0,804,0,14,14,C,5332,0.453416149068323,True,6.296906623028917
0,42.6000000000001,426,0,,0.42946407181411717,1.0442294439999387,rrt_star,False,0,0,5612,12.596642895973268,367,0,800,12.386342998437053,0.0,967,0,18,18,C,5333,0.453416149068323,True,8.060274176998064
0,39.50000000000021,395,0,,0.4230294073692315,0.9366665969719179,rrt_star,False,0,0,5128,9.540537127767966,303,0,740,9.533390485296838,0.0,904,0,14,14,C,5334,0.4409937888198758,True,6.158055264939321
0,40.00000000000011,400,0,,0.49265226775538745,0.8632696720014792,rrt_star,False,0,0,6060,17.292146530973202,338,0,834,17.01769477217174,0.0,938,0,6,6,C,5335,0.422360248447205,True,2.9086216840078123
0,42.60000000000026,426,0,,0.49869188613250837,0.7636528300063219,rrt_star,False,0,0,5008,15.80572987999006,324,0,721,15.344052429423101,0.0,924,0,16,16,C,5336,0.4720496894409938,True,6.585299741971539
0,42.500000000000185,425,0,,0.44196040522525926,0.8018044950149488,rrt_star,False,0,0,4248,12.160069480732652,190,0,637,12.160069480732652,0.0,790,0,11,11,C,5337,0.45962732919254656,True,5.864976140059298
0,41.50000000000014,415,0,,0.49089082348029733,0.8055263519927394,rrt_star,False,0,0,5280,12.201036880861766,238,0,770,12.201036880861766,0.0,838,0,14,14,C,5338,0.38509316770186336,True,5.528401175979525
0,44.60000000000015,446,0,,0.4126382194340774,0.9347132639959455,rrt_star,False,0,0,6313,19.860196761111695,403,0,872,19.701037365048883,0.0,1004,0,8,8,C,5339,0.43478260869565216,True,3.439057271985803
0,45.90000000000027,459,0,,0.4043530295657096,0.9271398140117526,rrt_star,False,0,0,7211,24.97547096790467,541,0,957,23.970465465334026,0.0,1141,0,11,11,C,5340,0.453416149068323,True,4.066726522054523
0,38.90000000000003,389,0,,0.4198680808602334,0.8464043420099188,rrt_star,False,0,0,5160,11.23774933709161,264,0,752,11.23774933709161,0.0,865,0,12,12,C,5341,0.422360248447205,True,4.647916690068087
0,40.00000000000007,400,0,,0.48351841325330414,0.9995003660151269,rrt_star,False,0,0,5800,11.688309714908051,345,0,810,11.596255775163613,0.0,945,0,11,11,C,5342,0.453416149068323,True,4.543921049044002
0,37.5000000000001,375,0,,0.48147173945248023,0.6885571730090305,rrt_star,False,0,0,6197,16.69921493728146,393,0,861,16.697502826709055,0.0,993,0,8,8,C,5343,0.36645962732919257,True,3.252721932978602
0,61.700000000000394,617,0,,0.40199659969209156,1.2781416889920365,rrt_star,False,0,0,5895,11.733062193102885,500,0,814,11.0500863556159,0.0,1100,0,12,12,C,5344,0.5403726708074534,True,7.969330958061619
0,41.700000000000166,417,0,,0.4054658601349528,0.9330549579754006,rrt_star,False,0,0,5408,12.509349177054691,292,0,778,12.508354113288465,0.0,892,0,10,10,C,5345,0.45962732919254656,True,5.999061406037072
0,41.30000000000012,413,0,,0.4723466327951046,0.8987052740121726,rrt_star,False,0,0,5573,11.290036800444197,358,0,791,11.290036800444197,0.0,958,0,8,8,C,5346,0.39751552795031053,True,3.9530829320137855
0,44.00000000000024,440,0,,0.4625144679932913,0.9122411160205957,rrt_star,False,0,0,4241,9.786120526859841,223,0,649,9.767785099271313,0.0,823,0,15,15,C,5347,0.5093167701863354,True,6.9257065530109685
0,40.80000000000008,408,0,,0.48648962354781305,0.9791037749964744,rrt_star,False,0,0,3991,9.551411912100951,213,0,616,9.311907553631281,0.0,813,0,12,12,C,5348,0.4720496894409938,True,6.2430704439175315
0,41.60000000000006,416,0,,0.4694971720778028,0.9843373640032951,rrt_star,False,0,0,6421,15.181405056598658,401,0,856,14.590084766644889,0.0,1001,0,8,8,C,5349,0.4658385093167702,True,4.130578284035437
0,67.10000000000038,671,0,,0.4303437111483573,1.1600758239801507,rrt_star,False,0,0,5915,23.94973209808217,406,0,851,23.678764385101022,0.0,1006,0,14,14,C,5350,0.5403726708074534,True,8.437370615021791
0,45.30000000000019,453,0,,0.40889826806742086,0.8955556860018987,rrt_star,False,0,0,5443,15.013189205971152,326,0,761,14.99738486162297,0.0,926,0,11,11,C,5351,0.4906832298136646,True,4.230897995032137
0,40.9000000000001,409,0,,0.453163186068628,0.9805989229935221,rrt_star,False,0,0,4948,11.845804000741072,295,0,716,11.768456040811294,0.0,895,0,14,14,C,5352,0.5031055900621118,True,7.169899839936988
0,41.20000000000002,412,0,,0.4715534876811524,1.8472375389828812,rrt_star,False,0,0,9465,9.731021492903844,777,0,1149,9.701578685155953,0.0,1377,0,9,9,C,5353,0.5031055900621118,True,5.775427271990338
0,42.800000000000075,428,0,,0.49082226105370347,0.7524157880106941,rrt_star,False,0,0,5542,17.022795152035954,335,0,800,16.73936966593826,0.0,935,0,11,11,C,5354,0.38509316770186336,True,3.863172821002081
0,42.300000000000075,423,0,,0.4759945869955467,0.9309801709896419,rrt_star,False,0,0,5419,9.590658121807394,350,0,776,9.585154270983239,0.0,950,0,7,7,C,5355,0.42857142857142855,True,3.675802114943508
0,40.400000000000155,404,0,,0.4042108754887593,1.034512213023845,rrt_star,False,0,0,5764,10.907081154568843,359,0,815,10.56431659921427,0.0,959,0,11,11,C,5356,0.43478260869565216,True,6.317182086990215
0,40.50000000000021,405,0,,0.42504852393944936,0.8517030779912602,rrt_star,False,0,0,4776,9.532510620339501,278,0,708,9.433242295256672,0.0,878,0,16,16,C,5357,0.4161490683229814,True,8.827221701911185
0,51.10000000000035,511,0,,0.4088029026007116,1.0348492030170746,rrt_star,False,0,0,6140,17.094001362323112,419,0,848,16.32657253438128,0.0,1021,0,15,15,C,5358,0.4906832298136646,True,8.685169491916895
0,36.90000000000003,369,0,,0.41839826044360984,0.974991774011869,rrt_star,False,0,0,4886,9.108048533683082,234,0,729,9.036319023245541,0.0,834,0,5,5,C,5359,0.4782608695652174,True,3.0342565230093896
0,40.7000000000001,407,0,,0.4197387351598439,0.8933643659984227,rrt_star,False,0,0,3476,9.041176333499129,171,0,523,8.826660404527852,0.0,771,0,11,11,C,5360,0.5093167701863354,True,6.297569784976076
0,38.300000000000104,383,0,,0.48671206457678634,0.5189016409858596,rrt_star,False,0,0,4564,14.980559259312573,182,0,674,14.835809250489177,0.0,783,0,7,7,C,5361,0.36024844720496896,True,2.1221729350218084
0,39.900000000000134,399,0,,0.4566266834436302,0.8568662249890622,rrt_star,False,0,0,5842,16.842869714549366,339,0,822,16.76588900612466,0.0,939,0,7,7,C,5362,0.37888198757763975,True,3.0073427819588687
0,57.30000000000033,573,0,,0.48888656139719894,1.7537387979973573,rrt_star,False,0,0,3196,8.39181448037976,182,0,498,8.39181448037976,0.0,782,0,21,21,C,5363,0.5838509316770186,True,14.7588101910369
0,52.90000000000034,529,0,,0.4448542199719476,1.1602221789944451,rrt_star,False,0,0,3782,8.155877629917814,142,0,605,8.15254456378666,0.0,742,0,22,22,C,5364,0.5652173913043478,True,14.885955212026602
0,42.80000000000022,428,0,,0.4497521031448946,1.1801405549922492,rrt_star,False,0,0,7444,15.980390847113675,621,0,940,15.632736359404188,0.0,1221,0,13,13,C,5365,0.422360248447205,True,6.233920688915532
0,68.2000000000004,682,0,,0.4783431964415226,1.3676625289954245,rrt_star,False,0,0,6305,19.283331316337815,445,0,878,18.84879548502284,0.0,1045,0,18,18,C,5366,0.5093167701863354,True,12.889580716990167
0,37.10000000000003,371,0,,0.44452424690576076,0.8072283009823877,rrt_star,False,0,0,5730,17.631892062699674,337,0,827,17.456050183895314,0.0,938,0,7,7,C,5367,0.453416149068323,True,2.797708918922581
0,55.60000000000036,556,0,,0.43843191618752986,1.3337063590006437,rrt_star,False,0,0,5454,18.091970897547753,343,0,783,17.968616221911855,0.0,943,0,15,15,C,5368,0.6024844720496895,True,9.055073924042517
0,46.400000000000276,464,0,,0.420607108824558,0.9836338820168748,rrt_star,False,0,0,4137,12.0653242844637,237,0,638,12.026792537575508,0.0,837,0,18,18,C,5369,0.515527950310559,True,10.998707422957523
0,42.200000000000166,422,0,,0.4870363732869083,1.174508305004565,rrt_star,False,0,0,5124,9.70188714323856,272,0,728,9.70188714323856,0.0,872,0,12,12,C,5370,0.42857142857142855,True,8.238617438008077
0,38.300000000000104,383,0,,0.49251105951137353,0.7996018270205241,rrt_star,False,0,0,5015,13.43419567268196,322,0,775,13.42395581204955,0.0,922,0,12,12,C,5371,0.422360248447205,True,5.353635225008475
0,44.60000000000024,446,0,,0.4491318190997882,0.8453177119954489,rrt_star,False,0,0,5430,13.331192284489536,290,0,771,13.277332463833698,0.0,890,0,11,11,C,5372,0.40993788819875776,True,5.768420060980134
0,49.60000000000029,496,0,,0.43205208815136176,1.5500283709843643,rrt_star,False,0,0,6167,10.897110640710071,495,0,826,10.85505939594808,0.0,1095,0,19,19,C,5373,0.546583850931677,True,18.513011182891205
0,40.70000000000012,407,0,,0.4811923219247019,0.7369242320128251,rrt_star,False,0,0,4470,12.28952130184572,206,0,671,12.28952130184572,0.0,807,0,14,14,C,5374,0.453416149068323,True,6.640141207084525
0,42.50000000000018,425,0,,0.43109115725515007,0.8235957220022101,rrt_star,False,0,0,3794,11.715590177406622,173,0,568,11.548536116796985,0.0,773,0,13,13,C,5375,0.4968944099378882,True,6.3121600299782585
0,38.40000000000003,384,0,,0.4221360809526046,0.8685686200042255,rrt_star,False,0,0,4810,8.158767590105215,225,0,706,8.130986669562962,0.0,825,0,11,11,C,5376,0.43478260869565216,True,5.0698261330253445
0,42.200000000000074,422,0,,0.444425052132366,0.8688568279903848,rrt_star,False,0,0,5625,12.873517136173161,316,0,806,12.789028021680103,0.0,916,0,12,12,C,5377,0.40993788819875776,True,4.819938310072757
0,40.20000000000024,402,0,,0.49472671180685807,1.2124040640192106,rrt_star,False,0,0,4719,13.405403099707964,314,0,691,13.405403099707964,0.0,914,0,13,13,C,5378,0.45962732919254656,True,5.746214118029457
0,38.90000000000021,389,0,,0.4408877371870069,1.1041427809977904,rrt_star,False,0,0,5218,9.946604339609591,313,0,762,9.845941993022446,0.0,913,0,17,17,C,5379,0.4472049689440994,True,9.70991253000102
0,41.20000000000022,412,0,,0.46688145030896316,0.8657987439946737,rrt_star,False,0,0,4586,9.13918467208795,199,0,692,8.884519745902871,0.0,799,0,11,11,C,5380,0.4472049689440994,True,6.050922718975926
0,39.700000000000145,397,0,,0.44736244677750786,0.8762795039801858,rrt_star,False,0,0,4955,11.323552372935323,374,0,711,11.221183784834018,0.0,974,0,13,13,C,5381,0.4472049689440994,True,6.897572220070288
0,44.70000000000028,447,0,,0.4496489023042443,0.9649295389826875,rrt_star,False,0,0,4438,9.168047271480889,242,0,666,9.159003120850297,0.0,842,0,14,14,C,5382,0.4472049689440994,True,7.884201810054947
0,41.900000000000055,419,0,,0.48344517451065133,0.9353437109966762,rrt_star,False,0,0,5334,13.714149673701048,404,0,781,13.697896910321532,0.0,1004,0,9,9,C,5383,0.45962732919254656,True,3.8264363210182637
0,50.3000000000003,503,0,,0.48317643135266014,0.7275410270085558,rrt_star,False,0,0,4722,11.912019186992783,204,0,687,11.912019186992783,0.0,804,0,13,13,C,5384,0.37888198757763975,True,4.943112264940282
0,57.80000000000043,578,0,,0.44240123180432706,1.2979023180087097,rrt_star,False,0,0,4418,11.273743643946014,269,0,649,11.179108404077311,0.0,869,0,18,18,C,5385,0.6583850931677019,True,12.371365141007118
0,59.50000000000014,595,0,,0.42653301782317243,1.2819127610127907,rrt_star,False,0,0,6100,12.739914861214055,441,0,833,12.739914861214055,0.0,1041,0,17,17,C,5386,0.546583850931677,True,10.61711414202
0,40.50000000000015,405,0,,0.4116106676319844,0.9375936370051932,rrt_star,False,0,0,5199,11.506424277661594,277,0,721,11.436530743099436,0.0,877,0,10,10,C,5387,0.4658385093167702,True,5.1114352910663
0,42.80000000000019,428,0,,0.4171889599121532,0.6980163799889851,rrt_star,False,0,0,4261,14.165157063530756,204,0,651,14.144639027092389,0.0,805,0,13,13,C,5388,0.43478260869565216,True,4.868011901009595
0,42.800000000000225,428,0,,0.47742422989678585,0.8638855979952496,rrt_star,False,0,0,4728,13.78993573574222,239,0,698,13.585074697017248,0.0,839,0,14,14,C,5389,0.5341614906832298,True,6.354275575984502
0,40.300000000000196,403,0,,0.40380096128695664,1.2385433409945108,rrt_star,False,0,0,5085,11.235618594448832,289,0,743,11.13429014686937,0.0,889,0,15,15,C,5390,0.422360248447205,True,7.382481543987524
0,43.60000000000003,436,0,,0.4045028015702389,0.8494633570080623,rrt_star,False,0,0,5615,16.18436201455762,337,0,794,16.170023269272544,0.0,939,0,12,12,C,5391,0.39751552795031053,True,4.7581341810000595
0,50.50000000000022,505,0,,0.4090200377632593,1.0640742119867355,rrt_star,False,0,0,5295,14.412124908830894,320,0,729,14.138810563740465,0.0,920,0,12,12,C,5392,0.515527950310559,True,7.218453497887822
0,45.400000000000176,454,1,,0.4498872103405615,0.9354934039874934,rrt_star,False,1,0,5025,12.015260268125086,250,0,715,11.467544597517328,0.0,850,0,13,13,C,5393,0.4720496894409938,True,5.915724299033172
0,55.90000000000036,559,1,,0.4651600574471258,0.9710325760242995,rrt_star,False,1,0,4591,21.365318182733752,336,0,664,21.007438048234185,0.0,936,0,13,13,C,5394,0.515527950310559,True,7.2185263910505455
0,53.80000000000034,538,0,,0.44067239221180815,1.2072711730143055,rrt_star,False,0,0,4716,9.553663015475749,254,0,684,9.553663015475749,0.0,854,0,16,16,C,5395,0.6211180124223602,True,12.054899534967262
0,39.90000000000021,399,0,,0.45615609604615337,0.917825836018892,rrt_star,False,0,0,4385,9.466904967351446,207,0,667,9.466904967351446,0.0,807,0,10,10,C,5396,0.4968944099378882,True,5.589914524025517
0,42.8000000000002,428,0,,0.4102759323195472,0.9919124500011094,rrt_star,False,0,0,5412,12.259661814755589,346,0,768,12.2468741967966,0.0,946,0,9,9,C,5397,0.484472049689441,True,5.510922674962785
0,40.60000000000023,406,0,,0.44490328231906534,0.9244297069963068,rrt_star,False,0,0,5209,18.414815735383304,585,0,717,17.32556316126074,0.0,1185,0,14,14,C,5398,0.422360248447205,True,8.037454567005625
0,42.70000000000014,427,0,,0.4346298873821197,1.0686058439896442,rrt_star,False,0,0,6514,11.648517782669714,471,0,900,11.648459519021765,0.0,1071,0,17,17,C,5399,0.453416149068323,True,7.720863502996508
0,47.00000000000025,470,0,,0.4617018543069597,0.8749159199942369,rrt_star,False,0,0,4552,10.888055341356154,244,0,683,10.869591023454717,0.0,844,0,15,15,C,5400,0.484472049689441,True,8.180213230923982
0,41.20000000000006,412,0,,0.4713199978523179,0.8896985110186506,rrt_star,False,0,0,5974,12.713961135079142,403,0,794,12.705120945442774,0.0,1003,0,12,12,C,5401,0.39751552795031053,True,6.1441088149440475
0,41.100000000000065,411,0,,0.4465592060103115,0.725744127004873,rrt_star,False,0,0,5184,14.769463340224616,254,0,776,14.714138822650828,0.0,854,0,4,4,C,5402,0.36645962732919257,True,1.7770212120376527
0,43.5000000000002,435,0,,0.42905746165696207,0.7029187660082243,rrt_star,False,0,0,4978,18.50545757184914,272,0,730,18.255053430920213,0.0,872,0,11,11,C,5403,0.45962732919254656,True,4.7225536959886085
0,44.2000000000002,442,0,,0.4150759460151537,1.06376538798213,rrt_star,False,0,0,3940,8.41843900214919,142,0,605,8.41843900214919,0.0,742,0,14,14,C,5404,0.5714285714285714,True,9.012998518010136
0,39.50000000000027,395,0,,0.4744771977104001,0.8313094000041019,rrt_star,False,0,0,5164,9.989242750047792,295,0,744,9.983287364658723,0.0,895,0,14,14,C,5405,0.37888198757763975,True,5.5673074120422825
0,40.70000000000024,407,0,,0.47117928423991917,0.8051948279899079,rrt_star,False,0,0,4954,8.480386155458298,204,0,707,8.480386155458298,0.0,805,0,14,14,C,5406,0.391304347826087,True,5.324337211990496
0,45.10000000000019,451,0,,0.41921952213090075,0.8198232139984611,rrt_star,False,0,0,4589,14.905322223093659,248,0,705,14.859624808524142,0.0,848,0,10,10,C,5407,0.4906832298136646,True,5.192888953984948
0,43.600000000000236,436,1,,0.4015420743969163,0.929917731002206,rrt_star,False,1,0,5453,10.253827532012489,301,0,801,10.212312799495777,0.0,901,0,13,13,C,5408,0.37888198757763975,True,6.267775057000108
0,40.00000000000015,400,0,,0.4689689824433735,0.9036979539960157,rrt_star,False,0,0,5885,15.259979567877977,456,0,813,15.203214861535319,0.0,1056,0,7,7,C,5409,0.42857142857142855,True,4.220480649033561
0,60.54907890523112,606,0,,0.4044638913818116,0.9334815320034977,rrt_star,False,0,0,4100,10.610870446265391,213,0,648,10.529112491627556,0.0,813,0,15,15,C,5410,0.4658385093167702,True,8.623566300986568
0,40.50000000000014,405,0,,0.4633914061716675,0.8357961289875675,rrt_star,False,0,0,5205,12.595176078042853,261,0,758,12.595176078042853,0.0,861,0,13,13,C,5411,0.39751552795031053,True,5.098105885961559
0,39.90000000000017,399,0,,0.4630582858496199,0.9289826720196288,rrt_star,False,0,0,6083,13.696184293039291,371,0,843,13.570793108838686,0.0,971,0,7,7,C,5412,0.4472049689440994,True,4.0580688000191
0,45.600000000000094,456,0,,0.4617228245565716,0.8095207140140701,rrt_star,False,0,0,5896,21.929616263156593,401,0,822,21.411511772791307,0.0,1001,0,14,14,C,5413,0.42857142857142855,True,6.0101291330647655
0,44.900000000000176,449,0,,0.4172156875700567,0.8090031920000911,rrt_star,False,0,0,5103,12.036614886895537,339,0,743,11.923469149342953,0.0,939,0,11,11,C,5414,0.39751552795031053,True,4.078967406006996
0,40.70000000000004,407,0,,0.46538407370381396,1.0123354690149426,rrt_star,False,0,0,7308,17.59443218302294,496,0,964,16.748269309374272,0.0,1096,0,11,11,C,5415,0.4161490683229814,True,6.463381889014272
0,39.30000000000019,393,0,,0.46563720221160615,0.8844841639802326,rrt_star,False,0,0,4841,7.895504409255802,345,0,686,7.895375082527329,0.0,945,0,12,12,C,5416,0.4161490683229814,True,6.740093013009755
0,47.30000000000018,473,0,,0.41216838919196314,1.1675440819817595,rrt_star,False,0,0,6139,11.083907130643652,373,0,863,10.839333835383943,0.0,973,0,14,14,C,5417,0.4658385093167702,True,7.596304883889388
0,41.30000000000018,413,0,,0.4233710162348377,0.8580282329930924,rrt_star,False,0,0,5531,11.602261755032176,295,0,800,11.53434654457228,0.0,895,0,13,13,C,5418,0.40372670807453415,True,5.965052055980777
0,44.700000000000095,447,0,,0.4943858517466268,1.1052546230203006,rrt_star,False,0,0,6281,12.274108537585455,411,0,865,11.942556898273194,0.0,1011,0,10,10,C,5419,0.43478260869565216,True,6.39647873796639
0,38.40000000000009,384,0,,0.4450179114324443,0.8802049540099688,rrt_star,False,0,0,4402,12.471168408203237,218,0,649,12.462712637257336,0.0,819,0,10,10,C,5420,0.42857142857142855,True,5.412864532961976
0,41.90000000000019,419,0,,0.40358923880598857,0.7489186259917915,rrt_star,False,0,0,3702,10.783959622364534,163,0,574,10.713871653987908,0.0,764,0,12,12,C,5421,0.422360248447205,True,4.865490012976807
0,58.10000000000033,581,0,,0.44229369842332256,0.9552450900082476,rrt_star,False,0,0,5780,25.353847027341658,392,0,809,25.24187513373857,0.0,992,0,17,17,C,5422,0.5652173913043478,True,6.378144319955027
0,40.60000000000017,406,0,,0.438015665789387,0.8330723760009278,rrt_star,False,0,0,4652,9.167212318042724,236,0,705,9.047732977410421,0.0,836,0,11,11,C,5423,0.422360248447205,True,5.239863204013091
0,38.50000000000008,385,0,,0.48007049739162455,0.7553926249966025,rrt_star,False,0,0,6363,10.24472825106143,461,0,867,10.220124468876753,0.0,1061,0,11,11,C,5424,0.30434782608695654,True,4.074021239968715
0,40.80000000000002,408,0,,0.4446669444435301,0.7843661980004981,rrt_star,False,0,0,4681,9.255452098400353,206,0,707,9.255452098400353,0.0,807,0,8,8,C,5425,0.40372670807453415,True,3.8375136819959152
0,44.10000000000025,441,0,,0.45754120458743874,1.0910170410061255,rrt_star,False,0,0,4989,16.328136319838016,248,0,752,16.199130705427024,0.0,848,0,15,15,C,5426,0.4409937888198758,True,7.649786882015178
0,41.40000000000008,414,0,,0.4270798026768772,0.7859101780049969,rrt_star,False,0,0,5408,15.66164501446382,356,0,766,15.64444952820148,0.0,956,0,21,21,C,5427,0.40372670807453415,True,8.333345893101068
0,41.00000000000016,410,0,,0.4165590747738894,0.7983235770079773,rrt_star,False,0,0,4726,10.684346179936336,276,0,662,10.518848337939906,0.0,876,0,12,12,C,5428,0.40372670807453415,True,6.703553358995123
0,54.6000000000003,546,0,,0.42965660928778715,1.0105276649992447,rrt_star,False,0,0,4879,11.08835000616575,334,0,712,11.073211447465532,0.0,934,0,14,14,C,5429,0.5279503105590062,True,6.929777409066446
0,41.60000000000019,416,0,,0.494702104016067,0.889923265989637,rrt_star,False,0,0,4644,12.453162446494574,288,0,664,12.417660927749587,0.0,888,0,12,12,C,5430,0.5031055900621118,True,4.597264181007631
0,40.0000000000001,400,0,,0.462962578941736,0.7996127660153434,rrt_star,False,0,0,4963,10.992112205526388,233,0,713,10.971224988319637,0.0,834,0,13,13,C,5431,0.4161490683229814,True,5.616359012987232
0,39.70000000000006,397,0,,0.4137476360610914,0.777094584016595,rrt_star,False,0,0,5310,15.0491490477381,263,0,767,15.030897087313706,0.0,863,0,13,13,C,5432,0.4161490683229814,True,6.192352994024986
0,38.90000000000017,389,0,,0.48305253924272723,0.5880804480111692,rrt_star,False,0,0,6176,22.249526861780474,385,0,873,21.61793168587853,0.0,985,0,7,7,C,5433,0.391304347826087,True,2.0125151990214363
0,40.60000000000008,406,0,,0.4890107484526071,0.9797375320049468,rrt_star,False,0,0,4667,10.001401239109054,224,0,682,9.904312536427007,0.0,824,0,14,14,C,5434,0.43478260869565216,True,6.585204200062435
0,70.60000000000028,706,0,,0.47260713853637776,1.3849135980126448,rrt_star,False,0,0,3541,10.294973727185997,289,0,504,10.294619829458638,0.0,890,0,21,21,C,5435,0.7267080745341615,True,15.078991103015142
0,39.10000000000011,391,0,,0.41896852686472574,0.9369799170235638,rrt_star,False,0,0,5663,11.661646471411723,358,0,805,11.661646471411723,0.0,958,0,10,10,C,5436,0.40372670807453415,True,4.951732160960091
0,41.20000000000014,412,0,,0.4582167102147116,0.9109001980104949,rrt_star,False,0,0,5994,9.204207680058877,363,0,838,9.1171287276945,0.0,963,0,10,10,C,5437,0.36645962732919257,True,4.835502597008599
0,43.90000000000016,439,0,,0.42236254946452073,0.7316606499953195,rrt_star,False,0,0,4163,8.929720587113845,159,0,626,8.929720587113845,0.0,759,0,16,16,C,5438,0.39751552795031053,True,6.531670458993176
0,48.000000000000206,480,0,,0.44238699757622096,1.2537482859916054,rrt_star,False,0,0,5230,16.28921160417709,393,0,741,16.278508082349465,0.0,993,0,15,15,C,5439,0.5341614906832298,True,7.827520553022623
0,41.40000000000008,414,0,,0.41616781382572554,0.9223394709988497,rrt_star,False,0,0,5338,11.466476577257612,330,0,775,11.295275818354547,0.0,930,0,15,15,C,5440,0.40993788819875776,True,7.239891081000678
0,41.10000000000014,411,0,,0.47538288082714586,0.6799955099995714,rrt_star,False,0,0,5504,19.126465714469482,293,0,809,18.92829050149126,0.0,893,0,10,10,C,5441,0.4161490683229814,True,4.73017825599527
0,45.30000000000021,453,0,,0.40498133929671704,1.003113325976301,rrt_star,False,0,0,5444,15.82648954065712,454,0,748,15.448133497056574,0.0,1054,0,10,10,C,5442,0.4472049689440994,True,5.0789081829134375
0,53.70000000000033,537,0,,0.43878802146735296,1.226389413990546,rrt_star,False,0,0,5670,11.953973124123003,405,0,788,11.657258784451992,0.0,1005,0,14,14,C,5443,0.5527950310559007,True,11.515789159951964
0,37.70000000000002,377,0,,0.42493257276638335,0.7987981670012232,rrt_star,False,0,0,3936,8.961194005352462,187,0,614,8.96119400535246,0.0,788,0,11,11,C,5444,0.4658385093167702,True,5.850217041996075
0,38.200000000000074,382,0,,0.4454898155670225,1.1909407149942126,rrt_star,False,0,0,6235,10.794975071798618,443,0,861,10.768803234764173,0.0,1043,0,10,10,C,5445,0.5031055900621118,True,6.724403202970279
0,37.70000000000006,377,0,,0.4917826467459838,0.686137224023696,rrt_star,False,0,0,4915,18.536527009354554,274,0,731,18.444330057783223,0.0,874,0,9,9,C,5446,0.422360248447205,True,3.24200855899835
0,46.30000000000031,463,0,,0.4268947181503545,0.8709123879962135,rrt_star,False,0,0,4237,11.685103184982777,236,0,662,11.685103184982776,0.0,836,0,14,14,C,5447,0.5093167701863354,True,6.262170713947853
0,39.600000000000165,396,0,,0.4064838450254733,0.7958715469867457,rrt_star,False,0,0,4622,12.117107639588284,222,0,699,12.117107639588284,0.0,822,0,10,10,C,5448,0.42857142857142855,True,4.664246583968634
0,37.90000000000004,379,0,,0.407922485845118,0.963770200003637,rrt_star,False,0,0,4665,10.885148600786238,199,0,678,10.885148600786238,0.0,799,0,11,11,C,5449,0.5093167701863354,True,6.378222653962439
0,58.60000000000045,586,0,,0.43599402353373246,1.0420392620144412,rrt_star,False,0,0,5381,14.98034854848407,361,0,754,14.955954110646603,0.0,961,0,17,17,C,5450,0.4968944099378882,True,9.341443591954885
0,46.800000000000146,468,0,,0.44275463201421866,1.1981475799984764,rrt_star,False,0,0,5653,9.344987001381918,457,0,805,9.31711507595146,0.0,1057,0,16,16,C,5451,0.5031055900621118,True,8.72889414196834
0,45.70000000000015,457,0,,0.4648312140041244,0.8927549269865267,rrt_star,False,0,0,4454,8.994636148189137,201,0,685,8.994636148189137,0.0,801,0,12,12,C,5452,0.453416149068323,True,6.415070581046166
0,42.70000000000023,427,0,,0.4436713821489463,0.9545893699978478,rrt_star,False,0,0,5407,14.78776502708716,479,0,754,14.782435906630559,0.0,1079,0,13,13,C,5453,0.4409937888198758,True,8.385183534992393
0,51.800000000000274,518,0,,0.42224508883814793,1.2706339889846276,rrt_star,False,0,0,5835,9.644706532746879,478,0,801,9.64435905100214,0.0,1078,0,15,15,C,5454,0.5217391304347826,True,11.839292597927852
0,37.40000000000006,374,0,,0.44254358353174267,0.952053368993802,rrt_star,False,0,0,5228,12.415686325829746,233,0,770,12.358947659066965,0.0,833,0,11,11,C,5455,0.4658385093167702,True,5.055118552991189
0,52.10000000000018,521,0,,0.4971268869310467,1.0475167190015782,rrt_star,False,0,0,5707,13.843657000096407,382,0,807,13.799579464575418,0.0,982,0,14,14,C,5456,0.422360248447205,True,10.307381836057175
0,43.700000000000166,437,0,,0.47696530634948464,0.8920540800027084,rrt_star,False,0,0,6414,19.908714846614103,348,0,871,19.908714846614103,0.0,948,0,10,10,C,5457,0.4906832298136646,True,4.300364364957204
0,40.000000000000156,400,0,,0.42005535185194376,0.7738584280014038,rrt_star,False,0,0,5335,13.129611319099405,280,0,741,13.128339876291314,0.0,880,0,8,8,C,5458,0.4161490683229814,True,2.419587958982447
0,56.10000000000037,561,1,,0.4394555968624876,1.3974721260019578,rrt_star,False,1,0,5180,8.056277475356536,324,0,741,7.9417229732680354,0.0,924,0,23,23,C,5459,0.4968944099378882,True,17.416235221957322
0,44.4000000000001,444,0,,0.4018184182049587,0.9747151839837898,rrt_star,False,0,0,5110,13.361035609956394,350,0,740,13.02256024822786,0.0,950,0,20,20,C,5460,0.4658385093167702,True,10.423382865963504
0,58.60000000000041,586,0,,0.4232060979514897,1.130138002015883,rrt_star,False,0,0,4972,10.405705695748011,352,0,691,10.046491809871355,0.0,952,0,21,21,C,5461,0.546583850931677,True,12.704660953982966
0,53.50000000000034,535,0,,0.45092284078799927,1.032652355992468,rrt_star,False,0,0,4131,8.329179192884892,244,0,616,8.159693634364661,0.0,844,0,17,17,C,5462,0.5217391304347826,True,8.609706924034981
0,40.70000000000011,407,0,,0.4975700005286957,0.7591060650011059,rrt_star,False,0,0,5026,14.105309188362838,241,0,729,14.105309188362838,0.0,841,0,9,9,C,5463,0.4161490683229814,True,3.650047623028513
0,44.10000000000012,441,0,,0.4363895855932708,0.9957101549953222,rrt_star,False,0,0,5428,14.51407070368701,268,0,781,14.35819431004849,0.0,869,0,11,11,C,5464,0.4472049689440994,True,5.031352772959508
0,40.00000000000018,400,0,,0.4651018461811502,1.1205349380034022,rrt_star,False,0,0,6061,11.427651342585959,396,0,855,11.40755159429244,0.0,996,0,17,17,C,5465,0.4658385093167702,True,9.872081898065517
0,43.900000000000205,439,0,,0.4419594702435487,0.6148616200080141,rrt_star,False,0,0,5585,16.564083422713697,301,0,813,16.55354258366283,0.0,901,0,14,14,C,5466,0.39751552795031053,True,4.8897903379111085
0,41.400000000000226,414,0,,0.46332395658166226,0.8606484040210489,rrt_star,False,0,0,3691,9.92854350259149,144,0,587,9.92854350259149,0.0,744,0,16,16,C,5467,0.5527950310559007,True,6.86341036108206
0,45.90000000000018,459,1,,0.4311095840514195,0.9094978930079378,rrt_star,False,1,0,4049,8.331900014580697,186,0,606,8.239412820565846,0.0,787,0,14,14,C,5468,0.45962732919254656,True,6.001112901954912
0,42.7000000000002,427,0,,0.48039134766138164,0.7727713299973402,rrt_star,False,0,0,4293,9.887860480138821,170,0,640,9.887860480138821,0.0,770,0,7,7,C,5469,0.4658385093167702,True,3.2842949490295723
0,37.69999999999998,377,0,,0.4030623684372043,0.7312220250023529,rrt_star,False,0,0,5974,17.563645258312988,377,0,833,17.440554976650134,0.0,979,0,9,9,C,5470,0.39751552795031053,True,3.473140385991428
0,47.30000000000018,473,0,,0.43823441434044463,0.9748177180008497,rrt_star,False,0,0,4713,9.550886846454711,253,0,700,9.550886846454711,0.0,853,0,12,12,C,5471,0.5031055900621118,True,6.923643362009898
0,40.800000000000104,408,0,,0.45534200696396415,0.8275723779806867,rrt_star,False,0,0,4820,10.543069154252407,270,0,704,10.469248711864294,0.0,870,0,10,10,C,5472,0.4409937888198758,True,5.179164107888937
0,39.80000000000013,398,0,,0.48896058397487435,0.7038680840050802,rrt_star,False,0,0,3935,11.606888209608861,148,0,610,11.552518992513681,0.0,748,0,15,15,C,5473,0.4472049689440994,True,5.382839266065275
0,42.80000000000022,428,0,,0.4473209382394953,0.8237025990092661,rrt_star,False,0,0,4544,11.534786684756188,240,0,686,11.49606024997842,0.0,840,0,10,10,C,5474,0.45962732919254656,True,5.267366785061313
0,42.600000000000165,426,0,,0.45685892340715956,0.7952062539989129,rrt_star,False,0,0,5416,15.774035443393842,280,0,772,15.580562993493126,0.0,880,0,12,12,C,5475,0.40993788819875776,True,4.482575569942128
0,41.30000000000005,413,0,,0.4180434032696821,1.0042850989848375,rrt_star,False,0,0,5216,11.544208368693704,325,0,744,11.533736125922808,0.0,925,0,15,15,C,5476,0.4968944099378882,True,9.014831640961347
0,46.90000000000028,469,0,,0.4658244486465023,1.0220383109990507,rrt_star,False,0,0,4810,15.564051433549947,306,0,701,14.391102988535412,0.0,906,0,18,18,C,5477,0.5093167701863354,True,9.567228910018457
0,40.00000000000016,400,0,,0.4946083586095248,0.9326088140078355,rrt_star,False,0,0,5897,11.829126573897225,339,0,816,11.828381725904888,0.0,939,0,14,14,C,5478,0.4409937888198758,True,6.078299418033566
0,39.400000000000084,394,0,,0.4373048708002563,0.7587974750204012,rrt_star,False,0,0,5943,13.90349995274508,323,0,833,13.747216477959006,0.0,923,0,7,7,C,5479,0.391304347826087,True,2.290684223989956
0,42.80000000000015,428,0,,0.45068966860832793,1.0637168719840702,rrt_star,False,0,0,6801,10.390618165193924,432,0,898,10.389798217268185,0.0,1032,0,13,13,C,5480,0.4161490683229814,True,7.624383066955488
0,41.00000000000014,410,0,,0.49969130874786677,1.113579019001918,rrt_star,False,0,0,5805,9.20780702688789,296,0,799,9.207071444523564,0.0,897,0,20,20,C,5481,0.484472049689441,True,10.111672281986102
0,43.00000000000025,430,0,,0.49652192081970614,0.8511345870210789,rrt_star,False,0,0,5531,18.519735106073647,395,0,794,18.461460195031705,0.0,995,0,14,14,C,5482,0.4472049689440994,True,5.205287687975215
0,40.700000000000244,407,0,,0.4090162275961382,0.7542908760078717,rrt_star,False,0,0,4485,13.043283000434108,206,0,684,13.038553815793609,0.0,806,0,12,12,C,5483,0.45962732919254656,True,4.891427139024017
0,47.80000000000022,478,0,,0.49126275267401953,0.9679439399915282,rrt_star,False,0,0,5789,15.822159323999244,367,0,825,15.822159323999244,0.0,967,0,10,10,C,5484,0.484472049689441,True,4.975804363988573
0,43.40000000000017,434,0,,0.4590538775571424,1.369000957987737,rrt_star,False,0,0,5044,11.366972766336948,266,0,688,11.29204548296002,0.0,866,0,16,16,C,5485,0.5093167701863354,True,9.587470452970592
0,39.00000000000013,390,0,,0.45247210519816244,0.7049925629980862,rrt_star,False,0,0,4568,15.404311077649332,232,0,679,15.36252844069516,0.0,832,0,7,7,C,5486,0.42857142857142855,True,3.0258909309632145
0,39.90000000000011,399,0,,0.4318935160786114,0.5626285579928663,rrt_star,False,0,0,4754,18.01346779817602,251,0,699,17.74639372043947,0.0,851,0,6,6,C,5487,0.40993788819875776,True,2.0877753389650024
0,40.90000000000025,409,0,,0.41391223928006554,0.8606274669873528,rrt_star,False,0,0,5036,9.066231319331271,261,0,733,8.91566382705008,0.0,861,0,9,9,C,5488,0.4161490683229814,True,4.468156588933198
0,48.50000000000026,485,0,,0.48125544425078076,0.9513461689930409,rrt_star,False,0,0,4289,14.759747403882354,198,0,644,14.699210757033748,0.0,798,0,17,17,C,5489,0.5403726708074534,True,9.896715705952374
0,42.700000000000216,427,0,,0.45831602100957214,1.3044505180150736,rrt_star,False,0,0,6360,14.793957222632708,372,0,875,14.768466069519148,0.0,972,0,10,10,C,5490,0.4906832298136646,True,7.1933332049811725
0,38.10000000000008,381,0,,0.4514037573695471,0.6176294870092534,rrt_star,False,0,0,4495,13.730952012929448,241,0,689,13.670954275214456,0.0,841,0,9,9,C,5491,0.36024844720496896,True,3.686301289999392
0,39.300000000000026,393,0,,0.49848238195313976,0.6717450690048281,rrt_star,False,0,0,4777,14.144639700189439,229,0,711,14.120568988333394,0.0,829,0,9,9,C,5492,0.37888198757763975,True,3.587621310027316
0,41.700000000000074,417,0,,0.46383754301347185,0.6666213370044716,rrt_star,False,0,0,5006,17.77069218253975,331,0,726,17.686854200668094,0.0,931,0,12,12,C,5493,0.36645962732919257,True,5.759487750037806
0,39.900000000000055,399,0,,0.4491575739910202,1.0153264039836358,rrt_star,False,0,0,5892,12.10258595439705,329,0,823,11.971171940396276,0.0,930,0,13,13,C,5494,0.453416149068323,True,7.208650012995349
0,38.900000000000084,389,0,,0.4706276906941945,0.9428533099999186,rrt_star,False,0,0,4787,8.282439412265523,239,0,698,8.282439412265521,0.0,839,0,6,6,C,5495,0.4720496894409938,True,3.5797871069808025
0,45.200000000000244,452,0,,0.43836039991778347,1.1148228599922732,rrt_star,False,0,0,5163,10.950597317196532,314,0,733,10.950303461732547,0.0,914,0,13,13,C,5496,0.5341614906832298,True,7.0910031870007515
0,42.3000000000002,423,0,,0.484703391630742,0.9230937990068924,rrt_star,False,0,0,5059,15.51186167879309,316,0,742,15.497550574773415,0.0,917,0,12,12,C,5497,0.4968944099378882,True,6.60053134302143
0,51.90000000000032,519,0,,0.47341533136689923,1.1825313589943107,rrt_star,False,0,0,5001,11.526841385407169,337,0,731,11.097183587808587,0.0,937,0,15,15,C,5498,0.515527950310559,True,9.722613260964863
0,42.10000000000015,421,0,,0.46158725863904404,0.8310450809949543,rrt_star,False,0,0,5059,12.973871214739168,255,0,731,12.96491724216794,0.0,855,0,9,9,C,5499,0.422360248447205,True,4.047146711993264
0,41.80000000000013,418,0,,0.40008963942699616,0.6851857140136417,rrt_star,False,0,0,6228,14.752070263353962,373,0,856,13.93198683263813,0.0,973,0,10,10,D,5000,0.44,True,3.4020362380251754
0,38.300000000000175,383,0,,0.40623634888790994,0.6409662659862079,rrt_star,False,0,0,4496,12.513128848054677,193,0,706,12.513128848054677,0.0,793,0,7,7,D,5001,0.54,True,2.4080768889689352
0,59.800000000000416,598,0,,0.44026493444193376,0.7059357060061302,rrt_star,False,0,0,4374,11.060668650926566,246,0,689,11.060668650926564,0.0,846,0,12,12,D,5002,0.6,True,4.819719346007332
0,38.900000000000155,389,0,,0.47899425800322015,0.8105774509895127,rrt_star,False,0,0,7074,11.606162367411692,470,0,912,11.589910810733372,0.0,1070,0,9,9,D,5003,0.49,True,4.22437449201243
0,45.40000000000033,454,0,,0.4072264427730687,0.6384450320038013,rrt_star,False,0,0,4916,9.608403591219165,197,0,722,9.608403591219165,0.0,797,0,8,8,D,5004,0.5,True,2.451445671991678
0,42.10000000000027,421,0,,0.41107695895047147,0.5556722909968812,rrt_star,False,0,0,4474,16.427480094986393,257,0,668,16.42709588353095,0.0,857,0,8,8,D,5005,0.5,True,2.247700813022675
0,43.20000000000012,432,0,,0.41152719969971874,0.6661950080015231,rrt_star,False,0,0,6089,14.923802531459394,367,0,845,14.848156315930515,0.0,967,0,9,9,D,5006,0.43,True,2.6555929579772055
0,43.800000000000225,438,0,,0.40096956435291914,0.6107319090224337,rrt_star,False,0,0,5832,18.09062134274858,362,0,809,17.840694172285925,0.0,962,0,10,10,D,5007,0.45,True,3.128560944023775
0,38.7000000000001,387,0,,0.44969291982617643,0.37762238099821843,rrt_star,False,0,0,5683,24.132106010695775,352,0,828,23.992303493715415,0.0,953,0,6,6,D,5008,0.43,True,1.6237807989527937
0,42.40000000000017,424,0,,0.41548580737789714,0.6978034070052672,rrt_star,False,0,0,7196,19.091282567455394,544,0,948,18.838887524958995,0.0,1144,0,7,7,D,5009,0.46,True,2.741996840981301
0,40.200000000000166,402,0,,0.4782579030770874,0.584010490012588,rrt_star,False,0,0,6165,12.053688347612532,398,0,872,11.705685490295949,0.0,998,0,6,6,D,5010,0.36,True,1.8515267120383214
0,42.40000000000002,424,0,,0.4099302135918393,0.589156105008442,rrt_star,False,0,0,5705,17.542312322602235,351,0,821,17.54080420644087,0.0,951,0,10,10,D,5011,0.44,True,3.447772694955347
0,39.10000000000009,391,0,,0.4881967235077875,0.5349818429967854,rrt_star,False,0,0,6167,15.723148097100907,389,0,850,15.51827757461449,0.0,989,0,8,8,D,5012,0.4,True,2.072744726028759
0,55.10000000000033,551,0,,0.4128462395727778,0.9024589850159828,rrt_star,False,0,0,4348,12.53606282794897,215,0,658,12.52350039789465,0.0,815,0,18,18,D,5013,0.61,True,7.670396737055853
0,39.20000000000015,392,0,,0.4441114863521469,0.4409928519744426,rrt_star,False,0,0,4565,16.57805310931557,235,0,685,16.488534862206002,0.0,835,0,7,7,D,5014,0.43,True,1.9300739789905492
0,46.20000000000031,462,0,,0.41254405201642014,0.501676685991697,rrt_star,False,0,0,4957,15.778869583266207,278,0,726,15.740363954988938,0.0,878,0,9,9,D,5015,0.45,True,2.4133686809509527
0,40.2800279227972,403,0,,0.43843675214807953,0.5632725069881417,rrt_star,False,0,0,5732,19.639338742569173,365,0,814,19.504473212577953,0.0,966,0,9,9,D,5016,0.49,True,3.080840009934036
0,41.90000000000012,419,0,,0.44070593395537055,0.6590374149964191,rrt_star,False,0,0,4398,9.205965818919331,208,0,637,9.043766727361415,0.0,808,0,11,11,D,5017,0.57,True,3.9893842530145776
0,41.4000000000002,414,0,,0.480445739326729,0.4509567579953,rrt_star,False,0,0,4671,10.098576131803618,200,0,686,10.098576131803618,0.0,800,0,9,9,D,5018,0.36,True,2.0401741490059067
0,45.000000000000185,450,0,,0.40478814645232214,0.9318768630037084,rrt_star,False,0,0,6469,14.855319851972617,445,0,874,14.570670286906585,0.0,1045,0,10,10,D,5019,0.58,True,5.223028904030798
0,41.000000000000135,410,0,,0.4693517614285909,0.739482611999847,rrt_star,False,0,0,6403,9.383968727966476,421,0,877,9.383243490848884,0.0,1021,0,9,9,D,5020,0.46,True,3.196944271941902
0,40.700000000000124,407,0,,0.4745267437685325,0.575991603982402,rrt_star,False,0,0,5175,14.523412192345447,296,0,775,14.41892712677926,0.0,896,0,8,8,D,5021,0.47,True,2.474567180033773
0,48.000000000000256,480,0,,0.42389557287421054,0.8603063650080003,rrt_star,False,0,0,6304,14.077041563245675,442,0,871,14.002787114062535,0.0,1042,0,14,14,D,5022,0.56,True,6.103499624994583
0,38.899999999999956,389,0,,0.4688758114818031,0.6470361170067918,rrt_star,False,0,0,5559,12.049675328585367,291,0,792,11.877014685541385,0.0,891,0,10,10,D,5023,0.48,True,3.1495658610074315
0,38.199999999999974,382,0,,0.4152102848843249,0.30992554800468497,rrt_star,False,0,0,6754,28.933326534943614,420,0,932,28.866953786665672,0.0,1020,0,4,4,D,5024,0.45,True,0.905092925997451
0,36.6,366,0,,0.4839973993428217,0.6772025749960449,rrt_star,False,0,0,6134,10.695285396874949,358,0,866,10.695285396874949,0.0,958,0,4,4,D,5025,0.43,True,1.4965616099943873
0,43.50000000000025,435,0,,0.4080388476107328,0.5125762530078646,rrt_star,False,0,0,4511,14.08621632309447,248,0,655,14.034944416380517,0.0,849,0,10,10,D,5026,0.47,True,2.2232870400184765
0,38.6000000000001,386,0,,0.414325051499008,0.47132060199510306,rrt_star,False,0,0,3746,8.072122397720175,213,0,549,7.923734495409715,0.0,813,0,7,7,D,5027,0.4,True,1.9852567209745757
0,37.09999999999995,371,0,,0.4544725050345022,0.5238088229962159,rrt_star,False,0,0,4520,11.68161950695635,232,0,668,11.669402538681403,0.0,832,0,5,5,D,5028,0.43,True,1.6619069029402453
0,57.990635813448456,580,0,,0.4266461133654195,0.6956597990065347,rrt_star,False,0,0,6059,25.79853873635032,440,0,815,22.77577853934653,0.0,1042,0,8,8,D,5029,0.59,True,2.7122162389860023
0,39.19999999999999,392,0,,0.4024825617976408,0.535258618008811,rrt_star,False,0,0,6509,22.32713197629905,371,0,907,22.023199979636168,0.0,971,0,3,3,D,5030,0.49,True,0.7790727179963142
0,40.500000000000185,405,0,,0.49327312087120356,0.5760145460080821,rrt_star,False,0,0,5312,12.66781953030931,270,0,767,12.519424564112537,0.0,870,0,11,11,D,5031,0.43,True,3.419515839923406
0,44.60000000000016,446,0,,0.4380463813391541,1.0893942280090414,rrt_star,False,0,0,8439,12.019047680065542,611,0,1078,11.671444332735787,0.0,1211,0,9,9,D,5032,0.52,True,3.8900748850719538
0,37.400000000000055,374,0,,0.44097876003642744,0.6806259250151925,rrt_star,False,0,0,5934,12.143875999830938,370,0,838,12.07639612776839,0.0,970,0,8,8,D,5033,0.47,True,2.5685341370117385
0,42.60000000000004,426,0,,0.42488255964954613,0.4175020449911244,rrt_star,False,0,0,5650,22.565845286116183,306,0,817,22.185458585937717,0.0,907,0,4,4,D,5034,0.33,True,1.0992312580056023
0,37.20000000000008,372,0,,0.48877341513729283,0.7608788999787066,rrt_star,False,0,0,6317,8.1471881339636,397,0,875,8.09985883903369,0.0,997,0,8,8,D,5035,0.46,True,3.139731396920979
0,44.800000000000196,448,0,,0.44679001152324155,0.6110738359857351,rrt_star,False,0,0,4592,10.860402025445634,260,0,703,10.860402025445634,0.0,860,0,15,15,D,5036,0.53,True,5.200850003951928
0,55.900000000000375,559,0,,0.4630273005500981,0.7778501069988124,rrt_star,False,0,0,5476,13.397255574390792,330,0,792,13.39725557439079,0.0,930,0,19,19,D,5037,0.6,True,6.714046689972747
0,45.700000000000124,457,0,,0.40264786973869615,0.6281908130040392,rrt_star,False,0,0,5076,18.232858146435383,289,0,744,18.217831580363562,0.0,889,0,9,9,D,5038,0.53,True,2.812059465999482
0,38.199999999999996,382,0,,0.47325295439146625,0.7546077980077825,rrt_star,False,0,0,5654,8.895929119896653,344,0,806,8.89554259981155,0.0,944,0,12,12,D,5039,0.48,True,5.021021059015766
0,38.90000000000006,389,0,,0.4206390975268741,0.5266142959881108,rrt_star,False,0,0,4869,8.891393879846783,248,0,720,8.830597031039744,0.0,849,0,8,8,D,5040,0.41,True,2.1485714590235148
0,40.60000000000016,406,0,,0.4504539920086561,0.45711530197877437,rrt_star,False,0,0,6562,19.963502377462895,406,0,915,19.88662535976458,0.0,1006,0,7,7,D,5041,0.34,True,1.5362884649657644
0,40.10000000000011,401,0,,0.4380451957370405,0.5950797820114531,rrt_star,False,0,0,6135,13.723425937041258,413,0,887,13.657846643474866,0.0,1013,0,8,8,D,5042,0.45,True,2.365002358041238
0,38.30000000000007,383,0,,0.41380440981085925,0.5567999240010977,rrt_star,False,0,0,4884,9.22019244222815,239,0,716,9.22019244222815,0.0,839,0,12,12,D,5043,0.43,True,4.104247540963115
0,43.90000000000024,439,0,,0.48623739913916414,0.4626974090060685,rrt_star,False,0,0,6346,20.78792101609693,389,0,872,20.73929793953162,0.0,989,0,10,10,D,5044,0.47,True,2.896311328979209
0,43.10000000000011,431,0,,0.46910782008001045,0.7061325419927016,rrt_star,False,0,0,5873,14.386192597089725,386,0,833,14.35793977610485,0.0,986,0,9,9,D,5045,0.48,True,4.025656201964011
0,46.30000000000032,463,0,,0.4663395080922795,0.6430411970068235,rrt_star,False,0,0,4474,10.146254952512516,256,0,641,10.072870821734853,0.0,856,0,15,15,D,5046,0.5,True,5.4798520670155995
0,39.50000000000016,395,0,,0.4559053333365335,0.47444594401167706,rrt_star,False,0,0,5197,11.5088784461291,231,0,745,11.266825698099723,0.0,831,0,9,9,D,5047,0.37,True,2.5087982109980658
0,40.10000000000004,401,0,,0.4922461101291023,0.6592287480016239,rrt_star,False,0,0,5593,12.507549317396446,397,0,794,12.507549317396446,0.0,997,0,12,12,D,5048,0.49,True,4.111837231932441
0,59.600000000000435,596,0,,0.4113438872532391,0.8105082479887642,rrt_star,False,0,0,5200,12.1255333035082,302,0,753,12.1255333035082,0.0,902,0,16,16,D,5049,0.64,True,6.732933858991601
0,37.9000000000001,379,0,,0.4523589824025852,0.697809563978808,rrt_star,False,0,0,4802,9.207616131635126,224,0,711,9.064805093561926,0.0,824,0,10,10,D,5050,0.45,True,5.026931759988656
0,41.00000000000018,410,0,,0.4988509996635098,0.4845969129819423,rrt_star,False,0,0,4819,13.421959094486787,236,0,713,13.421959094486787,0.0,836,0,10,10,D,5051,0.41,True,3.6671224589517806
0,41.60000000000019,416,0,,0.4052942893695224,0.5824273620091844,rrt_star,False,0,0,5031,10.416558287711775,286,0,743,10.416558287711775,0.0,886,0,11,11,D,5052,0.44,True,3.6795715269981883
0,41.90000000000014,419,0,,0.4652063667605869,0.6368500130192842,rrt_star,False,0,0,3697,10.469166595544252,206,0,563,10.469166595544252,0.0,806,0,12,12,D,5053,0.5,True,5.142888377013151
0,39.40000000000024,394,0,,0.4515730549833561,0.5490147309901658,rrt_star,False,0,0,5508,15.56139205439752,288,0,790,15.470237893145818,0.0,888,0,10,10,D,5054,0.48,True,2.982158854021691
0,41.400000000000055,414,0,,0.4024008818602664,0.5552472129929811,rrt_star,False,0,0,4855,14.740050009576398,279,0,727,14.724598832793538,0.0,879,0,8,8,D,5055,0.41,True,2.8028958550130483
0,44.800000000000075,448,0,,0.4889832533599131,0.5959262510004919,rrt_star,False,0,0,5545,15.767451379283427,356,0,770,15.759284844733084,0.0,956,0,11,11,D,5056,0.45,True,3.9983321329636965
0,39.900000000000134,399,0,,0.47169785437292155,0.6230917390203103,rrt_star,False,0,0,4225,8.096579768487201,203,0,648,8.074530814091986,0.0,804,0,12,12,D,5057,0.5,True,4.146583769994322
0,40.60000000000011,406,0,,0.4361460459202301,0.5661090470093768,rrt_star,False,0,0,7027,15.307902745268422,423,0,932,15.253342789536932,0.0,1023,0,8,8,D,5058,0.34,True,2.655292413983261
0,46.800000000000225,468,0,,0.41369506360844,0.5954626929888036,rrt_star,False,0,0,4183,11.356268160839512,185,0,647,11.326845740152253,0.0,785,0,12,12,D,5059,0.53,True,3.979569188959431
0,50.30000000000025,503,0,,0.49157858782399594,0.6982922560127918,rrt_star,False,0,0,5307,13.119634446608421,302,0,755,13.005669472537658,0.0,902,0,17,17,D,5060,0.47,True,8.448612871958176
0,37.10000000000012,371,0,,0.44525001550489635,0.5590372110018507,rrt_star,False,0,0,5088,11.081313853272855,220,0,737,11.059291679321639,0.0,820,0,8,8,D,5061,0.42,True,2.3509801929467358
0,41.10000000000003,411,0,,0.41885779432939435,0.620215499016922,rrt_star,False,0,0,4642,13.643085271085225,253,0,712,13.508400483926962,0.0,853,0,8,8,D,5062,0.57,True,2.8427067050070036
0,39.00000000000014,390,0,,0.43616546912416515,0.5392050259979442,rrt_star,False,0,0,5089,12.427855752488743,265,0,752,12.30526603972708,0.0,865,0,7,7,D,5063,0.4,True,1.873631812952226
0,41.00000000000021,410,0,,0.4162408206543938,0.6407236189988907,rrt_star,False,0,0,7317,14.870033194584277,506,0,963,14.254339618008995,0.0,1106,0,8,8,D,5064,0.38,True,2.400823247007793
0,55.900000000000276,559,0,,0.413442046083486,0.5846114720043261,rrt_star,False,0,0,4538,19.77217977256778,221,0,668,19.643001155451298,0.0,821,0,12,12,D,5065,0.56,True,4.021210989070823
0,37.60000000000011,376,0,,0.40527567910620826,0.6127614629804157,rrt_star,False,0,0,5270,11.463706024171168,287,0,758,11.417138944783353,0.0,887,0,8,8,D,5066,0.44,True,3.2245441300037783
0,42.000000000000036,420,0,,0.4623256493931722,0.44759196700761095,rrt_star,False,0,0,4827,17.336140319197973,291,0,693,17.291918196952352,0.0,891,0,5,5,D,5067,0.43,True,1.2043864129809663
0,47.20000000000028,472,0,,0.4101994647770937,0.9149878490134142,rrt_star,False,0,0,6313,13.662355795769576,496,0,868,13.662355795769576,0.0,1096,0,10,10,D,5068,0.59,True,6.669926066999324
0,40.900000000000134,409,0,,0.48145972717796076,0.5967867159924936,rrt_star,False,0,0,5747,12.508325780471209,348,0,818,12.508325780471209,0.0,948,0,7,7,D,5069,0.43,True,2.133214287023293
0,41.600000000000115,416,0,,0.47690351065465963,0.7280500660126563,rrt_star,False,0,0,6449,15.513655215494612,441,0,871,15.498025994706195,0.0,1041,0,7,7,D,5070,0.46,True,2.5660011950240005
0,40.800000000000175,408,0,,0.40092065130764015,0.47645628498867154,rrt_star,False,0,0,5445,18.13817229293423,282,0,783,18.020599635494477,0.0,882,0,9,9,D,5071,0.38,True,2.788666492939228
0,39.800000000000125,398,0,,0.48200276248949014,0.5900360890082084,rrt_star,False,0,0,5125,13.889786691274502,260,0,779,13.817913337751966,0.0,860,0,10,10,D,5072,0.49,True,2.6739998609991744
0,52.70000000000037,527,0,,0.4304852441932489,0.6762061229965184,rrt_star,False,0,0,5518,11.46375276128788,282,0,808,11.443940935571046,0.0,882,0,9,9,D,5073,0.46,True,3.365731546044117
0,37.999999999999986,380,0,,0.4673717844468077,0.5561750039923936,rrt_star,False,0,0,4946,12.703362308591474,225,0,718,12.694267594580399,0.0,825,0,5,5,D,5074,0.46,True,1.8136783899972215
0,38.40000000000005,384,0,,0.40009302646403055,0.4994605819811113,rrt_star,False,0,0,4834,8.601626350261204,201,0,733,8.601626350261204,0.0,801,0,6,6,D,5075,0.39,True,1.7410910189209972
0,38.50000000000016,385,0,,0.4887494251888079,0.4861788690031972,rrt_star,False,0,0,5005,14.14622082795686,256,0,737,13.6133694438084,0.0,856,0,10,10,D,5076,0.37,True,2.159918580960948
0,38.300000000000125,383,0,,0.46204164201924136,0.37187474602251314,rrt_star,False,0,0,5876,16.44590854636357,366,0,832,16.19553515552679,0.0,966,0,7,7,D,5077,0.3,True,1.6224909969896544
0,39.700000000000124,397,0,,0.4374474505456679,0.35333878800156526,rrt_star,False,0,0,5675,21.51932567798981,305,0,792,21.461565877252617,0.0,905,0,9,9,D,5078,0.32,True,1.5389397050021216
0,39.80000000000001,398,0,,0.416427285642021,0.6513679510098882,rrt_star,False,0,0,5412,11.044461792594118,269,0,768,11.0383168395777,0.0,869,0,9,9,D,5079,0.47,True,3.5948720640153624
0,44.30000000000022,443,0,,0.4621794895812143,0.5637391389755066,rrt_star,False,0,0,3627,9.668278763071513,203,0,543,9.668278763071513,0.0,803,0,12,12,D,5080,0.54,True,4.480674587015528
0,37.699999999999996,377,0,,0.44807427587815896,0.4178926950262394,rrt_star,False,0,0,3658,9.557808458290088,154,0,581,9.45799007022326,0.0,754,0,7,7,D,5081,0.4,True,1.6972739890625235
0,38.09999999999998,381,0,,0.4941121342913805,0.23308623299817555,rrt_star,False,0,0,6776,28.098157034475914,391,0,921,28.05375096870406,0.0,991,0,3,3,D,5082,0.41,True,0.4411823979753535
0,38.50000000000013,385,0,,0.46298838395738856,0.4592254740127828,rrt_star,False,0,0,4569,11.478942797382789,194,0,679,11.478942797382789,0.0,794,0,11,11,D,5083,0.37,True,2.6000621280109044
0,37.90000000000014,379,0,,0.4900899188721682,0.7111292620247696,rrt_star,False,0,0,6021,10.49816715734117,382,0,849,10.306286714674433,0.0,982,0,11,11,D,5084,0.46,True,4.195927272987319
0,41.30000000000016,413,0,,0.48358492147718957,0.6995165050029755,rrt_star,False,0,0,5966,9.498369408824171,334,0,811,9.491044161708835,0.0,934,0,10,10,D,5085,0.46,True,3.2506781260017306
0,52.50000000000043,525,0,,0.4001542516681926,0.6091215949854814,rrt_star,False,0,0,4610,13.509425041538423,220,0,690,13.509425041538423,0.0,820,0,12,12,D,5086,0.52,True,4.2622939789434895
0,44.00000000000007,440,0,,0.4916856149541261,0.6454880359815434,rrt_star,False,0,0,5679,12.517646902137008,287,0,814,12.517646902137008,0.0,887,0,12,12,D,5087,0.45,True,4.857603265991202
0,44.70000000000021,447,0,,0.42855603578297224,0.6302497499855235,rrt_star,False,0,0,4832,10.279483536785966,229,0,723,10.27269299059591,0.0,829,0,10,10,D,5088,0.51,True,3.3214408330095466
0,43.00000000000019,430,0,,0.4148496988846052,0.5814375320042018,rrt_star,False,0,0,5320,12.743104090102634,282,0,773,12.723053703878742,0.0,882,0,9,9,D,5089,0.47,True,3.074469144019531
0,39.70000000000018,397,0,,0.4418734871557195,0.4494813210039865,rrt_star,False,0,0,5013,17.975241426171955,244,0,745,17.952685804004574,0.0,844,0,6,6,D,5090,0.46,True,1.7019853770034388
0,44.70000000000024,447,1,,0.47923267442557393,0.6058610879990738,rrt_star,False,1,0,4617,13.16678991957787,188,0,702,12.994424330988405,0.0,788,0,12,12,D,5091,0.48,True,3.949361831007991
0,42.8000000000002,428,0,,0.4382710215934675,0.5443578209960833,rrt_star,False,0,0,5549,13.846360508506661,315,0,804,13.456508381518061,0.0,915,0,9,9,D,5092,0.39,True,2.882342691998929
0,40.300000000000075,403,0,,0.46809303473446573,0.6990444299881347,rrt_star,False,0,0,6802,9.079567991598049,436,0,918,8.97200876546028,0.0,1036,0,9,9,D,5093,0.4,True,3.668732438934967
0,39.00000000000005,390,0,,0.4261009556987256,0.5251841679855715,rrt_star,False,0,0,5437,17.78919740378328,310,0,802,17.778920485962423,0.0,910,0,9,9,D,5094,0.41,True,3.0137941810826305
0,41.800000000000146,418,0,,0.4634950228726528,0.4535658289969433,rrt_star,False,0,0,5460,19.202007433068395,325,0,783,17.905063796006477,0.0,925,0,7,7,D,5095,0.44,True,1.7617800979642197
0,44.300000000000246,443,0,,0.45819206700635146,0.645675884996308,rrt_star,False,0,0,4572,12.245865193241187,258,0,653,12.197232581226283,0.0,858,0,15,15,D,5096,0.59,True,5.568501535017276
0,58.800000000000395,588,0,,0.47949780932094654,0.8985037279780954,rrt_star,False,0,0,5281,13.727516631434227,290,0,764,13.590307642500363,0.0,890,0,17,17,D,5097,0.61,True,8.290433935966576
0,38.70000000000003,387,0,,0.43983412990020093,0.5829001090023667,rrt_star,False,0,0,4906,9.408866131005947,255,0,769,9.250998226393298,0.0,855,0,7,7,D,5098,0.43,True,1.902774849004345
0,40.90000000000016,409,0,,0.4563154704621504,0.6942598870082293,rrt_star,False,0,0,5635,12.264497341055113,423,0,761,12.264262603906516,0.0,1024,0,9,9,D,5099,0.48,True,3.130073560983874
0,47.000000000000306,470,0,,0.41290521836477767,0.5781761970138177,rrt_star,False,0,0,5009,17.362208119715163,338,0,716,17.25939820953566,0.0,938,0,16,16,D,5100,0.5,True,5.239648909075186
0,37.000000000000135,370,0,,0.4679336065585453,0.5287773959862534,rrt_star,False,0,0,5155,11.99140411221211,269,0,770,11.99140411221211,0.0,869,0,5,5,D,5101,0.48,True,1.3062584129802417
0,44.10000000000017,441,0,,0.48267834630640627,0.711162100022193,rrt_star,False,0,0,5278,9.941472772293894,262,0,752,9.790851470955118,0.0,862,0,12,12,D,5102,0.47,True,5.903004207008053
0,38.099999999999866,381,0,,0.41561247837925946,0.6121644029917661,rrt_star,False,0,0,5192,9.638285825617501,305,0,732,9.620515335383153,0.0,905,0,9,9,D,5103,0.47,True,2.9459433990123216
0,39.60000000000005,396,0,,0.4240622922230516,0.701817999011837,rrt_star,False,0,0,6178,13.462361973344086,370,0,849,13.446066444819616,0.0,971,0,8,8,D,5104,0.5,True,2.231644819956273
0,46.30000000000028,463,0,,0.4901713406395893,0.7000015270023141,rrt_star,False,0,0,4520,9.538977166945209,202,0,661,9.296698878166952,0.0,802,0,9,9,D,5105,0.59,True,3.481438452989096
0,37.80000000000004,378,0,,0.44498990432777624,0.77586905399221,rrt_star,False,0,0,7426,12.787279368028429,462,0,978,12.770995016903157,0.0,1062,0,7,7,D,5106,0.44,True,2.78057383702253
0,46.20000000000018,462,0,,0.49772212628673385,0.636243306013057,rrt_star,False,0,0,3986,9.096862744613874,152,0,624,9.00691476753947,0.0,752,0,8,8,D,5107,0.57,True,3.038315499026794
0,38.70000000000013,387,0,,0.4810345627169207,0.3588552800065372,rrt_star,False,0,0,6190,16.617489918550422,361,0,859,16.617489918550422,0.0,961,0,3,3,D,5108,0.3,True,0.544131021015346
0,53.10000000000023,531,0,,0.4775660354703212,0.7711646849929821,rrt_star,False,0,0,6210,13.936872268920288,424,0,848,13.79978746340433,0.0,1024,0,13,13,D,5109,0.52,True,4.696686842071358
0,37.90000000000004,379,0,,0.44965881146187736,0.43704526699730195,rrt_star,False,0,0,4897,19.97799338198642,271,0,735,19.97799338198642,0.0,871,0,6,6,D,5110,0.46,True,1.1087588849768508
0,52.700000000000266,527,0,,0.411518683457541,0.7014237149851397,rrt_star,False,0,0,4194,10.027218176585954,213,0,642,9.936049265497454,0.0,813,0,12,12,D,5111,0.63,True,5.452338867995422
0,41.700000000000145,417,0,,0.4735244044836035,0.4412991749995854,rrt_star,False,0,0,4367,10.583930476499589,180,0,642,10.579830464800354,0.0,780,0,12,12,D,5112,0.39,True,2.6950805650267284
0,39.00000000000008,390,0,,0.48171121667025696,0.5750478740083054,rrt_star,False,0,0,4542,8.553578503174885,180,0,684,8.48429675393929,0.0,780,0,7,7,D,5113,0.48,True,2.2081737820408307
0,41.80000000000015,418,0,,0.47504424615373203,0.7220800099894404,rrt_star,False,0,0,6024,12.683067932241396,371,0,848,12.378430342861229,0.0,971,0,6,6,D,5114,0.44,True,2.7067148740170524
0,45.10000000000014,451,0,,0.4529931581569034,0.627070491987979,rrt_star,False,0,0,6653,13.453474563990937,429,0,896,13.378108422279,0.0,1029,0,9,9,D,5115,0.39,True,2.630336811009329
0,38.60000000000011,386,0,,0.4487369361121693,0.6877120179997291,rrt_star,False,0,0,5490,15.491962472860633,307,0,754,15.011786195434063,0.0,907,0,10,10,D,5116,0.56,True,4.004934686992783
0,37.3000000000002,373,0,,0.48046577962340825,0.5907310000038706,rrt_star,False,0,0,5514,13.375787000923863,382,0,770,13.198165371631912,0.0,982,0,11,11,D,5117,0.44,True,3.8751323320611846
0,40.500000000000156,405,0,,0.4359220595170679,0.5953565250092652,rrt_star,False,0,0,5231,12.837855343877836,275,0,766,12.75394813968191,0.0,875,0,10,10,D,5118,0.43,True,3.0629835369763896
0,40.10000000000006,401,0,,0.4341777772637598,0.5735127360094339,rrt_star,False,0,0,5839,12.532708347831251,309,0,810,12.345159585168865,0.0,909,0,8,8,D,5119,0.39,True,2.353983766050078
0,64.5000000000005,645,0,,0.499239405214675,1.1721450299955904,rrt_star,False,0,0,8173,16.372162202850692,634,0,1035,16.119848637671158,0.0,1234,0,10,10,D,5120,0.61,True,4.59372004706529
0,38.70000000000005,387,0,,0.4023582687577303,0.5308195230027195,rrt_star,False,0,0,4893,11.709617928352348,238,0,725,11.709617928352348,0.0,838,0,10,10,D,5121,0.41,True,2.6456416579603683
0,44.300000000000196,443,0,,0.4434190739877914,0.6375945390027482,rrt_star,False,0,0,6570,11.980846791671166,422,0,909,11.975695450651386,0.0,1022,0,10,10,D,5122,0.45,True,3.148411731031956
0,51.60000000000025,516,2,,0.4656285406305936,0.962173014995642,rrt_star,False,2,0,5627,12.939321891217066,343,0,807,12.718583661426504,0.0,943,0,20,20,D,5123,0.66,True,10.551725842058659
0,46.60000000000021,466,0,,0.45523601400888297,0.5588481549930293,rrt_star,False,0,0,4392,10.869901208014006,180,0,649,10.868771817036103,0.0,780,0,12,12,D,5124,0.5,True,3.877311055053724
0,42.20000000000022,422,0,,0.4244412835689284,0.5643761230167001,rrt_star,False,0,0,4091,8.137681088761292,154,0,635,8.137681088761292,0.0,754,0,12,12,D,5125,0.51,True,4.618115424003918
0,39.40000000000011,394,0,,0.48301521070160214,0.4024874700116925,rrt_star,False,0,0,4363,11.172990645170653,188,0,655,10.895786011367713,0.0,789,0,8,8,D,5126,0.34,True,2.127042422973318
0,45.30000000000015,453,0,,0.43066076339467907,0.9837200619804207,rrt_star,False,0,0,5778,14.869165363819095,331,0,819,14.609621315270378,0.0,931,0,10,10,D,5127,0.5,True,3.2160496839205734
0,40.100000000000065,401,0,,0.4061775207703964,0.6078440010023769,rrt_star,False,0,0,5269,16.31476952385781,254,0,769,16.134635937791273,0.0,855,0,6,6,D,5128,0.5,True,2.420179509004811
0,39.70000000000018,397,0,,0.4403231614368723,0.6682298480009194,rrt_star,False,0,0,5566,16.145520442044784,342,0,814,15.81940173004727,0.0,943,0,10,10,D,5129,0.51,True,3.1201987629465293
0,40.50000000000006,405,0,,0.45937034682929506,0.5582054920087103,rrt_star,False,0,0,4613,14.066317074612536,257,0,686,13.69583062653923,0.0,857,0,6,6,D,5130,0.5,True,2.325434473983478
0,43.70000000000011,437,0,,0.42952224084802104,0.6219976090069395,rrt_star,False,0,0,5399,13.93845866176019,275,0,747,13.933662313933505,0.0,875,0,9,9,D,5131,0.53,True,2.453096730983816
0,46.00000000000017,460,0,,0.40007971536457265,0.9136076589929871,rrt_star,False,0,0,8207,17.89845285516901,745,0,1064,17.630830966036847,0.0,1345,0,9,9,D,5132,0.47,True,3.888908409018768
0,38.80000000000014,388,0,,0.4624254051090105,0.48851831699721515,rrt_star,False,0,0,4151,9.574024677521221,246,0,593,9.56548728298038,0.0,846,0,11,11,D,5133,0.42,True,3.365243996027857
0,36.300000000000125,363,0,,0.4599582449452949,0.48194784999941476,rrt_star,False,0,0,5252,14.172460671574102,348,0,769,14.08358952994048,0.0,948,0,4,4,D,5134,0.42,True,1.1932163370074704
0,41.00000000000014,410,0,,0.49757893073905873,0.4889995760167949,rrt_star,False,0,0,4220,9.80396445421533,196,0,620,9.718801874785996,0.0,796,0,11,11,D,5135,0.42,True,3.3978759319870733
0,37.30000000000021,373,0,,0.4613743724836524,0.5387891260033939,rrt_star,False,0,0,4547,11.208112287677405,202,0,702,11.175883740623185,0.0,802,0,6,6,D,5136,0.46,True,1.668028148036683
0,40.20000000000014,402,0,,0.4302871791789489,0.5424490500008687,rrt_star,False,0,0,4671,8.845728006825395,217,0,709,8.83907176149951,0.0,817,0,7,7,D,5137,0.43,True,2.3132326359918807
0,43.30000000000026,433,0,,0.4320035200973615,0.6909289980249014,rrt_star,False,0,0,5606,10.539163611586023,390,0,804,10.539163611586023,0.0,990,0,12,12,D,5138,0.46,True,4.6784205790027045
0,46.60000000000012,466,0,,0.4263217506565849,0.5723441639856901,rrt_star,False,0,0,6044,22.46806919677605,468,0,853,22.38337459193508,0.0,1068,0,6,6,D,5139,0.52,True,1.8224733579845633
0,40.40000000000007,404,0,,0.43679414689961,0.7765350020199548,rrt_star,False,0,0,5638,9.146975224980121,311,0,789,9.146975224980121,0.0,911,0,13,13,D,5140,0.53,True,5.336105332011357
0,39.90000000000016,399,0,,0.48773103961232184,0.5816553799959365,rrt_star,False,0,0,4728,10.611332870758197,195,0,706,10.611332870758197,0.0,795,0,11,11,D,5141,0.48,True,3.7164299790456425
0,44.30000000000019,443,0,,0.4928372680809817,0.5905445759999566,rrt_star,False,0,0,5006,11.051133937449398,295,0,738,10.80486155334477,0.0,895,0,17,17,D,5142,0.44,True,6.577637425943976
0,49.50000000000026,495,1,,0.44517323811614135,0.8825864380050916,rrt_star,False,1,0,6682,13.044806230061507,483,0,900,12.769104228881446,0.0,1083,0,11,11,D,5143,0.52,True,3.991678571939701
0,39.299999999999976,393,0,,0.41732481805778976,0.7642975100025069,rrt_star,False,0,0,5566,10.88891064349316,415,0,773,10.539052667627985,0.0,1016,0,9,9,D,5144,0.54,True,4.133500676020049
0,58.500000000000455,585,0,,0.47192512394477076,1.0559635240060743,rrt_star,False,0,0,8304,29.50534795934531,674,0,1038,29.17407057367773,0.0,1274,0,12,12,D,5145,0.46,True,6.478398999926867
0,36.10000000000012,361,0,,0.4650236918578218,0.5364337459905073,rrt_star,False,0,0,4464,12.550051717495226,236,0,677,12.385941255293478,0.0,837,0,6,6,D,5146,0.39,True,1.7646834490005858
0,35.800000000000026,358,0,,0.4655406984852384,0.5293474300124217,rrt_star,False,0,0,5227,15.748165021674644,229,0,747,15.681152035546436,0.0,829,0,6,6,D,5147,0.45,True,1.8284582149935886
0,38.699999999999974,387,0,,0.4679867305376962,0.6401168800075538,rrt_star,False,0,0,4974,10.793775939271763,245,0,749,10.571461487834132,0.0,845,0,7,7,D,5148,0.5,True,2.8133916610386223
0,39.800000000000054,398,0,,0.41682115248277596,0.7078989860019647,rrt_star,False,0,0,4622,8.875237762025371,230,0,690,8.83403749066731,0.0,830,0,11,11,D,5149,0.59,True,3.8737146450730506
0,45.900000000000105,459,0,,0.43350258976534917,0.5572835509956349,rrt_star,False,0,0,5755,13.659242573954604,302,0,805,13.659242573954604,0.0,902,0,16,16,D,5150,0.4,True,4.950424524082337
0,40.60000000000009,406,0,,0.4815299122966429,0.5674345729930792,rrt_star,False,0,0,6110,15.928223292967015,390,0,853,15.901059787567748,0.0,990,0,7,7,D,5151,0.47,True,2.595863846014254
0,39.90000000000007,399,0,,0.40050436344949947,0.7026455820014235,rrt_star,False,0,0,4849,11.483543044888108,267,0,732,11.40153237503473,0.0,867,0,14,14,D,5152,0.43,True,4.848374131019227
0,49.80000000000034,498,0,,0.4666518108875102,0.5962014750111848,rrt_star,False,0,0,5352,12.171947863085075,276,0,797,12.171947863085075,0.0,876,0,8,8,D,5153,0.47,True,2.9661753209948074
0,39.70000000000016,397,0,,0.4301698492927953,0.564981126022758,rrt_star,False,0,0,5883,14.350839360775156,304,0,842,14.350839360775156,0.0,904,0,9,9,D,5154,0.45,True,2.9173898469889536
0,41.00000000000014,410,0,,0.44662183307407305,0.5490535510180052,rrt_star,False,0,0,5061,15.746735447177384,256,0,760,15.671661188526546,0.0,856,0,13,13,D,5155,0.43,True,3.89105574999121
0,41.400000000000134,414,0,,0.46348151916915425,0.5928597929887474,rrt_star,False,0,0,5582,16.082360475199927,379,0,771,15.722214578338003,0.0,980,0,9,9,D,5156,0.46,True,2.9787259959848598
0,40.499999999999936,405,0,,0.4292889636113635,0.6038665240048431,rrt_star,False,0,0,6492,10.313845585613215,403,0,904,10.044348409349245,0.0,1003,0,9,9,D,5157,0.37,True,2.76750075496966
0,40.900000000000254,409,0,,0.4443685044806017,0.5388403910037596,rrt_star,False,0,0,4826,14.414969566243926,237,0,726,14.355743829959577,0.0,837,0,8,8,D,5158,0.44,True,2.0323193700169213
0,37.50000000000009,375,0,,0.46167817261009353,0.558953734987881,rrt_star,False,0,0,5549,13.422928968468103,287,0,775,13.365242375321998,0.0,887,0,7,7,D,5159,0.45,True,1.951961810060311
0,38.50000000000014,385,0,,0.4756299788576551,0.5052258200012147,rrt_star,False,0,0,5521,14.668327156437147,285,0,790,14.589891113731424,0.0,886,0,5,5,D,5160,0.37,True,1.3589386369858403
0,42.5000000000001,425,0,,0.4189437320180858,0.49340529297478497,rrt_star,False,0,0,5895,19.231059454553918,335,0,832,18.84691636119476,0.0,935,0,9,9,D,5161,0.44,True,2.526019879936939
0,40.00000000000014,400,0,,0.4479602914954382,0.33520643500378355,rrt_star,False,0,0,6880,21.76507745250605,400,0,950,21.46526889298879,0.0,1000,0,3,3,D,5162,0.38,True,0.49997502300539054
0,40.900000000000034,409,0,,0.44468118276774826,0.6842056680179667,rrt_star,False,0,0,5227,12.75206285483728,464,0,747,12.75206285483728,0.0,1064,0,10,10,D,5163,0.52,True,3.6762532309803646
0,38.000000000000064,380,0,,0.4610389198578251,0.5775371869967785,rrt_star,False,0,0,4490,10.461186475556664,184,0,680,10.365206051168936,0.0,784,0,11,11,D,5164,0.41,True,4.054693751008017
0,49.400000000000254,494,0,,0.4361128061197866,0.5758223790035117,rrt_star,False,0,0,4008,9.949036932057073,167,0,620,9.662183148947475,0.0,767,0,10,10,D,5165,0.53,True,4.155746679083677
0,42.4000000000002,424,0,,0.43898959545131033,0.4802131859760266,rrt_star,False,0,0,4652,12.693940885795776,172,0,691,12.672369139713513,0.0,772,0,13,13,D,5166,0.42,True,4.099693314026808
0,37.40000000000012,374,0,,0.472459826913174,0.5961941909918096,rrt_star,False,0,0,5602,8.69003708370505,373,0,772,8.579036661644942,0.0,974,0,4,4,D,5167,0.43,True,1.0096989609883167
0,57.30000000000043,573,0,,0.4395016697464121,0.8750755390210543,rrt_star,False,0,0,4867,13.479532097217367,351,0,708,13.479532097217367,0.0,951,0,12,12,D,5168,0.68,True,6.995638250024058
0,43.3000000000002,433,0,,0.4142732397532925,0.5476831560081337,rrt_star,False,0,0,5030,10.894430810586847,385,0,679,10.33659259473181,0.0,985,0,10,10,D,5169,0.4,True,2.35582318296656
0,40.20000000000007,402,0,,0.48404820895512507,0.6360980960016605,rrt_star,False,0,0,5512,13.70575756585316,309,0,795,13.609902228608576,0.0,909,0,7,7,D,5170,0.47,True,2.214528540993342
0,45.4000000000003,454,0,,0.4912803762890412,0.6078643340151757,rrt_star,False,0,0,5346,9.347402384166495,263,0,781,9.16126374270784,0.0,863,0,11,11,D,5171,0.38,True,3.4905890789523255
0,42.50000000000019,425,0,,0.4639408110262181,0.8573861540062353,rrt_star,False,0,0,8329,19.886770650109483,634,0,1055,19.19881986438109,0.0,1234,0,8,8,D,5172,0.49,True,2.7475914630049374
0,45.000000000000135,450,0,,0.4763207102184807,0.6219183409994002,rrt_star,False,0,0,5895,15.193219249042532,379,0,821,15.193219249042532,0.0,979,0,10,10,D,5173,0.49,True,3.526243747008266
0,57.4000000000003,574,1,,0.4181138647015686,0.7871870379894972,rrt_star,False,1,0,5823,19.88132796377249,422,0,811,19.85512189310763,0.0,1022,0,9,9,D,5174,0.59,True,3.398497793037677
0,38.300000000000125,383,0,,0.48798656259351575,0.4566633770009503,rrt_star,False,0,0,5079,16.17053335807635,324,0,732,16.094196854441876,0.0,924,0,9,9,D,5175,0.42,True,2.586930238030618
0,42.40000000000016,424,0,,0.4194445913207946,0.7675868969818112,rrt_star,False,0,0,5147,9.925386977262479,399,0,717,9.925386977262479,0.0,1000,0,8,8,D,5176,0.47,True,3.391304203978507
0,39.500000000000064,395,0,,0.4974961989909198,0.3618571579863783,rrt_star,False,0,0,5807,21.116386689072478,319,0,812,21.046377342156532,0.0,919,0,5,5,D,5177,0.44,True,1.0898047279915772
0,46.600000000000136,466,1,,0.45583620446892226,0.44097908801632,rrt_star,False,1,0,5738,20.332262492530845,365,0,802,17.97212245657376,0.0,965,0,9,9,D,5178,0.34,True,1.7829936379566789
0,40.400000000000134,404,0,,0.4155486625148269,0.45674096001312137,rrt_star,False,0,0,6141,22.65581319342298,340,0,877,22.562179953741808,0.0,940,0,13,13,D,5179,0.45,True,3.2847959689970594
0,40.50000000000015,405,0,,0.40376035906476504,0.5250152299995534,rrt_star,False,0,0,5137,15.533164460379501,253,0,753,15.50996522723689,0.0,853,0,11,11,D,5180,0.45,True,3.3003187429276295
0,36.70000000000002,367,0,,0.47672188676316174,0.787370270001702,rrt_star,False,0,0,5207,10.655281892134724,220,0,750,10.428661844212266,0.0,820,0,8,8,D,5181,0.46,True,2.985177340946393
0,52.00000000000028,520,0,,0.4145412511759477,0.7387425219931174,rrt_star,False,0,0,4521,12.587246256145018,252,0,674,12.445573814199996,0.0,852,0,12,12,D,5182,0.59,True,5.024052439985098
0,39.20000000000011,392,0,,0.4541228837998143,0.4789331950014457,rrt_star,False,0,0,6357,20.021398802287514,378,0,887,19.468419232899787,0.0,978,0,8,8,D,5183,0.4,True,2.355289022962097
0,39.70000000000006,397,0,,0.4465211615887069,0.525872978992993,rrt_star,False,0,0,5234,12.092996386557099,237,0,756,11.95900589602198,0.0,837,0,8,8,D,5184,0.37,True,2.270414336002432
0,37.50000000000003,375,0,,0.49242476658426604,0.5802731529984158,rrt_star,False,0,0,5691,10.102368120671589,329,0,792,10.097255192912137,0.0,929,0,7,7,D,5185,0.39,True,2.269980432000011
0,52.90000000000039,529,0,,0.49162899885961603,0.8280833169992547,rrt_star,False,0,0,4574,11.868540842372116,272,0,676,11.505725408648827,0.0,872,0,12,12,D,5186,0.67,True,5.629892258060863
0,36.90000000000016,369,0,,0.4705322422509575,0.3112169849919155,rrt_star,False,0,0,6123,23.14063374186699,366,0,871,22.99408107106031,0.0,966,0,4,4,D,5187,0.43,True,0.7222842980118003
0,47.000000000000256,470,0,,0.4796764204944413,0.735088846005965,rrt_star,False,0,0,3681,10.784582733675908,134,0,590,10.784582733675908,0.0,734,0,12,12,D,5188,0.57,True,5.260756507923361
0,41.900000000000155,419,0,,0.4304526312325502,0.6388745509902947,rrt_star,False,0,0,5968,10.823244677074758,305,0,819,10.735359824571457,0.0,905,0,12,12,D,5189,0.41,True,4.387708074995317
0,43.600000000000136,436,0,,0.4666282554353342,0.4858064299914986,rrt_star,False,0,0,5838,19.78087006011472,291,0,828,19.595362234468496,0.0,891,0,9,9,D,5190,0.47,True,2.682507969031576
0,43.10000000000024,431,0,,0.47778853456940534,1.0659177360066678,rrt_star,False,0,0,9276,15.505443206222479,768,0,1117,14.985668894382908,0.0,1368,0,7,7,D,5191,0.5,True,3.2407386099512223
0,42.10000000000019,421,0,,0.4761457361294964,0.7358380049990956,rrt_star,False,0,0,6793,15.265979456009703,515,0,924,15.265979456009703,0.0,1115,0,10,10,D,5192,0.44,True,3.355304040014744
0,40.900000000000254,409,0,,0.44205299183541125,0.43261659098789096,rrt_star,False,0,0,5126,15.88854249434834,223,0,758,15.859771688840304,0.0,823,0,7,7,D,5193,0.36,True,1.7974098999693524
0,38.40000000000013,384,0,,0.4279250638333793,0.5180693640140817,rrt_star,False,0,0,4421,8.544478451686665,176,0,679,8.533032083187093,0.0,776,0,10,10,D,5194,0.43,True,3.5703414419840556
0,41.10000000000019,411,0,,0.4381358780703179,0.6905153559928294,rrt_star,False,0,0,7650,19.60589090175156,528,0,1005,19.56582227259799,0.0,1128,0,8,8,D,5195,0.45,True,2.745372310979292
0,42.700000000000145,427,0,,0.40188252436315325,0.6638987810001709,rrt_star,False,0,0,4369,12.365611662629169,254,0,651,12.216463395938218,0.0,854,0,8,8,D,5196,0.46,True,2.6908482409489807
0,42.700000000000244,427,0,,0.4762552430380906,0.7407431369938422,rrt_star,False,0,0,5475,11.926118305854146,407,0,796,11.888954977795358,0.0,1007,0,11,11,D,5197,0.51,True,5.0416639430332
0,51.00000000000028,510,0,,0.4353523366091353,0.8401651180174667,rrt_star,False,0,0,6009,14.896386175933284,381,0,840,14.603016564422852,0.0,981,0,13,13,D,5198,0.55,True,6.40141829001368
0,45.40000000000021,454,0,,0.4529970933020316,0.6742202659952454,rrt_star,False,0,0,4989,14.065511376712053,255,0,728,14.064572977397576,0.0,855,0,10,10,D,5199,0.53,True,4.232149275980191
0,39.90000000000002,399,0,,0.41035224623435235,0.5356507190153934,rrt_star,False,0,0,5842,18.056449075080007,341,0,826,17.444848899267775,0.0,941,0,11,11,D,5200,0.42,True,3.2106534779595677
0,50.80000000000031,508,0,,0.41216553181695537,0.7551192830142099,rrt_star,False,0,0,5560,13.717627742970027,346,0,780,13.717627742970027,0.0,948,0,14,14,D,5201,0.58,True,6.5376626570068765
0,48.900000000000254,489,0,,0.41538549280126663,0.8446382170077413,rrt_star,False,0,0,6095,18.90739693793582,604,0,811,18.60919979543302,0.0,1204,0,12,12,D,5202,0.51,True,5.732483817060711
0,40.90000000000018,409,0,,0.49448165640592545,0.888787976000458,rrt_star,False,0,0,7284,11.440023040893479,540,0,988,11.418132297827517,0.0,1140,0,12,12,D,5203,0.44,True,6.491338817984797
0,38.100000000000094,381,0,,0.44034021782700655,0.41320633998839185,rrt_star,False,0,0,4995,14.77804784145456,213,0,727,14.669776106951916,0.0,813,0,4,4,D,5204,0.39,True,0.8227328119974118
0,38.099999999999994,381,0,,0.41528317347903165,0.6984649259829894,rrt_star,False,0,0,5966,13.559847338572038,393,0,822,13.559847338572038,0.0,993,0,5,5,D,5205,0.55,True,1.9412076609733049
0,43.1000000000001,431,0,,0.4028513036560507,0.5573611020226963,rrt_star,False,0,0,8027,24.458192968641196,532,0,1037,23.617128880156223,0.0,1132,0,7,7,D,5206,0.3,True,1.6748828460404184
0,44.70000000000023,447,0,,0.4522271237717824,0.6214088439883199,rrt_star,False,0,0,6122,13.052542933964107,362,0,830,12.876639453103522,0.0,962,0,9,9,D,5207,0.44,True,2.586848920036573
0,35.100000000000016,351,0,,0.4434810809807853,0.5210320249898359,rrt_star,False,0,0,5418,11.405509565350968,298,0,773,11.274541679167037,0.0,898,0,4,4,D,5208,0.36,True,1.382004308019532
0,40.300000000000104,403,0,,0.40370087007409516,0.911480713984929,rrt_star,False,0,0,7313,10.729810038117362,511,0,961,10.72862228978786,0.0,1111,0,10,10,D,5209,0.52,True,5.090054834989132
0,39.80000000000009,398,0,,0.49071824191831953,0.6379047580121551,rrt_star,False,0,0,4866,10.187474624517627,277,0,706,10.101723398201331,0.0,877,0,13,13,D,5210,0.49,True,5.103851471969392
0,46.70000000000019,467,0,,0.4710987100470885,0.6326161779870745,rrt_star,False,0,0,5054,11.926757575154626,281,0,743,11.903810352534107,0.0,881,0,13,13,D,5211,0.47,True,4.333239048952237
0,39.5000000000002,395,0,,0.4947451751765029,0.40454932700959034,rrt_star,False,0,0,6328,24.780183117012257,372,0,881,24.623196747592747,0.0,972,0,9,9,D,5212,0.44,True,1.8872029890480917
0,40.50000000000017,405,0,,0.4689806741195876,0.4867634719994385,rrt_star,False,0,0,4664,14.83491910737282,207,0,679,14.787564846853117,0.0,808,0,9,9,D,5213,0.44,True,2.4036725089827087
0,40.30000000000009,403,0,,0.49830750039571947,0.6156868989928626,rrt_star,False,0,0,4730,10.224428353828875,213,0,724,10.125517983243775,0.0,813,0,10,10,D,5214,0.43,True,4.329840947990306
0,41.600000000000115,416,0,,0.4474933096955274,0.6040835900057573,rrt_star,False,0,0,4723,11.762723572598276,240,0,707,11.762723572598276,0.0,840,0,11,11,D,5215,0.5,True,3.8959124410757795
0,37.200000000000124,372,0,,0.48209354054302794,0.4348241559928283,rrt_star,False,0,0,4743,11.79235146961395,173,0,672,11.79235146961395,0.0,773,0,8,8,D,5216,0.37,True,1.5825740199943539
0,40.600000000000115,406,0,,0.48199263543903514,0.6401637630187906,rrt_star,False,0,0,5732,10.019822959060866,304,0,813,10.019822959060866,0.0,904,0,8,8,D,5217,0.46,True,2.8904789879743475
0,55.500000000000355,555,0,,0.41945028691707603,0.6973370149789844,rrt_star,False,0,0,5315,10.835775833186238,290,0,763,10.835775833186238,0.0,891,0,14,14,D,5218,0.49,True,5.957093696051743
0,37.80000000000007,378,0,,0.456802122423725,0.40552550498978235,rrt_star,False,0,0,5378,20.564918863554105,282,0,780,20.286717019185822,0.0,882,0,7,7,D,5219,0.42,True,1.4575309609936085
0,39.700000000000095,397,0,,0.4261164820623448,0.5684752769884653,rrt_star,False,0,0,3947,9.633706351096121,164,0,601,9.633706351096121,0.0,764,0,10,10,D,5220,0.49,True,3.4459601159906015
0,39.000000000000036,390,0,,0.44573446406095407,0.6637955819896888,rrt_star,False,0,0,4997,13.490477819784553,257,0,756,13.05513222899468,0.0,858,0,3,3,D,5221,0.55,True,1.0922405540186446
0,40.10000000000015,401,0,,0.4694692498031076,0.4354514089936856,rrt_star,False,0,0,5721,22.27896799205043,292,0,823,22.213347903195956,0.0,892,0,9,9,D,5222,0.43,True,1.7151554499287158
0,39.200000000000074,392,0,,0.46661445994836975,0.6772552239999641,rrt_star,False,0,0,6604,12.721260556994821,484,0,917,12.68271724382507,0.0,1085,0,10,10,D,5223,0.45,True,4.152020898938645
0,39.70000000000013,397,0,,0.42556625491253935,0.6395279160060454,rrt_star,False,0,0,5419,11.88476473088755,317,0,773,11.840315122219152,0.0,917,0,10,10,D,5224,0.48,True,3.9984010220505297
0,38.800000000000125,388,0,,0.4188748959883768,0.510766910010716,rrt_star,False,0,0,5482,11.610341041449345,294,0,778,11.334874094855495,0.0,894,0,8,8,D,5225,0.35,True,2.8310459239874035
0,45.600000000000115,456,0,,0.4418472160037939,0.5416660810005851,rrt_star,False,0,0,5304,17.19946618623482,274,0,776,17.164159719023733,0.0,874,0,10,10,D,5226,0.48,True,2.554419602965936
0,37.5000000000001,375,0,,0.4612867806678343,0.7252237890206743,rrt_star,False,0,0,4458,9.668626448849151,200,0,662,9.668626448849151,0.0,800,0,12,12,D,5227,0.49,True,4.66256256509223
0,44.200000000000216,442,0,,0.4043720830800427,0.5781826530001126,rrt_star,False,0,0,4760,13.231737147023491,237,0,711,13.017753574316265,0.0,837,0,15,15,D,5228,0.5,True,4.659063438943122
0,39.00000000000005,390,0,,0.4428345357956635,0.4625820619985461,rrt_star,False,0,0,6140,21.89246482697677,338,0,869,21.853249297162602,0.0,938,0,4,4,D,5229,0.47,True,0.8863176940067206
0,37.60000000000018,376,0,,0.40187129867261734,0.6692734280077275,rrt_star,False,0,0,5254,14.817770616795443,289,0,784,14.812891782079243,0.0,889,0,6,6,D,5230,0.49,True,2.4669874669634737
0,38.40000000000001,384,0,,0.45236144534379763,0.391763899999205,rrt_star,False,0,0,5549,17.1206933717293,279,0,793,17.062511333680323,0.0,879,0,5,5,D,5231,0.36,True,0.8406119129795115
0,40.300000000000225,403,0,,0.420170729399723,0.5547283730120398,rrt_star,False,0,0,7642,24.050939901522842,494,0,996,23.977311819327248,0.0,1094,0,7,7,D,5232,0.51,True,2.1236094400228467
0,42.80000000000001,428,0,,0.4935813444467929,0.5396813650149852,rrt_star,False,0,0,4718,9.382790514600735,204,0,713,9.300557257308077,0.0,804,0,12,12,D,5233,0.41,True,4.155377926043002
0,39.20000000000014,392,0,,0.47014121054883307,0.6393530119967181,rrt_star,False,0,0,6002,14.900909442224672,408,0,864,14.62827108849698,0.0,1008,0,9,9,D,5234,0.42,True,2.645899093011394
0,46.4,464,0,,0.4820696585039857,0.8396474719920661,rrt_star,False,0,0,7147,13.193355843661987,511,0,957,13.100749642381162,0.0,1111,0,10,10,D,5235,0.48,True,3.6975277040037327
0,38.80000000000002,388,0,,0.46765189758686326,0.7150203429919202,rrt_star,False,0,0,5733,10.73913534950164,275,0,803,10.682944781700884,0.0,875,0,12,12,D,5236,0.5,True,4.968040206062142
0,43.20000000000015,432,0,,0.4129603828736937,0.5964736650057603,rrt_star,False,0,0,5131,15.071881186073476,265,0,754,15.04636243282026,0.0,865,0,9,9,D,5237,0.5,True,3.0638301309372764
0,41.70000000000017,417,0,,0.4214383170129512,0.45435485101188533,rrt_star,False,0,0,6485,17.59231377847002,392,0,860,17.5616428759915,0.0,992,0,6,6,D,5238,0.39,True,1.5592679610126652
0,43.90000000000006,439,1,,0.47327917156832966,0.6411284109926783,rrt_star,False,1,0,4929,12.523331273938453,298,0,722,12.48150832780923,0.0,898,0,12,12,D,5239,0.5,True,5.2854316720040515
0,43.90000000000013,439,0,,0.49475428148974504,0.5628405890020076,rrt_star,False,0,0,5322,15.432039173835015,331,0,750,15.308985540861093,0.0,931,0,10,10,D,5240,0.45,True,2.4575443230569363
0,46.300000000000246,463,0,,0.4529915239301531,0.5944527729880065,rrt_star,False,0,0,4390,9.641860349924844,196,0,645,9.170876869572133,0.0,796,0,8,8,D,5241,0.47,True,2.854145054036053
0,37.80000000000013,378,0,,0.4721710957121481,0.48533048600074835,rrt_star,False,0,0,4563,12.693443320117842,190,0,693,12.682270415791102,0.0,790,0,4,4,D,5242,0.42,True,0.7224548810045235
0,38.299999999999976,383,0,,0.45649986991508945,0.6040457350027282,rrt_star,False,0,0,5178,10.255360709086677,247,0,741,10.172156795832056,0.0,849,0,7,7,D,5243,0.45,True,2.262572219944559
0,44.90000000000022,449,0,,0.41328650768269765,0.5125539689906873,rrt_star,False,0,0,4975,13.428832384964752,309,0,705,13.22346060132081,0.0,909,0,6,6,D,5244,0.44,True,1.649591152992798
0,45.10000000000007,451,0,,0.464595643274013,0.6795713350002188,rrt_star,False,0,0,5302,10.627691693256333,294,0,777,10.57510621913849,0.0,894,0,11,11,D,5245,0.52,True,4.535999273008201
0,42.15522018422623,422,1,,0.47118645794762254,0.5681964789982885,rrt_star,False,1,0,6353,19.032766198518583,350,0,875,18.812334610196206,0.0,950,0,9,9,D,5246,0.45,True,2.9923812100314535
0,40.700000000000145,407,0,,0.4668730239006163,0.7377002569846809,rrt_star,False,0,0,5571,10.741157233048071,389,0,801,10.74115723304807,0.0,989,0,11,11,D,5247,0.5,True,5.095084422995569
0,49.500000000000234,495,1,,0.4504188299206866,0.6276373889995739,rrt_star,False,1,0,4841,19.288366200752296,224,0,733,19.26963506673247,0.0,825,0,14,14,D,5248,0.63,True,4.69667662595748
0,37.20000000000011,372,0,,0.4637439155036936,0.6920644720084965,rrt_star,False,0,0,5582,9.745035841755787,326,0,792,9.586741976019441,0.0,926,0,6,6,D,5249,0.49,True,2.001952513004653
0,36.30000000000011,363,0,,0.40952284006600287,0.6295634680136573,rrt_star,False,0,0,5624,10.006146049361234,295,0,809,9.923751818424462,0.0,895,0,8,8,D,5250,0.38,True,2.7803743010445032
0,40.50000000000011,405,0,,0.41373463750324724,0.606278879015008,rrt_star,False,0,0,5998,17.240498052615237,325,0,838,17.12840876561758,0.0,925,0,8,8,D,5251,0.47,True,2.567171983013395
0,42.900000000000176,429,0,,0.4165253371331699,0.7499412079923786,rrt_star,False,0,0,5267,10.120428873983288,290,0,747,10.120428873983286,0.0,890,0,14,14,D,5252,0.55,True,5.688498907984467
0,38.2,382,0,,0.4668552616667688,0.6492848769994453,rrt_star,False,0,0,7132,11.915779395765869,480,0,920,11.516210677476819,0.0,1080,0,10,10,D,5253,0.42,True,3.1848302909638733
0,42.000000000000135,420,0,,0.49163188802478985,0.6034486900025513,rrt_star,False,0,0,5871,15.044154015576206,362,0,828,15.007401609351986,0.0,962,0,8,8,D,5254,0.44,True,2.4914135150029324
0,45.10000000000025,451,0,,0.4816958187695135,0.5527014800172765,rrt_star,False,0,0,5572,14.475712516367143,317,0,801,14.110338035876705,0.0,917,0,8,8,D,5255,0.43,True,2.3563900379813276
0,41.100000000000136,411,0,,0.4617941436722732,0.4491485260077752,rrt_star,False,0,0,5054,18.41024701227658,248,0,768,18.37964281198432,0.0,848,0,6,6,D,5256,0.39,True,1.432813077000901
0,38.80000000000007,388,0,,0.4297115904238232,0.49638424499426037,rrt_star,False,0,0,5855,16.440349123763898,351,0,844,16.156577623698084,0.0,951,0,7,7,D,5257,0.34,True,1.823986898001749
0,42.60000000000007,426,0,,0.4275253339906437,0.6819590030063409,rrt_star,False,0,0,4609,11.839410702261524,291,0,677,11.646922522498288,0.0,891,0,14,14,D,5258,0.49,True,6.807507851015544
0,41.30000000000017,413,0,,0.4743581207284136,0.5121787269890774,rrt_star,False,0,0,4717,10.296686548176957,246,0,702,10.288963615681654,0.0,846,0,7,7,D,5259,0.44,True,1.9296134009491652
0,43.40000000000014,434,0,,0.401807462225691,0.6382599439821206,rrt_star,False,0,0,5712,18.007667280614495,340,0,823,17.92574892382794,0.0,940,0,12,12,D,5260,0.55,True,3.995565635006642
0,44.40000000000016,444,0,,0.4710188744243744,0.6833439089823514,rrt_star,False,0,0,4864,13.195279357636615,269,0,750,13.195279357636615,0.0,870,0,11,11,D,5261,0.5,True,3.9186404679494444
0,40.40000000000019,404,0,,0.4040661506169676,0.7004625189874787,rrt_star,False,0,0,5369,10.511218662436205,325,0,763,10.511218662436205,0.0,925,0,6,6,D,5262,0.53,True,2.5665782509895507
0,39.300000000000196,393,0,,0.4092079200548432,0.41600697199464776,rrt_star,False,0,0,5207,17.940739355026302,255,0,757,17.522858335348552,0.0,855,0,9,9,D,5263,0.38,True,2.1802010579849593
0,40.50000000000009,405,0,,0.415088708992637,0.6179763959953561,rrt_star,False,0,0,4635,14.659291207679221,235,0,673,14.64032596042794,0.0,836,0,9,9,D,5264,0.51,True,3.2346612069814
0,39.00000000000004,390,0,,0.4726578270798305,0.45493453499511816,rrt_star,False,0,0,4326,10.18301033303611,178,0,666,10.183010333036108,0.0,778,0,8,8,D,5265,0.39,True,1.7409789569792338
0,42.900000000000276,429,0,,0.4607128986439059,0.6714201460126787,rrt_star,False,0,0,6015,15.975553327326255,364,0,842,15.870839189507937,0.0,964,0,11,11,D,5266,0.49,True,4.183932031970471
0,44.70000000000019,447,0,,0.4619141485943742,0.6045045710052364,rrt_star,False,0,0,4281,9.434252469090643,180,0,651,9.288827245871637,0.0,781,0,16,16,D,5267,0.52,True,5.668201264110394
0,45.50000000000022,455,0,,0.45045409497589733,0.6361005220096558,rrt_star,False,0,0,4595,8.508861535395015,235,0,672,8.482326554343784,0.0,835,0,11,11,D,5268,0.44,True,3.8954117259418126
0,39.60000000000025,396,0,,0.4429594271781042,0.6215133180085104,rrt_star,False,0,0,5459,13.815702675589451,300,0,800,13.765072053869076,0.0,900,0,7,7,D,5269,0.52,True,2.5733875669830013
0,43.70000000000015,437,0,,0.43144977609813345,0.7602802549954504,rrt_star,False,0,0,6520,12.014326975182339,489,0,883,11.85749104115588,0.0,1089,0,11,11,D,5270,0.51,True,4.99729606701294
0,53.20000000000036,532,0,,0.45742501845429373,0.6802307679899968,rrt_star,False,0,0,5622,12.228689918473778,355,0,780,12.175337582208579,0.0,955,0,19,19,D,5271,0.42,True,7.633781337004621
0,55.00000000000039,550,0,,0.4116807491740239,0.8528589349880349,rrt_star,False,0,0,5843,13.17406423375836,331,0,805,12.71347540101549,0.0,931,0,16,16,D,5272,0.55,True,7.110547818039777
0,47.000000000000334,470,0,,0.4731399928003903,0.7785891670209821,rrt_star,False,0,0,6627,21.074905354859734,537,0,897,18.93924062307724,0.0,1137,0,12,12,D,5273,0.49,True,4.864819124049973
0,41.90000000000013,419,0,,0.49355509021906185,0.6923166120250244,rrt_star,False,0,0,5046,10.953459116422346,347,0,731,10.943319820385135,0.0,947,0,9,9,D,5274,0.53,True,2.621299576043384
0,37.00000000000012,370,0,,0.42221864600962483,0.2895710229931865,rrt_star,False,0,0,6609,22.663692589735884,426,0,896,22.56314138256526,0.0,1027,0,4,4,D,5275,0.39,True,0.8465682069945615
0,42.30000000000011,423,0,,0.44456335822127613,0.5745235439972021,rrt_star,False,0,0,4928,16.5105811944278,271,0,726,16.463798733009856,0.0,871,0,11,11,D,5276,0.57,True,3.4766268960083835
0,46.00000000000027,460,0,,0.4244016233774703,0.6057621430081781,rrt_star,False,0,0,4305,15.038752014530306,214,0,659,15.038752014530306,0.0,814,0,7,7,D,5277,0.65,True,2.807268107048003
0,40.20000000000019,402,0,,0.43413422376862965,0.5749976689985488,rrt_star,False,0,0,6121,13.048411665650294,365,0,849,13.048411665650292,0.0,965,0,6,6,D,5278,0.42,True,2.2494027820357587
0,37.89999999999999,379,0,,0.46901103665738775,0.578230787999928,rrt_star,False,0,0,5035,11.968582450857825,290,0,739,11.876377290746227,0.0,890,0,7,7,D,5279,0.43,True,1.9617873180250172
0,37.20000000000008,372,0,,0.46309624395911303,0.5206794929981697,rrt_star,False,0,0,5153,10.483671126938516,279,0,756,10.483671126938516,0.0,879,0,8,8,D,5280,0.37,True,2.5702043280471116
0,39.60000000000016,396,0,,0.4636405796161955,0.6460355329909362,rrt_star,False,0,0,5823,10.787628624150823,351,0,824,10.787628624150823,0.0,951,0,5,5,D,5281,0.42,True,1.7414650249993429
0,43.900000000000134,439,0,,0.41320512281809657,0.6560058699978981,rrt_star,False,0,0,5062,8.07044134883978,191,0,727,8.020128409284446,0.0,791,0,9,9,D,5282,0.5,True,3.8198229639965575
0,45.80000000000032,458,0,,0.4800079230104669,0.5909495239902753,rrt_star,False,0,0,4664,17.614603163328876,339,0,670,17.614603163328876,0.0,939,0,13,13,D,5283,0.49,True,4.557556260901038
0,41.60000000000013,416,0,,0.44847545651984316,0.5984213100164197,rrt_star,False,0,0,5560,10.124169652346803,290,0,797,10.057619752820319,0.0,890,0,11,11,D,5284,0.38,True,3.605975649028551
0,41.60000000000012,416,0,,0.4760314880771581,0.8177925199852325,rrt_star,False,0,0,4498,10.910155524358402,287,0,650,10.883434593656688,0.0,887,0,7,7,D,5285,0.56,True,2.403154868981801
0,42.80000000000018,428,0,,0.4217069764833463,0.5884942350094207,rrt_star,False,0,0,5146,11.733106060762832,250,0,763,11.733106060762832,0.0,851,0,10,10,D,5286,0.5,True,3.5501066349970642
0,38.399999999999984,384,0,,0.4466696650171943,0.6123059689998627,rrt_star,False,0,0,7075,13.879539787622198,506,0,956,13.87786563796375,0.0,1106,0,7,7,D,5287,0.36,True,2.5694521980185527
0,40.30000000000017,403,0,,0.4665732022705793,0.4322130840155296,rrt_star,False,0,0,4824,15.73050184311436,226,0,712,15.724165316936354,0.0,827,0,5,5,D,5288,0.39,True,1.1377850869612303
0,41.9,419,0,,0.47704992825842507,0.5875281820190139,rrt_star,False,0,0,5284,13.258802306826345,299,0,765,13.21384097444233,0.0,899,0,15,15,D,5289,0.46,True,5.159123241057387
0,41.50000000000004,415,0,,0.4336606084470731,0.8907093870220706,rrt_star,False,0,0,6842,11.756157099399543,487,0,894,11.619011908870345,0.0,1087,0,8,8,D,5290,0.52,True,3.6443333020142745
0,43.300000000000196,433,0,,0.49235268770233453,0.6028112700150814,rrt_star,False,0,0,5703,13.846441366712954,291,0,817,13.596432824860527,0.0,891,0,9,9,D,5291,0.43,True,4.017452558968216
0,47.80000000000014,478,0,,0.4239767981844891,1.0625576519814786,rrt_star,False,0,0,8783,24.474012684442823,689,0,1094,15.50468233008249,0.0,1289,0,13,13,D,5292,0.48,True,5.25131006797892
0,39.200000000000074,392,0,,0.4792415799555256,0.7995622169983108,rrt_star,False,0,0,5337,12.397454116473233,264,0,775,12.397454116473233,0.0,864,0,9,9,D,5293,0.43,True,3.253298145980807
0,42.68609564412082,427,0,,0.410669028474596,0.551901954022469,rrt_star,False,0,0,4471,12.229845682529158,250,0,673,12.140225733625817,0.0,850,0,7,7,D,5294,0.46,True,1.7375660190591589
0,40.5000000000001,405,0,,0.47439244094207833,0.4409933339920826,rrt_star,False,0,0,5722,20.97122137548481,284,0,830,20.695197990106262,0.0,884,0,6,6,D,5295,0.41,True,1.374596820998704
0,58.30000000000041,583,0,,0.40784277738622715,1.0733932589937467,rrt_star,False,0,0,6195,10.784553675929363,400,0,847,10.626782506649587,0.0,1001,0,12,12,D,5296,0.7,True,6.668673031032085
0,38.00000000000013,380,0,,0.4387965340941866,0.5212514839950018,rrt_star,False,0,0,6073,15.832430709158174,353,0,838,15.491306898947137,0.0,953,0,6,6,D,5297,0.42,True,1.9996542239678092
0,47.50000000000026,475,0,,0.4889668531832198,0.7495546110149007,rrt_star,False,0,0,5429,14.507280958971151,279,0,760,14.40894704207043,0.0,879,0,10,10,D,5298,0.55,True,4.532832672994118
0,64.90000000000042,649,0,,0.4147954573789286,0.875826160016004,rrt_star,False,0,0,5970,13.862909817839942,361,0,837,13.753242691112668,0.0,961,0,14,14,D,5299,0.61,True,6.240384235949023
0,41.90000000000015,419,0,,0.46768720241252554,0.6919725320185535,rrt_star,False,0,0,5963,16.275373331040516,349,0,837,16.143159661151223,0.0,949,0,11,11,D,5300,0.51,True,4.80024260605569
0,40.60000000000015,406,0,,0.4269748279571258,1.100457041990012,rrt_star,False,0,0,9956,13.775435546433922,764,0,1186,12.95747685506828,0.0,1364,0,6,6,D,5301,0.49,True,2.196360807021847
0,43.60000000000008,436,0,,0.4146364942792564,0.8208785940078087,rrt_star,False,0,0,6604,14.591218030911724,393,0,892,14.467549341737012,0.0,993,0,13,13,D,5302,0.52,True,5.47869608696783
0,39.900000000000134,399,0,,0.44594661843072525,0.5424651989887934,rrt_star,False,0,0,5804,22.568997196582945,353,0,827,20.885174774230006,0.0,953,0,6,6,D,5303,0.51,True,1.5281342739763204
0,38.800000000000026,388,0,,0.43446138681818514,0.4185423300077673,rrt_star,False,0,0,5712,18.809465099299658,306,0,831,18.757116139015906,0.0,906,0,3,3,D,5304,0.32,True,0.8437173349957447
0,40.00000000000015,400,0,,0.4492168516654818,0.704376871988643,rrt_star,False,0,0,5761,8.913533186375195,311,0,799,8.860001116941957,0.0,911,0,9,9,D,5305,0.46,True,4.315571599989198
0,38.300000000000146,383,0,,0.4128107341925986,0.5421283330069855,rrt_star,False,0,0,5323,11.273330561635229,291,0,778,11.121117696568453,0.0,891,0,7,7,D,5306,0.39,True,2.1441186179581564
0,41.6000000000001,416,0,,0.4902691497334825,0.709600254020188,rrt_star,False,0,0,5831,12.53814497137965,339,0,849,12.53814497137965,0.0,939,0,11,11,D,5307,0.47,True,3.8191554130753502
0,40.300000000000004,403,0,,0.40646486698059986,0.7546379279810935,rrt_star,False,0,0,6929,13.135454690565078,488,0,912,13.070311258112936,0.0,1088,0,10,10,D,5308,0.46,True,4.72500576695893
0,42.1000000000002,421,0,,0.44945457253770715,0.6419203949917573,rrt_star,False,0,0,4331,10.586103684795027,159,0,664,10.562339586978172,0.0,759,0,12,12,D,5309,0.56,True,4.93175425103982
0,43.400000000000176,434,0,,0.4543375584871622,0.6033379349973984,rrt_star,False,0,0,5290,13.760656454505702,244,0,748,13.579920152887627,0.0,844,0,7,7,D,5310,0.5,True,1.8009974930027965
0,39.500000000000256,395,0,,0.4816279800018756,0.5479474989988375,rrt_star,False,0,0,4063,8.701958011788422,181,0,628,8.695044201239137,0.0,781,0,10,10,D,5311,0.47,True,2.50940833799541
0,36.20000000000017,362,0,,0.44263835724335543,0.7052994869882241,rrt_star,False,0,0,5805,12.545606077448374,362,0,813,12.545606077448374,0.0,962,0,5,5,D,5312,0.47,True,2.470691149996128
0,38.1378643948961,382,0,,0.4968207158283722,0.6279508900188375,rrt_star,False,0,0,6170,12.341473894855756,370,0,867,12.219879411717374,0.0,970,0,9,9,D,5313,0.43,True,3.4346186039911117
0,37.49999999999999,375,0,,0.403167184158283,0.5519150040054228,rrt_star,False,0,0,4723,11.02934730963468,243,0,706,11.016850382730546,0.0,843,0,7,7,D,5314,0.47,True,2.810160539956996
0,43.70000000000014,437,0,,0.48986517970002363,0.6523272529884707,rrt_star,False,0,0,4670,13.634731888643243,224,0,687,13.634731888643243,0.0,824,0,14,14,D,5315,0.49,True,4.605952750920551
0,39.20000000000012,392,0,,0.4091770003996937,0.6803666070045438,rrt_star,False,0,0,6416,14.637668647745288,415,0,887,14.438047224573129,0.0,1015,0,9,9,D,5316,0.43,True,3.124933932995191
0,39.60000000000022,396,0,,0.43951263313883426,0.6200930259947199,rrt_star,False,0,0,4840,7.7544425870071345,219,0,732,7.74000431837478,0.0,819,0,10,10,D,5317,0.48,True,3.0759010390320327
0,47.60000000000022,476,0,,0.4475394671153953,0.755582368990872,rrt_star,False,0,0,4151,8.078034858987632,236,0,630,8.054526211847113,0.0,836,0,14,14,D,5318,0.57,True,5.978981427033432
0,38.70000000000013,387,0,,0.49355340060937125,0.560166394978296,rrt_star,False,0,0,4924,11.423427454454414,268,0,746,11.406464693961961,0.0,868,0,8,8,D,5319,0.45,True,2.709060706984019
0,40.60000000000011,406,0,,0.41427770258056734,0.5544051789911464,rrt_star,False,0,0,5044,13.194474588381826,257,0,751,13.05104694739412,0.0,857,0,11,11,D,5320,0.42,True,3.6694933429243974
0,44.70000000000006,447,0,,0.47193701368872504,0.7158180749975145,rrt_star,False,0,0,5933,13.01899347647159,412,0,841,12.693217173502061,0.0,1012,0,7,7,D,5321,0.54,True,3.053371836023871
0,53.30000000000026,533,0,,0.47674744330989555,0.6390698619943578,rrt_star,False,0,0,6615,20.12090005810865,491,0,892,19.61232387700487,0.0,1092,0,10,10,D,5322,0.48,True,2.8364659500075504
0,41.10000000000013,411,0,,0.48830809166932104,0.5074418210133445,rrt_star,False,0,0,5295,9.721562718398618,238,0,764,9.72083532601761,0.0,838,0,13,13,D,5323,0.34,True,4.468081224971684
0,40.10000000000009,401,0,,0.4424928225955512,0.5813630060001742,rrt_star,False,0,0,5238,12.165119486901448,345,0,744,12.165119486901448,0.0,945,0,10,10,D,5324,0.45,True,3.4680340920458548
0,39.80000000000008,398,0,,0.4439720405110045,0.3090396900079213,rrt_star,False,0,0,6071,19.56830418220526,318,0,848,19.265335922895982,0.0,918,0,5,5,D,5325,0.38,True,0.7715105869865511
0,41.20000000000014,412,0,,0.42276236995051725,0.5605612579965964,rrt_star,False,0,0,4655,12.802604003847284,268,0,696,12.734424638814325,0.0,868,0,10,10,D,5326,0.45,True,3.9967164280824363
0,37.90000000000007,379,0,,0.48709397548095124,0.5090454379969742,rrt_star,False,0,0,4302,10.515266589197735,176,0,676,10.501792529345288,0.0,777,0,9,9,D,5327,0.45,True,2.034828698000638
0,51.00000000000034,510,0,,0.44858794526801316,0.8064216310158372,rrt_star,False,0,0,5619,13.71201090656749,316,0,797,13.583362943709693,0.0,916,0,18,18,D,5328,0.54,True,7.687543550942792
0,39.800000000000146,398,0,,0.48117081920145843,0.4027632520010229,rrt_star,False,0,0,3980,14.887757508528825,191,0,610,14.792151059411886,0.0,791,0,4,4,D,5329,0.47,True,1.0348965320154093
0,46.60000000000028,466,0,,0.43477320200771297,0.7899592100002337,rrt_star,False,0,0,4873,9.857986579621707,262,0,698,9.84530178856952,0.0,862,0,14,14,D,5330,0.57,True,6.274875937990146
0,42.700000000000195,427,0,,0.4390646656866437,0.6198903940094169,rrt_star,False,0,0,7500,21.707916499531553,496,0,978,21.437973594966156,0.0,1096,0,7,7,D,5331,0.45,True,2.4185959940077737
0,42.100000000000165,421,0,,0.49313248687889366,0.7497676319908351,rrt_star,False,0,0,4171,15.294354928537299,256,0,626,15.217881563319922,0.0,856,0,11,11,D,5332,0.63,True,4.7621707530051935
0,44.20000000000022,442,0,,0.48589884496048635,0.6172187080082949,rrt_star,False,0,0,5995,14.925993998890295,414,0,854,14.54493666128343,0.0,1014,0,8,8,D,5333,0.4,True,3.04848954101908
0,37.50000000000002,375,0,,0.4947300187143541,0.5530363690049853,rrt_star,False,0,0,5157,10.695739625452934,257,0,753,10.695739625452934,0.0,857,0,10,10,D,5334,0.42,True,3.1666400089743547
0,42.60000000000015,426,0,,0.4111750962737554,0.6460725880169775,rrt_star,False,0,0,5422,13.073357405996736,289,0,787,13.04116342241251,0.0,889,0,8,8,D,5335,0.42,True,3.252106637955876
0,45.700000000000294,457,0,,0.46068001702603345,0.46942051700898446,rrt_star,False,0,0,5068,20.312814945792876,324,0,759,20.195896108643012,0.0,924,0,11,11,D,5336,0.43,True,2.7478852399799507
0,46.20000000000026,462,0,,0.4887856564446256,0.7784699079929851,rrt_star,False,0,0,7679,22.39859818025758,602,0,975,22.019398007317086,0.0,1202,0,13,13,D,5337,0.46,True,4.693037291028304
0,39.60000000000017,396,0,,0.4688444491588867,0.7589108170068357,rrt_star,False,0,0,3990,9.834990789503589,175,0,609,9.77234300530232,0.0,775,0,9,9,D,5338,0.49,True,3.5433806540095247
0,51.60000000000025,516,0,,0.4527680083099673,0.6517238219967112,rrt_star,False,0,0,5240,14.709688228780074,331,0,759,14.678212530249958,0.0,931,0,15,15,D,5339,0.5,True,5.525961602077587
0,64.70000000000051,647,1,,0.4663431896389872,0.7576063630112913,rrt_star,False,1,0,5679,19.77248994765736,360,0,790,19.71511795433558,0.0,960,0,17,17,D,5340,0.59,True,6.977809792064363
0,43.50000000000023,435,0,,0.4769487980968621,0.5292474039888475,rrt_star,False,0,0,5202,15.499558608833006,253,0,763,15.499558608833006,0.0,853,0,12,12,D,5341,0.45,True,3.860469230101444
0,42.20000000000016,422,0,,0.4973622778105648,0.5698166399961337,rrt_star,False,0,0,6272,16.839084551193384,382,0,876,16.54716152906692,0.0,982,0,8,8,D,5342,0.44,True,2.68623824295355
0,37.30000000000008,373,0,,0.4330448885172313,0.4315074110054411,rrt_star,False,0,0,4858,12.155619002903032,217,0,735,12.146906066077975,0.0,817,0,7,7,D,5343,0.35,True,2.154262531985296
0,46.00000000000011,460,0,,0.45493694119381844,0.5425490739871748,rrt_star,False,0,0,5891,14.75604061970666,351,0,828,14.684362214627875,0.0,951,0,10,10,D,5344,0.39,True,3.384245642024325
0,38.900000000000155,389,0,,0.42723396589138046,0.5543925960082561,rrt_star,False,0,0,5804,17.15431894175354,329,0,845,17.077565998825758,0.0,930,0,7,7,D,5345,0.45,True,2.579960861010477
0,43.90000000000014,439,0,,0.47976022875126945,0.4885243470198475,rrt_star,False,0,0,7106,20.881447888932588,456,0,959,20.713829596274635,0.0,1056,0,6,6,D,5346,0.37,True,1.7262269610364456
0,47.00000000000016,470,0,,0.4163452744479089,0.8514327720040455,rrt_star,False,0,0,5565,17.18979783617191,353,0,801,17.143683359986163,0.0,953,0,12,12,D,5347,0.54,True,5.01817479703459
0,51.50000000000027,515,1,,0.4556850172176859,0.6745645250193775,rrt_star,False,1,0,5004,12.076628375675265,235,0,721,12.011554686146924,0.0,835,0,18,18,D,5348,0.58,True,7.562044524005614
0,50.40000000000027,504,0,,0.4064651027561401,0.9859147800016217,rrt_star,False,0,0,6510,10.225892936576592,463,0,857,10.014835207256889,0.0,1063,0,17,17,D,5349,0.62,True,8.885269954975229
0,40.10000000000025,401,0,,0.4669558818051542,0.501139311993029,rrt_star,False,0,0,4480,11.179051698056758,191,0,699,11.178193193315298,0.0,791,0,12,12,D,5350,0.41,True,3.7035616650246084
0,49.40000000000022,494,0,,0.4782273326098136,0.6785756149911322,rrt_star,False,0,0,5861,20.517895245649708,364,0,821,20.323407787038434,0.0,964,0,11,11,D,5351,0.51,True,3.5576313710189424
0,39.50000000000023,395,0,,0.4938332301510334,0.5866831660096068,rrt_star,False,0,0,6089,13.21137956328989,352,0,875,13.203731450626519,0.0,952,0,11,11,D,5352,0.37,True,4.016218047996517
0,38.300000000000146,383,0,,0.4483024678593963,0.546370622003451,rrt_star,False,0,0,4550,8.758498974337178,179,0,675,8.758498974337178,0.0,779,0,9,9,D,5353,0.45,True,2.8873965100210626
0,56.2000000000004,562,0,,0.4856599530158318,0.8255404249939602,rrt_star,False,0,0,3709,9.338938613926745,197,0,556,9.194661200423054,0.0,797,0,17,17,D,5354,0.63,True,8.30306686097174
0,44.80000000000018,448,0,,0.4939969078673398,1.0358157309819944,rrt_star,False,0,0,4811,13.23086805461174,225,0,692,13.107881042383681,0.0,825,0,12,12,D,5355,0.54,True,4.512550362909678
0,40.400000000000105,404,0,,0.4055323006786369,0.578810031991452,rrt_star,False,0,0,5227,13.222280782550376,284,0,768,12.525788578787289,0.0,885,0,8,8,D,5356,0.41,True,2.6858835089660715
0,42.40000000000013,424,0,,0.4278002745570456,0.6403649210114963,rrt_star,False,0,0,6175,14.568155498739369,352,0,876,14.462093432260684,0.0,952,0,13,13,D,5357,0.41,True,4.938890306046233
0,42.10000000000015,421,0,,0.49225039701865053,0.49449024599744007,rrt_star,False,0,0,4992,11.823216045694908,240,0,742,11.45021039179566,0.0,840,0,4,4,D,5358,0.42,True,1.1299398019909859
0,40.50000000000003,405,0,,0.49080630434201394,0.9393569489766378,rrt_star,False,0,0,7866,15.721964504024896,577,0,1028,15.46527639910343,0.0,1178,0,8,8,D,5359,0.52,True,4.1262003860319965
0,54.100000000000435,541,0,,0.49794221493672497,0.7260010780009907,rrt_star,False,0,0,4395,12.152760168857638,213,0,654,12.122496492909564,0.0,813,0,9,9,D,5360,0.62,True,3.3727316160220653
0,37.60000000000013,376,0,,0.47566307301736305,0.3295863579842262,rrt_star,False,0,0,4790,15.125261933295992,172,0,701,14.815559293070075,0.0,772,0,5,5,D,5361,0.33,True,1.0054172239615582
0,37.60000000000002,376,0,,0.4868548935331037,0.5785007399972528,rrt_star,False,0,0,5970,17.53459726508101,362,0,848,17.300945487901306,0.0,962,0,5,5,D,5362,0.46,True,1.6886444500123616
0,37.600000000000065,376,0,,0.45491621870635607,0.6300534170004539,rrt_star,False,0,0,5228,9.4549322745759,267,0,746,9.360392887182426,0.0,868,0,9,9,D,5363,0.47,True,2.8609675200132187
0,43.10000000000011,431,0,,0.4553479785761142,0.5630773640004918,rrt_star,False,0,0,4874,15.345571888184763,235,0,705,14.980575342387146,0.0,835,0,5,5,D,5364,0.53,True,1.3662785879860166
0,41.60000000000024,416,0,,0.495902655678017,0.6634809790120926,rrt_star,False,0,0,5764,11.685756846946893,298,0,806,11.5039807703826,0.0,898,0,8,8,D,5365,0.45,True,2.9732894570333883
0,43.00000000000019,430,0,,0.47531573202805405,0.4448420770058874,rrt_star,False,0,0,6670,22.18003999812527,378,0,914,22.001786899359818,0.0,978,0,6,6,D,5366,0.37,True,1.267585752037121
0,48.000000000000256,480,0,,0.46398908212353174,0.6296822400181554,rrt_star,False,0,0,4713,12.987472120190109,229,0,680,12.685989006331585,0.0,829,0,12,12,D,5367,0.53,True,4.726247050071834
0,38.60000000000008,386,0,,0.47471421320614077,0.4457325910043437,rrt_star,False,0,0,5108,14.277655211840953,235,0,760,14.150501316196385,0.0,837,0,10,10,D,5368,0.39,True,2.4666584069491364
0,60.80000000000035,608,0,,0.4096269868078561,0.9139222190133296,rrt_star,False,0,0,4369,10.883910782451292,237,0,684,10.835066655788609,0.0,837,0,17,17,D,5369,0.59,True,7.19600072002504
0,37.900000000000105,379,0,,0.48699091949383266,0.5735114779963624,rrt_star,False,0,0,5940,10.00440621074539,322,0,839,9.996357539965885,0.0,922,0,8,8,D,5370,0.38,True,3.197921800048789
0,39.50000000000019,395,0,,0.4326525511293523,0.5758519430237357,rrt_star,False,0,0,5411,9.858947581112837,322,0,800,9.847876982437803,0.0,922,0,11,11,D,5371,0.39,True,3.8433146430179477
0,46.400000000000304,464,0,,0.41969664434195575,0.4899389590136707,rrt_star,False,0,0,5333,11.486243045437348,290,0,794,11.43846448408916,0.0,890,0,10,10,D,5372,0.38,True,2.9911755709617864
0,41.70000000000024,417,0,,0.4614611311564172,0.6813885640003718,rrt_star,False,0,0,5385,13.788947187875024,364,0,744,13.674868203097889,0.0,964,0,9,9,D,5373,0.54,True,3.790160489908885
0,46.60000000000018,466,0,,0.40774639370052673,0.8865190650103614,rrt_star,False,0,0,7035,16.16381371065877,535,0,917,16.163813710658765,0.0,1135,0,6,6,D,5374,0.55,True,2.533596515044337
0,44.40000000000025,444,0,,0.46171766041543494,0.8283148939954117,rrt_star,False,0,0,5125,9.70603430976249,287,0,734,9.700145320819354,0.0,887,0,15,15,D,5375,0.53,True,6.210410535975825
0,41.3000000000001,413,0,,0.46238638483177674,0.5609989679942373,rrt_star,False,0,0,5268,14.915001556236971,270,0,747,14.876755177950503,0.0,870,0,9,9,D,5376,0.42,True,3.303249887016136
0,40.500000000000114,405,0,,0.4275623820444851,0.38755904501886107,rrt_star,False,0,0,6187,22.87553513990708,321,0,864,22.810193078078864,0.0,921,0,4,4,D,5377,0.48,True,0.7845745960075874
0,58.700000000000394,587,0,,0.4359217277789426,0.8656418040045537,rrt_star,False,0,0,4679,17.5913435211777,314,0,681,17.27212993773586,0.0,914,0,12,12,D,5378,0.52,True,4.72750026700669
0,46.20000000000027,462,0,,0.44639995590378184,0.8521657230157871,rrt_star,False,0,0,6421,16.22550216987784,388,0,896,15.895000584722213,0.0,988,0,12,12,D,5379,0.48,True,5.375264959962806
0,48.500000000000306,485,1,,0.449699228566296,0.6757493889890611,rrt_star,False,1,0,5219,10.45310835338788,339,0,726,10.45310835338788,0.0,939,0,12,12,D,5380,0.53,True,5.4741977869707625
0,40.099999999999916,401,0,,0.439541633449066,0.7039428889984265,rrt_star,False,0,0,5676,15.098901431830614,392,0,812,15.056874775654455,0.0,992,0,7,7,D,5381,0.47,True,2.6067322710587177
0,45.60000000000024,456,0,,0.443416331328736,0.7196999209991191,rrt_star,False,0,0,7312,21.012759697014378,572,0,955,21.00232844625657,0.0,1172,0,12,12,D,5382,0.4,True,4.39323173899902
0,39.70000000000011,397,0,,0.4358869158453773,0.496587432018714,rrt_star,False,0,0,4357,8.96735238790616,160,0,676,8.950140464864011,0.0,760,0,14,14,D,5383,0.41,True,4.309804916934809
0,58.80000000000036,588,0,,0.4972528084695217,0.6351439630088862,rrt_star,False,0,0,5351,17.529777643456335,325,0,774,17.502393428578486,0.0,925,0,12,12,D,5384,0.53,True,4.7248035739175975
0,46.000000000000185,460,0,,0.4495743105494998,0.7163236610067543,rrt_star,False,0,0,5849,17.35533010710948,395,0,827,17.20132499424445,0.0,995,0,11,11,D,5385,0.5,True,3.5932789920188952
0,43.70000000000018,437,0,,0.4585356008916886,0.5013084640086163,rrt_star,False,0,0,6526,20.6333743447254,432,0,894,20.22864632113766,0.0,1032,0,5,5,D,5386,0.45,True,1.396621012041578
0,39.2000000000002,392,0,,0.42390972810719796,0.5776388520025648,rrt_star,False,0,0,5766,13.908621118463456,312,0,805,13.837725054398296,0.0,913,0,12,12,D,5387,0.41,True,3.858132466993993
0,40.70000000000015,407,0,,0.40513929759050654,0.35601750400383025,rrt_star,False,0,0,5011,14.71696478887668,243,0,767,14.716538439175437,0.0,843,0,7,7,D,5388,0.31,True,1.4739462790021207
0,38.60000000000007,386,0,,0.43353639758998275,0.530636160983704,rrt_star,False,0,0,4682,13.998083183270403,225,0,696,13.852670207036002,0.0,825,0,7,7,D,5389,0.48,True,1.8062142219569068
0,43.20000000000018,432,0,,0.4627638889104687,0.6444899009948131,rrt_star,False,0,0,6564,16.864276915674036,392,0,890,15.910788438470084,0.0,992,0,11,11,D,5390,0.44,True,3.2101096870028414
0,40.200000000000024,402,0,,0.46803900612970023,0.4716184340068139,rrt_star,False,0,0,5491,17.087537466396157,382,0,750,16.826982922986126,0.0,982,0,8,8,D,5391,0.37,True,2.2300831949687563
0,47.400000000000276,474,0,,0.47677024321426026,0.7685379469767213,rrt_star,False,0,0,7371,20.708063236958562,534,0,982,20.66442900879859,0.0,1135,0,8,8,D,5392,0.54,True,2.8048171670234296
0,37.600000000000094,376,0,,0.47372719650064543,0.4543440359993838,rrt_star,False,0,0,5261,14.770502458754132,239,0,773,14.590873138941241,0.0,839,0,4,4,D,5393,0.35,True,1.0842888719926123
0,38.19999999999997,382,0,,0.41145077567735977,0.4794289379788097,rrt_star,False,0,0,3971,12.761032466173615,191,0,628,12.71801210232854,0.0,791,0,9,9,D,5394,0.44,True,2.8918688429694157
0,41.70000000000026,417,0,,0.46957733491424575,0.6408859340008348,rrt_star,False,0,0,4995,9.573982453279303,254,0,744,9.573982453279303,0.0,854,0,10,10,D,5395,0.46,True,3.3544027430471033
0,45.400000000000276,454,0,,0.4190607911625388,0.6371108529856429,rrt_star,False,0,0,5663,20.32522585997787,361,0,807,20.111386101774755,0.0,962,0,9,9,D,5396,0.47,True,3.057362614024896
0,40.90000000000011,409,0,,0.43473773822130973,0.49238035301095806,rrt_star,False,0,0,5901,16.541148297626204,346,0,836,16.541148297626204,0.0,946,0,8,8,D,5397,0.36,True,2.108419816038804
0,42.90000000000013,429,0,,0.4450145506438795,0.6726158169913106,rrt_star,False,0,0,5110,12.120001208512683,273,0,756,12.047684744968791,0.0,873,0,13,13,D,5398,0.44,True,4.541087193938438
0,40.60000000000016,406,0,,0.46782852828612986,0.9026266669970937,rrt_star,False,0,0,7537,13.6632563421972,567,0,971,12.986004310811913,0.0,1167,0,7,7,D,5399,0.51,True,2.2618008149729576
0,51.30000000000031,513,0,,0.4816736618976052,0.733318226004485,rrt_star,False,0,0,6974,25.520844819026394,469,0,911,25.044912318856255,0.0,1069,0,11,11,D,5400,0.52,True,4.049701995041687
0,48.80000000000029,488,0,,0.48836073486042675,0.6351448799832724,rrt_star,False,0,0,5462,14.81898829127761,306,0,765,14.607605646599504,0.0,906,0,12,12,D,5401,0.43,True,4.12251105796895
0,42.000000000000135,420,0,,0.4223680889601728,0.5314223280001897,rrt_star,False,0,0,6090,15.40911162090889,330,0,837,15.203601666277093,0.0,930,0,7,7,D,5402,0.33,True,2.2024713969731238
0,39.30000000000006,393,0,,0.4748956957494344,0.49794470198685303,rrt_star,False,0,0,4821,12.973093339002673,176,0,713,12.884048940551466,0.0,776,0,9,9,D,5403,0.4,True,2.699921503983205
0,38.90000000000015,389,0,,0.4620208729538974,0.5781497010029852,rrt_star,False,0,0,4466,13.367198786600426,246,0,666,13.367198786600424,0.0,846,0,8,8,D,5404,0.54,True,2.2794190940330736
0,44.80000000000013,448,0,,0.4378462776352815,0.657047902001068,rrt_star,False,0,0,5767,15.751618055605073,386,0,840,14.966027390620079,0.0,986,0,12,12,D,5405,0.44,True,4.6278105339442845
0,40.50000000000009,405,0,,0.4554914354231327,0.6114313040161505,rrt_star,False,0,0,5287,14.112114623903443,289,0,781,13.870251780844168,0.0,889,0,10,10,D,5406,0.46,True,3.352768117998494
0,40.10000000000001,401,0,,0.4878157355347336,0.650618456013035,rrt_star,False,0,0,5073,13.309093354231583,256,0,748,13.306109043633986,0.0,856,0,8,8,D,5407,0.48,True,3.60097658802988
0,37.20000000000014,372,0,,0.48764832681954434,0.515245293994667,rrt_star,False,0,0,5650,14.711181697008156,301,0,818,14.708428941014429,0.0,901,0,5,5,D,5408,0.41,True,1.2299627930042334
0,39.9000000000001,399,0,,0.4640465848565117,0.7008332940167747,rrt_star,False,0,0,4009,9.969121466966453,153,0,624,9.969121466966453,0.0,753,0,12,12,D,5409,0.51,True,5.185600004973821
0,40.200000000000095,402,0,,0.4254357079558073,0.5080970059789252,rrt_star,False,0,0,4312,10.136707484082741,205,0,648,10.136707484082741,0.0,805,0,6,6,D,5410,0.42,True,1.5497632759797852
0,47.200000000000216,472,0,,0.4116611848901112,0.6619656490220223,rrt_star,False,0,0,3640,10.320449746786862,167,0,575,10.320449746786862,0.0,767,0,12,12,D,5411,0.58,True,4.9610434990609065
0,37.30000000000008,373,0,,0.4888687045634219,0.5788192290056031,rrt_star,False,0,0,6195,13.018298191817337,371,0,858,13.018298191817337,0.0,971,0,5,5,D,5412,0.41,True,1.4590658210217953
0,45.200000000000266,452,0,,0.412105249150153,0.5968705439881887,rrt_star,False,0,0,6624,20.343378064088604,442,0,908,19.947678907008562,0.0,1042,0,8,8,D,5413,0.39,True,2.260122984996997
0,37.49999999999998,375,0,,0.4208329808155267,0.3100587670051027,rrt_star,False,0,0,6460,22.56872747474621,339,0,888,22.54961234839373,0.0,939,0,5,5,D,5414,0.4,True,0.8640380349534098
0,40.20000000000007,402,0,,0.4209290755186978,0.6691971250111237,rrt_star,False,0,0,7148,19.5304111583044,496,0,953,19.06117540059297,0.0,1096,0,6,6,D,5415,0.45,True,1.8847234990389552
0,38.00000000000009,380,0,,0.4676508009979551,0.5366448419808876,rrt_star,False,0,0,5922,13.609761049649492,345,0,847,13.393845058328553,0.0,945,0,7,7,D,5416,0.37,True,2.7483735319110565
0,53.60000000000033,536,0,,0.42983650156552117,0.8154709560039919,rrt_star,False,0,0,5983,14.986224019677728,382,0,837,14.965978069308793,0.0,982,0,13,13,D,5417,0.52,True,5.841790023026988
0,43.80000000000018,438,0,,0.41282124940160675,0.7027584869938437,rrt_star,False,0,0,5466,12.0310997651534,295,0,794,11.823612903617736,0.0,895,0,13,13,D,5418,0.51,True,5.2288080360449385
0,38.400000000000084,384,0,,0.45903310385441554,0.4823269869957585,rrt_star,False,0,0,5667,19.75452776157832,331,0,823,19.701305731689093,0.0,931,0,5,5,D,5419,0.41,True,1.4547260940016713
0,45.00000000000031,450,0,,0.45036759789303893,0.8560825109889265,rrt_star,False,0,0,4688,11.262237227484443,224,0,704,11.255795670604785,0.0,824,0,12,12,D,5420,0.57,True,6.463551956025185
0,40.5,405,0,,0.47521563966848485,0.5861421050212812,rrt_star,False,0,0,4457,13.894188318822886,189,0,667,13.888187020873211,0.0,789,0,10,10,D,5421,0.43,True,3.1186775760434102
0,42.300000000000175,423,0,,0.4624540751475427,0.5166721820132807,rrt_star,False,0,0,4687,14.292952652115012,230,0,708,14.292952652115012,0.0,830,0,12,12,D,5422,0.49,True,3.556419445958454
0,46.600000000000264,466,0,,0.45171924680180625,0.8649463100009598,rrt_star,False,0,0,7336,17.09418996177488,492,0,977,17.09105275403321,0.0,1092,0,15,15,D,5423,0.49,True,6.113721192028606
0,38.20000000000014,382,0,,0.4820557752904107,0.6876705899776425,rrt_star,False,0,0,6671,10.425400211514612,461,0,881,10.185881313979571,0.0,1061,0,7,7,D,5424,0.39,True,2.6790090019640047
0,77.80000000000017,778,0,,0.4707933550563373,0.8536500040208921,rrt_star,False,0,0,5170,13.704798093848515,294,0,734,13.601572516645838,0.0,894,0,16,16,D,5425,0.7,True,8.095484081975883
0,43.100000000000264,431,0,,0.4662268416688537,0.6012029100093059,rrt_star,False,0,0,4798,17.31738042134978,245,0,718,17.100915965561217,0.0,845,0,12,12,D,5426,0.51,True,3.9593611400632653
0,42.10000000000007,421,0,,0.4830606274907284,0.6319154480006546,rrt_star,False,0,0,6128,10.811674407357119,363,0,851,10.806347004035992,0.0,964,0,7,7,D,5427,0.39,True,1.8986466159694828
0,54.00000000000026,540,0,,0.4744066252552559,0.6814308300090488,rrt_star,False,0,0,4733,18.75042208108761,276,0,662,18.508844881343286,0.0,876,0,9,9,D,5428,0.47,True,2.8795192469260655
0,40.60000000000017,406,0,,0.4279956386106228,0.6903596469783224,rrt_star,False,0,0,5537,11.036833208394203,349,0,787,10.940179061568672,0.0,949,0,6,6,D,5429,0.45,True,2.0933880999218673
0,42.10000000000006,421,0,,0.48269944282692234,0.5477074800000992,rrt_star,False,0,0,5999,16.749214996727588,361,0,856,16.70185070335409,0.0,961,0,9,9,D,5430,0.4,True,3.0587571519427
0,39.10000000000009,391,0,,0.4598882148827784,0.4965278199815657,rrt_star,False,0,0,4565,12.040432132301493,173,0,664,11.968752647610529,0.0,773,0,6,6,D,5431,0.42,True,1.5662302499695215
0,48.30000000000023,483,0,,0.4040788630025465,0.680492862011306,rrt_star,False,0,0,6477,17.853013522818852,430,0,901,17.60337844262662,0.0,1030,0,10,10,D,5432,0.4,True,3.725028504995862
0,39.70000000000014,397,0,,0.45661538184969047,0.7465817269985564,rrt_star,False,0,0,4867,10.870639838822727,331,0,713,10.870639838822727,0.0,931,0,7,7,D,5433,0.47,True,3.091804928990314
0,39.800000000000054,398,0,,0.43560616767331983,0.5047582880069967,rrt_star,False,0,0,5536,17.96578036756374,303,0,819,17.586617921195952,0.0,903,0,8,8,D,5434,0.4,True,1.8725686900143046
0,42.20000000000001,422,0,,0.486310633792881,0.6393936070089694,rrt_star,False,0,0,5111,14.155667365602811,298,0,775,13.998411072431573,0.0,898,0,12,12,D,5435,0.46,True,4.403999624133576
0,60.80000000000034,608,0,,0.4430842235675874,0.6884742869879119,rrt_star,False,0,0,5671,20.71343711898923,360,0,791,20.531704535121108,0.0,960,0,13,13,D,5436,0.47,True,4.9012783089710865
0,41.699999999999974,417,0,,0.41240061673850203,0.5506970410060603,rrt_star,False,0,0,6862,19.09981144572535,408,0,919,18.953295225578486,0.0,1008,0,5,5,D,5437,0.35,True,1.4860808660159819
0,49.300000000000345,493,0,,0.4741065261291037,0.6618162210215814,rrt_star,False,0,0,5800,10.896857622134684,365,0,799,10.797206312851724,0.0,965,0,9,9,D,5438,0.45,True,2.60228116606595
0,46.60000000000012,466,0,,0.4833868560760919,0.6029647270042915,rrt_star,False,0,0,4998,13.536705670612266,253,0,721,13.40541468208961,0.0,853,0,11,11,D,5439,0.44,True,3.607248093961971
0,40.00000000000012,400,0,,0.4609343745786415,0.6364583360264078,rrt_star,False,0,0,5328,8.862672591435441,265,0,774,8.862599309575689,0.0,865,0,9,9,D,5440,0.44,True,3.2686857180087827
0,39.700000000000045,397,0,,0.49082507165941086,0.5515611269802321,rrt_star,False,0,0,5328,15.831481118750117,293,0,741,15.402299719664915,0.0,893,0,8,8,D,5441,0.46,True,2.1552345949748997
0,46.000000000000206,460,0,,0.49078502968631704,0.7755225760047324,rrt_star,False,0,0,6359,12.077597141633609,500,0,846,12.06594302218899,0.0,1100,0,11,11,D,5442,0.46,True,3.9577357250091154
0,41.500000000000156,415,0,,0.41342985045992137,0.7648430480039679,rrt_star,False,0,0,6557,10.362531334752028,401,0,906,10.131497823962249,0.0,1001,0,10,10,D,5443,0.45,True,5.226840076997178
0,38.00000000000004,380,0,,0.47260101847261027,0.49951388500630856,rrt_star,False,0,0,4396,10.388941846415344,187,0,700,10.375495705592881,0.0,787,0,5,5,D,5444,0.42,True,1.541354226967087
0,38.900000000000155,389,0,,0.4644594238592388,0.48487771800137125,rrt_star,False,0,0,5214,18.46452601658111,276,0,765,18.325844145187332,0.0,876,0,7,7,D,5445,0.5,True,1.898322918015765
0,43.70000000000019,437,0,,0.45965238671822184,0.8801174219988752,rrt_star,False,0,0,5705,12.928202066362159,385,0,813,12.909989795736417,0.0,985,0,16,16,D,5446,0.6,True,6.605728493042989
0,40.30000000000009,403,0,,0.4312627601424916,0.6060317700030282,rrt_star,False,0,0,4717,11.36397671594199,236,0,712,11.36397671594199,0.0,836,0,6,6,D,5447,0.48,True,2.099072014010744
0,49.90000000000023,499,0,,0.4416192813640323,0.5731782969960477,rrt_star,False,0,0,5609,22.045573624071146,342,0,809,21.985787488371194,0.0,942,0,10,10,D,5448,0.47,True,3.250290655938443
0,47.30000000000027,473,0,,0.4544841390866604,0.7496914340008516,rrt_star,False,0,0,5575,12.511124664083436,309,0,770,12.474473545555657,0.0,909,0,10,10,D,5449,0.51,True,4.056348739977693
0,41.30000000000019,413,0,,0.4412744032956771,0.5962559819745366,rrt_star,False,0,0,5665,12.804084531182628,314,0,794,12.455983994019707,0.0,914,0,8,8,D,5450,0.39,True,2.2665230549755506
0,39.699659998353305,397,0,,0.488790131914064,0.6597750119981356,rrt_star,False,0,0,4123,8.396944147877882,128,0,636,8.396382747446788,0.0,728,0,11,11,D,5451,0.46,True,3.7726042510184925
0,49.50000000000017,495,0,,0.43960979767377917,0.6824483050149865,rrt_star,False,0,0,5848,13.725947710103569,364,0,827,13.725947710103569,0.0,964,0,10,10,D,5452,0.49,True,3.997360735986149
0,54.80000000000031,548,0,,0.438189342813981,0.9988849560031667,rrt_star,False,0,0,4141,9.950306096453444,224,0,628,9.946198077079952,0.0,824,0,18,18,D,5453,0.68,True,8.86988249202841
0,44.50000000000001,445,0,,0.4861531672559705,0.699451588006923,rrt_star,False,0,0,6273,12.526429507391484,394,0,869,12.304907533274097,0.0,994,0,10,10,D,5454,0.44,True,4.411380406992976
0,40.00000000000004,400,0,,0.4765627615817458,0.6762553669977933,rrt_star,False,0,0,4973,10.651104162531627,221,0,724,10.583805368165809,0.0,821,0,11,11,D,5455,0.52,True,4.293626587023027
0,41.90000000000021,419,0,,0.4395386076524194,0.79571719901287,rrt_star,False,0,0,5814,13.26336470236689,448,0,783,13.208275238419516,0.0,1050,0,12,12,D,5456,0.48,True,4.518203069950687
0,41.00000000000006,410,0,,0.43541125957545723,0.6417431900044903,rrt_star,False,0,0,5750,15.997448371176302,347,0,783,15.979033699416124,0.0,947,0,6,6,D,5457,0.51,True,2.2140570679912344
0,47.40000000000022,474,0,,0.49284547024250813,0.7690305589931086,rrt_star,False,0,0,4542,10.610701342905864,274,0,668,10.610701342905863,0.0,875,0,13,13,D,5458,0.5,True,5.761659828043776
0,41.20000000000013,412,0,,0.422960133298459,0.6741612719779368,rrt_star,False,0,0,6738,12.082380662836394,429,0,890,12.041442418066605,0.0,1029,0,10,10,D,5459,0.4,True,3.5267177860368975
0,38.50000000000015,385,0,,0.4571295528944789,0.559712229995057,rrt_star,False,0,0,5678,13.30163300281262,334,0,816,13.062251324789054,0.0,934,0,10,10,D,5460,0.41,True,3.089260028966237
0,41.900000000000155,419,0,,0.45745804566482234,0.5443207529897336,rrt_star,False,0,0,5506,21.918865956698657,366,0,811,21.69136135527098,0.0,966,0,11,11,D,5461,0.52,True,3.548925761017017
0,44.100000000000186,441,0,,0.42129268972439043,0.6195338539837394,rrt_star,False,0,0,5646,16.509075635532405,340,0,794,15.689389601964129,0.0,940,0,10,10,D,5462,0.44,True,3.4051061749923974
0,42.30000000000016,423,0,,0.48638482685296647,0.7200934730062727,rrt_star,False,0,0,4658,10.96110943531185,191,0,683,10.71443884909513,0.0,791,0,7,7,D,5463,0.59,True,2.984052795014577
0,41.00000000000009,410,0,,0.4385534299735362,0.5576171759748831,rrt_star,False,0,0,5410,11.455227854387966,268,0,777,11.451308608552107,0.0,869,0,9,9,D,5464,0.41,True,2.914495261036791
0,44.70000000000036,447,0,,0.4400862330153395,0.7276546570064966,rrt_star,False,0,0,4875,14.32311868804342,272,0,742,14.262332886090912,0.0,872,0,13,13,D,5465,0.61,True,5.430146344966488
0,39.90000000000014,399,0,,0.4525552389171245,0.5571672759833746,rrt_star,False,0,0,5126,12.597904130785265,276,0,759,12.577080528462444,0.0,876,0,8,8,D,5466,0.42,True,2.986983615963254
0,50.80000000000032,508,0,,0.4135377016403904,0.6996257290011272,rrt_star,False,0,0,4575,16.337873863754027,299,0,666,16.323907303428562,0.0,899,0,15,15,D,5467,0.62,True,6.905955878988607
0,46.50000000000008,465,0,,0.48013025317892943,0.6632664870121516,rrt_star,False,0,0,5267,19.10043910550167,372,0,755,19.020429297557584,0.0,972,0,15,15,D,5468,0.56,True,5.7892623499792535
0,36.60000000000008,366,0,,0.4547507018007774,0.4544827129866462,rrt_star,False,0,0,4244,9.5585621896869,170,0,648,9.5585621896869,0.0,770,0,4,4,D,5469,0.38,True,1.1325367340177763
0,37.20000000000009,372,0,,0.45629711775526,0.6195692900219001,rrt_star,False,0,0,5477,15.271556060414975,286,0,784,15.208921807510851,0.0,886,0,7,7,D,5470,0.5,True,2.3307610120100435
0,41.10000000000014,411,0,,0.4810180443675421,0.5317002590163611,rrt_star,False,0,0,4703,13.21791984460844,258,0,702,13.214067845576146,0.0,858,0,8,8,D,5471,0.46,True,2.3949263840331696
0,39.30000000000016,393,0,,0.421055210227286,0.5666750629898161,rrt_star,False,0,0,5401,11.009439857132891,270,0,770,10.932476614082267,0.0,870,0,5,5,D,5472,0.41,True,1.6521394509472884
0,40.50000000000009,405,0,,0.49791704727217545,0.5283605610020459,rrt_star,False,0,0,4152,9.798644585358852,133,0,644,9.503974054741153,0.0,733,0,14,14,D,5473,0.46,True,4.13575524801854
0,46.40000000000007,464,0,,0.4734460002843904,0.6962755290151108,rrt_star,False,0,0,5192,13.874031862899226,269,0,747,13.702643521199692,0.0,870,0,12,12,D,5474,0.52,True,5.200051996012917
0,39.90000000000013,399,0,,0.482912510729973,0.6832426359760575,rrt_star,False,0,0,5955,14.583078491461427,384,0,839,14.509623655280413,0.0,984,0,8,8,D,5475,0.43,True,2.862064068991458
0,43.50000000000017,435,0,,0.44800396215994587,0.7313607940159272,rrt_star,False,0,0,5006,9.18539995106471,285,0,741,9.157003629339155,0.0,885,0,10,10,D,5476,0.53,True,3.0173195129900705
0,44.30000000000016,443,0,,0.43411006222745446,0.7856429509993177,rrt_star,False,0,0,4925,11.875150721167655,259,0,738,11.875150721167655,0.0,859,0,13,13,D,5477,0.58,True,5.7616767099825665
0,42.29708992128622,423,0,,0.4426303293913207,0.8731418930110522,rrt_star,False,0,0,6204,10.894182413835953,397,0,857,10.86168787567955,0.0,997,0,15,15,D,5478,0.53,True,6.179386476957006
0,40.50000000000024,405,0,,0.46051774614645513,0.65251877301489,rrt_star,False,0,0,6834,14.187583436662297,414,0,930,13.882991012231921,0.0,1014,0,12,12,D,5479,0.42,True,4.018863548000809
0,57.30000000000041,573,0,,0.4389328093202625,0.8205836760171223,rrt_star,False,0,0,6260,18.695596807301282,372,0,857,18.465771045115623,0.0,972,0,9,9,D,5480,0.6,True,3.686121905077016
0,44.900000000000155,449,0,,0.4997916930543825,0.6488251210248563,rrt_star,False,0,0,5187,9.218419351884183,287,0,757,9.218419351884183,0.0,888,0,13,13,D,5481,0.45,True,3.7133155120536685
0,41.50000000000018,415,0,,0.4617984142229443,0.8691960870055482,rrt_star,False,0,0,8018,16.49094520916773,602,0,1014,16.49094520916773,0.0,1202,0,11,11,D,5482,0.43,True,4.227936332987156
0,45.10000000000026,451,0,,0.43540837147009626,0.5274414969899226,rrt_star,False,0,0,5159,16.344082002580755,272,0,762,15.94493248087864,0.0,873,0,8,8,D,5483,0.45,True,2.209840980998706
0,44.10000000000019,441,0,,0.42015565207701644,0.7456262280174997,rrt_star,False,0,0,4742,8.942649395734765,248,0,695,8.942649395734765,0.0,848,0,13,13,D,5484,0.57,True,4.713635938038351
0,42.00000000000023,420,0,,0.44919067566677284,0.5695173289859667,rrt_star,False,0,0,5483,14.056694503186556,288,0,762,13.856318529199458,0.0,888,0,12,12,D,5485,0.44,True,3.7611365049669985
0,50.6000000000003,506,0,,0.4568147006330122,0.9233224009803962,rrt_star,False,0,0,7126,16.927927230021275,608,0,946,15.693290178077667,0.0,1208,0,13,13,D,5486,0.49,True,4.982955830957508
0,54.10000000000034,541,1,,0.46530495956744294,0.8816477319924161,rrt_star,False,1,0,6281,16.920499586591603,446,0,859,16.62729374188326,0.0,1046,0,14,14,D,5487,0.5,True,6.274268483946798
0,39.20000000000014,392,0,,0.4163150737881804,0.39496620700811036,rrt_star,False,0,0,4797,11.245024865170944,235,0,697,11.222314376300334,0.0,835,0,7,7,D,5488,0.32,True,1.543259997095447
0,42.5000000000001,425,0,,0.4668359597440317,0.48269066499779,rrt_star,False,0,0,4493,10.986568286443248,191,0,664,10.969283929316338,0.0,791,0,12,12,D,5489,0.44,True,3.6120030749880243
0,39.100000000000044,391,0,,0.44303456832738825,0.6607318330206908,rrt_star,False,0,0,4830,9.964534944704111,204,0,738,9.964534944704111,0.0,804,0,6,6,D,5490,0.49,True,3.0174510659999214
0,41.00000000000001,410,0,,0.49546593809949835,0.4467523940256797,rrt_star,False,0,0,4553,11.697139950778855,210,0,695,11.697139950778855,0.0,810,0,8,8,D,5491,0.37,True,2.149159518041415
0,47.500000000000156,475,1,,0.46319756689466673,0.45981261698761955,rrt_star,False,1,0,5203,18.476960238366658,274,0,769,18.476960238366658,0.0,874,0,11,11,D,5492,0.38,True,3.1846619900316
0,46.20000000000024,462,0,,0.4973048531430708,0.5085987240017857,rrt_star,False,0,0,5240,14.979029289115159,270,0,774,14.921499324532547,0.0,870,0,7,7,D,5493,0.41,True,2.4830272719846107
0,40.400000000000105,404,0,,0.416025102059111,0.6992947629769333,rrt_star,False,0,0,5585,13.439950638848579,313,0,804,13.158235489141196,0.0,913,0,13,13,D,5494,0.44,True,4.949702867947053
0,41.6000000000002,416,0,,0.48532046402756573,0.6252486250014044,rrt_star,False,0,0,4093,12.695533794342827,220,0,628,12.695533794342827,0.0,821,0,8,8,D,5495,0.56,True,3.3666167729825247
0,43.70000000000019,437,0,,0.4049502846763343,0.6934316499973647,rrt_star,False,0,0,5323,14.707611605271753,316,0,752,13.824129170169407,0.0,916,0,10,10,D,5496,0.53,True,3.9752179110364523
0,47.5000000000002,475,0,,0.4098148517001541,0.7035924739902839,rrt_star,False,0,0,6521,17.296347759986457,539,0,892,17.07994020783753,0.0,1139,0,9,9,D,5497,0.4,True,4.031046866963152
0,40.30000000000018,403,0,,0.47875000503653287,0.6295539450075012,rrt_star,False,0,0,7236,11.786200746404589,480,0,997,11.690956871474336,0.0,1080,0,4,4,D,5498,0.34,True,1.0887608820048627
0,39.400000000000134,394,0,,0.458555045353553,0.574080586025957,rrt_star,False,0,0,5499,15.375913631716584,279,0,771,15.273749700011527,0.0,879,0,13,13,D,5499,0.41,True,4.384312487090938
0,39.10000000000028,391,0,,0.47602871276458175,0.8965606930141803,rrt_star,False,0,0,5198,9.180679896513071,340,0,741,9.091625435497264,0.0,940,0,13,13,E,5000,0.45,True,6.2448436400154606
0,46.60000000000029,466,0,,0.4124028690085706,0.9203995980205946,rrt_star,False,0,0,4076,10.402636630548038,142,0,634,10.220566623045377,0.0,742,0,13,13,E,5001,0.4714285714285714,True,7.53580956911901
0,85.69999999999958,857,0,,0.4396025861126355,1.8093824529787526,rrt_star,False,0,0,9835,26.211338243333696,824,0,1144,25.37610554192691,0.0,1424,0,15,15,E,5002,0.55,True,12.115841412945883
0,38.300000000000125,383,0,,0.41352848444294615,0.8740437780215871,rrt_star,False,0,0,5850,11.97711771676254,398,0,806,11.023389720201108,0.0,998,0,11,11,E,5003,0.42857142857142855,True,5.454276160045993
0,39.20000000000014,392,0,,0.4526587387631954,0.7547931330045685,rrt_star,False,0,0,4784,12.340498075978346,205,0,725,12.181388973531632,0.0,805,0,6,6,E,5004,0.4357142857142857,True,2.4931009170250036
0,39.30000000000012,393,0,,0.4150669359317352,0.8197669920045882,rrt_star,False,0,0,4547,7.615773785769508,172,0,687,7.615773785769508,0.0,772,0,6,6,E,5005,0.4714285714285714,True,2.2307924459455535
0,42.30000000000013,423,0,,0.4191469430342361,0.8457464909879491,rrt_star,False,0,0,3963,10.154940717111938,191,0,601,10.123002791486924,0.0,791,0,15,15,E,5006,0.4857142857142857,True,7.699990996043198
0,38.70000000000007,387,0,,0.49648209198282756,0.6810099779977463,rrt_star,False,0,0,4781,10.199677537243886,230,0,711,10.199677537243884,0.0,831,0,12,12,E,5007,0.37857142857142856,True,3.683551833993988
0,40.000000000000156,400,0,,0.49330673519593315,0.8511796550010331,rrt_star,False,0,0,5220,8.722311215788372,287,0,771,8.691868561572518,0.0,887,0,9,9,E,5008,0.42857142857142855,True,5.65145165802096
0,40.60000000000018,406,0,,0.40609200202656986,0.9037275800073985,rrt_star,False,0,0,5392,11.855225760894415,341,0,795,11.818212479869958,0.0,941,0,10,10,E,5009,0.45714285714285713,True,5.1042789990024175
0,42.400000000000205,424,0,,0.40856843599161835,0.8327094090054743,rrt_star,False,0,0,4774,10.55234219287748,250,0,719,10.531983463080646,0.0,850,0,8,8,E,5010,0.42857142857142855,True,3.889893520012265
0,52.10000000000035,521,0,,0.4637154544932372,1.410932579979999,rrt_star,False,0,0,7009,10.77903291960527,586,0,945,10.77903291960527,0.0,1186,0,9,9,E,5011,0.5714285714285714,True,5.6668570729962084
0,47.900000000000254,479,0,,0.43134380167361364,0.9033625010051765,rrt_star,False,0,0,5836,19.248568331390494,387,0,836,18.506656918049305,0.0,987,0,8,8,E,5012,0.4857142857142857,True,3.9317827849881724
0,49.30000000000034,493,0,,0.40577715344612786,0.5158324670046568,rrt_star,False,0,0,5454,29.153041315978786,521,0,749,28.83422388084172,0.0,1121,0,12,12,E,5013,0.4357142857142857,True,3.029468272026861
0,36.500000000000064,365,0,,0.42017287820574234,0.7149150049954187,rrt_star,False,0,0,5053,10.63794609364128,204,0,743,10.632056441657049,0.0,804,0,6,6,E,5014,0.39285714285714285,True,2.564311653986806
0,44.80000000000016,448,0,,0.4311330917606152,0.6996487639844418,rrt_star,False,0,0,5104,15.286320075142813,265,0,724,15.170875098424247,0.0,865,0,8,8,E,5015,0.4,True,3.2880997179308906
0,38.200000000000145,382,0,,0.4204688662712543,0.6405013620096724,rrt_star,False,0,0,5283,16.439673877033055,269,0,768,16.431680421238315,0.0,869,0,7,7,E,5016,0.4,True,2.1898419920762535
0,42.60000000000017,426,0,,0.4039579282956859,0.9415552289865445,rrt_star,False,0,0,4982,14.171658333546192,303,0,735,13.920010773635388,0.0,903,0,9,9,E,5017,0.5071428571428571,True,4.6558355820016
0,44.00000000000028,440,0,,0.4466903633236592,0.956088738021208,rrt_star,False,0,0,5138,12.581878556145057,299,0,744,12.581878556145057,0.0,899,0,13,13,E,5018,0.5071428571428571,True,6.056687537988182
0,38.800000000000146,388,0,,0.4608534122759673,1.0466382690065075,rrt_star,False,0,0,6776,12.705182944275196,367,0,888,12.481884631839403,0.0,967,0,7,7,E,5019,0.4928571428571429,True,3.940117913996801
0,54.3000000000003,543,0,,0.4574878179447921,0.8616895580198616,rrt_star,False,0,0,4197,8.838602930703512,185,0,619,8.663560877567576,0.0,785,0,17,17,E,5020,0.5285714285714286,True,8.034820217028027
0,43.80000000000018,438,0,,0.4092451842624527,0.9320114200236276,rrt_star,False,0,0,5677,15.959673292356515,346,0,813,15.370877534284917,0.0,947,0,10,10,E,5021,0.44285714285714284,True,5.0750293530581985
0,40.20000000000016,402,0,,0.4277220764559125,0.7300715800083708,rrt_star,False,0,0,3873,9.015382631553834,238,0,565,8.559785172762606,0.0,838,0,12,12,E,5022,0.4642857142857143,True,4.662786497035995
0,39.60000000000014,396,0,,0.4109811089108202,0.8045926520135254,rrt_star,False,0,0,4689,13.421094769922355,269,0,672,13.421094769922355,0.0,869,0,10,10,E,5023,0.5,True,4.838099694025004
0,51.00000000000005,510,0,,0.4355708099831418,0.9665227119985502,rrt_star,False,0,0,5614,16.89720514231303,328,0,794,16.87746188502799,0.0,929,0,13,13,E,5024,0.5142857142857142,True,6.893129063944798
0,37.60000000000007,376,0,,0.45726495748450097,0.9589523810136598,rrt_star,False,0,0,5761,12.101455199477638,352,0,825,12.081499140973543,0.0,952,0,11,11,E,5025,0.4642857142857143,True,6.082699615042657
0,40.900000000000176,409,0,,0.48382170321672824,0.5887579469999764,rrt_star,False,0,0,5301,15.96335247959787,264,0,780,15.916909082236383,0.0,864,0,7,7,E,5026,0.35714285714285715,True,1.477233207959216
0,39.20000000000013,392,0,,0.43381641205229526,0.6848731790087186,rrt_star,False,0,0,3281,9.668535306688478,179,0,478,9.64322176705695,0.0,779,0,10,10,E,5027,0.42142857142857143,True,3.3200032089662272
0,41.600000000000165,416,0,,0.4513505961249445,0.9220848230179399,rrt_star,False,0,0,6801,14.291649362748213,574,0,894,14.223048956603236,0.0,1174,0,13,13,E,5028,0.4357142857142857,True,5.953767174942186
0,42.300000000000225,423,0,,0.4043364532840029,0.9731874550052453,rrt_star,False,0,0,5348,13.600158101394388,357,0,765,13.333274598918235,0.0,957,0,13,13,E,5029,0.5142857142857142,True,5.8538408200547565
0,53.20000000000036,532,0,,0.423513931347612,1.2228617719956674,rrt_star,False,0,0,6383,13.711612470698693,463,0,878,13.62569340098581,0.0,1063,0,12,12,E,5030,0.5142857142857142,True,7.762676856014878
0,40.70000000000007,407,0,,0.4524785051433028,0.7596033949812409,rrt_star,False,0,0,5866,15.212937312938807,310,0,817,15.212937312938807,0.0,910,0,10,10,E,5031,0.42142857142857143,True,4.040209354978288
0,49.1000000000003,491,0,,0.4205216597936271,1.0801590089977253,rrt_star,False,0,0,6147,8.841712245571204,379,0,850,8.825396680519155,0.0,979,0,18,18,E,5032,0.4857142857142857,True,10.404064823058434
0,43.70000000000024,437,1,,0.46911224970696064,0.7112320739834104,rrt_star,False,1,0,6326,21.406292105066964,373,0,882,21.059434102106614,0.0,973,0,9,9,E,5033,0.4142857142857143,True,4.332036182924639
0,49.00000000000036,490,0,,0.4056081454695669,0.7998581540014129,rrt_star,False,0,0,5229,15.893947582579402,297,0,744,15.846955877531592,0.0,897,0,16,16,E,5034,0.44285714285714284,True,6.96104232801008
0,41.60000000000032,416,0,,0.4406345746896831,0.9581486519891769,rrt_star,False,0,0,5489,11.151886966862945,354,0,777,11.151886966862945,0.0,954,0,14,14,E,5035,0.4928571428571429,True,7.27629175799666
0,52.40000000000023,524,0,,0.4141253413195046,0.8977799790154677,rrt_star,False,0,0,5481,13.894813081340914,328,0,780,13.751531854322018,0.0,928,0,16,16,E,5036,0.4642857142857143,True,7.484138286963571
0,54.40000000000041,544,0,,0.47015131850106795,1.1800247769861016,rrt_star,False,0,0,4569,11.382075631233242,222,0,682,11.37884885722236,0.0,822,0,17,17,E,5037,0.7,True,10.379677625984186
0,39.50000000000011,395,0,,0.48556334225557785,0.7196722030057572,rrt_star,False,0,0,5135,11.117350158784403,287,0,767,11.117350158784403,0.0,887,0,9,9,E,5038,0.37142857142857144,True,4.027532226056792
0,42.30000000000026,423,0,,0.49773646559064577,0.6974692039948422,rrt_star,False,0,0,3363,10.929671898691822,169,0,508,10.926098948928814,0.0,769,0,12,12,E,5039,0.4642857142857143,True,4.580544373951852
0,40.40000000000009,404,0,,0.44736017540262335,0.8399798109894618,rrt_star,False,0,0,4775,9.353094812539998,242,0,721,9.16020646410234,0.0,843,0,9,9,E,5040,0.4642857142857143,True,3.229122590943007
0,42.000000000000036,420,0,,0.48033097287243787,0.7783051820006222,rrt_star,False,0,0,5132,12.488915761041325,240,0,750,12.485138766751884,0.0,840,0,11,11,E,5041,0.4142857142857143,True,4.607775426004082
0,44.20000000000011,442,0,,0.4716969555515402,1.0671854280226398,rrt_star,False,0,0,6133,11.10090294987317,418,0,869,10.919424083086058,0.0,1018,0,15,15,E,5042,0.4785714285714286,True,7.079691722086864
0,53.50000000000033,535,0,,0.4387399493634781,2.050106720009353,rrt_star,False,0,0,12231,22.893203255601914,1029,0,1376,21.79702158972102,0.0,1629,0,9,9,E,5043,0.4928571428571429,True,5.8679402209527325
0,41.400000000000134,414,0,,0.4569380577893975,0.9180862169887405,rrt_star,False,0,0,5396,10.344201120450956,386,0,776,10.30303770378705,0.0,986,0,9,9,E,5044,0.45714285714285713,True,3.849171605950687
0,39.60000000000013,396,0,,0.43814392320735396,0.8609896900015883,rrt_star,False,0,0,5990,12.536720386906708,361,0,852,12.389170344731518,0.0,961,0,10,10,E,5045,0.4357142857142857,True,5.15263646398671
0,40.00000000000002,400,0,,0.4484532477930658,0.8314604100014549,rrt_star,False,0,0,4792,12.303071468095858,256,0,702,12.153765180550927,0.0,856,0,12,12,E,5046,0.4714285714285714,True,4.77208942399011
0,39.80000000000008,398,0,,0.4038284222577546,0.925912930018967,rrt_star,False,0,0,4348,8.991877030568736,204,0,671,8.867145292329656,0.0,804,0,11,11,E,5047,0.42142857142857143,True,4.409038393001538
0,48.70000000000035,487,0,,0.49219836635167863,1.2969060610048473,rrt_star,False,0,0,5727,12.861109762415683,334,0,815,12.808667819186851,0.0,934,0,18,18,E,5048,0.4928571428571429,True,9.2010195190378
0,44.10000000000018,441,0,,0.4200455232296682,0.9163578510051593,rrt_star,False,0,0,4367,8.340751723906909,238,0,670,8.32446901248884,0.0,838,0,12,12,E,5049,0.4785714285714286,True,6.481357550015673
0,38.60000000000006,386,0,,0.4000164479267662,0.9995950819866266,rrt_star,False,0,0,7139,13.461062915956232,580,0,917,13.210394921497816,0.0,1180,0,11,11,E,5050,0.36428571428571427,True,5.9230755729658995
0,42.500000000000064,425,0,,0.4260751363495293,0.922557077021338,rrt_star,False,0,0,5951,15.104792262456959,414,0,841,15.050087461629685,0.0,1014,0,8,8,E,5051,0.4642857142857143,True,4.272485082037747
0,37.800000000000104,378,0,,0.44771850665722246,0.6865705930104014,rrt_star,False,0,0,5330,9.35126885333823,246,0,761,9.351268853338228,0.0,846,0,10,10,E,5052,0.34285714285714286,True,3.733462977979798
0,39.40000000000015,394,0,,0.43333565819735226,0.9638068249914795,rrt_star,False,0,0,4451,10.134263294410442,210,0,688,10.134263294410442,0.0,810,0,14,14,E,5053,0.45714285714285713,True,7.07114078901941
0,47.10000000000023,471,0,,0.4758761894801362,0.8230867689999286,rrt_star,False,0,0,4067,8.886536478344029,134,0,634,8.883700643785522,0.0,734,0,12,12,E,5054,0.4857142857142857,True,5.9295239549537655
0,38.899999999999935,389,0,,0.479020277055545,0.8148970369948074,rrt_star,False,0,0,6079,18.32350587592179,327,0,857,18.302584360385858,0.0,927,0,8,8,E,5055,0.44285714285714284,True,3.104198101966176
0,56.50000000000036,565,0,,0.4804378628798505,1.3319101030065212,rrt_star,False,0,0,6704,19.6199874740095,552,0,895,19.313760519395395,0.0,1152,0,21,21,E,5056,0.5571428571428572,True,17.690772428002674
0,43.30000000000021,433,0,,0.4623276090868597,1.0073517989949323,rrt_star,False,0,0,5214,14.191580307688353,311,0,758,14.190911106663618,0.0,911,0,17,17,E,5057,0.5214285714285715,True,8.95986460900167
0,40.30000000000024,403,0,,0.40936547813766405,0.6283707570109982,rrt_star,False,0,0,5123,10.726414650709499,250,0,723,10.721870113071365,0.0,850,0,6,6,E,5058,0.34285714285714286,True,2.2055958560376894
0,51.000000000000256,510,0,,0.4040786312960485,0.8692517919989768,rrt_star,False,0,0,4062,12.861670767339392,229,0,631,12.42797073702436,0.0,829,0,13,13,E,5059,0.5428571428571428,True,6.102759747969685
0,55.00000000000042,550,0,,0.42286193996362476,1.1123642250022385,rrt_star,False,0,0,5933,9.060751947710168,450,0,811,9.044823871420595,0.0,1051,0,13,13,E,5060,0.5142857142857142,True,7.403729312994983
0,38.09999999999999,381,0,,0.43624245895118685,0.8273126050189603,rrt_star,False,0,0,5317,11.252776175177818,257,0,750,11.252776175177818,0.0,857,0,8,8,E,5061,0.45,True,3.431206838984508
0,39.300000000000146,393,0,,0.4026988393080997,0.779469772009179,rrt_star,False,0,0,5094,12.822745768499633,253,0,756,12.822745768499633,0.0,853,0,9,9,E,5062,0.45714285714285713,True,4.413954894000199
0,57.900000000000375,579,0,,0.46170920211295624,1.0559171689965297,rrt_star,False,0,0,4632,10.697478413810444,265,0,708,10.697478413810444,0.0,865,0,20,20,E,5063,0.5142857142857142,True,12.393681471090531
0,38.80000000000006,388,0,,0.4065927278429803,0.8701889669755474,rrt_star,False,0,0,5426,8.500195961717129,342,0,783,8.422412223485686,0.0,942,0,10,10,E,5064,0.4142857142857143,True,5.166626472957432
0,39.10000000000008,391,0,,0.4589063534905218,0.5549592970055528,rrt_star,False,0,0,4443,19.77088035045399,221,0,662,19.69537341422115,0.0,821,0,9,9,E,5065,0.44285714285714284,True,2.957150943024317
0,37.800000000000125,378,0,,0.49689575355497323,0.533812323003076,rrt_star,False,0,0,5280,16.025529095383526,224,0,765,15.908854582878007,0.0,824,0,6,6,E,5066,0.40714285714285714,True,2.2892991180124227
0,44.70000000000018,447,0,,0.4582630227667163,0.9097219700051937,rrt_star,False,0,0,4821,11.730025247644763,269,0,695,11.730025247644763,0.0,869,0,15,15,E,5067,0.5,True,8.519116674026009
0,43.10000000000009,431,0,,0.42310090151789254,1.2159972620138433,rrt_star,False,0,0,7092,8.987679498675412,496,0,947,8.731572077556965,0.0,1096,0,16,16,E,5068,0.4857142857142857,True,9.405428796133492
0,44.600000000000186,446,0,,0.45232978828619724,0.7049972889944911,rrt_star,False,0,0,4905,14.45421709206105,243,0,726,14.275563712774158,0.0,843,0,14,14,E,5069,0.42857142857142855,True,5.296258497954113
0,40.00000000000006,400,0,,0.49722180560195156,0.7933641990239266,rrt_star,False,0,0,5362,14.13105613270497,325,0,764,14.130308912254959,0.0,925,0,7,7,E,5070,0.4714285714285714,True,2.8542395340336952
0,48.60000000000029,486,0,,0.400673791297218,0.8363632370019332,rrt_star,False,0,0,5167,18.49460506229445,313,0,742,18.437769850648788,0.0,913,0,11,11,E,5071,0.45,True,5.999194350966718
0,36.60000000000001,366,0,,0.45784199273637516,0.7145796650147531,rrt_star,False,0,0,4762,10.355759784324789,255,0,722,10.165808393653329,0.0,855,0,12,12,E,5072,0.40714285714285714,True,4.36085757802357
0,41.90000000000025,419,0,,0.4457084889320598,0.9941884700092487,rrt_star,False,0,0,5814,12.096982257934428,391,0,811,12.09231141348836,0.0,991,0,10,10,E,5073,0.45714285714285713,True,5.389902694005286
0,39.40000000000011,394,0,,0.41459443287098835,0.6324265159782954,rrt_star,False,0,0,4819,14.030725920281945,243,0,734,14.030725920281945,0.0,843,0,10,10,E,5074,0.39285714285714285,True,4.1719445629860274
0,39.00000000000011,390,0,,0.4832853356118687,0.6978303079959005,rrt_star,False,0,0,5023,17.418926675991425,265,0,729,17.206746417604762,0.0,866,0,8,8,E,5075,0.4642857142857143,True,3.0810432079888415
0,65.20000000000046,652,0,,0.44027158779290065,1.0156227470142767,rrt_star,False,0,0,3937,15.152315532011436,305,0,578,15.146788734429224,0.0,905,0,12,12,E,5076,0.5214285714285715,True,5.926387537969276
0,38.700000000000166,387,0,,0.4366181762730672,0.6097746710001957,rrt_star,False,0,0,6000,7.642607763604795,323,0,840,7.639842633807989,0.0,923,0,10,10,E,5077,0.2714285714285714,True,3.554419279942522
0,48.10000000000027,481,0,,0.4227073392822197,1.0521409529901575,rrt_star,False,0,0,4788,13.368614223724771,251,0,693,13.075946625434678,0.0,851,0,16,16,E,5078,0.45714285714285713,True,8.851748004963156
0,53.20000000000044,532,0,,0.48927191130872133,1.0808223049971275,rrt_star,False,0,0,4722,10.924820526367832,228,0,654,10.822538556819799,0.0,828,0,15,15,E,5079,0.5785714285714286,True,9.517812203994254
0,39.60000000000012,396,0,,0.4720899571583066,0.677515029994538,rrt_star,False,0,0,4411,9.580038007941965,202,0,678,9.579929538788376,0.0,802,0,6,6,E,5080,0.42142857142857143,True,1.9733408319589216
0,55.10000000000036,551,0,,0.450053886082084,1.300509229011368,rrt_star,False,0,0,3499,9.454042616586182,154,0,555,9.364856377574652,0.0,754,0,15,15,E,5081,0.5785714285714286,True,9.659699012961937
0,37.400000000000055,374,0,,0.44631400028855056,0.6412893460073974,rrt_star,False,0,0,4847,9.003464537996097,243,0,705,8.959887104896865,0.0,843,0,7,7,E,5082,0.35,True,2.4936361699947156
0,41.50000000000011,415,0,,0.44126775365762655,0.8924399079987779,rrt_star,False,0,0,4538,15.194694798474513,212,0,667,15.194694798474513,0.0,814,0,11,11,E,5083,0.42857142857142855,True,4.106571033975342
0,41.90000000000018,419,0,,0.41612015244034134,0.900261307018809,rrt_star,False,0,0,6419,17.546850987976505,464,0,867,17.147632696516837,0.0,1064,0,14,14,E,5084,0.40714285714285714,True,6.970548375014914
0,51.600000000000236,516,0,,0.49858248789304116,0.8769727089966182,rrt_star,False,0,0,5942,9.719970794718405,334,0,825,9.719970794718405,0.0,934,0,9,9,E,5085,0.4142857142857143,True,3.3484773449308705
0,42.100000000000186,421,0,,0.4266425234876923,1.0178817619744223,rrt_star,False,0,0,3734,11.85856392954513,205,0,559,11.339881464230514,0.0,805,0,10,10,E,5086,0.5,True,5.460569056944223
0,41.500000000000156,415,0,,0.4245091683094597,0.7387477819866035,rrt_star,False,0,0,5300,13.162395871169554,274,0,760,12.938690215624431,0.0,874,0,8,8,E,5087,0.45,True,2.98388849303592
0,45.000000000000234,450,0,,0.40592317078406354,0.9095543659932446,rrt_star,False,0,0,4840,10.147009628908933,221,0,705,10.130007830405862,0.0,821,0,14,14,E,5088,0.4357142857142857,True,7.091598029015586
0,39.90000000000009,399,0,,0.4444209485998898,0.7678478099987842,rrt_star,False,0,0,6333,15.575659434625003,410,0,880,15.565978518282124,0.0,1010,0,11,11,E,5089,0.39285714285714285,True,4.29144357694895
0,56.50000000000031,565,0,,0.48871735401679606,0.9902835040120408,rrt_star,False,0,0,8097,30.033405577410328,648,0,1014,29.843342962780664,0.0,1248,0,6,6,E,5090,0.4857142857142857,True,3.095266693009762
0,41.70000000000013,417,0,,0.41061926335711224,0.7921645749884192,rrt_star,False,0,0,4491,12.36023280098212,250,0,660,12.36023280098212,0.0,850,0,11,11,E,5091,0.4857142857142857,True,5.021619648963679
0,40.10000000000009,401,0,,0.4455301349149036,0.4274287240114063,rrt_star,False,0,0,5948,24.18513959627936,334,0,827,23.715765199741806,0.0,934,0,8,8,E,5092,0.39285714285714285,True,1.907300994032994
0,47.300000000000196,473,0,,0.41730312217990134,1.2052073720260523,rrt_star,False,0,0,7293,11.408791354269418,514,0,973,11.232103827708505,0.0,1114,0,11,11,E,5093,0.4857142857142857,True,7.633438718941761
0,40.200000000000145,402,0,,0.48384993241785007,0.6754756860027555,rrt_star,False,0,0,5900,19.526825180034663,345,0,839,19.523109483009225,0.0,945,0,10,10,E,5094,0.36428571428571427,True,4.169659663020866
0,61.800000000000345,618,0,,0.42682573531757667,0.7729639780009165,rrt_star,False,0,0,5016,17.238060498292338,263,0,723,17.19374005201217,0.0,864,0,9,9,E,5095,0.4928571428571429,True,3.6387674920260906
0,44.90000000000018,449,0,,0.45563382046183204,0.8267113039910328,rrt_star,False,0,0,5080,15.594226318608657,276,0,752,15.579246979328401,0.0,876,0,14,14,E,5096,0.5142857142857142,True,5.50571798303281
0,47.50000000000023,475,0,,0.4325062119335204,1.1915352400101256,rrt_star,False,0,0,5557,17.74086159557953,394,0,774,17.270677246529793,0.0,994,0,16,16,E,5097,0.5428571428571428,True,8.873323428968433
0,47.20000000000023,472,0,,0.46697990615498425,1.1853373659832869,rrt_star,False,0,0,6646,13.99032967148734,473,0,899,13.920820221345513,0.0,1073,0,14,14,E,5098,0.5,True,8.782969186984701
0,43.40000000000017,434,0,,0.48830323333636,1.0760712339833844,rrt_star,False,0,0,6627,13.11052577645325,423,0,906,13.104353835266393,0.0,1025,0,8,8,E,5099,0.5071428571428571,True,4.370617071021115
0,39.50000000000023,395,0,,0.48697780689667713,1.006631614989601,rrt_star,False,0,0,5177,8.189099126414284,296,0,774,8.189099126414284,0.0,896,0,16,16,E,5100,0.5142857142857142,True,8.548565264994977
0,44.700000000000244,447,0,,0.40464316297391323,1.1339051740069408,rrt_star,False,0,0,5738,13.948256182188437,348,0,826,13.246706183750106,0.0,948,0,10,10,E,5101,0.5285714285714286,True,5.858802272006869
0,38.400000000000055,384,0,,0.44292222744753645,0.8138587680005003,rrt_star,False,0,0,4848,9.260458544208745,276,0,716,9.260458544208745,0.0,876,0,7,7,E,5102,0.4357142857142857,True,3.5341650980117265
0,39.1000000000001,391,0,,0.41480368448751165,0.9670509930001572,rrt_star,False,0,0,5207,10.439551868935691,305,0,760,10.138692442847216,0.0,905,0,14,14,E,5103,0.4714285714285714,True,7.325128625030629
0,38.400000000000034,384,0,,0.47041434295672385,0.6459875720029231,rrt_star,False,0,0,4912,13.085296795346698,272,0,748,13.08389979192014,0.0,872,0,13,13,E,5104,0.4,True,5.570334225019906
0,43.10000000000013,431,0,,0.4227683243122055,1.0603578870068304,rrt_star,False,0,0,5351,10.935562813134664,348,0,760,10.928982876457306,0.0,948,0,16,16,E,5105,0.5142857142857142,True,8.912298853945686
0,48.10000000000026,481,0,,0.4195869760972042,1.1441428939870093,rrt_star,False,0,0,5169,10.041680610318863,284,0,755,10.02544297457107,0.0,884,0,11,11,E,5106,0.5642857142857143,True,7.6306425399379805
0,46.90000000000037,469,0,,0.4383540388209917,1.2002157059905585,rrt_star,False,0,0,6504,13.843686223531547,485,0,895,13.833938108489557,0.0,1085,0,12,12,E,5107,0.5071428571428571,True,5.880203795997659
0,47.400000000000084,474,0,,0.46386996732073416,0.7538268529751804,rrt_star,False,0,0,6165,15.162494393334228,369,0,845,15.015808273695612,0.0,969,0,9,9,E,5108,0.37142857142857144,True,3.6937440279580187
0,45.30000000000026,453,0,,0.44378737664019363,1.0940333569888026,rrt_star,False,0,0,6493,13.595717029213386,500,0,845,13.581819395672236,0.0,1100,0,11,11,E,5109,0.4642857142857143,True,4.932077161967754
0,37.50000000000015,375,0,,0.49497336824964977,0.7075641579867806,rrt_star,False,0,0,4533,11.60292899100065,208,0,687,11.600042032357065,0.0,810,0,9,9,E,5110,0.4357142857142857,True,2.9556895479909144
0,59.0000000000003,590,0,,0.49927287784367685,0.9512738549965434,rrt_star,False,0,0,7805,28.700409869856063,835,0,986,28.039129956403045,0.0,1435,0,7,7,E,5111,0.45,True,3.1838137560116593
0,60.10000000000039,601,0,,0.44297869554545477,1.1736042689881288,rrt_star,False,0,0,3484,9.958963215068325,155,0,529,9.94806411993863,0.0,756,0,19,19,E,5112,0.5285714285714286,True,10.82322039900464
0,43.70000000000013,437,0,,0.4555458251934879,0.8926060750090983,rrt_star,False,0,0,4508,10.807598695680294,208,0,691,10.770084103919025,0.0,808,0,21,21,E,5113,0.5142857142857142,True,10.520807191060157
0,42.1000000000002,421,0,,0.48470921771348574,0.8381190410000272,rrt_star,False,0,0,5610,12.416854602952753,371,0,800,12.134461165842962,0.0,971,0,10,10,E,5114,0.4142857142857143,True,5.247792436974123
0,37.20000000000017,372,0,,0.43437917199369214,0.9660129660042003,rrt_star,False,0,0,6037,11.27957821773183,355,0,837,11.239817234251177,0.0,955,0,10,10,E,5115,0.4714285714285714,True,4.393350238038693
0,38.800000000000075,388,0,,0.4192875062904928,0.8762172309798189,rrt_star,False,0,0,5126,9.63069475916114,263,0,732,9.533746696805814,0.0,863,0,9,9,E,5116,0.4642857142857143,True,4.228075355000328
0,44.20000000000012,442,0,,0.4169576094345064,1.0533257850038353,rrt_star,False,0,0,5899,12.652197983976844,418,0,802,12.652197983976844,0.0,1018,0,14,14,E,5117,0.4714285714285714,True,8.945584303088253
0,40.900000000000134,409,0,,0.4659093531213434,1.0402181539975572,rrt_star,False,0,0,6118,15.040280330916348,449,0,831,14.820207789663035,0.0,1049,0,8,8,E,5118,0.45714285714285713,True,4.273354522010777
0,42.60000000000013,426,0,,0.4727250220824548,0.8375128810002934,rrt_star,False,0,0,5689,13.045425943579962,301,0,796,12.999617968713915,0.0,901,0,13,13,E,5119,0.45714285714285713,True,6.627113385940902
0,46.20000000000021,462,0,,0.4054766812480637,0.9297109739854932,rrt_star,False,0,0,4928,13.789755328619739,247,0,720,13.622295606151821,0.0,847,0,14,14,E,5120,0.5642857142857143,True,8.15194377701846
0,50.70000000000021,507,0,,0.4623253842900076,1.3618412910145707,rrt_star,False,0,0,4799,12.136957657916735,263,0,714,12.080731081981595,0.0,863,0,19,19,E,5121,0.5285714285714286,True,10.264625440002419
0,44.20000000000021,442,0,,0.42064182754042484,1.052096684987191,rrt_star,False,0,0,6050,10.353336885967414,376,0,850,10.226455618073716,0.0,976,0,10,10,E,5122,0.4928571428571429,True,4.911383349040989
0,42.800000000000104,428,0,,0.4001246878007348,1.033372176985722,rrt_star,False,0,0,5920,16.528602574759088,385,0,824,16.443994923139673,0.0,985,0,5,5,E,5123,0.5285714285714286,True,2.612401888036402
0,39.50000000000019,395,0,,0.48351354551970943,0.7058032040076796,rrt_star,False,0,0,3789,11.721938383807474,93,0,583,11.694037046773472,0.0,693,0,10,10,E,5124,0.45,True,3.704052205051994
0,40.80000000000016,408,0,,0.44148036268889335,0.8140557479928248,rrt_star,False,0,0,4224,8.259377539590538,151,0,623,8.259377539590536,0.0,751,0,12,12,E,5125,0.5214285714285715,True,6.578358029044466
0,42.100000000000115,421,0,,0.4443278466257912,0.7385102100088261,rrt_star,False,0,0,4343,8.867272064390333,172,0,664,8.85080286706371,0.0,772,0,12,12,E,5126,0.45,True,5.363864487997489
0,47.80000000000016,478,0,,0.4845508293028994,0.90511696098838,rrt_star,False,0,0,4693,7.8935649892501,247,0,697,7.8935649892501,0.0,847,0,16,16,E,5127,0.5071428571428571,True,6.787206193082966
0,41.300000000000004,413,0,,0.4294154677628264,1.032856776000699,rrt_star,False,0,0,5462,14.202811206742988,325,0,781,14.169756383128016,0.0,925,0,10,10,E,5128,0.45714285714285713,True,6.871194887033198
0,45.200000000000266,452,0,,0.44981867321803065,0.8824086060049012,rrt_star,False,0,0,4699,12.72472224962727,323,0,695,12.164369525594484,0.0,923,0,14,14,E,5129,0.4785714285714286,True,6.348190876014996
0,43.20000000000015,432,0,,0.42685827695101874,0.7371384440048132,rrt_star,False,0,0,5354,21.059287298077813,344,0,766,20.763106419701852,0.0,944,0,10,10,E,5130,0.4142857142857143,True,4.704788885952439
0,41.70000000000012,417,0,,0.4624719852587887,0.8817058980057482,rrt_star,False,0,0,5250,12.039910388839969,306,0,735,11.963536054682008,0.0,906,0,7,7,E,5131,0.45,True,2.6493136760254856
0,39.899999999999956,399,0,,0.4197456124152064,0.9345882579800673,rrt_star,False,0,0,6236,13.68098402429029,389,0,863,13.231221881758831,0.0,989,0,7,7,E,5132,0.4357142857142857,True,3.159037272038404
0,41.700000000000095,417,0,,0.4454336644306658,0.9552273819863331,rrt_star,False,0,0,4844,9.123224736449325,221,0,694,9.053219638173275,0.0,821,0,13,13,E,5133,0.5214285714285715,True,7.351223814970581
0,41.00000000000007,410,0,,0.4079820041299421,0.7582470190245658,rrt_star,False,0,0,5791,16.726617376120206,369,0,807,16.631741938050066,0.0,969,0,13,13,E,5134,0.45714285714285713,True,5.111253796028905
0,45.90000000000025,459,0,,0.4602893780515934,0.8993200339900795,rrt_star,False,0,0,5861,14.665422768027826,348,0,808,14.571689329884874,0.0,948,0,14,14,E,5135,0.4357142857142857,True,4.883851502992911
0,37.700000000000124,377,0,,0.4488507614050645,0.6779336809995584,rrt_star,False,0,0,4756,12.78082637885985,223,0,733,12.220078687984062,0.0,823,0,4,4,E,5136,0.42142857142857143,True,1.051818011997966
0,41.200000000000166,412,0,,0.4153985896989349,0.7406766510102898,rrt_star,False,0,0,5566,17.173306888839676,383,0,783,17.05565670217106,0.0,983,0,9,9,E,5137,0.38571428571428573,True,3.9224626540089957
0,39.60000000000011,396,0,,0.43227149247210556,0.9974241750023793,rrt_star,False,0,0,6888,12.458744791182486,454,0,933,12.10552297547512,0.0,1054,0,9,9,E,5138,0.40714285714285714,True,4.809348324983148
0,43.50000000000007,435,0,,0.4603559699498398,0.9075960059999488,rrt_star,False,0,0,6143,16.052893980755428,375,0,868,15.492434216872672,0.0,976,0,6,6,E,5139,0.37857142857142856,True,2.4916653579857666
0,46.600000000000286,466,0,,0.419293644680005,1.0617528469883837,rrt_star,False,0,0,6275,17.60276950169905,382,0,840,17.341435811144596,0.0,982,0,11,11,E,5140,0.5571428571428572,True,4.51818946399726
0,46.3000000000003,463,0,,0.42561403591110064,0.990886726998724,rrt_star,False,0,0,5885,13.138108695419751,353,0,839,13.138108695419751,0.0,954,0,21,21,E,5141,0.44285714285714284,True,10.939859623962548
0,48.00000000000029,480,0,,0.41049242766637484,0.7960033480194397,rrt_star,False,0,0,6267,22.116195833733467,387,0,886,22.08736352716667,0.0,987,0,10,10,E,5142,0.4714285714285714,True,4.656203442078549
0,39.200000000000024,392,0,,0.40080300202132113,0.7031136779987719,rrt_star,False,0,0,4838,13.349325221764111,234,0,739,13.315068110808088,0.0,834,0,8,8,E,5143,0.42142857142857143,True,4.054117989027873
0,41.20000000000002,412,0,,0.4113879027265163,1.0991497340146452,rrt_star,False,0,0,8879,14.988945667870444,631,0,1090,14.867070211972358,0.0,1232,0,12,12,E,5144,0.40714285714285714,True,6.237151282984996
0,43.100000000000215,431,0,,0.47480481638887356,0.7235949369787704,rrt_star,False,0,0,6299,19.833816676567803,599,0,868,19.601110319510695,0.0,1199,0,11,11,E,5145,0.35,True,4.139663760986878
0,41.80000000000022,418,0,,0.47420307433257775,0.859156341990456,rrt_star,False,0,0,4481,12.557886863725734,236,0,692,12.395179019315362,0.0,837,0,13,13,E,5146,0.5071428571428571,True,6.296072269062279
0,41.7000000000002,417,0,,0.4184343002824062,0.7647282380203251,rrt_star,False,0,0,5204,16.178996208210968,285,0,735,16.056464995867927,0.0,885,0,15,15,E,5147,0.4357142857142857,True,5.615082351025194
0,39.09999999999999,391,0,,0.4709639700353629,0.6843586819886696,rrt_star,False,0,0,5114,16.850128326439375,280,0,756,16.498901493443107,0.0,880,0,9,9,E,5148,0.4857142857142857,True,3.611554484028602
0,39.80000000000009,398,0,,0.4191338087650626,0.8330058940046001,rrt_star,False,0,0,4746,9.775125951256301,241,0,727,9.72766444268524,0.0,841,0,19,19,E,5149,0.4642857142857143,True,7.66516110295197
0,38.80000000000008,388,0,,0.46893404621127743,0.7618531390035059,rrt_star,False,0,0,5081,12.049997263919098,302,0,730,12.008737507044788,0.0,902,0,8,8,E,5150,0.40714285714285714,True,3.4672740029054694
0,42.300000000000175,423,0,,0.455126601030551,0.7421841069881339,rrt_star,False,0,0,6343,13.431816448576484,385,0,890,13.370611398679657,0.0,985,0,7,7,E,5151,0.37142857142857144,True,2.2769188699894585
0,43.80000000000017,438,0,,0.4339557353367167,0.882430887024384,rrt_star,False,0,0,4585,12.060232033456389,209,0,703,12.060232033456389,0.0,809,0,14,14,E,5152,0.5,True,7.302096314058872
0,41.10000000000015,411,0,,0.4273905794675167,0.9473894810071215,rrt_star,False,0,0,4771,10.374280690299502,270,0,703,10.14657372644779,0.0,870,0,9,9,E,5153,0.5214285714285715,True,4.864674890995957
0,41.900000000000155,419,0,,0.415851848579287,0.9079439300112426,rrt_star,False,0,0,5363,12.322612716866315,281,0,764,12.322612716866315,0.0,881,0,14,14,E,5154,0.44285714285714284,True,6.844845139043173
0,51.30000000000034,513,0,,0.4506778217280773,1.1253333640052006,rrt_star,False,0,0,4747,16.460942783633207,256,0,714,16.368581084859258,0.0,856,0,19,19,E,5155,0.55,True,9.436115759017412
0,43.40000000000024,434,0,,0.48912258053922925,0.8911125150043517,rrt_star,False,0,0,6424,14.868828967855318,379,0,880,14.868828967855318,0.0,980,0,11,11,E,5156,0.4714285714285714,True,4.899930076964665
0,40.600000000000094,406,0,,0.48652080808978426,0.934580442000879,rrt_star,False,0,0,6215,10.643473391740962,403,0,884,10.517453865499423,0.0,1003,0,12,12,E,5157,0.42142857142857143,True,6.253411383979255
0,50.00000000000038,500,0,,0.4842716492378597,1.0444214800081681,rrt_star,False,0,0,4523,12.496194839753572,198,0,676,12.495760591508606,0.0,800,0,17,17,E,5158,0.5928571428571429,True,11.173710366012529
0,39.800000000000146,398,0,,0.4295202300696775,0.8101614810002502,rrt_star,False,0,0,5057,12.654401945990383,232,0,714,12.639707792607197,0.0,832,0,12,12,E,5159,0.4785714285714286,True,5.300956759980181
0,38.200000000000074,382,0,,0.44598456964166017,0.7536281509965193,rrt_star,False,0,0,5949,12.283040710104068,370,0,832,12.086988696949145,0.0,970,0,6,6,E,5160,0.40714285714285714,True,1.7341595299949404
0,45.00000000000019,450,0,,0.44475333014269935,0.8185134780069347,rrt_star,False,0,0,5022,11.56731105642657,310,0,717,11.257982076569306,0.0,910,0,13,13,E,5161,0.4714285714285714,True,4.710621881968109
0,44.00000000000011,440,0,,0.4235182506596185,0.8790984159859363,rrt_star,False,0,0,6112,16.98464617367651,386,0,861,16.798678894005505,0.0,986,0,15,15,E,5162,0.45,True,5.519061884959228
0,44.20000000000016,442,0,,0.41834809456986183,0.944766303000506,rrt_star,False,0,0,4388,9.66835601203063,226,0,657,9.623831447018715,0.0,826,0,16,16,E,5163,0.5571428571428572,True,9.10968921307358
0,36.20000000000005,362,0,,0.4814223917925408,0.6991842089919373,rrt_star,False,0,0,5547,16.60542846936648,299,0,800,16.49929066237983,0.0,899,0,7,7,E,5164,0.35714285714285715,True,2.6674367579398677
0,42.600000000000136,426,0,,0.49250142637213334,0.712078959972132,rrt_star,False,0,0,5205,15.032518605621657,228,0,756,14.995124968329204,0.0,828,0,6,6,E,5165,0.45714285714285713,True,2.061627575021703
0,43.30000000000028,433,0,,0.46756681956046114,0.7906541520205792,rrt_star,False,0,0,6161,16.503512225805746,355,0,852,16.309414142466906,0.0,955,0,12,12,E,5166,0.44285714285714284,True,4.38151765204384
0,40.00000000000017,400,0,,0.48632409167290225,0.892893914016895,rrt_star,False,0,0,4575,8.393898489670969,177,0,667,8.389887308903425,0.0,777,0,12,12,E,5167,0.4785714285714286,True,6.513508711126633
0,42.50000000000016,425,0,,0.41602326666986594,1.0102665470039938,rrt_star,False,0,0,5661,10.823138026092641,330,0,791,10.823138026092641,0.0,930,0,18,18,E,5168,0.4928571428571429,True,9.383323818008648
0,43.50000000000009,435,0,,0.49558720052307226,0.8557964930078015,rrt_star,False,0,0,4190,9.283083602172216,170,0,662,9.20756612156275,0.0,770,0,15,15,E,5169,0.4142857142857143,True,6.341686960047809
0,44.00000000000022,440,0,,0.4769990312711764,0.9212329369911458,rrt_star,False,0,0,4439,10.694739185044703,282,0,673,10.694739185044703,0.0,882,0,17,17,E,5170,0.45,True,7.821048124955269
0,53.6000000000002,536,0,,0.42240139066979177,1.1148345739929937,rrt_star,False,0,0,5581,13.401341785078852,302,0,790,13.154221391517572,0.0,902,0,22,22,E,5171,0.5428571428571428,True,11.909500706999097
0,38.800000000000054,388,0,,0.40666177381537594,0.8544798530056141,rrt_star,False,0,0,3865,9.626017842000168,171,0,591,9.626017842000168,0.0,771,0,18,18,E,5172,0.5071428571428571,True,8.490854954055976
0,45.70000000000022,457,0,,0.4209385903994609,0.9290883850189857,rrt_star,False,0,0,6126,12.381268501859378,453,0,846,12.351839598952894,0.0,1053,0,17,17,E,5173,0.4357142857142857,True,7.936952437041327
0,46.00000000000014,460,0,,0.4696968156275691,0.9449563919915818,rrt_star,False,0,0,6666,18.14429697317374,484,0,909,17.741784346150858,0.0,1085,0,10,10,E,5174,0.39285714285714285,True,4.631830402009655
0,40.60000000000021,406,0,,0.48129559539716077,0.7694375920109451,rrt_star,False,0,0,5357,13.417248129219546,306,0,774,13.297163373651511,0.0,906,0,8,8,E,5175,0.4142857142857143,True,3.1021058190381154
0,40.000000000000156,400,0,,0.43061178327319805,0.9870717939920723,rrt_star,False,0,0,7674,11.97345458573899,520,0,984,11.623867620889797,0.0,1120,0,7,7,E,5176,0.35,True,3.1282384840305895
0,39.80000000000004,398,0,,0.4714828927832428,0.7581782049965113,rrt_star,False,0,0,5423,8.919006124194485,297,0,777,8.877729343617423,0.0,897,0,9,9,E,5177,0.37857142857142856,True,3.423860569950193
0,44.60000000000013,446,0,,0.43066969658202514,0.7881093100004364,rrt_star,False,0,0,4416,9.017351854455663,169,0,651,8.942801097808879,0.0,769,0,14,14,E,5178,0.4714285714285714,True,6.983611368952552
0,96.19999999999942,962,0,,0.4613532418764192,1.9403695359942503,rrt_star,False,0,0,8221,19.14936652796556,778,0,1026,18.061109521849588,0.0,1378,0,25,25,E,5179,0.6928571428571428,True,22.769311769021442
0,51.10000000000025,511,0,,0.4422402569160247,1.143241321988171,rrt_star,False,0,0,5797,18.180697938061286,400,0,804,17.89603702943604,0.0,1000,0,11,11,E,5180,0.4642857142857143,True,5.3522251959948335
0,52.50000000000029,525,0,,0.4642335667652435,1.7268114809994586,rrt_star,False,0,0,8559,14.884767482344051,716,0,1062,14.71403986082953,0.0,1316,0,20,20,E,5181,0.6071428571428571,True,12.500626667053439
0,40.900000000000084,409,0,,0.4554742752518389,0.49718858100823127,rrt_star,False,0,0,5231,22.401287619437337,283,0,770,22.314241705750923,0.0,883,0,6,6,E,5182,0.39285714285714285,True,1.8629685770138167
0,40.00000000000016,400,0,,0.4286751768384872,0.864729516004445,rrt_star,False,0,0,5670,11.101975326972761,371,0,809,10.967877392092175,0.0,971,0,9,9,E,5183,0.4,True,4.769319613988046
0,39.60000000000011,396,0,,0.48082908060468316,0.664099969988456,rrt_star,False,0,0,5244,11.503207472982375,237,0,749,11.503207472982375,0.0,837,0,7,7,E,5184,0.35714285714285715,True,2.780137873982312
0,69.10000000000034,691,0,,0.40479396257516065,1.1571117969870102,rrt_star,False,0,0,5005,10.848037673419444,331,0,725,10.815616019314035,0.0,931,0,22,22,E,5185,0.6214285714285714,True,14.805004275985993
0,52.10000000000032,521,0,,0.4005157440985689,1.0281773599854205,rrt_star,False,0,0,7083,24.730598238012227,586,0,948,23.569073275106895,0.0,1186,0,9,9,E,5186,0.5071428571428571,True,4.933814448013436
0,36.80000000000009,368,0,,0.4055787867532758,0.7323318940179888,rrt_star,False,0,0,4787,9.322229593047252,296,0,723,9.322229593047252,0.0,896,0,9,9,E,5187,0.4142857142857143,True,4.2651571340393275
0,37.200000000000095,372,0,,0.4310569951986518,0.4277245679986663,rrt_star,False,0,0,5282,23.278610259051735,265,0,764,23.246365210692026,0.0,867,0,4,4,E,5188,0.42142857142857143,True,1.0780771800200455
0,40.30000000000019,403,0,,0.40524183741674347,1.0067841449927073,rrt_star,False,0,0,5002,12.405787272713242,217,0,725,12.313130941284893,0.0,817,0,13,13,E,5189,0.5642857142857143,True,7.991003653994994
0,41.40000000000015,414,0,,0.4377610513961045,0.7682775710127316,rrt_star,False,0,0,4956,12.257718480672,284,0,720,12.25065931211146,0.0,884,0,7,7,E,5190,0.40714285714285714,True,2.726265378005337
0,41.40000000000015,414,0,,0.43633871030199256,1.2459923920105211,rrt_star,False,0,0,6717,10.999008457404866,469,0,900,10.475184673847957,0.0,1069,0,12,12,E,5191,0.5,True,6.3789502849977
0,42.7000000000002,427,0,,0.46524755328278095,1.1010012080078013,rrt_star,False,0,0,9269,16.701266798154936,748,0,1116,14.95614283804602,0.0,1348,0,11,11,E,5192,0.38571428571428573,True,5.112653636926552
0,40.30000000000012,403,0,,0.4867188121702982,0.8236554219911341,rrt_star,False,0,0,4661,11.711959910657464,201,0,688,11.698473406256827,0.0,801,0,16,16,E,5193,0.4928571428571429,True,7.096073491993593
0,43.50000000000015,435,0,,0.48822829679929797,0.7470235119981226,rrt_star,False,0,0,5060,13.729073281844412,266,0,723,12.519625767974295,0.0,866,0,7,7,E,5194,0.4357142857142857,True,3.3462943700142205
0,52.100000000000286,521,0,,0.4823004963654106,1.2307493160187732,rrt_star,False,0,0,6711,15.254332362174383,497,0,898,15.121403400587539,0.0,1097,0,16,16,E,5195,0.55,True,9.108690026041586
0,39.60000000000022,396,0,,0.4970804867968798,0.8405485590046737,rrt_star,False,0,0,5784,12.61969965010986,427,0,784,12.6196206166924,0.0,1027,0,13,13,E,5196,0.4,True,4.836294842039933
0,44.60000000000011,446,0,,0.4908589163201612,1.082733922987245,rrt_star,False,0,0,6947,13.460723699284499,515,0,944,13.346434435974581,0.0,1115,0,11,11,E,5197,0.42142857142857143,True,5.280763048998779
0,41.50000000000014,415,0,,0.4229367634031578,0.8908504309947602,rrt_star,False,0,0,5218,13.459381989123832,345,0,742,13.429773433165105,0.0,945,0,7,7,E,5198,0.4142857142857143,True,3.5924059509998187
0,43.20000000000009,432,0,,0.45159310994302204,0.769081770995399,rrt_star,False,0,0,4429,13.547180101589753,241,0,637,13.390971933188258,0.0,841,0,18,18,E,5199,0.5,True,8.452975257998332
0,39.40000000000017,394,0,,0.4007605941388126,0.7065071379765868,rrt_star,False,0,0,5444,14.40757228096877,282,0,779,14.246368169728788,0.0,882,0,8,8,E,5200,0.42857142857142855,True,2.9033213590155356
0,42.80000000000027,428,0,,0.42991403917274496,0.7527934469981119,rrt_star,False,0,0,4809,9.741997681003276,218,0,690,9.734144682172229,0.0,818,0,18,18,E,5201,0.44285714285714284,True,7.8257467939693015
0,48.90000000000008,489,0,,0.4370302126040223,1.1294432489958126,rrt_star,False,0,0,5640,15.141599039179024,462,0,784,14.877403238019788,0.0,1062,0,18,18,E,5202,0.5071428571428571,True,10.726490004046354
0,40.300000000000125,403,0,,0.48777573862853496,0.9776215750025585,rrt_star,False,0,0,5809,9.9171095959066,381,0,823,9.894586470027814,0.0,981,0,13,13,E,5203,0.44285714285714284,True,6.183743496978423
0,38.10000000000007,381,0,,0.4554906315208087,0.7253967710130382,rrt_star,False,0,0,5117,9.968278425206417,255,0,754,9.659890228527122,0.0,855,0,9,9,E,5204,0.38571428571428573,True,3.656622876005713
0,38.800000000000075,388,0,,0.40821407211021216,0.7787953759834636,rrt_star,False,0,0,5308,13.87599496938692,333,0,757,13.348472716533026,0.0,933,0,5,5,E,5205,0.4642857142857143,True,1.6628916669578757
0,41.00000000000014,410,0,,0.48230773666948973,0.8204466089955531,rrt_star,False,0,0,5256,13.46961668398661,317,0,789,13.421564662840355,0.0,917,0,9,9,E,5206,0.45714285714285713,True,4.187464764050674
0,37.90000000000011,379,0,,0.42083938338557114,0.6752808419987559,rrt_star,False,0,0,5756,15.622997305415788,331,0,818,15.441522395227008,0.0,931,0,7,7,E,5207,0.36428571428571427,True,2.4878295850066934
0,36.20000000000006,362,0,,0.4276960123441571,0.8183817000244744,rrt_star,False,0,0,5494,11.180131381899391,329,0,761,11.13514092287351,0.0,929,0,7,7,E,5208,0.4142857142857143,True,2.7922672200074885
0,43.000000000000234,430,0,,0.45509784454937674,0.9184704429935664,rrt_star,False,0,0,6014,8.998436582860744,342,0,837,8.93193075480733,0.0,942,0,14,14,E,5209,0.40714285714285714,True,5.746971069078427
0,40.30000000000024,403,0,,0.4498407290791666,0.7940164830069989,rrt_star,False,0,0,5902,13.287025457021597,332,0,830,13.157886185089252,0.0,932,0,10,10,E,5210,0.4642857142857143,True,4.0061836909735575
0,40.50000000000016,405,0,,0.45679005731099526,0.8123913570016157,rrt_star,False,0,0,6779,14.09496382778974,465,0,914,13.682934551673329,0.0,1065,0,11,11,E,5211,0.32857142857142857,True,5.338249847962288
0,38.10000000000007,381,0,,0.4940345038994513,0.6564376759924926,rrt_star,False,0,0,5382,15.800038783026958,317,0,801,15.733416206572628,0.0,917,0,9,9,E,5212,0.38571428571428573,True,2.74027779197786
0,48.40000000000031,484,0,,0.4119116191257823,0.7454621570068412,rrt_star,False,0,0,4434,15.083366882399668,207,0,658,15.048801306422307,0.0,808,0,10,10,E,5213,0.5,True,4.3013711210514884
0,43.700000000000216,437,0,,0.4334381061480366,0.9457453080103733,rrt_star,False,0,0,6981,18.55736063291502,500,0,889,18.35626819269438,0.0,1100,0,12,12,E,5214,0.4928571428571429,True,6.883848433033563
0,42.30000000000017,423,0,,0.4386284487040309,0.8920722090115305,rrt_star,False,0,0,5996,16.343118877494454,386,0,817,16.271858340563654,0.0,986,0,7,7,E,5215,0.44285714285714284,True,3.148516374931205
0,38.80000000000019,388,0,,0.4646438554429226,0.728268795995973,rrt_star,False,0,0,4519,9.97100538528563,196,0,663,9.97100538528563,0.0,796,0,12,12,E,5216,0.42142857142857143,True,4.521287590061547
0,45.50000000000018,455,0,,0.48247400548098984,0.8760123359970748,rrt_star,False,0,0,5528,9.500030357703176,304,0,797,9.500030357703176,0.0,904,0,8,8,E,5217,0.45,True,3.573213477997342
0,41.90000000000021,419,0,,0.4632049413671049,0.8630334319896065,rrt_star,False,0,0,6213,15.209658188422823,412,0,869,14.841625051874493,0.0,1012,0,10,10,E,5218,0.4142857142857143,True,3.8452091970539186
0,41.500000000000085,415,0,,0.43899831862055877,0.7969443690089975,rrt_star,False,0,0,3873,14.505884373359697,247,0,577,13.945395247672522,0.0,847,0,11,11,E,5219,0.4785714285714286,True,6.162916546949418
0,41.00000000000007,410,0,,0.49860751547745163,0.7433163549867459,rrt_star,False,0,0,3722,11.752620159033789,164,0,554,11.70481168870607,0.0,764,0,12,12,E,5220,0.4357142857142857,True,4.476126724010101
0,47.500000000000334,475,1,,0.41823747322927346,1.01997368800221,rrt_star,False,1,0,4847,7.926632492967788,235,0,728,7.926632492967788,0.0,835,0,8,8,E,5221,0.5642857142857143,True,4.735555200051749
0,42.700000000000095,427,0,,0.4639412738357247,0.6055476280162111,rrt_star,False,0,0,5653,22.616425532803504,292,0,806,22.600445694930617,0.0,892,0,12,12,E,5222,0.45,True,4.117507653980283
0,40.000000000000135,400,0,,0.4826012069239865,0.8073000290023629,rrt_star,False,0,0,6143,12.28542002793249,425,0,882,12.099147140183858,0.0,1025,0,12,12,E,5223,0.38571428571428573,True,4.801892850955483
0,39.40000000000014,394,0,,0.46692751354742296,0.5667944329907186,rrt_star,False,0,0,5541,17.424211699909243,298,0,795,17.30634234985868,0.0,898,0,11,11,E,5224,0.38571428571428573,True,3.35899202505243
0,44.40000000000012,444,1,,0.4594776449518952,0.8126554859918542,rrt_star,False,1,0,5231,11.395627878010233,344,0,739,11.395627878010233,0.0,945,0,14,14,E,5225,0.42142857142857143,True,6.058079051901586
0,50.100000000000115,501,0,,0.4379724894366526,1.1791539060068317,rrt_star,False,0,0,4637,8.644913297803024,257,0,693,8.644913297803024,0.0,857,0,16,16,E,5226,0.5071428571428571,True,8.090666540054372
0,37.70000000000007,377,0,,0.4999165810927479,1.0632392010011245,rrt_star,False,0,0,8323,12.719795670640707,594,0,1038,12.708527398963515,0.0,1194,0,10,10,E,5227,0.4,True,4.360402352060191
0,67.10000000000039,671,0,,0.4398297273851537,1.0379178079892881,rrt_star,False,0,0,4817,15.35929576760482,245,0,699,15.270802862260087,0.0,846,0,15,15,E,5228,0.6214285714285714,True,9.873068388988031
0,39.59999999999999,396,0,,0.4387955550264321,0.4473571220005397,rrt_star,False,0,0,5834,23.473585135959294,345,0,828,23.46168197041023,0.0,945,0,9,9,E,5229,0.4714285714285714,True,2.047384240984684
0,38.00000000000007,380,0,,0.4735965384175218,0.9433883210003842,rrt_star,False,0,0,6369,13.653902361072006,409,0,898,13.481536552236783,0.0,1010,0,9,9,E,5230,0.45714285714285713,True,5.290770193998469
0,46.400000000000276,464,0,,0.40207555979606663,1.5328077099984512,rrt_star,False,0,0,9521,15.272910001736689,817,0,1135,14.894757200930327,0.0,1417,0,9,9,E,5231,0.5,True,4.635943408065941
0,43.40000000000017,434,0,,0.48285941310291525,1.1727373340108898,rrt_star,False,0,0,7219,12.419054898919459,494,0,948,12.10321428654703,0.0,1094,0,13,13,E,5232,0.45714285714285713,True,8.299575986980926
0,42.300000000000196,423,0,,0.4833709660770591,0.7947013399971183,rrt_star,False,0,0,5574,15.405843240693757,343,0,811,15.23074049302059,0.0,943,0,8,8,E,5233,0.4,True,3.591235859959852
0,38.19999999999999,382,0,,0.48164175431742334,0.8996565960114822,rrt_star,False,0,0,6359,12.94318568323316,451,0,915,12.89869947761454,0.0,1051,0,12,12,E,5234,0.42142857142857143,True,5.471597037045285
0,40.20000000000013,402,0,,0.41550816578305344,0.7181417980173137,rrt_star,False,0,0,6232,14.83465849499248,382,0,853,14.548258389491142,0.0,982,0,8,8,E,5235,0.36428571428571427,True,3.0238629470113665
0,39.4000000000002,394,0,,0.45979647583736283,0.8990076869959012,rrt_star,False,0,0,5314,12.6908775815917,289,0,756,12.575077658004501,0.0,889,0,15,15,E,5236,0.4928571428571429,True,8.479941583937034
0,40.40000000000014,404,0,,0.49257726892289233,0.7723905809980351,rrt_star,False,0,0,4597,11.631116522466723,235,0,699,11.606069851004543,0.0,835,0,12,12,E,5237,0.4357142857142857,True,5.526188850984909
0,41.60000000000022,416,0,,0.4919410068675339,0.9820674850197975,rrt_star,False,0,0,6672,13.908154567202004,392,0,881,13.845910035004234,0.0,993,0,12,12,E,5238,0.4714285714285714,True,6.0228440040082205
0,44.300000000000225,443,0,,0.4061011741236691,1.1176886970060878,rrt_star,False,0,0,5814,10.835229035747282,371,0,823,10.835229035747282,0.0,971,0,13,13,E,5239,0.5071428571428571,True,8.10517597902799
0,38.80000000000008,388,0,,0.42140684232815107,0.16711118500097655,rrt_star,False,0,0,6810,33.65123948718729,361,0,913,33.00228132617383,0.0,961,0,4,4,E,5240,0.36428571428571427,True,0.4585165710304864
0,37.599999999999945,376,0,,0.46687048563374384,0.7663172410102561,rrt_star,False,0,0,5412,12.297733084642408,250,0,769,12.209726373360674,0.0,850,0,7,7,E,5241,0.4142857142857143,True,2.686362956010271
0,57.400000000000375,574,0,,0.4963104816376714,1.024669398990227,rrt_star,False,0,0,7296,27.43536451693041,520,0,934,27.027376838112446,0.0,1120,0,13,13,E,5242,0.5,True,6.175650734017836
0,39.70000000000014,397,0,,0.46563070808158363,0.6299631639849395,rrt_star,False,0,0,4158,9.372695998370691,202,0,627,9.370473652560054,0.0,802,0,8,8,E,5243,0.38571428571428573,True,2.3727443830284756
0,47.30000000000027,473,0,,0.4641427763293811,0.645690224977443,rrt_star,False,0,0,4942,13.176771063800071,216,0,736,12.689627362900058,0.0,816,0,16,16,E,5244,0.38571428571428573,True,7.0401232399453875
0,45.000000000000234,450,0,,0.4553825402845316,0.9788930279901251,rrt_star,False,0,0,5692,15.64438431039609,405,0,801,15.473993643849472,0.0,1005,0,9,9,E,5245,0.5642857142857143,True,4.931212319963379
0,40.20000000000015,402,0,,0.4623536362622979,0.7271839329914656,rrt_star,False,0,0,5740,14.485166782871943,297,0,807,14.388945867313897,0.0,899,0,9,9,E,5246,0.4142857142857143,True,4.0498847569397185
0,47.60000000000023,476,0,,0.4056089476382847,1.4416234369855374,rrt_star,False,0,0,8588,13.487431363642841,678,0,1087,13.429055579232578,0.0,1278,0,11,11,E,5247,0.4714285714285714,True,5.981555397971533
0,38.20000000000013,382,0,,0.4208447216794956,0.6445407769933809,rrt_star,False,0,0,4498,16.879428067933564,224,0,676,16.872748593075666,0.0,825,0,15,15,E,5248,0.5071428571428571,True,5.246118750976166
0,48.000000000000284,480,0,,0.4704733014519062,0.6613555120129604,rrt_star,False,0,0,5069,17.437329299937616,243,0,735,17.294387562329216,0.0,843,0,12,12,E,5249,0.42142857142857143,True,4.193457211978966
0,36.19999999999994,362,0,,0.4428684143326836,0.7545253929856699,rrt_star,False,0,0,5555,10.290265636842424,291,0,797,10.253340311848316,0.0,891,0,14,14,E,5250,0.4,True,4.978157956968062
0,40.50000000000016,405,0,,0.48999991820214167,0.763386743987212,rrt_star,False,0,0,5877,18.71626353312432,336,0,840,18.60729407675925,0.0,936,0,9,9,E,5251,0.4714285714285714,True,4.206865307001863
0,43.60000000000029,436,0,,0.4662929296131409,0.8686498729803134,rrt_star,False,0,0,5334,11.190165309450865,264,0,758,11.181851066804253,0.0,864,0,10,10,E,5252,0.4642857142857143,True,3.766019842005335
0,49.400000000000176,494,0,,0.48802200966793385,1.4808036299946252,rrt_star,False,0,0,6475,13.109969198040854,548,0,827,13.101500276092906,0.0,1148,0,11,11,E,5253,0.5071428571428571,True,6.299762648966862
0,46.800000000000225,468,0,,0.4588558994979713,0.9993558959977236,rrt_star,False,0,0,5265,8.97626231761835,281,0,762,8.873865975655812,0.0,882,0,12,12,E,5254,0.5071428571428571,True,5.002054659940768
0,45.90000000000013,459,0,,0.4911204782812998,0.7073614179971628,rrt_star,False,0,0,5633,14.32389439583004,337,0,799,14.298921426925519,0.0,937,0,12,12,E,5255,0.40714285714285714,True,4.056798483012244
0,48.00000000000022,480,0,,0.46809113582473433,0.5965512469992973,rrt_star,False,0,0,5222,24.23992774499077,296,0,781,23.966400139285895,0.0,896,0,8,8,E,5256,0.42142857142857143,True,2.7476756549731363
0,38.90000000000009,389,0,,0.4138338826490992,0.6684726189996582,rrt_star,False,0,0,5627,12.913415539188632,306,0,815,12.640829471798105,0.0,906,0,7,7,E,5257,0.34285714285714286,True,2.172269446979044
0,40.400000000000176,404,0,,0.42717496752732526,1.232673607999459,rrt_star,False,0,0,5793,15.067707600174804,385,0,817,15.067707600174804,0.0,985,0,8,8,E,5258,0.5142857142857142,True,6.074533450009767
0,40.20000000000011,402,0,,0.4953178228873339,0.7921989370079245,rrt_star,False,0,0,4569,10.317278932292888,245,0,676,10.258202408097594,0.0,845,0,18,18,E,5259,0.4714285714285714,True,7.815495113027282
0,41.900000000000006,419,0,,0.44817074998396356,0.6273142459976953,rrt_star,False,0,0,5412,17.006257716757684,310,0,781,16.88298272977665,0.0,910,0,11,11,E,5260,0.44285714285714284,True,3.384851763083134
0,42.100000000000065,421,0,,0.49318801369074594,0.8563256630150136,rrt_star,False,0,0,5376,11.052147049506946,308,0,774,11.01003107377995,0.0,908,0,9,9,E,5261,0.4357142857142857,True,3.4192385929636657
0,57.90000000000045,579,0,,0.47294286625158427,1.2663940640049987,rrt_star,False,0,0,7395,18.612332839487554,600,0,939,18.31680669776637,0.0,1202,0,21,21,E,5262,0.4857142857142857,True,10.569039396970766
0,41.800000000000225,418,0,,0.47556383097117577,0.8442945199785754,rrt_star,False,0,0,5344,11.112864789569723,316,0,788,11.093503640487956,0.0,917,0,13,13,E,5263,0.42142857142857143,True,5.557109278946882
0,44.40000000000019,444,0,,0.4466726298269031,0.8628910659754183,rrt_star,False,0,0,4100,12.746441995787333,192,0,629,12.45332145163721,0.0,792,0,11,11,E,5264,0.5642857142857143,True,6.354482125025243
0,39.600000000000136,396,0,,0.49162842160871506,0.34507692500483245,rrt_star,False,0,0,7263,27.60736455457272,499,0,962,27.535493304267945,0.0,1099,0,4,4,E,5265,0.3357142857142857,True,0.86532392600202
0,50.400000000000205,504,0,,0.4076779747424925,0.8508742840203922,rrt_star,False,0,0,6014,22.05719406478846,371,0,840,21.84701609101455,0.0,971,0,13,13,E,5266,0.5,True,6.857726470014313
0,42.90000000000022,429,0,,0.4193892803407589,0.6694194830197375,rrt_star,False,0,0,4001,9.040482952902213,215,0,594,9.028484992515457,0.0,816,0,8,8,E,5267,0.42857142857142855,True,2.313901679008268
0,38.00000000000003,380,0,,0.47816306312119145,0.8342693599988706,rrt_star,False,0,0,5016,10.292754677417284,285,0,729,10.292754677417284,0.0,886,0,10,10,E,5268,0.44285714285714284,True,4.57878935005283
0,48.00000000000025,480,0,,0.4666708938776305,0.9118493569840211,rrt_star,False,0,0,5270,13.132476348354121,297,0,767,13.132476348354121,0.0,897,0,13,13,E,5269,0.5142857142857142,True,7.326564355957089
0,40.60000000000004,406,0,,0.44072936179302474,0.9296024869836401,rrt_star,False,0,0,4564,10.275361125206773,231,0,667,10.152749277253225,0.0,832,0,13,13,E,5270,0.5142857142857142,True,7.740523127053166
0,39.40000000000025,394,0,,0.43855070026172777,0.6727218119776808,rrt_star,False,0,0,5111,9.777316888894322,259,0,728,9.748490707453128,0.0,859,0,12,12,E,5271,0.35,True,4.7449526639829855
0,38.200000000000074,382,0,,0.4974944585538548,0.8210926040192135,rrt_star,False,0,0,5690,9.951849819292297,288,0,818,9.822379754694623,0.0,889,0,6,6,E,5272,0.39285714285714285,True,2.797090478037717
0,46.700000000000244,467,0,,0.42566532369402943,1.0255853009875864,rrt_star,False,0,0,3090,8.447652789849194,316,0,429,8.43593098813811,0.0,916,0,21,21,E,5273,0.6142857142857143,True,13.340724928973941
0,52.300000000000324,523,0,,0.4373715157394417,0.8773089319874998,rrt_star,False,0,0,3604,7.841587723217865,120,0,578,7.841587723217865,0.0,720,0,25,25,E,5274,0.6285714285714286,True,12.229679348965874
0,37.40000000000008,374,0,,0.45872456748722373,0.7118770710076205,rrt_star,False,0,0,4406,10.895240380951527,278,0,632,10.688924730899414,0.0,878,0,11,11,E,5275,0.42142857142857143,True,5.177537977055181
0,46.69806294772763,467,0,,0.4454983843673646,0.6486889660009183,rrt_star,False,0,0,4367,9.548375945687527,198,0,644,9.456774855196404,0.0,798,0,13,13,E,5276,0.4142857142857143,True,4.346657659014454
0,41.00000000000015,410,0,,0.49112578717594496,0.8335979260155,rrt_star,False,0,0,6047,17.670286578058384,373,0,837,17.41919668866828,0.0,973,0,14,14,E,5277,0.5071428571428571,True,5.721216359059326
0,74.30000000000015,743,0,,0.4681427880413724,1.4398763639910612,rrt_star,False,0,0,5799,12.511500671655606,365,0,822,12.491989177735432,0.0,965,0,20,20,E,5278,0.7142857142857143,True,17.534060190955643
0,36.70000000000003,367,0,,0.4908884813878307,0.6131271360209212,rrt_star,False,0,0,5439,16.122442223833627,296,0,801,15.896459760030153,0.0,896,0,8,8,E,5279,0.4,True,2.517435972025851
0,37.900000000000105,379,0,,0.4618872954493321,0.6032420569972601,rrt_star,False,0,0,3744,9.440907180546919,162,0,591,9.368406695594247,0.0,762,0,8,8,E,5280,0.37857142857142856,True,2.580259456008207
0,41.90000000000011,419,0,,0.4907940549703146,0.7353967190138064,rrt_star,False,0,0,5741,9.253124257689484,413,0,796,9.212649650067696,0.0,1013,0,9,9,E,5281,0.34285714285714286,True,3.5403424559917767
0,39.20000000000008,392,0,,0.47523548867235205,0.7576878489926457,rrt_star,False,0,0,6107,14.456743205256961,314,0,843,14.289415144581724,0.0,914,0,6,6,E,5282,0.4,True,2.649187971052015
0,68.00000000000037,680,0,,0.4843303140279744,1.1291157800005749,rrt_star,False,0,0,5303,10.716654657936635,339,0,760,10.716654657936635,0.0,939,0,16,16,E,5283,0.5785714285714286,True,10.730171633069403
0,45.200000000000166,452,0,,0.40468662971462954,0.8644369649991859,rrt_star,False,0,0,4895,10.049467601841615,247,0,732,10.02066729362609,0.0,848,0,13,13,E,5284,0.4785714285714286,True,5.855052592989523
0,47.80000000000032,478,0,,0.442774494072521,0.9393372320046183,rrt_star,False,0,0,4255,9.682462246529791,258,0,629,9.561727693058744,0.0,858,0,15,15,E,5285,0.5857142857142857,True,9.397620103001827
0,42.80000000000011,428,0,,0.47450449491176033,0.5027463840087876,rrt_star,False,0,0,6479,26.32038955802063,346,0,900,25.95593579079743,0.0,946,0,8,8,E,5286,0.4142857142857143,True,2.185292890033452
0,48.900000000000354,489,0,,0.4052971830586601,1.0077070980041754,rrt_star,False,0,0,6404,13.145313474930994,423,0,873,12.860990445785752,0.0,1024,0,15,15,E,5287,0.44285714285714284,True,8.922767939977348
0,41.1,411,0,,0.4986922308876585,1.116381085012108,rrt_star,False,0,0,5691,8.806329001368287,397,0,821,8.806329001368287,0.0,999,0,14,14,E,5288,0.5071428571428571,True,8.369324626080925
0,43.500000000000206,435,0,,0.45682388322330725,0.8430941609840374,rrt_star,False,0,0,5162,11.909428420517251,261,0,745,11.768865805252242,0.0,862,0,9,9,E,5289,0.45714285714285713,True,4.269495032029226
0,45.80000000000017,458,0,,0.4267698333037483,0.8482181639992632,rrt_star,False,0,0,4586,9.044417646473724,268,0,665,8.748014857314704,0.0,868,0,16,16,E,5290,0.42142857142857143,True,6.813822891999735
0,42.10000000000017,421,0,,0.4956958648092393,0.7202292150177527,rrt_star,False,0,0,4902,13.923866559898144,258,0,693,13.828623743747329,0.0,859,0,5,5,E,5291,0.42857142857142855,True,2.296496945025865
0,44.800000000000246,448,0,,0.41852451453411993,1.0568091360037215,rrt_star,False,0,0,5986,12.04365641771511,394,0,812,12.039988896123939,0.0,994,0,17,17,E,5292,0.5,True,8.70971606503008
0,43.30000000000018,433,0,,0.4528851487766375,1.1409722850075923,rrt_star,False,0,0,7850,12.99845661790389,600,0,1011,12.991858115353947,0.0,1200,0,19,19,E,5293,0.45,True,10.103080138913356
0,54.300000000000296,543,0,,0.45237335624080527,0.9186430090048816,rrt_star,False,0,0,4452,11.72099516147391,271,0,674,11.406290331449245,0.0,872,0,24,24,E,5294,0.5428571428571428,True,12.215090651006903
0,43.800000000000146,438,0,,0.47902443992586785,0.8493814099929295,rrt_star,False,0,0,4911,12.226251646745318,213,0,717,12.102349036670187,0.0,814,0,10,10,E,5295,0.4142857142857143,True,4.745007992954925
0,50.20000000000029,502,0,,0.4461748145574218,1.041507153015118,rrt_star,False,0,0,6105,9.971877002878673,463,0,838,9.971877002878673,0.0,1064,0,14,14,E,5296,0.4642857142857143,True,8.657357985997805
0,38.30000000000027,383,0,,0.49045729132509136,0.6709880520065781,rrt_star,False,0,0,6047,15.346678060918368,353,0,862,15.329214737641259,0.0,953,0,7,7,E,5297,0.39285714285714285,True,3.2634677799942438
0,39.79999999999993,398,0,,0.44684118541003903,0.9455348320188932,rrt_star,False,0,0,4547,10.797278576797192,205,0,688,10.779283542650198,0.0,805,0,12,12,E,5298,0.5214285714285715,True,7.274586526968051
0,43.000000000000185,430,0,,0.48654280102973885,0.8163331529940479,rrt_star,False,0,0,6357,14.51484594975086,421,0,876,14.51484594975086,0.0,1021,0,16,16,E,5299,0.39285714285714285,True,5.940143888961757
0,40.400000000000205,404,0,,0.40204887716615273,1.0342532490030862,rrt_star,False,0,0,4700,8.75360944697903,254,0,697,8.508799515221117,0.0,854,0,13,13,E,5300,0.55,True,6.823445885034744
0,40.30000000000015,403,0,,0.49967558230348247,0.8457620059780311,rrt_star,False,0,0,5033,9.228760153190018,236,0,737,9.228760153190018,0.0,836,0,12,12,E,5301,0.44285714285714284,True,6.477046990999952
0,43.80000000000017,438,0,,0.4439315347523965,1.0241128490015399,rrt_star,False,0,0,6288,16.093993495096395,392,0,840,16.066528981951567,0.0,992,0,16,16,E,5302,0.5214285714285715,True,8.149129882018315
0,40.30000000000018,403,0,,0.49169643701651533,1.0342632590036374,rrt_star,False,0,0,6208,10.825842005398375,446,0,863,10.825842005398375,0.0,1046,0,10,10,E,5303,0.45,True,4.988740304019302
0,43.70000000000013,437,0,,0.43135259107564866,0.642338233999908,rrt_star,False,0,0,5481,20.77232652014937,306,0,800,20.668749477433312,0.0,906,0,11,11,E,5304,0.42857142857142855,True,4.137713464006083
0,49.70000000000032,497,0,,0.4281782921104588,0.8984250909998082,rrt_star,False,0,0,4675,8.53372396011307,285,0,694,8.533723960113068,0.0,885,0,6,6,E,5305,0.5,True,3.290730798995355
0,37.2000000000001,372,0,,0.4965380190058114,0.7407842910033651,rrt_star,False,0,0,5114,9.409113586093696,250,0,738,9.409113586093696,0.0,850,0,6,6,E,5306,0.38571428571428573,True,2.786452116939472
0,45.90000000000022,459,0,,0.405223569963514,0.9783535239985213,rrt_star,False,0,0,5581,13.305168876278664,339,0,809,12.773926348666732,0.0,939,0,12,12,E,5307,0.4857142857142857,True,6.127526052936446
0,52.60000000000036,526,0,,0.41965879460745414,0.9724961220053956,rrt_star,False,0,0,5785,13.337461622225966,379,0,816,13.333601677908643,0.0,980,0,11,11,E,5308,0.5142857142857142,True,6.712093303009169
0,39.50000000000006,395,0,,0.4441339742437111,0.9880304289981723,rrt_star,False,0,0,5117,9.163888743653782,319,0,757,9.14927076090416,0.0,919,0,18,18,E,5309,0.4928571428571429,True,10.003543408063706
0,39.30000000000009,393,0,,0.44923531850078097,0.42919028300093487,rrt_star,False,0,0,5313,21.054827271747158,254,0,760,20.58543952956943,0.0,854,0,9,9,E,5310,0.36428571428571427,True,2.292243727017194
0,44.100000000000136,441,0,,0.4343024347835395,0.8169694450043608,rrt_star,False,0,0,4214,11.471845509680806,245,0,651,11.463192486645017,0.0,845,0,15,15,E,5311,0.4857142857142857,True,7.780083561112406
0,39.10000000000012,391,0,,0.40145322834683844,0.9939433060062584,rrt_star,False,0,0,6318,11.72758960057507,408,0,839,11.504318862891697,0.0,1008,0,5,5,E,5312,0.4785714285714286,True,2.3497803100326564
0,39.000000000000114,390,0,,0.47088522029838786,0.8933089339989237,rrt_star,False,0,0,5787,9.67636585683445,340,0,809,9.585019926461769,0.0,940,0,6,6,E,5313,0.4142857142857143,True,3.0275718149496242
0,54.40000000000031,544,0,,0.47629590222913387,1.2569954300124664,rrt_star,False,0,0,5264,12.047778388317456,511,0,732,11.818004389745663,0.0,1111,0,18,18,E,5314,0.5714285714285714,True,11.719064567005262
0,49.000000000000284,490,0,,0.4058357899336243,1.0582838410045952,rrt_star,False,0,0,6580,14.62093028918277,547,0,851,13.942293675773827,0.0,1147,0,18,18,E,5315,0.45,True,9.524936351954238
0,45.800000000000175,458,0,,0.4631121242591202,0.8619234580255579,rrt_star,False,0,0,6224,21.36574417709194,432,0,860,20.920313186352576,0.0,1033,0,8,8,E,5316,0.4714285714285714,True,3.539703387999907
0,39.40000000000002,394,0,,0.43248868296452025,0.7167898880143184,rrt_star,False,0,0,5080,12.004187754125864,243,0,749,11.987305024326558,0.0,843,0,12,12,E,5317,0.4357142857142857,True,4.5730054750456475
0,48.80000000000026,488,0,,0.403100011908178,1.085520958993584,rrt_star,False,0,0,4647,8.00757230711826,236,0,685,8.00757230711826,0.0,836,0,16,16,E,5318,0.5928571428571429,True,10.298868424026296
0,51.60000000000024,516,0,,0.4388222452715171,0.8746874289936386,rrt_star,False,0,0,4530,11.644770794111807,268,0,679,11.644770794111807,0.0,868,0,16,16,E,5319,0.5428571428571428,True,7.812137449946022
0,40.80000000000014,408,0,,0.4102493613829861,0.7211343650124036,rrt_star,False,0,0,4604,14.518386654214297,264,0,697,14.518301080180937,0.0,864,0,7,7,E,5320,0.42142857142857143,True,2.9519279249652755
0,40.30000000000005,403,0,,0.4527349796816373,1.068105068989098,rrt_star,False,0,0,5858,9.60430396491969,452,0,810,9.50589875165743,0.0,1052,0,13,13,E,5321,0.4857142857142857,True,9.342116857005749
0,42.50000000000017,425,0,,0.4497498774112404,0.7391214309900533,rrt_star,False,0,0,4492,9.126810148182631,199,0,678,9.058314872418173,0.0,799,0,14,14,E,5322,0.42857142857142855,True,6.4365692530118395
0,39.3,393,0,,0.4278861204720364,0.8909591059782542,rrt_star,False,0,0,6110,15.961278611792347,404,0,833,15.949113513525802,0.0,1004,0,11,11,E,5323,0.39285714285714285,True,4.89296820803429
0,43.600000000000115,436,0,,0.4786765866248174,0.8209235559916124,rrt_star,False,0,0,5366,17.94954786785502,360,0,770,17.899568373231755,0.0,960,0,9,9,E,5324,0.45714285714285713,True,4.538209028949495
0,46.20000000000011,462,0,,0.4495793257433565,0.8311996090051252,rrt_star,False,0,0,5136,9.615769597389747,263,0,745,9.577295128734225,0.0,863,0,14,14,E,5325,0.42857142857142855,True,6.001483269006712
0,41.30000000000013,413,0,,0.4887944062837758,0.8185182140150573,rrt_star,False,0,0,5387,11.47549191016696,308,0,777,11.3199213791252,0.0,908,0,12,12,E,5326,0.40714285714285714,True,4.694619379064534
0,40.80000000000005,408,0,,0.429110480723253,0.5582547269877978,rrt_star,False,0,0,4688,18.955724264481702,257,0,697,18.947225517587892,0.0,857,0,12,12,E,5327,0.45,True,3.712199986941414
0,51.900000000000354,519,0,,0.43791808079980515,1.198693779995665,rrt_star,False,0,0,7077,22.178090045719795,597,0,922,21.577313301245308,0.0,1197,0,15,15,E,5328,0.6071428571428571,True,7.149492031952832
0,54.3000000000004,543,0,,0.41016997915653,1.0487267129938118,rrt_star,False,0,0,4190,13.431793279772997,221,0,639,13.428104531628813,0.0,822,0,13,13,E,5329,0.6428571428571429,True,8.554238776996499
0,42.80000000000024,428,0,,0.4375475628393948,1.0541087619785685,rrt_star,False,0,0,5734,15.003246634024611,346,0,797,14.767509083852527,0.0,946,0,9,9,E,5330,0.42857142857142855,True,4.209542011987651
0,41.600000000000136,416,0,,0.4439653133260094,1.1370420759776607,rrt_star,False,0,0,7680,14.610306008656554,526,0,980,13.385831953794874,0.0,1126,0,9,9,E,5331,0.44285714285714284,True,6.362691032962175
0,38.50000000000011,385,0,,0.4064984953693437,1.0450131719990168,rrt_star,False,0,0,6351,15.318711939253543,455,0,885,15.318711939253541,0.0,1055,0,11,11,E,5332,0.45714285714285713,True,6.184354643017286
0,42.70000000000023,427,0,,0.47871978409658444,0.87324927301961,rrt_star,False,0,0,5520,15.607912953495669,310,0,791,15.497949569263183,0.0,910,0,13,13,E,5333,0.4928571428571429,True,4.658822223020252
0,40.90000000000024,409,0,,0.4814443700212942,1.0363389689882752,rrt_star,False,0,0,6540,10.22432151299055,483,0,908,10.22432151299055,0.0,1083,0,13,13,E,5334,0.42142857142857143,True,6.286583982058801
0,75.2000000000001,752,0,,0.4323886712159661,1.2472802499833051,rrt_star,False,0,0,5696,21.238418097775124,364,0,798,20.97324303314363,0.0,964,0,21,21,E,5335,0.5857142857142857,True,14.200007064995589
0,56.5000000000004,565,0,,0.4853972737830581,1.0084654170204885,rrt_star,False,0,0,5416,16.679406722923986,329,0,776,16.40250429188935,0.0,929,0,16,16,E,5336,0.55,True,8.93126720096916
0,41.900000000000105,419,0,,0.4332017459953126,0.7174267960072029,rrt_star,False,0,0,4876,13.557275620911446,284,0,710,13.457340501737672,0.0,884,0,11,11,E,5337,0.4357142857142857,True,4.338252843008377
0,39.60000000000015,396,0,,0.407972913269048,0.7520342110074125,rrt_star,False,0,0,5701,15.59710727788409,331,0,819,15.416230318399032,0.0,931,0,11,11,E,5338,0.45,True,4.847418566001579
0,41.90000000000013,419,0,,0.46968287158194855,0.8095837619912345,rrt_star,False,0,0,5024,10.487413076518546,286,0,745,10.487413076518546,0.0,887,0,10,10,E,5339,0.4357142857142857,True,4.8409107150218915
0,42.60000000000021,426,0,,0.4574900129722072,1.068830655014608,rrt_star,False,0,0,7024,14.46730684804683,509,0,907,14.097041397831239,0.0,1110,0,13,13,E,5340,0.4642857142857143,True,5.572295250050956
0,41.50000000000011,415,0,,0.4371943502164424,0.8381085879809689,rrt_star,False,0,0,5093,14.770861608627404,268,0,743,14.601056028507495,0.0,868,0,10,10,E,5341,0.4642857142857143,True,4.402674246986862
0,47.500000000000256,475,0,,0.47655877678741076,0.8472813139960635,rrt_star,False,0,0,6215,18.011004590898683,443,0,869,16.284727955356978,0.0,1043,0,14,14,E,5342,0.45,True,5.252958984026918
0,36.90000000000005,369,0,,0.47326352322156134,0.4769300539919641,rrt_star,False,0,0,5382,18.584508912317734,286,0,762,18.509624024659068,0.0,886,0,7,7,E,5343,0.37142857142857144,True,1.9996549770003185
0,42.199999999999974,422,0,,0.4428085016145388,0.7392544700123835,rrt_star,False,0,0,4954,12.56147356266148,234,0,738,12.56147356266148,0.0,834,0,12,12,E,5344,0.37857142857142856,True,4.8763481370406225
0,39.000000000000135,390,0,,0.4080499733640402,1.055968994012801,rrt_star,False,0,0,6980,10.825211088801042,470,0,926,10.825211088801042,0.0,1071,0,9,9,E,5345,0.4142857142857143,True,5.167634008976165
0,52.50000000000034,525,0,,0.4914127289073282,1.0795909659937024,rrt_star,False,0,0,5454,9.333701050074408,342,0,781,9.321229986962795,0.0,943,0,16,16,E,5346,0.5214285714285715,True,10.431944643030874
0,44.30000000000014,443,0,,0.4625952334700122,0.8007898979994934,rrt_star,False,0,0,4524,9.2708889562652,223,0,687,9.269524320338489,0.0,823,0,12,12,E,5347,0.4642857142857143,True,5.073220149963163
0,42.600000000000065,426,0,,0.44310155139119106,0.8362996749929152,rrt_star,False,0,0,5094,9.84949627936573,235,0,727,9.788309660712839,0.0,835,0,13,13,E,5348,0.45,True,6.727757786982693
0,38.60000000000016,386,0,,0.47888537625945815,0.966604745015502,rrt_star,False,0,0,5008,8.582821149090861,242,0,708,8.582821149090861,0.0,842,0,13,13,E,5349,0.45714285714285713,True,7.659732113970676
0,47.600000000000236,476,0,,0.47151985703760885,0.7745617289911024,rrt_star,False,0,0,4812,14.64111485044622,264,0,727,14.608863291618954,0.0,864,0,16,16,E,5350,0.44285714285714284,True,7.406961875007255
0,63.50000000000052,635,0,,0.4669179997638385,1.2110547400079668,rrt_star,False,0,0,5123,13.787687661160122,285,0,736,13.511722333725352,0.0,885,0,19,19,E,5351,0.7285714285714285,True,11.99387086511706
0,37.200000000000024,372,0,,0.47471297261649364,0.717698100983398,rrt_star,False,0,0,5766,15.205126525353062,327,0,828,15.199754196068332,0.0,927,0,11,11,E,5352,0.4142857142857143,True,4.9709695540659595
0,43.500000000000156,435,0,,0.4204650185968088,0.9642517370230053,rrt_star,False,0,0,5038,10.653716337068197,270,0,737,10.628441445234046,0.0,870,0,13,13,E,5353,0.5357142857142857,True,7.682208038022509
0,47.50000000000019,475,0,,0.4561063470261691,0.7177987069881056,rrt_star,False,0,0,5547,19.144187761958925,335,0,766,18.896582646426793,0.0,935,0,10,10,E,5354,0.39285714285714285,True,3.4385026169766206
0,42.800000000000175,428,0,,0.49459763719800537,0.8618947820214089,rrt_star,False,0,0,4207,10.615445976591426,190,0,640,10.615445976591426,0.0,791,0,16,16,E,5355,0.4357142857142857,True,7.795923753059469
0,44.6000000000002,446,0,,0.45371148109229315,0.8942694840079639,rrt_star,False,0,0,5300,12.699575197263302,284,0,784,12.385521463233108,0.0,884,0,14,14,E,5356,0.37142857142857144,True,5.517734727996867
0,42.300000000000104,423,0,,0.4810850001189622,0.9092882130062208,rrt_star,False,0,0,6110,13.521602312863884,381,0,843,13.022114924186841,0.0,982,0,12,12,E,5357,0.4142857142857143,True,5.892900419945363
0,44.90000000000025,449,0,,0.44766506768226044,0.7249234939808957,rrt_star,False,0,0,4581,19.21505762140421,247,0,685,17.341918881727317,0.0,847,0,7,7,E,5358,0.4857142857142857,True,3.484034658962628
0,48.50000000000021,485,0,,0.4145724437899137,1.4059771639877,rrt_star,False,0,0,7329,13.486096345399842,616,0,952,13.338332125234345,0.0,1216,0,13,13,E,5359,0.5714285714285714,True,9.199579571024515
0,50.60000000000029,506,0,,0.40075616359303645,1.482062216004124,rrt_star,False,0,0,8844,17.359667453449443,887,0,1047,17.120995803623224,0.0,1487,0,7,7,E,5360,0.5071428571428571,True,5.313947613001801
0,43.60000000000018,436,0,,0.4988908087671538,0.6199479339993559,rrt_star,False,0,0,4582,14.044207474786479,182,0,681,14.044207474786479,0.0,783,0,14,14,E,5361,0.42142857142857143,True,5.164583088015206
0,52.10000000000027,521,0,,0.43766251926048627,0.9467111970006954,rrt_star,False,0,0,4820,11.10817839031783,351,0,724,11.10817839031783,0.0,951,0,21,21,E,5362,0.5071428571428571,True,12.201912083895877
0,45.00000000000022,450,0,,0.44238699161535655,0.8994462380069308,rrt_star,False,0,0,4508,9.57201022347491,267,0,679,9.546610989193663,0.0,867,0,15,15,E,5363,0.5071428571428571,True,7.9776398339890875
0,41.3000000000002,413,0,,0.4312885405129026,0.6740073410037439,rrt_star,False,0,0,4877,16.657116653425543,235,0,721,16.25666736590647,0.0,835,0,16,16,E,5364,0.4642857142857143,True,6.482667629956268
0,44.40000000000022,444,0,,0.4725568576805927,0.9896580910135526,rrt_star,False,0,0,5709,12.402374052170364,352,0,800,12.130994094049814,0.0,952,0,16,16,E,5365,0.4357142857142857,True,9.236785135028185
0,41.40000000000009,414,0,,0.40697094698086034,0.761371444008546,rrt_star,False,0,0,6001,14.708910825336211,337,0,843,14.653063550898727,0.0,937,0,9,9,E,5366,0.42857142857142855,True,3.844437979045324
0,36.30000000000001,363,0,,0.4011314782845137,0.8026992529921699,rrt_star,False,0,0,3936,9.203176363536953,190,0,616,9.202836032171273,0.0,790,0,10,10,E,5367,0.4714285714285714,True,4.606272129050922
0,44.80000000000027,448,1,,0.49596545537150216,0.7012824660050683,rrt_star,False,1,0,4824,10.81287507690647,233,0,710,10.604495367646571,0.0,833,0,16,16,E,5368,0.39285714285714285,True,6.436465734936064
0,45.20000000000001,452,0,,0.41773481305019916,0.9094254739757162,rrt_star,False,0,0,3834,13.143612521533791,238,0,589,13.143612521533791,0.0,838,0,14,14,E,5369,0.5,True,7.416217855934519
0,51.200000000000216,512,0,,0.46552035015391613,1.3983681450190488,rrt_star,False,0,0,5398,12.106297124039834,375,0,755,11.982165157967126,0.0,975,0,15,15,E,5370,0.5142857142857142,True,10.097067293041619
0,51.50000000000024,515,0,,0.4911481326792088,0.996690198982833,rrt_star,False,0,0,6591,26.73164322278644,534,0,890,26.23423357371204,0.0,1134,0,9,9,E,5371,0.5071428571428571,True,4.645622178941267
0,42.100000000000186,421,0,,0.41038250198064946,0.6916237029945478,rrt_star,False,0,0,5144,11.216543677360345,334,0,738,11.216543677360344,0.0,934,0,13,13,E,5372,0.38571428571428573,True,4.91035117598949
0,42.80000000000016,428,0,,0.40704613369880444,0.9922494189813733,rrt_star,False,0,0,4933,10.738810139577417,400,0,668,10.714325425079865,0.0,1000,0,13,13,E,5373,0.4714285714285714,True,6.800105678994441
0,48.100000000000314,481,0,,0.48686257938027006,0.8443550080119167,rrt_star,False,0,0,4127,10.756901638324424,174,0,633,10.693108352402042,0.0,774,0,12,12,E,5374,0.44285714285714284,True,5.692401669046376
0,43.20000000000025,432,0,,0.43000916319010574,0.963105003000237,rrt_star,False,0,0,6553,21.471118974642078,452,0,877,17.487828838639455,0.0,1053,0,13,13,E,5375,0.45714285714285713,True,5.724360369029455
0,42.400000000000226,424,0,,0.4168862700310276,1.0209885879885405,rrt_star,False,0,0,6906,14.62376004223796,402,0,898,14.426033049189748,0.0,1002,0,12,12,E,5376,0.5071428571428571,True,6.042455593007617
0,42.80000000000011,428,0,,0.44561297573492675,0.7384841809980571,rrt_star,False,0,0,6956,17.2414814412183,440,0,926,17.199369662260484,0.0,1040,0,9,9,E,5377,0.3357142857142857,True,3.654749984969385
0,40.8000000000001,408,0,,0.48544556436140424,0.6803016549965832,rrt_star,False,0,0,4598,16.258667676668665,197,0,691,16.109140668941848,0.0,797,0,8,8,E,5378,0.4714285714285714,True,2.879840918001719
0,37.80000000000013,378,0,,0.4441083523633026,0.9924558299826458,rrt_star,False,0,0,6037,12.501310705789738,463,0,826,12.501310705789738,0.0,1063,0,13,13,E,5379,0.4357142857142857,True,7.013028776971623
0,47.50000000000024,475,0,,0.43867351134629323,0.8971813850221224,rrt_star,False,0,0,4615,10.503400984967655,199,0,688,10.471296549140185,0.0,799,0,20,20,E,5380,0.5142857142857142,True,9.081326232029824
0,43.0000000000002,430,0,,0.4849930724274235,1.040535689011449,rrt_star,False,0,0,7269,14.688380341900261,615,0,932,14.602654844474868,0.0,1215,0,7,7,E,5381,0.45714285714285713,True,3.8334980150102638
0,38.10000000000003,381,0,,0.4216107015715042,0.7855939549917821,rrt_star,False,0,0,5610,10.532268305693758,322,0,789,10.328923492113411,0.0,922,0,8,8,E,5382,0.39285714285714285,True,3.466190028935671
0,60.00000000000049,600,0,,0.40044202018495756,0.7741520029958338,rrt_star,False,0,0,5970,22.745283565465478,403,0,824,21.92734880726623,0.0,1003,0,15,15,E,5383,0.5571428571428572,True,6.106397158961045
0,45.200000000000244,452,0,,0.4637547532696679,0.743229332001647,rrt_star,False,0,0,4718,17.122761969083925,230,0,704,16.996328265954308,0.0,830,0,18,18,E,5384,0.4857142857142857,True,8.335366248968057
0,44.40000000000021,444,0,,0.47925806181934877,0.9881186569982674,rrt_star,False,0,0,4573,9.512972711303432,202,0,680,9.481057428438277,0.0,802,0,13,13,E,5385,0.5214285714285715,True,6.853839682997204
0,47.70000000000015,477,0,,0.4861499012908141,0.8359842510253657,rrt_star,False,0,0,3888,8.506713924952697,188,0,594,8.48666082828558,0.0,789,0,20,20,E,5386,0.4785714285714286,True,9.591375807038276
0,39.1000000000002,391,0,,0.46632260906285333,0.3964718249917496,rrt_star,False,0,0,5831,27.220265305404144,312,0,809,26.918791458665122,0.0,912,0,4,4,E,5387,0.45,True,0.7900091900373809
0,43.400000000000276,434,0,,0.44665528123745013,0.9530850679730065,rrt_star,False,0,0,6198,18.19185017400329,476,0,859,16.474922462198315,0.0,1076,0,9,9,E,5388,0.4857142857142857,True,3.1459664079884533
0,43.10000000000023,431,0,,0.4107476056314489,1.0690474569855724,rrt_star,False,0,0,4260,9.62103061812634,220,0,628,9.62103061812634,0.0,820,0,15,15,E,5389,0.5428571428571428,True,10.235187988000689
0,45.00000000000024,450,0,,0.46631563714814234,0.9679775489785243,rrt_star,False,0,0,5235,12.787347889017777,312,0,738,12.776153892955003,0.0,912,0,15,15,E,5390,0.5,True,6.941736286971718
0,41.10000000000015,411,0,,0.4834336200861278,0.6424526929913554,rrt_star,False,0,0,4998,14.819169034236939,289,0,717,14.819169034236937,0.0,889,0,11,11,E,5391,0.37142857142857144,True,3.8665145430422854
0,43.80000000000031,438,0,,0.4892910379925883,0.9297888620058075,rrt_star,False,0,0,5483,11.556613609392812,308,0,791,11.54969237861976,0.0,908,0,12,12,E,5392,0.4642857142857143,True,6.235161699936725
0,44.800000000000296,448,1,,0.4448453769342673,0.7276066030026414,rrt_star,False,1,0,4150,11.133066318167907,203,0,602,10.796779427886019,0.0,803,0,11,11,E,5393,0.45,True,3.8702818390447646
0,38.40000000000001,384,0,,0.497479511065327,1.1362982979917433,rrt_star,False,0,0,4410,10.546100602081939,191,0,666,10.502601937548159,0.0,791,0,11,11,E,5394,0.45,True,5.565704099019058
0,51.50000000000034,515,0,,0.4463169553811806,0.915448875981383,rrt_star,False,0,0,5193,14.794048415563525,277,0,769,14.783633757710543,0.0,877,0,11,11,E,5395,0.55,True,5.913677793927491
0,41.600000000000115,416,0,,0.4414459037358308,0.7708708339778241,rrt_star,False,0,0,5541,17.766255350741908,336,0,816,17.766255350741908,0.0,936,0,12,12,E,5396,0.4357142857142857,True,5.82112419695477
0,41.80000000000011,418,0,,0.40846386804582036,1.2518440749845468,rrt_star,False,0,0,8026,14.276962608988514,648,0,1040,14.229123045041154,0.0,1248,0,8,8,E,5397,0.44285714285714284,True,4.69920179998735
0,40.300000000000075,403,0,,0.477409665962709,1.134063966019312,rrt_star,False,0,0,7798,13.496190390311837,540,0,1003,13.113064282411218,0.0,1140,0,12,12,E,5398,0.42857142857142855,True,6.798482026963029
0,40.10000000000019,401,0,,0.4036308844630956,0.5365716080123093,rrt_star,False,0,0,5241,19.03875279313231,267,0,752,19.024570788623507,0.0,867,0,7,7,E,5399,0.37142857142857144,True,2.3231093360227533
0,47.1000000000003,471,0,,0.4608409535935415,0.6857111399876885,rrt_star,False,0,0,6258,18.951792847162697,401,0,832,18.9266846066157,0.0,1001,0,8,8,E,5400,0.32857142857142857,True,2.9333229810290504
0,39.30000000000009,393,0,,0.4691615977667512,0.530255923018558,rrt_star,False,0,0,4334,9.982704934599827,200,0,655,9.770994122287531,0.0,800,0,11,11,E,5401,0.30714285714285716,True,3.246322298044106
0,42.40000000000009,424,0,,0.454557483331137,0.8431441559805535,rrt_star,False,0,0,5156,13.215103196173159,262,0,739,12.95219726049769,0.0,862,0,11,11,E,5402,0.44285714285714284,True,5.498291272990173
0,41.20000000000012,412,0,,0.4072783587310453,0.742656459013233,rrt_star,False,0,0,5754,12.129504869550585,300,0,813,12.027716191336259,0.0,900,0,10,10,E,5403,0.37142857142857144,True,3.5890700690215454
0,41.400000000000155,414,0,,0.44775080159633546,0.8380245590233244,rrt_star,False,0,0,4679,11.149751376549181,216,0,699,11.149751376549181,0.0,816,0,14,14,E,5404,0.5357142857142857,True,6.532889255991904
0,40.80000000000014,408,0,,0.46878563837849424,0.7166957489971537,rrt_star,False,0,0,5400,13.140350455016193,302,0,795,13.025114453689214,0.0,902,0,8,8,E,5405,0.39285714285714285,True,2.6967907559883315
0,36.20000000000003,362,0,,0.4203982414213003,0.630877187999431,rrt_star,False,0,0,5181,11.751186830778035,294,0,764,11.751186830778035,0.0,894,0,4,4,E,5406,0.36428571428571427,True,1.3617155149986502
0,40.900000000000134,409,0,,0.4845006360283304,0.8779588839970529,rrt_star,False,0,0,5321,10.455803643082124,315,0,759,10.307272069570962,0.0,915,0,9,9,E,5407,0.4357142857142857,True,3.978136505931616
0,37.200000000000095,372,0,,0.4492874240285727,0.8224197789968457,rrt_star,False,0,0,5984,14.168300702738785,364,0,863,14.168300702738785,0.0,964,0,9,9,E,5408,0.38571428571428573,True,3.300143128988566
0,40.700000000000124,407,0,,0.47441206478145453,0.9091240450215992,rrt_star,False,0,0,5480,13.088922482830146,360,0,782,13.023296159828186,0.0,960,0,10,10,E,5409,0.44285714285714284,True,4.454467108967947
0,39.0000000000001,390,0,,0.45271104095290793,0.6586816580093,rrt_star,False,0,0,4830,13.164637320066165,205,0,719,13.164637320066165,0.0,806,0,9,9,E,5410,0.42857142857142855,True,3.607987777009839
0,44.000000000000135,440,0,,0.4671761996045666,0.7573465319874231,rrt_star,False,0,0,4751,12.418497376905993,218,0,710,12.390216899684736,0.0,819,0,14,14,E,5411,0.4357142857142857,True,5.6767688839754555
0,49.60000000000024,496,0,,0.46374367861292415,1.13891987799434,rrt_star,False,0,0,6741,13.592667137505728,482,0,900,13.578703875150634,0.0,1082,0,11,11,E,5412,0.45,True,6.931699344015215
0,44.70000000000015,447,0,,0.4950589736895505,1.0117671740008518,rrt_star,False,0,0,6774,18.79621868451415,489,0,922,18.70615527361543,0.0,1090,0,12,12,E,5413,0.45714285714285713,True,5.254438948031748
0,38.900000000000134,389,0,,0.48794193524145874,0.7121674669906497,rrt_star,False,0,0,5594,11.988198320254678,278,0,798,11.418398406514129,0.0,879,0,11,11,E,5414,0.35714285714285715,True,3.772814671974629
0,41.800000000000075,418,0,,0.40582420834706084,1.0355712589807808,rrt_star,False,0,0,5779,9.615254857846935,312,0,813,9.508867627234283,0.0,912,0,10,10,E,5415,0.45,True,6.0927341059432365
0,41.20000000000004,412,0,,0.4406871248946614,0.913887230999535,rrt_star,False,0,0,6331,14.309693270867955,412,0,860,12.916415980536392,0.0,1012,0,8,8,E,5416,0.39285714285714285,True,3.3366716260206886
0,48.0000000000003,480,0,,0.47563486384816417,0.9059472920198459,rrt_star,False,0,0,4080,11.498289247190657,179,0,606,11.490739258324549,0.0,779,0,13,13,E,5417,0.4928571428571429,True,6.633622029068647
0,42.70000000000006,427,0,,0.42857867839128105,0.8643600130162667,rrt_star,False,0,0,5400,12.322062306113413,289,0,779,12.251187160620745,0.0,889,0,7,7,E,5418,0.45714285714285713,True,3.4526833930576686
0,68.8000000000005,688,0,,0.4710494033674234,1.3519898529921193,rrt_star,False,0,0,4840,12.08426914166362,283,0,695,11.786648052609017,0.0,883,0,18,18,E,5419,0.7571428571428571,True,14.560771132964874
0,38.900000000000084,389,0,,0.48175810300681643,1.0637508070212789,rrt_star,False,0,0,6832,11.52629239061735,458,0,925,11.514977179387902,0.0,1058,0,11,11,E,5420,0.44285714285714284,True,5.567715438985033
0,40.60000000000017,406,0,,0.42326709818692004,0.6715935589745641,rrt_star,False,0,0,4348,12.255820916958186,163,0,672,12.22723022598363,0.0,763,0,12,12,E,5421,0.42142857142857143,True,4.086793556984048
0,42.90000000000028,429,0,,0.4815641798944673,0.7551503260037862,rrt_star,False,0,0,4797,12.261922091838949,227,0,715,11.79073217478568,0.0,827,0,12,12,E,5422,0.45,True,4.136178084008861
0,38.90000000000007,389,0,,0.41386311778241186,0.8273814549902454,rrt_star,False,0,0,5062,9.200468478944943,236,0,760,9.128710230447691,0.0,836,0,8,8,E,5423,0.42857142857142855,True,3.6423479569493793
0,47.20000000000029,472,0,,0.46960572170512566,0.9371292360010557,rrt_star,False,0,0,8247,21.29367847646981,613,0,1048,21.04668614653876,0.0,1214,0,9,9,E,5424,0.35,True,3.233865746005904
0,41.500000000000036,415,0,,0.48314825992132293,0.8019471200241242,rrt_star,False,0,0,4337,9.528818615373108,206,0,664,9.528818615373108,0.0,807,0,11,11,E,5425,0.44285714285714284,True,4.588013631990179
0,41.29999999999984,413,0,,0.48960162848507904,0.8045476489933208,rrt_star,False,0,0,4319,10.390715353365874,180,0,653,10.390715353365874,0.0,780,0,12,12,E,5426,0.45714285714285713,True,5.9862670629809145
0,46.50000000000026,465,0,,0.4083872462914287,0.793294684990542,rrt_star,False,0,0,4746,10.542359756538248,263,0,697,10.540541342807492,0.0,863,0,18,18,E,5427,0.45714285714285713,True,5.998475159052759
0,44.80000000000017,448,0,,0.49813445786388016,0.9539411820005625,rrt_star,False,0,0,5814,15.060736589596624,397,0,804,14.95967479686312,0.0,997,0,7,7,E,5428,0.39285714285714285,True,3.7851642510213424
0,38.40000000000009,384,0,,0.4394258246798539,0.9045070210122503,rrt_star,False,0,0,5875,10.533824975557444,349,0,834,10.467304667849413,0.0,949,0,11,11,E,5429,0.42857142857142855,True,4.47023344101035
0,44.49999999999996,445,0,,0.4919002480107778,0.9768844879872631,rrt_star,False,0,0,4534,13.336228562094176,251,0,657,13.312028496976412,0.0,851,0,14,14,E,5430,0.4785714285714286,True,6.458156884938944
0,64.70000000000059,647,0,,0.4162588285666925,0.9376450119889341,rrt_star,False,0,0,4267,12.3284247506075,199,0,622,12.3200729874346,0.0,800,0,15,15,E,5431,0.5928571428571429,True,8.973338393960148
0,42.800000000000104,428,0,,0.40940977186944,0.8596402609837241,rrt_star,False,0,0,5241,14.938968820780127,263,0,760,14.92027224338466,0.0,863,0,13,13,E,5432,0.4785714285714286,True,5.835375310969539
0,39.30000000000008,393,0,,0.4016983047995241,0.6574508339981548,rrt_star,False,0,0,6042,15.125432863540265,331,0,856,15.119188883230292,0.0,931,0,9,9,E,5433,0.37857142857142856,True,2.9735808560217265
0,40.3000000000001,403,0,,0.47803987504222906,0.800430163013516,rrt_star,False,0,0,5530,13.501518876811138,336,0,792,13.501518876811138,0.0,936,0,11,11,E,5434,0.38571428571428573,True,4.393746971007204
0,40.80000000000017,408,0,,0.41333033718984,0.9549878409889061,rrt_star,False,0,0,6394,15.044122130610985,432,0,885,14.636477902920133,0.0,1032,0,13,13,E,5435,0.45,True,5.155851908959448
0,44.00000000000014,440,0,,0.4652596707877833,1.0173149930196814,rrt_star,False,0,0,4070,10.525046806480672,184,0,613,10.478985752598287,0.0,784,0,11,11,E,5436,0.5428571428571428,True,6.7023052999866195
0,41.700000000000124,417,0,,0.43142376159399537,0.897365073004039,rrt_star,False,0,0,6024,13.373191591540246,363,0,823,13.258174580324265,0.0,963,0,12,12,E,5437,0.4142857142857143,True,5.327594806061825
0,52.70000000000041,527,0,,0.4021750289028577,0.940803050994873,rrt_star,False,0,0,5226,9.353928630762672,343,0,754,9.348252931903108,0.0,943,0,15,15,E,5438,0.4714285714285714,True,7.473925447964575
0,42.70000000000014,427,0,,0.4139817448629989,0.7744990189967211,rrt_star,False,0,0,5068,13.657402350164679,278,0,720,13.132062392857014,0.0,878,0,15,15,E,5439,0.45714285714285713,True,5.675482766964706
0,38.8,388,0,,0.4739816374646142,0.6743240600044373,rrt_star,False,0,0,5832,16.651094084823466,330,0,816,16.289363230229178,0.0,930,0,8,8,E,5440,0.38571428571428573,True,3.2388312660332303
0,42.60000000000003,426,0,,0.4851882560025261,0.7267462349846028,rrt_star,False,0,0,5167,18.659287290419215,293,0,770,18.21298421383115,0.0,893,0,11,11,E,5441,0.42142857142857143,True,3.889361006033141
0,40.400000000000205,404,0,,0.4912313021903191,0.900663248001365,rrt_star,False,0,0,6348,15.734556091558149,403,0,877,15.705529780385028,0.0,1004,0,12,12,E,5442,0.44285714285714284,True,6.262433972005965
0,45.20000000000006,452,0,,0.44485085810400016,0.9529619899985846,rrt_star,False,0,0,6714,13.322773393050275,457,0,909,13.290148242403832,0.0,1057,0,20,20,E,5443,0.4714285714285714,True,9.850956545007648
0,41.10000000000015,411,0,,0.4484172777816048,0.6887150160036981,rrt_star,False,0,0,4766,16.04801009116043,275,0,708,15.72125654014174,0.0,876,0,13,13,E,5444,0.4357142857142857,True,4.9397550669673365
0,38.20000000000015,382,0,,0.4106603363826011,0.9639106149843428,rrt_star,False,0,0,5476,11.368865346107734,314,0,787,11.026496664641419,0.0,914,0,8,8,E,5445,0.5,True,3.7301878499856684
0,39.000000000000085,390,0,,0.4849571180029303,0.8529280420043506,rrt_star,False,0,0,5433,15.818228227150342,300,0,774,15.721267139316948,0.0,900,0,15,15,E,5446,0.45,True,6.830783922050614
0,42.000000000000135,420,0,,0.4127138471433124,0.7389560879964847,rrt_star,False,0,0,4668,11.856085409994643,255,0,701,11.856085409994643,0.0,855,0,10,10,E,5447,0.40714285714285714,True,3.402614265010925
0,46.80000000000021,468,0,,0.4305900294501862,0.7750788370030932,rrt_star,False,0,0,4225,12.464911806273095,222,0,650,12.433452046915543,0.0,822,0,12,12,E,5448,0.4928571428571429,True,5.673447398992721
0,49.90000000000041,499,0,,0.41824171073015765,0.9360577250190545,rrt_star,False,0,0,4862,15.144493883185968,245,0,698,14.93753458196958,0.0,845,0,12,12,E,5449,0.5357142857142857,True,7.375495730084367
0,40.400000000000105,404,0,,0.4647636449152878,0.8559269649849739,rrt_star,False,0,0,5292,11.141466543767308,272,0,756,10.780446584638185,0.0,872,0,10,10,E,5450,0.42857142857142855,True,4.156378142972244
0,46.200000000000244,462,0,,0.44411475962005403,0.9057981999940239,rrt_star,False,0,0,6664,21.148000460468644,455,0,883,20.619410088035337,0.0,1055,0,10,10,E,5451,0.4857142857142857,True,3.9227192079706583
0,45.40000000000021,454,0,,0.432649855094409,1.1932520389964338,rrt_star,False,0,0,6965,11.914236997894077,517,0,927,10.814561188563795,0.0,1119,0,16,16,E,5452,0.5,True,7.976782131998334
0,40.90000000000009,409,0,,0.46979250855649374,0.8505546219821554,rrt_star,False,0,0,4956,11.871229693329031,248,0,734,11.871229693329031,0.0,848,0,9,9,E,5453,0.4857142857142857,True,5.406910831923597
0,43.300000000000296,433,0,,0.48033908951820614,0.9941227280069143,rrt_star,False,0,0,7146,17.866012047191003,466,0,959,17.35496616272916,0.0,1066,0,13,13,E,5454,0.44285714285714284,True,7.417848163022427
0,36.90000000000011,369,0,,0.42094426340206503,0.7623135350004304,rrt_star,False,0,0,5173,10.8734610292287,233,0,748,10.731712714684,0.0,833,0,9,9,E,5455,0.39285714285714285,True,3.844189095980255
0,50.40000000000026,504,0,,0.49285331619670203,1.018363159004366,rrt_star,False,0,0,4441,9.19872540943198,252,0,650,9.19872540943198,0.0,854,0,13,13,E,5456,0.5714285714285714,True,8.961294418026228
0,42.100000000000136,421,0,,0.4252368264576044,0.9968187969934661,rrt_star,False,0,0,6163,12.847331180386348,427,0,862,12.742186900519457,0.0,1027,0,10,10,E,5457,0.4357142857142857,True,4.613306613988243
0,37.70000000000005,377,0,,0.4797430303763726,0.785799046017928,rrt_star,False,0,0,4234,9.606293707452597,251,0,618,9.587399677727285,0.0,853,0,12,12,E,5458,0.42142857142857143,True,4.996544884081231
0,43.400000000000254,434,0,,0.47029793012584875,0.800453560979804,rrt_star,False,0,0,7001,14.498467546863548,412,0,914,14.498467546863548,0.0,1012,0,11,11,E,5459,0.39285714285714285,True,4.799043109931517
0,43.60000000000028,436,0,,0.4332292952273803,0.9828615119913593,rrt_star,False,0,0,5513,12.70500941166407,362,0,792,12.26620506892926,0.0,962,0,11,11,E,5460,0.4857142857142857,True,5.5154503639787436
0,40.00000000000015,400,0,,0.42650670242406247,0.7867608899832703,rrt_star,False,0,0,4502,10.086158403080564,248,0,675,9.739040382094355,0.0,848,0,10,10,E,5461,0.4642857142857143,True,3.8965494529984426
0,41.90000000000013,419,0,,0.4743529641942337,0.769473188003758,rrt_star,False,0,0,4473,11.35336145492023,244,0,676,11.082120132839833,0.0,844,0,15,15,E,5462,0.4785714285714286,True,6.273193006025394
0,47.10000000000023,471,0,,0.4859101170249685,0.8534452029853128,rrt_star,False,0,0,4740,12.039479391367923,247,0,686,12.03522496301469,0.0,848,0,14,14,E,5463,0.5,True,6.552807627012953
0,46.40000000000019,464,0,,0.4790066397070735,1.0783631159865763,rrt_star,False,0,0,6774,14.892402547002991,508,0,898,13.933575633958068,0.0,1108,0,14,14,E,5464,0.4714285714285714,True,5.86891751998337
0,40.000000000000185,400,0,,0.4353657232921361,0.9375441059819423,rrt_star,False,0,0,5910,14.75783078277134,407,0,838,14.75783078277134,0.0,1007,0,13,13,E,5465,0.4642857142857143,True,6.517797619017074
0,44.10000000000017,441,0,,0.472059892561282,1.0237031310098246,rrt_star,False,0,0,4653,9.786088299207684,300,0,702,9.58936860582557,0.0,900,0,13,13,E,5466,0.5285714285714286,True,7.575289344007615
0,52.200000000000266,522,0,,0.46144983492563896,1.0094843020197004,rrt_star,False,0,0,3960,9.09214068573632,144,0,598,9.09214068573632,0.0,744,0,23,23,E,5467,0.6285714285714286,True,10.254311381024309
0,42.40000000000011,424,0,,0.43114555073523236,0.740813773998525,rrt_star,False,0,0,4872,14.253596529932288,276,0,748,14.252123064053409,0.0,876,0,7,7,E,5468,0.4357142857142857,True,2.6354362429701723
0,39.400000000000226,394,0,,0.401480672357366,1.004557502019452,rrt_star,False,0,0,6002,10.951258122356261,420,0,842,10.935030033873959,0.0,1020,0,8,8,E,5469,0.40714285714285714,True,4.956833029020345
0,41.20000000000017,412,0,,0.4213428792025115,0.6408730910043232,rrt_star,False,0,0,4971,16.744503567222555,264,0,738,16.66010769349239,0.0,864,0,8,8,E,5470,0.42857142857142855,True,3.2026864120271057
0,41.200000000000095,412,0,,0.49652916216069026,0.7431559099932201,rrt_star,False,0,0,4218,9.104414102962775,176,0,665,9.104414102962775,0.0,776,0,15,15,E,5471,0.4357142857142857,True,6.671220866061049
0,37.70000000000003,377,0,,0.47134724348970275,0.7110884730063844,rrt_star,False,0,0,5155,10.21350675658021,270,0,739,10.176425234645077,0.0,871,0,8,8,E,5472,0.39285714285714285,True,3.739458746975288
0,39.40000000000018,394,0,,0.4227637784775416,0.6750359589932486,rrt_star,False,0,0,3828,9.16892235619259,127,0,614,9.12845486997551,0.0,727,0,15,15,E,5473,0.45,True,5.401204105961369
0,48.50000000000024,485,0,,0.47521843463640423,0.8367084279889241,rrt_star,False,0,0,4756,12.74448121228366,240,0,720,12.594669662507636,0.0,840,0,8,8,E,5474,0.4714285714285714,True,4.086189349036431
0,45.60000000000022,456,0,,0.44258787745521444,0.7338471919938456,rrt_star,False,0,0,4973,15.548724288928819,215,0,718,15.472509749714249,0.0,816,0,14,14,E,5475,0.4357142857142857,True,5.353071588964667
0,40.20000000000012,402,0,,0.4709192243333456,1.1844713289756328,rrt_star,False,0,0,3758,10.320848608403097,186,0,569,10.20960034559461,0.0,789,0,13,13,E,5476,0.5071428571428571,True,7.3290014709346
0,42.10000000000007,421,0,,0.48965494319684694,0.7850245620065834,rrt_star,False,0,0,5853,20.716484398261322,367,0,825,20.543887709488764,0.0,967,0,10,10,E,5477,0.4928571428571429,True,4.417512578977039
0,41.90000000000011,419,0,,0.4226215022675312,0.8701546520169359,rrt_star,False,0,0,5816,10.79720004033335,353,0,835,10.150972478970541,0.0,953,0,13,13,E,5478,0.4,True,5.39697542405338
0,43.80000000000023,438,0,,0.44543586034758675,0.9052791290159803,rrt_star,False,0,0,6646,14.122638471601416,414,0,888,13.435378242353426,0.0,1014,0,8,8,E,5479,0.40714285714285714,True,2.5848630639957264
0,42.300000000000104,423,0,,0.4076822510039234,0.7951488469843753,rrt_star,False,0,0,5275,13.83969944857684,372,0,741,13.75983465362846,0.0,972,0,9,9,E,5480,0.4357142857142857,True,3.407231187040452
0,48.90000000000021,489,0,,0.402161239900398,1.1785473030176945,rrt_star,False,0,0,5679,12.817418153775169,296,0,792,12.817418153775169,0.0,897,0,12,12,E,5481,0.5142857142857142,True,7.08646638202481
0,49.20000000000024,492,0,,0.4258406961713806,1.4276792259770446,rrt_star,False,0,0,9129,20.216508850053366,1001,0,1048,19.40860333934969,0.0,1601,0,12,12,E,5482,0.45714285714285713,True,4.872954026970547
0,40.00000000000018,400,0,,0.46523473598646475,0.6211262249853462,rrt_star,False,0,0,5269,19.254730076131096,249,0,762,19.22757112155636,0.0,850,0,9,9,E,5483,0.37142857142857144,True,3.0029779629257973
0,49.50000000000022,495,0,,0.42364923389756415,0.8278639650088735,rrt_star,False,0,0,3524,9.334420577963028,192,0,541,9.33097031040456,0.0,792,0,16,16,E,5484,0.5714285714285714,True,7.453615747974254
0,53.50000000000029,535,0,,0.47366225179790644,1.640723155986052,rrt_star,False,0,0,10305,20.51675197255547,933,0,1202,20.516751972555465,0.0,1533,0,10,10,E,5485,0.4785714285714286,True,5.64599248894956
0,46.20000000000025,462,0,,0.4432751605216475,0.7958867019915488,rrt_star,False,0,0,5721,20.70974795931767,296,0,804,20.449893563873548,0.0,896,0,7,7,E,5486,0.5071428571428571,True,3.0108066980028525
0,58.000000000000384,580,0,,0.40680907232423813,1.0439497259794734,rrt_star,False,0,0,4115,13.60975458471885,223,0,619,13.33937062514768,0.0,823,0,14,14,E,5487,0.5214285714285715,True,7.4855136249097995
0,40.60000000000018,406,0,,0.4449602207464963,0.704523494001478,rrt_star,False,0,0,5015,11.962071049071097,262,0,733,11.953360811600072,0.0,862,0,12,12,E,5488,0.40714285714285714,True,6.052977072016802
0,47.200000000000266,472,0,,0.49527198075965706,0.9254811739956494,rrt_star,False,0,0,4054,10.73034533096715,191,0,620,10.700417984187803,0.0,791,0,16,16,E,5489,0.5357142857142857,True,8.688625624898123
0,41.80000000000016,418,0,,0.4850451089204866,0.9675623980001546,rrt_star,False,0,0,4586,9.189810372873243,372,0,658,9.189810372873243,0.0,972,0,7,7,E,5490,0.5357142857142857,True,4.601700423023431
0,41.10000000000008,411,0,,0.49506129173092916,0.7005107279983349,rrt_star,False,0,0,4678,13.12776771883035,210,0,704,13.114345342171763,0.0,810,0,9,9,E,5491,0.4142857142857143,True,3.6633683709369507
0,39.800000000000175,398,0,,0.49899907352217787,0.6584377319959458,rrt_star,False,0,0,5356,16.092048220324514,288,0,777,16.0268511165504,0.0,890,0,11,11,E,5492,0.36428571428571427,True,3.5651149399054702
0,44.80000000000015,448,0,,0.4295667070274563,0.8662708930205554,rrt_star,False,0,0,4986,10.878030742567786,259,0,733,10.841438762130004,0.0,859,0,13,13,E,5493,0.4714285714285714,True,6.381462096964242
0,42.50000000000009,425,0,,0.4342017537825319,1.1805836590065155,rrt_star,False,0,0,7222,15.925291926044752,521,0,963,15.262769445720938,0.0,1121,0,11,11,E,5494,0.4785714285714286,True,6.020105217030505
0,37.700000000000145,377,0,,0.47848963281198875,0.7697226760210469,rrt_star,False,0,0,4553,9.185133504755942,241,0,684,9.185133504755942,0.0,841,0,4,4,E,5495,0.4714285714285714,True,1.8885699120000936
0,40.30000000000012,403,0,,0.46065983737368116,0.920895594987087,rrt_star,False,0,0,5587,10.451786443726412,303,0,793,10.30486570976292,0.0,903,0,11,11,E,5496,0.45714285714285713,True,5.971751926961588
0,39.00000000000014,390,0,,0.49108623380208427,0.762533858011011,rrt_star,False,0,0,4223,10.215996918870475,147,0,660,10.213173495277903,0.0,749,0,10,10,E,5497,0.42142857142857143,True,4.253889086015988
0,41.90000000000014,419,0,,0.4085559581267233,0.6042457279982045,rrt_star,False,0,0,4830,8.874445191559573,227,0,752,8.627196354269525,0.0,827,0,9,9,E,5498,0.3142857142857143,True,3.097547597019002
0,43.10000000000021,431,0,,0.4124168712089692,0.7884187040035613,rrt_star,False,0,0,5315,15.342995425500249,279,0,760,15.323492390013172,0.0,879,0,16,16,E,5499,0.40714285714285714,True,7.290870126045775
